comment_id,author,text,like_count,reply_count,published_at,updated_at
Ugy0FXgpj-hzM8s3fCJ4AaABAg,@BagOnly,This is WILDDDDDDDDD.... who is winnnning??????,943,303,2024-05-06T02:05:16Z,2024-05-06T02:05:16Z
UgyeAhEpkD1fRn68Ued4AaABAg,@I.hate.bugzzzs,“Felt good to pick up the pen “ yeah fuckin finally bro Jesus 😭😭 poor ghost writers hand must be cramping,3063,42,2024-05-06T02:49:14Z,2024-05-06T02:49:14Z
Ugy0SLYobOyhNFvGGXx4AaABAg,@MoizMN,“Liars Liars pants on fire” ahh diss,2049,15,2024-05-06T04:27:42Z,2024-05-06T04:27:42Z
UgwkJlUh9akDpZbsCyZ4AaABAg,@bluepika1618,3:07 all this time we were waiting for Kendrick to mention Millie just for Drake to brung it up when no one was saying it yet,803,13,2024-05-07T23:21:14Z,2024-05-07T23:21:40Z
UgzCi9z2gxfSVoEI1D54AaABAg,@steranruvalex473,"""If was a pedo i wouldve been arrested"" BRO WHATTT????? cmon Aubrey thats not how it works😮‍💨🤫🤫🤫",2870,105,2024-05-06T02:56:32Z,2024-05-06T02:56:32Z
UgwCEGx_9XcR3ykwO4Z4AaABAg,@cagowolfe4821,"""I don't even want to diss you anymore"" yeah i bet LMFAOOOO",1229,24,2024-05-06T05:20:32Z,2024-05-06T05:20:32Z
UgxlqA3Fn1Udkb7BTvF4AaABAg,@sidneymenifee9719,I’m back after all the lawsuits cause he claim he didn’t care but I guess he really did.,54,0,2024-11-29T20:18:28Z,2024-11-29T20:20:49Z
Ugy9waDfPy2SRYI6j6B4AaABAg,@evanhamilton467,Bro had to type this shit up so fast with all the spelling mistakes 😂,1285,10,2024-05-06T02:16:03Z,2024-05-06T02:16:03Z
Ugy-rbDwlLwu5iVdrxF4AaABAg,@Cookie_BK,This ain’t a diss song… This a Let Me Explain Myself Song!😂,1947,31,2024-05-06T06:22:40Z,2024-05-06T06:22:40Z
UgwuovIjOcyeYpEBpAx4AaABAg,@mchanel.,It’s giving “your momma is so fat…”,1045,19,2024-05-08T14:31:26Z,2024-05-08T14:31:26Z
Ugyb9FdURiMc177AjnB4AaABAg,@C.A.D.,Drake responds with a resounding 'nuh uh',928,10,2024-05-06T04:18:43Z,2024-05-06T04:18:43Z
Ugz-Pa0-TVzeSMK0XlB4AaABAg,@williamescobar3558,"This is getting deep bro , they gon end up talking about what the Area 51 is hiding",758,8,2024-05-06T02:56:04Z,2024-05-06T02:56:04Z
Ugy5lu03zWCYFgZtO1V4AaABAg,@hectorsoriano7353,“ This Epstein angle was the shit I expected “ sheeeh !! Aging like fine wine !!!,19,0,2026-01-31T20:41:54Z,2026-01-31T20:41:54Z
UgzdgoiUNJAoAh_tGlB4AaABAg,@boogeyman577,Kendrick gonna drop before im done listening,1951,23,2024-05-06T02:02:47Z,2024-05-06T02:02:47Z
Ugx0O8NAdKp17Buwz0l4AaABAg,@stinkeebalz2737,"""We gotta write a song about how we definitely don't diddle kids""",812,12,2024-05-06T02:54:11Z,2024-05-06T02:54:11Z
UgwagyFmM_pJ2xA7kqp4AaABAg,@OfficialDjAVE,No one else talks about how Drake claims Kendrick got his dirt and conspiracies of drake from TikToks but that bar only tells me that Drake spends time watching hate TikTok’s of himself. But of course he does. So in line with his character.,42,0,2024-06-25T12:32:10Z,2024-06-25T12:32:10Z
Ugzfk-WPt5B0rO1BGC94AaABAg,@Braxton96,This entire response has the same energy of when you corner a chronic manipulator in a conversation and they start scrambling. Everyone else is lying not me.,551,3,2024-05-06T16:34:56Z,2024-05-06T16:34:56Z
UgxAW4i9vQEbC4Wi6tJ4AaABAg,@kennyslg8914,At least Family Matters was a decent track. This sounds like hes exhausted from getting his ass whooped lmao,2169,55,2024-05-06T02:51:11Z,2024-05-06T02:51:11Z
UgxxB-HbtT4UwJNxZBd4AaABAg,@nekomiajibi4534,This ain’t rap. This is reading with music,58,1,2024-06-22T16:27:22Z,2024-06-22T16:27:22Z
Ugxbxw5gLGMb19d3P2p4AaABAg,@gettintotheshmoney,bro typed the fastest he ever has in his life to make this,3770,61,2024-05-06T02:07:49Z,2024-05-06T02:07:49Z
Ugz7_C8StzC64Kh7tnp4AaABAg,@ComfyModeState59,he ain’t even turn the stove on tbh,105,0,2024-05-06T04:24:50Z,2024-05-06T04:24:50Z
UgwLH40IPLEGHsMl9i14AaABAg,@MoonMoon-fx1op,His demeanor and tone sounds HELLA different than Family Matters. He got punched in the mouth and wasn't prepared for it.,353,22,2024-05-11T00:14:29Z,2024-05-11T00:14:29Z
UgwSJ1JlvvcTP94AEtp4AaABAg,@adotcdoy,"He went from, ""Drop, drop, drop, I was trying to keep it pg...""
to
""Stop, stop, stop, KD is being a meanie...""
🤣🤣😂😂😂🤣😂",429,5,2024-05-06T20:52:07Z,2024-05-06T20:52:07Z
Ugx9rigJx3TYcU8DqIl4AaABAg,@mateoburgos9818,WE GETTING OUT OF EPSTEIN ISLAND WITH THIS ONE 🔥🔥🔥🔥,94,0,2024-05-07T14:12:01Z,2024-05-07T14:12:01Z
UgwMj1KCquQq7m589kl4AaABAg,@vamer423,This is when you blunder your queen in chess and look at the opponent dead in the eyes like you planned a brilliant sacrifice,37,0,2024-11-29T16:09:32Z,2024-11-29T16:09:32Z
Ugww7z8pWOQ4d9F_jS14AaABAg,@thefiledoesnotexist,Bro just gaslighting Kendrick with this one 😂 Drakes done for lmao,479,3,2024-05-06T02:11:45Z,2024-05-06T02:11:45Z
UgwJf4kcmkrI23XAq2B4AaABAg,@saadalharqan7408,This diss is like “if I’m a liar my pants should be on fire” type shitt,535,11,2024-05-06T04:44:25Z,2024-05-06T04:44:25Z
UgwEjrD3xMnSwHD6B7p4AaABAg,@edwingonzalez8761,"How u go from “drop,drop,droooooop!” To “I don’t want to this no more” 😂",57,0,2024-07-07T00:06:10Z,2024-07-07T00:06:10Z
Ugz69tEzh8Le3sncVz54AaABAg,@ronedward3660,I hope Kendrick don't respond right away. I need some sleep.,1085,23,2024-05-06T02:28:13Z,2024-05-06T02:28:13Z
UgxNS7NwSD4kGHqCGHJ4AaABAg,@homerhat420,"""Im not a PDF I've never been caught"" - Drake",608,11,2024-05-07T15:33:49Z,2024-05-07T15:33:49Z
UgwwJ_B7zaajj6iCAEV4AaABAg,@dcv-makes-stuff,"“This Epstein angle is the shit I expected”
Bro what 💀💀💀 you’re basically saying you expected people to call you a predator",15,0,2024-09-12T14:29:58Z,2024-09-12T14:29:58Z
UgxB3H4V8kyL3eLkMcV4AaABAg,@fabianavila733,"""I dont even wan't to roast you anymore"" you aint slick bro 😂😂",784,12,2024-05-06T03:47:39Z,2024-05-06T03:47:39Z
UgywCagZnMkz5RF-unB4AaABAg,@anjelslife4844,Diddy was pretty famous to and look how long it took for all his shit to come to light,107,1,2024-05-06T02:36:19Z,2024-05-06T02:36:19Z
UgxJYh8FfARU44Bhvkh4AaABAg,@tfulookinat8026,"""The ones you getting your stories from, they all clowns""

*12 seconds later*

""WE plotted for a week and then WE fed you the information""",73,1,2024-09-05T21:12:03Z,2024-09-05T21:12:03Z
Ugx81cgSVscgIRhfcw94AaABAg,@ryanodonnell8979,most clutch youtube account of 2024,340,3,2024-05-06T02:04:06Z,2024-05-06T02:04:06Z
UgyS2EfkVc16AKQjpiN4AaABAg,@Wheredthecatgo,1 minute of scrambling to defend himself 😂,724,19,2024-05-06T02:04:59Z,2024-05-06T02:04:59Z
Ugyc0LyP89GKNfSSYZR4AaABAg,@imanihights8611,Anyone back after the REAL heart pt 6 came out??,304,25,2024-11-22T21:50:18Z,2024-11-22T21:50:18Z
UgxKcy3cOU69N6LmdMB4AaABAg,@kourosphilosophy,This is Drake on defense mode - Kendrick's gonna go for the kill anytime soon,823,18,2024-05-06T02:01:45Z,2024-05-06T02:01:45Z
UgzumyjYjB5mEy99WHV4AaABAg,@vanhelsing2344,Nah he needed to come harder. Kendrick blowing up the spot. This is like a soft knock at someone's door you scared of but trying to save face.,65,0,2024-05-06T06:09:26Z,2024-05-06T06:09:26Z
Ugy12IZ1dQxy2VWgKIl4AaABAg,@misslove4985,Anyone back after the Super Bowl😏,21,1,2025-02-10T20:30:54Z,2025-02-10T20:30:54Z
UgwjwSPoD4jgZ2Bo2ot4AaABAg,@seangallagher1947,"This ain’t even a diss track, it’s a backtrack… Lol",466,5,2024-05-07T05:03:30Z,2024-05-07T05:03:30Z
UgyVb_jbEwXTd5dpBoV4AaABAg,@torregriffin8667,This not a diss... sounds like he in a defensive retreat mode,317,2,2024-05-06T03:24:56Z,2024-05-06T03:24:56Z
UgyrMcT30OhsQRHwNox4AaABAg,@marlou-u2f,"""ive ran out of ways to defend myself so im gonna use the fact im famous"" is the general message in this",28,0,2024-07-05T06:39:31Z,2024-07-05T06:39:31Z
UgxJusENiUMD6VsLdM94AaABAg,@bullehh,He should’ve taken more time with this one.. lol,52,0,2024-05-06T02:46:45Z,2024-05-06T02:46:45Z
Ugyp_dR6qlz9TcmQIot4AaABAg,@snasydazzy758,I don’t quite know how to put it into words but the “I’m too famous to be a pedo” angle combined with the “you think I’m a pedo because you were assaulted as a child” is… really revolting… and also gives you a glimpse into Drake’s warped idea of sexual assault… Kind of a red flag actually. Extremely strange behaviour.,1151,52,2024-05-06T04:55:29Z,2024-05-06T04:55:29Z
UgynSLdwYeFPA5IpmAd4AaABAg,@Mooshimooshiru,Bro tried to cook but the gas stove isnt even on 😭🙏🏻,228,4,2024-05-19T23:02:34Z,2024-05-19T23:02:34Z
UgxI6DUj9z6OFk34sV54AaABAg,@oggregster,you know when you dead but the corpse still twitching that's drake right now,261,2,2024-05-06T02:17:27Z,2024-05-06T02:17:27Z
UgwsGhswVDU5VPXw5AR4AaABAg,@christopherM1107,Your flex is calling someone a sexual assault victim? Bro go on vacation.,2273,80,2024-05-06T02:36:46Z,2024-05-06T02:36:46Z
Ugy3uvsPaBar30zvSnV4AaABAg,@ImABeASttChannel,Drake sounds so hurt and defensive 😂,74,0,2024-05-06T02:42:51Z,2024-05-06T02:42:51Z
Ugw3VaKICb2LYjLa8IR4AaABAg,@988-itwillbeokay5,Drake just acting like you can’t look up Drake kissing 17 year old girls in 2010,137,2,2024-05-06T03:19:40Z,2024-05-06T03:19:40Z
UgzIOlONrY0YdkNrSpd4AaABAg,@rapozz2915,Bro tried to cook and made it raw 😭🙏🏻,343,11,2024-05-10T21:10:04Z,2024-05-10T21:10:04Z
UgyQ3EchNqi3u6N8Ykl4AaABAg,@woolery75,Kendrick got Drake explaining 😳 like a man on trial  😳 wicked mi bloodclaat,147,2,2024-05-06T02:59:22Z,2024-05-06T02:59:22Z
UgzMAMIQTrVyWxnLKcR4AaABAg,@bruhmomentgo8306,Nah I’m I tripping or did bro just diss Kendrick for being a victim? nah Drake u wilding for this one Kendrick gonna be on yo ass 😭,450,17,2024-05-06T03:35:48Z,2024-05-06T03:35:48Z
UgyYaVsgNu70xbLMfDR4AaABAg,@dominiquewoods4324,Yeaaaaaa this song hits way different after kendrick released that album.....this battle not going the way yall think,6,0,2024-11-24T10:31:34Z,2024-11-24T10:31:34Z
UgyNDseUroVDwDyUlnJ4AaABAg,@andrengema1823,‘I don’t wanna diss you anymore’ 😭🤣 brother WE KNOW,38,0,2024-05-06T09:54:38Z,2024-05-06T09:54:38Z
Ugx8ozCy-XGfHCVhaSZ4AaABAg,@TeeTee0202,I’m starting to believe that someone in Drake’s camp is setting him up. This song literally proves everything Kendrick is saying about him.,158,0,2024-05-06T05:26:47Z,2024-05-06T05:26:47Z
UgzWLeIhe8J6-sSkytd4AaABAg,@mikeynkoey,Thanks for the upload… don’t wanna give Aubs the clicks😂,6,0,2024-05-19T20:34:35Z,2024-05-19T20:34:35Z
UgxDv4SI6Q8CvQBCBQJ4AaABAg,@rahulr1305,"So, Drake says and I quote ""The ones you getting your stories from they all clowns"" and also that ""We plotted for a week and then we fed you the information"". Bro! then that means you're the ones he's getting his stories from...so, wait...are you calling yourselves clowns? Like...what? Who proofread this!?",659,37,2024-05-06T02:37:33Z,2024-05-06T02:37:33Z
UgwcMttN1nXlxXXG74B4AaABAg,@zacharylopez8555,bro said the people in my camp that told you that are all clowns and then turns around and says we fed you the info?? wtf lol,293,9,2024-05-06T02:38:47Z,2024-05-06T02:38:47Z
UgxWSESz7q6mOK6gZ_94AaABAg,@xyznjanja,“that will show them 😁😁!” ahh drake,4,0,2024-06-29T12:30:41Z,2024-06-29T12:30:41Z
UgzM1TKYDc-96xmssvl4AaABAg,@thiagogross8908,But if he wasnt grooming young girls then why does he text em til they turn 18 😂 strange work not to mention diddiler dropped his name,139,1,2024-05-06T02:14:02Z,2024-05-06T02:14:02Z
UgyfOe24eiVsyb7QnYt4AaABAg,@enchantedharlot,At least nobody gonna accuse Drake of using a ghostwriter for this one... its clear he wrote it himself 😂😂😂😂😂,149,1,2024-05-06T04:56:31Z,2024-05-06T04:56:31Z
UgyiIsGPpOkT6ZfV92B4AaABAg,@Stormd282,2:25 bro what is this shit😭,33,1,2024-05-18T09:27:32Z,2024-05-18T09:27:32Z
Ugz6kzmjEpHfeSH3hoV4AaABAg,@dannygarcia6244,What the fuck did i just listen to 😂😂,24,0,2024-05-06T03:35:44Z,2024-05-06T03:35:44Z
UgxHuaspCAfW9BuICyh4AaABAg,@dontseemyprofilepic3157,"“You’re getting your stories from clowns”
“We fed you the information”",3,0,2025-03-28T14:23:21Z,2025-03-28T14:23:28Z
UgyOvtd1UPCjVgU-A8Z4AaABAg,@memphisgrizzfan199,Ain't going to lie drake saying he doesn't want to do this with Kendrick anymore and sounding so depressed somebody need to check on that man for real,247,6,2024-05-07T15:10:42Z,2024-05-07T15:10:42Z
Ugyiph7Y1MPDgaTnuY14AaABAg,@djmrnelson,This is pathetic.  He even sounds defeated in his voice.,84,2,2024-05-06T02:59:17Z,2024-05-06T02:59:17Z
Ugy8gzHv3LFNlLfcrfB4AaABAg,@fatimahfarooq5384,This shit was fuckin horrendous 😂😂😂😂,9,0,2024-12-06T22:44:01Z,2024-12-06T22:44:01Z
UgxDuZQoIwhDxmvcudl4AaABAg,@chashubokchoy8999,i was really hoping he’d drop some heat so this doesn’t end too early but i think it’s fucking over😭,19,0,2024-05-06T04:25:08Z,2024-05-06T04:25:08Z
UgxODeF4tfbNscEk7XJ4AaABAg,@BroganRichardsdance,Let’s be real Kendrick planned all these songs before this war even started 💀,539,7,2024-05-06T02:29:17Z,2024-05-06T02:29:17Z
UgxakR2q75ylXF_emmh4AaABAg,@ICXY_EDITZ,This some of yalls goat? Damn,2,0,2024-12-27T05:24:03Z,2024-12-27T05:24:03Z
Ugz3W-xwhlEcgYY3mw94AaABAg,@o_cone2813,"drake listened to all of it, then wrote a ""thats false information"" verse and thought he cooked",17,0,2024-05-06T03:53:27Z,2024-05-06T03:53:27Z
UgxTR9AWP4aYN_DiR4p4AaABAg,@kimz8834,This response sounds like an instagram comment. He's so full of it.,55,1,2024-05-06T03:55:26Z,2024-05-06T03:55:26Z
UgzK7RGaK6udAQ2fBlV4AaABAg,@spicymustardhotdogs,"Lyrically, this song is light years ahead of Not Like Us.",5,1,2026-05-13T13:18:51Z,2026-05-13T13:18:51Z
UgyJNszQSI0Sk8di8ix4AaABAg,@M1S-XM,Drake was so calculated that he messed with that 17-year-old girl on stage years ago just to bait Kendrick now 😂😂😂 that’s dedication,473,11,2024-05-06T10:42:13Z,2024-05-06T10:42:13Z
Ugwr_ETZusqGnr-AYkR4AaABAg,@Quaddyzen,I watched every Kendrick diss here so naturally I had to wait for bro to post it,64,1,2024-05-06T02:02:14Z,2024-05-06T02:02:14Z
UgyCRjSHnA2zWyLwE5x4AaABAg,@goldenface8108,"""I know you are, what am I?"" type beat right here.",1,0,2024-05-11T18:01:41Z,2024-05-11T18:03:00Z
Ugz9mK3q-iOzOMEcsEx4AaABAg,@veinyy.ahhdih,bro said nuh uh for 5 mins,19,0,2024-05-06T03:21:07Z,2024-05-06T03:21:07Z
Ugw7qaW-RjW6CbRW7Gl4AaABAg,@PatMad1337,Drake ran out of bars he busy defending himself now 😂😂😂,167,8,2024-05-06T02:43:42Z,2024-05-06T02:43:42Z
Ugxn1Fw0e4sihy1zCAd4AaABAg,@salvationspears5540,He really tryna save face😭💀 he’s done he told Kenny to do his worst😭,22,0,2024-05-06T02:42:59Z,2024-05-06T02:42:59Z
UgxxFxRZWMjfQ0mq7Ex4AaABAg,@Catplayz.,The ghost writers went on break,130,5,2024-05-06T10:14:28Z,2024-05-06T10:14:28Z
Ugy6vRfkSWl-Khm7Ked4AaABAg,@BXNDX13,"""the ones you getting the stories from they all clowns"" 
""we fed you the information"" 

nice one aubrey",1,0,2024-05-07T23:24:07Z,2024-05-07T23:24:07Z
UgyLNWGDqgCSoCma_kp4AaABAg,@NorCal_Renegade,Boy was playing with his nose in the song 😂😂,31,1,2024-05-06T02:23:31Z,2024-05-06T02:23:31Z
Ugzb9pdP_jv1iNaUX3x4AaABAg,@leonblack7637,Pusha T sitting in a swivel chair somewhere laughing like the joker,57,8,2024-05-06T02:56:42Z,2024-05-06T02:56:42Z
Ugz0tSG2npQEIRxv63l4AaABAg,@taysavage0095,I really dont wonna diss you no more this really got me second guessing.. 🤣😭,1,0,2024-07-11T16:39:48Z,2024-07-11T16:39:48Z
UgyZ6NkyLwnimgzP5RB4AaABAg,@ericrobinson_88,"I don’t give a damn who wins the battle, just make sure that BagOnly gets the MVP trophy.",64,1,2024-05-06T02:38:13Z,2024-05-06T02:38:13Z
Ugzrh_MOqaAyu4Yo1FZ4AaABAg,@boogeyman577,at this point its a whole collab album between Drake and Kendrick 😂,227,5,2024-05-06T02:14:30Z,2024-05-06T02:14:30Z
Ugx9PPUukzJzmv8Gbep4AaABAg,@TechGear_Gaming,This was pure fire 🔥🔥🔥🔥,0,0,2024-05-08T01:40:14Z,2024-05-08T01:40:14Z
UgwMXmFCRX_-NcxQRM14AaABAg,@churnobill,"This shit might as well be a lullaby, made me almost fall asleep",46,2,2024-05-07T08:24:11Z,2024-05-07T08:24:11Z
UgwtBpBsz8fqXJ2DF1F4AaABAg,@fabianavila733,Drake dont realize people ain't just gonna eat up whatever he makes anymore,25,1,2024-05-06T03:46:34Z,2024-05-06T03:46:34Z
UgzD3dg2Lhw0uTtcjpJ4AaABAg,@popthatbeep,"This is so lid 🔥🔥🔥🔥

The coffin lid ⚰️ and he nailed it shut himself 

💀 💀💀",1,0,2024-07-11T10:36:57Z,2024-07-11T10:36:57Z
UgxnfeAfG8bm9vZQ85F4AaABAg,@Joe-vx2jq,The typos just show how fast bro typed this,19,0,2024-05-06T02:31:33Z,2024-05-06T02:31:33Z
UgxjcUOfD8FjgZifmx14AaABAg,@ivanaztlan00,His ghost writers running out of material 😆,11,0,2024-05-06T03:49:01Z,2024-05-06T03:49:01Z
Ugyqc8KwRTsZ5ezs0854AaABAg,@camiladelrio4548,Falling asleep as I hear this,1,0,2024-06-29T12:47:04Z,2024-06-29T12:47:04Z
UgyS-halJk-70VwhW4R4AaABAg,@afroslacker7383,Drake don’t believe in Drake,30,0,2024-05-06T02:35:34Z,2024-05-06T02:35:34Z
UgyKb_btHoPjOWp4LFZ4AaABAg,@cyerajohn5359,Yall work quick asl,21,0,2024-05-06T02:01:27Z,2024-05-06T02:01:27Z
UgxEGAswgUJArE9bwvV4AaABAg,@Apocalypse3434,This sounds like the reading of an obituary.,2,0,2025-02-08T21:17:37Z,2025-02-08T21:17:37Z
Ugw4By-sHibFmnI6PKB4AaABAg,@juliepelaez3659,Bag only coming in clutch so I can dissect these lyrics,9,0,2024-05-06T02:06:20Z,2024-05-06T02:06:20Z
UgxzZFM_hTRo3Eh-yFh4AaABAg,@risingstarjblamar,This beef sizzling♨️. Grease Poppin everywhere.,18,1,2024-05-06T02:17:02Z,2024-05-06T02:17:02Z
UgzdimV90ze799uXO8x4AaABAg,@Dness357,This is the song version of r Kelly crashing out in that interview.,1,0,2024-06-20T20:53:11Z,2024-06-20T20:53:11Z
UgwsqIq8Rv8ZkKqer5R4AaABAg,@mealkywayz,"""if im lying why arent my pants on fire??"" ahh response 😭😭",20,0,2024-05-06T10:12:39Z,2024-05-06T10:12:39Z
Ugw03xq6n79fTU1jN_54AaABAg,@idalrevival,Damn you be on to it quick I love it,41,0,2024-05-06T02:00:47Z,2024-05-06T02:00:47Z
UgxDiv4AqEl0zRdHWz94AaABAg,@crackbobtuff,"he keeps on saying uh, nuh uh!",2,0,2024-12-19T20:01:31Z,2024-12-19T20:01:31Z
UgxRBIVR8SeSJF-jf7l4AaABAg,@mimiiiaaaa,This shit was wack asf kendrick all killed this nga🤣,464,23,2024-05-06T02:02:36Z,2024-05-06T02:02:36Z
UgznEZsq2j2zfuhvnct4AaABAg,@lolololo7863,Kendrick didn’t bring up Millie…weird you did,425,27,2024-05-06T02:46:06Z,2024-05-06T02:46:06Z
UgwLcHEIzugkcNro_VV4AaABAg,@KasonMasn,“You would be a worthy competitor if I was really a predator..” that shi was funny as shit. That brudda sound defeated,1,0,2025-02-22T01:28:58Z,2025-02-22T01:28:58Z
UgzVkovBeSuFHv0iBqN4AaABAg,@liljimKLM,Bro is scrambling on defense mode,5,0,2024-05-06T02:33:01Z,2024-05-06T02:33:01Z
Ugwpyk29-00fwHb89h54AaABAg,@Ignitelitup,Drake yapping on 4:57 he doesn't know what to say lmao☠️,4,0,2024-05-07T10:17:58Z,2024-05-07T10:17:58Z
UgyvLGlNJWPofeaQuiZ4AaABAg,@royaljai5009,This is one of those driving through the street lights beats late at night... Dope..,0,0,2024-05-07T20:15:42Z,2024-05-07T20:15:42Z
UgzFu1nEg-F_0mrzKTh4AaABAg,@ClassicEntInc,"""So, Drake says and I quote ""The ones you getting your stories from they all clowns"" and also that ""We plotted for a week and then we fed you the information"". Bro! then that means you're the ones he's getting his stories from so, wait are you calling yourselves clowns? Like what? Who proofread this!?"" NOTHING MORE NEEDS TO BE SAID!",8,1,2024-05-06T09:27:36Z,2024-05-06T09:27:36Z
UgykFWHuqKtCKAflVj54AaABAg,@mitoali5151,"Is it me, drake sounds crying in this one?",54,0,2024-05-06T02:46:25Z,2024-05-06T02:46:25Z
UgzoC-oOvReX5b_8B-54AaABAg,@kofecochran5160,This song aged well.... 👌🏿,3,0,2025-01-23T00:32:48Z,2025-01-23T00:32:48Z
UgxKHkINR7dixtR12r14AaABAg,@POVHubto,Boring - This is not a Diss Track. It's a Defence Track.,822,34,2024-05-06T02:40:48Z,2024-05-06T02:40:48Z
Ugx_VuKlqhO7gKqC_MV4AaABAg,@steranruvalex473,"This isn't terrible, i just think it's almost impossible to recover from Kendrick's ""ether"". No bs. This back and forth is insaaane lmfao😁😁😁😁",5,0,2024-05-06T02:55:12Z,2024-05-06T02:55:12Z
UgxdphKlcckD1fx4TQt4AaABAg,@yrrbrazy112,This fire asf wtf yall talkin about,5,1,2026-05-04T07:38:12Z,2026-05-04T07:38:12Z
Ugwd4EI7tYLED0mhjON4AaABAg,@fedeacordeon2565,Mf reay said its good to get the pen out 😂😂😂😂😂,78,1,2024-05-06T02:06:48Z,2024-05-06T02:06:48Z
Ugyp6PluUk6q1FVGToB4AaABAg,@bdubs9527,"Well, if yall didn't think Drake was overrated beforehand, this song just proves it",88,2,2024-05-06T05:19:55Z,2024-05-06T05:19:55Z
UgzG8CBntt7ov83t82l4AaABAg,@joshuapetie21,🔥🔥🔥🔥,1,0,2024-06-07T21:03:38Z,2024-06-07T21:03:38Z
UgzsWH3osz5AiLNpqeV4AaABAg,@Ev1linda_,2:19 never been w em but still texted privately with a fourteen year old and commented on a 17 year olds body when the mf was 23.,11,1,2024-05-06T04:41:58Z,2024-05-06T04:41:58Z
UgwPX-Be-cjZU9dsy1J4AaABAg,@e11a__,why is drake talking abt picking up a pen… like isnt that ur ghost writers job???,12,1,2024-05-06T04:26:18Z,2024-05-06T04:26:18Z
UgzFt9kZlzjw8X5l0YR4AaABAg,@adavtalib3230,I love the beat...,1,0,2024-05-27T20:21:15Z,2024-05-27T20:21:15Z
UgyXJsynqCh-LUggZmF4AaABAg,@regmiester90,Can't wait for crypts reaction to this,4,0,2024-05-06T02:20:29Z,2024-05-06T02:20:29Z
UgyM07gdk2bvbiNs0DF4AaABAg,@M4R1EEE,they got u working overtime huh,23,0,2024-05-06T02:10:53Z,2024-05-06T02:10:53Z
Ugy8LxS2Q-3lP93gkZ14AaABAg,@fatrat137,DAMN he killed it still!!!,1,0,2024-05-25T02:34:48Z,2024-05-25T02:34:48Z
UgwaZBKJWZ8KOwxg7K94AaABAg,@SuzieQ2221,Making fun of an alleged sexual assault victim is not going to hit hard…,105,10,2024-05-06T04:41:57Z,2024-05-17T12:54:10Z
Ugw_vL3KEXf4r8OYW0Z4AaABAg,@alexberrios6433,“I am happy I could motivate you to bring you back to the game” when did kendrick leave?,34,7,2024-05-07T04:35:16Z,2024-05-07T04:35:16Z
Ugz5zrkQqKLK9zmBjgJ4AaABAg,@Skwaktopus133,Its crazy Kendrick is making Drake RAP rap & Drake is making Kendrick drop consistently....what a fuckin battle lets see what happens after this,205,9,2024-05-06T02:04:19Z,2024-05-06T02:04:19Z
Ugx_NzaRhw8qstylmbx4AaABAg,@LTADrocks,as a Montréaler we rebuke his claim on us,6,1,2024-05-11T03:55:51Z,2024-05-11T03:55:51Z
UgzSH3otexJhXFH8SbZ4AaABAg,@laylaelaine14,drake just deny deny deny,6,0,2024-05-06T02:35:32Z,2024-05-06T02:35:32Z
UgyhXpKL_FTvu8YZODB4AaABAg,@ironrowl7735,Damnnnn Drake why you so sensitive. Mans on the back foot playing defense 😢,4,0,2024-05-06T02:36:43Z,2024-05-06T02:36:43Z
Ugz1KGdCMUAkkjp5ul94AaABAg,@PIP-cw7qe,This is hard,1,0,2025-04-30T13:48:26Z,2025-04-30T13:48:26Z
UgwRGIf2RnKJ1gjMbCF4AaABAg,@jacobarmstrong9227,"Why did I close my eyes and hear a 6 year old going "" NUH UH!"" 😂",12,0,2024-05-07T17:19:43Z,2024-05-07T17:19:43Z
Ugz9ZI0OrEWD6MsMHhx4AaABAg,@elijahfox6509,Is it normal on a diss track to ramble at the end with zero energy or emphasis? Hesitate done it on the past 2 now and I've never heard that before,8,0,2024-05-06T03:44:36Z,2024-05-06T03:44:36Z
Ugz545zuGjgWj9hyw9N4AaABAg,@UndeadKing567,Looks like he accepted his defeat,1,0,2024-07-28T05:52:39Z,2024-07-28T05:52:39Z
Ugx2LppGgm2iM_YTzGp4AaABAg,@MsSmith227,This remind me of Nicki spiraling behind Megan the stallion. 😂😂😂😂. When you can’t rap no more you just talk in the track. Can’t even believe in his own shit,7,0,2024-05-06T15:08:14Z,2024-05-06T15:08:14Z
Ugx-qEFCU1uoCTfeJzV4AaABAg,@vwiggz5228,My girlfriend just said this was worse than Logan and jake Paul’s disses starting to really see it,24,2,2024-05-06T03:09:38Z,2024-05-06T03:09:38Z
UgzQl0QPL78KEODQ6Dp4AaABAg,@matthewrodriguez6144,Bro was better off not responding then to respond in defense mode,12,0,2024-05-07T18:50:19Z,2024-05-07T18:50:19Z
Ugx6exCneEAV5k1XlDN4AaABAg,@Jesusiskingallmighty,I can’t take Drake serious.,340,28,2024-05-06T02:13:32Z,2024-05-06T02:13:32Z
UgweCKTqiAzatOArgEN4AaABAg,@Nostromo17,Drake rlly tried to say this was orchestrated. If he planned this he’s weird as well anyway but he definitely didn’t,50,10,2024-05-06T02:37:54Z,2024-05-06T02:37:54Z
UgzIF8keNBYsoP4BBzJ4AaABAg,@TheRodney_Family,I love this beat,1,0,2024-07-25T23:13:57Z,2024-07-25T23:13:57Z
Ugw41KqszjJ_qiYzCEJ4AaABAg,@lastladybugonearth,It’s over drake how can he recover from Kendrick,5,0,2024-05-06T02:42:52Z,2024-05-06T02:42:52Z
UgwglemHiCVj6748WH54AaABAg,@kevinperry707,Back is against the wall,5,1,2024-05-06T02:13:52Z,2024-05-06T02:13:52Z
UgwqyhYR1-yBhjPQlNJ4AaABAg,@Thevisionary86,Came off 🔥,1,0,2025-05-03T03:04:18Z,2025-05-03T03:04:18Z
UgyQwItDuy76aI9QVAt4AaABAg,@sambone.o,"You literally got the first word wrong, it’s “the pulitzer prize winner is” 😂",5,0,2024-05-06T03:04:45Z,2024-05-06T03:04:45Z
UgxUeDlxwfXrCoNYdlt4AaABAg,@britt_D1024,His ghost writer needs a nap hopefully he gon pay for that vacation.,4,0,2024-05-06T12:54:04Z,2024-05-06T12:54:04Z
UgytRZ6jgENAtgM10R94AaABAg,@Hearts4me789,THIS IS CRAZY BRO ☠️,0,0,2024-05-13T22:16:00Z,2024-05-13T22:16:00Z
Ugyh5nYkUFuxOdQkcnd4AaABAg,@ntandodingi4009,Drake try a lil it harder. This is KENDRICK LAMAR😤,5,0,2024-05-06T03:11:27Z,2024-05-06T03:11:27Z
Ugy-Ed7PXk7htsrBymh4AaABAg,@deejooo8213,This was the most light skin response ever,63,4,2024-05-06T10:35:53Z,2024-05-06T10:35:53Z
UgwOSZrsaGaAImE9dyB4AaABAg,@rashads4621,🔥🔥🔥🔥🔥🔥🔥🔥💯,1,0,2024-05-28T03:24:03Z,2024-05-28T03:24:03Z
UgyeC1WqrwkySoYdx9F4AaABAg,@ee8499,welcome to the times section 0:01,5,0,2024-05-07T20:00:50Z,2024-05-07T20:00:50Z
UgxC6d5yz2eRkAlYrQR4AaABAg,@newways5241,BRA OFFICER RICKY PLANE WENT DOWN TODAY 😮😮😮😮,4,0,2024-05-06T02:40:57Z,2024-05-06T02:40:57Z
UgypB-dngtFfKNhIKph4AaABAg,@TheRodney_Family,I like the beat,0,0,2024-05-20T18:23:13Z,2024-05-20T18:23:13Z
Ugy5IR9cgJCs6gMQHfp4AaABAg,@visionnaire4203,Drake just admitted to getting rick ross plane downed wtf 😂😂😂😂,33,5,2024-05-06T02:09:21Z,2024-05-06T02:09:21Z
UgzqlXm2460mj1yONwF4AaABAg,@Asia-rs6wc,I miss the old drake,3,0,2024-09-03T05:48:13Z,2024-09-03T05:48:13Z
UgxI6Ak6BCE0n_rj-Vh4AaABAg,@ewilleight8,I was never kidding from DAY 1,1,0,2024-06-10T16:52:19Z,2024-06-10T16:52:19Z
UgyJlyGIAGKcuudwq0N4AaABAg,@kendrickhibbler7868,Dear Drake STAY DOWN!!,34,1,2024-05-06T02:32:14Z,2024-05-06T02:32:14Z
UgwoFvxQ2b3kGpe1jtd4AaABAg,@nengi-c1d,"Aight Aubrey, why Milly Bobby brown... that's all i'm asking

4:17 .....wtf",5,0,2024-05-07T14:46:56Z,2024-05-07T14:49:20Z
Ugyqpud-hfmaIUKFCpN4AaABAg,@FrankZespri,“Felt good to pick up the pen” 💅,0,0,2024-05-07T22:14:28Z,2024-05-07T22:14:28Z
UgxK3FmP0-wxlcvsm394AaABAg,@logical.thinking780,"""I'm too famous to be a pedo"" ummm that's the only reason?? 0:36",42,2,2024-05-07T22:39:27Z,2024-05-07T22:39:27Z
UgxKE-vYuhJy4x81Afp4AaABAg,@Crunchy_taco69,Did bro even have a melody? He be talking like he in trouble with the law 😅,8,0,2024-11-23T17:47:25Z,2024-11-23T17:47:25Z
UgxJWUJ_55odx1Fv0gp4AaABAg,@Mr_riders388,Bro we didn't talk Abt Millie 😂😂,2,0,2024-05-20T21:43:11Z,2024-05-20T21:43:11Z
UgwZ7yp-EIA9M257FsB4AaABAg,@tysong4071,Drakes energy levels dropped in this one...sounds like he whispering in a Library,0,0,2024-05-29T00:29:45Z,2024-05-29T00:29:45Z
Ugw_xmIZxvUap7cBdY94AaABAg,@IREALLYLOSTMYSTUFF,I can’t tell if I’m the only one that feels like this wasn’t really going together at some parts and it feels like he just talk in and then trying to like bring it together but failing at some parts (my opinion),4,0,2024-11-25T01:08:23Z,2024-11-25T01:08:23Z
Ugx1zlH09APcgJ7ayHl4AaABAg,@Jayy20207,Drake take that big LLL!!,4,0,2024-05-06T04:29:10Z,2024-05-06T04:29:10Z
UgymJVgKydhofIUwbct4AaABAg,@LILJET-t5x,This shit so clear no sneak disses just him,1,0,2025-10-12T10:15:26Z,2025-10-12T10:15:26Z
UgyVjU9uoO_zQ227aG14AaABAg,@kendrickhibbler7868,He needs to take this song down immediately before he provokes the wrath of Kendrick. The song sucks anyway. He spending more time defending allegations than dissing Kendrick. And to say that you and your team fed him fake information is a ridiculous way to try to spin it.,142,20,2024-05-06T02:31:28Z,2024-05-06T02:31:28Z
UgzvtZQYHFKa9x4rmyJ4AaABAg,@LovelyTee2323,Shoutout to Drake's ghostwriter,20,1,2024-05-06T02:34:23Z,2024-05-06T02:34:23Z
UgxGxvKaOORw1mYucD54AaABAg,@Sniperly-y1p,What is B major,1,0,2025-04-22T12:47:02Z,2025-04-22T12:47:02Z
UgxG4tdvAH1T2uMTLSV4AaABAg,@mebtze269,"If he was warring anyone else this would have been hard, but compared to meet the grahams, this shit nursery level lol",1,0,2024-05-08T22:15:32Z,2024-05-08T22:15:32Z
Ugypx3J4fIFsCgl-NaZ4AaABAg,@KnJay0,"A B C D E F G
KENDRICK IS A BIG MEANIE
Type shit 😭",3,0,2024-05-08T12:06:07Z,2024-05-08T12:06:07Z
UgzVnzh-eV8y7LDppV94AaABAg,@Deuspascitcorvos,I ain’t ever seen a mf get so put on the defensive before in a beef damn,2,0,2024-05-07T19:44:52Z,2024-05-07T19:44:52Z
UgxG8ptLzaTI1Xs-nA94AaABAg,@This_is_Turpui,Never disappoints❤,0,0,2025-05-12T13:20:51Z,2025-05-12T13:20:51Z
UgwLN6a8gXfobPyE-1R4AaABAg,@chase5298,The best part about this beef is this goofy rushing to upload a lyric video where half the lyrics are wrong for every song lmao,42,3,2024-05-06T02:35:12Z,2024-05-06T02:35:12Z
Ugz7TET3FJ-2PKluJbt4AaABAg,@edwardgyan7586,"Lol it's 'the pulitzer prize winner' int he very first line. Can't blame you, you're rushing to keep up",8,1,2024-05-06T02:02:02Z,2024-05-06T02:02:02Z
UgxGUt8HUcFRnoL21ll4AaABAg,@Masy1942,If your team Kendrick like this comment,102,1,2024-06-10T23:31:27Z,2024-06-10T23:31:27Z
UgxLtBPOS9Ho0N6yNQp4AaABAg,@yfns4795,He just got a sniper aimed at him by kendrick so he pulled out a bazooka... and fired it directly at the floor.,18,1,2024-09-27T20:13:22Z,2024-09-27T20:13:22Z
Ugwl3bc7JJXvZQHwgtJ4AaABAg,@larrystrawder7825,Damn,1,0,2024-05-26T06:57:37Z,2024-05-26T06:57:37Z
UgxDMjKkUIuLYhoTShN4AaABAg,@-GR33DY-,Listen to Mother I Sober by Kendrick before u listen to this diss track..,3,0,2024-05-09T04:43:17Z,2024-05-09T04:43:17Z
UgzOi5D9GPAgz-pw-yR4AaABAg,@1heartmiaa,y’all lied to him about having a daughter? 😭,11,1,2024-05-06T02:18:06Z,2024-05-06T02:18:06Z
UgyKkha7e2sTpFLus_d4AaABAg,@JanuaryBloodsport,Damn🔥🔥🔥🔥,0,0,2024-11-21T05:31:13Z,2024-11-21T05:31:13Z
UgxGc8mBgbH6_SiK6kl4AaABAg,@kshitijranade5281,drake done fucked up calling it the heart part 6. kendrick is gonna come w nukes,31,9,2024-05-06T02:31:00Z,2024-05-06T02:31:00Z
UgwZZqyB4Z2p1Z0HHyt4AaABAg,@mikyHaze,Ok so....Drizzy? Started the whole! Track with the Sampke in the very beginning of song......which in my mind? Kendrrick? Gets/ Got/ going/ and GONE TO 0:07   Elimination,3,0,2024-07-25T14:16:19Z,2024-07-25T14:16:19Z
UgwA3NBFSkhSJSjQ9lB4AaABAg,@Ladyleemega7,Yeaaaahhhhhhhhh,1,0,2024-05-11T13:49:02Z,2024-05-11T13:49:02Z
UgzTMOmkzshpMvNV98N4AaABAg,@southeastdaygo6193,Stop it bro youre not shooting anybody Ti homeboy took a piss on you and you did nothing fam you are not tough,18,2,2024-05-06T02:31:39Z,2024-05-06T02:31:39Z
Ugzbd021saHmd1IFv_x4AaABAg,@Hex4prezz,“I could give a f?$k about your steaming data” - Drake before he sues UMG,2,1,2024-12-05T02:09:11Z,2024-12-05T02:09:11Z
Ugx_ek-84GJu2KysCU54AaABAg,@nathanbeato1485,Fire 🔥 we need the respond,0,0,2024-05-17T06:17:31Z,2024-05-17T06:17:31Z
UgyQPw6YOvpwNypwB394AaABAg,@ThePoisonJelly,He might have been right...,4,0,2026-01-31T15:26:36Z,2026-01-31T15:26:36Z
UgygW3qVTdgNWubr4Ht4AaABAg,@ikrarfahmi4970,here we go again gentlemen 🥃,9,0,2024-05-06T02:03:35Z,2024-05-06T02:03:35Z
UgzPK55rCear3Rg6kYV4AaABAg,@TheNewCultureEmpire,This beat is 🔥🔥🔥🔥🔥🔥🔥,0,0,2025-02-12T16:58:33Z,2025-02-12T16:58:33Z
UgxAF5JFipRaUfJGuLd4AaABAg,@HiddenHandProduction,"I don’t want to diss you no more?! Wow!””J Cole Suicide,Drake Homicide”😂",8,0,2024-05-06T03:00:20Z,2024-05-06T03:00:20Z
UgxWpG2owT6e0pkNK5N4AaABAg,@leotisbriggs7962,😂😂”u definitely got this shit burnt tf out tho”.,7,0,2024-05-08T02:46:05Z,2024-05-08T02:46:05Z
UgzI_hkrNLieJWHOllx4AaABAg,@leecampbell8414,1090 living for this shout out 😂,0,0,2024-10-25T08:27:38Z,2024-10-25T08:27:38Z
Ugyk1S6YX0nqg8Czffh4AaABAg,@Magnificent707,This sounds like a suicide note lol😂,10,0,2024-06-29T00:04:57Z,2024-06-29T00:04:57Z
UgzXn2Lw9xhD_p8YsWR4AaABAg,@DaphneyLandInCA,"I’ll see you when I see you like Fantasia….


Bro log off ATP",6,0,2024-05-06T02:54:06Z,2024-05-06T02:54:06Z
UgxjXN8MvHvuvFBjF5V4AaABAg,@Acengggg17,Bar after bar after bar 🔥,0,0,2024-05-17T09:50:15Z,2024-05-17T09:50:15Z
Ugyve6MG5omp2jcL5e94AaABAg,@electrify9878,"""Drake ain't no name u gonna see on a sex offender list""
Well of course not it's gonna say Aubrey Graham",4,1,2024-09-14T16:58:43Z,2024-09-14T16:58:43Z
Ugy5PTEMizpFsd9LH_94AaABAg,@keanuwade8357,I didnt do it ahh beat 💀,2,0,2024-05-08T18:05:33Z,2024-05-08T18:05:33Z
Ugzf3c9ePiAhw9n7pQR4AaABAg,@insert_name8490,"""i know that you are, but what am I?"" Ahh diss",0,0,2024-09-09T20:04:20Z,2024-09-09T20:04:20Z
UgzFR9ncpLn2wmzMsud4AaABAg,@tfwnoyandere,4:07 dude put on the fedora,7,0,2024-05-07T09:09:37Z,2024-05-07T09:09:37Z
UgyHJNS237f1qwckysh4AaABAg,@chrisevans4906,Lamar is on the way to drop another bangar,5,0,2024-05-06T02:15:05Z,2024-05-06T02:16:17Z
Ugyjf8OLUSXT1VZBgEp4AaABAg,@davidwong1203,This track has “I’m Guilty” plastered all over it.,0,0,2024-05-10T06:44:24Z,2024-05-10T06:44:24Z
UgzqOEe20YpZ7uZtsTF4AaABAg,@HarmonicVector,At least we know Drake wrote this one!,1,0,2024-05-08T18:16:04Z,2024-05-08T18:16:04Z
Ugz1Hj48dv79YQuCnFJ4AaABAg,@infuhnitmonohkozem,Why would an older man give a 13yr old girl advice about boys? Why would they think that would be appropriate? Its not her father brother uncle Grandpa or any male relative.. he may not have been the first to open that conversation...id just think the proper thing to do would be to tell her to go ask her parents...or other girl friends.. otherwise it seems like an opportunity to groom someone..idk i just find it odd,2,0,2024-07-11T21:37:20Z,2024-07-11T21:37:20Z
UgziM9SNjnysfE7OGJV4AaABAg,@lyricwatson1824,"""get the pen workin"" bro you know dang well you ain't work nothin🤣 and enough cap you've been doing weird shi w/ minors for years bro",19,0,2024-05-06T02:39:51Z,2024-05-06T02:39:51Z
UgzcTO_h0MINkgL27Et4AaABAg,@Thelivelyone,B sharp 👌,0,0,2024-07-13T21:31:30Z,2024-07-13T21:31:30Z
UgyoIswsUM-xOgSu-bl4AaABAg,@sq1tl,"I think there’s something overlooked in this whole diss drama;

Even if this 11 year old daughter was just “fed information” and all part of the plan.. there’s still SOME kid out there, that is Drake’s. There is some little kid out there, girl or boy, who is actually Drake’s kid, and he will never be there for those kids.",7,1,2024-06-11T09:15:38Z,2024-06-11T09:15:38Z
UgzSIv6sgXTFeGbb7xl4AaABAg,@BushyBrow_Sensei,"Homeboy just say hes so rich and famous, if he was fuckin minors, he wouldve been caught? The rich and famous out here killing anyone that can prove that shit. This dude wildin.",6,0,2024-05-07T16:19:43Z,2024-05-07T16:19:43Z
UgwbTIYPx9NnDbFW0JB4AaABAg,@jayr399,"that bar where he said ""I give a fk about your streaming data, ill see ya later, yeah maybe when you meet ya maker""

is severly underrated. Basically saying the only way kendrick will ever get to drake's streaming achievements is if he dies and gets a post humous audio bump lol",2,1,2024-12-15T00:39:42Z,2024-12-15T00:39:42Z
Ugy9m46OfP5a7Dr08Hp4AaABAg,@Aaqilnizam,First defences diss track ever,4,0,2024-05-07T17:02:13Z,2024-05-07T17:02:13Z
UgyRXDoZHU8Urvwf30Z4AaABAg,@BingQiLing.,Bro Drake couldve not made this song and it wouldve made his win chance higher,2,0,2024-11-24T17:30:20Z,2024-11-24T17:30:20Z
UgzBiFs-a9nZpiQTOL54AaABAg,@kingkronoblackstar,🔥,0,0,2024-05-16T18:32:34Z,2024-05-16T18:32:34Z
UgzRFN90KKcMib9V_v54AaABAg,@davidjozefowicz5776,Drake sounds guilty af,7,0,2024-05-07T04:49:23Z,2024-05-07T04:49:23Z
Ugwkl9VIdXSP-z3Ibyp4AaABAg,@TheNewCultureEmpire,Why nobody commenting on how drake shot back from the A minor with the B sharp line!!! That was a hell of a comeback!!!!. 2:55,9,6,2025-02-12T17:00:59Z,2025-02-12T17:00:59Z
Ugy3dBBzew2xXsYY7RZ4AaABAg,@rubyamox3671,“waiting on you to return the favor” oh he’s bout to get it 🗣️,0,0,2024-05-08T01:41:49Z,2024-05-08T01:41:49Z
UgyU5L0Nu7hFMMaTHVp4AaABAg,@SarahYoung-dt7sd,bro tbh i feel like kendrick is spittin facts,2,2,2024-08-24T15:27:59Z,2024-08-24T15:27:59Z
UgwFdMxu9PhYRi0jY5R4AaABAg,@markpadilla2648,Holy shit this was trash... Bro has got to step his game up. I expected better from the man who bodied Meek mills.,39,2,2024-05-06T02:16:50Z,2024-05-06T02:16:50Z
UgzsGJvkZ34-PaBBQKR4AaABAg,@AlexBeckford_iii506,🐐,1,0,2025-01-28T15:06:23Z,2025-01-28T15:06:23Z
UgyaWVqWZ921WCQ4tNB4AaABAg,@Oneperson-b2h,Bro ppl say drake is dead but let's be honest we want Kendrick and Drake to stay bc they are both very talented,4,0,2024-05-06T06:02:08Z,2024-05-06T06:02:08Z
Ugzt5anUM41ggM1c-xR4AaABAg,@PuffCaliKush,This sh* is so wack that i thought it was AI,2,0,2024-05-22T19:19:20Z,2024-05-22T19:19:20Z
Ugwj5GzHWZrCUwFeIQF4AaABAg,@jski1012,This shit is hard. They not like us has a dancing beat but this shit is HARD! Like for real.,2,1,2024-07-01T17:53:16Z,2024-07-01T17:53:16Z
Ugxap_7HLPNx5nIPpR14AaABAg,@DimeDCSGO,These videos have so many mistakes in em because buddy was typing his ass off 😂,8,0,2024-05-07T23:09:53Z,2024-05-07T23:09:53Z
UgzJptFEvZTBMcGHIrF4AaABAg,@XxsamuraixX-bb4tx,2:54  i don't get it,6,0,2024-05-14T11:49:00Z,2024-05-14T11:49:11Z
UgyfSi6Tu7HC-5MkwZN4AaABAg,@ComplexDoee,I got ur lines tapped i swear dat im dialed in ☎️,0,0,2024-05-31T12:44:33Z,2024-05-31T12:44:33Z
UgweinETw3Ln313-bDp4AaABAg,@MarstroidDeluxe,If Kendrick was lying in the raps it’s an instant DQ,19,4,2024-05-06T02:00:44Z,2024-05-06T02:00:44Z
UgxXAEEyIQE6XmBQyPN4AaABAg,@summer2011leggo,“The ones you getting your story from they all clowns.” YOU! Didn’t you say YOUR PEOPLE GAVE HIM THE STORIES?! 🗣️WHICH IS IT AUBREY?!,4,0,2024-05-07T17:04:03Z,2024-05-07T17:04:03Z
UgxO1XUkvqhd1KrDafV4AaABAg,@AymanBruh,ownd with the actual heart pt.6,1,0,2024-11-22T19:48:35Z,2024-11-22T19:48:35Z
UgxQ2ZedQxVTprCplxp4AaABAg,@formusic2477,"Kendrar: You like minors 
Drake: you got father issues.",9,1,2024-06-05T03:56:05Z,2024-06-05T03:56:05Z
Ugwhra_vKauMSqc2EMN4AaABAg,@dking2ushawty21,"Did he say the people feeding the information are clowns, only to turn around and strategize to feed fake information to Kendrick with said clowns 🥴🥴",6,0,2024-05-06T04:36:38Z,2024-05-06T04:36:38Z
UgzDbjsq4_vBxar_zRB4AaABAg,@kiascore,womp womp,1,0,2024-05-19T19:06:41Z,2024-05-19T19:06:41Z
UgwU69c0rnOooZB9dpx4AaABAg,@Nemo71340,Did all of his ghostwriters leave or something? This sounds like super amateur Rhyme schemes and not like the normal drake? It sounds like him when he first started rapping.,2,0,2024-06-08T13:40:11Z,2024-06-08T13:40:11Z
Ugwj30SfbL3TGTxGuCp4AaABAg,@bradleyoliver1212,Game over for drake. The best advice is to just lay low and do what Cole did. Publicly apologize and give K Dot his credit,5,0,2024-05-06T04:46:01Z,2024-05-06T04:46:01Z
UgwVQFHlWRuYpAxDF1x4AaABAg,@mad1478,"Bro, “you would be a worth competitor if I was really a predator” is a wild thing to say 😂😂",0,0,2024-06-10T15:07:27Z,2024-06-10T15:07:27Z
UgzuWS0E3eksZSp3Kcp4AaABAg,@JEGOJAMS,Kendrick you lose. That 11 year old girl that Drake is hiding is not his daughter. It’s Drake’s girlfriend,11,0,2024-05-06T13:57:29Z,2024-05-06T13:57:29Z
UgwpNCzw6oVnOdANKFx4AaABAg,@caiusettebruntly497,"'Everything in my shit is facts'
The beat: 'prove it~'

This is honestly the funniest part of this entire beef.",3,0,2024-07-21T07:10:30Z,2024-07-21T07:10:30Z
Ugwww7G1jZtED071DbZ4AaABAg,@mherGasco,Beat left the room.,0,0,2024-05-19T06:28:10Z,2024-05-19T06:28:10Z
Ugz4uMPiaLu6lrrq-MB4AaABAg,@tomanderson9558,"I wrote Drake's verse;

If I committed the crimes I'd be on probation,
That way of living's not my inclination,
To me it just sounds like insinuation,
It's all allegations without investigation,
Red flags just a sign of the inflammation,
Where on Earth are you getting this information,
Keep ourselves apart like a segregation,
Stuck inside the game like it's constipation.
My fans don't really need this explanation,
To me it's more like an exploration,
If I was Caribbean I'd probably be Haitian,
Top rap songs they all my creation,
I'm constantly accounting for the inflation,
Battling you was a terrific temptation,
Bowing out of this is an evacuation,",20,4,2024-05-22T11:30:45Z,2024-05-22T11:30:45Z
UgyjEbW43H0IWbycUQR4AaABAg,@sharansubrabath2871,5 mins of yapping to defend  himself 😂,14,1,2024-05-06T02:38:57Z,2024-05-06T02:38:57Z
Ugxt0A9VyW2kCoIVzXl4AaABAg,@ubonthemic,bro how was this only yesterday?,0,0,2024-05-07T21:58:00Z,2024-05-07T21:58:00Z
UgwtagcEDn2C8-z_eF94AaABAg,@matteo7442,wacckkk😂😂😂 u talking for 2 min not rapping like quit ts not for u🙏🏼🙏🏼,22,6,2024-05-06T02:10:01Z,2024-05-06T02:10:01Z
UgxZyr9VZ_kicHiQ_uF4AaABAg,@gunelsultanovaa,Not a Drake fan but i think the reason he was very defensive in this song about the allegations is because Kendrick mentioned it a lot,6,1,2024-05-09T20:54:52Z,2024-05-09T20:54:52Z
UgxO2llbxkzbGqQiyxJ4AaABAg,@heloisaferminolemos5012,he tried to cook and served us sashimi,1,0,2024-05-29T13:39:11Z,2024-05-29T13:39:11Z
UgznqjsRtjSqmbp-POB4AaABAg,@jazzy_3734,bro is just yapping at this point 😂,4,0,2024-05-14T23:49:09Z,2024-05-14T23:49:09Z
Ugz7Hf-rkybGKaLmW4l4AaABAg,@Celts-Rebel,I’m not buying it 😂 sorry that was no come back at all,6,0,2024-05-06T02:52:04Z,2024-05-06T02:52:04Z
Ugy3wYZRBSTBB4Er49F4AaABAg,@RafaelGarrido-r7k,Coming back after the Super Bowl this makes to much sense.,0,0,2025-02-22T15:06:26Z,2025-02-22T15:06:26Z
Ugz23zN-r50isGVLKnF4AaABAg,@cindyg3501,"he got it wrong. ""mother i sober"" was about his mother being molested and having anxiety about kendrick's safety because of what happened to her. huge comprehension issues with this guy.",8,0,2024-05-06T06:29:56Z,2024-05-06T06:29:56Z
UgwKfokkNzmWeGxSKkt4AaABAg,@diooverheaven4137,This is no longer the real Heart part 6. Kendrick dropped the real Heart part 6 and it is much better than Drake's knockoff.,2,0,2024-11-22T20:51:35Z,2024-11-22T20:51:35Z
Ugw4uKtAf4h1zgIuHy54AaABAg,@krakin_amg,Dawg that whole end snippet sounds like the end of Bigfoot,1,0,2024-05-19T03:26:55Z,2024-05-19T03:26:55Z
UgybDzMOtDxk6fdrHBx4AaABAg,@SinReps410HipHop,this comment section is hilarious!!! if he didnt address anything yall would swear its true. He addressed them and he sback tracking lol?  kendrick never responded to any allegations.... is the child dave frees or does he beat his wife etc etc keep it tall,3,2,2024-11-05T11:16:21Z,2024-11-05T11:16:21Z
UgxEcruhbKYYZWWQdCB4AaABAg,@thabiso07mashiane4,"""I expected you to call me a pedophile"" is WILD from Drizzy🤣",4,2,2024-06-10T13:45:25Z,2024-06-10T13:45:25Z
Ugw-J87sRaXbwGsY6L14AaABAg,@sephxus9379,Drake sounds so defeated here.,1,0,2024-05-25T22:54:16Z,2024-05-25T22:54:16Z
UgyWDUrGFCb9f71FlIB4AaABAg,@Maximus007lucius,"Wait so we just gonna ignore that Kendrick could be guilty of domestic violence??? 
And being a deadbeat dad for not seeing his kids for 6 months???",3,1,2025-02-12T13:28:40Z,2025-02-12T13:28:40Z
UgxGiWeO0AZOTPBlTBp4AaABAg,@terrellgrant1570,Ion no drake lyrically won 🥇,6,0,2025-02-03T02:42:34Z,2025-02-03T02:42:34Z
UgwEVz5-WwgmWq3c7iJ4AaABAg,@kenkenbinghampton1034,Listening to this again makes more sense in 2026!!! He won the war!!!,2,0,2026-06-25T06:39:29Z,2026-06-25T06:39:29Z
UgwUqQKbqG6drEqTrCJ4AaABAg,@Crow__007,Kendrick definitely won lmao,2,1,2024-05-21T02:21:30Z,2024-05-21T02:21:30Z
Ugz1oOjcQ3uInPgx7X54AaABAg,@StevenW42,Shit is lowkey mid,7,0,2024-05-06T02:31:18Z,2024-05-06T02:31:18Z
Ugyl9iJVYZIP8N1eidx4AaABAg,@lIChaoticlI,I knew kdot be sounding sus on his music…🔥,1,0,2025-03-19T22:40:14Z,2025-03-19T22:40:14Z
UgyMA3to4TjTTDrEeTB4AaABAg,@Projins,1:30 what did he say😂,3,1,2024-12-12T23:19:45Z,2024-12-12T23:19:45Z
Ugzuo4pJupNQn6oUKfl4AaABAg,@sadicartier,drake the type of Israel jew.,3,0,2024-11-27T06:53:38Z,2024-11-27T06:53:38Z
Ugy1VE17DsixzkiVa7J4AaABAg,@SoulKatt99,You can hear the hurt in his voice lol and he was hitting so below the belt,1,0,2025-04-14T17:24:36Z,2025-04-14T17:24:36Z
UgzKTb0uM3747FaZ_Ad4AaABAg,@duanedoldrum7570,"Man, Drake really probably thought this song was genius. Crazy how now his lyrics/disses here are not aging fine at all.",3,0,2024-07-09T03:30:03Z,2024-07-09T03:30:03Z
UgzWCgKjrXy4u07um0l4AaABAg,@longshotsmedia,"The song is really five minutes too long. Could have easily went with ""I'm not a Pedo, I'm not a Pedo"" and played the outro.",4,1,2024-11-25T16:08:14Z,2024-11-25T16:08:14Z
Ugwtjc1EbLubBgrWf0p4AaABAg,@SkyeS-m9b,certified banger,0,0,2024-11-02T00:59:42Z,2024-11-02T00:59:42Z
UgyLGJltLjk9YsI6Rux4AaABAg,@joshjanke683,RIP Drake 🤢😂 👎,9,0,2024-05-06T02:05:47Z,2024-05-06T02:23:34Z
UgxIyemq9D-mUH82uol4AaABAg,@mr.hustlaelsuperior8293,"So true, Drake, I'm feeling you, man they gonna hate you, but remember it comes with success. you're a true  artist about to be hated by many rappers but mexicans any other countries stand by you 💯 on real fans leave a like 
For drake",4,0,2024-08-16T21:12:15Z,2024-08-16T21:12:15Z
UgwHD98G76nZrKLd6bd4AaABAg,@justaperson-a2w,man really said im too famous for this 😭,0,0,2024-06-02T03:58:03Z,2024-06-02T03:58:03Z
UgxomENgN0y2UHG8l294AaABAg,@youtub3rheythere,This song ain’t even a diss it’s just drake tryna make excuses and defend himself 😂,7,0,2024-05-07T16:22:14Z,2024-05-07T16:22:14Z
UgzPy-F9PxWwYgxp1DV4AaABAg,@colek9984,"The same people who been yapping “kendrick’s going straight for drake and drakes making music for his fans” are judging the SA aspect of the roast, like that’s gonna F with kendrick, it’s a good 1v1 roast? Idk why everyone is on kendrick’s side",4,0,2024-05-06T09:19:19Z,2024-05-06T09:19:19Z
UgzHWQmBySRY4c_yUDp4AaABAg,@newtomodding,why bro think he a anime villain at the end 😭😭,1,0,2024-11-05T16:37:19Z,2024-11-05T16:37:19Z
UgxPdLNcdn-sZOMsKtV4AaABAg,@cpt999,"Y'all notice this? kendrick Lamar has stronger roasts and provides straight facts, and makes BANGERS, but all of the Drake disses so far have sucked!",3,2,2024-07-16T05:23:46Z,2024-07-16T05:23:46Z
UgxQSlwJxpWkxhl8dMZ4AaABAg,@se-riousken9216,The most white flag song of all-time 😂😂😂😂,3,1,2024-08-24T23:30:40Z,2024-08-24T23:30:40Z
UgyxZtF-Df3o8cbYmgt4AaABAg,@brainstorm0990,This is wild,0,0,2025-02-27T04:00:37Z,2025-02-27T04:00:37Z
UgzWtVC9C30RYraifjR4AaABAg,@ka4696,This was just defensive rumblings like he has been backed into a corner 👎,2,0,2024-05-11T09:08:04Z,2024-05-11T09:08:04Z
Ugy4zR50Hjv_Kq9tiQx4AaABAg,@damondpowell5661,No Drake fan will say Kendrick won and no Kendrick fan will say Drake won. So let’s enjoy the ride,4,0,2024-05-07T18:02:11Z,2024-05-07T18:02:11Z
Ugywa87FVwtRAh4VCV54AaABAg,@dirreck9350,YO THIS BEAT IS MAD CRAZY,0,0,2026-02-09T16:08:34Z,2026-02-09T16:08:34Z
UgzVk8EvdMJfGtZHGxh4AaABAg,@Chrollo_Lucilfer636,Your ghost writters failed this time😂😂😂😂,4,1,2024-06-26T14:59:19Z,2024-06-26T14:59:19Z
Ugxh-EhssH0CXyahyoN4AaABAg,@Miomy_c,He didn’t write this. You can hear it in his voice. He’s uncomfortable reading this from a paper. Lol.,7,3,2024-05-06T04:16:27Z,2024-05-06T04:16:27Z
Ugx4nxtrk2O0zyOCg894AaABAg,@Magenifcent,Drake sound like he’s taking the Kevin Hart “Let Me Expain” route,0,0,2024-05-08T00:28:12Z,2024-05-08T00:28:12Z
UgzQE2eNMdeTTrCfYyh4AaABAg,@user-ashantilucia,"It's giving defensive; instead of battling, he spent the whole track on damage control😂😂😂😂",3,0,2024-07-09T08:10:56Z,2024-07-09T08:10:56Z
UgwlR2tbO1gLQX5eSdh4AaABAg,@lornascott9500,Not Like Us video sealed the envelope for this wack ass journal entry,5,0,2024-07-08T18:31:39Z,2024-07-08T18:31:39Z
UgxOLvZ6MYkZ2F18KqN4AaABAg,@pla4825,The Fact that Drake actually filed a lawsuit only makes things worst and drag out this beef 😂😂😂😂,1,0,2025-01-22T06:42:59Z,2025-01-22T06:42:59Z
UgxLT5RLpTtEZ4T4Sc94AaABAg,@RegisIshe,"The dumbest diss track in HipHop history... It wasnt a diss track, it was a denial track. Bro was just denying😂😂",2,4,2025-04-26T12:45:10Z,2025-04-26T12:45:10Z
UgyPqeYSnMN1kBKUzo94AaABAg,@nkuluquentin5887,He destroyed Kendrick with this song.,6,1,2025-08-04T09:07:40Z,2025-08-04T09:07:40Z
UgyYPVuZAtNpEJa44xp4AaABAg,@tonydaytona,I'm surprised it got 8.4k likes. Team Kendrick 100%.,1,0,2025-02-28T08:33:34Z,2025-02-28T08:33:34Z
Ugx0loK4_hftPwih8PJ4AaABAg,@Glockiinlando,yall know drake came hard on this lets be serious,4,1,2024-05-08T18:38:28Z,2024-05-08T18:38:28Z
UgweQ0OvA0P-j-wubmJ4AaABAg,@1MightyR,How many ghost writers did he use for this 🗑??? 😅😂🤣,2,0,2024-05-23T01:26:18Z,2024-05-23T01:26:18Z
UgxlYL6PKqlz5O_0D354AaABAg,@damiandennis3740,Is this a bedtime  song 🥱,0,0,2025-02-20T14:46:50Z,2025-02-20T14:46:50Z
UgxjXh2UBGTnB20auo54AaABAg,@Kyoukakurami,Man Drake give up already you already lost before it started,3,0,2024-06-15T02:51:28Z,2024-06-15T02:51:28Z
UgySjHFIAtDPweqgml14AaABAg,@JeffG03,This was…… bad bro 😭 not you making fun of him being sexually assaulted.,9,1,2024-05-06T04:18:54Z,2024-05-06T04:18:54Z
UgzeC6ffTqCBCgNfFox4AaABAg,@Panda-masterr,The flow is impeccable. Undisputed best rapper alive.,1,1,2024-08-27T17:58:49Z,2024-08-27T17:58:49Z
UgzLUDxHDxn0OozKEUx4AaABAg,@christianalarcio2755,WTF IS THIS SONG?,3,0,2024-12-05T21:56:50Z,2024-12-05T21:56:50Z
UgxhoVtFsB0im1TYR3d4AaABAg,@BeKe-legend,Nah y'all too overhyped to listen carefully. He's said some genuinely concerning things here.,2,0,2024-06-23T01:54:16Z,2024-06-23T01:54:16Z
UgzfLQfAgqlIbfHWUiZ4AaABAg,@herecometinkyandthemcrazyk338,He said would been arrested if was a predator then mentioned R Kelly 😅 he didn’t think that all way through,0,0,2024-05-08T01:16:17Z,2024-05-08T01:16:17Z
Ugw8lL6Jvh57URTHex54AaABAg,@dragonsbane2,"Mans waived the white flag 🏳️)I don’t wana diss you anymore) 


Never looked twice at no teenager, mother I, mother I lied… we seen the video 😂😂😂",3,0,2024-05-20T01:46:12Z,2024-05-20T01:46:12Z
UgwGCfURtEdt7mLJiCp4AaABAg,@BJJMDOG,Wayyyyy too many people in here that have no idea Kendrick lost 😂😂😂,3,1,2024-07-10T13:10:46Z,2024-07-10T13:10:46Z
UgzwlGQXgwviuQG_p4l4AaABAg,@ErikSalgado-b9g,Drake always been my #1 rapper,1,0,2026-04-20T15:21:38Z,2026-04-20T15:21:38Z
Ugz41AD8Ub5wt342lBR4AaABAg,@leonmcbride1351,This shit was ASSS I want my view back,3,0,2024-05-10T09:42:14Z,2024-05-10T09:42:14Z
Ugz3m3mTsci5GnO3YZ94AaABAg,@Sabak_Daddy,This shit is wackkkl!!! 😅,4,0,2024-12-05T09:33:34Z,2024-12-05T09:33:34Z
UgwsKvoK0VRK1F_qxSB4AaABAg,@iblameangel4,okay maybe i’m stupid but this is good,0,0,2024-05-08T02:33:54Z,2024-05-08T02:33:54Z
UgzWSvkX1UtSZ6wfOLt4AaABAg,@daviddotson9003,This song did not age well at all. Drake's a liar,2,0,2025-01-02T21:24:00Z,2025-01-02T21:24:00Z
UgwUe053cNj57m-gUhV4AaABAg,@universal_prophet,B sharp ain’t even a fucking note bro 😂,5,0,2024-05-07T14:18:22Z,2024-05-07T14:18:22Z
UgzJOIjMEdhKv335Ulx4AaABAg,@MULAMIGZ,Tuff 🔥🔥🔥,0,0,2024-05-11T03:11:16Z,2024-05-11T03:11:16Z
Ugy2NCrl9g5Z805Sd-N4AaABAg,@PEANUT_SMOKE,This is terrible smh,3,0,2024-06-23T06:07:58Z,2024-06-23T06:07:58Z
Ugxu1g4d3n6Fn_IBjBR4AaABAg,@mrmoonrock420,"Nah this shit boring, Kendrick won. Drake, hang it up.",9,0,2024-05-06T02:35:34Z,2024-05-06T02:35:34Z
UgyKXUc0dAS2RGxBi3V4AaABAg,@khulusharingan7444,When he started talking at the end. I started believing Kendrick,1,0,2025-03-25T12:21:34Z,2025-03-25T12:21:34Z
UgxTHu8DxSWd6Mt1ox94AaABAg,@JohnnyBGoodfornothin,Worst disstrack of all time. Why is the algorithm STILL putting  this trash on playlists,3,1,2024-12-13T21:33:51Z,2024-12-13T21:33:51Z
Ugx17e6JPoDXxZkST3d4AaABAg,@manofsteel9051,The Kendrick glazers are working overtime in this comment section,3,0,2024-05-08T21:31:04Z,2024-05-08T21:31:04Z
UgxQnm5uPlrQAOWmnQN4AaABAg,@deceiver444,I'mma lie : this song is not embarrassing at all,1,0,2025-02-02T11:11:37Z,2025-02-02T11:11:37Z
UgxzvLT0X7GnJHMM06x4AaABAg,@radicallyautistic,"This is easily the worst diss track of all time, Drake successfully managed to:
Make the PDF file allegations WORSE
Completely misinterpret a Mr Morale song to drop the SINGLE most cringeworthy bar I’ve ever heard
Doubles down on the Dave free shit which has absolutely no proof to it and even if it is nobody really gives af
On top of all of this, he wasted a GENERATIONAL beat doing so.  my sincerest apologies to whoever produced this",3,0,2025-04-17T21:22:36Z,2025-04-17T21:22:36Z
UgxTOoEjli8OIs7goIp4AaABAg,@benjaminbryantjr4262,Drake went stupid on this 😊,3,0,2024-12-13T22:36:51Z,2024-12-13T22:36:51Z
UgykWDfsnNRzVrLjXqd4AaABAg,@Gray-i2r,I personally like this joint,1,0,2024-06-23T10:58:12Z,2024-06-23T10:58:12Z
UgwrqoddKZ-_MRSOx7F4AaABAg,@bjing123,without a doubt Drake won. He wrote this in under 48hrs while Kendrick stealing lines from twitter,4,9,2024-08-22T04:23:59Z,2024-08-22T04:23:59Z
Ugyg3YwX3Tt7WDBwN9J4AaABAg,@pawyork7681,You’re really biased if you listen to this and thought this was a bad song. Kendrick got smoked,3,1,2024-12-03T03:27:01Z,2024-12-03T03:27:01Z
UgyVt2FShKB33cy09UN4AaABAg,@PiNKelJuice,He actually slid on this.,2,1,2024-06-06T22:27:48Z,2024-06-06T22:27:48Z
UgwlVcLe2l7D2QMaEcF4AaABAg,@dailyhighlights24,Why so defensive? 😂 kdot hit the nail 😂,1,0,2024-05-18T05:57:34Z,2024-05-18T05:57:34Z
UgxhGaW15RnewUH9eyZ4AaABAg,@roytarabay7312,Bro is crying,1,0,2024-07-27T18:03:20Z,2024-07-27T18:03:20Z
Ugwt846VBiJLmB2yAbh4AaABAg,@ronaldmccain1181,Congratulations to the fans. Yall got a blessing and enjoy it.,0,0,2024-07-07T11:09:25Z,2024-07-07T11:09:25Z
Ugx_F6azCRsGbw93KAZ4AaABAg,@Nanaos1,Bro started explaining himself at the end😂,0,0,2024-05-08T04:02:30Z,2024-05-08T04:02:30Z
Ugx-c02JbFqVINp8Yjh4AaABAg,@victorgage3939,This aging beautifully,1,1,2025-09-01T18:23:35Z,2025-09-01T18:23:35Z
Ugy4sR2bR8cRorBuMix4AaABAg,@Mr_Wedits2000,"Bahahaha! Okay! Too many words,  lost me... lol ""mother I, mother I"" want to rip my ears out",0,0,2024-08-26T13:14:54Z,2024-08-26T13:14:54Z
UgwhttxMQ0TzJEaY63F4AaABAg,@akayokalumba5151,Nah this was a hard jam,1,0,2024-11-24T19:49:52Z,2024-11-24T19:49:52Z
UgzovTPslWCZ0bRecdd4AaABAg,@cashvice7582,flow sick,0,0,2024-05-20T01:04:14Z,2024-05-20T01:04:14Z
UgzCCPBrEPZTn5iSNtZ4AaABAg,@roxy_poo,"it's giving ""no, I'm not dead, I blocked it!""💀",0,0,2024-06-02T20:17:40Z,2024-06-02T20:17:40Z
UgyPC-xMi0OSG3ctiJR4AaABAg,@mason77891,"When he said “ promise drake ain’t no name you will see on a sex offender list” is wild bc his legal name not drake, we would never see drake on the list but Aubrey Graham on the other hand there’s a good chance his name pops up 😂😂😂😂",1,0,2024-05-10T12:22:18Z,2024-05-10T12:22:18Z
UgyF2Tg6vjeT20rZexR4AaABAg,@mauriceabdullah8705,The sht was hard af frfr,0,0,2024-11-03T10:56:09Z,2024-11-03T10:56:09Z
UgyOfQiwE4lgN6KgMG94AaABAg,@yato_papxios,At this point it's so one-sided I was already thinking about Kendrick's response listening to this first time lol,0,0,2024-05-08T01:46:28Z,2024-05-08T01:46:28Z
Ugys78Tl8JxUrNZwF5d4AaABAg,@alibaroud4559,This shit got me weak 😂,0,0,2024-05-28T08:14:09Z,2024-05-28T08:14:09Z
Ugy2P38GPGQSzvJm_3F4AaABAg,@tontowtoronto5733,This was a  Machiavellian move 💎,0,0,2024-05-14T09:44:34Z,2024-05-14T09:44:34Z
UgwqaXhMcqK9Vcw-sOF4AaABAg,@nwaness,ANYONE BACK FROM THE OG HEART PT 6?,1,0,2024-11-29T19:12:39Z,2024-11-29T19:12:39Z
UgxR49GQ_1rN2QZ3HiJ4AaABAg,@bethanyyy123xP,"Drake: i dont touch millie bobbie brown 

The world: NO ONE SAID ANYTHING ABOUT MILLIE!",1,0,2024-06-23T15:43:18Z,2024-06-23T15:43:18Z
Ugxndgk0-ttdJGmUCnZ4AaABAg,@romellg.-bigride.topic.4409,The goat,0,0,2025-03-02T01:14:34Z,2025-03-02T01:14:34Z
Ugwz6pP4RW0AIAaDKdB4AaABAg,@ewilleight8,Rap battle died when I cried,0,0,2024-06-13T20:59:58Z,2024-06-13T20:59:58Z
Ugzs0PG3k-eJHw3hhyh4AaABAg,@bigeyegreedy,Did Millie help you write this?,0,0,2024-05-09T17:02:34Z,2024-05-09T17:02:34Z
Ugw9lQgasrIgyP3T6aR4AaABAg,@Mr.Sigma1989,0:26 (soulja boy voice)DRAKE!where you at boi in that small town hiding? 🫣,1,0,2024-11-30T05:37:14Z,2024-11-30T05:37:14Z
Ugz2va7nrEIH6B1pwF54AaABAg,@Unixot,Favorable,0,0,2024-05-07T21:16:59Z,2024-05-07T21:16:59Z
UgyXhkd5HkNqOf6lmvp4AaABAg,@wandileshongwe8658,The fall off 26,0,0,2026-03-12T08:53:20Z,2026-03-12T08:53:20Z
UgxicqbnqKQbTNDcvSB4AaABAg,@TanyaAu-c9w,Yo @bagOnly tell me about how homeboy D ran the bag after the real left?,0,0,2025-03-22T01:07:46Z,2025-03-22T01:07:46Z
Ugw8Bt1by3AT3aflOx14AaABAg,@hinatashimeluv7464,Making fun of someone who you allege got molested is crazy work especially since he explicitly says in the song that he was not molested,0,0,2024-11-06T00:44:29Z,2024-11-06T00:44:29Z
Ugz55qktvAb8R8atd1h4AaABAg,@jackmills2789,Bro really said ‘I am way to famous for the sh*t you just suggested’ like what,0,0,2024-10-25T15:48:01Z,2024-10-25T15:48:01Z
UgwIdBCvWKQCDZxpkMx4AaABAg,@LungileSiwundla-de8mw,It's far from over🤞🏼🤞🏼🤞🏼,0,0,2024-05-07T22:19:24Z,2024-05-07T22:19:24Z
Ugz1k38G-fdA6cpdoYp4AaABAg,@Bl4ckS4pph1r,I wonder how long he listened to mother I sober lol,0,0,2024-08-31T21:52:03Z,2024-08-31T21:52:03Z
Ugxsy7t7ivKg6KbSZTd4AaABAg,@carminecuzzo6424,Wowwww the WAR in ON—!,0,0,2024-12-20T22:01:17Z,2024-12-20T22:01:17Z
UgwO9VrF9r05KHOWKZN4AaABAg,@adversarytfc9864,Kdot the rkelly sponsor,0,0,2024-05-09T12:57:35Z,2024-05-09T12:57:35Z
Ugw4r0uvtC-hCeb5zc54AaABAg,@lineira94,W drake on that one,1,0,2024-05-08T17:49:11Z,2024-05-08T17:49:11Z
Ugxc0NAVnhhimelYkcF4AaABAg,@josephfuentes3937,Fowreal,0,0,2024-06-08T09:54:35Z,2024-06-08T09:54:35Z
Ugx_r5Bb8eY-horrzl94AaABAg,@OMalllysongz,This distrack sounds like Drake found Jesus and he just want to live in peace...,1,0,2024-05-08T03:47:26Z,2024-05-08T03:47:26Z
Ugxzx_Y3tcviNojc5594AaABAg,@Youngpimpin1124,The misspelling on this video 😅 Stay in school kids,1,0,2025-05-09T01:25:11Z,2025-05-09T01:25:11Z
UgxtHoo-aDxS_lLxbP14AaABAg,@YNW_QI,"I don't even want to diss you anymore, got me second guessing... Lol bet!!!😂😂😂 Crodie must have wrote this 😅",0,0,2024-05-08T17:41:38Z,2024-05-08T17:41:38Z
UgxourI_ZJiwX-s4tNl4AaABAg,@stacydeb6613,I know a backtrack when I see one!!!,0,0,2024-08-23T17:26:43Z,2024-08-23T17:26:43Z
UgwRq5JQRI746YSUlwl4AaABAg,@Boosted2014,"War general, jacket covered in medals honor and decoration. That’s gotta be one of the funniest things Aubrey ever said. 

It would be cool if he wasn’t fronting about it, just say you grew up in a nice home, nice neighborhood with nice friends and a nice school and a nice life. Stop acting hard, people already hate you.",1,0,2024-06-01T17:38:27Z,2024-06-01T17:38:27Z
Ugza_gPZ0ypMiXGwLx14AaABAg,@lyfe7770,Certified hood tragedy,0,0,2025-02-24T23:38:40Z,2025-02-24T23:38:40Z
Ugwk9M_CnLsiVUWTvE54AaABAg,@princess_parmesan,Womp womp 😊,0,0,2024-07-02T15:23:39Z,2024-07-02T15:23:39Z
UgxTQ26a24bCifsbDip4AaABAg,@Tellmac92,He can rap,1,0,2025-04-18T12:15:13Z,2025-04-18T12:15:13Z
UgwDbyXzrBqJFurGPBd4AaABAg,@henrykesse6760,I never looked twice at teenagers.....😂😂😂😂😂,1,0,2025-01-11T14:00:07Z,2025-01-11T14:00:07Z
UgwrrrlILuXkthxjVHt4AaABAg,@itsjaililly111,"""The ones you get your stories from they all clowns"" and later ""we plotted for weeks and fed you the information""",0,0,2024-08-14T05:00:25Z,2024-08-14T05:00:25Z
Ugw1nSSepha1PlyCQq54AaABAg,@noirsinbad,Bro went on that rhyme website and went to town,0,0,2024-06-13T07:15:56Z,2024-06-13T07:15:56Z
UgxVM-KVAjcy45RXfYl4AaABAg,@Kenriah.2011,"Drake-*tells metro to go make some beats*

Metro-""BBL DRIZZY""

Drake-""metro i need a beat for my next diss""

Metro-*sends him BBL DRIZZY*",0,0,2024-05-15T01:01:15Z,2024-05-15T01:01:15Z
Ugy0XvwGmIgkuuQys694AaABAg,@kingty8010,Damn drake just keeps digging Kendrick’s grave deeper and deeper,1,0,2024-05-15T07:34:58Z,2024-05-15T07:34:58Z
UgzJApx3Ltur6cZFC-h4AaABAg,@cpt999,"Kendrick Lamar is very poetic with his diss tracks, meanwhile Drake's disses are similar to Ice Spice's!",1,0,2024-07-16T05:26:06Z,2024-07-16T05:26:06Z
UgzLsVFEqVrgXN2zenB4AaABAg,@itzrealking1090,This song so ahhh,0,0,2025-02-13T09:12:25Z,2025-02-13T09:12:25Z
UgxnCDTG-ptRds_rKdx4AaABAg,@markmagnolia,imo they are tied,0,0,2024-05-08T00:23:21Z,2024-05-08T00:23:21Z
Ugx5juvwL1plKBXvzZt4AaABAg,@Daniel-ri2dy,Not even close kendrick has killed this mans career and by the sounds of it is outside his house trying to actually kill him,0,0,2024-05-08T01:10:54Z,2024-05-08T01:10:54Z
UgxQ0DBzxPZ-KrtAHZd4AaABAg,@hexagonoctogon3140,Well done drizzy 👏🏾,0,0,2024-05-08T00:00:26Z,2024-05-08T00:00:26Z
UgxCQX4qKH4bBOnjFjN4AaABAg,@move7657,He was like you only said 'a minorrrr' because of your trauma as a minor. Like wtf,1,0,2024-05-07T19:45:26Z,2024-05-07T19:45:26Z
Ugw69dyoAynh2E8VuZZ4AaABAg,@syoung4724,Am I the only person who yawned half way through this song?,1,1,2024-05-15T06:59:56Z,2024-05-15T06:59:56Z
UgwSVeCaS-MZiQb1Tch4AaABAg,@jasonsims6273,It’s like he tried to cook Kendrick but forgot to turn the stove on.,0,0,2024-05-31T03:27:36Z,2024-05-31T03:27:36Z
UgzPMcN5iaHfG82Tsk94AaABAg,@NARASGAMING,I'm just waiting for Kendrick responses... I can't wait to hear it 😁,0,1,2024-05-23T17:03:25Z,2024-05-23T17:03:25Z
UgwQBNyAUa9kowKPxtp4AaABAg,@Novadababy,Check wikipedia at all drake diss songs its like 2 -5 ghostwriters on each diss track 20v1 😂,0,0,2024-05-08T11:32:39Z,2024-05-08T11:32:39Z
UgxDQYR9ajqLueGFcQx4AaABAg,@ashleelewis2183,Both have good responses. I'm surprised Drake is holding his own and I thought Kendrick would do better. Neither are winning or losing,2,2,2024-06-23T19:05:18Z,2024-06-23T19:05:18Z
Ugx3Rx7NBJWk8tg1MW94AaABAg,@LeahLayah,"It’s iight, not horrible, but definitely not repeat worthy like, Not Like Us. Bout to listen to that right now😂",1,2,2024-07-09T09:18:24Z,2024-07-09T09:18:24Z
UgzwDSl9NOInNWnlQvF4AaABAg,@darrynnefdt8933,W,1,1,2024-06-26T17:58:39Z,2024-06-26T17:58:39Z
Ugz-ABK8I5Jc4-bDaRp4AaABAg,@markpromise375,"“I don’t wanna diss you anymore, this really got me second guessing “😊",0,1,2024-07-12T10:59:47Z,2024-07-12T10:59:47Z
Ugw56a5zSc_k9DLPpqJ4AaABAg,@salicecanady6522,Why would Drake want Kendrick to spread that he has an 11-year old daughter? And who is this girl's mother?  How old was the mother when she had the baby?,1,0,2024-06-23T23:00:24Z,2024-06-23T23:00:24Z
Ugz5WuyfL3ZS4-TQufF4AaABAg,@charisleighmusic,Did… Did he just say he’s too famous to be a sex offender?,2,0,2024-08-24T13:18:00Z,2024-08-24T13:18:00Z
UgwbwcMl6Cu15PsHh-d4AaABAg,@iCarroller,You know lamar won when drake is complementing and saying he doesn't wanna continue.,0,0,2024-05-17T11:28:49Z,2024-05-17T11:28:49Z
UgwvrDVyYJS6okTVFWJ4AaABAg,@snozukii,4:13 W pen game,1,0,2026-07-17T14:57:28Z,2026-07-17T14:57:28Z
UgxFtRyG1eHNgZbARtl4AaABAg,@sunrise1975,KBots are lurking 😅,1,0,2024-12-23T13:28:27Z,2024-12-23T13:28:27Z
UgyLiwTC1e-T9H-oMiV4AaABAg,@A9_PancakeRblx,WILD Bro Who Winning out of Them Two,0,0,2024-07-25T11:27:20Z,2024-07-25T11:27:20Z
UgwAZap6bPChGiKhuHZ4AaABAg,@detroitMC313,People are underrating this.,0,0,2024-05-08T04:37:05Z,2024-05-08T04:37:05Z
Ugz3qQOb8WhaHemIKzF4AaABAg,@JCfromJohto,How do you consistently get the lyrics wrong it's insane,1,0,2024-09-10T18:39:54Z,2024-09-10T18:39:54Z
UgzWxBn9Yskhs5iNma94AaABAg,@coreyjohnson3985,Not bad for being on the defensive,1,0,2024-07-20T08:23:58Z,2024-07-20T08:23:58Z
UgwijLfHwgWbN4XBzKl4AaABAg,@Nightboomfer,“Where’s my boing? Turn up my boing!”,0,0,2024-05-18T13:59:17Z,2024-05-18T13:59:17Z
UgzxskNwtLFtic8vMOx4AaABAg,@TheSincereb11,This is why people have lawyers..Drake made himself sound guilty.,0,0,2024-05-12T11:20:10Z,2024-05-12T11:20:10Z
Ugxb-P-mfs8d6tb0qmR4AaABAg,@RPG-6,he wont have bars when hes behind them,1,0,2024-06-05T03:24:30Z,2024-06-05T03:24:30Z
UgyS5k9P3rUTXamX2ZB4AaABAg,@DudeMan-u9h,"this is giving ""nuh uh"" vibes",0,0,2024-06-30T06:45:43Z,2024-06-30T06:45:43Z
UgyIgjovBGnSg_DFZhx4AaABAg,@aviinixty,"B sharp (B#) is just C, and the relative minor, which is the key that shares the same key signature as C is A minor.",0,0,2024-07-19T22:59:43Z,2024-07-19T22:59:43Z
UgxjW3UALwp21fJYcC54AaABAg,@RlBBZ,That was brutal Aubrey..,0,0,2024-05-10T21:03:55Z,2024-05-10T21:03:55Z
UgwmWUC2IMDoZixymkB4AaABAg,@AlMilan-r3h,"""The one you getting your stories from they all clowns""

""We plotted for a week and then we fed you the information""",0,0,2024-06-30T02:55:56Z,2024-06-30T02:55:56Z
UgxiesidpU2PSn0oWnB4AaABAg,@spookmagooked3017,"People saying that Kendrick ""took the bait"" that Drake purposefully had people tell lies to Kendrick, how come he also called those guys clowns then? If they working for Drake that don't make any sense...",1,0,2024-09-09T19:21:58Z,2024-09-09T19:21:58Z
Ugz0c_4QVwK8CDwzbud4AaABAg,@marcusaurelias399,Ok Diddy,1,0,2024-05-20T01:40:15Z,2024-05-20T01:40:15Z
UgygMlYt_EsB9Dfrtbl4AaABAg,@jazzshioma8262,B sharp 😂😂😂😂😂😂,1,0,2024-12-09T18:52:46Z,2024-12-09T18:52:46Z
UgxWDTQOVUGjv2rDwsl4AaABAg,@d3scribe130,He murdered CRAZY,0,0,2025-03-03T15:30:09Z,2025-03-03T15:30:09Z
Ugz198TBzjQtRSmlhNh4AaABAg,@Dee_27-L,"Drake really has a good voice, he's music gets at me",0,0,2024-09-13T12:03:52Z,2024-09-13T12:03:52Z
UgydtVqnI7CdOUC5_DJ4AaABAg,@averagedayz6608,Breading resentment 😂,0,0,2025-02-12T17:29:06Z,2025-02-12T17:29:06Z
Ugya0hbgT5oiTXgVSOp4AaABAg,@bodynocap2x859,This world is filled with so much hate it’s sad,1,0,2024-05-08T17:18:06Z,2024-05-08T17:18:06Z
Ugym-LVMC37yVk_w98t4AaABAg,@GaZflow,👻📝,0,0,2024-05-08T01:14:46Z,2024-05-08T01:14:46Z
UgyNFAkOe6_wzdLoc5d4AaABAg,@DeeDee-bk5jr,"This sounds like Kendrick got Drake on the ropes, but I don't know. Even R Kelly said he didn't do it, look where he at now.",1,0,2024-05-08T02:36:51Z,2024-05-08T02:36:51Z
Ugzr7Lwyat54CZk-ulh4AaABAg,@idek-d2t,COOKED,0,0,2024-05-17T20:02:19Z,2024-05-17T20:02:19Z
UgwT6XCV0wbT8_yySgJ4AaABAg,@gionet1234,Drake said“you thought you left D flat but D major/ D made ya”. 🔥🔥🔥🔥🔥🔥 GOAT,0,0,2025-12-02T03:01:43Z,2025-12-02T03:01:43Z
UgxkwO5cyH0Y5M5nDTB4AaABAg,@MalenaCPH,"bro, you start of with a mistake in the fist sentence. And that is coming from me, a white girl in. Denmark.",1,0,2024-06-11T11:42:28Z,2024-06-11T11:42:28Z
UgxJW6hIyAckvMoDO1F4AaABAg,@Stonedbydefault420,"Idk why I thought about Kendrick’s verse in black lip bastard song. But either way, that whole verse bodies this whole thing especially with delivery",0,0,2024-12-02T09:56:46Z,2024-12-02T09:56:46Z
Ugxh1nTreQAsnRSXPA94AaABAg,@jaysalazar4835,Damn Drake got the recipe YMCMB,0,0,2025-02-14T23:01:49Z,2025-02-14T23:01:49Z
UgxmF_K8W2Y1k_UGE114AaABAg,@Networkelise,Now drake what the☺️,0,0,2024-06-03T05:47:34Z,2024-06-03T05:47:34Z
UgykvSb02fPiYmkRH3h4AaABAg,@adavtalib3230,I wasn't a Drake fan but since the whole industry hate him including internet junkies that don't know a thing about rap music...I'm on his side....💯,1,0,2024-05-27T20:38:18Z,2024-05-27T20:38:18Z
UgwNxQ1Jy3Hena9sXZJ4AaABAg,@FlanmanBandz,":05 ""Alright the surprise???""... it's pulitzer(or however it's spelled) prize winner ""!!

We get dumber and dumber as a society because people just continue to put untrue thing's into the world... one person's ignorance,spreads to hundreds, and thousands of other ignorant people 😂😂❤😮😢",1,0,2024-11-20T17:35:24Z,2024-11-20T17:37:19Z
UgxPRUcadXmwfwNmZa94AaABAg,@nemsa_g,This what happens when he writes his own raps,0,0,2025-05-21T10:52:00Z,2025-05-21T10:52:00Z
Ugx1wR5cnsy_g6iJq9F4AaABAg,@MannanRawahi,Ghost writers on 🔥🔥🔥,0,0,2024-05-07T19:09:35Z,2024-05-07T19:09:35Z
Ugzvpq6XBvf8rdN0p_F4AaABAg,@ratchett20gz,Meet the Grahams was weak af too  6:16 in L.A. was week af also! Euphoria and the OV Ho song was fire though. So it's really 2 to 2 😂,0,1,2024-05-09T20:49:01Z,2024-05-09T20:49:01Z
UgwZAnCsqIWumfNl8zZ4AaABAg,@SteveManali-c2h,"Drake sure you sounding like ""no I didn't do that no""",0,0,2024-05-24T23:22:23Z,2024-05-24T23:22:23Z
UgxNGmQmN8Zk91owM1R4AaABAg,@Deadsho3ts,TEAM DRAKE,2,0,2025-08-18T14:12:17Z,2025-08-18T14:12:17Z
UgwEOUo_QG3zPT2NJF94AaABAg,@LuneMurdock,lowkey he thought this was gone work again the same flow on this beat that he used in Charged up in then try in hit a club hit but it didnt work this time jus like it aint work with Pusha TN he said he never loook at no lil gurl twice lol so dat mean u been watchin the first time,1,0,2024-06-10T22:06:33Z,2024-06-10T22:09:56Z
UgxpAkHReEoHSDda5Y94AaABAg,@nikilomano5887,Bro just done whole track trying to prove his innocence 🤣🤣,1,1,2024-05-16T10:56:45Z,2024-05-16T10:56:45Z
Ugwg_vPF8FZwMVIwCTB4AaABAg,@im_seungmin148,"“I dont even want to diss you anymore “
Cuz you know that if he diss u back after u wouldn’t know what to say 😭💀",0,0,2024-06-30T17:53:54Z,2024-06-30T17:53:54Z
Ugyk7akd_a3YhazvYX54AaABAg,@An_Athena_Kid,"If Drake shot a bullet,
Kendrick dropped a whole damn nuke🗣",1,0,2024-07-02T09:37:29Z,2024-07-02T09:37:29Z
Ugy0l208thSGlvTZnPV4AaABAg,@Sundance990,"Funniest part about him adding the piano notes to the record;
A minor was the highest note",0,0,2024-06-28T20:46:02Z,2024-06-28T20:46:02Z
Ugx8UlbA9RPiO1uVxXZ4AaABAg,@mlc6893,"Am i the only one who noticed drake dissed himself without realizing when he said ""he ain't fighting a woman beater it feeds his(kendrick's) ego"". What i heard him jus say is that kendrick would be beating a woman if drake continued the battle😂",0,0,2024-05-31T01:30:30Z,2024-05-31T02:24:11Z
UgznuqGygb_z7kMpPCB4AaABAg,@DavonsMedia,Wonder who wrote this,0,0,2024-05-31T14:42:09Z,2024-05-31T14:42:09Z
Ugy6hbhWqDkGC_tVflt4AaABAg,@NationStar642,This song bout to be relevant 😅,0,0,2026-03-12T00:47:39Z,2026-03-12T00:47:39Z
Ugyo1SPZHXszV-Q-yER4AaABAg,@Mikeybee115,"He said so Rick Ross air like that one fight from Malaysia, then Rick Ross plane had to do an emergency crash landing🤔😂😂dammmmmm",0,0,2024-05-12T05:01:24Z,2024-05-12T05:01:24Z
UgyYn2_u_Xu0YuEGfbN4AaABAg,@KhevynWallace,#Drake - The Heart Part 6 💙,1,0,2024-09-01T14:47:17Z,2024-09-01T14:48:49Z
UgyQ-SoeJQvKXfMU_ex4AaABAg,@jamailcouncil969,If this would've gotten radio play Kendrick was done 😮😮,0,0,2025-02-18T16:45:57Z,2025-02-18T16:45:57Z
UgwQMUKsH_-U3gJ5Xr94AaABAg,@ipvpdatazz8705,This may be the hardest hitting verse in the whole battle,0,0,2025-03-12T04:17:26Z,2025-03-12T04:17:26Z
Ugxvnkwo_cZ58T7YfB54AaABAg,@DoogieBop,"The fact that at the end of the song it says “prove it” implying Kendrick knows, but he doesn’t have the “evidence”",0,0,2024-05-09T16:37:26Z,2024-05-09T16:37:26Z
Ugz26iK2S82D00no3ER4AaABAg,@LukangNsele-po3fq,Drake was tryna be deep 😁,1,0,2024-07-08T16:33:42Z,2024-07-08T16:33:42Z
UgydMhQHwojoZE_eZqF4AaABAg,@hugoschkiglitz,"Misstep after misstep from Drake, strategy after strategy from Kendrick.  This battle will be studied for years 😂 poor Drake.",0,0,2025-01-11T00:23:55Z,2025-01-11T00:23:55Z
Ugx-zCq1TVf6ZQOJjmJ4AaABAg,@jayoetravels3702,Drake is the greatest,2,1,2024-06-01T19:46:00Z,2024-06-01T19:46:00Z
UgzSw3awFQxsD15XG894AaABAg,@WolfOfMusicAndStocks,I honestly didn't know drake dropped this after not like us. Everyone is still turnt to not like us and the gnx album and that's probably why I didn't even hear this diss 😂😂,0,0,2025-01-31T05:44:37Z,2025-01-31T05:44:37Z
Ugz5Rqo4M322c3YqXPR4AaABAg,@bizardugrenier,😂😂😂 i expected,0,0,2024-05-08T16:42:14Z,2024-05-08T16:42:14Z
UgwZsSE5w-HAdJnFdhB4AaABAg,@Stthomasvi,Not like us,1,0,2024-05-19T10:58:21Z,2024-05-19T10:58:21Z
UgyQxYd23Jemh_6byMZ4AaABAg,@steezus420,People that say Drake won are delusional.,1,0,2024-12-11T02:12:03Z,2024-12-11T02:12:03Z
UgxR-VSXN4_uU4dGUCN4AaABAg,@yarinformisher5932,D madeeee ya,0,0,2024-05-26T13:05:48Z,2024-05-26T13:05:48Z
Ugw4-zdf3YfB6cn7SmJ4AaABAg,@nowherenora4111,3:04 okay MH370 mentioned? It’s Malaysia btw not Malaja 😅,0,0,2025-03-15T05:17:31Z,2025-03-15T05:17:31Z
Ugyh9xZdr6HcwA4yurx4AaABAg,@alexniki18,"""If i was a pedophile i was wouldven been arested""
Meanwhile Diddy- How could you!!!!",1,0,2024-05-10T19:29:10Z,2024-05-10T19:29:10Z
UgwvHWQmW5n-YfMUaFR4AaABAg,@herenazano2132,"Kendrick :  1 2 3 4 5 plus 5 ! 
Drake      :   

",0,0,2024-06-08T07:00:48Z,2024-06-08T07:01:32Z
UgxE0iyu4GlZVegUWTp4AaABAg,@Bowedilly,This still the real heart pt 6,0,0,2024-12-22T00:26:58Z,2024-12-22T00:26:58Z
UgzNGD6P9IP3qzsdeVR4AaABAg,@Wanderer-lj1gt,"Nahhh there's no fucking way drake fans are genuinely still saying that drake is winning this when Kendrick had ALLLL that shit on him in the diss and Drake's ONLY comeback was ""uh, nah I didn't"" 😭",0,0,2024-05-08T05:06:32Z,2024-05-08T05:06:51Z
UgxFz7qKNkTMYbWtEd54AaABAg,@ISGImstillgrowing,"This is not a rap diss, this a rap defense",0,0,2024-06-08T08:25:07Z,2024-06-08T08:25:07Z
UgwPzxAIQSbE-8XC7Jp4AaABAg,@antoniobenitez8081,He tried😂,1,0,2024-05-14T22:57:02Z,2024-05-14T22:57:02Z
Ugzi8zhFgfbGPT6IX9N4AaABAg,@charlesgoldie2241,Farrrrrk??!!!!! Damn you his is good 👍🏾 I can’t call it myself,0,0,2024-05-24T02:36:39Z,2024-05-24T02:36:39Z
Ugw4K2fxCqRhd6z_EWl4AaABAg,@Kold1Muzik,This shit is like his own eulogy,0,0,2025-03-12T15:46:21Z,2025-03-12T15:46:21Z
UgwIpOG-mxIeksaXFVt4AaABAg,@tytaylor6722,"Wow, it’s a lot of people that meet Kendrick not to be lying lol",0,0,2024-05-09T01:27:37Z,2024-05-09T01:27:37Z
Ugx7ZpdFgDxCVe2SPRd4AaABAg,@ireallydontknowman895,yo quick tip xd: u can go to genius and find the actual lyrics instead of calling the pulitzer prize a surprise,1,0,2024-07-23T11:08:33Z,2024-07-23T11:08:33Z
UgyhPefl3N25sRqYcgR4AaABAg,@LGEclipse_SERAPHIM,when this song came out drake started winning the battle,1,1,2024-05-27T02:17:53Z,2024-05-27T02:17:53Z
UgzLzvU_BrWIr78u5HB4AaABAg,@ProfitCrest-o7c,"This ain't a diss it's a ""let me tell u something!!""",0,0,2024-05-09T15:09:13Z,2024-05-09T15:09:13Z
UgyPo7D78UhV2NkZ5XZ4AaABAg,@xkxmxnx,"Accidentally stumbled on this entire thing tonight and have now listened to them all.
I dont have a horse in this race, but as an outsider, I feel like Kendrick is just dragging Drake's defeated and bloodied body behind him right now 🤣
Dude just made himself sound more guilty than Kendrick did 😂",0,0,2024-05-07T23:30:06Z,2024-05-07T23:30:06Z
UgxeKvLwHeSDJt5jf1p4AaABAg,@NewEnglandWilly11,Drake needs to pack it in. He’s over,1,0,2025-01-11T16:54:39Z,2025-01-11T16:54:39Z
UgyRyiMG5XEMRDu9a3p4AaABAg,@karanchhetri77,"This is not dissing, Drake's clearly defending himself from the allegations 😂",1,0,2024-12-05T18:00:00Z,2024-12-05T18:00:00Z
UgwPl5EWW2PdaIKgKTl4AaABAg,@FrazierUptown5,So many typos in this but i got the picture lol,0,0,2024-12-04T03:13:55Z,2024-12-04T03:13:55Z
UgyFWWItvEyRBfhw2Q54AaABAg,@Porterhouse601,No excuses. From now on we get platinum bars from both K dot & Drake b/c they both spoiled us with all this,0,0,2024-07-27T23:51:45Z,2024-07-27T23:51:45Z
UgzBb-AJvGSFfaQ5lth4AaABAg,@domib3873,Sound good but did he write it his self,0,0,2024-05-10T10:12:13Z,2024-05-10T10:12:13Z
UgytepZWx9FG2CuHq354AaABAg,@masonwintzel1189,Boy really got defensive tryna take eyes off him that's what it it hahahhahahhaaa,1,0,2024-06-01T09:30:31Z,2024-06-01T09:30:31Z
UgxYNW7ZyogdYzYdD814AaABAg,@Vysyntrix,YOUR HONOR! YOUR HONOR! IM NOT GUILTY I SWEAR!!!,0,0,2024-07-17T20:38:06Z,2024-07-17T20:38:06Z
UgwI2ViS6592SXieIYJ4AaABAg,@Zdabmurz85,Ai must've had a hard reset.,0,0,2024-05-31T00:04:20Z,2024-05-31T00:04:20Z
UgzbIxcQtsT9bVqwcZV4AaABAg,@Felo-mt4zy,Lmao this is better 😂,2,0,2024-11-22T18:36:58Z,2024-11-22T18:36:58Z
Ugy7MyZJ0iyrACr-Ezp4AaABAg,@alphonzoofficial7803,LMFAOO bro is even speaking trying to defend him self🤣,0,0,2024-05-12T16:50:23Z,2024-05-12T16:50:23Z
Ugw_cPwDl25BCiZoML94AaABAg,@KittyKiss8002,"""This shit was some good exercise"" He says, lying on the floor, bloody and bruised, with multiple stab wounds and bullet holes.",0,0,2025-09-06T18:38:39Z,2025-09-06T18:38:39Z
UgwV3_FYRTVVk9sEqXd4AaABAg,@all1yahhh,DRAKE ATEE,0,0,2024-05-07T23:14:44Z,2024-05-07T23:14:44Z
UgwUbPGgPsYqn5bDuOZ4AaABAg,@KevinWantsOnigiris14,"""The ones you getting your stories from they all clowns""
""We fed you the information""

""I am way too famous for the shit you just suggested""
So was P-Diddy.

""Mother I mother I mother I""
💀

Drake really told his ghost writers ""it's time for me to step up""",0,0,2025-05-16T02:35:27Z,2025-05-16T02:35:27Z
UgwYhMWja_5pmH2syAV4AaABAg,@marceloalvarez5088,Bros defense really was “prove it”,0,0,2024-05-07T21:30:39Z,2024-05-07T21:30:39Z
UgzR2C7N9MwyYBK-QNF4AaABAg,@laferickshowers1895,😂Song is so 🔥 it’s got the comments lit,1,0,2025-08-10T12:51:51Z,2025-08-10T12:51:51Z
Ugw4q4ZSTtiPXFWDKr14AaABAg,@Papa_Disko,The last track Dot gave him a father lecture. This track is the son saying whatever he can to make the asswhoopin stop.,0,0,2024-05-07T21:34:25Z,2024-05-07T21:34:25Z
Ugy0ckEGJRrtf5GWOYp4AaABAg,@texaschelada8847,“Motivate you to get you back into the game” drake and his fans really think he revived kendricks career. As if kendrick didnt just come off tour in March 2024. His tour for big steppas ran from end of 2022 til early this year. Lol drake fans are wild,0,0,2024-09-20T18:10:52Z,2024-09-20T18:10:52Z
Ugwj4KJbkY9KNs3cidl4AaABAg,@rafeeqwarfield9690,Back after the new law suit,0,0,2025-01-15T18:48:20Z,2025-01-15T18:48:20Z
Ugy4dUnoiYCAVPm1K6Z4AaABAg,@ErikSalgado-b9g,The whole point is that Drake got way too many haters 😂😂😂😂😂😂😂,1,0,2026-04-20T15:23:32Z,2026-04-20T15:23:32Z
UgzRZ1twoO2_eOk32UV4AaABAg,@ShugoshaGaming-Fgc,This song has so much potential smh,0,0,2026-03-13T12:41:53Z,2026-03-13T12:41:53Z
UgyPoLevAdxqvSMkUWR4AaABAg,@JayCali13,naw on some gshyt!! the beat makers are going crazy in this beef!!,0,0,2024-05-10T01:57:34Z,2024-05-10T01:57:34Z
Ugwxx03re1YB4xauiix4AaABAg,@Cimbomsadecesampiyondur,it's giving good foot big foot,0,0,2024-05-19T14:56:23Z,2024-05-19T14:56:23Z
Ugz-52Wr6zs1XjJa7AR4AaABAg,@clare5688,the first line is undoubtably the pulitzer prize winner is definitely spiraling but thanks for the upload,0,3,2024-05-07T19:25:38Z,2024-05-07T19:26:02Z
UgyyKTOD5YxLx9dkGyd4AaABAg,@oldheadinspirit,"Jokes aside that ""breeding resentment"" was hard asf",0,0,2024-05-09T02:16:08Z,2024-05-09T02:16:08Z
UgzFXmMkkQSfMEUwqOl4AaABAg,@SHADOWJADE222,kendrick won before it even started.,0,0,2024-05-07T19:56:37Z,2024-05-07T19:56:37Z
UgyUDQ6sODG2cC67JFN4AaABAg,@SpawnBrawn,RIP Drake!,0,0,2024-07-16T19:50:04Z,2024-07-16T19:50:04Z
Ugxt6ny9uj7Iro8chmZ4AaABAg,@SpindleSpire,That.....was the thing he hit back with?,0,0,2024-06-04T01:18:22Z,2024-06-04T01:18:22Z
UgyRqVwrrtUQGmpOrt14AaABAg,@denaaulianurulannisa4294,"""Instead of being on some diss direct shit""- Drake that was exactly what Kendrick did in meet the grahams😂",0,0,2024-07-27T01:12:31Z,2024-07-27T01:12:31Z
UgyNwiVlXqKTIae3Mcl4AaABAg,@awocadomediaofficial664,WEAAAAK,0,0,2024-05-07T20:54:24Z,2024-05-07T20:54:24Z
UgxlFen0s80NmuWQbFd4AaABAg,@cub1cn01see,Mother ah~ Mother ahh~ Mother aah~,1,2,2024-06-19T22:48:20Z,2024-06-19T22:48:20Z
UgxJWLcZzSCE2mfnp0p4AaABAg,@Wenogotnxt,"Yall gotta listen, and break down.",0,0,2024-09-23T11:45:30Z,2024-09-23T11:45:30Z
UgyGX5lnZOqtXOnlfrp4AaABAg,@K-Choi,Drake really tryna keep it “PG”,0,0,2024-05-16T10:50:12Z,2024-05-16T10:50:12Z
UgwShqoTvrHsaM2l6tp4AaABAg,@kennethgrayjr2855,Ima hit maker no peace maker!!!!!!,0,0,2024-07-04T04:54:01Z,2024-07-04T04:54:01Z
Ugyv6M5R8LDkj0tVpYZ4AaABAg,@lucian2998,"Is Kendrick giving drake the ""you touch me 15 years ago and suing you now"" type of disses? And we all are failing over it 😂 and giving him a Grammy it's gotta be the realization",0,0,2024-06-29T21:44:59Z,2024-06-29T21:44:59Z
UgzJnr4rVpncCBkbo8p4AaABAg,@AshrafRichPoultry_Agric-Hub,An explaining song by Drake the beach,0,0,2024-07-19T09:21:33Z,2024-07-19T09:21:33Z
UgymUNiCWD0fWID7_Rh4AaABAg,@meoutthispiece9015,Sorry Drake we're not slow,1,0,2024-05-29T09:53:31Z,2024-05-29T09:53:31Z
UgzjfmLgNrFGg-ngoox4AaABAg,@mihlengqola3167,2 weeks from ICEMAN,1,0,2026-05-01T10:35:31Z,2026-05-01T10:35:31Z
Ugz-Dt82me1qlkcFniR4AaABAg,@BXNDX13,this a retreat and next kendrick diss will be the final blow,0,0,2024-05-07T23:29:01Z,2024-05-07T23:29:01Z
UgyFCAXEQXCmDSo8QDJ4AaABAg,@lilbeanb0i634,This isn't a diss this is a defense,0,0,2024-06-08T14:01:21Z,2024-06-08T14:01:21Z
Ugwxe8f3ORpYKpT8_ml4AaABAg,@Trixic_Freak,Why did beo just call the people giving him info clowns but than say he was giving info?.. it still works but still,0,0,2025-08-28T01:53:39Z,2025-08-28T01:53:39Z
Ugy5rQ9QUMC1y6DypHN4AaABAg,@KyngJay17.,Kendrick never mention millie bobby brown 😅 drake just sabotaged himself,1,0,2024-06-02T17:50:47Z,2024-06-02T17:50:47Z
Ugw3CIOVSk0xrJROoFh4AaABAg,@nonchalanc6,"This ain't diss track, it's a defence track lmfaom",0,0,2024-07-07T06:00:28Z,2024-07-07T06:00:28Z
Ugy_OyzGw9HD_5dw8Jh4AaABAg,@justandardprocedure,"B Sharp is not a note.

B Sharp is C.",1,0,2024-08-17T01:15:11Z,2024-08-17T01:15:11Z
Ugxhpcf_zBEBTx9T6Jt4AaABAg,@Lee_Lee-m7e,So fr drake is so fr,0,0,2024-05-16T18:45:59Z,2024-05-16T18:45:59Z
UgzYVHDAtj_7JkRdYrl4AaABAg,@Mavofromoz,🤦🏻‍♂️boy oh boy,0,0,2024-05-09T01:48:54Z,2024-05-09T01:48:54Z
Ugz4YrhsPQRhanf4V894AaABAg,@AOSiammusic,My woe defended him self against allegations so many times it makes me wonder!,0,0,2024-07-22T11:39:49Z,2024-07-22T11:39:49Z
UgxHupS5_vCbR9YBv5p4AaABAg,@ChickenTeriyakki,Drake was playing defense on this and not offense! Who’s winning? Kendrick with the sweep! 🧹,0,0,2024-05-09T08:51:37Z,2024-05-09T08:51:37Z
UgwqgdS1G7RTAhOpbZB4AaABAg,@BonganiMohoang,Drake all the way ❤️‍🔥❤️‍🔥🔥🔥🔥,0,0,2024-07-16T11:20:08Z,2024-07-16T11:20:08Z
UgyK1bYKA2zITr8D0H54AaABAg,@joshinjaynobeatz3767,"I hate that I love this beat selection, cause he still lost.",1,0,2024-05-09T00:32:24Z,2024-05-09T00:32:24Z
Ugww_hRYkdyR8cfjShd4AaABAg,@Anna6774,Do he talk about Kendrick Lamar mom sa,0,0,2024-05-26T02:02:32Z,2024-05-26T02:02:32Z
UgxvklRn2Ie0kCE6Zxt4AaABAg,@douglasmackbee3880,"It’s either the ghostwriter or the blackberry.
This the blackberry diss track.  #theblackertheberry",0,0,2025-03-10T02:56:29Z,2025-03-10T02:56:29Z
UgwFZd3NlGy5PpnTK0N4AaABAg,@Themexican2020,"This diss on Some “nu uh, nu uh, nu uh type shit😂😂😂",0,0,2024-06-24T01:27:49Z,2024-06-24T01:27:49Z
UgwrR5ZpbA8IAV3skZZ4AaABAg,@YonaliNunez,I heard that Drake was fighting with another person😂😂😂😂😅,0,0,2024-07-16T03:03:12Z,2024-07-16T03:03:12Z
UgxmC4NQdUvPqF70bGl4AaABAg,@bradleysintuition6027,"Yo this dudes talking on a beat like he's trying to read me his biography"" hehe",0,0,2024-05-30T02:25:44Z,2024-05-30T02:25:44Z
UgyUjPYSK9XH7kv6Pep4AaABAg,@laquishalockhart8914,How many times he had to say he not child predator is crazy say it one time ..now I feel like u tryna convince us🤦sad,0,0,2024-05-08T19:59:25Z,2024-05-08T19:59:25Z
Ugxp_VfRr7q4sqd_4zJ4AaABAg,@Huktuah,"Drake mad, kendrick eating his food",0,0,2024-07-27T19:31:06Z,2024-07-27T19:31:06Z
UgxHJIDUvOExdsszbGN4AaABAg,@Viciouslyvic,Who else is here bc they couldn’t understand drakes video for This song😭,0,0,2024-05-07T22:23:22Z,2024-05-07T22:23:22Z
UgyPbv_9Lwa52zDR9uB4AaABAg,@bebravechangeispossible9855,Bol made this whole track up😂😂,0,0,2025-03-23T04:10:21Z,2025-03-23T04:10:21Z
UgyPGKI9jbI6BLuzXJl4AaABAg,@shankisabell61,No drake why 😢😢😢,0,0,2024-07-04T23:09:50Z,2024-07-04T23:09:50Z
UgxWn-rzGdFPINzQpgh4AaABAg,@bruceadkins9147,Moon shinners,0,0,2024-05-08T19:43:31Z,2024-05-08T19:43:31Z
UgzTB-UvgKzP_HVWuG14AaABAg,@jasonmorgan705,kendrick fans!!,0,0,2024-06-07T20:06:19Z,2024-06-07T20:06:19Z
UgxPFRXtBEZTF-aumvl4AaABAg,@karkar106,Hahah😂😂😂😂,0,0,2024-07-18T19:39:49Z,2024-07-18T19:39:49Z
UgznuEeRhbwXdOVm-RR4AaABAg,@PeLtBoY,"This not a diss, its a cry for help",0,0,2024-07-05T17:04:51Z,2024-07-05T17:04:51Z
Ugx48ElsokHlxfx563h4AaABAg,@ultimatecar_55,2:54-3:07 the part that destroys lamar,1,0,2026-04-17T07:00:25Z,2026-04-17T07:00:25Z
Ugzdr5cYRJguq-aGKXt4AaABAg,@BelethorsGeneralGoodsStore,Kiss me kiss me now you gotta diss me,0,0,2024-05-18T18:07:50Z,2024-05-18T18:07:50Z
Ugz2N5M-YwhPJEcDdTF4AaABAg,@Stvr_berri3zz,WHO EVA SAID NUN ABOUT NO MILLY BRUH?,0,0,2024-10-29T05:20:22Z,2024-10-29T05:20:22Z
UgxBabhVFzUUCRgjP4N4AaABAg,@TilliMasterson,Thats not a rap that sounds like me holding my presentation with the text bro gave me two min ago 😂 bro just read of the Skript and put some Musik over it,0,0,2024-05-27T20:21:43Z,2024-05-27T20:21:43Z
UgyKl_CLRL8AZFM47Ed4AaABAg,@Lee-xx4fz,KENDRICK FOR THE WIN,0,0,2024-06-06T22:29:48Z,2024-06-06T22:29:48Z
UgxKYOhadsZuSgPwYYh4AaABAg,@Wakandacash3667,Is this a rapblogg?,0,0,2024-07-18T20:21:10Z,2024-07-18T20:21:10Z
UgwyPW-KRP2nj41493Z4AaABAg,@DPrizm215,K Dot made Drake get the thesaurus out,0,0,2024-05-10T22:46:09Z,2024-05-10T22:46:09Z
UgzMzhvgld7UmMQGcqF4AaABAg,@akhielsewpal7371,Shaggy ghost wrote this track,1,0,2024-05-08T22:57:58Z,2024-05-08T22:57:58Z
Ugz0ZYaQKcxa35rA0Il4AaABAg,@julianbud7334,So Audrey's the new Diddy lol.,0,0,2024-05-07T20:00:17Z,2024-05-07T20:00:17Z
UgzjW8077rzd7mBCXWt4AaABAg,@sergiovaldez3243,What about lil Wayne’s girl?,0,1,2024-05-08T15:37:44Z,2024-05-08T15:37:44Z
UgxHr3IlwSIYYwKX9it4AaABAg,@mulaprince,Drake won the beef for me,1,1,2024-05-14T17:57:15Z,2024-05-14T17:57:15Z
UgyELQOvJpI_z4HWCbx4AaABAg,@NoahMachado-q2s,"Touch my body by Mariah Carey play , you probably start reflecting 🤣 ..... Bro wtf 🤣",0,0,2024-09-21T08:38:05Z,2024-09-21T08:38:05Z
UgwY4yuBFi-SN-8Ltbh4AaABAg,@MrNino235,Really wonder if Drake wrote this,0,0,2025-02-28T15:08:17Z,2025-02-28T15:08:17Z
Ugwk074ESPKsvJdydrx4AaABAg,@JDtheGemini13,They not like us😂,0,0,2024-07-17T09:00:31Z,2024-07-17T09:00:31Z
Ugzhy2yngOahq_EkrG54AaABAg,@avinav007,Nice !! Screw these kendrick stans !! Time for kungfu kenny to reply back !!!😂,0,0,2024-05-17T11:23:58Z,2024-05-17T11:23:58Z
UgzjCHHNrbxju9Tzf0h4AaABAg,@justingragg5877,That shit was wake so hands down Kendrick definitely won,0,0,2024-05-30T20:37:43Z,2024-05-30T20:37:43Z
Ugyidx_6CG-gIgszRPB4AaABAg,@iice_cream_mann,"The Pulitzer Prize winner is definitely spiraling**

Very first line is wrong… don’t think I’ll continue this video…",0,0,2024-09-01T02:46:58Z,2024-09-01T02:46:58Z
Ugzsn91U0el6zOjhGyZ4AaABAg,@67WSW,He never called him a rat he said I know things about you that makes gunna wanna seem like a saint and he said he has pedos on payroll which is paperwork on that there’s proof of it so idk if drake is just trying to distract people with it or he genuinely isn’t smart enough to understand what the man meant,0,0,2024-12-28T15:03:05Z,2024-12-28T15:03:05Z
UgwwnYiwEeh6QA-wZf14AaABAg,@Del_116,It’s the fact that he didn’t one true thing about Kendrick.  If he did that’s would have been heat .,0,0,2024-06-03T00:22:53Z,2024-06-03T00:22:53Z
UgyxtWOyi25vHg0EeMl4AaABAg,@notericarifkin,These comments did not disappoint,0,0,2024-05-07T23:17:56Z,2024-05-07T23:17:56Z
UgwP-fdD2Em9PSYo6ep4AaABAg,@user-ju5xr6gw9q,Why did he start complimenting him at the end 😭😭😭,0,0,2024-07-05T23:29:40Z,2024-07-05T23:29:40Z
Ugx2OG9kAgNxOiEcv_14AaABAg,@SkyGerald,When you running a race and someone stops who wins? Think about it....who dropped the last diss track? Who stopped running the race?,0,0,2026-05-06T22:30:06Z,2026-05-06T22:30:06Z
Ugyggh-SuZ5s02K-jah4AaABAg,@RekoHarmon,The irony is he said Kendrick wasn't petty enough but didn't realize Kendrick is super petty 😂😂,0,0,2024-07-11T17:35:03Z,2024-07-11T17:35:03Z
UgxPRFSRONSeq74WhbZ4AaABAg,@DonaldThompson-m1p,Keegan Row,0,0,2024-09-13T06:05:37Z,2024-09-13T06:05:37Z
UgzeQCSKvAbqQQAnndh4AaABAg,@alphonzoofficial7803,LMFAOOOO these comments are Gold🤣🤣🤣 they all switching his lyrics on him,0,0,2024-05-12T16:44:52Z,2024-05-12T16:44:52Z
UgwA3Vs59idJm9sgRoN4AaABAg,@LaidyMelendez-o4o,2:11 2:23,1,1,2024-08-25T19:19:05Z,2024-08-25T19:19:05Z
UgxIlzSM9W7_oT1dKk54AaABAg,@kevinsullivan3148,wow Yup kendrick was right here cones the retreat,0,0,2024-07-05T04:13:54Z,2024-07-05T04:13:54Z
UgyeB8yDJiuH5Ux0jNZ4AaABAg,@robertwatkins4121,Drake been real quiet since pusha t dropped,0,0,2024-05-13T18:03:11Z,2024-05-13T18:03:11Z
UgzZ5jjxy7AJ2_QPE1B4AaABAg,@Illegaldrags,"Say whatever url want aboit this song amd songs to come , kendrick killed drake for a life time😂😂😂😂😂",1,0,2024-06-22T19:53:38Z,2024-06-22T19:53:38Z
Ugya_iwOUQ1pCCOXaKZ4AaABAg,@PaulDouglas-g3s,Sad,0,0,2024-06-04T23:15:53Z,2024-06-04T23:15:53Z
UgykuyJpi2zqGHZMsYp4AaABAg,@Sephajones,Drake is good I hope everyone gets over this and drake can get back to making good music. I don’t care what he did…😢,0,0,2024-05-14T08:39:13Z,2024-05-14T08:39:13Z
Ugy2KfaYe8CD9XD8dqJ4AaABAg,@angelroberson5081,Who in their RIGHT mind would feed someone THAT diabolical stuff and then sue?  Sue YOURSELF.  You are the SOURCE of the alleged MIsinfor...I mean information.  You started it. Live with it.,0,0,2025-03-16T22:58:29Z,2025-03-16T22:59:34Z
UgwGZeKdG8pKXEg8a_14AaABAg,@MrGoob19,2:26,0,0,2024-07-04T09:07:24Z,2025-01-10T10:06:32Z
Ugx4DtMPTWOpC7z6OBN4AaABAg,@TrappinApps,He sound like he listened to Em and started,0,0,2024-09-10T13:42:17Z,2024-09-10T13:42:17Z
Ugy4tHp8A9K_xX7a34t4AaABAg,@imZemii,It’s crazy ppl ain’t hearing what drake saying he killed out kdots accusations then talked ab how his bm fw his manager kdot didn’t come out and say anything ab that drake still up🤷‍♂️,0,0,2024-05-24T11:23:32Z,2024-05-24T11:23:32Z
UgwxHSeGDDZNZ1aeiDZ4AaABAg,@stacydeb6613,Why tf did he even make this?,1,0,2024-08-23T17:26:08Z,2024-08-23T17:26:08Z
UgyVAa9I-RAL_cE0Q1d4AaABAg,@KuroSenso,"Capitulaaaation song...🎶
Extricaaaaate yourself...🎶
From any further roasting...🎶",0,0,2025-01-10T07:24:35Z,2025-01-10T07:24:35Z
Ugx538MZm6_-9PiYfAt4AaABAg,@JosephToko82,Song is wake,0,0,2024-08-08T23:35:17Z,2024-08-08T23:35:17Z
Ugydw-ZqmYmIlgW7-C14AaABAg,@LaidyMelendez-o4o,4:20 thats proof,0,0,2024-08-25T19:24:07Z,2024-08-25T19:24:07Z
Ugx9d9fQ8K-V7-RvJ0p4AaABAg,@AndrewJackson-p9h,"Ayo Drake, are you taking a break or quit as a rapper?",0,0,2025-01-19T21:11:26Z,2025-01-19T21:11:26Z
UgwDRW2wLTLb0PVgWHd4AaABAg,@ovosweatshop,#davefree,1,0,2026-03-30T13:39:23Z,2026-03-30T13:39:23Z
UgxGcHVP5u7jxZr_3Th4AaABAg,@walterbachez4922,"""Let me tell you something"" ahh diss",0,0,2024-05-18T08:55:20Z,2024-05-18T08:55:35Z
Ugxgjd4QxE2IoN6IPDx4AaABAg,@ReinaRave,Nah nah nah … you done OV HO,0,0,2024-06-09T19:28:34Z,2024-06-09T19:28:34Z
Ugz_VXVjrm2KPDjeLvl4AaABAg,@creightonsolomon3908,"Really Bro!?😕
Silence is golden🤫🤐",0,0,2024-05-25T11:12:26Z,2024-05-25T11:12:26Z
UgzGs6as1WDYMyd2u_t4AaABAg,@junesports13,How is the people the gave him stories all clowns and a few bars later we gave you the information,1,1,2025-01-11T17:29:51Z,2025-01-11T17:29:51Z
UgwqM_mwVCCk-J---Q94AaABAg,@mariah.lynnxx,"So literally from just listening to drakes side, I have discovered that he body shames women, makes fun of SA victims, uses peoples voices for AI without their permission (and even people who aren’t alive anymore), talks mostly about fame and power, thinks that because of how famous he is, he wouldn’t have done any of the things he was accused of, and thinks that if he was a child molester, he would be arrested already (doesn’t always work like that bud). Did I leave anything out? 
Btw, I don’t listen to rap a whole lot, and am new to both drake and Kendrick Lamar, and this is literally my first take on drake, just from listening to his side.",0,0,2024-05-08T00:30:17Z,2024-05-08T00:30:17Z
UgxCZ3RDRKlKy4YQmJd4AaABAg,@JayTaylor-x5n,Song should be called white flag,2,0,2024-06-14T21:19:05Z,2024-06-14T21:19:05Z
UgzqWspqUA3XDROOiDl4AaABAg,@jeraldwilliams8620,Weezy wrote this!!! It’s dope as hell tho.,0,0,2024-05-07T20:05:53Z,2024-05-07T20:05:53Z
UgwhwK1QKgV-QQLkF7x4AaABAg,@zenerationstudio,There is no B sharp.. tells you a lot about how much music Drake knows,0,0,2024-06-07T14:20:12Z,2024-06-07T14:20:12Z
Ugy5lT456LtBIWsg_pB4AaABAg,@NoUNfoMe,He sounds defeated 😂😂😂😂,0,0,2024-07-20T23:05:44Z,2024-07-20T23:05:44Z
UgwR9mrjIr6m2IXHS0J4AaABAg,@R0CKAFELLA,sounds like a souncloud rapper,0,0,2024-07-07T05:29:20Z,2024-07-07T05:29:20Z
UgzTKkhj5fMeW1t0GHB4AaABAg,@bradleysintuition6027,"what kind of mickey mouse club house shit is this! "" THATS A AWFULLY HOT COFFEE  POT"" lmfaooooo",0,0,2024-05-30T02:29:37Z,2024-05-30T02:29:37Z
UgzVSMzs0IzMKqV9XpR4AaABAg,@jonathanhebert9932,Kendrick stans will say it’s weak,0,0,2025-02-19T18:48:40Z,2025-02-19T18:48:40Z
UgyFUJLfFFngcRVZCLV4AaABAg,@nyclassic4ever130,Thats it??? Chatgpt...slackin nowadays.,0,0,2024-07-20T10:38:06Z,2024-07-20T10:38:06Z
Ugx91ffxgeJ3OMdXe1x4AaABAg,@ShaunGray-d2x5c,Kendrick is winning,1,0,2025-05-01T12:49:22Z,2025-05-01T12:49:22Z
UgyycNExAa3g1itaWad4AaABAg,@OldSoulNewLife,I still can’t believe Kendrick lost 🫠,0,0,2024-09-20T18:13:03Z,2024-09-20T18:13:03Z
Ugy7PO04cgpZ6znfJrZ4AaABAg,@BYT225,Awww my heart goes to Drake lol he upset  Kdot came with  receipts he  schooled and grooved.  But I'll say  we needed this Butt  kDot for the win still cuz you  are not like us!!,0,0,2024-06-22T12:12:46Z,2024-06-22T12:12:46Z
Ugwz22wqC6900UEfApx4AaABAg,@YZ80CC,I think I heard him sniffing at some point,0,0,2024-07-12T22:22:03Z,2024-07-12T22:22:03Z
UgzMn6nFwtwdE-a2KxJ4AaABAg,@YonaliNunez,I can't tell his English😊,0,0,2024-07-16T03:04:02Z,2024-07-16T03:04:02Z
UgxIRzqk2js-7LMLFyF4AaABAg,@pawmember729,This sus,1,0,2024-05-11T14:24:45Z,2024-05-11T14:24:45Z
Ugx6UF-6lBpVkykgCiN4AaABAg,@sclasspromo,Has anyone found the daughter yet,0,0,2025-12-25T21:59:30Z,2025-12-25T21:59:30Z
UgwzmMk9oX5-achLI1d4AaABAg,@Mavofromoz,First defense track lmfao,0,0,2024-05-09T01:50:21Z,2024-05-09T01:50:21Z
UgyUzIXQhCBEG2LOgvp4AaABAg,@robertmajor2201,Kendrick is cooking udrake like stew in a huge pot. But this best tho 🔥,0,0,2024-08-23T08:13:56Z,2024-08-23T08:13:56Z
UgyjIaPe-vnwoCWYFQp4AaABAg,@danilysz,MARIAH CAREY MENTIONEDDDDDDDDDD,0,0,2024-05-08T00:45:59Z,2024-05-08T00:45:59Z
Ugyzm_Z9qv46xXo839V4AaABAg,@Cluv22,"""Not gonna lie, this some good exercise...."" 

Sure.....if you say so, Aubrey...🙄",0,0,2024-05-15T10:45:45Z,2024-05-15T10:45:45Z
UgyEVT2VCRhykwmzgRJ4AaABAg,@Lampy2fr,"I know Kendrick is COOKINGin the studio... Hes gonna go further,  i promise!!",0,0,2024-06-14T16:30:17Z,2024-06-14T16:30:17Z
UgzUUfYSOfU4YG0HnwB4AaABAg,@iice_cream_mann,It’s not a crime unless they catch you right??,0,0,2024-09-01T02:48:57Z,2024-09-01T02:48:57Z
UgwMCam5zEvimWkxa0V4AaABAg,@gallosoquendo2353,Drake winning,1,0,2024-07-07T18:51:02Z,2024-07-07T18:51:02Z
UgzI2WI7Ek_VioJZ5OR4AaABAg,@jacksonhughes196,Kendrick is about to fall off,2,0,2025-03-16T23:13:48Z,2025-03-16T23:13:48Z
Ugzj33gJNBJr_qoD0EZ4AaABAg,@TheSincereb11,'It would be some shit i could dance too'.....drake a whole female i swear 😅,0,0,2024-05-12T11:24:23Z,2024-05-12T11:24:23Z
UgyXxSiUQko-oO0vAKV4AaABAg,@TanyaAu-c9w,Hahaha I just finished 3 tests and cycle 6 €x6,0,0,2025-03-21T08:37:12Z,2025-03-21T08:37:12Z
UgwLfX8FqzNwuNPHA4h4AaABAg,@dewittgeorge9242,😏,0,0,2024-05-08T00:23:41Z,2024-05-08T00:23:41Z
UgzEKNE4uwLm0mETuNV4AaABAg,@shirleymichellemorrison4052,"So he can't sue anyone after dropping this song....he is basically stating he fed kendrick the information so it's reasonable for kendrick to believe it true-  that's not defamation.  He is not clear enough in the song stating ALL that he fed the person.  The fact that he says that removes defamation off the table. Honestly, it was removed before that since it's a rap battle- which has its own characteristics including defamation-",0,0,2025-01-19T16:06:28Z,2025-01-19T16:06:54Z
Ugz_9nGycfKfhgKukTV4AaABAg,@YonaliNunez,I Can tell That he is angry,0,0,2024-07-16T03:05:05Z,2024-07-16T03:05:05Z
UgwPzmZxn3ABn7DraXV4AaABAg,@vincentcollins1990,This sounds like a MF CONFESSION usher 😂,0,0,2024-05-09T13:19:43Z,2024-05-09T13:19:43Z
UgznLBQo4IZCTc5SioB4AaABAg,@bwompy1294,You can't even call this a self defense track because we know Drake didn't even write it.,1,1,2024-05-20T07:15:24Z,2024-05-20T07:15:24Z
UgyQmOcDuFFjIydnnTp4AaABAg,@JosephZeltner,Whack,1,0,2024-06-23T23:52:38Z,2024-06-23T23:52:38Z
UgyFsA5dFs2QAuY1rEF4AaABAg,@EarthTraveler3087,Is this a J Cole parody? 😂,0,0,2024-05-08T17:09:42Z,2024-05-08T17:09:42Z
UgwI07H84WEG6VtvvPF4AaABAg,@lilly-slay405,bro just exposed himself using  Kendrick Lamar name.,1,0,2024-05-26T16:09:10Z,2024-05-26T16:09:10Z
UgxTwuK8D6HjB7lSIwp4AaABAg,@devonjohn2297,Just look at Drakes delete tweets and you'll see he basically tells on himself in this song,0,0,2024-05-13T05:02:27Z,2024-05-13T05:02:27Z
UgwZ4mpkFq2K8Ai2C414AaABAg,@liyabonayekiso,can we be real for once let act like drake didnt go damages,0,0,2024-06-14T08:10:29Z,2024-06-14T08:10:29Z
UgyOHRjNFHvqjkyhH114AaABAg,@Sephajones,When are we going to talk about the fax lol,0,0,2024-05-14T08:44:06Z,2024-05-14T08:44:06Z
Ugyy-4Gj16l_zZ0Edch4AaABAg,@strings2424,So as a Drake fan I thought Kendrick won the battle. But to my guys defense it wasn't easy. Ken who is also my dude had to drop a real live game changer to beat Drizzy and he did. Kudos to both. I love Kendrick he's a beast. And I love drizzy he is too. Why can't we celebrate both?,0,0,2024-05-18T03:03:38Z,2024-05-18T03:04:32Z
Ugy6SXU9zKWJ1iI_FqF4AaABAg,@pierreDaRabbi,"He says the dudes that fed him the info were clowns..

Then proceeds to say he fed him the information 😂 😂😂😂",0,3,2026-05-07T16:07:00Z,2026-05-07T16:07:00Z
Ugzaqfidld3vfkBneiJ4AaABAg,@-Darko-,😂😂😂,0,0,2024-06-26T00:53:49Z,2024-06-26T00:53:49Z
Ugw7KADyghZwh1pdU6t4AaABAg,@rihanna_xo,This ain't a diss track its a defense track,0,0,2024-05-30T07:06:07Z,2024-05-30T07:06:07Z
Ugx23OxhgPP-TPrYb1Z4AaABAg,@partygodmf,😂😂😂😂,0,0,2024-05-26T21:54:34Z,2024-05-26T21:54:34Z
UgwEqPMPWUX2_YgYoLR4AaABAg,@elijahalexander1977,"For anybody down playing drake, drake is winning, he spitting Facts only , K dot lying",0,0,2024-05-08T00:33:47Z,2024-05-08T00:33:47Z
UgzCJnPhOaMWxf3Rywt4AaABAg,@jdmcarboy64,Drake on top.,0,0,2024-05-08T00:23:44Z,2024-05-08T00:23:44Z
UgwsKjpmQXnJvysGiSZ4AaABAg,@Olivia-o3b2s,he brought up millie bobby brown not kendrick think that says something,0,0,2024-05-08T01:42:51Z,2024-05-08T01:42:51Z
UgxEeRmpnrw56KrNzfd4AaABAg,@DJPHATT601,Who here after watching snapchat 😂😂😂,0,0,2024-12-14T02:53:15Z,2024-12-14T02:53:15Z
Ugyrc7fGfPMLsCXqLex4AaABAg,@ataladin87,"Ngl, the beat and instrumental was fire.

But the Diss????",0,0,2024-08-14T13:34:00Z,2024-08-14T13:34:00Z
UgxEZqXlRfWACdXarsZ4AaABAg,@paypappas,This sound like A.I,0,0,2024-05-13T21:30:00Z,2024-05-13T21:30:00Z
UgxfQtGuvCvdAuO6va54AaABAg,@MariWalk12,Who came just to watch the little ending speech,2,0,2024-06-25T18:42:06Z,2024-06-25T18:42:19Z
UgwBaWFGRDFNWoc9bdF4AaABAg,@cheechyoga4298,Kendrick is winning by a light years,0,0,2024-07-08T03:07:58Z,2024-07-08T03:07:58Z
UgxgbLz4zpOQAiyfjMJ4AaABAg,@whyworkwhenicanrap6830,Fire,1,1,2024-06-06T21:03:44Z,2024-06-06T21:03:44Z
UgxhB6MxyDyn6YNSmit4AaABAg,@lojo1,"I’m not up on this beef, but I’ve heard this and another K-dot diss - Drake just needs to give up.",0,0,2024-08-11T04:18:58Z,2024-08-11T04:18:58Z
UgwPdwMTDGZD86cs3X94AaABAg,@ohamid2869,The Dying Fart,0,0,2024-05-16T18:29:31Z,2024-05-16T18:29:31Z
UgwHiZOVsZbNRccGaiV4AaABAg,@joev26,"Drake took the L, I'm glad Kendrick didnt respond, he knew this was a desperation response lol",1,1,2024-06-18T00:36:54Z,2024-06-18T00:36:54Z
Ugx_xTETXFCpLmYCT7p4AaABAg,@sunnyw-r8z,"GOD BLESS, JESUS LOVES YOU.",0,0,2024-06-30T21:55:45Z,2024-06-30T21:55:45Z
UgznvNMFuERkSzlXTpF4AaABAg,@phonked3182,who else stilll waiting for kendricks response i mean cmon whys he gotta be silent ig he gave up,0,0,2024-06-14T07:43:24Z,2024-06-14T07:43:24Z
UgxhUfu0kErIrgmJoTJ4AaABAg,@xorithemoth,"Doing a Beef Tierlist. F tier, but I’ll be generous and give it F+. At least the only person he hurt in this one is himself. 

I’d give Tailor Made Freestyle an F-, but… hm. Can’t seem to find it anywhere. Weird.",0,0,2024-06-27T14:54:18Z,2024-06-27T14:54:18Z
Ugzs6wGurceNIkajbx54AaABAg,@adamlee6102,This dude got a ghost writer for him. Lol,0,0,2024-05-17T03:04:29Z,2024-05-17T03:04:29Z
UgwZw-_oVfAQyD1tFDF4AaABAg,@spoonpilled,I think he just has a crush on Whitney,0,0,2024-07-17T04:37:28Z,2024-07-17T04:37:28Z
UgzkCySPz4Y0qBYGqEB4AaABAg,@mtrini510,You’re supposed to diss him back Drake. Not explain yourself,0,0,2024-05-07T22:12:07Z,2024-05-07T22:12:07Z
UgwErM_yjIv-pHM7NO54AaABAg,@goosejoe3874,Way to famous? Epstein? Diddy? R kelly?,1,0,2025-05-03T22:36:57Z,2025-05-03T22:36:57Z
Ugzb5oR-nU4Wv3c5L_14AaABAg,@marciano5368,Should've released 2 more tracks after this. This and family matters were weak... Whole track he talking about himself.,0,0,2026-09-07T20:35:42Z,2026-09-07T20:35:42Z
Ugzld6lDZD-YIysn8b94AaABAg,@KR0OK,The heart Part 4 shits on this track,0,0,2024-05-25T19:04:59Z,2024-05-25T19:04:59Z
UgwSkfi9ry0lRb-dHWR4AaABAg,@rayvaughan566,I am War General Season and preparation my jacket is covered in metals honor in decoration drake cooked Kendrick on this one 🔥🔥🔥,0,0,2024-08-27T14:11:29Z,2024-08-27T14:11:29Z
UgyheOO4AW75lltz8XR4AaABAg,@avs1679,10 months later ts still hits hard,2,0,2025-03-16T04:13:56Z,2025-03-16T04:13:56Z
Ugx46HCVNRIvWL-27sh4AaABAg,@DaintyBouquet,Bringing up someone’s trauma in a diss is a whole new type of low.,0,3,2024-08-21T21:13:12Z,2024-08-21T21:13:12Z
UgwVPRTAzigy6Opw-W94AaABAg,@franki_barra,Omae wa mo shindeiru,0,0,2024-05-08T21:15:51Z,2024-05-08T21:15:51Z
UgyZJe-UXgkYkGPG_ml4AaABAg,@yubz1496,Bring back good rap battles tf,0,0,2024-05-07T23:32:38Z,2024-05-07T23:32:38Z
UgzBj2JvXYdt5_gFGAt4AaABAg,@Wooshey_Wooj,LOL,0,0,2025-03-15T02:40:14Z,2025-03-15T02:40:14Z
UgyhgtjQPFK_z3atLU94AaABAg,@MaryKanini-fy9zu,What favour to return its 2-5 man,0,0,2024-05-19T10:54:00Z,2024-05-19T10:54:00Z
UgxDpiIpyH8vbZlaIup4AaABAg,@terrenceliburd8655,Wouldnt a verses been more appropriate 😂,0,0,2024-05-08T07:51:10Z,2024-05-08T07:51:10Z
UgyUy_22zCZp_I9wej94AaABAg,@Feddrove,Shit.. drake mention malaysia flight..,0,0,2024-05-25T08:34:27Z,2024-05-25T08:34:27Z
Ugxl0HTbbY-aaYcjr0B4AaABAg,@Angrygrandmaaa,Bro Drake is dissin Kendrick and Rick Ross in my opinion Drake is one of the best rappers to live,0,0,2024-05-25T18:09:16Z,2024-05-25T18:09:16Z
Ugx3lvJYiEXcgPBeGbx4AaABAg,@OrigamiBoyz,407Siah - The Heart Part 6 (HakeemPrime Diss),0,0,2025-05-07T13:26:52Z,2025-05-07T13:26:52Z
UgxbKsb9zn7aFT90ys54AaABAg,@WooW33,The is a lyrics video right? You literally have one job brother: make the lyrics correct. How do you fail at that 😂,1,0,2024-05-07T23:50:52Z,2024-05-07T23:50:52Z
Ugzb4dv4X_A3eZQVUKV4AaABAg,@dontworryillwait3689,"He keeps mentioning someone calling him a rat.. when did anybody, specifically kendrick, call him a rat?",0,0,2024-05-07T19:24:40Z,2024-05-07T19:24:40Z
UgwGZqjKuHJac-Pq7r54AaABAg,@4evapaiidd,drake just stop ok u getting bully,1,0,2024-05-17T18:42:16Z,2024-05-17T18:42:16Z
Ugzi_qxnftEJfVg1iHR4AaABAg,@nhyira0,Are you guys sure kendrick won this ei 😅,1,2,2024-09-11T20:07:00Z,2024-09-11T20:07:00Z
UgzBJb_TXOdXNtlC1EV4AaABAg,@IlIlIIlIlIlIIllIlIl,Why is drake claiming he's not a Pedo. He literally says weird things about kids in his lyrics all the time.,2,1,2025-03-25T23:49:09Z,2025-03-25T23:49:09Z
UgyyuIUuPjEWGVZgq8B4AaABAg,@shafankals6826,Somebody needs to check on drake guys ....he no longer wants to do what ?com'n man .,0,0,2024-05-13T22:31:01Z,2024-05-13T22:31:01Z
UgyxCZvBe11s1QygPhV4AaABAg,@adancordova5743,"Switches* 
To tuba music 🤣🤣🤣",0,0,2024-07-27T05:29:59Z,2024-07-27T05:29:59Z
UgyG-E-N5YgsmB6YK8l4AaABAg,@Cupcake_M,Brody didn't tho,0,0,2024-09-23T22:39:22Z,2024-09-23T22:39:22Z
Ugxqt9-hcRQ3PE0S-nd4AaABAg,@kylecunningham1187,Did drake listen to anything Kendrick said?,0,0,2024-05-07T21:25:29Z,2024-05-07T21:25:29Z
UgzC5RIVyq-S-XL6eEx4AaABAg,@garypaine1136,No way drake wrote these lyrics 😂,1,0,2024-05-08T20:06:34Z,2024-05-08T20:06:34Z
Ugxfmyi_CxjavSyjiUR4AaABAg,@333tentacion,I don't wanna diss u anymore 😂😂😂😂 chichi,0,0,2024-12-24T13:41:16Z,2024-12-24T13:41:16Z
UgwJXfP9Bux9xxcaFkJ4AaABAg,@sunnyw-r8z,"GOD BLESS, JESUS LOVES YOU.",0,0,2024-06-30T21:51:39Z,2024-06-30T21:51:39Z
UgwYwAur59zg2wyCgjp4AaABAg,@Thelivelyone,Drake not having it 🎉🎉🎉🎉🎉 don't mess with Drake.,0,0,2024-07-13T21:30:53Z,2024-07-13T21:30:53Z
UgyIQXDAwLLvu5xXmxh4AaABAg,@sage410.....,Sounds like someone is throwing in the towel,0,0,2024-05-13T01:18:36Z,2024-05-13T01:18:36Z
UgzaiVqUA9qcwEBBCk94AaABAg,@colossalbigfoot256,Sounds AI generated with Rick Ross intended flow but didn’t come out that way.,0,0,2024-05-12T20:47:02Z,2024-05-12T20:47:02Z
UgzQhmect2GX-hk4egJ4AaABAg,@oricking2,Y'all listen to reply instead of listening to understand...smh,1,1,2024-06-02T12:07:15Z,2024-06-02T12:07:15Z
Ugw6spg-ABYpQ1DbBch4AaABAg,@Cupcake_M,I really want to see if drake goes against Eminem let's be for real who gonna win if they do,0,0,2024-09-23T22:40:26Z,2024-09-23T22:40:26Z
UgyT0X26bFNijJJ_W6F4AaABAg,@neilbuerdsell,But if you can find a certain website there's a video of Drake doing some real questionable s*** what's some real questionable people LMFAO wonder if Drake even remembers that video,0,0,2025-02-27T14:49:09Z,2025-02-27T14:49:09Z
Ugy2bczg_8BizBPljxJ4AaABAg,@barslounge_preme,Drake was washing Kendrick until the label stepped and played Captain Save a h.03…..,0,0,2025-02-16T18:03:11Z,2025-02-16T18:03:11Z
UgzXq25UVrHjrMd1pMN4AaABAg,@klippoflicker,I honestly think drake won with this ❤,0,0,2024-10-24T12:47:58Z,2024-10-24T12:47:58Z
UgzpEl_TL4TcmkTgRnN4AaABAg,@PositiveEnergy-y6o,Lol comedy,0,0,2024-11-18T06:52:28Z,2024-11-18T06:52:28Z
UgyQIwj09eyVEyQnCD14AaABAg,@Hezekiah_mukbang,bro this is not diss this is backtrack lol,0,0,2024-09-04T06:52:49Z,2024-09-04T06:52:49Z
UgxAf2Kig9aW4WeTtdp4AaABAg,@malakipisino4919,This shit shoulda stayed unreleased,0,0,2024-08-23T11:04:59Z,2024-08-23T11:04:59Z
Ugy1WEK2nN4yLcsOfCd4AaABAg,@1loveaudi,Touch my body by Mariah  probably got you reflecting! Yikes!!,0,0,2024-05-07T19:51:14Z,2024-05-07T19:51:14Z
Ugw0n4uYVaVCUiFhtyZ4AaABAg,@HemiNiaNia,This was just a defence track 😂,0,0,2024-05-07T20:43:12Z,2024-05-07T20:43:12Z
UgxpWrqdnWrLph-Klpx4AaABAg,@sharmajoseph-f1e,Lol,0,0,2025-02-11T15:40:21Z,2025-02-11T15:40:21Z
Ugyb2-5_QUhzgl95llx4AaABAg,@saucyboi7789,😂,0,0,2024-11-22T19:32:04Z,2024-11-22T19:32:04Z
Ugz1x6mKl0hoIeeUI8t4AaABAg,@matthewrodriguez6144,Drake playing defense,0,0,2024-05-07T18:50:54Z,2024-05-07T18:50:54Z
UgxNUPhPhGvgiU5N3SJ4AaABAg,@LuthandoLanga-c5u,NO FACE,0,0,2024-08-30T19:12:16Z,2024-08-30T19:12:16Z
UgyDNXB46OmJE7Fa4qB4AaABAg,@mthunzimapatwana,Nvm drake man,0,0,2024-07-14T17:32:28Z,2024-07-14T17:32:28Z
UgwQuo9DpBW8q-OrvCB4AaABAg,@LostStarzOfTheSky,How is this a worse drunk text than slime out,0,0,2024-05-08T22:51:02Z,2024-05-08T22:51:02Z
Ugw-A9matJ43Vz_yt1d4AaABAg,@jonathanshelton5577,😂😂😂😂😂😂😂😂😂,0,0,2024-05-18T21:16:32Z,2024-05-18T21:16:32Z
UgyYSkvupq5Wyfd9uel4AaABAg,@terangijury6155,This is for the bin,0,0,2024-05-16T02:00:02Z,2024-05-16T02:00:02Z
Ugxvj9_hnV622B-tdtx4AaABAg,@theemostrizz,Has Kenny gotten his wife’s wedding ring from around drakes neck yet? 😂😂😂😂😂,0,0,2024-05-22T13:22:32Z,2024-05-22T13:22:32Z
Ugw7Xp-xvm1FnRn8Mxd4AaABAg,@imahaterhater,drake rlly kissed a 17 year old,0,0,2024-07-06T16:41:01Z,2024-07-06T16:41:01Z
UgypzBz8_PfXJNG6XtN4AaABAg,@josephfuentes3937,Gea,0,0,2024-06-08T09:55:14Z,2024-06-08T09:55:14Z
UgzgsZVNXgWE70Dlifx4AaABAg,@AndyTears,6 6 6 6😅 drizzy,0,0,2024-11-15T16:20:14Z,2024-11-15T16:20:14Z
Ugw8mnuFaMLol4iasNt4AaABAg,@Markyiesjd,phl mamat ni main ptik malaysia. 😂,0,0,2024-05-13T16:04:52Z,2024-05-13T16:04:52Z
UgzI_z1gGZD7pKWDwiN4AaABAg,@kenobibaggins6456,This song has aged like milk compared to “Not like us”. Drake lost the battle bro😂,1,0,2024-05-22T03:19:15Z,2024-05-22T03:19:15Z
Ugy1NFjfD-aSlK2tjcB4AaABAg,@sellxout,"Kdot already won, fam",0,0,2024-05-07T19:16:31Z,2024-05-07T19:16:31Z
UgxeCo3YBnaOUcH7_3l4AaABAg,@asilsweater,ethered!!! drake won,0,0,2024-05-08T07:48:45Z,2024-05-08T07:48:45Z
UgwBW-RQIxuyj66mkcN4AaABAg,@cozycribcafe,"both rappers got skills but you can tell Drake isn't into it guess he is burnt out on just beefing, they should just squash it and collaborate to make a classic masterpiece",0,0,2024-06-20T11:45:29Z,2024-06-20T11:45:29Z
UgyThak4lBx-YicM4oF4AaABAg,@Sekaniraine1,"Just so yall know, KENDRICK IS NOT SUICIDAL Y'ALL, HE IS A GOD FEARING MAN",0,0,2024-05-08T05:27:35Z,2024-05-08T05:27:35Z
UgzW-P5bPaSBd_FcIWZ4AaABAg,@TyionAnderson,This is Ai its hard tho lol,0,0,2025-01-18T08:57:33Z,2025-01-18T08:57:33Z
UgyMz2rM979TvQ3lt9x4AaABAg,@bradygreen8642,Bro missed like half the words,0,0,2024-05-09T11:31:02Z,2024-05-09T11:31:02Z
UgzhvXPy3jcCtgMVGkZ4AaABAg,@amaraMercado-jm9uu,Why isn't Whitney denying all the allegations?!?!?,0,0,2024-05-26T04:07:34Z,2024-05-26T04:07:34Z
Ugyq6C8IWjMD_Nldl9R4AaABAg,@polenjamusic5739,Played himself with this,0,0,2024-07-17T04:39:00Z,2024-07-17T04:39:00Z
UgxYxmsY7B5eP5jy8CF4AaABAg,@Ggjf-x9x,based drake!?,0,0,2025-01-22T03:58:26Z,2025-01-22T03:58:26Z
UgxQ8ewY0rxlXaWvHFV4AaABAg,@solana100xcalls,"In a way, Drake has made me see that here they are talking about something much bigger and they do it through music using their names to get people's attention and it is not about their personal lives, on the other hand, Lamar is the one He is attacking like someone seeking more fame and more followers, trying to raise his energy, like a cult. It's not even about the best sound or lyrics anymore, both of them went to shit. Are we all happy now?",0,0,2024-06-08T14:14:13Z,2024-06-08T14:14:13Z
Ugwy6qugysdESGRS5B54AaABAg,@marisol5231,Bro snitched on himself,0,0,2024-05-08T02:43:18Z,2024-05-08T02:43:18Z
UgwqZ69rdm7LK6zoyi54AaABAg,@mustanglozano77,Drake waving the white flag 🏳️,0,0,2024-05-08T07:39:37Z,2024-05-08T07:39:37Z
UgxnjoV84FK-PuDORG14AaABAg,@StyxYRenegade,The best part of the song was the intro,0,0,2024-05-16T05:58:11Z,2024-05-16T05:58:11Z
Ugy_ifA4pYQadywI90J4AaABAg,@lIChaoticlI,Kdot ain’t killing nothing ….,0,0,2024-05-08T22:47:24Z,2024-05-08T22:47:24Z
Ugwt8CChcUuAAJTHvN14AaABAg,@Malakaisuniverse72,"not like us was soo off beat, even the outro and chorus was something your stoned friend spits at a park bench. Drake proves again and again hes better with his pen.",0,1,2024-06-02T14:35:44Z,2024-06-02T14:35:59Z
Ugwc2NT3hi65JPcr5jB4AaABAg,@FaithWeise-2008,OKAY allow me to explain. TBH at the end...drake is honestly just YAPPING.,0,0,2025-02-27T01:41:45Z,2025-02-27T01:41:45Z
UgyOJ-3o6PUhXh7JhVR4AaABAg,@sebastiansebas111,"Drake cooked-



















aww you really thought since i was a drake fan id say that? he cooked himself.",0,0,2024-06-28T18:36:06Z,2024-06-28T18:36:06Z
Ugwd-FpewmkreQowrcR4AaABAg,@aminhakim424,This is drake waving white flag.,0,0,2024-07-17T04:31:26Z,2024-07-17T04:31:26Z
UgzQNwSBgK5DOJRUWGx4AaABAg,@TexMexJosi,Kendrick fans haven’t even realized they lost yet. 😂 Kendrick playing checkers and Drake playing chess. ♟️,0,0,2024-05-08T00:36:59Z,2024-05-08T00:36:59Z
UgwHpyJO2SSL6Ze8weV4AaABAg,@johnathonsibbitt1437,Doesn't deny the 11 year old child but is so quick to be overly defensive about the pedophile allegations. That in itself speaks volumes. Drop your call logs Mr.Graham. I am willing to bet there are some calls in there that you don't want coming to light,0,0,2024-05-12T18:30:49Z,2024-05-12T18:30:49Z
UgxhVmPqOH6gj8x-jHZ4AaABAg,@lillady939,Haaaaaaa drake is not serious! Talking bout we fed u the information 😂,0,0,2024-07-08T00:30:21Z,2024-07-08T00:30:21Z
UgxXTovDyJNh7IbXcxN4AaABAg,@devonjohn2297,Oh my oh my this sounds like.... PROJECTION 👀👀👀 Did Drake just tell on himself? 😱 And admit his fame gets him outta trouble?,0,0,2024-05-13T05:01:35Z,2024-05-13T05:01:35Z
UgzndTuFcb3nmZ39qTd4AaABAg,@realmqvn,How does Kendrick even know that Drake would fw younger women and say sh now about it. That don’t make no sense in Kendrick’s song he also talks about past stuff too honestly don’t know what he’s doing rn,0,0,2024-05-28T02:28:23Z,2024-05-28T02:28:23Z
Ugxsle-hkq4Wsxsmt3d4AaABAg,@ErikSalgado-b9g,😂,0,0,2026-04-20T15:18:00Z,2026-04-20T15:18:00Z
UgxI4qbD69ap1peJO0V4AaABAg,@shai5afaz,Kendrick definitely won,0,0,2024-06-07T15:49:04Z,2024-06-07T15:49:04Z
Ugzx3RAVUQ-KZRjXW1V4AaABAg,@kevinmaultsby8300,🌽 🌽 ball,0,0,2024-09-10T17:54:34Z,2024-09-10T17:54:34Z
Ugw3ErKHPU_AgD5ZVql4AaABAg,@AdornBwishiChikumbi,I think Drake does really have an 11 year old,0,0,2025-03-12T15:42:14Z,2025-03-12T15:42:14Z
UgxZZTVpFz-XbpSFeAl4AaABAg,@whoKnowsAGuy-my9wu,Sussss rap,0,0,2024-05-12T11:59:10Z,2024-05-12T11:59:10Z
UgwiooutNm587PUAME54AaABAg,@HeatLedgerKicks,"I mean, it’s a wrap. Night night k dot ‼️",2,0,2024-05-10T17:03:10Z,2024-05-10T17:03:10Z
UgwP01hLEImpQJ9r5Hh4AaABAg,@breauxave8400,"Hip hop is mad childish now bruh, maybe it’s just me but who gaf when really yall really cool with each other",0,0,2024-05-25T20:28:24Z,2024-05-25T20:28:24Z
UgxPlQm_ICQxQU-TtT54AaABAg,@UmQasaann,No u the song,0,0,2024-07-29T01:29:10Z,2024-07-29T01:29:10Z
Ugxa14bsM3AII-c8FPZ4AaABAg,@wordplaytherapper1123,Said Kendrick sending rkelly commissary money? Boy if he don't stfu like he didn't pay rkelly after he was in prison for samples on his album lover boy I swear to gawd drake is the biggest capper,0,0,2024-05-07T21:05:21Z,2024-05-07T21:05:21Z
UgxJRxIq4kg2tSmJThV4AaABAg,@mustafapakzad6865,Certified pdf file,2,0,2024-06-12T00:27:54Z,2024-06-12T00:27:54Z
UgzAJXpY65TyxA_B9514AaABAg,@HollywoodHaze1,AND THE WINNER IS..... DRAKEEEEEEEEEE!!!!!,0,0,2024-05-08T01:56:22Z,2024-05-08T01:56:22Z
UgzDmuJbPyl47rlmJ3N4AaABAg,@santiagomoralesossio5202,"wth this a defense track, he might as well use it in his defense trial",0,0,2024-05-07T18:51:28Z,2024-05-07T18:51:28Z
UgwIaiVZX3DwfDwaSBN4AaABAg,@Bloodhound_Dogg,"I left a comment here, now you leave a like 👇",0,0,2025-02-12T22:51:29Z,2025-02-12T22:51:29Z
UgyCEW6d-XFxXFzEmW54AaABAg,@6-Rings,Drizzy put the nail in the coffin. Good battle tho.,2,0,2024-05-08T21:18:52Z,2024-05-08T21:18:52Z
Ugza39CA2jT81_y00KN4AaABAg,@kaitomeio,“i DidNt dO tHat!!! rOses aRe rEd viOlets aRe bLue i wAnt yOu tO kNow yOu sMell liKe pOo,0,0,2024-06-10T06:44:26Z,2024-06-10T06:44:26Z
UgycWbUV_yWG88Vcm4Z4AaABAg,@maleonking5245,"Kendrick knew drake was going to come hard, but his response will be more Goofy and wack but it's effective against drake,he biracial,he was a actor and didn't really grew up in the hood,",0,0,2024-06-24T17:05:29Z,2024-06-24T17:05:29Z
Ugy83KVIqI5gWZWxYe14AaABAg,@MetroUser-wx9zp,Drake should stick to hot line bling shit!! 😂😂...he doesn't even compare to Kendrick's master lyrics!!,0,0,2024-08-19T19:23:25Z,2024-08-19T19:23:25Z
UgyPfdQBX1AkDPTuVZB4AaABAg,@duck7322,"I understand it’s publicity for drake, but his career better be over after this I’ve been preaching for years now",0,0,2024-06-09T11:33:03Z,2024-06-09T11:33:03Z
UgzvrLJzO7fPA6os-Jx4AaABAg,@khulusharingan7444,What you mean good exercise? Mans just hit you in the stomach and it wasnt core practice,0,0,2025-03-25T12:22:41Z,2025-03-25T12:22:41Z
Ugw6WC2bCV3t3XAyYVh4AaABAg,@badomen3115,"After the shooting of drakes security guard,  i think kenndrick is losing lmao😂😂",0,0,2024-05-08T00:49:06Z,2024-05-08T00:49:06Z
Ugz_zr3WjfQPbKqfg354AaABAg,@Moochr-j8g,the most replayed section is the milly comment LMAOOOO L drake,0,2,2024-11-12T03:45:57Z,2024-11-12T03:45:57Z
UgwdA9ufB0ZWvzuhh3F4AaABAg,@derekkrumel1407,oof. This is sad lmao.,0,0,2024-07-29T08:38:08Z,2024-07-29T08:38:08Z
UgxE5YxkFJRP2HPLubp4AaABAg,@JDtheGemini13,Weird 😅,0,0,2024-07-17T08:59:32Z,2024-07-17T08:59:32Z
UgyW1g9N20bKZE4l9Bx4AaABAg,@irfanhasim5572,MALAJA = Malaysia.,0,0,2025-02-02T05:33:43Z,2025-02-02T05:33:43Z
Ugyz85cmR2n1K643FpZ4AaABAg,@psychostormtrooper3827,ov hor,0,0,2024-06-10T12:17:13Z,2024-06-10T12:17:13Z
UgxofFdwxIovx5K1gNZ4AaABAg,@carminola1425,Now Drake knows he flew Ice Spice out and she was under age don't know what took place but he quickly unfollowed her without explanation those was her words🤔,0,0,2024-05-15T00:45:12Z,2024-05-15T00:45:12Z
UgxXl9fKZ_GE5i87zDh4AaABAg,@nicgor2269,This don't sound like a diss track sounds like hes confessing sound like words not feeling this this track Drake,0,0,2024-06-20T15:26:41Z,2024-06-20T15:26:41Z
UgyzMr7uT7QlHuk2gUh4AaABAg,@gagemorris3178,"""im to famous for the sh1t you suggesting"" dawg bro said hes to famous to be a predator??",0,1,2024-05-24T19:17:56Z,2024-05-24T19:17:56Z
Ugx5Txfwd2UF-5N3JAd4AaABAg,@jacksonhughes196,Drake heart part 6 is better,1,0,2025-03-16T23:13:11Z,2025-03-16T23:13:11Z
Ugy54ErsNFsUcqfkAw14AaABAg,@excusemewhatthehell6342,Drake really baited Kendrick hey? You could call drake the master baiter,0,0,2024-05-13T12:34:28Z,2024-05-13T12:34:28Z
Ugy--UsvRUjceyr9fp94AaABAg,@djs180,“ I am your baby mamas screen saver“  mic drop.,1,0,2024-05-07T20:17:19Z,2024-05-07T20:17:19Z
UgxbcSRRY51p2Yos2Lx4AaABAg,@speedy6997,lol this song he took down.,0,0,2024-07-02T20:01:53Z,2024-07-02T20:01:53Z
UgxqYZFyNr7AmzVVK8F4AaABAg,@jonathanfonseca2906,and this is where drake lost cuz what was this,0,0,2025-02-21T12:43:52Z,2025-02-21T12:43:52Z
UgwJEbIw5VUTpVfsIVV4AaABAg,@shamerzaihan8638,What the hell is malaja? 😂 i think its malaysia,0,0,2024-05-09T23:57:41Z,2024-05-09T23:57:41Z
UgytIImPLnkQuXeB6sd4AaABAg,@azoyaei,damn sum of these lyrics are horribly misspelled,0,0,2024-06-12T21:49:06Z,2024-06-12T21:49:06Z
UgzjYlvbr3jtXoHzhSF4AaABAg,@edwardnygma6691,"%100 Drake's next song:
you can't go verse for verse wit me
all these songs, and you still ain't hit a nerve with me
running out of words, you shoot up my security??
you gettin' desperate dawg, shout out to insecurity",0,0,2024-05-08T01:38:34Z,2024-05-08T01:38:34Z
UgyzoF8cJsvhd94h3JF4AaABAg,@ft_sxrimah,"Why does it sounds like the lyrics are out of tune? Like the syllables are idk, cronky? Or is it just me? 😭",0,0,2026-02-27T15:10:33Z,2026-02-27T15:10:33Z
UgxoTP-kqM7kCovvXuZ4AaABAg,@jamelleeddins5919,Whackest diss ever Meet the Grahams is a killer,0,0,2024-06-12T22:15:41Z,2024-06-12T22:15:41Z
UgyfG03-bVhRbIYuLTN4AaABAg,@Thegamingg00bers,This gotta be a teenage girl diss track right? Like did a grown man really write this? He’s saying Dave free is the dad because *check notes* he’s following his best friends girl on ig and hearted a photo of his friends kid?? If this was 2002 drake would be saying it’s true because she’s in Dave’s top 10 friends and Kendrick don’t use MySpace.,0,0,2024-10-19T00:20:52Z,2024-10-19T00:20:52Z
UgxReQVLPP00ItLWd0x4AaABAg,@olanrewajuajirobaju7268,Would have been good if he didn't go Matlock all over it,0,0,2024-06-10T17:39:14Z,2024-06-10T17:39:14Z
UgzKRSBXs2TXKiRIgpB4AaABAg,@michaelshigetani433,victim blaming drake? WTF?,1,0,2024-07-05T03:24:53Z,2024-07-05T03:24:53Z
UgycadOpiCZDUQ22kUp4AaABAg,@sherlockholmes304,"This some AI beef ,drakes lyrics never this good",0,0,2024-05-13T19:12:53Z,2024-05-13T19:12:53Z
Ugx35Qdj3lZKCYB89_N4AaABAg,@BryantBrady-xy4yv,Kendrick>Drake,1,0,2024-12-14T10:51:37Z,2024-12-14T10:51:37Z
UgzPVI4Y4MnSWVzq_7Z4AaABAg,@07flameisback,drake would’ve probably won the beef if this song actually made sense,2,0,2025-01-04T20:46:54Z,2025-01-04T20:46:54Z
UgzDen3HJPmh7GG-N9l4AaABAg,@mumomuendo9892,This guy is defending himself way too much😂😂😂😂,0,0,2024-05-12T14:32:15Z,2024-05-12T14:32:15Z
UgzUU2RFVuMOWlA6bvN4AaABAg,@michaelperez8158,🤦‍♂️,0,0,2025-05-11T04:48:01Z,2025-05-11T04:48:01Z
UgyNl9XJyud9XWxihmF4AaABAg,@the_easterbunny,L,1,0,2024-06-30T09:01:16Z,2024-06-30T09:01:16Z
Ugwey6hWxSWMBB_IUPV4AaABAg,@atf_hd,"Kendrick didn't even drop any victim names nor did people and drake said i aint fucked with Millie? Where tf Millie came from? That's shit sus, j cole won easy, he dodged a fkin nuke.",0,0,2024-05-15T23:52:01Z,2024-05-15T23:52:01Z
UgzqSO3mnZja9WlF00V4AaABAg,@therealdogma421,"If the beat was even good
...",0,0,2025-02-28T06:13:25Z,2025-02-28T06:13:25Z
Ugz3BmwHYu5V-PAdBFJ4AaABAg,@swim8113,he lost,1,0,2024-07-05T23:56:28Z,2024-07-05T23:56:28Z
UgzRxQOD1sYoinAdeU94AaABAg,@maribeth918,Nice try diddy I mean drake or Aubrey I’m not sure 😢just please stay away from minors,1,0,2025-02-14T17:12:23Z,2025-02-14T17:12:23Z
UgxEtvVnbitoJBuyJ154AaABAg,@ST34RHO,Malaysia bro wtf 😒,0,0,2024-05-09T20:17:13Z,2024-05-09T20:17:13Z
UgxK9mpW4Q_SjoKoG154AaABAg,@chasedevito952,alr song but dont talk about if someone got raped as a kid,0,0,2024-05-31T10:54:14Z,2024-05-31T10:54:14Z
UgxhTt0e5PFLdshksUt4AaABAg,@sameerpharma4906,damn this straight up ass🔥🔥🔥,0,0,2024-05-19T01:28:57Z,2024-05-19T01:28:57Z
UgzwMlKjwfdyTNfQN-d4AaABAg,@CaptainSunnyD,"again i’m the 1% that thinks drake didn’t get cooked as bad compared to everybody else. i’m not saying kendrick is bad that would be such a lie he’s awesome. i just think are blinded the kendrick name idk man family matters was tough to me so is this, but also meet the grahams and not like us are insane to holy hell. you don’t gotta agree with me that’s cool we all got opinions so don’t shit on me for mine.",0,0,2024-05-19T17:15:27Z,2024-05-19T17:15:27Z
UgwQSvDfWke3DIn_pBF4AaABAg,@philliskarikari623,Boooo,1,0,2024-05-09T17:16:00Z,2024-05-09T17:16:00Z
UgyY8TcVmF8HUqn8EnZ4AaABAg,@dblive86,🏳️ The White Flag should be the name of this song.,1,0,2025-05-03T20:06:55Z,2025-05-03T20:06:55Z
UgyITBrOjgRYuKmzEL14AaABAg,@-landon931,does Kendrick Lamar get his info from clowns or did Drake's entourage feed him the information?,0,0,2024-07-20T05:13:33Z,2024-07-20T05:13:33Z
UgwwMsXQOCV1HxgWZH94AaABAg,@hexagonoctogon3140,Body bad drake with the clear W 😂 he spoke on everything domethong kendrick never did 😂then he used info drake provided? 😂clear bodybad drizzy,0,0,2024-08-01T22:17:37Z,2024-08-01T22:17:37Z
UgzDw5CBSyF_lT0_G614AaABAg,@JAXTWIN,Drake won.,1,1,2024-08-07T13:59:51Z,2024-08-07T13:59:51Z
UgxRcmB6OK7ko_iwws54AaABAg,@GaZflow,Not like us is a great song euphoria is a great song not just a string of bars intended to destroy someone which these are short of even achieving. This song is 85% about him trying to defend the far more damming accusations laid against him. This is worse than rap devil,0,0,2024-05-08T01:18:43Z,2024-05-08T01:20:26Z
Ugzk1PELrRkDvEn8ZKN4AaABAg,@OpieRed1,Drake is soft. SOFT.,2,0,2025-01-03T23:16:35Z,2025-01-03T23:16:35Z
UgzU8i9EtiiGGS9UYLt4AaABAg,@Neverpersonal90,I got bored really fast listening,1,0,2024-05-07T22:58:36Z,2024-05-07T22:58:36Z
Ugz1UFY2NEPktYLJKcV4AaABAg,@syst3mwolf,"Dude, get the lyrics right.",1,0,2025-02-27T19:28:54Z,2025-02-27T19:28:54Z
Ugw_GffquU9-Zep-hm54AaABAg,@kendrickmanning1712,Wack,0,0,2024-05-07T19:35:49Z,2024-05-07T19:35:49Z
UgziGXgJT4oiev6XUYt4AaABAg,@bmega702,Wack,0,0,2024-05-09T22:50:00Z,2024-05-09T22:50:00Z
Ugx6bXk2WyRQY2m8i-54AaABAg,@OzzieAznRefugeez,He needs to fire all the ghostwriters he used on this track.... 😂,2,2,2024-06-16T11:50:32Z,2024-06-16T11:50:32Z
Ugz40xb6Ollmb2UOInx4AaABAg,@jamesjohnson4618,😂😂😂😂 F Drake lol😂,0,0,2024-05-24T22:49:30Z,2024-05-24T22:49:30Z
UgxRiOqMbrEIBFEqzO14AaABAg,@penultimatetoast,only watching this to not give views to drake,0,0,2024-06-14T00:11:49Z,2024-06-14T00:11:49Z
UgwI9QKcmlEzmBBJvDp4AaABAg,@THEwaiverwizard,Kendrick is no where close,0,0,2024-05-07T20:14:53Z,2024-05-07T20:15:00Z
Ugw-DYCpebQ_7ICYLB94AaABAg,@HonestArttsEntertainment,"Masterful,  This is rap.  No one knows what's real or not.  Just judge the raps.  This is bars.",1,0,2024-05-08T03:40:37Z,2024-05-08T03:41:53Z
UgxZffYGGuBOhf-UKbF4AaABAg,@YoMommasBestFriend,Sorry Drake you're donezo,0,2,2025-03-26T14:55:09Z,2025-03-26T14:55:09Z
Ugy9H4qhH44rNz17Yrt4AaABAg,@Spdr-mnky_96,Least catchy drake song I’ve ever heard,0,0,2025-03-14T22:57:55Z,2025-03-14T22:57:55Z
UgzNXixBFcTEUKRbRxl4AaABAg,@SteelSharpeningSteel,Damn. I thought he would’ve had somebody write him something better than this. This is just sad. He basically whines about not being a child Predator the whole way through.,0,0,2024-06-08T05:41:13Z,2024-06-08T05:41:13Z
UgxHMP-drxgqMDI7pLt4AaABAg,@StayMarioBros,you just waive the white flag of surrender  hehehehe,0,0,2024-06-29T17:21:05Z,2024-06-29T17:21:05Z
UgzlFo04xFdSnjvWaIR4AaABAg,@ChickenTeriyakki,It’s is pure trash compared to what Kendrick has put out. If this was against another artist it’ll be a 10/10. But vs Kendrick the impact is a lot lower.,1,0,2024-05-09T08:50:15Z,2024-05-09T08:50:15Z
UgwuuOg49MNAxQrOeTR4AaABAg,@JosiahDaPrince,"“The ones you getting your stories from, they all clowns”
Proceeds to let it be known he had part in falsifying information. Bruh ate his own lyrics. Didn’t he lie bout having a son before? 
Then makes a joke out of somebody being molested as if you supposed to bob your head to that 
Nahh",0,0,2024-06-07T05:59:59Z,2024-06-07T06:02:50Z
UgxJ67F5ZGMupVD_2Sh4AaABAg,@d3scribe130,"People are just mad at drake cause he is too famous. This is all i can say bro. People be looking at bro like ""he not even that guy fr im that guy"" Jealousy literally just mind ur business bro wtf",0,0,2025-02-16T13:16:16Z,2025-02-16T13:16:16Z
UgzfJ83z1FtDfjF67rV4AaABAg,@savageladykiller9106,This shit is a dumpster fire,2,0,2024-07-11T22:11:12Z,2024-07-11T22:11:12Z
UgxR6rXpY9tgwSpInWl4AaABAg,@jasons9848,"This was an embarrassing comeback, felt like something I can rap an I’m shit 😅😂😂😂😂",2,0,2024-06-21T23:07:37Z,2024-06-21T23:07:37Z
Ugy52vC8C1JOHdEH6Mp4AaABAg,@brentongold127,😂this shitvweak 😂,1,0,2024-05-09T01:05:20Z,2024-05-09T01:05:20Z
UgzYJhzBfowC1-9rVM14AaABAg,@rolandedwards171,This shit sounds like and explanation 😅he keeps denying the allegations and nit even really dissing..in fact he sounds like he gave up !!!..he realized he fucked with the wrong rapper..,0,0,2024-05-07T20:51:23Z,2024-05-07T20:51:23Z
UgxV2Qaqe8OUF8ilZ3V4AaABAg,@SilverSerter,Bro these lyrics are so wrong like how bro,0,0,2024-06-23T18:24:59Z,2024-06-23T18:24:59Z
Ugw6r4IGdluJ6BH8jFZ4AaABAg,@CrazyLizardLady03,"Idk yo 😂! I sincerely believe Drake set himself up for another nail in the ⚰️ when he said ""Everything on my 💩 is facts. Waiting on you to return the favor (Prove it).""

K dot said he got 5 more records... you dont think he gon air it out! Its going to get even worse!",0,0,2024-05-17T11:12:21Z,2024-05-17T11:12:21Z
UgwkksTQEqLUz8ds06p4AaABAg,@alvarezsix2341,This doesn't  sound like a diss this sounds like he was guilty  putting Jeffery  epstin on your hit. that's something else.he didn't even  diss epstin as he had a chance  🤔 im thinking he knows Jeffery epstin is alive,0,0,2024-06-13T05:01:45Z,2024-06-13T05:01:45Z
UgxJIdh7kkbN2CU6DQl4AaABAg,@B_FBfan,"wait a dayum minute .. did he really just ""prove"" hes not a pedo by saying hes famous and would've been caught if that were true?? its even _more_ likely that a famous person _wouldn't_ get caught for that .... idk that he should've even bothered dropping this tbh lol .... kinda just sounds like he gave up",0,0,2025-11-08T02:22:48Z,2025-11-08T02:22:48Z
UgwBCN4Z459S-XZJvk94AaABAg,@ariebeston187,Diddle Drake lost 😂,0,0,2024-06-01T23:54:50Z,2024-06-01T23:54:50Z
UgyVL5j8Bj3_m6fsagN4AaABAg,@MichaelKing-ow8qc,Kendrick won,0,0,2024-05-10T13:23:02Z,2024-05-10T13:23:02Z
UgxiLGYrVIqwmSdKX3x4AaABAg,@cartermo13,This can’t be a real song,0,0,2024-05-07T22:08:20Z,2024-05-07T22:08:20Z
UgyXmIAfEhoNQ0ry-Id4AaABAg,@ImpracticalOstrich,Yall just hating this is fire,1,0,2024-09-16T09:39:57Z,2024-09-16T09:39:57Z
UgxSrc26TcTKLUTZyf94AaABAg,@dadrippydreadhead,I mean theres vid of him kissing and caressing a 17 when he was like 30 sum so uh drake ass lost 😂,0,0,2024-05-07T20:29:22Z,2024-05-07T20:29:22Z
UgzTpLy8fKNJ5BHCI8J4AaABAg,@helio1055,this is a diss?? this shit is soft as fuck 😂😂,1,0,2025-02-21T20:33:32Z,2025-02-21T20:33:32Z
Ugy-kcDL3pa1xsLgTTh4AaABAg,@jqsgmusic9887,Pathetic pray for Aubrey 😂,1,0,2024-05-18T19:15:52Z,2024-05-18T19:15:52Z
UgxZp26P8Kliwt10B314AaABAg,@AnnieHarris-su2dh,Drake I get it ...but Kendrick won on this round....Drake sounded like he was in his feelings....like about to cry ...like heartbeat drake....good he cleared fact....,0,0,2024-06-03T14:06:16Z,2024-06-03T14:06:16Z
UgxEPIIPf4qliUQq-054AaABAg,@donesqwire8638,Give up Drake,0,0,2025-02-08T22:07:38Z,2025-02-08T22:07:38Z
UgxWaNfhM8mX7pDrrlx4AaABAg,@martixboywill,🏳️🏳️🏳️🏳️,0,0,2024-08-26T16:13:00Z,2024-08-26T16:13:00Z
UgyGQM50X_jcDyZLPnx4AaABAg,@chipsandchopsticks,"""this epstein angle is something i expected"" why would an innocent man expect that? We all saw the video of him kissing that 17 yr old",0,2,2024-05-08T17:05:18Z,2024-05-08T17:05:18Z
UgzFCCjGyOg8JDCfnNB4AaABAg,@snapcole6402,"If this isn’t damage control idk what is😂 I thought this was amazing last night . Now I’m like this is kinda sick and still think drakes in to some pedo shit.  “I see why you keep calling me a pedo and can’t let it go ,  it’s because you got touched “ then making jokes about a Mariah Carey song… this is coming from the same guy who went on a press run crying about ovo40 getting made fun of for having a disease ….",0,0,2024-05-07T20:18:39Z,2024-05-07T20:18:39Z
UgwOn1nhp6brUyNhcdJ4AaABAg,@Wolf_Vizion,6 months later this shit still ass 🤣🤣,1,0,2024-11-29T18:38:40Z,2024-11-29T18:38:40Z
UgybppG9cfDXkcttJX14AaABAg,@AsWeGrow-101,"y'all really acting like drake Losing, if y'all don't 106 and park it😂😂😂",0,0,2024-05-08T02:45:00Z,2024-05-08T02:45:00Z
UgwyiYOVsESufoWmFVx4AaABAg,@fatinnajihah9055,this is like 12 years old trying to back up himself LMAO,0,0,2024-05-09T14:51:29Z,2024-05-09T14:51:29Z
UgwSpNWhGB2I3_Fzp1l4AaABAg,@TheSantos173,"Drake trying so hard not to sing, can’t take drake serious rapping im not even finishing listening this shit",0,0,2024-05-08T03:28:28Z,2024-05-08T03:28:28Z
UgwXsO2qZh25OAi91GB4AaABAg,@iforget3209,He’s so stuck on the pedophile allegations 🗿 like he wasn’t bodied in his music,0,0,2024-06-30T00:10:12Z,2024-06-30T00:10:12Z
Ugyyl6KR78p7u_kCFsR4AaABAg,@bigvictory143,he said the wildest things then folded at the end like “gg”. zero talent and zero backbone.,0,0,2025-02-19T17:01:07Z,2025-02-19T17:01:07Z
UgxAReCmvcomIs_cmhJ4AaABAg,@xianxian204,If drake continued with the disses it would be a draw regardless of fans intervention or opinions,0,0,2024-07-17T16:44:50Z,2024-07-17T16:44:50Z
Ugy9sPZwJQoUd0sqjZF4AaABAg,@jamaalalirichardson8392,This diss was solid af and this battle is very close. I like both artists for different reasons. I think alot of music fans are sick of Drakes bragging and grandstanding and thats why they are saying he got slaughtered. Its even to me.,1,0,2024-06-12T20:29:56Z,2024-06-12T20:29:56Z
UgyAmgLyzyqMjzP0GYN4AaABAg,@user-bw9wk8cc6v,"I don't wish bad on Drake, but he did this to himself and should of just not instigated the beef with Kendrick for YEARS, which lead to  Not Like Us. Also, ""I'm way to famous for the s... you just suggested""  is a horrible argument. It didn't' work for  R Kelly at least.",0,0,2025-02-23T05:35:22Z,2025-02-23T05:35:22Z
UgzbVfT6Xq-s8CD3M9d4AaABAg,@MyheartisJackFrost,Drake won,0,0,2024-06-22T03:34:14Z,2024-06-22T03:34:14Z
Ugxf69PF4xRzVapZGUx4AaABAg,@dallaswilliams1665,This shit aged well. Drake definitely won.,1,0,2025-03-11T15:34:15Z,2025-03-11T15:34:15Z
UgxHqMXtmeDjMTBsADF4AaABAg,@ratand4619,"This ain't a track, let alone a diss track. Why is he showing low energy? Btw can anyone tell me about this child molestation thing, like was he caught in the act??",0,0,2024-07-08T04:15:04Z,2024-07-08T04:15:04Z
UgyBgONMGKAh-uF_-rV4AaABAg,@Asiamarie36,Drake is wrong for bringing up something that happened in his life that probably scarred him for life,0,1,2024-06-26T14:09:09Z,2024-06-26T14:09:09Z
UgwOHkbccjdAn-tf9RZ4AaABAg,@BryantBrady-xy4yv,Kendrick>Drake,0,0,2024-12-09T06:12:17Z,2024-12-09T06:12:17Z
Ugwf97DhSlchcLdqhk94AaABAg,@Flint_Netwurks,"nawh we gonna see Aubrey Grahams name on the SO list xD, goofy ass drake",0,0,2024-05-19T17:49:58Z,2024-05-19T17:49:58Z
UgxmBqMmmdwGgVG5TAR4AaABAg,@maybedos,Too famous to be a Chomo? A whole celebrity list popped up for a certain island 😂,0,0,2024-05-18T14:30:07Z,2024-05-18T14:30:07Z
UgxdxUv07EhOxxTb6aJ4AaABAg,@ashtonphilip6371,Kendrick backed R kelly’s music… now he acts mad on Drake…. I mean how the turn tables😂😂😂😂,2,2,2024-05-31T23:56:14Z,2024-05-31T23:56:14Z
UgyqTFt9h7e18RlmLsR4AaABAg,@alfianfahmi5430,"Bro expected the Epstein angle yet misunderstood the point of the Mother I Sober, and in turn indirectly m0cked the SA victims? 😂🤣",1,0,2025-02-16T15:34:00Z,2025-02-16T15:34:00Z
UgwyFrzHOCYqY9YpAl14AaABAg,@ninjachannel007,"It was actually a decent response, but way too softspoken for a  guy like Kendrick who just kills you with 'soul of 2pac' delivery.  It's like two people arguing, except one is yelling and the other one is whispering. They're not really going to hear the latter's point.",0,0,2024-05-31T17:12:11Z,2024-05-31T17:12:11Z
UgzR4TLxaCULQ8nQhmB4AaABAg,@kutonbobby7464,"Bruh u tap out already 😂 u started the diss so don’t runaway from it bruh so 😱😂💔

Kendrick is a monster 😂",0,0,2024-05-08T07:40:25Z,2024-05-08T07:40:25Z
Ugx92BwS_PLDTRzuyYp4AaABAg,@donstarlancer,Man this is lame and I was a clumsy nerd with no friends growing up in the hood in the 80s and 90s,0,0,2025-10-07T15:06:10Z,2025-10-07T15:06:36Z
UgyoePVpV8_8m1mu9y94AaABAg,@HOODREAL215,DRAKE over Kendrick any day.,0,0,2025-02-21T06:21:59Z,2025-02-21T06:21:59Z
UgzEh1E2_YBTXk_2C7t4AaABAg,@clownster456,This one is whack…,2,0,2024-06-21T05:30:56Z,2024-06-21T05:30:56Z
UgxRLs5RVN2grqauv1J4AaABAg,@leviwest3968,This shit is pathetic. He shouldn't have even dropped it. 😂😂😂,1,0,2025-01-28T21:27:55Z,2025-01-28T21:27:55Z
Ugz7qI48nQxWb8UZfel4AaABAg,@TheRealInf4mous4im,Is he just spazzing bulshit because I don’t feel like none of that effected Kendrick,0,0,2024-05-08T17:20:10Z,2024-05-08T17:20:10Z
Ugym9w-byvdaOjv_mnx4AaABAg,@KarmaSaunders,Drake u embarrassing yoself🤦🏿,0,0,2024-08-22T22:32:13Z,2024-08-22T22:32:13Z
UgxEuW6zuXIGXxjJdGJ4AaABAg,@Rice624,"In my opinion Kendrick dissed the balls off of Drake but i'm not gonna lie that ""niggas need to B Sharp"" verse was pretty hard",1,0,2024-06-06T03:30:29Z,2024-06-06T03:30:29Z
UgzzYyKCH8y10cdJiQV4AaABAg,@Harris665,Y’all really think this ‘beef’ is real? Wake up people it’s all to sell records.. btw there’s a jen o side happening but we gotta focus on a pop tart singer vs a super overrated mc who needs better beats and hooks,0,0,2024-05-08T01:33:13Z,2024-05-08T01:33:13Z
Ugzl_ORJ6wycRMeDUix4AaABAg,@nerrylay4765,"Kendrick said :
« Weinstein » not « Epstein » 🙄🤦‍♀️
Aubrey should focus on « his » lyrics instead of minors….",1,0,2024-06-22T04:23:32Z,2024-06-22T04:23:32Z
UgwHNbuu61IYFFn_zlh4AaABAg,@thatdudestl5012,"I dont know what yall are listening to, but Drake is killing Kendrick",0,0,2024-05-08T01:02:10Z,2024-05-08T01:02:10Z
UgxTVDEQGZ9rUxmpUal4AaABAg,@adrian-t7e4m,This is pathetic I only heard it once last year and again just now and all I can say is pathetic 😂,1,0,2025-01-26T10:50:00Z,2025-01-26T10:50:00Z
UgxVdqoorvES6kBV6114AaABAg,@d3scribe130,Maturing is realizing drake actually won,1,0,2024-12-22T09:12:59Z,2024-12-22T09:12:59Z
UgxZFy5pW044KuoPIbZ4AaABAg,@claudiatilotta5763,"According to the alleged allegations concerning Drake on minors, the last thing he should be doing is trying to diss Kendrick by making fun of him for being ""molested"" as a child, which by the way, HE WASN'T! Someone didn't do his homework correctly 😂. You dissed yourself ""FAN""🤣🤣🤣",0,0,2024-06-28T10:45:16Z,2024-06-28T10:45:16Z
UgyQfkHyPHIfcgw87dN4AaABAg,@lalataly3609,Where were the ghost writers for this one? Its wack.,0,0,2025-03-17T12:11:56Z,2025-03-17T12:11:56Z
UgxHMN9ZQ8AVj8zB6il4AaABAg,@JordanODea-ym8hu,Hearing someone got molested and then proceeding to describe it is kind of the exact thing a pedo would do....pretty sure imagining that and then trying to degrade someone with it isnt normal. JS there's being savage while being clever and then there's just twisted and dark,1,0,2025-02-10T17:51:05Z,2025-02-10T17:51:05Z
UgzBbrIhz_gg7fjC3rB4AaABAg,@mohamed03367,Some really bad boring lines prove you he wrote this so fast before ppl say he Lose,0,0,2024-08-04T23:30:55Z,2024-08-04T23:30:55Z
UgxRb99rxTUxF9omnAJ4AaABAg,@Gus4611,He lost fr tho,0,0,2024-08-11T14:39:21Z,2024-08-11T14:39:21Z
UgzIXZNVyNpPDW7IDZd4AaABAg,@chicagosveryown1,Man re-listening to these is crazy. Drake top 5 fr pen is insane,1,0,2025-01-26T06:01:18Z,2025-01-26T06:01:18Z
UgzkbaziWb050DUzpNR4AaABAg,@GlobalGreenBook,"This is a defense track and not a diss track. Sorry boo, better luck next time, Kendrick left you in his dust.",0,0,2024-06-05T21:37:28Z,2024-06-05T21:37:28Z
UgzZbCprS6lfn9mlO5d4AaABAg,@johnnyfresh5798,meh,0,0,2025-01-24T11:16:48Z,2025-01-24T11:16:48Z
UgyCQ-Ji55BLQAkiY4l4AaABAg,@conman2895,"Drake played his ass, called him out and deaded it. K took the L, it's done. The audience isn't dumb fr",0,2,2024-05-10T15:11:28Z,2024-05-10T15:11:28Z
UgyzOMk7GjurhgmOX-t4AaABAg,@bilalyamini3792,"I love a good fight just as much as the next man, but this aont it. I was hoping he'd come harder than he did.  Like i said, i love a good fight on both dides, but this is trash.",0,0,2025-04-24T17:49:22Z,2025-04-24T17:49:22Z
UgwcCxHsjv36AWsCK9N4AaABAg,@speedy6997,"lol he just lied completely in this song, and then got caught by fans aftewards by fans digging up shit kdot posted hours back,",0,0,2024-09-17T18:26:26Z,2024-09-17T18:26:26Z
Ugwbmzt2jaPvOzRqrlR4AaABAg,@maitedicesare,this genuiely has to be one of the worst songs ive ever heard,1,0,2025-02-14T01:49:02Z,2025-02-14T01:49:02Z
UgytwjhFVcnKsRp7AJd4AaABAg,@unclekyle9903,Boring,1,0,2024-05-09T02:44:13Z,2024-05-09T02:44:13Z
Ugzx7RxpyU7q5gDfRb94AaABAg,@kylobruh222,"bro rlly said “everything on my sh!t is facts”.. the only thing you said ab him was once again , the “woman beating” allegations…. the rest? just str8 trynna get off the ground where he put you drizzy. come on yo . do better 🥲",0,0,2024-05-23T00:59:55Z,2024-05-23T00:59:55Z
UgwcEkIZG7Nt1JG0ll14AaABAg,@MichaelD-k4t,"Drake went in, can't lie",0,0,2024-06-22T04:23:42Z,2024-06-22T04:23:42Z
Ugzrdfo7xTOlfO0E9l54AaABAg,@Welshtheman,"HONESTLY IM A DRAKE FAN BUÞ BOOGEYMAN BURIED HIM ALIVE 😂
BUT DRIZZY  KEEP MAKIN EM HITS  
NOT WAH GWAN DELILAH😢",2,0,2024-06-12T10:01:51Z,2024-06-12T10:01:51Z
UgzbRGttVHHmiun-Bh54AaABAg,@kinleyshorts211,"Team Kendrick won
👇",2,0,2024-07-14T17:42:25Z,2024-07-14T17:44:35Z
UgzX3KVtJESaXjXWsit4AaABAg,@JacobRussell-u8g,Kendrick is ass bro,2,0,2026-04-29T04:34:56Z,2026-04-29T04:34:56Z
UgwwokFBPOY8oQf2yox4AaABAg,@flyjunie,Came back to listen after Drake hit UMG with a defamation lawsuit & I would gladly like to say this is probably the worst diss track to ever exist,0,0,2025-01-15T23:05:54Z,2025-01-15T23:05:54Z
Ugw7lECT5LhFPnYTP3p4AaABAg,@sharronjones1017,This is just sad. Nobody believes anything Drake says.,0,0,2024-05-28T01:23:33Z,2024-05-28T01:23:33Z
UgxwOS0Iw8Up71J-GUR4AaABAg,@dougdoesitgood,"Montreal connects.....😂 is montreal hard??, lol dude needed to stay to bumble gum rapper hip hop shit. Can we all agree? Canada, specially montreal? Like french canada aint hard",0,0,2024-05-08T01:31:10Z,2024-05-08T01:31:10Z
UgzYs1EX0tsoik5jb_l4AaABAg,@Doggiesstealthings,"I regret even giving Drake a click.

This is laughably a just mediocre (at best) to straight awful track. Just sit down Drake.",1,0,2024-07-08T08:17:17Z,2024-07-08T08:17:17Z
UgxWfeCX8fKRRBUQjX14AaABAg,@00factsguy,Drake finished Kendrick here everyone hating on drake but he’s just better then Kendrick here comes the weird Kendrick fans who love him more then their kids 😂,2,2,2024-05-31T11:25:09Z,2024-05-31T11:25:09Z
UgzJcOQqpZBcICO4wQR4AaABAg,@Mr.Marquaze45,The King is back you lames dizzy is the champ,0,0,2024-05-08T02:33:25Z,2024-05-08T02:33:25Z
Ugzz7beDGOx-Bde-Vu54AaABAg,@bunnyloveroblox123,This is garbage,2,0,2024-08-29T17:56:58Z,2024-08-29T17:56:58Z
UgxvTgxZk2eTLUwttVl4AaABAg,@jennatolls904,Kendrick fans really butthurt in the comments,0,0,2024-05-07T20:51:00Z,2024-05-07T20:51:00Z
Ugw8H5tCUAhJgRbPqMd4AaABAg,@R3B1RTH452,Hang on bro. No one said a word about epstien. Why is epstein involved mumble mouth?,0,0,2024-05-22T14:46:13Z,2024-05-22T14:46:13Z
UgydvG6btjS4CM0nR-N4AaABAg,@fificlowninaround,Profits from r kellys music go to his victims i think,0,0,2024-08-11T06:16:07Z,2024-08-11T06:16:07Z
UgyOArN3sKt_dgz29f94AaABAg,@bird504,"One year later I decided to listen take a listen... and boi oh boi... I wasted my time. This is some weak ass shit! It makes me believe you have ghostwriters. 

There is a vast comparison between this track and the others you put out. This shit sounds like you wrote it yourself because your writers decided to distant themselves from you with all the allegations.",2,0,2025-09-08T22:13:14Z,2025-09-08T22:13:14Z
UgxYkCJfhnwGbn--Ea14AaABAg,@2nomin,this beat was wasted,0,0,2024-05-19T15:27:58Z,2024-05-19T15:27:58Z
UgwHoisKDijiLbxahw54AaABAg,@BROOKLYNZOO100,"KENDRICK WON THIS 1 DRAKE JUST LAY DOWN SOMEWHERE, IT'S OVER YOU CAN'T COME BACK FROM THAT KENDRICK KILLED YOU THIS IS GARBAGE YOU JUST PUT OUT 💪🏾",0,0,2024-05-07T19:00:57Z,2024-05-07T19:00:57Z
UgxQpTkh0Uq_5G6Zpxd4AaABAg,@tfex13890,The goat of rap right now is drake 🫡🫡,2,0,2024-07-27T12:45:13Z,2024-07-27T12:45:13Z
UgxJHnd3oyzF2nEWfnt4AaABAg,@luxe4744,"All of Drake's diss tracks are spontaneous on the spot, while all of Kendrick's diss tracks arent. Kendrick's diss songs were pre-written about Drake a long time ago, indicating that Kendrick has been quietly harboring animosity towards Drake. The ghostwriter for Kendrick is Baby king",1,0,2024-05-11T01:34:21Z,2024-05-11T01:34:21Z
Ugy7W7aJdu9hyev_UeV4AaABAg,@silentkilla5339,Couldn’t handle it should have second guessed it when u been trolling and calling him out. When u guilty of pedo u address if many many many times. Lost!,0,0,2024-05-29T10:22:01Z,2024-05-29T10:22:01Z
UgwIqavu0bULM2MK5uJ4AaABAg,@iblameangel4,i’m sorry drake won ez,0,0,2024-05-08T01:32:11Z,2024-05-08T01:32:11Z
UgyUardXXqs3D372ha94AaABAg,@HouseOfJolene,This is trash....,2,0,2024-07-14T14:41:06Z,2024-07-14T14:41:06Z
UgwuuOD07My6ccafRsh4AaABAg,@jazzshioma8262,This is shit 🤣🤣🤣,1,0,2024-12-09T18:51:53Z,2024-12-09T18:51:53Z
UgzE-5wFNkWxysNID7N4AaABAg,@kinanzafra9184,Hahahaha WTF is this? What a cheap response 😂 we all know who wins 😂,1,0,2024-07-14T03:16:03Z,2024-07-14T03:16:03Z
UgzHH92V2sbXKZ3wQNl4AaABAg,@77mentiras,"drake tries to be seen as the bigger man here, but this track just feel as copium",0,0,2024-05-09T21:44:24Z,2024-05-09T21:44:24Z
UgzHSRElYjazKG6PIF94AaABAg,@maksial7949,This sucks,1,0,2024-05-25T22:51:38Z,2024-05-25T22:51:38Z
UgwTQBUPzEH4OERvf294AaABAg,@star-g2q9q,here to relisten after Kendrick dropped the real Heart pt6….drakes a loser lmao,0,0,2024-11-22T18:16:20Z,2024-11-22T18:16:20Z
Ugz7I9eYGklZg1j5j3F4AaABAg,@JormungandrsTides,I cannot think of a song that comes across as more fake tbh,0,0,2024-05-07T22:28:55Z,2024-05-07T22:28:55Z
UgzUv4kKMaNDxSkCoL54AaABAg,@IsaacGEwing,This trash song,2,0,2024-06-21T02:51:41Z,2024-06-21T02:51:41Z
Ugy8NqPUBP65Vf9-E2l4AaABAg,@kspade8751,Y'all trippin this hard. Drake winning,1,0,2024-05-09T04:44:09Z,2024-05-09T04:44:09Z
UgxF1iJvEIDB_VgmTZ14AaABAg,@redcarti224,I’m glad that clown drake is over 😂,0,0,2024-05-07T20:55:02Z,2024-05-07T20:55:02Z
UgycbhEFhM2DwfzvMxl4AaABAg,@caleblovework3915,Drake rapping about everything Kendrick said he would do is hilarious 😂🤦🏽‍♂️🗑️🚮,0,0,2024-05-09T21:25:19Z,2024-05-09T21:25:19Z
UgzcRWhfaW57uWcJZ9F4AaABAg,@amandahendrix8533,That was cringe,0,0,2025-02-10T08:35:57Z,2025-02-10T08:35:57Z
Ugwk2QEKsb7AXEnoRlN4AaABAg,@bluejay7688,"We fed you all the information! Plus, the people you got your information from are all cowns!🤡

 But, fr that last half of the song Is so weirdly fucked up, even if kendrick was an actual victim why would you say some shit like that.",0,0,2024-05-20T18:42:44Z,2024-05-20T18:42:44Z
UgzD4ae4LdxiP6U-52x4AaABAg,@scarty.official,"only he would know about the age of his daughter, no one mentioned her age 🤷‍♂",1,0,2024-06-11T23:09:14Z,2024-06-11T23:09:14Z
UgyOnQz39oCoP5MdSVZ4AaABAg,@flamenskall2016,"this is trash
the beat and the rhythm drake is rapping at don't match at all",1,0,2024-09-21T00:22:24Z,2024-09-21T00:22:24Z
UgwAArTp21M4mHxQOTN4AaABAg,@Gatorboy84,Drake killed Kendrick 🔥🔥🔥🔥🔥🔥🔥,1,0,2024-05-16T20:11:59Z,2024-05-16T20:11:59Z
UgwfUYw1-zRV3h5wPUh4AaABAg,@TheRealUncleTony,"Ladies and Gentlemen, the worlds first defense track. this track was weak as hell. family matters was his best try. sorry take the L Drake. so happy we got to see history. NO VASELINE, HIT EM UP, and NOT LIKE US. 
THANK YOU KENDRICK AND DRAKE for making it happen",0,0,2024-05-24T20:57:01Z,2024-05-24T20:57:01Z
UgwAwvUfFXItUvN5sf54AaABAg,@kobelive6055,His rhyme schemes with usage of syllables is so basic lmao especially compared to kendricks. Drake whack af,1,0,2024-05-16T07:24:27Z,2024-05-16T07:24:27Z
UgzSW96lrDCOBanb6AR4AaABAg,@santanamanderville1191,Drake just give up you have nothing on Lamar this is shit he’s better man,0,0,2024-05-17T01:20:26Z,2024-05-17T01:20:26Z
Ugx2ypzB1dV8vg15Awt4AaABAg,@ethan9994ever,"Trash😂
Yeat is better then this and I hate yeat",1,0,2024-05-07T22:49:03Z,2024-05-07T22:51:16Z
Ugw1mMtUzFTdtmQoDq14AaABAg,@vivianaraykova4039,"Bruh you brought up Millie 😂 you snitching on yourself. Or your conscience is really getting to you. You could’ve made an Ig story saying you don’t diddy minors instead of backtracking . You and the ghost writers clearly need more time to respond bc wtf is this ? “ I’m not a pedo you’re only calling me that bc someone SA youuu oh & I  don’t wanna do this anymore “ lmao , well Drake if he is a victim I guess he would be more qualified to identify someone who’s a pedophile  from personal experience 😂😂 just stopppp",0,0,2024-05-13T01:55:44Z,2024-05-13T01:56:34Z
UgyMVq-8Aht9xm4FTEx4AaABAg,@cedricmcgowan203,This was one of drake’s weaker tracks.,0,0,2025-02-24T22:49:21Z,2025-02-24T22:49:21Z
UgzZCRjjWxd3LhVs-3N4AaABAg,@CMBJASON,"Kendrick’s Euphoria is good, but the rest is trash. Gassing that man up with his insomnia flow. 🔥 🗑️",0,0,2024-05-18T04:25:15Z,2024-05-18T04:25:15Z
UgwqgzshQo2rVPlpdvJ4AaABAg,@kaileedemarco521,I like both but this is a little not fare for drake,1,0,2024-10-02T21:09:12Z,2024-10-02T21:09:12Z
Ugz7dYHrBWdNWK8R0op4AaABAg,@sophiaS1213,Take the L Drake . KL taking a permanent W - Wendrick Wamar,0,1,2024-09-15T18:58:32Z,2024-09-15T18:58:32Z
Ugzax3jH0uz0bwNbTJt4AaABAg,@toni.b604,Honestly Kendrick is not real yall are seriously not doing the research they not like us is stupidity but it’s all about the beat yall not listening,2,1,2025-02-17T19:41:34Z,2025-02-17T19:41:34Z
Ugx7e84AshFB4njWz6B4AaABAg,@kevinmaultsby8300,Corny,0,0,2025-02-04T13:16:46Z,2025-02-04T13:16:46Z
UgxQyAiqsdaUOFVu-s54AaABAg,@TheRealBoneClareef,cringe,0,0,2024-06-05T02:45:57Z,2024-06-05T02:45:57Z
UgwRz4k6iFYIWSvl9jJ4AaABAg,@SechabaLetsatsi,"Fuck all that other shit, Drake won.",0,1,2026-03-24T06:51:51Z,2026-03-24T06:51:51Z
UgxcQCf-ohpYe3SGlGR4AaABAg,@seithatimolefe2048,Drake defended himself if you listen closely in every diss,1,1,2024-08-18T15:42:59Z,2024-08-18T15:42:59Z
UgzTFQzDq3r60wuNAN14AaABAg,@miac6371,this was pretty weak. How do you regift old bars without looking like you've lost? Drake just took what Kendrick accused him of and sent it back. Points lost for originality and authenticity. C-,0,0,2024-05-07T22:46:04Z,2024-05-07T22:46:04Z
UgzSQBNGeFPSdaaMFYZ4AaABAg,@Tolo1275,Funny thing is…The Biggest Song of kendrick’s career is about Drake 🤣🤣🤣,1,2,2024-07-22T05:40:20Z,2024-07-22T05:41:36Z
Ugw734IZpJBgvzuqfSB4AaABAg,@ericstreet5497,"Drake still a beast & better diss Rapper. Wins vs Meek, Common & Jim Jones. Dot only won bcuz he stumbled onto a fire beat",1,0,2025-06-08T00:08:56Z,2025-06-08T00:08:56Z
UgyXBDJGsbAnCBa0Hwx4AaABAg,@Giacko.93,Can't lie I'm not a fan of drake or K Dot but this is fucking shite! Feel like I'm back at school with crap battle raps at lunch.,1,0,2024-06-06T16:35:45Z,2024-06-06T16:35:45Z
UgwtxRG7GxF5xFW3m6l4AaABAg,@arian_the_worm,"Is it just me, or do Drake's disses feel really repetitive? It's like, all the lines follow the same rhythmic pattern with very little variation. It gets boring after a while.",0,0,2024-05-21T09:42:30Z,2024-05-21T09:42:30Z
Ugz7dId6VYGBrkImj094AaABAg,@user-er7fu3ev7u,That was wack and he can’t diss Kendrick he atleast writes his own music… and it’s way hotter mind you I def listen to drakes olds jams especially since I know him since degrassi but….we all (SHOULD KNOW BY NOW) that drake doesn’t write his own songs and he isn’t any gangster and if he is it’s only because he’s the richest fake rapper known to date. Period.,0,0,2025-04-11T19:52:41Z,2025-04-11T19:52:41Z
UgyBT4_fhaEhh7JzMBh4AaABAg,@cbear3079,Corny ahh outro,0,0,2024-06-05T14:30:08Z,2024-06-05T14:30:08Z
UgyUW_CESA4EfbXeQZF4AaABAg,@the.Money101,תשמרו שניכם על השפה שלכם גם דרייק וגם קנדריק זה לא יפה,0,0,2024-05-11T18:49:28Z,2024-05-11T18:49:28Z
UgwFfs9rA1X-U5iJdl94AaABAg,@johnathonsibbitt1437,This is hot trash he need to fire his ghost writers for real,0,0,2024-05-12T18:28:36Z,2024-05-12T18:28:36Z
Ugy1gC-u48a5ydWUUI94AaABAg,@dawint123,"Drake is NO Kendrick... drake has talent, but not as much as Kendrick...",0,0,2024-05-27T18:19:36Z,2024-05-27T18:19:36Z
UgyKiKsiNyEcqgbET1R4AaABAg,@dougdoesitgood,"Drake just needs to stop, canada is soft, even if you from those ghettos there😂, your  were an actor, aint like the days before the internet. Internet is forever, only a matter of time when the accusations come out, its after the money u paid them runs out and they so broke they dont care about the NDAs they signed😂",0,0,2024-05-08T01:35:40Z,2024-05-08T01:35:40Z
UgyiCsdE6H8HdWYoaL14AaABAg,@vanillagorilla480,Weak,0,0,2024-05-09T19:40:19Z,2024-05-09T19:40:19Z
UgyZA-vrBe2hEA4wzBh4AaABAg,@burningdowntheworld,This might be bars if you live in Canada but it's trash here. Even Metro clapped harder than this BBL Drizzy!,0,0,2024-05-22T03:40:05Z,2024-05-22T03:40:05Z
Ugwj7BiZ-8_5ED9KdKp4AaABAg,@Daveradio,This being a reply to meet the grahams is so funny😭😭 “I have that shirt too kinda” ass duality,0,0,2026-04-18T17:07:57Z,2026-04-18T17:07:57Z
UgxgfiTQN92Dm9_P9wV4AaABAg,@itsfiji825,bro if youre gonna make a lyrics channel at keast have the decency to really listen and get the actual lyrics. not that hard bro this has my convinced youve got to be in high school or middle school or something lmao,0,0,2024-05-09T17:53:35Z,2024-05-09T17:53:35Z
Ugx6FUvbTS9U0GsYpZp4AaABAg,@DeeqaAbdi-x1b,I fucking dare u come look for me n thinking u won’t get dead out here by me with no fans n security guards on me n I don’t need that shit on me unlike u u stay talking shit but with fucking security guards and fans behind u,0,0,2026-02-25T22:48:34Z,2026-02-25T22:48:34Z
UgwJvxUhatf2oBS0bcJ4AaABAg,@searrabelcher8028,i hate this song its trash,2,0,2024-05-31T21:34:05Z,2024-05-31T21:34:05Z
Ugy27Wtk-IRXWW0Dns94AaABAg,@bilalyamini3792,This is super weeerak,2,0,2025-06-10T22:19:12Z,2025-06-10T22:19:12Z
Ugy-2lugf-gA6psP6i94AaABAg,@lifeislove13,"Drake's SILENCE would have spoken volumes to those who are following, but instead he still coming back and basically 'defending' himself.....uhhhhh when its 'rap beef'.......you don't have to defend - Let It Be!  He just indirectly let the world know he conceded to Kendrick Lamar..... the low blows still about KDot's wife and kid is showing ""elementary school girl"" pettiness Aubrey!!  No coming back from ""NOT LIKE US"".......  Just STOP!!",1,0,2025-02-08T08:37:19Z,2025-02-08T08:37:19Z
UgzBVtMECkKmqzyZTXN4AaABAg,@jamesjohnson4618,Facts lol 😆 🤣  Fake af,0,0,2024-05-24T22:50:10Z,2024-05-24T22:50:10Z
UgybygzgIEKX7KvjK5V4AaABAg,@azanuwafejiro4686,"Ya'll are just funny. I'm not a drake fan nor a Kendrick fan(I'm always going to be a Cole fan). But if we're being honest, y'all are backing Kendrick because he is black.",1,0,2024-06-12T14:18:41Z,2024-06-12T14:18:41Z
UgwIWfKynPHPEfjss7h4AaABAg,@TYWHIRLSPERSONALACC,This song was self contradictory garbage. The whole thing.,0,0,2024-05-07T19:55:18Z,2024-05-07T19:55:18Z
Ugzqb7kOpN5LCQLbIvx4AaABAg,@gerryv530,Wack rap,0,0,2025-02-04T20:11:12Z,2025-02-04T20:11:12Z
UgxT0b2ofIewofI3dMR4AaABAg,@Gstar92b,"I prob helped this predator by buying most his albums, I really need a refund asap ! Jeez I used to think buying their music it will help both music and musicians but I’m not going to hell for supporting a pedo !!!",0,0,2024-05-17T11:54:46Z,2024-05-17T11:54:46Z
Ugy2H1zyD47bOsftz514AaABAg,@Grav3s07,🗑,0,0,2024-05-08T00:06:05Z,2024-05-08T00:06:05Z
Ugy6ZKGUtcNjV9r_GVt4AaABAg,@jessecozyes,This isn’t a diss 💀 all he’s saying is Nuh uh,1,0,2024-06-11T13:57:31Z,2024-06-11T13:57:31Z
Ugyo_ZnkZtqYace0V754AaABAg,@LaidyMelendez-o4o,4:06  it was good exercise,0,0,2024-08-25T19:23:23Z,2024-08-25T19:23:23Z
UgwoKj8gH9DIJ2LQfqx4AaABAg,@KassiaPoties,This shyt is weak 🤷🏿‍♀️🤦🏿‍♀️🙄,0,0,2024-07-16T13:36:07Z,2024-07-16T13:36:07Z
UgwIeL72xknlNFwaHlp4AaABAg,@relentlessgrinder8757,"Drake is a damn good artist, one of my top 10. But he could’ve kept this weak ass shit!! Frfr",0,0,2024-05-08T01:40:07Z,2024-05-08T01:40:07Z
Ugz7H5KyW3awVPsW1DR4AaABAg,@erikag3599,Drake is so cringe,0,0,2024-05-08T13:42:26Z,2024-05-08T13:42:26Z
UgzrveNq8z4O3q7WnwJ4AaABAg,@lovelaughlive225,Man this shit weak as hell Kendrick frying his ass and man I don’t even listen to them like that I bump boosie and webbie all day down here in Baton Rouge 😂,0,0,2024-06-03T13:45:42Z,2024-06-03T13:45:42Z
UgzIQzaqOK_X5CNlPyp4AaABAg,@BS-lu1cu,Boring,0,0,2024-05-13T02:18:17Z,2024-05-13T02:18:17Z
UgychNm2hQn6RPjy_cR4AaABAg,@STREAMZZx,Well this was some wack shit drake took the L,0,0,2024-05-08T17:55:24Z,2024-05-08T17:55:24Z
UgxgIgQhoaVd1Ctcex14AaABAg,@pallyscrew6047,"its funny to read all the comments truth is drake put kendrick on actual facts look it up i love kendrick i love drake meaning i like their music,  two diff styles, entertainers, millionaires, and no matter how much trash anyone says they are both still rick still making money and could really careless but ay yo im here with popcorn to watch the drake and kendrick fans slaughter each other over 2 brothers dont dont give 2 fucks about them thats the best part fyi",1,0,2024-10-25T01:50:09Z,2024-10-25T01:50:09Z
UgyyK-aZtSQzIgmb2Gp4AaABAg,@spiderlandd-o1g,corny ahh outro,0,0,2024-05-31T20:44:01Z,2024-05-31T20:44:01Z
UgxtjzZSX2yDircfP9F4AaABAg,@abdulbariseid7187,Now say that without crying 😂,0,0,2025-05-25T02:52:50Z,2025-05-25T02:52:50Z
Ugyx2YeTGkDIX1JVfS94AaABAg,@jayholaway4789,This whole track is just in bad taste,0,0,2024-05-26T17:27:12Z,2024-05-26T17:27:12Z
Ugw7p9IahNzaf8XvmRN4AaABAg,@conartistic,Everyone is so dramatic... I like both artists and am indifferent about the beef. But i do prefer drake's responses better than k dot. Has more swag to my ears.,1,0,2025-02-11T03:24:38Z,2025-02-11T03:24:55Z
Ugx67WCvy89HC2ZdD094AaABAg,@LionheartSegura84,Drake 🔥 🐐,0,0,2024-05-18T18:22:08Z,2024-05-18T18:22:08Z
UgzugMGR3IAPsEpnD4l4AaABAg,@RonaldHerbert-m3l,This shit wack new Orleans in the building KDot all day,0,0,2024-05-07T20:17:41Z,2024-05-07T20:17:41Z
Ugx9vM7MBgr3YYu9E0V4AaABAg,@Jmoney1112,This is one of the worst disses I’ve ever heard bros like blueface of beat got no flow,0,0,2024-05-22T13:03:56Z,2024-05-22T13:04:19Z
Ugxbat7Kq8YRg48P0sl4AaABAg,@allaxK590M,This ❤ is WHY DRAKE WON!!!!!,0,0,2024-09-07T03:45:22Z,2024-09-07T03:45:22Z
Ugw9oqwC4PTZ0P77ef54AaABAg,@TitanUpCEO,“Do Rick Ross Air like that one flight from Malaysia….” Didn’t Rick Ross’s plane malfunction in the sky? Confession 🤔,0,0,2025-02-03T11:26:45Z,2025-02-03T11:26:45Z
UgwybGaqMdzYVfPQmeR4AaABAg,@MisterGains8,This dude is so embarrassing.,0,0,2025-02-10T04:45:02Z,2025-02-10T04:45:02Z
UgyejFW5ILgfO-X6W6l4AaABAg,@miguelmejia1944,😂😂😂 this full backpedaling stop making excuses and explanations drake like under aged girls where I’m from they disappear,0,0,2024-05-31T16:11:23Z,2024-05-31T16:11:23Z
UgxHyGDZH8wGbQ1unLR4AaABAg,@TocaVivi16,This is trash😂,0,0,2024-05-07T22:41:10Z,2024-05-07T22:41:10Z
UgwZtgYMnRkFuAAzZpF4AaABAg,@Kowtak93,Fkn defending himself lol that's so whack...,0,0,2024-05-11T05:49:29Z,2024-05-11T05:49:29Z
UgyP3Wr4O44277fGmG94AaABAg,@Dakydoo011,What a boring diss lol even Kendrick’s is boring this era errrrrr,0,0,2024-06-02T03:54:44Z,2024-06-02T03:54:44Z
Ugwe58FH6rHqn6jgcTZ4AaABAg,@YersieBang,This ain’t it,0,2,2024-05-09T04:06:13Z,2024-05-09T04:06:13Z
UgyYHtWd1_syq88vB6F4AaABAg,@postpunkfunk82,Weak af,0,0,2024-05-07T20:20:46Z,2024-05-07T20:20:46Z
UgyQws88B5t7Dtlll7x4AaABAg,@cavelnolan5376,This is embarrassing,0,0,2024-05-10T14:51:29Z,2024-05-10T14:51:29Z
UgwYUk6324epaRb_kC54AaABAg,@lineira94,"N4n , kdot sounds terrible I cannot vibe to his shit even if he is telling the truth his music is just not good",0,0,2024-05-08T17:53:00Z,2024-05-08T17:53:00Z
UgzvDOxqISXtX1D24Vl4AaABAg,@SF-px8cv,Loser still,0,0,2026-07-18T23:16:55Z,2026-07-18T23:16:55Z
UgwcOqdRlCAgOYIouKF4AaABAg,@arcanezenithtcg,😂🤡🚮,0,0,2024-06-03T11:36:28Z,2024-06-03T11:36:28Z
UgwaT271hVAR6EemIot4AaABAg,@NotoriousWitch,"He makes himself looks so stupid, please make it stop this is getting to embarrassing and creepy!",0,0,2024-05-15T11:50:44Z,2024-05-15T11:50:44Z
Ugy1aiCVA6vL3JlFLKt4AaABAg,@iamtomthomas4197,This song trash drake sounds like he was in ovo sweat shop crying...like help me he's killing me 😂😂😂,0,0,2024-05-29T23:45:07Z,2024-05-29T23:45:07Z
UgxtUhQ0RZTmWsQGGLh4AaABAg,@clintonmercer2520,"The weakest comeback ever 😂😂😂😂 Drake is defeated ""i want to plead my case"" 😂😂😂😂😂😂",0,0,2025-03-10T02:54:15Z,2025-03-22T03:47:11Z
UgxNkFJjaIvicz6Be_V4AaABAg,@adancordova5743,This man is trash,0,0,2024-07-27T05:28:18Z,2024-07-27T05:28:18Z
UgwcAaYH1spqqubFxah4AaABAg,@AnarchoCatBoyEthan,hey you did a terrible job with these lyrics,1,0,2025-02-23T07:18:31Z,2025-02-23T07:18:31Z
UgysgjzCAAMT67-NVt94AaABAg,@rokaspocius07,Yall like kendrick bc just of his song,0,0,2024-07-09T09:39:34Z,2024-07-09T09:39:34Z
UgzEUfVrTKVAU36rRc54AaABAg,@Spacecadet10890,damn this is just terrible,0,0,2024-05-07T21:33:27Z,2024-05-07T21:33:27Z
Ugw9fvu6WeviPc5WMFd4AaABAg,@tricky5222,So this song sucked😂,0,0,2024-07-20T02:08:54Z,2024-07-20T02:08:54Z
UgwGxXVZzfwN0fpsHw94AaABAg,@Junior-s9j4t,To me its the part where he goes mother i mother i 😂😂 bro like that was goofy as hell,0,0,2026-04-02T13:21:05Z,2026-04-02T13:21:05Z
Ugyduw1OF8w8_EfWdsF4AaABAg,@dawnbrookman,"""I'm happy I could motivate you and bring you back to the game"" What?  Drake delusional",0,0,2025-02-04T05:25:41Z,2025-02-04T05:25:41Z
Ugwt3jVlAgAyPlAZlu94AaABAg,@Bjswac,Worst diss track ever hahahaa,0,0,2025-02-22T05:37:15Z,2025-02-22T05:37:15Z
UgyTLtinHKvEyNcxkgF4AaABAg,@sharifulislam3423,bro ain't dissing. he still kissing kids,0,0,2026-03-25T08:50:00Z,2026-03-25T08:50:00Z
UgwJL8bjZYedGFF56fF4AaABAg,@prodigyeso1,Nobody Bars compare to Drakes,0,0,2024-07-04T04:14:39Z,2024-07-04T04:14:39Z
UgzqkZWjck27FzRkN_F4AaABAg,@fificlowninaround,"Lyrics, whack, beat whack, style whack. Deeply embarrassing",0,0,2024-08-11T06:13:57Z,2024-08-11T06:13:57Z
UgyTzd0TJjcYOSvB9SF4AaABAg,@BC1Collect,If none of the things Kendrick said were true he shouldn’t have felt the need to deny them. No one said anything about Millie Bobby Brown but Drake felt guilty enough to bring her name up. 😅 I still don’t understand what he was thinking when he released this,0,6,2026-04-15T21:39:39Z,2026-04-15T21:39:39Z
UgyDYQy9IEm0pVQ0BF54AaABAg,@cheechyoga4298,This is trash x 100000000000000,0,0,2024-07-08T03:06:46Z,2024-07-08T03:06:46Z
Ugz1g6h8ejxUDYJxKjx4AaABAg,@josegomez3725,And I don’t know but he said I’m not a pdf because I haven’t got arrested: diddi a mean Drake 😂😂😂😂,0,0,2024-10-08T18:41:32Z,2024-10-08T18:41:32Z
UgwPS1sdyNglplhUYah4AaABAg,@josueisaiasmartinezrodrigu818,This is trash .,0,0,2024-07-27T01:37:42Z,2024-07-27T01:37:42Z
UgwnslXuCW2cV9RPJVZ4AaABAg,@lol98023,Guys just for yall to know drake realesed this song as a defence to prove hes not a pedo and maybe hes          gonna drop a song better to really diss him (cuz how the fuck he went from drop drop to i dont even wanna do this anymore+ i love both artist so yeah),0,1,2025-05-11T13:29:40Z,2025-05-11T13:29:40Z
UgyXIZmsVFGKkJAuRS54AaABAg,@HeistVr888,LOL. Pathetic.,0,0,2024-07-07T03:43:47Z,2024-07-07T03:43:47Z
UgxzgbAQr9pSI3Shzrd4AaABAg,@keyto1975,Give it up Drake you lost,0,0,2025-01-24T10:40:20Z,2025-01-24T10:40:20Z
UgyHMMcDrSDWF2f7Y_14AaABAg,@TIPB1988,what a horrible music from begin till the very end... just the worse,0,0,2024-06-27T00:10:04Z,2024-06-27T00:10:04Z
UgwfBpapI5EJyUD892h4AaABAg,@hinatashimeluv7464,Wow this song sucks😅 like he's not even rapping,0,1,2024-11-06T00:43:24Z,2024-11-06T00:43:24Z
Ugycrkn9Kjekyb9t1KB4AaABAg,@alvinngime2493,This is all making sense now to anyone watching this i bet you understand drake did feed Kendrick the information I'm not being biased i just listened to the song and drake won,0,0,2024-12-30T00:14:21Z,2024-12-30T00:14:21Z
UgwQK-W3VVBQKRPvubl4AaABAg,@anniedeedrix6732,"This is a fckn good response not like us . Dont know why they say kendrick did better , americans i guess ?",0,0,2024-12-15T08:32:30Z,2024-12-15T08:32:30Z
UgyTCQNzMsfAEtyxM-R4AaABAg,@josegomez3725,Bro try but Lamar already made a hit so big danceable disrespectful and something ever seen in rap history 😂😂😂😂,0,1,2024-10-08T18:37:54Z,2024-10-08T18:37:54Z
Ugxp2Qw8CO5eHlA76HN4AaABAg,@DallasDyer-d8c,Thought this shit was pretty dope two vets and their thoughts Drake won the war with the war general his jackets is decorated with honor verse true poet... Kendrick won a few battles was just calling him a pedo and shit... Drake won bro!!! Defense always wins....,1,0,2025-05-12T02:04:39Z,2025-05-12T02:04:39Z
UgzkK_nE4LMW64UJEFZ4AaABAg,@Hezekiah_mukbang,sorry but team kendrick!,0,0,2024-09-04T06:50:13Z,2024-09-04T06:50:13Z
UgyTyKmN7VvgdeMrJcd4AaABAg,@stevemeters3090,This is the weakest shit I've heard. These are some playskool bars. My first rhyme scheme type nonsense.,1,0,2024-09-03T23:47:35Z,2024-09-03T23:47:35Z
UgxDTU4AmtRtbKLcGUR4AaABAg,@doggo9481,"Idk why people hate this, the lyrics are so deep",0,0,2024-09-06T17:26:47Z,2024-09-06T17:26:47Z
UgzZ7-79qKDbiJqYZVd4AaABAg,@tykid1019,Nah Kendrick is done,0,0,2024-08-27T02:20:53Z,2024-08-27T02:20:53Z
Ugzwpman2uCTjv5Zit94AaABAg,@BIG-WhoShotYa,a year later and this song still sucks as much as it did when it dropped ,0,1,2025-05-08T23:56:50Z,2025-05-08T23:56:50Z
Ugx_6G6ipa4AJs28Aex4AaABAg,@eseaun3652,😅😅😅. Kendrick fans don't like facts.,0,0,2024-05-19T02:14:11Z,2024-05-19T02:14:11Z
UgyxXBiOWHh3QBQQWTd4AaABAg,@KkkRrr.rqcing,Selfsnichinyrash,0,0,2025-06-04T04:42:31Z,2025-06-04T04:42:31Z
UgyqgPgaj1QJ87xloLp4AaABAg,@sweetyd,This song is ASS. Kendirck won.,2,2,2026-01-19T02:57:26Z,2026-01-19T02:57:26Z
UgyqJleb3EOI5ghVst14AaABAg,@Cartello_Diamante92,Kendrick is ass,1,0,2026-05-28T22:30:37Z,2026-05-28T22:30:37Z
UgyiLzknB_JEROZ5uxx4AaABAg,@chrisfriesen2846,"He’s trying so hard.  Ya lost Drake.  Move on.  It’s crazy the whole culture and community is turning their back on Drake.  He has screwed over to many and tried to hold people back, he’s scared they might take his spot.  Well….you were simply temporary because YOUR hip POP!  Terrible, wait what about me,  let me explain please",0,0,2025-08-25T01:48:17Z,2025-08-25T01:48:17Z
UgzmONXqnn6NVIy_niB4AaABAg,@giyu_neebin,EWWWW WHAT ISTHIS I HATE DRAKE I VOTE FOR KENDRICK!,0,0,2025-11-23T02:31:20Z,2025-11-23T02:31:20Z
UgxoQsUs5rCEEKBOad94AaABAg,@samadhirodriguez7579,"I'm not dissing Drake but the beat is boring and he rapping paragraphs to try to diss Kendrick or not even, it's like he's just responding. He gave up rapping at the end, he said fuck it, I'm just going to talk to this guy. BORING COMEBACK, at least try to make it witty",0,0,2025-08-08T23:48:01Z,2025-08-08T23:48:01Z
UgyVfKvDNynveHYUAct4AaABAg,@kelarnewsome-rivera3480,He listened closely to Dot’s tracks. He used so many of Kendrick’s lines and words in this wack a$$ song,0,0,2026-01-08T13:11:59Z,2026-01-08T13:11:59Z
Ugw7TXNbJLNVYreVal14AaABAg,@dannyreed3824,Worst so called diss of all time 😂😅,1,5,2025-05-05T13:41:40Z,2025-05-05T13:41:40Z
UgwFKKJUPTbEcctNGV14AaABAg,@galacticgoddess3284,"The comments.... 🤦🏾‍♀️🤦🏾‍♀️🤦🏾‍♀️ Drake doesn't make music for the delusional. I guess that's why this song is really confusing y'all. Y'all don't want facts, you want fictitious elaborate stories.... want Aubrey to cook up some b.s. beef in a laboratory. The sh*t is so corny. 😂",0,0,2024-07-09T00:18:56Z,2024-07-09T00:18:56Z
Ugw_Zv0j7m_As3DRp_F4AaABAg,@polpo-i4e,Lame ahh,0,0,2025-06-06T03:58:56Z,2025-06-06T03:58:56Z
UgyGA-THSgKU0x91zvh4AaABAg,@bortnessundine2397,This sucks,0,0,2024-09-28T19:03:30Z,2024-09-28T19:03:30Z
