comment_id,author,text,like_count,reply_count,published_at,updated_at
UgwdyL2C6RTy90oe3DF4AaABAg,@BagOnly,"Who is winning?????
Like for Kendrick
Comment for Drizzy",43296,786,2024-05-04T06:08:53Z,2024-05-04T06:08:53Z
Ugw__96TCHZQNXV3f-t4AaABAg,@firstclassfrank,"This ain’t a diss. This is a masterclass, reality check, intervention, and ass whoopin in the form of a rap.",21908,111,2024-05-04T16:28:54Z,2024-05-04T16:28:54Z
UgyQsDLQRHO51ebdWFx4AaABAg,@Can678,Kendrick the type of guy to menacingly stare at Drake from across the street and disappear when the bus drives by.,20017,146,2024-05-05T06:40:19Z,2024-05-05T06:40:19Z
UgzAm4jqdsGSy2tebTh4AaABAg,@tnkboy89,"With an ""A"" minor key playing over and over in the background. Diabolical as fuck.",1715,12,2025-02-15T03:02:21Z,2025-02-15T03:02:21Z
UgzJ3fEcpMVeNY6wg6d4AaABAg,@jacquelinewarner-smith1770,"This track is a complete fatality—not only because it got so personal, but because Kendrick was compassionate. There's so much compassion here for Drake's kids and mother and even for Drake himself. Kendrick was like, ""Hey, I know life's tough, I really do, but your actions are still inexcusable."" I don't know, I can just really tell Kendrick's speaking from his soul.",322,1,2025-02-06T19:48:24Z,2025-02-06T19:48:24Z
Ugxwbs_to42setCmpPR4AaABAg,@QnarikMkhitaryan-n2z,"somebody said ""Adonis has a whole playlist to listen to when he gets grounded""😭😭",3111,12,2024-06-08T11:44:13Z,2024-06-08T11:44:13Z
Ugwncgd6mCkVvlkj8jF4AaABAg,@albertnicomedez,"Man straight up wrote a TIME CAPSULE for dude’s own neglected kids to listen to when they’re legal, what an absolute menace.",11918,24,2024-05-06T04:21:04Z,2024-05-06T04:21:04Z
UgzP3xxObhbY2yEAex54AaABAg,@ColumbusDog,I swear drake fans think a rap beef is about who has the catchier song,42649,791,2024-05-04T06:25:23Z,2024-05-04T06:25:23Z
UgwDS2OJfIUwU_pHcHt4AaABAg,@DarthJarJar6,"The worst part? 
He even sounds like hes worried for him",474,3,2025-02-22T16:24:01Z,2025-02-22T16:24:01Z
Ugx0Caea_gx6DbW3VUx4AaABAg,@Tarrouu,Drake wrote a song. Kendrick wrote a deep-dive character analysis.,319,0,2024-05-07T13:44:43Z,2024-05-07T13:44:43Z
UgxChHR1ODO9Zuft7nx4AaABAg,@StoicRealms-s9w,"""F**k a rap battle, this a long life battle with yourself ""😭 what a time to be alive",8965,17,2024-05-04T11:38:36Z,2024-05-04T11:38:36Z
Ugxw1TuM22nDS6fclB54AaABAg,@Sada-xg9ew,Man did not raise his voice but he was loud.,18916,41,2024-05-04T15:41:46Z,2024-05-04T15:41:46Z
UgyjGXXvAu_RYfLiMIZ4AaABAg,@vivacolombiaJesus1,This was without a doubt more brutal than Not Like Us.,342,2,2025-03-17T23:57:20Z,2025-03-17T23:57:20Z
UgzgMY6EYEW7fat0vFh4AaABAg,@user-hb1cw2ps8g,I love how he’s also comforting drakes kids and telling them not to be like them,3009,6,2024-05-11T20:38:22Z,2024-05-11T20:38:22Z
Ugw9dCkeyrhukIxNtF14AaABAg,@soyayax,"The baby girl part actually made me feel some time of way, the lyrics hit home",1686,20,2024-05-07T23:38:44Z,2024-05-10T12:10:17Z
Ugw1xwd-3BGcXOc3NmR4AaABAg,@JrobG,"If Adonis ever gets in a argument with his dad then he could just say “Maybe Kendrick was right”
Boom argument over",16744,72,2024-05-05T07:30:24Z,2024-05-05T07:30:24Z
UgyDXvo9NNNwUcHU5_Z4AaABAg,@vihaze6725,I love how he’s actually giving Drake’s kids solid fatherly advice. That must’ve stung Drake even more 💀,13,0,2025-02-06T04:08:41Z,2025-02-06T04:08:41Z
UgyK5ss-lGlrtBCbSSV4AaABAg,@sameoldtunes7110,"“Fuck a rap battle, this a long life battle with yourself” 

*damn*",6602,18,2024-05-05T00:42:18Z,2024-05-05T00:42:18Z
UgxIM_T3hzZuXmOIhUl4AaABAg,@FreedomFighter4Justice,He disses him while providing him and his family with knowledge and advice.  What a boss.,1938,3,2024-05-16T19:59:26Z,2024-05-16T19:59:26Z
UgySgxfcqD-PlCvYVNh4AaABAg,@trevorsamuel1114,"Drake: lol your short

Kendrick:",4355,15,2024-05-07T17:35:00Z,2024-05-07T17:35:00Z
UgwgGwz34OjHlu75S8t4AaABAg,@TYToriyama7YT,4:35 bro knew he won the beef in that moment,103,3,2025-10-11T00:56:49Z,2025-10-11T00:56:49Z
Ugw6zj3NzcQqaMMkAXJ4AaABAg,@aradieya,"somewhere, J.Cole is reconnecting w nature, feeling the sun on his face, touching the grass, and patting himself on the back for his foresight",6352,30,2024-05-13T18:09:12Z,2024-05-13T18:09:12Z
UgyMHYw1bFvViYM_wwN4AaABAg,@madisonsnell2358,"Kendrick didn’t even care to stay on beat, man was speaking straight from his SOULLL",5461,54,2024-05-08T12:50:37Z,2024-05-08T12:50:37Z
UgywSCgBteKUvgUM5N14AaABAg,@tajcee,"I’ve listened to this track an ungodly amount of times. This wasn’t just a diss, it was straight up character assassination.",5342,34,2024-05-05T06:09:27Z,2024-05-05T06:10:27Z
UgwrdNYFHv6zhC6tiHN4AaABAg,@STAYing4LIFE,"1:21 “Cant understand me right now,just play this when you 18” hit hard cuz it’s about life and reality",36,2,2026-04-04T13:57:30Z,2026-04-04T13:59:02Z
Ugzeq3Hx60quWI3jzrt4AaABAg,@Swirlcha,Drake better hire Kendrick as his ghost writer to diss kendrick back.,10627,105,2024-05-05T13:53:56Z,2024-05-05T13:53:56Z
UgyBWrWkff0O1Y7JjpR4AaABAg,@Craigthomas322,"There's nothing to figure out in this song! No hidden messages, no innuendos, no subleminals, just straight in your face raw and to the point! This is Kendricks best one so far!",706,0,2024-05-04T20:16:05Z,2024-05-04T20:16:05Z
UgylPdHNmzzW38Y5ro54AaABAg,@evelinadamian7416,"“Don’t tell no lie about me, and I won’t tell truths about you” 
He kept his promise",882,3,2024-05-05T05:46:54Z,2024-05-05T05:46:54Z
UgwMuEwGvbGFcTTSiul4AaABAg,@OLI77PL,Argentina - Egypt,268,40,2026-07-07T18:08:52Z,2026-07-07T18:08:52Z
UgxDcuGhy71urbNvW7N4AaABAg,@QueenNefertiti1980,"Kendrick spoke directly to him like a therapist/ psychologist /counselor/psychiatrist would, from the root.",1540,12,2024-05-05T18:46:06Z,2024-05-05T18:46:06Z
Ugw91T_l11AIrnTe7bZ4AaABAg,@charismalove2633,What's so good about this song is he isn't calling him out as a rapper but calling him out as a person. The psychological aspect he uses in this song is so deep !,444,0,2024-05-06T23:49:09Z,2024-05-06T23:49:09Z
UgyH_RB15Sx14fWUsWV4AaABAg,@road2jannah88,6:23  hits too deep,35,0,2025-03-31T01:46:13Z,2025-03-31T01:46:13Z
UgyBXrRO_haOXbyngsN4AaABAg,@princeeluzai,“Play this when you 18” was wicked 😂🔥🔥🔥,1343,4,2024-05-08T03:38:28Z,2024-05-08T03:38:28Z
UgyZyVmd3ZptNNhFloJ4AaABAg,@arleneschram,"""Uncle Kendrick was right about you"" best argumentative response",403,0,2024-05-12T11:37:48Z,2024-05-12T11:37:48Z
Ugxr-NSXblTv0dzfPEx4AaABAg,@Scotty1178,Im almost 50…. Witnessed so many rap battles… but this was pure destruction of Drake’s integrity and soul.,2919,31,2024-05-07T14:11:34Z,2024-05-07T14:11:34Z
UgxZ5wcpqP8rPDncAsJ4AaABAg,@selenearroyo1363,"I deadass got goosebumps when the ""you lied"" played in the background out of nowhere",8,0,2025-11-21T23:49:56Z,2025-11-21T23:49:56Z
Ugyu6Zinv8MkLof6HoR4AaABAg,@greymatter33,"This is the darkest, hardest, most hurtful, dangerous, destructive diss I've ever heard in my entire 45 years of life. Holy shit!",1952,17,2024-05-06T03:00:05Z,2024-05-06T03:00:05Z
UgwppUvUizSebdyEuqB4AaABAg,@iblamepikko,"I would even argue this is one of the best dissings ever. No screams, no fake thug behavior, he just spitted facts with total self-control, mastery and class. Rest in peace, Drake.",1323,7,2024-07-22T15:14:18Z,2024-07-22T15:14:18Z
UgxEN4bgpFAIN0SmkXB4AaABAg,@dakotahill9261,"""Fuck a rap battle,this a long life battle with yo self"" No words......",1577,5,2024-05-05T16:19:41Z,2024-05-05T16:19:41Z
UgyjT8DZv0LrEk0wqhV4AaABAg,@etheljulius3419,“ I know you don’t understand this now…listen (play) when you are 18…”💣💣🤯🤯🤯,9,0,2025-06-30T00:38:02Z,2025-06-30T00:38:02Z
UgyRmqlatZfOO4kPUad4AaABAg,@satamoni_07,"The fact that Kendrick is out here telling another man's daughter that she's loved and has the gift to change the world and being respectful to literally his whole family, while simultaneously roasting Drake is actually insane in every good way possible. Literally the coolest person ever I was never really his fan but now I'm speed running through all of his music",987,2,2024-05-20T03:28:18Z,2024-05-20T03:28:18Z
UgwMAnwFZ5ln9hDyzrt4AaABAg,@saimereee,"in my 14 years of listening to rap, i have NEVER seen a disstrack this diabolical, hurtful and crazy. if i was drake, id retire already. drake lost, theres no hope.",4472,50,2024-05-05T14:52:00Z,2024-05-05T14:52:00Z
UgzPFSrYTIjbMhZVWwZ4AaABAg,@methylenegrey,I really don’t care about this beef but the concept of dissing someone by addressing the people around them is honestly really cool,979,4,2024-05-10T18:17:56Z,2024-05-10T18:17:56Z
Ugzo-TmkLPoU1bjAkfF4AaABAg,@lorrainetackney1131,“You LIED”!!! Even his tone saying them words got me quaking 😂,21,1,2025-02-13T09:33:31Z,2025-02-13T09:33:31Z
Ugxe23wHThYqedhsqx54AaABAg,@achekhalo4656,This is like listening to a detailed autopsy report of Drake's death at the morgue.,524,4,2024-05-04T20:17:46Z,2024-05-04T20:17:46Z
UgwqnXM_rTkIz6LSPyN4AaABAg,@timothywyllie8346,Well this shows why Drake wanted to keep it PG because that’s his TARGET audience…,558,3,2024-05-04T22:31:03Z,2024-05-04T22:31:03Z
Ugy83VXVaTvQzkzwVsN4AaABAg,@plofighter95,Drake firing all his ghost writers right now 😂😂😂,7819,40,2024-05-04T07:00:22Z,2024-05-04T07:00:22Z
Ugxr-hTbgVRLkpNa7jl4AaABAg,@Camo-kur,5:53 is the best part,30,1,2025-01-23T18:52:42Z,2025-01-23T18:52:42Z
Ugx8euS7SdbdQsPdg2h4AaABAg,@coreyholmes1980,I honestly don’t care about beef. But Kendrick is poetry. He spits art.,527,2,2024-05-07T21:51:27Z,2024-05-07T21:51:27Z
Ugx2sHDg-o3BfY0LnHZ4AaABAg,@The_Dusk_Sage,"“You lied about the only artist that can offer you some help, fuck a rap battle, this a long life battle with yourself.",1805,17,2024-05-04T08:46:16Z,2024-05-04T08:46:16Z
Ugwi-JtSArxz3SuBLxR4AaABAg,@luffy3mkop7,5:43 best part,7,0,2026-04-02T23:32:00Z,2026-04-02T23:32:11Z
UgxCeYsGjcH1SfmJH6h4AaABAg,@lordsuino,waking up and finding a diss by drake and the response by kendrick is crazy😭😭😭,2313,15,2024-05-04T09:18:27Z,2024-05-04T09:18:27Z
UgzHZ2lXJzQ2xJVrjp14AaABAg,@OnePressMan,Drake just learned the difference between a rapper & entertainer…,284,1,2024-05-04T19:17:08Z,2024-05-04T19:17:08Z
Ugzcc2fGVgVvaqbtQ9J4AaABAg,@williamlonon9974,Now we see why J. Cole wanted no parts of this lol,3163,36,2024-05-05T19:52:46Z,2024-05-05T19:52:46Z
UgzZnWFMs0-ptnKBdqp4AaABAg,@Toyfoxy-pe7rg,"""Just play this when you're 18"" 
Imagine adonis actually plays this at his birthday party",2,0,2026-01-20T13:49:54Z,2026-01-20T13:49:54Z
Ugy-GGjdg161aDSDPDd4AaABAg,@simpatico4004,"Drake seems to be punching the surface, but Kendrick is literally attacking his character as a man. Like painting Drakes inauthenticity as mask to bury shame. This even made me self reflect on my own shame. Like damn, I need some stuff resolved in therapy.",778,9,2024-05-05T21:01:13Z,2024-05-05T21:01:13Z
UgxyoT2h1OeGXA5_Th14AaABAg,@Rob-ht1mu,"Drake fans don’t like this because they can’t shake ass to it, it’s a battle of bars, not hooks and beats. Real rap battles don’t have a beat because the lyrics are what’s important.",3671,99,2024-05-04T18:33:47Z,2024-05-04T18:33:47Z
UgxMdgUhXtq96X1XULV4AaABAg,@Crysalex94,This song is equivalent to me writing a long email to a CEO of a company that did me wrong and ensuring everyone was CC’d.,1006,8,2024-05-05T07:47:25Z,2024-05-05T07:47:25Z
UgwIFkCuuByKS6AYgjF4AaABAg,@geronepaige7643,Iceman brought me back to this !,3,0,2026-05-20T01:27:13Z,2026-05-20T01:27:13Z
UgxYWTVY-mfO0VRFhF54AaABAg,@madam7084,Did anybody peep? He was playing A-minor over and over again in the whole song,4191,68,2024-05-11T13:43:32Z,2024-05-11T13:43:32Z
UgwD6YqpHdi81SJSEU54AaABAg,@Cwn41,"40+ white lady who isn’t a hip hop fan.  This is wild,  even I can feel the energy here.   Damn Kendrick",796,6,2024-05-12T04:47:32Z,2024-05-12T04:47:32Z
UgzfGe2PgCCPpgp0GM54AaABAg,@Mickeymouse88934,Damn if I was drake id start looking into myself lmaooo,199,0,2024-05-07T18:01:30Z,2024-05-07T18:01:30Z
UgygmqjWNtClTR9ms2l4AaABAg,@thabompofu6630,That 'you're lying' line hit straight my soul. I stopped lying since then 🙆🏿,1,0,2026-01-30T17:13:15Z,2026-01-30T17:13:15Z
UgzqYe0gyUvQKkaccs54AaABAg,@Inkdbymiami,"The younger generation has no idea what beef rap is. This is what an actual diss track sounds like. Not the catchy words, but actually catch the words. 💫",912,9,2024-05-08T01:22:35Z,2024-05-08T01:22:35Z
UgzA08iK4pi9SnAyLth4AaABAg,@L7Fx,god damn this beef might actually be real these two really do hate each other,3611,40,2024-05-04T06:22:14Z,2024-05-04T06:22:14Z
UgyM-Yq9aPrPt6WcrR54AaABAg,@aacsmiles,"I'd call this a death of a thousand cuts, but each line was like a killing blow.",216,0,2024-05-06T03:32:29Z,2024-05-06T03:32:29Z
Ugy3bokln5tv4CEyMt54AaABAg,@DS_1509,"""Love is eternity and trumps all pain.""",1,0,2026-02-24T21:20:25Z,2026-02-24T21:20:25Z
Ugzw8PTvZiby3bYnAxx4AaABAg,@ATinez,"""The embassy about to get raided too, its only a matter of time"" yall need to pay attention like this man.",799,7,2024-05-04T16:05:48Z,2024-05-04T16:05:48Z
UgzW43r2hJUNyGVZB7p4AaABAg,@mustaphadean,"This isn't a diss, its a man having a conversation with another man's family ABOUT HIS FAMILY.",335,2,2024-05-06T02:20:50Z,2024-05-06T02:20:50Z
UgyaLOd6-FDp9HrQe_R4AaABAg,@jacobkunda9464,"My battery: 1%
Me : listening to this 
My phone :I’ll wait",249,4,2024-05-04T18:48:36Z,2024-05-04T18:48:36Z
Ugy3T-ev25qWuGhPR_J4AaABAg,@nycboxing8359,"In the history of Hip Hop no one has ever in the past or in the future will get bodied like (d)rake did on this song.  

Props to (K)endric for writing this masterpiece",6,0,2025-02-13T23:21:03Z,2025-02-13T23:21:03Z
Ugz1DNzxPRwbL-JKK7l4AaABAg,@timothyrevels2866,"“Fuck a rap battle this a lifelong battle with yourself” as a last line is just coldddd, that was such a *drop the mic* moment.",408,1,2024-06-11T21:21:31Z,2024-06-11T21:21:31Z
Ugywo1mA7UK21P6Ahl14AaABAg,@shaunmc013,"Honestly, he killed it with this one, there’s no get back. He’s psychologically killing him with this and this is exactly how you do it..",2075,23,2024-05-04T08:43:44Z,2024-05-05T01:57:07Z
UgylKvEGbYBqecH77Fl4AaABAg,@Monghandi,“It’s some weird shit goin on and some of these artists be here to police it” gave me chills. I couldn’t really give a damn about this rap battle shit but I’m taking Kendrick’s side for being the one to point it out.,643,5,2024-05-04T22:41:17Z,2024-05-05T02:23:44Z
UgwcRdxfKkINc723sG14AaABAg,@iluvps3,Dissing the entire family is wild 😭😭,7,0,2025-03-22T05:11:26Z,2025-03-22T05:11:26Z
UgwuPR7J0ncNYBzMFWN4AaABAg,@joshwilley3173,Dont know why Drake thought this shit was a good idea. Kendrick murdered this man,142,0,2024-05-04T12:06:42Z,2024-05-04T12:06:42Z
UgxN9uwY3lYGc606v-J4AaABAg,@vonvonkarmz,"there is no way he messaged his family, wrote the lyrics, recorded, got the piano track, mixed it all together, and shipped it off in the span of 45 minutes. this was premeditated MURDER",1292,15,2024-05-05T01:39:07Z,2024-05-05T01:39:07Z
UgzAdIT0wnlDkU_RnmB4AaABAg,@AntiCom2222,"Kendrick playing  ""A-Minor"" the whole beat... went right over alot of ppls heads.",895,16,2024-05-21T07:21:03Z,2024-05-21T07:21:03Z
UgzBqgV7wlLI5AY9M4R4AaABAg,@monetpetals86,I hear so much genuine concern. Like a cry out reaching past Drake’s yes men. Like the kind of whoopin’ a father gives a misbehaving son. My gooodness Kendrick!,4,0,2025-10-10T15:33:55Z,2025-10-10T15:33:55Z
UgxkVmVKvV38t0vVrf94AaABAg,@BS-kw3kz,A minor😭....someone said that this bars are pure evil and kdot just spread hate....bruh this ain't evil...this man is just exposing evil,147,0,2024-05-12T19:48:14Z,2024-05-12T19:48:14Z
UgwEEBEsZYoS9BCvnxF4AaABAg,@thewins9155,0:18 nah its over 😂 a letter to another mans son telling him you wish his grandfather wore a condom is diabolical 🤯🤯🤯,340,2,2024-05-06T21:43:05Z,2024-05-06T21:43:05Z
UgxvmrGcHQOG7uFdRTd4AaABAg,@yncmb,"""Therapy is a lovely start, but i suggest you take some ayahuasca, strip the ego from the bottom"". Damn! Talk about trying to help somebody awaken. This is more advice than a diss track. Amazing",209,0,2024-08-15T13:52:33Z,2024-08-15T13:52:33Z
UgyZEhBpKQ98fH9epkN4AaABAg,@The_Viria,I got literal shivers down my spine,9,0,2025-02-23T19:09:15Z,2025-02-23T19:09:15Z
UgwzO4GkF9vyxRQjTOZ4AaABAg,@deeebsy,"As a spectator this is fun stuff. But as a father, this is some scary shit no lie.",304,2,2024-05-05T05:19:19Z,2024-05-05T05:19:19Z
Ugxb-aOI9b1a3BpdyxN4AaABAg,@Sam6746sa,J cole laying in his bed with his feet in the air listening to taylor swift right now waiting for this all to blow over😂😅😅,839,12,2024-05-04T19:38:40Z,2024-05-04T19:38:40Z
UgzW0PHSFBMqykuLPNF4AaABAg,@MilkySpongeCake,"This is the epitome of a diss track, no catchy hooks or phrases just straight facts over an instrumental. Ain’t no coming back from this for Drake 😮",951,25,2024-05-04T11:36:06Z,2024-05-04T11:36:06Z
Ugxq_x2LFtFhvZ96za14AaABAg,@futur3anth0ny,"i remember someone saying “he doesn’t even sound angry, he just sounds disappointed” 😭",1,0,2026-05-18T03:44:05Z,2026-05-18T03:44:05Z
UgwAZJtg3fqK7rtBdul4AaABAg,@talynhastime,"Straight up calling Drake a pedo. Yeah the rumors and side eyes have been there for years, but it’s rare for someone in the biz to call out someone else in the biz so openly. I just wish it had happened sooner.",321,4,2024-05-05T19:47:53Z,2024-05-05T19:47:53Z
UgzsSwBNxPbU7OIap614AaABAg,@mateobeltran7140,this kind of diss lands a man right in therapy,109,0,2024-05-06T02:36:21Z,2024-05-06T02:36:21Z
UgzUgRubYb4S4oUA1zt4AaABAg,@andredacreator,The raise in tone and the delivery...bruh,1,0,2026-02-18T22:29:56Z,2026-02-18T22:29:56Z
Ugw4a0Ze1_7EWZ6zdmx4AaABAg,@KyMoneyVDad,He was waiting for him to cross that line. Now he gonna really expose this dude.,989,10,2024-05-04T07:34:26Z,2024-05-04T07:34:26Z
Ugxt224NpsveJag_8qx4AaABAg,@DanielGovGilroy,I am going to say this. I'm not a huge Kendrick fan. I respect him. He is a lyricist for real. But this has to go down as one of if not THE BEST DISS TRACK  EVERRRRRRR. The man wrote a letter to Drake's immediate family and exposed him for the dirt bag he is. The man surgically dismantled Drake. This wasn't a shouting shit talking track like all the others. This was truly personal and diabolical. Best diss track ever,1078,21,2024-05-04T17:09:43Z,2024-05-04T17:09:43Z
Ugx1KcDLtu_ZEQSGQfF4AaABAg,@snowyvibez8469,This is what rap today needed they are ACTUALLY RAPPING and talking they shit like back in the day,915,7,2024-05-04T12:50:18Z,2024-05-04T12:50:18Z
Ugx4QAK04bguPrr88EJ4AaABAg,@raulsouza5866,Kendrick turned Drake's life into a Shakespearean drama with this stuff,4,0,2025-02-24T23:01:59Z,2025-02-24T23:01:59Z
UgwABuYyCCxNdZ-0sqB4AaABAg,@taylorbechstein1681,Tupac is looking down with a smirk,426,11,2024-07-12T02:31:21Z,2024-07-12T02:31:21Z
UgxzWwahmTfd2O7PH_B4AaABAg,@ilovetweek000,Kendrick came in with the intention of ripping Drake limb from limb. I just witnessed a homicide.,735,6,2024-05-04T16:07:44Z,2024-05-04T16:07:44Z
UgxOHknQ1LMybGFH_ex4AaABAg,@Contemporary_Adjective,Telling someone's mom that their son should die is absolutely diabolical 💀 imagine being drake and your mom hears this lmao,538,6,2024-05-13T04:17:08Z,2024-05-13T04:17:08Z
UgxR94ilT24-6T2u4Eh4AaABAg,@bren_thatoddanimatior,I am not a rap person at all but this is ABSOLUTELY AMAZING. It isnt just petty insults like most rappers do. THIS IS ART.,3,0,2025-03-15T17:30:01Z,2025-03-15T17:30:01Z
UgxAQ94O9P0W6bvGoQl4AaABAg,@Nikolayski1337,This is that forbidden level diss... The beat is like a countdown to the victims'  last breathe,243,2,2024-05-05T11:44:33Z,2024-05-05T11:44:33Z
Ugxe9TFLmGEUp7Hmao14AaABAg,@dylanh4462,Respect to J Cole for realizing what was coming,121,0,2024-05-04T08:02:54Z,2024-05-04T08:02:54Z
Ugxp7f4QPJ2X-uznwcV4AaABAg,@rylanlafantaisie1135,Im convinced that kendrick wrote meet the Grahams with a quill in one hand and a gun in the other.,913,9,2024-05-13T02:08:59Z,2024-05-13T02:08:59Z
UgwQpdoEGT2WccZCzRF4AaABAg,@collectivecommentary123,"The best ""strongly worded letter"" of all time.",2,0,2025-04-16T15:38:23Z,2025-04-16T15:38:23Z
Ugw1MH5Zb3U_DxgV5oh4AaABAg,@Ntombi.mngomezulu,there is no bouncing back from thiss one 😭,245,0,2024-05-04T06:36:09Z,2024-05-04T06:36:09Z
UgxQ_8Jlsc0D48H0ZTF4AaABAg,@nomernomznomz6015,He was on some immortal technique shit.,284,5,2024-05-10T00:19:03Z,2024-05-10T00:19:03Z
Ugy0No5oDtPqmMzdEzt4AaABAg,@Honeybeerose88,Kendrick’s the GOAT. Ain’t no way Drake can come back with something close to this. Kendrick’s just one of the best lyricists of the whole rap industry.,231,7,2024-05-14T11:11:58Z,2024-05-14T11:11:58Z
UgzquMnGNthXXL5KaFp4AaABAg,@Mbappe-i3b,2022 WORLD CUP,4,0,2026-07-19T03:53:15Z,2026-07-19T03:53:15Z
UgyFsq3GvKhPytKJP9B4AaABAg,@justice.loves.u,"even though the lyrics cut deep and diss tracks aren’t supposed to have good beats because lyrics matter, he lowkey ate the beat up. kendrick saying what we been thinking for years",629,7,2024-05-05T02:35:55Z,2024-05-05T02:35:55Z
UgxntKbGxt5X1o9m4rV4AaABAg,@The_hood_hippie,How the actual fuck did Kendrick manage to make a dis track that also liberates the ppl n speak hope n truth. This man plan to be positive seeds n firing shots at the same time. Lawd 😮 Im here for it😩,102,0,2024-05-04T11:54:51Z,2024-05-04T11:54:51Z
UgzfUwFoZvO2Ogbdllh4AaABAg,@InqxzALT,Kdot ain’t even talking to us he’s talking to Drake and his family directly😭,89,0,2024-05-05T19:37:18Z,2024-05-05T19:37:18Z
Ugx2vhwPiTjBUcMuEEh4AaABAg,@andrewah15,"This has got to be one of the best diss songs by Kendrick. 
A total dismantling of Drake’s character over a haunting piano sample. 🔥",2,0,2025-02-08T11:54:34Z,2025-02-08T11:54:34Z
UgzIaJ_7N89kJFAdp7J4AaABAg,@clevelandfairbanks2007,"Dear Adonis 
Dear Sandra 
Dear Dennis 
Dear Baby Girl 
Dear Aubrey 

the whole fam 😂😂😂",284,4,2024-05-04T18:17:45Z,2024-05-04T18:17:45Z
UgwwKD6xI-JEeMqFRi54AaABAg,@barahng,This shit is so disrespectful he barely even raps about Drake directly. He's talking to his parents while ignoring him like a parent-teacher meeting 😂,6420,58,2024-05-04T11:01:46Z,2024-05-04T11:01:46Z
UgxNm6PF5OXOMKSgMrp4AaABAg,@merrickfields,this not a diss this a wake up call,69,0,2024-05-09T15:05:06Z,2024-05-09T15:05:06Z
UgxLvDOW-ue6UeGYgBR4AaABAg,@psycho-darkassassin3739,This ain’t a diss track this a lesson from mentor to students and from a man to boy,549,9,2024-05-04T12:51:38Z,2024-05-04T12:51:38Z
Ugzf2wgNnE5DJvQJcNl4AaABAg,@CAM-UNKNOWN-C,Agl when I first heard this last year I was so shocked. I said there is no coming back from that,2,0,2025-12-19T00:25:27Z,2025-12-19T00:25:27Z
UgyW1SyvHYz6qPpl60x4AaABAg,@zisoke,Brilliant truth telling. Kendrick ain’t just talking about Drake. A lot of people need listen to this.,150,0,2024-05-04T11:48:20Z,2024-05-04T11:48:20Z
UgwqlvoXswAoj2rWIaB4AaABAg,@josieford6863,This shit had my JAW ON THE FLOORRR THE ENTIRE TIME 🫢🫢😊,492,1,2024-05-04T06:20:25Z,2024-05-04T06:20:25Z
UgxxEGGCDzZ2-UEU4Rl4AaABAg,@GHETTOGUIDO,Damn you can hear at 5:45 when Kendrick’s switch’s his demeanor from disappointment to sheer rage ☠️,267,2,2024-05-05T14:25:45Z,2024-05-05T14:25:45Z
UgwZccDHcGwHsLw5F9N4AaABAg,@samuelteshager,History repeat itself sometimes it don't even need a reason,4,0,2025-04-11T17:10:53Z,2025-04-11T17:10:53Z
UgwYhIW8buReJmPG4HJ4AaABAg,@Zerousesunscreen,You know drake’s finished when Cole is getting more respect than him for sitting out and apologising,245,1,2024-05-04T09:52:05Z,2024-05-04T09:52:05Z
UgwntiWP7v2Vff5klR14AaABAg,@AlexanderFaker,"Drake disses are a little catchy but they are so extremely surface level and Drake doesn’t comprehend 80% of the disses that Kendrick make towards him also Drake keeps taking shots at others instead of just Kendrick. 

Kendrick, on the other hand, completely focuses on Drake and his situation and methodically dismantles his ego and entire lifestyle BUT KENDRICK DOES IT IN SUCH A WAY THAT IT FEELS LIKE HE IS DOING IT FOR DRAKE’S OWN GOOD THIS ISN’T BEEF THIS IS A SELF HELP BOOK FOR DRAKE",816,16,2024-05-04T14:21:52Z,2024-05-04T14:22:16Z
Ugwb9CphlFPBGqp1w_x4AaABAg,@Daishawncoles2435,Nah this song made me realize why cole backed out…somebody from kdot camp or kdot himself hit Cole n told him stay out of it this not a game it’s not just bars niggas diggin for info n exposing,1137,46,2024-05-04T07:26:59Z,2024-05-04T07:26:59Z
UgwUVoI4Y9H2G-zNrex4AaABAg,@shreemansrivatsav.s.m3667,"This ain’t no career altering diss, this just straight up life altering. He’s straight up ripping Drake’s heart outta him.",4,0,2025-02-24T06:34:36Z,2025-02-24T06:34:36Z
Ugymz7BuFkJFZQh6IxN4AaABAg,@thornz9500,"I don’t listen to Kendrick Lamar but i think i might start, these lyrics are poetic and evocative as shit. This was nothing less than a massacre, not on Drakes character, but on his entire existence. Mouth agape whole time listening. As a Canadian , I excommunicate him.",266,1,2024-05-05T17:13:44Z,2024-05-05T17:13:44Z
UgyFCAQuMyMl0MtAIQ94AaABAg,@AnitaBlowie420,Its a sad weekend for drake fans. Iv never seen a fan base so stubborn in the face of defeat. You aint gotta be a fan of either one of them to know drake got cooked on this,326,6,2024-05-05T17:14:29Z,2024-05-05T17:14:29Z
UgxWf26Nqn7Z2o_48uZ4AaABAg,@supermetroid009,"For the ones who say they don’t like the beat, there is a reason why he chose this beat because it sounds sad and depressing, the topics in this song from child trafficking, him abandoning his kids, him being abandoned and not accepting who he is are all sad topics the beat fits perfectly.",859,24,2024-05-04T12:25:40Z,2024-05-04T12:25:40Z
Ugwslh4prVYI4cNOwa14AaABAg,@gokaren420,Long life battle with myself....wow...l finally won the whole damn war. Mentally and physically relieved.,4,0,2025-02-25T07:41:42Z,2025-02-25T07:41:42Z
Ugz66_vxSfPuTEA3tL14AaABAg,@R2DUNE2,That shit was a eulogy.,60,0,2024-05-04T10:12:59Z,2024-05-04T10:12:59Z
Ugw_zMFNWgnMZgCK5-h4AaABAg,@inmygunitrust8593,Kendrick playing Chess and Drake playing Connect 4!,1587,51,2024-05-04T06:58:24Z,2024-05-04T06:58:24Z
UgxOLfYz6hUl7WpsHjp4AaABAg,@agentrocklee,This isn't a diss...this a horror film 🥶🥶🥶,195,3,2024-05-04T15:04:59Z,2024-05-04T15:04:59Z
Ugx-vK7e1JF27DsrQ_l4AaABAg,@GuirizTheRapaholic,The piano note that brings terror...😢,2,0,2025-03-06T06:55:06Z,2025-03-06T06:55:06Z
UgzgiSs6OBHp6zQpZKN4AaABAg,@peytonpaigebrown9601,"“Can’t understand this right now, just play this at 18” 

Deaddd 💯",36,0,2024-05-05T08:29:00Z,2024-05-05T08:29:00Z
UgwJu-q9yN8f-pNdEmt4AaABAg,@tjsonic7,"Kendrick: ""Give me that boy, you aint raising him right.""",57,0,2024-05-04T10:03:52Z,2024-05-04T10:03:52Z
UgxjZpQNMCMfK2668pR4AaABAg,@marvic21,"1. ""History do repeats itself. Sometimes it don't need a reason.""
2. ""You lied about the only artist that can offer you some help, fuck a rap battle, this a long life battle with yourself."" Kendrick never disappoint.",261,2,2024-05-04T17:35:44Z,2024-05-04T17:35:44Z
UgxiZscA7f3HpEAgPsl4AaABAg,@JacksianusGurirab-y4w,Still list3ning to this song in 2026,2,0,2026-01-16T04:24:52Z,2026-01-16T04:24:52Z
UgztsgulePOxZccqVcJ4AaABAg,@jboness23,Kendrick exposed Drake as a predator and all famous ppl. Shit Kat Williams was right shit finna go down.,561,11,2024-05-04T08:52:30Z,2024-05-04T08:53:07Z
Ugz2jr3DKgUTOFaBkT54AaABAg,@wvykaine6157,"It's nuts coming back to this, how articulate, clear, and direct this Diss is... this'll go down in history.",85,0,2024-10-18T02:09:59Z,2024-10-18T02:09:59Z
Ugx9X3_-AekV_PpKTwF4AaABAg,@eee270,The purpose of this track is to save drakes kids from a broken home and toxic father along with Kendrick’s extrospection on drake,61,0,2024-05-13T22:13:10Z,2024-05-13T22:13:27Z
UgzObBQcyvTZ4t5Vgut4AaABAg,@RxbertTheGunner,That instrumental is so simple but you know how serious it is.,1,0,2025-06-04T05:37:13Z,2025-06-04T05:37:13Z
UgxjvvDoxV6q93zTmnl4AaABAg,@coolkid4457,“Grew facial hair cause he understand being a beard just fit him better” HOLY SHIT,303,8,2024-05-11T17:56:14Z,2024-05-11T17:56:14Z
UgzZnV-eAi3gi4ZaBhx4AaABAg,@darnelltheartist,Damn. Kendrick really is a calculated master at the craft. He took the lasting rule of dont-talk-about-family and turned it upside down by not only bringing up fam but addresses them. But also in a way that can't really be considered disrespectful but rather someone just speaking to each one of them honestly and even respectfully as far as the kids were concerned. This is a rap beef and from all perspectives this whole contest has been a bloodbath and a Kdot masterclass. Anybody who is a fan of rap and the skill it requires to do it well can not think this battle has been close in ANY way. It's a mismatch. It's a bout that should never have been sanctioned.,337,9,2024-05-05T12:36:42Z,2024-05-05T12:37:39Z
Ugw3d1YPy7KvTjZgDlN4AaABAg,@factsornah,"Damn Kendrick brought back the ghost of Jerry Springer. Final Thought ""Be a better father, get help, practice honesty. Til the next time, take care of yourself and each other""",422,6,2024-05-04T10:07:20Z,2024-05-04T10:07:20Z
Ugz41OQHsFTAJLKisWd4AaABAg,@kandizkreationz916,Finally sitting down listening to this in 2025 and im just speechless. He put out how many songs after this??? Sheeeeeesh,2,0,2025-01-24T00:36:27Z,2025-01-24T00:36:27Z
UgyX7zAihpipL_HrtK14AaABAg,@nebula_muse,2:35 now it all make sense...,71,0,2024-12-11T07:06:58Z,2024-12-11T07:06:58Z
UgylMl4WOSipHUjLHs94AaABAg,@QuanXiii1,"""Just play dis when you 18""
Ong bruh he just keeps goin🗣️🗣️🗣️",41,0,2024-05-14T18:07:55Z,2024-05-14T18:07:55Z
UgznfvwLfO8_8KAmWaV4AaABAg,@matthewpraayjr.9797,"This is one of the greatest diss tracks ever written, and we are blessed to witness this in our lifetime the level of disrespect it takes to address a man’s son, daughter, mother, and father, directly in a diss track for it to get this uniquely personal is rare stuff, the monotone surgical dissection of another man’s character over the top of a horror movie piano beat, the simplicity, the elegance, the raw devastation it is beautiful",463,12,2024-05-05T03:46:15Z,2024-05-05T03:46:57Z
UgyicxAGxr5uQ53RmTJ4AaABAg,@it.gurljennie,"The way he said ""PLAY THIS WHEN YOU ARE 18!"" SHIETT😮",2,0,2025-02-24T14:54:25Z,2025-02-24T14:54:25Z
UgzfPIR1O9vt5CFNcHR4AaABAg,@jasoncarter1869,Katt Williams somewhere twirling his mustache,87,2,2024-05-04T09:55:32Z,2024-05-04T09:55:32Z
UgzKTqf-wIAXw8y10d54AaABAg,@Vladimir-k1m,"""Grew facial hair 'cause he understand bein' a Beard just fit him better"" ...... WoW ..now that's one way to call a man a homosexual 😂😂😂",317,8,2024-05-05T09:14:50Z,2024-05-05T09:14:50Z
Ugx5h670wKclzur4bQt4AaABAg,@lamarwoody8474,“The industry is about to get raided too it’s only a matter of time.” And here we are,93,1,2024-10-02T14:21:57Z,2024-10-02T14:21:57Z
UgyTfsfwWn3lrxcaXk94AaABAg,@TheAce00774,Anyone else come back just to jam to this song? It’s a diss but it’s somehow fire to hear,2,0,2025-02-20T21:09:00Z,2025-02-20T21:09:00Z
Ugxiar4QWoaza-sNOHd4AaABAg,@miretayuba365,Now that’s a rap diss that will get someone crying 😭,31,0,2024-05-04T11:11:51Z,2024-05-04T11:11:51Z
UgwFNjvuJ8eMRXAd9y94AaABAg,@larundavcooke2167,This is elite writing right here....kendrick did not come to play. I love this man. And the way he's standing up for women chefs kiss,287,4,2024-05-04T12:37:31Z,2024-05-04T12:37:31Z
Ugxyf8ZHUjqTtdHm1WJ4AaABAg,@aydenasg,0:07 is the moment that Kendrick won,291,6,2024-05-12T07:38:24Z,2024-05-12T07:38:24Z
UgwAKo_8Zw_Y_cSFDjV4AaABAg,@Best-Of-Football-SO6,Kendricks note to Sandra💀💀🙏🙏,2,0,2025-02-11T09:18:27Z,2025-02-11T09:18:27Z
UgyWXsQWBEoBE9A_tnV4AaABAg,@johnnytahoe2023,These Kendrick lyrics are harder months later with the Diddy situation coming to the forefront.,62,1,2024-10-01T01:50:57Z,2024-10-01T01:50:57Z
UgySZHjyNMW60X-fkZh4AaABAg,@BEase44,"True enough, Drake's may be more catchy, but K dot made me even question if Drake is even a relatively good person. Mission accomplished....winner Kendrick Lamar.",157,1,2024-05-04T22:09:19Z,2024-05-04T22:09:19Z
UgzIdsqp18NliSan4Dx4AaABAg,@gsprmdna3460,I have no words to describe. The disrespect . I felt disrespected and im not even drake . Daaaaaaaaam bruh!!,68,0,2024-05-04T07:33:28Z,2024-05-04T07:33:28Z
Ugwa-tbv5eCz44USdfp4AaABAg,@Phidoshi,"The fact the piano is in ""A Minor"" is funny to me",1,0,2026-03-29T03:10:12Z,2026-03-29T03:10:12Z
UgwCJsgI-fZRQh6nosN4AaABAg,@AriesBleu,He read Aubrey with the facts of his life in a calm tone. This is how you put somebody's entire blood line in check. Bravo! #2024TheYearOfLight,81,0,2024-05-05T06:32:44Z,2024-05-05T06:32:44Z
UgzSAw0T7yIFXVxbBlZ4AaABAg,@laloyup8164,"The way the frequencies make you feel.
This is beyond music.  Only a few can digest this type of energy.",344,4,2024-05-05T01:30:52Z,2024-05-05T01:30:52Z
UgwMYU3K26LhaWMa_ZN4AaABAg,@AnnaAreYouOkay,"Dang. This got me in my feels and I’m not the one being dissed. Kendrick is truly a powerful poet, even in his delivery",150,5,2024-05-05T05:20:58Z,2024-05-05T05:20:58Z
Ugz6rGNooO21oCkj37V4AaABAg,@invadertaylor,"At this point, Dot just emptying the clip on a coffin 😩😩😩",1,0,2026-05-19T08:52:18Z,2026-05-19T08:52:18Z
UgzJmOUKE22XUBEDvll4AaABAg,@tnm1697,The fact the song is in A Minor is a different level man on top of the lyrics. Holy hell man,82,1,2024-05-18T16:32:23Z,2024-05-18T16:32:23Z
UgzDL_EZWjW0_3gXMYx4AaABAg,@0.0dots,As a parent this is actually crazy. Makes me look at my son and wanna do the best i can to never be this but to teach him what i can as his mother. Wow,49,0,2024-05-08T04:43:04Z,2024-05-08T04:43:04Z
Ugz6h8mw5cnUc-n8jkV4AaABAg,@joschea5925,'You lied about the other kids that out there hoping you come' is sick if you lean into the Drake is a PDF stories 🥶,138,1,2024-05-04T12:32:16Z,2024-05-04T12:32:16Z
UgxItMcEwSsFCa9u_9N4AaABAg,@stackywarbucks,I never heard a person lyrically do Drake this bad wow this is a horror movie,11,1,2025-07-30T03:37:08Z,2025-07-30T03:37:08Z
UgyfjdO4ULjYWvBkiTx4AaABAg,@dariusbass6562,“Take that mask off. I wanna see what’s under them achievements”. That’s deep bro,37,0,2024-05-05T18:21:17Z,2024-05-06T06:05:06Z
UgwGqrJzdvPFShlLybR4AaABAg,@johntran2252,"Holy fuck i reevaluated my own life listening to this to make sure im not like drake. 

Absolute demolition by kendrick. This was eulogy.",193,4,2024-05-05T06:56:09Z,2024-05-05T06:56:09Z
UgxCMeJ9TqPeVs4xDBx4AaABAg,@angelaghairah,"Next thing we know, its no longer rap battles. Its court battle",20,0,2024-05-04T11:24:10Z,2024-05-04T11:24:10Z
Ugxulwu4M_6RR5gGoWl4AaABAg,@d0ttyk7331,i turned from hyped to something that i cant write..,1,0,2026-05-19T18:57:22Z,2026-05-19T18:57:22Z
UgwCOzZGHKWavEnZ8YB4AaABAg,@greg-lm2md,Imagine hiding another kid and not expecting it to get brung up 😭😭,88,1,2024-05-04T08:16:29Z,2024-05-04T08:16:29Z
Ugxs9F4hM79MU5uBsmR4AaABAg,@Roach8431D2,"Drake being the person he is, he'll probably never learn a valuable lesson from this.

Also want to add that I never thought modern rap/hip hop could ever give me goosebumps. Unsurprisingly, it's Kendrick to keep that fire burning. Not only a true master in his craft, but a truly wise and self aware individual. Extremely rare these days it seems.",40,0,2024-05-07T18:17:06Z,2024-05-07T18:17:06Z
Ugwlh0RDrNNJzrnEM7Z4AaABAg,@Leslygu,"Kendrick was trying to diss Drake by talking to his Adonis, but it was kinda cute the way he was telling him to be proud of himself and carry himself as king 😅",420,8,2024-05-04T13:26:37Z,2024-05-04T13:26:37Z
Ugwbnxg3yWTFlVxVlZZ4AaABAg,@Banana_Lec1errccc,"The ""YOU LIED"" Part Is crazzyyy",1,0,2025-08-17T15:56:34Z,2025-08-17T15:56:34Z
UgxyYieWZeDWwYt_Qkl4AaABAg,@Philjwel,This was dope. It’s finished. No need to respond Aubrey ☠️,37,0,2024-05-05T22:01:43Z,2024-05-05T22:01:43Z
UgyVhbVcqcQsxq0MFEJ4AaABAg,@dermensch1945,"People say drake won. Drake Fans can’t even listen. 
Kendrick destroyed drake. It’s not supposed to be catchy. It’s supposed to be slow so drakes daughter can listen",378,5,2024-05-05T09:51:40Z,2024-05-05T09:51:40Z
UgwfWN3TSZap4jos9RB4AaABAg,@andrehurstjr.4376,"The echoes of ""You Lied"" is the exclamation point! Drake gotta be feeling haunted right now!",65,1,2024-06-02T02:16:19Z,2024-06-02T02:16:19Z
UgyALjQY3k7revFndeV4AaABAg,@joystratton68,Those Psychology classes kendrick took at UCLA paid off,4,0,2025-03-02T13:06:16Z,2025-03-02T13:06:16Z
UgzEVpbYOpn0RbPsZ414AaABAg,@porksauce-b6z,"The instrumental makes this sound like a murder, not even rap battling anymore just straight up killing",23,0,2024-05-05T09:11:45Z,2024-05-05T09:11:45Z
UgxVHFIlnRROke5l8pp4AaABAg,@88Well,"WTF, this is completely out of order and completely necessary at the same damn time.   Note to Drake.   Have no skeletons in your closets before you mess with a great.",22,0,2024-05-05T06:39:07Z,2024-05-05T06:39:07Z
UgxrB6mg8kGmQjdpvoN4AaABAg,@lindorplays5900,Drake can just retire bro. Man just gave advice to his son that's actually crazy,318,12,2024-05-04T21:49:36Z,2024-05-04T21:49:36Z
UgzB5YlYlWupRC2e1XJ4AaABAg,@Apocalypse3434,"Lets be real. THIS was the most vicious track in the feud. Maybe not the most popular, but the most vicious.",32,1,2026-01-30T00:12:35Z,2026-01-30T00:12:35Z
Ugyq7kBYtsFH_gXrmR54AaABAg,@OnePressMan,"There ain’t been a beef this real since Biggie & Pac, except drake aint no biggie or pac 💀",328,9,2024-05-04T19:18:02Z,2024-05-04T19:18:02Z
UgyJn8G75damr2dhK9t4AaABAg,@chesnetjoseph441,Damn he took the pusha t route and pushed it further 🥶🥶 this has been a historical year for hiphop keep it going fellas ✊🏿,46,0,2024-05-04T15:01:17Z,2024-05-04T15:01:17Z
Ugz5I_z7pxYq5RgxMuZ4AaABAg,@tramdawgmillionaire,"you can quite literally feel the emotional DEPTH within this. he pulled this shit from within. it’s so moving. drakes felt very surface, he can’t turn inwards",143,1,2024-05-05T21:44:53Z,2024-05-05T21:44:53Z
UgxpNqucsfiEAp7itMV4AaABAg,@LizZ_Gh0st_Hunt3r,he sounded so calm,2,0,2025-04-11T05:52:01Z,2025-04-11T05:52:01Z
UgxMilCWR_nMan9gWvF4AaABAg,@isaiahminott,Hes not sowing seeds of doubt in his camp but hes brewing undeniable distrust of a father and a son for the future.,76,0,2024-05-04T16:37:09Z,2024-05-04T16:37:09Z
UgxOEgvsZoL--1oym-54AaABAg,@damamama1,Somewhere Drake was listening and dismissing everything Kendrick was saying up until 4:28. He struck a nerve because I personally felt violated on Drakes behalf 😩😅. This dude is a lyricist why would Drake even think to respond back,83,1,2024-05-05T13:40:57Z,2024-05-05T13:40:57Z
UgxiIONh0pwd2WOI8FJ4AaABAg,@Solev2Sleepy,Drake is cooked bro😭 I don’t think there’s any physical way to respond to this without hanging it up💀,47,1,2024-05-04T17:27:07Z,2024-05-04T17:27:07Z
UgxajjCJb_VuvE1S8XJ4AaABAg,@millionaire99i,What a diabolical diss to a living legend.,1,0,2026-01-20T15:06:56Z,2026-01-20T15:06:56Z
UgynabTL_8sIKjebqt14AaABAg,@finbarmooney2212,I think this might actually be the heaviest diss track in history,14,0,2024-05-09T14:34:45Z,2024-05-09T14:34:55Z
Ugx6ctsiB1NAIYXIMy94AaABAg,@Jinxed4Myth,When the disrespect louder than the apology:,19,0,2024-05-11T18:00:19Z,2024-05-11T18:00:19Z
UgyzA4cx46hB3lw672Z4AaABAg,@Noobboi12318,"As a person who thought drake was gonna win, i sincerely apologize after listening to this masterpiece of a diss",33,0,2024-05-05T17:50:39Z,2024-05-05T17:50:39Z
Ugwxi-kvdC5BY25NOSB4AaABAg,@aneeshakhumbi5352,"Man did not raise his voice but he was loud.
Can't deny Kendrick Lamar been in his bag since day one, but that HIPVIEWS DAWT CAWM boost is on another level! Dude’s literally unstoppable now. 🔥💥",4,0,2025-04-02T18:24:12Z,2025-04-02T18:24:12Z
UgzZFskgm0AC95gp5al4AaABAg,@ssj.stop.motions,“This is a long life battle against yourself” goes hard,35,0,2024-05-07T19:24:02Z,2024-05-07T19:24:02Z
Ugwkv8Izzo1c2KNdlVp4AaABAg,@chunenheroine,"""fuck rap battle, this is a longlife battle with yourself"" HITS.",65,1,2024-07-16T10:47:05Z,2024-07-16T10:47:05Z
Ugz-IF1Pvjue-hRas5l4AaABAg,@brookerobitaille745,He doing spiritual work here.,26,0,2024-05-14T00:26:31Z,2024-05-14T00:26:31Z
UgyaZktltxuZ9mmClc54AaABAg,@dagrimdestroyer,"bro dissed the whole family, cranked the hell out of them and did not raise his voice 🔥",3,0,2025-03-04T19:24:51Z,2025-03-04T19:24:51Z
UgykvX43_xARpWNzd554AaABAg,@LonelySandwich,This is elite writing right here....kendrick did not come to play. I love this man. And the way he's standing up for women chefs kiss,310,1,2024-05-05T11:07:49Z,2024-05-05T11:07:49Z
UgxjNkLZf7d1SZXiup54AaABAg,@traxagenda3445,"2:54 ""the embassy bout to get raided too, it's only a matter of time""

*it just got shot up* 💀",96,3,2024-05-10T05:45:38Z,2024-05-10T05:45:38Z
UgwqYqMDvTgE36fNcYx4AaABAg,@TheTobilicious69,This is art it’s not mainstream and filtered. It’s raw and real!,47,0,2024-05-04T07:30:15Z,2024-05-04T07:30:15Z
UgzEsiG5v0ezs8iCYTZ4AaABAg,@patrickaylward5474,Kenny jumped off the deep end. Might be the most personal diss record ever recorded!!!!!!!!! GAWWWWWTTTTTTDDDD DAMN!!!!,27,0,2024-05-04T12:04:21Z,2024-05-04T12:04:21Z
Ugy-uESGtS718ZbUfn94AaABAg,@Cofi-m4y,"1 year from this masterpiece, feels like revisiting a funeral",1,0,2025-05-04T12:43:37Z,2025-05-04T12:43:37Z
UgweQ7vE0ym6vdvgse14AaABAg,@fullforcecinema,"I’ll be honest I’m not surprised that “Derp” fans aren’t aware that he lost this endeavor because the trap drums aren’t heavy enough and there’s no auto tune. Kendrick absolutely destroyed not only Drake, but his lineage. My God.",50,1,2024-05-06T18:24:13Z,2024-05-06T18:24:13Z
UgzaZHTeB7vPFRsiN_94AaABAg,@angelh6345,When someone is mad but calm talking to you ..just leave then alone at this point 😂,15,0,2024-05-07T17:20:50Z,2024-05-07T17:20:50Z
UgwoEii7KrpoVOHFOb54AaABAg,@AJ_4f7,"J cole touches your heart, Kendrick touches your soul, Drake touches your kids",98,4,2024-06-01T17:05:49Z,2024-06-01T17:05:49Z
UgxkYBWhHrX1a1Akyj14AaABAg,@someweirdoguy6633,"I am literally not into rap at all and I actually understand what Kendrick is explaining in this song, he did a great job of conveying a message through his music.",1,0,2025-12-03T14:04:45Z,2025-12-03T14:04:45Z
UgwFUJ99aVCFfzuREu54AaABAg,@capnprice0673,"The most brutal diss ever. Surpasses ""Hit 'em up"" with flying colors. 

You can tell he knows what he's saying is true. Straight verbal execution. Drake is history.",201,6,2024-05-13T15:17:08Z,2024-05-13T15:17:08Z
Ugx2MG8JeOpnPO_cgVJ4AaABAg,@ItsTheSus,"Drake don’t need to be making no noise after this, Kendrick prepped, cooked, plated, served, cleaned and dashed on his a$$ with this",77,4,2024-05-04T21:56:16Z,2024-05-04T21:56:16Z
Ugy0CYR_6oYLPNooPLJ4AaABAg,@DannyDarko123-w4j,"Drake is over for, three tracks in less than 24 hours, the covers, the lyrics, he’s exposed everything. And everything is true.",90,3,2024-05-05T01:43:49Z,2024-05-05T01:43:49Z
Ugzx6JnfIKnzHCqarnV4AaABAg,@GreenFiend35,This shits genuinely haunting,2,0,2025-01-28T02:17:37Z,2025-01-28T02:17:37Z
UgyMs_cjgFYZtYe_q4l4AaABAg,@hotdogurmomraw8777,"This isnt up for debate on who won or whos song was the catchiest, Kendrick spilled truth, stripped down Drake's ego at its very core, this was an intervention, a reality check and he even managed to comment on the embassy, Kendrick might not be in the right with those allegations but that doesnt make Drake better. ""Fuck a rap battle, this is a life long battle with yourself"" this is deeper than a rap diss",114,1,2024-05-04T23:49:50Z,2024-05-04T23:49:50Z
UgzR7jxHtYnu90B93jx4AaABAg,@CharlieUniform.NovemberTango,Drake be like i don't have a 11yo daughter but Did no deny anything else...!😂🤦‍♂️,16,0,2024-05-13T11:27:28Z,2024-05-13T11:27:28Z
UgyO9bQKOft8XBuhszp4AaABAg,@TheGodsthatPlay,wow! This is deep. This is a true Artist and believe it or not this is actually kendrick throwing drake a lifeline to save himself from himself! Bravo. It was an honor to be able to witness or listen to this.,47,0,2024-05-06T18:59:36Z,2024-05-06T19:00:38Z
UgzSMhRcUw0XzPJkEUx4AaABAg,@FOURticks,Argentina - switzerland,3,0,2026-07-14T09:20:30Z,2026-07-14T09:20:30Z
Ugy7tv9JQb1Iu1GPX0p4AaABAg,@aquarellstifte,"How the hell people think Drake did it better? I just listened the diss tracks chronologically and not did once it felt like Drake had a chance. Drake’s trying to create tracks that people can bop to but lyrics were shallow, on Kendrick’s diss tracks though….  meet the grahams got my heart racing, there’s something really eerie with how this was produced.",62,2,2024-05-07T02:00:56Z,2024-05-07T02:00:56Z
Ugx0uzgze6uWWXve8EF4AaABAg,@RandomLBS,D.R.A.K.E - Don't Rap Against Kendrick Ever,412,12,2024-05-07T17:51:15Z,2024-05-07T17:51:15Z
Ugw2cfbSzqAqO2gsE0B4AaABAg,@IDRIFTNASTY215I,It's been a week and I have that haunting piano key playing in my head over n over. Omg lmao this some Michael Myers shit,53,1,2024-05-10T17:46:25Z,2024-05-10T17:46:25Z
UgxKAwQd2RnrIkOHeUV4AaABAg,@tenieshafyffe5771,I see Dot in a very dark room wearing a black cape and a single light pointed downward. It’s silent in that space all apart from the scratching of the pen on the pad. This is a dark dark place,1,0,2025-01-19T22:06:27Z,2025-01-19T22:06:27Z
Ugwa1Am46zdYwLd174t4AaABAg,@ClassicEntInc,The funny thing is everything that he says is wrong with Drake is also what's wrong with hip hop right now It's so significant!,47,0,2024-05-04T08:26:58Z,2024-05-04T08:26:58Z
UgzqKatoaUkwLisi1-Z4AaABAg,@dominicwalker1899,I've never heard such a brutal diss track in my life,43,1,2024-05-10T22:19:03Z,2024-05-10T22:19:03Z
UgwGHcEBKcYIeHyZdoh4AaABAg,@Bigmike4931,"All I can say is wowwww. This was so creatively made, and it wasn't even Kendrick being hateful, or mean spirited. Just more of telling us stuff about drake that seams to be all facts😮",31,0,2024-05-05T16:46:50Z,2024-05-05T16:46:50Z
Ugy2fwjSgNtBqFUuPbt4AaABAg,@senangjekk,never a dis but a message,2,0,2025-03-06T09:59:49Z,2025-03-06T09:59:49Z
UgwMgbBdesP3YotTT8R4AaABAg,@focusfitwarrior,Now this is some poetic justice. Killed it on the calm.,21,0,2024-05-04T18:11:20Z,2024-05-04T18:11:20Z
UgzngEGtp9hOkQq1G7J4AaABAg,@qthestruggler2715,"Always remember that Drake fans aren’t rap fans, because Drake, with all his ghost writers, stealing lyrics and beats, and undermining of other artist in the industry, were the things that never made Drake an actual rapper. You can’t claim you’re the best to ever do it if the bars aren’t yours.",97,1,2024-05-06T01:34:20Z,2024-05-06T01:36:06Z
UgwSlYrHiZItsZPwKxl4AaABAg,@serenity_renee,KENDRICK JUST EAT HIM OFF THE BONE OMS😭🔥🔥🔥🔥🔥,15,0,2024-05-10T22:09:32Z,2024-05-10T22:09:32Z
Ugxkup29Xr76eCMzZJV4AaABAg,@THEBEASTISCOOL-o9z,This song goes so hard after a year,1,0,2025-05-20T23:25:13Z,2025-05-20T23:25:13Z
Ugy0jtCvhrl8J3B6XzB4AaABAg,@MsAmakura,"Kendrick schooled Drake on this one. From beginning to end. As the old folks would say, he broke it down nicely and told him his fortune for free.",108,0,2024-05-04T18:15:25Z,2024-05-04T18:15:25Z
Ugx9FLTJqFA9sSl4A4Z4AaABAg,@DS-cl5in,"I've really been enjoying the women rappers the last few years, but I must admit, it feels great to hear the men again. Kdot is a lyrical genius  and an extremely talented artist/ storyteller.  This man literally paints the picture as he raps. He switches the beat, flow, cadence, and it sounds like a different song all in the same song, and it sounds amazing. It's really refreshing to see this type of real artistry again.. and I'm not mad that it's aiming at Drake either 😂😂😂",28,0,2024-05-04T15:00:16Z,2024-05-04T15:00:16Z
UgzkgrR4GKOwQmM1ZCx4AaABAg,@MatthewTheUntitled,"J Cole apologized. He knew what Kendrick is capable of.
This beat will be playin in drake's head giving him bad trips
Good. Fuck em.",17,0,2024-05-04T22:50:43Z,2024-05-04T22:50:43Z
UgxqAdnFGATNvz5FZBx4AaABAg,@wutang2043,This ain’t missionary this A level,1,0,2026-02-11T14:36:59Z,2026-02-11T14:36:59Z
Ugy5t0MBGfYuCRxbozh4AaABAg,@tex9inemm649,I know this song is ripping at drakes soul. Kendrick coming like Shang Tsung from mortal kombat🥶🥶🥶🥶,84,1,2024-05-04T07:55:51Z,2024-05-04T07:56:45Z
Ugy7GGaWaRtCMhQzLMt4AaABAg,@mightyMrJones,"ive listened to this track on repeat for like 5 hours now, and every bar is still as shocking as the first listen. this is murder",63,2,2024-05-04T21:05:10Z,2024-05-04T21:05:10Z
UgwEdarHVK9FWvds6ex4AaABAg,@iTrustInTheMusic,This is legit going to change the game forever,20,0,2024-05-04T08:02:18Z,2024-05-04T08:02:18Z
Ugz-c1JSWQ_Oxx3aUap4AaABAg,@MaryNyabuto-l9q,"This was pure hatred. Fuck a rap battle, its a long life battle with yourself! I felt it",2,0,2025-02-17T13:00:54Z,2025-02-17T13:00:54Z
UgzzqJ0VLsjc748JuwF4AaABAg,@bubbatheeskimo,I imagine the people who think this song is bad are the same people who have no internal monologue or can't imagine images when they close their eyes.,276,12,2024-05-04T14:05:17Z,2024-05-04T14:05:36Z
Ugz4xMq1uRs0VpF0cXh4AaABAg,@josefranciscosalgado9166,""" Even if don't benefit your goals, do some push ups"" Dude just drop some life hacks on this diss track as if we all involved in their feuds!",26,0,2024-05-06T20:19:29Z,2024-05-06T20:19:29Z
UgwhFNybGc5z9W0qEGJ4AaABAg,@SkinnySlayah,"I heard drakes response and thought he had it in the bag but GODDAMN... THIS SHIT DIABOLICAL. Forget Drake, I dont think anyone would be able to respond to this",183,11,2024-05-04T08:22:54Z,2024-05-04T08:22:54Z
UgxKMox_fQ9sXhJYUs14AaABAg,@thewok1313,Argentina vs egypt,29,0,2026-07-08T02:06:00Z,2026-07-08T02:06:00Z
Ugx4es3kZAfI5UjvpzV4AaABAg,@laced_gg,"6:05 that background ""lies"" gave me goosebumps on first listen",21,0,2024-05-05T01:18:22Z,2024-05-05T01:18:22Z
UgycvuOarybOGROZvEZ4AaABAg,@8nfw,Kendrick the type of guy to look at drake in the rain and walk away slow.,14,0,2024-06-22T13:52:59Z,2024-06-22T13:52:59Z
Ugy3CLLcjqgdaz9jOO14AaABAg,@outofmind9222,Kendrick is diabolical with this one.. RIP Aubrey.,16,0,2024-05-19T03:09:35Z,2024-05-19T03:09:35Z
Ugz5jSAuN0Ve5Jh07kN4AaABAg,@Flyboi.boi.2high,Damn listing this again is deep this kinda go with diddy Epstein too,2,0,2026-02-21T12:04:17Z,2026-02-21T12:04:17Z
Ugy4bsDybIZ4gHO9l_x4AaABAg,@lucnkosi6814,"With all the back and forth on each other, I gotta say this one sealed it, he touched the soul on this one, real battle rap",26,0,2024-05-05T10:20:47Z,2024-05-05T10:20:47Z
Ugzlc0CJqPgK-JTgODJ4AaABAg,@Aztro_04,"Y'all see, not everything on this song may be real, but what's real is Drake has Adonis, and Drake is already pressured to be a damn near perfect father to Adonis or else, Adonis might turn rebellious, think Kendrick is right (even view him as his hero), and leave his dad. And that shit is already planted by Kendrick to everyone's mind, Drake can't remove that pressure, it will stay on him forever. Now that's just the first verse, if all the other verses are real, Drake is totally cooked.",39,1,2024-05-14T17:18:04Z,2024-05-14T17:18:04Z
UgwYdPcxlJBJrtFeZTJ4AaABAg,@RobertMoosdorf,Kendrick bodied him every single time and in more ways than one. Also the fact this got released like an hour after Drake put his out is incredible. Kendrick probably still has more in the chamber too,126,7,2024-05-04T15:20:44Z,2024-05-04T15:20:44Z
UgzQAX2IYf-DtIEskad4AaABAg,@mikaitency5717,Absolute kendrick,1,0,2026-06-30T19:28:20Z,2026-06-30T19:28:20Z
UgwpKKwzlidDhKwOAL54AaABAg,@EhudJeremie,This not a diss track this a life story telling the truth.,13,0,2024-05-05T18:36:33Z,2024-05-05T18:36:33Z
UgwfOexMGwTK1z0N90Z4AaABAg,@D.T.G9341,Kendrick made the lyrics on a death note 💀,28,1,2024-06-24T06:35:12Z,2024-06-24T06:35:12Z
Ugwawyjg2EuDFpvxd3t4AaABAg,@SantosFit-ss7fi,Every move Drake has got been predicted,48,0,2024-05-04T07:06:27Z,2024-05-04T07:06:27Z
UgwO1HyaqU3FPW8yJzZ4AaABAg,@Gabrieli13,"""History do repeats itself""
                        -kendrick lamar",1,0,2025-02-09T09:49:44Z,2025-02-09T09:49:44Z
UgzXEdzlUS9hIhlPKOJ4AaABAg,@sharonbrantley8213,With every Drake diss track another child comes out😂,14,0,2024-05-04T09:06:02Z,2024-05-04T09:06:02Z
UgzSGbxGV0k2BInib3l4AaABAg,@dimitrijoseph8706,Kendrick is a menace 😂😂😂,61,1,2024-05-04T07:18:02Z,2024-05-04T07:18:02Z
UgyU0-V5LR29MU0JIex4AaABAg,@p-ruthless9005,J Cole is Riding his bike enjoying life rn,22,1,2024-05-04T23:33:41Z,2024-05-04T23:33:41Z
UgxJe_wVzEPfQRsg6Gd4AaABAg,@Yotashi-g5j,"Kendrick:being silent
Drake:being destroyed",1,0,2025-05-08T07:42:25Z,2025-05-08T07:42:25Z
UgzArmh_5DDqAX97V1d4AaABAg,@ecoblaze8827,The way my heart is beating as I listen to this song … I can only imagine how drake and his entire Family and ovo crew must have felt listening to it 😢,27,0,2024-05-05T05:29:17Z,2024-05-05T05:29:17Z
UgxmDS5PgmyST6rsy0F4AaABAg,@bashjohn3862,I dropped tears listening to this he was speaking to this man soul,19,0,2024-05-06T23:01:33Z,2024-05-06T23:01:33Z
UgzDbz9JLzY0BICR8aR4AaABAg,@shahanahsan05,"Bro set him up with ""Family Matters"" 😭
He jus ruined Drizzy wtf man 🐐",26,0,2024-05-04T08:15:25Z,2024-05-04T08:15:25Z
Ugz8O-NK6QLnJxF_y314AaABAg,@DevikaBTS-qu4op,"The entire time I was listening to this for the first time, I was wincing, like, ""dude you could have just stabbed him"". But then he pulls out the line, ""I'll tell you who your father is, just play this song when it rains"". 
and I'm like. How does one come back from that? That line is genuine heartfelt compassion and the harshest burn on a man's pride all rolled into one. Damn, man. Forget stabbing, straight up obliterating the guy would be kinder at this point.",1,0,2025-10-28T19:44:06Z,2025-10-28T19:44:06Z
UgxIdF3vVhIQA_ugx5t4AaABAg,@AD-80,He coming at dude directly. I thought this was for sales but it's getting bloody.,16,0,2024-05-06T18:04:55Z,2024-05-06T18:04:55Z
UgzlJJSIu0sdfHKfK3B4AaABAg,@yvettereyes3909,2:09 is crazy,44,3,2024-10-19T05:55:56Z,2024-10-19T05:55:56Z
Ugx6DdPKRhkTc9Ta9l14AaABAg,@matthewklayko05,Drake still singing drop drop drop drop & kendrick just killed him with every breath in that shit. He just put his life on the line.,14,0,2024-05-04T16:31:12Z,2024-05-04T16:31:12Z
UgwsEaXjYR20kkwtPK94AaABAg,@chrisdade1741,Damn I’m going back and listening to all these beefs and K Dot is a dangerous person,1,0,2025-01-16T22:53:12Z,2025-01-16T22:53:12Z
UgyZNSv7HrOP2MKi4Kp4AaABAg,@nishlawson9499,"Drake went too far, Kendrick just went nuts on this dude",415,6,2024-05-04T06:26:02Z,2024-05-04T06:26:02Z
UgzghuLODK8U_z7LZeJ4AaABAg,@Djknowledge24,"Drake shed tears when he heard this ""Fk a rap battle this a long life battle with yourself"" __  Next week 6 kids will come out of no where saying that Drake is the father and will all have bigger noses than him.",14,0,2024-05-05T00:39:21Z,2024-05-05T00:39:21Z
UgzU-2csNzBz3nJ9T4p4AaABAg,@KohvesMUSIC,What?? 😮 This man got a queue ready.!,40,0,2024-05-04T06:05:40Z,2024-05-04T06:05:40Z
UgzZPAb6pItlzFJDZPx4AaABAg,@christianallen4665,Just here to water the flowers,0,0,2026-01-27T19:29:52Z,2026-01-27T19:29:52Z
UgwQdToActGz5ZADZHF4AaABAg,@lorenzorodriguez6192,He ain't going to be able to tootsie slide out of this one😂,34,2,2024-05-04T08:58:36Z,2024-05-04T08:58:36Z
Ugzgfoq9oF4pGhIn67V4AaABAg,@amfam100,"usually im going ""oooh shit... daaaamn... ooooh fuck""

this one i was like ""...... woah""",14,0,2024-05-05T00:15:23Z,2024-05-05T00:15:23Z
UgzzhbbZobHCTf7dZVN4AaABAg,@everythingiseverything9920,"Next time I have to fill in a form asking the name of my father, I'm writing down LAMAR, Kendrick.",533,23,2024-05-04T06:44:16Z,2024-05-04T06:44:16Z
Ugyv50yKZXoadQJIJDd4AaABAg,@Greedydonkey-b5h,Real Madrid robberies 🤣🤣🤣,3,0,2025-07-18T11:57:51Z,2025-07-18T11:57:51Z
Ugy6JY0FzX1wnkp6Cd54AaABAg,@FateGalaxy810,Bro… i just realized when he said “dear aubrey” at 4:42 it sounds like “haubrey” but thats him further comparing drake to harvey weinstein. Jesus.,123,10,2024-05-05T06:28:44Z,2024-05-05T06:29:29Z
UgxomCH7Vr2mLHtxKsB4AaABAg,@argyrovol,Oh my ..Kendrick literally killed him,13,0,2024-05-13T15:35:19Z,2024-05-13T15:35:19Z
Ugxhe5M1eA5lgNJPhdN4AaABAg,@LJAYFRVR,"""Dear ADONIS"" really be the first line",24,0,2024-05-04T12:23:01Z,2024-05-04T12:23:01Z
UgyH6pW3fnB_LMZVg7Z4AaABAg,@SuperMacy24,"I’ve went through the 80’s and hearing the best dis tracks the 90’s and early 2000’s murder tracks but my god this is a career ender, a nuclear bomb for there is no coming back from, Kendrick struck a generational dagger in the heart of that man. DAMN!",1,0,2025-04-27T12:34:11Z,2025-04-27T12:34:11Z
Ugzy1UEGZsu1RZBoAnB4AaABAg,@littlejoestar4,this is one of the most insane disses i’ve ever heard 😭,21,1,2024-05-06T02:26:45Z,2024-05-06T02:26:45Z
UgxbSX9EMyGu-ag45y14AaABAg,@MrJacktown5,Grown man bars is something you gotta deal with. 😂💀,96,3,2024-05-04T07:04:49Z,2024-05-04T07:04:49Z
UgxSY5jWZFLhmClej4N4AaABAg,@Way2Gifted,Telling someone else son I’m sorry that’s yo father yoooooooo is wild 🔥🔥🔥🔥🔥,51,3,2024-05-05T03:22:33Z,2024-05-05T03:22:33Z
UgzCbVbp9KG-o0cDeX54AaABAg,@mraihan7400,Been bumping to this during my ab workouts. 🔥,1,0,2025-01-17T15:15:23Z,2025-01-17T15:15:23Z
UgwTQmzpm-lyhKsCj-94AaABAg,@koldraiynedownskayle5744,This man just out did Story of Adidon in one fell swoop. Like I sat there with my mouth open.,70,4,2024-05-04T07:28:52Z,2024-05-04T07:28:52Z
UgyCc_NgYmm1cdk3Oet4AaABAg,@CarolinadueNorth,"Kendrick owns this beef and it’s not even kind of close. 

Also, the sample is Benny and the Jets by Elton John, just in case you’re trying to figure out why it sounds familiar",129,8,2024-05-04T13:01:45Z,2024-05-04T13:01:45Z
Ugy2yiE9aHTwRA7od714AaABAg,@0terrors,6:00 he won,25,0,2024-05-05T00:47:44Z,2024-05-05T00:47:44Z
UgxwmVHuWvjXV_OCYVh4AaABAg,@tinyoverlord,"Two years passed and the ""you lied"" parts still  give me chills lol. I miss this beef lol",0,0,2026-09-04T15:40:34Z,2026-09-04T15:40:34Z
UgyTZE3TmRQC1UzcHgJ4AaABAg,@visorsight,2:41 he is trying to say that the Drake leak was intentional to build up hype,41,1,2024-05-05T16:24:30Z,2024-05-05T16:24:30Z
Ugzd2GranjLe6XKZAN54AaABAg,@blakrabbito,Im just gonna say. I went from listening to draje new diss to this one. 1st) i dont think drake has enough amo to keep up with the demand of this battle. Imo his last diss is 3 songs he uploaded all at once to match Kendricks 6:30 songs. 2nd) kendrick is killing drake rn and it isnt even fair 😭,42,1,2024-05-04T13:50:38Z,2024-05-04T13:50:38Z
UgzCXHst0_iFharfFnt4AaABAg,@ClassicEntInc,Kendrick Lamar is exactly what hip hop needs He's bringing it back to how hip hop was in the '80s about uplifting your people teaching them right from wrong this guy's integrity is on the next level sacrificing fame and money to do the right thing and say the right thing! I'm going back and buying all his albums to help push him and this purpose forward!,67,10,2024-05-04T08:24:24Z,2024-05-04T08:24:24Z
UgyzKGfe5qRz2gus7dl4AaABAg,@ry9c344,at this moment bro is flexing with his sound,1,0,2025-08-03T12:50:21Z,2025-08-03T12:50:21Z
UgxyzGh8ZuJqW4aoM854AaABAg,@michaelthornton2948,I’m no longer a Drake Stan. 😭 Kendrick the goat 😭,13,0,2024-05-04T08:42:44Z,2024-05-04T08:42:44Z
UgzIVV40smwUSPPCUet4AaABAg,@emmabugee7901,This is the most brutal evisceration of a person I’ve seen in a rap song ever  😂😭,19,0,2024-05-04T22:23:16Z,2024-05-04T22:23:16Z
UgyarjIA7_rBy8es0F54AaABAg,@literally_brey,i'm fully convinced that kendrick wrote meet the grahams with a quill in one hand and a gun in the other.,15,1,2024-05-30T01:47:00Z,2024-05-30T01:47:00Z
UgyHlVYz5dj0G-Kevc14AaABAg,@chhanky5216,It’s like going to an intervention and getting dissed,1,0,2025-04-26T02:30:43Z,2025-04-26T02:30:43Z
UgzToU-JxFQkxGjcRvt4AaABAg,@zuizero5526,Nah cuz Kendrick telling Adonis a whole message at the beginning bruh ❤,59,2,2024-05-05T16:09:06Z,2024-05-05T16:09:06Z
Ugx8pGWfqeU4-tiF5ax4AaABAg,@dunksrocka,"Those that’s saying this is trash, I bet haven’t read more than 5 books with 100 pages and no pictures.",944,79,2024-05-04T07:10:25Z,2024-05-04T07:10:25Z
UgyKkrnhvc_00mWlRT14AaABAg,@kayej926,"Meet the grams is downright diabolical. I didn't think kendrick could go harder than euphoria, but I was wrong",20,0,2024-11-10T22:40:14Z,2024-11-10T22:40:14Z
UgwqzClx5bfgC6cBtVx4AaABAg,@lvxxx4,Argentina vs Cabo Verde,2,0,2026-07-18T04:03:24Z,2026-07-18T04:03:24Z
Ugx4km9_-PN6xtFfcrF4AaABAg,@arkadiygolubinskiy1788,"Man, Kendrick just unleashed the most psychoanalytically advanced attack ever known to be put on the record. This is truly violent. He bottled a ghost in this song that will be chasing Aubrey until his grave, will stay in the ears of his children beyond his grave. The amount of pain that is in this song is beyond all limits, he just decided to go for the head. This is absolutely insane. This is evil. But it had to get to this I guess. A diss sounding too evil is exactly how you know it’s too good.",68,3,2024-05-04T08:58:11Z,2024-05-04T08:58:11Z
UgzijKojX-9bgns--XR4AaABAg,@Child0fsaturn,5:01 “ decent peoplke “ 😂😂🥰,20,1,2024-05-04T13:31:31Z,2024-05-04T13:31:31Z
UgzSyn72w5iJI8ufmiR4AaABAg,@outsidethebox2575,"This is not rap, this not even music, it’s something else, next level music with a story. It’s like a documentary with rhymes.",16,1,2024-05-29T00:13:19Z,2024-05-29T00:13:19Z
UgwtLPLVrGJvfNuMqu14AaABAg,@EssilBougabrine,"Me at the first : 😝😎😋😼💆🏻‍♀️ 
Me at the end : 😟😦😿😢",2,0,2025-02-15T12:04:13Z,2025-02-15T12:04:13Z
UgwOTrEJ7Zk9ttoDTWR4AaABAg,@jamesritchie3327,this is fucking SAVAGE,39,0,2024-05-04T06:38:35Z,2024-05-04T06:38:35Z
UgzJA-wQU2rovvNAyot4AaABAg,@ceasarmyles1059,That last line was the nail in the coffin ⚰ 😂,17,1,2024-05-04T08:05:52Z,2024-05-04T08:05:52Z
Ugyz6xMg_25dn-oJaUd4AaABAg,@apollyon1,With kdot I’m hanging on every word with drake I’m wanting it to finish already so I can hear what Kendrick will say next.,90,4,2024-05-04T08:29:57Z,2024-05-04T08:29:57Z
Ugx9szhEI1wxwL2Ew2d4AaABAg,@Trexsa_Official,Top 3 diss track not a doubt. This diss track is up there with hit em up and ether bro,1,0,2025-04-04T02:29:56Z,2025-04-04T02:29:56Z
Ugwds0KE2_wBOEesw7d4AaABAg,@slavicjericho4543,"first 20 seconds the beat sounds normal

after that it's actually starting to sound scary damn",23,2,2024-05-05T05:08:30Z,2024-05-05T05:08:43Z
Ugz6qFYMwaq6wqgV9lV4AaABAg,@dinga6969,he exposed another kid 😭,504,17,2024-05-04T06:54:59Z,2024-05-04T06:54:59Z
UgzQ7DVehtAQruhKPY54AaABAg,@princinebrown895,"Drake song was like me telling the my sons  stop play fighting before yall get serious.. and then Kendrick got serious! 
I love that for him lol",18,0,2024-05-04T19:27:32Z,2024-05-04T19:27:32Z
UgxMyb7aEGLUiC6y_vp4AaABAg,@RedDragounNinja,Kendrick is the type when drake closes the medic box he will appear.,1,0,2025-05-28T08:15:36Z,2025-05-28T08:15:36Z
Ugw7CLugICEWKGmWz6B4AaABAg,@TimewornCookie6,0:35 seconds in I'm like what?! 😬,18,0,2024-05-04T22:34:27Z,2024-05-04T22:34:27Z
UgxUtD28a-VOqwEorAt4AaABAg,@spongegar7588,"Is anyone scared for Kendrick, I know it’s just beef. But the rate that rappers die, I hope he stays safe. 

I don’t trust Drake or Drake’s people to not do some devious retaliation (not a hater I just get a bad vibe from all this, I thought maybe it was a publicity stunt or an inside joke, but it seems pretty serious)",15,0,2024-05-05T00:25:41Z,2024-05-05T00:25:41Z
UgwSDHlsqJUAXSG_13l4AaABAg,@getitmikey7837,A diss track every 16 hours is nefarious work!!! 🔥🔥🔥,25,2,2024-05-05T04:01:01Z,2024-05-05T04:01:01Z
UgxmKcGVzljFNBOzYUR4AaABAg,@FusionPlex12,I got chills,1,0,2025-09-05T13:22:49Z,2025-09-05T13:22:49Z
Ugz5e_sIQlu8s8NKEl54AaABAg,@biganttalks4689,Kendrick has this war planned out...,181,11,2024-05-04T06:04:33Z,2024-05-04T06:04:33Z
UgwVeFsd0vzzQIfAarx4AaABAg,@pedroquinones8622,First time I hear a diss track with my jaw on the floor,51,4,2024-05-04T12:21:08Z,2024-05-04T12:21:08Z
Ugxc_Z1kuzs1nu43x7J4AaABAg,@stinkygorilla88,2:55 bro really hinted us diddy house raid and the weird shit he does. This man is ahead of time 😭🙏,31,4,2024-10-20T02:20:26Z,2024-10-20T02:20:26Z
UgzUso3Urrp41VX4n0p4AaABAg,@ILovePastas-t1k,If they dont play this at Drake´s funeral then I Will cry,2,0,2025-03-04T07:38:51Z,2025-03-04T07:38:51Z
Ugzozuy24Ieiq1aVU8J4AaABAg,@trurp8929,To be honest THIS SONG is extremely on point and I can imagine how embarrassing it will be for Drakes kids when they grow up and realise their father is exactly as described in this song. Kendrick must consider pulling this song off the platforms it's too involved with innocent people.,85,1,2024-05-05T05:01:55Z,2024-05-05T05:01:55Z
Ugxf4k1FEuUvjWb-w-54AaABAg,@billythomas7181,"This might be the most creative, thinking outside the box flow that I have heard in a long time. Kendrick is a professional surgeon. Drake, please just take Rick Ross's advice and never respond to Kendrick again. Im witnessing a God punishing Drake for all of his sins. KENDRICK LAMAR is G.O.A.T status",22,3,2024-05-04T09:01:01Z,2024-05-04T09:01:01Z
UgyhlNGO1fWfb5KRp4l4AaABAg,@mofeephraimkoloh8588,This has to be the single most violent day In All of Rap history,71,3,2024-05-04T08:26:21Z,2024-05-04T08:26:21Z
Ugy3jaH5eGohcqTvcoV4AaABAg,@McGruph,"I've been dig'n battles since Cold Crush and Fantastic Freaks, since Kool Moe Dee and Busy B, and this is the coldest sh!t I've ever heard❗️💀",1,0,2025-01-17T02:04:32Z,2025-01-17T02:06:19Z
UgyCElp_gdsNDWh1-tF4AaABAg,@revan3970,"I understand having biased and going to bat for an artist you really love. But idk how you can compare these two. Drake's disses have some great rebuttals (especially against the complexion disses) but for the most part he's still doing the same shit. Short jokes, poor jokes, bragging about the women he's fucking. It's all surface level. Kendrick is dismantling this man's entire life story and legacy and STILL trying to help him be a better man. KDOT the therapist",121,10,2024-05-04T10:40:26Z,2024-05-04T10:40:26Z
UgwFWeYPVFxQ3EOon6h4AaABAg,@esthermunkondya9231,"This isn't even a rap battle no more😫🙆, Kendrick is advocating 💯!!!! The song is speaking for a good cause⚠️, kdot the goat👌🏿",15,1,2024-05-15T06:19:18Z,2024-05-15T06:19:18Z
UgzQZuWQbcIRp079TkV4AaABAg,@EmoBoi91,King Kendrick 👑👑👑,13,0,2024-05-04T07:35:22Z,2024-05-04T07:35:22Z
UgwIYlc-8LkR2GnxRdF4AaABAg,@averagedaftpunkfan1993,Kendrick wasnt just talking to drake when he made this. He was talking to his soul,0,0,2026-03-25T00:28:03Z,2026-03-25T00:28:03Z
Ugyv3c-SHQ4NVrB0c1x4AaABAg,@meeko1611,Kendrick wants to be Drake therapist,16,1,2024-05-04T08:01:57Z,2024-05-04T08:01:57Z
UgyvO0TsPim5qXb0izl4AaABAg,@jirden,That “being a beard” line was fucking brutal,67,2,2024-05-05T00:22:32Z,2024-05-05T00:22:32Z
UgxKJOf5cQQIayWhStp4AaABAg,@swannyotb8506,I think a lot of people are missing the fact Kendrick called out drakes team earlier then released a track about his “family” right after a track called “family matters”… minus the fact he addresses his son immediately and in 2 bars says his grandpa should of wore a condom…wild,111,7,2024-05-04T08:33:07Z,2024-05-04T08:33:43Z
UgyAg4nxsmgnIH7sN294AaABAg,@JD_the-muncher,Barca vs Chelsea 2009 😢,2,0,2025-10-01T02:03:57Z,2025-10-01T02:03:57Z
UgxSml2_cEg87GETZap4AaABAg,@Wrld_of_Shy,Man this was….wow both tracks from them were hella disrespectful and revealing but I have a feeling Drake is lying about Kendrick beating his girl,158,20,2024-05-04T07:16:29Z,2024-05-04T07:16:29Z
Ugz3YSuqbVr70OzF-MF4AaABAg,@lulumelo7929,Dude exposed him @ 2:08 wow,15,0,2024-05-05T04:50:51Z,2024-05-05T04:50:51Z
UgxsFHD2U1Aj3BeYhnJ4AaABAg,@madnessblood92ifg,People who think Drake is winning are probably the same people who thought or would think Jay z won against Nas..like Nas Dott took a beat that he don't want you dancing too he want you to listen too..yea you can make a song about me but I'm going to body you with bars..but see this is why Cole stepped away he knew it was going to go from rap to personal real quick like it did,56,9,2024-05-04T07:46:53Z,2024-05-04T07:46:53Z
UgyX5_b79_sgldK_PS94AaABAg,@Banana7O,I can feel the hatred,2,0,2025-03-03T07:04:08Z,2025-03-03T07:04:08Z
Ugxs72Cvwt3WunnfNtB4AaABAg,@nicholaskirton1459,Anyone see the picture of J cole meeting one of his fans on a beach a day or two after these disses? Bro really was just enjoying his best life 😂😂,15,0,2024-05-20T10:23:11Z,2024-05-20T10:23:11Z
UgySu0bUK1ztydmMlVN4AaABAg,@TSA1D1,2pac and Biggie would be laughing at this 1:52,12,0,2024-05-04T16:01:33Z,2024-05-04T16:01:33Z
UgyZ-dU2IDY8LOuSxaR4AaABAg,@Amarachimarie,This man is literally psychologically destroying Drake from the inside out .. yall want some catchy & shake my ass music sooo bad can’t even realize this is personal .. Kendrick has this slow kill energy & some of us can feel the darkness in what he’s saying.. that is an unstoppable force .. Kendrick is forcing Drake to read his soul back to him & he can’t .. Drake has been artificial & sold to us .. Kendrick is about to make Drake question his authenticity with us .. Drake has to send out songs from this point that use his real voice & came from his real brain or anything inauthentic will get rejected .. Kendrick won he took Drake’s agenda & put his behind the scenes in front view for everyone,20,1,2024-05-05T03:04:48Z,2024-05-05T03:04:48Z
UgwWnk8swd70OOcvTT14AaABAg,@Odysseusgaming1,"yo just listened to this song for the first time, i didn't really keep track of the whole kendrick vs drake beef but tonight i am sick with like the flu or something and thought i would indulge myself in some rap beef and dear god i was not ready for this one, i mean i have already heard not like us (who hasn't) but this song hit a whole different level, this wasn't a rap song this was a complete mental assassination, he picked drake and his family apart in ways that would make world leaders puke, this song is probably the best song out of this beef hands down, not because of speed and lyrical tongue twisters, but because of power and carefully targeted attacks, this wasn't a song, this was a public killing and not like US was just salt on the wound",2,0,2025-10-08T02:27:40Z,2025-10-08T02:27:40Z
UgxnicJf3DK56YxwR6t4AaABAg,@phylicialevy5396,Just a old head watching this corny beef from the side line. Thinking to myself this not rap. Kendrick told me  to shut the f up old man an listen. I'm listening this is career ending damn 🔥 🔥 🔥,21,1,2024-05-05T07:30:28Z,2024-05-05T07:30:28Z
UgwRxe4U_-GIgYZwJ4N4AaABAg,@vlonedj7864,Kendrick needs to be studied NOW,23,1,2024-05-04T07:41:00Z,2024-05-04T07:41:00Z
Ugz-18yhP8I9ah2HGyJ4AaABAg,@Won_Tribe25,I had anxiety towards the end of this song & he's not even talking about me sheesh...,25,1,2024-05-04T20:48:23Z,2024-05-04T20:48:23Z
UgykQ2BCk9IZ66cR5o14AaABAg,@YassinAmri-g1c,This is a slaughter,1,0,2025-05-05T22:28:17Z,2025-05-05T22:28:17Z
Ugyaayo0fD0Na3qoM3F4AaABAg,@giorgosg9671,Drake just kept saying that he is again number 1 with the more money and views and that kendrick is short. MEANWHILE Kendrick has exposed eveey single insecurity that drake struggles with and gives him life lessons😂,115,10,2024-05-04T08:11:43Z,2024-05-04T08:11:43Z
UgxnxauOtiSHNClMOJ14AaABAg,@soren-i,0:52 bro has personal beef with brazilians😭🇧🇷,40,4,2024-10-02T19:47:12Z,2024-10-02T19:47:12Z
Ugy6vWtChkNdkrD2P6F4AaABAg,@BeezyRamsey,Drake fans can't feel it because they can't shake their asses to it ‼️,86,4,2024-05-04T08:34:53Z,2024-05-04T08:34:53Z
UgxFgyIpcFMMTxtoo0J4AaABAg,@donovanblount-p2m,Love this song,4,0,2025-02-26T08:43:20Z,2025-02-26T08:43:20Z
Ugxdzw1ayQAPtx82UXt4AaABAg,@LocalCourier,"These drake fans think diss tracks is music you're suppose to dance to lmfao

edit: Not like us made we wanna crip walk",171,14,2024-05-04T08:50:22Z,2024-05-07T01:02:50Z
UgxsYB24ZmPnNivDFK54AaABAg,@MonoCronic,"I'm gonna get shit on for this comparison but... I think Drake just got a good old ""Killshot Treatment""
He better go make a Pop Punk album with Lavigne now fr",14,2,2024-05-04T12:51:19Z,2024-05-04T12:51:19Z
UgzZ7vK7sS6rYvzvVU54AaABAg,@BierDaley,"3:22

Wait is drake getting exposed for having a second kid???",21,2,2024-05-04T15:51:35Z,2024-05-04T15:51:35Z
UgxAXM4nKun3fTdCl_14AaABAg,@jugrajsingh-jm3nc,This is some heavy shit,1,0,2025-02-18T16:49:22Z,2025-02-18T16:49:22Z
UgyGdaFUwily5d6L6Kt4AaABAg,@juice9370,Damn yoooooo 6:16 was the nail in the coffin......THIS WAS THE GRENADE IN THE COFFIN,13,1,2024-05-04T07:52:11Z,2024-05-04T07:52:11Z
UgwJxm7FbyBVOBCJwnh4AaABAg,@FranciaMichelle,"When you don’t know the rap beef so you forget who Adonis is, get lost in the words then figure out that he’s talking to his son about him. My god.",18,1,2024-05-04T15:12:57Z,2024-05-04T15:12:57Z
Ugx2iwcnimRP_Wbhze94AaABAg,@Therealestvirgo,Unpopular opinion: meet the grahams is better than not like us.🤷🏼 K. Dot literally broke that man down. There were just more haymakers on this track 💯,75,4,2024-07-12T01:13:33Z,2024-07-12T01:13:33Z
UgwrRWp6NS0h_Srwqfx4AaABAg,@ViktorPalibrk,THIS IS FOOTBAL🤬,1,0,2025-04-29T22:02:57Z,2025-04-29T22:02:57Z
UgzHY1ukERJl9sYWG5V4AaABAg,@tawanahill2004,Now everyone needs to listen to Mr Morale .. it’s a whole therapy session for the broken black people ! And speaks loud,29,8,2024-05-04T13:01:06Z,2024-05-04T13:01:06Z
UgyHGTBa32TyaLFA73Z4AaABAg,@bearmisfit2417,These bots are big mad. Kendrick murdered drake. Haha. It’s not even close.,309,23,2024-05-04T07:05:44Z,2024-05-04T07:05:44Z
Ugw-KakRWYG78APQI8J4AaABAg,@fiverosesonethronemack7157,4:34 is fire,14,0,2025-05-30T23:17:28Z,2025-05-30T23:17:28Z
Ugx8OvYlrySIyI5gFf94AaABAg,@breawycker,I heard someone say that they didn't listen to Meet the Grahams. They survived it and I understand now,1,0,2025-02-06T07:57:01Z,2025-02-06T07:57:01Z
Ugx7Upqi6_mM4gvpAvx4AaABAg,@daniaomar3442,This ain’t a song this is a horror movie,12,0,2025-02-12T23:53:07Z,2025-02-12T23:53:07Z
UgzpqBihGC3bf_GbvVt4AaABAg,@theteavtherapist,0:16 💀💀💀,19,1,2024-05-04T22:49:14Z,2024-05-04T22:49:14Z
UgwftlMMdAgqw-exmzF4AaABAg,@edgemcgoonatron,If you wanna say anything about this beat... Drake's is literally just the most basic thing you can assemble in FL Studio with no musical knowledge.,36,3,2024-05-04T18:17:13Z,2024-05-04T18:17:13Z
UgwdEPqIko2Pd5hewTx4AaABAg,@shamsalbalushi13,Hardest Drake and Kendrick beef song ever ong,1,0,2025-02-12T15:08:44Z,2025-02-12T15:08:44Z
UgwxXT_p4H1sjOk_tPd4AaABAg,@boneethiyam7974,Drake has a daughter and he’s hiding it from himself,20,0,2024-05-04T06:24:09Z,2024-05-04T06:24:09Z
UgwxS0I2Sr3cJhoqToF4AaABAg,@jamietarleton,J Cole was right to sit this one out.,104,7,2024-05-04T07:43:37Z,2024-05-04T07:43:37Z
UgwOrYnMQSorIvIeUJ54AaABAg,@ItachiUchiha_.,When they get into it. He gone go in his room and blast Kendrick 😭,19,2,2024-05-05T17:14:36Z,2024-05-05T17:14:36Z
UgyDPSnyWX1hUZZ68mp4AaABAg,@justbeingmarci,he's a straight savage,1,0,2025-01-16T18:48:56Z,2025-01-16T18:48:56Z
Ugx7Yqw0Horuz2sx2IB4AaABAg,@CoachOlivia,This is geting WAY too personal now,17,3,2024-05-04T08:30:24Z,2024-05-04T08:30:24Z
UgxLucgWX_5sV1oB3ud4AaABAg,@dozymostly,"bruh kendrick won, drakes song was ass i'm laughing my ass off listening to kendrick's lyrics cuz it's brutal 😭😭😭",206,15,2024-05-04T07:13:17Z,2024-05-04T07:13:17Z
UgxMYlojjP94EPP8L7J4AaABAg,@adamnouh3123,"chelsea vs barca
BIGGEST ROBERY",1,0,2025-06-19T21:11:41Z,2025-06-19T21:11:41Z
Ugxgd7zkqQAdkmiZXXF4AaABAg,@preciousxore,"He is making a SOUL
Streamers seeing he dropped they were in SHOCK 
the MEET THE GRAHAMS
*dead beat*",1,0,2025-05-10T23:04:09Z,2025-05-10T23:04:09Z
UgzzcvaoVYkmYTMrthJ4AaABAg,@byejaye,"Came back in 2026 and realizing this is a passive aggressive intervention played in the key of A-minor is completely blowing my mind. Makes you think when you are comfortable as a artist to assume the position at the top even if you like kendrick or not you have to see there is levels of talent you need to surpass to confidently say that and this is a clear example of what it takes to secure that spot its not just about lyrics, a beat, or flow there is many other components in that pot.",0,0,2026-09-17T00:19:37Z,2026-09-17T00:19:37Z
Ugyg4Qn5FIXcdixWVN94AaABAg,@WayToFried,CHILLS BRO CHILLS🔥,1,0,2025-02-12T07:28:29Z,2025-02-12T07:28:29Z
UgzE2v091tWI3c_AMQp4AaABAg,@xd_razer0217,"Man i still feel for the hidden daughter, idk if she's real but the way kendrick is talking to her here like he's almost about to cry I think it's might be true, and unlike adonis she's still not gotten justice, poor girl",1,0,2026-05-16T13:03:32Z,2026-05-16T13:03:32Z
Ugzi0iM2tuj-T2krRq14AaABAg,@bossjihyo2276,This is what annihilation sounds like,2,0,2025-01-28T05:55:25Z,2025-01-28T05:55:25Z
UgzthwsQpj8TFd-96il4AaABAg,@Harmony-r5y9l,4:32 i was in shock,1,0,2025-05-25T18:56:49Z,2025-05-25T18:56:49Z
UgwFiy2ng2YbsgxfV3d4AaABAg,@SofiaSexton,Im speechless this is so good,1,0,2025-07-01T20:34:48Z,2025-07-01T20:34:48Z
Ugz7ntu_24QJHmag4A14AaABAg,@Luleko-c5e9f,I don't know how drake survived after this 😂,8,1,2025-08-23T18:13:37Z,2025-08-23T18:13:37Z
UgweToWxkpILCytkHP94AaABAg,@heyjellybean,just 🥶🥶🥶🥶🥶 kdots just elite tier.,2,0,2025-02-09T17:01:40Z,2025-02-09T17:01:40Z
UgyU0cxBJGmEV7a5JTF4AaABAg,@HunterMoodie-f4q,Nah this was devious 💀💀,1,0,2025-01-21T07:27:07Z,2025-01-21T07:27:07Z
UgxK6v7q0krd4aoLCL14AaABAg,@godlovesdesanta17,😮 speechless leave Kendrick alone please 🙏🏽,1,0,2025-10-05T03:22:03Z,2025-10-05T03:22:03Z
Ugz14-JqCtvEzIuIX6t4AaABAg,@POVCinema-z3n,Literal chills never cried so hard over a rap song ❤❤,1,0,2025-03-17T08:53:41Z,2025-03-17T08:53:41Z
UgzAMok9K0l-PRl6QxN4AaABAg,@cygnusxar,2:38 he wasnt just talking about drake here....,2,0,2026-03-12T13:50:52Z,2026-03-12T13:50:52Z
UgzuGQ4BLaM3q8pDqJh4AaABAg,@ChezWithBurger,Drogba theme song,2,0,2025-06-13T05:44:29Z,2025-06-13T05:44:29Z
UgxPFZSd6tdneKvp_sZ4AaABAg,@WandaRuth,"As a survivor of CSA who also had to fight to escape an ex who was also a freak and a weirdo of THAT sort...Kendrick, your music has been so profoundly healing. ❤",0,0,2025-05-24T01:23:13Z,2025-05-24T01:23:13Z
UgzEBYb_-IwzFgmqihF4AaABAg,@Alihanby.editer,Barca vs Chelsea 2009 music,5,0,2025-09-18T12:36:29Z,2025-09-18T12:36:29Z
Ugybv4qQI986yO12TWt4AaABAg,@JuLeStHeGuY123,Tbh better than not like us,2,0,2025-02-16T02:30:01Z,2025-02-16T02:30:01Z
Ugzl_s0WsRv_1IIrm0l4AaABAg,@mikaitency5717,Omg w kedrick bro,2,0,2025-11-11T18:03:31Z,2025-11-11T18:03:31Z
UgwyjI63Viz-Tsdu78p4AaABAg,@ZemelakZena,Egypt VS Argentina,3,0,2026-07-18T16:11:11Z,2026-07-18T16:11:11Z
UgxAbCpqntxGJ6epdlJ4AaABAg,@EL3CTRX-MAIN,Chelsea vs Barca 2009,2,0,2026-07-06T12:18:45Z,2026-07-06T12:18:45Z
UgxgY-Z_4PPqRiQqLqN4AaABAg,@Willahbean,This song is diabolical 😮,1,0,2025-02-21T01:28:18Z,2025-02-21T01:28:18Z
UgyFd_28hbXTlMujt6p4AaABAg,@Justin-xs2yo,"The lyrics, the message, the concept of writing letters to each family member, the beat, all make it a weapon of mass destruction 😮",0,0,2025-04-02T06:26:06Z,2025-04-02T06:26:06Z
UgxZNQkAfqJzHStQ_KJ4AaABAg,@PBar-o6u,Ahhhhhhhh i fucking love Kendrick more n more everyday 🎉🎉🎉🎉🎉🎉,1,0,2025-04-01T00:09:12Z,2025-04-01T00:09:12Z
UgwV_vYKSKuPPVLmRR54AaABAg,@YourworstNightmare-d6s,This goes hardd,0,0,2025-05-28T03:06:20Z,2025-05-28T03:06:20Z
Ugwvpki0mtUuxRysKfl4AaABAg,@Lostboyradio333,The beard line went crazy tho 🔥,1,0,2025-03-21T20:51:00Z,2025-03-21T20:51:00Z
Ugzjbw_hueaF68HhrZB4AaABAg,@Gasperthewise,Best lyrics in a rap battle ever,0,0,2026-05-02T03:40:31Z,2026-05-02T03:40:31Z
UgwvjxxW__vA0vBRKHl4AaABAg,@MessiahChristian,4:48 I know that drake is Aubrey,4,0,2025-07-04T05:26:54Z,2025-07-04T05:26:54Z
Ugz6AR5oApRrWLbbOht4AaABAg,@judy8292,Wow,3,0,2025-02-24T20:06:26Z,2025-02-24T20:06:26Z
UgzXlFTv30A6qIAo-c54AaABAg,@AjWash-c8y,You gave birth to a master manipulator w euphoria reference 1:50 1:45,1,0,2026-05-13T00:02:54Z,2026-05-13T00:02:54Z
Ugy242ckn3A2eg_fAxd4AaABAg,@RENGOKUKYOJURO-h4l,REAL VARDRID PRIME,2,0,2025-04-27T18:34:50Z,2025-04-27T18:34:50Z
UgzbATYM9vV-orMmS654AaABAg,@diyanali4723,when kendrick made this song i think he had a quill in one hand and a gun in the other,5,1,2025-02-27T18:39:41Z,2025-02-27T18:39:41Z
UgyZRbkSRgNood4jA2V4AaABAg,@EusebioRamos-f5v,Como se sintio españa cuando le anularon el gol contra argentina,3,0,2026-07-19T21:41:07Z,2026-07-19T21:41:07Z
Ugxz-2aCNDoqUJ4b_kR4AaABAg,@CerealKiller1470,GAME OVER!!!,1,0,2025-02-11T21:17:09Z,2025-02-11T21:17:09Z
UgxBMzc__c0m1-0CGSB4AaABAg,@mcjr_inmylabgroup144,Well it's starting to look like Dot wasn't 🧢 about the daughter. This is the best diss song of all time!!!,1,0,2025-08-22T20:11:08Z,2025-08-22T20:11:08Z
Ugz2iio63NQzGE5J0iN4AaABAg,@samuelteshager,Fuck a rap battle its a long life battle with yourself.,1,0,2025-04-11T17:09:47Z,2025-04-11T17:09:47Z
UgzZ_os0u4UQUx-RpX54AaABAg,@SweteCookeez,Damn... this is brutal!,1,0,2025-03-15T21:52:19Z,2025-03-15T21:52:19Z
UgwtMobXO44dimUKfMp4AaABAg,@eliohannoun10,Who is here from the chelsea vs barca edit,1,0,2026-08-15T14:15:09Z,2026-08-15T14:15:09Z
UgydONMG5HhWnif1Eoh4AaABAg,@AyhanMustafazade-b5p,04:29 SOOO GOOD,1,0,2026-07-14T14:52:35Z,2026-07-14T14:52:35Z
UgyLblt_FxNXPO2ONSJ4AaABAg,@joyformal,Pov:that one Chelsea vs Barcelona 2009 match,2,0,2025-04-12T09:45:43Z,2025-04-12T09:45:43Z
UgzeayXRXm-jyNu7n514AaABAg,@bluesrike,"Tupac: Hit 'Em Up

K-Dot: Meet The Grahams",1,0,2025-04-11T12:16:58Z,2025-04-11T12:16:58Z
UgxytE7wVOcJ_56qraZ4AaABAg,@Dirgoenmanuelmestayerprado1453,4:29 is crazy,1,0,2025-04-15T16:38:22Z,2025-04-15T16:38:22Z
Ugy9VrW8X0_sJUGM6oV4AaABAg,@Ayan-m3i4h,bros coming for the whole blood line😂,1,0,2025-11-19T00:50:34Z,2025-11-19T00:50:34Z
UgyBbyg0DuAATszb2354AaABAg,@SparkySparks-b5o3u,Well done 👏 talking solves everything mr.morale 👏,0,0,2026-03-29T21:31:12Z,2026-03-29T21:31:12Z
UgwHBjxvvLYR26J-Iox4AaABAg,@JalapeñoSandwich87,This is absolutely one of the best diss songs I’ve ever heard. GAAA DAMNNNNN .,0,0,2025-05-26T19:00:02Z,2025-05-26T19:00:02Z
Ugz24eaUY-jaTGYLL994AaABAg,@bubbypixels9584,2:36 he tried to warn us,3,1,2026-04-25T23:38:03Z,2026-04-25T23:38:03Z
UgyzQO2T-NxyUm4PNjF4AaABAg,@sifonjer5271,🔥🔥🔥🔥🔥🔥,1,0,2025-07-27T20:38:19Z,2025-07-27T20:38:19Z
UgyIeDcBeYkFhEji9SR4AaABAg,@DeaconBlessed,Just Sick 💯💯💯💯,0,0,2025-06-26T04:23:40Z,2025-06-26T04:23:40Z
UgzPu3EAQpdrdHjOhjN4AaABAg,@igor_Musikkiin,Dear Aubrey,1,0,2025-07-04T15:02:48Z,2025-07-04T15:02:48Z
Ugyq37-iIPUsRL6jmZ14AaABAg,@juanhernandez-ol1ou,the nerve of you Dennis!!,1,0,2025-08-22T21:38:05Z,2025-08-22T21:38:05Z
UgzOeF8mYHMxFMbNjvV4AaABAg,@JerryBarnes-f7y4w,Why TF would he speak straight to the soul on this,1,0,2026-05-03T01:42:04Z,2026-05-03T01:42:04Z
Ugy_ASuLO3XCSB3J0Tp4AaABAg,@hello987-p4m,Better then not like us!!! Needs a grammy 2:17,4,0,2025-04-02T06:31:57Z,2025-04-02T06:31:57Z
Ugxv1O9a3Vcx0siBjgB4AaABAg,@alishabazz7431,This is the best one. Not like us was more for popular culture.,5,2,2025-01-23T03:03:20Z,2025-01-23T03:03:20Z
UgwKtykyO1GfhQeonT14AaABAg,@Freizaxx,im so glad to be alive in an era where disses get to this point,0,0,2025-02-21T12:53:42Z,2025-02-21T12:53:42Z
Ugy3tdVnt03ALka7eIN4AaABAg,@dondutetik8631,2009 Chelsea,2,0,2025-06-08T21:14:55Z,2025-06-08T21:14:55Z
UgymjVUOcZFuqyLeKeR4AaABAg,@nurasyl11-b7y,Real 2017,1,0,2025-04-26T11:51:30Z,2025-04-26T11:51:30Z
UgyPeBuWAqISaJlFewh4AaABAg,@I_love_eminem_sm,Gotta be the best dis track in rap history,1,0,2026-08-11T22:19:38Z,2026-08-11T22:19:38Z
Ugw6LP5EJpSeOsopcsR4AaABAg,@BellaBateman-t9s,Damn dude ❤😂,0,0,2025-04-02T22:44:51Z,2025-04-02T22:44:51Z
Ugzs5_s2twRB4ySl-ih4AaABAg,@JustaBMWfan,Barcelona vs Chelsea 2008-2009,1,0,2025-12-30T19:13:07Z,2025-12-30T19:13:07Z
UgyVVQp28HumsGsKdE14AaABAg,@Seerpowerr,This so deep lock them up,1,0,2026-01-22T11:35:51Z,2026-01-22T11:35:51Z
Ugzo4KsBXGdYXp_aQ-94AaABAg,@EdmondBunjaku4BFredsdalsskolan,mee the greahams,0,0,2026-03-26T11:54:42Z,2026-03-26T11:54:42Z
UgwuAsV54nmEIm6afeV4AaABAg,@lulu-jx5gr,Wow like wow .,1,0,2025-02-11T16:39:14Z,2025-02-11T16:39:14Z
UgyY-JfAsbDomKezAlV4AaABAg,@AquariusInsomniac,Kendrick still winning. Credits to Pusha T for starting this Trainwreck about Drakes life and how he treated his baby moms and son.,2,0,2025-02-14T07:38:20Z,2025-02-14T07:38:20Z
UgxhIod2W7SLWI92SD14AaABAg,@harrienelle6471,That ominous piano-line...Drake's nightmare fuel.,1,0,2025-02-02T09:39:35Z,2025-02-02T09:39:35Z
UgyLz0H1g6Z_bO6lMfZ4AaABAg,@oliversantiagosm,Barcelona vs Chelsea 2009 semifinals (lap),1,0,2026-05-05T20:00:18Z,2026-05-05T20:00:18Z
Ugx91XcjS80ev2yaWbp4AaABAg,@FifeAvenue,Drake must hate the month of May. Both the Story of Adidon and 6:16 in LA & Meet the Grahams dropped in May.,2,0,2025-12-28T04:33:24Z,2025-12-28T04:33:24Z
UgyVkpHx386j0fPt0hB4AaABAg,@user-Shorts10809,Bacelona VS Chelsea😂,1,0,2025-08-20T09:20:32Z,2025-08-20T09:20:32Z
Ugz7x2zLVpQY2UrviK94AaABAg,@YoshiCrosshy,"It feels like Kendrick wrote this not just for beef, but for pure hate...",1,0,2026-06-16T06:38:11Z,2026-06-16T06:38:11Z
UgxTew5oExuwd3M3ycV4AaABAg,@bentommy-fc1cr,being an uncle now this resonates with me now,1,0,2025-06-15T03:57:40Z,2025-06-15T03:57:40Z
UgxRqNJlzlrxRuhSyjh4AaABAg,@danversfn,first thing i listen to in the morning and last thing i listen to in the night time,1,0,2025-02-27T20:19:55Z,2025-02-27T20:19:55Z
UgwdujQ_RKdeeI4hV4N4AaABAg,@EmmaReacts-o9b,Calling them out! I love it.,0,0,2025-02-23T14:40:50Z,2025-02-23T14:40:50Z
Ugxha6RzLNMWbeJBGY94AaABAg,@Kuxey244,Chelsea - Barcelona 2009,2,0,2025-07-20T19:23:46Z,2025-07-20T19:23:46Z
Ugx1VdHSDMLbm_z-2ZN4AaABAg,@MayraLui-qt5hi,Egipto argentina,2,0,2026-07-17T16:56:31Z,2026-07-17T16:56:31Z
UgwWiDuBjh9xkZbLEUV4AaABAg,@samuelteshager,Identity is on the fence,1,0,2025-04-11T17:06:43Z,2025-04-11T17:06:43Z
UgyRjB-rqgbZGn0isQd4AaABAg,@WYPER2912,My best ever❤,1,0,2025-02-09T21:19:35Z,2025-02-09T21:19:35Z
UgzZL2bXUr2zF5ZhX014AaABAg,@SAMUEL5512-u,chelsea vs barcelona 2009,2,0,2025-05-07T01:05:20Z,2025-05-07T01:05:20Z
UgwqwrHhZyyA-GUesBx4AaABAg,@slav7221,its crazy reflecting back on this beef. They said Kendrick only drop lame records and not diss songs like Drake did given drake is all melody so then kendrick drops they not like us and wins 6 Grammys lol,5,1,2025-03-06T07:06:23Z,2025-03-06T07:06:23Z
UgwyJmeuLwzvKjpVy_54AaABAg,@keahgibbs9044,Damn,1,0,2025-04-11T12:11:07Z,2025-04-11T12:11:07Z
Ugy0KOlG1XvBaGbSczJ4AaABAg,@T2sweety,4:26 The best part,1,0,2025-07-03T18:48:50Z,2025-07-03T18:48:50Z
UgzTV72xmFFaGRTjsSd4AaABAg,@helpsmallcreators-u7f,"If Drake didn't cry after this, I'll cry for him",1,0,2025-04-21T21:58:47Z,2025-04-21T21:58:47Z
UgyED2e7XTff47YMx5F4AaABAg,@Chaine-alpha,Am i the only one who sees Drogba every time I listen to this song ?,3,1,2026-07-07T20:05:15Z,2026-07-07T20:05:15Z
UgzwUogVQHW9bISiQHV4AaABAg,@MiladKhalil-d3i,Chelsea vs Barcelona 2009,2,0,2025-06-08T17:00:21Z,2025-06-08T17:00:21Z
UgyCAJoYfnav2zU_DyZ4AaABAg,@Filipowy1.h,Barcelona 2009,2,0,2025-07-07T14:12:08Z,2025-07-07T14:12:08Z
UgzuT0Pf_xXJdkIDQHd4AaABAg,@kerimhrbinic6828,Argentina Vs everyone in this world cup,1,0,2026-07-16T14:20:42Z,2026-07-16T14:20:42Z
UgzhplcoBK420mG-40l4AaABAg,@svyatkoivanovchuk1337,Drogba moment,2,0,2025-07-05T15:44:47Z,2025-07-05T15:44:47Z
Ugx-Oa1EkbmRFINqeXx4AaABAg,@moonnstar-m8j,happy to say i was alive when this beef was going on,1,0,2025-03-08T21:07:53Z,2025-03-08T21:07:53Z
Ugwb9Iojk9W4fucCFZR4AaABAg,@thabompofu6630,Nah Dot is wicked 😭,1,0,2026-01-30T17:09:26Z,2026-01-30T17:09:26Z
UgwpwWmf9pxlX69ffZ14AaABAg,@OzMrrainoddbig111,❤,1,0,2025-08-18T16:33:49Z,2025-08-18T16:33:49Z
UgyClXFKifrI-Bcbdb94AaABAg,@Yaske_alayon,"2009. Barça vs Chelsea, solo digo eso.",1,0,2025-07-19T15:06:47Z,2025-07-19T15:06:47Z
Ugyb0R10C37xD4TTr4d4AaABAg,@REPUBLICANSAREBEYONDSTUPID,Ok this one has officially replaced Takeover as the absolute number one diss song ever.  And I don’t even like rap like that.  But yeah this is number one.  Hands down.,2,0,2025-03-13T19:20:11Z,2025-03-13T19:20:11Z
Ugzb4E_1qz17XE9NEpd4AaABAg,@GhostXVll,Closed his Heavens for the Hell of it.,0,0,2026-09-16T20:19:42Z,2026-09-16T20:19:42Z
UgwwiAd0Qyv2Q_m-RTZ4AaABAg,@OdinsRavensClan3227,Chelsea vs barcelona 2009☠️,1,0,2025-05-19T18:01:26Z,2025-05-19T18:01:26Z
UgyA6F8YQ8d33fF5RrR4AaABAg,@Jayo4987,I didnt even know this wqw an Alchemist beat now that I DO know that! This hurts ans sting even mo!!!!!,1,0,2025-10-07T05:49:32Z,2025-10-07T05:49:32Z
UgxtsB0Z1eEEg9HAdwp4AaABAg,@naiveideen1638,amazing idea to put full screen video links over the lyrics im trying to read.,0,0,2025-04-02T23:13:04Z,2025-04-02T23:13:04Z
Ugy5uLkcMsxy9kD_9JR4AaABAg,@wojtixsigma,Chelsea - FC Barcelona 2009 match own this song,2,0,2025-05-02T20:38:58Z,2025-05-02T20:38:58Z
Ugw-Q4QLVTlga2MispR4AaABAg,@superbasement4.567,"I don't like new rap music, I stopped in 2004-2006 but then I enjoyed Odd Future stuff in 2011, and today I discovered this song in a edit of how FIFA, UEFA, and football industry are rigged and i like it, it's so good ! 
So according to these lyrics Kendrick is not one of them, this man didn't sold his soul right ? 
Any recommendation similar track to this.",2,0,2025-01-20T21:59:06Z,2025-01-20T21:59:06Z
UgxUlLsGaQEKDqn5b_d4AaABAg,@badv9319,This song is not just about drake but dedicated to all deadbeat fathers out there,6,1,2025-02-12T03:37:05Z,2025-02-12T03:37:05Z
Ugyjtz7ZWSX42cu2CRZ4AaABAg,@Lettmesee420,Holy shit…. I hope I can become a legend as well… story telling is more good for the brain… can’t believe I haven’t heard this till now… the beat through me off but even with the beat and the lyrics it all makes sense… Kendrick has a blessing! He’s using it right!,1,0,2025-06-22T19:51:25Z,2025-06-22T19:51:25Z
UgzTXD7WdAf1EEHDRQd4AaABAg,@BeeLoved91_2,4:25 Chelsea Vs Barcelona 2009 match:,1,0,2025-05-12T21:48:26Z,2025-05-12T21:48:26Z
Ugysj3VfjHHEwaX0dGR4AaABAg,@linul3675,4:31 lo que buscaban gente,2,0,2025-05-23T22:07:20Z,2025-05-23T22:07:20Z
Ugx4PC9gIItAx2YzbHd4AaABAg,@Qtr_qtr12,England vs Argentina,2,0,2026-07-16T07:30:07Z,2026-07-16T07:30:07Z
UgxCa1RFY3Pi-QotDIx4AaABAg,@ItzaeMateo,Best diss ever❤❤❤❤❤❤,2,1,2025-04-06T20:41:00Z,2025-04-06T20:41:00Z
UgzWfXl7GKTlJisbHoF4AaABAg,@globodetexto51decantiago,la cancion de todos los atracos del madrid,1,0,2026-02-01T14:55:33Z,2026-02-01T14:55:33Z
Ugz53c7O9zneBDMtNhp4AaABAg,@geniusonearthgoodfortune888,This is poetry. 🌵,0,0,2025-01-25T08:22:52Z,2025-01-25T08:22:52Z
UgxATFmEoJbXzzo5_UV4AaABAg,@JakobLouis-p3t,A year later and it still hurts! Sheesh!!!!! Joe Budden was right this ninja is a psychopath!!! Sheesh,1,0,2025-10-23T07:37:44Z,2025-10-23T07:37:44Z
UgxFyYrk999mk8_ozz14AaABAg,@OsmarRodríguez-b4g,Barcelona vs Chelsea 2009.,1,0,2025-04-28T20:49:57Z,2025-04-28T20:49:57Z
Ugyfgek88-7sju5h_PV4AaABAg,@HowardPervall,This song is over the top diabolical I love it 😂😂😂,1,0,2026-01-18T03:20:52Z,2026-01-18T03:20:52Z
Ugwx3ZcLEP06eK9EpCN4AaABAg,@Patatudoo,Barça vs chelsea ahh song,1,0,2025-05-02T01:04:12Z,2025-05-02T01:04:12Z
UgyLlgu4N3eC9oSaeaZ4AaABAg,@stackywarbucks,This song will forever haunt Drake soul 😂,1,0,2025-10-11T23:41:20Z,2025-10-11T23:41:20Z
Ugw3REqbVwlOyZR6-dB4AaABAg,@Mark-e6k4h,2009 Barcelona VS Chelsea,1,0,2025-04-17T11:48:27Z,2025-04-17T11:48:27Z
UgzANiy_7LRJe626GmZ4AaABAg,@juicyjuicee1658,This is no longer a diss track.... It turned into a murder track 😮,0,0,2026-02-26T21:28:19Z,2026-02-26T21:28:19Z
Ugy1zy3Auz4_8zlOKPd4AaABAg,@p.t.politic.8511,He was on beat the whole time to such a simple beat…just picking Drake corpse apart. Too villainous 🥶 ✊🏾 💫,0,0,2026-03-26T13:59:28Z,2026-03-26T13:59:28Z
UgyuOhpdnVQ09BfS_5R4AaABAg,@kylebrown9655,This my favorite Kendrick diss track on the Drake Diss List no cap,1,0,2025-03-13T18:02:02Z,2025-03-13T18:02:02Z
UgyZIo8LbRtYDNx86Y14AaABAg,@tckkiq,THIS IS CRAZY,0,0,2025-02-16T06:43:48Z,2025-02-16T06:43:48Z
Ugz7HBjFZKJSoelElDh4AaABAg,@gypsyfox3285,2:11. Got chills.,2,0,2025-02-14T11:35:43Z,2025-02-14T11:35:43Z
UgzYJBaHfeuOKETPOvJ4AaABAg,@eltrolaso,barcelona-chelsea 2009,1,0,2025-05-10T03:02:31Z,2025-05-10T03:02:31Z
UgzerwLkfL33g9ojIqV4AaABAg,@susanbvopfo4635,Damn this hits hard😮😮😮😮😮😮😮,0,0,2025-06-30T12:40:53Z,2025-06-30T12:40:53Z
UgzI3lWv0PtUEqcP1Ud4AaABAg,@horiapop5391,It’s beotifulll,0,0,2026-07-18T17:44:54Z,2026-07-18T17:44:54Z
UgxyynJqqXSNRhuxTYR4AaABAg,@karimbenzema211,Chelsea v Barca ahh song,1,0,2025-05-27T09:28:33Z,2025-05-27T09:28:33Z
UgxvhqRIp4v-d5i8XUp4AaABAg,@MileyThompson-w8n,the way his voice softens when he introduces the baby girl,0,0,2025-04-02T13:29:33Z,2025-04-02T13:29:33Z
Ugz7_PSD9pljHKHzpWJ4AaABAg,@nishannnnnnn,moment when vinn dih realise,0,0,2026-09-08T05:40:16Z,2026-09-08T05:40:16Z
Ugzev7Bv898wr5xiZOB4AaABAg,@WesliKume,This is for barcelona fans robbery,1,0,2025-04-27T12:01:22Z,2025-04-27T12:01:22Z
UgzW63eZ_ySA32iTUIZ4AaABAg,@Yeray-cz5uj,4:32 is the moment,1,0,2025-08-30T20:55:06Z,2025-08-30T20:55:06Z
Ugwm9-zXIT_Fa4B9Cex4AaABAg,@Unmutedentt,"No kids in 2025 but, at 33 this made me a better parent!!!",1,0,2025-02-11T05:48:06Z,2025-02-11T05:48:06Z
UgxwboPmuMcV6THWYlN4AaABAg,@Shannon-f5s,"Listening in 2026 and I’ll never understand how drake survived this one. It’s a true public execution 🥀 , the man got the world together with drakes family up front- protected the kids while addressing both of them individually without a touch of anger, turned to hand the  most important and brutal truth to his parents & ended drake while supporting the guy!! 
I’ll never move past it, hits me deeper each time. Drake is totally delusional to ever speak out again. 💯 

Age of 30 I’ll say 100% not one artist has EVER gone this deep. Dot done it with pride and dignity too. 👑 🗣️ 
I for one, would’ve ended my own shit as soon as he said “and a fucking deadbeat that should never see more life.” 
🪦🥀🖤⚡️",1,0,2026-02-22T03:03:08Z,2026-02-22T05:20:27Z
UgxfYCZKMQhE-3bcIpR4AaABAg,@louisewager4814,i love the beat drop,0,0,2025-04-05T11:01:20Z,2025-04-05T11:01:20Z
UgzOSvrnE866fXkTtwZ4AaABAg,@KREZ--99,4:31 🙅🙅drogba meet the grahams,1,0,2025-05-24T12:22:38Z,2025-05-24T12:22:38Z
UgwjPrFeLoFHUJ6n4u14AaABAg,@joannamalsbury2299,"Who's here in 2026 after this latest drop of the files?

K-Dot has been telling us for a long time. Pay attention.",1,0,2026-02-16T16:01:57Z,2026-02-16T16:01:57Z
Ugz_rSlL17s1jfs4ziJ4AaABAg,@deana6072,Could have been the worse song in the beef but not like us exists 😔,2,0,2025-05-04T14:57:40Z,2025-05-04T14:57:40Z
UgwBIIeApjPohwdwB1h4AaABAg,@Josip78,Barcelona vs Chelsea 2009,1,0,2025-05-19T13:00:12Z,2025-05-19T13:00:12Z
UgxHzzdxlV04bQP7qlZ4AaABAg,@mamon9558,Thats corney can’t lie 😂😂😂😂😂,1,0,2025-10-12T12:04:00Z,2025-10-12T12:04:00Z
UgxmQKtwOQLOAJRBqqN4AaABAg,@1920Tri,Who is here after the Brugge 2-1 Atalanta match???,2,0,2025-02-14T05:59:47Z,2025-02-14T05:59:47Z
UgyLLTNBLMnT5eXtItl4AaABAg,@britxcxeon,Year later I felt pulled to listen to this again.,0,0,2025-05-04T02:42:16Z,2025-05-04T02:42:16Z
UgxTf-hkQTO2rv4a20N4AaABAg,@neelamyadav2282,Still gives me goosebumps 🫨,0,0,2025-06-15T17:57:08Z,2025-06-15T17:57:08Z
Ugx7QFcOOwAjKTLlDq14AaABAg,@Usssplaypoints,spain vs argentina,2,0,2026-07-24T17:59:40Z,2026-07-24T17:59:40Z
UgwbhKNoFFmr1s0ueNp4AaABAg,@ishowabdull,Barcelona vs Chelsea 2009,1,0,2025-07-11T09:15:07Z,2025-07-11T09:15:07Z
UgxsndBDD0zRsjv1Jad4AaABAg,@iamtrehart,This is a extermination 😂,1,0,2025-01-23T05:25:36Z,2025-01-23T05:25:36Z
UgzsSx5vKKDzehIOuBF4AaABAg,@LeovivaelMadrid,Chelsea barcelona 2009,1,0,2026-01-19T11:29:01Z,2026-01-19T11:29:01Z
Ugw98QepzC4udK1uJAR4AaABAg,@soyBeanHasAnOpinion9467,"This shit made me emotional, wtf ? When he was talking to drake's daughter, I almost teared up. Kendrik is an ARTIST",0,0,2026-05-11T18:16:24Z,2026-05-11T18:16:24Z
Ugw_ga9YB3JOajOt2754AaABAg,@ElvisMontealegre,Freda vs daniel,1,0,2025-01-17T02:52:52Z,2025-01-17T02:52:52Z
Ugyh0I4XmxGaDVyjBit4AaABAg,@skatinwhenican,Had to absorb this again.,1,0,2025-06-25T10:29:50Z,2025-06-25T10:29:50Z
UgzeWthtyiTwOyO7OgB4AaABAg,@Vytorxsofficialxd,Drogba,7,0,2025-05-22T03:26:25Z,2025-05-22T03:26:25Z
Ugww7wCYbtKAFq8W93d4AaABAg,@mahathirmdramlay6476,I'm not even Kendrick fan barely listening to his song but this shit NASTY like I don't even know what I've done but I'm sorry and shaking,0,0,2026-02-24T14:59:45Z,2026-02-24T14:59:45Z
UgxhKZCKn7CJ5aYS_NF4AaABAg,@mashis7299,Oh my god❤❤,0,0,2025-04-02T03:37:07Z,2025-04-02T03:37:07Z
Ugxw4UiagObsspxgFWN4AaABAg,@kerimhrbinic6828,UEFA MAFIA,1,0,2025-05-23T12:19:23Z,2025-05-23T12:19:23Z
UgztQCXatboFrLK7twB4AaABAg,@IlyesAmmar-mh3ly,Inter vs barca right now,2,0,2025-05-06T19:53:17Z,2025-05-06T19:53:17Z
UgwTfFa1-oQUoH-KboZ4AaABAg,@angeljaniel1149,Didier Drogba 😢,1,0,2025-05-27T21:20:33Z,2025-05-27T21:20:33Z
Ugxv4eBXxsr8O3bc8U54AaABAg,@NeymarMairena-f7r,El robo de Barcelona,1,0,2025-07-11T00:23:54Z,2025-07-11T00:23:54Z
UgzEgshMkKmmjyMB9td4AaABAg,@ThetSSC,The first sentence already broke me. 💀,0,0,2025-02-07T14:13:49Z,2025-02-07T14:13:49Z
UgzgMOL_jlpkWThpTN54AaABAg,@Nuvv09,Barcelona vs Chelsea 2009,1,0,2025-05-11T18:45:51Z,2025-05-11T18:45:51Z
UgzNdr6FVWr2vTxFBol4AaABAg,@condemnedcat1513,2:08 💯,2,0,2025-02-27T06:28:55Z,2025-02-27T06:28:55Z
UgzUSbc4c6jZH-REgkh4AaABAg,@keahgibbs9044,Drake might shit his pants😂😂😂😂😂😂,1,0,2025-04-11T12:08:38Z,2025-04-11T12:08:38Z
UgwAMBaGhkQKaslkj994AaABAg,@demetroiuspm.122,For ppl saying Kendrick lied about drake having a daughter 6:10,6,1,2025-02-21T15:22:42Z,2025-02-21T15:23:42Z
Ugw_6OAJmdZx5RXyRLx4AaABAg,@1Renee1,"Damn, just damn",1,0,2025-08-07T13:32:26Z,2025-08-07T13:32:26Z
UgwKpafVyidnyCVWIcd4AaABAg,@RIVER_-fq7xn,Real Madrid - Juventus 2018 song,1,0,2025-05-03T20:34:37Z,2025-05-03T20:34:37Z
UgyRkp9-PshyiWMaBxt4AaABAg,@RHk_15-l1r,pedri bro??? 11  eso es mas que un robo,1,0,2025-09-23T01:00:21Z,2025-09-23T01:00:21Z
Ugzt2V8Ht70knFEE19t4AaABAg,@AdamNaarani,I remembered that edit on the Barcelona and Chelsea match 😂😂,0,0,2025-01-16T18:42:30Z,2025-01-16T18:43:12Z
UgxdoRGWDCLGHJm2rYV4AaABAg,@nothankyou2949,"Came here after a while and I kinda forgot how it was, I heard ""dear Adonis"" and everything came back",0,0,2025-09-16T06:08:02Z,2025-09-16T06:08:02Z
Ugym5MkhhYrl4CMlxwp4AaABAg,@Vicki-vd9xx,The start😮,0,0,2025-04-17T21:01:42Z,2025-04-17T21:01:42Z
UgxZBeyFnlphGJRaaJx4AaABAg,@desislavapetrova6654,The best reverse in uno bro,0,0,2025-05-02T14:12:31Z,2025-05-02T14:12:31Z
Ugx37xxmBw3ZMXOedJp4AaABAg,@sagej-d2i,The sum up of this song is don't mess with kendrick cuz DAMNNN this song still gives me chills every time I listen!!,0,0,2025-10-28T02:01:22Z,2025-10-28T02:01:22Z
UgyUMOA9GNpbP2EQMLF4AaABAg,@ÑopJuegaaa,BARCELONA VS CHELSEA 🗣🗣,1,0,2025-05-10T00:26:50Z,2025-05-10T00:26:50Z
UgzX8ckNIqNlP2qzt1l4AaABAg,@Lester-y3r,Y  empezo a sonar 😢,1,0,2025-05-28T01:55:42Z,2025-05-28T01:55:42Z
Ugwx37IHG0YJq-anicN4AaABAg,@heyhelloimsorry,"one apology away from ""Dear Jeremiah""",0,0,2026-01-02T21:40:51Z,2026-01-02T21:40:51Z
Ugz0fiMwTTEtkzRiJm94AaABAg,@Matt1Million,meet the grahams type of timing,0,0,2026-06-15T16:50:13Z,2026-06-15T16:50:13Z
Ugz__o_PzXQ__WtyBDd4AaABAg,@youssefbouamar262,Absolute cinema,0,0,2025-08-05T02:14:42Z,2025-08-05T02:14:42Z
UgxZymwUVYH_PGNN0994AaABAg,@Mar0x-22,4:30 is the best like if you agree,4,0,2025-01-30T18:16:55Z,2025-01-30T18:16:55Z
Ugwq5HT7I9h1X-RNtch4AaABAg,@nebojsarakic212,Barca Vs Chelsea 2009,1,0,2025-05-16T16:43:10Z,2025-05-16T16:43:10Z
UgzjZKnsqwMXx9GZ3oZ4AaABAg,@phaerie_interupted,"Drake fans will talk about how much Kendrick referenced Drake's ""tough boi"" work and make it seem like the only reason Kendrick called him out for the pedophile is because Drake spoke about his shoe size or whatever . But if you've ever known something about someone and that someone is ugly then they are going to run you down until you shut up.
Drake really fucking thought he could pull that on a talented and well loved artist,though. Pathetic.",2,0,2026-02-06T02:56:54Z,2026-02-06T02:58:58Z
UgwsRw3rGG4xddRcOfx4AaABAg,@nolannalon6437,Therapy session from Dr. Lamar,1,0,2025-06-27T10:56:17Z,2025-06-27T10:56:17Z
UgwyUUgMdKXkEFIc_BB4AaABAg,@adamMostafa-h9m,ARGENTINE VS EGYPT FRR,1,0,2026-07-24T05:09:13Z,2026-07-24T05:09:13Z
UgwU7bsapj1ZnVPWyMF4AaABAg,@BEN-zl4rc,Barsa mafia,1,0,2025-05-27T20:50:07Z,2025-05-27T20:50:07Z
UgxCvvkcgpV2X9HZUFl4AaABAg,@Robin_Hood69,Kendrick went evil this is just nasty 😂😂,1,0,2025-01-15T17:30:40Z,2025-01-15T17:30:40Z
UgyR92vLDufoSaPaqld4AaABAg,@Ilovebarsa99,UEFA Mafia,2,0,2025-03-04T12:57:15Z,2025-03-04T12:57:15Z
Ugxhx_AZkZdQVOaFTWl4AaABAg,@Zinedine-un8sb,2080🎉😢,0,0,2025-09-30T13:09:30Z,2025-09-30T13:09:30Z
UgxRVyUqqQhOXTdFObJ4AaABAg,@AsadOlimov-c3k,2009 drogba😢,1,0,2025-08-05T11:49:59Z,2025-08-05T11:49:59Z
UgzcVMNPjl2Gy-wVjZd4AaABAg,@FandeBillyPelon,4:36  y  empezó a sonar perú vs venezuela,1,0,2025-05-25T17:51:28Z,2025-05-25T17:51:28Z
UgyPjjHDTjVczC6q9Sd4AaABAg,@DylanjesúsGutiérrez,"Chelsea vs VARarcelona 
            2006",1,0,2025-04-29T23:05:25Z,2025-04-29T23:05:25Z
UgyP9y8VVycGTtvgRc14AaABAg,@RamiyahDawson,I can’t believe this happened 10 months ago time flies,0,0,2025-03-28T14:49:25Z,2025-03-28T14:49:25Z
UgxWjUDrQisR5ce0sal4AaABAg,@Xanwia_19,Chelsea barcelona 2009,1,0,2025-09-02T21:28:25Z,2025-09-02T21:28:25Z
UgwWkUJp0KL75w2HHGx4AaABAg,@AbyssalExalt,We some sick individuals,0,0,2025-06-08T04:16:10Z,2025-06-08T04:16:10Z
UgwsVrcQrFesDsnQs8J4AaABAg,@vale_u_pazz,at the 4:33 i saw drogba,1,0,2025-05-21T05:30:14Z,2025-05-21T05:30:14Z
UgyJqtbQcxdxSg8-GaB4AaABAg,@RaffaeleFrancoDesogus,Chelsea Barcellona,1,0,2025-09-02T11:02:39Z,2025-09-02T11:02:39Z
UgybibYWD_zPvd3tmc54AaABAg,@nameless-cr1b,Kdot vs. Eminem. Taking all bets here,1,0,2025-03-31T03:32:02Z,2025-03-31T03:32:02Z
UgwP7hXB_9d_7LhpfaV4AaABAg,@Tyler-zo6sm,My jaw dropped the first time i heard this,0,0,2025-01-22T23:40:35Z,2025-01-22T23:40:35Z
UgwJHnMDZIrgM-bSkeR4AaABAg,@specialbreedsb78,THE NERVE OF YOU DENNIS!!!,2,1,2026-01-09T15:50:26Z,2026-01-09T15:50:26Z
UgxHxWLR28NnMOGceZl4AaABAg,@nas12345-h,England vs Argentina,1,0,2026-07-18T15:52:41Z,2026-07-18T15:52:41Z
UgxnSlOT2FA4GrZIEsR4AaABAg,@samitos371_oficial-fc,Hola❤,0,0,2025-12-12T21:58:25Z,2025-12-12T21:58:25Z
UgzAj2k0SjFIZbOAHvV4AaABAg,@LLICoolman,Dang crazy it's allready  a year,1,0,2025-07-07T04:36:34Z,2025-07-07T04:36:34Z
UgwwW0YWjG1jp83MKn54AaABAg,@Sakura-sp2ri,Good,0,1,2025-05-27T05:20:29Z,2025-05-27T05:20:29Z
UgyKVglNM0wbW4Jy3V14AaABAg,@AMRDELTA-r8d,"2026/7/7

Unfair 
🙁🙁",3,0,2026-07-08T16:41:00Z,2026-07-08T16:42:05Z
UgxwZztNJXjXZ3z9Ahx4AaABAg,@Tornadochaser6,omg drake should have never said something about his family,1,0,2026-05-02T17:26:00Z,2026-05-02T17:26:00Z
UgxfhpBO0Mm1SiiIGNZ4AaABAg,@danmount9462,My favorite Kendrick song is Meet the Grahams. It's too bad people can't meet Lindsey anymore.,0,0,2026-07-13T14:37:46Z,2026-07-13T14:37:46Z
Ugx-qOjyu6HVhZxpPhR4AaABAg,@menacefromennis,This is the best diss in the universe. Drake 😭😭😭😭😭😭😭😭😭😭😭😭 you brought this on to you r self. womp womp!,0,0,2025-04-13T03:03:34Z,2025-04-13T03:03:34Z
UgyTSvq8I-al66xiJm14AaABAg,@IzanFerrerberrio,Barça vs chelsea 2009,0,0,2025-06-14T18:15:48Z,2025-06-14T18:15:48Z
UgykQ0VRjE9e-l86DcZ4AaABAg,@BOBBYTHEGODDY,The anger in his voice says it all,0,0,2025-06-02T22:41:40Z,2025-06-02T22:41:40Z
UgxIQEqX9Y3j6v1xGv14AaABAg,@ronnimartin7033,Well...alrighty then!! 😬,1,0,2025-02-17T19:04:10Z,2025-02-17T19:04:10Z
UgzwuhNiPnUhYKpavtx4AaABAg,@fanb_military_vnzla,Barça 2009,1,0,2025-04-24T04:00:50Z,2025-04-24T04:00:50Z
UgzJFksOQCUsBTUWWh14AaABAg,@SzczesnyGK2-u9b,Poland vs Sweden 2026,2,0,2026-04-17T16:06:03Z,2026-04-17T16:06:03Z
Ugw08bCXUah6HP3FxTR4AaABAg,@RakhmonovEditz,Why this song keep reminding me Barcelona vs Chelsea in 2009😭,0,0,2026-08-13T16:23:41Z,2026-08-13T16:23:41Z
UgzSmeVFvD7VYbD8wdp4AaABAg,@danielleslade8831,Bro started to walk with the beat 0:00,1,0,2025-10-25T23:58:46Z,2025-10-25T23:58:46Z
UgzbcruOMZ_pmAkmc6J4AaABAg,@rickeshadawson7375,A diss to his mother as well is absolutely diabolical,0,0,2025-05-11T21:06:44Z,2025-05-11T21:06:44Z
Ugykb398r01hpaSU9at4AaABAg,@djdjdjxudhdhh9846,Argentina / Egypt,2,1,2026-07-08T11:57:00Z,2026-07-08T11:57:00Z
UgwUJ8_877lJLvC3gXh4AaABAg,@rethabilentho226,Drake is the kind of person to hallucinate seeing Kendrick,1,0,2026-06-06T17:58:44Z,2026-06-06T17:58:44Z
UgzxXUKR2Ew3eMO-Olx4AaABAg,@MaxxxPwrz99,Now make  a version for D4vd,0,0,2026-05-01T21:53:17Z,2026-05-01T21:53:17Z
Ugw88eGDvqdnrAEDifZ4AaABAg,@MakwelaFX,❤❤❤,0,0,2025-09-17T13:34:37Z,2025-09-17T13:34:37Z
Ugx1ZrvQn3mcyptKrGJ4AaABAg,@VictoriaFoster-ng7gr,"Knowing what I know about Kendrick, he's probably playing this in A minor.",2,0,2025-02-13T01:36:34Z,2025-02-13T01:36:34Z
UgxLc56GacNlHc2qXm54AaABAg,@IoaneMashaneishvili,I listened to this with lyrics this time realized what he meant and if u listen close he predicted the DIDDY case and many other things,1,0,2025-02-02T12:11:36Z,2025-02-02T12:11:36Z
UgzynV9v-Zd8LdQXqmt4AaABAg,@Codyplanes-h6l,This is not a diss this is a public execution,1,0,2026-08-12T05:53:03Z,2026-08-12T05:53:03Z
UgwLyyu4AjBXNTiCBnp4AaABAg,@kmtblack22,Dam this sh*t is deep,0,0,2026-06-05T07:46:48Z,2026-06-05T07:46:48Z
Ugxz5jzyFM5YQT9b-jN4AaABAg,@Invenitiliti,"a whole year later. this song is the definition of ""fuck around and find out"", kenny warned drake to not mess with him",0,0,2025-05-11T00:52:17Z,2025-05-11T00:52:17Z
Ugxae4k1eXgpFGoYWnV4AaABAg,@t0yzzb0x,here lies the body of drake im afraid,1,0,2025-02-12T02:17:10Z,2025-02-12T02:17:10Z
UgxkqCxLKZ1Saf3tY-N4AaABAg,@Supurrbee,YOU LIIIIIEEED lmao,0,0,2025-07-13T14:08:00Z,2025-07-13T14:08:00Z
Ugwii4UQZIjyk7jnrXh4AaABAg,@Mean-j9h,REFFFF,1,1,2026-08-31T14:41:22Z,2026-08-31T14:41:22Z
UgyrasoXec-JusLVe0p4AaABAg,@steidx,drake generational debt of aura like every word is a hit to him,0,0,2025-03-31T14:02:39Z,2025-03-31T14:02:39Z
UgyWpTKy_jXPJBHwgX14AaABAg,@xavierlanders9265,6:02 is fire,2,0,2025-06-29T03:54:25Z,2025-06-29T03:54:25Z
UgzwPwejSPnK7e6pMrZ4AaABAg,@BrycenCooper-h3u,Hey yall,2,0,2026-01-11T10:17:53Z,2026-01-11T10:17:53Z
UgzLpeYGZpUk2AJ3OKl4AaABAg,@byk_editz-c2c7y,"Reminds me of ""2015 balln'dor""",0,0,2026-05-23T16:44:41Z,2026-05-23T16:44:41Z
Ugy7V0V_va8_vARPLy54AaABAg,@AgastyaGupta-c2f,Hearing this after God's Plan hits hard fr,0,0,2026-04-04T08:16:25Z,2026-04-04T08:16:25Z
UgxoBYNkt7B1p8FmQqV4AaABAg,@IsmaelGafur,Turn this when you 18 just hits hard,1,0,2025-03-15T12:07:44Z,2025-03-15T12:07:44Z
UgxYFItByKlN80AzdAh4AaABAg,@FarishIrfan-y3f,Raphinha at 5th place?,3,0,2025-09-23T15:45:55Z,2025-09-23T15:45:55Z
Ugx89Yv_LdbrYJef-Vp4AaABAg,@Whilliameus_Lumbago_WAN,Barca-chealse 2009,1,0,2025-07-23T20:38:54Z,2025-07-23T20:38:54Z
Ugy8LKjq1Jidw0agnbd4AaABAg,@Nissanskylinegtr-34,Meet the grams is fire❤❤❤,0,0,2025-06-18T22:14:54Z,2025-06-18T22:14:54Z
Ugyu7IFRvlExOmLShSx4AaABAg,@user-dm4qd9wu7p,bro this guy is a frikin menace for this i agree with JrobG,0,0,2025-09-27T20:38:42Z,2025-09-27T20:38:42Z
UgxZE-4lzNsk3lxmQrx4AaABAg,@rayadn-so4kk,My friend name is Adonis and my cousin name is sandra,1,0,2025-04-07T19:03:43Z,2025-04-07T19:03:43Z
UgwPuV0Dh_m0FLqur9F4AaABAg,@BrycenCooper-h3u,Hey,1,0,2026-01-11T10:18:01Z,2026-01-11T10:18:01Z
UgxXvZhTFvsBJ54ujWJ4AaABAg,@natashafatz7666,Talking about how his father didn't claim him either....😂,1,0,2025-02-08T15:16:41Z,2025-02-08T15:16:41Z
UgzzUfw_EwCYFr4YZZZ4AaABAg,@text-h8q,Varcelona song,1,0,2025-07-08T06:34:42Z,2025-07-08T06:34:42Z
Ugz0xPea73erKn4zgL94AaABAg,@RenatoSandoval-l4f6k,4:29 starts,1,0,2025-12-02T12:09:00Z,2025-12-02T12:09:00Z
Ugy-v_eFKgW8aT9IQb94AaABAg,@MakwelaFX,❤,0,0,2025-09-17T13:28:48Z,2025-09-17T13:28:48Z
Ugwow52GZNk-VhX2Ad54AaABAg,@guilerso7796,"I am not really invested in rap. I do know what's up with Drake, but not really into the culture that much.
Heard people talking about this song. Decided to listen. Thought ""it can't be that brutal"".
It was that brutal.",1,0,2025-03-16T00:20:16Z,2025-03-16T00:20:16Z
UgxszorlD79TBODBTfl4AaABAg,@noangel888,Well damn...,0,0,2026-05-14T18:38:47Z,2026-05-14T18:38:47Z
Ugy5PdDKDfxK3QGFr9F4AaABAg,@PINKDEXDLY,❤,0,0,2026-03-29T19:44:46Z,2026-03-29T19:44:46Z
UgyM2BhlKWuNzdfl4M54AaABAg,@JAK0LAPPP,👍👍👍,0,0,2025-02-21T18:23:35Z,2025-02-21T18:23:35Z
Ugwzz5UUvdZ_kObsF254AaABAg,@Yeamin327-n5s,after so long we got a beef like this.,0,0,2025-02-19T09:20:22Z,2025-02-19T09:20:22Z
UgzsZ1AhPB0BQsjP_d94AaABAg,@Pierrecamisa16,Corinthians e boca juniors 2013 na libertadores 💭,2,0,2025-10-20T14:31:20Z,2025-10-20T14:31:20Z
UgxHnkE73eOERUhEgA14AaABAg,@editorcapcut7576,"Damn, kendrick right. Fuck rap battle, this is public execution",1,0,2025-04-04T04:25:55Z,2025-04-04T04:25:55Z
Ugyop3tZjSsjtYPiPmV4AaABAg,@KYROSDITZ,Kendrick lamar❌ Barcelona Chelsea match☑️,1,0,2026-01-23T07:23:24Z,2026-01-23T07:23:24Z
Ugx7t6Pgwe2DV-wusoh4AaABAg,@arezoptic,Meet my granmda,1,0,2025-10-03T03:53:47Z,2025-10-03T03:53:47Z
UgwL5yNZkAJFtTnb4RV4AaABAg,@Cartacker15,This is the best diss ever drake ain’t coming back from this,0,0,2025-05-25T20:03:02Z,2025-05-25T20:03:02Z
Ugzd01S5GAIZzQkH4tB4AaABAg,@Austrialcb,Chelsea VS Barcelona 2009,0,0,2026-02-21T20:29:17Z,2026-02-21T20:29:17Z
UgyFk7QuZuzRWAGFB2N4AaABAg,@Frank-n8o5v,"It's over, what does he want to do now?",1,0,2025-08-28T20:23:19Z,2025-08-28T20:23:19Z
Ugx-M2BRwnBpGlAtdNB4AaABAg,@xiomarayahir,24 minutes after Family Matters is crazy,1,0,2025-06-19T23:58:51Z,2025-06-19T23:58:51Z
Ugypd6IOLROqhFaSbOJ4AaABAg,@honeybun80,Wow,1,0,2025-02-24T08:23:34Z,2025-02-24T08:23:34Z
UgxRIqjMot_juPa79lR4AaABAg,@Simbu_Mom,"I see ""not like us ""and other dis tracks hits good but ""Meet the Grahams""kills everything in an opponent 🤞🏿this is probably my all time dis joint it's musical, educational coz damn he's schooling everyone there,the delivery it's raw but it's still a dis this is the culture and Drake's cheerleaders know nothing about the culture they like their popster ain't repping the culture the movement but those are two things you wouldn't discuss with Drake fans🤞🏿",1,0,2025-02-22T06:07:07Z,2025-02-22T06:07:07Z
UgzPNIMMVkClXI2LQFd4AaABAg,@JeyrickJavierRizoMéndez,Dejo el comentario para darme cuenta que todavía esta canción existe❤🫦,0,0,2025-06-13T12:18:43Z,2025-06-13T12:18:43Z
UgzSXK3hcd-v5VluHXZ4AaABAg,@maddie1816,4:28 >>>,1,0,2025-02-17T00:28:51Z,2025-02-17T00:28:51Z
UgzEcRKP9yIn6dDDqCJ4AaABAg,@lovely.sotuff,This is the typa song to make you pause and think...,0,0,2025-07-15T10:57:08Z,2025-07-15T10:57:08Z
UgwZolslYqO_PzlQk2t4AaABAg,@Chris_edits132,The good part of the song is at 4:30,2,0,2026-05-04T05:26:20Z,2026-05-04T05:27:01Z
UgwvuXfakb2gxn0oIbR4AaABAg,@FaridAbraham-m6b,y empezo a sonar Meet the grahams🗣🗣🗣,1,0,2025-06-07T17:48:06Z,2025-06-07T17:48:06Z
Ugyl2ui_yh9AmgAKBH94AaABAg,@VT13.CXl.1,Barcelona 2009 ?,1,0,2025-11-19T23:37:01Z,2025-11-19T23:37:01Z
UgyMMaInwisj2bT9IfV4AaABAg,@keahgibbs9044,Drake might shit his pants😂😂😂😂😂😂,1,0,2025-04-11T12:08:21Z,2025-04-11T12:08:21Z
UgyO9zYnhdTqoa0o5jZ4AaABAg,@Erik-y9c6t,Bro the roastes 😮😮😮,0,0,2025-09-22T06:51:19Z,2025-09-22T06:51:19Z
Ugw29lJSAAF4crVq2xd4AaABAg,@Morganmorganandmorgan44,"Looking back at it, this diss was insane",0,0,2026-05-23T21:05:31Z,2026-05-23T21:05:31Z
Ugxm06nTak5jiXHOmQl4AaABAg,@JusticeWilliams-g3f,Deep,0,0,2025-05-17T15:14:03Z,2025-05-17T15:14:03Z
UgwJ9M_7-OrN6awgm3B4AaABAg,@Legend2ß,The embassy about to get raided!😮,1,1,2025-10-21T15:19:16Z,2025-10-21T15:19:16Z
UgzHmaFN2bKjcsdkVZ14AaABAg,@beholdandfearme,The suggested video cards cover the lyrics in the last part but good video otherwise,0,0,2025-05-25T19:49:34Z,2025-05-25T19:49:34Z
UgyGOg6fUzkSS4gV89R4AaABAg,@Davi01828,Alguém do Brasil?,1,0,2025-09-29T21:47:37Z,2025-09-29T21:47:37Z
Ugxr7htRKC0LBDBlUPV4AaABAg,@Bahzadqasm-f6w,baselona vs Chelsea2009,1,0,2025-06-09T02:18:07Z,2025-06-09T02:18:07Z
Ugzht9DwOibnzzruhpl4AaABAg,@Shaggymau0420,"Bro nobody catch the underlining lines in this too ""imma tell yall one little secret jts some weird shit going on and some artist here to police it...........the embassy bout to get raided too its only a matter of time"" shortly after the pdiddy shit came out bro not only dissing drake but sublinally putting light on the underground shit too",1,0,2025-01-25T17:06:52Z,2025-01-25T17:06:52Z
Ugy2TLbE4qM6bAgtN7V4AaABAg,@thetuffestm6s7n,This is way better than not like us,0,0,2025-08-18T17:54:33Z,2025-08-18T17:54:33Z
Ugzy1lWvQwmXo8BYGsl4AaABAg,@JOE22WAY,O..m.g now I know why,0,0,2025-02-08T12:28:51Z,2025-02-08T12:28:51Z
UgwxHqNf5HknDEJDbqN4AaABAg,@BenAndrianjakarivony,Chelsea vs Barcelona,0,0,2026-02-25T08:59:06Z,2026-02-25T08:59:06Z
UgwnnznRkzmUiwGGMCZ4AaABAg,@Coolin-b8m,1:41 woah,1,0,2026-03-14T12:38:31Z,2026-03-14T12:38:31Z
UgwTs-mUVe6I6b5ubb54AaABAg,@David-y9f3j,Damn he diabolacle for this,0,0,2025-02-18T15:32:02Z,2025-02-18T15:32:02Z
UgwbjpgTgueXMFSBMzR4AaABAg,@emmanuelsoe6875,We up,0,0,2025-06-02T05:32:20Z,2025-06-02T05:32:20Z
UgxeWe9CvseBcoPPHzV4AaABAg,@Itssxullngga,5:53 part for dezzy fam,1,0,2025-07-26T23:21:08Z,2025-07-26T23:21:08Z
UgxI41C36gctes4Q-qt4AaABAg,@Coffeebreakandmore,Genuinely surprised drake is still walking around and living after this. I was 3 minutes in and was like HES STILL NOT DONE 😭😭,2,2,2025-12-20T20:18:53Z,2025-12-20T20:18:53Z
UgwsmrVrqBt5mJdMBGx4AaABAg,@voidzfrosty2548,Barça '09,1,0,2025-07-12T22:01:26Z,2025-07-12T22:01:26Z
UgweareMIOZjvesWso54AaABAg,@Apss.010,Real madrid - bayern munich 2017,2,1,2026-08-05T21:05:32Z,2026-08-05T21:05:32Z
Ugw5-f268ykTQxdQo4N4AaABAg,@samuelmathiasmosqueracacer7228,4:32 Barcelona vs chealse2009,1,0,2025-09-01T02:40:00Z,2025-09-01T02:40:00Z
UgyArHyxQ7pPKlMnpzp4AaABAg,@sararayane760,Fifa-egypt,1,0,2026-07-23T20:27:38Z,2026-07-23T20:27:38Z
Ugx9vRH69XbmjW7qe0F4AaABAg,@alex-cf5,At 4:30 the music got good,1,0,2026-01-07T18:04:04Z,2026-01-07T18:04:36Z
UgwNApF9tTah4CP8Rgh4AaABAg,@Elchargerinsano-r2d,cuando yotsuba gano empezo a sonar... SE LO MERECIA MIKU,1,0,2025-03-05T00:51:26Z,2025-03-05T00:51:26Z
UgwirPYkRXVbzjTs3AF4AaABAg,@ClippySpaghetti,"Good God, he went so deep, and don't even talk to Drake to the end.  Kendrick kept it real.",0,0,2025-08-22T22:51:41Z,2025-08-22T22:51:41Z
UgwK1i-wB89HSKRGkxR4AaABAg,@yousseftakhtakh7148,Drogba 2009,1,0,2025-06-10T16:22:39Z,2025-06-10T16:22:39Z
Ugxnpflxcti_bAM97sZ4AaABAg,@Unmutedentt,Adonis can be the best basketball player everrrrr he will never be seen as us black Americans!,1,0,2025-02-21T05:57:07Z,2025-02-21T05:57:07Z
UgzQlbySF6RIBwnnhT14AaABAg,@Hiddenfact786,barcalona vs chelesa 2009 ucl final,1,0,2025-08-05T17:03:33Z,2025-08-05T17:03:33Z
Ugw8ptPBV1wNFkFtdbN4AaABAg,@SkibidiSigma-u6s,Bro wrote that with a fountain pen next to a candle,0,0,2025-01-27T00:07:43Z,2025-01-27T00:07:43Z
UgxBKeXN3zufH-PTDBR4AaABAg,@winston-u9f,I mean someone had to tell the kid.,1,0,2025-03-01T03:06:03Z,2025-03-01T03:06:03Z
Ugw9ilXV-9WN_jJ7fwd4AaABAg,@stasabramov8791,Barcelona❤️💙 vs Inter💙🤍 𝐩𝐞𝐧𝐚𝐥𝐭𝐲? 𝐇𝐚𝐧𝐝? 𝐅𝐨𝐮𝐥? 𝐌𝐞𝐞𝐭 𝐭𝐡𝐞 𝐠𝐫𝐚𝐡𝐚𝐦𝐬!,3,0,2025-05-07T15:05:12Z,2025-05-07T15:05:12Z
UgzCSb1RoyESCm3GVy54AaABAg,@Blitz_Clipped,when fire gets fucked off with you poking at it and you get burnt!,0,0,2025-05-08T08:15:23Z,2025-05-08T08:15:47Z
UgzvYs-e_onmz6Bazn14AaABAg,@Davidandreirotaru,Biggest drop of The year 🥶🥶,0,0,2025-05-08T18:42:02Z,2025-05-08T18:42:02Z
UgxkgAqFzupxfxe3Dyl4AaABAg,@Legg_Rion,In 4:30 is so fire better 🔥🔥🔥,1,0,2025-03-29T21:44:36Z,2025-03-29T21:45:15Z
Ugy-o0_YqvucKtYS2xB4AaABAg,@VeronicaAvila-h3r,drogba🔥🔥,1,0,2025-03-18T20:02:55Z,2025-03-18T20:02:55Z
UgwrbpKVDgIqPzw-baV4AaABAg,@TimeToMove,Drogba...,3,0,2025-09-21T09:14:28Z,2025-09-21T09:14:28Z
Ugyq_VggC1GxLU9134d4AaABAg,@brayefrtho,damn. I can’t say nun else. Just damn,0,0,2025-05-18T15:00:06Z,2025-05-18T15:00:06Z
Ugw5HxpIzPEoEbuN0SN4AaABAg,@d3scribe130,They need rappers like me.,0,0,2025-04-21T09:23:34Z,2025-04-21T09:23:34Z
UgzY9-I19BrKQoSJjJZ4AaABAg,@Tanzz-telly,Oh…my.. 😮,0,0,2025-07-22T18:21:24Z,2025-07-22T18:21:24Z
Ugw4C80rp5zLHKJ1DMd4AaABAg,@vigileyx,Alright unc,0,0,2025-05-30T08:56:36Z,2025-05-30T08:56:36Z
UgyMh565mLGRMylo6Ht4AaABAg,@thutoxmapheto,yohh,0,0,2026-05-25T23:23:42Z,2026-05-25T23:23:42Z
UgyNNd5-LkPBA2ECGwx4AaABAg,@anayelipalmachimal4129,Bro I’m about to pass out😮😮😮😮😮😮😮😮😮😮😮😮😮😮😮,0,0,2025-06-05T01:00:02Z,2025-06-05T01:00:02Z
Ugz2MFqK0783mcCN-ud4AaABAg,@annarichards7682,😂😂😂😂😂 Kendrick has my heart dor ever 😢❤❤❤,0,0,2025-02-11T20:52:30Z,2025-02-11T20:52:30Z
Ugz6YVv3W6KQBtD7ErV4AaABAg,@luisdemetriorojasruiz1310,escucho la voz de kendrick y lo imagino sosteniendo su arma mirandome fijamente y apretando los dientes,1,0,2025-03-21T14:43:26Z,2025-03-21T14:43:26Z
Ugy-WKd8QPuTxLq7g0R4AaABAg,@t3ngent,the people defending drake in the reply section is insane,2,0,2025-03-10T19:45:14Z,2025-03-10T19:45:14Z
UgyML3rm8NXUIyUODkB4AaABAg,@noemibarbieri2093,Drogba 2009 songs,2,0,2025-05-17T12:52:52Z,2025-05-17T12:52:52Z
Ugw2Hq_zzKls-bEB3m14AaABAg,@JoshRoe-h4w,Kendrick literally avoided all drake's music just to stab him in the jugular multiple times,1,0,2026-03-30T12:48:48Z,2026-03-30T12:48:48Z
UgxUI3RujNTKzqOQgUN4AaABAg,@jjumj9,WHY IS HE TALKING ABOUT BRAZILIANSSSS 😭 agr me deixou triste,1,0,2025-07-04T11:41:09Z,2025-07-04T11:41:09Z
UgzxdJSlisob9poGiuV4AaABAg,@AnimeLunchTable,2025 anyone ?,3,0,2025-01-16T03:11:43Z,2025-01-16T03:11:43Z
UgyjNQAxeZmGNMb9Gax4AaABAg,@chrisutley2859,Who’s here after seeing the reports of Mr. iceman paying adult industry stars on live streams? Ain’t a damn thing changed with that man.,1,0,2026-08-11T00:53:48Z,2026-08-11T00:53:48Z
UgzCR5O_LVYi8kRjOSl4AaABAg,@BerkayRehanow,Inter-barca 2025,1,0,2025-06-23T14:47:30Z,2025-06-23T14:47:30Z
UgzAvwsCNCK90SklUOZ4AaABAg,@brooklananderson4142,I thought this song would be the final nail in the coffin but then he released not like us 😭,0,0,2025-04-24T05:51:06Z,2025-04-24T05:51:06Z
UgxT8AaFRMDilF-KgyV4AaABAg,@gamers1829,Barselona vs chelsa,1,0,2025-06-08T11:11:39Z,2025-06-08T11:11:39Z
UgzpgSR8m-anCQG-TGV4AaABAg,@theajackson916,Every time drake hears this he sees x spirit,0,0,2026-07-14T18:57:03Z,2026-07-14T18:57:03Z
UgxM5X1rsdvuxb0uGaR4AaABAg,@MyKrazyLife-007,imagined this with drakes fam on the couch and kendrick infront of em,0,0,2025-04-02T13:38:42Z,2025-04-02T13:38:42Z
Ugxlnq2CTeJw80jC68p4AaABAg,@هيوياحمد-ف1ذ,"When I am oppressed, I remember it and listen to it",1,0,2025-03-18T20:54:24Z,2025-03-18T20:54:24Z
UgyVsOxVqv_fyh3m7qN4AaABAg,@neurodose6,Kendrick sure menacingly sat and just listened to story of adidon while makin it,0,0,2025-07-19T13:08:07Z,2025-07-19T13:08:07Z
UgwXjHpsASnSsRLtAsd4AaABAg,@BentoDC-pl5pv,Barcelona X Chelsea☠️,2,1,2025-03-13T08:57:29Z,2025-03-13T08:57:29Z
UgwjSnFyuGOfsXWL1PJ4AaABAg,@GulhayoAkbarova-ur3tk,4:32 my favorite part😂,0,0,2026-04-27T13:16:02Z,2026-04-27T13:16:02Z
UgxbyyG1Voji7s9psXJ4AaABAg,@Sge1827,4:29,2,0,2025-04-15T09:25:10Z,2025-04-15T09:25:10Z
UgwYILBTw3DN85ibBgl4AaABAg,@candancewilson68,"When he said Aubrey, police sirens started to sound",0,0,2025-04-14T11:54:51Z,2025-04-14T11:54:51Z
UgzGHAENNdQ6B7dD2Zl4AaABAg,@Nicholas-ze5zt,"This is the best of Kendrick’s “Drake” series, imo. Man, what a track! I’ve never felt this way from any other songs!

The creeping dread this song produces, the lyricism. . . it’s “haunting”! This track is scarier than some horror movies!",5,0,2025-03-20T19:38:21Z,2025-03-20T19:38:21Z
UgxYBqg73unt2_GnUmN4AaABAg,@mahumonkomo,Kendrick Lamar  YOU are A  GOOD MEN,0,0,2025-03-31T14:58:16Z,2025-03-31T14:58:16Z
UgxbeLFh0Kmq92p9Xkt4AaABAg,@BASTÍAN-t8s,4:31,2,0,2025-03-20T23:59:53Z,2025-03-20T23:59:53Z
UgzLJQtIMxlL4o7Gf5Z4AaABAg,@abhishekverma1751,bro this song is scary as fuck,2,1,2026-05-18T08:08:05Z,2026-05-18T08:08:05Z
UgwJliRIdt4xXRS8i2V4AaABAg,@rishantsharma4545,Chelsea Vs Barcelona 🤧🤧,0,0,2025-09-01T12:15:55Z,2025-09-01T12:15:55Z
UgwNTf9JF76rH5CKtSp4AaABAg,@offixial_brd,I gotta play Adonis this shit when he's 18 frls😂,1,0,2025-03-19T07:23:32Z,2025-03-19T07:23:32Z
Ugz_TN2RYEooxYwF1vB4AaABAg,@babarbhai5679,Imagine this at Superbowl . 🤯🤐🤔,0,0,2025-08-08T09:13:23Z,2025-08-08T09:13:23Z
Ugz6V7mf68aawhUErv54AaABAg,@harveyquinn3535,That last verse was fuckin wow,0,0,2026-06-12T12:56:23Z,2026-06-12T12:56:23Z
Ugzyvpc33KHfU-MRzfh4AaABAg,@phillipeecobra-oq6oj,holy fucking shit,0,0,2026-08-21T13:34:09Z,2026-08-21T13:34:09Z
Ugx-dFXka3a0_kyBN0l4AaABAg,@anthisa,🇵🇹vs🇭🇷,2,0,2026-07-03T21:39:22Z,2026-07-03T21:39:22Z
UgwiuELgy-nZoEfbV7t4AaABAg,@fernandammarques5032,"this was not a response, this was straigth up a fitality",0,0,2025-02-23T23:44:48Z,2025-02-23T23:44:48Z
UgwgDvxa2fG1XJzeMPZ4AaABAg,@Speedy_1991XD,It sounds like Kendrick holding back tears singing this jesus,0,0,2025-06-29T19:45:05Z,2025-06-29T19:45:05Z
UgyFRB6N3GmCZcYgHtB4AaABAg,@CDVR-p3v,Bro just dropped the world‘s longest dis,0,0,2025-05-21T01:19:42Z,2025-05-21T01:19:42Z
UgzA40FkVv8xcEkbpxh4AaABAg,@HelenValladares-h3d,2:09 this part crazy,0,0,2026-06-24T22:19:48Z,2026-06-24T22:19:48Z
UgyTOyZfQHzVZnEDAaV4AaABAg,@kikiannafox,Omg 😲 Kendrick good 👍 😍 😊,0,0,2025-04-16T17:43:55Z,2025-04-16T17:43:55Z
UgyCkR4z7soO7f-QPXB4AaABAg,@kennynguyen4136,"Drake fans think the winner is the person with the catchier song, then Kendrick drops Not Like Us. Shows how versatile he is. He is also the most listened to rapper now",0,0,2025-02-17T06:02:22Z,2025-02-17T06:02:22Z
UgzHMKLVfi6R-zI8HiZ4AaABAg,@Eden-Hazard-999,Drogba,3,0,2025-09-19T17:19:56Z,2025-09-19T17:19:56Z
UgydI3tXYb2ogQVALDF4AaABAg,@Arámburu-r6v,La canción del Barcelona vs Chelsea,2,0,2025-03-05T23:34:43Z,2025-03-05T23:34:43Z
UgyOgz_OtdYQTgpz7V94AaABAg,@KOALAcrm-music,damn,0,0,2025-11-07T21:40:03Z,2025-11-07T21:40:03Z
UgyAwcEBwVl3-8jUYKp4AaABAg,@kellybrown7402,oh Jesus!!!,0,0,2025-02-17T17:38:55Z,2025-02-17T17:38:55Z
UgzXnyCf0UQibUhYNIN4AaABAg,@BoncabeLevel50,Varca robberry,2,1,2025-07-27T02:54:13Z,2025-07-27T02:54:13Z
Ugw2chrLI8JDQlytkPt4AaABAg,@msnjytube,"4:31 - BEST Part: ""and a f'n deadbeat that should never see more life - Meet the Grahams"". I've been around a long time.. all the East coast/West coast BS and everything else but this is just beyond diss track. Even better than ""Not Like Us"" (a minoooorrrrr lol) but if you CAN take Drake outta the equation, it's a beautiful message",0,0,2025-06-09T20:56:07Z,2025-06-09T20:56:07Z
Ugw_M5T0eMyboJTqc4F4AaABAg,@AminRamazanl,1:30 drogba,1,0,2025-06-02T09:44:05Z,2025-06-02T09:44:05Z
UgyQL_DCoQdGYABxweF4AaABAg,@paradoxbeatzz,Now I understand why Drake is crashing out damn,1,0,2025-08-24T21:12:08Z,2025-08-24T21:12:08Z
UgwlPrD2dTuT4d6SCv54AaABAg,@funtimes1226,[-_-] thats insane ngl,0,0,2025-04-03T01:08:24Z,2025-04-03T01:08:24Z
UgwKXw8TqYHkP79850V4AaABAg,@901jwill,Damn! This shit still hits different when u read it lol,0,0,2025-06-04T18:34:02Z,2025-06-04T18:34:02Z
UgxjtvoAng36zeS4K794AaABAg,@TheCappnKidd,Kendrick musta had Nardwuar getting all the details on Drake haha gah damn 🔥🔥🔥,0,0,2025-02-15T16:36:04Z,2025-02-15T16:36:04Z
UgwfWONbDUMc6O_HXAl4AaABAg,@ShSh-k6n,4:29,1,0,2025-05-13T11:12:15Z,2025-05-13T11:12:15Z
UgyeG_2vi13uqiL7M4x4AaABAg,@Yoshimi-o3c,😭😭😭😈 Kenny GOAT,0,0,2026-09-07T05:24:23Z,2026-09-07T05:24:23Z
Ugw3aGw82ZjkaU6QyEJ4AaABAg,@babyz3341,The embassy bout to get raided was he talking about Diddy house 😂 it really was only a matter of time,0,0,2025-06-03T02:49:40Z,2025-06-03T02:49:40Z
Ugwm4nTeHf_pVwIkSUh4AaABAg,@Emiliano-r4q,4:33 bro I wild but I agree ☠️,0,0,2025-06-18T19:01:43Z,2025-06-18T19:01:43Z
Ugzz4Oz9bC0JO17lAe94AaABAg,@JamesKatantha,Kendrick just finished drake 🔥,2,0,2025-03-04T19:07:53Z,2025-03-04T19:07:53Z
UgxBQy6_qbWRM82l6C14AaABAg,@NettaB26,4:19 wait drake gotta daughter hes hiding ???,5,0,2025-02-12T16:52:46Z,2025-02-12T16:52:46Z
Ugw7KqQeQXdTgmBCMjF4AaABAg,@Hii-h3r,2:09 was so brutal tbh,0,0,2025-01-18T11:12:51Z,2025-01-18T11:12:51Z
UgwKddT02vi2TW1NXkR4AaABAg,@Nattyy563,Chelsea vs Barcelona 2009 💔💔,0,0,2025-05-31T07:45:11Z,2025-05-31T07:45:11Z
UgxxlTsqyxHtVX42ouZ4AaABAg,@yassofied,4:30,1,0,2025-06-02T09:37:56Z,2025-06-02T09:37:56Z
UgwRsTVo6Oenn1QJh654AaABAg,@UrielFernandez-h4c,4:29,1,0,2025-12-07T04:09:51Z,2025-12-07T04:09:51Z
UgxQAPpANU7ebK2uHqN4AaABAg,@LandonLugo-n5x,K-dot is cooking,0,0,2025-01-22T20:35:09Z,2025-01-22T20:35:09Z
UgzEAufdNCkfSCAtkpF4AaABAg,@MetroboomingmakeitBOOM867,5:53 This part reminds me of the world government from One Piece.,0,0,2025-06-20T21:47:34Z,2025-06-20T21:51:03Z
UgxTh0_nQNZl8MCgJzp4AaABAg,@babyz3341,He was actually teaching his son something and exposing at the same time 😂,0,0,2025-06-03T02:46:52Z,2025-06-03T02:46:52Z
Ugyflq5LkBQ9TjvGqpN4AaABAg,@huniegore,Vicious Mockery 20d6 + piercing dmg,0,0,2025-02-13T03:42:58Z,2025-02-13T03:42:58Z
UgyIpxRfU62278B4Pzd4AaABAg,@MediLox,Welcome to chealsea - barcelona edit,0,0,2026-07-09T19:53:06Z,2026-07-09T19:53:06Z
Ugypi96_Qw6mkGVIy9h4AaABAg,@DJDaddyAbraham,"When adonis gets at that rebellious age of 18, he's going to remember this song and will be hell on wheels.   He's gonna throw this up in Drizzy's face",2,2,2025-09-02T20:57:02Z,2025-09-02T20:57:02Z
UgxaVAd43vxE8XvzBoJ4AaABAg,@marcosdamianabad5418,Chelsea vs barca 2009,2,1,2026-07-02T21:51:27Z,2026-07-02T21:51:27Z
UgwcNBVrWLWOoe4ay8V4AaABAg,@ahmedshadow2008,‏‪4:34‬‏ drogba 2009,1,0,2025-05-17T17:45:01Z,2025-05-17T17:45:01Z
Ugx6yKk7yWaSazxWa6d4AaABAg,@гасаноБ,Chelsea Barcelona I think he was preparing for the match.,0,0,2026-08-30T15:28:24Z,2026-08-30T15:28:24Z
UgwOZNI3nrE9oFBv0Vh4AaABAg,@SUPERIORGUISANTE,"Todos: Kendrick y Drake
Yo: barca vs Chelsea 2009",0,0,2025-02-22T01:35:19Z,2025-02-22T01:35:19Z
UgztFwVq5nRdlEIaJSN4AaABAg,@YoungKulson,3:13,1,0,2025-06-08T10:43:47Z,2025-06-08T10:43:47Z
UgzwlUZQFRXoeD4rU7N4AaABAg,@iyamantaff,bertemu dengan keluarga graham.,0,0,2025-04-08T02:59:06Z,2025-04-08T02:59:06Z
UgzCJdxx5U9nHpDMfs14AaABAg,@BEROiq_44Soo,2009Chelsea 😢,0,0,2026-08-06T20:16:30Z,2026-08-06T20:16:30Z
UgyR1EQiWPHelOIi0bt4AaABAg,@takoka14,4:33 is fire,0,0,2025-06-15T09:54:59Z,2025-06-15T09:54:59Z
Ugx1plG1RZH8AEB-W754AaABAg,@HelenValladares-h3d,4:43 play the one before this twin it’s tuff 😭✌️,0,0,2026-06-23T15:42:50Z,2026-06-23T15:42:50Z
Ugx_3uuFzRprqN56VAl4AaABAg,@RodolfaGarnica,*4:31* 🤩🤩🤩,0,0,2025-06-06T18:42:28Z,2025-06-06T18:42:28Z
Ugyok4B5mw0K9FlV-BN4AaABAg,@Insertuserhereuhhh,6:08  this would fit well with Brian vickers,0,0,2026-08-30T21:49:20Z,2026-08-30T21:49:20Z
Ugx1eRRRJ6cUCNuE6ll4AaABAg,@Radical_kl1pz,Meet the gramma,0,0,2025-07-10T06:09:04Z,2025-07-10T06:09:04Z
UgwQmVmAxUZu2-G2yK14AaABAg,@BS0312-0eG,The amount of Drake Stans tryna protect him is wild ngl,0,0,2025-04-03T23:24:20Z,2025-04-03T23:24:20Z
UgzatC_soe8ZRHhfQvh4AaABAg,@Marionicolas49,Drogba 😢❤,0,0,2025-07-13T20:58:35Z,2025-07-13T20:58:35Z
UgwVcK5ciPGvLuQ589F4AaABAg,@АмирОспанбек,Barsa vs Chelsea 2009😢,0,0,2026-06-15T17:42:46Z,2026-06-15T17:42:46Z
UgzoCwAbvE3qRBsh_e54AaABAg,@glitchcore-l6d,Who imidiately think Barcelona Vs Chelsea UCL game?,4,1,2025-08-27T16:15:56Z,2025-08-27T16:15:56Z
Ugwdh44eemcYnhN2TZZ4AaABAg,@NONCHALANT_KIDDDDDDDDDD,egypt dont deserve that me my dad and my garndfather just witness the most rigged match we have ever watched like wtffffffff i cant i cant they dont even hiding atp wthhhhh,1,0,2026-07-09T12:48:05Z,2026-07-09T12:48:05Z
Ugx8pzNAm_AgBTCTcXR4AaABAg,@mena400,someday this song will come back on the worst way possible .,0,0,2025-11-10T04:16:11Z,2025-11-10T04:16:11Z
UgyLrnHAG_MkuvV7wtt4AaABAg,@NathanTorres-v4p,🎉,0,0,2025-08-03T18:47:15Z,2025-08-03T18:47:15Z
UgwPijkHsQnb2H5AUzt4AaABAg,@daniellewieners7179,"Truth is Fire 🔥 and Iceman's 🧊 freaky ass got melted, he couldn't get back at TRUTH with a triple album",0,0,2026-08-01T01:18:36Z,2026-08-01T01:18:36Z
UgzvVbXg4hkVbsLmrDB4AaABAg,@cainescreativemind1852,😳,0,0,2025-12-24T00:44:39Z,2025-12-24T00:44:39Z
Ugxx7-jSjjXqSi9bmux4AaABAg,@Poland_gg,Kto po meczu Polski ze Szwecją😢,1,0,2026-04-01T11:52:06Z,2026-04-01T11:52:06Z
UgwJzY5H1MT_alJdJuh4AaABAg,@Mysingingamongus,4:29  best part,0,0,2025-04-07T11:05:20Z,2025-04-07T11:05:20Z
UgxFz9pPrb-IUI7_c3d4AaABAg,@jolliuspullum3599,KDot murdered drake on this track😂😂😂,2,0,2025-01-25T04:07:18Z,2025-01-25T04:07:18Z
UgwecFoJzUFgwEnJ-7B4AaABAg,@urinovabrorbek5710,4:28 fire,0,0,2025-06-05T16:22:08Z,2025-06-05T16:22:08Z
Ugw8dJzrWC7t_lOoEKJ4AaABAg,@Littles1414,Kendrick goes hard lol he ate drake tf up. That mfkr has no chance!,2,0,2025-02-27T17:55:54Z,2025-02-27T17:55:54Z
UgxEND1eF4FKo6w28Tt4AaABAg,@HollyTurley-c2r,drake died right then and there,1,0,2025-05-29T03:41:39Z,2025-05-29T03:41:39Z
UgwVgXs7sYQyQWeU9Mh4AaABAg,@Faresaloubiad,Meet the grahams 😢,0,0,2025-05-24T11:19:21Z,2025-05-24T11:19:21Z
Ugypd1tr8j6nrRyD_zN4AaABAg,@JRichie-u5j,Adonis has a whole song to listen to when Drake grounds him,0,0,2025-10-10T15:55:17Z,2025-10-10T15:55:17Z
Ugx4Tk0FyCLzl4utbad4AaABAg,@Yourboycorey,W  part bro 4:29,0,0,2025-11-23T02:31:29Z,2025-11-23T02:31:29Z
Ugw_Rauhmb6utz51d094AaABAg,@alpuxr.l.,"""It's a disgrace, it's a fucking disgrace!"" -Didier Drogba",0,0,2025-05-06T08:34:20Z,2025-05-06T08:34:20Z
UgzGaRVZ9e7sz2nO_MN4AaABAg,@Blueincsociety,This is not a Diss but a REALITY CHECK ☑️,0,0,2025-12-07T05:58:06Z,2025-12-07T05:58:06Z
Ugx9VIvfTvp3tw4LNvF4AaABAg,@LordHell-b3i,Kendrick going all out for ts we got a whole diss album,0,0,2025-06-27T23:31:07Z,2025-06-27T23:31:07Z
Ugzv7MSV_7Sl1C3gowR4AaABAg,@RuslanObodovskyi,Real Madrid robbery's of all time,1,0,2025-06-17T13:45:07Z,2025-06-17T13:45:07Z
UgwswutM1b51oYiWNR94AaABAg,@racafi7767,Chelsea-Barça 2009,1,0,2025-02-28T14:16:23Z,2025-02-28T14:16:23Z
UgyTWNA7tbKLaumgd6N4AaABAg,@KarligashUzakbayeva,Barca vs chealse,2,0,2025-05-24T11:41:12Z,2025-05-24T11:41:12Z
UgwpqgNDuUAUFqut1Kx4AaABAg,@juansebastianramirezsandov8204,Meet the grems,0,0,2026-01-02T20:48:11Z,2026-01-02T20:48:11Z
UgzuhMjIMyk-I_diEkh4AaABAg,@Viralvideos-z8p,"Argentina - France , Argentina - Egypt , Argentina - Algeria , Argentina - Netherland, Argentina - Cabo Verde , France - Spain , Argentina - England",1,0,2026-07-16T15:34:49Z,2026-07-16T15:34:49Z
Ugw4dHHXrTUyP7GQCA14AaABAg,@connorkauffman7802,The song what is actually crazy 😧,1,3,2025-01-29T21:32:33Z,2025-01-29T21:32:33Z
UgwE_v9F--mb2M7jIJF4AaABAg,@Bidorxmz2,4:30,2,0,2025-02-11T01:44:03Z,2025-02-11T01:44:03Z
UgwRe_KrJeSSozIn-nR4AaABAg,@EdmondBunjaku4BFredsdalsskolan,my math techer,0,0,2026-03-26T11:53:19Z,2026-03-26T11:53:19Z
UgyaR7RK6D5H_8lQfxh4AaABAg,@IvanArroyo-d4r,imagine Adonis if he got grounded and bro starts blasting this shit ful volume,0,0,2025-02-15T18:41:38Z,2025-02-15T18:41:38Z
UgzIjvLDqRLJMjvENVV4AaABAg,@savvreneee,this wasn’t just ab the grahams. he’s trying to warn us.,0,0,2025-06-30T14:01:26Z,2025-06-30T14:01:26Z
UgwN6py-8VyArprem0R4AaABAg,@ZylynKekona,Bro is describing me,0,0,2025-04-25T05:54:26Z,2025-04-25T05:54:26Z
Ugy99Q9sViFql4_BTKF4AaABAg,@MeltingBS,4:28 for the “meet the grahams” part,1,0,2025-05-08T21:22:10Z,2025-05-08T21:22:10Z
UgxwVF_ATGHMIeGjxW54AaABAg,@ChristopherMedrano-t2r,4:26 is when the meet the grahams begins,0,0,2026-09-08T21:35:44Z,2026-09-08T21:35:44Z
UgwRia15Wauy-fstJQ14AaABAg,@Tay8085thSZN,meet the grahams,0,0,2025-11-22T03:24:38Z,2025-11-22T03:24:38Z
UgwAhC66ZcO71PglGBZ4AaABAg,@Dude-q3e,King vons looking up at us rn and saying MEET THE GRAMPS,0,0,2025-04-01T16:07:07Z,2025-04-01T16:07:07Z
Ugw39NrYIerBbMXkMAN4AaABAg,@DiegoVargas_03,4:30 The best part,0,0,2025-06-14T14:26:26Z,2025-06-14T14:26:26Z
UgzwCQ_-lKPwROGxAHF4AaABAg,@denseyrocky5141,Meet the graham,0,0,2025-06-15T18:30:05Z,2025-06-15T18:30:05Z
UgwrGxaKnOFZkHlYKvF4AaABAg,@Kaisar-kz-l7n,2009 Barcelona Chelsea😢,0,0,2025-05-30T10:22:00Z,2025-05-30T10:22:00Z
Ugw6BwhHcWkKrFsrk1h4AaABAg,@nicolòbarella7,Poetry,0,0,2025-08-19T21:34:54Z,2025-08-19T21:34:54Z
UgzJHRBHY7LPElQeNcp4AaABAg,@elifguler3907,Chelsea-Barcelona...,0,0,2025-11-04T13:29:55Z,2025-11-04T13:29:55Z
UgxWQVmWv07bcare2Uh4AaABAg,@XxIgnaruizxX2,"Valdelomar vs ribeyro 2025
pd:abuela vuelve a la vida porfavoer",2,2,2025-04-11T02:23:16Z,2025-04-11T02:23:16Z
Ugzz9dWmfcIxBsXKYaJ4AaABAg,@BekhruzJarilkaganov,Chelsea vs Barcelona 2009,1,0,2025-11-17T11:01:19Z,2025-11-17T11:01:19Z
Ugze-OSa9JHSVmS-S6R4AaABAg,@iamtrehart,😮,0,0,2025-01-23T05:22:09Z,2025-01-23T05:22:09Z
UgzquLgZc6TnJ9-6Tnl4AaABAg,@NajwaTwil-r4f,Meet the ghrames,0,0,2025-04-29T11:59:48Z,2025-04-29T11:59:48Z
UgzJTlZyH_2diWI1LA94AaABAg,@sabAi6135gaming,4:32 thank me later,1,0,2025-04-24T17:16:42Z,2025-04-24T17:16:42Z
UgxHDVN41CJ1u8y2jTR4AaABAg,@Halil-yo2qi,Hey drake i heard u like 'em young,0,0,2026-02-02T16:24:54Z,2026-02-02T16:24:54Z
UgyazayqtEtLTZJ2p3J4AaABAg,@Cortisol_fionny,Imagine being drake himself and u have to listen to this,0,0,2025-09-09T10:46:37Z,2025-09-09T10:46:37Z
UgySveVl1r4ag7WQZUl4AaABAg,@Manry304,Barselona-Chelsea 2009.,0,0,2025-06-20T13:57:01Z,2025-06-20T13:57:01Z
UgzoBeGPI6gYscSVuNV4AaABAg,@MisterInternetPerson,0:56 agora por que específicamente brasileiros??,2,2,2025-01-17T01:35:59Z,2025-01-17T01:36:11Z
UgwMcBHY6ZSpKi2UcWB4AaABAg,@Millervega-pv2qj,Barça-chelsea 💀,0,0,2025-05-30T17:03:07Z,2025-05-30T17:03:07Z
UgxK-Rq-lQpkXanlBD54AaABAg,@Jefferson-p2z,Chelsea x Barcelona 2009,2,1,2025-05-28T03:15:52Z,2025-05-28T03:15:52Z
UgwDyleNsuNZi9dkVOB4AaABAg,@soymax-q4z,Barcelona vs. Chelsea 2009,0,0,2026-08-26T02:25:52Z,2026-08-26T02:25:52Z
Ugz-YrQLktyUYvB6BCx4AaABAg,@NpcNpc-q8f3t,2009 Chelsea vs Barcelona,0,0,2026-06-19T09:34:01Z,2026-06-19T09:34:01Z
UgwvcZ2Bh7AO-ZtMhHN4AaABAg,@enigmaplaysmoba,Currry is scared of drake now 😂😂😂,1,0,2025-03-07T19:05:57Z,2025-03-07T19:05:57Z
UgxU2Vf3xPSuZrPzF2R4AaABAg,@ab5903,Anyone got an extra obituary 😮,0,0,2025-01-17T02:42:09Z,2025-01-17T02:42:09Z
UgwmcFHKmlcVOB50Kyt4AaABAg,@alessio_235,In 90' and 2000' this song would have killed someone,1,1,2025-10-27T22:49:40Z,2025-10-27T22:49:40Z
Ugy7QSMSyMntql6lVPt4AaABAg,@MrMafious,Barcelona-Chelsea final champions,1,1,2025-07-23T12:14:57Z,2025-07-23T12:14:57Z
UgyjZPIZrhtk1R2sZdZ4AaABAg,@BebusSilence,4:30 best part,0,0,2025-05-21T14:59:56Z,2025-05-21T14:59:56Z
UgzySbzs-qkzPXEPHRR4AaABAg,@Viva_Il_Prosciutto,Chelsea Barcellona...,0,0,2025-05-29T13:18:20Z,2025-05-29T13:18:20Z
UgwxoVQ9RV-tbpREWqh4AaABAg,@3rinityxo,so the third verse is from fake info drake put out,0,0,2026-02-11T19:23:22Z,2026-02-11T19:23:22Z
UgwGIrGftqwsrTGymzl4AaABAg,@Niyazov.Alish111,4.32 barselona vs Chelsea 💀,0,0,2025-02-17T08:12:30Z,2025-02-17T08:12:30Z
Ugw3_oT-UhXFxHMcTDp4AaABAg,@ismailedit7Edit7,Chelsea vs Barcelona drogba reaction,0,0,2026-09-07T10:54:46Z,2026-09-07T10:54:46Z
Ugx2NxaZEKwmp1BLpdt4AaABAg,@alyadam-ke9rp,Barca against chealsea,0,0,2025-06-14T18:00:16Z,2025-06-14T18:00:16Z
UgwlAGs4CzY7ULzLIJl4AaABAg,@Krupinhoo,how 2017 CL feels like,0,0,2025-03-24T17:16:05Z,2025-03-24T17:16:05Z
UgzP33rmwGEfmvNuQAB4AaABAg,@KING777LORD-s8j,Argentina egipto,3,2,2026-08-02T16:59:05Z,2026-08-02T16:59:05Z
Ugw3LHNktGKuqSznpGB4AaABAg,@SayfudiinRashiid,Chelsea 😔,0,0,2025-05-30T16:24:44Z,2025-05-30T16:24:44Z
UgziMzbQ9Pzv6GENq4d4AaABAg,@JoseSerres-yk3xo,Game awards 2025:,0,0,2025-12-13T23:43:51Z,2025-12-13T23:43:51Z
UgyJ4L83c9u3S8PSreV4AaABAg,@barryschalkwijk9388,"dude went for the lyrical ""thank you note"" approach just to burn a man.",0,0,2025-09-01T16:34:02Z,2025-09-01T16:34:02Z
UgxU8ETdj19IM-XIyQ14AaABAg,@prince-S7,THE DISS IS MORE LIKE A TUTION CLASS.,0,0,2026-08-01T15:58:44Z,2026-08-01T15:58:44Z
UgwP7WgZJJd8kGdjayF4AaABAg,@DIAMOND7-z9r,Barcelona vs chelsea 2009.... 4:28,1,0,2025-05-31T07:42:41Z,2025-05-31T07:47:40Z
UgzLr3mFJ6AqEAtOd6x4AaABAg,@Javierrivera-n2o,Barcelona vs Chelsea 2009,0,0,2025-02-06T04:00:09Z,2025-02-06T04:00:09Z
UgyqbtB4nUQnxAdXCrV4AaABAg,@belabeshamadou,4:34 4:34 4:35 ❤ 4:36 ❤ 4:36 ❤ 4:36 4:36 ❤,0,0,2025-01-20T16:31:08Z,2025-01-20T16:31:08Z
UgzbLINTO54W9mD4UAx4AaABAg,@1-й_аккПозовидр,4:36 😢,0,0,2025-04-13T15:45:21Z,2025-04-13T15:45:21Z
UgwdPvDFe5ylqh_uDDR4AaABAg,@scostincostin5627,4:32 bar vs chelsea 2009...,0,0,2025-05-18T14:33:15Z,2025-05-18T14:33:15Z
Ugw268FSu08QHFox_N54AaABAg,@aaaaaanditsgone,Ouch.,0,0,2025-02-15T04:29:56Z,2025-02-15T04:29:56Z
UgwIvxYM9wjPN4LDYzZ4AaABAg,@Алинур-г1х,"2009 
Chelsea:Varselona",0,0,2026-03-02T15:48:40Z,2026-03-02T15:48:40Z
UgxkxEhT0vFppxc08cJ4AaABAg,@LuiOrtiz-h6x,4:31 song meet the grahamas,0,0,2025-03-30T03:59:40Z,2025-03-30T03:59:40Z
UgytRYW-XWn77C3vWwt4AaABAg,@BRADSONRIVERS-y4g,this gives me e&m vibes tell me if I'm wrong,0,0,2025-05-19T04:30:38Z,2025-05-19T04:30:38Z
UgzPBnDF8LUnVwZo6lh4AaABAg,@oscar123-m4w,Kendrick se papeo a drake,1,0,2025-03-29T15:13:13Z,2025-03-29T15:13:13Z
UgyEWoX9KkS1o4I3PbB4AaABAg,@EsmeraldaRamos-z8i,Quien vino a ver el video por lo de barsa vs Chelsea,0,0,2025-10-26T16:43:02Z,2025-10-26T16:43:02Z
UgwJiOk4m7TNrhk9AAV4AaABAg,@Bareddymadhu,"So, reading is new kinda rap .",0,0,2025-04-09T19:26:51Z,2025-04-09T19:26:51Z
UgxDzXLRP1NOYJiKZnx4AaABAg,@Jay-Speaks444,"This is always going to be 🔥 
Hahaha! He chopped Drake up!!",0,0,2025-02-18T00:37:42Z,2025-02-18T00:37:42Z
Ugwn0JBF6gToLU3jIZ94AaABAg,@응아니야-l9b2k,barcelona vs chelsea,0,0,2026-08-15T08:47:01Z,2026-08-15T08:47:01Z
UgwQTcWIamfo_89WczJ4AaABAg,@DeathAngel-fortnite,Drogba☠️,1,0,2025-05-21T05:13:55Z,2025-05-21T05:13:55Z
Ugw2tBVGRp8-4AtD2hN4AaABAg,@SbaLife-w9z,Soo drake had a daughter this whole time??😮😮😮,1,0,2025-05-13T01:53:05Z,2025-05-13T01:53:05Z
UgzhJxWJrt2UZI3SEVV4AaABAg,@Chxrryflvrr,AYYY HOPE DRAKE SAW DIS SHII,0,0,2025-03-29T20:44:50Z,2025-03-29T20:44:50Z
Ugx5IrAapIP7N4uhjXV4AaABAg,@browardcountyclown,5:01 is typo😭😭,0,0,2026-05-26T12:30:23Z,2026-05-26T12:30:23Z
UgxAUQZAbn869m56aaR4AaABAg,@luismilquiadesfabre7087,"bro buy, cooked and  eated drizzy 💀",1,0,2025-03-20T23:26:57Z,2025-03-20T23:26:57Z
Ugx04Vqyh6b04E1HU9t4AaABAg,@RanzaKidsTV,KDot is exposing even more than Katt did.  I hope folks are paying attention...,1,0,2025-03-16T02:48:53Z,2025-03-16T02:48:53Z
UgwdYxaGzYyKwXJCuAB4AaABAg,@betzaidaarellano7675,Lo mato 😂,0,0,2026-05-26T00:05:50Z,2026-05-26T00:05:50Z
Ugztb42KBB-1TL0H8Zx4AaABAg,@kylebarton2851,Dean Henderson 2025 song. Meet the Grahams. Palace cheated to their first major trophy ever,0,0,2025-05-17T20:01:24Z,2025-05-17T20:01:24Z
UgwTgUsvsr3O6TKNpHp4AaABAg,@EmmyTravelling,2025 anyone🤣🤣,1,0,2025-04-03T20:25:49Z,2025-04-03T20:25:49Z
UgzXDW2DD-z0tv_qQJZ4AaABAg,@RahulChauhan-co3xg,Don't use the Rope drake Rope break,1,1,2025-11-01T11:10:24Z,2025-11-01T11:10:24Z
Ugz0TwXKFO2lHgrc9mV4AaABAg,@MedárdMocsári,2009 varca chelsea,1,0,2025-04-18T14:42:34Z,2025-04-18T14:42:34Z
UgwkHailmK6tep1F9rB4AaABAg,@Eternal5007,"""I wish your grandpa would've wore a condom"" IS WILD",0,0,2025-06-10T17:31:18Z,2025-06-10T17:31:18Z
UgzVtbNi2W0mk2cSgXl4AaABAg,@AnthonyGroulx,« Cant understand me rn just play this when you 18 » juste imagine if He rlly doesn’t understand so He wait till 18 that would fkg break im,0,0,2025-04-10T23:50:45Z,2025-04-10T23:50:45Z
UgwzuZEo8Z2lRyedyV14AaABAg,@calebkjergaard3524,This song is the reason Drake hasn’t responded. And all of his supporters refuse to listen to it even after a year.,1,0,2025-07-12T18:52:25Z,2025-07-12T18:52:25Z
Ugx7sTxf9G7vsQYpYRx4AaABAg,@YSMofficial1,I think Tyler the creator also mildly dissed Drake in  take your mask off when he said that therapy needed and and take your mask off and tell them the truth,0,0,2026-02-12T00:09:08Z,2026-02-12T00:09:08Z
Ugzb930s1oyEqNNKbUN4AaABAg,@jeaneth0311,Barca Chelsea 🥷,1,0,2025-05-26T06:35:34Z,2025-05-26T06:35:34Z
UgyVjTcJFYcHjj-slPh4AaABAg,@keniajukaryrodriguezayala4160,Barça-chelsea 2009,0,0,2025-11-19T22:51:40Z,2025-11-19T22:51:40Z
Ugy-H5BCMCHsdAoaYC94AaABAg,@MathiasCastro-m9g,Barcelona vs Chelsea 2009,0,0,2025-01-25T18:10:07Z,2025-01-25T18:10:07Z
UgwX6JnD6Qcvq0VTF154AaABAg,@babyz3341,😮😮😮😮👀👀👀,0,0,2025-02-16T21:52:46Z,2025-02-16T21:52:46Z
UgyK8mN59oLeQVStiK94AaABAg,@René_borja_z,6 de mayo 2009,0,0,2025-05-22T16:53:34Z,2025-05-22T16:53:34Z
UgznZze8QjPWESHhIVd4AaABAg,@_ylci,4:32 Chelsea vs Barcelona 2009💀,0,0,2025-06-21T13:27:38Z,2025-06-21T13:27:38Z
UgzV6ZITkdeWZgg5Xo54AaABAg,@DayveonDavis,❤️‍🔥❤️‍🔥❤️‍🔥❤️‍🔥❤️‍🔥❤️‍🔥❤️‍🔥❤️‍🔥☺️,0,0,2025-07-18T00:35:52Z,2025-07-18T00:35:52Z
UgwjjFY6NKlY3tmhFN54AaABAg,@Uzairmalik-n2s,Meet the grahams 🗿,0,0,2025-09-02T13:35:05Z,2025-09-02T13:35:05Z
UgzlvBJkLYICm32fBWJ4AaABAg,@thatboilee,I wish he was my pops,0,0,2026-02-07T16:46:01Z,2026-02-07T16:46:01Z
UgyP6aK7rSVGVnKZOr54AaABAg,@ticktimpson,It’s the fact he said his real name and not Drake that’s how you know this song is serious,0,0,2025-05-05T20:00:53Z,2025-05-05T20:00:53Z
UgzSZJss9kxks_gbi_B4AaABAg,@Divine_99-m8c,Againnnnnnn,0,0,2025-04-06T20:45:08Z,2025-04-06T20:45:08Z
UgyWgCzbDJxuxDHo4wB4AaABAg,@bautistapollee011,Final del mundial 2026...,0,0,2026-08-28T22:19:49Z,2026-08-28T22:19:49Z
Ugz7vL7pnJQLgcXOfG54AaABAg,@havertzxz29,chelsea vs barcelona  2009,0,0,2026-02-06T00:20:21Z,2026-02-06T00:20:21Z
Ugy3O3-ImMFdlfW3cXt4AaABAg,@KamilGarliński,poland  -  sweden,0,0,2026-07-09T10:03:32Z,2026-07-09T10:03:32Z
UgzWtpKAlwdSPObPU7h4AaABAg,@hamino__rx,Chelsea vs Barcelone,0,0,2025-06-09T22:09:51Z,2025-06-09T22:09:51Z
Ugz0ziczWKMagRYxmAV4AaABAg,@won9865,Chelsea vs Barcelona,1,0,2025-03-11T11:11:47Z,2025-03-11T11:11:47Z
Ugwkk7Uy5OKtnKU1BPR4AaABAg,@fanb_military_vnzla,Barcelona 2008,0,0,2025-02-19T05:04:33Z,2025-02-19T05:04:33Z
UgztOHruQKkod96dIu54AaABAg,@8p63,4:30 meet the grahams,1,0,2025-03-21T20:23:35Z,2025-03-21T20:23:35Z
Ugz2TcVPWA-7wRkGrN54AaABAg,@ChatGPT-s4j3j,El Salvador-Panamá 2025,0,0,2025-10-11T16:00:33Z,2025-10-11T16:00:33Z
UgzWc_ZmMRITYpcOFHl4AaABAg,@McCheesyPickles,Beat the ground,0,0,2026-03-11T21:42:30Z,2026-03-11T21:42:30Z
Ugx69YJlWSlceuaPin54AaABAg,@sarim14427,Horror core,0,0,2025-03-26T18:01:50Z,2025-03-26T18:01:50Z
UgwOLO7fIc503QVAZ6V4AaABAg,@alb7844,The deepest part is the worse is yet to come....duhn duhn...duhn duhn 🎶.,0,0,2025-02-15T20:41:10Z,2025-02-15T20:41:10Z
Ugx0ZsPC0DLwlLbfR8d4AaABAg,@XeroLteRBLX,Chelsea vs barcelona 2009...,0,0,2025-05-08T08:44:46Z,2025-05-08T08:44:46Z
UgwwQh7jEoL6d1cDQ3B4AaABAg,@ศุภสัณห์พงศาปาน,Chelsea VS FC Barcelona 2009 🥶☠💀,0,0,2026-01-01T02:33:57Z,2026-01-01T02:33:57Z
Ugzh86-q0F-hxdxDDm54AaABAg,@cloudyimperfections5951,"This Mfka Kendrick dragged the tortilla chip through the sour cream, the salsa, the guacamole, the cheese, sprinkled some garnish, broke the chip, and left it there. Drake is the tortilla chip 😂😂😂🎉🎉🎉",2,1,2025-11-26T04:30:22Z,2025-11-26T04:30:22Z
UgzqLm18IgkD5yDx5tZ4AaABAg,@bombalzubi,Drogba No fair😂😂,0,0,2026-08-17T11:06:49Z,2026-08-17T11:06:49Z
UgwpXNrfkjiRejz2dEB4AaABAg,@Diecoolemelon,Argentina-Spain,0,0,2026-07-24T00:33:27Z,2026-07-24T00:33:27Z
UgwuQl_CvI657mCdto14AaABAg,@chaomealea5905,4:31 Oh nawh,10,1,2025-02-06T05:04:22Z,2025-02-06T05:04:22Z
UgwHY2TuHVe6dOonIjJ4AaABAg,@stephanycruz1858,Y empezó a sonar meet the grahams,1,0,2025-05-07T20:56:34Z,2025-05-07T20:56:34Z
Ugy4qvxYYQp17TaHiJt4AaABAg,@VictorLopez-g9m,hola mucho guso bienvenidona la casa de los gustos,0,0,2025-07-09T18:46:22Z,2025-07-09T18:46:22Z
Ugye05GhUpKTmP3a_DN4AaABAg,@lilduckie-t8w,i love chicken nuggerts,0,0,2025-09-24T09:54:41Z,2025-09-24T09:54:41Z
Ugxg_TPBK_mRVwHR_CN4AaABAg,@k.killerzxyes4041,The wanna got miss typed at 4:10,4,0,2025-01-19T03:58:11Z,2025-01-19T03:58:11Z
UgxXuEMXHBnlwqlPaKx4AaABAg,@lucasclegg-j1j,robbery song,0,0,2026-05-07T19:56:36Z,2026-05-07T19:56:36Z
UgwnJMqNKKT8MAUsyCR4AaABAg,@Blaklyon0,This song was the death of Drake... Not Like Us was the celebration of his demise...,1,0,2025-06-18T16:02:38Z,2025-06-18T16:02:38Z
UgzqFiq7BmXCc1BJYHJ4AaABAg,@AlijanMurza-Ometov,2009 barca vs chelsea,0,0,2025-08-10T15:15:08Z,2025-08-10T15:15:08Z
UgxR6qNKp0MGl5lWSBx4AaABAg,@VictorEliasMedrano,chelsea vs barcelona 2009,0,0,2025-01-21T17:24:34Z,2025-01-21T17:24:34Z
UgzTo5HslCYfWWOC1op4AaABAg,@larrybrown8537,Hesr me out. He said LeBron keep the family away then curry will you keep the family away? Was this a pretense to the Diddy raid?,1,0,2025-01-16T03:13:18Z,2025-01-16T03:13:18Z
UgzJHWwOE-QHLLUEdih4AaABAg,@IM_OMEGA226,4:35 😮,0,0,2026-07-30T15:36:54Z,2026-07-30T15:36:54Z
UgwGH_qHF5svYbxlSzd4AaABAg,@mancinitony44,"4:31 London, May 6, 2009 Stamford Bridge FC Barcelona VS Chelsea",0,0,2026-02-12T13:02:19Z,2026-02-12T13:02:19Z
UgwF27_eoFsPRF-885B4AaABAg,@WalidAbtit,"Barça VS Chelsea 
         2009",0,0,2025-02-04T21:06:24Z,2025-02-04T21:06:24Z
Ugx0r8FWsdR_H7Z_edB4AaABAg,@JahArmyFamily,This was the grave Digger way more than Not Like US,0,0,2025-05-11T16:32:21Z,2025-05-11T16:32:21Z
UgwLKZWR9nvdfqYzTD14AaABAg,@ZeLsYYYYY,drogba,1,0,2026-04-18T10:54:02Z,2026-04-18T10:54:02Z
UgxXYEOIvpYl7SYXm2t4AaABAg,@XxIgnaruizxX2,MEET THE GRAHAMS ROBO HISTORICO VALDELOMAR VS RIBEYRO,1,1,2025-04-11T02:26:20Z,2025-04-11T02:26:20Z
UgxKRxiARxACVMZ0SWd4AaABAg,@ArenAvetisyan-b1g,Chelsea-Barcelona 2009,0,0,2025-06-01T16:24:59Z,2025-06-01T16:24:59Z
Ugy5kxs4WKxdd4vBWot4AaABAg,@Nekoreiperezar,Barcelona VS Chelsea 2009.,0,0,2025-04-30T14:44:39Z,2025-04-30T14:44:39Z
Ugw1k2zb-xBffnoL0kl4AaABAg,@JohnNguthi,Kendrick is the best of the best,0,0,2025-04-08T14:45:35Z,2025-04-08T14:45:35Z
UgySALHSVC44MDFsSr54AaABAg,@IbrohimNuriddinov-u9n,Drogba,1,0,2025-08-04T21:54:05Z,2025-08-04T21:54:05Z
Ugxw_WiuW2IGS5-Wh2Z4AaABAg,@chadaddy785,I wonder how drake felt when he saw the lyrics,0,0,2025-06-18T21:38:14Z,2026-02-13T00:03:55Z
UgwIp25Wv_gyNGVDI9Z4AaABAg,@Modern14h,Barcelona vs Chelsea 2008 😂,0,0,2026-02-06T17:50:05Z,2026-02-06T17:50:05Z
Ugw2WmQWeEihso8ZDUx4AaABAg,@bobi-pd2yc,It was to diss him not to end him,0,0,2025-01-21T19:12:22Z,2025-01-21T19:12:22Z
UgztXmQzJGQJlqz-Q814AaABAg,@MANUALSDFSOIDF,Barcelona - Chelsea 2009,0,0,2025-06-24T21:31:35Z,2025-06-24T21:31:35Z
UgzHHnrWjqFr0eJ0aNl4AaABAg,@Alperen_Senguuuuuun,4:29 best,0,0,2025-02-17T17:45:03Z,2025-02-17T17:45:03Z
UgzkjC7hPgSGtAs3Ikd4AaABAg,@Alperen_Senguuuuuun,4:29 best,0,0,2025-02-17T17:44:43Z,2025-02-17T17:44:43Z
UgxHfcg40w9Ucn3Pl-B4AaABAg,@Alperen_Senguuuuuun,4:29 best,0,0,2025-02-17T17:44:13Z,2025-02-17T17:44:13Z
Ugzuv4pSGpsid0OgWz14AaABAg,@rpbqthegreat,"dear adonis,",0,0,2025-09-17T18:28:33Z,2025-09-17T18:28:33Z
UgyoX0Z9M0-Yu4fO-sV4AaABAg,@Alperen_Senguuuuuun,4:29 best,0,0,2025-02-17T17:45:16Z,2025-02-17T17:45:16Z
UgypMH9xvAqbr7_ttCx4AaABAg,@mariadelosangelesrodriguez952,15 atracos 😂😂😂,0,0,2025-05-20T02:30:04Z,2025-05-20T02:30:04Z
UgyuCZfs-WzycszDtLZ4AaABAg,@lorenaoanea-ut9px,Chelsea vs. Barcelona 2009,0,0,2025-05-29T18:52:32Z,2025-05-29T18:52:32Z
UgzVetIBzUMZQ2LU3b54AaABAg,@RandomNottinghamForestFan-w1u,"4:29 football fans, this is what you came for",0,0,2025-05-09T17:36:31Z,2025-05-09T17:36:31Z
UgzIKhcWURPv4TEqPKB4AaABAg,@roovraoel8572,Barca vs chelsea 2009,0,0,2026-05-30T19:26:02Z,2026-05-30T19:26:02Z
Ugw9aq1GU_QLZ-RdgUl4AaABAg,@FurkanRamadani-s5o,Chelsea vs Barcellona 2009,0,0,2025-06-01T12:27:11Z,2025-06-01T12:27:11Z
UgxWTlPfg8NTFCN4Yv14AaABAg,@adamhaklı24,Chelsea barcelona 2009,0,0,2025-11-20T14:54:35Z,2025-11-20T14:54:35Z
UgwzfabhAIPGEWagEMx4AaABAg,@enigmaplaysmoba,I would have taken my life if someone dissed me so bad😂😂,1,1,2025-03-07T19:08:55Z,2025-03-07T19:08:55Z
UgzVQQhzFM64i5bPEaR4AaABAg,@o3tamhiphop,He got dug beyond his grave,0,0,2025-08-18T04:08:40Z,2025-08-18T04:08:40Z
UgysCJqO_PAWF5Ak4zh4AaABAg,@MATEOXX273,Vi las palabras de los árbitros y enpezo a sonar,0,0,2025-04-26T03:11:01Z,2025-04-26T03:11:01Z
UgxVoEl99XYSMjXBHQd4AaABAg,@Jesus-n2p6c,1.25x way better,1,0,2025-02-08T18:10:37Z,2025-02-08T18:10:37Z
UgwAX2SvCzs0-l-1qXl4AaABAg,@babayefv_x,Barcelona Chelsea 2009,0,0,2025-06-06T13:21:08Z,2025-06-06T13:21:08Z
UgydYsfAfpivIIjmLjZ4AaABAg,@AbdullahFakhoury-g3m,🇯🇴vs🇲🇦,1,0,2025-12-19T12:38:28Z,2025-12-19T12:38:28Z
Ugx3MpGhz8zjls1WaO14AaABAg,@Mrcapivar4,Drogba Gif song:,0,0,2026-06-10T22:38:57Z,2026-06-10T22:38:57Z
Ugy5crUyPY9i1Xzqcyh4AaABAg,@壮真0719,Drogba,1,0,2026-01-27T16:06:54Z,2026-01-27T16:06:54Z
UgwVa3SccOwn4ziDINN4AaABAg,@slimstrumentalz_ai,My first time listening this is evil 😂,0,0,2025-05-04T16:02:14Z,2025-05-04T16:02:14Z
UgziHIoxmeqsmLj0Xot4AaABAg,@kattaleyakenchinepedraya7807,"My family's chance's time is ticking my departure is near and the dropping of bombs of truth is near too, my blood is running cold as they keep loosing time this family finna turn tables all shits and problem gonna be revealed.",0,0,2026-08-04T17:00:08Z,2026-08-04T17:00:08Z
UgxlDCzcXZ90Rf1n9IV4AaABAg,@Chasingclouds111,Is he referring 11 as in Millie  Bobby ?,0,0,2025-02-11T20:45:58Z,2025-02-11T20:45:58Z
Ugwxqc040nVLRyaiu3d4AaABAg,@Dillon-ramires,2009,0,1,2025-10-28T00:29:22Z,2025-10-28T00:29:22Z
UgzB64takeQBeStSwyx4AaABAg,@Drim_Angels,Uefa songs,2,0,2025-02-13T20:47:36Z,2025-02-13T20:47:36Z
UgxPlHm1DjR3YE-LfrV4AaABAg,@Rapid3009,4:29 tiktok part,0,0,2025-05-08T12:38:30Z,2025-05-08T12:38:30Z
Ugz8o-cWKla1BfwtP-V4AaABAg,@NicoRalli,4:29 Barcelona-Chelsea,0,0,2025-05-29T14:15:46Z,2025-05-29T14:15:46Z
UgzGxe8w9DsiFOhVckl4AaABAg,@r1ot-327,Chelsea vs Barcelona 2009,0,0,2025-09-15T17:08:38Z,2025-09-15T17:08:38Z
UgxGAqfFZGvpJx0Kxlp4AaABAg,@ZENOfx14,fifa rigged,2,0,2026-07-17T14:13:12Z,2026-07-17T14:13:12Z
UgzTYB_TJ9E5nDb5cG94AaABAg,@felipeguelfi4231,This is pure evil 😭😭😭,0,0,2025-03-23T04:56:37Z,2025-03-23T04:56:37Z
UgyZEkbolFXdYVuf5LN4AaABAg,@loudmoufza,lmao nah kendrick is sick for this,0,0,2026-06-21T12:31:53Z,2026-06-21T12:31:53Z
Ugzd9LYqfY_gwx-Ac654AaABAg,@obamty,"the whole six minutes is just Kendrick hating the fuck on drake
i love it btw",0,0,2025-05-23T16:42:36Z,2025-05-23T16:42:36Z
Ugw4ILd-qIQbhUt8S7h4AaABAg,@IzlanSyukri,Barca vs Chelsea 2009,0,0,2026-05-17T06:24:19Z,2026-05-17T06:24:19Z
Ugy1ocegNT6N8wiFpIV4AaABAg,@LEYXTO,Chelsea vs Barcelona 2009,0,0,2025-06-01T13:20:30Z,2025-06-01T13:20:30Z
UgwkJd5PlBkW0XOOrMN4AaABAg,@LeovivaelMadrid,Chelsea barcelona 2009 en la vuelta,0,0,2026-01-18T10:57:34Z,2026-01-18T10:57:34Z
UgwQg46c8D0r9MzRYNF4AaABAg,@pease1056,Chelsea vs Barcelona 2009,0,0,2025-04-21T19:33:42Z,2025-04-21T19:33:42Z
Ugw4X7JglkMPU5sjNAh4AaABAg,@RamziddinSaidmurodov-z5n,Chelsea vs Barcelona💀,0,0,2025-09-25T05:42:26Z,2025-09-25T05:42:26Z
Ugz2ovYTcCPac9eCI-R4AaABAg,@LifeWitBigT,Drake is prolly crying dead ass,2,0,2025-06-25T23:26:34Z,2025-06-25T23:26:34Z
Ugyv3lZBZrBwhL9dAfd4AaABAg,@keahgibbs9044,🤣😂🤣😂🤣😂🤣😂🤣😂🤣😂🤣😂🤣🤣,1,0,2025-04-11T12:09:22Z,2025-04-11T12:09:22Z
Ugxc4Yp5CcnNtaMp48N4AaABAg,@Duckes111,Barcelona chelsea 2008,0,0,2025-05-06T12:22:50Z,2025-05-06T12:22:50Z
UgxQH15by6I5T92CIrp4AaABAg,@NemanjaRancic-v4w,Barca vs chelsea  2009,0,0,2025-06-07T00:35:12Z,2025-06-07T00:35:12Z
UgxQTWqMpLWkZ1DV_U14AaABAg,@Nilda-r7m,Barca va chelsea 2009,1,0,2025-06-18T19:47:44Z,2025-06-18T19:47:44Z
Ugz9t2hrcU1V4WoNn7Z4AaABAg,@lisahagen1656,I’m Canadian and I’m team Kendrick,0,0,2025-12-20T02:41:48Z,2025-12-20T02:41:48Z
UgzqRw-5PJcLnW2eMTt4AaABAg,@oskarandraschko4077,Barca vs Chelsea robbery,0,0,2025-01-30T11:36:28Z,2025-01-30T11:36:28Z
Ugyyi5tCx8JD-98YnVF4AaABAg,@Roughsymphony,Can't listen to drake song the same after kdot diss him😂,0,0,2025-05-24T18:27:32Z,2025-05-24T18:27:32Z
Ugx-2qb9Xzl8AdCJKOh4AaABAg,@Evolution68,Meet my grandma,0,0,2026-08-13T15:03:38Z,2026-08-13T15:03:38Z
Ugxoqwqu5s06Qp_46SV4AaABAg,@komandokuervo,Barça chelsea 2009,0,0,2026-07-15T14:52:04Z,2026-07-15T14:52:04Z
UgwPbCP3NfhJCSpGp_x4AaABAg,@AshkanArkan-5939,4:37 Barcelona vs Inter😕🖕,2,0,2026-08-03T16:52:29Z,2026-08-03T16:52:29Z
Ugy7j3wQlT3K_uu910t4AaABAg,@EmmaLauberbach1904,I genuinely don't get how people think Drake makes better disstracks then Kendrick.,3,2,2026-02-16T09:06:29Z,2026-02-16T09:06:29Z
UgyOY5UjN9nsXhUgkMh4AaABAg,@myriamlambert3925,Name,0,0,2025-09-01T20:32:01Z,2025-09-01T20:32:01Z
UgwXZh5p_cS7q9Qr7Lh4AaABAg,@IAmTheRealRoto,5:52 best part and 4:28,0,0,2025-05-10T17:34:30Z,2025-05-10T17:34:50Z
UgytDLZC7L7qhV5KUbV4AaABAg,@manuvzi,chelsea vs barca,0,0,2026-07-25T10:48:59Z,2026-07-25T10:48:59Z
Ugyd5m-8cdZwNl-wbhB4AaABAg,@jorgecarranza1276,Chelsea Barcelona 2009 semifinales,0,0,2025-05-31T18:11:02Z,2025-05-31T18:11:02Z
UgzaBZT1iJ-fKqlp4hJ4AaABAg,@jorgecarranza1276,Chelsea Barcelona 2009 semifinales,0,0,2025-05-31T18:10:55Z,2025-05-31T18:10:55Z
Ugw0UIFCzZwWp9fO9Vt4AaABAg,@MarcoCeliento,Chelsea vs Barça 2009,0,0,2025-06-13T14:23:25Z,2025-06-13T14:23:25Z
UgzsliscPdaEbephGeV4AaABAg,@dynamik014,4:32 2009 Chelsea vs varcelona,0,0,2026-02-12T08:41:12Z,2026-02-12T08:41:12Z
UgypD9qI6Fu9bXyEHMd4AaABAg,@inesified,5:53,1,0,2025-09-13T16:56:39Z,2025-09-13T16:56:39Z
UgxvR4TlglqQPaY8pDZ4AaABAg,@UlisesReyes-i7h,2009 Chelsea barca,0,0,2025-05-08T20:15:39Z,2025-05-08T20:15:39Z
UgzUggI3ZCdD1opvynl4AaABAg,@JoshSeverson-t1i,Hammy downs....?,0,0,2025-05-07T20:22:22Z,2025-05-07T20:22:22Z
UgxNhaBSI3tTgRch-LB4AaABAg,@Whatisgood1042,Kendrick you lied about majority of the allegations,1,0,2026-03-09T14:02:12Z,2026-03-09T14:02:12Z
Ugw6OOaMjiWV4zY0-8l4AaABAg,@Lilly-q2z,I feel bad for his daughter I don’t wish death on drake but I wish him pain,0,0,2025-02-10T20:39:45Z,2025-02-10T20:39:45Z
UgxKrOyUYyAoC29T9ft4AaABAg,@MisterInternetPerson,"6:24 wait, i notice something
This part is a sample from the Shinji theme ins't?
If it is, then i am a genius
If not, then i am dumb",0,2,2025-01-17T01:43:38Z,2025-01-17T01:43:38Z
UgwGbbcjCQlWKwLkaS54AaABAg,@Tike-AB,Barca vs Chelsea 2009,0,0,2025-06-10T19:19:02Z,2025-06-10T19:19:02Z
Ugwx_3ngF7YzOG05tud4AaABAg,@FabianVillalobos-u2n,4:35 meet the grahams,0,0,2026-01-20T03:54:14Z,2026-01-20T03:54:14Z
Ugz-JYW6yJXkIgeBzUZ4AaABAg,@tameekafraser4693,😢 drake really died omg I miss him so much❤😢😮😮😮😮😮😮😮HE KILLED HIM WITH THE NIFE OMG HE IS BEEDING OMG I MISS HIM SO MUCH RIP DRAKE A  KNIFR !!!!!!!!!!!!!!!!😢😢😢,0,0,2025-04-09T20:33:33Z,2025-04-09T20:33:33Z
UgxmYwKIxOBidyINBfx4AaABAg,@user-ttdar,4:35 meet the grahams,0,0,2025-06-17T11:08:54Z,2025-06-17T11:08:54Z
UgzqIMHAAEo6rTJaF3l4AaABAg,@FlamioCheetos,Who here in 2025,5,1,2025-03-23T17:08:15Z,2025-03-23T17:08:15Z
UgxdM-0wiFQt9pUIaoB4AaABAg,@elpro-kp2pp,4:31,1,0,2025-08-11T23:18:49Z,2025-08-11T23:18:49Z
UgyNELOlVvXsKRsrHT14AaABAg,@5danorsome-68,Chelsea vs Barca,0,0,2026-08-30T17:22:38Z,2026-08-30T17:22:38Z
UgwjE7V_BQAExPvjFSp4AaABAg,@teycha1-z4w,Kendric is definitely winninggggg,0,0,2025-04-03T02:46:59Z,2025-04-03T02:46:59Z
Ugy200mDW6LDYXeEVkl4AaABAg,@BleartVitija,Who comes from barca vs chelsa 1st lg 2009,0,0,2025-07-02T08:01:13Z,2025-07-02T08:01:13Z
Ugz5Wb7BSHYJdQmZg9l4AaABAg,@damarcusking9014,He roasted Drake so wickedly smh,0,0,2026-05-06T03:43:28Z,2026-05-06T03:43:28Z
UgzIS1Fo_LpoQkjhf5Z4AaABAg,@PeterGwala-x6s,"Why believe you,, you Neva gave us nothing to believe in,,that voice 😅😅😅so fuckn funny",0,0,2026-03-18T17:10:35Z,2026-03-18T17:10:35Z
UgwPcqzbgX8VRjPgrwV4AaABAg,@MissRiss-1,I like Kendrick and I think he’s talented and all but I think he is beyond over rated.. I said what I said and I meant it ❤,1,0,2025-04-01T15:38:12Z,2025-04-01T15:38:12Z
UgxtFbIqB_teJLwSJxl4AaABAg,@xd_razer0217,"Im glad he bought all this info out to the public  but what came out of it? None of the victims that kendrick talked about got justice, drake is still a free man, and sex offenders at ovo are still getting paid and kendricks peers themselves (pusha, jayz etc.) are involved in diddy and Epstein shi... I feel like all of the claims are true but he used them to his advantage to win the beef not to bring justice, otherwise he would've called out all the weirods in the industry instead of collabing w carti a month later",1,0,2026-05-16T12:56:52Z,2026-05-16T12:57:01Z
UgwAOw778whXHCEFLWJ4AaABAg,@protegelanaturaleza,15:00,0,0,2025-05-23T22:20:53Z,2025-05-23T22:20:53Z
UgxBX0EKs0QXSNRZRRl4AaABAg,@losprimiñosxd,4:30 meet the grahams,0,0,2025-08-03T19:31:02Z,2025-08-03T19:31:02Z
Ugy9pb1l7qUfOvleRBV4AaABAg,@Zykysh,Real Madrid - Bayern Munich 2017 2024 😞😞😞,1,0,2025-10-15T04:44:36Z,2025-10-15T04:44:47Z
UgwIx5Y4qijey2V9uZx4AaABAg,@Navyacekk,Chelsea barca 2009,0,0,2025-06-02T12:05:03Z,2025-06-02T12:05:03Z
UgyMNWLMXs4OeZm-Tmt4AaABAg,@AzzerFazzR,I'm starting to feel bad for drake😭🙏,0,0,2025-04-04T04:21:27Z,2025-04-04T04:21:27Z
UgwVClLrzNIktoJlbBF4AaABAg,@GustawReinshreibern,Chelsea Barca 2009,0,0,2025-04-25T22:56:34Z,2025-04-25T22:56:34Z
UgzCgSgLlKCaiJbASPJ4AaABAg,@ihsanenser3642,4:30 chelse 1-2 Barcelona robbery,0,0,2025-06-11T20:59:15Z,2025-06-11T23:52:20Z
UgyC7zGa6WKlYVQkyUd4AaABAg,@Madventures-y3d,Yeah drake is deep fried,0,0,2025-03-23T12:36:14Z,2025-03-23T12:36:14Z
UgzIgvAIliNF2eKxQsV4AaABAg,@AnnieTurk-Rachwal-qz2lf,"Can someone please tell me why J Cole is mentioned in these comments?
How is he involved with the feud between Drake and Kendrick? Thanks in advance.",0,0,2025-04-02T15:17:01Z,2025-04-02T15:17:01Z
Ugw3mH3Kpdw9MRRtBI14AaABAg,@KevinFowlkes-z4q,Kendrick is winning 🎉🎉,0,0,2025-06-12T21:50:01Z,2025-06-12T21:50:01Z
Ugx-AwNYcOuHJSq_ozB4AaABAg,@Un_fan100,Real Madrid vs Bayern Múnich 2018,0,0,2026-08-18T22:46:47Z,2026-08-18T22:46:47Z
UgxBo1Th_v9WCQFZaYJ4AaABAg,@ronryan3210,"Hello, police? I'd like to report a murder. Yeah, he wrote a song to Drake's entire family. No, I don't think Drake will ever recover from this.",1,0,2025-08-28T14:47:14Z,2025-08-28T14:47:14Z
UgwFoU8w24SjAI1K8XJ4AaABAg,@RushEdits-g3z,Argentina vs Netherlands,0,0,2026-07-12T19:11:08Z,2026-07-12T19:11:08Z
UgwHVLmRpgmS4VTSx4Z4AaABAg,@Dumb_shorts,Meet my grandma,0,0,2025-07-19T23:52:52Z,2025-07-19T23:52:52Z
UgzmR06-pFUpeMlv2PN4AaABAg,@eteofilo82,Meet my grandma,0,0,2025-07-19T23:52:52Z,2025-07-19T23:52:52Z
UgwWqluNBZqoTkQExut4AaABAg,@Savechat-rs7zx,4:27 - Beat Part,0,0,2025-03-24T18:37:24Z,2025-03-24T18:37:24Z
Ugxex9_XnITqDmaYKvd4AaABAg,@MeMean2,Who is back after the Lawsuits? Kendrick saw straight through bol.,0,0,2025-01-17T01:12:21Z,2025-01-17T01:12:21Z
Ugy_MPtnLeazNq6k3c14AaABAg,@inesified,4:29,1,0,2025-03-02T07:28:43Z,2025-03-02T07:28:43Z
UgxEiW4ZhwmxGbCmfjZ4AaABAg,@IsaRahimberd,Chesea vs Barcelona 2009 gymn,0,0,2025-05-01T05:21:43Z,2025-05-01T05:21:43Z
UgwVB5Z8Re25_5C2Nzh4AaABAg,@Arm56666,Barca Chelsea 2009,0,0,2025-12-28T15:05:05Z,2025-12-28T15:05:05Z
UgyCHZMO_YvVPsO-H_54AaABAg,@vaxho,Chealse vs Barca 2009,0,0,2025-04-07T18:02:20Z,2025-04-07T18:02:20Z
UgxdL6_CEDDUeQslR8l4AaABAg,@kidvars,4:32 Drogba,0,0,2025-11-05T07:15:20Z,2025-11-05T07:15:20Z
Ugy1y1YkFoZfTOybs4h4AaABAg,@avikz4425,Is this music,1,0,2025-03-02T16:25:43Z,2025-03-02T16:25:43Z
Ugw6bRjo4s20v_ycTsN4AaABAg,@gyatmaster77-s6w,yo can someone comment all the lyrics? lwk i just need to copy and paste it,0,0,2025-12-04T05:16:09Z,2025-12-04T05:16:09Z
Ugx4tI0wowlr-uEy72l4AaABAg,@CitrusKofola,Drogba probably listened to this,0,0,2025-07-31T08:57:33Z,2025-07-31T08:57:33Z
UgwKOeUP8xInZ77cxHZ4AaABAg,@LaurenAppiah,Respectfully diss,0,0,2025-02-15T18:18:44Z,2025-02-15T18:18:44Z
UgyDxRbMZp2e0hdOLDZ4AaABAg,@SebasMachi-yt5dl,Spain-France,0,0,2026-07-16T00:31:11Z,2026-07-16T00:31:11Z
UgwIV3twDiu0-IY5wiB4AaABAg,@BrandonEscoffier,💭,0,0,2025-10-13T19:14:33Z,2025-10-13T19:14:33Z
UgxDYajokL7MVPEqj094AaABAg,@lukenianogueira2981,Barcelona x chealsea 2009,0,0,2025-06-02T14:21:43Z,2025-06-02T14:21:43Z
Ugzhm2cyroXKfIBRCpx4AaABAg,@clintonmercer2520,Drake crossed into the North Korean side.... and never escaped after that intense torture Kendrick gave him 😂😂😂😂😂,0,0,2025-02-18T03:47:10Z,2025-02-18T03:47:10Z
UgzRwUn7xKvtDkKZQgd4AaABAg,@YahyaFF-b3m,2009/5/6,0,0,2025-12-29T12:13:41Z,2025-12-29T12:13:41Z
Ugyp2S3PnIYIiQzLhVl4AaABAg,@hotvdshokhhh5145,dROGBAAAAAAAAAAAAAAAAAAAAAAAAAAAAAAA,0,0,2025-06-03T13:31:09Z,2025-06-03T13:31:09Z
Ugz-oHjU-HbfYtMYMbV4AaABAg,@Dávizito_oficial,Drogba  vs  Barcelona music,0,0,2026-07-27T14:29:38Z,2026-07-27T14:29:38Z
Ugzyvz-jkZNmvyBQQO94AaABAg,@TeaJaniashvili,Pov my mach,0,0,2025-12-09T11:56:15Z,2025-12-09T11:56:15Z
Ugxur3yi4WeNlBf3plt4AaABAg,@BOSSMANcj-gp9tr,"🤔🤔All KENDRICK IS DOING IS🤯""SPEAKING THE TRUTH🤯"" n the World don't like that SHIT",2,0,2026-05-18T22:17:22Z,2026-05-18T22:17:22Z
UgxGSR-Y7I21ynLlvFN4AaABAg,@eren_yeager7i7,Barca vs Chelsea 🥀🥀,0,1,2025-10-22T17:57:21Z,2025-10-22T17:57:21Z
Ugw-16LASE5D6QgRjAJ4AaABAg,@pandoramdr,can someone explain,0,0,2025-09-14T12:44:11Z,2025-09-14T12:44:11Z
Ugxnm3zLGKGHiLmYu9B4AaABAg,@mariaguadalupenava,"H
H
H
H
H",1,0,2025-05-01T18:20:00Z,2025-05-01T18:20:00Z
UgykfOT5xhuzzmRlmgB4AaABAg,@zoheart7658,5:46,0,0,2025-05-03T18:20:54Z,2025-05-03T18:20:54Z
UgzsEubYM6baVPNkpVR4AaABAg,@BrittanyDobson-m1i,1:49,0,0,2025-06-07T16:16:45Z,2025-06-07T16:16:45Z
UgzLKvYmuDfwPMppgJl4AaABAg,@JACOBXMADRID,Sigma 1:09,2,1,2025-07-03T01:50:19Z,2025-07-03T01:50:19Z
UgyV8_07PzrgR12d_8t4AaABAg,@JonathanEmmasi,DAMN!! this is why EMINEM has high respect for KENDRICK,4,0,2025-01-14T03:57:57Z,2025-01-14T03:57:57Z
UgyZ_za2VQDEu3k8lYZ4AaABAg,@HectorShakirRM15,20:09?,0,0,2025-04-08T03:35:46Z,2025-04-08T03:35:46Z
Ugzo0d_gLVu2zA7g7kp4AaABAg,@ChristopherFuller-q6u,This is crzy,0,0,2025-11-27T16:21:19Z,2025-11-27T16:21:19Z
