comment_id,author,text,like_count,reply_count,published_at,updated_at
UgzhjkF0NgyolIK0FPh4AaABAg,@allainataylor-dancy4674,Damn…the thing is Drake diss not even trash its just that Kendrick SNAPPED. Crazzzzyyy,5192,207,2024-05-01T00:03:02Z,2024-05-01T00:03:02Z
UgyQ0AJmAnc_hfeTmch4AaABAg,@ashiqinihsan2750,"Drake: metro shut yo ass up and make sum drums 

Metro: BBL drizzy",4418,45,2024-05-12T03:15:28Z,2024-05-12T03:15:28Z
UgygC3tADEL68DCSZ0B4AaABAg,@charlesa3505,"drake: personal attacks

kendrick: soul attacks",7865,89,2024-05-02T21:15:25Z,2024-05-02T21:15:25Z
UgyV10b4ZFsS-9Bhuj54AaABAg,@AshenFates,Crazy this was a actual good diss and bro got obliterated right after 😭,1462,71,2024-07-05T02:38:03Z,2024-07-05T02:38:03Z
Ugwd5bsp8NAzCpjHRwR4AaABAg,@Elgato1221,"This song is actually pretty dope, but Kendrick is just on another level. It wasn’t a contest in the end.",1684,83,2024-05-11T08:51:23Z,2024-05-11T08:51:23Z
UgwjyrjcjkzdPm5Jkht4AaABAg,@rashadmiddleton1493,"“I like Drake with the melodies, I don’t like Drake when he act tough”",2874,98,2024-05-01T12:44:13Z,2024-05-01T12:44:13Z
UgyIJhqZIvfYsuPypZh4AaABAg,@bigeuphoric517,Drake got all his ghostwriters on a comically large table with this one 🔥,954,27,2024-05-06T12:01:38Z,2024-05-06T12:01:38Z
UgzcTuW6mW-24r_Pf-B4AaABAg,@tvbuu,"Drake should've kept this energy the whole battle lol, he ate on this track",216,14,2025-05-29T18:08:14Z,2025-05-29T18:08:14Z
Ugyu9UZQBshpWg05bLp4AaABAg,@ronaldharris2543,"“I just got em done, don’t make me chip a nail” that’s just something I wouldn’t say in a diss track 😂",1610,39,2024-05-01T00:50:10Z,2024-05-01T00:50:10Z
UgzyQJBu4AaJEPj8pb94AaABAg,@mmr0221,"Drake the type of guy to lose his TV remote and say ""If I was the TV remote, where would I be?"" when looking for it.",2374,34,2024-05-15T13:36:50Z,2024-05-15T13:36:50Z
Ugxssoa7bWifK9AOXLB4AaABAg,@Nicksrgnt,"“Just got em done, don’t make me chip a nail” 

Bro needs to fire whichever ghost writer gave him that.",1496,34,2024-05-01T18:19:48Z,2024-05-01T18:19:48Z
UgziuvgD8x7DGmsFTYF4AaABAg,@neverbeganforme,3:32 I love the way he delivers this last line. So much contempt and betrayal in his voice,9,0,2025-06-14T02:04:52Z,2025-06-14T02:04:52Z
Ugx38sFBkrz1G8JNY1Z4AaABAg,@thedjdiamondmagician351,"Damn drake really is a master manipulater, he really got these people thinking that this shit hard 😭",2030,140,2024-05-01T21:47:49Z,2024-05-01T21:47:49Z
UgzBuCfmBJQFNj4ws5F4AaABAg,@mmr0221,Drake the type of guy that laughs with his bros and says “I really needed this guys”,817,6,2024-05-15T13:34:01Z,2024-05-15T13:34:01Z
UgymyelAZ9JnaDiIeVh4AaABAg,@TypeErrorDev,lol I’m not a Drake fan but that metro stray had me dying lmaoo,1531,22,2024-04-20T23:00:58Z,2024-04-20T23:00:58Z
Ugzz-aFgpEZphFkNn6h4AaABAg,@kingbafanyle4135,Feels like a couple months ago . This track is deep,2,0,2025-12-05T05:53:08Z,2025-12-05T05:53:08Z
Ugxuer2tukUe2JqMrNt4AaABAg,@brandonbrown650,Euphoria gang wya 😤,409,9,2024-05-01T03:11:56Z,2024-05-01T03:11:56Z
UgxKyROY65PPDdg4gxJ4AaABAg,@Kevin12321,"Hip hop is foreal comin back. I’m
Here for it",519,12,2024-04-19T16:08:19Z,2024-04-19T16:08:19Z
UgyBx7WEN9umH4inM-N4AaABAg,@mtyplaydabeatt,Who’s here after euphoria?💀,12395,765,2024-04-30T16:38:30Z,2024-04-30T16:38:30Z
UgzP6BlYkbIPAkMNuzF4AaABAg,@jerseydevil1,LMAO THIS THE BARK WIT THE LAWSUIT  😂😂😂😂😂😂😂😂 going out sad,88,6,2024-11-26T05:18:07Z,2024-11-26T05:18:07Z
UgyQL178qjmCKjIg0K14AaABAg,@lototoa97,Flow wise this is tough! But lyrically it's like soundcloud bars tbh 😂,827,26,2024-05-01T20:04:56Z,2024-05-01T20:05:08Z
Ugzf6Zpk_H7qObQrH_x4AaABAg,@jaredlangley4949,Who's here after Kendrick responded 😮,3809,212,2024-04-30T16:01:07Z,2024-04-30T16:01:07Z
UgxS8gKQ-nUAZXXr6qp4AaABAg,@Unknown_71-y2e,I aint even a drake fan but he went hard on this 💪🔥,186,15,2024-05-22T18:38:45Z,2024-05-22T18:38:45Z
Ugxs8KLGa3pAgUKUkDZ4AaABAg,@PrimeTNT23,Drake fr told metro to make some drums and now the whole damn community is tossing Drake into the trash and dissing the shit out of him,12,0,2024-07-25T15:21:38Z,2024-07-25T15:21:38Z
Ugxp-HHcdKiJe-v7WlF4AaABAg,@NicolasBocancea,“ this aint a 20v1 this a 1v20 if i gotta smack people that writes whit you”😂,1748,43,2024-04-30T16:18:32Z,2024-05-02T18:02:01Z
Ugw_8rvweaT3PY0rYyt4AaABAg,@wumplesgumples,Drake really the guy to say “whoopsie daisies” when he drop a plate,244,3,2024-04-30T16:34:51Z,2024-04-30T16:34:51Z
UgzIuKlAkLtJ3lHEbp94AaABAg,@billybalck,gotta respect the 1v20 🫡,970,138,2024-04-18T15:09:33Z,2024-04-18T15:09:33Z
UgxS6BA5NQzBa5r73MR4AaABAg,@Skibidi_slayer124,I just like this song,11,0,2024-08-26T21:55:55Z,2024-08-26T21:55:55Z
Ugx4P82zhmOSm2rtFqF4AaABAg,@rellgreen6558,He hired everyone in the game for this,159,3,2024-04-20T01:49:19Z,2024-04-20T01:49:19Z
UgyZMlQjNaCHqVuXcXp4AaABAg,@teew851,"This is my first time hearing this song, I heard Euphoria first and to say I’m underwhelmed is an understatement. Drake can’t hang with Kendrick lyrically.",426,17,2024-05-02T02:29:26Z,2024-05-02T02:29:26Z
Ugzi_mJVCcgToad9ZT14AaABAg,@destineealexis8045,Kendrick got this one beat with euphoria 👏💯,82,0,2024-05-01T15:01:39Z,2024-05-01T15:01:39Z
UgyVKbqnvc3VZn33FLF4AaABAg,@freestyleking12345,Drake snapped,3,0,2026-01-17T05:20:27Z,2026-01-17T05:20:27Z
Ugyip_A8hkPaSIbSG2R4AaABAg,@adrzl0026,This is literally every drake song in the past 10 years and dudes are loving it. This why I can't argue with his fans,210,11,2024-05-02T22:16:44Z,2024-05-02T22:16:44Z
UgxaBN0P9P74B-hS9Lp4AaABAg,@typerry33,So much has happened since this song i legit forgot it came out for a sec😂 what a time to be alive,20,0,2024-05-04T05:07:46Z,2024-05-04T05:07:46Z
UgxffvNqNDRViP7Y-7x4AaABAg,@wreniety,This is honestly... pretty good,85,10,2024-07-21T09:45:35Z,2024-07-21T09:45:35Z
UgyvmNzXCiFkYfgtI7R4AaABAg,@cruluis78,"Drake really said ""No more Mr. Nice guy""",478,11,2024-04-20T21:04:32Z,2024-04-20T21:04:32Z
UgzqxkIUnVghd-UKGJV4AaABAg,@edwardrobertson1236,Everytime i hear pipsqueak pipedown it cracks me up 😂😂,69,1,2024-06-19T03:11:57Z,2024-06-19T03:11:57Z
UgyV0j9g5T5ccUIRmEZ4AaABAg,@pleasantness1704,"Drake really went from ""DROP DROP DROP"" to ""STOP STOP STOP"" 🤣🤣🤦‍♂️",337,9,2024-05-30T08:26:01Z,2024-05-30T08:26:01Z
UgwiUmnaAw-y4gvvFeJ4AaABAg,@MartinusHowoseb,If drake actually drop a music video thjs shit can be big...,1,0,2025-02-17T08:23:29Z,2025-02-17T08:23:29Z
UgxntF4MlRT-C_Wy6y14AaABAg,@Firstname-vv5cs,"I ain’t choosing sides , this shit crazy tho mfs gonna get caught in some crossfire.  🍿 🛋️ enjoying this. Best bars drake ever dropped",166,19,2024-04-19T15:06:51Z,2024-04-19T15:06:51Z
Ugxm7vcQxeQyUcF-H8J4AaABAg,@fruzzle3352,Drake better give that ghostwriter a couple mill,286,8,2024-04-20T00:35:49Z,2024-04-20T00:35:49Z
UgzfEDjZ_SiGcy1Ux_p4AaABAg,@tawrencesmith682,Here after Euphoria. Yeah Kdot is up 🆙,215,18,2024-05-01T05:08:43Z,2024-05-01T05:08:43Z
UgxGZwBi60GWPQJijw94AaABAg,@RianSnowden,Everyone fucks about but everyone knows this is actually the best track out of all of them. Everyone knows this is hard,2,0,2026-04-15T02:39:20Z,2026-04-15T02:39:20Z
UgwwsETv7yEgkzFmPzJ4AaABAg,@Mr.AlabiJr,Back after Family matters! Playing all these back to back like a playlist.,9,0,2024-05-04T04:13:49Z,2024-05-04T04:13:49Z
UgywZrJpoEj4t5aodCl4AaABAg,@Fried-PaPi,"I didn’t think the last 10 seconds was the end of the song, the switch up was goin crazy, hopefully that was maybe an intro for another song?!",156,4,2024-04-19T16:49:04Z,2024-04-19T16:49:04Z
Ugwp6orrIP0i3rQCYgR4AaABAg,@whitebread-k5w,"no one:
Drake: ""then we need a verse for the SwIfTiEs💁‍♂💅""",275,13,2024-05-04T08:12:29Z,2024-05-04T08:12:29Z
UgyUKxplwJoJYcM4NbZ4AaABAg,@Genolexis,This one my favorite out of all the diss tracks against each other. Song is tough and people acting like he fell off. Clown business,7,0,2024-07-20T13:59:32Z,2024-07-20T13:59:32Z
UgyTf8dMy8Zyricqz2V4AaABAg,@HimNamedType,"alright so I'm a casual Drake & Kendrick listener (admittedly so), but I'm here after listening to euphoria, y'all telling me this the track Drake fans saying Drake is 1-0 up on Kendrick after euphoria? 😂😂😂😂😂",266,12,2024-05-01T13:20:41Z,2024-05-01T13:20:41Z
Ugwh3Geik0kYdJMkdFh4AaABAg,@U_GOT_IT_120,this the EPITOME of careful what You ask for 😂😂😂,20,0,2025-03-08T18:59:24Z,2025-03-09T20:15:37Z
UgyHWEG9yy1WF8sd6Ip4AaABAg,@timmyhortonSZN,This felt like 5 years ago now,24,0,2024-05-13T15:54:27Z,2024-05-13T15:54:27Z
Ugz7snqQbX0UOUj1qhV4AaABAg,@artimusprime7437,Man Drake Killt This Shit😭,1,0,2026-07-09T18:39:24Z,2026-07-09T18:39:24Z
UgxOz0cWss5sqn1k_BF4AaABAg,@amazinggreat3089,Who here after Drake new lawsuit 😂😂😂,95,6,2025-01-16T15:01:04Z,2025-01-16T15:01:04Z
UgzDafxQJ6RRkanHA5t4AaABAg,@malcolmzone1,Real talk this my first time listening,4,0,2024-12-19T05:44:27Z,2024-12-19T05:44:27Z
UgwXfoSMuL3EcYveBC14AaABAg,@Mookiehale500,At this point they need to give us a live freestyle beef,15,0,2024-05-04T06:55:03Z,2024-05-04T06:55:03Z
UgzZAblWTYqJnpqRi2h4AaABAg,@kurdstanali456,Danm the beat coming in the beginning was so clean,1,0,2024-08-05T15:28:32Z,2024-08-05T15:28:32Z
UgwYv1XUNDEQ1o7bFA54AaABAg,@skupiblok,Underated,6,0,2025-02-11T21:58:10Z,2025-02-11T21:58:10Z
UgzE0bolJMg2TuIrhDR4AaABAg,@masonsegar,"Drake lost this beef by a long shot, but this individual song is the one time his ghostwriters actually went off, im here for it",132,13,2024-06-12T01:07:49Z,2024-06-12T01:08:17Z
UgyDp9OyG5mLc4F3nUV4AaABAg,@Jack-ik5pu,1:07 FIREEEEEE,14,0,2024-04-19T13:58:45Z,2024-04-19T13:58:45Z
UgxJlDzq5s6f-RBiB1V4AaABAg,@ritac7336,"Here after seeing the comp of everybody saying Kendrick wasn’t gone have nothing to drop lol. Now he’s on a 6 month run, album just dropped, super bowel up next, tour after that and a pt 2 to his album 😂",2,0,2024-12-04T14:40:27Z,2024-12-04T14:40:27Z
Ugy5h8-IQwx-ZUKG91x4AaABAg,@mizrawthemikesparka2342,The track goes hard... Drake went in... But..... There is alwas a reply.,11,0,2024-07-05T22:56:28Z,2024-07-05T22:56:28Z
UgzgUQYFyU7XWts3hhl4AaABAg,@tehrsdude12076,"When this dropped I didn’t know Drake could sound like this, but Kendrick just out dissed him so hard we didn’t even get to enjoy this masterpiece 😂",59,10,2024-05-12T03:20:42Z,2024-05-12T03:20:42Z
UgyvRjAvoRuU--6uF-p4AaABAg,@RecLatr,"Honestly I still listen to these songs from both kendrick and drake, they're both good imo",11,1,2024-12-31T19:02:14Z,2024-12-31T19:02:14Z
UgxxQefuXoVzpAQpK5F4AaABAg,@kananelomakata,"Now we need a verse for the swifties,
Top say you better drop and give him fifty! 🗣🗣🔥🔥🔥🔥🔥🔥



Easily my favourite part on this song.",3,0,2024-07-14T10:37:40Z,2024-07-14T10:37:40Z
UgwRDAgdbdwG0_gQ6xJ4AaABAg,@dguzman82,What an amazing combo! ❤❤❤❤❤ both Sza and Kendrick so in tune,4,0,2025-02-26T03:42:26Z,2025-02-26T03:42:26Z
UgyI9QtuNq8AkyI1fZN4AaABAg,@yusufyilmaz6623,As a Kendrick fan I love this. If Drake did more of this and less of all that corny “petty” stuff I would really fw him (no Diddy),9,0,2024-04-19T20:25:46Z,2024-04-19T20:31:48Z
UgwlVpylKREUCAeAG9B4AaABAg,@WHYHXTEAJ8007,1:34 is tuff,11,0,2024-04-22T17:17:54Z,2024-04-22T17:17:54Z
UgxOn26txIpOe8Nyy2p4AaABAg,@dioncarroll9543,A couple years later I still listen to push ups and family matters and zero Kenny disses,2,1,2026-05-12T15:30:32Z,2026-05-12T15:30:32Z
UgxnbsNj_l5t3ngsYyp4AaABAg,@navillustrams7703,I don’t really like drake but this go hard,199,4,2024-04-18T19:30:43Z,2024-04-18T19:30:43Z
UgyX51WP4RYkRRanvgJ4AaABAg,@isaacbarrow9155,haha this is funny to listen to today. this feels like 6 months old,4,0,2024-05-05T22:39:39Z,2024-05-05T22:39:39Z
UgxkGr_snKyaRJ8b4ip4AaABAg,@AustinBlu17,"This the drake I like, right here",31,0,2024-04-19T18:57:08Z,2024-04-19T18:57:08Z
UgwNKgiBzHbUudzdUdp4AaABAg,@vegas2881,"""Im at the top of the mountain, so you tight now just have to have this talk with yo ass, I had to hike down"" man rapping is a artwork I can name 100 hard drake bars",9,0,2024-04-20T01:00:43Z,2024-04-20T01:00:43Z
Ugx0uRzEKe0Q-DxqJft4AaABAg,@Omni-King2099,Tbh the sublims on this track was underrated.,2,0,2025-03-03T05:52:28Z,2025-03-03T05:52:28Z
UgyLquNJnkGLU5AxCVN4AaABAg,@LainoH1017,"He got a formula after back to back, is this the angle Dot seen coming",4,0,2024-04-30T17:33:58Z,2024-04-30T17:33:58Z
UgywQ7zGssxN2spQ--B4AaABAg,@chronictaco2335,bro nah euphoria hits way too hard to consider this a proper swing at Mr. Morale,5,0,2024-05-02T04:49:40Z,2024-05-02T04:49:40Z
UgxhhWSVLIKCZi4lePB4AaABAg,@lookbooks2,"Drake cooked at first, now he is cooked",721,26,2024-04-30T18:37:13Z,2024-04-30T18:37:13Z
Ugzn-rat_Scg6sb3-PZ4AaABAg,@vmerc1068,We need more musicians beef when they do they dropped multiple musics that are fire,1,0,2025-03-19T05:14:19Z,2025-03-19T05:14:19Z
UgwGy7oj3wu4yZo3Dup4AaABAg,@EppsieEppsie24,Man this shit definitely better than not like us,6,1,2025-04-25T16:17:33Z,2025-04-25T16:17:33Z
UgyYMJEnPHtmSmDbFmt4AaABAg,@Kwabefrm0162,This diss is 🔥,4,0,2024-11-10T10:31:37Z,2024-11-10T10:31:37Z
UgxUjIBR817MfCWhn1V4AaABAg,@kelliepatterson1035,Drake forever!!,2,0,2025-12-05T21:21:24Z,2025-12-05T21:21:24Z
Ugzo9Rec6TO1orLgq7h4AaABAg,@alittlebitofeverything4324,Bro SNAPPED ! 🔥,6,1,2025-01-08T21:42:12Z,2025-01-08T21:42:12Z
UgwUlNgJbphoRL_Av2B4AaABAg,@zackreneau6825,Drake out rapped him idc,9,0,2025-04-15T22:48:32Z,2025-04-15T22:48:32Z
UgzNa4gQ6Fw4Pbh-joJ4AaABAg,@kippersthrone,Remember when this had you thinking Drake had a chance 💀,9,0,2024-05-04T09:13:05Z,2024-05-04T09:13:05Z
Ugw-tZq5sIFviIA3_r54AaABAg,@REDSIX,This was a nice knife of a diss track that drake brought to a gun fight while kdot had a tank.,1,0,2025-03-06T06:11:46Z,2025-03-06T06:11:46Z
Ugz_Ez5wKzPqLTESZP14AaABAg,@M.p1-o7y,Ghost Writers cooked 🗣️🗣️ 🔥🔥🔥,313,29,2024-04-19T11:13:51Z,2024-04-19T11:13:51Z
UgxVD6MRaQG2QOJM_fN4AaABAg,@Toorealfortv960,I bet drake was feeling great after he dropped this 😂😂😂😂....and then it happened 😂😂,4,0,2024-11-30T06:03:17Z,2024-11-30T06:03:17Z
UgysMWYUdixLqZ6rRwl4AaABAg,@WildboyCp,Kendrick and Drake actually sounds good together....✊,4,0,2024-05-08T02:37:34Z,2024-05-08T02:37:34Z
UgyTfqUtOFbQxiGar394AaABAg,@eliasmutandwa516,shit still hits like the first time..,2,0,2024-11-09T00:03:04Z,2024-11-09T00:03:04Z
UgynXYTPvyzj_fXa0fZ4AaABAg,@everettcallowayiii7465,He brought the blackberry bacx for this one!,5,0,2024-04-19T21:31:42Z,2024-04-19T21:31:42Z
UgyyOoxYTdvEwhhyIut4AaABAg,@HarryNewell-bw7ju,Drake won. He has multiple receipts,4,0,2025-03-30T02:51:56Z,2025-03-30T02:51:56Z
UgwLBYQQe3hy5YXMh7x4AaABAg,@Vlonethugbrandon,“I’m big in Japan” now he’s getting dissed by Japan 😂,370,14,2024-05-07T01:57:06Z,2024-05-07T01:57:06Z
UgwmiF0Ex8ARbLXGoWB4AaABAg,@TheNavjotsingh3,He owned them alll...,2,0,2025-11-15T10:01:58Z,2025-11-15T10:01:58Z
UgzPN1SDD5BHBXRAIp54AaABAg,@alternative7586,3:34 He included the guy who fell asleep watching his album lolol,4,0,2024-06-06T21:38:58Z,2024-06-06T21:38:58Z
UgzGcF4Bb9QVVxdqgKp4AaABAg,@josephryan1701,God dayum that boy ain't playing,4,0,2024-04-19T23:10:29Z,2024-04-19T23:10:29Z
Ugy2VJBVfdwb3ivDBBJ4AaABAg,@unrelatingforz,i guarantee kendrick has a line linking push ups and drakes fake abs,193,9,2024-04-19T06:16:01Z,2024-04-19T06:16:01Z
Ugxgvz7QoIMMXHlNzbh4AaABAg,@xorithemoth,"Doing a beef song tierlist, this is Drake’s highest song. C+",1,0,2024-06-27T14:26:49Z,2024-06-27T14:26:49Z
UgxSNvu6U7Gy91MEdTR4AaABAg,@bigviews4828,This diss too underrated and fire,86,4,2024-06-04T12:50:39Z,2024-06-04T12:50:39Z
Ugwijj3zdHnpvMK8a0d4AaABAg,@Ivan-kg1ky,Too bad for those who didn't get a chance to experience this beef 😂... imagine listening to this in future 😂,5,1,2024-06-16T05:47:25Z,2024-06-16T05:47:25Z
Ugza-MB2fiike5R6ibF4AaABAg,@Arthur94.5,This is just 🔥🔥🔥,11,0,2024-10-06T10:18:03Z,2024-10-06T10:18:03Z
Ugwxo1TfRyhPEaNEa5x4AaABAg,@takebushead8681,Six months later Ill say it again this wasnt a bad shot from Drake. If he kept it this way he could have had a chance but well...........🎹,2,0,2024-11-12T05:58:35Z,2024-11-12T05:58:35Z
UgzbZyhjoaM-suMHy9Z4AaABAg,@facelift5628,paying respect to the dead homie,7,0,2024-05-01T22:51:50Z,2024-05-01T22:51:50Z
UgxV2rGOU3aZfpQCG7p4AaABAg,@PrestonSluder-oo6xu,Metro caught an L in just one line😮‍💨,800,32,2024-04-18T22:20:30Z,2024-04-18T22:20:30Z
UgwPtqbQTC6KZF-KWWJ4AaABAg,@ashishg4824,Nah drake... Kdot murdered you with euphoria,135,8,2024-05-01T20:08:33Z,2024-05-01T20:08:33Z
Ugxh9SABiEvE-9gxh814AaABAg,@mmr0221,Drake the type of guy to open a bag of chips with scissors,189,12,2024-05-15T13:36:05Z,2024-05-15T13:36:05Z
UgyQ0mSkWaT5DA9pv454AaABAg,@reezoe164,Yea. This track already legendary.,133,20,2024-04-19T03:49:41Z,2024-04-19T03:49:41Z
UgzUpZz5kN3jlYktmzF4AaABAg,@BJJEspañol-r7n,"Push Ups always gives me the feeling of Thor entering the Battle of Wakanda. We were waiting for weeks to see if Drake was going to respond, Cole responded and immediately took it back, then all of sudden Drake goes off and enters the fight against all these rappers. It was something special.",45,0,2024-08-18T13:35:18Z,2024-08-18T13:35:18Z
UgxwTy3I1HwXwHNP_jR4AaABAg,@morynestars1166,"Who's, here after Kendrick 😂😂😂",966,28,2024-04-30T17:03:42Z,2024-04-30T17:03:42Z
UgxMWVBDsGJXYmxY6E54AaABAg,@InfinityPlays0,Drake fans coping hard rn😂,130,5,2024-05-03T04:56:57Z,2024-05-03T04:56:57Z
UgxN5uMRoqAPZrcj7Yt4AaABAg,@2Sammiosa,Going to cleanse my ears and go listen to Kendrick LMAO,435,20,2024-04-30T18:35:27Z,2024-04-30T18:35:27Z
UgyUoemhmMOJkwMxKA14AaABAg,@kalecollett8651,Everyone clowning Drake but 13 different flows in 3 in a half minutes is crazy,45,2,2024-05-29T01:48:45Z,2024-05-29T01:48:45Z
Ugz8QAxaR4c43oQgfRJ4AaABAg,@FloatingBrikAnimations,"Why he dissing Abel tho, that dude wrote half of his best album 💀",137,7,2024-05-04T21:27:32Z,2024-05-04T21:27:32Z
UgyyRzxkTLsKx0lfTAp4AaABAg,@HopOfLad,Who’s here after meet the grahams 😭😭😭,190,3,2024-05-04T15:24:52Z,2024-05-04T15:24:52Z
UgxLPkFK6iI-S2E_RTd4AaABAg,@mauiwaui773,Who’s here after the Super Bowl? 😂,228,13,2025-02-11T13:53:46Z,2025-02-11T13:53:46Z
UgxIIuHMVZBMh4HlgQV4AaABAg,@dox3827,"People fr thinking this is better than euphoria when Drake's only bars are ""you're a short guy who doesnt make as much money as me""",32,3,2024-04-30T19:04:00Z,2024-04-30T19:04:00Z
UgydUkXs2uElDEOOU-N4AaABAg,@Slawp,"All of kendricks bars were like double entendres and bars. Drake just made a good song to dance to tbh
Edit: if 90% of what kenny said seemed like filler then u arent meant to be critiquing this genre... thats like me only understanding 20% of k-pop song and saying the bars were whack🤣",134,34,2024-05-01T01:28:26Z,2024-05-01T09:28:04Z
Ugw5qynzbhRc-9I240h4AaABAg,@Boney_Baloney,"Ngl, drake got some good disses.",15,0,2024-07-08T03:42:03Z,2024-07-08T03:42:03Z
UgyIHHBdPuh6IYl5t-R4AaABAg,@MC-sj2ji,"This is cute for teens, K Dot hit for hip hop heads.  The more I listen to the track, the more crazy it gets. What drake calls checkmate Kenny calls check.",19,1,2024-04-30T23:19:58Z,2024-04-30T23:19:58Z
UgzwnrmKhU_FlCJrCUZ4AaABAg,@jakeli.11,drake has melody but kendrick has lyircs,60,7,2024-05-08T01:20:39Z,2024-05-08T01:20:39Z
UgxNxwM-JynslFT-a0B4AaABAg,@raywindow123,"Don't sleep on this, easily 3rd best track of the beef",9,0,2025-01-27T04:19:54Z,2025-01-27T04:20:36Z
UgwNoC8zF7ABsJ27hDl4AaABAg,@Allajj,"This is getting better and better, it’s HOT literally the sun is shining in the SOUTH and I can’t bop to a history lesson. Summer Vibes, let’s go!",8,0,2024-05-20T14:55:24Z,2024-05-20T14:55:24Z
UgxOwCr3mexz0yiIHM94AaABAg,@LxhMeH4LYFË,"Back when Old Drake was an 
 upcoming hungry immigrant and rapping on good beats imo i feel like he would've cooked this shit fs",6,1,2024-04-19T16:37:03Z,2024-04-19T16:37:03Z
UgylI8J684DMKqiTcYN4AaABAg,@migueld1733,Drake and Future catching the hardest shots from this KvsCole beef damn,66,13,2024-04-18T18:16:07Z,2024-04-18T18:16:07Z
UgzCKFnoVox-wQ4oGCJ4AaABAg,@INFJGuy,This the best diss from all of em. Their ones after sounded like boyfriends that recently broke up tbh.,7,0,2026-05-24T13:53:17Z,2026-05-24T13:53:17Z
Ugwu19H3-t4ZefvedFp4AaABAg,@nucleartoaster01,"0:54 I see London, I see france, I see Kendricks underpants aah bars",21,1,2024-07-08T02:44:00Z,2024-07-08T02:44:51Z
UgwXYUc8-mjMiXJ8Q4F4AaABAg,@jordankamau9598,Shish he went hard on this 🔥🔥,25,0,2024-04-19T19:08:26Z,2024-04-19T19:08:26Z
UgwCPSC1reSg2CX__UJ4AaABAg,@mobties7526,I been tripping this the hardest the hardest track outta the beef,1,0,2024-07-26T14:58:54Z,2024-07-26T14:58:54Z
Ugx6jiV5ABm7gNmSZdp4AaABAg,@hardeepsahota553,This diss hard,16,0,2025-01-03T23:19:42Z,2025-01-03T23:19:42Z
UgzkUflYnqdzE8lF2BF4AaABAg,@cdntrooper3078,Drake is fuckin back,97,11,2024-04-18T22:53:56Z,2024-04-18T22:53:56Z
UgzWgnILlIClu_CaiFt4AaABAg,@ItsWesels,"1:47 edit for the creator, fix this slide cuz it cuts off too fast, re upload",5,0,2024-05-05T15:52:50Z,2024-05-05T15:52:50Z
UgwkF0Qm4vgsjUyizJ94AaABAg,@55villar,Drake is cooked. If 20 mfs don't like you there's gotta be something wrong. He gotta defend himself vs everyone,53,7,2024-04-19T19:12:04Z,2024-04-19T19:12:04Z
UgzRgUphTG6JL5DoI0Z4AaABAg,@alexe.8224,Those ghostwriters working overtime,7,1,2024-05-29T07:32:05Z,2024-05-29T07:32:05Z
Ugyypxpk3u-iW9Ud_UF4AaABAg,@TOOXGNARLY,Best quality on YT,23,1,2024-04-18T14:12:31Z,2024-04-18T14:12:31Z
UgyTaSURbjdC7PutHzd4AaABAg,@nakedsnake4248,One of the best drake songs in the past 10 years,14,0,2024-04-21T20:38:11Z,2024-04-21T20:38:11Z
Ugw_MUTeoIEOVgmWsY14AaABAg,@OrionX868,Sheesh this was fire 🔥,1,0,2026-08-08T13:46:22Z,2026-08-08T13:46:22Z
UgyALRgcSOpLgfMCbcN4AaABAg,@333m4tt,yuuurrddd,4,0,2024-04-18T17:12:07Z,2024-04-18T17:12:07Z
Ugx2rVW8JwnabACrNCl4AaABAg,@Pierce_I_guess,3:14 beggin Kai cenat lol🔥💀🗣️🗣️🗣️,7,1,2024-05-17T01:39:21Z,2024-05-17T01:39:47Z
UgzueEIdK_3GRlLIRY14AaABAg,@CaesarIzuna,1-1. Both are equally good. Round 2 gotta be even crazier now.,5,0,2024-04-30T18:01:08Z,2024-04-30T18:01:08Z
UgxghVf_n3-WlHdmkLt4AaABAg,@11DMorales,Who’s here after the pop out,5,0,2024-06-21T20:35:35Z,2024-06-21T20:35:35Z
UgxqM2T7a6X1sAHNpy94AaABAg,@parkersanderson180,Dang he went off,2,0,2024-07-27T16:00:06Z,2024-07-27T16:00:06Z
UgzpIHMZ3CbYzJvdJpJ4AaABAg,@newheadedog7831,"Ngl, this track is the super catchy",10,0,2024-05-08T17:06:22Z,2024-05-08T17:06:22Z
UgzGgIGAIgrTYpLOYx94AaABAg,@76ers_eagles,This is the best song music-wise of this whole rap beef definitely,10,2,2024-05-09T11:06:47Z,2024-05-09T11:06:47Z
Ugwyq6qQTE4sDC8MHIJ4AaABAg,@milkywayreacts7512,This song ain’t bad but 2:15 was when he really fucked up.,11,1,2025-04-22T04:48:25Z,2025-04-22T04:49:05Z
UgxJAtbiTAFC7zbK2uB4AaABAg,@AsapUptown,Aside from all the beef this song kinda good ngl,1,0,2024-08-11T03:41:57Z,2024-08-11T03:41:57Z
UgwEL73jNQ8FXsCMHJ54AaABAg,@twonony2686,This is softer than charmin ultra soft.,5,1,2024-05-04T00:56:20Z,2024-05-04T00:56:20Z
UgxVKjv5T1v0txhXghR4AaABAg,@Whatsinthehand,This shyt is 🔥,13,0,2024-05-07T21:29:30Z,2024-05-07T21:29:30Z
UgxwdqCxIwV4oDBTwWN4AaABAg,@Jetjetjet134,"""how you big steppin with a size 7 mens on"" bro Drake chill out 🤣😭",32,1,2024-04-25T06:41:40Z,2024-04-25T06:41:40Z
UgyBX3AXaRPNtLCCgNJ4AaABAg,@EvilWow_Real,"As a kendrick fan, this is a beat fr",2,0,2024-08-10T14:39:22Z,2024-08-10T14:39:22Z
UgzhbpW7QKkSBpjwNWV4AaABAg,@ryangreco8266,"""i was really tryna keep it PG"", luckily for the rest of us, Kendrick didn't.",7,1,2024-11-16T20:09:49Z,2024-11-16T20:09:49Z
UgwKCoNsKcpO-O3dGl14AaABAg,@ninetynine2,"""SZA got you wiped down"" 💀",4,0,2024-12-04T07:21:26Z,2024-12-04T07:21:26Z
Ugw5Du88XXmqp7c_oox4AaABAg,@0007Jinx,"All this big talk😂😂😂, now he calling the law.",10,2,2024-11-28T16:11:17Z,2024-11-28T16:11:17Z
UgxAss4AFJXrHfRo6Ol4AaABAg,@huwantu,drake's side of the beef ages like wine lmao,2,0,2024-10-24T11:14:50Z,2024-10-24T11:14:50Z
UgyFHotFNZMC6W-RyG14AaABAg,@price1008,The fact that people think this was better than Euphoria is beyond me. It was a good diss track no doubt but hell I liked Ross diss better. They gonna make Kendrick bring the old west coast back and “No Vaseline” Aubrey. That would end this once and for all,16,0,2024-05-02T12:15:19Z,2024-05-02T12:15:19Z
UgxDdxrWcd2tcLONGst4AaABAg,@kikireal793,Now he is suing 😂 he said drop tho,5,0,2024-11-28T07:19:23Z,2024-11-28T07:19:23Z
UgyxJT97uV5D3RjTb1t4AaABAg,@BTOXICBEATS,This song is really inspired me to be a good kid in school and I passed all my grades thanks to DRIZZY,4,0,2024-04-19T02:09:29Z,2024-04-19T02:09:29Z
Ugz6yYQ-1RtcbGrBYoV4AaABAg,@myeka1273,All because Drake couldn’t call K-dot and say: “That second verse hurt my feelings.” 😂,6,0,2024-04-19T15:53:48Z,2024-04-19T15:53:48Z
UgyWjJ5V4yI75JFcWSd4AaABAg,@legendhomies47,Ghost writers cooked with this one🥶,7,7,2024-04-21T17:19:17Z,2024-04-21T17:20:15Z
Ugz37_O9qCqVVMxNQlV4AaABAg,@luvscwrt.019,lowk clears every kendrick diss,14,2,2025-12-09T01:29:40Z,2025-12-09T01:29:40Z
UgxmJUeW-yQQRz8t_IJ4AaABAg,@youngmarz-v6c,God is good. Life is good. Everything is good,1,0,2025-07-05T05:15:55Z,2025-07-05T05:15:55Z
UgyJqwvtykXKsmru06p4AaABAg,@eraguila,"""I was really really trying to keep it pg"" 😂😂😂",14,1,2024-05-27T00:48:30Z,2024-05-27T00:48:30Z
UgyCRQXmtxc-qdAQpAV4AaABAg,@JadenGainey,Who here after everything,70,6,2025-02-07T11:44:13Z,2025-02-07T11:44:13Z
Ugygs57WV1zuCwHm_Tt4AaABAg,@Striker_26,Who’s here after 6:16 in LA💀,6,0,2024-05-03T17:38:41Z,2024-05-03T17:38:41Z
Ugyqq3bP7Sikgm92YgB4AaABAg,@ArbortheEngine,"Honestly whilst kendrick absolutely murdered him, some of drake's disstracks have been really damn good, proper tunes",1,0,2024-07-14T22:21:57Z,2024-07-14T22:21:57Z
UgynMkGCkyHxcUGWQ1R4AaABAg,@joejohnson6210,"They don’t give the boy enough credit for this battle. He more than held his own. And I guarantee you plenty of neutral scorers will give him the edge, even if he’ll never get that in the public eye",13,0,2024-05-22T18:12:55Z,2024-05-22T18:12:55Z
UgwPneGSLQdzaMNScXB4AaABAg,@japhetndafi4421,"Truth be told drake had the hardest songs, but everyone is not ready for that conversation",24,4,2024-06-28T23:34:53Z,2024-07-03T15:00:28Z
UgxPKoSowrzXdX7_GQJ4AaABAg,@herbojohnson6171,This the Drake I used to listen too,13,1,2024-04-19T08:25:31Z,2024-04-19T08:25:31Z
UgyeIk_2Z-pQmXDKpNJ4AaABAg,@NHPhamousPolo,Metro collateral damage 😂😂😂,5,0,2024-04-30T18:47:32Z,2024-04-30T18:47:32Z
Ugze7J0iisWOhz9JpjN4AaABAg,@chriswinn4971,"1:53 jets whips chains Wicca, Wicca, Wicca he’s saying they are doing witch craft.",5,1,2024-04-30T12:06:48Z,2024-04-30T12:06:48Z
UgziMC4Y6_O40QJyE6l4AaABAg,@sumitpal6016,Top wonna peace it up? 📈🔥🔥🔥,4,0,2024-07-22T09:41:28Z,2024-07-22T09:41:28Z
UgxtYmRLap-zh_TXx0x4AaABAg,@Habasalij,Drake is king mane rispact,3,0,2025-12-04T15:38:35Z,2025-12-04T15:38:35Z
Ugz6tTu6dd7FmhUlMxZ4AaABAg,@gjosephh21789,imagine starting a battle like this just to turn around and sue 😂😂😂,4,0,2024-12-02T20:55:01Z,2024-12-02T20:55:01Z
UgwWdvyv79eK_Of-Bdh4AaABAg,@GUESTAVO13470,This song goes so hard,5,0,2024-06-25T13:45:03Z,2024-06-25T13:45:03Z
Ugwsscday5IkYjIqfkl4AaABAg,@azeolite1300,euphoria has to be top 10 disses ever made no glaze,9,1,2024-04-30T17:00:17Z,2024-04-30T17:00:17Z
Ugz09GI2UgAMac7THWd4AaABAg,@ilytunnn,he stood a slight chance in round one but it was a blowout immediately after 💀,1,0,2025-03-10T10:38:56Z,2025-03-10T10:38:56Z
Ugy7MbDRkYyvOeUezyJ4AaABAg,@zxomb,"""Numbers wise im outta here you not creeping up"" 

Another bar that didn't age well",10,9,2024-07-16T19:39:50Z,2024-07-16T19:39:50Z
Ugzwvr6-PAjbaiK7Hxh4AaABAg,@the_stone-hw7uw,i find it hilarious that it took drake a week and a half WITH a team of writers to make a song almost the same quality as a song that Kendrick made BY HIMSELF in 1 day.,8,3,2024-06-20T03:04:19Z,2024-06-20T03:04:19Z
Ugxp9ix1IfEBmlmuxZJ4AaABAg,@edsukio,"Flew too high, Dickarus",7,0,2024-11-27T14:02:43Z,2024-11-27T14:02:43Z
UgzY_jiK08Q8xFBQSpp4AaABAg,@Brizgotrizz,Travis got you whipped down (in the most streamed artist on Spotify August chart),1,0,2024-08-22T18:19:19Z,2024-08-22T18:19:19Z
UgxUkF9a2eCYmscsGAh4AaABAg,@SMA_1776,Who here after that crazy video Kendrick dropped 😂🤣,87,13,2024-07-05T01:35:05Z,2024-07-05T01:35:05Z
Ugzqw2gFvlJwlq_93rt4AaABAg,@thatwasamazing2791,Who’s here after Kendrick’s show ??,59,5,2024-06-20T23:17:53Z,2024-06-20T23:17:53Z
UgwfdseIlVr4bCY3Ea94AaABAg,@daviandennis,Drake is the lengend no one can make a song like him everything on point 💯,5,1,2024-05-06T17:47:23Z,2024-05-06T17:47:23Z
Ugz1rygBGMz1CTJ06A14AaABAg,@elisabethdebri348,"this tough
i love this song its fire",1,0,2025-08-09T12:55:06Z,2025-08-09T12:55:06Z
Ugy0tWsqXZ3oAizFnfd4AaABAg,@legendaddy6501,"Kendrick definitely took the dub. “I make music that electrify em, you make music that pacify em.” This diss may be something you can actually bump but that Kendrick diss was raw and hype.",7,0,2024-05-03T07:02:18Z,2024-05-03T07:02:18Z
Ugx9vZg-LaRcDC0BAQJ4AaABAg,@1348polar,"Drop, drop, drop. Stop, stop, stop. COPS, COPS, COPS!!!!!!!",4,0,2025-01-10T22:23:57Z,2025-01-10T22:23:57Z
UgwMYIKhjbMmjJop7w54AaABAg,@Monkey.D.Uno.,Kendrick just Burned this man’s whole career 🤣😂🤣,25,1,2024-04-30T16:37:12Z,2024-04-30T16:37:12Z
Ugz7GGcHzmFo1c_Vig94AaABAg,@EsmereldaHaodom,This is age like fine wine...,0,0,2025-12-06T20:07:32Z,2025-12-06T20:07:32Z
Ugy8ZLxRO2AipqDy-_54AaABAg,@kauanoliveira835,here after kendrick dissed drake @super bowl ➡️😂,5,0,2025-02-10T18:56:01Z,2025-02-10T18:56:01Z
Ugz3Nps2vAZZPKi2aDN4AaABAg,@20SilverTeeth,Whos here after the grahams 😂,8,0,2024-05-04T05:46:10Z,2024-05-04T05:46:10Z
UgxrizIJoKQVNfByQz94AaABAg,@chrishoyte178,Idk I think Kendrick is up on this one 🥴 and I’m a Drake fan,17,0,2024-04-30T16:24:53Z,2024-04-30T16:24:53Z
UgxzXaW3vbQVCuQps0x4AaABAg,@Creflo_Peso,This song is tough. No cap. I know he lost but it do have bars,2,0,2024-12-14T21:04:05Z,2024-12-14T21:04:05Z
Ugxy_7R_FlTZEMxMGPV4AaABAg,@KanishaNajarro,Who’s here after k dot won 😂🎉 aka after u my everything,4,0,2024-05-27T15:52:28Z,2024-05-27T15:52:28Z
UgxEuMLORWKvDLGNW7V4AaABAg,@tonytribble8244,"Kendrick won, but this still was a mf hit!",7,0,2024-06-27T20:02:05Z,2024-06-27T20:02:05Z
UgwabBak3ykOGIfDz5N4AaABAg,@SebScudz,THIS WHAT DRAKE GOTTA DO TO MAKE YALL FAVORITE   RAPPER RAP!?!?!?! 😂😂😂,16,7,2024-04-19T13:58:21Z,2024-04-19T13:58:21Z
Ugws53P684jvb4rd1054AaABAg,@flipwilly,"I feel like this is the most underrated song through the entire feud. If Drake just would have came through with this with no AI and came at him with theses verses in his voice, he could have blocked Kendrick’s angles more clearly like he was trying to do here.",1,0,2024-08-14T01:07:17Z,2024-08-14T01:07:17Z
UgwhGgy1Qp24OxZPEJV4AaABAg,@spacebjorn,"Drake probably was feelin himself after releasing this thinking he won, little did he know.....",8,6,2024-11-14T00:48:44Z,2024-11-14T00:48:44Z
UgylUxyUCUZQVx7TCRN4AaABAg,@Gachifeethan91,“Pipsqueak pipe down” *kendrick starts getting loud* “shit.”,9,0,2024-06-06T02:36:08Z,2024-06-06T02:36:08Z
UgzJuwu1k1mnHyqQntt4AaABAg,@Mustafa40387euiejsheijeje,Who’s here after the fall of the British empire 🔥🙏,4,0,2024-07-29T22:44:19Z,2024-07-29T22:44:19Z
UgyCsM7RMafah0Do_XZ4AaABAg,@veldin1089,Kinda funny how much he goes after the Weekend,1,0,2026-06-06T01:58:35Z,2026-06-06T01:58:35Z
UgytizesyXztecNnnI14AaABAg,@sephirothprime8403,2:19 on behalf of little people everywhere this diss song is disrespectful to little people. 😂,5,1,2024-05-06T12:10:53Z,2024-05-06T12:10:53Z
UgxUhURSz7B2FSGAmYV4AaABAg,@nfarley1472,Who’s here after not like us 😂,7,0,2024-05-26T13:39:35Z,2024-05-26T13:39:35Z
Ugy_dpqU4ESV20LYc3l4AaABAg,@mattatron5k,2:14 is the worst decision Drake ever made,65,5,2024-05-12T05:13:44Z,2024-05-12T05:13:44Z
UgyUkpfhYSfpG_IWgt94AaABAg,@KweenCityLuv,Heard dis trynda get to work on tyme and it motivated me was so on tyme!!!!!,0,0,2025-02-08T01:09:39Z,2025-02-08T01:09:39Z
UgwaU_RDjlrKI3mipPV4AaABAg,@BigAhkiMusa,Drizzy do u broski… we don’t want poetry when these boys rappin dissin.. Drake give em more smoke bro🔥🔥Top say drop,4,0,2024-05-03T09:38:22Z,2024-05-03T09:38:22Z
UgwOjC88mo0MAfhTIJV4AaABAg,@jessicabablitz,"I definitely feel manipulated, like I thought this was good asf before euphoria 😭 we have been fed trash this whole time by the industry and didn’t even know it😭 FUCK",9,0,2024-05-04T00:24:33Z,2024-05-04T00:25:47Z
UgwS3y6PDln8_nREghF4AaABAg,@cedricmcgowan203,Drake killed this.,9,1,2024-11-28T15:25:55Z,2024-11-28T15:25:55Z
UgyMartGntchQPnXsTR4AaABAg,@street_fighter_king,This is murder 101... Lyrics is damn,3,0,2025-06-29T15:22:02Z,2025-06-29T15:22:02Z
UgzZP89Cq8AlgvPuanF4AaABAg,@jpegofanm8780,i love Like That but drake got the squad wipe im sorry,66,3,2024-04-19T00:28:16Z,2024-04-19T00:28:16Z
Ugxnw9w0QMG9WPAKC0t4AaABAg,@qunca,"Sounding more like 2015 Drake again!!! 
I haven't listened to him since 2016, but if he keeps raping  like this ima start listening again",7,3,2024-04-19T08:10:40Z,2024-04-19T08:10:40Z
Ugwg1UDrvXVBxM0BhFt4AaABAg,@TjDonovan-w3t,Why is this lowkey kinda tuff tho?,41,7,2024-07-18T15:47:53Z,2024-07-18T15:47:53Z
UgytZT8Ha2n-giZuW2p4AaABAg,@jarteaga1720,This went hard af 🔥.  Metro make some drums 😂,1,0,2024-08-02T14:31:35Z,2024-08-02T14:31:35Z
Ugyvy3agXfAtPNyF1PJ4AaABAg,@AteHadu,So we are going to act like this isnt the best flow ever.,6,0,2025-11-19T15:54:51Z,2025-11-19T15:54:51Z
Ugyl605WnBjk2fuT8ul4AaABAg,@spookedgorillas,dont act like ALL of drake's disses were bad,68,15,2024-08-04T16:46:56Z,2024-08-04T16:46:56Z
UgwpD5GiyD2IleS8ZTl4AaABAg,@49ersGravytrain,Drake is killing Kendrick  Family Matters is an instant classic and this one slap too 611 to LA was a dud,6,3,2024-05-15T22:00:04Z,2024-05-15T22:00:04Z
UgzXN0eaiOJkX8Tmdw14AaABAg,@Corndadthepop,This the beginning of the end. Dude cooked,0,0,2024-08-04T03:41:16Z,2024-08-04T03:41:16Z
UgyuYBcaen0FWuReVl94AaABAg,@B0baFett,2:02 ZESTYYYY 💅 💅,6,0,2024-05-13T00:35:24Z,2024-05-13T00:35:24Z
UgwtGYeHGae_z65w9Yh4AaABAg,@DannyDimezProdz,If people are making fun of Drake why are they listening to this. This song is fire.,8,1,2024-06-10T03:22:14Z,2024-06-10T03:22:14Z
UgyTEIoccVBKMS26DmJ4AaABAg,@StevenDailey-f6v,I agree Kendrick won but drake diss just sound better,5,0,2024-08-29T00:07:33Z,2024-08-29T00:07:33Z
Ugzg4FAAFEphIPwip-J4AaABAg,@riskytidar3332,"If ""I be with some bodyguards like whitney"" Never exist in this song, we probably never had ""not like us"". Its been months but this is where it started lol. Things got too personal after this, i love it.",0,0,2024-12-29T13:49:59Z,2024-12-29T13:49:59Z
UgxlkDfosiv9WK3oCDZ4AaABAg,@TheSunIsMyDestroyer,drake dug the grave but kendric buried him,4,0,2024-05-02T21:44:59Z,2024-05-02T21:44:59Z
UgwOMefBwmMh-d9KA3x4AaABAg,@BW-xz6ol,Dang it Bobby. This is a propane accessory.,4,0,2024-04-18T19:04:42Z,2024-04-18T19:05:27Z
UgxdKjltbePN0oqetbR4AaABAg,@kinteswauve,who’s here after Kendrick just kilt dis man?,4,0,2024-05-04T05:56:37Z,2024-05-04T05:56:37Z
UgwTgWDb1s4jK2K7U6t4AaABAg,@sosukeaizen7056,"Nah i aint gonna lie, this shit goes kinda hard",2,0,2025-05-18T21:39:36Z,2025-05-18T21:39:36Z
UgzkCrBSfMINaTS4LkZ4AaABAg,@edmundburke7448,This was the best song of the beef,4,1,2025-10-24T16:47:43Z,2025-10-24T16:47:43Z
UgyrFF4lwrkXRn9slB54AaABAg,@JamesJenkins-v1r,Yeah. I'm not even a Drake fan but this is iller than Euphoria. It just entertained me more than Euphoria did. And i tried to like Euphoria but it just didn't entertain me.,12,4,2024-05-02T06:17:34Z,2024-05-02T06:17:34Z
UgwDEAYQYlXF4mYN75d4AaABAg,@TIDMVIDM,3:35 drake forgot what came after lmao,6,2,2024-05-01T20:18:33Z,2024-05-01T20:18:33Z
Ugxb4K5VdkSF-ogNI3l4AaABAg,@j4rhead,“and u gon feel the aftermath of what i write down” 😭😭😭,1,0,2024-07-27T03:41:38Z,2024-07-27T03:41:38Z
UgzJvG2VMoaHevYdxSl4AaABAg,@TheRJRJGroup,2:11 mistake,4,1,2024-05-20T06:44:56Z,2024-05-20T06:44:56Z
UgwF-YKkObu4gTsRQGN4AaABAg,@xiaoissotall6367,Unpopular opinion: I honestly think this is better than euphoria,24,7,2024-08-08T07:17:59Z,2024-08-08T07:17:59Z
UgxLIl635jgDQpZ4OjB4AaABAg,@isaiahlapearle5496,Who heard Euphoria first tho and came to see what started the 🔥,5,0,2024-04-30T21:08:14Z,2024-04-30T21:08:14Z
UgzTNkRrPdfygOY7Co14AaABAg,@moto563,Drizzy wsnt off with dis 1,2,0,2024-07-09T20:18:28Z,2024-07-09T20:18:28Z
UgwI0mizwiWA5A2QH6t4AaABAg,@kendricjonrs8581,"1:15 Not "" In The Scope ""
Innerscope = In a scope",5,4,2024-05-05T02:53:38Z,2024-05-05T02:53:38Z
UgxrBAt6qrrc-Ukw6OJ4AaABAg,@baysaa-nah,"1 like = 5 push ups



I liked my comment",6,0,2024-06-09T15:15:34Z,2024-06-13T06:06:42Z
UgyfaYd0r9fnP29VqQZ4AaABAg,@Keshawn30,Drake Bodied Them Boys. Especially Kendrick,14,3,2024-08-01T04:24:27Z,2024-08-01T04:24:27Z
UgyH4lzoBMQEsjUatnF4AaABAg,@AbirZenith,Wrote his own funeral with this,3,0,2025-12-21T19:49:01Z,2025-12-21T19:49:01Z
Ugx4ZULOkuqCb0lVCSp4AaABAg,@williamritzenthaler4596,Dont listen to either but Drake got him on this round. Both are good but one hits alittle harder.,4,1,2024-05-01T04:17:14Z,2024-05-01T04:17:14Z
UgxSesZbRRjX8tT4GxN4AaABAg,@therealblack1312,1:28 the only part thats enjoyable,10,2,2024-05-26T17:41:24Z,2024-05-26T17:41:24Z
UgxrHxYp2i0GGYGXCMV4AaABAg,@Life_with_E_123,2025 anyone?🤣,19,3,2025-05-28T22:49:20Z,2025-05-28T22:49:20Z
UgwgqkG8iWIkrG0uc714AaABAg,@burlesonpirate,I’m a Kendrick fan and this shit is GOOOOD,1,0,2025-02-05T14:19:12Z,2025-02-05T14:19:12Z
UgybKpHbDfbwzGSNqVZ4AaABAg,@QuiteCurly,"Lmfao “you gone feel the aftermath of what i write down” 🤣😂 yeah, aiight. This didn’t age well for you now did it",4,1,2024-05-13T19:27:54Z,2024-05-13T19:27:54Z
UgwHkyO0f_eCqsnEeVF4AaABAg,@cedricmcgowan203,Drake won that round too.,4,0,2024-06-19T00:18:34Z,2024-06-19T00:18:34Z
UgxIJddIk-HJkonSQWF4AaABAg,@dgayle2348,You can never tell me Drake didn't hold his own at first. It wasn't enough obviously but he was a worthy opponent.,6,9,2024-07-17T14:11:24Z,2024-07-17T14:11:24Z
UgxKdRv-I83pt1BV2JF4AaABAg,@Chamzy677,Drake is dope,2,0,2024-07-27T21:08:58Z,2024-07-27T21:08:58Z
Ugw0tbRmwAeCpL5qFWp4AaABAg,@Wolf-SS,Drake a Jew cosplaying as a ninja,11,0,2024-05-02T21:37:28Z,2024-05-02T21:37:28Z
UgzHP29waVqpbFXDcTV4AaABAg,@CALIREIGN-ks3mv,“This was mid” button👇,5,1,2024-05-01T16:20:50Z,2024-05-01T16:20:50Z
UgxvT7Zan--Nd9Zl_rh4AaABAg,@mrs.m6151,Where J Prince at?? We need a real peacemaker 👀,4,2,2024-04-18T16:22:53Z,2024-04-18T16:23:08Z
UgwHs9s2SJGnPoJ75JV4AaABAg,@NbaYoungBoy71,Drake snapped here.,1,0,2024-06-27T14:58:55Z,2024-06-27T14:58:55Z
Ugwnvkj-_LQaWK2C8E14AaABAg,@CringeManChild,Yeah no way euphoria topping this just had to confirm,4,0,2024-04-30T20:48:57Z,2024-04-30T20:48:57Z
Ugyywae6-4jLyMAV_MN4AaABAg,@Blackthumbs7,Here after Not Like Us video! Just to see cringy “Drake Won” comments,29,12,2024-07-05T16:37:20Z,2024-07-05T16:37:20Z
UgwMijw_5zchXXFcxdh4AaABAg,@vlad8101,Maturing is realising Drake had better disses,17,2,2026-02-02T18:19:13Z,2026-02-02T18:19:13Z
UgxfHr9rlzHwa7DUHZt4AaABAg,@GoChargersGo808,Funny how it’s now two Predators on this song with that AK beat switch thing 😂😂😂,1,0,2025-02-17T11:24:42Z,2025-02-17T11:24:42Z
UgyS38X-7mjT8NzNZcx4AaABAg,@giirlual21,This is better than euphoria,4,0,2024-08-11T11:22:45Z,2024-08-11T11:22:45Z
UgybgiEgtkPHzctOhgh4AaABAg,@Whoisthatgoat,DRAKE WON 🏆,5,0,2025-11-24T02:26:11Z,2025-11-24T02:26:11Z
UgxtP5QAWEjkPLnD0XZ4AaABAg,@TylerAdams-dt6cc,"Drake made music, kendrick just talked. Song for song drake won. Diss for diss kendrick won",8,0,2024-05-07T19:42:14Z,2024-05-07T19:42:14Z
Ugz8cdYfAdG0JLeuZYl4AaABAg,@fanduel-m3u,Drake underestimated Kdot and the plays behind the scene,3,1,2025-10-11T04:57:51Z,2025-10-11T04:57:51Z
UgxGT76z3ysnUYVveeV4AaABAg,@cesarcutskings,Who's here after Kendrick swept the Grammys?!? 💪🏽😂,14,1,2025-02-03T13:04:43Z,2025-02-03T13:04:43Z
Ugxa0rvtopm9bcyjqIp4AaABAg,@OGPressident,Drake won,6,1,2025-12-12T17:20:24Z,2025-12-12T17:20:24Z
UgzHFVkepzxezRdpTwd4AaABAg,@MrBiggtodd,To me this harder than k dot euphoria in my opinion,4,0,2024-05-01T20:51:52Z,2024-05-01T20:51:52Z
Ugx6-r7d4XusfSkmP794AaABAg,@monicac2834,"Coming back to this now and i do like it more than when it came out, but its just not good enough to end somebody",0,0,2024-12-10T15:50:00Z,2024-12-10T15:50:00Z
UgydNsF_DN0ZFsCi6AV4AaABAg,@InnocentCoralReef-cv8fv,Everybody thought machine gun Kelly was going to kill Eminem 2 till he came out with their head shot and wait for Kendrick Lamar headshot for Drake,5,3,2024-04-18T22:49:19Z,2024-04-18T22:49:19Z
UgwmGn125RucAuyNvsh4AaABAg,@geraldhuston9004,MY TOP 5 IS DRAKE DRAKE DRAKE DRAKE DRAKE,32,7,2024-04-18T14:48:30Z,2024-04-18T14:48:45Z
UgwidNamA1N-eGxBX4d4AaABAg,@fwybjrjriii7694,kendrick def won but ts goes hard,20,5,2024-07-10T07:47:55Z,2024-07-10T07:47:55Z
UgyG2wWMeGAncAlXoVh4AaABAg,@modbee5390,Can believe this man be a ACTOR THE WHOLE TIME 😒😂😂,1,0,2024-06-28T17:33:47Z,2024-06-28T17:33:47Z
UgxRlD_Lc73EpEnkWuF4AaABAg,@nicknachoakalowkey7033,How did Kendrick win....im lost,5,3,2025-08-21T22:54:25Z,2025-08-21T22:54:25Z
UgywtC2m4CXCt-6xuEx4AaABAg,@GODKing-f2w,The real thing is they not big outside of the United States😅😅😅 King 1:39,8,3,2024-10-05T04:13:00Z,2024-10-05T04:13:00Z
UgxTnwUMX7SDA55dHgd4AaABAg,@Dukeduke813,How you single handedly shit on half the rap game.. 😅,14,2,2024-04-18T17:43:45Z,2024-04-18T17:43:45Z
UgzCpUiCN1GlCeFUgsF4AaABAg,@Peaceworldorder52,This shit hard bruh,3,0,2024-08-08T22:23:40Z,2024-08-08T22:23:40Z
UgxXDmlkMn0Zs7qL3uN4AaABAg,@jayremychamp,Drake won by far,5,2,2025-05-21T19:51:33Z,2025-05-21T19:51:33Z
UgyXRBjA51k9ZfHQWL54AaABAg,@sirtoney,"Push ups go harder than Euphoria,and Champagne moments....just saying. Even more impressive considering 20 v 1.",5,0,2024-04-30T18:29:44Z,2024-04-30T20:21:05Z
Ugz2i6eHH8ouad4DjEt4AaABAg,@TheodoreTheFurry,"Okay, it's no fucking secret that Drake lost, but that beat is fucking 🔥🔥🔥🔥🔥🔥🔥",4,1,2024-07-26T00:22:25Z,2024-07-26T00:22:25Z
UgwT6wUOGzFYJ8XT2Zx4AaABAg,@Anonymous-xj8cf,"Beat in top notch..nice drums ❤‍🔥
Anyone know what kind of drum is it?",0,0,2026-09-09T04:44:08Z,2026-09-09T04:44:54Z
UgzYw7OO0tFiG0YeL4N4AaABAg,@freethinkerstv2112,This aged terribly,27,6,2024-07-07T11:42:20Z,2024-07-07T11:42:20Z
Ugx7dZlvTktldinsBaZ4AaABAg,@TxGhost24,Who's here after Rick Ross got punched in the face in Canada 😂,4,2,2024-07-01T17:44:19Z,2024-07-01T17:44:19Z
UgwNI1dQBlbUP0rS-MR4AaABAg,@CԼIPPY,"Drake's diss was hard, but kendrick beat him. I won't believe the p3do accusations without proof, but drake is falling off. But his disses (for the most part) were not too bad, even if kendrick's is better",8,6,2024-08-14T01:21:22Z,2024-09-14T13:27:54Z
UgzGGh_VJojyJMruU3F4AaABAg,@codychambers6974,Idc what people say he went them with this one.,2,0,2026-01-15T05:24:13Z,2026-01-15T05:24:13Z
UgzxuA-bqIX_lfiQBah4AaABAg,@SlammedHams,"So, this song is more catchy but Euphoria was more cutting which matters more In a beef. Round goes to Kendrick",7,1,2024-04-30T18:53:01Z,2024-04-30T18:53:01Z
UgzKd8IQorRqssMZuwZ4AaABAg,@bjayso_wavy3025,Here after Kendrick weak ahhhh response,6,1,2024-04-30T18:52:50Z,2024-04-30T18:52:50Z
UgynVK3Hw34dN65zOkJ4AaABAg,@kxngdavid,"I don’t really like either one, but I’d give Kendrick’s a slight edge over this.",5,3,2024-04-30T18:03:01Z,2024-04-30T18:04:45Z
UgwajtXuVxXxD72zJut4AaABAg,@fernandescunha6378,I'm enjoying all the disses...,2,0,2024-06-28T18:44:32Z,2024-06-28T18:44:32Z
Ugz-Lp6p14x_lsyKaEp4AaABAg,@RichD424,I listened to Kendrick’s Euphoria and came right back to bang this 🔥 Boi made a six-minute track full of bars with no music value🤦🏾‍♂️,5,3,2024-04-30T19:30:43Z,2024-04-30T19:30:43Z
Ugx-rM3n5gS0Ckr6yKB4AaABAg,@willsaunders3949,Drake killed it and so did Kendrick. I liked Drake’s flow better though.,6,0,2024-04-30T21:00:56Z,2024-04-30T21:00:56Z
Ugx0WvoslX0j87Vmtmx4AaABAg,@IntRvertDiaries,Drake took a L bc he don't write tf,5,0,2024-05-01T03:16:03Z,2024-05-01T03:16:03Z
Ugw_VpNwIGj2zq4DSK94AaABAg,@Skinny-Mexican-j8y,Drake did go out swinging,1,0,2024-08-09T21:56:09Z,2024-08-09T21:56:09Z
UgwQxCaN970B7wlou2J4AaABAg,@Teebeebeebee,Euphoria is better 💀seeing Drake fans say this shit better is comedy,31,15,2024-04-30T16:34:06Z,2024-04-30T16:34:06Z
Ugwk4m5iH90w8HmVqWt4AaABAg,@alexissweeting,Oh lord before Kendrick ether him 😂😂😂😂😂,5,0,2024-07-06T18:10:53Z,2024-07-06T18:10:53Z
UgzT_Ab0WmxVoY-x9tl4AaABAg,@jaybeyonder7109,Drake won.,5,0,2024-05-06T17:48:16Z,2024-05-06T17:48:16Z
UgyoKm4Asd3H6TotBU54AaABAg,@tjthefifth9071,This is the only one ill listen to from drake,1,0,2024-09-19T23:02:06Z,2024-09-19T23:02:06Z
Ugwbm-xwmxTTRB6B_r54AaABAg,@codychambers6974,This and family matters are the best diss songs this generation. Drake has more people tune in whether they like him or not so that’s why people dick ride Kendrick. He really is good with lyrics but I just can’t stand Kendrick’s whiny voice. To each their own though.,6,0,2025-12-09T22:47:16Z,2025-12-09T22:47:16Z
Ugyryg0iyrxf4h4Ms6N4AaABAg,@SoSetYT,Kendrick clears by miles,4,0,2024-04-30T21:20:45Z,2024-04-30T21:20:45Z
Ugxlui_MEeoXPGdFtdx4AaABAg,@TheNumber1Whorelord,This aged badly,8,0,2024-07-07T18:14:58Z,2024-07-07T18:14:58Z
Ugxd3L6bvCsM0ClMShx4AaABAg,@rohnosrs,this better than not like us yall crazy as hell,2,0,2024-12-14T20:12:01Z,2024-12-14T20:12:01Z
UgwZ4fYWsjQHv9CC5314AaABAg,@SirCheez,This is NOTHING compared to Euphoria😂 good try though,5,0,2024-05-01T09:49:51Z,2024-05-01T09:49:51Z
UgybGbhbkHHh07eSGqV4AaABAg,@mr.villain9269,Drake fans mad cuz Kendrick won 💀💀💀,7,0,2024-05-03T21:56:48Z,2024-05-03T21:56:48Z
UgxE4w8fiuBxwZExpqZ4AaABAg,@TaylorPort,Drake won this battle ion care,4,1,2025-05-08T17:14:44Z,2025-05-08T17:14:44Z
UgyBRB2dE6BJCRHJAbx4AaABAg,@johnvassilly1207,"Looking back its pretty hilarious that drake is BEGGING dot to drop. Its like that moment you play over and over in your head before you go to sleep. ""If only i had played my cards differently ...""",1,0,2024-07-08T22:43:57Z,2024-07-08T22:43:57Z
Ugznhr7Mi8LQH-pSsGt4AaABAg,@jasonlloyd2057,This didn't age well.,7,2,2024-06-25T19:49:10Z,2024-06-25T19:49:10Z
UgyS_3sy1Fou3L927AR4AaABAg,@dontworryboutitsweetheartt,Drake shooting at everyone is cool but Kendricks song makes this just look bad and lazy.,27,0,2024-05-01T13:59:32Z,2024-05-01T13:59:32Z
UgxnMzbOVyPw0pijSJ14AaABAg,@TIDMVIDM,1:09 sza ain't even a rapper,10,2,2024-05-01T20:15:15Z,2024-05-01T20:15:29Z
Ugxrqt7O2Bdc4eLIHcZ4AaABAg,@TemwaniMwale-v7b,drake won this beef,2,0,2026-04-30T00:31:14Z,2026-04-30T00:31:14Z
Ugx7jEBhb-n-zGb9bDp4AaABAg,@DavidJohnson-bl7rw,This didn't age too well huh? 😩🤣,8,0,2024-07-06T04:33:29Z,2024-07-06T04:33:29Z
UgxKiHDZfmMLHDTaIFV4AaABAg,@HowardNChauncey,They say Kendrick won but I totally disagree….. still listening October 13 2025 🙌🏽🙌🏽🙌🏽🙌🏽🙌🏽,4,1,2025-10-13T12:14:39Z,2025-10-13T12:14:39Z
Ugyjib7UXqXgLVXqcxJ4AaABAg,@og_raybanz,Who’s here after the Super Bowl 😂😂,4,0,2025-02-12T20:34:49Z,2025-02-12T20:34:49Z
UgwdlvJipthNnk0Asf94AaABAg,@Tmontana83,This was pretty solid but kendrick snapped in the later tracks,1,0,2024-08-30T01:03:43Z,2024-08-30T01:03:43Z
UgxEL5AGWeFiwCfuxhx4AaABAg,@Billingham_Longenphatt,"Obviously the court of public opinion declared Kendrick the winner, but this is the waveyest tune from either side for me fr",2,0,2024-10-24T17:57:19Z,2024-10-24T17:57:19Z
UgxeP91oZeL_F9nqIfR4AaABAg,@Seven3o5,This song is actually great.,0,0,2025-09-03T00:36:45Z,2025-09-03T00:36:45Z
UgxJRQ9W_UpC1Se_2AN4AaABAg,@Untld9,The only way how drake can comeback is if he drops a timestamp album type duppy freestyle and comes for literally the whole industry spins back on pusha t even throw meek in there for no reason,2,0,2024-07-04T13:29:21Z,2024-07-04T13:29:21Z
UgwcU3oViA64aLteMsF4AaABAg,@larrellwilliams5938,this still hit,1,0,2025-04-05T03:52:03Z,2025-04-05T03:52:03Z
UgwZvcE1fAC_MPG8IOt4AaABAg,@bradleylummus5931,ICEMAN TONIGHT,2,0,2026-05-14T19:39:31Z,2026-05-14T19:39:31Z
UgzD2FDBAkirHkzgH054AaABAg,@alfredocastro3071,If he aint mention family thks would've been the best beef back n forth,1,0,2026-04-20T12:34:10Z,2026-04-20T12:34:10Z
Ugx-U9aj0W4SpyOLBZ54AaABAg,@giotheone2448,This still the best one out of all of them,0,0,2025-02-09T01:05:50Z,2025-02-09T01:05:50Z
UgyzSUiCE4OhvnKEVih4AaABAg,@gggjjj2333,Rip drake,3,0,2024-06-24T19:04:03Z,2024-06-24T19:04:03Z
UgwEazCs3wX86KiXmwh4AaABAg,@younggod3906,Let’s Go 🔥🔥🔥🔥🔥🔥🔥🐐🦉,3,0,2024-12-09T10:15:18Z,2024-12-09T10:15:18Z
UgyiYHUaVGtDB6fphrB4AaABAg,@M1NHA5H,Damn after hearing Kendrick this shit trash 🤣🤣 I like the beat though,5,0,2024-05-01T06:15:40Z,2024-05-01T06:15:40Z
Ugw__wCXc5TCWzWhtlJ4AaABAg,@g-dub5272,“Just to talk with your ass I had to hike down.” 😂 maaan,1,0,2024-12-11T03:39:30Z,2024-12-11T03:39:30Z
UgyheISyE-ocX4EQEM54AaABAg,@Odyssey636,No way people are defending this trash😂 drakes got a lot of children as fans🤡,4,0,2024-05-01T19:35:43Z,2024-05-01T19:36:41Z
UgxRW6bQJNRHVmqu5wh4AaABAg,@Jragonballbozo05,Rip Tay Kieth,1,0,2026-06-19T18:36:07Z,2026-06-19T18:36:07Z
UgzIQ3Wsn7EcaTx5mDV4AaABAg,@hyenasindoor_games,"For the 1st time, I went on YouTube to listen to his diss tracks.... Trash😂😂😂😂",4,0,2024-11-28T15:19:59Z,2024-11-28T15:19:59Z
UgxyVshKwaIClVcVx0F4AaABAg,@EduardoRomero-rv7qe,"""this aint 20-V-1 its 1-V-20"" that kendrick bars its so dope, thats beeing mind elation",0,0,2024-08-16T04:40:11Z,2024-08-16T04:40:11Z
UgwSQ1yFuksq69iDeAB4AaABAg,@baucedixon8067,This shit is weak lol,4,0,2025-10-17T17:57:34Z,2025-10-17T17:57:34Z
UgzAaRbIuTDFvdw8OP54AaABAg,@GeorgeEdwards-lx8em,Drake over Kendrick,10,2,2024-11-06T13:57:08Z,2024-11-06T13:57:08Z
Ugy2zQy1mLtTxXRWBoZ4AaABAg,@James-ev6dk,Remember when people thought drake cooked Dot when this came out? He kept *begging* man's to drop. Bro thought The *Boogeyman* was a myth,2,0,2024-12-24T16:41:39Z,2024-12-24T16:41:39Z
UgzainFko0GZgtmoWtZ4AaABAg,@MitchTsugi,Na this way better than kendrick diss. Kendrick definitely overhyped,23,5,2024-08-04T10:22:42Z,2024-08-04T10:22:42Z
UgzTmB-F1_obmR9i1Nd4AaABAg,@coreymilinazzo2555,Whos here because no one beats Drake 😅,4,0,2024-06-09T23:29:08Z,2024-06-09T23:29:08Z
UgyHdF0zZBByLMjZNYZ4AaABAg,@littlewiesey33,Bro drakes diss was fire but Kendrick’s diss was just so much more flames,2,0,2024-08-21T01:37:51Z,2024-08-21T01:37:51Z
UgyVxaCtJvAB3hpVXq94AaABAg,@commanderstotalaccess2904,"after hearing K.Dots diss, you can clearly hear how corny Drake is on this one",6,0,2024-04-30T21:10:21Z,2024-04-30T21:10:21Z
UgxAGdS0rqlAWsyrLGV4AaABAg,@gapslip,Drake's up big time. Kendrick is average honestly.,5,0,2024-04-30T20:26:39Z,2024-04-30T20:26:39Z
UgxNbzOlnSxdAmec9KR4AaABAg,@BlackInternational-s1j,Wow drake hit it hard,0,0,2025-06-20T15:59:31Z,2025-06-20T15:59:31Z
Ugwvo38lGVg8BbtP_f14AaABAg,@triniman1265,Drake actually had the better disses. The media and all those artists that teamed up to distract us from thatv fact,6,3,2025-03-13T21:04:18Z,2025-03-13T21:04:18Z
UgyaAwmdUWjr0Rdqn2N4AaABAg,@MillionaireHustleATL,Drake won the battle...sorry,4,2,2025-05-03T03:06:11Z,2025-05-03T03:06:11Z
UgzNQ59LoiGRXNV6ptJ4AaABAg,@rambohyuga8716,Idk yall be bias lol Drake ate Kendrick up,7,5,2024-06-22T00:24:48Z,2024-06-22T00:24:48Z
UgyOphd4Jac782_nFRZ4AaABAg,@Narbatara7,Bro killed it,0,0,2024-07-12T05:48:49Z,2024-07-12T05:48:49Z
UgzsoMsMbJ-FlHJrowR4AaABAg,@GerardoHernandez-c8y,Idc what no one says Drake beat Kendrick,5,3,2024-06-08T20:21:52Z,2024-06-08T20:21:52Z
UgwSUdEzOJqno1qXXK94AaABAg,@segil123,Do not wake the demon up. 😂😂😂,3,0,2024-12-20T20:45:24Z,2024-12-20T20:45:24Z
UgxqexQ3JhscMrOeWGx4AaABAg,@ChronicTheHempHogReal,This is simple compared to what Kendrick just put out. Euphoria sounds better and lyrics hit harder,4,0,2024-04-30T17:06:00Z,2024-04-30T17:06:26Z
UgwH5sUiiBOZqd_bHaZ4AaABAg,@adriel-noahrabenifara9103,Team Kendrick but this shit hard,4,1,2024-06-10T14:10:13Z,2024-06-10T14:10:13Z
UgwVD8uOwxCDYjO0TjR4AaABAg,@TonyStar-vo1wm,Kendrick won but this the only good drake diss,10,2,2024-05-31T20:53:16Z,2024-05-31T20:53:32Z
Ugw-kGmfklD3qVBccel4AaABAg,@ControversyOfDiamond,"Drop, droo, drop 😂😂😂😂. I'm on the floor😂",1,0,2025-01-27T19:31:01Z,2025-01-27T19:31:01Z
Ugwr6RtAxlPO5Zgb9414AaABAg,@xanderajov5902,Not like us!,5,0,2024-07-09T14:21:03Z,2024-07-09T14:21:03Z
UgysQZo0GJ65C2Vuy0t4AaABAg,@ChrisWallis-pg5gr,Not a kendrick fan but Kendrick diss is far far better,4,0,2024-04-30T18:21:34Z,2024-04-30T18:21:34Z
Ugw2WNZULlQMDvvfibJ4AaABAg,@cruzzwoessner,POV: Fake Kendrick fans tied down to a chair trying to not bob their head to this banger,4,1,2024-06-15T08:13:17Z,2024-06-15T08:13:17Z
UgxcEtYrbwM3ixcwwd14AaABAg,@L.I.T_Jay,"I like how neither of them could realistically touch Michael or Prince, MJ had fans fainting before he even moved a muscle on stage",1,0,2024-10-03T23:46:02Z,2024-10-03T23:46:02Z
Ugx0hp9Jzmgp_8z-_P94AaABAg,@ruffgenius3535,Bro…..y’all really think drake wrote this?! Lmao,10,1,2024-05-03T10:03:36Z,2024-05-03T10:03:36Z
UgyD3cclFtb8GyFaVmJ4AaABAg,@FoxyChariot,Kendrick folded this man bruh,5,0,2024-04-30T21:21:41Z,2024-04-30T21:21:41Z
Ugz3EbDNss8H7OO45xl4AaABAg,@thunderbuddies5936,"The Fact that Drake says everyone got K. whiped down is funny af, After seeing kendrick getting 5 Grammys and doin the halftime Show of Super Bowl all by himself hahahahahaha.",2,0,2025-02-11T07:29:03Z,2025-02-11T07:29:03Z
UgxsiwwdCpM11PWEb7F4AaABAg,@uriah94,This is dope 🔥,2,0,2024-08-09T07:02:57Z,2024-08-09T07:02:57Z
UgwmGktDat-B47Cu7nN4AaABAg,@justinhanamaikai5589,This is poppin,0,0,2024-11-21T02:19:02Z,2024-11-21T02:19:02Z
UgyfDY5Hk-g2j3MWwZ14AaABAg,@IbrahimIssa-o9m,Bro yo da BOMB..trust me G,0,0,2024-12-27T15:03:54Z,2024-12-27T15:03:54Z
Ugw26K95zW4SjaR7dD14AaABAg,@davidhamilton2735,That last verse 🔥🔥🔥 Still true! 💯,0,0,2026-06-24T20:52:23Z,2026-06-24T20:52:23Z
UgyEwyEMuzhdgfIh8yN4AaABAg,@migs6674,1:06 best part,2,0,2024-07-26T10:28:01Z,2024-07-26T10:28:01Z
UgwM5d_beZ89AqTPu_F4AaABAg,@Alifrahman3311,Who are here after Iceman🧊,3,0,2026-06-15T09:12:57Z,2026-06-15T09:12:57Z
UgxSgWh6YpxKQCVbXul4AaABAg,@dantes6142,Now that’s how u rap.. he got every bar off,1,0,2025-03-04T02:27:15Z,2025-03-04T02:27:15Z
Ugzf4_gOB_wJFSRJb014AaABAg,@eiliaear2r,Dino1's guitar version is just something else bro,0,0,2025-03-01T17:53:00Z,2025-03-01T17:53:00Z
Ugzpp_ay6Sv9D_Fs0pB4AaABAg,@zarvan777,this track is better than the kendrick diss 🤷‍♂️,2,0,2024-08-07T05:46:38Z,2024-08-07T05:46:38Z
UgwkbSMylrB7osJNOxp4AaABAg,@Ghostsrt392,Also there is a lot of lines in drakes that probably went right over most people’s head that was actually fire.,0,0,2024-08-11T22:39:27Z,2024-08-11T22:39:27Z
Ugypn9uyiTURHy3oju94AaABAg,@JuniorIngram-d2c,Slick move drake,0,0,2025-03-04T03:42:16Z,2025-03-04T03:42:16Z
UgwOcYcFAiRTHlf8tXl4AaABAg,@Genolexis,‘I know my picture on the wall when you cook up’ 😩😩😩🤣🤣🤣,2,0,2024-07-20T14:00:04Z,2024-07-20T14:00:04Z
UgziYGODRoHGVUEnhcR4AaABAg,@vanessas2363,Excellent music.,0,0,2025-03-12T22:32:58Z,2025-03-12T22:32:58Z
UgzZwhO0B1r0NsQAHsN4AaABAg,@andrewg7143,This go hard,1,0,2024-07-09T13:51:22Z,2024-07-09T13:51:22Z
Ugy1-R-DCQmdgEr-dFp4AaABAg,@pixelatedcatlover,How tf you big stepping with a size 7 mens on was the hardest diss in the beef,3,0,2024-07-17T07:53:23Z,2024-07-17T07:53:23Z
Ugw-TR-U4T5hcCwYbXF4AaABAg,@darrenhinrichsen1410,Honestly drake don't get enough credit. This track was cold as fuck,0,0,2024-07-02T20:13:49Z,2024-07-02T20:13:59Z
UgybBflvZSi245bo6nJ4AaABAg,@RJRecords0,NGL this was good out of all his disses.,0,0,2024-09-24T11:40:25Z,2024-09-24T11:40:25Z
UgyIwosalnJK7kW1XDt4AaABAg,@bl4z3_mc23,This one my favorite out of the beef,0,0,2025-03-10T12:50:32Z,2025-03-10T12:50:32Z
Ugy-IhUa4EYYbr5qbzx4AaABAg,@krazykarlos1,Still fire 🔥,0,0,2024-10-14T04:56:05Z,2024-10-14T04:56:05Z
UgxlZuyITJa-aPWeEnt4AaABAg,@Darth_Apollo,OvO 🦉🔥🐐,3,0,2025-05-26T18:36:47Z,2025-05-26T18:36:47Z
Ugymc0ZoQJss4JXt-n94AaABAg,@Wishudishy,Wooo caaaaa 🔥🔥🔥🔥🔥🔥,3,0,2024-12-11T01:08:14Z,2024-12-11T01:08:14Z
Ugz11R6BXYnl54KPqSR4AaABAg,@DreamFactories,When Riri drops again I hope she mention that Drake’s first number one SHE had to put it in his hand 🤣🤣💀,2,0,2024-07-06T15:13:18Z,2024-07-06T15:13:18Z
UgzGqDT4SOPUXFO71ix4AaABAg,@PedroPacuto,the biggest,0,0,2026-04-09T08:55:59Z,2026-04-09T08:55:59Z
Ugz9VB2Tcaw6c17h2-J4AaABAg,@Sundance990,Here simply because I forgot his lyrics Kendrick really killed this man I know every Kendrick line bar for bar with the exception of 6:16 in la,1,0,2024-07-14T15:58:27Z,2024-07-14T15:58:27Z
Ugw5p1xZLITwCHQDwmx4AaABAg,@GavinE-w7p,1:08,0,0,2024-07-27T02:16:23Z,2024-07-27T02:16:23Z
UgyhAvbuKhQ2wXw940F4AaABAg,@user-5bknzck,This and Family Matters 3rd verse were Drakes best punches in the beef,0,0,2024-07-19T16:30:49Z,2024-07-19T16:30:49Z
Ugz8UPjmDbIEctRqMzJ4AaABAg,@andrewpontious6907,That boi Trae The Truth🤘🤘🤘,0,0,2024-09-19T18:41:49Z,2024-09-19T18:41:49Z
UgxWWbwKt7BzEbVAIEB4AaABAg,@ajkulicaa,"drake won the beef by far, i genuinely cant listen to a single kendrick song without getting annoyed outta my mind bro",1,0,2026-05-07T10:38:01Z,2026-05-07T10:38:01Z
UgyJp6mUvEehbYFmHWd4AaABAg,@DeeqaAbdi-x1b,Ooooooh drake knows me,0,0,2025-11-19T18:29:46Z,2025-11-19T18:29:46Z
Ugzov_PR5Z1HDWX1wrh4AaABAg,@KestraBeatz,lols this song aged bad now UMG is telling Drake to Drop drop drop,2,0,2024-08-11T10:37:28Z,2024-08-11T10:37:28Z
UgyLiUY14qKuTwrFj194AaABAg,@HaitanHavoc4,fire asf,0,0,2025-02-07T19:40:05Z,2025-02-07T19:40:05Z
UgxBTiGOd9itUxoOu6t4AaABAg,@loidreem1948,I forgot how fire this song was,0,0,2024-08-20T00:10:28Z,2024-08-20T00:10:28Z
UgzSyRELLKWDZGhZaHB4AaABAg,@jamesolson2039,Classic,0,0,2025-04-12T15:31:14Z,2025-04-12T15:31:14Z
UgxeDErH380rBkQdprd4AaABAg,@tarunv6244,"""Who tf u big stepping with size 7 mens on""- this bar is hard af💀💀",1,0,2024-06-28T09:59:02Z,2024-06-28T09:59:02Z
Ugy3UUlA_HLz7qbRhmR4AaABAg,@BarbiFun,This song good for the gym,0,0,2024-07-04T11:56:37Z,2024-07-04T11:56:37Z
Ugz2wmEBAgp948a4G8Z4AaABAg,@nomercy1041,Say whatever I like this drake.,1,0,2024-08-06T20:21:06Z,2024-08-06T20:21:06Z
UgzE-zlL5lhGlv5UDEd4AaABAg,@Lateralligator0,Hard,2,0,2024-07-05T00:48:02Z,2024-07-05T00:48:02Z
UgwJuQ8Opo-IrMSwAzJ4AaABAg,@RyanStotland,"Big difference between Mike then and Mike now
Drake is 🔥🔥",1,0,2024-07-24T23:45:27Z,2024-07-24T23:45:27Z
UgxfboZD5Ss7qQ0-2dd4AaABAg,@luanvegas9773,Everyone won with this beef! Drake and kendrick gave us master pieces,0,0,2024-08-16T13:53:29Z,2024-08-16T13:53:29Z
Ugxcw990SZhUfNAm-eB4AaABAg,@chipsahoyboy5407,"Honestly, a solid fight put up with this. Just didn't stand a chance with what came next lol",1,0,2026-03-10T19:02:47Z,2026-03-10T19:02:47Z
UgwwvAoXZL1WUlAFIpV4AaABAg,@KweenCityLuv,🎉🎉❤❤This is a work out calorie killer,0,0,2026-04-04T14:46:44Z,2026-04-04T14:46:44Z
UgzZGacXaE7ipPD00Gl4AaABAg,@67WSW,Drake should’ve just kept it a friendly fade because these are the most middle school insults I’ve ever heard,1,0,2024-12-28T14:39:09Z,2024-12-28T14:39:09Z
Ugwit5kMUJ4gT7nUchh4AaABAg,@swazzi888,Aging like wine,1,1,2025-10-01T15:13:00Z,2025-10-01T15:13:00Z
UgxJiA7FQkk3AwNzjrB4AaABAg,@GoatedRocky2,I’ve heard that Whookid before,1,0,2026-06-01T23:19:29Z,2026-06-01T23:19:29Z
Ugx4J9Nf0JfapFN20Nl4AaABAg,@Tito_777-d4p,Lawsuit been waiting 😭,1,0,2025-01-22T11:42:18Z,2025-01-22T11:42:18Z
UgwfaV_iALBQNp1Y2b94AaABAg,@sunjevjeyananthan9270,Champagne moments 🍾 🦉,0,1,2025-02-20T11:27:55Z,2025-02-20T11:27:55Z
Ugyb29gxel7iyrx99AZ4AaABAg,@slimbrown1070,I could see this song playing over that one skaiwater freestyle😂😂,0,0,2026-05-05T18:04:25Z,2026-05-05T18:04:25Z
UgxotSsffCDko8gqD4d4AaABAg,@charlesroberson5154,The beat sick 🤷🏾‍♂️😂😂,0,0,2024-07-07T06:32:59Z,2024-07-07T06:32:59Z
UgwUeSHNR5DMBPfdlY94AaABAg,@ErinJeanette,Can't believe it's been two months since the war. I miss it.,0,0,2024-07-01T12:34:43Z,2024-07-01T12:34:43Z
UgxvdV_W9rQ5tt60Iip4AaABAg,@Ananiyibilir,Go gamble boyyy,0,0,2024-06-28T12:14:46Z,2024-06-28T12:14:46Z
Ugz_GJPlnG5ErKJoYLd4AaABAg,@Somerandomsh-e2p,Ts hard,2,0,2025-02-21T22:19:14Z,2025-02-21T22:19:14Z
UgxIgH0IjSXxssIDL_V4AaABAg,@Daqueenbarbiedolllife,"yk what ,heck yeah",0,0,2024-11-27T16:25:34Z,2024-11-27T16:25:34Z
UgzzB48FAdvkMJiohtt4AaABAg,@Rz7338-t8n,🔥,0,0,2024-07-15T21:43:32Z,2024-07-15T21:43:32Z
UgxtTXT4kqme58pflGV4AaABAg,@BigFred253,🔥,0,0,2024-07-06T04:01:10Z,2024-07-06T04:01:10Z
UgyjFEnQrXbCV9PzYR54AaABAg,@Themommyplace,🔥 frie,0,0,2024-08-20T18:10:26Z,2024-08-20T18:10:26Z
UgyjksP5-5FC7J6P49p4AaABAg,@fernandescunha6378,Great diss!,0,0,2024-08-31T09:09:05Z,2024-08-31T09:09:05Z
Ugx8T7PMr-Uox2Qh-p54AaABAg,@OP-rooster,🔥🔥🔥🔥🔥🔥🔥🔥🔥🔥,0,0,2024-07-12T08:48:44Z,2024-07-12T08:48:44Z
UgyFl4p87vWmr6iMAm14AaABAg,@Dbad1978,Drake was driving  a MAC TRUCK on this song alone! Everybody mentioned got crushed and you know it!,2,1,2025-03-15T00:12:36Z,2025-03-15T00:12:36Z
UgypeF-35VDshc19Y-d4AaABAg,@CrystalLamboy,Aye 😂👏 he ate that,0,0,2024-10-16T00:40:44Z,2024-10-16T00:40:44Z
Ugy_Tkroze34t9wf4FB4AaABAg,@Dreadpool4343,“WHAT TOP 5 YOU SMOKING ON KENDRICK!!”😂,2,0,2024-08-05T23:53:53Z,2024-08-05T23:53:53Z
UgwEhSWtUYUZblCYXOB4AaABAg,@jsu9575m,This song is better than Family Matters,1,0,2024-08-08T14:09:09Z,2024-08-08T14:09:09Z
UgzxFKn7kmTxf_l5jap4AaABAg,@JacobSander-c6c,"""And we need a verse for the swifties"" Aging well",1,0,2024-11-20T20:26:00Z,2024-11-20T20:26:00Z
UgyTejHhY_k7G2aTRPh4AaABAg,@GhostFreakyAhh,"Fun fact, more people liked the not like us original audio than people even saw this one",1,0,2024-08-29T22:43:00Z,2024-08-29T22:43:00Z
UgyJgjBeCCx9gKxQ5754AaABAg,@skinnymash2563,"recentry most big show's headliner  artist was Kendrick in Japan tho,,,,",1,0,2024-07-25T06:45:30Z,2024-07-25T06:45:30Z
UgzvO9NgZnl6lfbEqat4AaABAg,@Thehardst,Went 20 v 1 and still came out lit,0,0,2024-08-11T02:27:25Z,2024-08-11T02:27:25Z
UgwvFYklefDK-wN0csd4AaABAg,@Cultee,Just Came back to relive the beef 😂,0,0,2024-08-03T22:58:05Z,2024-08-03T22:58:05Z
Ugz8gha8zyR3_dKGQbR4AaABAg,@JkTheMixer,I remember how hard this went before the beef. Now it feels like a baby wipe lmao,1,0,2024-07-26T07:45:59Z,2024-07-26T07:45:59Z
UgzDzZ2623z4ZeaCBVB4AaABAg,@cptdekker,"""THANK YOU K DOT!""  - Hip Hop Culture",1,0,2024-07-12T10:16:58Z,2024-07-12T10:16:58Z
UgzvQ2gg6RzC_VvbNEN4AaABAg,@B.G.Bandit,1:56 wicky wicky wicky. Ain’t that an SPM song? 🤔🤔🤔🤔,1,0,2024-12-24T23:28:30Z,2024-12-24T23:28:30Z
Ugy-YKJXmNjwPb36ayZ4AaABAg,@evydel007,Oct ❤,0,0,2024-10-20T18:20:45Z,2024-10-20T18:20:45Z
Ugw_LfpXrLKb6QKbout4AaABAg,@viktorandy6080,Drake went crazy with rosting!,0,0,2024-07-14T14:36:28Z,2024-07-14T14:36:28Z
UgzFxluulJ3i1GRHz6p4AaABAg,@Wizerd.69,This went hard for like 10 mins,0,0,2024-07-12T15:26:47Z,2024-07-12T15:26:47Z
Ugy7L-opNWFiOvRI3mt4AaABAg,@BoburAbdumannopov-z5q,Big difference between mike then and mike know 😂,2,0,2025-12-07T06:04:49Z,2025-12-07T06:04:49Z
UgzhbJ3-l5h4ssQxgWh4AaABAg,@MarshaHarris-sb6kn,Listening it's not trash,0,0,2024-07-22T03:49:35Z,2024-07-22T03:49:35Z
UgzcdZkDvz8gchRaLIZ4AaABAg,@vikso89,BIG AK IN THE SONG,0,0,2024-11-28T21:29:18Z,2024-11-28T21:29:18Z
Ugz8lj3RLnYiKQVdsQ14AaABAg,@LoganOHara-j7z,❤DRAKE❤,1,0,2025-04-02T20:27:44Z,2025-04-02T20:27:44Z
UgzOs_p5d5uXuGz9GQp4AaABAg,@oakwoodsams2751,I’m here after the Not like us  video dropped.. gotta relive this whole beef,0,0,2024-07-05T00:15:12Z,2024-07-05T00:15:12Z
UgxpKVVDleBAbiyERUF4AaABAg,@GeorgeEdwards-lx8em,🤔this shit starting to sound good,3,0,2024-07-07T14:32:18Z,2024-07-07T14:32:18Z
Ugz3cUz8_Gh3Qou8szF4AaABAg,@Fishofthesea_OG,kendrick getting drake to release some good music,0,0,2024-07-03T00:43:00Z,2024-07-03T00:43:00Z
UgynDDX-yPkrAb2AHdR4AaABAg,@dantes6142,Best diss I’ve heard since kill shot honestly 🤷🏾‍♂️,0,0,2025-03-04T02:44:25Z,2025-03-04T02:44:25Z
UgyCoe5SmOq-rTldDm14AaABAg,@shellyreynolds9633,He actually dropped and gave him 50,1,0,2024-07-11T21:57:11Z,2024-07-11T21:57:11Z
Ugx2BWmGfbfPjj7mGLp4AaABAg,@MonkeyMonkeys-g7r,This is good ❤,1,0,2024-07-20T17:39:05Z,2024-07-20T17:39:05Z
UgxfLwL-zG6LQhTWM7Z4AaABAg,@kasketbase8741,What was the first song called?,0,0,2024-07-04T01:39:28Z,2024-07-04T01:39:28Z
UgyX1M21xP6eiwiAsJ94AaABAg,@Sarth125,"crazy part is this is actually a good diss
kendrick just mopped the floor with his ass with like 3 songs after",1,0,2024-07-11T19:23:55Z,2024-07-11T19:23:55Z
Ugyh9JkHcs2eldVtTQN4AaABAg,@thanaio,Ghost writers did a good job it's just that Kenny on a different level,0,0,2024-06-30T11:41:41Z,2024-06-30T11:41:41Z
UgyXSjuoTqobTJztgEN4AaABAg,@Eggsaregood123,Im gonns bust to this,0,0,2024-07-15T20:00:22Z,2024-07-15T20:00:22Z
Ugw9i5meTJQfyZpgLy94AaABAg,@MarshaHarris-sb6kn,Omgness dang 😆😆,0,0,2024-07-22T03:51:40Z,2024-07-22T03:51:40Z
Ugz91nBF50TbY2AF_kl4AaABAg,@JD_is33,HEAATTTTTTTTTTT🔥🔥🔥🔥,1,0,2024-08-06T16:10:06Z,2024-08-06T16:10:06Z
UgxAmUvGVxXJUZXQhRB4AaABAg,@LilMoeVEVO,🔥🔥🔥,1,1,2025-04-09T18:20:02Z,2025-04-09T18:20:02Z
Ugw0rFMMqhZdbiKNZ6R4AaABAg,@TMTAdamm,7 us is crazy,0,0,2024-08-01T09:37:17Z,2024-08-01T09:37:17Z
Ugy09f8QJygsW_f_SYN4AaABAg,@arnoldmagqaza7860,Drake Ghostwriters did their thing here it was just not enough.,0,0,2024-06-28T05:25:49Z,2024-06-28T05:25:49Z
UgxH1PvvjYtxtqE48KN4AaABAg,@KyleClark-f4h,Nys song,0,0,2024-07-01T10:13:15Z,2024-07-01T10:13:15Z
UgxsO3_stSkPomR9FW14AaABAg,@irun360,"Jets whips chains. wicked wicked wicked, he talking to future",0,0,2024-07-18T21:26:17Z,2024-07-18T21:26:17Z
UgwL8NSQJCsihl-jN4V4AaABAg,@KyleClark-f4h,Nys song,0,0,2024-07-01T10:12:21Z,2024-07-01T10:12:21Z
UgyjtMA4FuaLye0vzw94AaABAg,@satan00069,I am new in rapping scene... who is this top he keeps yapping about?,0,0,2024-12-16T11:09:36Z,2024-12-16T11:09:36Z
Ugx-WkczQ6doIQjsUJl4AaABAg,@yapayapa-123,Drakes ghostwriters be writing overtime for this,0,0,2025-01-08T23:20:04Z,2025-01-08T23:20:04Z
UgxBRgMEuIwxtFKG9754AaABAg,@djnoname9710,DRAKE WIN WIH THIS SONG,2,0,2024-07-25T22:13:34Z,2024-07-25T22:13:34Z
UgwmgrEpAF1QHPsJkB54AaABAg,@chilleeindica8401,“50 deep but it aint deep enough” 😨😨,0,0,2024-12-18T07:56:55Z,2024-12-18T07:57:47Z
UgypDM_mircNGb_XPJN4AaABAg,@frosticewalker,Drake Universe 🫶🫶🫶🫶🔥🔥,0,0,2025-10-06T15:18:57Z,2025-10-06T15:18:57Z
UgwoEJpFVF68lwuWejB4AaABAg,@chinoarmbrister4465,Where are the kids Dot rapping bout,2,0,2026-05-02T22:45:43Z,2026-05-02T22:45:43Z
UgzgipwkOHcsTWpnfBV4AaABAg,@jeritheweirdchild,"This song was hard when it came out, but we all know drake never goes over 18",0,0,2024-07-09T20:48:34Z,2024-07-09T20:48:34Z
Ugz-3FHAjGQd1NE2te14AaABAg,@zenbe.i,"""SZA got you wiped down"" aged SO badly",0,0,2024-12-10T00:50:20Z,2024-12-10T00:50:20Z
Ugwy_MlHV0ryIzwoxSJ4AaABAg,@JamCam-yz6bf,This seems like a minor diss compared to not like us 😆,1,0,2024-07-09T16:14:50Z,2024-07-09T16:14:50Z
UgxP9vzVYanWs8tJ5od4AaABAg,@dannynomouth,Drake took this off his personal YouTube,0,0,2024-08-15T16:35:48Z,2024-08-15T16:35:48Z
Ugycyl6NdCguH4IWY_14AaABAg,@onelast2147,I love k dot but this was a fire song,0,0,2024-08-08T04:16:08Z,2024-08-08T04:16:08Z
UgzLA9EEYuouK8RqYCR4AaABAg,@Regularguy92,Just a reminder this shit still goes fucking crazy in 2025,2,1,2025-03-08T09:08:23Z,2025-03-08T09:08:23Z
Ugzoz2MIB9LcQ9hqmUN4AaABAg,@JohannaNelago-m6y,Lamar cooked on gd BIG FACTS💯,0,0,2026-06-20T10:44:19Z,2026-06-20T10:44:19Z
UgyMblzyHoP3WL5J1ct4AaABAg,@jacobpettes335,"Wow, Drakes ghost writers did well on this one.",1,1,2024-07-31T01:49:13Z,2024-07-31T01:49:13Z
UgxhnRtU0tkh0ht7dWF4AaABAg,@rachelb3250,OOOOOOOKAAYYYYYYYYYYY,0,0,2025-01-13T01:19:48Z,2025-01-13T01:19:48Z
Ugzobuakc4fimrKQgiV4AaABAg,@hoodangel.Entertainments,May14,0,0,2026-05-13T20:22:15Z,2026-05-13T20:22:15Z
UgwWTNgh6cPdlai79lh4AaABAg,@beburs,This is so good ngl Kenny fanboys big mad tho,3,2,2024-08-02T13:13:05Z,2024-08-02T13:13:05Z
Ugz_gXoVtMImxgcjb_Z4AaABAg,@Marcmob24,Big difference between Mike then and Mike now shii gave this line lil more thought it’s actually a good come back to the Prince out lived Mike Jack line. MJ definitely is brought up way more than Prince keeping his name alive way more than Prince.,1,0,2024-10-06T03:56:28Z,2024-10-06T03:56:28Z
UgzNhptea3oooIJlKXp4AaABAg,@sirevans6269,"Dear Drake, they can never make me hate you even when they scream, '' a minooor!""😊",1,0,2025-08-11T13:52:33Z,2025-08-11T13:52:33Z
Ugyj0hiA5sEOBLGHseJ4AaABAg,@piecenotpeace,"When drake released this I thought it was just the beginning 😢, bro  just fade out mean I was disappointed. This is was hotttt",0,0,2024-12-10T06:09:57Z,2024-12-10T06:09:57Z
UgywcrOt0x4rFRuuRtR4AaABAg,@dumsuk1413,"Sad hw ""Not Like us"" really got u to forget dis Banger",1,3,2024-07-25T21:18:50Z,2024-07-25T21:18:50Z
UgxAnuM8jdocsHazzqR4AaABAg,@kellicormier9900,Im here after the Superbowl...i got the power like im 50 drop and give me 50,0,0,2025-04-03T03:59:24Z,2025-04-03T03:59:24Z
UgwdYz5r0LFkmUfo5OZ4AaABAg,@myleakagriffin4893,#theworstrapperintheworld 🌎🌍,1,0,2024-07-05T21:10:25Z,2024-07-05T21:10:25Z
UgxLbQ-PDaGaCOzQWIV4AaABAg,@trea07,1:06,0,0,2024-07-30T09:48:22Z,2024-07-30T09:48:22Z
UgyUyKW6olLgFu_y6al4AaABAg,@PALSGUILD,This hit so hard it took kendrick 14 days to recover,2,2,2024-07-18T12:11:18Z,2024-07-18T12:11:29Z
Ugwgdlu_d7q29IGbfM14AaABAg,@ChinmayChavan-en7gf,Kendrick won the beef mile away but this diss is underrated asf,3,1,2024-07-31T03:47:51Z,2024-07-31T03:47:51Z
UgwvQk1dlC_tQ9bQSZx4AaABAg,@imuptownpeace_K374,👌👌👌,0,0,2025-06-05T02:13:54Z,2025-06-05T02:13:54Z
UgwnAmww-yXqdL9v1zZ4AaABAg,@TommyVXOLucia,R.i.p Drake,0,0,2024-07-11T19:43:57Z,2024-07-11T19:43:57Z
UgyMjJpt95G9ijf75RF4AaABAg,@TheBingolinbear,"Kendrick won for sure, but some of theese Drake tracks are really good!",2,0,2024-07-08T16:36:38Z,2024-07-08T16:36:38Z
UgzT5oRq9q6EAatBNe14AaABAg,@20thcenturydenzel,"the instrumental is fire. i'm on kendrick's side, but the instrumental is fire.",1,0,2024-08-12T05:03:16Z,2024-08-12T05:03:16Z
UgyQz5pTkrwKR7oG-8Z4AaABAg,@kristieterese14,Fire Neon got all the girls no cap,0,0,2026-05-15T03:12:27Z,2026-05-15T03:12:27Z
UgyyIuzM20Ca6rDUQNp4AaABAg,@bladetheegoat,This is fiee😊,0,0,2024-07-12T04:41:59Z,2024-07-12T04:41:59Z
UgxNvNEUu7m1KsaxjRl4AaABAg,@anisraslan4896,1:05,0,0,2024-07-05T12:59:13Z,2024-07-05T12:59:13Z
UgxLOB0wx5P43VUhVGR4AaABAg,@kendrickjones8337,"1:19 Drake: “And you gone feel the aftermath of what I write down”.
I think we felt the aftermath of what Kendrick did to Drake😂",1,0,2025-03-23T23:21:15Z,2025-03-23T23:21:44Z
UgxW059PuVIe7qtxdxV4AaABAg,@Kai69123,Bad ending ah song,3,0,2024-09-01T04:02:07Z,2024-09-01T04:02:07Z
UgzmDHznu-5YLi1DSxF4AaABAg,@ajca69420,RIP DRAKE,1,0,2024-06-24T16:49:36Z,2024-06-24T16:49:36Z
UgyTtFE8FD6uUVHJLP54AaABAg,@Samson6.0,I ain’t gonna lie he snapped when he said Ross turning 50 😂😂 that was the only hard diss on the track,0,0,2026-02-11T04:28:34Z,2026-02-11T04:28:34Z
UgzF6Htz2WMDPuNKNGR4AaABAg,@impugal,Beat rapper alive after Wayne❤❤,0,0,2024-09-27T19:54:03Z,2024-09-27T19:54:03Z
UgzWh0-shuu3UVyxMHl4AaABAg,@TF98,Ain’t nobody playing this shit now 😂,1,0,2024-06-27T16:52:17Z,2024-06-27T16:52:17Z
Ugy5KiuDh886LkH9dF54AaABAg,@MAZE-lk7hl,Yall acting like u wasnt a drake fan a few years ago im in th neutral side but clearly kdot won however they both are literally the greatest,1,0,2024-10-03T20:59:07Z,2024-10-03T20:59:07Z
UgxfVoDb4OmX9tmiH5F4AaABAg,@manevver,unfortunately a banger,0,0,2024-06-26T23:54:17Z,2024-06-26T23:54:17Z
UgxZCY90RSIjpcxdbJB4AaABAg,@beautifulbutterfly2349,❤,0,0,2025-02-04T12:08:10Z,2025-02-04T12:08:10Z
UgwhkuG--Qiop3WhWWF4AaABAg,@kingluxaf1765,Drake shouldve had this stashed for later use in the battle,0,0,2025-02-10T07:16:04Z,2025-02-10T07:16:04Z
UgxkjmAF9C4YpVzRsBR4AaABAg,@michailmodesto6867,Here in 2025 still my goat 🐐,0,0,2025-02-19T03:41:17Z,2025-02-19T03:41:17Z
UgzrAUpt0x9EPtlseYJ4AaABAg,@SwaggyBoost84,Drake the type of guy that can't count past 17,3,0,2024-07-06T02:41:29Z,2024-07-06T02:41:29Z
UgxaWO8SeJqhPIA3-rF4AaABAg,@boonduckgod1655,Lawyer boy,3,0,2024-11-29T21:03:50Z,2024-11-29T21:03:50Z
UgxcRrtxDl15dFYWZhR4AaABAg,@JuliusSpell93,"He should’ve dropped this song last, it would’ve had more impact",1,0,2025-08-04T03:38:57Z,2025-08-04T03:38:57Z
UgwM6LkU1kqJT04U3BN4AaABAg,@SaintyYG,Drake won🎉,3,3,2024-08-02T16:00:10Z,2024-08-02T16:00:10Z
Ugy17i4R-JWXhcfl6qV4AaABAg,@KumikoSann,"Kendrick : vs drake
Drake       : vs world.",2,1,2025-03-31T18:04:22Z,2025-03-31T18:04:22Z
UgydaXECrUOuYiE1DA94AaABAg,@deandreushayes9836,1:35,0,0,2024-08-08T14:57:53Z,2024-08-08T14:57:53Z
UgwstF4dolauOXVrSt94AaABAg,@robertvincent4042,"This was actually ""Back 2 Back"" reheated 😅",1,0,2025-01-24T23:55:27Z,2025-01-24T23:55:27Z
UgyG2C6Lf5JJmbr7XER4AaABAg,@eddieterrell5457,This funny he gone be wearing all his chains… in Texas😂,1,0,2024-08-18T17:30:36Z,2024-08-18T17:30:36Z
UgzoFw1ueFXJdpNazfp4AaABAg,@LuvwJ2025,When he put this out he thought he was though no bro you woke up the Demon on your ass😅😅😅😅,3,0,2024-07-17T06:05:37Z,2024-07-17T06:05:37Z
Ugz7iDyAsGQ8Si4bCWZ4AaABAg,@Jaara735,"This was the diss before Not like us, and the respond Diss after Not like us.  Recycling bin",0,0,2024-12-15T05:45:39Z,2024-12-15T05:45:39Z
UgweM6B6AJwyqxVolmZ4AaABAg,@fe4rlicous,3:20,0,0,2024-08-29T12:20:58Z,2024-08-29T12:20:58Z
UgyusMKn-ZPAerHyBpV4AaABAg,@michellesimmons4504,Such a good ass beat that's been ruined by abysmal lyrics that no ghostwriter is getting credited for  (half satire),1,0,2024-07-13T01:40:32Z,2024-07-13T01:44:33Z
UgyuH9TdBJrq8ZjHkgh4AaABAg,@misterorange8746,Its about to turn 1 years old in few days.,0,0,2025-04-14T23:14:41Z,2025-04-14T23:14:41Z
UgwoKUemaNJY0UYUG5x4AaABAg,@Shikshadarpan84,Drake was the villain in the diss and Kendrick was the Hero who won.,0,0,2024-11-09T06:27:21Z,2024-11-09T06:27:21Z
UgwOF76JpOoFLk73Lel4AaABAg,@msmaryceline,How do I do laugh emoji’s I’m old I dunno,0,0,2024-07-27T03:37:27Z,2024-07-27T03:37:27Z
UgzOdWY-ZgdOVMIHDLJ4AaABAg,@jimmyfrederick9036,Like a label boy you in the scope right now that's the hard as f***,0,0,2024-09-15T19:51:28Z,2024-09-15T19:51:28Z
Ugy-t-WP3xe2n5QfMWN4AaABAg,@jimmyfrederick9036,Like a label boy you in the scope right now that's the hard as f***,0,0,2024-09-15T19:50:20Z,2024-09-15T19:50:20Z
UgzpTg275fWHT5fKIWp4AaABAg,@michaelharris-qg9oy,"04/17/2k26 shit 🔥🔥🔥 still. 
Him",1,0,2026-04-17T07:34:12Z,2026-04-17T07:34:12Z
Ugy5S_JtWLa8beYTHQx4AaABAg,@7Shadow9,"""Wut top 5 you smokin on Kendrick""?",1,0,2024-08-16T00:57:18Z,2024-08-16T00:57:18Z
UgwjP0NDeFAcJis48UJ4AaABAg,@MWTunes,Who else is here after ”Not Like Us video”?,2,0,2024-07-08T07:00:00Z,2024-07-08T07:00:00Z
Ugx5u_4sCfJ0vokwQ6d4AaABAg,@TonyDanza4Lyfe,Bragging about yourself while being a dick to normal people in general is not how u win a beef.,2,0,2025-03-15T00:08:24Z,2025-03-15T00:08:24Z
UgwC1ZiI3fBuPLZAyOZ4AaABAg,@nelliehernandez8680,"I feel like Kendrick has been hating on Drake for so long he had so much time to think and rewrite and put so much emotion into his 

And Drakes flow in this song sounds like someone wrote it for him and he just performed it",0,0,2026-08-29T18:30:26Z,2026-08-29T18:30:26Z
UgwSbHB0jBWwaNrpmMJ4AaABAg,@DarrylDePaula-xt5kg,Wick em Drake lmaooo,0,0,2024-07-04T02:45:40Z,2024-07-04T02:45:40Z
Ugz3rNTsdb-OQl8m5bB4AaABAg,@MarthaSuarez-e2q,R.I.P drake.,0,0,2024-09-04T16:15:59Z,2024-09-04T16:15:59Z
UgwFETt2pTjwD5Meo1h4AaABAg,@007mia7,The beginning of the end,0,0,2025-09-06T10:46:16Z,2025-09-06T10:46:16Z
UgwtIFvYZ5bV7jBA7zt4AaABAg,@awesomefish_69,Eeeeeeyyyyyyyyyy! Extortion baby!,0,0,2024-12-09T23:50:06Z,2024-12-09T23:50:06Z
UgzyWZANVLXsojtFtYZ4AaABAg,@DarrylDePaula-xt5kg,Rip. 50,0,0,2024-07-04T02:55:37Z,2024-07-04T02:55:37Z
Ugx56le8xkTAuvY9z114AaABAg,@imaginarygiant145,"This shit hits but he e dropped the ball on the timing for the hook, drop and give me 50",0,0,2025-11-16T02:36:09Z,2025-11-16T02:36:09Z
Ugw34gMSskWt8XlJPXp4AaABAg,@marvinjames1830,Dj woo kid send me here,0,0,2026-05-18T14:34:28Z,2026-05-18T14:34:28Z
UgyYmu4t_SxMF4dW0Hx4AaABAg,@fyazigiplanet,"little puppy Drake, trying to bark at the big dogs.....",1,0,2024-07-27T23:42:35Z,2024-07-27T23:42:35Z
UgxfvS270kU53S8xOyh4AaABAg,@GameplusGain,2:20 That ish hard🥶🥶,0,0,2026-06-29T18:47:01Z,2026-06-29T18:47:01Z
UgyI5DlXM1VqIKHZUP54AaABAg,@trinirodriguezgftres,❤❤❤❤❤❤❤❤❤❤❤❤❤❤❤❤❤❤❤❤,0,0,2024-07-11T11:17:36Z,2024-07-11T11:17:36Z
UgybQmb2G7S8BshzA9p4AaABAg,@Chiscoolto,0:40,0,0,2025-04-06T19:08:45Z,2025-04-06T19:08:45Z
UgydRP0rWCPjM2NHMAt4AaABAg,@GlendaGelder-t3j,Strosin Groves,0,0,2024-09-04T15:15:50Z,2024-09-04T15:15:50Z
UgzyOXqXNuxrVzbSl-V4AaABAg,@IluminousDawabbaastill-b8y,50 bless my bro or drake bless.thanos x,0,0,2025-02-26T23:29:07Z,2025-02-26T23:29:07Z
Ugz71NIF-VT_KjSNnLZ4AaABAg,@Stumblefun-g7f,I miss old drake😢this new drake isnt the humble one😭,0,0,2024-09-30T03:22:55Z,2024-09-30T03:22:55Z
UgyBoD7F8KQiFqbcfVh4AaABAg,@DaAvatar100,💯💯💯😂,0,0,2026-05-17T15:20:46Z,2026-05-17T15:20:46Z
UgyGcNumHhQPOeDVTyx4AaABAg,@sserwaddaderrick1523,The hit maker y’all depend on 😂,0,0,2025-06-08T16:14:45Z,2025-06-08T16:14:45Z
Ugym9VDj-5-d4hlq1r54AaABAg,@kingsiah13,0:31,0,0,2024-08-11T05:59:56Z,2024-08-11T05:59:56Z
UgykWqNmYGn8139yQeB4AaABAg,@Ez_1100,"Drake really killed him, just kendrick stuff went mainstream with it",2,1,2025-02-15T03:36:43Z,2025-02-15T03:36:43Z
Ugzddl41IbTAMvmqUDJ4AaABAg,@Ghostsrt392,This flow was smoother in my opinion. But Kendrick definitely won.,1,0,2024-08-11T22:37:31Z,2024-08-11T22:37:31Z
Ugwm0HPGlKheHp5cSUV4AaABAg,@BeforeThisNovember,"Best song of the saga and I’ll die on that hill.

Kendrick obviously won - obviously, the people have spoken, but Drake made better songs with way more replay value.",3,0,2024-07-12T12:41:09Z,2024-07-12T12:41:09Z
UgytYvjtP5U3Il71bbZ4AaABAg,@chuckawicz87,Drake lost but he held his own. That 2nd beat drop on family matters was hard af,0,0,2024-09-07T14:06:23Z,2024-09-07T14:06:23Z
UgyKU9ucmq9YqE8gTXt4AaABAg,@tytaylor8525,"This is my favorite drake diss... This beat is hard AF!!! Buuuuut K Dot just straight MURDERED HIM after this... I mean, it was blood splatter and yellow crime scene tape strung everywhere!!!",1,0,2026-05-08T16:54:52Z,2026-05-08T16:54:52Z
UgyElh83zFkZrmoGffF4AaABAg,@HonchoJohn,2025 anyone 🤷🏾,3,0,2025-01-21T20:58:36Z,2025-01-21T20:58:36Z
UgxkM2SeFcq1iHr1Ixl4AaABAg,@richmondboahene6536,From drop drop drop. To stop stop stop,1,0,2024-07-11T08:06:43Z,2024-07-11T08:06:43Z
UgyzlxwVtXBmxdxs1fZ4AaABAg,@Squidlubber,"Like the great philosopher Drake once said, drop drop drop drop",0,0,2025-07-02T21:08:02Z,2025-07-02T21:08:02Z
UgyKt2wexiWb2hfyv3t4AaABAg,@LibanDohdhe,Be carefull what u wishing for,1,0,2024-12-19T03:53:35Z,2024-12-19T03:53:35Z
UgwHbhZj8yC7q-1tox94AaABAg,@FEWS525,"You woke the demon up... Write your own shhhh.,. Silent 😂",0,0,2025-02-12T06:35:04Z,2025-02-12T06:35:04Z
UgyZ4jo62CR9EAZhppJ4AaABAg,@hozezae29,That shit was way harder anything.,2,0,2025-10-04T21:05:10Z,2025-10-04T21:05:10Z
UgzSjEe8RJykOEs8rBl4AaABAg,@elidesportelli325,1:45 thus disstrack is good❤❤❤❤❤❤❤❤❤❤❤❤❤❤❤❤❤❤❤❤❤❤❤❤🔥🔥🔥🔥🔥🔥🔥🔥🔥🔥🔥🔥🔥🔥🔥🔥🔥🔥🔥🔥🔥🔥🔥,0,0,2024-09-23T13:36:02Z,2024-09-23T13:36:02Z
UgwBicdLNlA_FyAAr9J4AaABAg,@LukeTheSchoolBoy,"aside from dissing Whitney because he didn't have anything on Kendrick, this is the hardest track out of the beef.",0,0,2024-08-20T18:35:09Z,2024-08-20T18:35:09Z
UgxeLJkAkA3RjN71zah4AaABAg,@Rockout215,Still the best diss,1,0,2024-08-27T02:38:21Z,2024-08-27T02:38:21Z
Ugx0qz8cJCeddap0XT54AaABAg,@corollamanding0197,“Ima take ya latest girl and cuff like im Ricky” 😂😂,0,0,2025-12-08T15:27:17Z,2025-12-08T15:27:17Z
UgzSz9rfzE38wqFHJPB4AaABAg,@itsdogshyt,Not drake tlkin bout someone being all bark but sending hits over dealin w his own problems lol make tht make sense,0,0,2024-09-27T19:24:01Z,2024-09-27T19:24:01Z
UgwYBq3sXQbiA5bGo5J4AaABAg,@dax8407,Cute,0,0,2024-07-04T05:34:40Z,2024-07-04T05:34:40Z
UgzeU9UN5mtudPSpCHt4AaABAg,@Omni-King2099,Drop and give me FIFFFFTTTTTYYYYYYYYYYYYYY!,0,0,2025-03-08T05:33:26Z,2025-03-08T05:33:26Z
UgzxRsowbe5zdfW02CR4AaABAg,@convoiskillx9657,Nah drake really got bars🫣🫣🫣,0,0,2025-07-29T06:33:11Z,2025-07-29T06:33:11Z
Ugyvv1TNX5nea0hKWbh4AaABAg,@458XB,This mf was some heat too😮‍💨😮‍💨 Im looking back at it after the dust settled and DOT definitely won but Drake held his own going at 5 people.,0,0,2026-04-23T22:59:14Z,2026-04-23T22:59:14Z
UgwtLd06PSEj-RneHj14AaABAg,@GregoryCarpenter-r7c,Rip juice,0,0,2024-08-24T13:04:39Z,2024-08-24T13:04:39Z
UgxDLnUvkGhjgqsHF7Z4AaABAg,@MacboiPRODZ,Me,1,0,2024-10-04T20:41:30Z,2024-10-04T20:41:30Z
Ugzr60ba-w5OcObh8394AaABAg,@DoubleH313,"Drake will never take Kendrick as serious as Kendrick sees Drake. And for that reason, that is why I think that Drake still comes out on top after all the smoke has cleared from their beef. Also, this track slaps, at least its hype and not a lullaby Kendrick diss that puts you to sleep 💤😴",0,0,2025-07-19T15:08:37Z,2025-07-19T15:08:37Z
UgxBYjGs8uhZJhoHSmF4AaABAg,@Drake_hater3312,BBL DRIZZY,0,0,2024-07-14T01:07:53Z,2024-07-14T01:07:53Z
UgygA7xYiXCA7PKr3894AaABAg,@subnautica_yy,drake owes me a check he feel checko slovakian,1,0,2026-03-31T00:25:43Z,2026-03-31T00:25:43Z
Ugy4RJCQZcnLjjbGHyJ4AaABAg,@Madness801,going back to relisten to the beef and even if drake lost and was lame for running to court at least the song was good,0,0,2025-03-14T13:55:51Z,2025-03-14T13:55:51Z
UgyUjYNu2F1rt7rjVwt4AaABAg,@WilliamCondon-s1y,Donnelly Brooks,0,0,2024-09-03T02:40:10Z,2024-09-03T02:40:10Z
Ugz-9E_OCo0Rw6Z1mzR4AaABAg,@Farisotoum,1:02 this part hits hard,0,0,2025-04-15T12:53:49Z,2025-04-15T12:54:24Z
UgyGHXxa1gsY477g8sd4AaABAg,@SimonSosa25,"""Let your core audience stomach that, than tell em where you get your abs from"" 

Kendrick aims for the soul when he disses people 😂😂😂",0,0,2024-07-02T21:29:47Z,2024-07-02T21:29:47Z
UgxhfdILsGgehEEQPnF4AaABAg,@Huo-lh6pi,"I know we're supposed to hate on Drake but, this shit go hard af 

Definitely prefer it over not like us (because that stuff overplayed)",3,1,2024-08-09T06:14:06Z,2024-08-09T06:14:06Z
UgyDvDrsK2OTMCVkV-B4AaABAg,@shadyaboy,Man yall act like this man can't rap tho.... he be spitting to me,0,0,2024-09-16T03:00:19Z,2024-09-16T03:00:19Z
Ugy0GwzfnQapsHuJhjF4AaABAg,@DeeqaAbdi-x1b,Drake sold his soul walahi n joined up illumanati,1,0,2025-09-29T14:50:58Z,2025-09-29T14:50:58Z
UgxM7OCqZWI1wTtgsnh4AaABAg,@ErickJ-c9b,Ovo unruly 🍔,1,0,2025-12-22T02:23:53Z,2025-12-22T02:23:53Z
UgxKqkRhXLjYarshxed4AaABAg,@KhalifSamuels-j6n,I would never have not like us in my playlist they even have kendrick over lil wayne on the all time greatest rappers list which is definitely cap 🧢😂😂😂😂😂😂,1,1,2024-08-25T05:27:46Z,2024-08-25T05:27:46Z
UgyTL17MjLHmb1aSMtp4AaABAg,@Drgloomanddoom,Any time I hear this shit again it makes me laugh all the ppl gassing Kendrick drake murdered him,2,0,2026-05-10T03:29:04Z,2026-05-10T03:29:04Z
UgyCyrYm90Gjfx6jJ7x4AaABAg,@deonrichardson5250,This is still a dope ass diss track!!,0,0,2024-07-08T17:02:09Z,2024-07-08T17:02:09Z
Ugy5_hfaT65Yy3K6TDR4AaABAg,@kingsleyironsi2560,Flow sounds like kids' play to me,0,0,2024-08-16T09:49:02Z,2024-08-16T09:49:02Z
UgwyFksrssXoVimxtNJ4AaABAg,@CMcGhee-d7v,🦉😎🤙😂,0,0,2026-04-02T21:39:00Z,2026-04-02T21:39:00Z
UgyF1k-FmwDdijVwrMd4AaABAg,@fernandovirgiliodomingos4018,Hum at drake,0,0,2025-06-15T23:09:45Z,2025-06-15T23:09:45Z
UgwtIG653ZOj-UHJ8pR4AaABAg,@tomek6132,Drake lost but this is the best song of the beef,0,0,2024-08-06T08:44:31Z,2024-08-06T08:44:31Z
UgxjVLF5ebb7g6nuYtZ4AaABAg,@carloshicks1383,Yea I just had to see why Kendrick killed hin the way he did😂,1,0,2024-07-10T02:46:49Z,2024-07-10T02:46:49Z
Ugx2ofQWLznDAMO8ZVp4AaABAg,@DeeqaAbdi-x1b,Did I really sell my soul,0,0,2025-10-01T14:52:53Z,2025-10-01T14:52:53Z
UgxOYbW_W1awwtICKWF4AaABAg,@kikaycajulao1529,Stephanie Weiss you are very special lady this song for you Push ups,0,0,2024-08-16T15:53:14Z,2024-08-16T15:53:14Z
UgxiqlrIFwbBRZcq14l4AaABAg,@RimshaShirin-k8n,1:7 the besttt parttt,0,0,2025-10-16T02:03:56Z,2025-10-16T02:03:56Z
Ugz4fzUHuCSrGBRdbjB4AaABAg,@KeysGabriel,"""Spend that lil check you got && stay up out my business"" 😂",0,1,2025-07-27T07:28:16Z,2025-07-27T07:28:16Z
UgznIvBi4t71UNevOO94AaABAg,@Eat2Ucantmove,Drake talking a lot of facts Kendrick a little man that been getting extorted by top dog.,1,0,2026-05-05T11:50:08Z,2026-05-05T11:50:08Z
UgxPnA_Q_ZuGje5KbBR4AaABAg,@alexandervignettes9537,Who’s still listening in 2027???,2,0,2024-07-13T00:30:16Z,2024-07-13T00:30:16Z
UgylAybgq-623r5jfwF4AaABAg,@BBaldwin-c9t,Y’all taking sides cause Drake Snapped On Buddy Fr,3,2,2024-07-05T21:14:24Z,2024-07-05T21:14:24Z
Ugx_j9e5JsLmD1EiOfh4AaABAg,@RogueXV,"Back when Drake was winning the beef. I mean, that is until Kendrick finally gave em what they asked for and dropped.",1,0,2024-07-24T14:47:20Z,2024-07-24T14:47:20Z
UgxcGprUksIlvKbbLNt4AaABAg,@quzohnsmith134,Me,1,0,2024-06-28T06:11:31Z,2024-06-28T06:11:31Z
Ugw49s8aQCEuZNy_W_F4AaABAg,@jairbro,This better than family matters,0,0,2024-06-28T06:21:12Z,2024-06-28T06:21:12Z
UgxvAwyqjv0GVmvZSIh4AaABAg,@hushedecho1127,"No cause this diss would actually be okay, in a friendly fade type battle lmao",1,1,2025-01-13T15:56:51Z,2025-01-13T15:56:51Z
Ugy5kGulKGOdqzvchhJ4AaABAg,@하이구-h2p,Lewis Melissa Clark Betty Hernandez Helen,0,0,2024-09-16T23:27:18Z,2024-09-16T23:27:18Z
UgyDmJEF_EAQbZIvGed4AaABAg,@badnewz9,This joint actually go hard...he just got Ethered with Not Like Us. Poor guy,0,0,2025-05-03T22:24:14Z,2025-05-03T22:24:14Z
Ugw5vpnidR9I6DfvMhB4AaABAg,@LesEuell-f2z,Shanna Plaza,0,0,2024-09-02T00:59:31Z,2024-09-02T00:59:31Z
UgylPl98aojVShAWL094AaABAg,@SibusisoMaluleke-m9z,❤drake is the ish I don't give a fuck wat yall say,3,1,2024-07-07T18:58:26Z,2024-07-07T18:58:26Z
UgyLNRfpwRYfzE-KJjV4AaABAg,@fredericlazarus3092,"Y’all notice that the beginning of the song was form a song of Jay Rock? (Jay Rock, Feat Kendrick Lamar & Major James)",0,0,2024-10-06T05:01:38Z,2024-10-06T05:01:38Z
UgxEXSJ_rXsjwX1npeZ4AaABAg,@NapoleanKelly,Just listen to GNX and yeah outside of tv off Kendrick over album not messing with this one song,0,0,2024-12-13T16:48:50Z,2024-12-13T16:48:50Z
Ugz25pjRQ0vPIs6luJp4AaABAg,@Mikailz,#teamdiddydrake,1,0,2026-01-30T07:39:16Z,2026-01-30T07:39:16Z
UgyhaLt38BokZF_mSBV4AaABAg,@crimealleysoutlaw1103,"I really liked this track , but then Drake started yapping his middle school bars.",1,0,2024-07-23T14:33:01Z,2024-07-23T14:33:01Z
UgwPEuFOXRBAbKZt3bB4AaABAg,@1andresupreme,Second verse slid 4sure,0,0,2025-02-05T23:45:23Z,2025-02-05T23:45:23Z
UgwxTI7uQUWzwX1EUjN4AaABAg,@respectofjaygaming3715,This was the beginning of the end😂,0,0,2024-07-07T04:09:32Z,2024-07-07T04:09:32Z
UgxaxsxDk6e_jvX9R1V4AaABAg,@itz1tobi,Here after Iceman part 1 & 2 🥶🥶🥶,0,0,2025-08-02T01:48:39Z,2025-08-02T01:48:39Z
UgwFREWBWFB-1RDklmx4AaABAg,@ExclusiveNWB,DOES NOT FEEL LIKE NO DISS TO ME,1,0,2024-07-25T20:42:05Z,2024-07-25T20:42:05Z
UgzdwXpvX9ZQyDdm13l4AaABAg,@brunavzacharias,👻,0,0,2024-08-01T00:30:35Z,2024-08-01T00:30:35Z
UgxxLEXPF9HbZSibs2l4AaABAg,@BelleMarian-e9u,Lee Anthony White Ronald Hernandez Mark,0,0,2024-09-05T01:09:05Z,2024-09-05T01:09:05Z
UgxNvU3_Ooaa0S9npwJ4AaABAg,@luisayala213,Drake went hard too tho.,0,0,2024-09-13T05:40:39Z,2024-09-13T05:40:39Z
UgyJUsxOGaH51IJnu4B4AaABAg,@vixz1n,before his traggic d3 4 th :(,1,0,2025-09-24T21:41:42Z,2025-09-24T21:41:42Z
UgwXT8_BZlz8eewmywt4AaABAg,@NaimSonkan,Hernandez Richard Thompson Thomas Young Donald,0,0,2024-08-28T16:52:39Z,2024-08-28T16:52:39Z
UgztBm4OxFAAQT8c6dB4AaABAg,@JoseHernandez-Mendez,Hear me out... Black Ops Zombies theme and Drake's Push-Ups remix?,0,0,2024-07-14T04:45:52Z,2024-07-14T04:45:52Z
UgzVpoYvs_2qkQz6_6N4AaABAg,@SamiraMahi-l2k,Hernandez Eric Garcia Dorothy Perez Jennifer,0,0,2024-09-10T12:44:32Z,2024-09-10T12:44:32Z
UgzbyT4Ln11T6LiB7k14AaABAg,@MorrisonOscar-u6l,Martinez Patricia Hall Jennifer Walker Carol,0,0,2024-10-13T17:21:13Z,2024-10-13T17:21:13Z
Ugzx-23F1U4GfFagMd14AaABAg,@MacDonaldElaine-v2q,Young Shirley Rodriguez Eric Hernandez Donald,0,0,2024-09-18T21:31:14Z,2024-09-18T21:31:14Z
UgwGtSyTmDM975TFtbd4AaABAg,@DanielVelelo,Am here after not like us screaming drizzy a g.o.a.t!!!!,0,0,2024-08-12T18:17:53Z,2024-08-12T18:17:53Z
UgwsoO4LUn8xRTwJKrl4AaABAg,@DuckDuck-u3e,Allen Sharon Anderson Margaret Perez Melissa,0,0,2024-10-04T11:13:11Z,2024-10-04T11:13:11Z
UgxCWoYa5TaUUs1jTm14AaABAg,@RobinLyndon-h1u,Harris Frank Wilson Brian Lopez Richard,0,0,2024-09-20T03:27:16Z,2024-09-20T03:27:16Z
UgwkOR4-PPT6zfMsTEx4AaABAg,@SleepyAxtraxx3,Where’s drop and give me 50 by drake ?😮,1,0,2025-09-24T19:10:37Z,2025-09-24T19:10:37Z
UgxWOEDADdZIyvsb2lp4AaABAg,@mizrawthemikesparka2342,"Cole really don't want it.  He in the basement just writing,  but Kendrick doing the same shit. As we say in Philly, Kendrick, "" I'm up 30. Go pick ya man up before he stops breathing!""",0,0,2024-07-05T22:55:08Z,2024-07-05T22:55:08Z
UgwpK0b6D2cSU2GET6Z4AaABAg,@WdGDark,Rumors that Kendrick isn't sleeping well to this day,0,0,2024-06-28T06:47:45Z,2024-06-28T06:47:45Z
Ugxob7qMXb9WCFWr8Td4AaABAg,@adrianprince-bo2tg,Just to have this conversation i had to hike down,0,0,2025-10-30T18:46:23Z,2025-10-30T18:46:23Z
UgyjQDDxv0tMpAni4Jh4AaABAg,@WardLance-q9q,Jackson Daniel Smith Jose Lopez Barbara,0,0,2024-09-05T09:30:25Z,2024-09-05T09:30:25Z
Ugx0XIQmK81GOO7Q6ml4AaABAg,@GirlSlimerPainting,"""Drake i regret to inform you that Metro has in fact, made some drums."" - His team probably.",0,0,2024-07-08T01:30:54Z,2024-07-08T01:30:54Z
Ugw-FHoFpzoYYxfHNTd4AaABAg,@KendricksMaragoudakisE,Harris Cynthia Martin Betty Garcia Michelle,0,0,2024-08-17T06:10:06Z,2024-08-17T06:10:06Z
UgzEgSRMEdLL0EO0nd54AaABAg,@luminousii,Travis got you wiped you down ??,1,0,2024-07-09T21:48:20Z,2024-07-09T21:48:20Z
Ugz6Prtqh5wNzD3qf1h4AaABAg,@JeffersonRachel-t8t,Jones Sandra Martin Anna Martinez Deborah,0,0,2024-09-20T00:03:33Z,2024-09-20T00:03:33Z
UgxBDjpExWwR7Lr-QSB4AaABAg,@myleakagriffin4893,Me,0,0,2024-07-05T21:07:17Z,2024-07-05T21:07:17Z
UgzOwlse5YPMuJzYXNV4AaABAg,@R1cHi3e,Who’s here after all Kenny’s friends are on the epstine list? Kbots very quiet 🤫,1,0,2026-02-28T17:35:18Z,2026-02-28T17:35:18Z
UgyWvg9Ctv0xUr0BXtx4AaABAg,@HarperSandy-v6e,Dach Squares,0,0,2024-09-04T23:07:41Z,2024-09-04T23:07:41Z
UgxgafnEuwTbq-ujFC54AaABAg,@McGregor007,Drake killed that clown 🤡 💯🍻🎶,2,0,2024-07-07T02:29:56Z,2024-07-07T02:29:56Z
Ugzwm0ZaU9ZpZ4FkymV4AaABAg,@DunkinTunic,Hall Shirley Gonzalez Deborah Martinez Joseph,0,0,2024-09-14T05:53:10Z,2024-09-14T05:53:10Z
Ugzuphi2NJnPuWNfyip4AaABAg,@TuttleVictoria-i8j,Williams Eric Perez Betty Rodriguez Melissa,0,0,2024-10-03T13:21:16Z,2024-10-03T13:21:16Z
UgzZ37OUPGNdh0InPeB4AaABAg,@KTBKensame,Who’s here after he begged Kai Cenat to endorse the mid Yachty song,2,0,2024-07-26T22:04:36Z,2024-07-26T22:04:36Z
Ugz-bRVFX1fo3qvDcsR4AaABAg,@HodgsonBroderick-e2z,Jackson Cynthia Moore Scott Jones Sarah,0,0,2024-09-25T17:34:03Z,2024-09-25T17:34:03Z
Ugz-AmhinkW5xUqyszx4AaABAg,@AnneWilliams-k6h,Lopez Gary Anderson Mark Young Anthony,0,0,2024-09-21T15:09:22Z,2024-09-21T15:09:22Z
Ugzaobmn-_f4jen64M94AaABAg,@BhaskarPande-l5u,What the😂,0,0,2024-10-25T10:19:00Z,2024-10-25T10:19:00Z
UgyfX6TMBnMcgaq43K54AaABAg,@G4MM3RF3L1PE,"Kendrick fan here but i like this song, instrumental is fire but...

A minoooooooor",0,1,2025-04-29T06:02:38Z,2025-04-29T06:02:38Z
Ugypg-3Fq-2v8L2TSNR4AaABAg,@saintkevinofficial,"""nah, nah, nah, this time you're following through"".",0,0,2024-11-28T12:56:48Z,2024-11-28T12:56:48Z
UgzL1pcf8uEjSNwCUWl4AaABAg,@djsouthsidesage7271,Drake dont use ghost writers no more 🎉🎉🎉🎉,0,1,2024-11-09T15:09:59Z,2024-11-09T15:09:59Z
UgySg-EZSqhZTKz1iWN4AaABAg,@billiemor296,"Top say drop You better Drop and em Fiftyyyyyyy 

Tryna strike a cord and probably a minoooooorrr",0,0,2024-07-13T18:11:12Z,2024-07-13T18:11:12Z
UgxK3ApLn5QjjZbqp2R4AaABAg,@Ilovecailah,3:15 drake don’t bring Kai into this 😂,0,0,2024-06-29T19:38:43Z,2024-06-29T19:38:43Z
Ugxf2UwU3mrocg4sB5h4AaABAg,@lotus328rb,I didn't know this even existed,0,0,2024-08-09T16:35:13Z,2024-08-09T16:35:13Z
Ugzxeu4qbSWyTXYqSfR4AaABAg,@RosalindHarlan-r1h,Rodriguez Elizabeth Gonzalez Frank Martin Ruth,0,0,2024-10-15T07:28:02Z,2024-10-15T07:28:02Z
UgxvWvpDaouWitWvDI54AaABAg,@mattbeinfest1147,Don't make me have to chip a nail 😅,0,0,2024-08-05T18:30:19Z,2024-08-05T18:30:19Z
UgyeoMZU4MyR_-bapM94AaABAg,@MrAnmol1980,"Drizzy kept going (sounded good as diss) then the red phone went on to Dre and Dot went Super Sayan (He was right it was 20 vs 1, even gambino on his case)",0,0,2025-02-16T20:38:06Z,2025-02-16T20:38:06Z
UgwpVTop8e9KvF9wbBd4AaABAg,@h4r5Hhhhh,1:06 beat💀,0,0,2024-07-09T20:34:04Z,2024-07-09T20:34:04Z
UgzlEoBFUPz9pVJ8_gF4AaABAg,@K-Choi,Now we know why Drake trying to keep it PG,0,0,2025-02-17T18:43:35Z,2025-02-17T18:43:35Z
Ugxtj1Fg_0MxnQ9JBe94AaABAg,@Moonlight.Melon.Mounter,Interpolates bury the evidence by tricky lol,0,0,2024-07-14T15:47:00Z,2024-07-14T15:47:00Z
Ugwr2y7cAsZVXYM4NhN4AaABAg,@JacksonBandons-b5l,Lee Shirley Moore Karen Moore Ronald,0,0,2024-08-22T13:03:14Z,2024-08-22T13:03:14Z
UgxQwdJhppJazIs67fx4AaABAg,@KevinJohnson-fn5en,"Kendrick only known in the states drake is global.FACTS
Lyrical FACTS",0,0,2024-08-07T19:39:39Z,2024-08-07T19:40:55Z
UgxYwNWQbL51LKzuhyl4AaABAg,@deceiver444,Some of these bars sound so awkward one year later.,1,0,2025-04-21T12:21:51Z,2025-04-21T12:21:51Z
Ugyyfjw37QV0gr0acX14AaABAg,@ChaplinBrady,Perez Elizabeth Garcia Amy Anderson Charles,0,0,2024-09-07T13:14:08Z,2024-09-07T13:14:08Z
UgwBfpRoq-ARGg2kgnN4AaABAg,@PalmerZora-e1s,Walker Jason Martinez Jeffrey Young Daniel,0,0,2024-09-24T18:32:21Z,2024-09-24T18:32:21Z
UgxDjbuL5vFbqXrxAc14AaABAg,@GoatedMykhail,Kendrick cleared but still fire,1,0,2024-08-19T03:32:45Z,2024-08-19T03:32:45Z
UgwHR9e_mbPa170NoRp4AaABAg,@BlowingDummy-g1r,Perez Brian Lewis Steven Martin Amy,0,0,2024-08-23T21:07:55Z,2024-08-23T21:07:55Z
UgyF3xKt0M2VUZXsmMN4AaABAg,@salaheddinbadi9214,"I will drop soon 
Just 
Tight and big to stand you ground",0,0,2024-12-18T23:53:10Z,2024-12-18T23:53:10Z
Ugw-SDzqCpKJFKCBbHB4AaABAg,@stephencunningham6962,"Kendrick definitely won, but this is good. Dot is just on another level.",1,1,2024-07-21T02:28:32Z,2024-07-21T02:28:32Z
UgxHCx0DqRSTtjLnMNF4AaABAg,@ScottStanley-x4j,Moore Karen Martinez Angela Miller Larry,0,0,2024-09-17T00:19:46Z,2024-09-17T00:19:46Z
Ugwe8aDUHNV5QGqcNNd4AaABAg,@brittkamper713,Some people who be saying this is a good track when he got some Ghost Riders to help him that's some bs,1,0,2025-02-21T09:46:26Z,2025-02-21T09:46:26Z
UgyNcsd6rxd77KZPFNp4AaABAg,@davefufeturner8028,Rodriguez Shirley Williams Jason White Lisa,0,0,2024-09-17T20:05:19Z,2024-09-17T20:05:19Z
UgyQ80m9WObjPl58hEB4AaABAg,@中島学-b4k,Brown Gary Martin Daniel Wilson Kenneth,0,0,2024-08-25T16:20:44Z,2024-08-25T16:20:44Z
Ugy45Th7QLTfQbjfGhp4AaABAg,@pilgrimsintheearth1501,"What drake did to meek with ""back to back"" is the same effect ""not like us"" had on the industry even bigger. You can either kill yo opponent in a night or make em dance and kill them all year",0,0,2026-05-29T11:03:54Z,2026-05-29T11:03:54Z
UgxYsSLYScQJUJGILYN4AaABAg,@Th3_B1g_Ducky,"9/10 diss, peak drake🙏 Family matters is good but like an 8.5/10 at best",0,0,2024-08-23T22:40:05Z,2024-08-23T22:40:05Z
Ugy7R4Xo1ZrnaaQwYCh4AaABAg,@gambianmaverick,This should have come after not like us,0,1,2025-02-12T02:38:40Z,2025-02-20T01:47:34Z
UgzQLLeQAzGZ3PaD2Kp4AaABAg,@ramboooi,"come here Drake, watch documentary of snake",1,0,2024-07-11T02:05:34Z,2024-07-11T02:05:34Z
Ugz7FzLTDY-Vg7d5RjJ4AaABAg,@平贺真子-k9v,Walker Linda Martinez Richard Miller Cynthia,0,0,2024-10-10T04:16:06Z,2024-10-10T04:16:06Z
UgwUtAD0l6nDkQVF1Gx4AaABAg,@Ballin4Real88,"Drake- Wtf is this a 20V1 ? 🥷 

Dot-“Ain’t 20v1 it’s 1V20 if I gotta slap 🥷’s that write wit you!”",0,0,2026-08-14T01:56:21Z,2026-08-14T01:56:21Z
Ugy1gKq3RDGh0RksU0B4AaABAg,@TinaYouker-q2m,"No...no ..no .no..no...that's enough, let it go.!!!!!",0,0,2025-02-21T14:48:58Z,2025-02-21T14:48:58Z
Ugwwpjqrt5cf32EoSzV4AaABAg,@jonnyboy924-o7x,Me,0,0,2024-09-03T02:05:19Z,2024-09-03T02:05:19Z
UgyhnTt69IjSiwPYGpB4AaABAg,@enma4953,Who is here after drake got cooked but this still a fire 🔥  song,1,0,2024-08-19T05:46:24Z,2024-08-19T05:46:24Z
Ugw51z63k71duMiMfeZ4AaABAg,@Zion-u7t3k,Who is here after the 300k,0,0,2024-07-10T03:04:50Z,2024-07-10T03:04:50Z
UgxhNKxURq99RBjZlLF4AaABAg,@dylangracia6091,Didn’t know he had beef with Devin booker😅😅😂,1,0,2026-07-18T00:40:07Z,2026-07-18T00:40:07Z
UgwQVJNa5GgMHbjhw3B4AaABAg,@JanelleWilliams-i2d,Jones Jessica Martinez Laura Young Richard,0,0,2024-09-07T19:02:25Z,2024-09-07T19:02:25Z
UgxoJ9jQq0FdICvhouB4AaABAg,@NSA.,Metro 😂😂😂,0,0,2024-10-21T09:40:48Z,2024-10-21T09:40:48Z
UgxsaQ01ptQEQ3HkbVR4AaABAg,@USAVNOMAD,Gotta work on those patterns.,0,0,2024-07-07T04:58:50Z,2024-07-07T04:58:50Z
UgwY_mKQPoRcMyRqLTR4AaABAg,@jaysalazar4835,"Drake has the recipe, Kendrick want beef with a legend goodluck",0,0,2025-02-14T23:05:19Z,2025-02-14T23:05:19Z
UgwJQUTpI1FJHwXA-q14AaABAg,@HuttVita-w2o,Lopez Christopher Williams Melissa Jackson Cynthia,0,0,2024-09-06T21:04:29Z,2024-09-06T21:04:29Z
Ugx1O6ZQAoDs_vRKC2J4AaABAg,@West_Coast_Mainline,He got 50,0,0,2024-07-15T07:23:04Z,2024-07-15T07:23:04Z
UgyucBZwWvvjCHcPeFx4AaABAg,@BlowingDummy-w6t,Lopez Steven Lee Lisa Jackson Richard,0,0,2024-08-25T18:11:41Z,2024-08-25T18:11:41Z
Ugxm-4itQeJKBn8wcGd4AaABAg,@matanthony4945,He told Kendrick to drop 4 times and he does 4 songs after this 😂,2,1,2024-08-16T15:43:30Z,2024-08-16T15:43:30Z
Ugy33-VxQ9F6k24fL9V4AaABAg,@jimmyfrederick9036,Just to have this talk i had to pipe down hard as hell,0,0,2024-09-15T19:49:49Z,2024-09-15T19:49:49Z
UgzpQpILAg84eP_Mjtt4AaABAg,@DefoeBrian-x9m,Lopez Linda Moore Richard Wilson Daniel,0,0,2024-10-12T15:35:40Z,2024-10-12T15:35:40Z
UgwKpthwPdGkbgHzTJh4AaABAg,@GASxi-R,song starts on 2:30😮‍💨😮‍💨🔥🔥🥵,0,0,2024-09-30T20:16:00Z,2024-09-30T20:16:00Z
UgzWthm62MdpfTLDXwJ4AaABAg,@LeticiaGoodmanuj,Harris Nancy Young Daniel Moore Patricia,0,0,2024-08-30T11:39:25Z,2024-08-30T11:39:25Z
Ugx6kuW23Be8zlwCLQl4AaABAg,@journeyman7404,Patty Cake bars,0,0,2025-05-19T18:27:24Z,2025-05-19T18:27:24Z
UgxMynQdyaK6AeTbmwd4AaABAg,@JenniferThomas-z7l,Williams Sarah Anderson Barbara Garcia Scott,0,0,2024-10-05T05:23:55Z,2024-10-05T05:23:55Z
UgwHqQ__bWMDEewgh9Z4AaABAg,@gersomvaldez8864,Music Song wise it's real rap music beats better n his rap is better not better diss it's a tie 4 me,1,0,2024-12-06T00:33:43Z,2024-12-06T00:33:43Z
UgzNi6zBzDcIAUGheeZ4AaABAg,@Alhajih.mSesay,Dis song is better than u critizise it,0,0,2024-07-29T20:42:34Z,2024-07-29T20:42:34Z
UgxvflmeV6TwDV1fM-l4AaABAg,@ClaraTina-h8f,Thompson Charles Jones Brenda Lopez Jessica,0,0,2024-09-14T11:11:30Z,2024-09-14T11:11:30Z
UgwVnP_AHmIHtI8gzm14AaABAg,@candidkevi2719,😂😂🤣😂🤣😂🤣😂😂😂 I came back here to laugh. He forreal thought he was COOKIN!,3,2,2024-07-09T22:33:19Z,2024-07-09T22:33:19Z
Ugzw5ExToTh1y-WmyBd4AaABAg,@MelissaWilliams-m4r,Lopez Amy Young Steven Lewis Kimberly,0,0,2024-10-15T14:51:00Z,2024-10-15T14:51:00Z
UgzYio2zQ7lcCR9h3KF4AaABAg,@BJL001-k1p,2100,0,0,2024-08-23T07:51:31Z,2024-08-23T07:51:31Z
Ugx63utfupxLJVU1vvl4AaABAg,@BlowingDummy-g1r,Johnson Amy Taylor Karen Thompson Daniel,0,0,2024-08-23T14:55:23Z,2024-08-23T14:55:23Z
UgzCct7Fu_f8V_0-3bR4AaABAg,@redgreen5312,"Never a good look when ""pipsqueak"" (""Let it Shine"" reference) is a word you use in a rap battle...",0,0,2025-01-26T15:00:20Z,2025-01-26T15:00:20Z
UgwhUsQTBQHB6ZyThiF4AaABAg,@carlos3944,Ran.,0,0,2024-06-28T05:06:19Z,2024-06-28T05:06:19Z
UgxRW5ftUiN1REpB9Q94AaABAg,@DierserChloe-r5o,White Betty Martin Patricia Hernandez Scott,0,0,2024-09-13T13:03:05Z,2024-09-13T13:03:05Z
UgxPCJpW1zmrWlXdcGx4AaABAg,@NicholasChristine-w4l,Hernandez Lisa Rodriguez Amy Jackson Robert,0,0,2024-09-18T21:18:20Z,2024-09-18T21:18:20Z
Ugxlpo-YndUPCN5lw3N4AaABAg,@RICHnMUSIC,😅,1,0,2024-07-06T14:53:33Z,2024-07-06T14:53:33Z
UgyjMdE9A-txqHko4aZ4AaABAg,@MariaAnderson-e4i,Martin Carol Johnson Brian Lewis Elizabeth,0,0,2024-10-09T14:08:36Z,2024-10-09T14:08:36Z
Ugx34dXdNJ-6fN6hk-d4AaABAg,@jameshenny5644,Difference is Drake telling the truth,0,0,2024-06-28T02:34:22Z,2024-06-28T02:34:22Z
Ugzc8jeD_oUNzLwXae14AaABAg,@GodsSolider303,I listened to all the diss songs why did Drake Quit? He was hanging with Lamar if not better than not like us happened lol?,1,0,2024-11-23T01:46:37Z,2024-11-23T01:46:37Z
UgzZidno8MzmszcWAIp4AaABAg,@BrendaStephens-v8g,Thompson Mark Wilson Lisa Young Thomas,0,0,2024-08-18T03:30:17Z,2024-08-18T03:30:17Z
UgxwwQQKawtuvHkTlEp4AaABAg,@goylanddefree80,Honestly I listen to the whole thing I'm not a fan of either and I think Drake w o n,1,0,2024-10-24T12:05:17Z,2024-10-24T12:05:17Z
UgzuKNkGSBafsNJ5kxB4AaABAg,@HornbyOrville-u4z,Shakira Fields,0,0,2024-09-17T00:37:05Z,2024-09-17T00:37:05Z
UgwBssgskxmr_3V1r_d4AaABAg,@ONeilPoppy-l1k,Williams Frank Jackson Cynthia Garcia Nancy,0,0,2024-10-07T15:55:52Z,2024-10-07T15:55:52Z
UgwJmw-CzkWEAcUeMt14AaABAg,@TheNeworldhere,🚨🚨🚨Drake daughter been found mother @miss_reza77 daughter @eternityjoy13 🤯🤯,1,0,2024-10-11T02:47:13Z,2024-10-11T02:47:13Z
UgyJi1n_-IEBrEa-pGx4AaABAg,@SpiritualGuiance,"woah cant believe he said chip n dale, drake knows about chip n dale, dats my nigga !!!!",0,0,2025-02-11T14:48:45Z,2025-02-11T14:48:45Z
Ugx0svXekMDErNitxF94AaABAg,@KiplingGeorgia-e6p,Miller Eric Thomas Gary Taylor Brian,0,0,2024-10-10T17:04:01Z,2024-10-10T17:04:01Z
Ugy-0TEB8xzBThf30ix4AaABAg,@Necromance357,Funny thing is... all the swiftys got the verse live😬,0,0,2025-02-17T08:02:47Z,2025-02-17T08:03:53Z
Ugym8_blwVgDoqh4Qf54AaABAg,@bridgettemounts9904,Well that didn't age well...,2,0,2025-03-09T20:32:52Z,2025-03-09T20:32:52Z
UgyLOKgNiD6zahQzoRN4AaABAg,@jameshowardclarkiii,Drop n give me 50 is sassy and zest soapy to the maxxx !! Go back and listen to it they even stopped playing it on the radio lol using megan the stallion adlibs talkn bout sum HUAHHHHHHHH LMAO do ittttt for the Swifties !!! 💅 drop n give me 50 !!!! NO DIDDY !! 😂😂😂,0,0,2024-07-10T07:45:17Z,2024-07-10T07:45:17Z
UgwVcLoIPbhCafs2Q3Z4AaABAg,@Whatisthehandle1435,JESUS IS KING AND HE LOVES YOU,2,0,2024-08-18T23:20:51Z,2024-08-18T23:20:51Z
UgzIGKkFSqE5xo5_uL94AaABAg,@gambianmaverick,Bar 4 bar this is better than not like us… not like us was all mustard apart from A minor,0,2,2025-02-12T02:40:43Z,2025-02-12T02:40:43Z
Ugz89QUPwRJ1m7YLZ754AaABAg,@Kashawn-g6i,Nahh don't ask cole to save you GANG,0,0,2025-02-15T08:18:36Z,2025-02-15T08:18:36Z
UgwpQJHsCKRX0yeKx314AaABAg,@DeeqaAbdi-x1b,Why are celebrities talking about me did I really sell my soul,0,0,2025-10-01T14:48:47Z,2025-10-01T14:48:47Z
UgwoBQUIpZj0GUbK_9Z4AaABAg,@lamoraking5580,Drake really thought he did something here huh,1,0,2024-07-09T17:51:26Z,2024-07-09T17:51:26Z
Ugy36dd-1vDc06vqQM14AaABAg,@veronicacooper4397,Drake got dragged😂😂😂😂😂😂,1,0,2025-07-14T11:02:12Z,2025-07-14T11:02:12Z
UgyYE8WYmOtKgsp1yEl4AaABAg,@JosephWilliams-v9x,Davis Sandra Hall Mark Brown Nancy,0,0,2024-09-28T02:10:30Z,2024-09-28T02:10:30Z
Ugw9vBr6nhmekWein5d4AaABAg,@makeupgirlie28,Kendrick Lamar’s diss is the best one,0,0,2025-01-27T21:33:14Z,2025-01-27T21:33:14Z
UgyNnl_xZ3tbYDqoUKh4AaABAg,@SalmanKhan-r9n8t,Anderson Angela Robinson Robert Young Brenda,0,0,2024-09-16T03:36:01Z,2024-09-16T03:36:01Z
UgyHKhiIuyZMfNOaSOV4AaABAg,@HodgeEudora-f1j,Nienow Shoals,0,0,2024-09-13T16:09:30Z,2024-09-13T16:09:30Z
UgyqY3g5bRzqWGVF5Gx4AaABAg,@BigAcapella,This was ok but it feels like he rapped one way the whole battle. Kendrick was switching it up constantly,1,0,2024-06-30T16:31:49Z,2024-06-30T16:31:49Z
Ugyh8w1dejWXAVGOLv94AaABAg,@MillDonald-g3p,Davis Eric Lee Richard Allen Brenda,0,0,2024-09-06T02:37:59Z,2024-09-06T02:37:59Z
UgzHAxLEY4dF5Pv26sx4AaABAg,@GODKing-f2w,0:55  he says you better do that show inside of Diddy😅😅😅😅 real estate,9,1,2024-10-05T04:12:09Z,2024-10-05T04:12:09Z
UgyMXfacEKam6lT9c3N4AaABAg,@davidgarza1824,20V1... push ups killed everyone,1,0,2024-07-10T18:47:01Z,2024-07-10T18:47:01Z
UgwOT2rMrF1rI8xCdnh4AaABAg,@maikelsaxx,🔥🔥🔥,1,0,2024-07-07T15:56:14Z,2024-07-07T15:56:14Z
Ugxx8QXOjxhJdv34gRd4AaABAg,@nathanieldarkundeath,Honestly I workout.,0,0,2024-07-31T17:58:41Z,2024-07-31T17:58:41Z
Ugzz531B1ihJqyD2qjh4AaABAg,@Lootshark23,Kendrick is like 4 foot 3,0,0,2025-02-06T06:16:51Z,2025-02-06T06:16:51Z
UgzH4uN2FiRYsDYcXeZ4AaABAg,@HappyBaseballStadium-uo5co,Drake career over😢😢😢,1,0,2024-12-18T03:23:32Z,2024-12-18T03:23:32Z
UgzJ_8Iaewy7QypbFZx4AaABAg,@SpectateDrake,"“I just got’em done, boy don’t make me chip a nail”… really?",1,0,2024-07-28T03:44:59Z,2024-07-28T03:44:59Z
UgycQZ6rPUCZ8EqNrb54AaABAg,@jarteaga1720,Ayyy kendrick fans gotta admit this was 🔥,3,1,2024-06-28T14:51:13Z,2024-06-28T14:51:13Z
UgySmWG5veD6I2TpMNl4AaABAg,@DickTogo712,Drake played himself,2,0,2025-02-04T11:42:03Z,2025-02-04T11:42:03Z
UgyLUGJRC36WpOCAg3J4AaABAg,@HP_line_cook,"“He a F.A.N, he a F.A.N, he a F.A.N, he a F.A.N”",0,0,2024-07-11T15:51:55Z,2024-07-11T15:51:55Z
UgzpHDFWj89VCnle57p4AaABAg,@LeMontierreEaster,Who’s Here after not like us,0,0,2024-08-06T19:24:27Z,2024-08-06T19:24:27Z
Ugwrf-H1VtgPETH8pwJ4AaABAg,@crystalgibson82,The judge in your case has the diss track 😂,0,0,2025-02-25T05:33:49Z,2025-02-25T05:33:49Z
Ugz7lNGhzjjMKgahORF4AaABAg,@kenjirotanaka3684,Stg yall taken this shi so deep both of the disses hit hard,0,0,2024-07-02T04:44:04Z,2024-07-02T04:44:04Z
Ugw5l_AjkOLZGmRAo9Z4AaABAg,@donamaru3630,21 savage wrote Push Ups lol listen to it lol 😂 this is crazy like deadass even the metro line lol the drop in the beat that’s a 21 savage thing,0,0,2024-08-23T04:37:22Z,2024-08-23T04:37:22Z
UgzQUAnwBrSjZvtZX2t4AaABAg,@LeahLayah,"I didn’t follow the beef at all, I just really like Not Like Us. So now I wanna catch up😂 I heard this and Family Matters. Drake did well! But Kendrick just did better.",0,0,2025-03-05T05:07:19Z,2025-03-05T05:07:36Z
UgxTh0oADdhVsv1QYdJ4AaABAg,@itz1tobi,"who's here after no face, no fise",0,0,2024-08-24T21:49:03Z,2024-08-24T21:49:03Z
UgyKCWPjXmpaBMH8Q794AaABAg,@TheEmiliodiaz,Who here after Playboi and K-Dot,0,0,2025-03-15T06:16:53Z,2025-03-15T06:16:53Z
Ugx0uYvYxv-FuVzGYLt4AaABAg,@NeuroDot7,Can’t believe this turned into a lawsuit dawg,0,0,2024-12-29T05:40:43Z,2024-12-29T05:40:43Z
Ugz2kcVtCTOdnGNEfvV4AaABAg,@pigeonstars8140,Sounds like Niki Minaj wrote this lol,2,0,2024-12-29T18:17:10Z,2024-12-29T18:17:10Z
Ugw5raMnpuPIMb6cumh4AaABAg,@keivanhasanzadeh7636,Who's here after super ball? 🏈 😂,1,0,2025-02-14T11:46:52Z,2025-02-14T11:46:52Z
UgxnZCRyO_sZYJ0hXAB4AaABAg,@arthurerby2466,Whos here because we going through the diss playlist,0,0,2025-03-06T08:49:46Z,2025-03-06T08:49:46Z
Ugw6RebLo7IdRP3BAGR4AaABAg,@HaseebAhmadKhan99,Bro dissed everybody on this beat💦😅💦😅,0,0,2024-12-17T16:41:43Z,2024-12-17T16:41:54Z
Ugz12AE1PiqpoJ8BqBF4AaABAg,@hodldis_poosi9283,I fukn love this song,0,0,2025-02-10T16:36:55Z,2025-02-10T16:36:55Z
Ugyq915sSZCts1Ql_894AaABAg,@Shikshadarpan84,"As a Drake fan who also listens to Kendrick a lot I am making an unbiased comparison
Push ups===Euphoria
Not Like Us>>>>THP6
MTG>>>Family Matters
TMF>>>6:16 in LA
Kendrick won 2.5-1.5",0,0,2024-11-09T06:25:44Z,2024-11-09T06:37:12Z
UgziCrbc0AtkBTUzwsx4AaABAg,@doctorj7112,This and family matters were the best songs in the saga. “Not like us” was bigger not better. I’m not even a drake fan but I’m not sure why people think drake and Kendrick are on the same level.,0,0,2024-06-28T10:29:43Z,2024-06-28T10:29:43Z
UgzQKbwQG4FKO0cGw154AaABAg,@downtothemj,"Ngl, as a disstrack, I don't like it. But as workout music, this slaps",0,0,2024-09-16T22:27:13Z,2024-09-16T22:27:13Z
Ugw_Sfloqw-Dw3-FoQZ4AaABAg,@TheRealMickyPerry,The part that makes this sad is he didn't write it 😢,0,0,2024-06-29T21:54:18Z,2024-06-29T21:54:18Z
Ugw1JpyowBz-BcwFr6Z4AaABAg,@JoshuaHighlights,drake really dissed kai,0,0,2024-06-30T07:07:33Z,2024-06-30T07:07:33Z
UgwZstMrVk-awVOv-9N4AaABAg,@forcecalibration924,2025 I’m still rocking with Drake😂,3,0,2025-07-05T18:58:10Z,2025-07-05T18:58:10Z
Ugz2iaACsIdzDmI2XgZ4AaABAg,@Defmike86,WHOS here after Kendrick concert? 😂,1,0,2025-04-22T06:23:39Z,2025-04-22T06:23:39Z
UgwA7PiCSMh7uEEmmZZ4AaABAg,@obie1jew12tribes,Bunz he said drizzy chip and dale …. Foh,0,0,2026-04-14T05:28:35Z,2026-04-14T05:28:35Z
Ugzgd-gPEMO51BOGsqd4AaABAg,@soggycivic8594,"Drake the type of guy to say “goodnight moon, goodnight bears, goodnight stairs….”, use a sleep mask, and clap twice to turn off the lights before going to sleep",3,0,2024-07-09T01:54:51Z,2024-07-09T01:54:51Z
Ugx5b-Wdn_eSSIzPVS94AaABAg,@Rackel.131e,Just wait until other swifties hear that he thought we would be on his side 😬,0,0,2024-07-10T18:47:41Z,2024-07-10T18:47:41Z
Ugw6RWhvgk17S7smTw14AaABAg,@SageJ22,I'ma be honest drake went pretty hard right here 1:07,1,1,2024-09-27T02:16:02Z,2024-09-27T02:16:02Z
Ugy0ipYlyY1LnNsjENV4AaABAg,@Chadsgameroom13,What is the 50 push-ups about?,0,1,2024-07-16T18:09:29Z,2024-07-16T18:09:29Z
Ugynv_a2-sfZy93EcNx4AaABAg,@KyleC11,20 v 1,0,0,2024-11-23T00:38:53Z,2024-11-23T00:38:53Z
Ugy7mzaCietBDFKk13d4AaABAg,@krisis21,"For The Swifties! Now they out here doing the ""super bowl  dance"" Kendrick made  himself a meme. This is a real diss track.  Diss tracks dont get radio play. ""pop songs"" and ""singles"" do tho......",0,0,2025-03-02T15:11:37Z,2025-03-02T15:11:37Z
UgykPoI7QO8NZTY_jiB4AaABAg,@johnathanrabideau8255,With a size 7 mens on 😂,0,0,2024-07-19T01:08:55Z,2024-07-19T01:08:55Z
UgwPJEEbAifJ4ouazrp4AaABAg,@katieedwards6444,i had to look up this song bc i thought it was a deathnote L theme remix ahhaha,0,0,2024-09-16T03:35:52Z,2024-09-16T03:35:52Z
UgwSagZZCh5wUMSZVU14AaABAg,@beatrizb1843,Give the ghostwriters F- for effort,0,0,2025-02-12T11:03:48Z,2025-02-12T11:03:48Z
Ugxz_jq79uxcGmepo8p4AaABAg,@TheNumber1Whorelord,This drake splits lil Wayne baby j prince ghost writers producers and UMG,0,0,2024-06-30T00:23:39Z,2024-06-30T00:23:39Z
Ugzr2ibXCgxB7Cf8r6l4AaABAg,@Cashmoneyx,This track goes hard,0,0,2024-07-31T17:48:42Z,2024-07-31T17:48:42Z
Ugw1VSKiaW3UWSe2R4p4AaABAg,@Maximum4power,this shit is funny,0,0,2024-09-30T15:27:11Z,2024-09-30T15:27:11Z
UgxXIDmo678VeyaT_BJ4AaABAg,@JerryGomez-zh5sw,nahhhh he added kai cenat,0,0,2024-06-26T16:57:03Z,2024-06-26T16:57:03Z
Ugw7zt-L65V-IixYIpp4AaABAg,@nicogamer_vg8550,Who's here after supper bowl 💀💀,1,0,2025-02-23T20:13:37Z,2025-02-23T20:13:37Z
Ugx-1mn5CQcM4NyF5C14AaABAg,@critiquelchannel,That AN shit in the end was so cornball lmao,1,0,2024-06-28T21:23:18Z,2024-06-28T21:23:18Z
UgwhcbEMkcre-3MEFBx4AaABAg,@marlzz92,“Claim the six and you boys ain’t even come from it” is BOLD from a man that accent hops 🤡,0,0,2025-02-06T20:52:20Z,2025-02-06T20:52:20Z
UgxRf4QODTkdObYWi4B4AaABAg,@KeysGabriel,I dont like Joyner much but he'd spazz on a Kendrick Track,0,0,2025-07-27T07:25:23Z,2025-07-27T07:25:23Z
UgybAtu5CdzLu3eEeDJ4AaABAg,@universaljyotishi,"A Numbers King but not a Battle King. Well ""Bad Bunny"" is the current Number King.",0,0,2025-04-26T22:39:25Z,2025-04-26T22:39:25Z
Ugw4BzdCEjn97lSw_C54AaABAg,@pharoahking7780,DRAKE IS THE GOAT 🐐,2,1,2024-09-05T19:02:45Z,2024-09-05T19:02:45Z
Ugx31LblbLYJMMeLLWl4AaABAg,@ninabnchrist9068,fr nah thats crazy who here after Euphoria.,0,0,2024-10-03T01:20:26Z,2024-10-03T01:20:26Z
UgweTd6h7QnsoFNGyKx4AaABAg,@jojo_worldd,"Kendrick don’t have anything that touches this 
Drake killed em",1,1,2024-09-04T23:39:59Z,2024-09-04T23:39:59Z
UgwFTMcQiMEmCKloMJd4AaABAg,@emmanuelpressley,This track actually fire and Kendrick still smoked him,0,0,2024-07-23T07:46:58Z,2024-07-23T07:46:58Z
UgwKl0pSs8sohsKqfuJ4AaABAg,@SHADOWBANNED1984,Drake called someone a cornball! Drake need a green light TOS in the usa,0,0,2024-11-29T12:26:48Z,2024-11-29T12:26:48Z
Ugyvgh6o1gIIcPdLdhh4AaABAg,@cali_bred_bullies,Say drake,0,0,2024-06-30T06:01:38Z,2024-06-30T06:01:38Z
UgwJ3jPD0aAm0Mja-aB4AaABAg,@bryandesjarlais,Didn't drake get robbed in Toronto???,1,0,2024-09-16T02:52:15Z,2024-09-16T02:52:15Z
UgwvxMGWigU4e5Cz8fp4AaABAg,@salaheddinbadi9214,I will call ‘ma’sista’girl,0,0,2024-12-18T23:55:55Z,2024-12-18T23:55:55Z
UgxVDLaN7eDoZDnZLuZ4AaABAg,@sserwaddaderrick1523,Why I’m I feeling Drake won 😂,3,1,2025-06-08T16:17:00Z,2025-06-08T16:17:00Z
UgyrQSfksyBT3XdOy8l4AaABAg,@anttijalava9445,WHO dnt giv a punk,0,0,2025-04-12T09:41:02Z,2025-04-12T09:41:02Z
UgwseDvHpQAXoLAfOU14AaABAg,@JohnRolling-wz5tr,Nah why he goin for cole,0,0,2024-08-07T14:53:19Z,2024-08-07T14:53:19Z
UgxGgbdfyzXB1sR7m4x4AaABAg,@apalfonse,2025,0,0,2024-11-24T21:41:04Z,2024-11-24T21:41:04Z
UgwklXpQepHDM5gN5t54AaABAg,@GODKing-f2w,I heard Compton taking a stand against did he ? 😂😂😂 Nice  try Diddy wë stand on business . Blood,1,0,2024-10-05T04:15:24Z,2024-10-05T04:15:24Z
UgzRezRk4AsH_p3aYFZ4AaABAg,@Xander-d8l,Hehe,0,0,2024-07-15T15:34:48Z,2024-07-15T15:34:48Z
UgyEKKT9rYY-HaurVPB4AaABAg,@Dbad1978,Media manipulation at its finest..Kendrick never dropped anything better than this! 💯,1,1,2024-07-18T10:13:31Z,2024-07-18T10:13:31Z
Ugzri82B6Ss6Aygvt8p4AaABAg,@JvmezPlayz,im on kendricks side but this goes hard,0,0,2024-09-12T16:05:40Z,2024-09-12T16:05:40Z
Ugyn2q-4JzZTExg5pYR4AaABAg,@imndn,"Bruh went from ""drop drop drop"" to stop stop stop",3,3,2024-07-11T11:23:43Z,2024-07-11T11:23:43Z
UgxrSEtntDoBzdTvXmR4AaABAg,@Jasstarr103,2026,0,0,2026-01-28T15:30:13Z,2026-01-28T15:30:13Z
UgzO6xvsYQgM64zPuzN4AaABAg,@queen-asia2184,"All Drake can really do is flex his popularity…when in actuality that’s not a flex because if most ppl around the world love you that means ur music is bubble gum disco music lol 
Kendrick flexes the essence of hip hop and has a dark side to his musical genius that J.Cole was wise enough to back down from. Drake too busy dancing with his own ego in the studio while Kendrick is actually assassinating him.",1,0,2024-07-01T21:39:11Z,2024-07-01T21:40:01Z
Ugwy726lwuYMbPz_PPh4AaABAg,@TheodorePredesca,Yo both video s is good but Kerrick cooked,0,0,2024-07-11T16:26:41Z,2024-07-11T16:26:41Z
Ugw30737erndlZlLyld4AaABAg,@claire3614,He a fan he a fan he a fan ☠️⚰️,0,1,2024-07-30T22:37:35Z,2024-07-30T22:37:35Z
UgzW_HrUbYQ-LWKb3rd4AaABAg,@Colin-i7d8p,Bru at first I thought Kendrick won but drake lowk cooked him idk,2,0,2026-07-02T01:08:55Z,2026-07-02T01:08:55Z
UgxGeneJLrfJSM2OKXp4AaABAg,@anbukal,Bro called him a pipsqueak 💀,1,1,2024-07-08T02:19:04Z,2024-07-08T02:19:04Z
UgyNBdUeEFXMHbCUCxh4AaABAg,@AugustineMike-w6r,Thompson George Garcia Sandra Clark Deborah,0,0,2024-09-07T07:41:55Z,2024-09-07T07:41:55Z
UgwOiIX9Vyxoc5kMMJ54AaABAg,@SonmerfieldWendell-e4q,Thomas Amy Thompson Thomas Martin Nancy,0,0,2024-10-11T06:18:20Z,2024-10-11T06:18:20Z
UgwaLAm0XV6QOyBq21R4AaABAg,@antonwebb9625,"ngl the amount of hubris presented in this song, is kinda impressive....lol",0,0,2026-01-15T18:06:44Z,2026-01-15T18:06:44Z
UgxmsPVuV15Xj_8biAh4AaABAg,@modeflanike,Great diss but Kendrick turned up😮,1,0,2025-06-14T20:59:39Z,2025-06-14T20:59:39Z
UgzoXdFM2rvW9uyUd454AaABAg,@Mauriñomingueza,Who is here after Supwrbowl😂,1,0,2025-03-01T14:03:26Z,2025-03-01T14:03:26Z
UgwEBpVUCKifJ2kZObR4AaABAg,@pquarmearts,"Yo drake, what are you talking about? You not saying shit omg 🤣",0,0,2024-08-03T02:36:38Z,2024-08-03T02:36:38Z
Ugye5V91Eef9UI8W8eR4AaABAg,@EdwardGonzalez-pm6kd,Leave metro alone he’s just a producer 😭 🙏,0,0,2025-05-17T13:24:26Z,2025-05-17T13:24:26Z
UgzRsxLi_fPbImozrch4AaABAg,@-ColorMehJewish-,"I dont care for either artist personally, but the activists seem to think that if you claim something it makes it true.
We have seen that in politics for the better part of the last decade.
No proof req'd
That's why this was a PR battle, not rap. And Kendrick did win the PR battle.",0,0,2024-08-08T14:59:34Z,2024-08-08T14:59:34Z
UgxvkTCJtk1h8Dx3mOh4AaABAg,@PansyMarcia-p5r,Harris Donna Walker Mark Lewis Anthony,0,0,2024-09-13T10:52:48Z,2024-09-13T10:52:48Z
Ugym9PUP00EzfqVUX-V4AaABAg,@SamuraiVertHD,"As a song this is good, as a diss this is ok, but Kendrick brought the whole power of the sun",3,0,2025-03-25T13:30:46Z,2025-03-25T13:30:46Z
Ugy4e3R-A2h7YvaIX-Z4AaABAg,@GallacherTheresa,Taylor Nancy Walker Scott Lopez Deborah,0,0,2024-09-06T13:55:12Z,2024-09-06T13:55:12Z
Ugzz8O161WHO_L919ZN4AaABAg,@EdmundPenny-g9w,Lewis Amy Thompson Kimberly Thomas Lisa,0,0,2024-09-09T18:05:10Z,2024-09-09T18:05:10Z
UgyIZOg86LREOOJPCYJ4AaABAg,@MonijaKhatun-d5c,Allen Margaret Wilson Anna Davis Susan,0,0,2024-08-30T19:15:46Z,2024-08-30T19:15:46Z
UgyroWV4-opmKGCf_xB4AaABAg,@WalkerVirgil-i6q,Williams Michelle Garcia Scott Jackson Gary,0,0,2024-10-10T13:25:13Z,2024-10-10T13:25:13Z
Ugy00Uz3B2VCCIJYbF14AaABAg,@Ashley_Schaeffer,I’m here for Whoo Kid…,0,0,2025-03-22T17:41:11Z,2025-03-22T17:41:11Z
Ugz74DN47xNf1-jUPtB4AaABAg,@justinharvey1959,Just to have this talk wit ya ass i had to hike down 🔥🔥,0,0,2024-06-28T15:46:46Z,2024-06-28T15:46:46Z
Ugxf3Ml2YI4kxbPumjt4AaABAg,@MrEricdraco,"Drake COOKED them on this one. He even got them paying influencers to come here to say that this shit is whack 😂😂😂
That's how you know someone/something is so good.",0,0,2024-10-30T13:45:01Z,2024-10-30T13:45:01Z
UgxzuikuUsTxSsU59NJ4AaABAg,@virgilboutte869,WACK 😂 Elementary Style. 😅,0,0,2024-06-27T07:09:21Z,2024-06-27T07:09:21Z
UgwN-5-yUDVer2GKl4x4AaABAg,@RichardRobinson-x2f,Lewis James Davis Larry Robinson Amy,0,0,2024-09-27T18:22:34Z,2024-09-27T18:22:34Z
Ugy1tnqTWmkRmMzyypd4AaABAg,@Moonliqthz,This was a good diss ngl but kendrick literally Obliterated him,1,0,2025-03-07T19:35:00Z,2025-03-07T19:35:00Z
UgzRPdHNzm7N5d8zlf14AaABAg,@AEnicole22,Can some explain the Kai cenat line to me ?,0,0,2025-02-11T03:27:21Z,2025-02-11T03:27:21Z
UgzzDICjdIyfo6FG0xV4AaABAg,@NancyMendozai,White Kenneth Jones Robert Taylor Carol,0,0,2024-08-22T07:15:10Z,2024-08-22T07:15:10Z
Ugwl-4VcmqRddN3rvJ94AaABAg,@MarcoArnold-v9r,Brown Scott Wilson Melissa Walker Lisa,0,0,2024-10-06T04:36:27Z,2024-10-06T04:36:27Z
UgylU3aHyvclAbLTEKV4AaABAg,@codonwashington1152,59 ghost wrote this,0,0,2024-07-23T00:39:43Z,2024-07-23T00:39:43Z
UgyEbqQyG4d23mzZHPF4AaABAg,@HerbertBeau-z4r,Martinez Christopher Lopez Donald White Susan,0,0,2024-09-10T19:34:44Z,2024-09-10T19:34:44Z
UgxW-vRnAbmld0SGGN14AaABAg,@tyroneunderwood1374,"The ""get money"" version was better",1,0,2024-09-19T13:38:25Z,2024-09-19T13:38:25Z
UgyHOZ14PtfWA00zt7p4AaABAg,@KevinWilliams-fj8jx,👻👻👻👻👻👻👻👻👻,0,0,2024-08-03T03:50:27Z,2024-08-03T03:50:27Z
UgxpVcXz15YMxhxSD_F4AaABAg,@savannaholdridge8502,Lee Barbara Wilson Charles Clark Paul,0,0,2024-09-15T14:45:19Z,2024-09-15T14:45:19Z
UgyYQxxrVjQbMI4JK954AaABAg,@legendarydeity-q2p,why is drake dissing while he sues kendrick😂😂😂😂😂😂,0,0,2025-02-20T21:07:57Z,2025-02-20T21:07:57Z
UgwJ0QjAF-ilLFBAe1F4AaABAg,@Adxnis.16,Here after everyone suddenly is starting to say drake started the beef with the first song where he brought up kendricks fake wide but he didnt bring up that lady he just called him short and to drop and give him 50 then kendrick went and called him a pedo....just remember drake kept it rap and gave us bars & kendrick did some weirdo slimball ass shij🤣,0,0,2024-07-13T19:23:04Z,2024-07-13T19:23:04Z
UgwTYXPU_fbZpGFk-hB4AaABAg,@Shineofeden,Still the best dis in the whole series,0,0,2024-10-27T12:24:17Z,2024-10-27T12:24:17Z
UgymxoKjPGbdVX2a0jd4AaABAg,@JeffersonRachel-t8t,Wilson Frank Miller Anthony Rodriguez Matthew,0,0,2024-10-11T00:35:21Z,2024-10-11T00:35:21Z
UgxTOPH8GB8KkcB8-xt4AaABAg,@JamesJones-x7y,He always mentioning someone wife and cry when they come back drake a great music maker he just a weirdo,0,0,2024-08-06T11:55:00Z,2024-08-06T11:55:00Z
UgymkCcqKElhrFh9mPR4AaABAg,@-ColorMehJewish-,"Sad that Kendrick still has not produced receipts, but Drake's claims about the artists who were hiding being gay is just forgotten.
All b/c KL has a better PR team
(and his hardcore fans will buy any conspiracy they were presented, as seen during this ""battle"" -- so many YT'ers came out with some of the wildest/nuttiest things. N it was fed to them all. Prolly b/c ""the riddler"" failed so miserably)",0,0,2024-08-08T14:59:02Z,2024-08-08T14:59:02Z
UgzbVbOUnAZzL6HKB5N4AaABAg,@DefoeBrian-x9m,Johnson Timothy Clark Margaret Thompson Daniel,0,0,2024-10-12T16:27:39Z,2024-10-12T16:27:39Z
UgzEsH0f4C93o4pGF7F4AaABAg,@DickTogo712,Told Kendrick to make a hit haha,1,1,2025-02-04T11:42:29Z,2025-02-04T11:42:29Z
UgwN_zeuIPMRTrA3Fwt4AaABAg,@FranciscoPadilla-wg8su,WEST COAST.,1,0,2024-06-25T21:57:13Z,2024-06-25T21:57:13Z
UgzHR2WSKuKQLyN00I94AaABAg,@MMA-Kreese-Kingjr713,Anybody here for the Gatorade commercial freaking Kendrick doing them push-ups😂😂😂 Damn this never age well,0,0,2025-04-18T18:34:34Z,2025-04-18T18:34:34Z
Ugz2KInWatEEuf0mG954AaABAg,@preciousobidi5624,nobody is asking why the Tupac AI song isn't on youtube anymore....,0,0,2024-07-25T00:37:11Z,2024-07-25T00:37:11Z
UgyS8VUgKT3zwFiFJgN4AaABAg,@floydemeaudley5415,Martin Ruth Miller Eric Martin Daniel,0,0,2024-09-15T14:57:31Z,2024-09-15T14:57:31Z
UgyUQpKW91FCreN9PPp4AaABAg,@imsopgcounty,Sound like he reading.,0,0,2024-07-19T07:24:03Z,2024-07-19T07:24:03Z
UgyKlzuyuc2u06-KA_l4AaABAg,@etsafut,"I'm laughing hard when they say Drake is finished. I mean I can't stand Not Like Us for more than 10 seconds now but this shit and Family Matters still slap in the shadows. What those genZ Kendrick stans don't get is that they don't make up all of the audience. They just make too much noise. They might now set the trends, we the genY people set the legends. Time will tell.",1,0,2025-10-23T14:56:30Z,2025-10-23T14:59:12Z
Ugwl5MIH0qf8hW3PmmJ4AaABAg,@dawnbrookman,"Awww...this is so cute....lil Drakey and all his ""helpers"" trying so hard - lol!   There's no competition.  Kendrick needs to stop wasting his God given valuable high vibe creativity and true talent on this lil punk",1,0,2024-12-01T22:46:19Z,2024-12-01T23:04:33Z
UgzJFOrPKkBYJeRwsAp4AaABAg,@OnlyMelow,Y'all forgot what happened to X hope don't get mercked,0,0,2026-02-01T20:29:19Z,2026-02-01T20:29:19Z
Ugy8klSh7EM5A36hYQZ4AaABAg,@CTop-b4g,"Top 5 is finna drop drop drop Kendrick for a nice bag 
I can see the future",0,0,2024-10-18T08:22:36Z,2024-10-18T08:22:36Z
UgyV6CJPNvCaO28DZBh4AaABAg,@allistarvolo2509,Who’s here in 2025?🔥,0,0,2024-07-08T05:42:43Z,2024-07-08T05:42:43Z
UgzJgq2tlH9xvp3kQDd4AaABAg,@KendrickScott-dx8yc,Kendrick is going to Woop on drake,0,0,2024-07-01T01:51:29Z,2024-07-01T01:51:29Z
UgyqP6ntK-53AqsDfYx4AaABAg,@vicknewman9418,2025,0,0,2025-03-23T03:10:50Z,2025-03-23T03:10:50Z
UgwA5I5YjCWXL2EHYO94AaABAg,@johnnydartersaresuperiorbeings,Bro never should've dropped this shit 😭😭,0,0,2024-07-07T21:13:25Z,2024-07-07T21:13:25Z
UgxwmTg961kE15UdeOp4AaABAg,@javahyr76,why tf he deleted it,0,0,2024-07-14T14:13:37Z,2024-07-14T14:13:37Z
UgwEe0IgfjJPZuDtI1Z4AaABAg,@Mikejones-yr5zf,who's here after the whoo kid interview,0,0,2026-05-18T19:39:05Z,2026-05-18T19:39:05Z
UgxoH2XZ3BcuftsoIsp4AaABAg,@DunkinTunic,Brown Frank Smith Anthony Walker Matthew,0,0,2024-10-02T02:18:50Z,2024-10-02T02:18:50Z
UgwOEVhNWcRgQO01zZF4AaABAg,@NomvuyoMpayipeli,Pusha Ups is dope🙏🙏🔥,0,0,2024-12-06T18:37:38Z,2024-12-06T18:37:38Z
UgyuLmHx6v-jWtKBQ6F4AaABAg,@FreeRKellyHeAintDoNun,"Ah yes, averagely brings kai into this",0,0,2024-11-09T04:12:32Z,2024-11-09T04:12:32Z
UgxWYQVz5VR2Yr2-QfJ4AaABAg,@Blackeyed-Sue,Not Drake explaining to us what he meant by’shake your a$$ for Free’. 😂. Stupid people think you’re stupid.,1,0,2026-01-05T16:23:30Z,2026-01-05T16:23:30Z
UgxOrmmfbD5qeo3WP9x4AaABAg,@1nas3,This is actually fire but not like us way better,0,2,2024-08-18T15:55:08Z,2024-08-18T15:55:08Z
UgwRWDnlZL2iULEECHJ4AaABAg,@DeeqaAbdi-x1b,Do I really have 9 years n is it really judgement day,0,0,2025-10-01T14:54:39Z,2025-10-01T14:54:39Z
UgyuXwtrtQUWbemVr7Z4AaABAg,@Loitke,If Kendrick never responded...Drake would've won 😂😂😂,0,0,2024-08-07T22:37:22Z,2024-08-07T22:37:22Z
UgwOjBsvp2kazzGLQK14AaABAg,@FitzGeraldIna,726 Aileen Prairie,0,0,2024-09-04T03:01:55Z,2024-09-04T03:01:55Z
UgwIqkr9PKdwEKSljVN4AaABAg,@thejeet061,Who is here after not like us??,0,0,2024-07-14T17:49:43Z,2024-07-14T17:49:43Z
UgzpgJgC_PcVws5HLzR4AaABAg,@DonnaWhite-z8d,Harris Jeffrey Perez George Smith Barbara,0,0,2024-10-08T20:28:40Z,2024-10-08T20:28:40Z
UgzUuO8OEAVl2ryC-S94AaABAg,@butwhywedothis,Aubrey wrote none of these lyrics.,2,0,2024-07-06T02:40:17Z,2024-07-06T02:40:17Z
UgyE1mj-3eXuKK7rriV4AaABAg,@Aria23331,When you play 1v21 on arsenal roblox,0,0,2024-08-08T07:42:31Z,2024-08-08T07:42:31Z
Ugz2Hxv49meULfztvet4AaABAg,@CharlieGotKirkified,"Ts not tuff aubrey 🥀
Go with the melodies, don't act tuff
This ain't u aubrey 🥀",0,1,2025-08-08T03:02:44Z,2025-08-08T03:02:44Z
UgxjfX9_-9jBYIH3AHR4AaABAg,@peterbanda2483,"Honestly, Drake killed Kendrick on this

There's no Kendrick diss track that beats this",2,0,2026-04-26T20:14:37Z,2026-04-26T20:14:37Z
Ugx_yBxzP3YOVPa8TJB4AaABAg,@thanos879,I see this is a refuge for Drake fans now. They hiding here where nobody is around to check them 💀💀💀 these new comments are hilarious,1,3,2024-07-18T21:43:18Z,2024-07-18T21:43:35Z
UgzG9vO3TKP9QZi7Au94AaABAg,@GraceCalvin-f2y,Martin Michael Walker Dorothy Moore Jose,0,0,2024-09-14T18:23:15Z,2024-09-14T18:23:15Z
UgwxGj6_n6g_HqeaG4F4AaABAg,@Cuttheliesandthehoax,Where's the original lol,0,0,2024-07-03T14:10:10Z,2024-07-03T14:10:10Z
UgzlL5NfbAiYy8rrGcF4AaABAg,@kza2144,Kendrick made Drake a better father,2,1,2024-07-11T01:28:40Z,2024-07-11T01:28:40Z
Ugzt53ulF4XXF5MZ1W14AaABAg,@Chris-c9z8m,Drake definitely the better rapper.,3,0,2025-08-30T19:38:12Z,2025-08-30T19:38:12Z
Ugz9bdevZ1k7o78djUt4AaABAg,@tomekacrawford8472,Why kai,0,1,2024-08-15T23:08:30Z,2024-08-15T23:08:30Z
UgzSioDI8KGyLM1TGIV4AaABAg,@UNIT.0.2,ngl i kinda like drake even tho he has ghostwriters its still good but i feel like kendricks is so good it makes this look bad,0,0,2024-07-12T03:21:25Z,2024-07-12T03:21:25Z
UgwaEYDU18uVmUbme314AaABAg,@DeeqaAbdi-x1b,Who told u be my fan after drilling me,0,0,2026-02-09T21:37:57Z,2026-02-09T21:38:07Z
UgwhcGTJUhxDiqR7F2R4AaABAg,@PowellAlexia-i3p,Thomas Betty Martinez Steven Walker Karen,0,0,2024-10-04T21:27:46Z,2024-10-04T21:27:46Z
UgzBjKA2C7lSm1bHvJd4AaABAg,@DeeqaAbdi-x1b,My name is not Mike,0,0,2025-09-29T14:50:14Z,2025-09-29T14:50:14Z
UgyQShT6PIRskGqXG7x4AaABAg,@HumeSampson-g4j,Jackson Larry Lewis David White Dorothy,0,0,2024-09-28T01:03:54Z,2024-09-28T01:03:54Z
UgzA5iqWCuVivxivhgN4AaABAg,@X8316.,I wonder who wrote this lol 😂 🦉🔫,1,0,2024-07-20T15:37:31Z,2024-07-20T15:37:31Z
Ugyshmb5xfGtDfQNtmt4AaABAg,@john2605,1. Family Matters 2. Push Ups 3. Not Like Us.... Drake won this battle,3,2,2025-03-29T06:56:54Z,2025-03-29T06:56:54Z
Ugyv7OujVdmMFHXJz1t4AaABAg,@5iii36,"Drake diss: beat go crazy funny mid lyrics
Kendrick diss: *pulls out shotgun*",0,0,2024-07-11T17:14:54Z,2024-07-11T17:14:54Z
UgzrDkmlNkj3dX_QyFl4AaABAg,@millsidevision978,Sad he have to use AI for a diss,1,0,2024-07-14T14:08:18Z,2024-07-14T14:08:18Z
UgzuQ6MOq8iXlwxGvB94AaABAg,@richmondboahene6536,Like Kendrick said. I bullied the flow out of him. He got drake rapping good,0,0,2024-09-30T21:55:27Z,2024-09-30T21:55:27Z
Ugzq2wldwwB9TYYStCF4AaABAg,@DeeqaAbdi-x1b,If u joined illumanati go n pray now,0,0,2025-10-01T14:49:05Z,2025-10-01T14:49:05Z
Ugy1uuKVSQ0V9rc1sUl4AaABAg,@terrysalazar1928,Lollygagging gossiping,0,0,2025-08-26T05:51:17Z,2025-08-26T05:51:17Z
Ugxs0XDrdWoWtIGauPV4AaABAg,@kumbirayiruredzo4644,I might take your latest girl and cuff her like im ricky😂😂😂😂,1,0,2026-05-02T21:42:26Z,2026-05-02T21:42:26Z
UgzpCTgKM43LJWJdnvZ4AaABAg,@LaughMoreUcee,Who's here now 2025,0,0,2025-11-27T03:05:57Z,2025-11-27T03:05:57Z
UgzEWnhdauV21tuRFvZ4AaABAg,@bishoptl,"in retrospect, this was probably a mistake",0,0,2024-07-21T04:31:09Z,2024-07-21T04:31:09Z
Ugz0HJqpnhACr25myYx4AaABAg,@Mind_Gainz,"Which ghost wrote this? Casper?
Truly cartoonish childlike bars",0,0,2024-08-14T00:26:38Z,2024-08-14T00:26:38Z
Ugwelctmxjlg-BcLDUB4AaABAg,@Bananchiki_cat,Whos here after drake deleted this diss,0,0,2024-07-11T19:02:34Z,2024-07-11T19:02:34Z
UgwSWQrrsL-KCPORwEZ4AaABAg,@NasimSah-f4j,White Michelle Garcia Christopher Lewis Ronald,1,0,2024-08-27T05:24:48Z,2024-08-27T05:24:48Z
UgzHyE2zgPgarVI71V14AaABAg,@liljzfigure,youtube paused this song on their own they know damn well i shouldn’t be playing this shit,0,0,2024-06-30T19:37:14Z,2024-06-30T19:37:14Z
UgyMHKtb807PcGsJbYF4AaABAg,@zenalahham1916,I herd the f word 😮,1,0,2024-12-14T08:04:55Z,2024-12-14T08:04:55Z
Ugxl_WqMHgxQg59aFvV4AaABAg,@DeeqaAbdi-x1b,Why do u watch me if u think I’m not big stepping,0,0,2025-12-01T22:38:41Z,2025-12-01T22:38:41Z
Ugx5CbGadDjZKi0R1Yd4AaABAg,@SaannKhalifa,You gotta give credit to his ghostwriters,0,0,2025-09-14T05:42:07Z,2025-09-14T05:42:07Z
UgzdPqCBiQaTJZASVml4AaABAg,@DeeqaAbdi-x1b,Kai cenat sold his soul,0,0,2025-09-29T14:52:04Z,2025-09-29T14:52:04Z
UgxS5TkqD-sZrwGXcbJ4AaABAg,@ashvathverma9299,Bro should have kept his mouth closed💀,1,0,2024-07-25T08:24:38Z,2024-07-25T08:24:38Z
Ugxk87E49-vGKww9DGx4AaABAg,@johnlui887,"As K. said, he did really made me dont want to hear 1 more noun or verb from this singer...",0,0,2024-10-07T08:19:56Z,2024-10-07T08:19:56Z
UgwTpUMOWQopUHDTJTN4AaABAg,@ConnieDana-n6n,Robinson Betty White Karen White Kenneth,0,0,2024-09-09T16:55:07Z,2024-09-09T16:55:07Z
UgwW_DLcpdKGqF7XUyR4AaABAg,@Janaii_is,his is still better,0,0,2024-07-25T03:12:32Z,2024-07-25T03:12:32Z
UgzbeouRwg7q2-briiF4AaABAg,@satoruyoshi1660,He deleted the original,0,0,2024-07-03T11:44:25Z,2024-07-03T11:44:25Z
UgzPHdAExKdLVHl1w5h4AaABAg,@jjm1230,Drake said cole diss wass basically weak asf,0,0,2024-08-11T03:37:23Z,2024-08-11T03:37:23Z
UgzNUTUvZ85BZ4SIDpl4AaABAg,@Sivartdeeznuts88,"Like this is the only song in the whole beef that is decent by Drake. Not even as a diss. I like the beat but his lyrics are wack. 

Kendrick killed him and it was over after Euphoria but Drake had to push it and then he got stomped out.",1,0,2024-07-12T19:47:58Z,2024-07-12T19:47:58Z
UgxXnLEJwfvszCuPXh14AaABAg,@Hamoodaep,0:00 drake won,0,0,2024-09-27T07:35:04Z,2024-09-27T07:35:04Z
UgyzoklJkN29bGqRkQ54AaABAg,@sol.sc6,Kendrick won but this is pretty fire🔥,0,0,2024-09-07T00:26:36Z,2024-09-07T00:26:46Z
UgyT4M0H-Ia3g6PTX5R4AaABAg,@ToilMoor421,"Who’s here after, “Not Like Us!” video drop?",3,0,2024-07-05T17:57:44Z,2024-07-05T17:57:44Z
UgzHt8o_5YahtkdE0wp4AaABAg,@endgamevibez,Who here after the law suit? 😂,0,0,2025-05-13T20:19:53Z,2025-05-13T20:19:53Z
Ugz8WP6HIX5dYeW22lJ4AaABAg,@Shadows6435,It was his bet chance of killing kendrick,0,0,2024-08-23T00:09:27Z,2024-08-23T00:09:27Z
UgwJfQWgESTtImWlr-F4AaABAg,@TheMeriot1,You f****** aired this shitt I don't care what nobody say,1,0,2024-12-15T21:56:54Z,2024-12-15T21:57:08Z
UgxzqicNUgAXh_DXnRZ4AaABAg,@ronnyhopkins191,How did this age????? 😂😅😂,0,0,2024-11-17T19:01:39Z,2024-11-17T19:01:39Z
UgzQsFvKiVNepxO0euV4AaABAg,@shreyas-mq4yd,This is dramatic,1,0,2025-07-27T13:14:40Z,2025-07-27T13:14:40Z
Ugx-4lg2OuOtEZ3dt6x4AaABAg,@bambamjackson8757,😂😂😂 this the only diss I like by drake nooo capppp but other then that Kendrick won 💪🏾💪🏾💯💯💯💯,1,0,2024-07-09T13:40:14Z,2024-07-09T13:40:14Z
UgwkStluE3XIfC_IsXx4AaABAg,@ningcourage1549,Whick Kendrick song made Drizzy to drop these spanking Bars. had to listen to this two times and then think about the song that triggered OVO,0,2,2024-08-23T22:42:39Z,2024-08-23T22:47:26Z
Ugzkj4AGoQ5DX1s7cM94AaABAg,@dannysanchez3329,"Most people miss it, or dont acknowledge that this is not really a kendrick diss song. Most of the disses to the other people on this song were better than the disses to kendrick. But the ones who are on Drake's side, like Akademiks gon say it was even til Not Like us Dropped. Taylor made is the only straight song attacking only Kendrick, and it wasn't even that much of an attack on Kendrick, and also it was made with AI. Family matters Drake is also going after other artists. Drake had to diss other people to even make a good diss song involving Kendrick. And that is because he doesn't have much to go off on Kendrick. Kendrick won this by a landslide if you really take your biased opinions out.",0,0,2024-08-16T14:30:00Z,2024-08-16T14:30:00Z
UgxQhxiAYf5M0eQbqVh4AaABAg,@Mind_Gainz,"Drake….Just shhh….
Listen.

Know when your being taught
Or you’ll never learn.",0,0,2024-08-14T00:21:53Z,2024-08-14T00:21:53Z
UgxlPnuC0yDfPHZ6N5V4AaABAg,@NiceguyracingFc,Decent diss 8/10,1,0,2024-07-02T01:46:58Z,2024-07-02T01:46:58Z
UgyQ2BRfoH6AoFkmk-R4AaABAg,@debdrum2976,Drake won the beef💯 if you really listen to this song it’s the proof of his W. Yall were just hypnotized by the bot popularity and universal paying for plays until that was all yall heard 🥱,2,0,2025-05-07T03:19:25Z,2025-05-07T03:19:25Z
UgxFEZbXEHLHvQLOred4AaABAg,@stevenb3315,"Ok Kendrick won but, underrated diss: ""You better do that mf show inside the bity; Maroon 5 need a verse, you better make it witty; Then we need a verse for the swifties; Top say drop, you better drop and give 'em fifty"" Kendrick did write verses for Maroon 5 and Taylor swift and is probably getting back in the game cuz he needs a bag.",0,0,2024-07-16T16:46:02Z,2024-07-16T16:46:02Z
UgwZdsTvtRTOpkXkLAh4AaABAg,@zayendless5229,Drake is a monster,0,0,2024-07-15T21:15:35Z,2024-07-15T21:15:35Z
UgyJOwqU5TkqM70Y1zR4AaABAg,@CMcGhee-d7v,🦉😎🫡💯💨🔥,0,0,2026-04-03T05:39:23Z,2026-04-03T05:39:23Z
Ugz4obL7HdcZmT9TXNN4AaABAg,@HUSSEIN4FARAJ,You think you got it against Kendrick,0,0,2024-06-28T22:31:50Z,2024-06-28T22:31:50Z
UgwZvx9mIcL4MFUT0094AaABAg,@DeeqaAbdi-x1b,Drake sold his soul n joined up illumanati,0,0,2025-09-29T14:49:09Z,2025-09-29T14:49:09Z
UgyhJ1AyZ-drMdEkknh4AaABAg,@DeeqaAbdi-x1b,I’m not Mike,0,0,2025-10-01T14:42:00Z,2025-10-01T14:42:00Z
UgxKDyygsUTg3N1fJYN4AaABAg,@Raphayah,How you talk about getting ya nails done on a diss track?,2,1,2025-08-11T02:42:59Z,2025-08-11T02:42:59Z
UgwtS0vJF0T0BlBTslx4AaABAg,@pokane18,"So i wonder how the rest of the beef went after this.. i lost my internet signal and was out in the woods with no new or human contact?     

I’m sure Drake did well in this battle. There is no way Kendrick could eliminate the McDonalds or rap?  

Am i right?   

Lol,,  of course im wrong,   I just watched the news and hip hop highlights,,  omg, drake was the one who got whoooped like a pop princess",2,2,2025-07-12T17:29:58Z,2025-07-12T17:29:58Z
UgwC47H_dmz1HxDpnzN4AaABAg,@kikireal793,This aged well 😂,0,1,2024-06-28T00:48:33Z,2024-06-28T00:48:33Z
Ugx4vU92khxsCSNj_Y94AaABAg,@lil_per_vert,Wack,1,0,2025-01-03T12:28:03Z,2025-01-03T12:28:03Z
UgwSI8pPNS1X-yRhoMZ4AaABAg,@purrp96,The version he leaked was better than this😅😂😂😂😂,2,0,2024-06-29T01:10:46Z,2024-06-29T01:10:46Z
UgyvjLwq5WXGx7d7WQZ4AaABAg,@Fknn.attiieeeee,Bro who begged Kai cenat😑,0,0,2024-07-18T15:25:00Z,2024-07-18T15:25:00Z
Ugyn26dsUD9oLP9b0AF4AaABAg,@DeeqaAbdi-x1b,Satan is going hell,0,0,2025-09-29T14:54:35Z,2025-09-29T14:54:35Z
UgxydphxCPHtiJtMsl94AaABAg,@malikzayn6970,"I'm here after listening Jani's track ""ultrasound"", he was dissing Panther (coz he was doing  push ups ) and Jani fucked him up😅",0,0,2026-06-20T18:57:10Z,2026-06-20T18:58:42Z
UgzOHoLwBmfy4HY-tO14AaABAg,@simonnightingale4614,Bro I’m confused can somebody be write in order the songs go,0,1,2024-06-25T16:25:51Z,2024-06-25T16:25:51Z
UgwGHdnKv1Jq-0Wg0tB4AaABAg,@lych_luna,Cringe ass comments,2,0,2026-02-17T01:32:01Z,2026-02-17T01:32:01Z
UgxtpltJXC5qvsIthjt4AaABAg,@xFlinchx3,AHAHAHAHAHAHAHAHAHAHAHA HOLD THESE Ls DRAKE,0,0,2025-09-16T02:00:43Z,2025-09-16T02:00:43Z
UgzWQjLRKr6dHjtUlNV4AaABAg,@macdefazio,Who's here after the Grammy's ??😂😂😂😂 💀 Drake's somewhere crying in a corner rn,0,0,2025-02-03T21:15:33Z,2025-02-03T21:15:33Z
UgzGsomo5s2e7wtViT94AaABAg,@alyssastewart738,"Listen I won’t pretend like it’s one of the best lyrical masterpieces of all time, but it is catchy as fuck and is a great hype “fuck you” song. I just fucking hate that part where he says “the way you doin splits bitch your pants might rip” lolllllll gives me secondhand embarrassment",0,0,2025-03-03T15:59:06Z,2025-03-03T15:59:06Z
Ugwu0Oz2qvG31iunFDJ4AaABAg,@CMEnvision,Kendrick calling Drake a colonizer is crazy considering his wife look white or mixed!,3,3,2024-07-07T05:10:03Z,2024-07-07T05:10:03Z
UgwtkhwLGmGTyvw2lE14AaABAg,@mukamiwamboraofficial,"""Got more love in the city that you from"" did not age well at all 😬",2,1,2024-07-15T17:28:42Z,2024-07-15T17:28:42Z
UgzekVfuqQVLOXWSYlF4AaABAg,@Heyfayfay,Everything Kendrick said was a lie so W drizzy,2,2,2024-10-09T12:03:13Z,2024-10-09T12:03:13Z
UgxW3jT7sEz9yE-DBwF4AaABAg,@dantes6142,They make excuses for u Casie they hate to see me lit was better than anything Kendrick said.. substance lyrics and bars wins every time,1,0,2025-03-04T02:30:52Z,2025-03-04T02:30:52Z
UgzaLQkkFNXj3zzuOaF4AaABAg,@Jesse-x8w,Bro Kendricks diss is so much better like this mid but Kendrick went for the mentality attack he just said stuff,0,0,2024-08-16T00:52:20Z,2024-08-16T00:52:20Z
UgwwgGuThAFSWJC-AXF4AaABAg,@DeeqaAbdi-x1b,If u think I’m a prophet I’m not,0,0,2025-09-29T14:54:50Z,2025-09-29T14:54:50Z
UgweWudhmPVs-S4RV6t4AaABAg,@DeeqaAbdi-x1b,So did the presidents they are illumanati n they sold their souls to illumanati n celebrities too,0,0,2025-09-29T14:51:35Z,2025-09-29T14:51:35Z
Ugx5Ndc9tbzuKqNJCRN4AaABAg,@nizarnafe9949,No matter what you say drake is 100% better,5,7,2024-07-31T04:21:15Z,2024-07-31T04:21:15Z
UgzJ6AqVraFYuCIVsh54AaABAg,@wankuwan,Wtf is thisss a 20v1 🥷,1,0,2025-02-26T22:19:52Z,2025-02-26T22:19:52Z
UgxQGnNoo74ZGcpKTfh4AaABAg,@seekinglife_2000,"Ghost writers, 20 v 1",0,2,2024-09-09T18:34:34Z,2024-09-09T18:34:34Z
UgwRXt6dHdchVSD9Z8R4AaABAg,@tonyfortune346,Half the people acting like Kendrick groupies right now never had a single song of his in their playlist their entire lives. Yall would be lost if you didn't have other people on the internet to give you your opinions.,0,0,2025-07-21T13:11:00Z,2025-07-21T13:11:00Z
UgykvhLK1EcA7DP1B9J4AaABAg,@dreadfulkrow7377,"Drake actually cooked with this one. He had very stinging things that he says about Kendrick. The short jokes were clever. And the cuff her like I'm Ricky line is a jab at Rick Ross which had a nice touch.

Kendrick of course hit harder with Euphoria. Euphoria was on a greater level than this and Killshot",1,5,2024-07-05T20:31:22Z,2024-07-05T20:31:22Z
UgwTDtrDR1QDmoehNIF4AaABAg,@geeksquad2575,It was really all fun and games until he said Whitney.,0,0,2026-02-01T16:45:18Z,2026-02-01T16:45:18Z
UgwarKDcJZPY5IWgdpN4AaABAg,@shadyunit5250,"I’m not a drake fan, but Kendrick is trash! I miss disses like the sauce, Stillmatic, Officer Ricky, Don’tbody Yourself, Hit em up, Shook ones. Great times 👍",2,0,2026-07-31T02:55:15Z,2026-07-31T02:55:15Z
UgzSh5JvgbPkvjLEAkB4AaABAg,@countjondi9672,"The lyrics aren't necessarily going after bad angles, but the angles are shot BADLY

""How The Fuck you big steppin with a size seven men's shoes On""  ------ This feels more like Drake is shocked that K-Dot is stepping as big as he is with small feet, so it comes off as a compliment

Being able to ""drop 50"" on command isn't humiliating.... it's IMPRESSIVE, someone that's able to ""drop and give fifty"" as many times as Drake implies the target of the diss does, that would be superman shit.

Working with Maroon 5 and Taylor Swift is also really impressive, so pointing that out just makes Kendrick look cooler


""What's a prince to a king? He's a son""  Is the best line in the whole text, but Drake doesn't seem to realize it, Instead of putting the emphasis there where it could pop, he instead drops the beat  to tell metro to ""Shut up and make some drums"" The thing Metro is quite good at.... and has been doing the whole time, making it a really weak line.

Bragging about not bringing switches is soooo fucking weak

""Twitter shit for bitches""""  Doesn'T work when you're the active one on twitter, while lamar has kept his comments to the mic

""This ain't everything I know, don't wake the demon up "" this is a good line, but only as a part of something that already works, when almost nothing in the song works, it comes off as really flat


Like most of these are hitting his foes where they're strongest... and not even all that hard either.",0,1,2024-07-03T08:42:14Z,2024-07-03T08:42:14Z
UgyyoLJ0zEk4qZoL9lJ4AaABAg,@PowerIsntAbstractURPower,"Why does everything Drake does, resembles a Donald Trump move. And Kendrick’s camp is on another wave. Only reason I came by.",1,0,2024-09-03T23:04:36Z,2024-09-03T23:04:36Z
UgynW11xxYii_zpqdSt4AaABAg,@angelhopes8918,COME ON JIMMY BROOKS . You still suck always and forever,1,0,2025-02-04T00:57:30Z,2025-02-04T00:57:30Z
UgwUX_NK8RU9CVC4d0t4AaABAg,@DaVontaeHogan,"Man drake won this beef he literally Solo everyone and bodied them.. any objective kdot fan would see that. To many kdot glazers. If kdot really got bare like that why he teaming up with everyone lol nobody's playing euphoria or any of kdot songs except not like us, why because its a banger oh wait Drake been making club bangers and all i hear from kdot fans is. Drake a pop artist well if that's true kdot one now lol. Kdot stans are some hypocrites lol",0,1,2024-09-14T20:56:42Z,2024-09-14T20:56:42Z
Ugw7wO5ZhzcEpXGDH8B4AaABAg,@Jeff-w8s8n,"Dont care what nobody says, Drake won all this shit! Where lower case kdot now? Without all that hype he not shit, drake been on top mfkers just made yall want drake to fail😅 clowns",0,0,2026-08-29T20:48:17Z,2026-08-29T20:48:17Z
UgxSzL8I3xForHM4IKh4AaABAg,@RonaldoGoat7-u9c,Bro thinks bro could beat Kendrick saying the n word 😂,1,1,2025-04-26T12:12:25Z,2025-04-26T12:12:25Z
UgzdQdO-vckJp-bFoI94AaABAg,@pjunior06,"As I fan of Kendrick who also like some of drake's shit, he snapped here. Thing is though, It's Kendrick Fucking Lamar he went against and that's the problem...",0,2,2024-08-24T05:49:11Z,2024-08-24T05:49:11Z
UgzVNLxlk9xcwFIyO7J4AaABAg,@JoeySavage,Drake won hands down drake put Kendrick on Rick Ross on The Weeknd on so if anyone go against drake who we know drake put on then that means that hating bottom line drake is king of rap #facts yall bet not turn it n drake yall know what’s up 6 god young money lil Wayne cash money forever yEA THOES WHI SWITCH UP ON DRAKE STAY ON THAT SIDE,2,1,2024-08-22T20:04:04Z,2024-08-22T20:06:53Z
UgwJjLD4BA--fhIZDh14AaABAg,@DeeqaAbdi-x1b,If u think I’m god I’m not,0,0,2025-09-29T14:55:04Z,2025-09-29T14:55:04Z
Ugy-dMBSdcyAS8lMZQB4AaABAg,@coatioanioles,This song is the only good drake song of the diss,1,4,2024-07-01T19:18:56Z,2024-07-01T19:18:56Z
UgxvI2kOyWDb_lulSH14AaABAg,@smaganas,Can’t believe I thought this was decent when it came out 😂😂😂 so dam cringe,0,0,2026-09-15T01:17:36Z,2026-09-15T01:17:36Z
UgxH4sjnMzb8RA_x_cR4AaABAg,@DeeqaAbdi-x1b,Drake sold his soul n joined up illumanati smh,0,0,2025-09-29T14:49:58Z,2025-09-29T14:49:58Z
Ugz_BN2dB2fb-rjBYrp4AaABAg,@enigmatic_history,Who's wwatched Not Like is video lol😅,0,0,2024-07-08T19:21:24Z,2024-07-08T19:21:24Z
UgxwFhYrU6m1vGN5k8Z4AaABAg,@av-vl5nf,I think this was his best song out of the beef but it’s unfortunate that Dots tracks were just as good and better then this,0,0,2024-08-09T01:06:41Z,2024-08-09T01:06:41Z
UgyXHnqgNrP-voyNu1t4AaABAg,@Blackfacegotti,Yall really think kendrick smoked drake that's wild😂😂😂😂,1,4,2024-07-09T11:08:54Z,2024-07-09T11:08:54Z
UgzkIYoSoLDCbb3shoV4AaABAg,@jajuanh9,Drake fought hard but Kendrick won the battle,0,0,2024-09-04T04:29:30Z,2024-09-04T04:29:30Z
UgzJnC37PmYWASOK54Z4AaABAg,@zenalahham1916,I herd the f word 😮😮😮,0,0,2024-12-14T08:04:29Z,2024-12-14T08:04:29Z
UgzUsHGQjKyZ9NBqiLF4AaABAg,@Doctor-Poopenhurtz,"“Drop and give me 50”

Awful crazy coming from someone who can’t seem to count past 17 🥱🥱",0,0,2024-08-20T00:36:14Z,2024-08-20T00:36:14Z
Ugz1lHul7l2Os5h4XA14AaABAg,@Kold1Muzik,Sauce walka diss was better than all the diss songs between drake and Kendrick,0,0,2025-05-12T23:29:08Z,2025-05-12T23:29:08Z
UgxiauXGdVU9130QtAF4AaABAg,@SophieMalek-td7ki,evb saying ts isn't hard and kendrick snapped doesn't know real music and wordplay,0,0,2026-06-20T10:12:58Z,2026-06-20T10:12:58Z
UgzlKXOU26jz-Cq9u5B4AaABAg,@EriqNaea-k2z,came here to laugh lmao nigga whole diss record is about being in a fucked up contract soon as dot said lets show the contracts nigga went to the tea lmao never brought up contracts again then got exposed for being in a horrible contract where he not even getting 50  lmao shit is comedy,0,0,2026-07-14T08:35:00Z,2026-07-14T08:35:00Z
UgytKmPfE2UAway-71h4AaABAg,@KingKuraii,drake beat everyone but lost to kdot,0,0,2025-01-31T19:50:08Z,2025-01-31T19:50:08Z
Ugz2Msuxr7xNsuB-KJ94AaABAg,@avispenner7347,SZA bigger than Kendrick....never lol,0,1,2024-07-15T15:38:32Z,2024-07-15T15:38:32Z
UgzAUTL48Ac479J128V4AaABAg,@nickthegreatest0101,This is flat ass hell.,1,0,2024-07-26T05:24:45Z,2024-07-26T05:24:45Z
UgwSzoFd5OxTRaX_wzV4AaABAg,@carlestep-wq7hj,kendrick 10X better he dug a hole and put drake in it and he only big in malibu cuz he wanted,0,0,2024-06-26T02:03:16Z,2024-06-26T02:03:16Z
UgxIKXS0jcY89NtAiTZ4AaABAg,@Kreezword913,Drake is saying Stop Stop instead of drop,3,0,2025-02-17T20:33:27Z,2025-02-17T20:33:27Z
Ugy6sfnbB8vaPhXyxBx4AaABAg,@tristangill3094,I dont care what cole think that dot shit was weak asf 😂😂😂😂😂😂😂😂😂😂😂😂,0,0,2025-02-24T05:26:09Z,2025-02-24T05:26:09Z
Ugxz1FuaBFquy3Q7dTN4AaABAg,@DeeqaAbdi-x1b,Drake sold his soul n joined up illumanati n he is a sell out,0,0,2025-09-29T14:48:38Z,2025-09-29T14:48:38Z
Ugy8WeiA1hFFCaVLIvJ4AaABAg,@ineedtorelax0,Going from this to THP6 is the biggest flop of all time lmao,0,0,2024-08-18T12:58:45Z,2024-08-18T12:58:45Z
UgzlQ4FB6hBgd1jpq094AaABAg,@mjg6041,Was this supposed to be good🥴,0,0,2024-06-26T00:34:41Z,2024-07-06T22:29:15Z
UgymbQxSYgKoLHVUivx4AaABAg,@michial003,It's nice diss track but Kendrick won,0,0,2024-06-27T16:50:48Z,2024-06-27T16:50:48Z
Ugwg0wF4RGnwTWt4hN94AaABAg,@brianahernofficial,This garbage sorry yall 😂,3,1,2024-07-15T11:53:41Z,2024-07-15T11:53:41Z
UgxqZ9ah329BrStiq514AaABAg,@JohnnyYoko,This comment section dead,0,0,2024-07-15T06:41:28Z,2024-07-15T06:41:28Z
UgzrVgVcsX2zaY6KDGR4AaABAg,@FK-xh5it,Im embarrassed for you drake lol,0,0,2026-01-05T17:44:25Z,2026-01-05T17:44:25Z
UgyTDT_0SyXutQ4Kip14AaABAg,@prasannamhrzn5907,Anyone from 1945,0,0,2024-08-27T18:33:14Z,2024-08-27T18:33:14Z
Ugy4s7a0prrprpVLYRt4AaABAg,@myleakagriffin4893,At least Montana could do better,0,0,2024-07-05T21:10:45Z,2024-07-05T21:10:45Z
Ugxd7yVNCaCKuxvjGil4AaABAg,@AOSiammusic,Dope barz.. dope song... but u didn't give no bars on why u mad.....,2,1,2024-07-27T23:27:05Z,2024-07-27T23:27:05Z
UgxAda8BEHDx8AVZ-op4AaABAg,@thefirstkingdarius,J Cole not even this kind of rapper like smh,0,0,2024-10-22T05:01:13Z,2024-10-22T05:01:13Z
UgzLxF8jHKovE1m5mlR4AaABAg,@georgecortez9070,"Kendrick out Raps Drake, but Drake makes better music. Saturday night 10:30pm your Driving with your crew. You stop at a stoplight, you guys look at the car full of girlz(Or guys for the ladies) your bass hitting hard. This is what's playing, not ""A minor. """,0,0,2024-08-14T00:41:03Z,2024-08-14T00:41:03Z
UgxEsrggWjQ4utUUuX54AaABAg,@every8hours382,This didn’t age well,0,1,2024-09-19T19:37:17Z,2024-09-19T19:37:17Z
UgzHoSp7VRALSl2dGNR4AaABAg,@anthonywise996,Trash music smh,0,0,2024-12-18T02:51:27Z,2024-12-18T02:51:27Z
UgzOAWNGf0f1vWEPfWh4AaABAg,@CrashoutTF,Weak asf kDot gonna kill this one… u gon see real bars from Kendrick after this bs,1,0,2024-12-01T19:38:07Z,2024-12-01T19:38:07Z
UgyCHOKtajaMYXftjyx4AaABAg,@awc6007,Drake trash lol,0,0,2024-07-20T05:50:04Z,2024-07-20T05:50:04Z
UgwC94Jn03cFGPwYNBt4AaABAg,@DeeqaAbdi-x1b,Jesus is coming n he is probably god or Allah is but anyways is judgement day don’t sell ur souls,0,0,2025-09-29T14:53:32Z,2025-09-29T14:53:32Z
UgyTsFG89V50gmK1wx14AaABAg,@TeoJunior-i7r,Not like us is better,0,0,2024-08-18T22:32:58Z,2024-08-18T22:32:58Z
Ugxrje8FIywZyBQbcC14AaABAg,@killfeedgaming7620,this is garbage for something made nowadays plus the beat to it is booty i think if the beat was on point it might have been better but either way its subpar ar best,1,0,2025-01-23T17:27:52Z,2025-01-23T17:27:52Z
Ugzy5F3FgiSlMOWtZyx4AaABAg,@NottinghamHill-j5o,Anyone who knows basic English knows Drake has won this beef lyrically .. every line is just great .. Kendrick raps like a 90s dude throwing the word “nigga” a million times trying to sound aggressive,2,0,2024-07-08T20:59:16Z,2024-07-08T20:59:16Z
UgxS3vLFNFJfbv8654d4AaABAg,@BAiko15,Kendrick is way better then Drake,3,1,2025-07-27T17:20:03Z,2025-07-27T17:20:03Z
Ugxa7zo87n1xmRnts1l4AaABAg,@TeeC33,Whole year later... this shit aged like milk 🥛,2,0,2025-04-20T07:54:46Z,2025-04-20T07:54:46Z
UgyEQeEFrv9gR_ryQRx4AaABAg,@thorax_lean,Everyone let’s not fight we know Drake a better artist than cenny(his name doesn’t deserve a k cos he’s small),3,0,2026-02-12T13:30:24Z,2026-02-12T13:30:24Z
UgxdzxURiNdNlEvi9gh4AaABAg,@mariomoralis7975,"I think they forgot about ""not like us,"" but this producer did better than Kendrick producer, but some idiot in my comment Kendrick body drake !!",0,0,2025-07-03T21:21:30Z,2025-07-03T21:21:30Z
UgwdAOE8MkrCdWRibDl4AaABAg,@Justin-lh2ho,Drake won,2,2,2025-07-25T11:41:28Z,2025-07-25T11:41:28Z
Ugwituiyv2m0ue6tr_h4AaABAg,@Joszzy3762,This is so trash bro🤮🤮🤮🤮,0,0,2024-08-01T20:04:16Z,2024-08-01T20:04:30Z
UgxnorOvZaOJD5vXlEN4AaABAg,@TonyaSandoval-k5w,Drake goes hard af 😂 im drake all day fuck the haters Kendrick diss garbage lame ass beat,0,0,2024-09-07T00:31:32Z,2024-09-07T00:34:02Z
UgzJhCz31BYFVBTZPUx4AaABAg,@TeamToooBananas,"This is low key weak, mashallah.",1,0,2024-07-18T23:19:33Z,2024-07-18T23:19:33Z
Ugycu-QqODiFdyBhiMx4AaABAg,@RáeBunny-y5v,Man this shit wack smh 🤦🏽🤣,0,0,2024-06-28T18:45:24Z,2024-06-28T18:45:24Z
Ugy6NYDpE7dM9ogA8kd4AaABAg,@Tormund_Giantsbrain,This is better than Kendrick whole catalog.,5,2,2024-12-02T20:23:39Z,2024-12-02T20:23:39Z
UgzSt3xQUAYeqdhz3CV4AaABAg,@AlaskaV3,"How come Drake only makes good songs when he’s beefing with someone, sounds like a washed up rapper to me 😂😂",0,0,2025-10-27T02:14:03Z,2025-10-27T02:14:03Z
Ugx0o-YM6SptXND6Ay14AaABAg,@letsnotforget7154,😂😂😂😂😂😂 Kendrick >BBL Drizzy,0,0,2024-07-08T08:56:19Z,2024-07-08T08:56:19Z
UgwW_MdOKmJk0gRP2vh4AaABAg,@HTXYoungster,Push ups > not like us 😈😅,5,3,2024-07-05T03:44:59Z,2024-07-05T03:44:59Z
Ugy4JTJfFIJ4l1pBrHJ4AaABAg,@SuperElijahzx360,"Drake is on the ground after Kendrick's Hyper Kick

Kendrick: You gon' see Pet Cemetery. *Walks away*

Narrator: But little did Kendrick know that in this universe, Drake has an EDP Finisher up his sleeve.

Drake: *gets back up in his EDP Power form as Kendrick turns enough to see the attack coming but not enough to do anything about it as Drake's power slows his movement* Drop drop drop drop; Power 50 up, Hentai Blast, Bobbie-Brown; Power 50 up, Hentai Blast, Bobbie-Brown; Uhhh, I wuh really really tryna keep this PG.

Kendrick: For who Drake, Millie Bobbie-Brown?

Drake: DRAKE BOBBIE-BROWN HENTAI BLAST! *The blast summons Quavo and fries Kendrick*

Narrator: Kendrick Lamar.. Is dead.. Without the help of Kendrick from another timeline or domain, who will stop this R. Kelly 2.0 and..

R. KELLY HIM?! *Mk3 Finish Theme*

(What pot am I smoking when I come up with this stuff? Come and get me, guidelines! XD)",0,2,2024-07-17T02:08:00Z,2024-07-17T02:08:00Z
UgyFp0Nwqs5V7Ue8mat4AaABAg,@danielo7710,Kendrick lost,2,1,2025-08-11T03:55:32Z,2025-08-11T03:55:32Z
UgwF_bVOZyo8TFnnmcl4AaABAg,@GCTodai,This is not a bop though . Kendrick’s is giggy .,0,0,2024-08-24T23:26:11Z,2024-08-24T23:26:11Z
Ugz9B-sCW8maFxc3mfh4AaABAg,@megbro10,I wish he would’ve stopped here 😅,0,0,2025-01-24T23:20:37Z,2025-01-24T23:20:37Z
UgymRaEKBc4-w1FKVxZ4AaABAg,@lilturkeyiscool,Honestly if The beef ended after euphoria then drake couldve won cuz this song kinda catchy and euphoria kinda boring and long.,0,0,2024-08-03T18:03:54Z,2024-08-03T18:03:54Z
UgwAKc3y59_mOAz0P_J4AaABAg,@mctbuilds8980,Nope try again drake,0,0,2024-07-11T16:12:44Z,2024-07-11T16:12:44Z
Ugwcialsewl1HbPFiUN4AaABAg,@ariljacott1822,"Drake disses are good 
Kendrick's are just better 🤷",1,1,2024-07-16T19:27:02Z,2024-07-16T19:27:02Z
UgyDXU8EImDCdFZkneV4AaABAg,@mattbeinfest1147,Drake sucks,0,0,2024-08-05T18:28:40Z,2024-08-05T18:28:40Z
UgxP31HIFfhJNBhwXot4AaABAg,@solomonugwu-cr1ww,"I prefer kendrick response track ""not like us""

Drake sucks",0,1,2025-04-29T11:14:33Z,2025-04-29T11:14:33Z
UgyHxHxLJ1VrMKGCOLJ4AaABAg,@FLIPPHONE69,I don’t care if Drake lost he just sounds better to listen to compared to Kendrick lmao,6,6,2024-07-11T04:03:40Z,2024-07-11T04:03:40Z
UgzFd7UMNJ0HzbL__M14AaABAg,@CU113NG5,KENDRICK BETTER BRO,0,0,2024-08-17T02:57:54Z,2024-08-17T02:57:54Z
Ugx7Y-GCog4kFfjxAy14AaABAg,@Fernievasquez86,Drake this is trash 🚮 that’s all you got,0,0,2025-02-12T19:16:01Z,2025-02-12T19:16:01Z
UgxGNqE2cWkuX5Tz6L94AaABAg,@DennisRodman-e9r,"Sza 
Travis Scott
21 Savage are all more relevant than kendrick lamar",1,2,2024-08-23T07:30:31Z,2024-08-23T07:30:31Z
UgwoxiD0UXsysJRLmml4AaABAg,@BellaThayer-q1x,Bro drake is latterly but nobody likes this man like he already know Kendrick going to get him back Kia is also going to do sum like drake is trash,0,0,2024-09-28T14:42:39Z,2024-09-28T14:42:39Z
UgxG5Mkk7XYqg1ohmgh4AaABAg,@itsdogshyt,Drakes ALWAYS been ass,0,0,2024-09-27T19:23:16Z,2024-09-27T19:23:16Z
UgzUIEx6lnlj3_rFY1B4AaABAg,@Jimmy-e6s,😂😂😂 still sound the same lame way bruh 😂😂😂😂😂,0,0,2024-12-29T03:31:34Z,2024-12-29T03:31:34Z
UgwpJYzWCsft2_iN7YJ4AaABAg,@markiastewart4507,Yea this ain’t it😂🤦🏽‍♀️🤣,0,0,2024-06-29T20:52:41Z,2024-06-29T20:52:41Z
UgzDhBofeIax12R3d654AaABAg,@rasooledwards3129,Women like this because it's easy rap lol Kendrick washed the boy.  Euphoria last minute of the track covered this entire diss,0,0,2025-02-12T02:56:10Z,2025-02-12T02:56:10Z
UgzlNER9Fmj4iZeP_754AaABAg,@DerrickLee-s1m,DRAKE killed little kendrick 😂😂😂,2,0,2024-08-13T20:11:57Z,2024-08-13T20:11:57Z
UgwlHJhylsK_9PlPNjR4AaABAg,@josueochoa9267,“It Don’t matter to me “😂 drake is bigger. Money talks,2,1,2024-07-07T09:32:08Z,2024-07-07T09:32:08Z
