comment_id,author,text,like_count,reply_count,published_at,updated_at
UgzFtcRx_snu4qqmaAB4AaABAg,@BagOnly,"Who is winning???????
Like for Drake
Comment for K-Dot",8468,790,2024-05-04T06:08:14Z,2024-05-04T06:08:14Z
Ugzc5Srhx8p6qzdSjvB4AaABAg,@moxmann,Kendrick responded so fast I didnt know Drake had dropped a diss.,25857,495,2024-05-04T12:59:37Z,2024-05-04T12:59:37Z
UgxGl-mJYHo4mzjNy0R4AaABAg,@haynes966,Beat switches each time a different ghost writer verse starts 💀,11709,249,2024-05-04T08:41:23Z,2024-05-04T08:41:23Z
Ugw8sI-rRjgKXTUCBFV4AaABAg,@CaptainHalfsack,Kendrick had a diss ready for this song not even 30 minutes after it was released. We are witnessing some psychic bullshit ☠️,18271,281,2024-05-04T05:18:35Z,2024-05-04T05:18:35Z
Ugy9eR85YiXmgJBMbaR4AaABAg,@Greenham1988,Kendrick opened his mouth...and they handed him 5 Grammys.,1465,44,2025-02-03T04:11:02Z,2025-02-03T17:17:56Z
UgzkG6vRyh2O9FOlnJR4AaABAg,@eyenine,"Imagine sitting down in a group and writing this for hours, being so proud about it when it dropped only for it to be overshadowed a half hour later? Brutal.",8196,167,2024-05-04T17:04:41Z,2024-05-04T17:04:41Z
UgyRU5sH2RugrPSNal94AaABAg,@bhielathine,"ngl Drake's melody is fire

but Kendrick's lyrics are straight up murder",3545,82,2024-05-05T06:28:06Z,2024-05-05T06:28:14Z
Ugy42hExKA7j3e_7v_V4AaABAg,@jillformyvalentine,"Drake the type of guy to say ""no more mr. Nice Guy"" when he angry",5167,68,2024-05-04T20:47:51Z,2024-05-04T20:47:51Z
UgwqCFL52UQxSu73NRF4AaABAg,@ashleycampbell8380,"""Someone go hand him a grammy right now"" That aged well",590,14,2025-02-05T04:48:04Z,2025-02-05T04:48:04Z
UgxOO6_F87zF4zap9I94AaABAg,@Roofis201,J cole waking up in the morning lookin at the sun different after this $hit😂,1245,6,2024-05-04T15:38:01Z,2024-05-04T15:38:01Z
UgwKyCjEK_J1-IUTwgN4AaABAg,@JayDaniel-nx1ip,Kendrick is diabolical...he responded immediately by proving that he did indeed have moles...this whole thing has been unreal,9763,169,2024-05-04T07:01:16Z,2024-10-24T07:17:50Z
UgxHb2k7COBLJFcpNnh4AaABAg,@ZakariyyaMohammed-c7g,J Cole out in Hawaii looking at the sunset drinking Pina Coladas rn,3726,55,2024-05-04T20:28:14Z,2024-05-04T20:28:14Z
Ugzj3ahln61yBsk5gc14AaABAg,@donev_,"""Where is your uncle at , cause I wanna talk to the man of the house"" is funny af ngl",199,5,2024-10-06T22:41:25Z,2024-10-06T22:41:25Z
UgypNPdA0pWuzIKHxqN4AaABAg,@ericcartman5952,When the top comments for the new drake diss are hyping Kendricks new diss you know its over 😂😅,3794,64,2024-05-04T11:29:51Z,2024-05-04T11:29:51Z
Ugx-XBEJ5zsCI-YOXmp4AaABAg,@bcal8118,"Drake dude nobody cares that Kendrick is short, yo ass hung out with 5'4 Lil Wayne for years wtf are you talking about",8266,203,2024-05-04T06:08:55Z,2024-05-04T06:08:55Z
UgwYTtnMBeplU_krvGZ4AaABAg,@lexid7832,7 whole entire minutes just to get flamed an hour later is nasty work,127,0,2024-05-05T01:46:59Z,2024-05-05T01:46:59Z
UgyutWucxCnlCW6EWFl4AaABAg,@복숭아84849,Kendrick won all his grammy nominations. 😂😂,21,0,2025-02-03T05:52:19Z,2025-02-03T05:52:19Z
Ugyg9bhhpFaI_YM_R114AaABAg,@montoyaversion2,"Kendrick really said “I calculate your not as calculated, I can even predict your angle” in the first song then dropped a response to this in 30 mins. 😳😳",3297,31,2024-05-04T13:54:54Z,2024-05-04T13:54:54Z
UgzTp6ya1gMlRF0QfRd4AaABAg,@lmborfs8654,The fact that this song is in A minor is absolutely sending me. 😂,864,11,2024-05-05T14:24:45Z,2024-05-05T14:24:45Z
Ugzsl6wdzHgJjis4e1V4AaABAg,@theleonfam9291,I only knew drake dropped a diss because I heard Kendrick’s diss first lol,1161,7,2024-05-06T02:21:32Z,2024-05-06T02:21:32Z
Ugz_CvIluct3I1Lul7h4AaABAg,@juniegyllenhaal3937,Drop drop drop drop😂😂😂😂😂😂😂😂😂😂😂😂😂😂😂 the lawsuit brought me here,42,1,2025-01-17T08:18:42Z,2025-01-17T08:18:42Z
UgwYnrwnfMPR-h_0Ehx4AaABAg,@RogueJyn,Ive seen some Drake fans defending him on shit saying kendricks bullshitting but kendrick basically laid down everything everyone knew about drake since 2017 and threw in a couple bullets too. Nobody talks about that time Drake was hitting on Billie Eilish when she was still 17.,1402,48,2024-05-05T09:08:06Z,2024-05-05T09:08:06Z
UgyZNwztZ2kFNfJXdyJ4AaABAg,@ermmkatie,He was “trying to keep it pg” so his girlfriends could listen to it too,1965,41,2024-06-15T07:15:41Z,2024-06-15T07:15:41Z
UgykkfImRkyg1WI0JaB4AaABAg,@yeemaster1295,whoever writing these lyrics need they ears checked,2034,13,2024-05-04T04:58:06Z,2024-05-04T04:58:06Z
UgzDrryRDzr3ezzl9SN4AaABAg,@Greenham1988,They handed him 5 Grammys.,61,3,2025-02-03T04:10:16Z,2025-02-03T17:18:27Z
Ugx9ytQ9QZUDpa9c7ud4AaABAg,@jameshemingsen8552,I like how drake was like “where you at” to Kendrick and now Kendrick’s dropping a diss half an hour after drake releases his! 😂,152,0,2024-05-05T04:28:29Z,2024-05-05T04:28:29Z
UgzuREhvmDSmcIdLamt4AaABAg,@agentrocklee,Kendrick really pick him apart...he said he had a mole in his crew...then he drops Meet the Graham's mins later after Family Matters...thats cold 🥶🥶🥶,1043,20,2024-05-04T17:08:56Z,2024-05-04T17:08:56Z
UgybTLPA83uEkZU0Dot4AaABAg,@rodneymason7565,J cole started this shit and went home😂😂😂,1255,27,2024-05-08T02:16:20Z,2024-05-08T02:16:20Z
Ugw7jsi0lSNNE42qfch4AaABAg,@bscott6420,"*Drake* ""Kendrick just opened his mouth someone go hand him a grammy right now""

*Kendrick wins 5 grammys in a row*

*Also Drake* 😐",39,0,2025-02-03T14:11:49Z,2025-02-03T14:11:49Z
UgxQIH2B0Ss7IYQbrMR4AaABAg,@angelomorales7800,The fact that Kendrick had a diss ready for this song proves everything Kendrick is saying true about having people in OVO,1417,35,2024-05-04T15:04:20Z,2024-05-04T15:04:20Z
UgzVodF8jeL7nOVDD6x4AaABAg,@smokenojoke8182,“Rapping like you about to free the slaves” is wild,2573,117,2024-05-04T07:30:48Z,2024-05-04T07:30:48Z
UgxAx5OlNz1naAYNIt54AaABAg,@collins-aidennuba8898,"Anytime the beat changed, you know another ghostwriter got paid good😂😂",1373,32,2024-05-04T22:40:20Z,2024-05-04T22:41:31Z
UgxBbw2MFR_ImbRrjT54AaABAg,@Kawaii-27,5:22 ye it is here what you are looking for,41,4,2025-02-07T18:11:58Z,2025-02-26T14:15:07Z
UgzL33M7Sy0C_Asz0nR4AaABAg,@vthree8400,Not Drake singing with the autotune in a Kendrick diss 😂,747,13,2024-05-05T04:32:45Z,2024-05-05T04:32:45Z
UgwKn5zcguqLlgal4ZV4AaABAg,@warmonkey4128,bro wtf i just figured out about this diss a week later kendrick is dismantling this mans whole legacy in days 😭,585,18,2024-05-11T23:13:45Z,2024-05-11T23:13:45Z
UgylUy_HsiEBUNE01O94AaABAg,@popculturevictim7789,"“Jingle bells, Kendrick smells” - this diss track essentially",832,18,2024-05-05T07:23:36Z,2024-05-05T07:23:36Z
UgyRBJK6_zTF7_QqYMl4AaABAg,@Quinnfamous,"Drake: haha short.
Kendrick: You like kids.",32,0,2025-01-08T04:36:58Z,2025-01-08T04:36:58Z
UgyJjxX27qgw_cGRnHd4AaABAg,@sideoapple,after listening both of their diss. we can agree that Kdot might be short but Drake got to grow up 😂,865,32,2024-05-04T15:04:25Z,2024-05-04T15:04:25Z
UgxPPLnX36gbKVrhARh4AaABAg,@sullyschwartz2365,"Someone actually predicted him finna say ""I was tryna keep it pg""🤣",857,19,2024-05-04T07:39:48Z,2024-05-04T07:39:48Z
Ugxxy3PcnennmU2H5-l4AaABAg,@Puzzledgaming90,Kendrick offering growth and therapy sessions to the drake verse and drake here throw toddler tantrums with these rhymes 😂,584,11,2024-05-04T14:27:51Z,2024-05-04T14:27:51Z
UgzrQ9UjnjzPV59fPKN4AaABAg,@eleensandhu,Who’s here for the bar on Michael after the “iceman” cover,22,2,2026-05-15T08:09:37Z,2026-05-15T08:09:37Z
Ugw7OoqRVDVuZwF13294AaABAg,@sophialalla2004,"Kendrick ate him alive. Respectfully. Kendrick gave him a nice sit down counselling. It's not a diss,it was a schooling to show who's the bigger man",1575,49,2024-05-05T06:21:19Z,2024-05-05T06:21:19Z
UgwlfbPzbe52di9ntBl4AaABAg,@marcusjarvis3157,"Drake: I'm trying to keep it PG
Kendrick: *Makes a snuff film",136,3,2024-05-16T03:25:28Z,2024-05-16T03:25:28Z
Ugz3tVAZWGxQ5dWFRxd4AaABAg,@capricorntarotphenomena,Drake talks so much about “killing”while Kendrick just straight up does it.,1037,29,2024-05-04T18:47:48Z,2024-05-04T18:47:48Z
UgxE6h1Uav0nwyZdl5F4AaABAg,@WillgamezOG,Say that again 😅 5:23,85,7,2025-02-03T05:02:57Z,2025-02-03T05:02:57Z
UgxMV3SDhJMZVI9mfMZ4AaABAg,@alemayehusolomon941,"Drake: Throws a stick of dynamite. 
Kendrick: Calls in a strike from a satellite space laser.",510,14,2024-05-21T20:19:35Z,2024-05-21T20:19:35Z
UgzeXIQ-bXdBp8gvpmh4AaABAg,@danieljaxonmiles6504,"Kendrick 2 
Aubrey 0 
Keep tryin son…. Lyrically you’ve legitimately earned that degrassi wheel chair.",179,1,2024-05-05T10:15:30Z,2024-05-05T10:15:30Z
UgxoO7zzNoNW4vbtO2Z4AaABAg,@SyKoSlim,Im seeing Kendrick's response dis songs before I even know Drake responded 😂,121,1,2024-05-05T20:06:46Z,2024-05-05T20:06:46Z
UgyGURKmugN8qFnVw-B4AaABAg,@GodfreyNkomo-x2t,This banger is underrated 😢,7,0,2025-02-13T09:33:12Z,2025-02-13T09:33:12Z
Ugx6ZnVqNMEf8Ldz-i14AaABAg,@greg01113,"When Kendrick said “Tell 'em run to America, they imitate heritage, they can't imitate this violence” 🔥🔥 Drake needs to stay in Canada 😂😂",263,2,2024-05-05T16:55:30Z,2024-05-05T16:55:30Z
UgylvPD3o-6Dg8_8HeV4AaABAg,@DStevie911,"At the end of the day, Drake dropped a drake song and Kendrick dropped a Kendrick song. So Kendrick’s always gonna win lol",858,19,2024-05-05T15:44:31Z,2024-05-05T15:44:31Z
UgwDcW7hTTnVcqERLtN4AaABAg,@RyanWaite28,The fact that Kendrick had a whole other diss track ready on standby is crazy to me. Had it sitting in the drafts.,86,1,2024-05-04T18:43:03Z,2024-05-04T18:44:20Z
UgzY_kTpGsA_jIUytEF4AaABAg,@TommyOtheNorth,0:28 a line of lyrics seems to be missing,41,3,2024-10-08T02:54:37Z,2024-10-08T02:54:37Z
UgzVCDHtf_EE3r3i96d4AaABAg,@dannyrivera8300,J Cole catching strays on both sides 🤣🤣,35,0,2024-05-04T10:32:04Z,2024-05-04T10:32:04Z
UgxHyuoCPjac9iKFSiF4AaABAg,@stevencamarena6240,The beat is barking louder than it’s biting lol😂,524,9,2024-05-04T05:19:38Z,2024-05-04T05:19:38Z
Ugz28wvCYEoNE0g2zc14AaABAg,@damionh7218,Kendrick response was respectful and disrespectful at the same time. Like wanting him dead is a crazy thing to say. The respectful part was mentioning Drakes family in a way that they can do better than Drake. Kendrick pointing out flaws only people close to Drake would know while Drake still on the subject of Kendrick’s height. This beef is insane but entertaining simultaneously.,257,6,2024-05-04T17:43:55Z,2024-05-04T17:43:55Z
UgzPfxBP_pl_khootaF4AaABAg,@Mario_Sonic_Pro,5:23 Well that aged well.,10,0,2025-02-03T06:15:21Z,2025-02-03T06:15:21Z
UgzFrrhrlVLxyqYfkBB4AaABAg,@HawkDavis-lq8pf,Drake the type of digga to hire a team of writers for his diss and have snacks for them.,756,18,2024-05-12T08:34:02Z,2024-05-12T08:34:02Z
UgybJlkPnXYC_suGTR14AaABAg,@soggypizza404,“Rick reading my Miranda rights” is a WILD bar 😂,148,1,2024-05-04T21:02:10Z,2024-05-04T21:02:10Z
UgzKm8jegupI-u9IP3Z4AaABAg,@skrawhat_shanks1438,"However this ends, this been the best rap beef we've had in years🙏🏾.",349,7,2024-05-04T06:51:19Z,2024-05-04T06:51:19Z
UgyAj0af94e5aAZ2Ddx4AaABAg,@johnnydartersaresuperiorbeings,"I come back here every once in a while to listen to this rught before meet the grahams and nlu, gotta relive the moment 😂😂",2,0,2025-02-04T02:35:02Z,2025-02-04T02:35:02Z
UgzH8yPcOpK09SeNuBh4AaABAg,@Xilcpy,Here's some popcorn for scrolling through the comments 🍿🍿🍿🍿🍿🍿🍿🍿🍿,427,19,2024-06-12T05:52:13Z,2024-06-12T05:52:13Z
UgxRLJ1MnrO3dj9fI3l4AaABAg,@leohendricks9993,"Drake didn’t have any material to keep it just on Kendrick 😂. Kendrick laid drake’s mom, dad, son, daughter baby moms, and friends down on the couch for a therapy session.",1460,71,2024-05-04T11:30:32Z,2024-05-04T11:30:32Z
UgyOMlRstl3iCakh6Gh4AaABAg,@godzillaqnt3721,Rick reading my Maranda rights 😂😂,109,1,2024-05-04T16:05:54Z,2024-05-04T16:05:54Z
UgyHnRbxRBPdtJfLouF4AaABAg,@mineshaftrisotto,Rap feuds always produce the most fire bangers,5,0,2024-10-06T23:19:54Z,2024-10-06T23:19:54Z
UgzSKuM0CZ-0jT86Y-94AaABAg,@misswicked9856,"This was a decent diss track, it's a very Drake track, so it was a good track for him. The problem is, this wasn't about beef. Kendrick isn't doing diss tracks, he deconstructing everything about Drake to expose the rumours people have always whispered about. Making short jokes and rumors with no receipts just isn't in the same universe as what's acutally going on.",483,16,2024-05-04T15:45:21Z,2024-05-04T15:45:21Z
UgxxWBuPb7MyVkF2bVh4AaABAg,@RaphaelLeaoFan,"""When you put hands on your girl, is it self defence cause she bigger than you""😂😂",1110,37,2024-05-04T06:04:39Z,2024-05-04T06:04:39Z
UgxCpe8bPB_TaOQmdTR4AaABAg,@cluster-a-ok,I kinda feel like drake wasn’t even tryna be that serious when he got into this but now he’s gotta lock in 😭 like I feel like that man can’t take shit serious but now he has no choice,174,5,2024-05-04T15:01:32Z,2024-05-04T15:01:32Z
UgxSFjMz2eoPNL4WhKt4AaABAg,@qt_femboy,WHY IS THIS A BANGER,4,0,2024-11-20T11:01:31Z,2024-11-20T11:01:31Z
UgyS7qLXF41oKynuNaR4AaABAg,@Razor_RL1,“When you put your hands on your girl is it self defense cause she bigger than you” had my DYINGG 😭😭😭 6:27,55,1,2024-06-14T01:17:24Z,2024-06-14T01:18:33Z
Ugw0T_eU0cVMlS23CCp4AaABAg,@totsfrreal9038,"Kendrick is just way above Drake's thought process. Kendrick bodied him with facts and intelligence, Kendrick breaking necks and records at the same time.",324,13,2024-05-10T12:09:30Z,2024-05-10T12:09:30Z
UgxJQlwPur8vJx6-G_J4AaABAg,@Itsjustcrazy4,Kendrick didn’t even hesitate to cook him.,571,14,2024-07-12T12:55:48Z,2024-07-12T12:55:48Z
UgwGXEBTenaK_v70uqJ4AaABAg,@EMM524,"5:23 whose here after kendrick won 5 grammys? 
👇",61,0,2025-02-07T03:27:04Z,2025-02-07T03:27:04Z
UgxVU4nHBWQJeUU11lV4AaABAg,@SynthPsyLiScx,Yall know the other artist won when their comments are under the competitors track.,78,0,2024-05-05T22:44:45Z,2024-05-05T22:44:45Z
UgzcvAsEsqjaIf_UQ7N4AaABAg,@HankPropaneHill,I’ll tell my kids he was on to catch a predator.,95,0,2024-05-11T02:15:28Z,2024-05-11T02:15:28Z
Ugxf_QL4U21f4ypCSVl4AaABAg,@cold_irl7365,kendrick just opened his mouth someone go hand him a grammy right now” 🤣,113,4,2024-05-04T16:07:45Z,2024-05-04T16:07:45Z
Ugx6gKgvvr4OZLUoaRd4AaABAg,@Desmond_S91,Underatted diss,5,0,2025-07-03T02:33:51Z,2025-07-03T02:33:51Z
Ugw5OMf0Jhsp81rLNqF4AaABAg,@davidperry4310,"They say, ""If you find yourself in a hole, stop digging!"" Stay on the pop shit Drake!",21,0,2024-05-04T09:27:35Z,2024-05-04T09:27:35Z
Ugw2bEej7OjMq1JQB9Z4AaABAg,@muzzy13,"Euphoria: ""I can even predict your angles""
616 LA ""a hundred dudes you got on salary and 20 of them want you as a casualty""
Drake drops family matters talking about Kendricks family, 15 minutes latter Kendrick Drops meet the Grahams talking about Drake's family in depth 😂 he tried to tell him he had the inside scoop but Drake ain't believe him",32,0,2024-05-04T19:26:57Z,2024-05-04T19:26:57Z
Ugz3HrnjDmvgW7U6T9x4AaABAg,@Blood_raven-t3f,Kdot just dropped a nuke. “Meet the grahams” he’s going for Drake soul 😂,165,4,2024-05-04T14:49:15Z,2024-05-04T14:52:34Z
UgxYv6z33-wPwY9O6uR4AaABAg,@Æ.Murata,Now the dust settled this track is actually 🔥🔥🔥🔥,2,0,2026-08-04T23:58:44Z,2026-08-04T23:58:44Z
UgzCcLFXOi1Rk2mYpXt4AaABAg,@elcuzo890,Bro think 4 short jokes in a row are going over anyones head,389,15,2024-05-04T12:47:49Z,2024-05-04T12:47:49Z
UgyjgMbmMyuRbcNI-4J4AaABAg,@gaticusx2933,Damn he said Rick reading him his Miranda rights...😂😂,31,0,2024-07-31T13:11:21Z,2024-07-31T13:11:21Z
Ugz5v_UNbww4XvZfjI94AaABAg,@renegade8164,"Drake the kinda guy to say, “as if!” While he checks his nails open hand",165,5,2024-05-05T12:03:23Z,2024-05-05T12:03:23Z
UgwJz6Xxm_xi6peizP94AaABAg,@blscheepers93,"I aint a Drake fan, but with meat riders like y'all, this man never stood a chance. This a dope diss track, and even if you dislike Drake, you should be able to recognize it as a hip hop fan, but y'all were too busy  hating than to actually listen for the sake of listening.",11,1,2026-05-21T19:27:10Z,2026-05-21T19:27:10Z
Ugwq7I5RGTUhd38ynDx4AaABAg,@kesiarcee,Am I the only one who thinks its kinda lowkey weird that Aubrey is asking why Kendrick doesn't post pictures of his kids on the internet?,594,21,2024-05-05T03:42:16Z,2024-05-05T03:42:16Z
Ugwke43NGHidk5FcOol4AaABAg,@eve5226,"After listening to ""Meet the Grahams"", this song sounds real adorable.",275,14,2024-05-09T16:52:15Z,2024-05-09T16:52:15Z
Ugy2NMtRmLAm-hnvoTZ4AaABAg,@cozyminty1,“Kendrick just opened his mouth” has a different meaning to me now 💀,243,7,2024-06-11T00:34:50Z,2024-06-11T00:34:50Z
UgzFV4spsP62qirdJpF4AaABAg,@LitPenguin713,Damn had to revisit and listen the bars go over Kenny head is the hardest line lol,4,0,2026-05-08T03:49:04Z,2026-05-08T03:49:04Z
UgxbtCl1B5L82_hmzn54AaABAg,@justJALA,Drake just wanted to bring up Rihanna,882,15,2024-05-04T05:25:44Z,2024-05-04T05:25:44Z
UgxBSzS_Q9PZmaJGEEt4AaABAg,@russellstevens9927,"That last song was on point. The beat, the lyrics, and the melody. What Kendrick say? ""I like Drake with the melodies. I don't like Drake when he's actin' tough."" 😂😂😂",49,3,2024-05-04T19:59:46Z,2024-05-04T19:59:46Z
UgwD97nVzRe93Jp4sAF4AaABAg,@KingEssofit,“Weeknd music gettin played in all the spots where boys got a little more pride “ 🌈😂🔥,327,9,2024-05-04T07:08:17Z,2024-05-04T07:08:37Z
Ugwrb9b4Tg0pTuLwFqJ4AaABAg,@Simbolic71,Im a year late... That Dave FREEEEEEEEEEEZE Part Sent me... Boi😮‍💨😭😭😭😭😭😭,3,0,2025-06-14T13:30:05Z,2025-06-14T13:30:05Z
Ugwlnw_Kvhj64mEQesF4AaABAg,@ryleigh.u665,the uncle part is clever good job ghost writers💀,163,4,2024-05-12T22:35:13Z,2024-05-12T22:35:13Z
Ugweuu44P0voNWNvh5V4AaABAg,@mougiemoist1,Can tell drakes reading this out his ghost writers notepad,51,0,2024-05-13T22:00:02Z,2024-05-13T22:00:02Z
UgyZdvCqBhD349BKpl54AaABAg,@WVunfiltered,"""And you know Rick reading my Miranda rights"" lol",34,0,2024-05-17T16:24:27Z,2024-05-17T16:24:27Z
UgxDK-mHilcuSWIkND94AaABAg,@SevenMarx,"July 9th 25 listening to this — not a drake fan, also not a Kendrick fan — but this track right here was masterful — if meet the grahams and not like us don’t drop 30 mins later…. This would be one of the most memorable songs of the beef. But it’s chess not checkers. 

Reminds me of Jays response to Ether… great song - great diss… but the fight has been called.",4,0,2025-07-09T07:15:52Z,2025-07-09T07:15:52Z
UgxRHF17l3kPFlXlVyB4AaABAg,@devinwest4726,Wow this is too many diss tracks to take in 😂,43,0,2024-05-04T06:31:38Z,2024-05-04T06:31:38Z
UgzK6m053_AeG-ZipP14AaABAg,@smgofdvld,These responses are dropping too quick for me to say something 😂😅 you can’t deny both Kendrick and drake are playing to their talents and styles really well,102,3,2024-05-04T08:06:29Z,2024-05-04T08:07:45Z
Ugy5wXJcWjGG_3tI2y94AaABAg,@piratemeow,"What even is this???? Kendrick said you wanna bring up my family, let’s talk about that daughter you got you don’t want no one to know about cause you ashamed of their mothers 💀💀💀💀

Not Drake asking Kendrick to name his leak so he can pop them—that’s the point Aubrey! You need to evaluate who you around instead of depending on people to correct themselves around you!",47,0,2024-05-04T07:40:59Z,2024-05-04T07:40:59Z
Ugwz9tXvo4JOFzY5bYF4AaABAg,@KeyMillyy,He said who’s next on the list like it was over lmaooo,3,0,2024-12-03T22:47:53Z,2024-12-03T22:47:53Z
UgxQ-QeWzh85ODL04gR4AaABAg,@doby8544,"5:20 the beat and flow in the last verse is actually so insane, that im almost sad drake got obliterated by kendrick",36,2,2024-05-05T10:43:09Z,2024-05-05T10:43:09Z
Ugzq959bLc4gLmo0VZ14AaABAg,@Grey_fox12,"""Your back is up against the curb""😂😂😂",83,6,2024-05-04T11:28:54Z,2024-05-04T11:28:54Z
Ugxhvk_SppGVqwNsvPB4AaABAg,@Nemointhemirror,"When he said ""we already know its 20v1"" all I thought was is he admitting to kendrick that he has ghostwriters🤣😅",245,9,2024-05-04T09:51:15Z,2024-05-04T09:51:15Z
UgxgUA2j4SytX-RE8454AaABAg,@GODKing-f2w,7:14 fire 🔥 you you dig ...,10,0,2024-10-05T04:25:44Z,2024-10-05T04:25:44Z
Ugxc9lJy9iMssj0gs5h4AaABAg,@HDTomo,"Happy mental health month Drake, please let me know if you have any *minor* issues ;)",191,7,2024-05-05T08:44:04Z,2024-05-05T08:44:04Z
UgzHWxv75iyf-997CeB4AaABAg,@picklerick7872,I know Kendrick won the beef but this shit under rated af.,629,44,2024-07-17T22:05:36Z,2024-07-17T22:05:36Z
Ugy6EVfdmfS5LuR5FnR4AaABAg,@johnyboy2210,Did he say Rick reading him his Miranda rights? Lmfao 🤣,29,1,2024-05-04T10:36:11Z,2024-05-04T10:36:11Z
UgzQlJwn5DsMYGgUIo14AaABAg,@nizambuzi4423,Kenny just won some grammys damn,4,0,2025-02-03T06:34:19Z,2025-02-03T06:34:19Z
Ugx-b8eLpSC5dtXlEGF4AaABAg,@candacenelms7811,"In the voice of Randy Jackson”, it’s a no for me dawg.”",87,1,2024-05-04T13:40:31Z,2024-05-04T13:40:31Z
UgyTESdSW3Vbm6L_Q2l4AaABAg,@merlnicholas2071,Love the flow switch. Took me back YMCMB days. He definitely held his own 🔥,9,0,2024-05-05T17:34:53Z,2024-05-05T17:34:53Z
Ugz31Hn4i1wQshTqBwp4AaABAg,@NandiMakg,I swear Drake was just yapping with this one 😭😭,331,28,2024-05-04T07:37:51Z,2024-05-04T07:37:51Z
UgwgU--UXCnmw78bo054AaABAg,@BENTER_proz,This is freaking fire!,2,0,2025-10-14T21:40:50Z,2025-10-14T21:40:50Z
UgwtKyu17kN7JNR0T1R4AaABAg,@mihawk508,Drake gotta throw in the towel. He started a beef with a mf with a Pulitzer and dropped a reply not even an hour later,256,11,2024-05-04T10:57:28Z,2024-05-04T10:59:23Z
Ugz3tgdyBIBj9arajy54AaABAg,@Lemon_queue,I'm only 1 minute in and you're telling me I have to suffer through 6 more minutes of this?,222,10,2024-05-05T16:20:52Z,2024-05-05T16:20:52Z
Ugxq8QzSKKAlRw8DZTl4AaABAg,@brandontipton3987,The fact Drake sang through half this diss shows how much of a pop star he is and how he really made a pop diss song. You are not threatening Aubrey. Ghostwriters should try harder.,130,9,2024-05-04T15:17:32Z,2024-05-04T15:17:32Z
Ugy5qbT2Lvu5HC2ffSh4AaABAg,@framos9914,5:30  funny thing is he tried to catch the fade with Drake and Drake said no twice 😂,2,0,2025-05-11T18:13:06Z,2025-05-11T18:13:06Z
UgzVIU01Xczx7pu1z8V4AaABAg,@Yoexlol,“ he always said i overlooked him I was staring straight “😂😂,12,0,2024-05-04T17:01:40Z,2024-05-04T17:01:40Z
UgwFYrPgl5BmdWk0Ial4AaABAg,@Yohane204,Im not gonna lie Meet the Grahams showing me a different side of drake everything Kendrick's saying doesn't sound like lies anymore this guy drake is weird,503,40,2024-05-04T08:17:09Z,2024-05-04T08:17:09Z
UgwiSnKr6APgMbphLeR4AaABAg,@Abi140i,Jokes aside it's crazy to me how these two call each other bad husbands and fathers then claim themselves as good ones like.... insert spiderman meme here.. they the same.,245,12,2024-05-04T20:19:26Z,2024-05-04T20:19:26Z
UgwY-0ex0DNF52junGd4AaABAg,@OrionX868,Masterful track .. this is crazy 🔥,1,0,2026-08-08T13:52:57Z,2026-08-08T13:52:57Z
Ugz3MzHdrE_1L2ERV4d4AaABAg,@rustyshackleford5509,Drake took a major loss against Pusha T and now he took an even worse loss against Kendrick. Meet the Grahams was brutal.,65,4,2024-05-05T01:29:34Z,2024-05-05T01:29:34Z
UgzvEu9GH6V26AuWX9Z4AaABAg,@iancarpenter8965,"Drake is reacting, Kendrick playing chess. Can’t win if all you do is react.",151,9,2024-05-04T19:51:35Z,2024-05-04T19:51:35Z
UgznJkBNohaKzsZVX094AaABAg,@ahsikshxziis,"6:10 *""you right about fuck the big 3, it's only big d and there's video proof""*

😭ain't no way bro referenced his own leaks",24,1,2024-05-04T11:49:47Z,2024-05-04T11:49:47Z
Ugx_JAtP97y0YX_-IZ94AaABAg,@shawnberry6577,That 2nd verse is 🔥 🔥 frfr,1,0,2025-05-17T12:04:01Z,2025-05-17T12:04:01Z
UgzuppiYjdXsteIB-IV4AaABAg,@ethanroberts1607,U know u lost the beef when people be posting under your track dissing you😂😂😂,223,10,2024-06-30T04:20:33Z,2024-06-30T04:20:33Z
UgxKV7Rq0lVC7wqxUo14AaABAg,@danimcgoniga8449,0:06 food when it reaches the expiry date,101,4,2024-07-05T13:50:05Z,2024-07-05T13:50:05Z
Ugwtzx6NRnWb50vAG4Z4AaABAg,@Ezee-t1g,drake and his ghost writers might be crying now after seeing Kdot just released meet the grahams,100,3,2024-05-04T05:16:09Z,2024-05-04T05:16:09Z
UgwvhjiTwmY17tHnZ8x4AaABAg,@tigress4569,This song is so beautiful. 2nd “verse” is EVERYTHING!,0,0,2026-09-18T00:47:15Z,2026-09-18T00:47:15Z
UgzAP97GPBvHKerpKC54AaABAg,@quietkid6468,"HERE AT 40 MINUTES😭
LEGENDARY.. EACH DROPPED A DISS SONG ON EACH OTHER IN THE SAME DAY🔥🔥",43,1,2024-05-04T05:25:33Z,2024-05-04T05:25:33Z
UgwQIfrjknN6j_SmEUZ4AaABAg,@BierDaley,"2:32 
Drake so zesty and after that Kendrick bar I thought he meant he was gonna start shaking sum 💀",13,0,2024-05-04T15:28:32Z,2024-05-04T15:28:32Z
UgyEMYrkBsV4PYFbpnt4AaABAg,@mauit5036,"“Meet the grahams” put this dumpster fire out in a quickness 🤣

Yall Drake fans need to cope harder…",610,37,2024-05-04T06:48:02Z,2024-05-04T12:53:37Z
UgyiDAj2HvFUpprIBKl4AaABAg,@OrlandoHill-b2g,Hardest song of the beef !!!!,2,0,2026-03-24T13:05:57Z,2026-03-24T13:05:57Z
UgxKcRbgbQ_hmSgAFdZ4AaABAg,@WaylonHanzel,Drake can’t compete with meet the grahams,16,0,2024-05-12T04:32:24Z,2024-05-12T04:32:24Z
UgxH5zs2DIQcCo5qUMx4AaABAg,@kimmy_42-k3d,"No one's talking about ""Its only big D and there's video proof"" 😭😭😭",144,3,2024-05-05T13:30:56Z,2024-05-05T13:30:56Z
UgwytbluEOy4LPeBwld4AaABAg,@proppamusic82,"*Cole listening to this and saying to his self, Drake you should of followed me*",13,0,2024-05-05T18:36:44Z,2024-05-05T18:36:44Z
Ugz8eu_nOfJhhZrIDRd4AaABAg,@Bowjn,Remember he made him respond in 20 minutes  oh boy drake touched a nerve 😂,6,0,2025-11-27T09:45:46Z,2025-11-27T09:45:46Z
UgyqKrl3Hx1WkSreq354AaABAg,@YuwonSeo-np6zm,the ghostwriter that started at 5:20 deserves a raise,157,15,2024-07-11T15:30:19Z,2024-07-11T15:30:19Z
UgxSxt6MjZBjidZEMdF4AaABAg,@tdre333,Drake literally was born in a rich family and was a star on degrassi,208,10,2024-05-08T12:47:58Z,2024-05-08T12:47:58Z
Ugwh-0Czn8R-wgcivlh4AaABAg,@livefromthemotherland,Ain’t heard the Kendrick response yet. But in chronological order. This shit was hard af,17,2,2024-05-04T07:40:57Z,2024-05-04T07:40:57Z
UgzaHcPcaRv7nhNh__d4AaABAg,@isaiahsanders144,All beef aside this song and beat fire as hell🔥💯🔥🔥,1,0,2024-10-17T21:58:03Z,2024-10-17T21:58:03Z
UgxTaSmslNbk6tueP4x4AaABAg,@Jayematic,"Drake cant sound tough to save his life, whole track was mad soft.",785,38,2024-05-04T20:08:43Z,2024-05-04T20:08:43Z
Ugy3UsnJWUxDi_WIyN54AaABAg,@Mister_Tom,We got Drake Vs Kendrick before GTA 6. 😂,51,1,2024-05-05T05:33:41Z,2024-05-05T05:33:41Z
UgyYVxA2r3ZNSy3JHDJ4AaABAg,@MoMonarch,kendrick got drake rapping good again and drake got kendrick to drop more. hip hop is back. thanks kendrick,46,3,2024-05-04T16:36:54Z,2024-05-04T16:36:54Z
UgxmExUgpt1w7MGeWYZ4AaABAg,@Djk-phonkie,Its 2026 and Still the best diss track in the whole beef 😤🔥🔥,2,0,2026-04-24T00:05:26Z,2026-04-24T00:05:26Z
UgzWTMXnqEORO8OCCUd4AaABAg,@DaBottomJits,"“You put your hands on yo girl, is it self defense if she bigger than you?” Drake so petty man !!!!😂",16,1,2024-05-04T11:35:40Z,2024-05-04T14:17:44Z
UgxcMWM1AjMyHsNcCVp4AaABAg,@HandlingYou,Nah the “2 lights skins at the park would be cute” is an actual adorable line😂,22,0,2024-05-04T17:44:29Z,2024-05-04T17:44:29Z
UgxcNRTiemvKormnP0p4AaABAg,@threezysworld8089,"""Ross calling me whiteboy that sh*t kinda got a ring to it because all these rappers are waving white flags while the crowd sings to it"" 😳",157,5,2024-05-04T07:39:23Z,2024-05-04T07:39:23Z
UgyJS4pDbeJJcdmyqVx4AaABAg,@Mcnasty78,"Best song of the beef, hand down.",3,0,2025-01-13T05:09:33Z,2025-01-13T05:09:33Z
Ugxhg-XPgrTQw8IVZot4AaABAg,@ristocrat5061,Drake calling Rick Ross fat with the ozempic bar lmao,28,0,2024-05-05T03:47:03Z,2024-05-05T03:47:03Z
UgyFZrg3CIBZ64Mcmch4AaABAg,@preciouswingo388,Drake is actually funny af !! I laughed a few times listening to this lmaooo this was like a troll diss but i bet i hear it at the club 😂😂 he's authentic to himself thats for sure lmaooo,8,0,2024-05-04T12:04:18Z,2024-05-04T12:04:18Z
UgxJgrwOjKIrALb1R3p4AaABAg,@mider-spanman5577,Rick readin' my readin rights is wild! 🚓 🚨😆😆😆🤣🤣😂,10,0,2024-05-04T14:10:03Z,2024-05-04T14:10:03Z
UgzDPT0sPXvfYJi1Ksp4AaABAg,@GODKing-f2w,1:10 where the money trees  ... Mexican be cooking dinner on the regular mix queen 👑. Man  Compton they reaching now 🎉🎉🎉 .,4,0,2024-10-05T04:19:54Z,2024-10-05T04:19:54Z
UgwcHB1QGf246qfYH-R4AaABAg,@Nickgablesmusic,"At first I was like “this is fire, good job Aubrey” but then I heard “not like us” and I immediately shut my fucking mouth and said to myself that “I spoke to soon”😂",61,3,2024-07-01T22:43:28Z,2024-07-01T22:43:28Z
Ugxi947og9_J0-CAvep4AaABAg,@luzierno,Bro rdcworld made a skit with drake using the I was trying keep it pg line I’m dead,23,1,2024-05-04T07:07:50Z,2024-05-04T07:07:50Z
Ugy6upLvP0BOuDZNI1Z4AaABAg,@erudl,Drake know full well Kendrick did not call the Tupac estate lmao,158,6,2024-05-04T07:31:11Z,2024-05-04T07:31:11Z
UgyaIlOZrsfKWdfqAJN4AaABAg,@vonniesowen2302,Kendricks diss to drake hits way harder 😂,8,1,2025-01-21T14:15:32Z,2025-01-21T14:15:32Z
Ugz8mVOrKG6t65wo5UB4AaABAg,@214silk2,"Hardest thing about this is the beat 
And it sound like he lowkey dissed Wayne
He still saying the 20 v 1 
Now he dissing Cole 
This prove his character. He was never nobody friend at all",69,8,2024-05-04T09:42:20Z,2024-05-04T09:42:20Z
UgzE8nXU7JT-E-s8uV94AaABAg,@suzanalsamman2834,“it’s only big d and there’s video proof” THATS CRAZY😭😭😭,413,11,2024-05-04T06:38:19Z,2024-05-04T06:38:19Z
Ugzj53F-ZTieeWZdo5N4AaABAg,@Redsun69813,Rick reading my miranda rights 😅,154,16,2024-05-04T05:21:14Z,2024-05-04T05:21:14Z
UgzvC4HxVl-NiDv8TCB4AaABAg,@UltrasSurRealGate13,These are gonna be some great videos 😈😈😈😈,0,0,2026-04-26T05:11:29Z,2026-04-26T05:11:29Z
Ugx2gojK0cG-AWiMfF54AaABAg,@PreciseSkillzGaming,It's sad that the only way I found out about this was Kendrick dropping a response so fast that I was trying to figure out what he was responding to. Lol but Kendrick killed the man. Drake needs to give a raise to his ghost writer and then maybe he might get a better diss.,42,4,2024-05-05T21:50:37Z,2024-05-05T21:50:37Z
Ugw-9pMr8YBjPuDYc6p4AaABAg,@taler8988,"I've never really been a Drake fan and Kendrick Lamar is probably one of my top 5 artists of all-time but putting feelings aside. This song actually kind of slaps, catchy beat and flow. Not lyrically and deep as Kendrick (who is winning btw) but have to give him his props. I think people have a tough time looking at the songs objectively because it's easy to hate on Drake for kind of being corny and super mainstream but I thought this song was pretty dope.",69,8,2024-05-05T08:52:43Z,2024-05-05T08:52:43Z
Ugw-8YSE0XDGivECRfJ4AaABAg,@sporebath5626,People love Drake the same way people love Taylor swift,616,35,2024-05-04T06:10:17Z,2024-05-04T06:10:17Z
UgxiGHgbLRJ07c3QEGx4AaABAg,@imedina650,"First and last
Time I hear this 😂",1,0,2025-02-05T03:55:17Z,2025-02-05T03:55:17Z
UgyH69HUgkekXfkllYB4AaABAg,@ThatsAwesomeAndStuff,Is this just 3 songs by 3 different ghost writers smashed together?,184,6,2024-05-04T17:52:36Z,2024-05-04T17:52:36Z
UgwgRwTsmh0xW6X8j4l4AaABAg,@Lucilletoo,The more I listen to the Kendrick tracks there's only one way to look at it. Drake fucked with the wrong guy and paid dearly for it. He isn't even close to being on the same level.,51,2,2024-05-13T01:32:43Z,2024-05-13T01:32:43Z
Ugw9c6TUODG6uR36VCp4AaABAg,@ErickWebster-mc2yg,The beat and flow definitely had me moving💯🔥🔥🔥,36,0,2024-08-01T07:02:33Z,2024-08-01T07:02:33Z
Ugzffif3gcYnqrPLyMx4AaABAg,@MyukiJaret,In terms of songs in the beef. This is by far the best,1,0,2025-02-17T08:26:09Z,2025-02-17T08:26:09Z
Ugx_B5veuCmXlfZuCJ54AaABAg,@NeetlyPacked,"Second verse is so tuff!!! 
Unfortunately for Drape he’s going against Kung Fu Killa 💀",13,1,2024-05-05T09:20:01Z,2024-05-05T09:20:01Z
Ugx6jtFiB_NYuPV8cFB4AaABAg,@tomato5049,"Between Drake making two tracks that basically say ""Kendrick you uhhh hit your wife, she's mixed, and your music is mid!"" and Kendrick mauling him like a fucking bear I feel like Drake is making diss tracks on himself atp",82,4,2024-05-05T15:32:55Z,2024-05-05T15:32:55Z
UgwlfduIa63fOySH5VZ4AaABAg,@autumnff,Rdc predicted it “i was really tryna keep it pg”😭,14,1,2024-05-04T19:53:46Z,2024-05-04T19:53:46Z
UgxxZe4lYYbOGbkSR8V4AaABAg,@zoomzingtharapper,That second part of this song should of came out when like that dropped,2,0,2024-10-28T11:56:44Z,2024-10-28T11:56:44Z
UgwkuDPwL2u9F6wcN8h4AaABAg,@Unbound_Soul7,"This is tough… 😂😂
“You the black messiah, wifing up a mixed queen” 😮",23,1,2024-05-04T16:24:56Z,2024-05-04T16:24:56Z
Ugx2H0h1sK3yx2fmLdd4AaABAg,@leyley4sth,"""Shake that ass for drake"" what..💀",15,0,2024-08-03T14:53:35Z,2024-08-03T14:53:35Z
Ugx11oGrJxieEiWFJrF4AaABAg,@R_eight999,Bro sounded like he was reading a book in the 2nd half of the song no Rhythm at all lmao,123,8,2024-05-04T13:20:09Z,2024-05-04T13:20:09Z
UgzRJPodPYj-k-2ZReh4AaABAg,@Tishanb,It's all so good!!,1,0,2024-11-02T03:14:49Z,2024-11-02T03:14:49Z
UgxLP7O0REUMaoZBUZB4AaABAg,@Chineseisntalanguageapparently,First drake song I unironically listen to and it sounds like what I imagined Drake sounded like singing a rap song,39,2,2024-05-05T00:40:51Z,2024-05-05T00:40:51Z
Ugx0PajvNezl0JHKvxR4AaABAg,@Karen-pu1kz,Officer Ross mad Af right now 😂😂💀,30,3,2024-05-04T16:43:30Z,2024-05-04T16:43:30Z
UgwTjjjOoZwvuIpgIUV4AaABAg,@henryukwuoma7137,"All I have to say is, with all due respect Kendrick bodied Drake. He makes Drake sound like nursery school rhyme.",169,5,2024-05-04T20:32:18Z,2024-05-04T20:32:18Z
UgwGcC5GtRY6byIILxB4AaABAg,@H_I_K_A_R_1,Low-key my favorite song out of the beef,2,0,2026-06-04T01:31:24Z,2026-06-04T01:31:24Z
UgxjzTYOo2xT6lqRTO54AaABAg,@thirdeyeinsomnia9776,You say that your brother Jermaine but you wanted him to stay out of the light … Drake dropped so many quotes on here,9,0,2024-05-05T17:23:16Z,2024-05-05T17:23:16Z
UgyP4s76SudYUvv2NH54AaABAg,@Reyman70,"Kendrick is dropping some mad fucking heat, but damn, Drake really gotta fade like 5 or 6 people in every track.",22,0,2024-05-04T21:06:38Z,2024-05-04T21:06:38Z
UgzweCdkHV32kQN21mV4AaABAg,@Ace.Gamings,Manz wasn’t even talking bout Kendrick in half these bars. 😭🤣,89,3,2024-05-06T00:02:00Z,2024-05-06T00:02:00Z
UgxaCM6CIM7xJnxSfhp4AaABAg,@sapphomet.7777,1/5 of this is about Kendrick,46,0,2024-05-04T14:54:26Z,2024-05-04T14:54:26Z
Ugx2K36Huo8BUAXcwy54AaABAg,@sailormoonfan224,He lost the second he added in Tupac as an Ai voice. The disrespect.,161,5,2024-05-05T04:48:06Z,2024-05-05T04:48:06Z
UgyPNv9ChNGCO8GZQgR4AaABAg,@seizetheacademy,They’re both bringing the best out of each other 🔥,16,0,2024-05-04T08:00:35Z,2024-05-04T08:00:35Z
Ugy_vdn3sVxgq_WfhYt4AaABAg,@Javoy6,I’m only here because Kendrick won 5 Grammys,51,1,2025-02-03T22:24:14Z,2025-02-03T22:24:14Z
UgxZziQrX26XXRGIYDd4AaABAg,@SCSAsJorts,He went harder on Rick and Asap honestly he needs to focus on one person,68,8,2024-05-04T06:45:18Z,2024-05-04T06:45:18Z
UgzDpOw1KTA4rmtSew94AaABAg,@TheGlassMonty,Kendrick beat this before i even knew it was a thing to beat.,45,3,2024-05-04T12:22:23Z,2024-05-04T12:22:23Z
UgyorveDPdoPPt5Hkqh4AaABAg,@SEGAGentleman,5:15 I love the violins,9,1,2024-05-05T23:35:49Z,2024-05-05T23:35:49Z
UgyuuhudHZLZP9XtqJ94AaABAg,@spookylobby,Who’s here after the Super Bowl,59,6,2025-02-10T19:23:22Z,2025-02-10T19:23:22Z
UgyxXfz4HCS6caKbr3J4AaABAg,@bisheklol,"Drake the kinda guy to say ""you don't wanna see my evil side😈😈"" unironically",25,1,2024-05-05T06:17:02Z,2024-05-05T06:17:02Z
UgzbX-94NX0-aOzyStl4AaABAg,@marlostandfield6054,Kendrick dropped  right away so this song wouldn’t gain traction but Kendrick telling us shit we already shit we know about Drake . Kendrick been sitting on that drop,24,1,2024-05-04T15:13:13Z,2024-05-04T15:13:13Z
Ugwpn9OiDiuJuCo2cKd4AaABAg,@yungdalf6330,This track goes hard fr fr it’s just the fact Kendrick dropped 20 minutes later,28,1,2024-05-18T18:03:09Z,2024-05-18T18:03:09Z
UgyenzOCEUns6xMQVyp4AaABAg,@Nebbed,"Welp, Kendrick got a Grammy. 😂",11,1,2025-02-04T00:16:21Z,2025-02-04T00:16:21Z
UgyPkfZTZxbOFu20LNx4AaABAg,@jaygarcia2238,Ngl this shit is fire,19,3,2024-07-23T13:11:53Z,2024-07-23T13:11:53Z
UgyLq6A5wZ5kWa3fvT54AaABAg,@frankwarren3397,He said I overlooked em but I was looking straight 💪🏿💪🏿💪🏿😂😂,47,2,2024-05-04T06:10:52Z,2024-05-04T06:10:52Z
UgxCjAElfzSxkv1glvV4AaABAg,@HonorableBacon,I just listened to all the songs like 5 times. I can safely say kendrick took the W by a fat mile,224,15,2024-05-04T07:03:48Z,2024-05-04T07:03:48Z
UgyL05lFLu-YekdVtUl4AaABAg,@AJCOBB_THEGOAT,"5:23 
Kendrick just opened his mouth",8,2,2025-02-04T01:50:57Z,2025-02-04T01:50:57Z
UgwESRGRzcPrT5mPN294AaABAg,@StephanieCharles-i5j,This is a masterpiece.,1,0,2025-10-14T00:53:44Z,2025-10-14T00:53:44Z
UgzIaqcsoVU3D5a64k54AaABAg,@kp8110,It’s like a kindergarten teacher responding to a professor from Stanford  … Drake stop REACHING …You aren’t on his level lyrically !,46,2,2024-05-04T13:52:57Z,2024-05-04T13:52:57Z
UgyoVF_80D5Sq_NnEdN4AaABAg,@LeviLazenby,R.I.P Drake. I’m going to sleep like uncle snoop dogg. You’re cooked my boi,111,1,2024-05-04T22:45:27Z,2024-05-04T22:45:27Z
UgxxgOI48XjOzLA8_j94AaABAg,@okenoken4489,His only mistake was dropping three songs at once,23,1,2024-05-07T20:09:26Z,2024-05-07T20:09:26Z
UgxfAaregu2cFME5qYB4AaABAg,@MikeSimmons-ct3zx,U can’t deny this bro lol. This went hard.,2,1,2025-04-30T11:53:32Z,2025-04-30T11:53:32Z
UgzSmpQB5e_-k8w3U_h4AaABAg,@OnSchoolyard,Imma bet money Drake has never written one word of one song he has ever released.,67,3,2024-05-15T06:59:17Z,2024-05-15T06:59:17Z
Ugx95TqGdIQMG7E6bYV4AaABAg,@92landinfonz,"Forget about it, I may be biased but King Kendrick",150,10,2024-05-04T05:25:21Z,2024-05-04T05:25:21Z
UgyS8725gYCN45fnKs94AaABAg,@jennyaguilar3195,It’s sad that drakes friends heard this before it came out & still let him release it 😭😂,72,8,2024-05-14T21:41:41Z,2024-05-14T21:41:41Z
Ugzuu1micZNQcuZvrsJ4AaABAg,@marcusthegreat8710,When Kendrick said had drake a grammer for 2 years now he passed jay z . Kendrick had the best master plan on facts,2,0,2026-02-07T23:38:18Z,2026-02-07T23:38:18Z
Ugy_AYcqkKG08ABsvWN4AaABAg,@b4inn,"has nobody been talking about the 2nd line? ""i've emptied the clip over friendlier jabs"" is he talking about xxx??????????????????????",35,7,2024-05-05T02:33:17Z,2024-05-05T02:33:17Z
UgzBTZwpASrF-ukZ1up4AaABAg,@AudacityKMusic,Not the Ice Spice beat 2:56  😂😂💀,18,0,2024-05-04T16:00:55Z,2024-05-04T16:00:55Z
Ugwg6B80KPKuPIN491h4AaABAg,@MoistPinata,I like this shit but bro really gotta quit pushin the violent image everyone know he aint bout it,461,52,2024-05-04T05:06:13Z,2024-05-04T05:06:13Z
UgyWlxvdHiMKXNLo8Z14AaABAg,@jamorant.23,Who’s here I’m 26,8,0,2026-06-07T15:59:57Z,2026-06-07T15:59:57Z
UgxKrcv6TXeZQFNEbB14AaABAg,@javiermartinezjr8259,"That line “where your uncle at, cause I want to talk to the man of the house”💀💀💀",45,9,2024-07-23T21:22:28Z,2024-07-23T21:22:28Z
Ugx2nmbmoRFBlO85eKV4AaABAg,@ATHTSupply,"I really don’t wanna hear nothing about repeating shit you already heard. Because Drake said the same shit he said in push ups with a few sprinklers, then he dissed other niggas again wasting a record. THEN he tried to rap on 3 beats like Kendrick.",94,7,2024-05-04T11:57:51Z,2024-05-04T11:57:51Z
UgwjiTfcfjn1x2EoSp94AaABAg,@richardmartinez5040,Drake was playing checkers this entire time 😭😭,44,3,2024-05-04T07:13:11Z,2024-05-04T07:13:11Z
UgyrN1p5YU5ymV-9-IJ4AaABAg,@kenanOW,This sounds amazing I’ll give him that,1,0,2025-05-22T03:19:55Z,2025-05-22T03:19:55Z
UgwLbITwgHpgWnLlozh4AaABAg,@joelopez4130,Some of the pop culture references were off and weak insults in general,165,7,2024-05-04T05:21:19Z,2024-05-04T05:21:19Z
UgxObO0TYe90tw8ObxB4AaABAg,@SeanMair-k4t,Kendrick straight slayed and read Drake whole life story and gave him a therapy session with  his whole family at the same time 😱. K dot spilled the beans on Aubrey the industry plant.,18,1,2024-05-04T14:58:37Z,2024-05-04T14:58:37Z
UgzMkrYvGYNc5mi7OeB4AaABAg,@gwest9076,"""When you put your hands on your girl is it self defense cause she bigger than you""

I'm not gonna lie. That was vicious.",89,6,2024-05-04T07:33:31Z,2024-05-04T07:33:31Z
UgyOpqIshljxb-aYmV14AaABAg,@nicholausmcmullen3423,Didn’t realize this went this hard.,1,0,2025-04-29T04:10:06Z,2025-04-29T04:10:06Z
UgzQ7IDB1C4TqWsWMM94AaABAg,@WTFBUTWHY,"Feel like I’m listening to an inside joke and I’m outside. 

Deff gonna need a complex breakdown of this",28,2,2024-05-04T06:00:07Z,2024-05-04T06:00:07Z
UgxE_godkKyyT9md4wZ4AaABAg,@Highdreams_CJ,Remind everybody drake is 100% industry plant he's a mixed white guy that played in a high school drama. Spoiled grew up good all the support mean while Kendrick made his own name,48,6,2024-05-11T16:43:05Z,2024-05-11T16:43:05Z
UgzzsTTVFvz3rN0F_Tt4AaABAg,@Cjchicken02,This is his response to getting dropped like a sack of shit?,330,18,2024-05-04T05:22:40Z,2024-05-04T05:22:40Z
UgzNUzwAdLzJG-s44lN4AaABAg,@awalludinsyam1500,"5:26 

thank you drake.",5,0,2025-02-03T05:43:08Z,2025-02-03T05:43:08Z
UgyJaxbHPsC1ObtHCbJ4AaABAg,@RichardBrown-bn4mg,Drake ghost writer needs a ghost writer.  He could of put this one in the trash.,131,27,2024-05-04T08:35:12Z,2024-05-04T08:35:12Z
UgyocqiC8oWW17nmI3t4AaABAg,@LORDSPOOKY,Michael Jackson’s bars were vicious,15,1,2024-06-01T14:12:39Z,2024-06-01T14:12:39Z
UgyEwJsVFhpfPyEoo6d4AaABAg,@diamondogsamurai2226,"His flow on the last part was phenomenal. I got to give to him, but we already know “they not like us”.",8,0,2024-05-05T03:02:13Z,2024-05-05T03:02:13Z
UgwE7BtkGlzGUU6Qcsx4AaABAg,@LeviB-f9e,Everyone flaming drake but aint nobody talking about how HARD this goes,49,6,2025-12-14T23:23:39Z,2025-12-14T23:23:39Z
Ugwh95VsGW6o_EfacJt4AaABAg,@margarethmichelina5146,"FYI, Eminem has more privileges to say the N-word more than Drake.",401,27,2024-05-18T00:04:47Z,2024-05-18T00:04:47Z
UgzXtZI2a-MM-o0-6a94AaABAg,@Lotiermo,"No way he used the line from RDC world skit ""I was really tryna keep it pg""😂😂😂😂😂",9,2,2024-05-04T12:48:15Z,2024-05-04T12:48:15Z
Ugw27UtFGuDgXUKS1gp4AaABAg,@bigonutz2898,Drake the first sassy rapper to be in rap battles,116,6,2024-05-04T05:12:23Z,2024-05-04T05:12:23Z
UgyBXLym5PTXcNrGAEh4AaABAg,@jaysalazar4835,His barz are highly vivid and sharp,1,0,2025-02-14T23:13:27Z,2025-02-14T23:13:27Z
UgxU3SaS9GWiXFxPeTN4AaABAg,@jojoruski2,the beat so hard he made it louder so we couldn't hear his shit lyrics 💀,63,1,2024-05-04T13:09:18Z,2024-05-04T13:09:18Z
UgyjjS28thJqKFuTY194AaABAg,@marquispowell8457,That last beat and rhyme pattern is dope asf,20,0,2024-05-06T04:50:56Z,2024-05-06T04:50:56Z
UgzkDzPSWbUx4awW6RN4AaABAg,@shaynelson5067,This was a cute diss record. Definitely could hear it in the club. Euphoria is a classic but gotta love Drake cause he be Drakin and spilling tea 🫖 🍵,37,15,2024-05-04T06:07:27Z,2024-05-04T06:07:27Z
Ugyc5Iw-1Wdq7D_PoJ54AaABAg,@Emmitt-v2i,"This diss got overlooked in
My eyes it is just as good as not like us",1,0,2025-02-09T19:46:59Z,2025-02-09T19:46:59Z
UgwajECoaDd-RYS-S9J4AaABAg,@jamiehorn2729,"“Body after fuckin body, ya know Rick reading my miranda rights” 🔥🔥🔥",31,0,2024-05-04T11:45:27Z,2024-05-04T11:45:27Z
Ugy9ypcVLR3RQvJlwcp4AaABAg,@cynicalinnature_eod,Is this even a diss record....Kendrick showed levels to Drake...bout rhythm and poetry ...damn.. how can Drake talk shit like this ?? Wtf this shit should be played in clubs...this ain't no diss record...,100,17,2024-05-04T09:55:06Z,2024-05-04T09:55:06Z
UgxgmVHsAmAaGZl09b54AaABAg,@carbonphantom1,Kendrick wasn't the one that called the tupac estate. Everybody did. That shit was mad disrespectful.,77,9,2024-05-04T12:09:13Z,2024-05-04T12:09:13Z
UgwYV03BB-oJN6djqaR4AaABAg,@mhill93278,Heater 🔥🔥,0,0,2025-02-13T08:59:15Z,2025-02-13T08:59:15Z
UgzFDhzq-uoMafo7pgh4AaABAg,@zombii4125,When you put your hands on your girl is it self defense because she bigger than you 😂😭😭,10,0,2024-05-31T00:04:04Z,2024-05-31T00:04:04Z
UgwZpXJ0XSLOp9Col-54AaABAg,@curtism-w6b,"He really thought he ate 😭. He needs better friends. ""This ain't it, Drake...""",44,7,2024-05-14T09:36:14Z,2024-05-14T09:36:14Z
UgwhVQZ0oxxI1_J270h4AaABAg,@Sonny.Gambino,Just coming back here to laugh at all the Drake fans 😂😂😂,70,12,2024-05-10T01:06:30Z,2024-05-10T01:06:30Z
UgxrXR4M6rx-Zwr7Foh4AaABAg,@ronaldmccain1181,Classic,1,0,2025-02-14T05:02:43Z,2025-02-14T05:02:43Z
UgwrREEIeg6vtgY1QKl4AaABAg,@TelzAll,"""Always rappin like you gonna free the slaves"" 😂😂😂😂😂😂😂😂😂",120,15,2024-05-04T08:08:46Z,2024-05-04T08:08:46Z
Ugw9v8xPogsNSOrJNYx4AaABAg,@jonathanmoore7901,"Your back against the curb (not the wall, he isn't as tall as the curb) 🥶🤣🤣🤣",13,1,2024-05-04T05:49:30Z,2024-05-04T05:49:30Z
Ugwq81R_0gsZLnt9mHJ4AaABAg,@coachgrant6842,"Body after Fuking body, you know Rick reading my Miranda rights 😂… Damn Drake you ain’t have to do officer ricky like that 🔥",13,1,2024-05-05T14:23:14Z,2024-05-05T14:23:14Z
UgzcicK4y08fbeeK9jB4AaABAg,@bradleym2745,"Best diss song from this battle!!!! Not Like Us, most famous and vibey but Family Matters, best.",2,0,2024-12-06T09:19:29Z,2024-12-06T09:19:29Z
Ugxgh7rGKHvqp-oRxOt4AaABAg,@AmanIqubal,Nah yall dropped dis too fast after the original😭,38,2,2024-05-04T04:39:46Z,2024-05-04T04:39:46Z
Ugze_rLPHHWGBErQqY94AaABAg,@ToodalooFN,This is fire 🔥 but he lost the beef,27,0,2024-11-17T16:03:36Z,2024-11-17T16:03:36Z
UgxUyktXe0x6KTdKKmB4AaABAg,@Marko222-ce6fj,"""Youre baby mama captions always screaming SAVE ME"" 😭😭😭😭😭😭😭😭😭",20,1,2024-05-05T21:23:00Z,2024-05-05T21:23:00Z
UgwVtvAD8CCl0ac9vot4AaABAg,@collinhullum4247,If this record had a week to itself we'd be having a different conversation in the world. If I was the producer I would of had his break this into 2 separate diss tracks. 3 songs in 1 is creative and dope but a Lil OD. Bro could of saved some ammo 😂,2,0,2025-05-14T14:33:18Z,2025-05-14T14:33:18Z
UgzHluENZB_MRP5qWAJ4AaABAg,@LeeYevi,"Bruh, can't be mad... bruh swung on everybody while being jumped. Gotta respect it.",53,4,2024-05-04T08:28:42Z,2024-05-04T08:28:42Z
UgwN-cizlLk2jACX6yh4AaABAg,@Oneandonly78,He did everything Kendrick liked about him and hated about him here 😂😂,16,0,2024-05-04T12:53:57Z,2024-05-04T12:53:57Z
UgyV_JHjr2W61fVt_Np4AaABAg,@eggzinbedz,there’s some funny ass lines in this diss but when bro said it’s only big d i got video proof i started dying 💀,11,0,2024-05-04T11:42:48Z,2024-05-04T11:42:48Z
UgzUweeT-cdJ4eT9QAF4AaABAg,@AsmaZia-by3vm,AYE KENDRICK JUST OPENED HIS MOUTH SOMEONE GO HAND HIM A GRAMMY RN... kendrick won record of the YEAR !!!!,2,0,2025-02-05T12:30:48Z,2025-02-05T12:30:48Z
UgyaiSK7a2X85mT-5ph4AaABAg,@cocob28,"Yolanda Adams needs to talk to Drake before I do. The battle is not yours baby, It’s the Lord’s🥹😭",15,0,2024-05-04T17:39:13Z,2024-05-04T17:39:13Z
UgxxJrggJl25Xf8MVbh4AaABAg,@tmoney5247,2PAC and Biggie both rolling in their graves.,17,1,2024-05-08T06:15:02Z,2024-05-08T06:15:02Z
Ugz2IyPcBqPWnSgIxIR4AaABAg,@BolotoAchumi,"I don't know who Drake or Kendrick is but after hearing all the songs from both the artists, Kendrick wins, hands down. Not even a question. Just cuz you're a Drake's fan, don't give him sympathy win",25,0,2024-05-10T16:23:11Z,2024-05-10T16:23:11Z
UgxbAgJLKd_APgIivPd4AaABAg,@cholwekakulwa4318,"Who here in 2026,,,? Still playing this track even after listening to all the Kendrick so called hits.",2,0,2026-02-17T20:27:42Z,2026-02-17T20:27:42Z
UgxaWEG2jZJJFGl2sk94AaABAg,@MonStarVillain,I don’t judge rap beef by who has the best gossip. I just want to hear bars. Not the gossip girls,22,3,2024-05-05T17:27:03Z,2024-05-05T17:27:03Z
UgwubRoQYU3J4rZqsXp4AaABAg,@Nothingxdivine,"Drake fighting back!!!! 

Let’s fucking goooooo!!!! I’m glad I’m alive to witness this.",15,2,2024-05-04T07:49:07Z,2024-05-04T07:49:07Z
UgzllGn-zMoD53lA1cF4AaABAg,@pla4825,Kendrick just opened his mouth somebody give him a Grammy right now. Kendrick just got 5 Grammys in 1 night for Not Like Us 😂😂😂😂😂😂,16,3,2025-02-03T09:18:37Z,2025-02-03T09:18:37Z
UgyFT265vVvC4zG2LoF4AaABAg,@HalmousHayder,"""SAY DRAKE 😃😃""",2,0,2025-02-12T20:52:00Z,2025-02-12T20:52:00Z
UgwPtmWtR8FWiFRLlFd4AaABAg,@TreConnery,"""Where Is Your Uncle At ,Cause I Wanna Talk To The Man Of The House"" is Diabolical 😂😂",20,4,2024-05-04T14:22:16Z,2024-05-04T14:22:16Z
UgzRpMoI2JgX-fSG0Vx4AaABAg,@inthemix94321,"Regardless of the beef and the battle , this song is massively underrated, the flow ,the lyrics,transitions, fire ❤",11,1,2025-06-12T12:58:24Z,2025-06-12T12:58:24Z
UgzcJMHbHjNgVeT8KZh4AaABAg,@H.RTheDirector,People thinking Drake won is some wild behavior 😂😂🤦🏿‍♂️,126,14,2024-07-06T16:46:01Z,2024-07-06T16:46:01Z
UgywcEYcicCylRySTgV4AaABAg,@roskiii2400,The most underrated diss 😂😂,3,1,2025-07-10T18:48:13Z,2025-07-10T18:48:13Z
Ugz16jkjE_k8-j8BZS14AaABAg,@notglenn1703,Whoever made this vid missed a shit ton of lyrics damn,21,1,2024-05-04T20:12:27Z,2024-05-04T20:12:27Z
UgyOL1VMoZikwGfrRs54AaABAg,@Gabriel-ql7eb,Goated diss track,12,0,2025-08-02T09:47:52Z,2025-08-02T09:47:52Z
UgywAmZUj_i3guznvTZ4AaABAg,@theluigifan1,"he asked kendrick to drop and he dropped. told somebody to hand kendrick a grammy after he opened his mouth and now he got 5.

everything this man says is a self-fulfilling prophecy. hold that one, aubrey.",37,2,2025-02-03T06:58:51Z,2025-02-03T06:58:51Z
UgxJVDGeA4WqhtDy1It4AaABAg,@AngelaJanHunt,That Grammy line didn't age well. 😂🍿,4,0,2025-02-03T04:20:41Z,2025-02-03T04:20:41Z
Ugz7N7H_F6drB-Rjr654AaABAg,@Stefantius,I'm just now listening to this because I had to get Kendricks songs out of my system,11,1,2024-05-09T16:43:38Z,2024-05-09T16:43:38Z
UgwicKK_lmkQaR1Eu994AaABAg,@erry_von,I ain’t black but even I don’t want to hear Drake use the N word no more,109,13,2024-05-05T18:14:25Z,2024-05-05T18:14:25Z
UgyN8RDrEI6uViEO3MR4AaABAg,@flaneurfilms1940,This dude singing about dot “don’t bang” like he raps about claiming a set😂,10,0,2024-05-04T15:58:34Z,2024-05-04T15:58:34Z
Ugx4q5jbUrF8s3lXExx4AaABAg,@TouhouNazrin,"Even 2 years later idc what anyone says, Drake's songs go harder than Kendricks.",1,0,2026-09-11T02:06:28Z,2026-09-11T02:06:28Z
Ugyz2y76AiPxsHvRzjh4AaABAg,@MarkWhippy,Sounds like a southern rapper wrote it for him judging by the way it rhymes slaves free with make believe. Only rhymes in a southern drawl.,23,0,2024-05-04T21:42:37Z,2024-05-04T21:45:56Z
UgznlY0lZSpL5f6ZCkF4AaABAg,@jimweb3230,"""Our sons should go play at the park. Two light skin kids, that shit would be cute."" 💀💀💀",16,1,2024-05-04T09:06:23Z,2024-05-04T09:06:23Z
Ugze_4Awd0PY03U9PDd4AaABAg,@sqljaco,Drake gonna learn we aint here for the dance records🤦🏾‍♂️,16,1,2024-05-04T09:32:52Z,2024-05-04T09:32:52Z
UgwVpCohoqE6OPn7kLd4AaABAg,@VeronicaHorseman,I rap along it helps me talk more I came to this world with a closed throat chakra,0,0,2025-01-10T15:27:52Z,2025-01-10T15:27:52Z
Ugy-qp5L3SUA_Uz0x2R4AaABAg,@princemuhammed6554,Not keep it pg 😂😂 from that  RDC clip,21,3,2024-05-04T05:17:51Z,2024-05-04T05:17:51Z
UgyI7_FkSPPoUHsS42Z4AaABAg,@EarlWeaver-y2l,"No body gonna say it but I will: Low-key, this song is underrated and this one diss beat Kendrick, Drake won",9,5,2025-12-12T22:56:01Z,2025-12-31T23:14:30Z
UgyvlerRHYrLZz1llk54AaABAg,@blueraspberry24,1:00 why is he not wrong,32,9,2025-03-09T20:42:56Z,2025-03-09T20:42:56Z
UgywnqZvjHCCx9kyN714AaABAg,@watchme1368,🔥🔥🔥👏👏👏,0,0,2025-01-30T11:04:35Z,2025-01-30T11:04:35Z
UgxjRd1pgHYtDJaCQ9F4AaABAg,@Cilent__,"Nobody is going to win. Everyone saying Kendrick is winning were already fans of his, people saying Drake is winning were already fans of his, and they'll furiously argue and insult each other in the comments while giving both artsits (and the people making these videos) the benefit of views, and people like me are just enjoying the music. They'll both keep all their fans and everything will go back to status quo when this is over.",11,2,2024-05-05T19:04:44Z,2024-05-05T19:04:44Z
UgwCRusiDq3_jRCQv4N4AaABAg,@tialatavia,"Im a Kendrick fan hands down, so he’ll always have my support. But I have to be honest Drake has done well with his responses, they’ve been strong. So I don’t even know who won at this point",13,4,2024-05-04T12:25:58Z,2024-05-04T12:25:58Z
Ugxaz_fNtVGvEQAemSB4AaABAg,@peaceroolz,"This shit definitely fire, but I feel like Drake still trynna address everyone at once. It’s like if a boxer gets hit with a gut shot, and then goes after the opponents corner rather than just swinging back at the mf right in front of you.",27,5,2024-05-04T09:46:42Z,2024-05-04T09:46:42Z
UgzCm7FEnAShiOy4sxh4AaABAg,@basedmario173,"1 year later, this is the best track from the beef. Was overshadowed back then bc of kendrick dropping straight after, but it's the best in retrospect.",5,0,2025-06-23T20:47:32Z,2025-06-23T20:47:32Z
Ugx3Vh_eczcTt8GTsYB4AaABAg,@leratowilliams7869,😭💀💀💀Can't believe my cousin woke me up for this trash i was ready to hear bars,57,5,2024-05-04T07:27:43Z,2024-05-04T07:27:43Z
Ugzr2L0dnq2FBkfaJIF4AaABAg,@cloudstation90s,This song hard can't even lie,25,6,2024-05-07T22:29:02Z,2024-05-07T22:29:02Z
Ugwt_nAwgTPe5IQAhyp4AaABAg,@irvinggomez-rosas8933,So he got some ghostwriters that do drill now?,19,7,2024-05-04T05:09:18Z,2024-05-04T05:09:18Z
Ugzn6b9sT1yewOMn1wt4AaABAg,@nickninja6551,Kendrick was smart not letting this get air and dropping instantly,1,0,2026-07-02T06:20:38Z,2026-07-02T06:20:38Z
Ugw6zcWpHQWvEGuXlB54AaABAg,@sugemikee2rare250,Anybody peep the Xxxtentaction style and beat switch at the end ain't no way he really that bold 😯,11,2,2024-05-04T18:37:11Z,2024-05-04T18:37:11Z
Ugyzzhumae9kzoz5d8d4AaABAg,@NickHereford-e3g,I don't care for no one say Drakes song is much  better Kendrick just won the popularity contest,18,1,2026-05-04T14:38:43Z,2026-05-04T14:38:43Z
Ugy4T8QX2QPSRnfJMY54AaABAg,@dremoore5329,This the best record out the beef idc,9,1,2024-07-20T04:51:50Z,2024-07-20T04:51:50Z
Ugxoq-j_ldfNnu3j4CF4AaABAg,@kcarbs,Best song of the whole battle and you know it,5,7,2025-10-14T07:33:55Z,2025-10-14T07:33:55Z
Ugy4yZlq-ugYM0_GJiV4AaABAg,@holmerrivera6604,Drake ain’t got shit on Kendrick. Sound like some high school rebuttal,26,1,2024-05-05T03:34:36Z,2024-05-05T03:34:36Z
UgwO5DMhIrBkamCZc9x4AaABAg,@Collynezero7,You missed a line at 0:34,12,2,2024-05-04T07:10:38Z,2024-05-04T07:10:38Z
UgzdMmYzTgDsrmTnwVN4AaABAg,@lordbeerus2696,Drizzy really pushed that red button,22,4,2024-05-04T05:06:28Z,2024-05-04T05:06:28Z
UgxhxanwBvSi3vFlY154AaABAg,@KhyyamK,welp he really got 5 grammys,4,0,2025-02-04T00:56:19Z,2025-02-04T00:56:19Z
UgwjSOnu78bEF0NX7eR4AaABAg,@Mach17productions,"Kendrick is like drakes dad
Punished him, then punished him even harder for talking back",21,1,2024-05-18T23:34:32Z,2024-05-18T23:34:32Z
UgyIj7oXFq6NVykRUCt4AaABAg,@the-kingcod5616,the ghost writer at 5:20 can stay,9,1,2024-05-28T04:00:55Z,2024-05-28T04:00:55Z
UgzmBzeIIWYTuCEFVyx4AaABAg,@Boodabop-m4s,I don't like Drake at all but this song is completely underrated especially the second verse he fucking snapped,14,1,2025-01-05T00:51:18Z,2025-01-05T00:51:18Z
Ugyj6OofYvOXNAEX7BV4AaABAg,@Younglilmx_gaming,One year is carzzy who stil is listening  2025,1,0,2025-05-27T14:25:24Z,2025-05-27T14:25:24Z
UgzPyjRF23ILOIbs7e94AaABAg,@Godschild0922,I’m just gonna be honest this is kind of brutal I think they both did good to be honest,15,4,2024-08-02T12:16:51Z,2024-08-02T12:16:51Z
UgwHeVD2wugeuVkwwQp4AaABAg,@BRomo8883,LeBron and Drake have the same fans. They can't accept L's,57,10,2024-05-05T03:10:01Z,2024-05-05T03:10:01Z
UgwNZhawrpWvWLAGnPN4AaABAg,@hendrikherbst4936,Thats supposed to be a diss?,12,1,2024-05-21T00:38:16Z,2024-05-21T00:38:16Z
Ugw9ehcYHpODadIEHpt4AaABAg,@1of123,🔥,1,0,2025-04-25T08:59:42Z,2025-04-25T08:59:42Z
Ugwrp0t_xh9v9k4EMfF4AaABAg,@315Uzin,I made it 1:49 in and had to turn this shit off😭🤦🏽,9,0,2024-05-04T10:27:05Z,2024-05-04T10:27:05Z
UgxkKWPfloKNlPUX9Qp4AaABAg,@Monkeybusiness1234-r2u,"Drake's the type of guy who would say ""whoopsie daisy"" if he made an accident",8,0,2024-06-09T17:13:35Z,2024-06-09T17:13:35Z
Ugy3xyQQLZV6_g3R_s14AaABAg,@joy3631,How this man got all these ghost writers and still get destroyed by Kendrick😂,8,0,2024-05-04T10:44:32Z,2024-05-04T10:44:32Z
UgyVHuIB5jUDkHhyX7t4AaABAg,@CCCgodismyrock,Look at this okay straight up facts 👌,0,0,2025-05-09T03:24:43Z,2025-05-09T03:24:43Z
Ugy1rvejIvaDt0unwKl4AaABAg,@nicholasgrey5225,Bro Kendrick is slaughtering this clown,15,2,2024-05-04T08:58:01Z,2024-05-04T08:58:01Z
UgzXlbClbTn87NKQp114AaABAg,@onislayerx3168,Cole wrote this.. 😂😂,16,3,2024-05-04T05:37:28Z,2024-05-04T05:37:28Z
UgzFckz5YHcB6tKqK7R4AaABAg,@kieronfarley1924,Why is Drake making it about colourism? Does he not get he’s been accused of being a culture vulture or is he trying to change the discourse intentionally?,11,4,2024-05-05T11:32:10Z,2024-05-05T11:32:10Z
UgyFEgucTuaWynhq0DR4AaABAg,@skill14,"K Dot - “You’re gonna have to wait 2 years for my next album”
Drake diss K Dot
K Dot - “Gimme 15mins”",2,0,2024-12-14T22:40:43Z,2024-12-14T22:40:43Z
Ugzwl7WQ9Y4bXKOhGbl4AaABAg,@clintonnavicha3465,"🤣😂😂okay no you can’t say 6:16 is mid and family matters is better... you have to get checked neck up tbh...
This is mid, Kendrick wouldn’t drop this🤦🏽‍♂️😂",10,1,2024-05-04T06:40:54Z,2024-05-04T06:40:54Z
UgyQd73lrh58cJOLC754AaABAg,@xyz3674,How you mess up the lyrics this badly 😭,54,3,2024-05-04T06:59:09Z,2024-05-04T06:59:09Z
UgyJYC-I78mlqV2I1iV4AaABAg,@honestcomment862,"The only thing drake was right about was kendrick basically being a hypocrite with drake ""not being black enough"" but having a mixed wife. Lol",8,1,2024-05-04T08:32:40Z,2024-05-04T08:32:40Z
Ugzj-qiogWTkt-lyC-54AaABAg,@AdrianChetram,your baby mama captions always screaming save me 😂,0,0,2025-10-19T18:06:29Z,2025-10-19T18:06:29Z
UgxbFP9KzY1XnN2U2Nh4AaABAg,@DavidAlkalach,Did this mf just diss Michael Jackson?,260,23,2024-05-04T05:30:44Z,2024-05-04T05:30:44Z
Ugx0athXuo9OAvlB19p4AaABAg,@danielponce45,Drake started on Nickelodeon Don't get me wrong he's the #1 artist getting the bag but he's not about that life. Keep threatening west coast,8,1,2024-05-04T08:28:12Z,2024-05-04T08:28:12Z
UgzZRNJFDlyelfGEK0B4AaABAg,@Sierrasix1010,A lot of K-Dot glazers in the comments 😂😂,23,3,2024-05-04T06:24:19Z,2024-05-04T06:24:19Z
UgwqYAoWo_sDeIz5Bcp4AaABAg,@MorrisB3,Still goes hard on my Gym Mix 🔥,1,0,2025-02-14T00:30:49Z,2025-02-14T00:30:49Z
Ugybuvoommj4PBuI1w94AaABAg,@williejames7116,Mf actually snapped,19,0,2024-05-04T06:49:06Z,2024-05-04T06:49:06Z
UgwqXIbHG5wZrgUTHs54AaABAg,@MrWade12323,Am I the only one who likes this over meet the graham,11,2,2024-05-04T23:27:19Z,2024-05-04T23:27:19Z
Ugwof1p6F7UlXELBrF54AaABAg,@bronzeone1109,Dot fans comment more than Drake Fans. The insecurity runs deep. If its trash you wouldnt be here 😂😂😂,12,0,2024-05-04T13:28:53Z,2024-05-04T13:28:53Z
UgyetW36QO7XL3h_Pdh4AaABAg,@keionrobinson5009,That third verse is heat!,3,1,2025-06-19T03:46:20Z,2025-06-19T03:46:20Z
UgyTtHXdnER-_FDmpJV4AaABAg,@1mmadg33k1n,This is wild and trash😭 how does he No get copyrighted he  said stuff from a different song 1:59 this is TRASH Lamar  stand up.,10,2,2024-05-22T12:22:06Z,2024-05-22T12:22:06Z
UgwlGZEWMOUkfjW_i_J4AaABAg,@chiche262,Plot twist; these MEN are trying to get ppl back interested in male rap bc females have had a grip on it for a hot moment now 🙈👀,32,16,2024-05-04T07:05:46Z,2024-05-04T07:05:46Z
UgxWmG1qqfahy1c6Zd94AaABAg,@Tgod18,He lost but this mf was 🔥 lol,9,1,2024-05-22T16:02:38Z,2024-05-22T16:02:38Z
UgyD325h8P8r082wbch4AaABAg,@Theonlyredz,The best shift is crazy,1,0,2024-12-21T13:48:44Z,2024-12-21T13:48:44Z
UgzU-plzKKwuUmReJuZ4AaABAg,@Jaydin-o4d,Like this if ur on kendriks side,10,0,2024-07-01T18:22:05Z,2024-07-01T18:22:05Z
UgzQLxtolnMSY1W7lkl4AaABAg,@MOUSE_VR4,Yo Kendrick Lamar diss is way better than drakes 😂❤,18,1,2024-07-08T04:52:10Z,2024-07-08T04:52:33Z
UgyYxbO4cLMYZynHD854AaABAg,@realzhella6817,Nah drake did just as good as kendrick in meet the grahams...but the kdot psychos wont agree,17,3,2024-05-04T06:51:44Z,2024-05-04T06:51:44Z
UgzJCgA4ZJkbSKFdaSV4AaABAg,@jaybells1984,🔥🔥,0,0,2025-02-12T01:55:39Z,2025-02-12T01:55:39Z
Ugxrn-tuthctiZy3eC54AaABAg,@jw6244,Kendrick d-riders taking over the comment section 😂.,8,0,2024-05-04T13:16:25Z,2024-05-04T13:16:25Z
UgwmCtShvB_roR0aJZl4AaABAg,@MrPEANUT807,Idc who you think won. I personally think drakes music sounds better. I like Kendrick but his voice is really annoying to me.,8,0,2026-05-13T02:30:17Z,2026-05-13T02:30:17Z
UgwSVSnHMAe_UKViOpJ4AaABAg,@Phatkatlewis,🔥🔥🔥🔥🔥,0,0,2025-01-31T19:27:36Z,2025-01-31T19:27:36Z
UgxKAHvRQ4a0U4kIZW54AaABAg,@bleath2111,Let's face it this is the peak of drake 😂 it don't get better,2,0,2024-11-14T23:09:24Z,2024-11-14T23:09:24Z
UgxuQJIdVs-VcGDB8wl4AaABAg,@MaritzaDAP,"These words are wild! You deserve the shade you get. SuperBowl, just a nail in your coffin. Ooops",1,0,2025-03-30T16:53:48Z,2025-03-30T16:53:48Z
Ugx3aoaEhwMNJDjTfnF4AaABAg,@django9792,"Honestly the best part was him dissing a$ap lol “talking shit again, gassed cause you hit my bm first, do the math who was I hitting then” rih rihhhhh",3,0,2025-04-04T01:27:46Z,2025-04-04T01:28:25Z
Ugy8LzwzGo3l8vnKJhh4AaABAg,@areejansari5586,5:23 Well did not age well... LOL,4,0,2025-02-03T23:31:10Z,2025-02-03T23:31:10Z
Ugz3kNfRJaO2-2flT5V4AaABAg,@RobertCrumb-n5q,🔥,0,0,2025-03-14T16:58:50Z,2025-03-14T16:58:50Z
Ugw3URaf2nEiIy6rbjl4AaABAg,@LuisFN-ok9xc,Ull comment for sure!,0,0,2025-02-24T16:49:24Z,2025-02-24T16:49:24Z
UgzEi7CEVlzuC7S5URp4AaABAg,@birindersingh4527,This is strong,0,0,2026-08-23T08:24:52Z,2026-08-23T08:24:52Z
Ugws-nDkftuoKAufn3J4AaABAg,@birindersingh4527,Nice diss,0,0,2026-08-21T09:40:06Z,2026-08-21T09:40:06Z
UgysGoJNtxT4EkDvcel4AaABAg,@jvin8098,Yall trying to act like drake didn’t slide on here. I keep coming back 💯,5,0,2025-10-05T00:01:25Z,2025-10-05T00:01:25Z
UgwD2fpChOCXzV2GOF94AaABAg,@nicolashouston5256,The last beat was 🔥🔥🔥⚡⚡ drake ate that,1,0,2024-10-20T23:52:35Z,2024-10-20T23:52:35Z
UgzHP_OEyVhnKPd4cd94AaABAg,@YOTTA2X,🔥🔥🔥🔥,0,0,2025-04-07T00:45:14Z,2025-04-07T00:45:14Z
Ugzq5oqp6RoZu9tmtUZ4AaABAg,@Grim-112,“You a souvenir out the gift shop” goes hard,0,0,2025-02-20T12:47:14Z,2025-02-20T12:47:14Z
UgyOZJ6d8XSyBGkPS4p4AaABAg,@Ceezr-y6e,F I R E DAMMMMMMMMMMMMMM.        BANGEERRRRRR,1,0,2024-12-23T20:54:51Z,2024-12-23T20:54:51Z
Ugw5G_-kZy5fn7Gn_Fh4AaABAg,@sunrise1975,"""Bots like us song"" is not even a diss record in front of this. That song is just a pop music",2,0,2024-12-23T13:40:20Z,2024-12-23T13:40:20Z
Ugya3z8K18reU0toKMZ4AaABAg,@aaronwilliams6808,So my 8 yr old son just put me on to this song....and it actually sounds good,1,0,2024-10-18T22:45:56Z,2024-10-18T22:45:56Z
Ugyikvmi4eo7FoemZSt4AaABAg,@thanykounext,someone go hand him a grammy right now..,1,0,2025-10-25T05:35:06Z,2025-10-25T05:35:06Z
UgwjhJYMS-IaNFc2izJ4AaABAg,@motlatsikhomari7254,If kenny didn't step on this  30 min later...It was his funeral,4,1,2026-04-01T18:46:34Z,2026-04-01T18:46:34Z
UgwjusXemVKumzPCKQd4AaABAg,@markcorner4481,"Drake killed that, honestly.",3,0,2025-02-05T18:04:19Z,2025-02-05T18:04:19Z
UgzRMUuBS3DXN5y5q6t4AaABAg,@UAE1712,Drake was dissing a handful of rappers in one song. Kendricks only focus was Drake. If Drake lost a 20v1 then he still won 😂 they had to gang up to take Drake down. Couldn’t do it by themselves 😢,4,0,2025-08-03T19:39:09Z,2025-08-03T19:39:09Z
UgyxZdQxBziw3MiULBV4AaABAg,@TheInfamoushalo,This song still slaps hard asf he really went 100 v 1 🔥,1,0,2024-12-21T16:09:41Z,2024-12-21T16:09:41Z
UgwyaIkTt5WS9ZNJtM94AaABAg,@sl33pyh34dgd,"6:11
Bro referenced the leaks 💀😭🙏",1,0,2024-12-22T12:54:57Z,2024-12-22T12:55:11Z
UgxlFqgU_1N3YtNd_-94AaABAg,@ATM313,This shit hit💯,0,0,2024-10-31T14:40:29Z,2024-10-31T14:40:29Z
UgxwG699WwK57IiJPG94AaABAg,@tr1pledj,he sounds like hes trying not to cry,1,0,2024-12-20T04:50:55Z,2024-12-20T04:50:55Z
Ugxc94FISSjYKTT5jeZ4AaABAg,@VeronicaHorseman,Keeeep up with new rap balkcbird,0,0,2025-04-06T12:23:08Z,2025-04-06T12:23:08Z
UgyH7Ul_HhJ0w_Z8vot4AaABAg,@PJbriIIiant,It goes hard tho. Undeniably,1,0,2025-05-05T02:28:28Z,2025-05-05T02:28:28Z
Ugwh7qqF9CLV9MG26ft4AaABAg,@trenellclarke10,This was def fire but I didn’t hear it until now,1,0,2025-02-06T02:05:51Z,2025-02-06T02:05:51Z
UgwCkQoEV4efVTjNKHV4AaABAg,@BlackVoice-py4sj,Think this xxxxx,0,0,2025-02-10T13:43:52Z,2025-02-10T13:43:52Z
UgyLZBNLKEqjhf2iERh4AaABAg,@mjbrownii,Bruh why did drake keep bringing up Cole in his disses😂 mans was not tryna fight,1,0,2025-03-24T18:55:00Z,2025-03-24T18:55:00Z
UgxezO5loAJTVSIeJMV4AaABAg,@dezmondbeatty943,This was the best diss song no bias im not a k dot nor drake fan,1,0,2025-05-28T10:43:45Z,2025-05-28T10:43:45Z
Ugxw27aJOg2iiK285-R4AaABAg,@veerose4149,DA BEATS 🔥,0,0,2025-03-03T21:00:48Z,2025-03-03T21:00:48Z
UgwyDs2SfNa1pi0Bx2J4AaABAg,@Swisherzonlysir,Bros drops are the cleanest,1,0,2024-10-05T07:49:27Z,2024-10-05T07:49:27Z
Ugw3YTMSZMv1U-TQcZl4AaABAg,@gusnacao,O tempo inocentou esse mano. Chave,0,0,2026-06-10T23:45:22Z,2026-06-10T23:45:22Z
Ugw1kH3Bn8qtOkowR2d4AaABAg,@chloeeig,this won lyricslly and had some better wordplay tbh,1,0,2025-06-08T20:07:27Z,2025-06-08T20:07:27Z
UgxJTwyvsQz987eZ-3x4AaABAg,@joeviggers,I didn’t even know drake was a rapper 😂😂 it’s like 2pac battling Taylor swift. 😂😂,2,0,2025-01-07T14:11:45Z,2025-01-07T14:11:45Z
UgxTVtQNlOFhLNoIaBN4AaABAg,@JustinSeepersaud,kendrick response so quick and brutal took me a whole year to realized drake dropped a diss,0,0,2025-09-09T04:08:02Z,2025-09-09T04:08:02Z
UgxnWImx0JEhfJbFbSd4AaABAg,@AbsterNoneOther,Which Able song is he referring to,1,0,2025-02-24T22:41:35Z,2025-02-24T22:41:35Z
UgzJ0jV4K7re_2ldPFF4AaABAg,@EF-8,this is the greatest shit ever dawg,0,0,2025-04-30T21:56:45Z,2025-04-30T21:56:45Z
UgyW0I_j01ISk-VxPCh4AaABAg,@greenroy13,I still feel like this is the best song from the back and forth,1,1,2025-06-09T04:37:14Z,2025-06-09T04:37:14Z
UgwreA7t7TOads1Ae8h4AaABAg,@K.kief168,"After the dust has settled, we can safely confirm that Boi-1da won the beef.",1,0,2026-06-30T15:17:19Z,2026-06-30T15:18:20Z
UgyA3ehz4bEGIksRgeJ4AaABAg,@DeeqaAbdi-x1b,❤️❤️❤️,0,0,2026-01-30T18:48:54Z,2026-01-30T18:48:54Z
UgwoBKIqIBqCPb0heGt4AaABAg,@Arrnandoo4n,Dave Freeeeeeeee still hits hard😂😂,1,0,2025-03-30T13:56:08Z,2025-03-30T13:56:08Z
UgwkBkf8rPjEUzMVV2J4AaABAg,@cedricmcgowan203,Drake hit the reset button. He’s back for blood.,2,0,2025-08-16T15:24:00Z,2025-08-16T15:24:00Z
UgyHeiqYxPynnrubzep4AaABAg,@jaejackson8129,This cleared idc idc idc,1,0,2025-02-25T00:43:03Z,2025-02-25T00:43:03Z
UgzJSDk_LJdI16K8wGV4AaABAg,@terrancethompson9138,"January 2025
I came back just to hear this again. I see why Kendrick went ape shit. Drake was talking reckless as hell🤦🏾",2,0,2025-01-13T14:45:55Z,2025-01-13T14:45:55Z
Ugxvh7RXNtARS7XiBuR4AaABAg,@elkeepisodes4298,he only got overshadowed because kendrick dropped his diss shortly later,2,0,2025-06-26T22:02:30Z,2025-06-26T22:02:30Z
UgxijHzhGFu7pWAQOtl4AaABAg,@jesseouellet8496,Drake killed him with this…but Kendrick made a poppy track for the kids,4,0,2025-06-16T15:50:13Z,2025-06-16T15:50:13Z
UgyjON4i19X94l9fzEZ4AaABAg,@Sanji-TG,I’m still on team kdot but this is just fire,3,0,2024-11-15T02:25:58Z,2024-11-15T02:25:58Z
UgzTpHRC1Slsgm_QVIB4AaABAg,@remathiek5664,Drake predicting future,1,0,2025-02-23T18:35:04Z,2025-02-23T18:35:04Z
UgyY1btVRaQf9nZROIp4AaABAg,@LesegoLeburu-ri9mw,I like the last beat switch,0,0,2025-11-01T09:58:12Z,2025-11-01T09:58:12Z
UgxmDSIePz68bXigm_d4AaABAg,@tianamcgruder8677,STAND UP 🗣️🗣️🗣️🗣️,0,0,2024-10-30T10:20:17Z,2024-10-30T10:20:17Z
Ugx-5KkAMWXtbm-Oc514AaABAg,@Algebrasucks247,As much as I don't listen that much to drake you gotta hand it to bro bro was dissing multiple people,2,0,2026-04-28T12:56:21Z,2026-04-28T12:56:21Z
UgwpWk9nBr8jlnjQGid4AaABAg,@Cup1ddd8673,This made me fall asleep,0,0,2024-10-18T17:53:16Z,2024-10-18T17:53:16Z
UgwJqPvsLo9XigRTthR4AaABAg,@drakerel8604,WE STILL YELLING FUCK KDOT!!!!!!,3,0,2026-06-05T00:42:23Z,2026-06-05T00:42:23Z
UgzzdChQEI3kvKEwgj14AaABAg,@ironparadise9296,RIP Kendrick lmao,3,0,2025-11-13T21:11:14Z,2025-11-13T21:11:14Z
Ugzjf7ObS1PezaXageh4AaABAg,@bissainthesthilaire4159,This shit hard af man but Kendrick strategically dropped a nuke.,1,0,2025-11-10T17:53:19Z,2025-11-10T17:53:19Z
Ugw3FzMGQcQa_BHOkA54AaABAg,@NotoriousDuke007,The most under appreciated diss track ever,15,0,2025-02-10T08:23:46Z,2025-02-10T08:23:46Z
UgyFm6yFWqe5NThYT-B4AaABAg,@qt_femboy,k-dot!!!!!!!,2,0,2024-11-07T10:22:35Z,2024-11-07T10:22:35Z
UgyoLqhXXCpuI6JcbUZ4AaABAg,@leighloveshorror,CONGRATULATIONS KENDRICKKKKKKKKKK❤❤❤❤❤❤,0,0,2025-02-03T19:24:23Z,2025-02-03T19:24:23Z
Ugy8fPfICbZ_L6UKwRB4AaABAg,@ehrenfriedsimon,It's the switch up for me,0,0,2025-09-18T05:12:41Z,2025-09-18T05:12:41Z
UgzAbo3F4Tc8V9scF6F4AaABAg,@Brianhoffman623,When he said Kendrick opened his mouth someone go give him a Grammy. And he won 5 Grammys. IDGAF what anyone says I personally say that the industry turned on Drake and made Drake have time to hopefully drop a phenomenal solo album #iceman,2,0,2026-01-13T03:52:23Z,2026-01-13T03:52:23Z
Ugx9MuOOUSDTcvbcVcF4AaABAg,@Marcy606,Ghostwriter Drake!!😂😂😂,1,0,2025-03-29T17:56:10Z,2025-03-29T17:56:10Z
UgyKxx8ydfi5FylGAcd4AaABAg,@moniqueclodele,I can’t believe someone sit down and write all that shit about someone. Kendrick you did good at the Super Bowl honey.,1,0,2025-02-16T18:35:59Z,2025-02-16T18:35:59Z
Ugz7MwU0rTeuxCE3y4t4AaABAg,@mider-spanman5577,Drake lost the battle but nobody can ever say he don't be flowin' on these beats! 🔥,1,0,2025-03-28T17:49:08Z,2025-03-28T17:49:08Z
UgzPyEZyvhYC_AiHquN4AaABAg,@emeryjones8050,🎶probably have to have a kid again before you think about dropping any shxt again🎶,2,0,2025-11-26T19:14:42Z,2025-11-26T19:14:42Z
UgzKf3NniHnP7yA4zMt4AaABAg,@CrownProtocolYT,That baby keem line will come back to bite later watch 😂,1,0,2026-05-02T20:14:18Z,2026-05-02T20:14:18Z
UgxVjD8pCBDTeRAlK1F4AaABAg,@mizsmii,"Sounds more like, drake be dissing himself rn 😂😂😂😂😂🎉😂😂😂😂😅 hot dmn",2,0,2025-09-09T14:33:29Z,2025-09-09T14:33:52Z
Ugx6QyFJ1exHF3FqGSB4AaABAg,@Steven_Gerrard05,If kendrick didnt reply fast he knew it would have been OVER with this song,2,1,2025-07-12T15:35:49Z,2025-07-12T15:35:49Z
UgxTq1KKCOek_w1RP754AaABAg,@lashanhill3189,All the kendrick fans/ bots coming to vibe. 😜,4,0,2024-11-27T16:35:57Z,2024-11-27T16:35:57Z
Ugzqx5pjuvIuwDallsZ4AaABAg,@adambuskirk548,Yall gotta be real this was the only drake diss in the whole beef that didnt make my ears bleed,0,0,2024-12-23T20:23:58Z,2024-12-23T20:23:58Z
UgxhqE6c2luP9A6wLNN4AaABAg,@jcrobot,"I read that Drake is now suing Kendrick for defamation, citing Not Like Us, saying he's not actually a pdf. Is this really true?",1,0,2025-03-07T18:44:06Z,2025-03-07T18:44:06Z
Ugy3Ks1FeBIesKFA3QB4AaABAg,@THEJMOSHOW1,Ahh🗣,0,0,2025-11-17T00:44:38Z,2025-11-17T00:44:38Z
UgwjvPSIUwOJ2UfdQPF4AaABAg,@brayy_xd,5:39 is so ironic now. Lawbrey now the one begging umg to get that sht down,1,0,2025-01-29T04:37:04Z,2025-01-29T04:37:04Z
Ugwh63hqkXOyMlX_YCZ4AaABAg,@tharsanappan8733,"Think about why Drake stopped responding. The mistake Drake made was bringing up their son and family—then Kendrick started talking about Drake’s alleged pedophilia, and that’s when Drake backed off",2,0,2025-04-25T11:25:03Z,2025-04-25T11:25:03Z
UgxFb8cXI6vbg-cY9TV4AaABAg,@minohthekaykilladawg,It's truly hard ❤️‍🔥 to be a disser it's amazing realizing who the best guess who,0,0,2025-02-07T07:27:06Z,2025-02-07T07:27:06Z
UgwHi3JTk36oebRPn8J4AaABAg,@IAmThatGuy827,This was 8 months ago time flies by,0,0,2025-01-27T21:43:36Z,2025-01-27T21:43:36Z
UgyXxHkjTjmdbKIefWR4AaABAg,@jassandjody493,lamar ix cooking yo shi fr,1,0,2025-04-22T01:37:59Z,2025-04-22T01:37:59Z
UgyxkaTlX0x_u4JktKV4AaABAg,@tsade6119,That last verse was beautiful,0,0,2025-10-16T15:40:18Z,2025-10-16T15:40:18Z
Ugzt5VV48cLE20ySXNt4AaABAg,@emeralduraeus6612,"Nah I had to go back now that the hype gone. But this MF drake  pen is fking unbelievable did ya really listen too this whole shit, word for word smfh. He really answered every situation 😭  address it' as well. Typical scorp analyze the whole fight 😂",3,0,2026-04-03T12:42:06Z,2026-04-03T12:42:06Z
UgwLUtQMHZbNhIEvnql4AaABAg,@Jamarrr,Love this shit,0,0,2024-11-29T12:49:48Z,2024-11-29T12:49:48Z
UgxnMDafKLyrrmlOBC54AaABAg,@daran8768,"Is Fake Drake gonna play this in court, with his weak azz lawsuit.",5,0,2025-01-19T04:11:47Z,2025-01-19T04:11:47Z
UgwrqytRN-PmoqiX9n94AaABAg,@gamingwithzion-t4b,K-Dot,1,0,2025-04-09T19:34:08Z,2025-04-09T19:34:08Z
Ugyx8x7clNDLj5cTgVV4AaABAg,@CrownProtocolYT,How you lose with 3 different beats I one diss what am I missing it was like 1v20 😂😂😂,1,0,2026-05-02T20:09:13Z,2026-05-02T20:09:13Z
Ugw-Lum3IOxsJkc7a2J4AaABAg,@chiteushamutete,"I'm sorry, the boy went hard!!!",4,0,2025-03-29T00:32:25Z,2025-03-29T00:32:25Z
UgxD6LPkFeoa4ThvWTZ4AaABAg,@MrScarfo,Drake really killed this shit….people just hate em so they not gone tell the truth,1,0,2025-02-14T00:00:39Z,2025-02-14T00:00:39Z
Ugxf1BU4LEMea8RPYxR4AaABAg,@cookiecroook996,This aged beautifully 😂,1,0,2025-02-04T21:28:09Z,2025-02-04T21:28:09Z
Ugyqkvo_WSFh-on17o14AaABAg,@ripwilbert7159,there’s nowhere to hide you know what i meeeeeann,1,0,2025-08-11T15:10:01Z,2025-08-11T15:10:01Z
Ugy-aZ3RrkFTbRIkIRN4AaABAg,@DaveonHoward-u5g,"This song also targets future, Rick ross, ASAP rocky, Kanye west, metro boomin, Pharrell Williams, and the weekend",1,0,2025-12-28T15:11:54Z,2025-12-28T15:11:54Z
Ugw6cE5yn-4o1DklPeV4AaABAg,@Zizzled1,bros lyrics came true,2,1,2025-02-03T04:06:41Z,2025-02-03T04:06:41Z
UgzcuHd3z-6VR5JExLd4AaABAg,@HAZZANZZ-d1y,"I too am hurting, been.. not for ME, apparently",1,0,2025-09-02T21:14:45Z,2025-09-02T21:14:45Z
UgxpJVfp2I_aGCwiwU94AaABAg,@marrianeBelair,Hi,0,0,2025-03-20T21:16:59Z,2025-03-20T21:16:59Z
UgxH4WAyGZ789lxo7qV4AaABAg,@GuiltyyPleasuree,I like drake bt Kendrick's dis goesss way harderrr💯,4,0,2024-10-17T13:35:31Z,2024-10-17T13:35:31Z
Ugw4TSyV_tVn5tLVVOt4AaABAg,@HubND80,This tune Meet Th Grams and Heart part 6 💤,0,0,2025-06-29T06:38:56Z,2025-06-29T06:38:56Z
UgyDEyuSZWZzff_WnKZ4AaABAg,@AaronLesterMedia,UMG lawyers are currently combing through this song.,0,0,2024-11-30T19:26:29Z,2024-11-30T19:26:29Z
Ugy0-i_EjeE4wdaP0nh4AaABAg,@LupeD-d6t,"Im listening to this again and its really a shame we didn't get to celebrate it because of that night. He killed like 6 rappers at one time,he just didnt double tap on k dot and then he droppem a record right after.but this is really the best record during the entire beef",0,0,2025-06-09T08:03:18Z,2025-06-09T08:03:18Z
UgyLBHDbVR97e7YlpGl4AaABAg,@HAZZANZZ-d1y,"""Never am I claiming those hours""",0,0,2025-10-05T14:56:44Z,2025-10-05T14:56:44Z
UgzselDYIEbtlyZ56fp4AaABAg,@willcamp4758,This the best track out the whole to me,0,0,2025-05-25T14:58:47Z,2025-05-25T14:58:47Z
UgxfprCnvbgldpDR57x4AaABAg,@Kirbofan641,best diss from drake,0,0,2024-10-14T03:09:35Z,2024-10-14T03:09:35Z
Ugw0Lw6q3vjvU2x8fL54AaABAg,@kinglion1010,when drake dissed micheal I knew it was over,0,0,2024-12-29T19:11:05Z,2024-12-29T19:11:05Z
Ugyt8kEtWYuvdaX5IjR4AaABAg,@hiphopalive2026,imagine this on the superbowl stage!!,0,0,2025-02-16T00:05:39Z,2025-02-16T00:05:39Z
UgzM1Nm5ckD4xbvtksF4AaABAg,@the13thkween,What that song call,0,0,2025-03-16T16:24:12Z,2025-03-16T16:24:12Z
Ugws4AuAHSx3BGUHlcx4AaABAg,@aprilhottinger,The honorable thing is to give me the loot😂 i’ve been saying that😂,0,0,2026-07-09T20:16:31Z,2026-07-09T20:16:31Z
UgxygDFKYQJ76GGrhEp4AaABAg,@MsTalkingbook,Is it true about Whitney?,1,0,2025-08-07T20:09:03Z,2025-08-07T20:09:03Z
Ugw5YaWdxQ8wLsjFzid4AaABAg,@smnoy23,“Oh you wanna talk about family? Okay.”,0,0,2024-12-08T16:03:31Z,2024-12-08T16:03:31Z
Ugw8_8BGR1i6LaCkD3R4AaABAg,@Wistrosestate,Bro the ghosttwriters cooked,0,0,2025-02-02T20:15:13Z,2025-02-02T20:15:13Z
UgxndHY7itZgNHU22MV4AaABAg,@Madridlinxx,This song will forever go over haters head 😂🔥🔥,0,0,2024-11-02T21:21:47Z,2024-11-02T21:21:47Z
UgzZjDRhmYCmX7bpJ3F4AaABAg,@marrianeBelair,Hi,0,0,2025-03-20T21:16:59Z,2025-03-20T21:16:59Z
Ugw8qncWWIJ6OVeLWKl4AaABAg,@MrobiWanMahomies,Man this was bangin until the I heard the part after the beginning man,0,0,2025-10-06T00:50:08Z,2025-10-06T00:50:08Z
UgykcirR0THQeLVllVp4AaABAg,@CrownProtocolYT,You can't listen to this or anything else during this battle and honestly say drake lost... Like lost what.…… this song still 🔥🔥🔥🔥 Kendrick won in 1 song and ppl couldn't wait to see drake loose they wrote the story and controlled the narrative.  They needed more from drake but trust its not what they wanted😂,2,0,2026-06-16T10:48:57Z,2026-06-16T10:49:59Z
UgyRnZoLn-BsvUp-i4t4AaABAg,@alexandranitana295,Is this the Degrassi wheel chair guy,1,0,2025-04-16T00:51:15Z,2025-04-16T00:51:15Z
UgzvnFMMfoqSL7_W5gR4AaABAg,@4inkid,Remind you Drake and his ghost writers though they finna end Kdot career with this joint 😂😂,0,0,2025-02-10T03:48:12Z,2025-02-10T03:48:12Z
Ugy0YMIBCqnwpg1K9Rd4AaABAg,@TriflesTV,Deadass Drake won the beef with this song.,2,0,2026-04-04T19:05:02Z,2026-04-04T19:05:02Z
UgxB5gNWbxq5GYmbG3p4AaABAg,@BIGNetworktm,“Always rapping like you bout to get the slaves free” should have had every black person thinking. 🤔,2,0,2024-12-09T21:50:29Z,2024-12-09T21:50:29Z
Ugz5P7l__zO2S7dqtxF4AaABAg,@lifeofmelissamarie,🔥🔥🔥🔥🔥🔥🔥🔥🔥🔥🔥🔥🔥🔥🔥🔥🔥🔥🔥🔥🔥🔥🔥,0,0,2025-10-03T01:20:02Z,2025-10-03T01:20:02Z
UgxPKGES865kR0vDNWR4AaABAg,@CaneliaLemon-n5o,FactsABOUT THE GROUND FOR REAL MOHAWK 🎉,0,0,2025-09-26T10:00:21Z,2025-09-26T10:00:21Z
UgxfT_Ao8xIVBykjvbV4AaABAg,@mowgleeeee,this sounds like a first draft,0,0,2024-12-03T19:45:09Z,2024-12-03T19:45:09Z
UgzdY5Q3OX-YWuQ-Vtx4AaABAg,@LesediBoduwe,2026 damn....Kenny reallly did that!!!😂😂😂😂,1,0,2026-04-09T22:53:29Z,2026-04-09T22:53:29Z
UgxiNbNuD9sMP39meB54AaABAg,@jaxteller2061,"Was the best or second best diss of the beef with Euphoria, Not Like Us most effective by a mile tho",0,0,2026-05-30T14:41:59Z,2026-05-30T14:41:59Z
Ugyakdd1XcZA9JOZR7V4AaABAg,@ringoringo8000,That Gary Owens Diss doe,0,0,2024-12-31T05:01:37Z,2024-12-31T05:01:37Z
UgwJaafrbzG1aQ52nXh4AaABAg,@Pinta-h6d,"I hate drake, but this shit is hardddddd😭😭😭😭😭",4,0,2025-03-02T03:52:24Z,2025-03-02T03:52:24Z
UgxZ-kpDrVKyVYhyWAh4AaABAg,@TheTeaGodPrime,Lyric video for a song with lyrics on the official channel though?,0,0,2026-02-08T08:28:33Z,2026-02-08T08:28:33Z
UgzdDLZQz-Ffw2o73uB4AaABAg,@Hlaalu11,one more comment i love how all the lyrics aint posted like we not seeing in real time hwo ish been redacted because of some paper work,0,0,2025-08-07T04:01:25Z,2025-08-07T04:01:25Z
UgwEJlgHcj5-g8WBO7J4AaABAg,@ramelmcclary9902,Drake talk that shit,1,0,2024-12-11T20:17:15Z,2024-12-11T20:17:15Z
Ugx9DlILZT-yaMGHZVV4AaABAg,@ZEzeZEE-z4e,7 mins is diabolical,0,0,2025-07-25T20:56:59Z,2025-07-25T20:56:59Z
UgwXf7-tRUcX3cc6fft4AaABAg,@electronicmusic1289,Drake is way above class level.,1,0,2025-07-24T21:47:04Z,2025-07-24T21:47:04Z
UgzrVlQ4YfuBjTUL6fJ4AaABAg,@NikolaMarkovic-c3n,5:23 kendrick opend his mouth,3,2,2025-01-20T13:09:36Z,2025-01-20T13:09:36Z
UgwjUMXk8k3z6ZPEzop4AaABAg,@fernandescunha6378,""" Kendrick just opened his mouth, some body is givin a grammy , right now! ... Drake was always right!!",1,0,2025-02-07T18:01:44Z,2025-02-07T18:01:44Z
Ugz49rmcwBCmeITBbql4AaABAg,@KkKk-px2le,View comparison be crazy,0,0,2025-01-16T21:50:26Z,2025-01-16T21:50:26Z
UgxcoBQSKMStH_c4Pf54AaABAg,@TheEmiliodiaz,I'd love to hear KDot rap over this beat.,1,0,2025-04-19T16:25:05Z,2025-04-19T16:25:05Z
UgzoGc2ww_1Bvb9qhcF4AaABAg,@LAMINE-YAMMAL,"1 year later we understanding the kojo line.. As Kanye said, Drake will diss you but ur the only one who will know its directed at You",1,0,2025-08-11T12:46:08Z,2025-08-11T12:46:08Z
UgyyduB2tIGGhLRhapl4AaABAg,@Ceezr-y6e,F I R E !!!!!!!!!¡!!!!!,0,0,2024-12-22T07:18:56Z,2024-12-22T07:18:56Z
Ugz76l0XkKPxVMG-XA14AaABAg,@walterlane891,This was a cold diss track...too bad Kendrick didn't give it no time to sink in,1,0,2025-04-15T21:21:36Z,2025-04-15T21:21:36Z
Ugzj1Kkit6WmBgjMWgd4AaABAg,@misskelly9184,The mixed queen was wild tho lol. Kendrick been engaged 10 years,1,1,2025-02-12T17:05:33Z,2025-02-12T17:05:33Z
UgyyYDqjidWQkyYNcjt4AaABAg,@janiseelwin1323,Dis go's haad,0,0,2024-10-24T16:11:03Z,2024-10-24T16:11:03Z
UgyPcCvOuUCE6mYb0ER4AaABAg,@Glammain09,Ain't no way Drake dropped three parts in the song to get cooked 😭🙏,4,1,2024-11-23T02:44:02Z,2024-11-23T02:44:02Z
UgwmzfYnTKI9eL22Na14AaABAg,@DeeqaAbdi-x1b,Lemme catch drake,1,0,2025-12-20T13:50:30Z,2025-12-20T13:50:30Z
UgyYAW-Z3uDp5fwZHCB4AaABAg,@fkkingknow4017,best song in the beef,3,3,2025-03-05T11:39:06Z,2025-03-05T11:39:06Z
Ugy25FUFpl1_4AoFJQZ4AaABAg,@BasureroDeClyDark888,Bro won then got executed 30 minutes later,1,0,2025-08-17T01:55:29Z,2025-08-17T01:55:29Z
Ugxe53NHc6XOMkeLBfh4AaABAg,@dman6488,This shyt go hard I don’t care what nobody says!!,2,1,2024-12-17T19:14:34Z,2024-12-17T19:14:34Z
UgyDglZN4DU2NyrLkrF4AaABAg,@j9r3RN,..Need a shell from the clip 🤔,1,0,2025-02-12T23:17:18Z,2025-02-12T23:17:18Z
UgzKS3xppcElFd5yt854AaABAg,@HAZZANZZ-d1y,"""Bag only"" what a name😅",0,0,2025-09-08T22:33:09Z,2025-09-08T22:33:09Z
UgyAVm83sOM06VHKVLh4AaABAg,@PonianYuptar,5:23 I can't unhear it. I can't unhear it.,0,0,2025-02-21T09:32:45Z,2025-02-21T09:32:45Z
UgyB05F6QNrl7HHXgBp4AaABAg,@Dakkadot01,Tbh...this was his HARDEST diss...Only to get buried roght after...Sheesh,3,1,2025-03-15T00:47:21Z,2025-03-15T00:47:21Z
Ugxv7Wux5VI--w3K8aN4AaABAg,@AgyeiEbenezer-w7z,Kendrick thanks for making Drake rap again,2,1,2025-07-18T19:10:40Z,2025-07-18T19:10:40Z
UgzCcJ0wEN5j8tvLOF14AaABAg,@CaylanBright,Is this x beat at kendrick just opened his mouth,1,0,2025-02-09T11:30:45Z,2025-02-09T11:30:45Z
UgyR713wA-RnQvi44tt4AaABAg,@sforsyth2911,This was really the best song of the battle. They not like us was a bigger radio record. Meet the Grams was better tbh,1,0,2026-05-20T01:10:18Z,2026-05-20T01:10:18Z
UgwmajUchXccxRrB5PZ4AaABAg,@CaneliaLemon-n5o,Actually dissed us CCC finally just 🎉🎉🎉,0,0,2025-10-02T03:51:34Z,2025-10-02T03:51:34Z
Ugx1VcIgc8Pm5nTk6jB4AaABAg,@Brandon-s1x5q,"Yeah we know. He was trynna keep it ""pg""😂",0,0,2025-02-03T23:34:17Z,2025-02-03T23:34:17Z
UgwulO-EtDopxs5UW8Z4AaABAg,@denxxhbiri2375,Since 2023 this dude still arguing,1,0,2025-01-06T19:02:16Z,2025-01-06T19:02:16Z
UgxNoyDrYoFT-stAGXp4AaABAg,@VOIDKHAII,we going not like us with this one🔥🔥🔥,0,0,2025-03-12T22:04:45Z,2025-03-12T22:04:45Z
UgzTG7qwqkYibkHm_zZ4AaABAg,@Amapianomusic-8q,Second Beat 🔥,0,0,2025-10-24T14:32:32Z,2025-10-24T14:32:32Z
UgxVsSwmBYuczZqpMS94AaABAg,@thegamewinnersnow,"Best diss track out of all of them. Fans, bots, and internet opinions will never make me change my mind.",5,0,2025-11-28T17:06:25Z,2025-11-28T17:06:25Z
UgwK8RqzHQf3hY37XDd4AaABAg,@ededdneddy988,"Drake cooked on this🔥. This is my favorite track in this whole saga, endless quotables and hilarious jabs",0,0,2024-11-24T12:52:27Z,2024-11-24T12:52:27Z
Ugyjd1KEFnJrsD_5yUN4AaABAg,@NinaNickle40,Damn just think? Drake tough talk went straight to. I'll see you in court Buddy!,0,0,2024-12-07T21:17:12Z,2024-12-07T21:17:12Z
UgwV2xs587XLixBohU54AaABAg,@BrocoliBrosi,The family really do mattered and the truth for the matter it was G’s plan to show your Delilah…Drake😂,1,0,2026-01-24T04:46:45Z,2026-01-24T04:47:33Z
UgwhDsg2XSJKYQaJvMx4AaABAg,@cwindustries56,Damn Drake I'm a 70 years young and I was your top fan I would defend you against anybody who had some thing to say about you but you really bit off more than you could handle you got smoke by Kendrick Lamar please leave him alone before you lose me too check and see if you have any ass left after that battle 😢😢😢😢 and you going have to get some better beats going after him but please I like you stay away from him before he ends your career,1,0,2024-11-05T20:29:52Z,2024-11-05T20:33:03Z
UgyEsXooDbEPk8kN7_l4AaABAg,@norbertoskizezny702,Drake 🔥🔥🔥🔥💯,1,0,2024-12-05T00:51:31Z,2024-12-05T00:51:31Z
UgwHrTlFyRDC6u6URuJ4AaABAg,@HAZZANZZ-d1y,"Minding your business, not liking something then not associating with that exact thing.. perhaps in a crazy world 🤷🏿‍♂️",0,0,2025-10-10T10:26:03Z,2025-10-10T10:26:03Z
Ugzvd91lDeWbZWL8pHB4AaABAg,@DeeqaAbdi-x1b,U will never lip lock with me,0,0,2026-02-06T21:41:22Z,2026-02-06T21:41:22Z
UgzEy5f3LfU9rgjoBvp4AaABAg,@anthonylakey9735,"this beat sounds like cream of wheats better get your weight up  before you try to move up ""aint DiDDy calling you?",1,0,2025-01-08T23:33:39Z,2025-01-08T23:33:39Z
UgyP2Da-88p57uag3th4AaABAg,@t0yzzb0x,"“someone go hand him a grammy right now”

he gets 5 grammys.",0,0,2025-02-12T02:12:59Z,2025-02-12T02:12:59Z
UgyaEmf3gOdY8SQ36px4AaABAg,@PascoalMizalaque,😢😢😢,0,0,2024-10-09T12:04:41Z,2024-10-09T12:04:41Z
UgzMNGM3vSlN8XqB6LV4AaABAg,@traceyg3714,What I think is Cole is 🐐  and Drake dis not lose the battle he won 💯,1,0,2024-10-19T14:08:03Z,2024-10-19T14:08:03Z
Ugz5Gy_-FT6Fj1nza614AaABAg,@ChrisPastula-n2o,Who’s here after the Super Bowl? >>>>>>,1,0,2025-02-10T16:57:10Z,2025-02-10T16:57:10Z
Ugy3fOzoVW0UJSs1qHR4AaABAg,@kathyparker8714,Didn’t he get caught with another minor yesterday in Australia??,2,0,2025-02-18T16:07:09Z,2025-02-18T16:07:09Z
UgwheQM96XYLedZ3vEd4AaABAg,@Luis-fu5fl,This diss is so perfecto for some family members,0,0,2024-10-26T07:44:06Z,2024-10-26T07:44:06Z
UgyFDeP0dRH2KEFISH94AaABAg,@EarlWeaver-y2l,Drake changed the sound and persona of hip hop/ he started this nice-guy/gangsta rap shit. Idgaf what anybody think. The whole ambient trap rap shit he is the architect of that. Idgaf,1,0,2025-11-20T00:28:53Z,2025-11-20T00:28:53Z
UgztTTrm246vYwCANut4AaABAg,@justintolerant,"I struggle to even get through this. I don't get what ppl see in this fool.
Wonder if Drake ever heard Ether.
Guess I'm too old.
Now Get off my Lawn!!",1,0,2024-12-22T07:15:33Z,2024-12-22T07:15:33Z
UgyIHxWA7qY2se5Qscd4AaABAg,@godwinsampson5147,"How's this not better than ""they not like us"" drake is dissing Kendrick so much on this track even a few personal lines got me rewinding. Love it! Drake won by far 💯 🐐",2,3,2026-02-16T18:13:04Z,2026-02-16T18:13:04Z
UgyPC3Vmi4Uu6MhbxAp4AaABAg,@vicTTRS,This sounds more like a teenager doing his first rap song,2,1,2025-02-16T15:56:38Z,2025-02-16T15:56:38Z
UgyacZg1bzk5Awrj17V4AaABAg,@MultiGERALDIN,“Drop Drop Drop Drop” and the beat is hard as fuck,0,0,2025-08-19T20:39:24Z,2025-08-19T20:39:24Z
Ugzv3OD-fE0QakxmYzB4AaABAg,@HAZZANZZ-d1y,🌬️ BLOW,0,1,2025-09-30T01:35:58Z,2025-09-30T01:35:58Z
Ugw-Je4Dsk583XtlD9Z4AaABAg,@lukasswarts7578,F it my ninja its already done we already know its a 20v1 ot hits hard,0,0,2026-04-04T19:02:38Z,2026-04-04T19:02:38Z
UgwJppbpjnsHzQLzMaB4AaABAg,@kevojack,he said cole was losing sleep cole ass was slump 😂😂,0,0,2024-11-11T04:01:44Z,2024-11-11T04:01:44Z
UgxcPKw1Q2IpFccf3bl4AaABAg,@QURRAND,2:42 la 2da cansion esta perrisima y es como Drill,0,0,2025-07-04T16:40:42Z,2025-07-04T16:40:42Z
UgxZvJ6Y2z9cHu2_hPB4AaABAg,@KGFQ473,Facts over bull shit,1,0,2024-11-29T04:19:29Z,2024-11-29T04:19:29Z
Ugz9wXofTPztLh0gRb54AaABAg,@Jayjay-n6m,Dang Kendrick you got a challenge 😉,0,0,2025-03-13T21:49:22Z,2025-03-13T21:49:22Z
UgwzVHA29k3US0Y0e5l4AaABAg,@helenhamilton9561,"Kendrick takes topics that are current as well as impart historical knowledge. Drake has songs that the beats still in your head.

To me his so call rapping is subpar, and thru out the years one song sounds like the next.

Kendrick gives thought provoking lines, he is a Poet.",0,0,2025-02-21T15:29:05Z,2025-02-21T15:29:05Z
Ugz7Gm57jghBUx10h5d4AaABAg,@afishyfishreal,erm not to be that guy but the official music video literally has the lyrics,1,0,2025-04-21T07:40:12Z,2025-04-21T07:40:12Z
UgwyiG8Yn1YkrtAa-xV4AaABAg,@sheezum4,Someone give me the ENTIRE TEA please. Go.,0,1,2026-02-07T15:51:18Z,2026-02-07T15:51:18Z
Ugy90vVS8zO2e-VYZWl4AaABAg,@user-qs2pe2gn5k,Top five diss song ever,0,0,2025-05-01T13:20:59Z,2025-05-01T13:20:59Z
UgxzU6_cA0j-bKuhKrl4AaABAg,@MOOMOO2728,What’s even more sad about this song. It’s like a young boy coming for someone and Kendrick just responded and layed you out.,0,0,2025-02-14T05:45:00Z,2025-02-14T05:45:00Z
UgyMNWheVeuLml2GPid4AaABAg,@sven7037,Family matters second verse still the hardest in the battle that boy was rapping his ass off just wish he had this entire engery for the entire battle.,1,1,2025-05-03T15:32:42Z,2025-05-03T15:32:42Z
UgwvEhZQ5dWbZwFK5VJ4AaABAg,@hc7679,"""Black on Black"" is all that I see in this , that's all I saw in Tupac and Biggie's mess as well . I am a hip hop fan from The Sugarhill Era and I know that the lyrical challenges made hip hop the musical and cultural force that it is today . And as anyone who knows anything about art would understand our lense is only for individual use . Some people love country music and others don't , ""it's like that and that's the way it is"" , Run DMC y'all . But let's let the art be art , break dancing would be nothing without challenge . Peace to all who enjoy hip hop and this is to the old school followers , who won the battle between ""L.L.Cool J. and ""Kool Moe Dee ? That's the way love goes my Brothers and Sisters , it's Mardi Gras season down here , so ""Laissez les bon temps rouler"" and I'm out 🎭",1,0,2025-02-21T05:33:01Z,2025-02-21T05:33:01Z
UgwhS4iyWESZ2qfKHLp4AaABAg,@VirtuosicBeats,"Kendrick won for the people
But honestly drake had hard disses too",3,2,2024-10-10T21:13:51Z,2024-10-10T21:13:51Z
UgzCwVZy3y7n_IG1NgZ4AaABAg,@Hi_My_Names_Ryan,"This was Drake's best swing at the beef and he still talm bout some ""shake that ass for drake""😂",0,0,2026-08-10T11:59:43Z,2026-08-10T11:59:43Z
UgzoTZ6woNhsz1guCQx4AaABAg,@Callmeuno2549,😂🚀,0,0,2025-04-01T15:09:37Z,2025-04-01T15:09:37Z
Ugz2PSl-_-a5p3C_UBF4AaABAg,@braceyoself_,This aged like gas station sushi and a carton of milk left out in the sun on a hot day in July...,1,1,2025-02-04T11:26:40Z,2025-02-04T11:26:40Z
UgwvMjBO9MpAFnnZrZl4AaABAg,@MoneyMoonPlue,J cole really said truth. We wouldn’t be speaking on Kendrick if he never dissed nobody was thinking of Kendrick till he started dissing,0,0,2024-12-24T04:07:51Z,2024-12-24T04:07:51Z
UgyTM5oO2OGIUPD70A14AaABAg,@VeronicaHorseman,This phone has 3 million ppl hack right now,0,0,2025-02-08T13:41:18Z,2025-02-08T13:41:18Z
UgwxO5HDYHZYJz2NlgV4AaABAg,@EnnetMicorazon,Okay,0,0,2025-02-11T13:42:16Z,2025-02-11T13:42:16Z
Ugwjxh-xbNYt4FAjCc54AaABAg,@vicknewman9418,2025,2,0,2025-03-23T03:14:48Z,2025-03-23T03:14:48Z
Ugy9iYcM2UFLQriKfg94AaABAg,@anthonysiona2663,Kung fu 🥋 KenNy 💯❤️🙏,0,0,2026-01-16T04:06:58Z,2026-01-16T04:06:58Z
UgxNpNlzAS4JkDoByzR4AaABAg,@FordGTmustang2000,“When you put your hands on your girl was it self defense cause she bigger then you” 😂😂,0,0,2025-02-06T21:10:51Z,2025-02-06T21:10:51Z
UgzxdnJ9E88Unep6hy94AaABAg,@biggbennprooduktionzllc7266,"I luvvv drake,,,,,No Body  Messing Kendrick Lamar.....",1,0,2024-10-29T00:37:20Z,2024-10-29T00:37:20Z
UgzFOx9-CRZzUHTIFyh4AaABAg,@Kold1Muzik,This------ didn't age well with the lawsuits. Dude got so hurt he went to the principal and told on everybody that was laughing at him 😂😂,2,0,2025-01-23T21:21:57Z,2025-01-23T21:21:57Z
Ugwjt9KU3dmS9c_CkZF4AaABAg,@WORSTPERSONEVERRR,Proud to say I’ve always been team drake,0,0,2025-03-19T01:20:06Z,2025-03-19T01:20:06Z
UgzurkUT7BLArXQyhaJ4AaABAg,@jill_temple1111,Y’all didn’t even dislike Drake until your digital device made you do it. smh FOLLOWERS 🤣,2,0,2024-10-13T17:33:56Z,2024-10-13T17:33:56Z
UgxRsHLm_Nip7mKTuyN4AaABAg,@ashhaguero801,K-Dot gonna murda his lyrics man 🤣,0,0,2025-02-17T01:31:19Z,2025-02-17T01:31:19Z
UgwgaWOW_1BAnrzVEvV4AaABAg,@ink6233,God loves you ❤,0,0,2025-04-12T09:56:06Z,2025-04-12T09:56:06Z
Ugxap6KxSE4KP3OTdnN4AaABAg,@BeeSpur,This aged like cold milk in a Texas summer.,0,0,2025-04-23T14:14:59Z,2025-04-23T14:14:59Z
UgwRIyuVbe9abiiHMA14AaABAg,@Matt101Vgettio,Rakim really was mid again,3,0,2026-01-31T14:29:17Z,2026-01-31T14:29:17Z
UgzThbYWNnlwJ-epLD94AaABAg,@VeronicaHorseman,He works for scar. They sned him stab when he was. Young by balkc perosn,0,0,2025-04-12T16:16:09Z,2025-04-12T16:16:09Z
UgzQHekyrwm2B4ZLm8R4AaABAg,@brimone6457,"Drake so 🔥 🔥 🔥 
People like Kendrick cause they like underdawgs",1,0,2025-08-27T18:13:35Z,2025-08-27T18:13:35Z
UgyCjIxRBMUEH9SNvRB4AaABAg,@Picd02,Sigma song,0,0,2025-03-21T02:15:17Z,2025-03-21T02:15:17Z
UgxeA2v5aaHMLExWN1N4AaABAg,@cassjr17,I still bump this #OVOSound,0,0,2025-04-11T11:08:49Z,2025-04-11T11:08:49Z
UgzvFGL4dzu-bSNxn3B4AaABAg,@MikePeters-d8s,Elephants dont beef with ants..team drizzy,1,0,2025-10-11T05:37:00Z,2025-10-11T05:37:00Z
Ugw2YOC6pTHH3x6P17x4AaABAg,@JayceBuckley-t6j,5:00 hits,1,0,2025-02-24T23:55:53Z,2025-02-24T23:55:53Z
UgzGiUrrpxcoUj3Qcpx4AaABAg,@lakerboy2475,"“You’re right abt fuck the big 3, it’s only big D and there’s video proof” 😭😭😭 why did I only notice this line now",0,0,2025-12-09T00:30:00Z,2025-12-09T00:30:00Z
UgyYtho8pRmUgt-yStB4AaABAg,@kcgregory6431,This shit slaps! Kendrick just had one up on him because of how quick he dropped after.,0,0,2025-02-11T19:19:01Z,2025-02-11T19:19:01Z
Ugxkvve4N4Sx9Zw_9yZ4AaABAg,@TeklarGuopo,End quote status,0,0,2024-10-25T02:58:46Z,2024-10-25T02:58:46Z
UgxqoYYqo98LtxebuEJ4AaABAg,@candlemuncher2358,lmao coming back and watching this 10 months later and reading all the drake fan cope is hilarious,0,0,2025-03-07T03:53:09Z,2025-03-07T03:53:09Z
UgyqaFHS2k6OFD-H2Kh4AaABAg,@sylviamaladi633,damn drake can hit bro,1,0,2025-01-03T16:13:32Z,2025-01-03T16:13:32Z
UgxcLMKRtKqRcwHwroN4AaABAg,@whtehelell,as kendrick fan i have to say that is good fucking disstrack,0,0,2025-11-07T17:18:08Z,2025-11-07T17:18:08Z
Ugy8Hn1uMUSZGQD-Rz54AaABAg,@Lindahsmith117,Let’s go drake,0,0,2024-10-26T23:07:30Z,2024-10-26T23:07:30Z
UgyPKcAqKm6J7RIcl-54AaABAg,@princedame9534,This was Drake's best effort and he still got dropped. Catchy song tho fire fast food music,0,0,2025-08-01T16:01:17Z,2025-08-01T16:01:17Z
Ugz5HMgmW9k_9Utc0gZ4AaABAg,@7100drill,Oh nahhh,0,0,2025-09-01T01:14:35Z,2025-09-01T01:14:35Z
Ugzh9LPPNhyXQeloCEZ4AaABAg,@hugoschkiglitz,Who’s here all the time?,1,0,2025-02-13T23:47:06Z,2025-02-13T23:47:06Z
UgytwUEoayY0EBe1Ue54AaABAg,@SLRECLIPSE-r2q,i feel hungry that’s all ima say,0,0,2026-05-30T16:44:11Z,2026-05-30T16:44:11Z
UgwMbdRmvzeWsHOpOa14AaABAg,@parkJimin-qk3xb,"Agree or not, this shit slaps! Drake was in the game and will stay in  the game",1,0,2025-02-15T12:37:21Z,2025-02-15T12:37:21Z
Ugy64BBYdjp-6Bo-IYt4AaABAg,@willardbarrwb,I have to say no matter what you say this was some top tier Drake rapping and production.,0,0,2025-10-28T00:30:52Z,2025-10-28T00:30:52Z
UgwQmr97h83U8kE3psB4AaABAg,@BakuDekufanz,Damn this shit reminds me of playing with nerf guns 😂,0,0,2025-05-22T19:22:04Z,2025-05-22T19:22:04Z
UgwuuCJW3D_5wdZepCt4AaABAg,@HAZZANZZ-d1y,"Take over on repeat for the longest.. ""we remember"" 😅",0,1,2025-09-06T04:33:47Z,2025-09-06T04:33:47Z
Ugwmjs9AyDfR8vmYYPp4AaABAg,@jadadhill9153,nah this stick,3,0,2025-05-01T23:22:19Z,2025-05-01T23:22:19Z
Ugw7kq7FuPT0r2SK-x14AaABAg,@misspretty301,Y’all can’t say he didn’t go in on this shit y’all follow the media too much it over clouds your judgement. Y’all know this was that 🔥,2,1,2024-12-06T19:13:27Z,2024-12-06T19:13:27Z
Ugz_X3vv1arrDy-Oa-54AaABAg,@EarlWeaver-y2l,A hit dog gonna holler and I don't remember Drake hollering first.,0,0,2025-11-20T00:31:20Z,2025-11-20T00:31:20Z
Ugw8gJ3--sXKmciGDmd4AaABAg,@Seltz_,"best song from the beef. Though, that ""someone go hand him a grammy"" bar aged terribly..",1,1,2026-01-17T23:06:33Z,2026-01-17T23:06:33Z
UgzFBCxN2g1GzEzepRh4AaABAg,@jxaroushy,always on team Kendrick but this beat and the rap went fire ( not the lyrics )😊,2,0,2025-04-02T15:45:41Z,2025-04-02T15:45:41Z
Ugzfx-rxJxXhOLs2rVZ4AaABAg,@aprilhottinger,"Yo man, a little K we called that shit a little Drake😂",0,0,2026-07-09T20:11:47Z,2026-07-09T20:11:47Z
UgwAnCpzG4_3j_zQtvd4AaABAg,@monicaherrera6548,look this diss is ok but Kendricks is dope asf,1,0,2024-10-22T23:24:40Z,2024-10-22T23:24:40Z
Ugwp5FXmG1aleo_zB3d4AaABAg,@Maxvc15,kendrick may have won but this the best song musically in the beef,7,0,2025-02-02T22:07:51Z,2025-02-02T22:07:51Z
UgxftSAaQQsdT_nDuW54AaABAg,@andreatff1,This is so buns bro😭,0,0,2025-02-13T02:11:22Z,2025-02-13T02:11:22Z
UgwtYYJWLnWwJZZxAFp4AaABAg,@DovaQueen0123,🤦🏽🤦🏽 drake really put this out for people to hear 🙉🙉,1,0,2025-02-07T23:17:57Z,2025-02-07T23:17:57Z
UgxQ-FaaeO2YaXfJLZp4AaABAg,@watchnbamazedtm6533,this was the hottest  song out for 2 hours strong... best 2 hours ever... but then!!!!!!!!!!!!!!!!!!!!!!!,0,0,2025-12-10T09:28:42Z,2025-12-10T09:28:42Z
UgwLj2q9AD_XVLhcvtR4AaABAg,@BoburAbdumannopov-z5q,Kendrick we should realized it man,0,0,2025-12-10T03:05:25Z,2025-12-10T03:05:25Z
Ugz8rCajbyXy8T231VN4AaABAg,@docg8398,Drake over here talking about taking fades... Now he in the court suing for defamation lol lol.. Got to love HIp Hop lol lol..,1,0,2025-04-17T23:54:58Z,2025-04-17T23:54:58Z
UgwAgBShGHKjgc71Fwl4AaABAg,@metehandemirbilek7534,5:19,2,0,2024-10-16T17:43:25Z,2024-10-16T17:43:25Z
Ugx6A9xXcGedEznFU4h4AaABAg,@LeoliorrenzoDi,5:18  cold,0,0,2025-02-07T07:41:43Z,2025-02-07T07:41:43Z
UgxWmgbCEeDeC6dcxMJ4AaABAg,@Kt196InMySight,its funny they're dissing each other when they made a song together Like 10 Years Ago LOL,0,0,2026-04-11T11:01:14Z,2026-04-11T11:01:32Z
Ugz0PDa53EzRcNHyiWp4AaABAg,@HolyAct1,Just realized he dissed the weekend lol,0,0,2025-08-13T15:06:38Z,2025-08-13T15:06:38Z
UgzlMET7htX50QGwTkJ4AaABAg,@TommyOtheNorth,Have been aware of their rivalry but i'm finally listening to their back and forth songs. I don't really see why there is a problem to begin with. Drake seems like more of a singer and Lamar is a rapper. They could each do their own thing and not fight,0,0,2024-10-06T02:28:57Z,2024-10-06T02:28:57Z
UgzbWTxsfRIsA5l-C6V4AaABAg,@JunkbyJass,Here are some popcorn 🍿🍿🍿🍿🍿🍿🍿🍿🍿🍿🍿🍿🍿🍿🍿🍿🍿🍿🍿🍿🍿🍿🍿🍿🍿🍿🍿🍿🍿🍿🍿🍿🍿🍿🍿🍿🍿🍿🍿🍿🍿🍿🍿🍿🍿🍿🍿🍿🍿🍿🍿🍿🍿🍿🍿🍿🍿🍿🍿🍿🍿🍿🍿🍿🍿🍿🍿🍿🍿🍿🍿🍿🍿🍿🍿🍿🍿🍿🍿🍿🍿🍿🍿🍿🍿🍿🍿🍿🍿🍿🍿🍿🍿🍿🍿🍿🍿🍿🍿🍿🍿🍿🍿🍿🍿🍿🍿🍿🍿🍿🍿🍿🍿🍿🍿🍿🍿🍿🍿🍿🍿🍿🍿🍿🍿🍿🍿🍿🍿🍿🍿🍿🍿🍿🍿🍿🍿🍿🍿🍿🍿🍿🍿🍿🍿🍿🍿🍿🍿🍿🍿🍿🍿🍿🍿🍿🍿🍿🍿🍿,0,0,2024-10-05T14:08:53Z,2024-10-05T14:08:53Z
UgzwDUgM8VEjk44Ol514AaABAg,@mharanthonybarcelo2652,This doesn't matter no more bro,0,0,2025-02-04T15:07:18Z,2025-02-04T15:07:18Z
UgyXkabhjWBlFtx4TO54AaABAg,@kcgregory6431,“ ROSS CALLING ME WHITE BOY AND THE SHIT KINDA GOT A RING TO IT CAUSE ALL THESE RAPPERs WAVING THE WHITE FLAG WHILE THE WHOLE FUCKING CLUB SING TO IT!!!! “,1,0,2025-02-11T19:21:36Z,2025-02-11T19:21:36Z
Ugz8tMnQCfHloqbw7Ed4AaABAg,@VeronicaHorseman,Yo tell Derak i am OG fan I know he hates degrassi,0,0,2025-02-08T13:40:57Z,2025-02-08T13:40:57Z
UgxD4AcDan0MSuR4KzZ4AaABAg,@rioandre3958,Kendrick immediately responded with they not like us the next day😂😂,0,1,2026-02-17T01:07:47Z,2026-02-17T01:07:47Z
UgxfR1TqNm65vssWOgx4AaABAg,@CaneliaLemon-n5o,Huge shout out Drake real backing us up CC kids family The real Drake,0,0,2025-11-20T11:56:42Z,2025-11-20T11:56:42Z
UgzNVBdc6KKAq-TGRGN4AaABAg,@soopstuff,7 minutes in hell 🥀🥀,2,0,2026-01-05T00:31:26Z,2026-01-05T00:31:26Z
Ugx8MEQfM9BsfEe7t9Z4AaABAg,@LeoliorrenzoDi,2:51 🎉,1,0,2025-02-07T07:39:16Z,2025-02-07T07:39:16Z
Ugz9vvIiE2iO6iBXGHR4AaABAg,@Big_Linwood,"Drake was UP in the Battle right here for 27 minutes before ""Meet the Graham's"" Dropped 🤣🤣🤣🤣🤣",0,0,2025-05-03T16:13:59Z,2025-05-03T16:13:59Z
UgzogGXhHcoWnPmzF3d4AaABAg,@lukapapiashvili475,Drake had better diss Kendrick just had it already ready and dropped right after drake did to overshadow drake,1,0,2024-12-27T09:57:11Z,2024-12-27T09:57:11Z
UgzPK5uAmsxwdgnWE1F4AaABAg,@FrankieDaix1978,"Smoke Dawg , Puffy Ls, Mo G and Top 5 are Toronto’s best rappers",0,0,2025-02-10T22:16:52Z,2025-02-10T22:16:52Z
UgwdbzT0E1sR4Y1G0f94AaABAg,@Jeezinthetrap,Breed? Me? I need to lose,0,0,2026-01-19T15:04:59Z,2026-01-19T15:04:59Z
UgxdxuO1pne_uB6e0Ld4AaABAg,@trayfrenchman8531,Drake couldve won if kendrick didnt release meet the grahams,1,0,2025-01-08T16:20:45Z,2025-01-08T16:20:45Z
UgxCTJINCByz3zowaap4AaABAg,@uriyahhunter4817,"If you notice in the Super Bowl, where’s your uncle at… Uncle Sam, hes the culture. 💀💀💀 yeah it’s up",0,0,2025-02-13T21:04:04Z,2025-02-13T21:04:04Z
UgwHBU4GklXia3yyNBV4AaABAg,@greenroy13,3:46-4:26 is crazy,0,0,2025-06-18T21:36:10Z,2025-06-18T21:36:10Z
UgwzZKz07VSfi8lL6gd4AaABAg,@sallyolivarez69,@Bagonly KDOT is definitely winning!,0,0,2025-02-06T22:27:58Z,2025-02-06T22:27:58Z
UgxOp_F4rfAEeuhLaCN4AaABAg,@tigrisparva7783,"By itself, this song is actually fire. The hard part is that Kendrick took less than 30min to overshadow him.",0,0,2025-02-20T23:00:52Z,2025-02-20T23:00:52Z
UgwlHkT5YsGhaPEtIId4AaABAg,@electronicmusic1289,"Drake's music makes me want to come back and listen to his songs again. Kendricks  music (?) Makes me want to to come back and listen to Drake's songs again.😊 seriously, thanks to Kendrick i started rolling Drake's    music more often.",0,0,2025-09-01T09:44:33Z,2025-09-01T09:44:33Z
UgzkrXDcFN1yDHBJ-0B4AaABAg,@nqobilersamdunjana1189,That Grammy line didn't age well.,1,0,2025-08-21T09:51:27Z,2025-08-21T09:51:27Z
UgxNCnZybQDhw1YLmBJ4AaABAg,@rijbanakhatun4827,Some lyrics are missing bro,0,0,2024-12-19T17:06:00Z,2024-12-19T17:06:00Z
UgwIXCacUD5O3Lx4eOt4AaABAg,@terrysalazar1928,Bodied by singer ❤,0,0,2025-08-26T05:46:13Z,2025-08-26T05:46:13Z
UgzfqG1OeB49L4RhkmJ4AaABAg,@mikerodriguez2091,Shoulda released this in parts for each beat just cause we now knew Kendrick was lock loaded and flexing 🤣,0,0,2026-06-05T23:20:09Z,2026-06-05T23:20:09Z
UgyaW_TgFLXloJu1gR14AaABAg,@GODKing-f2w,6:06  the boí  give me the loot B.I.G. how long your face like what happened to Mike? 😂,3,1,2024-10-05T04:25:05Z,2024-10-05T04:25:05Z
Ugx0dkkq8VV-9rrblcN4AaABAg,@-volts,,0,0,2025-03-27T16:29:07Z,2025-03-27T16:29:07Z
Ugyd9bJMu5uUqKzAJzx4AaABAg,@MrPEANUT807,Idc how fast the response was imo I think drake came out with better songs and beats out of all the songs that were used in this “battle” just my opinion. Please be nice if you must reply 😂😂😂😂,1,0,2025-02-01T21:22:19Z,2025-02-01T21:24:08Z
Ugzdi3_z5CLVhRevyCl4AaABAg,@cyrus6897,Kendrick won but this is fire!! No cap!!!,1,0,2025-09-06T09:43:20Z,2025-09-06T09:43:20Z
Ugw4TOQORSEt9ewUNFV4AaABAg,@janicewhitmore8516,Shots fired im with drake on this one🎉🎉🎉🎉🎉❤❤❤❤❤,0,0,2024-11-02T09:29:52Z,2024-11-02T09:29:52Z
Ugzx6DqAY1Uax0CrK5d4AaABAg,@jlootworld,"“Dont soeak on my family crodie, someone got bleed in your family crodie” *shots fired at Drake residence, security got hit. 🥲🙌",0,0,2024-10-22T13:09:34Z,2024-10-22T13:09:34Z
UgwYFiNRswklnZRiQr94AaABAg,@AaronLesterMedia,Whatever happened to that Vacation Drake was talking about.,0,0,2024-12-08T16:57:59Z,2024-12-08T16:57:59Z
UgzU9rSxu0rjgSOsUjR4AaABAg,@JayBob-q9b,I didn’t feel like clicking on drakes video on his YouTube account so I clicked the bootleg version Instead,1,0,2025-02-14T07:59:05Z,2025-02-14T07:59:05Z
UgxgQPA0XHM4N4fyZY14AaABAg,@olugbamikehinde7570,"Is it Just me or this Drake verse Actually HITS More 
🤯🤯🤯🤯",1,0,2025-03-18T21:59:19Z,2025-03-18T21:59:19Z
UgzBulhLX7KVJ6el2yN4AaABAg,@cipher9998,Erm actually its a mag not a clip,1,0,2025-07-14T21:48:26Z,2025-07-14T21:48:26Z
UgxgJ_0eoM25l7CEq3t4AaABAg,@crystalmorgan6372,"Im hear after listening to kendricks sick ass diss track.... had to go research Drakes diss to kendrick to find out....""what did Drake even say about kendrick??"" 😂😂😂",0,0,2024-11-29T19:50:09Z,2024-11-29T19:50:09Z
Ugyu4CEvTeOQp8njNwR4AaABAg,@GODKing-f2w,4:11 😅😅😅,0,0,2024-10-05T04:22:12Z,2024-10-05T04:22:12Z
Ugw9FNq8Wx_erLWHmst4AaABAg,@Jokenword,Im a Cole/Kendrick fan that likes this song but it don’t the same after GNX,0,0,2024-11-23T08:24:52Z,2024-11-23T08:24:52Z
Ugy1VVFkYlBAKsgQaFB4AaABAg,@mariomasilisomutanuka2593,This was a hot season..... finally they chose the winner by diddy,0,0,2025-06-04T06:02:19Z,2025-06-04T06:02:19Z
UgxCXgz1ZF70cUSogyV4AaABAg,@joshuajohnson1763,Who here since drake out here suing Kendrick 💀,2,1,2024-11-27T22:23:20Z,2024-11-27T22:23:20Z
UgzyvyEe4WVzHR83Hkh4AaABAg,@deathic69420,"Who else is only here for ""Kendrick opened his mouth, hand him a grammy""",0,0,2025-03-05T14:45:25Z,2025-03-05T14:45:25Z
Ugx3fLd6rQ3BdHK4L7V4AaABAg,@Jeezinthetrap,If i was drakes kids and if i was kendricks kids i would prefer drakes songs as my dad . People are accessories to kendrick he fake nika he’s shy,2,0,2026-01-19T15:10:00Z,2026-01-19T15:11:25Z
Ugxk_rmkBuqfR0MLz5d4AaABAg,@George-w2q4r,"Drake: ur short..... 
Kendrick: nu huh u like kids, i hate how the way that u  walk, the way that u talk, i hate the way u dress😭",1,1,2024-10-20T19:32:35Z,2024-10-20T19:32:35Z
Ugw-hfwm0NGgMVPqBcp4AaABAg,@yeake1e,"Later, people will realize that this is the best diss track from the battle. Everything is perfect here: bars, punchlines, flow, beats, catchiness. Drake just has the largest number of haters who will hate everything what he does  and will never be able to look at things objectively.",6,1,2026-05-04T05:53:54Z,2026-05-04T05:53:54Z
UgzhNcV5oKP60GiihCJ4AaABAg,@HiHii-fu9uu,Bro was trying to keep it PG for his girl 😭😭😭,0,0,2024-11-28T04:45:44Z,2024-11-28T04:45:44Z
Ugynahy5l8VHUADPDMV4AaABAg,@erikwilliams1562,"Alright this hot.....took shots at everybody!

That was a mistake",0,0,2025-05-10T08:18:14Z,2025-05-10T08:21:32Z
UgwJCpzoI8sCAB0XEcx4AaABAg,@SamNaranjo,Damn grandma said this is weak 😭,0,0,2025-02-09T21:05:21Z,2025-02-09T21:05:21Z
UgwvpfZSO7ju5OW5M-p4AaABAg,@Lucasprime112,Kendrick just opened his mouth. I’m bout to put my,0,0,2025-11-01T02:00:34Z,2025-11-01T02:00:34Z
Ugw7qTiWCjZKvJWUO094AaABAg,@icydread7422,"First... WTF is he saying? Second.. I mean, WTF is his writers saying?",1,0,2025-01-10T08:24:07Z,2025-01-10T08:24:07Z
UgxekIQs6bTWY1MExpV4AaABAg,@GODKing-f2w,Low bar 🍻🍻🍻,0,0,2024-10-05T04:21:20Z,2024-10-05T04:21:20Z
UgwiMqmEoWwqCDPKoS54AaABAg,@bucsnation4577,Ngl drake slid on Kenny and I’m a Kenny fan,2,0,2025-05-19T11:02:59Z,2025-05-19T11:02:59Z
Ugyc57L6V9jAHnJLk1J4AaABAg,@Kold1Muzik,""" 5:00 All these rappers waiving white flags"".  😂😂😂 Ok drake drop the lawsuit then",4,1,2025-01-23T21:26:34Z,2025-01-23T21:26:34Z
Ugzo-_XePanikcGr3vR4AaABAg,@LostkLostk,"Kendrick was not having it anymore he dropped a song 30 minutes after 😂😂.

All jokes aside this was 🔥🔥",0,0,2024-12-22T17:52:13Z,2024-12-22T17:52:13Z
UgwOcixp2H-PU4xyVLd4AaABAg,@JohnLeath-x2r,drop gpg,0,0,2025-03-18T16:01:14Z,2025-03-18T16:01:14Z
UgzNYGrQuQhPR6V1vod4AaABAg,@obafemiadeyemi,Go Listen to M.I Abaga dissing Vector. That is a proper diss track.,0,0,2025-02-16T12:30:48Z,2025-02-16T12:30:48Z
UgwRh9Kwb_OzhwGasfF4AaABAg,@jumipfau998,He isn’t catching a breath,0,0,2025-02-12T00:06:25Z,2025-02-12T00:06:25Z
UgyABselhWqacx4Y9zl4AaABAg,@JayThegreatseaoftheives,Poor Cole getting dissed by two different rappers and two different songs,0,0,2025-06-08T18:52:16Z,2025-06-08T18:52:16Z
Ugx5Fdlp6LbMl3m9TLt4AaABAg,@HAZZANZZ-d1y,"Mornings with Aubrey"""" ain't shit changed 😊, samesies kiddo",1,1,2025-08-15T23:36:37Z,2025-08-15T23:36:37Z
UgxXw7lySbA41NWzhyh4AaABAg,@realfutballguy,Should have started with the third track for real,0,0,2025-02-18T08:03:34Z,2025-02-18T08:03:34Z
UgxOdiyC7a5twYJnR-B4AaABAg,@AnnaMaldonado-f8l,This sucks bro he tried too hard and yet not hard enough 🫣,5,0,2025-01-15T19:52:08Z,2025-01-15T19:52:08Z
UgxImX3_uKUPKt83ihJ4AaABAg,@kevingallagher2386,This is the hardest diss track in 25 years,0,1,2025-07-11T21:08:42Z,2025-07-11T21:08:42Z
UgypgkKP-Da7DnXX_394AaABAg,@Who_Knows-KGBAlala,"direct insults and accusations towards Kendrick Lamar, including references to his personal life, music career, and alleged drug use (e.g., ""droned out little hunchback"" 4:10, ""she'll even tell you leave the boy alone before",1,1,2025-05-08T22:12:37Z,2025-05-08T22:12:37Z
UgynZnD3vNjJEjvSX8d4AaABAg,@ashleyhutchinson7044,5:22,1,0,2024-11-12T03:02:33Z,2024-11-12T03:02:33Z
UgyPUAmiZQNmKtHAnMJ4AaABAg,@cindypowers1247,Kendrick’s is way catchier and everyone is using it!,2,1,2025-01-23T05:12:27Z,2025-01-23T05:12:27Z
UgwCnes_GFkmSh4S9md4AaABAg,@ClaxStayVibing,Why didnt he say where is your auntie at cause i wanna speak to the man of the house????,0,0,2024-12-06T12:35:36Z,2024-12-06T12:35:36Z
UgwmZmeaX2KhKqeqjVN4AaABAg,@Youngbugz55,Anyone who feel he had a ghost writer for this track is dumb as hell this sounds personal,1,0,2025-05-18T23:26:19Z,2025-05-18T23:26:19Z
Ugy_JF8mKphOxqUIxHh4AaABAg,@patricianoisette6416,I hope they both can stop this before it goes to far.,0,0,2025-02-18T03:00:05Z,2025-02-18T03:00:05Z
UgxH6y1FpQSWaU7--7F4AaABAg,@Llisarazack,This soundin lik a kendrick song.....,0,0,2025-06-20T21:05:35Z,2025-06-20T21:05:35Z
UgyEBf8jYYAuSskfDfh4AaABAg,@IanDuff-l3e,"Kendrick won, no question
But this has so much more replay ability 🔥",2,2,2025-04-23T02:58:48Z,2025-04-23T02:58:48Z
Ugx6d02umkVzfRbHCFt4AaABAg,@JoseA-e6k,Kendrick won,2,0,2024-10-17T19:21:52Z,2024-10-17T19:21:52Z
UgzYFP74NZOdu7dOemZ4AaABAg,@luke.adams87,Drake is trying to keep it pg for his 14 year old gf,1,0,2025-02-26T22:08:22Z,2025-02-26T22:08:22Z
UgxDWWq06nuqPoWAFvB4AaABAg,@bo0mbo0mbll12,Dos canada even have ghettos. And criminals. But i do think drake musically is way more 🔥 then Kendrick  .,2,0,2025-01-04T15:25:32Z,2025-01-04T15:25:32Z
Ugz54cg914dZG_uTfdZ4AaABAg,@DeeqaAbdi-x1b,Why watch me whilst I’m in my house then make a lil song drake,0,0,2026-02-06T21:39:34Z,2026-02-06T21:39:34Z
UgzJa9duClhs4S-sELt4AaABAg,@realtwanieone,this could have been fya until Kendrick responded,0,0,2025-01-12T18:29:14Z,2025-01-12T18:29:34Z
UgwMk-0wnkYsLKIgJY54AaABAg,@veronicasanders-vw2yr,Team Kendrick all the way,1,0,2025-02-19T04:51:36Z,2025-02-19T04:51:36Z
UgzqPwGCJz1-T0wfZr54AaABAg,@MilenIliev-j5w,As Kendrick fan this is kinda hard ngl..,0,0,2025-09-03T22:07:35Z,2025-09-03T22:07:35Z
Ugwdg3hrVjLe4tpOlZR4AaABAg,@jameshowell150,5 Grammys and a Superbowl performance clearly means Kdot won,0,0,2025-02-23T08:35:46Z,2025-02-23T08:35:46Z
UgyitgQvXdnomsA8U_J4AaABAg,@iMmunashe,"Drake got bodied, but the cadence and melody when he says ""head to Delilah with all of my ice"" was juss 🔥🎶🔥🔥",0,0,2025-10-17T12:32:22Z,2025-10-17T12:32:22Z
Ugx9QhDI25bSEcESQI94AaABAg,@StarC_015,SO FAR I BEEN DOING GOOD AVOIDING DRAKE MUSIC CUZ I'M A BIG KENDRICK LAMAR FAN BUT WHY AM I DANCING TO THIS SMHD 😮😮😢😢 _ BUT STILL MUCH LOVE FOR KENDRICK LAMAR 💯💯🔥🔥❤️‍🔥❤️‍🔥👑👑,0,0,2025-06-22T15:36:49Z,2025-06-22T15:36:49Z
UgyZWkeHoFL1D3c6enh4AaABAg,@majestic91,"Drake: Ya dead, ya dead
Kendrick: motherfucka I died, what you hearin now is a paranormal vibe",0,0,2025-02-26T11:42:40Z,2025-02-26T11:42:40Z
Ugy33OBYCX5N9YnCp6t4AaABAg,@kool-aid1718,Drake is on fire 🔥,0,0,2026-03-19T12:55:12Z,2026-03-19T12:55:12Z
UgwoYMD556zRW-_AINJ4AaABAg,@cristianomellado,Kendrick made a song and Drake made a diss,0,0,2024-10-07T21:22:16Z,2024-10-07T21:22:16Z
UgwP3yEwLi6oP1Mfwk54AaABAg,@BOSSMANE-scholar,Hold up I thought this was recent like two months ago lol wow Kendrick wasted no time wow,1,0,2025-02-16T10:02:00Z,2025-02-16T10:02:00Z
Ugx_6Yl5ZldL3HAE2oB4AaABAg,@MrMDMPOfficial,"7 months later, and this still the best song out the beef",3,2,2024-12-27T08:02:14Z,2024-12-27T08:02:14Z
UgyhzMhmUYRPZ6oUR3x4AaABAg,@RajkumariChaurasia-l9u,K dottttt,0,0,2025-02-16T14:27:43Z,2025-02-16T14:27:43Z
Ugwm-RMSiJitbS-ZDSN4AaABAg,@Redeemed_by_chr1st,Drake won! But Kendrick dropped a certified hit.,2,4,2024-10-11T17:11:26Z,2024-10-11T17:11:26Z
Ugwpv1oroZ9yxF7NMSt4AaABAg,@DarKknight23-t6c,The drake hate is crazy lol not only is drake destroying Kendrick he's dismantling many others guess they really do hate you when you been on top for so long.......just saying 🤷🏾🤷‍♂️,2,0,2026-03-28T14:59:00Z,2026-03-28T14:59:00Z
UgwNRriFuUzD-DpKu5t4AaABAg,@marekshrek,this song fire but f drake,2,0,2024-11-13T02:54:07Z,2024-11-13T02:54:07Z
Ugzc9Gv824nIKiwroNR4AaABAg,@IndigoStella-g6r,We all know Kendrick won wit not like us,1,0,2024-10-20T11:34:07Z,2024-10-20T11:34:07Z
UgwWGPHC05LQI9PJ1nd4AaABAg,@danielartates4520,This diss so weak even the editor been lazy putting words in this sht. 😂,1,0,2025-02-11T11:56:49Z,2025-02-11T11:56:49Z
Ugx16AWBn46Ser5TrXl4AaABAg,@villanvar84,Drake killed this shit!!!!!,0,0,2024-10-10T00:51:24Z,2024-10-10T00:51:45Z
Ugy1QJZzmVAGUccaRK94AaABAg,@KyaweiSimp,"as a kendrick fan, this is a solid 7/10
on average i find drake's songs to be 5/10

for reference, i rate not like us 8/10
and euphoria 8.5/10
tv off 8.5/10",0,0,2025-03-06T22:23:24Z,2025-03-06T22:23:24Z
Ugxj4KbS6XDtnKZ84Vl4AaABAg,@spikewilliams6444,This song good if it wasn't fulla lies,1,0,2025-11-17T21:00:30Z,2025-11-17T21:00:30Z
UgwF5wxh7tFTzYGYe2h4AaABAg,@DanV65,"Nah nah nah don’t give a single F about either of these dudes or this beef. But the line “ when you put hands on your girl, is it self defense cause she’s bigger than you?” Is diabolical and can’t be ignored 😂",0,0,2025-01-16T18:15:49Z,2025-01-16T18:15:49Z
UgwmgqSCSbwgE3CoCe54AaABAg,@ART_ave,This is still 🔥 though. Don't get get twisted. Kdot by a landslide but this was a worthy attempt,0,0,2025-05-08T20:31:55Z,2025-05-08T20:31:55Z
Ugx19sp8YEQSe2K-7Zl4AaABAg,@kelliepatterson1035,Drake Ate🎉,0,0,2024-11-17T06:05:09Z,2024-11-17T06:05:09Z
UgwIpv5wDO3SSXr2MaF4AaABAg,@Katz-8,"If you just ignore the lyrics, its a fire song",0,0,2025-02-13T19:13:50Z,2025-02-13T19:13:50Z
UgwTBSuirvMqnACqsLl4AaABAg,@defAngel,This was supposed to be the nuke.  😩,0,0,2025-08-17T08:44:54Z,2025-08-17T08:44:54Z
UgytecPZS7iU5BBIuAp4AaABAg,@Oliviahope124,What if I said this is the first time I’m listening to any of drakes sides lmao 🤣 that’s how good kdot was,0,0,2025-10-25T14:07:57Z,2025-10-25T14:07:57Z
Ugx8qnS-Tkp4nM1DfUd4AaABAg,@STC_TV008,Body bag,0,0,2025-03-21T20:23:04Z,2025-03-21T20:23:04Z
UgyVALcAsBMbVRfVHvB4AaABAg,@mama-gm2cf,Kensrick lamer❤,1,0,2025-02-28T04:35:20Z,2025-02-28T04:35:20Z
UgzyO-Ttt5o-qT0FqhJ4AaABAg,@French_exit_lover,not the whitie saying the n word😭🙏 pg for your 5 year old girlfriend,1,0,2024-12-22T17:01:01Z,2024-12-22T17:01:01Z
UgwUB_BUDS2_MSJcA5B4AaABAg,@toxicgurlroblox,I never heard drake diss songs intill now I'm jus not hearing them and idk how the hell Kendrick won that battle drake shit is fire 🔥🔥🔥🔥🔥🔥🔥,3,0,2025-02-12T14:46:06Z,2025-02-12T14:46:06Z
UgymhSAvRadYDRTznqJ4AaABAg,@QuincyJewels,damn if my homie told me he not gonna show up because he don’t want ne to have stand on shitt i said….. i would feel mad disrespected …,0,0,2026-04-02T21:39:17Z,2026-04-02T21:39:17Z
UgwU3_qjvtFC43Yexfd4AaABAg,@demontejones2560,Drake losing sleep over this just like Cole 🤔🧐🤨😭,0,0,2025-01-28T01:27:31Z,2025-01-28T01:27:31Z
UgwNL3HctSluSojPbb54AaABAg,@living4peace392,Song is aging very well ♏️,0,0,2024-10-27T05:59:02Z,2024-10-27T05:59:02Z
UgwBr8x8rxYdDFx08WZ4AaABAg,@DRIPLAZAR,kdot,0,0,2025-05-07T22:42:02Z,2025-05-07T22:42:02Z
Ugw2YT0Z0owpj14mRTR4AaABAg,@hermosa_nat,anyone in 2025?😍😍😍,1,0,2025-03-27T13:43:28Z,2025-03-27T13:43:28Z
Ugxf3s6V_uaXX1ZM5QR4AaABAg,@michaellloyd6746,It's no way on earth drake lose this battle l... Bar 4 bar he smoked Kendrick,1,0,2025-06-11T04:46:41Z,2025-06-11T04:46:41Z
UgwKKSVjtfIdrICLhyR4AaABAg,@Chad-h5l,"I dunno drake wrote a whole fucking book about lamar, lmao. One is for the radio one is for the streets, dign the street",0,0,2025-02-03T06:55:31Z,2025-02-03T06:55:31Z
UgzF7ZxOzyK7Yc8NVHh4AaABAg,@maskden99,bro tese guys planed da diss together; like no way kenderick released his diss in 30 minutes cmon man they probablly planeed dis together trust guys.,0,0,2025-06-16T12:00:43Z,2025-06-16T12:00:43Z
UgxcZscEOSvol5L20n94AaABAg,@Vincentbyers-fg4ob,"And thosectears are good to God at the door ,you will shine like hold Jesus says in book of wisdom chapter 3: on sufferrings for dinners to convert as they know not of God andvmary and Jesus why they came to be among us saints from heaven Mary and Jesus",1,0,2024-11-15T16:05:07Z,2024-11-15T16:05:07Z
Ugwl1Uxc_xTa8PRKg_Z4AaABAg,@blue69x,Drake destroyed K with this,1,0,2025-05-24T22:10:17Z,2025-05-24T22:10:17Z
Ugyvt2ehuLrsaiGVMhl4AaABAg,@KingBahamut19,"Why the fuck this sound suspiciously like tom macdonalds diss on mac lethal? 
Like certain parts i could swear its the same song. 
Like the flow and beat is identical in certain parts. 
I get that hip hop beats get passed around but he could a tried to make it sound unique",1,0,2025-02-12T05:22:20Z,2025-02-12T05:23:41Z
UgzankhMdphoKenPo3B4AaABAg,@ROCKSTAR123620,Meet the Grahams beats this just sayin,0,0,2025-03-19T04:05:40Z,2025-03-19T04:05:40Z
Ugxhqud4CUkKwXLSYUB4AaABAg,@nolan2.064,The bars about Kendrick's height were genius as fuck and way underrated...,0,1,2025-01-27T20:26:40Z,2025-01-27T20:26:40Z
Ugw1tBhFm16umllYmz54AaABAg,@goldieoldie98,Of drake lost its to mustard not dot,0,0,2025-04-03T18:41:56Z,2025-04-03T18:41:56Z
Ugzcp-sDYs5vWGXyo7Z4AaABAg,@calvincathey5027,"No matter the Outcome he still did some Ice Cube ish and killed like 4, 5 rappers..🤨 just K dot was better Strategic. but et' Rocky line 🫣🤭Damn .",2,0,2025-03-22T04:27:57Z,2025-03-22T04:27:57Z
UgxUdt9D7ZJONDfO3lx4AaABAg,@shefkiabdu-rahmanbafti1331,"Drake tried to give the world a hook 🪝 to sing to but maybe they sang it for 6 hours 
""They not like us"" has been repeated by people that are not even rap fans or never knew KDot before ... 
He kilt Drake in his own style 
Nobody literally nobody' remembers this track or anything drake said 
At least 100 M know 
Kdot track word for word",1,0,2025-02-12T09:34:59Z,2025-02-12T09:34:59Z
UgykZuh2cGxkhZfYTUZ4AaABAg,@OoWorldpeace,Imagine this is not even a dis to Kendrick😂,0,0,2025-02-10T19:25:57Z,2025-02-10T19:26:17Z
UgwSyEfRZMKrmNu4uZl4AaABAg,@tungantyn,i think kendrick had 3 wrote 3 dises in that 17 days,0,0,2025-08-26T17:03:59Z,2025-08-26T17:03:59Z
UgzpnQ6mhxiQzNyaUDd4AaABAg,@cassjr17,“I get off the plane and nothing has changed” my body still on top of,0,2,2025-03-23T15:30:44Z,2025-03-23T15:30:44Z
UgxuDXQzfWsj5rJOE2J4AaABAg,@NationStar642,"Let's keep it a buck, this song is harder than Meet The Grahams combined with Not Like Us 😕",0,0,2026-08-21T19:15:16Z,2026-08-21T19:15:16Z
Ugw8CK8qAYgsiWqscz54AaABAg,@EzekielMartinez-m2u,Kendrick never should of opened his mouth 😔,0,0,2024-10-23T14:42:41Z,2024-10-23T14:42:41Z
Ugzzbks8PPLG-ZYtpI14AaABAg,@vincentwoods214,Don’t sleep on MF drake,0,0,2025-03-09T17:57:43Z,2025-03-09T17:57:43Z
UgzY0fq7DeZojr22iwZ4AaABAg,@TeklarGuopo,I could tg the whole space nd you still wouldn't even be able to count it up,0,0,2024-11-29T12:41:52Z,2024-11-29T12:41:52Z
UgzXtYZMq83FxB89txB4AaABAg,@t_will348,20 years from now @ 5:17 secs they gone See that Drake won this WAR. Not like us was catchy. But Drake had Haymakers and receipts 🧾,2,2,2025-03-20T23:01:58Z,2025-03-20T23:01:58Z
UgzRN5B-p7dcCCo_Mnh4AaABAg,@HAZZANZZ-d1y,"""I know, IDGAF what he say""",0,1,2025-11-08T03:22:31Z,2025-11-08T03:22:31Z
UgzLtcAAlh0hw92ESLN4AaABAg,@kizzle4u,"Ik just saying ,they crazy if they don’t think Drake was going crazy on this ,that’s probably what pissed Kendrick completely off😂😂 “i gotta make one they can dance too with a hop to it kinda like that one drake did on meek mill “😂😂😂 they so silly they just saying mass bad stuff about each other . If you go looking for bad you will surely find it because we have all been exposed to it and influenced by it in some way ,it’s just MY bad thing may not be YOUR bad thing.",0,0,2025-02-05T15:46:53Z,2025-02-05T15:46:53Z
UgyDy30hE5mgeBz4A5B4AaABAg,@JesseHernandez-u2n,bro kendrick lying.,1,0,2025-03-19T17:55:26Z,2025-03-19T17:55:26Z
UgyTIPSKQOptcF2d9Pl4AaABAg,@HAZZANZZ-d1y,"Diapers, required!",0,4,2025-09-30T01:31:49Z,2025-09-30T01:31:49Z
Ugw2G8W7a7GjAUp68L54AaABAg,@Robinsonirungu-w2c,Kendrick cooks him up without breaking a sweat.Anyway Drake's music will never be as artistic as Kendrick's,0,0,2024-11-05T00:21:36Z,2024-11-05T00:21:36Z
UgyKkvBsKhfAAC0_dGh4AaABAg,@toxicfishy2696,Is it only me who thinks this is way better than not like us,1,1,2025-02-08T13:06:07Z,2025-02-08T13:06:07Z
Ugwv4IqmYBcpVzaBwuN4AaABAg,@BenHimothy,I think Drake harder,2,0,2025-04-07T03:05:03Z,2025-04-07T03:05:03Z
UgxJfh617s2puyER66l4AaABAg,@StreetCertified,😂😂,0,0,2025-02-10T18:15:29Z,2025-02-10T18:15:29Z
Ugx4fVjWq43D3bFMSYB4AaABAg,@katelynharris192,Ngl i forgot bout drake,0,0,2025-02-11T07:20:46Z,2025-02-11T07:20:46Z
UgyiuVPreP8DkqiIaKZ4AaABAg,@HaneenMuhammed-x3u,man drake dont even try man,0,0,2026-07-27T09:40:32Z,2026-07-27T09:40:32Z
UgynRTYoFWovyRPC48J4AaABAg,@Daikon10,"Kendrick definitely won the battle against Drake, but I've to admit that Family Matters, especially with the beat is very catchy.",0,0,2026-02-05T14:38:29Z,2026-02-05T14:38:29Z
UgypL0w7zg96cdMgKll4AaABAg,@calvin_k3678,"Best part is listening to the peak arrogance, never to be felt again.",0,0,2025-03-04T03:23:13Z,2025-03-04T03:23:13Z
UgwIVdj7ba-DLlMy3RJ4AaABAg,@Ceasarboyxxccvv,k-dot on top!!!,1,0,2025-02-16T20:40:13Z,2025-02-16T20:40:13Z
UgzgpoNpg7Ycr-v7MwR4AaABAg,@RelentlessGrind-u1x,Drake killed him with this one. Kendrick had one song with a couple catchy lines. This whole song was a slaughter fest,1,2,2024-12-03T20:01:15Z,2024-12-03T20:01:15Z
UgwQBoS3xchaK5IGXuN4AaABAg,@VeronicaHorseman,New rap,0,6,2025-04-06T12:22:55Z,2025-04-06T12:22:55Z
UgzS_tuBpXwzbsEIG-Z4AaABAg,@KangoSp,You kmow I never got into either 1 of these diss songs however. If you're talking about just saying negative shyt on a track to win I get it. But after listening to both Drakes diss song was better. I have no idea what makes people say otherwise other than the shyt talking on the beat.,0,0,2025-02-08T04:02:32Z,2025-02-08T04:02:32Z
UgzAi8rJ616GEyf4YDV4AaABAg,@studiousstudent_,"Still the best song of the entire battle, go argue with a brick wall",2,3,2026-07-31T04:50:13Z,2026-07-31T04:50:13Z
Ugy2ndhgtdv-3SxI8st4AaABAg,@LuisMartinez-kw9dh,Who is better drake or Kendrick like for drake responded for Kendrick for me it's drake,1,0,2025-11-13T00:38:07Z,2025-11-13T00:38:07Z
Ugw8sSLA_umSPTxscPF4AaABAg,@rotechseven7481,"Guyz this year goes all the way back to when Drake was going back and forth with Arab..
Remember Back ro Back..!
Its part of the game.
Like when. Eminem was coming up in the city with tje Dis rap bathles..!
That's the game.
Either play or fold.. 😅",0,0,2025-08-29T02:41:45Z,2025-08-29T02:41:45Z
UgxxOUj-6Ot4oxtUsTt4AaABAg,@CaptainSunnyD,i still to this day think this was the best song out of the beef. most of yall will not agree or call me dumb but idc kendrick may have won but i don’t think drake was really destroyed like most thought.,0,0,2025-06-03T20:44:54Z,2025-06-03T20:44:54Z
UgzdCD9QoYS_BdQasQB4AaABAg,@kakaos.csigusz_,Meet the Grahams💀,0,1,2025-07-25T22:58:12Z,2025-07-25T22:58:12Z
UgyOd6x4__vxlaOWMgN4AaABAg,@Carlife29,"I feel like it’s the mgk Eminem beef, we know who’s the true goat and the wash out.",0,0,2025-02-16T10:06:10Z,2025-02-16T10:06:10Z
Ugw1Wo1WR41wjCvEj4p4AaABAg,@t_will348,This was the BEST DISS but Not like us was catchy and Drake got hella haters,7,7,2025-03-01T22:20:24Z,2025-03-01T22:20:24Z
Ugxssvc1BWXPTgIWxHx4AaABAg,@motrondemong,How many people revisiting this song here to avoid giving drake anymore streams?  😂 a minoooorrrr,0,0,2025-02-19T23:55:17Z,2025-02-19T23:55:17Z
Ugx3IeypXexuMlt11B54AaABAg,@Zayna-t4k3x,Who here in 2025,1,0,2025-06-26T23:16:39Z,2025-06-26T23:16:39Z
UgyJGu2nbND8FKB9h-14AaABAg,@HAZZANZZ-d1y,"John doe, ??? Excuse me?",0,0,2025-11-08T03:27:14Z,2025-11-08T03:27:14Z
UgxX3ZQOga5n_CcjCIJ4AaABAg,@jaywashington4125,THIS SONG KILLS THEY NOT LIKE US IONT CARE WUT NOONE SAY DRAKE KILLED KENDRICK,3,4,2025-04-13T05:32:29Z,2025-04-13T05:32:29Z
UgyOCdR7pGxmuYHz_ml4AaABAg,@Hebsgsyud,"He cooked ❌
He’s cooked ✅",3,1,2024-10-15T20:29:24Z,2024-10-15T20:29:24Z
Ugz2w0v1fnQ83QECpjJ4AaABAg,@FlySince1992,"This song way better than not like us

It's hard to beat a MF who can kill u singing & tapping

So it's so believable that had major help going against drake",0,0,2025-02-14T05:22:56Z,2025-02-14T05:22:56Z
UgygrIcQ6UW422u1Ou14AaABAg,@tonyterry3812,Drake won the battle hands down,1,0,2025-09-02T23:28:22Z,2025-09-02T23:28:22Z
UgzBH9WXh2ElUXhSgxt4AaABAg,@GODKing-f2w,3:05 yoü not even at home nosey job . 😂😂😂,1,0,2024-10-05T04:21:01Z,2024-10-05T04:21:01Z
UgyYxgiDBPNpcJfH9FN4AaABAg,@Fielding46,Bro what the hell,0,0,2025-04-24T23:08:28Z,2025-04-24T23:08:28Z
UgxJJF0oRuEa7imQXmN4AaABAg,@Flair.forever,Crazy thing is this isn’t bad,0,1,2024-11-29T20:07:44Z,2024-11-29T20:07:44Z
Ugy2dcbd07UcPBGuy_B4AaABAg,@DeeqaAbdi-x1b,Who said it is make believe n who said I’m a black messiah,0,0,2025-12-02T15:42:33Z,2025-12-02T15:42:33Z
UgwYCg6mdcj7pxrbRYF4AaABAg,@LilMister44,Direct rip from von,0,0,2025-02-01T04:30:31Z,2025-02-01T04:30:31Z
UgzMmSVE-ba1ENLnRZN4AaABAg,@DANGitzRAZZLE,"Kendrick was ready and fired back, i just came to comment, i couldn't listen past the first 30 seconds of this",0,0,2024-11-11T21:03:54Z,2024-11-11T21:03:54Z
UgzQn0VlU7n-NG2nw214AaABAg,@zenmazaraki575,"Drake made this like he's making a song for a club rather than a diss track. Only like 70% of it are offensive disses and others are just common insults or talks about random things he has. Kendrick's songs do not focus on the beat but every lyric is brutal because he doesn't actually want to make songs for the clout or to be played everywhere,he has pure hatred on Drake for actual reasons and will explain those reasons. Honestly, you got to be on some fucked up shit for people to be this determined to make brutal diss tracks about you in public",0,0,2025-04-03T15:18:54Z,2025-04-03T15:19:12Z
UgwqMqP2alZ2SfAwq5R4AaABAg,@TetraOCE,all over his house btw,0,0,2026-07-16T02:44:13Z,2026-07-16T02:44:13Z
UgyQaosBKL8KDesxP0h4AaABAg,@Bloxs_fan-z,Best part 5:17,0,0,2025-01-19T03:46:46Z,2025-01-19T03:46:46Z
Ugw4OuHCcX_MRgpGh7B4AaABAg,@Quiz_Spark10,Aubrey def did his job well ain't no way he lost 😢😭,0,0,2025-11-05T12:42:32Z,2025-11-05T12:42:32Z
Ugy77gs_Z7GQabxghkB4AaABAg,@yeetmania142,Drake's worst mistake of his life,1,0,2025-09-08T02:04:45Z,2025-09-08T02:04:45Z
Ugy9loSjrzCJ3YQkzUN4AaABAg,@kool-aid1718,Drake definitely won,1,0,2026-03-19T12:55:42Z,2026-03-19T12:55:42Z
UgyvQJllbHDpGD8M-v94AaABAg,@Eddwin543,"only Kendrick d riders think drake had no come backs no nothing, Kendrick was literally lying for most of his disses and respectfully 6:27-6:54 are the best disses of the beef",1,0,2025-02-10T07:36:24Z,2025-02-10T07:36:24Z
UgziDxHRP3W7M2Rzfp54AaABAg,@MartinusHowoseb,This is age fine... drake always God,1,3,2026-02-09T16:08:23Z,2026-02-09T16:08:23Z
UgzvoiZfvLQTR6GIF-54AaABAg,@deseraestaggers5425,Lying like drake ain’t lil Kendrick is insane,0,0,2025-01-21T19:48:05Z,2025-01-21T19:48:05Z
UgxDei-b-q2Ekva0dnZ4AaABAg,@JaimeHernandez-h1r,"Ngl This Kinda Hard But Some of Kendricks Songs Were Trash or OP, No Between. But DAMN Kendrick Responded FAST.",0,0,2025-02-18T07:52:36Z,2025-02-18T07:52:36Z
UgzgWkB5hOfgdERMx0N4AaABAg,@antonwebb9625,@7:31,0,0,2025-08-28T15:22:14Z,2025-08-28T15:22:14Z
UgyLNNPrz9PRGqoxGUJ4AaABAg,@the_editz410,3:49,0,0,2026-01-13T15:11:56Z,2026-01-13T15:11:56Z
Ugwcxu6FWx0FFsAomMJ4AaABAg,@TroyDukes-c4p,Kendrick,0,0,2024-12-19T21:17:24Z,2024-12-19T21:17:24Z
UgwyV5rYsGza_EFeL7x4AaABAg,@VeronicaHorseman,For Nicole Anne Spahn morgah derek I love cults,0,0,2025-04-06T12:22:37Z,2025-04-06T12:22:37Z
Ugw8dLnpVKccCkv_Pz14AaABAg,@metehandemirbilek7534,5:19,0,0,2024-10-19T06:40:22Z,2024-10-19T06:40:22Z
UgxbK_-OIDUecjCs0i54AaABAg,@reckadogerrald4104,Drake outplayed kdot badstyle. 🎉,0,0,2025-05-08T11:06:56Z,2025-05-08T11:06:56Z
UgwS3e0nuuMxlsq9TId4AaABAg,@TheRob292,Can’t fuck with Compton ha😂,0,0,2025-01-17T00:48:53Z,2025-01-17T00:48:53Z
UgwW_RNsg0Xmx5sGK8h4AaABAg,@ericdavis5875,0:03,0,0,2025-01-07T03:31:56Z,2025-01-07T03:31:56Z
UgxZ5xqYXLQ4l5S-5eJ4AaABAg,@EmmaLauberbach1904,"🧠: as a Kendrick fan, i shouldn't listen to this.
🫀: *just read the comments throughout the whole song.*",0,0,2026-02-13T17:03:19Z,2026-02-13T17:04:04Z
UgygZTSO43NnxEpsV8F4AaABAg,@chloeeig,the amount of kendrick minions under this comment thinking they did something is crazy lmaoo,4,0,2025-03-27T08:47:39Z,2025-03-27T08:47:39Z
UgxR5mQIkM5RtHWQONZ4AaABAg,@LilMister44,5:25,0,0,2025-02-01T04:32:33Z,2025-02-01T04:32:33Z
Ugy-XRi0n2txkytLivR4AaABAg,@Fielding46,Because ll,0,0,2025-04-24T23:08:40Z,2025-04-24T23:08:40Z
UgxBV1621CBionjKUlx4AaABAg,@NishantSingh-hw6ic,Kdot sucks,5,0,2025-02-28T08:48:03Z,2025-02-28T08:48:03Z
UgzdzQUrtzRxxpyxWRN4AaABAg,@chiaesthetics07,Family ties>>>Family matters,1,1,2024-10-29T07:47:59Z,2024-10-29T07:47:59Z
UgyS2ygV-7-w9Q_241B4AaABAg,@aaronbaker2089,Kendrick already jad his shit recorded,0,0,2025-09-05T17:47:37Z,2025-09-05T17:47:37Z
UgyvWUOvIHzngruEmwR4AaABAg,@NBAverageHeight,Still better than KSI,0,0,2024-10-19T23:10:49Z,2024-10-19T23:10:49Z
UgzDCOLYbzvrY1poC4R4AaABAg,@madhavraj1650,5:16,1,1,2025-02-18T13:31:14Z,2025-02-18T13:31:14Z
Ugxn3cqsNoECBAzlJ0R4AaABAg,@period8705,Drake won. Period,4,1,2026-06-02T11:53:46Z,2026-06-02T11:53:46Z
Ugzqfn_XigLWZynEASt4AaABAg,@nethaniahkamandala8543,Drake lost but this is still the pick of the bunch for me,2,1,2025-08-02T12:30:38Z,2025-08-02T12:30:38Z
Ugw06C1xFJRaOeW9BIt4AaABAg,@Noyolo278,And then Kendrick wins a Grammy 😂😂😂😂,0,0,2025-03-05T03:01:26Z,2025-03-05T03:01:26Z
Ugw-z2AuZLaDgTrZ8LB4AaABAg,@frankready833,Not even pg-13 yea he is what he is,0,0,2026-05-24T02:45:03Z,2026-05-24T02:45:03Z
UgwWOD-0jgYaRNa4ouV4AaABAg,@LeannaLeo-g5f,I feel he just dissing himself. I just wanted change the song… but had hear his side.  😅,0,0,2025-02-25T20:58:19Z,2025-02-25T20:58:19Z
UgyryE4fgu5RbwboSAl4AaABAg,@Mangorgn,comment,0,0,2025-04-29T00:02:56Z,2025-04-29T00:02:56Z
Ugzp0yXzZsS4qiRavgB4AaABAg,@retroze1746,Drake > Kendrick any day.,2,0,2025-08-01T00:01:58Z,2025-08-01T00:01:58Z
Ugx3bO_ulfnbZPSZwbV4AaABAg,@Gateflicks,How did this get almost 7 million views with totally off lyrics..damn 😡,1,0,2025-09-27T22:31:53Z,2025-09-27T22:31:53Z
UgzoMuZgX-Dnh01l8Kh4AaABAg,@AnthonyIsSigma125,Who mad this Drakes or Kendricks,0,0,2024-10-21T01:51:23Z,2024-10-21T01:51:23Z
Ugw37tkQac3UYf1-g7V4AaABAg,@Cosmic555sw,I forgot how hard this shit slapped,3,1,2026-06-08T05:30:47Z,2026-08-30T07:18:02Z
UgyC-JIV8B4uegZmxwp4AaABAg,@GhostinAI,"I remixed this, on my channel. This shit took forever",0,0,2025-01-27T19:37:40Z,2025-01-27T19:37:40Z
UgyFlZfTOX0Tk8-CYgV4AaABAg,@Yasin-b6z8o,DRAKE THE GOAT,1,1,2025-02-07T16:32:11Z,2025-02-07T16:32:11Z
UgznfAEP29uDYbifmjp4AaABAg,@CHICAGOFIREWORKS,Drake killin Kendrick all day every day,3,0,2025-04-23T12:15:59Z,2025-04-23T12:15:59Z
UgxT4s_nc6qYjAjLdqF4AaABAg,@davidjones9644,THE THIRD SONG SHOULD HAVE BEEN THE SONG AFTER NOT LIKE US,0,0,2026-04-21T04:44:10Z,2026-04-21T04:44:10Z
Ugw0fubMH79eabCnQs14AaABAg,@thedanman6332,2:08,0,0,2025-10-17T19:29:24Z,2025-10-17T19:29:24Z
UgxWxweHkPqvDUz_prZ4AaABAg,@AndrewStern-n6c,To sum this up Kendrick Lamar is USA and Drake is Canada …. Drake 💯💯💯💯💯,0,0,2025-02-11T06:26:01Z,2025-02-11T06:26:01Z
UgzW-DRNVwXreOG7hmV4AaABAg,@Stingers_death,5:16,0,0,2026-03-02T08:55:52Z,2026-03-02T08:55:52Z
Ugx5Y2b_hybmtlt8sH54AaABAg,@amaterasu9211,"The family matter, and the truth of the matter, it was God's plan to show y'all the liar",1,0,2025-02-24T08:05:26Z,2025-02-24T08:05:26Z
Ugy8XS-DuGksy5FdQFx4AaABAg,@reggiebuff8501,Please don't let this turn into biggie and 2pak keep it lyrical.,0,0,2025-03-07T07:38:55Z,2025-03-07T07:38:55Z
Ugz0VYdeSsVWQIjeSWd4AaABAg,@VeronicaHorseman,I am the real the real teh dmt Gil there’s girls copying me is a compliment Kim kardhsin would say that,0,0,2025-01-14T16:41:40Z,2025-01-14T16:41:40Z
UgwRgQPwL6B_mbDiZ5F4AaABAg,@Fielding46,Ermm,0,0,2025-04-24T23:09:17Z,2025-04-24T23:09:17Z
UgxLv9x8ePhAo56pshZ4AaABAg,@arathfelix7663,This is the best diss response let’s be real,4,0,2024-12-14T14:05:56Z,2024-12-14T14:05:56Z
UgwwbMKzYdy3LAKBwSB4AaABAg,@mystery44226,Drizzy killed Kendrick here and nobody can tell me shit,7,2,2025-03-01T18:54:16Z,2025-03-01T18:54:16Z
UgxRhtmE350MngL5RvR4AaABAg,@DamianArthur-bw1so,"Sonically this was the best of the beef, lyrically Kendrick demolished Drake.",1,1,2026-02-21T03:37:17Z,2026-02-21T03:37:17Z
Ugy7CLQFa4RgUE8jgX94AaABAg,@aziztennis1,Drake bodied them all I swear,1,1,2024-11-26T09:08:36Z,2024-11-26T09:08:36Z
UgwnO1vKAevhdkLiEJt4AaABAg,@deysaqii,Maturing is realizing drake won the beef,6,0,2026-04-22T16:41:38Z,2026-04-22T16:41:38Z
UgzrdkY4WnEpWULdJvR4AaABAg,@Scarwars909,Bru Kendrick winning this battle,1,2,2024-10-05T12:13:28Z,2024-10-05T12:13:28Z
UgwTtvYiqQqMNzOLSg94AaABAg,@jimmyfaith777,"Song for Song, Drake won as far as I'm concerned. Kendrick only had (They not like us). Drake has more hits that you can still listen to after this is completely over. Push ups is a hit. Drop is a hit. Family matter is close to a hit. Listen without a biased opinion for Kendrick. We all like Kendrick as well.",1,2,2024-10-19T01:39:51Z,2024-10-19T01:39:51Z
UgzUrPnp_p3ypyd6u9Z4AaABAg,@Cammmmeron,"Its funny to go back and read the comments... obviously theres gonna be a lot of drake fans on here, sorry guys haha",0,0,2025-02-04T03:50:22Z,2025-02-04T03:50:22Z
Ugw_2oBeiKFzVa-S0gF4AaABAg,@antheaemmanuel7170,kedndrick is better not like us 😈😈😈🤯😎😈😈,0,0,2025-01-26T21:47:57Z,2025-01-26T21:47:57Z
UgyBTyouWqqiN2P1U4d4AaABAg,@Hasblock,It’s been enough time where you can say this was the better diss without being attacked,3,1,2025-07-07T12:48:08Z,2025-07-07T12:48:08Z
UgzLBQUQ5ENc0yz2XOZ4AaABAg,@timbango2090,This don't touch meet the Grahams,2,2,2025-02-02T15:24:46Z,2025-02-02T15:24:46Z
UgyZ6Pdtn-HynA-s0IV4AaABAg,@Crystalmamaof6,Kendrick lit his aaa on fire and he knows it! KENDRICK DID IT BETTER! DRAKE JUST CRYING,0,0,2025-02-14T01:54:52Z,2025-02-14T01:54:52Z
UgzidFq7Tkisj-OXZlZ4AaABAg,@SurfNturfz,Drakes Autotuned ass is so whack 😂😂😂 I didnt even know this came out for a year,3,2,2025-09-08T15:20:31Z,2025-09-08T15:20:31Z
UgwzZAxcs1pGmVHCdwt4AaABAg,@VeronicaHorseman,That serpent king is being so dramatic for a Gang. Leader I don’t like him no path,0,0,2025-01-14T16:44:28Z,2025-01-14T16:44:28Z
UgzGzUcBlpGI463LYyl4AaABAg,@MR_MIAUS,Honestly this is w but I say Kendrick,0,0,2025-03-08T01:35:20Z,2025-03-08T01:35:20Z
UgyXGprr6SttUuYfw-N4AaABAg,@lofiwifi,"I side with Kendrick, but however, this song does lowkey kinda hit whenever it did release.",0,0,2025-02-20T00:52:57Z,2025-02-20T00:52:57Z
Ugx5mzvxXTsqJxDZWdp4AaABAg,@kcgregory6431,Y’all act like just because he have ghost writer at times that he don’t write none of his music. Most legendary artist done had plenty songs written by other people.,0,0,2025-02-11T19:16:28Z,2025-02-11T19:16:28Z
UgzpJFhEqUbHcHvIhUV4AaABAg,@VeronicaHorseman,Notes later,0,6,2025-04-12T16:13:00Z,2025-04-12T16:13:00Z
UgzG6FXXDc8UDlh9Qgp4AaABAg,@Tonys_Shop,This was the best track out of all the diss records,1,0,2024-11-29T22:15:42Z,2024-11-29T22:15:42Z
Ugz-8ZhAOO33Rya-T4J4AaABAg,@ElbatinBaruti-fe1on,Bro kendrick dropped so fast I heard kendrick first then drake,0,0,2025-05-07T14:46:43Z,2025-05-07T14:46:43Z
Ugw5LIp2mvWPJGSR4k54AaABAg,@lamindarboe3772,HE not like US,0,0,2025-01-13T01:13:46Z,2025-01-13T01:13:46Z
Ugwy9-Bs8AjOPhIQZ8l4AaABAg,@chadpopulisjr243,DRAKE WON!!!!!! 2026! #Drake,2,0,2026-01-31T04:50:59Z,2026-01-31T04:50:59Z
UgwnkOILBX96ErO-tqt4AaABAg,@sturgiogarcia9462,Kendrick stans you are not safe here,4,1,2025-07-31T04:04:29Z,2025-07-31T04:04:29Z
UgxJgYXM4XxWxjyOm-x4AaABAg,@INTERNETREADINGS,"I fw drake for life lol f the bs. Drake has hits for days , Kendrick can never-",0,0,2025-02-09T15:27:20Z,2025-02-09T15:27:20Z
Ugy9-lFJ8X96FtOXfOt4AaABAg,@carltonrudolph,Yall just haters this is shit is wild,6,1,2026-01-17T03:49:57Z,2026-01-17T03:49:57Z
UgyWTOOgJ6RoGkDXBSF4AaABAg,@Jeffnot_abozo,Ok drake just snitched himself 1:12 😢,0,1,2024-11-03T09:19:28Z,2024-11-03T09:19:28Z
UgySgNDY6aJ-rl-P0g94AaABAg,@avaumariehosein977,U was tryna keep it pg for them u trying to do,0,0,2025-02-01T21:35:36Z,2025-02-01T21:35:36Z
UgxdBT2PnIbBPuMB_Wl4AaABAg,@aprilhottinger,Ross calling me white boy and that shit kinda got a ring to it. That’s never an insult if somebody calls you that is a compliment in any part of the world.😂,0,1,2026-07-09T20:15:03Z,2026-07-09T20:15:03Z
UgwOf4gZlZ6uPwO-P3d4AaABAg,@OverRatedN4T1V3,I'd rather listen to Drake than that mickey mouse ahh 🗑,3,0,2026-03-07T00:58:10Z,2026-03-07T00:58:10Z
UgyYn1APpt8Id8RIj4V4AaABAg,@OttoSizemore-s3t,I think Drake wins,2,0,2025-03-04T17:56:47Z,2025-03-04T17:56:47Z
UgyWnPh25CXxKBnaqeN4AaABAg,@KatelynLeah18,KENDRICK LAMAR ALL THE WAY ❤️,1,0,2024-12-30T14:26:14Z,2024-12-30T14:26:14Z
UgyHnjFI-Af7x4LSE7t4AaABAg,@RetroBeam-k8y,"I may not fuck with drake but this song does go pretty hard, the second and last beats are filthy",2,0,2025-12-19T19:40:23Z,2025-12-19T19:40:23Z
UgwQS_iFS1UTXsOOaIN4AaABAg,@malcolmgodshield6837,Guys hear me out. He deserved the loss he got but this right here is banger,0,1,2025-03-12T10:55:00Z,2025-03-12T10:55:00Z
UgyMHiHtROHeq6r_bEl4AaABAg,@SuprisedWolverine,Suing for the rap beef and not the accusations is wild😂 #November2024,0,0,2024-11-26T21:56:40Z,2024-11-26T21:56:40Z
UgywPj0khwzC1DnhjWZ4AaABAg,@andremables5990,Drake is so much better 😂 from i guy that can rap. I don't Kendrick or drake. I just hear bars😮,1,0,2025-04-22T03:19:04Z,2025-04-22T03:20:20Z
UgxcyRcJ41Mbutg-CZl4AaABAg,@FatimaAmerson,"Drake went at Kendrick manhood and integrity first and tried to destroy his image because of the verse from ""Like Dat"". Wow he wanted all the smoke.",0,0,2025-09-05T01:48:42Z,2025-09-05T01:48:42Z
UgygGrN5bz0KvOIYVil4AaABAg,@stephen1898,"If rap beefs were real, they'd agree to fight.  All for the kids and bottom feeders. I like both rappers. Can't make me pick sides. I'm not a part of the fake millionaire drama.",0,0,2025-02-16T12:41:44Z,2025-02-16T12:41:44Z
UgzvJhnrZdw4myuMctx4AaABAg,@noteventhatguy,"It's so unfortunate that this diss so mid, cuz over all, this song is fire",0,0,2025-05-19T13:01:16Z,2025-05-19T13:01:16Z
UgzT9yLOBEUEANvNplJ4AaABAg,@JackWessels-z1l,"Everyone knows that he doesn't write everything he raps. It's been proven. He will, however, run his mouth. He will never actually fight anyone (by himself) . He knows he can't. He will never get all big and bad (by himself). He knows he can't. He will never be sincere. He knows he can't. He will never be anyones actual friend. He knows he can't. He will never be the person he pretends to be. He knows he can't. He just pretends. How is he real? Sad.",0,0,2025-06-28T23:13:37Z,2025-06-28T23:13:37Z
UgzH1DQHoG0TYzlRH1B4AaABAg,@demetrickcaldwell6124,Drake just hit different bro im sorry,0,0,2026-03-02T00:19:31Z,2026-03-02T00:19:31Z
UgyZBml_tu4z213vHMl4AaABAg,@KabeloNtleru-l7n,Dis is no rap battle track Drake is stuck in trap.,0,0,2025-05-07T05:43:32Z,2025-05-07T05:43:32Z
Ugwvsjhda_XorkZvSIF4AaABAg,@FlySince1992,UMG is B's and been tricking artist years,0,0,2025-02-14T05:25:42Z,2025-02-14T05:25:42Z
Ugy6Qx2kGSzcuh20dr14AaABAg,@hartbreakidj,people keep saying this was underrated but it’s honestly so corny … especially the first half,0,0,2026-08-18T16:12:29Z,2026-08-18T16:12:29Z
Ugx5BNrLAzi84uoVYOd4AaABAg,@codychambers6974,No Drake came back with facts not Kendrick’s lies and creative bs,1,0,2025-12-14T05:29:14Z,2025-12-14T05:29:14Z
UgxktETSINC13aPvGjB4AaABAg,@tjb1223,Get your timing right on the video fmd,0,0,2024-12-09T13:17:06Z,2024-12-09T13:17:06Z
UgwZSieVKWFsMyFVDZJ4AaABAg,@edone6663,"When you sue the  universal music group for , Not like us ,,,,,, you proved you are weak ,,,  can’t handle the loss and humiliation 


simple words ,,,,,,,,
more transparent than water,,,,can’t",0,0,2025-03-22T04:32:19Z,2025-03-22T04:32:19Z
UgzbgCzegmUp8eBv6s14AaABAg,@3200block4oh,"Nah let’s be real… drake was dissing about 10 people in all these diss songs. Drake was legit getting jumped. He held it down till he couldn’t. Respect.
It took dot 4 tracks to make a impact on Drake career",0,0,2025-02-11T14:21:32Z,2025-02-11T14:21:32Z
UgzcCCIqKujDfk64NJV4AaABAg,@phil-f716,"Lmao this is dookie. 

Drake calling anyone a wannabe gangster is funny as shit.",2,0,2025-02-19T05:08:21Z,2025-02-19T05:10:21Z
UgyxNkevM2JNTdEPAER4AaABAg,@cristalp.2710,Don’t fcuk with a quiet Gemini this is what you get ……✌🏾Drake,0,0,2025-02-10T22:27:20Z,2025-02-10T22:27:20Z
Ugwr1T3VCMz2BiYh0NZ4AaABAg,@cristalp.2710,Don’t fcuk with a quiet Gemini this is what you get ……✌🏾Drake,0,0,2025-02-10T22:29:35Z,2025-02-10T22:29:35Z
UgyjniLxG5wcqHobQbp4AaABAg,@mauricejones2076,Am i the only one that thinks this is better than Kendrick diss😂??,4,3,2024-10-23T00:24:52Z,2024-10-23T00:24:52Z
UgyWZbvXF6EmAEoD9z14AaABAg,@Vicdamonejr87,At the end of the day drake is goin to be more successful and have more hits mfs lose battles its about whos always going to make hits and be relevant,0,0,2025-06-05T18:21:37Z,2025-06-05T18:21:37Z
UgylfsBJYNhHqV2gpm14AaABAg,@longshotsmedia,Dissing Michael Jackson is weird lol,0,0,2024-11-25T16:16:45Z,2024-11-25T16:16:45Z
UgyG_XlpsjBfWDILv5J4AaABAg,@willemverhoeven2196,These rhymes are like anti rapper,0,0,2025-02-23T21:42:32Z,2025-02-23T21:42:32Z
UgxK7yj5wWFzc2PiZud4AaABAg,@QueenVee69,Wack 😂,1,0,2025-06-04T07:59:54Z,2025-06-04T07:59:54Z
UgyYpoqPFpcrnes6fpp4AaABAg,@K-Choi,Drake's tryna keep it PG line didn't age so well,0,0,2025-02-18T01:12:43Z,2025-02-18T01:12:43Z
Ugwfl8psJ0GIVWcF-up4AaABAg,@shefkiabdu-rahmanbafti1331,"This was such a cute song & it literally only lasted like maybe 4 hours 😂😂😂😂
Drake literally thought he dropped the best Diss track ever & then boom 4 hours maybe 6 or 8 
KDot brought the world 
""NOT LIKE US""  & i mean world!!! Changed the whole game up everybody & they mama & they grand mama was banging that shit 
& after Kdot dropped that shit at the damn super bowl 
A year later after drake saying big as the super bowl 
With record setting 137M view's 
There is nothing really else to say like its OV with no 0 
Thats it !!! Pack ur bags Cuh 
You just ended yourself 
You poked the bear 
You did what arist try to do to Eminem 20 years ago & we aint heard from them sinse
MGK did it 5 years ago & hes like a gay pop/rock artist now
Maybe collab with him or something 🤔",0,0,2025-02-12T09:27:53Z,2025-02-12T09:27:53Z
UgxtOtyhZ65VGtuy-xF4AaABAg,@ambermeadow2870,Kendrick ended this mf- drakes song is hard to listen to,2,1,2024-12-27T03:09:23Z,2024-12-27T03:09:23Z
UgxG80svUkwP4dD42KR4AaABAg,@Val-fl8mu,Drake buys pharrels chains thinking its some type of win. He buys kendricks moms old van cause its a win?? Who is giving this kid guidance???😂,0,0,2024-11-29T09:45:29Z,2024-11-29T09:45:29Z
UgxGiu_-yWbS4itRpdh4AaABAg,@AbsterNoneOther,Drake is low key winning hes the man,3,0,2025-02-24T22:46:56Z,2025-02-24T22:46:56Z
UgxorLTAVudCrjt-qw14AaABAg,@KeighKeigh,🥱,0,0,2025-05-07T01:40:02Z,2025-05-07T01:40:02Z
UgxJJz7Oc8W59c3mq2d4AaABAg,@TrueHouseLife-vn1gz,Soo we all understood that Drake is threatening his life right,0,0,2025-02-17T08:27:13Z,2025-02-17T08:27:13Z
UgzR5UceLfB_TfFGX_54AaABAg,@Down4Lifee,Bro I don’t care what nobody say! This song and drop and give me 50 hits harder than they not like us! Y’all dillusional!,3,1,2024-11-24T18:47:24Z,2024-11-24T18:47:24Z
UgxPbfIoRQ-Nd49Gekt4AaABAg,@shaquoriajennings,I personally think Drakes is better,2,0,2025-02-25T12:32:51Z,2025-02-25T12:32:51Z
UgwqHlxTaQfwUDP14HF4AaABAg,@JojotheCat9,THERES LYRICS WRONG!!!! nah im not listening to,2,0,2025-09-02T02:31:22Z,2025-09-02T02:31:22Z
UgzzEriyy1mO89a5Hyt4AaABAg,@goylanddefree80,Drake won,3,2,2024-11-20T13:26:54Z,2024-11-20T13:26:54Z
Ugx8u2TEvANrfm2l-sZ4AaABAg,@booniedamanfosho,Drizzy by far is the winner 💯,0,0,2024-12-19T10:01:42Z,2024-12-19T10:01:42Z
Ugxan7iIDV5qkMAWhVd4AaABAg,@Fase3-f2w,Sooooooooooooooooooooooooooooo Drake won right??? 🤔💭,2,1,2026-03-12T20:29:56Z,2026-03-12T20:29:56Z
UgxGcGEZenVrXVv3zE94AaABAg,@monkeyking2003,So many mistakes in the lyrics,3,0,2024-12-26T12:58:27Z,2024-12-26T12:58:27Z
UgzkJeLLwJIKYKOLBrh4AaABAg,@SgraGoldTagLLc,"YALL think he used ghost writers cuz Hes trash

No he used then so that when Kendrick cuh up missing they cant say he admitted it in his rap",0,0,2026-08-19T22:16:18Z,2026-08-19T22:16:18Z
UgyoIRL01KzBa7c3uWx4AaABAg,@L_TDDIIIIIIIIEDITS,Kendrieck definitely won't,0,0,2024-10-10T14:00:40Z,2024-10-10T14:00:40Z
UgwphzaokRHEwxGal_B4AaABAg,@YourChristianLifeTV,"I finally took a chance to listen to this track, and I have to say this is wack.",1,0,2025-02-08T07:56:10Z,2025-02-08T07:56:10Z
UgwLy6ZnYn0PMHv-SiZ4AaABAg,@Vicdamonejr87,I rather listen to this than that not like us shit that mf song so annoying and I don't even like drake much but this beat go hard,0,0,2025-06-05T18:18:46Z,2025-06-05T18:18:46Z
UgwFSkmWMs3ClRTLKI54AaABAg,@herbertbarbosa9833,😳😳😳😳😳😳😳😳😳😳😳😳😳😳😳😳😳😳😳😳😳😳😨😳😨😨😨😨😨😳,0,0,2025-06-18T20:41:29Z,2025-06-18T20:41:29Z
UgxKF9yCcRVCKbUESJt4AaABAg,@GODJIHANNIEL,Kendrick ended him 😂,0,0,2025-06-10T18:21:52Z,2025-06-10T18:21:52Z
UgwRVIVu12GC8GCXWSd4AaABAg,@S.Williams-lw1uz,Listening to this diss 8 months later I realize that drake actually ate.,3,3,2025-01-05T17:06:32Z,2025-01-05T17:06:32Z
Ugz2MvW16EbFPad7zI54AaABAg,@SkyeS-m9b,i mean its not that bad..... its not as bad as his heart part 6....... which isnt saying much,0,0,2024-12-16T03:08:23Z,2024-12-16T03:08:23Z
UgxQTDAJ_E45Wwmbt4R4AaABAg,@h20forlife4,Drake body Kenny 😅,0,0,2024-11-04T00:18:31Z,2024-11-04T00:18:31Z
UgwHkPQAUPtmye5JKNR4AaABAg,@eps24,Still the best song from the beef.,3,2,2025-03-18T22:53:52Z,2025-03-18T22:53:52Z
UgwReWREaVje7QbassZ4AaABAg,@2TurrkTommy,Ngl drake not a pedo kdot rlly beat his wife bearly sees his kids at least 1 of his kids is Dave freezes then Kendrick’s dad got robbed by top and he texts drake what not to say and bro proposed in 2015 and still not married now Kendrick says drake is a pedo and now drake is a pedo (lie) 🤦🏽‍♂️🤦🏽‍♂️,7,1,2024-10-05T17:19:30Z,2024-10-05T17:19:30Z
UgzwXxE3vJ8kJ85rGKt4AaABAg,@DeeqaAbdi-x1b,Yes I did my mum bad but it’s fine I’m here for her,0,0,2026-01-30T18:50:40Z,2026-01-30T18:50:40Z
UgycCRS79Oj-cK80qhJ4AaABAg,@Dieselbrody,Crown Kendrick Lamar he won by far. He dropped three days after the fact.,0,0,2024-10-08T13:04:20Z,2024-10-08T13:04:20Z
UgwyTrqoYUF_m2Riq5l4AaABAg,@kevojack,New York shit ruined the whole thing 😂😂 shit coulda been so much better.. l lemme get cole doe,1,0,2024-12-31T02:55:57Z,2024-12-31T02:55:57Z
UgzOvYb9sSI9XSk9k0t4AaABAg,@DeeqaAbdi-x1b,Drake is illumanati omg,0,0,2025-11-15T08:23:18Z,2025-11-15T08:23:18Z
UgxnY_-nCgsDOLGQ7Ut4AaABAg,@jeromewilson2949,Drake is playing the long game and people are too stupid to realize it.,6,0,2025-02-12T13:01:17Z,2025-02-12T13:01:17Z
UgySzN_oNTKmw72VvmR4AaABAg,@demarco8680,This mfer was the hottest outta Drake tracks 1-4,0,0,2025-01-28T00:00:29Z,2025-01-28T00:00:29Z
Ugzzrk18_n6xGyv3LL14AaABAg,@Makeithappenrecords2026,Poor little size 7. He needs Drake to be relevant. What a dam shame ... PAC is shdh......... EMBARRASSING,1,0,2025-10-09T23:59:55Z,2025-10-09T23:59:55Z
UgyJaXVZ9MIAoZ1-XQl4AaABAg,@karaboTladi-kh1xu,Lol it's a club banger though....can't be a diss ai never,0,0,2025-02-19T16:11:17Z,2025-02-19T16:11:17Z
Ugw9S0RZXmr9fUjxTs94AaABAg,@KeysGabriel,How much people did he diss on 3 different beats on one song? This easily holds weight but its drake so yall gotta hate,0,0,2025-08-24T19:09:59Z,2025-08-24T19:09:59Z
Ugxrx0fzEo8dE8huEsx4AaABAg,@clrkdnise105,DRAKE STICK TO SINGING PLEASE.. KENDRICK IS 💯💯💯💯💯💯💯💯💯💯💯💯💯💯💯💯💯💯💡💡💡💡💡💡💡💡♊️,1,0,2025-02-13T01:24:09Z,2025-02-13T01:24:09Z
Ugzd5pfv13cfyOEFcFt4AaABAg,@novicedev-n2e,"Drake was unto something on this song thats why kdot was so quick to release meet the grahams and not like us and so desperate he had to call drake a pedophile to take attn from himself.....your days are numbered kdot , drake is coming back for that crown 🤫",0,1,2025-02-06T19:39:21Z,2025-02-06T19:39:21Z
Ugxlguka2SfR9t9QUDF4AaABAg,@jazzwiththat,The PG part…sound like a copy cat lil durk,1,0,2025-02-14T22:42:05Z,2025-02-14T22:42:05Z
UgwLL_JW3lSFeaX_Jzh4AaABAg,@AndreM37,Ngl drake slid on this track,1,0,2025-07-15T15:33:16Z,2025-07-15T15:33:16Z
UgzXsfPep-JEvlLRDOt4AaABAg,@sarahpurrney7705,Drake won,1,0,2026-02-03T07:50:13Z,2026-02-03T07:50:13Z
Ugy7WoCZrn1QJvvFJ3d4AaABAg,@Bigtruthnolies,Kendrick a culture vulture 💯,0,0,2026-03-23T12:03:02Z,2026-03-23T12:03:02Z
UgyY5uV2x9cm3FnVLSB4AaABAg,@justinanazande380,And kendrick just dropped him in mud 😂😂😂😂 never pick a fight with short men in them flairs/hipsters,0,0,2025-02-14T21:45:53Z,2025-02-14T21:45:53Z
UgzN323pdsd2y04cHLl4AaABAg,@Getoisfine,im a time cerifiad time travler and k dot won,0,0,2025-11-11T19:48:10Z,2025-11-11T19:48:10Z
UgzBPHzY1E4UbUhdxSt4AaABAg,@BC-fy3rd,Let me get in because this is so weak,0,0,2024-12-31T12:36:19Z,2024-12-31T12:36:19Z
Ugyu2C9trj-Wf9l-Ly54AaABAg,@zaynemottram2698,L,1,0,2025-08-20T19:57:30Z,2025-08-20T19:57:30Z
UgzyURJgTxX68lwQQHp4AaABAg,@rickmorency6481,Drake did Dot a favor. Kendrick was about to be relegated to j Cole status j Cole lane.  Drake soft ass put the spotlight on em for a year straight now look....Dot should send a bag for riding the wave,2,1,2026-02-12T22:20:42Z,2026-02-12T22:20:42Z
Ugz-Q83XhqINfITRGvZ4AaABAg,@VeronicaHorseman,Eileen and Yvonne dead to me,0,0,2025-04-12T16:13:17Z,2025-04-12T16:13:17Z
UgwvqCTUC6OUL1ZkNrV4AaABAg,@Benjie33,This sounds so AI so FU,0,0,2024-12-07T05:52:32Z,2024-12-07T05:52:32Z
UgyfxlPrftXVlmKG6p14AaABAg,@aprilhottinger,Kendrick rap in like you trying to set the slaves free NIA you ain’t no activist😂,0,0,2026-07-09T20:09:35Z,2026-07-09T20:09:35Z
Ugz2ETjhgC_gyjNqGkF4AaABAg,@stevenrandolph1654,This is on a whole different level of corny .,3,1,2024-12-28T13:30:24Z,2024-12-28T13:30:24Z
UgzeZi33jiJ4tdpXUGJ4AaABAg,@VxRALFN-YT,"Kendrick group 

         |
      .",0,0,2024-12-18T19:19:07Z,2024-12-18T19:19:07Z
Ugw-Sh8MdW4BmDLb_sl4AaABAg,@jessearms2954,This song way better than not like us period! Y'all can lie and type about it all you want,1,0,2025-05-20T15:54:11Z,2025-05-20T15:54:11Z
Ugyv5cFoi7MiNaqMB354AaABAg,@BurgBoundKvsh727,Bruh got bodied so bad I forgot to even listen to his disses tah dat boy Kendrick lol this my first time hearing this Rnb azz diss track,0,0,2025-09-17T09:51:16Z,2025-09-17T09:51:16Z
Ugy0TpzLBbBdW0m8m6l4AaABAg,@dwaynetaylor5071,Drake Won…,2,2,2026-04-05T05:44:53Z,2026-04-05T05:44:53Z
UgzqujPUN0QvxeT8WKB4AaABAg,@nicholasgulli6473,Not one kendrick song went harder than this😂,6,1,2025-11-24T08:09:02Z,2025-11-24T08:09:02Z
UgyQc_9SZDFUw1lC6EV4AaABAg,@Stacy-l5z,Kendrick lamar  all the way hes a god 🔥🔥🔥🔥,0,0,2025-03-13T14:35:43Z,2025-03-13T14:35:43Z
UgyrJhioXlwvxM4PLbx4AaABAg,@CharuAram,This was 😅,0,0,2026-07-11T19:21:14Z,2026-07-11T19:21:14Z
UgwlmjpbktKXA9tLamt4AaABAg,@0APHR0D1TE0,2:27 hits hard asf drake won his bass goes crazy,2,0,2026-08-21T22:12:30Z,2026-08-21T22:12:30Z
UgzWXIiNQp75wSkvQGx4AaABAg,@JohnNarvaez-i3k,Kendrick better drake had to leave his 3 year old kids to go sing,0,1,2025-04-27T17:48:13Z,2025-04-27T17:48:13Z
UgwONMiMdlMKjNv5Cw54AaABAg,@mr.mikelewis1030,This is the best diss of them all IDGAF what anyone say....NLU beat saved Kbot bc the lyrics were trash in comparison to this...Drake slid this aging like fine wine,3,0,2026-01-07T15:44:44Z,2026-01-07T15:44:44Z
UgzfMLuPq71LvwPNPBl4AaABAg,@user-kh5mh8cy7p,This song is way better then not like us 🤷🏽‍♂️,6,0,2025-11-23T05:17:53Z,2025-11-23T05:17:53Z
Ugw0ZrEzGNfQNK0QpV54AaABAg,@SecretHipHop,I respect Kendrick more but drake definitely won this,4,0,2025-03-29T03:28:53Z,2025-03-29T03:28:53Z
Ugx9QB_9Ze-D2LzTCUd4AaABAg,@flockcard,Yall can debate me all yall want but this is Way better than not like us and meet the grahams yall are genuinely tripping and obviously gullible enough to believe ts with absolutely no proof,1,5,2025-02-26T00:54:40Z,2025-02-26T00:54:40Z
UgyFYcYVyVTo3Ccn_p94AaABAg,@0817490,What happened to solidarity with your race? How narcissistic and childish both of them,0,0,2025-02-10T15:01:04Z,2025-02-10T15:01:04Z
Ugx7MJdlgUIaaVbvfdd4AaABAg,@Shacktown110,i actually like this song a lot but we all know who won,0,2,2025-08-30T10:11:30Z,2025-08-30T10:11:30Z
Ugz0hmlvcGI1R8RA2KF4AaABAg,@BurgBoundKvsh727,"The last part of this 5 fingers of death azz diss track show how lazy Drake got wit his flow lol shid sound like ""The language"" just rap his verses from there on dis and you'll hear it 🤣",0,0,2025-09-17T10:08:24Z,2025-09-17T10:08:24Z
UgzVdY5i_xdW5O-UjTt4AaABAg,@DeeqaAbdi-x1b,Who begged attention from u,0,0,2026-02-06T21:36:41Z,2026-02-06T21:36:41Z
Ugx7aEGGOhhgFVEuI9p4AaABAg,@crimsonculture4461,"I vibe with the last track hard... Hot disses... And I ain't even a fan of neither, they all satanists.",0,0,2025-02-24T22:01:37Z,2025-02-24T22:01:37Z
UgyEfkWpOqAers1O-jt4AaABAg,@kennynguyen4136,"""Kendrick just opened his mouth, someone go hand him a grammy right now"" got what he asked for i guess.",1,0,2025-02-18T06:21:42Z,2025-02-18T06:21:42Z
UgwX2DRX3IWJt8e6HsZ4AaABAg,@DeeqaAbdi-x1b,Drake sold his soul,0,0,2025-12-02T15:41:39Z,2025-12-02T15:41:39Z
Ugza4mchrFvdp1QgulF4AaABAg,@prod.markioo,bro these are not the right lyrics my guy,1,0,2024-10-25T18:43:49Z,2024-10-25T18:43:49Z
Ugx0ERhxY8ifn7UaTJ54AaABAg,@dennisha1067,Kendrick Lamar is winning 🎉,0,0,2024-12-04T00:12:23Z,2024-12-04T00:12:23Z
UgxVLOIdBKvivrifnap4AaABAg,@BigDogg-1,Trump said Kendrick won..,0,0,2025-05-05T01:00:19Z,2025-05-05T01:00:19Z
UgwgVN2fUyjEX6gjiud4AaABAg,@casparhughey5651,"You're so way out of your league, son",0,0,2024-11-22T03:06:54Z,2024-11-22T03:06:54Z
UgycX78wDNgKhNSQ6Fh4AaABAg,@GOATTTTT777,Song is ahh,1,0,2025-02-19T18:59:10Z,2025-02-19T18:59:10Z
UgzL1UtjFlseAfL5tqZ4AaABAg,@Kat-rice1957,"Drake dang who won drake or Kendrick I lisend to both and I agree with Kendrick drake you a minor
Why drake say the n word so much",0,0,2024-10-11T22:27:35Z,2024-10-11T22:27:35Z
UgywkBrHyIQ_ZAYCjYx4AaABAg,@clutchislikethat,Kendrick won,0,0,2025-01-17T00:08:11Z,2025-01-17T00:08:11Z
UgwiQS5oAwpYZ6TBN014AaABAg,@happymukuka5852,Still my best diss track,1,0,2025-01-12T19:28:42Z,2025-01-12T19:28:42Z
Ugz2ixUoBXzR-nbvBot4AaABAg,@driftwolf9888,Had to sit through 5 mins of bs until i heard something actually decent,0,0,2026-02-04T19:15:47Z,2026-02-04T19:15:47Z
UgzUHU6k50Lr15W8Hut4AaABAg,@jukeboxhero8722,Them ghost writers went crazy on this one lol,3,2,2026-01-31T00:07:59Z,2026-01-31T00:07:59Z
UgznLTL1ADxUJMQs20x4AaABAg,@Jaddaukofficial,I dropped a freestyle to this beat go peep it let me know how i did! 💪🏼💯🔥,0,0,2025-04-05T09:32:29Z,2025-04-05T09:32:29Z
UgygSHph0xXdNkZmUYB4AaABAg,@DeeqaAbdi-x1b,Dajjal is dead I’m not dead at all,0,0,2025-12-02T15:45:23Z,2025-12-02T15:45:23Z
UgxoVFXxalOatJ85-Gx4AaABAg,@Slightly-used871,drake lost lmao. he makes songs for 13 kids who want to feel bad ass,0,0,2025-02-10T10:35:35Z,2025-02-10T10:35:35Z
Ugzedo5aKFFfxIi10ex4AaABAg,@andrewharvey4938,Where are the girls coming out towards Drake? Kendrick's entire angle was Drake was a pedo... where are the cases? I think Drake won this if we are being fair...,7,3,2025-03-27T04:01:06Z,2025-03-27T04:01:06Z
UgxAOZXEfWJSEzjks7V4AaABAg,@rshbarca3239,Top song until he said.. there’s no where to hide you know what I mean… fd himself biggg time,0,0,2024-12-12T21:02:47Z,2024-12-12T21:02:47Z
Ugy5NtpPsAYh7DGlDtB4AaABAg,@dripkage6070,Drake won fr Kendrick so buns,4,1,2025-02-10T17:19:43Z,2025-02-10T17:19:43Z
UgxxvI61hOuZwd4B0jZ4AaABAg,@samadhirodriguez7579,"This rapping got a couple of witty lines and in the middle a good beat, but not as convincing as Kendricks",0,0,2025-08-09T00:00:44Z,2025-08-09T00:00:44Z
UgxKdEUHcTswYD9hKVl4AaABAg,@koketsoranyama6003,This song is fire 🔥,0,0,2025-01-22T07:16:39Z,2025-01-22T07:16:39Z
UgzwSyYIcD9YDgMNexV4AaABAg,@MentylBreakdown,Honestly this is better than they not like us,1,0,2025-08-22T21:22:30Z,2025-08-22T21:22:30Z
Ugyt6dgBld3IPFPNfo54AaABAg,@katgarry836,This shit is so soft I feel like he’s whispering in Kendrick’s ear🤣🤣🤣👎 He needs to stay in Canada!!,0,0,2025-02-17T11:00:47Z,2025-02-17T11:00:47Z
UgxHVL14OMMzP8I6UzN4AaABAg,@freeflowking,"Drake made what he needed and handed the crown to Kendrick cuz he wanted out, think about it.",3,0,2025-02-03T09:26:29Z,2025-02-03T09:26:29Z
UgzaB-aQZcTibbggWRN4AaABAg,@gokublackq2956,I’m not watching it unless they bring back Justin Roiland,0,0,2025-04-08T20:36:30Z,2025-04-08T20:36:30Z
Ugzwsi3OxZxhhMVnCAd4AaABAg,@jimboshrump,People say this the best song of that battle... to me its the most obvious  crash out and public crash out of all time. On so many levels was he out of touch with reality... cognitive dissonance,1,1,2025-05-03T22:18:27Z,2025-05-03T22:18:27Z
UgwbYn_hDQQMVgKYlAx4AaABAg,@simonmaina3681,This is wack,2,0,2025-01-20T04:36:46Z,2025-01-20T04:36:46Z
UgwMNSpggNLDxtorqAB4AaABAg,@DeeqaAbdi-x1b,Drake is illumanati,0,0,2025-12-02T15:41:16Z,2025-12-02T15:41:16Z
UgxKCaQAKfFkeLFclLt4AaABAg,@IkeemDickerson,Drake better,1,0,2024-12-05T03:04:20Z,2024-12-05T03:04:20Z
Ugwhed0utS0hfg5CX8V4AaABAg,@JosephHunte,Dirt,0,0,2025-02-20T01:06:29Z,2025-02-20T01:06:29Z
UgypESSwJxt32FC-bXx4AaABAg,@tommyharrelson9508,Yeah Drake Kendrick Lamar cooked u bra give it up my guy,1,1,2025-08-05T00:58:44Z,2025-08-05T00:58:44Z
Ugwh1tg-cQb3M6u4wUV4AaABAg,@katgarry836,KDot,0,0,2025-02-17T10:58:08Z,2025-02-17T10:58:08Z
UgyT5y1xkrovX5PY7994AaABAg,@jasonwright7787,Drake won,5,0,2026-01-25T22:22:04Z,2026-01-25T22:22:04Z
UgyeZ9rCxiiycpegIul4AaABAg,@cedricmcgowan203,Drake won this round,3,0,2024-11-25T04:56:06Z,2024-11-25T04:56:06Z
Ugz3RL_5eWPLHsd_JAp4AaABAg,@9inehoops,drake won,0,0,2025-02-13T14:53:35Z,2025-02-13T14:53:35Z
Ugy-l7Es1pN0s0tNRrt4AaABAg,@jordanharness1742,7 minutes of flames 🔥. Drake won the beef with just this song alone. Not like us is 🗑️,1,0,2025-06-05T15:03:54Z,2025-06-05T15:03:54Z
UgxLbzsfo8KQwI-SVpl4AaABAg,@EddieLove,"Drake outrapped kendrick, y’all just “fell in love” with the gimmicks.",10,2,2025-03-28T14:28:21Z,2025-03-28T14:28:21Z
Ugz_9kZtDtb1rfNoR3x4AaABAg,@Jared-u8k8u,Drake had the better songs you can't convince me otherwise.,0,0,2026-07-14T21:39:13Z,2026-07-14T21:39:13Z
Ugw75gh68-9NGYXcK-d4AaABAg,@MylaFoster-e8s,Drake really trying Kindreck is better sry drake,0,0,2025-03-09T20:24:11Z,2025-03-09T20:24:11Z
UgwKl54zBRM17rBFVUp4AaABAg,@melecee.777,Bro was lazy when he edited the lyrics lmfao.just skipped some lines,0,0,2026-06-23T13:28:36Z,2026-06-23T13:28:36Z
UgwVzwliL6vpbKGeeRN4AaABAg,@Spikey_Guy387,no offence but lamars diss is better,5,0,2024-11-04T23:12:04Z,2024-11-04T23:12:04Z
UgwzzCy2acYUaCUdbP94AaABAg,@SamuraiVertHD,"Drake: ya dead
Kendrick: *no u*",0,0,2025-03-25T14:15:57Z,2025-03-25T14:15:57Z
UgxEhxEWNrf1not6wq54AaABAg,@sandimoral9947,Team drake 😂,3,0,2025-02-03T10:30:43Z,2025-02-03T10:30:43Z
Ugz3osskKmdgYctt6Ql4AaABAg,@qt_femboy,"it`s trash
drake is trash",3,0,2024-11-07T10:23:55Z,2024-11-07T10:23:55Z
UgwoqwZ-h2nfZPGSxxV4AaABAg,@Missobsana,Drake did predict for Kendrick music. He is doing for white folks. They not like us is pretty catchy and wack,0,0,2025-03-07T16:53:41Z,2025-03-07T16:53:41Z
UgxxCBMBJsVGkXmtXYF4AaABAg,@CrownProtocolYT,"The hate has to stop 
Keem wrote for Kendrick R Kelly is the king of giving out songs 😂 stop it get informed some of the best songs are not by the people who sings it  do your home work 😂😅",0,0,2026-06-16T17:57:54Z,2026-06-16T17:57:54Z
UgxW7MxH7TKxDmMku8d4AaABAg,@evanisevan1,Atleast he tried,1,0,2025-07-14T16:44:15Z,2025-07-14T16:44:15Z
UgzrvZJ8D_lcOPWyyKR4AaABAg,@GeneralCella,Drake Won This I’m sorry Internet Bots 🤖 this shit aging Well 😂Not Like Us is A Bop 20-V-1 And he answered everyone,0,0,2024-12-14T22:25:15Z,2024-12-14T22:25:15Z
Ugw0swQ8MFr2wxIhQO14AaABAg,@Itstimetoplaythegam,This song ended the beef tbh but mfs hate Drake too much 😂😂😂😂,2,0,2026-03-06T19:24:47Z,2026-03-06T19:24:47Z
UgzBL2PdkiDn6bCToPd4AaABAg,@TheOnlySuess,This did not age well at all,0,0,2024-12-08T20:16:31Z,2024-12-08T20:16:31Z
UgzkTRw3Yw8hb-us7KJ4AaABAg,@Ceezr-y6e,D R A K E  G O A T,1,0,2024-12-23T20:55:08Z,2024-12-23T20:55:08Z
UgzAkKjcm699iY6Qxal4AaABAg,@UTP_ENT,"After all said and done, im not driving around bumping kendrick 😂 that shit dont slap. As gay as drake is, these songs all slap",1,1,2025-02-18T02:27:59Z,2025-02-18T02:27:59Z
UgyVVxGCqAiw7GB1_-x4AaABAg,@KingBahamut19,"Now I understand why Kendrick won. 
This shit weak AF comparatively.",0,0,2025-02-10T12:31:52Z,2025-02-10T12:31:52Z
Ugw9Tjt4TSFY9z7lPJt4AaABAg,@Theyluvv_mia27,This is buns 🤮🤮,1,0,2025-02-16T00:06:42Z,2025-02-16T00:06:42Z
Ugyj_pETHBb2k3214XV4AaABAg,@itsumi2993,"""A CEASE AND DESIST IS FOR HOES"" procceds to sue spotify for ""inflatting numbers"" is just hysterical imo",2,0,2024-12-11T21:40:38Z,2024-12-11T21:40:38Z
Ugz3wOqAw-UAy13p5pd4AaABAg,@Thefreak14r,Replayed meet the grahams five times but couldn’t even listen to this one time …,1,1,2025-08-29T15:49:40Z,2025-08-29T15:49:40Z
UgysHfkQn6TT2ggOZSV4AaABAg,@TsRAbyssers,These comments are terrible lmao,0,0,2025-10-09T19:15:04Z,2025-10-09T19:15:04Z
UgzpHs-ZU1tUZhyl4nV4AaABAg,@bmac_xxx207,This is so gay,1,0,2024-10-17T07:22:20Z,2024-10-17T07:22:20Z
Ugw8CjbP3bkiaY7cc7l4AaABAg,@LoveAllTrustNone,Stole G Herbo whole flow on the 2nd verse,0,0,2025-04-20T10:43:09Z,2025-04-20T10:43:09Z
UgxBYLKRZdtaOJchL3R4AaABAg,@AbdoZarouni-u5x,good but not like kendrake,0,0,2025-02-20T22:26:38Z,2025-02-20T22:26:38Z
UgxJOhTlCkB4pFu3CQd4AaABAg,@ReRe-ep2df,"I feel like Kendrick won, this diss track is trash…",2,1,2025-01-31T14:58:02Z,2025-01-31T14:58:02Z
Ugx2b2lle2VGMO3-eIt4AaABAg,@SkylarMillins,Let me be honest here I don't really like Drake I just want to hear his annoying stupid days cuz it really sucks and Kendrick Lamar's way better like this comment if you agree,1,0,2025-11-13T22:50:22Z,2025-11-13T22:50:22Z
UgxZNasLsoIrXANltiB4AaABAg,@LINN35,"☄️☄️☄️☄️☄️☄️☄️☄️☄️☄️☄️☄️☄️☄️☄️☄️☄️☄️☄️☄️☄️☄️he really looking for attention to get some money of your name Drake 😂😂😂😂😂😂,keep being you change for nobody bro you good ❤❤❤❤❤❤❤❤❤❤❤❤❤❤❤❤❤❤❤",0,0,2025-02-20T14:30:13Z,2025-02-20T14:30:13Z
Ugy8RPIjZe7aW4Y-EVR4AaABAg,@antoinecoleman5110,"To anybody that thinks this is good, find another genre to listen to. 💯 this sounds just like some more of drakes bloatware garbage he infects the industry with, not too mention how long it probably took him to come up with. Kendrick wrote a whole dis album on his ass and won 5 Grammy's including his answer to this track not 30 mins after this dropped. A true creative rap genius that got it out the mud. Plus I can't even give drake credit for anything he comes out with after he self admitted he doesn't create his material from the ground up. He needs someone to spit ideas for him to write his material, which is probably only half-truth anyway hence the explanation.  (code for ghost writer to me). When Drake first came out he was cool but he just became so repetitive and nothing genuine came out of his lyrics, just a bunch of rhymes with no weight like this crap. He will never possess the true creative rap talent that artists like J.cole, Kendrick or Eminem have ever 😂. Go back to acting in a wheelchair😂😂",1,0,2026-01-02T04:18:20Z,2026-01-02T04:18:20Z
UgyQVAyzq2PZSXvHygh4AaABAg,@nostalgicctrash,dafuq is dis man..,0,0,2026-02-06T09:03:56Z,2026-02-06T09:03:56Z
Ugwkic80qRAjmJ6CtD14AaABAg,@Abd-al-Qadr,Drake dug himself into the grave with this one. 🗑️,0,0,2024-11-20T18:35:11Z,2024-11-20T18:35:11Z
Ugy5JvdT53cJYm8DWXZ4AaABAg,@marcusthomas6033,Idc what nobody say Drake won,3,2,2025-03-19T20:13:28Z,2025-03-19T20:13:28Z
UgweiqknLNbhmtFeI9B4AaABAg,@Cregx,Racism on Kendrick,0,1,2024-10-11T04:39:23Z,2024-10-11T04:39:23Z
UgyGIR-TvQzIQHG-0tx4AaABAg,@TheDoubla44,In no universe is Kendrick better than Drake the Grammy committee may favor Kendrick but where the numbers actually talk is where Drake has more records broken than anyone in history there is just no comparison if we're taking about talent Drake is a world renowned artist Kendrick is West Coast and that's about it,1,0,2025-04-07T01:31:47Z,2025-04-07T01:31:47Z
Ugyvz7TZBqsXTXzNe0h4AaABAg,@JustinCordova-z7z,Drake snapped but he ain't fucking with K dot IDGAF,0,3,2025-04-04T04:08:16Z,2025-04-04T04:08:16Z
Ugwm9YRMQjDgo0fdKaZ4AaABAg,@ajcruzer92,Rap devil quality 🗑️ 😂,2,1,2024-12-03T02:56:00Z,2024-12-03T02:56:12Z
UgzVN9mJU3LkHlUn4_N4AaABAg,@TheWooziness88,Drake bodied him on this 🔥,1,0,2024-12-07T11:04:10Z,2024-12-07T11:04:10Z
UgzjgszE_Pt5IlDjEzl4AaABAg,@PhantomSnipe300,Crazy y'all overhyped Kendoll lol y'all love trash,1,0,2025-11-12T21:01:01Z,2025-11-12T21:01:01Z
UgygtvAaJbY-7Zal82V4AaABAg,@MATTHEWREACESTEELE,Kendrick won the beef but Drake is spinning facts,1,1,2025-03-26T00:13:14Z,2025-03-26T18:56:57Z
Ugw4fkF9XVwvNubuz7R4AaABAg,@CameronGriffin-p3w,Drake better than drake who agrees?,0,0,2025-03-23T02:43:02Z,2025-03-23T02:43:02Z
UgyMWvsF0NGbnun1E414AaABAg,@lb2645,This ish sux,1,0,2025-02-14T21:13:00Z,2025-02-14T21:13:00Z
UgzCiwsg-NpRCVAch2h4AaABAg,@DW-uk6tr,trash,2,0,2024-10-19T11:09:44Z,2024-10-19T11:09:44Z
Ugx2OMfwJuINys2c93N4AaABAg,@curtiswint6821,No gonna lie drake was winning before Not like us,1,3,2025-02-26T03:08:32Z,2025-02-26T03:08:32Z
Ugyjo6pz8Hn6GONKTsN4AaABAg,@leusam51,"The thing about this its catchy you just want to dance and raise your hands but thats just it. He really aint saying anything big....just small small punches that  you are like ""okay thats good but its still meh"". But its still catchy still but dont even get near anything Kendrick dropped. Kendrick literally begins  a song with 'Dear Adonis am sorry that man is your father' like gahdayum give the man a break Kendrick",2,1,2025-02-21T16:09:59Z,2025-02-21T16:09:59Z
Ugy2xI-_pma3k959SnZ4AaABAg,@VeronicaHorseman,We get that your gf is talller than u,0,0,2025-03-26T01:55:11Z,2025-03-26T01:55:11Z
Ugw49U5CcEm8zGeSu1J4AaABAg,@SarahMorrison-v2p,NOT THE PEDO,0,0,2025-02-15T00:14:52Z,2025-02-15T00:14:52Z
UgxCjj9XBQIakYuuowV4AaABAg,@vicOneARTHOUSEALUMNI,This didn’t age well at all.,0,0,2025-01-17T13:18:05Z,2025-01-17T13:18:05Z
UgwypaW7u3uIa5VIScF4AaABAg,@dontkillmyvibe8458,"Drake is a cornball, taking legal action. I cant listen to him ever again. He should've just took his L and came back in a year or two",1,1,2024-11-29T01:20:05Z,2024-11-29T01:20:05Z
UgwpWX6KKisQHqo6Qmp4AaABAg,@rochellewhite4829,"The beat sounds like keke, get another beat",0,0,2025-02-13T09:29:40Z,2025-02-13T09:29:40Z
Ugxx7_ZDKY9gwsGQcv54AaABAg,@Augustplaysvr,"Drake's skilled but I have no respect for him, real lame shit using X's sample at the end. IYKYK",0,0,2025-01-02T10:11:55Z,2025-01-02T10:11:55Z
UgyI2gdrnrFjg9n4MZp4AaABAg,@prox112233,"So many missing and incorrect lyrics, boo 👎",1,0,2026-07-24T01:50:44Z,2026-07-24T01:52:46Z
Ugw1HT67q5JCt0PXM_54AaABAg,@williamanuel,This was soooo whack!!!!🤣😂🤣😂,1,0,2024-12-21T04:01:42Z,2024-12-21T04:01:42Z
Ugw8E09hYiNNRWzE76t4AaABAg,@Eltinomma96,anybody that think kendricks diss is better is just hating 😂,4,0,2024-10-23T12:38:36Z,2024-10-23T12:38:36Z
UgwPjL9-mCfrEXyEAU94AaABAg,@RocketLeagueclips552,Kendrick Lamar definitely won this one drake a bum my opinion,1,0,2025-02-12T00:23:24Z,2025-02-12T00:23:24Z
UgysGXNMjs4y3U5GPQx4AaABAg,@AlfreadPlaysgames,Drake you lost,2,0,2024-11-29T15:49:55Z,2024-11-29T15:49:55Z
UgxzI5rCUq8xIlFp5mR4AaABAg,@EugeneBrown-s4i,Drake won,3,0,2025-11-21T21:08:20Z,2025-11-21T21:08:20Z
