comment_id,author,text,like_count,reply_count,published_at,updated_at
UgwQFnbcvaQj7QuovJF4AaABAg,@BagOnly,😮😮😲,13691,268,2024-05-05T00:38:56Z,2024-05-05T00:38:56Z
UgxtO_Hv3yBSF4W7XWR4AaABAg,@lali6650,kendrick is like the quiet kid in the back of the class who knows everyones secrets,13833,70,2024-05-05T14:00:28Z,2024-05-05T14:00:28Z
UgwpQktvHMrwVAr83ad4AaABAg,@doc_2k25,went from 5 year breaks to dropping on the daily bro seriously hates drake 😭😭😭,42912,232,2024-05-05T00:36:55Z,2024-05-05T00:36:55Z
Ugz7q9Eg9UtKy--H7lV4AaABAg,@MrBubblecake,Never in my life have I seen a rapper completely destroy another rapper on a personal level while managing to provide a lesson in black history all in the same song,13665,193,2024-05-09T23:59:42Z,2024-05-10T00:00:11Z
UgzVyobTiF9qktXQAgJ4AaABAg,@SirGryphon,"Two rappers you never mess with- 
1. Eminem
2. Kendrick Lamar",1036,50,2025-12-29T14:57:50Z,2025-12-29T14:57:50Z
Ugxbyk5mJB3kJIpSZ854AaABAg,@spectral_gamer3145,this man is making a drake diss album 😭😭,53730,674,2024-05-05T00:41:45Z,2024-05-05T00:41:45Z
Ugzv7R0rX7X6YhIc21t4AaABAg,@yomatee,Cole is probably sitting on a bench next to his parked bike and thinking about how beautifully the birds are chirping,23771,118,2024-05-05T00:42:17Z,2024-05-05T00:42:17Z
UgwY0_BhvHwFLrjRGxR4AaABAg,@alvwig2489,Drake said “drop and give me 50” and Kendrick giving him 50 diss tracks 😂,14403,88,2024-05-05T01:01:52Z,2024-05-05T01:02:15Z
Ugx2wuVpx0GsHxQfOkR4AaABAg,@Ebony2485,In he Super Bowl he wasent lookin at the camera at all except for the part when it goes like “say drake I hate u like I’m young” while smiling😭✌️,170,4,2026-01-03T12:21:28Z,2026-01-03T12:21:28Z
Ugz_tiQCoG1bYSWxGjF4AaABAg,@erbsndspoices,"""Rabbit hole still deep, I can go further I promise"" - Kendrick really asking Drake to test him💀",4446,17,2024-05-05T05:32:37Z,2024-05-05T05:32:37Z
Ugztv5nuSZqFL6ellD94AaABAg,@ceecee1913,"J Cole definitely got the call

“Don’t come to school tomorrow” 😂",10640,74,2024-05-05T07:45:06Z,2024-05-05T07:45:06Z
UgxpYc0e-iUHDYQ8SyZ4AaABAg,@KarimJovian,"A few things I learned in life
1 -Pay your taxes
2 - Drink water
3 - Don't fuck with Kendrick",21631,341,2024-05-06T06:27:02Z,2024-05-06T06:27:02Z
Ugys1Mo7BjGWDLFxsKp4AaABAg,@DefinitelyNotReptilian,This song brought me to his music and I love it all. He treats his audience like they are intelligent adults who don't need to be spoon fed. My favorite lyricist since Gift of Gab.,138,0,2025-07-04T13:25:42Z,2025-07-04T13:25:42Z
UgyjdB27yH5N8t77VVB4AaABAg,@WeAllSayThat,Drake's official biggest contribution to hip-hop is making Kendrick drop tracks back-to-back.,4614,17,2024-05-12T10:01:40Z,2024-05-12T10:01:40Z
UgyUAzsdwF6ZshRxflZ4AaABAg,@bholapaul4981,"J Cole touches your heart, Kendrick touches your soul and Drake touches your kids.",3378,79,2024-05-23T17:26:23Z,2024-05-23T17:26:23Z
UgwDD5tnmZcDqoDD-0Z4AaABAg,@lorcraft1346,"Nah... Kendrick definitely called J Cole, and told him to get out the crossfire. That's the only reason he left the battle. This ain't rap no more this a funeral",9780,108,2024-05-05T00:40:53Z,2024-05-05T00:40:53Z
Ugxy4Bl7wRhvT7LifU54AaABAg,@MissShanelle,"A year later, still slaps and Drizzy still crying 😂😂",44,0,2025-12-14T12:30:40Z,2025-12-14T12:30:40Z
Ugzz6iVo0XJ0Uiu6rGd4AaABAg,@whooosss_amariaa,"""Tryna strike a chord and its probably a minor"" is harder than drake when he sees a minor 🔥🔥🔥",2019,27,2024-05-17T18:27:50Z,2024-05-17T18:27:50Z
UgxdKTva0wohSEdqmwd4AaABAg,@grzegorzbrzeczyszczykiewic9017,"Bro is quick, they got you working overtime 💀",4677,20,2024-05-05T00:36:35Z,2024-05-05T00:36:44Z
UgxAgMZy2z-gs186w9t4AaABAg,@itsarii2384,"""Tryna strike a chord and its probally a minorrr"" is one of the craziest bars ive heard",2515,21,2024-05-05T18:01:33Z,2024-05-05T18:01:33Z
UgzQiP-HNpO9UeTrwvF4AaABAg,@j-ymoney5112,"My favorite line happened so early in the song 😂 “Beat your a$$ and hide the Bible if God watching” it gets me hyped every time, the first time I heard it, my jaw dropped 😂",24,1,2025-07-18T02:15:56Z,2025-07-18T02:15:56Z
UgzM6ZtNmD2eKmd6njl4AaABAg,@Reallionaire89,Kendrick just proved to the world why A.I. will never be able to replicate what man can create.,9981,99,2024-05-05T06:47:36Z,2024-05-05T06:47:36Z
UgwdSaI4-08heZfGHwR4AaABAg,@Mo_Deeee,"""You not a colleague, you a colonizer"" is a vicious way to end that verse",3555,53,2024-05-06T03:31:02Z,2024-05-06T03:31:02Z
Ugya6ZaKUUoPe1V_AmB4AaABAg,@Heyitsmia.13,"Drake didn't get roasted, he got a history lesson 💀",1671,8,2024-06-17T16:20:45Z,2024-06-17T16:20:45Z
UgyHyuaeQykERa4-8G14AaABAg,@joanbermudez5193,Whoever made the song like you are actually so good but I barely know the lyrics but actually feel like this is actually a pretty good,2,0,2026-02-14T00:53:48Z,2026-02-14T00:53:48Z
UgwfwPqo_7wLWihlc_54AaABAg,@robertoesposito8529,bro not only is this man dropping a whole ass diss album on drake but ALL of this is fire too,358,0,2024-05-07T16:06:20Z,2024-05-07T16:06:20Z
Ugydvest1mTIqWxTSfd4AaABAg,@therealviltrumiteMark,"""Just make sure you hide your little sister from him"" LMAOO",321,0,2024-05-09T05:37:17Z,2024-05-09T05:37:17Z
Ugw30_z6lZV414O3Zqt4AaABAg,@shmetienne,"this is actually fucking wild, didn’t even let the ghostwriters get a response out before putting more dirt on him 😂😂😂😂😂😂",1019,4,2024-05-05T00:40:56Z,2024-05-05T00:40:56Z
UgwfI-MFRQuFoSGialR4AaABAg,@jdeborahlynn,I’m 🎉❤so happy for you!  Congratulations!   You deserve all the awards!  Awesomeness!❤,3,0,2026-02-02T14:48:59Z,2026-02-02T14:48:59Z
UgztZ7c29rLBVmrSsBZ4AaABAg,@create-space-club,A minor line is nuts... but hitting Drake with that colonizer line was truly wild.,147,0,2024-05-08T16:28:38Z,2024-05-08T16:28:38Z
UgzHCPkDt02_UBvr2TN4AaABAg,@Catplayz.,"NOT THE ""hide your little sister""💀DRAKES COOKED",1431,10,2024-05-05T03:20:06Z,2024-05-05T03:20:06Z
UgwHSGEnTbFMDBxS0Bl4AaABAg,@kier1800,Cole is somewhere on a bench thinking about getting his bike a family.😂,515,2,2024-05-05T04:56:18Z,2024-05-05T04:56:18Z
UgwscmBwKsQcG8GVzLd4AaABAg,@passionbaker1003,He crazy for speaking TRUTH 😂,7,0,2025-12-07T04:26:15Z,2025-12-07T04:26:15Z
UgwBXc0dORU_WOuobIV4AaABAg,@Browndaddy0267,There's a reason you don't beef with an elite lyricist,568,6,2024-05-16T12:18:15Z,2024-05-16T12:18:15Z
UgyXYms340d0zL_6qH54AaABAg,@Sophia-xl2xu,“just make sure you hide your little sister from him” THAT IS SO CATASTROPHICALLY DIABOLICAL. drake there’s absolutely no coming back from this.,2069,17,2024-05-05T13:48:00Z,2024-05-05T13:48:00Z
UgyXFXADipWZyIykLmJ4AaABAg,@LaquisaDavis-x7s,He said you ain't a colleague u a colonizer 😂😂,505,7,2024-05-05T00:58:28Z,2024-05-05T00:58:28Z
UgwjG5qmiOnP6zV8fol4AaABAg,@r1tzCr4ck3rzXD,"I am 97 years old and hearing songs I heard on the radio when I was a single dad living in Utah, working as a pizza place mascot to save money for my little girl's first car really brings me back to the good old days. Unfortunately, she died tragically at the age of 32 due to a cough syrup od. Every time I hear ""They not like us"", I am reminded of her lovely presence. Keep on shining Drake, and keep my little girl, Javiera in your heart.",8,2,2026-02-28T04:58:03Z,2026-02-28T04:58:03Z
UgwfFB0c2bbRyltX1tN4AaABAg,@julicomo9815,"I'm convinced this man Kendrick got a whole album ready for Drake,  and it'll probably be nominated for a grammy lol.",6142,75,2024-05-05T00:49:46Z,2024-05-05T00:49:46Z
UgyybotSSqppAKuUejV4AaABAg,@Dkdbdymdkdkd,Kenny dropping faster than drakes 20 gohstwriters,3450,35,2024-05-05T00:38:55Z,2024-05-05T16:21:59Z
UgzJmV51VjHYH0TM2jV4AaABAg,@icritique9947,My grandma was paralyzed from the waist down thank you Kendrick she start crip walking when she heard this masterpiece.,5131,78,2024-05-07T20:42:07Z,2024-05-07T20:42:07Z
UgwPldrDEbQ0iOF2VfV4AaABAg,@MeeowZedong420,Awww :) the little bag mascot is so cute!,2,0,2025-06-29T02:08:56Z,2025-06-29T02:08:56Z
UgyDpNqtyKSUuJEeYIt4AaABAg,@datboynim8450,J Cole woke up this morning and hugged wifey. He gave her one of them hugs that make you say are you ok??? 😂 hug of relief,1569,9,2024-05-05T10:23:56Z,2024-05-05T10:23:56Z
Ugz22sTLlSg7uBxmJZ14AaABAg,@ChaseLeGrow-pb6th,Song lyric channels ain't getting no breaks 💀💀💀,984,7,2024-05-05T00:45:31Z,2024-05-05T00:45:31Z
UgxZ76bKLBonPyD-u1N4AaABAg,@cortese4364,"""tryna strike a chord and it's probably a minor"" is fucking vile  😭😭😭😭",771,5,2024-05-05T01:03:49Z,2024-05-05T01:03:49Z
UgyVVNRskKgCZmASBPp4AaABAg,@SkylerAcy,Mood instantly lifted. Thank you for this,0,0,2025-07-30T16:03:02Z,2025-07-30T16:03:02Z
Ugyq4LwyfTrP617_VQB4AaABAg,@GooglyMoogly68,Drake up at Eleven P.M hollering at his ghostwriters to hurry up😭😭😭,1286,17,2024-05-05T02:48:59Z,2024-05-05T02:48:59Z
UgynKhujWwyuT87OiD94AaABAg,@BrianH-jv6qn,"I think Kendrick just discovered a new hobby, this is WILD!!!",246,0,2024-05-05T15:28:10Z,2024-05-05T15:28:10Z
UgxqJfisNNX9WmhOvRt4AaABAg,@AsaGonzalez-ms3vx,"""it was god plan to show yall the liar"" AHHHHHHHH I LOVE THAT HE PUT THAT IN THE DISS",1061,4,2024-06-21T21:33:26Z,2024-06-21T21:33:51Z
Ugz9xJUhc-z2RvIrkmt4AaABAg,@PuspaRaja-y2m,This video randomly popped up and I m glad it did,1,0,2025-07-30T20:11:57Z,2025-07-30T20:11:57Z
Ugy6utJDIfUF2ToAKml4AaABAg,@SaintOrBride,He didn’t have a 4 year old diss song. He got 4 years worth of diss songs,1378,12,2024-05-05T01:21:24Z,2024-05-05T01:21:24Z
Ugz6dTMhD7AOVMBFOLZ4AaABAg,@thedandguy189,Meet The Grahams was Kendrick flat out murdering the man. Not Like Us is him dancing on the corpse saying “I warned you!”,2238,39,2024-05-05T01:53:51Z,2024-05-05T01:53:51Z
UgyEdBer2Fqi203ih0x4AaABAg,@adamthirdbourne324,Valiant effort transcribing.  8/10,0,0,2026-09-11T23:15:00Z,2026-09-11T23:15:00Z
UgwhnytdlM1m0UWByX94AaABAg,@Deegotem,Don’t matter who’s side you on.. this track is a fucking banger.,1051,16,2024-05-08T20:15:38Z,2024-05-08T20:15:38Z
UgxV3icrmfVlvjNH8sd4AaABAg,@ituahdaniel4494,"""Sir, another plane has hit the OVO tower, your ghost writers ran away""😂😂",223,0,2024-05-05T00:54:36Z,2024-05-05T00:54:36Z
Ugykw_YBpETKv8xITrN4AaABAg,@goldmoutdog19,"""Tryna strike a chord and its probably A minor""  😂 this is just overkill at this point",1028,16,2024-05-05T14:40:16Z,2024-05-05T14:40:16Z
UgyokvR3R9rdoQ4ZdJJ4AaABAg,@lynnkhantaung6049,I can't believe this song was made one year ago in my head I thought that was 5 months or something,3,0,2025-10-01T05:43:56Z,2025-10-01T05:43:56Z
UgzXqyvCZJCw-HGa7YF4AaABAg,@mdaudi1993,"Kendrick got mad love for Cole. I think he told him, ""bro stay out of this"".",1739,24,2024-05-05T02:04:58Z,2024-05-05T02:04:58Z
UgybwE0YTLdBgUVXH1N4AaABAg,@KingbrianWilliams,People thought Kendrick was playing when he said “ITS JUST BIG ME” this is what he meant,2016,22,2024-05-05T02:12:00Z,2024-05-05T02:12:00Z
UgxVb8H9iGRXkqhQQG14AaABAg,@lpsamyrose,"""Just make sure you hide your little sister from him"" OMFG 😭😭😭😭",383,2,2024-05-05T00:57:56Z,2024-05-05T00:57:56Z
UgwfeCh9vy67yKgN2Jh4AaABAg,@Wind2314,"D - dont
R - rap
A- against
K- kendrick
E- ever",32,1,2025-06-23T15:50:50Z,2025-06-23T15:50:50Z
Ugzl9CRUrUWsMaLYe9V4AaABAg,@ocpd182,"I saw a comment on Euphoria that said something like, ""This is why you don't mess with the quiet kid"" damn were they right.",1105,5,2024-05-05T01:52:37Z,2024-05-05T01:52:37Z
Ugxuv1OpRFPieprHdLJ4AaABAg,@jazromero6271,"“ Why you trolling like a b*tch, ain’t you tired , tryna strike a chord and it’s probably a Minor” had me like 😮.",464,1,2024-05-08T15:56:58Z,2024-05-08T15:56:58Z
UgwDQtmxwrbKBtRJhKt4AaABAg,@IAM-kc5ov,That A-Minorrrrrrrrrrrr line 💀💀💀💀💀,517,6,2024-05-09T01:43:29Z,2024-05-09T01:43:29Z
UgyWKLZSvtPvP3x42Dx4AaABAg,@Piglet-Lev2316,This is the longest diss track that I ever heard lol 😂❤,2,0,2026-01-20T20:10:33Z,2026-01-20T20:10:33Z
UgwGbUMg7qDwJzxo0Yh4AaABAg,@thegodofwar9369,"Drake the snake finally getting called out on his weird shit, hearing this the day this song dropped was 🔥",603,4,2024-05-06T21:16:47Z,2024-05-06T21:16:47Z
Ugxuxq-2AL4Z2T0StqV4AaABAg,@Sweetandsuga,I like how soothing his voice is. He’s roasting in the kindest voice.,1684,24,2024-05-22T03:21:59Z,2024-05-22T03:21:59Z
UgzR6csx6IyQXdY2QUh4AaABAg,@Virtual_Citizens_Gaming,"J Cole is setting up his new PC, reading his Windows 11 Serial Key number, getting it wrong like, ""oh thats a 1 not an I""",1275,19,2024-05-05T03:58:28Z,2024-05-05T03:58:28Z
UgyLbK__SErIPwPmwi94AaABAg,@ChrisRuesfg,Extremely well thought out.,0,0,2025-09-12T05:16:59Z,2025-09-12T05:16:59Z
UgyFfGqMXYlD0t2WnfV4AaABAg,@melanierodriguez-vg7yt,“Say drake I hear you like em young” DAMN 😭,258,0,2024-05-05T00:44:35Z,2024-05-05T00:44:35Z
UgwaJ-BgaXCajJARONF4AaABAg,@Supa-Fly,"J Cole chillin with his hippy friends listening to this ,.. ""saying see this is why I chose peace""...",178,0,2024-05-05T01:22:41Z,2024-05-05T01:22:41Z
UgxG4RJNjOMzk4SQEy14AaABAg,@edelinmorel2711,“It was Gods plan to show ya’ll the liar” Ooof 🔥,190,0,2024-05-19T00:41:48Z,2024-05-19T00:41:48Z
UgyB541I3dMFRtixm9h4AaABAg,@SeanSwift-g5d,Love this. Song I literally listened to it all day every day.,0,0,2025-11-02T07:11:29Z,2025-11-02T07:11:29Z
UgzS462PySGQ5J84Tcx4AaABAg,@dawniedawn3910,"That ""a minor"" line....🤧 Kendrick did not come here to ""play nice"" he came to play ball!",442,5,2024-05-05T05:05:30Z,2024-05-05T05:05:30Z
UgwZH7hfOIMvvLEPkkp4AaABAg,@logvn__,“Tryna strike a chord and it’s probably a minooorrrr” goes so hard🔥🔥🔥,217,0,2024-05-28T21:47:49Z,2024-05-28T21:47:49Z
UgxtyUXh-Yv9AOzaLSV4AaABAg,@SoraZ2112,J. Cole sitting at home so grateful that he chose to dodge this smoke.,826,6,2024-07-06T19:29:17Z,2024-07-06T19:29:17Z
UgyjqWnxwuJNn0xV_RV4AaABAg,@asamakhtar9806,I have no words for his brilliance on this just in awe of his talent,0,0,2025-10-30T17:29:14Z,2025-10-30T17:29:14Z
UgyEPmbwFJwfiyhCmqV4AaABAg,@tha.bison7,Kendrick's just having fun at this point🔥,578,3,2024-05-05T00:40:20Z,2024-05-05T00:40:20Z
UgwqGp_MC5ZlLOzZSyF4AaABAg,@mrit4103,J.Cole definitely getting the best 8 hours of sleep of his life rn,254,2,2024-05-05T00:57:44Z,2024-05-05T00:57:44Z
Ugxktt0fOzP1HmrW5OB4AaABAg,@Apersonaliveonthisearth,"The fact that the piano chords are played in ""A MINOR"" is crazy",1258,14,2024-05-05T02:24:36Z,2024-05-05T02:24:36Z
UgzMB4HUssQYaNOuW-x4AaABAg,@enatrabell9275,I’m listening from Argentina,2,0,2025-06-20T23:31:44Z,2025-06-20T23:31:44Z
UgycmtJc5N3yQJsg6ZR4AaABAg,@Reckiiin,Bro went from rap to how to expose child predators,308,2,2024-06-17T18:47:58Z,2024-06-17T18:49:08Z
UgwPOqmH4iruOZh-0zp4AaABAg,@perounce,"Kendrick is not tryna beat him while he’s down, he’s MASSACRING him while he’s down😭😭",301,2,2024-05-05T03:43:36Z,2024-05-05T03:43:36Z
Ugw3Og5A4TXSCaxh_2N4AaABAg,@emmabugee7901,"Euphoria: The diss track
6: 16 in LA: The warning
Meet the Grahams: The murder 
Not Like Us: Dancing on Drake’s grave",1506,24,2024-05-05T18:59:13Z,2024-05-05T19:00:59Z
Ugy0YYrAXCvDTqv4zBV4AaABAg,@ascottishwitch8133,I don’t care how long I have to wait for Kendrick his tracks are worth it and this is CLASS,1,0,2026-03-21T09:58:32Z,2026-03-21T09:58:32Z
UgzIYGrvHTesRupVE5x4AaABAg,@BruceWayne-5.12,1:06 “A MINORRRRRRRRRRRRRRRRRRRR.” HE ATE SO BADLY OMFG ITS OVER.,858,22,2024-05-05T03:33:39Z,2024-05-05T03:33:39Z
UgwmptO_o97zs10MO5J4AaABAg,@israeltorres1086,Battle rapping against a dude that won a Pulitzer Prize is absolutely wild you asking yo get cooked up,770,8,2024-05-05T04:04:49Z,2024-05-05T04:04:49Z
UgysW7wmhdQXNCiAeZJ4AaABAg,@IBmaster4,"After you hear the song, ""Not like us"": That A-minor bar was genius. ""Meet the Grahams"" was written in A-minor and A-minor doesn’t have any *black* keys on the piano, and when Kendrick said “I’m about to up the score”, ""Not Like Us"" is played in B Minor",2449,42,2024-05-06T06:49:14Z,2024-05-07T17:55:36Z
Ugzmxi53ZGB89juafKt4AaABAg,@AamiraNash,This hits different ❤️‍🔥❤️‍🔥❤️‍🔥,0,0,2025-08-01T04:14:36Z,2025-08-01T04:14:36Z
UgwuA3UTZGmM0CXQN3p4AaABAg,@cantu7214,Kendrick outwriting the entire OVO sweatshop is insane,500,5,2024-05-05T01:35:32Z,2024-05-05T01:35:32Z
UgwdoZw83XG52BrudhN4AaABAg,@Sky-cw2hh,“that name gotta be registered and placed on neighborhood watch” what can drake possibly say to that 😭😂😂,668,11,2024-05-05T19:08:07Z,2024-05-05T19:08:07Z
Ugw2ZmR00aio4rE-l_54AaABAg,@musicfrom_the1,I actually like how these songs are showing Kendricks range of making songs,288,3,2024-05-05T01:48:21Z,2024-05-05T01:48:21Z
UgytfeEReUS7o_G56ol4AaABAg,@darklightning22,This is just too fire 🔥 🔥,0,0,2026-01-06T14:24:48Z,2026-01-06T14:24:48Z
Ugy78P7gBd2LOOC6InB4AaABAg,@cupcakequeen6294,Calling that man a colonizer was ruthless work!😂😂😂,568,3,2024-06-24T03:56:42Z,2024-06-24T03:56:42Z
UgwacDYiRl8M8bpBMw14AaABAg,@xvirusvibez2929,Bro won immediately once that beat dropped 🐐,501,11,2024-05-22T19:09:59Z,2024-05-22T19:09:59Z
Ugx2iu8xVOBJ8FNo0zR4AaABAg,@Nay.Nae.Nee.,Nah Kendrick ate drake up and spit out the bones all while telling a history lesson 😭😭😭😭,1052,29,2024-05-06T17:02:19Z,2024-05-06T17:02:19Z
UgyvkB5D8lAU3dVkd1N4AaABAg,@KalGecho-d4q,Ayoooo😩👌🎧💀🔥🔥🔥,1,0,2025-07-10T07:50:14Z,2025-07-10T07:50:14Z
UgzhvzO_WH4NHM3iXMN4AaABAg,@mr.hellofan374,"“Tryna strike a chord and it’s probably a minor”
THIS GUY A GENIUS AT ROASTS",120,0,2024-06-02T06:03:33Z,2024-06-02T06:03:33Z
Ugy52cJLIz3zWKVjkON4AaABAg,@zacha.z7595,yall are so quick with these lyrics💀,179,0,2024-05-05T00:36:37Z,2024-05-05T00:36:37Z
Ugxu1tXQjsawtA2--LV4AaABAg,@TongJya067,"1. A minor as in underage 
2. A-Minor as in the musical note 
3. Sustains the  A-Minor note with bar 
4. A-minor chord on piano has all white notes

Man, K DOT is on fire 
Credit - someone on youtube",1351,33,2024-05-17T02:40:34Z,2024-05-17T02:40:34Z
UgzYxRPMAwOYZkVN8XV4AaABAg,@kayzer-y5t,EXCELLENT ...❤ IT.....,1,0,2025-10-21T17:45:45Z,2025-10-21T17:45:45Z
UgxUR73FcstfI87tvTN4AaABAg,@Dennon21,"Cole probbaly sipping a ice cold drink on a beach somewhere, thinking about how beautiful the waves are lmaoo",1298,19,2024-05-05T15:35:25Z,2024-05-05T15:35:25Z
Ugx2Ml9uESu-dndG90V4AaABAg,@--thatbih,"""Beat yo ass and hide the Bible if God watching"" bruh 😂😂",209,1,2024-05-23T09:26:15Z,2024-05-23T09:26:15Z
UgzklCsAAPmrCrK9n7l4AaABAg,@southernbelle111,Drake is getting torn limb to limb bro 😭😭😭😭😭 j Cole is at peace rn,82,0,2024-05-05T02:25:33Z,2024-05-05T02:25:33Z
UgzB9g26r2JBEwT3v5B4AaABAg,@sarahcavanaugh572,I love this song so much babe ❤,1,0,2026-03-05T23:11:53Z,2026-03-05T23:11:53Z
UgyYk-llRNUPzDjNuQZ4AaABAg,@aznpinoy666,Meet The Grahams felt like the ending climax and Not Like Us is the ending credits song. He celebrating his win LMAO,674,6,2024-05-05T03:42:18Z,2024-05-05T03:42:18Z
UgztsFsMTYLuKDmCnrF4AaABAg,@LunamPuer,"J Cole be hugging his wife from the back, like they do in action movie flashbacks when they recall their smiling families and shit 😂",87,0,2024-05-05T15:15:00Z,2024-05-05T15:15:00Z
UgydbldjH_NoXKNu-Bp4AaABAg,@successfulMillennial,kDot brought back REAL hip hop....I haven't been this invested in 15 years....Compton stand up,223,0,2024-05-05T05:52:45Z,2024-05-05T05:52:45Z
Ugzoy3Y9zNg_2LowCTh4AaABAg,@Froggy.66-d9y,Bro this is straight fire🧨🔥,8,0,2025-06-21T02:46:46Z,2025-06-21T02:46:46Z
Ugxdr35JuNTNyqE51-Z4AaABAg,@MarlowMinkah,“At this point it’s just cyber bullying”😂,240,2,2024-05-11T08:08:17Z,2024-06-27T20:51:07Z
UgwVxeEeJeia-U-k5wd4AaABAg,@DariusSenegal-tv2lj,Meek Mill is somewhere screaming “Drake GET UP”,946,13,2024-05-05T04:41:11Z,2024-05-05T04:41:11Z
UgxllW6iNFyyh1rhGpt4AaABAg,@BCDangles,Drake going to need that goddamn wheelchair again,335,6,2024-05-05T15:28:42Z,2024-05-05T15:28:42Z
UgyokKqtj-Lo9SOyqa14AaABAg,@Karas-Chris,10/10 make more songs like this 👍😍,0,0,2026-04-17T22:50:04Z,2026-04-17T22:50:04Z
Ugwqfygo75f1kbWRGmt4AaABAg,@adamrusso6118,"J Cole sitting at a Chevron filling up his tank thinking ""Why gas prices so high lately?""",375,4,2024-05-07T10:13:46Z,2024-05-07T10:13:46Z
UgzUI-UAUAqzp3lT4pt4AaABAg,@MiggySmalls714,No one is talking about how good the diss is when he starts mentioning how he needs Atlanta and how he uses them to get a dollar.,824,14,2024-05-05T16:48:15Z,2024-05-05T16:48:15Z
Ugzv8_V1iFF18lDyOFJ4AaABAg,@anthonydonato1674,This was not a battle. This was an execution!,197,1,2024-06-23T21:23:25Z,2024-06-23T21:23:25Z
Ugx2EOsry5ylh4UrK6l4AaABAg,@tedytemba9742,❤❤❤so firee😍🔥🔥🔥🔥,0,0,2025-06-23T17:40:24Z,2025-06-23T17:40:24Z
UgwnAgYDK_bC6KvIlV94AaABAg,@hermeskino711,"""Rabbit hole still deep I can go further I promise""

2nd warning and he still got more💀. It's in Drake's best interest to stfu now before he ends up in cell block 1😂",450,6,2024-05-05T02:53:14Z,2024-05-05T02:53:14Z
UgyUkoLtHtKTuBhm1v14AaABAg,@PACNYY,"J Cole ""Now y'all see why I apologized."" 😂😂😂",848,14,2024-05-05T01:21:23Z,2024-05-05T01:21:23Z
UgwU3h8kGayRq6tyHn54AaABAg,@arieljsantana7059,"“Trying to stroke a chord and it’s probably a minor” is crazy

Drake will be destroyed after this beef",171,1,2024-05-05T05:04:06Z,2024-05-05T05:04:06Z
Ugzj7GSQxnqi-SGmbdd4AaABAg,@pamelaphiri9654,What wo bro😮😮😮 I like it,2,0,2025-07-04T17:24:19Z,2025-07-04T17:24:19Z
UgyxoGkBCa1SKFLPeP14AaABAg,@Forbiddensirenz,Lmaoooo the “A minor” cord can also be taken as “white only” since on the piano the a chord can only be made using the white keys. That’s a one two combo in a single line 😭,1033,26,2024-05-06T01:55:43Z,2024-05-06T01:55:43Z
Ugw_ar_VHIAfxv3soAd4AaABAg,@yeahimjustbrianna,"""Tryna strike a chord and it's probably a minor"" ""The family matter the truth of the matter-- It was God's plan to show y'all the liar"" KENDRINK CHILL BRO YOU WON 🧑‍🍳🍳🔥🗣️",609,10,2024-05-05T01:19:40Z,2024-05-05T01:19:40Z
UgzHeprqysndvoIZAO14AaABAg,@outlaw._.lazines,This is the type of banger that makes me wanna learn the Crip walk.😭,525,8,2024-05-10T23:08:58Z,2024-05-10T23:08:58Z
Ugwrli3R0k8PDLmJ4Mt4AaABAg,@yamato00l40,Play this in the World Series.,2,0,2025-10-27T00:56:15Z,2025-10-27T00:56:15Z
Ugz_RtjeDiq9eQ-9PGl4AaABAg,@DanielMusic-m3c,"This is cyber bullying at this point 💀💀💀
Edit: Calm down I know Kendrick is better it was a joke 💀",901,14,2024-06-06T18:42:40Z,2024-06-15T20:25:57Z
UgzPWIXqG0LEOkjUH9t4AaABAg,@obviouslyanonymous,You know its crazy when the unofficial lyric video is #10 trending,235,2,2024-05-05T06:40:32Z,2024-05-05T06:40:32Z
UgzU9f02r7lae6SE8Rh4AaABAg,@FranciscoCalderon-r3t,"This that old Kendrick, he back.",403,4,2024-05-06T17:51:54Z,2024-05-06T17:51:54Z
UgwLU0h_Faa_KLXtbT94AaABAg,@V4MP-b1y,Hits Hard!,1,0,2025-07-24T15:14:23Z,2025-07-24T15:14:23Z
Ugz0BmIg11tQKh8O0e14AaABAg,@GodsPlan489,Kendrick went dumb on this in so many styles 😭😭😭. The meaning of a true artist and MC,94,0,2024-05-11T04:51:09Z,2024-05-11T04:51:09Z
Ugycn9vNcC4sWxhZQVB4AaABAg,@itsnevertoolatetodotherigh3271,"They said hip hop was gone, but this beef did more than revive it got the world on hold the internet in a chokehold...them other genres standing at the back of the line😂😂😂",134,0,2024-05-06T14:21:18Z,2024-05-06T14:21:18Z
UgxVcZUnxFVPbU1rfGJ4AaABAg,@QC336,"""The revolution will be televised, you picked the right time but the wrong guy""",695,5,2025-02-10T17:08:33Z,2025-02-10T17:08:33Z
UgzLjuRMCOZr37oMB_V4AaABAg,@ThriceGreatHermes-c6p,When the bard  casts vicious mockery,2,0,2026-08-12T22:23:59Z,2026-08-12T22:23:59Z
Ugy61wXBph-rYaDyuXt4AaABAg,@prodwink,“Tryna strike a chord and it’s probably A Minor” is a truly vile bar,81,0,2024-05-05T01:14:21Z,2024-05-05T01:14:21Z
UgzrtB--Ht_ui5p0zyR4AaABAg,@Dynasty_The_Artist_510,"Drake was getting dissed so bad , he shot his own house up to deflect the fact that he’s being dragged",428,7,2024-05-08T02:23:59Z,2024-05-08T02:23:59Z
UgxYvC8kq5GygMEzBDh4AaABAg,@sogiftedcandice,“Tryna strike a cord and it’s probably A MINOOOOORRRR” 😮‍💨😮‍💨😮‍💨😮‍💨😮‍💨😮‍💨😮‍💨😮‍💨😮‍💨😮‍💨🔥,97,0,2024-05-05T17:07:56Z,2024-05-05T17:07:56Z
UgwnzQ3di6XXYbSvknd4AaABAg,@lorrainejuniel7380,I’m really fan of you,1,0,2025-07-07T23:53:07Z,2025-07-07T23:53:07Z
UgwssLNs8QLosLUKWJt4AaABAg,@elclanso8078,Drakes ghost writers can't keep up Kendrick is bodying this man,55,0,2024-05-08T20:37:38Z,2024-05-08T20:37:38Z
UgzcMXWMR8xGomOFM6B4AaABAg,@lilslick72591,When his voice change .. you know he bout to go hard,126,0,2024-06-13T15:43:28Z,2024-06-13T15:43:28Z
UgzEOVn2Fl07unnvgnZ4AaABAg,@Pocketwater,The way you spelled subpoena should get your GED revoked lmfao,366,5,2024-05-05T09:05:17Z,2024-05-05T09:05:17Z
UgymnZvoB4MGsG7LM_x4AaABAg,@alina27211,Thank you,0,0,2026-04-10T02:52:03Z,2026-04-10T02:52:03Z
UgwTWYsieAMRdPm3KoN4AaABAg,@davidmusunga1325,Dissing Kendrick 👑 should be added in 1000 ways to Die 😭🚀,101,1,2024-05-05T02:56:34Z,2024-05-05T02:56:34Z
UgxsRAb5wz8kEK4bWz54AaABAg,@ExtraDip147,Kendrick ain't stopping. How many more diss he gonna release? He ain't even giving Drake time to process his diss,343,7,2024-05-05T13:42:53Z,2024-05-05T13:42:53Z
UgzeAGuIFmazbbIDwQl4AaABAg,@GnatLikeThBug,THAT A MINOR LINE MADE MY JAW DROP FURTHER THAN IT HAD EVER DROPPED..,72,0,2024-05-06T03:44:42Z,2024-05-06T03:44:42Z
UgzRvM32VDDh-W2cM2V4AaABAg,@kool-aid1718,Lit asf 🔥,0,0,2026-01-30T20:20:16Z,2026-01-30T20:20:16Z
UgxtNEIHzGorAfWSdmh4AaABAg,@Solomon2Music,Kendrick the only rapper ah know that will diss you and give you a history lesson at the same time,72,0,2024-05-08T18:52:09Z,2024-05-08T18:52:09Z
UgxkwrzRDybcJdJlxDx4AaABAg,@Dezartdave702,J Cole laying down in his bed with his feet up listening to Taylor Swift until this blows over,300,4,2024-05-05T01:46:57Z,2024-05-05T01:46:57Z
UgwfHDtf5wrjRjKNwAh4AaABAg,@RxTerps,"“Lil baby help you get your lingo up, 21 got you false street cred, thug made you feel like a slime in your head, Quavo said you can be from North Side, 2 Chainz said you good but he lied”🔥💯",61,0,2024-05-06T02:37:40Z,2024-05-06T02:39:27Z
UgwNxgz8mB3SUDJ_08p4AaABAg,@Thatonespedperson,It’s gorgeous,1,0,2026-03-22T18:55:09Z,2026-03-22T18:55:09Z
Ugw6PINfw_8ET_BrNLB4AaABAg,@hunterb8774,Tryna strike a chord and it’s probably a minor is colddd,99,0,2024-05-05T00:46:53Z,2024-05-05T00:46:53Z
UgxANSmzxADN1WzR-Ll4AaABAg,@OK-uu8cc,Cole had a vision and apologized. Damn trust your gut. Drake's pride getting him cooked. KDOT aint nothing to fuck wit,333,4,2024-05-05T22:02:44Z,2024-05-05T22:02:44Z
UgyqhAvvR3xUuOZkm2p4AaABAg,@kevincopeland7683,"1, 2, 3, 4, 5 plus 5.... he already dropped 5 diss tracks and he has 5 more ready!! 🤯🤯🤯🤯",337,6,2024-05-05T04:20:09Z,2024-05-05T04:20:09Z
UgwyxsgHOI010anGTe14AaABAg,@SofiXxXLewXxXElxXxNeo,Yo this so tuff,0,0,2026-06-12T22:35:02Z,2026-06-12T22:35:02Z
UgyoSgKDxtrmUnTXM3Z4AaABAg,@InfamizzMusik,Drakes Ghostwriters only had 6 bars writtem before kendrick dropped this,96,1,2024-05-05T01:20:06Z,2024-05-05T01:20:06Z
UgyBXkfbKGCGSOTxD9V4AaABAg,@Jaida2888,Kendrick disses coming out quicker then GTA 6,230,3,2024-05-05T09:55:23Z,2024-05-05T09:55:23Z
UgwzAqOGGusmjK7WxiN4AaABAg,@oofoof2304,Lawd have mercy I’m way too old to be enjoying this THIS much!☠️,67,0,2024-05-05T03:24:26Z,2024-05-05T03:24:26Z
UgzvXY1FiwCD9ebERtB4AaABAg,@Royalroe,Great,1,0,2025-10-17T07:38:54Z,2025-10-17T07:38:54Z
UgygJRgFepHpQRx0R6N4AaABAg,@N_Tertainment7,"I know this is supposed to be a Drake Diss, but bro really dropped the theme song of 2024. Like Some new pdf file gets exposed every month at this point",579,10,2024-07-26T05:01:31Z,2024-07-26T05:01:31Z
UgwepYuHAeN4wPmkiNR4AaABAg,@cheddarchemist5644,"""say drake i hear you like 'em young"" BRUHHH. 😭",73,0,2024-05-25T06:04:43Z,2024-05-25T06:04:43Z
UgwxBUiQTNrARC4Qd1J4AaABAg,@Calliboy82,This is the hardest diss track in 20 years,139,1,2024-05-21T13:04:50Z,2024-05-21T13:04:50Z
UgzUYkrm5Q1gglX5RDp4AaABAg,@Taanyahlee16,This song is very well written.,1,0,2025-10-22T06:09:25Z,2025-10-22T06:09:25Z
UgwzIzcp1wvgDNb3wQR4AaABAg,@evangonzales02,i blame the street rappers for letting drake slide with acting gangster and saying some gang stuff in his music they never told him nun but kendrick finally called it out😂,175,3,2024-05-05T17:54:35Z,2024-05-05T17:54:35Z
UgwT5kcKO924zWUTAmt4AaABAg,@TobyIsAWoman,That A minooooooooooooooor line threw me off my chair. I was screaming. I am way too invested in this shit for someone who doesn't even listen to their music😂.,516,9,2024-05-05T07:44:00Z,2024-05-05T07:44:00Z
UgyrVnYNWcMOfiLoweV4AaABAg,@tenrichard7720,He is just having fun at this point bro,85,0,2024-05-05T00:43:06Z,2024-05-05T00:43:06Z
Ugy41l-ZOcUZxHIdfz54AaABAg,@MatthewWedge-n5y,Forgot how much I loved this track,2,0,2026-05-24T17:33:42Z,2026-05-24T17:33:42Z
UgxXjrDlYxHj_P09WmF4AaABAg,@jamellmagee4951,"That A minor line was the game winning play on this, game over",152,1,2024-05-06T03:31:21Z,2024-05-06T03:31:21Z
UgzOrk2X0TygZP9RIl54AaABAg,@MwendeKivuva,"""the family matter the truth of the matter, it was God's plan to show y'all the liar"" 👀🔥",197,1,2024-05-16T19:50:08Z,2024-05-16T19:50:08Z
UgwIx5Aql-Eco3c5r4Z4AaABAg,@KocktailsWithKodak,"A lot of people are missing how crazy “I’m the one to up the score on him” is. ‘Meet the Grahams’ is done in the key of ‘A-minor’. Meanwhile, ‘Not Like Us’ is in the key of B. Get it? “Up the score on him“…!?! Only a music conductor has access (control) of the music score. Kendrick is saying here that he is the conductor in this battle 😮 BARS BEYOND BARS🔥🔥🔥🔥",594,14,2024-05-05T19:12:51Z,2024-05-05T19:12:51Z
UgyJ6JpdkoWYeGCs4Wl4AaABAg,@antoinetteejackson-salonis4808,AWESOME,0,0,2026-01-01T20:05:07Z,2026-01-01T20:05:07Z
UgwnllbmTUxKR5o4XNN4AaABAg,@jacobbarfell611,These two going back and forth is literally the best thing from rap in a long time,330,9,2024-05-05T23:59:47Z,2024-05-05T23:59:47Z
UgwDHgay7oZI5gfADz14AaABAg,@Greegree99,Kendrick is saying what we all knew -  RIP Drake.,230,3,2024-05-06T03:59:32Z,2024-05-06T03:59:32Z
UgzRXvLbI8nTphuovr54AaABAg,@karlbrim7388,Kendrick made a diss and an anthem at the same time 😊,327,4,2024-05-08T00:56:23Z,2024-05-08T00:56:23Z
Ugy7GdDfA6eeNQwM8h54AaABAg,@altaniyahstrachan6893,Ay this go hard tho ❤❤❤❤❤,0,0,2026-02-02T23:19:33Z,2026-02-02T23:19:33Z
UgzS3I2PS443ucaold14AaABAg,@Niko_isAperson,"when i heard ""psss i see dead people"" i knew it was finna go hard",132,1,2024-05-09T21:13:10Z,2024-05-09T21:13:10Z
Ugxb0JJ3W6evIlSa4NV4AaABAg,@LonelySandwich,"""The family matter the truth of the matter, it was god's plan to show y'all the liar"" Two of drake's shit put into a word by word play bar by this man! Dang!",580,9,2024-05-05T11:07:32Z,2024-05-05T11:07:32Z
Ugz7bWWgBSj558LU9m14AaABAg,@One_Of_A_Kind_Thats_Special,"""TRYANA STRIKE A CHORD AND ITS PROBABLY A MINOR "" GOES HARD                                                    EDIT:Mom am famous",839,17,2024-05-29T16:37:13Z,2024-06-10T12:34:51Z
Ugx_uQ-wqV20r2LLb5h4AaABAg,@boldenmichael4,Blown away by the young lady dancing...she rocked it....the very young Bootsy Collins awesome..,1,0,2025-09-04T03:20:42Z,2025-09-04T03:20:42Z
UgyYfp6cvpXWYx8q8MZ4AaABAg,@tia4936,They deadass played this at a party I was at tn soon as it drops😭,241,3,2024-05-05T04:36:56Z,2024-05-05T04:36:56Z
UgxWK16HvDQoWiDuLGl4AaABAg,@KahiJordan,"""I heard you like em young"" that's crazy",327,4,2024-06-25T17:57:51Z,2024-06-25T17:57:51Z
UgwEb2LpwPG0R8IJYGp4AaABAg,@Nytellem,Kendrick said I can give you a history lesson AND A CLUB BANGER AT THE SAME TIME!,199,5,2024-05-05T13:37:43Z,2024-05-05T13:37:43Z
UgypTK5xOqdyHyk9YBN4AaABAg,@krystelholbrooks1353,Love it,0,0,2026-02-18T22:22:41Z,2026-02-18T22:22:41Z
UgzmgNuXw6rSojSgmGN4AaABAg,@johnnykayy,"The fact that he’s ironically making a club banger in response to what Drake tried to do, and closes the song with a typical trite step along is just next level…#1 pfp lyricist in any genre",552,22,2024-05-05T03:18:54Z,2024-05-05T03:18:54Z
UgzVLSFzyDoStJzVdWF4AaABAg,@CocoDaGoat98,"""Get Up Drake Geeeet Uuup ""💅
   (Meek Mill Voice)",319,8,2024-05-05T00:38:31Z,2024-05-05T00:38:31Z
UgyCReu1NFRt9eXAQ1t4AaABAg,@janjoshuae,"""The family matter the truth of the matter, it was god's plan to show y'all the liar"" Two of drake's shit put into a word by word play bar by this man! Dang! 😵",202,3,2024-05-05T02:23:59Z,2024-05-05T02:23:59Z
Ugxs48VGahohxSFfrQF4AaABAg,@ellaherodfamilygoingin428,Dope!! 🩵💪🏾💯,0,0,2026-02-10T06:40:08Z,2026-02-10T06:40:08Z
UgwJ4zyQwdEnpLit7A94AaABAg,@thefog3361,I'm an old dude who mostly listens to old skool and this is my 1st time hearing Mr. Lamar. Goddamn.,750,25,2024-06-05T00:22:35Z,2024-06-05T00:22:35Z
UgxlP5LW_Hsgt__RyDB4AaABAg,@MITOLLdesu,"""tryna struck a chord, and it's probably A Minor"" is one of the sickest bars I have ever heard in my entire life, ffffffuck",566,18,2024-05-05T20:14:44Z,2024-05-05T20:14:44Z
UgxguKEJDKC-giXarPt4AaABAg,@HippieInDaHood,"Interestingly, ​​⁠and something I don’t see many people talking about is the fact that ”meet the grahams” is in the ‘a minor’ chord and “Not Like Us” is in the ‘b minor’ chord which is an increase in key and in music, these type of changes to a score are made by the music conductor. So there’s an added layer to the line “tryna strike a chord and it’s probably A minor” because earlier in the same track he says “certified boogeyman, I’m the one that up the score on ‘em” implying that Kendrick is the conductor of this battle not Drake and he was tryna strike a chord in Drake with the “meet the grahams” record because of how sinister and personal it was. Kendrick is one poetic savage🤯🙆🏿‍♂️😂",655,19,2024-05-07T11:59:32Z,2024-05-07T11:59:32Z
UgyhTfKnGzD86FkQkqd4AaABAg,@spacemansports4129,Who’s here after the World Series?,9,0,2025-11-02T22:51:02Z,2025-11-02T22:51:02Z
Ugx0SqRfcPq1ry9MwKh4AaABAg,@parmeshgurung,I am gonna thank drake for making kdot drop tracks after tracks. It is nice hearing him using different flow and upbeat tracks too. 👍🏽👍🏽,144,1,2024-05-05T02:06:32Z,2024-05-05T02:06:32Z
Ugw_--ZCOsGriGJRHjJ4AaABAg,@lifestyleestatelandsandhou722,The way he switches his rap flows is excellent,216,1,2024-06-04T15:03:15Z,2024-06-04T15:03:15Z
Ugy6llEs685jUIDF1LB4AaABAg,@fantastylover-xl,“TRYNA STRIKE A CORD AND ITS PROLLY A MINORRRRRRRR”🔥🔥🔥🔥,45,0,2024-06-17T07:37:17Z,2024-06-17T07:37:17Z
UgyEXYfTuB3uBjd-Anp4AaABAg,@MayMary-t9y,I love this video,0,0,2025-12-17T13:11:55Z,2025-12-17T13:11:55Z
Ugz5ooUNsCUUL6X92jt4AaABAg,@brandonortiz3907,"Kendrick is the physical embodiment of, ""i ain't hear no bell "" 😂",115,2,2024-05-05T03:33:17Z,2024-05-05T03:33:17Z
UgzZhoMKkmRz_DKyWAR4AaABAg,@imgoth,i can tell he was wit his boys making dis one having fun. this shi so hard,38,0,2024-05-05T04:48:27Z,2024-05-05T04:48:27Z
UgxBC9_5usQ58Sr4QFh4AaABAg,@9fllower,I think a lot of ppl don't even understand that Drake was oftentimes praised for how well his lyrics went with the beats which is why it's played so often in clubs. Then he said that Kendrick can't make music that belong in a club. This man took his entire craft from him😭😭,556,9,2024-09-17T01:14:59Z,2024-09-17T01:14:59Z
UgwiUNKiMNYnMxzkIWV4AaABAg,@ALocalCaffenatedZombie,I'm putting this on my Playlist lol,0,0,2025-07-16T01:57:59Z,2025-07-16T01:57:59Z
Ugx31xFWg_SFAv4aVd54AaABAg,@greendays9315,“it was God’s plan to show y’all the liar”😭🔥,97,1,2024-05-06T00:02:05Z,2024-05-06T00:02:05Z
UgyE6sALrcS-n33s3p94AaABAg,@LotussBrand0,"""beat your ass and hide the bible if god watching"" is the hardest bar ever my boy",313,16,2024-05-05T06:47:22Z,2024-05-05T06:47:22Z
UgwseNZREAllt9oqiPN4AaABAg,@paulpoellot3843,0:40 favorite part in the super bowl,131,4,2025-02-15T23:35:41Z,2025-02-15T23:35:41Z
Ugw0ZhftJOwbJk7x_JB4AaABAg,@mohammadnorkasim5712,it's crazy that all of that was like 2 years ago,1,0,2026-02-10T09:06:08Z,2026-02-10T09:06:08Z
UgyduH418dUvc7NM5mB4AaABAg,@Luvcruzromysplinksteakalex,"Drake didn't get roasted, he got a history lesson💀",137,0,2024-06-29T08:24:22Z,2024-06-29T08:24:22Z
UgxIDHU_wF9s27LQi9J4AaABAg,@kadematty,I've never been so proud to say that I've never been a drake fan,277,8,2024-05-09T06:56:18Z,2024-05-09T06:56:18Z
Ugx-iEHpjrJ-qC-Z1Xp4AaABAg,@JustAnAnimalGuyVR,Kendrick the type of dude to appear in the mirror behind drake when he closes the medicine cabinet,368,4,2025-02-26T21:12:30Z,2025-02-26T21:12:30Z
UgzstO5S1xzQWT6M7mh4AaABAg,@spursy10,"""WHAT OVO FOR, THE OTHER VAGINAL OPTION"" is underrated 🤣🤣🤣",187,3,2024-06-17T12:46:51Z,2024-06-17T12:46:51Z
Ugxp_2pWgWL_vLrEtM94AaABAg,@VerifyManUSA,nice,0,0,2025-06-09T15:38:58Z,2025-06-09T15:38:58Z
UgyK2aiClaMX_xfq1SB4AaABAg,@godssonraymond8877,J -Cole sitting back like” man I’m glad I sat this one out 😮 lol 😆,110,1,2024-05-06T21:17:26Z,2024-05-06T21:17:26Z
UgwJ5Qhey9Nh3m-Lr-h4AaABAg,@lizzieliz6717,The fact that he's the first rapper to win a Pulitzer says a lot. He's got a great way with words.,88,0,2025-02-11T20:54:58Z,2025-02-11T20:54:58Z
Ugx_PCEsgMjXGliRS6Z4AaABAg,@outIawed,bro always pulls up with the lyric videos asap,72,0,2024-05-05T00:36:11Z,2024-05-05T00:36:11Z
UgwJrE0hOQp8kHQS6Z14AaABAg,@Mon-Lanier,"Got to blast this on my:/ Sonorous speaker. It sounded like I was in the outside crowd 🎉 In a bedroom pov on phone, yes we are locked in. The roof is locked for me and somebody else",1,0,2025-08-19T07:50:52Z,2025-08-19T07:50:52Z
Ugw1Mzsqe3hfSwNJPi94AaABAg,@nick.j.l,"""tryna strike a chord and it's probably a minor"" bro i jumped out of my chair, this bar is crazyyyyyy",47,0,2024-05-05T00:55:50Z,2024-05-05T00:55:50Z
UgyNHYuQ-m9Td0AAHFl4AaABAg,@browneagle6537,OVO - Other Virginal Options. That’s fucking wild. The disrespect to the whole camp,189,3,2024-05-05T02:23:55Z,2024-05-05T02:23:55Z
UgzZ8y4ouOMLGn36o994AaABAg,@HarrisFam-s8r,I ve learned I’ve never hated someone properly,225,3,2025-06-04T14:13:39Z,2025-06-04T14:13:39Z
UgyauZlzkObaBPITEnh4AaABAg,@Mike-LIB,*Imagine giving a feature and leaving em out the official video*,1,0,2025-10-04T12:02:43Z,2025-10-04T12:02:43Z
Ugzecdpq_WY-7kbK-SF4AaABAg,@TechCareerAdvisor,The OV HO part will never be forgotten. They’re gonna have to rebrand and get a new bird. Maybe an ostrich.,388,19,2024-05-08T12:11:02Z,2024-05-08T12:11:02Z
UgzXDiWpYfk82pChQo94AaABAg,@musiclyrics..,At this point the war's over and Kendrick won without a doubt,328,10,2024-05-19T03:56:14Z,2024-05-19T03:56:14Z
UgxQDEWxtnhhwaFP9Dd4AaABAg,@learnwithtanko10,"In a cease-and-desist letter, the estate’s lawyer argues that Drake’s use of AI 2Pac vocals on the Kendrick Lamar diss track is “a flagrant violation of Tupac’s publicity” and “a blatant abuse of the legacy of one of the greatest hip-hop artists of all time”",919,40,2024-05-05T07:45:46Z,2024-05-05T07:45:46Z
UgwIoOu-3eFufDzUNRp4AaABAg,@leadbelly1495,This is good in it !,0,0,2026-02-01T17:01:37Z,2026-02-01T17:01:37Z
UgxIgZYqPG1_EvyS8894AaABAg,@nigelo.yazzie9304,*DMX wouldve been so proud*,543,13,2024-05-06T20:32:50Z,2024-05-06T20:32:50Z
UgznYfESFiUgUCb2k2V4AaABAg,@STREETBEEFSJRFAN,"1:25  that doesn’t say pop, it says Pac as in 2pac",40,0,2025-03-12T12:22:51Z,2025-03-12T12:22:51Z
UgydtNRiFOdJrOsp6yt4AaABAg,@Hayden-Hux,“ Tryna strike a chord and it’s a minor .” I love Kendrick,192,2,2024-06-21T21:54:51Z,2024-06-21T21:54:51Z
UgwDCSFDdekT1Gm2fOB4AaABAg,@bornrich4ever416,This is 🔥,0,0,2025-06-12T18:29:34Z,2025-06-12T18:29:34Z
UgyEvLqo-r-4xyEQPht4AaABAg,@NoGoodDeez,"Im in tears as I sign Drake's ""Get Well Soon"" card. I hope he makes it. Im sending zesty flowers, too.",190,4,2024-05-05T03:24:24Z,2024-05-05T03:24:24Z
UgzX2ikqx1PXNTzZ7uB4AaABAg,@madlaffmusic,All I envision at this point is DAVE CHAPPELLE doing a segment on this 😂,112,1,2024-05-07T21:39:58Z,2024-05-07T21:39:58Z
UgwR1S9-VWPmRFQ3MKJ4AaABAg,@rickeydean5792,"Drake better leave this brother alone. He is from the street, he's not no Hollywood rapper who grew up on a Disney Show. You better tell somebody! lol",294,6,2024-06-05T03:29:25Z,2024-06-05T03:29:25Z
UgwBU2ClxyubGGKU2PZ4AaABAg,@Rjiscoolfr,bro this is fire broooo🥳🥳🥳🥳🥳🤩🤩🤩🤩🤩🎉🎉🎉🎉🎉🎉🎉🎉🎉😄😄😄,0,0,2025-08-14T02:13:12Z,2025-08-14T02:13:12Z
Ugwfs3dYHmJmG2uDCNB4AaABAg,@khanfoysal9592,"DRAKE=
D= Don't
R= Rap
A= Against
K= Kendrick
E= Eve",1094,25,2024-07-03T06:39:44Z,2024-07-03T06:39:44Z
UgzNLEz_7jVsdErvvgx4AaABAg,@krklee77,"Future, baby, 21, Thug, Quavo, 2 Chains all mentioned for helping build Drake image. Along with Drake ghost writters. I'm SURPRISED Chap GPT hasn't been mentioned yet 🤣",177,4,2024-05-05T09:44:19Z,2024-05-05T09:45:31Z
Ugy-ckyjeu3Epa1-Grp4AaABAg,@lovemytide45,Finally a song in this genre with a kick ass beat.  Kendrick is on fire,144,2,2024-05-15T16:14:32Z,2024-05-15T16:15:10Z
UgyjCocwygwvkBcWMj14AaABAg,@lisagandy7543,My cousin's love this song,5,0,2025-07-08T01:39:54Z,2025-07-08T01:39:54Z
Ugx_6JvRMtH2AtF1cwl4AaABAg,@awolfx7947,Who's playing this right after hearing about the Grammy wins?,3320,125,2025-02-03T07:19:50Z,2025-02-03T07:19:50Z
Ugwkcc1fFoH7bktqM_d4AaABAg,@Shortridge317,"Bro when he said ""tryna strike a chord and it's probably A MINOR.."" 🔥🔥 bout fell out my chair. I didn't even need to hear the rest but  Kendrick caught a body here.",44,0,2024-05-05T02:00:07Z,2024-05-05T02:45:29Z
UgwdVP1KXv8_Wpw4Irp4AaABAg,@JimmyKlien1,"""Tryna strike a chord and it's probably A minor"" Best Bar",247,7,2024-05-05T09:52:00Z,2024-05-05T09:52:00Z
Ugwu3u-dqO2A2Ooxq7t4AaABAg,@tread8378,Ayyy they not like us they not like us 😮ayyyyyyy,2,0,2026-09-02T11:24:36Z,2026-09-02T11:24:36Z
Ugx0h-_8z2l-Z3HDULx4AaABAg,@bossman632,We’re alive to witness history.. Shits crazy,113,3,2024-05-05T00:42:25Z,2024-05-05T00:42:25Z
UgwCtEGDP-wyp5rMKYl4AaABAg,@Revenchist6,"A Minor -Drakes sus behavior yes, but also A Minor is all white keys on a piano. How are people claiming Drakes still in this?",212,6,2024-05-09T10:34:04Z,2024-05-09T10:34:04Z
UgzwbpbHnx0lSXravXF4AaABAg,@Cjq48,“The family matter ain’t the truth of the matter it was gods plan to show you the liar” disrespectful on so many levels,249,7,2024-07-29T03:50:48Z,2024-07-29T03:50:48Z
Ugw9h92wHvyNtLFmMWt4AaABAg,@joycekahoro8644,A Minorrrrr....l love that part😛,1,0,2025-10-10T22:30:39Z,2025-10-10T22:30:39Z
UgxW6wlr-Ku3N6khnKZ4AaABAg,@none3160,Cole wiping the sweat off his brow “crisis averted”,92,2,2024-05-05T23:00:50Z,2024-05-05T23:00:50Z
UgyMY-pImo1VUfo4ikV4AaABAg,@Ukrain0987,"2:08 ""Better not speak on Serena"" AFTER SHE CRIP-WALKED ON DRAKE IN THE SUPER BOWL IS CRAZYYYY😭😭",477,8,2025-02-22T15:47:23Z,2025-02-22T15:47:23Z
UgyNzVxn6OgOZW6W42Z4AaABAg,@zks.editzz,"""just make sure you hide your little sister from him "" 💀💀 "" trynna strike a cord and its propably a minorrrr "" 🤣🤣🤣🤣🤣🤣",54,0,2024-08-02T09:40:16Z,2024-08-02T09:40:16Z
UgxLjXfGk6na1dBnvpN4AaABAg,@LucieBattaglia,love this song,1,0,2026-05-06T17:12:02Z,2026-05-06T17:12:02Z
UgzhdBQACQ4Nhr7tZMh4AaABAg,@junebugtrippin,Kat Williams said it’s up for everybody in 2024 ….He has not disappointed,135,6,2024-05-05T00:59:35Z,2024-05-05T06:18:54Z
UgzZooVkhGeLmvFxiK14AaABAg,@shaunshin8559,3:34 hits hard ✨,91,5,2025-02-15T15:13:57Z,2025-02-15T15:13:57Z
UgwaE57jnohZO19BEdV4AaABAg,@mahoganysweets67,"Kendrick beat drake on so many levels.... Bars, talent, dissed him in different genres all at high level, added every Element of battle rap and skillset while still keeping each theme like a impeccable artist never dumbing down lyrics, concepts, true artistry etc. He poetically and savagely dissed this dude!! Stood on business, truth, manhood, penmanship and culture!! Showed he far more superior and an elite M.C not just over drake but many!! 
Showed he can do physical combat and psychological warfare without missing a beat through these diss tracks. He is a great strategist and knows the art of war and laws of power.",89,1,2024-05-08T03:09:28Z,2024-05-08T03:09:28Z
UgwU3nH62ZV2cOR0grZ4AaABAg,@kool-aid1718,Fire 🔥,0,0,2026-01-30T20:20:03Z,2026-01-30T20:20:03Z
UgxJ9Fh_n4WhmYjyY5J4AaABAg,@kennyslg8914,"J Cole must be sipping on a glass of lemonade right now, watching soap operas and running him a warm bath.",51,1,2024-05-06T06:49:13Z,2024-05-06T06:49:13Z
UgyiIonA2xpGao3GQeR4AaABAg,@KuromiLaBella,"I'm not even a big rap fan or anything, not even a kendrick fan. But damn, this slaps so hard, he really went for drake's blood and came back with bags of it. Amazing stuff.",145,4,2024-06-13T12:12:42Z,2024-06-13T12:12:42Z
UgzTn8E2JSpFAj5wvfB4AaABAg,@JerseySinCMD,He drop the heart 6 and I still came back here. This sounds more direct.,170,5,2024-05-06T03:37:20Z,2024-05-06T03:37:20Z
UgwI9UTVDchVB7TFDNZ4AaABAg,@Honeycomb-q6s,A legend a inspirer a rapper we still love today 🤩🤩,0,0,2026-02-17T16:14:23Z,2026-02-17T16:14:23Z
Ugx21ldy9JcKZ28m0Wt4AaABAg,@TreeJ18,Use this as the Kendrick bodied drake button 🔥,393,3,2024-05-05T00:38:41Z,2024-05-05T00:38:41Z
Ugx01DM7qaebNi4888p4AaABAg,@loyalastheyget,"Drake yelling at his ghostwrites to  ""HURRY UP FAM!"" 😂",381,13,2024-05-05T01:12:23Z,2024-05-05T01:12:23Z
Ugz2HHVQFCNCepJl6md4AaABAg,@StayDangerousZay,Drake= Don't Rap Against Kendrick Ever,251,4,2024-05-12T14:52:59Z,2024-05-12T14:52:59Z
UgwZ52fe-sRnaxciCSl4AaABAg,@amandapirl8231,Love it,0,1,2026-02-15T16:42:30Z,2026-02-15T16:42:30Z
Ugzse8n0GKTEE-ReffF4AaABAg,@anasosa569,Come to think of it… kendrick always raps about real life macro stuff  and drake raps about how everyone wants his money and his chicks are not loyal,113,2,2024-05-06T16:29:16Z,2024-05-06T16:29:16Z
Ugwh1QYFv91-agaDblB4AaABAg,@blessings1063,Bros quick with it,53,0,2024-05-05T00:36:25Z,2024-05-05T00:36:25Z
UgzEIjbdTKXle0L8MLB4AaABAg,@dorischikwani3281,Dude just having fun in the studio at this point. It isnt even realy about the beef at this point. that shit died at Meet the Grahams.,72,1,2024-05-05T01:20:55Z,2024-05-05T01:20:55Z
UgwMEbDDPWwbH2tt7BF4AaABAg,@erinanthony8661,"Glad i was taught a lesson, this rap words ring true. Although very lonely, better than getting shingles and dieing.",0,0,2026-08-16T17:40:53Z,2026-08-16T17:40:53Z
Ugzt5NK3DUaVIQ1LnjF4AaABAg,@onewapani,"I haven't heard or felt a flow like this since the 90s. Kendrick, you do this 55 yo proud because that shit is fiya!",223,4,2024-06-27T05:25:42Z,2024-06-27T05:25:42Z
UgwMx77wORTv2KbA28p4AaABAg,@elmagnifico8805,"People don't realise that Kendrick brought 4 different concepts in his 4 diss's

euphoria is hardcore rap.

6:16 is a lecture.

meet the grahams is storytelling.

Not Like Us is a club banger.

He's lowkey giving us an album day by day at this point, Kendrick is deceiving that is d Boogeyman actually he is the one sent to kill d boogeyman 😂😂😂",336,8,2024-05-05T11:11:50Z,2024-05-05T11:11:50Z
UgyMdW9siUQ0Eqkjeqh4AaABAg,@DarthSpock9940,"Order of songs:
First person shooter - Drake
Like that - Metro, Future, Kendrick
Push ups - Drake
Taylor made - Drake
Euphoria - Kendrick
6:16 in LA - Kendrick
Family matters - Drake
Grahams the matter - Kendrick
Not like us - Kendrick",630,32,2024-05-05T02:50:43Z,2024-05-05T02:50:43Z
UgxkAcK8uKAb5gV6s0F4AaABAg,@Feverdudegaming,Damn this is good,0,0,2025-09-13T01:23:42Z,2025-09-13T01:23:42Z
UgxREVEi7rPoRGC2dIF4AaABAg,@bignel0081,"I literally just listened to family matters and meet the grahams. All seriousness, I hope this revitalizes hip hop and gets trap trap music dethroned",106,4,2024-05-05T00:53:52Z,2024-05-05T00:53:52Z
Ugzf90fGwfouLwFuaR14AaABAg,@yasmeenomara2673,"Kendrick: The more you f**k around, the more you’re gonna find out!! 😅😂😂😂",48,1,2024-06-01T19:36:17Z,2024-06-01T19:36:17Z
Ugzm2_GP7w3NqBVh2ch4AaABAg,@RivManTimRonReacts,"Holy shit, im like a proud dad watching this. Tears in my eyes from this masterpiece.",106,3,2024-05-05T02:23:27Z,2024-05-05T02:23:27Z
Ugza-XnQrkUEqDpfPrF4AaABAg,@AswyysvAdsdv,The way you explained this is SO clear. Thank you,1,0,2025-07-29T17:07:05Z,2025-07-29T17:07:05Z
UgyVJz7dxGqBnkP7pKZ4AaABAg,@J_LaRon,It’s apparent only one person is walking out of this cage match… lol,56,1,2024-05-05T03:21:29Z,2024-05-05T03:21:29Z
Ugw4QD23oN-CiT0MWLh4AaABAg,@Bing-b8j,The OV HO part is iconic.,112,4,2024-05-12T14:31:02Z,2024-05-12T14:31:02Z
UgwOk247kRJ1ujOux-14AaABAg,@ttayeng,"Bro is fast 😂😂
It’s only been 50 mins 

Kendrick beating up a dead body at this point 💀",151,4,2024-05-05T00:37:33Z,2024-05-05T00:37:33Z
UgzLFKjYNgaFQhP4Rfx4AaABAg,@Calmus74,LOVE THIS SONG WELL DONE KENDRICK❤🎉🎉🎉,1,0,2026-02-14T12:53:49Z,2026-02-14T12:53:49Z
Ugw8_ahB5wx8ZHpEFjd4AaABAg,@Ermmmm308,Hide your little sister and Tryna strike a chord and it’s probably a minor got me dying,52,1,2024-05-31T01:38:35Z,2024-05-31T01:38:35Z
UgyopEOTdR3Cyj1OBoF4AaABAg,@ronaldsimmons5740,Man down call the Ambulance 😂😂😂,98,3,2024-05-26T19:26:47Z,2024-05-26T19:26:47Z
UgwMqV99r9aA-IrOQ7l4AaABAg,@rosemarie2wav,I remember when I heard DJ Mustard’s producer tag and I was like “DJ MUSTARD?! HE’S HERE TOO???” 😭,111,1,2024-07-22T05:15:16Z,2024-07-22T05:15:35Z
UgzltC29bpvzwT4PfKV4AaABAg,@RogueSpartanB292,Damn this is officially my #3 diss track behind (#2) Hit Em Up and (#1) No Vaseline,1,0,2026-01-17T22:59:35Z,2026-01-17T22:59:35Z
UgwQVQbJBYW9XrPEMWd4AaABAg,@1GreenDragonRat224,"Kendrick isn’t the only one, ALL THE BEEFS is destroying Drake 😂😂😂😂",56,1,2024-05-25T01:26:18Z,2024-05-25T01:26:18Z
UgwgSvf32EesuQAfWtZ4AaABAg,@akenod,"Remember when DMX said he don’t like nothing about Drake. X was one of the realest, that never even met him. He just had the feeling, like people say they have about Diddy. Better pay attention.",138,14,2024-05-05T08:19:07Z,2024-05-05T08:19:07Z
UgwDmoShPdrEfpKBRwJ4AaABAg,@davetom8517,"I just want to apologize to Kendrick Lamar. He doesn't know me, I've never said anything to or about him. But just in case, I want to go on the record and apologize right now.",655,19,2024-05-12T22:00:21Z,2024-05-12T22:00:21Z
UgybU84AqsRkEHnBjD14AaABAg,@MariaGutierrez-l1c,Sickest💯🙏🙏🙏Thanks for standing up for Pac❤❤❤❤🐐🐐🐐,0,0,2026-08-15T03:15:02Z,2026-08-15T03:15:02Z
UgzvxW69-ANgdMRJlsR4AaABAg,@That_Stinger_GT5,"Beo dropped 4 songs in less than a weekend to prove a point, so now we know. He chooses to take forever for his albums 😂",197,8,2024-05-05T05:44:36Z,2024-05-05T05:44:36Z
Ugw0ihDSj_vM_Lzq2g14AaABAg,@justblz18,"Everything he said about Drake I've been saying since i first heard him in 2008-09. I never liked him and he never sounded authentic to me. And then i found out he was on Degrassi and was in a boyband prior to the rap game. Just like Kendrick said, ""he aint one of them. He's a fan."" Drake just want to be a celebrity. Acting, singing, rapping, etc. if none of that had worked out, im sure he would've ended up in the WWE or porn.",74,2,2024-05-15T19:47:37Z,2024-05-15T19:47:37Z
UgywInXYbCzlg0xClz54AaABAg,@fireninja9072,“Certified Boogie man I’m the one that up to score in him”🎶🎵🎧,79,1,2024-06-21T19:50:30Z,2024-06-21T19:50:30Z
UgzFmbbtllnpKDdJrjR4AaABAg,@NatalieLander-p4d,❤🎉It's just the best ❤,1,0,2025-06-15T15:03:34Z,2025-06-15T15:03:34Z
UgxJ1CfPAtAIZYlpXYJ4AaABAg,@jorelorgas4059,I don’t even listen to rap these days but had to come check this out! Drake needs to stay indoors for a couple years,78,4,2024-05-05T01:18:44Z,2024-05-05T01:18:44Z
UgzxACe186X8Ly5O0nx4AaABAg,@MikeeBuildstech,"“I lean on you 🥷s like another of Woc, All eyes on me and Ima send it up to Pac “ 
🔥🔥🔥🔥🔥",83,2,2024-05-05T15:11:33Z,2024-05-05T15:11:33Z
UgyL-F9-KBpqFrcLLLx4AaABAg,@AbdallahtiyumbaAlhassan,"There are two things in life. Worship God. 

And don’t you ever think of dissing Kendrick Lamar",376,11,2024-05-06T17:26:15Z,2024-05-06T17:26:15Z
UgySNhU-g6VWw4xiS894AaABAg,@sway-d3,Keep em going Kendrick,1,0,2026-05-29T22:15:59Z,2026-05-29T22:15:59Z
UgzLe0Rpk8bJMZzUuWx4AaABAg,@dblshotz75,Im not even a fan of today's hip hop but this is one of the greatest diss tracks of all time.,118,4,2024-07-25T06:26:39Z,2024-07-25T06:26:39Z
Ugyi8rg3vz1GIhYl4zN4AaABAg,@therealksubii,homie got mfs in Oakland dancing to ts 😂,180,6,2024-05-05T04:56:45Z,2024-05-05T04:56:45Z
Ugxy_ouDn0HXo7e-nhh4AaABAg,@spedbboi,"The fans were complaining that Kdot wasn’t giving out a “Diss they can play at the club” well this is it, I wonder what excuse they’ll give now😂",249,5,2024-05-05T14:41:33Z,2024-05-05T14:41:52Z
UgwlpSrcckGvSqdDFyV4AaABAg,@DanielArgueta-n1i,Now he should make one about epston,1,0,2026-05-08T23:03:44Z,2026-05-08T23:03:44Z
UgwJ5HTI3LMOOENjpOp4AaABAg,@meganruskey,If I can’t keep up with the four dis tracks as a consumer I cannot imagine being Drake rn.,61,4,2024-05-05T00:47:55Z,2024-05-05T00:47:55Z
Ugy55ik7c1HQiOvGLAh4AaABAg,@ShadyMMMTJ,"""Man down call an ambulance tell him breath bro""💀💀",230,17,2024-07-11T07:30:50Z,2024-07-11T07:32:15Z
UgyNermI7rktqfTxzUl4AaABAg,@Jigglesaround,This works for so much. Not just drake.,337,1,2025-04-28T06:50:39Z,2025-04-28T06:50:39Z
UgylVNsdvr9xmDZYx7h4AaABAg,@dopeworldglow,my favorite song,3,0,2025-12-05T11:00:18Z,2025-12-05T11:00:18Z
UgwvWZQ74Muck1pfx-14AaABAg,@IBmaster4,"Apparently: ""Baka not nice"" is an OVO member who was arrested and imprisoned in 2014 for several charges which included human trafficking. whilst in jail drake gave him a shoutout on ""Know yourself"". In 2017, he joined the OVO family where drake gave him a warm welcome and signed him....",122,6,2024-05-06T06:44:56Z,2024-05-06T06:44:56Z
Ugw5YPr_4iogHLdRi-F4AaABAg,@ShayNicole-cs5ir,Kendrick already murked him and came back to pew pew the dead body out anger😂,48,2,2024-05-05T01:12:09Z,2024-05-05T01:12:09Z
UgzJ0hNLpl5y5iBURP54AaABAg,@dust008,0:21 I heard this originally as “How many options Diddy got?” and honestly it works.,45,1,2024-09-30T23:55:27Z,2024-09-30T23:55:27Z
UgwqcEGLLn-Uro4MH414AaABAg,@Calmus74,LOVE THIS SONG WELL DONE KENDRICK,1,0,2026-02-14T12:53:44Z,2026-02-14T12:53:44Z
UgypexMtQx_iv9uSq_l4AaABAg,@Adnan-vm4sc,"Euphoria: The diss track
6:16 in LA: The warning
Meet the Grahams: The murder
Not Like Us: Dancing on Drake’s grave",226,11,2024-05-05T12:24:32Z,2024-05-05T12:24:32Z
Ugw0YIIXJsbtXl1OkM94AaABAg,@DrLukeHart,That fucking Atlanta segment was absolutely exceptional.,74,2,2024-05-12T10:57:50Z,2024-05-12T10:57:50Z
Ugx7WgR9qpjnqxUvsjR4AaABAg,@gettinmines125,These Aubrey fans don’t even  understand how the ‘Tryna strike a chord and it’s probably A minor’ bar single-handedly wins the battle,130,11,2024-05-06T01:06:24Z,2024-05-06T01:06:24Z
UgyDQcRSF-EHJ-mEb2Z4AaABAg,@precioushillery2158,this music is fire,1,0,2025-07-08T00:34:46Z,2025-07-08T00:34:46Z
UgzioO7bsAL_Mx1sB0Z4AaABAg,@TheLoudmouth000,ANYONE HERE AFTER THE SUPERBOWL HALFTIME SHOW!!? 🔥🔥🔥,868,47,2025-02-10T02:33:28Z,2025-02-10T02:33:28Z
UgxWJvG1xGwZj02yEuF4AaABAg,@Hatukhill92,He just called Drake a house slave who used Atlanta Georgia for a back up paycheck. That was some of the illest lyrics for a diss track. Don’t really listen to either one of them but that got me in. Wow!!,102,3,2024-05-07T18:21:12Z,2024-05-07T18:21:12Z
UgyrjofKTW_DvwwrFXF4AaABAg,@vixh5516,Grammy for a diss track is crazy. Someone go check on drake 💀💀,127,3,2025-02-04T17:31:12Z,2025-02-04T17:31:12Z
UgyplWYjJ8jTBQrTXrB4AaABAg,@NoahZingsheim-pi7tm,They play this at every home coming and prom,1,0,2025-10-05T05:24:05Z,2025-10-05T05:24:05Z
Ugz8zWfyQZGVc-imwsh4AaABAg,@amberscalf7026,This is so hard ty Kendrick I love real mfs especially ones who ain’t never scared to speak straight truth !! Can’t stop listening to this!!!,74,0,2024-07-07T20:38:19Z,2024-07-07T20:38:19Z
UgyzrGHpePoIk5rwCgl4AaABAg,@Allison-tr5ej,Who’s is watching this video after the superbowl halftime show,256,7,2025-02-10T01:46:30Z,2025-02-10T01:46:30Z
UgwEFkk202dvtD4yAtN4AaABAg,@malcolmseales4833,This man really got the clubs two steppin on Aubrey grave with this one.😂,93,4,2024-05-05T04:57:12Z,2024-05-05T04:57:12Z
Ugz8VPA6UKJDOczHq6p4AaABAg,@alexandravlog3502,Congrats u WON grammys,1,0,2026-02-02T17:55:23Z,2026-02-02T17:55:23Z
UgzxYPJaUkHfgmLe4VN4AaABAg,@cheyennecouch1427,My step-daughter showed me this song and we started screaming it in the car.😂,117,6,2024-09-14T19:14:28Z,2024-09-14T19:14:28Z
UgzhwRI3XZUSgLcn_VB4AaABAg,@jacksondarryl34,"And the winner is....J Cole! He saw the bigger picture and took the smartest L in Hip Hop history! This is not Battle Rap, but potentially Murder Rap! "" Only listen to Minister Farrakhan"" J Cole. He didn't feed into the Bloodlust of the people. Smart move J Cole!",159,10,2024-05-06T07:46:55Z,2024-05-06T07:46:55Z
Ugx4K52umt5imBTin9J4AaABAg,@Shadowssss1234,"The fact that Kendrick Lamar said "" just make sure you hide your little sister from him is wild💀☠",48,2,2024-09-20T22:47:26Z,2024-09-20T22:47:26Z
Ugyx0Bv6B5MP4OCrPfl4AaABAg,@luciasepesiova8057,Megaaa❤❤ fantastykooo😮😮😮🎉🎉🎉,0,0,2026-02-24T15:00:56Z,2026-02-24T15:00:56Z
Ugx7XqwgRFIsRYmPket4AaABAg,@purpusthepoet5139,"K-dot got loose with this one.. he lighten up the bars with straight jabs for those who couldn't understand and handle the right hooks.!! That's how you know his pen is lethal, when you drop a weight class to punch on someone in a way they could understand..",228,9,2024-05-05T04:08:10Z,2024-05-05T04:08:10Z
Ugz7EE4cNPQMhWtAzjl4AaABAg,@Aegys619,This is the Kendrick I expected 3 disses ago. THIS is a classic diss.,53,5,2024-05-06T03:14:54Z,2024-05-06T03:14:54Z
UgwPOzZQFlWARLYnwsV4AaABAg,@MakaveliTrained7,Each diss gets harder and harder. He really cookin that fool 😂,49,1,2024-05-05T09:34:39Z,2024-05-05T09:34:39Z
UgyW6dGnwTjpBiNSQFN4AaABAg,@Kass123_27zz,This is my favorite song,1,0,2025-06-15T00:35:14Z,2025-06-15T00:35:14Z
Ugzl8eBubr5I-xNFc3h4AaABAg,@Vodka_c-zar,At this point....Drake better call Saul,77,3,2024-05-05T00:49:43Z,2024-05-05T00:49:43Z
UgxOBtO-lPz5dScWbe14AaABAg,@danielfritz9471,"I have never been listening to this guy but I hear them say he the best and I really wonder why, but this beef has made me realize who he really is. This guy is dangerous.",269,14,2024-05-05T09:15:54Z,2024-05-05T09:15:54Z
Ugy98aJWMeVsXZj6NYR4AaABAg,@koredesolola807,It's crazy we wait years for an album when Kendrick can literally go in the studio and make hit record in less than a day. He is referencing Family matters which just shows he made the track and dropped immediately after Meet the Grahams. Its Crazy 🤯,53,1,2024-05-05T16:13:23Z,2024-05-05T16:13:23Z
UgxjMV390HbMKTfklXN4AaABAg,@IntuitiveVisionary9,Good morning. Let get this started  😤,1,0,2026-02-03T11:22:31Z,2026-02-03T11:22:31Z
UgyCvMxCo4y4c0PBc3h4AaABAg,@happyfun014,This man is a walking drake diss album,77,0,2025-04-22T00:11:56Z,2025-04-22T00:11:56Z
UgxoyPnyKE4i9A6PVZJ4AaABAg,@claysoggyfries,Bro made a west coast classic,41,4,2024-05-06T04:13:57Z,2024-05-06T04:13:57Z
UgzokDGY_d9N2ENKEX54AaABAg,@BrynhurstSixOwe,Cold part is there will still be die hard Drake fans..sad AF tbh 🤦🏾‍♂️,178,13,2024-05-05T01:54:48Z,2024-05-05T01:54:48Z
Ugx-oha41-dejbnZO654AaABAg,@shanbrown73,This song will never get old🎉🎉🎉🎉,1,0,2026-04-10T19:29:45Z,2026-04-10T19:29:45Z
UgwevxdjxCeD-H_4yLJ4AaABAg,@ianjmchugh,2:01 ya’ll missed the lyric. He talking about drake fuc*in on Wayne’s girl while Wayne was in jail.,146,6,2024-05-05T20:35:08Z,2024-05-05T20:35:08Z
UgwVZcICT50gM4vBYbR4AaABAg,@sunnantariq723,I really wish Kendrick didnt drop this cuz after Meet the Graham's I dont think Drake could have ever responded.,139,11,2024-05-05T07:26:54Z,2024-05-05T07:26:54Z
Ugw-yu3fspvYBzZJeKx4AaABAg,@cosmicrealm1567,Kendrick did wht we been waitin for since 2009!!,99,4,2024-05-06T20:30:16Z,2024-05-06T20:30:16Z
UgwMPuxrPec_Z-jE3ql4AaABAg,@heathermcgee9216,When Ana Gastyer and Will Ferrell performed this on SNL 50,2,0,2025-09-04T14:50:36Z,2025-09-04T14:50:36Z
Ugzi5u3vf6bK-YkEfyl4AaABAg,@The1980sBaby,"Do yall remember the Millie Bobby Brown ( Eleven from Stranger Things) after Season 2 , when she said that Drakes texts her all the time? She was about 16 at the time, and Drake was ~ 30.",89,10,2024-05-05T01:15:12Z,2024-05-05T01:15:12Z
UgwAxKjok-pmp0Z5ZSR4AaABAg,@SickByBirthGaming,"Killed it at the Super Bowl, keep up the grind Kendrick ",41,0,2025-05-24T02:00:40Z,2025-05-24T02:00:40Z
Ugwxo-xaoWWQ0Ic4Ukd4AaABAg,@mraihan7400,This guy join forces with Mustard just so he can throw brutal shots at Drake. 💀,116,2,2024-05-05T06:48:57Z,2024-05-05T06:48:57Z
UgyWrQ6redLis-dkZrx4AaABAg,@angelscott6726,So good,0,0,2025-09-07T18:49:20Z,2025-09-07T18:49:20Z
UgxtYRQB27qdF6UNpdh4AaABAg,@CheyenneTomlinson,I don't know why but I am so addicted to this song,46,3,2024-07-21T22:23:13Z,2024-07-21T22:23:13Z
UgyQecaaVpP7pVCc5nN4AaABAg,@HiddenUzumaki,"Bro idc how long its gonna take me to learn the lyrics, I am definitely gonna learn it and sing it all day.",162,13,2024-07-18T22:01:35Z,2024-07-18T22:01:35Z
UgzhGNW6GK-rN62kfzV4AaABAg,@Dylan-c2h,Who ever dropping these beats needs respect too,47,3,2024-07-04T22:56:25Z,2024-07-04T22:56:25Z
Ugx0dSvCqpCFuk3tQot4AaABAg,@Luckysiangshai,I like this song so much please song a gain 🎉🎉🎉,3,0,2026-01-11T06:34:43Z,2026-01-11T06:34:43Z
Ugw-MTPEyCqTRn7gemF4AaABAg,@Skylerxskyx,1:00 is crazy bro😅,108,6,2025-04-16T04:17:47Z,2025-04-16T18:09:17Z
UgxPkGrtuPc7ZYslz4V4AaABAg,@davidnathaniel8644,just heard this song being played at a  theme park. everybody was hyped,83,5,2024-06-28T05:37:01Z,2024-06-28T05:37:01Z
UgyZ2d-EhKcRBadZYER4AaABAg,@jasmine6910,Drakes probably gonna sue since he called him a pedo 😭😭😭😭,101,4,2024-05-05T03:43:03Z,2024-05-05T03:43:03Z
UgywfvoKukZlnK4zR9p4AaABAg,@Ostentatiousnessness,"I’ve never listened to much of Kendrick’s music.

But my god this is amazing.",0,0,2025-11-15T11:40:49Z,2025-11-15T11:40:49Z
UgzgEvleuGorCuNXLbJ4AaABAg,@FCclutchmoments-vr8fx,0:34 is dangerous,81,3,2024-08-28T19:20:54Z,2024-08-28T19:20:54Z
UgyRKHKlBetZmfaRg3h4AaABAg,@agarciamora,"2:06 It´s .... "" I´m glad D Roze (DeMar Derozan) came home.. 

Thanks for the lyrics ✌",52,1,2024-09-11T15:01:33Z,2024-09-11T15:01:33Z
UgzhaUCszrKwDRE2NbR4AaABAg,@BabydollKimala,"""Are you my friend, are we locked in"" I say the very end of this track OVER and OVER since day one.  I'm 49 yrs old and I have grandkids and I don't listen to a whole lot of rap but this shizzz is awesome.",87,2,2024-06-07T12:25:21Z,2024-06-07T12:25:21Z
UgwkHabWkWXtBTPkW2l4AaABAg,@Mishra_Surbhi,Now I get to know...why this song won both Record of the year nd song of the year at the 2025 Grammy awards.....☠️🔥,1,0,2025-09-12T06:20:04Z,2025-09-12T06:20:04Z
Ugx5SUDJGP353lSjB3d4AaABAg,@EazyE11,"Kendrick: ""You want some of this to old man!?""

Cole: ""No!""",53,3,2024-05-05T19:33:58Z,2024-05-05T19:33:58Z
UgwwksLaXkzxTRWyyOh4AaABAg,@Banditaaaa8,0:40 say drake i heard u like em young,123,5,2024-11-02T12:03:02Z,2024-11-02T12:03:02Z
UgznzxmfEc3iJhp3kNh4AaABAg,@jwilariousda1st,"Oakland jus waiting on Aubrey to show his face in the Bay since that AI Tupac shit, but for Kung Fu Kenny to speak on it really show this man standing on the pulse of the streets..",48,5,2024-05-05T09:02:15Z,2024-05-05T09:02:15Z
UgybOqdjMXQ5q8_gP8h4AaABAg,@jeffreypugh-z8r,this is the best song I listened to it every year. I listened to a one I was one years old and now I’m six,0,0,2026-03-24T20:43:58Z,2026-03-24T20:43:58Z
UgwQOyPFkCb0m6tjlN54AaABAg,@remylebeau5212,"This track is the epitome of why K gonna always have Hiphop,he comes from n completely immersed in the culture.'They not like Us!"" Is such a smooth cryptic way to call the Culture to arms against outsiders 😂...This was more than a diss,it will represent n be one of the catalyst in a culture change in Hiphop",164,12,2024-05-05T15:45:13Z,2024-05-05T15:45:13Z
UgwKRVzsXlYRESNGgWV4AaABAg,@Danny.P-dp,Man killed it !! When ya read the lyrics a few times the song hits different!!,83,1,2025-02-26T11:37:45Z,2025-02-26T11:37:45Z
UgyoLF4IUt-F1YRtxwt4AaABAg,@kevinjackson6420,Kendrick just dropped his version of Hit’em Up!! This is the one the will withstand the test of time. This is K-Dot’s Ether! No Vaseline!!,42,1,2024-05-05T14:40:14Z,2024-05-05T14:40:14Z
UgxJMF9te_MihQd3fQx4AaABAg,@JustineLombe-r4i6d,Pretty song guys 😊😊😊😊😊❤❤❤❤🎉,2,0,2026-05-16T06:23:11Z,2026-05-16T06:23:11Z
UgwHT3UIjsVyj_8Wfb54AaABAg,@jeje725,Who came here after the superbowl performance?,41,1,2025-02-12T22:17:19Z,2025-02-12T22:17:19Z
UgzMU4xWVH-VvIZBdXN4AaABAg,@samwest1097,I just wanna say I’m from Oakland and I’m so fucking happy right now.,88,4,2024-05-05T18:35:30Z,2024-05-05T18:35:30Z
Ugw77cOxNMbwzPL0AR54AaABAg,@TTV_SNOWYY_luvhim-2024,"This song truly evokes a sense of passion and excitement.  The rhythm is infectious, making it hard to resist moving to the beat.  The melody is captivating, drawing the listener in with its beautiful notes.  It's a song that stays with you long after it's over.  I appreciate the artistry and creativity that went into making this music.🔥🔥🔥🥰🥰🥰😎😎😎💖",143,2,2025-06-06T20:30:40Z,2025-06-06T20:30:40Z
Ugz4vCXQIDoLxr_zgdd4AaABAg,@Francis-L-Lyngkhoi,What a song,1,0,2026-08-01T14:35:14Z,2026-08-01T14:35:14Z
UgzfsCmISY_WJHFNQwF4AaABAg,@4656superman,RIP Drake' music career....😅😅,258,14,2024-05-29T17:10:32Z,2024-05-29T17:10:32Z
UgyfeiyI1QVjMGppxoJ4AaABAg,@kiteracer,"You know what’s a funny coincidence (or not???) is in the first few bars Kenny talks about “nail (him) to the cross”. Well, last night was Good Friday for us Greek Orthodox folk. While k dot was busy dropping back to back killshots, we were mourning the death of Jesus Christ on the cross. And midnight tonight is Easter. Coincidence? Seems too opportune to brush off. Imma go to church and light a candle for the White Boy…",51,3,2024-05-05T02:33:13Z,2024-05-05T02:33:13Z
UgwbFwnKzsVsqWPWND14AaABAg,@whatsafter7,"I think at 2:02 he said ""f'd on Wayne's girl while he was in jail that's conniving"" if K-dot's talking about Lil Wayne that's crazyyyyyy",69,8,2024-05-05T06:44:08Z,2024-05-05T06:44:08Z
UgxbpmtmGBEAwtnR17V4AaABAg,@V0IDIRISMM2,The way he stared into drakes soul at the Super Bowl 💀,2,0,2025-06-16T05:08:39Z,2025-06-16T05:08:39Z
Ugw7l39gj7pBMR2IEBZ4AaABAg,@Carclips-156,2:20 IS THE BEST PART OF THE SONG,64,4,2024-11-07T17:36:02Z,2024-11-07T17:36:02Z
Ugw1kWjjR06_viZ01q54AaABAg,@kottbollar23012,Bro didn’t drop an album for a decade and dropped 3 diss tracks in a week 😭😭,233,17,2024-05-05T11:19:25Z,2024-05-05T11:19:25Z
UgwbIC9RSmGC0kmrJnx4AaABAg,@Ric_DaMusicMaker,Yo 0:14  just started dang bro drake getting cooked,49,2,2024-05-05T01:20:16Z,2024-05-05T01:20:16Z
UgxAuy24X5volsJAL0J4AaABAg,@LongsaWngsh-zi5vx,Yoo kendrick lamar you are the best rapper in the world,4,0,2025-10-09T05:06:55Z,2025-10-09T05:06:55Z
UgzJBeqhXet6OE-uKMl4AaABAg,@sagehurd8982,I also think it’s hilarious how none of the rappers he mentioned got in the studio to defend themselves or drake lol they knew better,41,4,2024-06-21T17:49:48Z,2024-06-21T17:49:48Z
UgyCZRLEW8zlaxqfmpd4AaABAg,@Mookiehale500,Who else listens to this song everyday religiously 😂😂,63,4,2024-05-15T21:37:53Z,2024-05-15T21:38:04Z
Ugx7eRDc7hzAeg7Uu694AaABAg,@TamiWinkle,Who’s playing this right after the superbowl performance? 😩🔥,43,2,2025-02-13T22:10:56Z,2025-02-13T22:10:56Z
Ugy8OeRcAkr8WGxjMXV4AaABAg,@karimotogbara1439,I love this song 💟,0,0,2025-06-22T16:39:07Z,2025-06-22T16:39:07Z
Ugx2cGdgJ4s3tHrr97F4AaABAg,@midcharles7989,"When Kendrick said “f the BIG 3, It’s just BIG ME” 

He wasn’t lying Cole singing with the birds, and Drake getting embarrassed",65,10,2024-05-05T00:57:52Z,2024-05-05T00:59:34Z
Ugyski-wzIFNgLIeMyB4AaABAg,@evillarrycat7,I'm starting to think Kendrick doesn't like Drake 🤔.,71,3,2024-08-22T17:16:58Z,2024-08-22T17:16:58Z
UgyD6W9QG628tf3CrzF4AaABAg,@drelife7105,"I’m Sorry D.R.A.K.E. 

Don’t 
Rap 
Against
Kendrick
Ever",52,0,2024-05-06T18:24:15Z,2024-05-06T18:24:15Z
UgxocaWsyKLKpV_tIFV4AaABAg,@christinacoppola695,I'm on my way to my softball game and I'm so hyped because I'm listening to the song,0,0,2025-06-28T13:14:52Z,2025-06-28T13:14:52Z
UgyWgpLJ21KyNfFnCw54AaABAg,@MicahZawadi-y2f,Whose here in April?,108,15,2025-04-15T13:16:49Z,2025-04-15T13:16:49Z
UgxXTVWC3rPhg0MuQaZ4AaABAg,@deceitfuldealer,Anyone here for superbowl?,55,2,2025-02-10T01:44:22Z,2025-02-10T01:44:22Z
UgzhyvOYT6kBGEqMsMZ4AaABAg,@maxinethorington2166,This is my favorite song,2,0,2025-08-07T20:11:19Z,2025-08-07T20:11:19Z
UgywMK3PIOnAosC-_GR4AaABAg,@LianaMabikire,2025 anyone here for this masterpiece,3,0,2025-08-21T13:05:19Z,2025-08-21T13:05:19Z
UgxlIN7DZ8KrKijDHWF4AaABAg,@PIANORATT,love how the most replayed is the A minooooor and the begining!😂😂😂😂,0,0,2025-09-10T15:55:15Z,2025-09-10T15:55:15Z
UgxaLO482DBDH9yzvuJ4AaABAg,@gegadzidziguri-q1m,guys i was casually listening to this banger and i looked and views and it has 67M,0,0,2026-03-02T15:54:17Z,2026-03-02T15:54:17Z
UgzDvCan_F6l4NEDSPJ4AaABAg,@iiizal15,1:13 + 2:46  part badasss 🔥🔥,1,0,2026-05-15T04:05:20Z,2026-05-15T04:05:20Z
UgxgOubydLRb0i864cN4AaABAg,@DeeconYT,To think this was just a diss track that went insanely global,1,0,2026-02-12T10:26:53Z,2026-02-12T10:26:53Z
UgxjVmT68sJY_BaZWiR4AaABAg,@Kristine-o9k,Listen to not like us kids bop my son loves it,1,0,2026-01-09T00:52:31Z,2026-01-09T00:52:31Z
UgygeKVxIfuRcUmCTbt4AaABAg,@DarthRag30n,Legendary song 🎵 😂👊🏿😎,1,0,2025-10-09T00:26:24Z,2025-10-09T00:26:24Z
UgzyzBtJZ7dayqp4hO54AaABAg,@Tokenblackguru101,Who’s here after the dodgers beat the blue jays?,7,1,2025-11-02T04:21:41Z,2025-11-02T04:21:41Z
UgykFf-c-O0UeVdGvnF4AaABAg,@lupz1220s,This is fire❤️‍🔥❤️‍🔥❤️‍🔥❤️‍🔥❤️‍🔥❤️‍🔥❤️‍🔥❤️‍🔥,0,0,2026-07-11T03:35:43Z,2026-07-11T03:35:43Z
UgxLDJwgI0KtkMncfAx4AaABAg,@Cxaritxx,Who's here after that Superbowl 😂,9,1,2026-02-10T12:38:35Z,2026-02-10T12:38:35Z
UgzeaOCjytk3OYe073p4AaABAg,@kool-aid1718,Straight gasssssss. 😎🥶🤯🤣😂,0,0,2026-01-30T20:19:44Z,2026-01-30T20:19:44Z
Ugz4mriHx19KQd8RluR4AaABAg,@sambayshore,Yassss,1,0,2025-10-04T00:34:24Z,2025-10-04T00:34:24Z
UgxEGE0Y1AWUS5gUcKJ4AaABAg,@Hiddengemsadvocate,So good😅,0,0,2025-09-19T18:10:58Z,2025-09-19T18:10:58Z
UgwRrYnqag6nq60njIZ4AaABAg,@katedawsonallen,Bro good song and why a diss track on darke,2,0,2026-05-10T03:24:03Z,2026-05-10T03:24:03Z
UgzFEeIR62LsPiTUsSJ4AaABAg,@MarquesDaniels-b4g,My favorite song,0,0,2026-04-04T15:41:45Z,2026-04-04T15:41:45Z
UgySS2W9DzRt2JSTiOJ4AaABAg,@CaymHayes,The fact this big ass diss was played at the Super Bowl makes me so goddamn happy,0,0,2025-08-28T17:16:35Z,2025-08-28T17:16:35Z
Ugz7aGi9bR80hSM1wIB4AaABAg,@mr_alt9,The start is a banger,0,0,2026-04-17T00:12:02Z,2026-04-17T00:12:02Z
Ugy8upSnekdPPI_jOGd4AaABAg,@barbyjean7292,so cool,0,0,2026-02-28T20:05:13Z,2026-02-28T20:05:13Z
UgwXuNFI3De4xv9108V4AaABAg,@MrGunzMujik-h6k,1:07 I loved this lyrics 1:08 4:04 wow nice mixture of sarcasm and diss lyric,0,0,2026-05-31T14:17:42Z,2026-05-31T14:21:17Z
UgxA0haj6QVY3023BsB4AaABAg,@magrethngaiza1073,Yoooooo,1,0,2025-08-10T10:30:39Z,2025-08-10T10:30:39Z
Ugx1HZ4yTspQwcow_rF4AaABAg,@carrielong8100,🔥🔥🔥🔥🔥🔥,0,0,2025-11-02T16:42:11Z,2025-11-02T16:42:11Z
UgxUF-CqiVqbg6L2Bs14AaABAg,@TrustManUSA,nice rap,0,0,2025-06-09T15:39:38Z,2025-06-09T15:39:38Z
UgwhrTNK5bpn_aQMDzV4AaABAg,@Dustey_VR,I thought the deer was about to sing “not like us” 😭😭,1,0,2025-10-20T15:39:28Z,2025-10-20T15:39:28Z
Ugz1Jdb7ouZOY85QZwR4AaABAg,@BrookeLyn39,Apparently Kendrick knows a lot more than we do about what's going on in the industry.,1,0,2025-12-14T00:48:19Z,2025-12-14T00:48:19Z
Ugw2Udjg4w60JPg-qLB4AaABAg,@DARKMAN19954,🔥❤️,0,0,2025-09-02T19:45:30Z,2025-09-02T19:45:30Z
Ugz756DjTs1f-72vKeZ4AaABAg,@Morter-ix8zi,"Fuck that, Kendrick put that shit out respectfully. Can't be mad about that",3,0,2026-02-06T21:03:33Z,2026-02-06T21:03:33Z
UgzHE27gEtVdPdOOZp14AaABAg,@PrincesseNgameni-ow1ut,Punchline: “The family matter the truth of the matter it was GODS plan to show ya’ll the liar.”😂❤❤,1,0,2026-07-05T01:27:31Z,2026-07-05T01:27:31Z
Ugz8jC2UsEfD-32n_ap4AaABAg,@CinnamonrollYum-f8w,Bro 1 year ago Kendrick diss drake on stage when he was performing it went wild bro that crazyyy,0,0,2025-11-17T04:03:41Z,2025-11-17T04:03:41Z
Ugz3paa8DlQvCo_K-yZ4AaABAg,@Tirhas-i1o,Perfect rap,1,0,2025-07-05T07:26:41Z,2025-07-05T07:26:41Z
UgyjHXFWMqxr3QDPTQh4AaABAg,@JeremiahStaples,i love this shirt,0,0,2026-07-28T15:58:00Z,2026-07-28T15:58:00Z
Ugwi9w4fwu8cipBeLzV4AaABAg,@Mo-on556,This become my new theme song for all for the game,0,0,2025-09-08T17:20:09Z,2025-09-08T17:20:09Z
UgxeeKCncvJeWrXIUTR4AaABAg,@MrSquirrels9557,2:11 best part right here (the flow is too good),0,0,2025-06-28T06:51:16Z,2025-06-28T06:51:16Z
Ugy4O3BLRVTy62seGYZ4AaABAg,@AnaiseEstevez,Who remembers this from a year ago at the superbowl...😂,1,0,2026-01-02T18:53:35Z,2026-01-02T18:53:35Z
Ugzs3K_i0B-iH6uEHbJ4AaABAg,@humbled_brainrots,bro this is cooking,0,0,2025-07-11T16:49:13Z,2025-07-11T16:49:13Z
Ugzb2R5_yitW6egEZ-V4AaABAg,@jeffreypugh-z8r,This song give me the vibe and I like this to it like cool because it’s a cool song and you’re the best bag only. I only listened to you a couple times but I still love you and,0,0,2026-03-26T20:18:00Z,2026-03-26T20:18:00Z
UgzflQ8NkEkkQacEGut4AaABAg,@tamathamiller9261,This song is so dope!! Character matters! Choices matter!! Make them all GRAND like this song!,0,0,2025-08-28T14:53:58Z,2025-08-28T14:53:58Z
UgxzVWprm1W-4ZUKc414AaABAg,@AdminOregon,💯,0,0,2025-06-09T15:27:19Z,2025-06-09T15:27:19Z
UgzazPZbdvtj7vrwYv14AaABAg,@sundenlyx,im a minnor but i love this song so muchhhhh!!!(im 15 dwry),1,0,2026-06-07T16:23:33Z,2026-06-07T16:23:33Z
UgwqplUg5bsGoLwA1OF4AaABAg,@Imcoolno67,I like when it says psts i see dead people,2,0,2026-03-07T04:21:23Z,2026-03-07T04:21:23Z
UgxOmObaO6t8jzT98oN4AaABAg,@RebeccaAduni1,This is my favourite song When I Was Little😊,0,0,2025-07-12T16:22:05Z,2025-07-12T16:22:05Z
UgxLRl3TFGgVd1dQWrh4AaABAg,@TsifikaduTsigeredafikadu,It's good,0,0,2025-10-31T16:28:08Z,2025-10-31T16:28:08Z
UgyBTlloEmhMEqiOUiR4AaABAg,@ahmadshakeebsafai3152,Yes!!!!!!!!!!!!!!!!!,1,1,2026-02-14T16:54:19Z,2026-02-14T16:54:19Z
UgxxmRoRotoqx5OUrUp4AaABAg,@harleycoursey1595,He rap so fast that is how fast I eat,1,0,2025-12-19T22:10:49Z,2025-12-19T22:10:49Z
UgzhNQXSv6O2FJMmFV94AaABAg,@cathrinestryn9931,Banger,0,1,2025-11-16T12:30:53Z,2025-11-16T12:30:53Z
UgzXMz2rIczYoXlOv814AaABAg,@AsqwrtZcsdqe,Adding context to trending clips distinguishes original uploads,0,0,2025-09-13T01:38:52Z,2025-09-13T01:38:52Z
UgykV--Xbp-TkDi7HX54AaABAg,@noturgirlvalz,this is a good song it makes me feel powerful😎😎,0,0,2026-07-02T20:57:37Z,2026-07-02T20:57:37Z
UgzWe0Rzm-rnl7m1uZN4AaABAg,@StephenieCroom,“Fetch gartorade or smth”,1,0,2026-07-28T15:06:29Z,2026-07-28T15:06:29Z
UgyBBjasHGefJElDbWp4AaABAg,@KellanHolmes-i6r,0:04 best part,1,0,2025-08-07T09:10:35Z,2025-08-07T09:10:35Z
UgytfiF1OHN3tvYlCnB4AaABAg,@KyleighLegacy,I like the idea of the lacksative,1,0,2025-06-15T19:14:17Z,2025-06-15T19:14:17Z
UgzvloAM_kio09VBhWF4AaABAg,@PerfectShotFF,They not like us !,1,0,2025-07-09T12:58:27Z,2025-07-09T12:58:27Z
UgzYZz-UCm2-Fh9ElZB4AaABAg,@suzitubic969,It makes me feel mystical magical  oh baby cause once you know once you knoww,0,0,2025-11-07T10:09:38Z,2025-11-07T10:09:38Z
UgxGVR81ObKrd0AYmRN4AaABAg,@annvu5430,Super good with bassy headphones,0,0,2025-12-01T21:46:14Z,2025-12-01T21:46:14Z
Ugy2GtDbSD0E4UrqvFF4AaABAg,@Kreshanitsmeboiii7289,We getting infinity with this one,0,0,2026-02-15T08:47:14Z,2026-02-15T08:47:14Z
UgyTsvEiemRdp4k81mp4AaABAg,@pellywimana6286,Wow❤🎉,0,0,2025-11-22T14:59:29Z,2025-11-22T14:59:29Z
Ugw2kDXD2ELPW2AaLid4AaABAg,@GwendolynPagobo-q1s,O may that is a nice song,0,0,2025-07-03T23:53:47Z,2025-07-03T23:53:47Z
UgxhN5I7hv-qlF0m_Md4AaABAg,@XXVIIIcente,Kendrick got the ultra instinct theme in ts song lol,0,0,2026-03-03T22:13:46Z,2026-03-03T22:13:46Z
UgzQcfGR49mUy2VfsrZ4AaABAg,@awaismustafa3215,FIRE SONGGG 🔥🔥🔥🔥🔥🔥🔥🔥,1,0,2025-06-19T16:13:39Z,2025-06-19T16:13:39Z
UgxQRoZR-xK2q4wvJ8t4AaABAg,@KyraGleckler,This music is best,0,0,2025-10-07T20:45:37Z,2025-10-07T20:45:37Z
Ugzi3cAHfUto2RU1t0N4AaABAg,@JJ71273,"Don’t Rap Against Kendrick Ever.

Desperately Reaching All Kids Everywhere.",3,0,2026-02-10T05:28:39Z,2026-02-10T05:28:39Z
UgxdZmc7km1vR2D747F4AaABAg,@gayleriley5992,i love cusword soooooooooooooooooooooooooooooooooooooooooooooooooooooo much,1,0,2025-10-19T22:21:58Z,2025-10-19T22:21:58Z
UgynJMRYKE6mamjzmm54AaABAg,@rochellejones1810,"The only thing that would make this song better is if the beat matches the rap. He's sick AF, easily top 10.",1,0,2026-09-06T05:56:34Z,2026-09-06T05:56:34Z
Ugzd7p_yCckD4U_eiPt4AaABAg,@Luiz-g4c1b,Nah Serena that's crazy drakes ex that a new level of roasting😂😮,1,0,2025-10-21T20:13:51Z,2025-10-21T20:13:51Z
UgzyBXr_IJf71ngIuTd4AaABAg,@tillibrookssheep2006,🐮Thank you🐮,0,0,2025-10-27T20:49:16Z,2025-10-27T20:49:16Z
UgylNhqo3fchsNr13Wd4AaABAg,@thefather5-k6z,D4ad you there,1,0,2025-10-17T18:27:52Z,2025-10-17T18:27:52Z
UgwZ3_8Y3vNWKK_yDnV4AaABAg,@kju-dja213,Who is here after judge dissmiss drake,2,0,2025-10-11T05:22:22Z,2025-10-11T05:22:22Z
Ugw-iy0mgmXzcGAc12V4AaABAg,@KaberaRuhumuriza-l8g,Iloveyou bro,0,0,2026-01-25T09:09:29Z,2026-01-25T09:09:29Z
UgywtYi78FszbLz3d4d4AaABAg,@martincruz302,GRACIAS BA BONNI POR LLAMAR LATENSION.,0,0,2025-07-12T03:39:50Z,2025-07-12T03:39:50Z
UgxU4wF09NdIvksasYx4AaABAg,@LuckypLuckyp,Had to come back again after drake album dropped,1,0,2026-05-17T00:32:19Z,2026-05-17T00:32:19Z
Ugy5uY-JxRWBp2knjVl4AaABAg,@Lenon399,🤪 you know I love it,1,0,2025-06-20T15:10:17Z,2025-06-20T15:10:17Z
UgwnIDBh_5TBp6z5mrp4AaABAg,@KidusEyob-y9f7h,❤❤❤❤❤❤❤❤❤❤❤❤❤❤❤,2,0,2025-09-14T16:12:52Z,2025-09-14T16:12:52Z
UgxLHrczhpbr6xcFjZN4AaABAg,@justinhanamaikai5589,🔥,0,0,2025-08-06T22:12:16Z,2025-08-06T22:12:16Z
UgwTsCGxHhSgAh6XXhB4AaABAg,@KathleneNieles,a minooooooorrrrrrr,1,0,2025-10-14T00:25:09Z,2025-10-14T00:25:09Z
UgxwRlOWi3vAYzX76it4AaABAg,@RebeccaAduni1,😎 1000000/10,1,0,2025-07-12T16:32:23Z,2025-07-12T16:32:23Z
Ugx1caB7RCbI54iyo9d4AaABAg,@FakazilePretty-y5i,"Not lak us
❤❤❤❤❤❤❤❤❤",0,0,2025-09-03T14:39:23Z,2025-09-03T14:39:23Z
Ugy_LmHqBL3eCGDMJGh4AaABAg,@MyaLanger,This is like the best song ever,0,0,2026-07-24T18:48:37Z,2026-07-24T18:48:37Z
UgyS10T71BW59Fz3wvF4AaABAg,@YanniaHernandez-zd7ip,I have never heard so many lines gone viral in one song he absolutely cooked Drake✌️✌️😭,1,0,2026-07-27T10:59:48Z,2026-07-27T10:59:48Z
UgxcRGKS4YvVnHtPGP94AaABAg,@GiribertNsiga,Blessing,0,0,2026-09-13T18:04:02Z,2026-09-13T18:04:02Z
UgzHnSJhWw3oMTh_V_B4AaABAg,@TEAMMATEDUH,😮😮😮😮 next song,0,0,2025-06-15T01:51:52Z,2025-06-15T01:51:52Z
UgzYccIa4O3yF5t-NvF4AaABAg,@YourfavoriteAlice,Me and my brother and my cousin love this song,0,0,2025-09-22T14:06:37Z,2025-09-22T14:06:37Z
UgzEIoHCaimF6sbDo_p4AaABAg,@Chan-mq9cy,🙏🏽👑🙏🏽,0,0,2025-08-25T21:08:37Z,2025-08-25T21:08:37Z
UgxkwyzzIeU9HDhxh6F4AaABAg,@GD350Z,67 million views,1,0,2026-03-15T01:53:37Z,2026-03-15T01:53:37Z
UgzN0yv4i0d6YgMXrfB4AaABAg,@justfb2295,"hardest beats, lines ever",1,0,2025-06-17T08:39:30Z,2025-06-17T08:39:30Z
UgwScsBpkbSfT9coXHx4AaABAg,@SirenaMckay,Best song ever my mum Came running in because I was blasting it bahah,0,0,2025-08-01T12:33:21Z,2025-08-01T12:33:21Z
Ugx40TROVvfN9iambiZ4AaABAg,@LucellyOlaya,I want learn this music is very difficult for me,1,0,2025-10-07T19:08:59Z,2025-10-07T19:08:59Z
UgxxwmujGPmToTtF6vd4AaABAg,@ChanelAskew-n8m,This song is lit 🔥,0,0,2025-12-09T01:00:23Z,2025-12-09T01:00:23Z
UgzFJwjsli_tsf_pJkR4AaABAg,@Briggy236,Fuck this is a masterpiece!,0,0,2025-09-25T13:58:59Z,2025-09-25T13:58:59Z
UgwjXyEpSeVqsLpVGT14AaABAg,@YashodaraWijethunga,0:45  bro 😅,3,0,2025-07-08T08:40:02Z,2025-07-08T08:40:02Z
UgyJLoY1Ovwor87V37R4AaABAg,@Marc-LeeWilliams,bro that last verse was diabolical,0,0,2026-04-18T17:00:15Z,2026-04-18T17:00:15Z
Ugz6xeXQmERt16LZ3vB4AaABAg,@JenniferSimpson,❤❤ bro is Kendrick Lamar distant so hard,0,0,2025-06-14T21:18:57Z,2025-06-14T21:18:57Z
UgxJVQ2jEd1AZ17JhfZ4AaABAg,@AFGツ,i like that,1,0,2025-06-13T00:51:00Z,2025-06-13T00:51:00Z
UgzxmffZ0n636GFGFi54AaABAg,@Wohoooo6578,😮😮😮😮 They not like us,1,0,2026-04-21T20:58:53Z,2026-04-21T20:58:53Z
UgzZ7a-FCLmGbyVFrWJ4AaABAg,@barbyjean7292,this  rocks,0,0,2026-02-28T20:04:16Z,2026-02-28T20:04:16Z
Ugyzy7yysAmgSbemxXh4AaABAg,@mokhinur766,Hello,2,0,2025-07-09T07:46:26Z,2025-07-09T07:46:26Z
UgwouWG35BqySdlzw9l4AaABAg,@Jessjohnson-d6m,My 3 year old loves dancing to this,0,0,2026-01-29T00:57:58Z,2026-01-29T00:57:58Z
UgxmAa759Grh649JjId4AaABAg,@chatgptguy43,Best thing I started throwing a few hand signs,0,0,2026-06-03T00:09:04Z,2026-06-03T00:09:04Z
UgxPC9dvX3ZNIxr4sRp4AaABAg,@ucheukwungwu236,🔥🔥🔥🔥🔥🔥🔥🔥🔥❤‍🔥❤‍🔥❤‍🔥❤‍🔥❤‍🔥awsome,0,0,2025-08-09T14:10:43Z,2025-08-09T14:10:43Z
UgxeNrAwLeCJDZn0s2Z4AaABAg,@christinacoppola695,I love this song,0,0,2025-06-24T15:13:43Z,2025-06-24T15:13:43Z
Ugy7DcczsmnV2Opt-Yx4AaABAg,@kingj-k7,banger,0,0,2025-09-30T02:44:01Z,2025-09-30T02:44:01Z
UgzxSK7_msA_Jqkmiwp4AaABAg,@LenaDubula,Wooo loveer boy 😂,0,0,2025-09-20T19:56:39Z,2025-09-20T19:56:39Z
Ugw0skaC2PNuiZCY8MZ4AaABAg,@NamugenyiZahara-f7w,Classic,0,0,2025-11-26T10:35:01Z,2025-11-26T10:35:01Z
UgxCUgIVYH3CjxjLjLh4AaABAg,@hupetoassumi3410,Whats up drake 🎉,1,0,2025-07-07T15:16:12Z,2025-07-07T15:16:12Z
UgyKYtv-php2L6RNorp4AaABAg,@ToomasKiier,😮 Listen this with JBL partybox 710,1,0,2025-07-07T11:25:48Z,2025-07-07T11:25:48Z
Ugztk8TcbLzxAWtsYfR4AaABAg,@Andikarapici-cs1gt,Rip drake,1,0,2025-10-21T21:41:21Z,2025-10-21T21:41:21Z
Ugzsd8r9B9guwLNbLjt4AaABAg,@GREENWOOD-x1u,I laff at that nokka every day,1,0,2026-03-09T03:28:04Z,2026-03-09T03:28:04Z
UgyItnYt7J023WCkPtd4AaABAg,@OdetteNash,I love this song,1,1,2025-12-02T10:34:21Z,2025-12-02T10:34:21Z
UgxVu9x6Wqsr7cpxvKF4AaABAg,@ShonnaJohnson-q1u,My favorite song,1,0,2026-04-13T00:56:36Z,2026-04-13T00:56:36Z
Ugye7aPz2nZBU6KEX8B4AaABAg,@sandrallanos4962,💀☠️💀☠️💀☠️☠️💀☠️💀💀 THIS SHIT LOWKEYY TUFFF NGLL,0,0,2025-11-08T01:29:07Z,2025-11-08T01:29:07Z
UgzJOJSit_4OX-0d8dZ4AaABAg,@P.Anthony-g1j,This shit tight,0,0,2026-03-25T02:18:29Z,2026-03-25T02:18:29Z
UgwyoSRv3XS5uTzvXXl4AaABAg,@alisuleiman-l5f,I love this Song 😛❤,0,0,2026-03-31T06:21:43Z,2026-03-31T06:21:43Z
UgySRwv0WW2WCsPrl2l4AaABAg,@kinsermuth114,Second time listening to this song lol,0,0,2026-01-04T19:36:55Z,2026-01-04T19:36:55Z
Ugzg6_Yy7gIvP1RcPdV4AaABAg,@destineecoles8032,Yessss,0,0,2025-07-29T00:55:32Z,2025-07-29T00:55:32Z
Ugxy1iw60CSXvMO0a3J4AaABAg,@ChristianStewart-e5u,0:56 best part,2,0,2026-08-09T18:46:26Z,2026-08-09T18:46:26Z
UgzFcTaQnhg24Jf6iUJ4AaABAg,@Godiseverything-123,"Amen, Ty lord",0,0,2026-07-11T20:30:55Z,2026-07-11T20:30:55Z
UgyyGRIKxI4pHsPPWZ94AaABAg,@jabunnessa3666,I love This Song This is like Beat,0,0,2025-07-12T12:07:30Z,2025-07-12T12:07:30Z
Ugy-MrrRVWSWtydv-_l4AaABAg,@sohanali-l8i,i love this songo,0,0,2025-07-13T15:54:36Z,2025-07-13T15:54:36Z
UgwZcfnmdR-fiwy-Tpp4AaABAg,@BrittanyRolland15,flexing on someone with a happy family and warning him he can go further and the A minor line 😂😂 this song made me a Kendrick fan,0,0,2025-12-05T12:42:51Z,2025-12-05T12:42:51Z
UgyFy3Kkxaic_98Jxgl4AaABAg,@Melanieis-Better5,Asmodeus when Dokja:,1,0,2025-06-19T14:30:44Z,2025-06-19T14:30:44Z
UgxCs8R10PLZP5U56Pp4AaABAg,@barubaroi11,Doflamingo's Theme Song,1,0,2026-03-07T01:17:22Z,2026-03-07T01:17:22Z
UgwD0Lj4874S0phg5sd4AaABAg,@batotgamer,"Three rappers never mess with
1.eminem
2.kendrick
3.50 cent",1,0,2026-04-05T17:34:13Z,2026-04-05T17:34:13Z
UgyYPUq7Sxdt89gdndJ4AaABAg,@Ree-r1e,🔊 perfect for.... They not like us say not like us they're not like us they not like us they not like us they not like us they not like us,0,0,2025-12-28T14:15:45Z,2025-12-28T14:15:45Z
Ugw5L3QddfFff4IACj94AaABAg,@YasmineJoana,"Kendrick Lamar is always killing it, and Drake is getting beaten; Drake better accept that he doesn't hold a candle to the king.",2,0,2026-03-02T21:36:18Z,2026-03-02T21:36:18Z
UgyD9Ki2xmPexLLnV9N4AaABAg,@Wasusplayy,67 million views is crazy,0,0,2026-02-28T16:45:24Z,2026-02-28T16:45:24Z
UgxJr6sxWK8pxvJkgE94AaABAg,@OanaHuides,NOICE,0,0,2025-09-29T16:20:58Z,2025-09-29T16:20:58Z
Ugylz9A6mv8hjKIImO94AaABAg,@CHICKEN_M5,"Ay
1:24",2,0,2025-10-04T13:35:42Z,2025-10-04T13:35:42Z
UgyKQcNf-hEftGLtwLF4AaABAg,@SERIAL_DESIGNATION_N_HI,I'm surprised YouTube didn't see this,0,0,2026-05-27T18:44:10Z,2026-05-27T18:44:10Z
UgxhS-7d5cI7Q5QZp_l4AaABAg,@hasnatahmed434,A Minorrrrrrrrrrrrrrrrr😍😍😍😍🤩🤩🤩,0,0,2025-09-01T15:38:07Z,2025-09-01T15:38:07Z
UgwCc1ScZPCP4aMqO-d4AaABAg,@Brooke-r6e,Wow🎉😊,0,0,2025-07-31T02:39:46Z,2025-07-31T02:39:46Z
UgxQ2v7nx_dBziF9mQp4AaABAg,@WhaghitsSherck,Nice voice my brother ❤️‍🩹,0,0,2025-07-26T07:27:28Z,2025-07-26T07:27:28Z
Ugx20Urj2AGNduGlEpl4AaABAg,@saksitwan_46,🖤,1,0,2025-06-20T10:04:17Z,2025-06-20T10:04:17Z
Ugw9ZiF3EYh8ZihsqPh4AaABAg,@destineecoles8032,Yesssss,0,0,2026-01-14T02:57:40Z,2026-01-14T02:57:40Z
UgypgbozTVcbPcl8pB94AaABAg,@iluvkalos,❤❤❤❤ dang don't  mess with  GOAT❤❤,0,0,2025-07-15T13:28:01Z,2025-07-15T13:28:01Z
UgzLZchK-fo2DmtpDAh4AaABAg,@androidgamingunstoppable7506,Anyone here after sister levelling season 2 😭😭,1,0,2026-02-15T09:54:42Z,2026-02-15T09:54:42Z
UgyqHzjROL2hCwbHljZ4AaABAg,@Himunable682,First when I heard this song I was like drake wasn’t dissed so badly but then hearing it after again tells me that this is the biggest diss probably in the world 💀,0,0,2025-09-04T10:11:36Z,2025-09-04T10:11:36Z
UgxHnShp4TvIFzyNE2l4AaABAg,@robertencarnacion7662,❤❤❤❤❤❤,1,0,2025-06-15T21:36:57Z,2025-06-15T21:36:57Z
UgwBaIStAIR-ZTwuIbh4AaABAg,@DeeqaAbdi-x1b,Yes u right I didn’t see club take me there,0,0,2025-11-15T16:18:08Z,2025-11-15T16:18:08Z
UgypCiI-LDHJ9lI7G_x4AaABAg,@Ultra_99-c8b7t,"""1+2+3+4+5 + 5 eh"" too good",0,0,2026-07-30T18:04:10Z,2026-07-30T18:04:10Z
UgwlZUf1hyiS_4uIqLJ4AaABAg,@denisethebeauty4916,Love.  Song,0,0,2025-06-13T05:56:31Z,2025-06-13T05:56:31Z
UgyBUW7dW04qUV1sX8t4AaABAg,@JahnaLayfield-sh4xo,2:13 verse was too🔥💯,0,0,2025-07-13T21:04:38Z,2025-07-13T21:04:38Z
UgxBEdRDripZedT0BvR4AaABAg,@YoungSyd,Best diss all time 👑,0,0,2025-08-05T11:11:07Z,2025-08-05T11:11:07Z
UgxHCNTNS7GpiF8s_Ht4AaABAg,@trayfilms2390,you called future when u didnt see the club💥💥💥lil baby help u get ur lingo up🔥🔥🔥🔥,1,0,2026-05-23T15:10:16Z,2026-05-23T15:10:16Z
Ugx-ZmD9HBveDTchGfd4AaABAg,@PaulieSmash,"Jesus Taught Me, We All Go Through Things We Can't Recover From.",1,0,2025-10-06T19:03:28Z,2025-10-06T19:03:28Z
UgzGx2XYQuQ_hneAx994AaABAg,@youtubeber3945,I think he’s crazy,1,0,2025-09-29T22:43:10Z,2025-09-29T22:43:10Z
UgwVYgrkLCCvzjMqdQp4AaABAg,@JeanieGallagher-f7u,Best song ever my walk up song,0,0,2025-06-27T19:35:25Z,2025-06-27T19:35:25Z
UgzBwauMQxDcLPpGBSl4AaABAg,@videocentral-n8,When D4vd finally gets arrested we have to play this song,0,0,2025-11-29T07:49:41Z,2025-11-29T07:49:41Z
UgxAGthsa1hNOuxcv414AaABAg,@Jackietj,Excellence,0,0,2025-11-03T12:17:54Z,2025-11-03T12:17:54Z
Ugx2MWAXexiy6CFjCEh4AaABAg,@MetikkaEbanks,Run this back up 💯,0,0,2026-06-01T21:39:54Z,2026-06-01T21:39:54Z
UgxgtYfxTAX5w1xyD_d4AaABAg,@lilnike2,This song had the world in a chokehold fasho,0,0,2025-08-25T20:52:24Z,2025-08-25T20:52:24Z
Ugyyxx_g6pl41ioUbAR4AaABAg,@MetikkaEbanks,Saturday Anthem 💯,0,0,2026-06-06T18:36:11Z,2026-06-06T18:36:11Z
UgyFJm-iQ4t8JRwYFfp4AaABAg,@thirtyone6855,I keep hearing this song on posts😂,0,0,2025-07-19T18:56:50Z,2025-07-19T18:56:50Z
Ugyfn_wqwk1borm6zIZ4AaABAg,@Historias_y_Verdades_de_Vzla,I LOVE DRAKE BUT ITS FIRE HIT,2,0,2026-09-05T01:31:42Z,2026-09-05T01:31:42Z
UgxRNmsmHh1lRUDuz4V4AaABAg,@laurawest6178,Love him,0,0,2025-09-10T18:09:49Z,2025-09-10T18:09:49Z
Ugw3b5Bm8DfI88OW_Sd4AaABAg,@thereisnothingtosee_here,Beat hits different,0,0,2025-09-28T22:20:10Z,2025-09-28T22:20:10Z
UgwkM2loQZ-Ma1D24IZ4AaABAg,@LailiaYang-q5b,Dont be scared of your own shadow😂😂😂,1,0,2026-03-17T14:54:18Z,2026-03-17T14:54:18Z
Ugz-cyJDmNEajbFztod4AaABAg,@luanndecosta507,To many bad words but good,1,0,2025-07-09T01:40:59Z,2025-07-09T01:40:59Z
UgwzhFJGI8qynTZmg6l4AaABAg,@Elizabeth-o6p7t,Playing this loud from my balcony 😂❤❤❤❤ I made it,1,0,2025-06-21T01:20:11Z,2025-06-21T01:20:11Z
Ugxq3SzD-GnOgzZr8_14AaABAg,@sahilgoutam2493,Gremy award ❤❤❤❤❤❤❤❤❤,0,0,2026-02-24T08:17:39Z,2026-02-24T08:17:39Z
UgwBg5GBg20DZE98I_N4AaABAg,@jayrelevant303,0:47 ate that,0,0,2026-01-27T00:23:55Z,2026-01-27T00:23:55Z
UgzGjbnkyBkAchDMWrB4AaABAg,@seumogami9472,Now I love rapp,0,0,2025-06-29T16:39:31Z,2025-06-29T16:39:31Z
Ugz7fC1w7nLbxIdmpFd4AaABAg,@monetpetals86,This is an atomic bomb ass-whooping.,1,0,2025-10-10T15:36:17Z,2025-10-10T15:36:17Z
Ugw3_YySDwBnnzW_bk54AaABAg,@A.R.N.1383,❤❤,0,0,2025-07-14T18:38:52Z,2025-07-14T18:38:52Z
UgyXnz27PXaiak815q14AaABAg,@deniseampaw6512,Mela boo? 🤨 2:33,2,0,2025-06-21T20:48:33Z,2025-06-21T20:48:33Z
UgywAzs0laGq6_j2bot4AaABAg,@JadeWaykan,Música is so good,0,0,2025-09-01T04:58:38Z,2025-09-01T04:58:38Z
UgyN-mM2ewk1smzhJ3J4AaABAg,@lonnawilliams7798,I like this song,0,0,2025-06-10T10:21:58Z,2025-06-10T10:21:58Z
Ugxc61Au0g3eywnEviZ4AaABAg,@Jeffbutty12345,BEST SONG,1,0,2026-05-12T04:41:21Z,2026-05-12T04:41:21Z
UgwNLQIoDLGOkmlRcll4AaABAg,@ridgefanning529,Team Kendrick October of 2025❤❤❤,1,0,2025-10-22T01:33:36Z,2025-10-22T01:33:36Z
UgzjjRBd6rTMVSAgtmd4AaABAg,@collectivesoulsentertainment,You and buddy need to do a song,0,0,2025-11-04T07:49:19Z,2025-11-04T07:49:19Z
UgwXXFSvMpeOKRQliil4AaABAg,@barbyjean7292,not like us is my song so cool 9 years old lising  to this,0,0,2026-03-14T02:35:56Z,2026-03-14T02:35:56Z
UgwpIlHlqUTOFZ6c79d4AaABAg,@Paula-y5f5x,Light em up ❤,0,0,2025-12-13T20:43:19Z,2025-12-13T20:43:19Z
Ugx4DLmzRW0PPvJjSxJ4AaABAg,@justbedwars,"""According to my calculations, the opposition will arrive in 60 seconds"" 🤓☝️",1,0,2025-07-29T18:05:14Z,2025-07-29T18:05:14Z
Ugz1-TGSCMPTaM86my14AaABAg,@DummyTod,Drake is cooked,2,0,2025-10-02T20:55:09Z,2025-10-02T20:55:09Z
UgxhmGeHBo7iFGFhhS14AaABAg,@SumanKarki-r9t,I love this best rap better then rap god❤,0,0,2026-03-01T00:43:31Z,2026-03-01T00:43:31Z
Ugwnnqd2YSmZrU3kygN4AaABAg,@antonykariuki5237,I  love   you,0,0,2025-11-23T12:22:45Z,2025-11-23T12:22:45Z
Ugy8AfUyDGyQ3ktYg454AaABAg,@Honeyyy-kz3lf,🙌,0,0,2026-02-13T16:06:24Z,2026-02-13T16:06:24Z
UgwyBKE8EqhrlyuF4ol4AaABAg,@deceiver444,More relevant than ever one year later,0,0,2025-08-18T11:23:39Z,2025-08-18T11:23:39Z
Ugzo9sHui1iwcq-5bVN4AaABAg,@KhadijaAmhaouech,the best music,1,1,2026-01-28T20:33:25Z,2026-01-28T20:33:25Z
UgwdR_eMJYPnfZGKvbR4AaABAg,@Sigma1A72,Ngl this song pretty fireeeeeeeeeeee,0,0,2025-08-31T17:36:27Z,2025-08-31T17:36:27Z
UgxTSfrSbtrX51RfY7N4AaABAg,@Apro_rl,Man down call an ambulance tell em breath bro,0,0,2025-07-03T14:05:15Z,2025-07-03T14:05:15Z
UgyZC5MbCnEVWeUmk7J4AaABAg,@JessicaIbarra-c4x,Damn 😮,0,0,2026-08-13T17:51:06Z,2026-08-13T17:51:06Z
UgyG5PeQXkMy9PFUlJd4AaABAg,@WilmarysDisla,A minoooooooooor,1,0,2026-01-08T14:16:12Z,2026-01-08T14:16:12Z
UgybKdws8ph7jDOusvV4AaABAg,@Iammadysonbolden,Puff plus drake,2,0,2025-08-18T01:01:40Z,2025-08-18T01:01:40Z
UgypmvwSpF2wnHp7qGF4AaABAg,@wakandaaforever,Favourite diss track but I’m from Canada,0,0,2025-09-22T16:08:45Z,2025-09-22T16:08:45Z
UgyF7d6N4rqnGhrEGC14AaABAg,@Arlekin_duck,did you know that maybe baby used this bit,1,0,2025-08-06T21:07:34Z,2025-08-06T21:07:34Z
UgwKqCvOZa_LHjXET594AaABAg,@kangwachumbu9355,Lamar the song is amazing 🎶🎵🔊🎧,1,0,2026-03-14T14:35:55Z,2026-03-14T14:35:55Z
UgzX9y1zoLS6bBl3Rxp4AaABAg,@MBlacky927,Came back after Ms. Thug spoke like a female abt Kdot squabble up looks nd feels completely different now ❤️💪🏿🔥,0,0,2025-09-04T04:15:36Z,2025-09-04T04:15:36Z
Ugy4XQpbBrRP4LL7a5R4AaABAg,@ThawandaNeba-k7j,hey hey hey hey run for yo life,0,0,2026-02-22T15:00:20Z,2026-02-22T15:00:20Z
UgyVx7GgqyHk_7D_vxl4AaABAg,@AkshaySingh-ci4gr,Is this song won Grammy award😮,0,0,2025-10-01T06:08:12Z,2025-10-01T06:08:12Z
UgzSgz_DsHxA0dle07B4AaABAg,@RoxanaJoakim,Anyone 2073 ?,1,0,2025-06-11T07:35:25Z,2025-06-11T07:35:25Z
UgyFMKLUJcZcsB8bjR94AaABAg,@ernestomartinez5221,❤,0,0,2025-12-04T01:22:33Z,2025-12-04T01:22:33Z
UgyvhPunELG-gCnhpFR4AaABAg,@KentBryanDagamanuel-z5x,Amen 🙏 Thank you Lord 🙏 ❤️ 🌹 💐,0,0,2026-08-24T23:52:35Z,2026-08-24T23:52:35Z
UgwXidv5oES48te6RU14AaABAg,@collectivesoulsentertainment,"Compton, West Coast, bro",0,0,2025-11-04T07:49:35Z,2025-11-04T07:49:35Z
UgwOaAfldwUI-0Ysm3t4AaABAg,@ParaLaukikSun,Aankhon mein basein ho tum,0,0,2026-01-07T14:38:32Z,2026-01-07T14:38:32Z
Ugwb2qQiukwCiISluy94AaABAg,@AdelinoMatsinhe,Boa música,0,0,2025-06-22T12:33:54Z,2025-06-22T12:33:54Z
UgyD0H-c6qfeNvFpF5Z4AaABAg,@AidantafadzwaLuton-p4t,OVO owl say he a minooorrrr🎉,1,0,2026-05-31T11:50:22Z,2026-05-31T11:50:22Z
Ugxy0UYfQ476bZ5Ah7d4AaABAg,@NicoleSteven-i6i,RIP❤😢,0,0,2026-08-02T20:40:34Z,2026-08-02T20:40:34Z
Ugz56Jp50JN-fjMVm4x4AaABAg,@jessicaling2708,Woooo,0,0,2025-06-21T17:03:25Z,2025-06-21T17:03:25Z
Ugx0i2Fp842825cxKFh4AaABAg,@NaeMonique8894,It actually says since 2009 at 1:45  it just sounds like 200 plus they were first friends in 2009,0,0,2025-12-21T20:19:25Z,2025-12-21T20:19:25Z
UgzWuRdDHZJEHAsVETF4AaABAg,@princedame9534,STILL HERE LETS GOOOOO HIP HOP,1,0,2025-08-01T16:14:45Z,2025-08-01T16:14:45Z
UgzS9gTQnJ05saHxvY94AaABAg,@LindsayMetzger-r1p,Anyone 2026,3,0,2026-05-23T20:10:47Z,2026-05-23T20:10:47Z
Ugy_fIyNN2mJgA21wUt4AaABAg,@spacemansports4129,I’m at not just the Super Bowl  he got dissed but also the World Series 😂,0,0,2025-11-17T23:59:06Z,2025-11-17T23:59:06Z
UgzVk_lYdOVAMSgbmHF4AaABAg,@BenjaminQuintas-hg4sx,👌,0,0,2025-07-22T00:52:07Z,2025-07-22T00:52:07Z
Ugyw5d_WB-Vx4SChNaF4AaABAg,@jeffreypugh-z8r,"I listen to this song since I was one now, Iam six",0,0,2026-03-24T20:45:55Z,2026-03-24T20:45:55Z
Ugxsjm8UKL0WMyTWqGl4AaABAg,@ZainabShehbaz-pt9do,U REALLY BOUT TO DO IT!?,0,0,2025-08-04T23:51:16Z,2025-08-04T23:51:16Z
Ugz_VAv3nDWs3EhksL14AaABAg,@LeviM0814,Bruce face after this song is probably red from holding his breath while spitting out these bars,0,0,2025-06-25T17:07:08Z,2025-06-25T17:07:08Z
Ugy8fadGMCSUSI4gqJF4AaABAg,@coeurdelion31,❤❤❤😊😊😊,0,0,2026-02-06T16:52:28Z,2026-02-06T16:52:28Z
UgwpzyJ5vlO7XkWb7aB4AaABAg,@air6639,hi,0,0,2025-09-06T05:19:28Z,2025-09-06T05:19:28Z
UgzPsZ13fT0SsEgbq5F4AaABAg,@Lucky-ux1tm,Song of the year 2025❤,1,0,2026-05-16T08:06:50Z,2026-05-16T08:06:50Z
UgxfYkO7LZJxii8yVY94AaABAg,@RahmatAdeyemi-b5d,sorry drake but that your history,2,0,2026-08-09T23:58:36Z,2026-08-09T23:58:36Z
UgwOC1nN5v2LU7qgBIN4AaABAg,@casandraking2425,1 2 3 4 5 plus five hits hard,0,0,2025-09-01T22:46:16Z,2025-09-01T22:46:16Z
Ugxeekvuiev-meS20Jd4AaABAg,@SonePatience-j1m,1 rapper in the world Kendrick Lamar ❤❤❤,1,0,2026-05-19T15:07:50Z,2026-05-19T15:07:50Z
UgwmxRi_T5iJyjC9DyB4AaABAg,@MahinduSon,I'm so worried for drake 😩 🥲🥲😯😯😯😯😯🤣🤣🤣🤣🤣🤣🤣🤣🤣🤣🤣🤣🤣🤣,0,0,2025-10-27T16:53:18Z,2025-10-27T16:53:18Z
Ugx-DcgXuK_TR4oUo6x4AaABAg,@karimotogbara1439,Just like I love my crush 🥰,0,0,2025-06-22T16:40:09Z,2025-06-22T16:40:09Z
UgwSec-UizNysJxl8Fp4AaABAg,@starrynightlight1125,"Cole didn't just dodge a bullet, he dodged a missile strike!",0,0,2025-11-22T01:30:01Z,2025-11-22T01:30:01Z
UgziEeEu2EqbssuFcBF4AaABAg,@jeffherdle2814,"Oh my gosh, this is hilarious!!!",0,0,2026-01-24T21:57:46Z,2026-01-24T21:57:46Z
UgxFmKOyehIfPvMizTx4AaABAg,@SaraBivens-t1q,I love this song!!!!!!!!!!!!!!!!!!!!!!!!!!!!!!!!!!!!!!!!!!!!!!!!!!!,0,0,2025-07-27T23:30:15Z,2025-07-27T23:30:15Z
UgwvsiBiZro7VmjOdi54AaABAg,@eltigre8340,"""A minooooooooooooooooooooooooorrrrrrrrrrrrrrrrrrrrrrrr""",0,0,2026-03-23T05:01:35Z,2026-03-23T05:01:35Z
Ugzz8Hayj6QidkXTtRZ4AaABAg,@ChloéOkapi-j1q,Vraiment  j'ai aimé,0,0,2025-07-30T06:21:34Z,2025-07-30T06:21:34Z
UgzjvvR0dPEpR094nkx4AaABAg,@totbrini,"Squabble,up😉🎂",1,0,2026-07-22T18:11:48Z,2026-07-22T18:11:48Z
UgyI8PEzREXUfXPoF6J4AaABAg,@chandaranea,🎉i❤you,0,0,2025-10-06T21:48:12Z,2025-10-06T21:48:12Z
UgzxrD9mgHTfdGRsdf54AaABAg,@coreysoboring,Anyone else’s last time listening to this song before Iceman drops??,0,0,2026-05-15T03:12:14Z,2026-05-15T03:12:14Z
UgymeEwjpc_jkaHw7Ch4AaABAg,@NancyMbonanni,They not 🚭 like us,1,0,2026-02-16T15:51:01Z,2026-02-16T15:51:01Z
Ugw7XINjjvszugt55G14AaABAg,@ruxshonasaydivaqosova,Anyone on 6 th May?🎉,1,0,2026-05-06T13:56:08Z,2026-05-06T13:56:08Z
UgwuzojupCCDuyiY5-l4AaABAg,@AsharfulAli-w7z,Who is song😮,1,0,2026-07-30T21:34:52Z,2026-07-30T21:34:52Z
UgynXWKTcU8f_XGyT1h4AaABAg,@icak_rblx,I thought that bag only not did these songs bc I thought forrest frank??,0,0,2025-12-03T06:18:48Z,2025-12-03T06:18:48Z
UgzOO9lp3KQ-EZ8jMeB4AaABAg,@maureenmyers12,😮❤,0,0,2025-07-22T18:37:16Z,2025-07-22T18:37:16Z
UgyVE_H8R6gWLucvg_94AaABAg,@Landen-x8e,Worship of Saturn reference of drake in the big 2026 is so noticeable and need to revolute even tho Kendrick’s a free mason he still was trying to wake us up yall🇺🇸,0,0,2026-03-25T07:14:19Z,2026-03-25T07:14:19Z
Ugwc9rXXvze41u2QpUF4AaABAg,@Pumpkinhead28,They better not knot like me,0,0,2025-08-06T09:47:18Z,2025-08-06T09:47:18Z
Ugxc3sFiZECwjRjVO-54AaABAg,@09Drdray,"Drake - Says Kendrick is always rapping like hes going to get the slaves free
Kendrick - Literally calls drake a colonizer lmao",1,0,2026-03-03T21:57:24Z,2026-03-03T21:57:24Z
UgyFl8r7fGw1P2EkmNR4AaABAg,@9aliraf,Kendick is 2pac on steads,1,0,2025-10-05T20:59:52Z,2025-10-05T20:59:52Z
Ugw2sGu5jJM1TXncpxp4AaABAg,@MehsenMacary-j5c,Best album of dissing drake,0,0,2025-06-15T09:54:00Z,2025-06-15T09:54:00Z
UgwlY0geM476Vb_HN7h4AaABAg,@PetulaTitus-z8u,Yo,0,0,2026-08-07T11:47:46Z,2026-08-07T11:47:46Z
UgxP9W1vP4Y9HO5NYDF4AaABAg,@tenzinchomphel6552,they not me obviously duh,1,0,2026-05-04T19:34:18Z,2026-05-04T19:35:04Z
Ugyxz-zc4UzYKCmxxl14AaABAg,@RyanTran-c4y,I hear this in the car,0,0,2025-09-01T03:26:12Z,2025-09-01T03:26:12Z
UgwIHSgZyqlXws_qK6Z4AaABAg,@ancejjfzja1978,I learned more in 10 minutes than hours of Googling,0,0,2025-07-29T17:52:50Z,2025-07-29T17:52:50Z
UgzFLZikm5rHBwYk-px4AaABAg,@noahortega4049,2024 postseason for the dodgers was the “They Not Like Us” Year 💙😤,0,0,2026-07-09T13:17:34Z,2026-07-09T13:17:34Z
Ugx-AVnI17U0ZXPK5QV4AaABAg,@Glowuptipsssssss,Anyone In 2026 march ❤,2,0,2026-03-11T06:39:56Z,2026-03-11T06:39:56Z
UgyQMJXi7HU__82UfUB4AaABAg,@JessicaOwens-ny2en,Cedric I hate you like I'm young I hate you like a young,1,0,2026-08-25T22:48:55Z,2026-08-25T22:48:55Z
UgyNMFDJH0Os1wzXY954AaABAg,@Doug-i6x,still love it 2026 never gets old like for me doing squats,0,0,2026-02-12T17:36:16Z,2026-02-12T17:36:16Z
Ugzn8di8at3rrw14PRN4AaABAg,@AnnabelleMeyer-f7q,Hi,0,0,2025-08-22T19:02:37Z,2025-08-22T19:02:37Z
UgxHc18t_Q5gz0kinBJ4AaABAg,@SshotgunMegalodon,I need to hear eminem and Kendrick dissing drake in one song that would be such a good song😅😅😅,1,0,2026-04-21T17:05:07Z,2026-04-21T17:05:07Z
UgxqyxPAQb7kjN54nsp4AaABAg,@justinjeffrey-vg5to,Best song of all time by him!!!,0,1,2025-07-14T20:02:17Z,2025-07-14T20:02:17Z
Ugw-6ImLZkFwPxQlZxF4AaABAg,@Daisyandmai123,Hi,0,0,2025-12-12T18:48:09Z,2025-12-12T18:48:09Z
Ugypr8G_coLUNHWn4LF4AaABAg,@JoeCap-gf3lf,Hi,0,0,2025-12-14T23:47:00Z,2025-12-14T23:47:00Z
UgxNmpVbiP4hra0KOih4AaABAg,@JoeCap-gf3lf,Hi,0,0,2025-12-15T13:36:04Z,2025-12-15T13:36:04Z
UgwYR7FLpBgDz2Suwb54AaABAg,@Tazagul-c6o,❤❤❤❤❤❤❤❤❤❤❤,0,0,2025-09-22T14:44:06Z,2025-09-22T14:44:06Z
UgzfA4lPVo1tUFgAy-l4AaABAg,@arielmalsireal5453,✍️✍️✍️🔥🔥🔥,0,0,2025-09-09T12:36:14Z,2025-09-09T12:36:14Z
Ugxjk_avQ5NXFv6aeP94AaABAg,@shirleymichellemorrison4052,This jawn still diabolical 😂😂😂😂😂,0,0,2026-09-14T13:14:13Z,2026-09-14T13:14:13Z
UgypyseR-oDlM8UKAnJ4AaABAg,@natalieharrison525,"Whole song, mate",0,0,2026-01-27T18:47:09Z,2026-01-27T18:47:09Z
Ugy1suz53XN4_5sdhJt4AaABAg,@DesireeDunn-o1j2r,They really came up with a #1 hit with this one. Desi was here 😂,0,0,2026-03-01T17:50:22Z,2026-03-01T17:50:22Z
Ugz76Zt_8Okbicdhsql4AaABAg,@SonePatience-j1m,Sweet dressing,0,0,2026-05-19T15:16:11Z,2026-05-19T15:16:11Z
Ugz0A359u9NTLJuoodt4AaABAg,@Dadalorian08,They play is at my school,0,0,2026-04-01T22:49:46Z,2026-04-01T22:49:46Z
UgwOJaOyLc18kyx6pw94AaABAg,@MahletDaniel-c2d,,1,0,2026-05-25T16:30:24Z,2026-05-25T16:30:24Z
UgyuOrFSokqfqFeOLwl4AaABAg,@sunilsunny11,Cooked alive 🥶,0,0,2026-07-21T17:38:27Z,2026-07-21T17:38:27Z
Ugx2vjPVYbkYdT1b6VR4AaABAg,@GilnnfJjhhhK,We got the worlds biggest distrack on drake before GTA6,0,0,2025-07-19T01:02:50Z,2025-07-19T01:02:50Z
Ugz9nMDN-NPERAZfhLJ4AaABAg,@Hiddengemsadvocate,I love this rapper😂,1,0,2025-10-01T15:11:55Z,2025-10-01T15:11:55Z
UgwTEP_KKl3oePlu3lx4AaABAg,@edsmart3296,number 1,0,0,2026-07-08T19:37:46Z,2026-07-08T19:37:46Z
UgzASgRh4vdu1s4XBh14AaABAg,@osamaomar5088,They are like us,0,0,2025-07-18T19:39:21Z,2025-07-18T19:39:21Z
UgxrymZGdczhxXE9PzF4AaABAg,@slumerican3894,He snapped all over that man 😂😂,1,0,2025-06-20T17:42:30Z,2025-06-20T17:42:30Z
Ugyfo_hQ3tMMtyqPAkJ4AaABAg,@ChoolweMwanambiya,That just hit drake hard 😂😂,0,0,2025-12-13T05:00:59Z,2025-12-13T05:00:59Z
UgzQOLiLWvfD3koEiPJ4AaABAg,@Calumtheone,0:28 best part,0,0,2026-02-15T21:48:26Z,2026-02-15T21:48:26Z
Ugy34CpH33K-H481F9Z4AaABAg,@JerrellWarren,"The chess move of the personals that are proven and authentic can't be denied. But looking back, only the sweet chin music/AUX line appears to he clever as far as I know.",0,0,2025-07-31T22:43:55Z,2025-07-31T22:43:55Z
UgxGtm9tmxDQLK6gSqp4AaABAg,@ЛалалаЙукосвттсти,❤❤❤🎉🎉👍👍👍👍,0,0,2026-05-06T16:56:43Z,2026-05-06T16:56:43Z
Ugw6gG1OLU0K5L4QvWx4AaABAg,@Ronancipher69,"""close enough"" ahh lyrics 💀💀",1,0,2025-06-21T11:17:27Z,2025-06-21T11:17:27Z
Ugw8UPfgFr8rIP-FyQR4AaABAg,@caridmarquez4423,Who in 2026,1,0,2026-08-30T03:31:10Z,2026-08-30T03:31:10Z
Ugy4PuHniKX6gOommBJ4AaABAg,@Jackietj,🎉🎉🎉🎉🎉🎉,1,0,2025-10-08T04:12:05Z,2025-10-08T04:12:05Z
UgzFq3tiwyBkfOCqfux4AaABAg,@NimraShahbaz-d8i,Only kendrick has courage to make distrack on drake ☠️,1,0,2025-07-28T11:45:25Z,2025-07-28T11:45:25Z
UgyjkPLWucdZ0tPqHYx4AaABAg,@Hiesen215,He a fan. Wants that work done free. Can get himself through I.C.E.,1,0,2025-06-16T00:16:37Z,2025-06-16T00:16:37Z
Ugz1cQfmsqTIj9SLOrR4AaABAg,@CrystalWaterman-g1x,"My mom went to this concert,🎵 😮😮😮😮",0,0,2026-06-28T22:08:02Z,2026-06-28T22:08:02Z
UgxtupBRx4f-tpyKokN4AaABAg,@natchanon9980,"Finally, a lyrics without *** 😂",0,0,2026-01-06T02:19:12Z,2026-01-06T02:19:12Z
UgwIjqZePJXz7ZnDuL94AaABAg,@maleniebalwant8361,They not like us😮😮,0,0,2025-12-25T16:14:43Z,2025-12-25T16:14:43Z
UgzfHxhVUR-ic4wLQoN4AaABAg,@pencylolayahbless7480,MUSTARDDDDDD 😂😂😂😂🎉🎉🎉🎉,1,0,2026-02-18T07:18:05Z,2026-02-18T07:18:05Z
Ugz8TcEDW1xV4ocgHlR4AaABAg,@emelikecheineye3730,"This is going to 3yrs, that other dude has largely remained out of public sight bc of ""they not like us""",0,0,2026-05-14T05:34:34Z,2026-05-14T05:34:34Z
Ugz5HCCWEQFkg1WUcAd4AaABAg,@EloraHinson-v6c,I blasted this song in front of my stalkers window,0,0,2025-12-13T21:53:27Z,2025-12-13T21:53:27Z
Ugw-HKZC4POVVY0Y3JN4AaABAg,@EmilyRios-wp3wd,This shit is so fucking catchy,0,0,2025-11-27T00:24:54Z,2025-11-27T00:24:54Z
UgwGr64mtIE1yId5ITB4AaABAg,@Strawhat1652,at first i thought this was some stupid shit on the bowl but this this is the most savage shit in forever kendrick you a fuckin g for this shit right here callin out all the shit fuck ya keep it rollin dawg what a champion,0,0,2025-07-25T01:35:45Z,2025-07-25T01:35:45Z
UgxNBTy2_b8j7--1aXh4AaABAg,@phuong9264,got addicted from 2:00 to 2:22. Wtf was dat freestyle in a song or something?,0,0,2026-07-22T10:16:00Z,2026-07-22T10:16:00Z
UgzHBmOo5lldVoP0WDF4AaABAg,@Apro_rl,How many opps do u got,0,0,2025-07-03T14:09:56Z,2025-07-03T14:09:56Z
Ugxnt1XP-qYh-67R9Jx4AaABAg,@carrielong8100,Not like us is a W,1,0,2025-11-02T16:40:56Z,2025-11-02T16:40:56Z
Ugzb-q9O7sw296_sY6J4AaABAg,@ClayShack95,Not the question mark,0,0,2025-11-05T01:20:54Z,2025-11-05T01:20:54Z
UgySCM23dYD38oOTzI14AaABAg,@LisaCrow-u2i,Oh yeah,0,0,2025-09-02T23:56:39Z,2025-09-02T23:56:39Z
Ugz_DJFdvXt-lTBHHHJ4AaABAg,@Ace-w9f7h,Guys this is all in B minor,1,0,2025-07-24T17:08:10Z,2025-07-24T17:08:10Z
UgzFfycZCzVq0C66gCh4AaABAg,@RapesaniqueJules,"""Psh I see dead people"" 😂😂😂😂😂",0,0,2026-04-04T22:21:39Z,2026-04-04T22:21:39Z
UgyulOMWIkv8B9AuZkx4AaABAg,@JennyGal-tn9op,10k curses per second but I loved the song,0,0,2025-11-18T15:52:32Z,2025-11-18T15:52:32Z
Ugz6e2EosUVSJtm5JJd4AaABAg,@ollie.t.c6333,I'd pay sm for Kendrick to make an Israel diss track🙏,1,0,2025-09-29T14:28:52Z,2025-09-29T14:28:52Z
Ugxagqgxa56P3qMMcgd4AaABAg,@JadeAdams-h8m,Minerrrrrrrrrrrrrrrrrrrrrrr,0,0,2026-03-25T09:42:13Z,2026-03-25T09:42:13Z
Ugwvh8hB4PeuL7iay9p4AaABAg,@MarybelOlivas-n2b,I mean it's to many options ❤l,0,0,2026-06-21T15:17:23Z,2026-06-21T15:17:23Z
Ugykl5N_8xJgIBJBe0l4AaABAg,@mixie_mixie,Tryna strike a cord and its prolly A MINNORRRRRRRRRRRRRRRR 🔥🔥🔥🔥🔥🔥🔥🔥🔥🔥,0,0,2025-06-12T22:43:13Z,2025-06-12T22:43:13Z
UgzFH6PNzkqvkK40zqd4AaABAg,@4urapar,This man made his career by dissing Drake,1,0,2025-10-15T14:18:19Z,2025-10-15T14:18:19Z
UgyYLgiEEwIfmmwmwHF4AaABAg,@Jackal1982_H,This song bumps good once then gets lame. It ain't no Ether.,1,0,2025-06-15T19:40:54Z,2025-06-15T19:40:54Z
Ugys31Xm37JAAs-frxV4AaABAg,@meritakrasniqi1070,Kendrick make songs too bro,0,0,2026-01-16T06:54:52Z,2026-01-16T06:54:52Z
UgzwxNE5FY7GhRg-M3F4AaABAg,@seifkasule4416,I thought this was the admin abuse from grow a Garson and steal a brain rot but dagg the really switched this vibing song now it’s my boy vs drake and chill he running same am i,0,0,2025-09-14T01:45:34Z,2025-09-14T01:45:34Z
Ugz8mxzGgV-bu_UnAhp4AaABAg,@HoopLegendz-shorts,bro hates drake too much 😭,2,0,2025-07-09T10:26:46Z,2025-07-09T10:26:46Z
UgxoXR49AqaV5MrSTgp4AaABAg,@VishandBhajan,Who's in june 2025?🎉,2,0,2025-06-15T16:59:29Z,2025-06-15T16:59:29Z
UgwQxjqZtqqHrKvi3bh4AaABAg,@kellybecker2635,FUCKING KEVIN ALWAYS TELLING AND CALLING THEM OUT!! Fuck yeah!!!,0,0,2026-04-28T05:37:57Z,2026-04-28T05:37:57Z
Ugyolot4yPwpZ9MH1iV4AaABAg,@MerrittMarthaller,❤❤❤❤❤❤tomasssss,0,0,2026-02-08T21:56:33Z,2026-02-08T21:56:33Z
UgzhFSzevpU3zwv60zx4AaABAg,@Lipsblushing,1:32 wowww,2,1,2025-10-01T14:55:32Z,2025-10-01T14:55:32Z
Ugzs_0t2zup--dc_Zax4AaABAg,@xico_auei,Eu sempre tive a sensação de que a segunda menina da direita pra esquerda é especial,0,0,2026-04-27T20:36:24Z,2026-04-27T20:36:24Z
UgzFDUOnDm_p3g1ph9V4AaABAg,@kinsermuth114,Psss I see dead people 0:15 😊😊😊😊,13,1,2026-01-10T00:46:35Z,2026-01-10T00:46:35Z
UgwNp97pH_G_w4gx8sF4AaABAg,@kevinksl-z3d,Not like us 😂,1,0,2026-07-25T16:12:56Z,2026-07-25T16:12:56Z
UgyeQtCX1y_y87Ack454AaABAg,@jaydinbowers8344,AYYYYYY THEY NOT LIKE US  AYYYYYYYYYYYYYYYYYYYYYYYYYYYY,0,0,2026-06-20T15:10:14Z,2026-06-20T15:10:14Z
UgzFEEXBPguqLUAFJG14AaABAg,@antoinetterantho5553,Happy mothers day my mother always made shure thatci have food to eat i owe you a lot mom❤🎉,1,0,2026-05-10T16:13:20Z,2026-05-10T16:13:20Z
Ugx8XzcZAVpJVMWLYJZ4AaABAg,@OWENPETER-i6h,2026 anyone?😅,3,0,2026-08-09T19:23:02Z,2026-08-09T19:23:02Z
UgyBOQqNOxLfHUV-1Y14AaABAg,@NhialDeng-y2g,"Who is here in 2026? Big up Mr Lamar, you run this world",0,0,2026-01-01T19:17:51Z,2026-01-01T19:18:30Z
Ugy_byUzKWDh0n2kwa94AaABAg,@sharondean-u4u,0:45 😂😂😂😂,1,0,2025-09-26T22:50:06Z,2025-09-26T22:50:06Z
UgxOrLDpC1i9rX8uXml4AaABAg,@THE_RAiMi_SPiDER1,1:06 best part,0,0,2026-02-05T08:46:28Z,2026-02-05T08:46:28Z
UgyyqmhIBhtmeNiWYZR4AaABAg,@motivationhappy4233,😂😂 this guys is Good,0,0,2025-07-31T09:11:27Z,2025-07-31T09:11:27Z
UgysDhbsdtsMhw2m0MB4AaABAg,@GraceEvans-d2v,Listening to this mid English class 😐,0,0,2025-09-03T21:09:52Z,2025-09-03T21:09:52Z
Ugz8ICjlDw5fDc1VF254AaABAg,@sherryrobinson7660,"Still Listening And Wearing The Shirt in Oklahoma City September Tuesday 22nd 2025 .That Shit Hits Different, Kendrick Lamar Ate That 💯 Props Real Talk That Part,What? They not like Us . Stand Up Black 🖤 People This World 🌍 Needs To Know Were Here",0,0,2025-09-24T02:45:38Z,2025-09-24T02:45:38Z
UgxFhiqykPWN4Rz71IF4AaABAg,@zoriz24,its giving ws,0,0,2025-07-10T19:55:42Z,2025-07-10T19:55:42Z
UgzN0Fxis4gLrRlRcrJ4AaABAg,@ObrigadoThero-h4p,Kendrick  the rapper 🎤🎤🎤,1,0,2025-08-28T13:16:49Z,2025-08-28T13:16:49Z
UgzLlCnOOTgvQZ_H9k14AaABAg,@HPRon-Weasley,1:14 they not like us they not us they not like us they not like us,0,0,2025-11-15T20:31:15Z,2025-11-15T20:31:15Z
Ugynw6r6OvzsAgDuBRx4AaABAg,@mishalee333,My ass is coming for ‘all y’all,1,0,2026-09-01T16:30:47Z,2026-09-01T16:30:47Z
Ugx3FJL7qRtd05HImUx4AaABAg,@kwancarter8323,Bro I was little at this song,0,0,2026-07-24T20:02:20Z,2026-07-24T20:02:20Z
UgxZC25r6KeAnwV6xW14AaABAg,@laurenshelton8086,Yall he ate that up this is her niece so,0,0,2025-06-13T21:52:50Z,2025-06-13T21:52:50Z
UgxqgFqGd8PGpeBft-F4AaABAg,@COLD-hs2mb,whos still here in 2030,1,0,2025-10-31T04:16:53Z,2025-10-31T04:16:53Z
UgztSlKGZEQm4-DM5TZ4AaABAg,@catrinacampos2325,Bro Kendrick can make a diss track literally in 30 minutes,0,0,2025-07-30T19:16:16Z,2025-07-30T19:16:16Z
UgwqnxDSEdBLws62VXV4AaABAg,@Pranavpranith1617,2:45 🔥😵‍💫,0,0,2025-06-23T09:31:48Z,2025-06-23T09:31:48Z
UgxAKAkzVUlrbVbDW-N4AaABAg,@Jojoplays_2009,We got a Drake Diss Track before GTA 6,0,0,2025-07-14T21:40:40Z,2025-07-14T21:40:40Z
UgycmN2N9JetKDKK_2d4AaABAg,@CarlosjuanJimenez-ly9ho,Esto está bien ❤️‍🩹❤️‍🩹😮😅😮,0,0,2025-07-12T22:33:56Z,2025-07-12T22:33:56Z
UgwffECnAWi4YGPUCS14AaABAg,@realripper-g6j,Kendrick won the beef,2,0,2025-07-18T06:08:42Z,2025-07-18T06:08:42Z
Ugx6RDVZGVVnBR4ymgB4AaABAg,@Blissfullness-d5x,🤟🤟🤟🤟🤟🤟,1,0,2025-08-27T02:27:16Z,2025-08-27T02:27:16Z
Ugxtosxo_OPvXDvVeaV4AaABAg,@selimuddin4937,Bro cooked drake hard,1,0,2026-01-06T17:39:36Z,2026-01-06T17:39:36Z
Ugy4ziX6wdRkcfEcl0J4AaABAg,@lisagandy7543,1:33,2,0,2025-07-08T01:37:05Z,2025-07-08T01:37:05Z
Ugy8cg7rN5FCivpXdKh4AaABAg,@fairpurist,Bro the words😬😬😬😬😬😬🥵🥵🥵🥵🥵🥵🥵🥵,0,0,2025-12-10T08:51:16Z,2025-12-10T08:51:16Z
Ugx2vbPgjai6E_crKil4AaABAg,@rubenescalera3650,Nobody can mess with Kendrick,0,0,2025-07-20T03:28:49Z,2025-07-20T03:28:49Z
UgzedOASkPm3Ufr_eAp4AaABAg,@casandraking2425,Just make sure you hide your little sister from them hits hard,0,0,2025-09-01T22:44:41Z,2025-09-01T22:44:41Z
UgwFiPHO29Xk9FG9sNp4AaABAg,@lesbiagramajo4886,Wow,0,0,2025-08-14T03:49:27Z,2025-08-14T03:49:27Z
UgzXAPVoTmPm3g_8r0Z4AaABAg,@MiaLutz-o5k,I love kendrick Lamar,0,0,2026-03-10T20:06:53Z,2026-03-10T20:06:53Z
UgyQXlKRf_Ul0bcWyXl4AaABAg,@monicachindove289,🎉🎉🎉🎉🎉🎉🎉🎉,1,0,2026-04-27T14:52:49Z,2026-04-27T14:52:49Z
UgzGgieIw-0A9UwidiR4AaABAg,@MrMabusela,This song yall 😊😊,0,0,2026-03-14T11:12:28Z,2026-03-14T11:12:28Z
UgzzoYl94oENfjILfbx4AaABAg,@alanacalabria,Bro kendrck op ngl😊😊😊😊,0,0,2025-08-03T04:04:32Z,2025-08-03T04:04:32Z
Ugw8kByiI4Jm8zvaLV94AaABAg,@UmarMunir94,I came here from a Mamdani reel.,0,0,2026-08-21T06:20:07Z,2026-08-21T06:20:07Z
UgxEwj4EDvvzjYUGkxB4AaABAg,@Karas-Chris,Rizz,0,0,2026-04-17T22:51:03Z,2026-04-17T22:51:03Z
UgzQ34I3Rl-QNZ6ZZu54AaABAg,@ayan_lyle,Omgg😮😮😮,0,0,2026-02-24T21:03:25Z,2026-02-24T21:03:25Z
UgyAfvy39zYL9ucdwUJ4AaABAg,@BenjaminQuintas-hg4sx,🤙,0,0,2025-07-23T04:46:26Z,2025-07-23T04:46:26Z
UgzvHa5vZijRnxHIFK14AaABAg,@FrankEstela-u8o,whats crazy is this shit won the grammy,0,0,2026-05-24T10:00:20Z,2026-05-24T10:00:20Z
UgzyQRVO-mCJLhEZ9NN4AaABAg,@lucasdesa8614,There are some mistakes in the lyrics,1,0,2025-10-02T20:05:47Z,2025-10-02T20:05:47Z
Ugy2OlsBh5HtZju4ry14AaABAg,@KennethWashington-g5g,Halimo got ambulance trill mondays,0,0,2025-09-03T08:55:18Z,2025-09-03T08:55:18Z
UgzoV_VMjlGRAwm2ylN4AaABAg,@kinsermuth114,Why mustard? 0:21,0,0,2026-01-07T22:49:23Z,2026-01-07T22:49:23Z
UgzXxrHwxwjl8ret4894AaABAg,@HunterThompson-ng8tx,😂 gun games,0,0,2025-10-26T23:58:58Z,2025-10-26T23:58:58Z
UgxwGCN7FZOIeWd320p4AaABAg,@abelynpiano2773,Bro every bass drop shakes my house damn,0,0,2025-09-07T05:09:30Z,2025-09-07T05:09:30Z
UgxdDF9Lvm1aqg5IO8x4AaABAg,@SisYoushouldhavebeenadetective,kendal Lamar should colab with Jesse Welles,0,0,2026-01-30T17:57:35Z,2026-01-30T17:57:35Z
Ugz_MKqxXCHk6wUnTzh4AaABAg,@JoshCass-1990,Me as a neurodivergent to neurotypicals: 2:45,0,0,2025-10-27T00:24:51Z,2025-10-27T00:25:04Z
Ugw8djzf-IZspxFiLG94AaABAg,@Gbubby-18,😍😍😎😎😎💀☠️,0,0,2026-01-03T11:59:02Z,2026-01-03T11:59:02Z
UgwXlSky9MtBPHFJzIB4AaABAg,@ColeInEastTn00,Donr like it? Your not like us 👋,1,0,2025-07-02T00:25:10Z,2025-07-02T00:25:10Z
UgxjOrzOX2uy_FMyEKd4AaABAg,@lihl4442,2025 anyone?,1,0,2025-08-15T18:41:23Z,2025-08-15T18:41:23Z
UgwZ0d6kImnR5GzFY8x4AaABAg,@Ski86100,Drake 2 hard for the radio slap harder🥱,0,0,2026-06-04T07:25:52Z,2026-06-04T07:25:52Z
Ugyd6RlVT6IUBD6RBSt4AaABAg,@TroopShanafelt,Diddyyyyyyyyyyyyyyyyyyyy wamp wamp,1,0,2025-06-19T23:53:09Z,2025-06-19T23:53:09Z
UgzIN0WfOIXl7kOI7_B4AaABAg,@joshbandt4425,2:44 is my favorite,0,0,2025-11-30T23:55:21Z,2025-11-30T23:55:21Z
Ugy4rzhJKWnI1JujamB4AaABAg,@PURE-s6e,Fkn strange yo! Gotta get L out this predicament!,0,0,2025-07-14T22:54:29Z,2025-07-14T22:54:29Z
UgyzTRg7fhKmnvvXZTd4AaABAg,@JennaSkittles,Why tease d bow,1,0,2026-03-06T16:30:21Z,2026-03-06T16:30:21Z
UgxHOAFbJYTyrvqlTHJ4AaABAg,@paulgardley8645,He will roast you back,1,0,2025-08-30T03:57:41Z,2025-08-30T03:57:41Z
UgwiZD0FI5DGyu5huO94AaABAg,@minieyke,"but why does it say ""Mustard on the beat"" it's MUSTER",0,0,2025-07-02T12:30:19Z,2025-07-02T12:30:19Z
UgwhxwAkPti3NhAzlYJ4AaABAg,@fineartchildcare,😊😊,0,0,2025-09-19T03:24:34Z,2025-09-19T03:24:34Z
UgxGxVO88-94ARD8VzV4AaABAg,@Scythe-l2j,Tryna strike a cord and it’s prolly a minor,1,0,2025-10-15T22:55:47Z,2025-10-15T22:55:47Z
UgyPdsrn7r_DiwtHa5F4AaABAg,@DominicWhyte-k3g,Hide your little sis from him is crazy,0,0,2025-09-14T19:44:36Z,2025-09-14T19:44:36Z
Ugx8aP6LCKkbB7t-JpN4AaABAg,@AdriannaMendez-n5e,I see dead people too bro,0,0,2026-09-17T01:27:50Z,2026-09-17T01:27:50Z
UgyDgFCMlcN24YkHSmx4AaABAg,@spark_utube,Drake needs to respond 😮,0,0,2026-02-04T02:12:43Z,2026-02-04T02:12:43Z
Ugxpwg8Eqp23UAh6Ett4AaABAg,@lisad5868,❤❤❤❤❤❤❤❤❤❤❤❤❤❤❤❤❤❤,0,0,2026-08-29T02:37:14Z,2026-08-29T02:37:14Z
UgzT-fHi3_pdceMrBNx4AaABAg,@Noraisyours12,Guys if u read it it is so werid if u guys actually read it tho 💀,1,0,2025-07-10T19:42:27Z,2025-07-10T19:42:27Z
UgyVbhTv4SR9WZQiFHF4AaABAg,@VictorMessifans,0:42 ❤❤🎉,0,0,2025-06-25T20:25:10Z,2025-06-25T20:25:10Z
Ugwx9tNWDaU9mLixQqN4AaABAg,@andrewstuk6252,Trynaa strike A minor 🎸,0,0,2025-08-29T19:27:28Z,2025-08-29T19:27:28Z
Ugw6I7dJJalxKjQTFWB4AaABAg,@EJStacyEJStacy-n4m,❤😂🎉😅😊,0,0,2025-11-13T21:00:11Z,2025-11-13T21:00:11Z
UgyRcmHUsAbxTF9004l4AaABAg,@KhadijaAmhaouech,que temezo,1,0,2026-01-14T13:54:51Z,2026-01-14T13:54:51Z
UgxKRXGCRKqZtoCLenp4AaABAg,@Tazagul-c6o,Молодец Kendrick,0,0,2025-09-22T14:44:26Z,2025-09-22T14:44:26Z
UgyjaV007tPLr4vWMGN4AaABAg,@kathy-y4h,Não consigo acompanhar,1,0,2025-07-06T03:58:15Z,2025-07-06T03:58:15Z
UgxEexfzokdbWNyACa54AaABAg,@KarinaRey-i3f,Bro l say oh. mlnorrrrrrrrrrrrrrrrrrrrrrr,1,0,2025-11-27T20:59:38Z,2025-11-27T20:59:38Z
Ugw4oYBX0m_Fy1aQDR94AaABAg,@FunkyChild718,"The 21 Savage line makes no sense.  21 Savage is not even an American citizen.  He is a British national with a British passport and his entire family - mom, dad, siblings, cousins etc all have strong British accents.  Drake has 300+ years of ancestors in TN and is an American citizen by blood through his father.  Drake's family has lots of musicians from the South going back 100 years and he learned that talent through his father.  It's laughable to suggest that Drake is colonizing Atlanta and trying to use Atlanta rappers like 21 Savage, when 21 is not even a citizen of the USA.  If anything Kendrick looks stupid for suggesting this because it shows that 21 was able to fool Kendrick into thinking he was just like him.  Meanwhile, ironically, Kendrick thinks Drake is the foreigner trying to colonize Atlanta, when Drake actually has Southern roots going back several generations and Drake is 100% a LEGAL American citizen, unlike 21.",1,0,2026-06-23T02:41:29Z,2026-06-23T02:44:17Z
UgzdcipZGXVEeHwZA1B4AaABAg,@EvanGlann,1:15 is my favorite,0,0,2025-12-16T22:53:41Z,2025-12-16T22:53:41Z
UgzK2-18uxlEtEMMQgZ4AaABAg,@adushkina,Drake good but Kendrick is built different,1,0,2025-12-05T01:54:35Z,2025-12-05T01:54:35Z
UgwPi5aPC5Pzzy68rGR4AaABAg,@julenalesliebarrett,Some Lyrics missing though.,0,0,2025-09-14T20:13:15Z,2025-09-14T20:13:15Z
UgxZtNETK8lt4FfhJsl4AaABAg,@NadirBensid-hz3ni,كاين جازايري هنا 😂😂,0,0,2026-01-20T13:46:50Z,2026-01-20T13:46:50Z
Ugy7EubG4I54Ofb4IWp4AaABAg,@carnivalbambole2292,2:16 -2:30 is the best part,0,0,2026-06-12T18:40:06Z,2026-06-12T18:40:06Z
Ugzbexfr6Oaj0lIY5Qp4AaABAg,@Katethya_the_1st,Ya ya,0,0,2025-08-20T04:09:37Z,2025-08-20T04:09:37Z
Ugxa0ovno-NtK1w5MmB4AaABAg,@lennoxqnlee,1:12,1,0,2025-06-09T17:44:22Z,2025-06-09T17:44:22Z
UgxGwFGg2TlTRV6wpa14AaABAg,@CharliePCPRS,🥰,0,0,2026-04-16T13:29:27Z,2026-04-16T13:29:27Z
Ugyn5A-r410PiHW9vmV4AaABAg,@WynneL,"I think ""hammy downs"" should be hand-me-downs, ""sepena"" be subpoena, the ? I think is ""another line of wock"", ""Atlanta was the Mecca, building..."" and * bear with me (not bare, because you're not getting naked with him, you're holding on/bearing.)",0,0,2026-03-19T00:51:03Z,2026-03-19T00:51:03Z
Ugx0k945YpAphbgdV614AaABAg,@shadowh3476,😂 hasta en la Argentina nos enteramos que Drake solo toca en A MINOOOOOOOOR (UPS 🤣),0,0,2025-07-04T01:39:01Z,2025-07-04T01:39:01Z
UgwTKOzG6DRyxhUwC014AaABAg,@yasirdrakar8743,Killing him and the whole crew with just the 1st verse is krazy work but damn,0,0,2026-08-02T19:54:26Z,2026-08-02T19:54:26Z
UgyYB9a9xb3kAY87lap4AaABAg,@Megaraptear6631,😂 imagine Kendrick lamar  singing that song on stage in dubai that will pissed them off,0,0,2025-09-29T01:22:26Z,2025-09-29T01:23:25Z
UgyGKKmxjEs6CGFsEj54AaABAg,@Xi_mackey,Best song in the world 2026,0,0,2026-01-01T06:18:23Z,2026-01-01T06:18:23Z
UgxRQ9ZoFhCke7c6azZ4AaABAg,@Sheeshokoola-gh1qf,I have a feeling Kendrick doesn't like Drake,1,0,2026-07-18T05:36:58Z,2026-07-18T05:36:58Z
Ugw9YoWm2UXhsmIFT014AaABAg,@JIsnJ-b1k,Not like us,0,0,2026-03-23T08:27:17Z,2026-03-23T08:27:17Z
Ugwti5QY87spLgiJHFx4AaABAg,@KJCHANNEL317,bro diss drake💀💀💀,0,0,2025-06-25T23:15:08Z,2025-06-25T23:15:08Z
UgzBPeCc-GggW-rmLQF4AaABAg,@jeancena3556,Yall sleeping on the wwe bars,0,0,2025-08-19T14:47:53Z,2025-08-19T14:47:53Z
UgwneGBJMd4d4OkiTYx4AaABAg,@ericbispresident,Kendrick like the bud Crawford of hiphop,0,0,2026-04-28T06:21:49Z,2026-04-28T06:21:49Z
Ugxoz8oDX_w5UMNKhgV4AaABAg,@dabcat939,Tryha strike a chord and it’s probably a minerrrrrrrrrrrrrrr,0,0,2025-09-17T00:39:12Z,2025-09-17T00:39:12Z
Ugy76_95gmNFlOp-B1d4AaABAg,@cliffordgoodman4900,"Serena Williams, and Venus Williams did alot for tennis.",0,0,2025-08-20T00:19:34Z,2025-08-20T00:19:34Z
UgzkQY_m_ABq5aFcMZh4AaABAg,@6678sad,I see dead people,1,0,2026-03-08T04:38:53Z,2026-03-08T04:38:53Z
UgyZUvtHwzrvjwsqPPp4AaABAg,@holycrap37890,My cat is sniffing my feet wtf,0,0,2025-06-22T09:54:53Z,2025-06-22T09:54:53Z
UgxFZnbeukKEajTENN54AaABAg,@lamariwalker3745,🎉,0,0,2026-04-18T02:44:28Z,2026-04-18T02:44:28Z
UgzAJ_0oCQ1S-lmWri54AaABAg,@FloTec202,⌚️⌚️⌚️⌚️⌚️⌚️😈❤,0,0,2026-02-02T18:00:07Z,2026-02-02T18:00:07Z
UgzNa8zip-7F1N4bC294AaABAg,@ryattdamian5557,Im doing this with car and phone,0,0,2025-06-13T20:02:32Z,2025-06-13T20:02:32Z
UgykECAMdDEHz6ap3Et4AaABAg,@YourfavoriteAlice,Omg,0,0,2025-09-22T14:06:02Z,2025-09-22T14:06:02Z
Ugw4ZlK7xRHeEWpjLBV4AaABAg,@star_gaming2159,2:26 Sweet Chin Music,0,0,2025-11-06T11:18:51Z,2025-11-06T11:18:51Z
UgwILW-wcWRx-uhOxSl4AaABAg,@osamaomar5088,I wander what will drake say,0,0,2025-07-25T17:05:53Z,2025-07-25T17:05:53Z
UgyLlFJ6FIo3klNDVId4AaABAg,@OLESPORTSprodz,😭😭😭,0,0,2025-07-18T17:56:11Z,2025-07-18T17:56:11Z
UgwLA8y_mbGmrzw0HBB4AaABAg,@benjaminvaldez1841,ALBUM ON A DRAKE DISS,0,0,2026-02-04T04:07:47Z,2026-02-04T04:07:47Z
UgyckFqxrA1qsQdVJH14AaABAg,@joeunicornio3874,bruh a lot of the lyrcs are wrong,1,0,2025-06-28T08:00:21Z,2025-06-28T08:00:21Z
Ugwizz_-oe6N3wnDjTt4AaABAg,@tobgayvenom.5381,",  . ..okay.😊😊😅😊",0,0,2026-02-03T04:05:06Z,2026-02-03T04:05:06Z
UgzeH6fWYejrqE1BctN4AaABAg,@raa307-e8r,😂❤❤❤😂,0,0,2026-02-14T04:30:12Z,2026-02-14T04:30:12Z
UgzMg82eUcEy32g_ekF4AaABAg,@Frankiebigbluepup,It’s William da foe in him not billy the flo,0,0,2025-09-04T00:36:46Z,2025-09-04T00:36:46Z
UgxGNxfr28LzfGOh1cZ4AaABAg,@DeeqaAbdi-x1b,Where’s is my money then,0,0,2025-11-06T12:01:36Z,2025-11-06T12:01:36Z
Ugxhyl8lvkXMir7xdN54AaABAg,@AhnietBintob,Hilarious 🎉,0,0,2025-09-03T13:23:56Z,2025-09-03T13:23:56Z
UgwBg5Aebm4hBPJUJ-l4AaABAg,@Dummbol,not like us,0,0,2025-07-22T16:57:47Z,2025-07-22T16:57:47Z
UgwlFJBVSu_D-Yfm2h94AaABAg,@coeurdelion31,This is rap or song😢🎉,0,0,2026-02-06T16:53:45Z,2026-02-06T16:53:45Z
UgxC7q2khExXNjPPFEZ4AaABAg,@arkeyn3831,MY GYM TEACHER PLAYED THIS I LITERALLY DID THE GRIDDI,0,1,2025-07-26T00:49:40Z,2025-07-26T00:49:40Z
Ugz4JkkboEgt2mbJ8qt4AaABAg,@OhImJustANobodyTryingToTell,This song references Malakhi twice 😡🤣🤣,0,0,2026-07-12T17:44:20Z,2026-07-12T17:44:20Z
UgznbfNt9WaF_HJkv-J4AaABAg,@kittyspriinkls,1:00,1,0,2025-08-20T19:34:55Z,2025-08-20T19:34:55Z
UgzDXJYx0kU3OQ2T1iZ4AaABAg,@MartinusHowoseb,Ain't no fuckn way this is anywhere near family matters,0,0,2026-02-09T16:05:59Z,2026-02-09T16:05:59Z
UgwKcyjs5cA2tUNnrG54AaABAg,@christopherclarke9823,Drake not recovering from this 😂,0,0,2025-09-09T01:41:36Z,2025-09-09T01:41:36Z
Ugxzgccw2EknSAn2QuJ4AaABAg,@erikamacias431,Not like us (lirics drake diss,0,0,2025-06-11T05:51:04Z,2025-06-11T05:51:04Z
UgwVHK-t7ZfizkY5UF14AaABAg,@thanh-o7d6o,Audience retention graphs reveal when viewers lose interest,0,0,2025-08-27T05:01:04Z,2025-08-27T05:01:04Z
Ugzy4VopTSXvW1FdU8B4AaABAg,@PizzaBoy08,❤❤❤😂😂😂,0,0,2025-06-30T00:03:23Z,2025-06-30T00:03:23Z
Ugyf7_CZylixuvrOPZJ4AaABAg,@KennethWashington-g5g,East side gall u my one on god,0,0,2025-09-03T08:59:02Z,2025-09-03T08:59:02Z
UgynKfpMuNDi1cUfbaB4AaABAg,@gayleriley5992,i ager don;t fug whith him,1,0,2025-10-19T22:23:01Z,2025-10-19T22:23:01Z
Ugw9QVrg7XnoPhYI2QZ4AaABAg,@AbdullahAlshmmari-gg3st,This music not ok because juju the cousins not like that ❤,1,0,2025-06-16T13:14:48Z,2025-06-16T13:14:48Z
UgzVJ7Q-EzsMZ4SXQaR4AaABAg,@shortyhaye5461,2026 game definitely over,0,0,2026-02-24T22:17:53Z,2026-02-24T22:17:53Z
UgzqbKvS1xEFVTbGnHp4AaABAg,@anumascot,3:09 drake is cooked,0,0,2025-08-01T07:42:44Z,2025-08-01T07:42:44Z
UgwxcgJO-b0Di4iJFH14AaABAg,@Gemechis_Saka,😮😮😮😮😮,1,0,2025-06-18T15:11:54Z,2025-06-18T15:11:54Z
Ugy9Mi4AaBAwceAq0IB4AaABAg,@TimoUncle,They're not like us we came from far as Africa❤❤,0,1,2025-08-04T21:40:17Z,2025-08-04T21:40:17Z
UgyEcEE7GPXtBJ-fvAF4AaABAg,@printing.y.papeleria,Maybe the south werent that wrong,1,0,2025-10-15T08:00:59Z,2025-10-15T08:00:59Z
UgybF4e_PVLGXVH29BV4AaABAg,@MaseehaDawood-o1z,Anyone in 2025😂,1,0,2025-10-08T11:54:07Z,2025-10-08T11:54:07Z
UgxoaBGnIZvmGKFXS094AaABAg,@Eflin-h1s,2 hafta önce dolaba attığım muz kararmış,0,0,2025-09-20T17:23:03Z,2025-09-20T17:23:03Z
UgwcQpYpdBWtDEZa0YB4AaABAg,@KhadijaAmhaouech,Dame tu anti que lo tienes muy larguito,1,0,2026-02-11T20:08:56Z,2026-02-11T20:08:56Z
UgyyPjfBdQluOxxsqYN4AaABAg,@EvelinaGustavsson-j4m,Ha ha ! Yes,0,0,2025-06-10T20:26:24Z,2025-06-10T20:26:24Z
Ugzk4R4n8iqcHSG1URx4AaABAg,@Fearstetlama,😮😮,0,0,2025-06-26T05:56:36Z,2025-06-26T05:56:36Z
Ugz5T8ltgH1Qo54Dc494AaABAg,@gregorygolub3080,Well Drake... It's been fun.,0,0,2025-11-24T13:10:50Z,2025-11-24T13:10:50Z
UgwaQyrNBcs0doxKvoB4AaABAg,@adarshmathne3113,Why does it sound like a little bit of a nicki song?,0,0,2025-11-01T16:27:19Z,2025-11-01T16:27:19Z
Ugxuvz8uGxOgjriOJXh4AaABAg,@MsPatatedouce,VIVE LE QUÉBEC LIBRE 🇨🇦😅 ( yavait pas le drapeau du québécois 😂,0,0,2026-08-17T14:16:31Z,2026-08-17T14:16:31Z
Ugz5r6RRsH9itzQjLVV4AaABAg,@JamieSanAgustin,One of the best of not the best superbowl halftime show ever 💯🙏❤️👍👌🇺🇸,0,1,2026-05-21T12:57:56Z,2026-05-21T12:57:56Z
UgwgSdrIEuNdTenU7ot4AaABAg,@Ian-45t,"Yeah, it’s 2025 and Kendrick Lamar one",0,0,2025-08-20T15:01:32Z,2025-08-20T15:01:32Z
UgwnH8O2uRFvCmgk1x94AaABAg,@DoggyGirlforlife595,drake do u take dat,0,0,2025-06-11T13:53:11Z,2025-06-11T13:53:11Z
UgyUHYk8aHMrLc4lL2l4AaABAg,@patricia82-p2k,Drake lyrics is 😎🆒😎😎😎🆒 cool,0,0,2025-09-02T07:55:55Z,2025-09-02T07:55:55Z
UgxPhJVTqfrcHAp_X-Z4AaABAg,@kimberlyjones1325,😂😂😂,1,0,2025-10-18T04:17:01Z,2025-10-18T04:17:01Z
UgwgMuM-HLuBFn1iKhF4AaABAg,@JesseCamacho-h6n,Its ambulance not amber lamps 🤦‍♂️,0,0,2026-01-24T03:58:30Z,2026-01-24T03:58:30Z
Ugy5b0bwhnTEzvZLm6B4AaABAg,@laurafoster7769,They not like Usss,0,0,2025-06-29T05:17:43Z,2025-06-29T05:17:43Z
Ugzw9SUe8XVCP0dtRuR4AaABAg,@BrandiBooker-d5i7w,Bobby brow.,0,0,2026-07-14T09:54:20Z,2026-07-14T09:54:20Z
UgwEaHGj4Ggqh04mseh4AaABAg,@nishimurasfever,the missing lyrics lol,1,0,2026-05-17T14:06:20Z,2026-05-17T14:06:20Z
UgwtVxXSlzUZreHSqw94AaABAg,@RemyFowlkes-g1r,😮,0,0,2025-06-12T13:57:56Z,2025-06-12T13:57:56Z
UgzhdV1KDQe-0foEYn14AaABAg,@asif2mohsin2002,He got his ass cook,0,0,2026-02-13T20:22:07Z,2026-02-13T20:22:07Z
UgzXR7uZkDP3BRk7Npt4AaABAg,@harleycoursey1595,This song sound so good like pizza😂😂👍🤣😬,0,0,2025-12-19T22:09:49Z,2025-12-19T22:09:49Z
Ugw5g9jGLcSUo16NjBd4AaABAg,@COOlkidd-Hacker-scripter-sacke,"91% swears
9% good words
( I’m 11)",0,0,2026-05-14T23:17:59Z,2026-05-14T23:17:59Z
Ugx8SylEMH-sgwt1So54AaABAg,@EJStacyEJStacy-n4m,Lielani my phone ❤😂🎉😅😊,0,0,2025-11-13T21:01:28Z,2025-11-13T21:01:28Z
UgwlESjSL7FulzYxZs94AaABAg,@p-ricethechannel7594,1:04,0,0,2026-06-02T01:46:49Z,2026-06-02T01:46:49Z
UgzziuHOsNJeKzQJAZZ4AaABAg,@ErnestoCifuentes275,Anyone 2026❤❤,0,0,2026-02-02T20:19:18Z,2026-02-02T20:19:18Z
UgwuSZPiIcwGZsbqrQV4AaABAg,@GREENWOOD-x1u,Drake got wacked,1,0,2026-03-09T03:27:42Z,2026-03-09T03:27:42Z
Ugy9DT6FSWHnjNNlIOB4AaABAg,@AliceCHAMBERS-c3u,Mat is my best brother,1,0,2025-06-19T17:56:54Z,2025-06-19T17:56:54Z
Ugz0D0uaT3WYCQ5f6SV4AaABAg,@stanyourbiggestfan6372,Fire away fire away keeps. Me alive i get bullied so sia is my savior,0,0,2026-01-24T13:21:42Z,2026-01-24T13:21:42Z
UgxC4IZqecoDiMY04Lx4AaABAg,@Theboardwe,I used half of these lines in a roast battle (I won),0,0,2026-03-02T08:15:50Z,2026-03-02T08:15:50Z
UgxjsfEaZ2eZsuKAekR4AaABAg,@SabrinSasa-y5b,Ppl who here 2026😂👇,1,0,2026-02-28T02:48:48Z,2026-02-28T02:48:48Z
Ugzt5VhezkloqW7MDDh4AaABAg,@danielwachira-f3b,🤫,0,0,2025-08-01T14:14:56Z,2025-08-01T14:14:56Z
UgwTEce5vv2AHtVkBTN4AaABAg,@nooralzubi-kf8zi,3:32,1,0,2025-08-21T08:25:20Z,2025-08-21T08:25:20Z
Ugy6WFduXB0lGUU_TRJ4AaABAg,@HasinaLucky,"Bro rlly looked at drake and said ""bet."" and then 5-0 him",0,0,2026-01-10T17:57:43Z,2026-01-10T17:57:43Z
UgxdcdEuGW4rJuSDj8x4AaABAg,@Plasty_Studios,Why dows it have 67 m,0,0,2026-03-03T05:22:03Z,2026-03-03T05:22:03Z
Ugx16WqJdywjjUAkN_l4AaABAg,@7omari-g9t,😮😮😮😮,0,0,2026-03-14T15:21:25Z,2026-03-14T15:21:25Z
UgzDNOtTjEimlS6HTiR4AaABAg,@abby-n4k1w,drake is scared to go to the public after this lol,0,0,2025-06-24T21:25:15Z,2025-06-24T21:25:15Z
UgwvryzWk0VCz4RHV5Z4AaABAg,@taimmawed5251,Kendrick is just better then drake.😊😊,1,0,2025-11-23T19:32:53Z,2025-11-23T19:32:53Z
UgwBNDaQfeAEPsu3VFF4AaABAg,@6485-k5n,Hot boy song,0,0,2025-11-20T19:49:43Z,2025-11-20T19:49:43Z
Ugxl5H7zO_DgkpdrvaF4AaABAg,@viridianaaguirre4581,What happens if Eminem disses Kendrick Lamar and they get into a fight 🫯🫯🫯,0,0,2026-09-16T02:35:28Z,2026-09-16T02:35:28Z
Ugwes9V4vR9bFKDMMeF4AaABAg,@SkoalBan8,Jom😉,1,0,2026-05-17T09:12:36Z,2026-05-17T09:12:36Z
Ugw3mQ_jfDqpl_VhPTl4AaABAg,@JaydenSteele-z4l,4:05  o v ho,1,0,2026-03-23T23:43:20Z,2026-03-23T23:43:39Z
UgyuIEPJ2agYEy_vTDV4AaABAg,@BharatBharat-xf5mm,"You r not a colleague,you r a colonizer😂",1,0,2026-05-13T06:44:19Z,2026-05-13T06:44:19Z
UgwArY5ZxGKead1nVoV4AaABAg,@StevenLondon-s3s,w song,0,0,2026-03-25T03:45:48Z,2026-03-25T03:45:48Z
UgwlyPO0cZywuyQ4dhp4AaABAg,@SerenityMorris-b6k,Bro why are they making this about drake what did he do 2:44,0,0,2025-07-15T18:22:21Z,2025-07-15T18:22:21Z
Ugxt0IJWcS4s__2KMVp4AaABAg,@stephanieoyola9220,Wiggle Wobblies,0,0,2025-07-23T11:34:43Z,2025-07-23T11:34:43Z
Ugwu7rzGRnYQXxgwV8l4AaABAg,@aralynngomez937,(psst) i see dead people🔥🔥🔥,0,0,2026-05-05T14:20:38Z,2026-05-05T14:20:38Z
Ugy31Q2DXtXGRbkBLlx4AaABAg,@TracieHernandez-Cortes-y9c,Drka laugh drake give him a light bright,0,0,2025-07-12T22:41:15Z,2025-07-12T22:41:15Z
UgyZ_OQOuNmNw98CWyV4AaABAg,@ummeSomeya,Who's here after listening to drake new album?? 😂,1,0,2026-05-18T13:54:56Z,2026-05-18T13:54:56Z
UgzfVR8VwvK4xe6NTrx4AaABAg,@Bellasmom253,Meeeee,0,0,2025-07-09T17:59:24Z,2025-07-09T17:59:24Z
UgxJpzL8Ekq32VZ1lkJ4AaABAg,@elisabethtulia8474,he said the bad words 40 times 😲😲😲😯😯😯😯,0,0,2025-06-22T18:03:27Z,2025-06-22T18:03:27Z
UgzxC2kpduTqg8MA6c54AaABAg,@mj-7444,I think I have enough,0,1,2025-07-30T22:12:09Z,2025-07-30T22:12:09Z
UgyaaFlGzYtCNBMusbF4AaABAg,@kinsermuth114,Is probably a minnerrrrrrrrrrrrrr 1:22,0,0,2026-01-04T19:37:51Z,2026-01-04T19:37:51Z
UgyqQkZlFjEXtNUUjOx4AaABAg,@jackmeoutfox3675,https://youtu.be/3wkNLqetX0M?si=gVIex9epM-63noKZ,0,0,2026-03-22T09:52:23Z,2026-03-22T09:52:23Z
UgyJQME0M3RZ5XBPVBJ4AaABAg,@rsdp101,Wth is this voice☠️,1,0,2025-10-19T02:44:28Z,2025-10-19T02:44:28Z
UgwI94bKKRBbQRdubJJ4AaABAg,@LianareignAbres,"[PAGPAPALALIM NG USAPAN]
‎Host 1 (Gwenvel):
‎Ma’am Crizel, may pag-asa po bang makabangon at makapagsimula muli ang mga taong naapektuhan ng ganitong sitwasyon?
‎
‎Interviewee 1 (Ma’am Crizel):
‎Opo, napakalaki po ng pag-asa kung may suporta mula sa lipunan, tamang programa, at paniniwala sa kanilang kakayahang magbago. Ang mahalaga ay bigyan sila ng pagkakataon.
‎
‎Host 2 (Dashielle):
‎Napakahalaga po pala ng papel ng bawat isa sa atin.
‎
‎[MENSAHE AT ARAL]
‎Host 1 (Gwenvel):
‎Sa ating naging talakayan, malinaw na ang prostitusyon ay isang komplikadong isyung panlipunan na-
‎",0,0,2026-02-20T02:49:21Z,2026-02-20T02:49:21Z
UgwDwVn3Rlck8ZebVp14AaABAg,@RandomBitterMan,Drake been quiet lately,0,0,2026-01-17T18:59:25Z,2026-01-17T18:59:25Z
UgxFV7BNJNmpGTudAOp4AaABAg,@coeurdelion31,Good song or rap,0,1,2026-02-06T16:50:54Z,2026-02-06T16:50:54Z
UgwhMK59XyGasG8QVOJ4AaABAg,@TsulemongChirr,Anyone 28 september 🤝,0,0,2025-09-28T07:18:45Z,2025-09-28T07:18:45Z
UgylI5QUuVXHLItVFrR4AaABAg,@Jason3d24kkk,https://youtu.be/U2PZWNlV_e4?si=IZYuTTViHjV_W55I,0,0,2026-04-12T11:11:20Z,2026-04-12T11:11:20Z
UgwYwFj4Gd-w329C7nx4AaABAg,@Sariadunn,I sing every word except for t he bad words lol,0,0,2025-11-03T19:09:49Z,2025-11-03T19:09:49Z
UgzZzBE55x9SDC4NOft4AaABAg,@KimoTaylor-c5d,So good like better than all rapers😅😅😅😅😅😅😅😅😅😅😅😅😅😅😅❤❤❤❤❤❤❤,0,1,2025-06-13T23:58:21Z,2025-06-13T23:58:21Z
Ugx7L2bzyo5K9WayP-N4AaABAg,@herbertbarbosa9833,"Kendrick, your song is better than Freddy matters you’re not like us is better😂😂😂😂😂😂😂😂",1,0,2025-06-18T20:53:05Z,2025-06-18T20:53:05Z
UgyPATcfxXJl7lquP314AaABAg,@MinThuta-i5g,67m views,0,0,2026-03-27T14:17:34Z,2026-03-27T14:17:34Z
UgwYAlcZI2jCd-B_Ned4AaABAg,@OnyxWing444,Re-listening to this song… I get why drake waved the white flag. 😂😂 Kendrick Violated Drake.,1,0,2025-12-18T18:49:59Z,2025-12-18T18:49:59Z
Ugwo9GQQt5nuMVO8ZQF4AaABAg,@TraceyPalmer-d5q8j,😂😁😅🤣😭,0,0,2025-10-31T07:42:47Z,2025-10-31T07:42:47Z
Ugy6T37y1aeVtZ3caeR4AaABAg,@timtim-h6s1s,dawg the damn video got 90% of the lyrics wrong,0,0,2026-01-15T04:37:58Z,2026-01-15T04:37:58Z
Ugz7ppMcvn1f-qpwFVh4AaABAg,@SilviaRicciarelli,who is stil there in febraury 2026 ???,0,0,2026-02-14T07:34:07Z,2026-02-14T07:34:07Z
UgzfAK6JuEF64GeS4G14AaABAg,@D1MSTAR1,"I can’t remember the lyrics, kendrick is goat",0,0,2026-04-05T00:26:42Z,2026-04-05T00:26:42Z
UgyM5t4eFP253cl8ok54AaABAg,@СаулеСултанова-л6в,0:02 Быстро Пошёл 117 Семенюк Карина Андреевна,0,0,2025-12-26T07:36:31Z,2025-12-26T07:36:31Z
Ugw-Q07tcbCn2IRYldl4AaABAg,@Johnnydidit,"God is always watching.So why would Kendrick say "" if"" God watching. And why would you hide a bible. I hope he doesn't sell out again",1,0,2025-10-23T13:30:16Z,2025-10-23T13:30:16Z
UgwQlh9GPyPEvusP_6Z4AaABAg,@StoneColdGem,So Drake like em young lyrically hit Drake's Soul 😂😂😂,0,0,2025-06-14T16:27:04Z,2025-06-14T16:27:04Z
UgyRLeVsJEiT2XSrPE94AaABAg,@Raahziel-i3r8k,😮😮😮😮😮😮😮❤❤❤🎉🎉🎉,0,0,2026-09-12T14:56:46Z,2026-09-12T14:56:46Z
Ugx0DHwzldj3yeXYvOd4AaABAg,@Karas-Chris,😈😈😈😈😈😈😈,0,0,2026-04-18T16:36:21Z,2026-04-18T16:36:21Z
UgzVghireKJAc-U8k9d4AaABAg,@julieparker6121,He could be,0,0,2026-06-15T14:47:38Z,2026-06-15T14:47:38Z
UgzsRvFx1ue7k-qth1F4AaABAg,@WinterGTplays,You just commented,0,0,2025-07-06T16:23:01Z,2025-07-06T16:23:01Z
Ugw8v53gIS35-oiUqzV4AaABAg,@simplyysakura,Hey little one how is it feeling this week so I was thinking 🤔 uuuuutttuyyyye hr fuck This was a good idea and a,0,0,2026-02-23T03:03:35Z,2026-02-23T03:03:35Z
UgwHkUmK8e4g30_R55x4AaABAg,@playnogames1370,PlayNoGames 🎉🎉🎉🎉,1,0,2025-06-20T05:57:53Z,2025-06-20T05:57:53Z
UgxwL_796j3g40CGfAx4AaABAg,@Froggy.66-d9y,What did Drake do,1,0,2025-06-21T02:47:11Z,2025-06-21T02:47:11Z
UgwDyhO3CT21OrMsr8p4AaABAg,@Humanityxdevelopment,What is this😂😂😂😂,1,0,2025-07-27T15:42:30Z,2025-07-27T15:42:30Z
UgxEjZJ3KlZ8R36NyqR4AaABAg,@LILXCHANNEL,2:11 aaaahahahahah,0,0,2025-12-09T20:01:11Z,2025-12-09T20:01:11Z
UgwTeR9pdDblfgfdyzB4AaABAg,@JESSEDAVIS-p6t,I once requested this song being played my port. Sixty nine dodge is an old ass man by now. Shore I can get sights on him yet who gives a dam. Hey everyone Hi found a 68 dodge..,0,0,2026-02-28T10:56:20Z,2026-02-28T10:56:20Z
UgyrUIWUxSLz7UMYLmF4AaABAg,@Austin-j3i,Seeing this dude try to type the lyrics makes me wanna be dead,0,0,2025-08-30T14:48:11Z,2025-08-30T14:48:11Z
UgzDv_Bm-r2_7X-HzEJ4AaABAg,@nataliaparris6138,🚑,0,0,2025-11-06T21:41:52Z,2025-11-06T21:41:52Z
UgwCxX_5BByFjiRpvih4AaABAg,@l0c4lh05t5,JiDion fav song😭😭,0,0,2026-03-01T10:47:33Z,2026-03-01T10:47:33Z
Ugw4YGwHgfghbr4ZqW14AaABAg,@dianaowen2141,My dad's them song,0,0,2025-07-30T12:01:19Z,2025-07-30T12:01:19Z
UgxPfasIro_aJC_eRIt4AaABAg,@Katyusha_fried_chicken,Pssst.. i see dead people 🎵🎵🎵🎵,0,0,2026-06-08T12:38:37Z,2026-06-08T12:38:37Z
Ugyg6gBaauuW1vZSLbV4AaABAg,@ClementKana-s9e,😂😮❤❤❤❤,0,0,2025-08-10T10:59:37Z,2025-08-10T10:59:37Z
UgxBxIYv2LxYFnNUuox4AaABAg,@dorthybellegarde8387,Who is a kendrick lamar fan👇,2,2,2025-07-24T02:34:29Z,2025-07-24T02:34:29Z
UgzBqcgfDBu40wKQ6KZ4AaABAg,@CharlesWrice-qw6yg,😮😮😮😮😮😮,0,0,2026-07-18T21:41:26Z,2026-07-18T21:41:26Z
UgyznTvL_uzQoT3yp154AaABAg,@sh0tzbycrim,Stay tuned for more of what's coming & I think I'm winning this slogan from 2020,0,0,2026-09-01T23:56:09Z,2026-09-01T23:56:09Z
Ugw-3w7YMsYeIGD3J2N4AaABAg,@desmondscarboro-f3s2o,see this is y my dad is dead,0,0,2025-07-03T17:00:19Z,2025-07-03T17:00:19Z
Ugwxn1LZlp2xuaIqqoR4AaABAg,@LeviM0814,Why didn’t he breathe?,0,0,2025-06-25T17:06:46Z,2025-06-25T17:06:46Z
UgzsJ15sCUhj4P2dHQx4AaABAg,@kayleighpurkiss4552,He's trying to say Drake killed xx,0,0,2026-08-03T14:00:33Z,2026-08-03T14:00:33Z
UgxXT9PtaC7JGYnKutx4AaABAg,@DariaPniewska,I don't put my hand in Court on Bible if I don't believe it in those shit 😂😂😂,0,0,2026-03-13T14:21:21Z,2026-03-13T14:21:21Z
UgyNz97NqC_4XzdVvG54AaABAg,@aHandsumChikenAbuelita8,"Lifestyle of the Rich and baked cakes.  

#Pastels",0,0,2026-03-04T21:36:53Z,2026-03-04T21:36:53Z
Ugy5ONLCY4MviB8dqL94AaABAg,@suzannahwiedeck9638,Drake is getting Dias af,1,0,2025-07-09T09:29:23Z,2025-07-09T09:29:23Z
UgwoscVx1iyQlqLDnfN4AaABAg,@augusturio4292,Well its tag ultra ssj3 goku and ss2 vegeta and blue melee super spirit bomb mechanic,0,0,2026-07-07T17:55:59Z,2026-07-07T17:55:59Z
UgwXf2hSrYRjFLZz72N4AaABAg,@Apro_rl,I mean it’s too many options,0,0,2025-07-03T14:10:29Z,2025-07-03T14:10:29Z
Ugz5UkL-dGm36BQoZVp4AaABAg,@bunnybeanz,This song literally describe Roblox right now,0,1,2025-08-14T14:18:05Z,2025-08-14T14:18:05Z
UgxQlelMWngEGokJAk14AaABAg,@NoahAngyal,😂,1,0,2025-10-21T19:34:51Z,2025-10-21T19:34:51Z
Ugwd8iawxtAp1mX-swp4AaABAg,@Bidisha-q1u,My brother sings it😂,0,0,2025-06-13T23:36:02Z,2025-06-13T23:36:02Z
UgzN0ajQ3PQTcLINGZt4AaABAg,@benpierce6030,Funny everyone misses how he says pedophiles are all over the music industry and all everyone hears is drake being dissed. Lmfao,0,0,2026-03-06T01:17:39Z,2026-03-06T01:17:39Z
UgzVrKxxEl9_fzxXUqF4AaABAg,@Spacebros01,2:53,1,0,2026-04-27T17:26:22Z,2026-04-27T17:26:22Z
UgwcdfnnKk1rV6gxNs54AaABAg,@RianSnowden,Let’s be real ain’t no one listening to this if he wasn’t dissing drake!,0,0,2026-04-15T02:31:48Z,2026-04-15T02:31:48Z
Ugzd1shvks6F0HJPx414AaABAg,@JuliannaMark-j8r,"Those in 2025
👇",2,1,2025-08-16T14:40:07Z,2025-08-16T14:40:07Z
Ugyp7obwmf5iv9vktOt4AaABAg,@jensfrederiksen1680,Sup guys,0,0,2026-02-17T11:52:33Z,2026-02-17T11:52:33Z
UgwHES-unpn1nVUx5Xp4AaABAg,@OmegaChase1002,bro you keep getting the lyrics wrong,1,0,2025-07-24T23:58:16Z,2025-07-24T23:58:16Z
UgwPHCsonpU902muarN4AaABAg,@Chelsea-88,This song should have been for Diddy,0,0,2025-07-02T20:07:38Z,2025-07-02T20:07:38Z
UgxdqQMVVqfrZDzy05B4AaABAg,@KennethWashington-g5g,Welcome mat  and everything else say jomebody,0,0,2025-09-03T08:42:58Z,2025-09-03T08:42:58Z
UgwCnFUBpocuZJHJtdJ4AaABAg,@SkoalBan8,😏,1,0,2026-04-21T10:50:18Z,2026-04-21T10:50:18Z
UgxNA7LfWecQJVvmMzZ4AaABAg,@AliyuUpmadrid,"Interactive CTAs (comments, polls) boost engagement rates",0,0,2025-10-01T15:49:46Z,2025-10-01T15:49:46Z
UgzNeJhC-npSkMO4rLl4AaABAg,@SkoalBan8,😏,1,0,2026-05-07T23:17:15Z,2026-05-07T23:17:15Z
Ugzvn3Qs4-gwaFimsRd4AaABAg,@CArcherOwl,"Bro really opened 3 Domain Expansions and popped 4 Black Flashes 

I think Drake’s dead bro",0,0,2026-04-15T02:16:35Z,2026-04-15T02:16:35Z
UgxBrXN-oq3PUwKYYL14AaABAg,@KarlaReyes-tq7pb,Bro has a lot of beef with drake,0,0,2026-06-05T02:19:14Z,2026-06-05T02:19:14Z
UgwamgEMSQZWzdCLltN4AaABAg,@Apro_rl,Certified boogeyman I am the one that up the score in him,0,0,2025-07-03T14:13:29Z,2025-07-03T14:13:29Z
UgwEYF7YEW8qtZdjX2Z4AaABAg,@FloTec202,😋,0,0,2026-02-02T18:01:23Z,2026-02-02T18:01:23Z
Ugx8Vvz_G6jZSMLMyqZ4AaABAg,@TRACTS4JESUS,JESUS SAVES MARK 9-48 where their worm dieth and the fire is not quenched look up bbn,1,0,2026-01-27T17:23:09Z,2026-01-27T17:23:09Z
Ugx7laFN-zLlpeggytB4AaABAg,@josephinemondero766,Anyone here july 2026,0,0,2026-07-18T01:56:39Z,2026-07-18T01:56:39Z
UgwCYR8G0NpXaAck2AJ4AaABAg,@ChaseWalker-n9d,So fast 2:17,0,0,2026-04-17T23:59:39Z,2026-04-17T23:59:39Z
UgyqPdOunqgJWk-n8uZ4AaABAg,@angelbarraza170,Angel diss ~to Raul,0,0,2026-05-07T18:15:11Z,2026-05-07T18:15:11Z
Ugws6BL-VyzkB2s3-dd4AaABAg,@chasitypurcell9616,"This is 2 Kendrick Lamar. The game has wrote a song about Candace Owen. I think you could do way much better job especially considering you’re like her and you do not like the PDF files in the world come on Kendrick. I know you got it in you, I know you can do the best For her in the world. Let’s go!!!!!!!",0,0,2025-12-07T22:03:53Z,2025-12-07T22:03:53Z
UgxWYv0fSLOHNf2HRPB4AaABAg,@DontTakeThisSeriously616,Get a single lyric correct challenge,1,0,2025-08-01T03:34:12Z,2025-08-01T03:34:12Z
UgzPXKyHhPvsb-dCQY54AaABAg,@Ebony2485,He can go doing diss-tracks abt drake for hours but Wong give us a song for 5 year,0,0,2026-01-03T12:19:56Z,2026-01-03T12:19:56Z
UgzoG8esaa8gDW_87rx4AaABAg,@LylahSchutz-r2s,2025 anyone,0,0,2025-06-28T02:24:14Z,2025-06-28T02:24:14Z
UgxgDeDoZZvHZ9vYvcZ4AaABAg,@stephen0025,2026 anyone?,0,0,2026-09-12T05:59:32Z,2026-09-12T05:59:32Z
UgxFmdQxoVi9VMg04jJ4AaABAg,@hotvtstakjer,0:30,1,0,2025-12-07T08:18:43Z,2025-12-07T08:18:43Z
Ugyt8kfZUdAHAlBGBVx4AaABAg,@MaysHomesteadGarden,I like beat………..,0,0,2026-05-10T23:11:42Z,2026-05-10T23:11:42Z
UgweA4p8wqGQPDOiZGZ4AaABAg,@LOL-b9d2o,🎉🎉🎉🎉🎉🎉🎉🎉🎉🎉🎉🎉🎉🎉🎉🎉,0,0,2026-01-21T22:32:01Z,2026-01-21T22:32:01Z
UgylpAbx6sM8mHomOyd4AaABAg,@diyareehamajan6522,HE SAID 2009!!,0,1,2026-02-28T20:27:10Z,2026-02-28T20:27:10Z
UgwNbTU7eKDVcaHh5L54AaABAg,@Andikarapici-cs1gt,This song made drake so mad 😠😡😤😣,0,0,2025-12-11T21:58:16Z,2025-12-11T21:58:16Z
Ugxj2SH-YVves7qgkdd4AaABAg,@MomGriffin1,Get the words right on the lyric videos please.,1,0,2026-04-21T06:29:36Z,2026-04-21T06:29:36Z
Ugw1woTN661mV5_DhLd4AaABAg,@MaMo5172,This must be Rose's,0,0,2026-08-07T00:39:58Z,2026-08-07T00:39:58Z
Ugw4tECFLEBlDohh79V4AaABAg,@IansGarden-i1r,Ay no espíck igles,0,0,2025-06-12T03:18:44Z,2025-06-12T03:18:44Z
UgyzCfyIXYqyhOTZwD14AaABAg,@BethMcShane-w9y,👍👍👍👍🥇🥇🥇🥇🥇🥇🥇🥇🥇🥇🥇🥇🥇🏆🏆🏆🏆🏆🏆🏆,1,0,2026-04-14T07:42:23Z,2026-04-14T07:42:23Z
UgxTDg9vyMz9CQfC3K94AaABAg,@Atlas-do1pm,Anyone from 2025?,1,1,2025-08-01T23:36:08Z,2025-08-01T23:36:08Z
UgwS_YBcn71SYFyepih4AaABAg,@catec1721,Still here for the drake diss🤣,0,0,2025-12-30T20:33:02Z,2025-12-30T20:33:02Z
UgxGSS5z8BI5isv0bxl4AaABAg,@SBailey-c1r,Anyone September 2025,0,0,2025-09-29T01:35:55Z,2025-09-29T01:35:55Z
UgzyK0zV6MZB9tD3bWl4AaABAg,@Ashton953shorts,wop wop wop wop 2:57,4,0,2025-07-13T01:04:01Z,2025-07-13T01:04:01Z
UgyXErg_ilDvRJl5fyV4AaABAg,@abdultechnology-19,ANY ONE 2026,0,0,2026-06-16T16:51:32Z,2026-06-16T16:51:32Z
UgybIMsJhCgIH6Um6vt4AaABAg,@Admin_mohaz,26/3/2026,0,0,2026-03-26T17:04:00Z,2026-03-26T17:04:00Z
UgwQrPMrMqI0KdeIahB4AaABAg,@bencallan9008,Not to be mean. But why do I hear Kevin hart singing 😂😂,0,0,2026-03-14T13:32:20Z,2026-03-14T13:32:20Z
Ugws-PFHFXasQo1fr-B4AaABAg,@Destinyst4rs,What beef drake got with Kendrick,0,0,2026-02-02T00:06:40Z,2026-02-02T00:06:40Z
UgydD8tPHHaDXaKTnjl4AaABAg,@MdJuwel-v3i,Fcbh khubchand❤,0,0,2026-01-14T09:39:34Z,2026-01-14T09:39:34Z
UgyxIaDIjxvm-8ACuWJ4AaABAg,@englishteacher7379,dawm,0,0,2025-07-28T13:41:27Z,2025-07-28T13:41:27Z
Ugwl_0-HVy5vvSNJL354AaABAg,@Genesis20126,I’m sorry but drake can’t beat this song,2,0,2025-07-19T23:06:36Z,2025-07-19T23:06:36Z
Ugxfww-L5FxvGqtKzkF4AaABAg,@NeelThute,psst i see dead people from 6th sense,0,0,2025-06-12T12:25:16Z,2025-06-12T12:25:16Z
UgwV0LFXsrq1DCik05N4AaABAg,@albozz22,Who come after Argentina rigeed egypt,0,1,2026-07-07T23:01:17Z,2026-07-07T23:01:17Z
Ugylo6nQS_T_aPtBe9Z4AaABAg,@Plasty_Studios,Vuse,0,0,2026-03-03T05:22:14Z,2026-03-03T05:22:14Z
UgxCu6rzZsmgMwrK3w54AaABAg,@Jason3d24kkk,Kings like us Jroc 3d,0,0,2026-04-12T11:12:21Z,2026-04-12T11:12:21Z
UgzjEbQAiuYyS-aPAu14AaABAg,@Milogamer-i7s,Why drake,0,0,2025-09-27T23:09:44Z,2025-09-27T23:09:44Z
Ugwyd4EhCTEGJ_-TxSZ4AaABAg,@imin_loveblaire,uhm,1,0,2025-07-09T12:01:30Z,2025-07-09T12:01:30Z
UgyY4Fvil70O4xHlu3l4AaABAg,@chelseasmith6440,😮😮😮😮😮😮😮😮😮😮😮😮,0,0,2025-09-23T00:00:40Z,2025-09-23T00:00:40Z
UgwN1waeZKc8nmUqJv14AaABAg,@AkramKhan-qf3bg,India 🇮🇳🇮🇳🇮🇳🇮🇳🇮🇳,0,0,2025-11-10T14:53:30Z,2025-11-10T14:53:30Z
UgyJR0GYGMsBdHhijF14AaABAg,@babybooy5512,faya,0,0,2026-02-24T01:58:00Z,2026-02-24T01:58:00Z
UgwCdIxDtyucaTZMcR14AaABAg,@keybladewielder9425,Some parts are wrong,0,0,2026-06-11T14:50:53Z,2026-06-11T14:50:53Z
UgwT0WusX9AtFei7GrJ4AaABAg,@osamaomar5088,Drake is cooked☠️💀☠️💀☠️💀☠️💀☠️💀☠️💀☠️💀☠️💀,0,0,2025-07-20T20:20:02Z,2025-07-20T20:20:02Z
Ugz9T9bjyuKFThJzaNx4AaABAg,@lightyagami5083,They not like duch🎉,0,0,2026-01-25T17:42:03Z,2026-01-25T17:42:03Z
Ugya6L7PCiGYHeuu7vZ4AaABAg,@Thatmeee11,Shit still sound like a kids bop. All you ken bots have minors on your minds,1,0,2026-05-04T13:41:09Z,2026-05-04T13:41:09Z
UgwAZzphFpz5_HxAbwh4AaABAg,@paulgardley8645,Yea don't fuck with kendrick,1,0,2025-08-30T03:57:17Z,2025-08-30T03:57:17Z
UgygWZ7MPhkBQeVrmh14AaABAg,@DeeqaAbdi-x1b,Where is my money u talking about me n making it seem like u r talking about drake,0,0,2025-11-06T12:02:09Z,2025-11-06T12:02:09Z
Ugw-KhHAHYrkZERIEQp4AaABAg,@ChristinaMetzger-h9b,2:34,0,0,2025-08-01T13:08:03Z,2025-08-01T13:08:03Z
UgzVtCgtpE-t2eQI2TV4AaABAg,@DaBomb970,so many wrong lyrics,1,0,2025-10-23T07:38:25Z,2025-10-23T07:38:25Z
Ugxjha-aTSUXNpdKtgh4AaABAg,@akatsukiawsome13,"Bro talking about moloch and shit he knowssss
We're not stupid fr",0,0,2026-02-28T19:42:51Z,2026-02-28T19:42:51Z
UgyrNrCQPYgRFSxVgE54AaABAg,@lennoxqnlee,1:14,0,0,2025-06-09T17:44:32Z,2025-06-09T17:44:32Z
UgzwlG3rPCWWGYz22HZ4AaABAg,@Charaplaysroblox1,Its stab this way and stuff btw just correcting tour mistake😊,0,0,2026-06-22T20:21:45Z,2026-06-22T20:21:45Z
Ugwakc1-ymjoQ_u_5PV4AaABAg,@Science.llover,1:18,0,0,2026-03-04T22:05:02Z,2026-03-04T22:05:02Z
UgwO-RlYTGFwtLv1msR4AaABAg,@Iamsafe123,Was he having opposition at the Superbowl because he was standing up for kids?,0,0,2025-11-20T00:28:57Z,2025-11-20T00:28:57Z
UgyvDIPjtmDubktkzCp4AaABAg,@kinsermuth114,12345+5 3:02 ???.??,1,0,2026-01-04T19:39:28Z,2026-01-04T19:39:28Z
Ugxy1Q429ET37en9Ll94AaABAg,@RamillaPushpa03,Hiroshimannagasaki japan,0,0,2026-04-22T12:37:46Z,2026-04-22T12:37:46Z
Ugy6yydmFmRPGmlwEWl4AaABAg,@Kreshanitsmeboiii7289,69 god is a violation,0,0,2026-02-04T07:12:57Z,2026-02-04T07:12:57Z
Ugz8VDwAB2HNldOa_lV4AaABAg,@RZOXATTACK,1:06,0,0,2026-07-29T09:05:46Z,2026-07-29T09:06:19Z
Ugyo06tVUGNEjXlBzCp4AaABAg,@AdamAliSoud-tq9jn,1:12,0,0,2026-06-22T10:14:30Z,2026-06-22T10:14:49Z
UgwhwaJBlzk4nKRRJsZ4AaABAg,@lorrainejuniel7380,"Tupac, I love your music. She’s your husband.",0,0,2025-07-07T23:52:55Z,2025-07-07T23:52:55Z
UgztlzwI2mkGkVnk7fJ4AaABAg,@indigoearthangel888,🏆💫🪶🏹🔥🔥🔥,1,0,2026-05-12T00:34:07Z,2026-05-12T00:34:07Z
Ugw7vugOFAVV3szX0q54AaABAg,@PeterLaka-o3p,Not to fast,0,0,2025-09-24T12:07:46Z,2025-09-24T12:07:46Z
UgxvD-OMjYXJIozQQB14AaABAg,@michaeleire6951,Hes stricking up a chord and its probably  A minor .  A minor as in child. Lyrical gymnastics,0,0,2026-07-13T06:09:22Z,2026-07-13T06:09:22Z
Ugzlsu7CK70-trJbmq94AaABAg,@Ben-k4y3o,😂😊,0,0,2025-12-02T17:49:49Z,2025-12-02T17:49:49Z
Ugza7RYvbhfTv8K7aQt4AaABAg,@DeeqaAbdi-x1b,I’m not showing u dajjals is a liar u already know,0,0,2025-12-31T14:02:33Z,2025-12-31T14:02:33Z
UgzcyqxHxg01ygQnMHB4AaABAg,@NochanceGe,Yeah she got rid of the ones she doesn’t like and kept Kendrick at the top because she loves him and what does she know about nothing? So what the **** would she know she can’t rap,0,0,2026-07-02T12:44:56Z,2026-07-02T12:44:56Z
UgwOzGnWjpJSR8_zOQZ4AaABAg,@yassofied,3:31,0,0,2025-07-23T08:06:49Z,2025-07-23T08:06:49Z
UgzxbsU1WzDuLsD8QFV4AaABAg,@Dannysphotography,this was honestly trash after it stop being viral lol 😂,1,0,2025-10-25T16:48:19Z,2025-10-25T16:48:19Z
Ugy3RHntpnbyOzudOqd4AaABAg,@Melysabeja1980,0:31,0,0,2025-07-07T05:03:08Z,2025-07-07T05:03:08Z
UgzwIaR7LVUJiUyAWul4AaABAg,@JoannaSnyder-ep9bl,Can't believe they think im gonna marry this immigrant so he can stay in our country. Never gonna happen,0,0,2025-07-26T07:10:13Z,2025-07-26T07:10:13Z
Ugzfn_fR0qAEC-Mxjk94AaABAg,@NightLess_RHYS,😄😃😀😁😆,0,0,2025-08-31T10:28:09Z,2025-08-31T10:28:09Z
Ugx8j2MmH8yor6n9f754AaABAg,@ThiagoRamirez94,Psss I see dead people💥💥,0,0,2026-03-21T17:39:05Z,2026-03-21T17:39:05Z
Ugym52ZpkO5HOznzqWJ4AaABAg,@Oliviagreene-ms5yd,0:11,0,0,2026-01-01T12:11:47Z,2026-01-01T12:11:47Z
UgwNge4BEzzrJMp7JCp4AaABAg,@AshleyMaëlle,Anyone 2025 jul,0,1,2025-07-16T11:50:52Z,2025-07-16T11:50:52Z
UgznEWMd-0bQ5UQD32t4AaABAg,@DominicLandini-tu2dh,🎉4,0,0,2026-01-31T20:53:56Z,2026-01-31T20:53:56Z
Ugx5h5C2KZn1LKE6U3x4AaABAg,@TylynnHall,Dis man is talking about drake killing xxxtentacion 😂😂😂,0,0,2025-07-17T00:30:36Z,2025-07-17T00:30:36Z
Ugx1Bu7AuiqyqALvzk54AaABAg,@เตวิชทองมี,y,0,0,2026-03-31T04:10:00Z,2026-03-31T04:10:00Z
UgzYV0o_Rbu8vECgtp94AaABAg,@KenB-z6o,Dems getting trolled lol,0,0,2025-10-29T23:16:14Z,2025-10-29T23:16:22Z
UgzelbD9z-kOS7tVaEt4AaABAg,@NanakwakuAgyemang,Im very srry for drake he is so dissed,0,0,2025-08-12T10:45:06Z,2025-08-12T10:45:06Z
UgwyTfDd_sGLHZ4-y6J4AaABAg,@Luiz-g4c1b,I don't think he likes drake😂😂😂,1,0,2025-10-21T20:12:34Z,2025-10-21T20:12:34Z
UgwRYO4uFfdbQT8bi1R4AaABAg,@rubenescalera3650,This song is just for drake😂😂,0,0,2025-07-20T03:31:16Z,2025-07-20T03:31:16Z
UgxMORQl4slKFsNj3rp4AaABAg,@AyannaWellsHenry,❤❤❤❤❤❤❤❤❤❤ AyannaDamondre Family 😇,0,0,2025-11-20T07:08:33Z,2025-11-20T07:08:33Z
Ugx-jeuILNQhRKraVGl4AaABAg,@SimonPeter-e5y,I see dead people,0,0,2025-11-23T12:06:30Z,2025-11-23T12:06:30Z
UgyuV4nCvM-gC2M_QFF4AaABAg,@AyannaWellsHenry,❤❤❤❤❤❤❤❤❤❤ AyannaDamondre Family 😇,0,0,2025-11-18T08:20:34Z,2025-11-18T08:20:34Z
UgytjaQauoP8bWhDJhl4AaABAg,@srodriquez2006,lol😂,0,0,2025-06-11T17:06:22Z,2025-06-11T17:06:22Z
UgxO3KJVw2RUP0b4W1B4AaABAg,@Oliviagreene-ms5yd,0:10,0,0,2025-12-31T23:36:40Z,2025-12-31T23:36:40Z
UgyzdYFjCv-KaHisP8J4AaABAg,@ShirleyKalayakgosi,"Kendrick kendrick Kendrick 
Listening to this song on the 2025...08....08 
8:39pm 
Battery on 13% estimated
HahA",0,0,2025-08-08T18:40:24Z,2025-08-08T18:40:24Z
UgyVdyoIZARHT2Xh42t4AaABAg,@DeeqaAbdi-x1b,I’m not a 69 god,0,0,2025-11-15T07:47:24Z,2025-11-15T07:47:24Z
UgwECsufVT_9CFf_3_54AaABAg,@EJStacyEJStacy-n4m,This is lielani,0,0,2025-11-13T21:00:52Z,2025-11-13T21:00:52Z
UgyDJeYB-pKUzOYDAvh4AaABAg,@mrgurulittle2111,Connor,0,0,2026-09-06T03:04:17Z,2026-09-06T03:04:17Z
UgzTdrnoFVb9XVHaDdN4AaABAg,@summerfire_98,"I love kendrick but the only thing i dont get is why he's mentioning Tupac so much. When he died Kendrick was like 9, he doesn't really know who Pac really is. Like you don't really know much of anything at 9 years old, and he would've been way too young to be listening to it anyway. I get he's from Compton but like Pac wasn't even originally from LA he was born in New York and raised there for a while, he wasnt even in LA until his adult life",0,1,2025-08-04T00:09:09Z,2025-08-04T00:09:09Z
