comment_id,author,text,like_count,reply_count,published_at,updated_at
Ugz0I9KaksX3tNdsYo14AaABAg,@ihate_5x108,Kendrick got Drake to rap good again and Drake got Kendrick to drop consistently. All this shit is crazy good. Never been so excited for a rap beef ngl,216622,813,2024-05-04T03:18:32Z,2024-05-04T03:18:32Z
UgzKa8EeK1Osvy8oZf54AaABAg,@ramaadan1131,"Kendrick just opened his mouth, someone go hand him a grammy rn😭😭😭😭",13036,168,2025-02-02T22:12:16Z,2025-02-02T22:12:16Z
Ugz-qFXoUSeFxh96Vax4AaABAg,@jameellamar,Cole catching strays on everyone's diss track after apologizing has to be the funniest ongoing running gag since the beef started,169851,775,2024-05-04T03:48:41Z,2024-05-04T03:48:41Z
UgwKWjxdPfhorxXNTOV4AaABAg,@NoLifeShaq,Rip TAY Keith 🙏🏾,2256,19,2026-06-18T22:37:28Z,2026-06-18T22:37:28Z
UgzlStB2eqVa5NRP5Yd4AaABAg,@ejy123,This historic night was exactly *one* year ago. What a night for hip hop..,10183,69,2025-05-03T04:04:47Z,2025-05-03T04:04:47Z
UgxXvQKP5eqx0RRkxzN4AaABAg,@isaacfrancooo,this song still goes so crazy.,1483,15,2026-04-17T15:04:36Z,2026-04-17T15:04:36Z
UgxxKeoS9ZuezgSLGQ94AaABAg,@Exsire,"“Kendrick just opened his mouth”
Subtle Foreshadowing…",13527,165,2025-02-02T22:51:29Z,2025-02-02T22:51:29Z
UgxRq_AOeIlJqpqqDKl4AaABAg,@iamlockhard,"Aging : 10/10
Lyrics : 10/10
Subject Matter : 10/10
Truth : 9/10 
Beat : 10/10
Energy : 10/10
Direct Disses : 10/10
Replay Value : 10/10

🔥🔥🔥🔥🔥",11,0,2026-09-12T02:35:10Z,2026-09-12T02:35:10Z
Ugz8zerRehyGPrq5l2h4AaABAg,@DougBurnsRaps,Cole is that guy who recognizes the party is going to end in gunshots. He left at the right time,18082,199,2024-05-05T15:30:35Z,2024-05-05T15:30:35Z
Ugyeb-0aXnHTqcqBHV94AaABAg,@chloeeig,"""probably gotta have a kid again before you dropping anything again"" not him predicting rocky 😭",3825,41,2025-05-07T21:33:13Z,2025-05-12T22:11:52Z
UgwxLb1pNfVzNhSRMlR4AaABAg,@RealHellThief,"“Kendrick just opened his mouth, someone go hand him a Grammy right now” aged like fine wine 🍷",4260,56,2025-02-03T06:42:09Z,2025-02-03T06:42:09Z
UgxTGGRFmwLLn_CZcBJ4AaABAg,@AhmadAliamoga,Who’s here after two years 🔥,931,17,2026-05-04T00:50:57Z,2026-05-04T00:50:57Z
UgxyA-NiQMiUCrI9_3d4AaABAg,@CoverBrazilian,"If Drake keeps responding to every diss track, we gonna have two full length albums 😂.",36895,266,2024-05-05T01:53:45Z,2024-05-05T01:53:45Z
UgzCMLFPkBBLugiTzn14AaABAg,@Ericing20,"""your back up against the curb"" might be the funniest short bar so far LMFAOOOO",12179,168,2024-05-04T03:58:57Z,2024-05-04T03:58:57Z
Ugym82dfsb-du47nBpx4AaABAg,@chriscarsonmkandawire,"Mom: Stop changing the songs.

Me: It's the same song.",3676,17,2024-05-12T21:01:53Z,2024-05-12T21:01:53Z
Ugxg_ch2DssHRlnpHoV4AaABAg,@KaorukoWaguri-j4r,This song ironically is better than all of the songs dropped in the beef as it's the only one still relevant😭🙏,22,1,2026-09-12T11:24:24Z,2026-09-12T11:24:24Z
UgzbJ95CcYPZssspIoF4AaABAg,@JustUhhlilPrick,Rap beef nowadays got me feeling like I’m back in high school trying to keep up with the daily tea 😂😂,14071,45,2024-05-04T19:18:06Z,2024-05-04T19:18:06Z
Ugx90WcaPmEvbjYyPPF4AaABAg,@viber6248,Here after Kendrick won the Grammy for opening his mouth 😭,9146,87,2025-02-02T22:16:20Z,2025-02-02T22:16:42Z
Ugz0fBdjfJWx2leDLdZ4AaABAg,@Qranky,"""Kendrick just opened his mouth, someone go hand him a Grammy right now"" aged so well",5547,104,2025-02-28T03:12:39Z,2025-02-28T03:12:39Z
Ugx1mgEbhwVLmsly8fR4AaABAg,@Sora-sx9je,people still not even understaning how crazy of a disstrack this was,158,4,2026-07-30T00:17:17Z,2026-07-30T00:17:17Z
UgxexM1sgZLFw63a4vp4AaABAg,@Gumbino,"I don’t even care who wins this beef, keep all these bangers coming",72060,412,2024-05-04T03:32:52Z,2024-05-04T03:32:52Z
UgzMfN6PVAnBjpzYBk14AaABAg,@JesusPerez-pl5cx,Bruh “ he always said I over looked him I was staring straight” is fucking hilarious 😭😭😭,4382,76,2024-05-04T05:28:12Z,2024-05-04T05:28:12Z
Ugx-OTjgF7Bvg1dej7l4AaABAg,@younggjay23,Drake and Kendrick rap about Cole like they fighting for custody of him 😂😂😂😂,7772,67,2024-05-12T14:27:29Z,2024-05-12T14:27:29Z
UgxsO-y1ZtvTxHf592B4AaABAg,@ualreadynowhatitis,"It’s 2026. This song is massively underrated. Not the dissing, but the delivery and tone. The last song where he sounded like himself",21,0,2026-05-16T21:32:12Z,2026-05-16T21:32:12Z
Ugwbbsv-nlLCFG1XwNl4AaABAg,@m3kh123,earliest i’ve ever been to a drake song crazy,11333,126,2024-05-04T03:06:46Z,2024-05-04T03:06:46Z
UgwrscsO-FXUMko-Hb94AaABAg,@88Hurtz,"Drake hasn’t rapped this hard in a minute, what a time to be alive",5883,51,2024-05-06T00:50:51Z,2024-05-06T00:50:51Z
UgyyWDtQOErkbSyUsMF4AaABAg,@dudeytx,"""Rap beef is just men writting angry poems to each other""😭🙏🏿",3435,41,2024-05-04T03:51:39Z,2024-05-04T05:08:48Z
UgzpZ19BuezGl5HuR654AaABAg,@Go4TheHead,"That second beat, the flow, 20v1 - still goes hard !",37,0,2026-06-05T12:04:54Z,2026-06-05T12:04:54Z
Ugwk-b6ZfU6pKtx758F4AaABAg,@JackieZYT,"Rappers gotta start beefing more often, these go so hard 😭",24082,185,2024-05-04T05:27:56Z,2024-05-04T05:27:56Z
UgwNhu75vTVkYrdBVPN4AaABAg,@GamerLists,This beefs going to be feeding generations for years.,15727,78,2024-05-04T14:23:42Z,2024-05-04T14:23:42Z
Ugyad5uz5kY_j_GjNZZ4AaABAg,@devindaid7537,Drake actually rapping and Kendrick being active is what the rap game needed these past few years,9544,67,2024-05-04T04:09:57Z,2024-05-04T04:09:57Z
UgyYE4b-4dr64lR76Bh4AaABAg,@NewMichael2024,This is a great diss. Aging like fine wine 🍷,42,0,2026-09-06T06:47:28Z,2026-09-06T06:47:28Z
Ugyh5Wdbe6xhKMhrtxN4AaABAg,@MrDaddyBuff,The third part of this is hard as fuck.,1258,19,2026-03-06T06:57:54Z,2026-03-06T06:57:54Z
Ugx91wnBsjuDZI-taoZ4AaABAg,@JahTalksMusic,WHAT A TIME TO BE ALIVE 🙌,82054,463,2024-05-04T03:13:11Z,2024-05-04T03:13:11Z
UgzMER8EFoXywIi_6Nd4AaABAg,@Chilakilos,Never thought the rappers of my generation would still be beefing but I’m here for it 😂😂😂,4554,30,2024-05-04T03:15:13Z,2024-05-04T03:15:13Z
UgyKYyyimPhkCwmUkMZ4AaABAg,@ronaldmagagula1651,Drake went hard on this one.,14,0,2026-09-06T14:00:24Z,2026-09-06T14:00:24Z
Ugy3JjXRxaooih67FYN4AaABAg,@mapsinanutshell,"Kendrick, Kanye, and Drake dropping in the same week is insane.",25752,255,2024-05-04T03:09:53Z,2024-05-04T03:09:53Z
UgyDXYTpLC5VQH5LP914AaABAg,@Lucierlago,"""Rick reading my miranda rights"" is insane 🤣",1144,9,2024-05-08T18:53:25Z,2024-05-08T18:53:25Z
Ugw0QdPHQq9VQflapv14AaABAg,@JudeDude409,“Weeknd music getting played in places where the boys got a little more pride”😭😭😭,4850,87,2024-05-04T12:20:33Z,2024-05-04T12:20:33Z
UgxcbgtbwQt89xL5asB4AaABAg,@quar7,Drake disses hit harder after listening to Iceman 😂🔥,228,16,2026-05-29T07:14:37Z,2026-05-29T07:14:58Z
UgwawZOjxnX7aULxuIp4AaABAg,@乂,Drake and Kendrick got us all hooked with this beef 🤣,16813,90,2024-05-06T00:45:12Z,2024-05-06T00:45:28Z
Ugzhgyr5D0iXA8c76Z14AaABAg,@baylorbear10,the beef is never gonna end😭🙏🏽,24428,296,2024-05-04T03:07:01Z,2024-05-04T03:07:01Z
UgxESqgOK9oCVPL1HRV4AaABAg,@MikeColeWorld,This and Meet The Grahams dropping back to back was the wildest night in the history of Rap/ Hip Hop. It’s a moment that i will truly never forget.,2372,69,2025-01-01T18:11:49Z,2025-01-01T18:11:49Z
Ugz2xxmKbTCyhNPxZ9l4AaABAg,@def.not.jay777,2 years later and this song still hard,48,0,2026-05-15T00:35:54Z,2026-05-15T00:35:54Z
UgxYACA2nl9buvC4kmR4AaABAg,@stasiabeez0,"The ""Rick reading my miranda rights"" was hilarious , reminding us Rick Ross used to be a CO 🤣",1405,20,2024-05-04T17:02:52Z,2024-05-04T17:02:52Z
UgxLhDoGbxF_mIReaEd4AaABAg,@maxgoyco,"""Where is yo uncle at, cuz I gotta talk to the man of the house"" is WILD 😭 😭 😭🙏 🙏 🙏",2931,45,2024-05-04T14:09:27Z,2024-06-29T13:26:58Z
UgyMlChHbAyixlsPCg94AaABAg,@FredRTP96,wether you’re kendrick fan or drake fan. You got appreciative that this is what rap has needed in years.,5576,47,2024-05-04T03:32:47Z,2024-05-04T03:32:47Z
Ugyg7TTqhf-vTkAn_HR4AaABAg,@1314anirudh,"Aging like a fine wine, this one",474,9,2026-06-24T08:57:19Z,2026-06-24T08:57:19Z
UgxLo46DtbN6vIqpBqh4AaABAg,@Rstar0718,"""Your back is up against the curb"" line had me rollin 😂🤣",2531,26,2024-05-06T05:07:39Z,2024-05-06T05:07:39Z
UgzIRiouako7HS9lsL54AaABAg,@johnnyblaze2485,I  dont give a fuck what side youre on. This feud got both of them launching nukes. Props to both for going hard on these tracks,2784,38,2024-05-04T07:15:53Z,2024-05-04T07:15:53Z
UgwID2t1uUChcqXqax54AaABAg,@RelicSwoop,"He always said i overlooked him, i was staring straight 😅😂😂",1192,4,2024-05-08T23:27:10Z,2024-05-08T23:27:10Z
UgzShP-FCugITMNTgfh4AaABAg,@JosephStickert-w4q,This shit goes crazy to this day,23,0,2026-06-21T11:10:59Z,2026-06-21T11:10:59Z
UgzitEx66mGhLjZuo4h4AaABAg,@user-un7rk8dk2i,“Body after body and ya know Rick reading my Miranda rights” that bar was sick as hell😭🗣️🔥,1231,20,2024-05-04T05:43:39Z,2024-05-04T05:43:39Z
UgzKy2N3EUjRZNTqMUN4AaABAg,@arisandra,RDC predicting the future like the Simpsons,28564,274,2024-05-04T03:13:32Z,2024-05-04T03:13:32Z
UgxbtH4ggyCz4k6nImV4AaABAg,@EnvelopeWizard,"“Kendrick just opened his mouth, someone go hand him a Grammy right now” bro😂",1275,20,2024-05-06T01:54:28Z,2024-05-06T01:54:28Z
UgzHBiBhkzCyUMTZcmx4AaABAg,@ObsessionRogue215,3rd verse is drake floatin fr 🔥🔥,10,0,2026-09-08T08:16:25Z,2026-09-08T08:16:25Z
Ugzb-Py092rPWWjAHYJ4AaABAg,@s38129,“Rick reading my Miranda rights” tssssss,504,1,2024-05-04T14:41:54Z,2024-05-04T14:41:54Z
Ugy1fnJSUI8zWBDMtCx4AaABAg,@Krispy95,"“Our sons should go play at the park, two light skin kids the shit would be cute” 😂 👌🏼",1576,48,2024-05-04T05:22:59Z,2024-05-04T05:22:59Z
Ugz5LC-q_qCspjFwlXd4AaABAg,@tmub23,"Bro drake and Kendrick are deadass holding the first 5 spots on trending we are witnessing a generational war ladies and gentlemen 😭😭😭

Edit: make that the first 11 spots 🔥",1429,21,2024-05-04T06:03:52Z,2024-05-04T23:01:13Z
Ugy99GD6WDEyV_hVdZR4AaABAg,@TrippleXZero,"'Even when you do drop, they gon’ say you should’ve modeled ’cause it’s mid again..'🤣",12,0,2026-08-29T01:34:54Z,2026-08-29T01:34:54Z
UgwYa5iGbLIt5c-2lbR4AaABAg,@epe9954,J Cole is the smartest human alive for dropping outta this,2006,43,2024-05-04T04:57:56Z,2024-05-04T04:57:56Z
UgyLKSSkQ3ASCWHreXh4AaABAg,@markreyesmusic1401,Can’t believe this night was a month ago,16314,101,2024-06-05T02:51:31Z,2024-06-05T02:51:31Z
Ugw_0sm7UKrSMdnYF6l4AaABAg,@donkeymule2,He got rick ross crawling back after bodying him😂😂,64,0,2026-05-10T15:56:54Z,2026-05-10T15:56:54Z
Ugy50p4yI_ERN58a4Kx4AaABAg,@nicholasduncan5842,This is literally the BEST and most ENTERTAINING rap beef I’ve ever witnessed. These two are giving it their ALL and throwing their jabs at each other BACK-TO-BACK and I love it,3279,39,2024-05-06T02:02:09Z,2024-05-06T04:45:47Z
UgyFNkmV3bMqm7MegLV4AaABAg,@nvxt,"We didn't deserve this beef, rap needed it so much",4649,37,2024-05-04T04:27:13Z,2024-05-04T04:27:13Z
Ugys8CECx_9-GXWrbUN4AaABAg,@Crispemuffin,Manager of the chinese restaurant prolly will never forget this 😭😭😭 chinese manager lore,840,4,2024-05-05T21:20:23Z,2024-05-05T21:20:23Z
Ugz-w4Z8-jYTcQbaHht4AaABAg,@MrTruefacts101,Drake killed it,16,0,2026-09-06T18:04:30Z,2026-09-06T18:04:30Z
UgzJG3wXiITrJZzQSh94AaABAg,@CJwavie,This aged well........Thank you Drake and Kendrick. This is entertaining.,992,13,2025-02-13T11:29:44Z,2025-02-13T11:29:44Z
UgwvErLsRQYCYgDapul4AaABAg,@L14m721,"At this point I’m not even on a side , drake and Kendrick just keep dropping bombs 💀",1840,44,2024-05-04T03:26:01Z,2024-05-04T03:26:01Z
Ugy3K6NNq8Ys6IG45ZN4AaABAg,@zaash_sa,"""When you put your hands on your girl, is it self defense cause she bigger than you""😂Damn",1985,32,2024-05-06T08:39:02Z,2024-05-06T08:39:02Z
UgwNs53k3x68BvLYN3h4AaABAg,@isawdottie,Kenny really got the Grammy too .. 🤣🤣 this track is timeless .,12,0,2026-07-07T21:50:37Z,2026-07-07T21:50:37Z
UgwJUamZxx2PL7pgJXx4AaABAg,@bobbywoemack3334,The sacred maroon caravan from GKMC being crushed was genius for a video on a diss track towards kendrick,229,0,2024-05-04T12:26:31Z,2024-05-04T12:26:31Z
UgyNChhjyXg_VLRc4Od4AaABAg,@bendoverbichiminspleen,“ body after body and you kno Rick reading my Miranda rights”😂😂😂,191,2,2025-02-15T02:51:29Z,2025-02-15T02:51:29Z
UgyD8_rDkZyvmmPOFEp4AaABAg,@rodilife,"“Body after fuckin’ body and you know Rick readin’ my Miranda rights” 😂😂 Drake is in the middle of the ring, swinging at everyone.",1745,56,2024-05-10T20:40:52Z,2024-05-10T20:40:52Z
UgxefhMsbDKtxoTPqut4AaABAg,@sopulujoe8888,"""You diggin' for dirt, should be diggin' for proof""",18,0,2026-05-27T23:53:33Z,2026-05-27T23:53:33Z
UgwmMjoUKZ6FtZjxcVZ4AaABAg,@LifeLessonsPodcasts,"""Kendrick just opened his mouth, someone go hand him a Grammy right now!"" 🤣🤣🤣💀",786,9,2024-05-04T13:41:26Z,2024-05-04T13:41:26Z
UgwFPJFQf8QO56Mo-ap4AaABAg,@enzooo6047,The Weeknd gonna drop a fucking symphony diss against Drake,3167,49,2024-05-04T04:49:14Z,2024-05-04T04:49:14Z
UgzL0btXP401mwzGBN14AaABAg,@Matrix609z,"""I was here during history""Button 🔥🔥🔥",988,12,2024-05-04T07:42:24Z,2024-05-04T07:42:24Z
UgwwefDgTED4nUUI-rZ4AaABAg,@beattheodds6219,Surprised this only has 50m views.,82,3,2026-06-12T21:45:39Z,2026-06-12T21:45:39Z
UgyqaNGFcEc2FHVWAgl4AaABAg,@danield8632,nah ima tell my kids this was the Epic Rap Battles of History😭,871,4,2024-05-04T14:35:42Z,2024-05-04T14:35:42Z
UgxS7b8ff1ZXduTBuP94AaABAg,@kubomusic,Drake and Kendrick letting us eat good.,4142,44,2024-05-04T04:21:24Z,2024-05-04T04:21:24Z
UgwKkj9OAIFKoLwZmwh4AaABAg,@ReddzWM,The third act of this song is killer,224,0,2024-05-06T04:12:47Z,2024-05-06T04:12:47Z
Ugz1eGhcVl9PrF081tJ4AaABAg,@praisegoodfella,we know why you went #1 ITS CLEARLY BECAUSE OF THE BOY😂🔥🔥🔥🔥 been on repeat the whole day,16,0,2026-06-08T20:33:41Z,2026-06-08T20:33:41Z
UgzhAJho6KbQLFAtXEJ4AaABAg,@TukiyaMulela,Incase u read this 50 years later just know 2024 was legendary 🔥🔥🔥,993,14,2024-05-04T19:16:09Z,2024-05-04T19:16:09Z
UgwwsecuKwwlF-9lLsd4AaABAg,@aLofiMusic,"""Kendrick just opened his mouth, someone go hand him a Grammy right now"" is WILD 😂",1715,45,2024-05-04T12:57:32Z,2024-05-04T12:57:32Z
UgxLFk2fZ-ARpR32hMJ4AaABAg,@RayNori-np6es,"Drake and Kendrick literally sleep in the studio these days, THIS IS HISTORY.",946,11,2024-05-04T05:12:10Z,2024-05-04T05:12:10Z
UgyCgFl1ZI1iM8Q7lDp4AaABAg,@Bestavashvili,Second verse is absolutely vicious,20,0,2026-06-01T21:33:59Z,2026-06-01T21:33:59Z
UgwwNwFpPDKT7uaH2uV4AaABAg,@ghostfvce0,This beef is the best thing that’s happened to rap in a long ass time,121,0,2024-05-04T03:52:54Z,2024-05-04T03:52:54Z
Ugyh2VYnCuavxc1KENh4AaABAg,@LazeLanx,this could be the greatest back and forth we’ve seen in rap history if this keeps going,1397,21,2024-05-04T03:31:42Z,2024-05-04T03:31:42Z
UgyP5agfmvXeEsGf0CB4AaABAg,@jaysteve4442,Kendrick just opened his mouth…somebody go hand him a Grammy right now 😂😂😂😂 he ain’t lying,1628,33,2024-05-04T11:47:10Z,2024-05-04T11:47:10Z
Ugzn2HOG6A1ABZ5Xjhh4AaABAg,@Mysteriousgarbage,"THIS SHIT FIRE MAN, I KEEP COMING BACK TO IT AFTER 2 YEARS... REPLAY VALUE IS CRAZY",9,0,2026-07-18T20:42:09Z,2026-07-18T20:42:09Z
Ugyi_cb4VO_Cngb64XR4AaABAg,@T-MANtheHERO,Ain't nobody gonna be able to sleep this weekend because these 2 dudes finna keep dropping every other hour,172,0,2024-05-04T06:05:57Z,2024-05-04T06:05:57Z
UgxPQXltw-1JfUziWiV4AaABAg,@iamdumdum1234,"""Kendrick just opened his mouth, someone go hand him a Grammy right now""
the grammys: ight sure",733,12,2025-02-03T08:51:30Z,2025-02-03T08:51:30Z
UgyT88XDvggAEw2RcpB4AaABAg,@lucassilvestremate,"Nah man, Drake killed this shit, can't tell me otherwise.🔥🔥🔥🔥🔥",11,0,2026-05-09T08:06:13Z,2026-05-09T08:06:13Z
UgzEdiogmW-McHxkWHx4AaABAg,@kopes28,Nah hauling kendricks van is funny asf 😂,122,0,2024-05-04T05:17:13Z,2024-05-04T05:17:13Z
Ugx3CSI5YAnvcrSyEp14AaABAg,@jadenontong643,"This didn't feel like a 7min , actually wanted to hear more of what THE BOY gotta say 🔥",137,0,2024-05-04T20:32:33Z,2024-05-04T20:32:33Z
Ugzx_7UucsO-N3IRpll4AaABAg,@lexio9913,"""Kendrick just opened his mouth, someone go hand him a grammy right now"" gotta be the best aged line in hip hop history 😭😭 bro is a fortune teller lmao",968,26,2025-02-04T00:30:16Z,2025-02-04T00:30:16Z
Ugwyi3Oj22Vejb7i4wl4AaABAg,@peshboutbiz,Best diss of the battle i still stand on this statement 😤😤,13,0,2026-06-02T17:07:06Z,2026-06-02T17:07:06Z
UgxK5ArLWAEwzhPurjJ4AaABAg,@ItsJackyKun,Beef got Kendrick being consistent and drake back into the game. This is a win win for us,1134,18,2024-05-04T03:55:38Z,2024-05-04T03:55:38Z
UgyACLJYGtHL1hZvKbp4AaABAg,@Dre-j3b,“Rick reading my Miranda rights” is insane because Rick Ross used to be a officer 😭😭😭,1015,12,2024-05-04T10:59:23Z,2024-05-04T10:59:23Z
Ugx8c58FwIdrdUOGXKV4AaABAg,@Apersonaliveonthisearth,"Incase u are here in 2093 , just know that 2024 was a hell of a year for music 🔥",440,3,2024-05-04T20:11:34Z,2024-05-04T20:11:34Z
UgzUpM8YCMmLXzou-6p4AaABAg,@BigPapiPhx,One of best diss records of all time.  They can’t admit it cause they hate the messenger.  The boy was rapping rapping 🔥 🔥,47,1,2026-06-24T03:18:49Z,2026-06-24T03:18:49Z
UgxoqjVvOOM6FNfpXjR4AaABAg,@JBzVibes,Grabbing the mad city van is to fucking funny 😂😂😂😂,118,0,2024-05-04T07:43:47Z,2024-05-04T07:43:47Z
UgwcC8U59jclsVz14bR4AaABAg,@imbta,"""Kendrick just opened his mouth, someone go hand him a grammy right now"" 😂😂😂 nahhh",843,14,2024-05-04T06:22:21Z,2024-05-04T06:22:21Z
UgyXqnC8WNKONlKoYCR4AaABAg,@Dipster101,This is the first rap beef i was ever interested in my whole life.,1339,27,2024-05-05T14:39:15Z,2024-05-05T14:39:15Z
Ugy4ueIepDynX5bJmzh4AaABAg,@Dr.Muniazo,WHAT A TIME TO BE ALIVE.,5,0,2026-09-13T07:04:58Z,2026-09-13T07:04:58Z
UgybaAi8zyTWkp1JSuh4AaABAg,@miltonparedes3598,“when you put your hands on your girl is self defense cause she bigger than you” is ABSOLUTELY DIABOLICAL 😭😭😭😭🤣🤣,947,24,2024-05-04T04:34:56Z,2024-05-04T04:34:56Z
UgwCrw42oEbcg4-3YRx4AaABAg,@ZeusAVI,When it’s all said and done we’ll have enough songs for a Kendrick V Drake album.,616,5,2024-05-05T00:28:40Z,2024-05-05T00:28:40Z
Ugyz8-yfG4QlRUo3d0V4AaABAg,@BreakHarpe,"""Body after fuckin body & u know Rick reading my Miranda Rights"" 😂😂🤣😂🤣🤣",1127,25,2024-05-06T03:03:50Z,2024-05-06T03:03:50Z
Ugww0vZHcN6z0WO_VGV4AaABAg,@Meme-muffen-ai,I didn’t know one year later this song would be so good,35,1,2026-04-23T12:21:39Z,2026-04-23T12:21:39Z
UgwaBI2WF4nF9mkEX454AaABAg,@Fiso_Moyo,This is the ACTUAL seven minute drill!😭🔥,451,6,2024-05-04T09:31:59Z,2024-05-04T09:31:59Z
UgyxlJld9j9jF1WaNv54AaABAg,@xRe-Destrox,That Ross Ozempic bar had me hollerin lol,144,0,2024-06-03T20:22:25Z,2024-06-03T20:22:25Z
UgwnJQPXdu2wvv06LOB4AaABAg,@youknowjaimerose496,Rick reading my Miranda rights is crazy 😂😂😂😂😂😂,123,1,2024-05-04T13:39:17Z,2024-05-04T13:39:17Z
UgxU8ZQUSg4cV9tnBF94AaABAg,@TenDaSavageKrono,This song is underated Drake went sicko mode,15,0,2026-07-30T14:15:26Z,2026-07-30T14:15:26Z
UgxqkrBz7AizYadNY854AaABAg,@nickcall89,"""Body after body and ya know Rick reading my Miranda rights"" 🔥 Officer Rozay to the rescue 💀",179,1,2024-05-04T07:49:06Z,2024-05-04T07:49:06Z
UgwrSB547qR304hq7id4AaABAg,@trill_is_bliss,There prob won’t be another battle like this in many many many years. What a time to be alive.,1045,20,2024-05-04T04:03:08Z,2024-05-04T04:03:08Z
UgxHibeq9PE-HTciyrF4AaABAg,@thevoicesinmyhead1976,"""Head to Delilah with all of my ice"" after Wah Gwan Delilah dropped hits different... 🤣",608,8,2024-06-05T15:39:53Z,2024-06-05T15:39:53Z
Ugz-23XBatB7Pf0f8EN4AaABAg,@jnegooyen,Everyone low key afraid to admit this is 🔥 the amount of high IQ bars goes over most heads - edit RIP Tay Keith,9,0,2026-06-17T23:40:56Z,2026-06-19T18:25:31Z
Ugxno1y0q7GVYmXARhR4AaABAg,@shadowghost815,"""Rick reading my Miranda rights"" 😂😂😂😂",655,9,2024-05-13T17:44:58Z,2024-05-13T17:44:58Z
UgypeRFLr1hVCbNdx7V4AaABAg,@Leapfrog44,The last beat was immaculate. This song is probably the most enjoyable even on its own,281,6,2024-05-04T16:49:48Z,2024-05-04T16:49:48Z
UgxVySzBMtA-cb4mQDB4AaABAg,@sheesharshia,Talking about your meat in the middle of a heated battle is wild 💀,1453,27,2024-06-30T22:07:22Z,2024-06-30T22:07:22Z
Ugy2JIBfjlWfM0NHvjp4AaABAg,@graysonx8,This aged better then fine ass wine,109,1,2026-05-15T03:22:03Z,2026-05-15T03:22:03Z
UgzSH3cv5_GGadOZL4B4AaABAg,@christianwhite3619,“When you put your hands on your girl is it self defense bc she bigger than you” is HILARIOUS lmfao.,603,19,2024-05-04T11:55:10Z,2024-05-04T11:55:10Z
Ugz9ddnLpCzx0Dbun_J4AaABAg,@funwontan,"""Our son's should go play at the park. 2 light skin kids"".... Well crafted response",349,6,2024-05-04T13:06:46Z,2024-05-04T13:06:46Z
Ugy7rUtq2VyXyWtJGYh4AaABAg,@marcctwain8504,"Drake predicted the future. 3 grammys 😂😂😂
Whoops. 5 actually 😂😂😂 thanks for the correction",1250,28,2025-02-03T01:31:06Z,2025-02-03T20:58:04Z
UgzHeTdipz7BrKikS8x4AaABAg,@zakkzilla5255,"Bro, that second verse is hands the hardest I think I’ve ever heard Drake spit. This nigga barely took a breath and just ran straight through it. Definitely slept on very heavy!!",18,1,2026-05-25T06:41:21Z,2026-05-25T06:41:21Z
UgwensZj8nUkjlHGL1J4AaABAg,@povitti,"""He always said i overlooked him, i was staring straight""😂😂😂😂😂😂",552,14,2024-05-04T11:13:35Z,2024-05-04T11:13:35Z
UgwJ_0jhURjkM8kORzR4AaABAg,@Ishmon16,"""Kendrick just opened his mouth...""",700,19,2024-06-19T16:39:44Z,2024-06-19T16:39:44Z
Ugzm9PauLXqKt_QDlDt4AaABAg,@DezNext,Rick reading the Miranda rights is insane,397,5,2024-05-28T22:12:48Z,2024-05-28T22:12:48Z
UgwahhpzpoYk9pYhaZB4AaABAg,@MaDe_In_Da6ix,who’s back after listening to Iceman?! 🥶🧊,831,15,2026-05-24T02:07:05Z,2026-05-24T02:07:05Z
UgwmIVYFog6WOSSPH8t4AaABAg,@davidlove1516,The fact they going back and forth like this making me love hip hop again.Hip hop needed this lets hope it stays on wax,400,0,2024-05-04T03:42:45Z,2024-05-04T03:43:06Z
UgwRMa5Es8m97XTBTVV4AaABAg,@Entertainment-i3i,"""body after body ya know ross reading my miranda rights""🤣🤣🤣",696,12,2024-05-04T21:12:46Z,2024-05-04T21:12:46Z
UgwuMGIney2YMchmRsN4AaABAg,@DMWZAMBIA,"Had to connect my Bluetooth speaker for this😂😂😂😂
Honestly am personally enjoying both camps .
This is the top of battle rap. At the end of the day hip hop wins. History is in the making 🔥🔥🔥🔥",207,0,2024-05-04T05:57:46Z,2024-05-04T05:57:46Z
Ugxibzbhs85S-4HMDM14AaABAg,@notjustaprettyface,This shit was pure heat 🔥🔥🔥,16,0,2026-07-14T03:35:23Z,2026-07-14T03:35:23Z
Ugw65KIBKceDZ2pbBbh4AaABAg,@Vloneeeforever,Damn the rocky bars hit different now,231,5,2025-07-14T14:19:31Z,2025-07-14T14:19:31Z
UgzMBf-3fZYgrbIEvNZ4AaABAg,@KhadijaMbowe,Not him crushing the MAAD city van 😮,2189,46,2024-05-04T04:14:43Z,2024-05-04T04:14:43Z
Ugx0iNinFaDL6qK3-eF4AaABAg,@shanteshante811,Rick reading my Miranda rights!! 😂,356,4,2024-11-20T04:58:05Z,2024-11-20T04:58:05Z
Ugxs9E8Vzn8gIt1dfe94AaABAg,@HollowPresence,The hardest diss of the whole battle,8,0,2026-06-09T05:33:10Z,2026-06-09T05:33:10Z
UgwA1Y8ldXQhFGIE6qt4AaABAg,@youngflossy213,"Ross got read his miranda rights, had me weak 😂😂😂",193,2,2024-05-04T11:40:35Z,2024-05-04T11:40:35Z
UgyhJsPmS4KfdobFvQp4AaABAg,@DAREALxKMONEY,“Body after body and you know Rick reading my Miranda rights “ 😭😭,958,24,2024-05-11T21:17:58Z,2024-05-11T21:17:58Z
Ugynhgy5zSWxjRxNmc54AaABAg,@arijam8820,Ngl Kendrick got Drake back to that “actual rapping“  era again and I love it,597,5,2024-05-04T04:26:09Z,2024-05-04T04:26:09Z
Ugz0Zmf2o1NQaO4IWQZ4AaABAg,@where_eagles_dare,Drake ate this shit bodied everyone.,10,0,2026-04-25T17:50:09Z,2026-04-25T17:50:09Z
UgxFdSpjl4VBpV2112F4AaABAg,@Nicolevirgo90,"""Rick reading my Miranda rights"" 😂",184,4,2024-05-04T12:54:47Z,2024-05-04T12:54:47Z
Ugw50Ea9gquc7AzWwnx4AaABAg,@nhatchau8343,"Family does matters, so we get to meet the grahams 😂 man this is just too much entertainment, great beef",153,1,2024-05-04T05:41:49Z,2024-05-04T05:41:49Z
UgyffEgO3odnBYP4p6Z4AaABAg,@coreyluv6,"The minivan was disrespect. Owning tupac and pharell jewelry was a good flex for the situation, and metro still getting bullied 😭😭",793,21,2024-05-04T15:54:30Z,2024-05-04T15:54:30Z
UgwQDIm50zsJ0Y4JQMF4AaABAg,@User777-h6g,This has aged insanely well,32,0,2026-05-08T07:01:47Z,2026-05-08T07:01:47Z
UgwS5hBRzVM-DglMSc54AaABAg,@bugspeedlo,bruh ive never been so invested in rap,218,2,2024-05-05T00:59:31Z,2024-05-05T00:59:31Z
Ugx2u17C4o-MLPkX_O14AaABAg,@mahditatii1524,Leaving this comment to prove that i was alive for this,263,3,2024-05-04T09:55:31Z,2024-05-04T09:55:31Z
Ugx-FHnGnxXCB8C0Mkx4AaABAg,@stljap242,Drake and Kendrick are single handedly going to save 2024,691,6,2024-05-04T15:01:19Z,2024-05-04T15:01:19Z
UgzNBuUPRSOKuOplYIp4AaABAg,@jduoYT,Dropping 3 high quality albums in one night in 2026 is insane,12,0,2026-06-08T15:11:55Z,2026-06-08T15:11:55Z
Ugzac4P3TfuQ5XtY_Ip4AaABAg,@ThatGuyFromCali21,"What a Friday, Kendrick drops drops, Drake drops, and Kendrick drops again.",299,3,2024-05-04T10:54:53Z,2024-05-04T10:54:53Z
UgxTypBJfWYsOGZfBcF4AaABAg,@MidnightxMystery,“Ross calling me a white boy and that shit kinda got a ring to it” 😂,706,18,2024-05-05T03:00:47Z,2024-05-05T03:00:47Z
UgxUnT0IlQJYZcnMVV14AaABAg,@Tallis_Tallis,“This man said the weekend music playing were them boys got some more pride”🤣🤣😂🤣,335,5,2024-05-04T14:03:24Z,2024-05-04T14:03:24Z
Ugx4cyGkLVZeCzVR_WN4AaABAg,@THEnightcore.,Omg he literally smoked this shit badddddlllyyyy😭😭😭😭😭😭,14,0,2026-06-27T16:22:22Z,2026-06-27T16:22:22Z
UgwYpU3kwnmTppgLDcF4AaABAg,@ShadowWolf315,People can pick a side all they like but they can't deny that every drop from both artists have been solid so far. This is what hip hop needs. Two of the biggest artists going head to head. Hip hop has always been about competition and being the best!,985,29,2024-05-04T08:19:02Z,2024-05-04T08:19:02Z
UgyYVdi8pOmdsLiwSl94AaABAg,@Magnan80,"“Kendrick just opened his mouth, someone go hand him a Grammy right now” 😂😂🤣",277,7,2024-05-04T14:24:20Z,2024-05-04T14:24:20Z
UgxHLCymcul9X0pbAAR4AaABAg,@dillyboyq,"So I just woke up to see both Drake and Kendrick dropped shots AGAIN ??? 

WHAT A TIME TO BE ALIVE AS A RAP FAN BABY",561,11,2024-05-04T09:40:17Z,2024-05-04T09:40:17Z
UgxDiz_o99c4yt_Vcf54AaABAg,@AmirSoleymani-y4n,This is absolutely perfect,26,1,2026-06-29T09:01:04Z,2026-06-29T09:01:04Z
Ugy8A5Uf5ORT-nJFfZp4AaABAg,@krow.101,I lived through Biggie vs Tupac and Jay Z vs Nas. But this shit hit different the way they're dropping back to back. I feel like it's the 90s again. I love good hip hop.,433,10,2024-05-04T05:16:52Z,2024-05-04T07:19:59Z
UgwmxskCh13MRxkyQdR4AaABAg,@henribvb09,Waking up Drake and kendrick dropped what a time to be alive,777,12,2024-05-04T09:15:03Z,2024-05-04T09:15:03Z
UgxyTCdCrYPftgil3HB4AaABAg,@jonlane6527,All I know. Some reactors are gonna make a career from these reactions. Absolute legendary time to be a fan of hip hop.,361,3,2024-05-04T03:58:37Z,2024-05-04T03:58:37Z
Ugwy7Q0JVTnwquvRzdR4AaABAg,@jimmerjammer23,This is by far the best song from the beef.  Jesus,10,0,2026-04-26T13:49:48Z,2026-04-26T13:49:48Z
UgyC8AJy1QPyXXGyntJ4AaABAg,@CarsonKelley2000,This beef has completely revitalized hip-hop 🔥🔥🔥,275,2,2024-05-04T04:02:52Z,2024-05-04T04:02:52Z
UgxFPqdx_zxgpmcR2SB4AaABAg,@Hamzz25,Kendrick and drake going at it like Ronaldo vs Messi . This is historic 😭😭😭,880,34,2024-05-04T07:08:41Z,2024-05-04T07:08:41Z
Ugw4MT6dMOQjkJ3Tdqh4AaABAg,@Kingtimez2,This was way harder than pushups! These disses keep getting better and better,225,3,2024-05-04T05:56:35Z,2024-05-04T05:56:35Z
Ugw7J_zdUGBdwzTYbAt4AaABAg,@38_juanka,2 years later... Bro. This was decent and beyond,19,1,2026-05-09T01:50:57Z,2026-05-09T01:50:57Z
UgxbsSpdt7hsRh48S854AaABAg,@MilezAwxy,"""and you know rick reading my miranda rights"" that's a violation 😂",269,5,2024-05-04T04:05:09Z,2024-05-04T04:05:09Z
Ugx6_e9prZmjurDT8Sx4AaABAg,@mocroOTF212,the creativity behind this clip is just incredible,208,4,2024-10-30T16:32:31Z,2024-10-30T16:32:31Z
UgwEt1b_odBKbG-jsOJ4AaABAg,@patientkasongo9596,The best Drake has sounded in years 😭🔥🔥 thank you Kendrick,772,8,2024-05-04T09:10:07Z,2024-05-04T09:10:07Z
UgylURsEHxxc3jin5QV4AaABAg,@davidBonga115,Rip TAY Keith😢😢🙏🏼🕊️,29,0,2026-06-20T11:11:31Z,2026-06-20T11:11:31Z
Ugx4NSnCadp7hcInDXl4AaABAg,@YorktownVlogs,Man… this will forever be a historic night.,563,7,2024-05-04T04:52:22Z,2024-05-04T04:52:22Z
Ugz2BcpQqI4inpJw7YB4AaABAg,@aphiwe.s.masondo,Crushing that good kid maad city whip is crazy😂,313,3,2024-05-04T04:22:45Z,2024-05-04T04:22:45Z
Ugz_KqK0Fitme6_pjmJ4AaABAg,@dudeytx,"""our kids should play at the park, two lightskin kids that shit would be cute""😭😭😭🤣🤣🤣",833,34,2024-05-04T04:05:24Z,2024-05-04T04:06:26Z
Ugwu0IZsA0osKHIslQF4AaABAg,@moviedetective4271,In hindsight this song won the beef. The Kojo bar is CRAZY 😂😂😂,7,0,2026-06-10T19:14:57Z,2026-06-10T19:14:57Z
UgzBbvGXk8j3BH0mw5B4AaABAg,@jaydeetheking08,"This is no more a rap battle, it is now a courtroom 🔥🔥🔥",289,4,2024-05-04T06:12:31Z,2024-05-04T06:12:31Z
UgzhTm4MRQHuGP4rpnR4AaABAg,@mahlatsepetrus,"""Body after fucken body,i know Rick reading my Miranda Rights"" 🔥🤣😂",509,10,2024-08-17T21:59:25Z,2024-08-17T21:59:25Z
Ugzr2jQ5sMV-LZ1Kg6d4AaABAg,@ericparham1086,"Well, drizzy, you called it. Kendrick did in fact open his mouth and win a Grammy for it.",628,17,2025-02-03T02:28:05Z,2025-02-03T02:28:05Z
UgxIPbXQGKxCJ9uyPPd4AaABAg,@DaisyVargas-r8e,"This aged like a fine wine
Can't deny Drake been in his bag since day one, but that AUTHENTIC VIEWS DAWT CAWM boost is on another level! Dude’s literally unstoppable now. 🔥💥",13,0,2026-04-24T18:13:20Z,2026-04-24T18:13:20Z
UgzxCV_OvFlvYOmmOnR4AaABAg,@whitehat_stanley,This Beef series should be called What a Time to Be Alive. Both Kenny and Drizzy  all went  HARD. This is a breathe of fresh air. Both rapping like their rent and child support due. I love it! 😅,557,3,2024-05-04T07:03:41Z,2024-05-04T07:03:41Z
UgzBILB4jpAC9LqGuvN4AaABAg,@BigShmokee,Never seen these folks drop music this consistent 😭😭,441,7,2024-05-04T04:04:32Z,2024-05-04T04:04:32Z
UgyJQ4Ccw0c8Y4daqex4AaABAg,@exomagic9,"""Kendrick just opened his mouth, someone go hand him a grammy""😂😂😂",598,16,2024-05-04T04:39:22Z,2024-05-04T04:39:22Z
UgxHsp11ssiiiHc5qw54AaABAg,@Junebug9102,Yo man a little k we call dat shit a mini drake😂 🔥,7,0,2026-08-26T23:22:49Z,2026-08-26T23:22:49Z
UgzinS7MaVzZ1vt9jnV4AaABAg,@Vkbkbinn8,Bro I love this beef bc  drake and Kendrick are both dropping flawless  song on the daily now😭,562,8,2024-05-05T23:28:56Z,2024-05-05T23:28:56Z
UgwPwqkOtYuIVBOOCjJ4AaABAg,@Avie_Gayle,i cant be the only one listening to the music and dying reading the comments 😭,306,6,2024-07-21T02:08:37Z,2024-07-21T02:08:37Z
UgwXaHk0wh8qonyRZpN4AaABAg,@jaytab5289,"“Your back is up against the curb, you digging for dirt when you should be digging for proof” 🔥 😂",450,14,2024-05-04T13:42:09Z,2024-05-04T13:42:09Z
UgzphbDdM5fdxzFMIzJ4AaABAg,@ChevahlyanDozier,Flow-state rapping 🔥🔥🔥,15,0,2026-07-27T10:28:55Z,2026-07-27T10:28:55Z
UgyRO9Xei6kbgWMzkW94AaABAg,@obviouslythebest9792,His last verse with the beat switch up again was actually savage,220,4,2024-05-04T06:13:15Z,2024-05-04T06:13:15Z
UgwPgK8m2AZQvtQeIQx4AaABAg,@eyez.T,"Drake calling kendricks wife ""mixed Queen"" is actually respectful tbh",967,22,2024-05-04T18:32:12Z,2024-05-04T18:32:12Z
UgzcbD2aoMQS9m-ubuh4AaABAg,@kolefreeman7654,"“The blacker the berry the sweeter the juice, we get that you like to put gin in your juice” bar is crazy",514,23,2024-05-04T07:05:51Z,2024-05-04T07:05:51Z
UgwFvuRnJZMqxy2_cRR4AaABAg,@lmcmill5964,"People coming back to this diss record after ICEMAN dropped 🤦🏾‍♂️ Don’t worry, we forgive y’all. A lot of y’all slept on this record. Especially the last beat 😱",33,0,2026-06-03T20:54:36Z,2026-06-03T20:54:36Z
Ugys8bBOnWuBLzf7YIp4AaABAg,@Calledfwd,Kojo be charging you double for none 👀👀👀👀👀,264,9,2025-08-08T10:57:03Z,2025-08-08T10:57:03Z
Ugw1MjK2hB4Dkr-CZ254AaABAg,@Ronner_,Aging like fine wine 😭😭 4:15,137,4,2025-07-10T11:40:09Z,2025-07-10T11:40:09Z
Ugyx0w2bpJMCrRcAPwl4AaABAg,@Teev-q6v,"The most fortunate winner in this battle is the fans,  that is thirsty for a work that is difficult for him, and each rappeur will give his full effort to the quality of the diss, so that all the pleasure is for the fan 😁✊🏼.",200,1,2024-05-04T05:37:36Z,2024-05-04T05:37:36Z
Ugxom0fbt_VAV_enesJ4AaABAg,@OG-KEEF300,I can’t stop coming back 🤣🔥,7,0,2026-06-22T12:10:18Z,2026-06-22T12:10:18Z
Ugz34p_DGXmhCA5vNvx4AaABAg,@andiswaeugene4391,"""I know you like to keep it short, let me paraphrase "" 😭😭😭",265,7,2024-05-04T07:49:07Z,2024-05-04T07:49:07Z
UgzLXE6B7h00PI5wAW94AaABAg,@JohnHernandez-qv2sx,"""These bars go over kenny head no matter what i say. I know u like to keep it short so let me paraphrase""😭😭😭",123,2,2024-05-20T12:19:58Z,2024-05-20T12:19:58Z
UgyfxAvhvx8TnWUkKK54AaABAg,@austin21x,This has been the most entertaining hip hop has been in years. Hell yeah,225,2,2024-05-04T03:30:24Z,2024-05-04T03:30:24Z
UgyL0xWnSQMYKnlSCuF4AaABAg,@tj45835,when you come back to the beef and realize Drake is just better.,27,2,2026-08-07T22:44:25Z,2026-08-07T22:44:25Z
Ugzi0DLlgZ41W0i4SX54AaABAg,@Jet.lag_2.0,"Rappers gotta start beefing more often, these go so hard 😭",806,7,2024-05-05T19:38:38Z,2024-05-05T19:38:38Z
UgxcTCh17_-0_WXA2gB4AaABAg,@romeomgidi495,"""Kendrick just opened his mouth, someone go hand him a grammy right now ""😂😂",1143,24,2024-05-04T06:19:46Z,2024-05-04T06:19:46Z
Ugw0NMhTA-jrrV6R9rd4AaABAg,@Disc307,"""Kendrick just opened his mouth
Someone go hand him a Grammy right now"" They did what you said Drake.",426,18,2025-02-03T08:35:40Z,2025-02-03T08:35:40Z
UgzLdcRYHyoiTLomlHd4AaABAg,@Automaticfade,"The 1996 Town and country minivan getting crushed from Kendrick’s good kid, m.A.A.d city album cover is INSANE 😂",477,11,2024-05-04T04:08:09Z,2024-05-04T04:08:09Z
Ugz7uhy3HB1EOYhkBn54AaABAg,@alfredobeltran2273,"This shit is getting dark!! Kendrick on assault allegations & Drake on predatory allegations. Shit is wicked, love Hip Hop",485,17,2024-05-04T08:13:11Z,2024-05-04T08:13:11Z
Ugx2Yv8TDDjyvKJ1kQ94AaABAg,@Chris56076,This should be at 100 million views by now,21,2,2026-04-28T15:40:50Z,2026-04-28T15:40:50Z
UgyO6BC50vNYXxqvDy54AaABAg,@alexmoreno9849,“These barz go over Kenny head when I’m looking straight” 😂😂😂🏃,685,24,2024-05-04T13:06:06Z,2024-05-04T13:06:06Z
Ugx11MNWIlR59ehfoJN4AaABAg,@mileswilliams5810,The last part is the best drake we have gotten in yearsss,420,12,2024-05-04T16:55:05Z,2024-05-04T16:55:05Z
UgxVMD_iMhBgC9MgzM54AaABAg,@Solemn2115,"I'm 27 and didnt get to experience the Jay Z and Nas beef, However Im glad im witnessing theis Drake and Kendrick beef .",768,22,2024-05-04T05:05:04Z,2024-05-04T05:05:04Z
UgwD_LG3g4M-dF35klN4AaABAg,@Djk-phonkie,I'm back again. I can't believe i know these lyrics without even trying to practice. Drake is the GOAT 🐐🔥if you find yourself knowing lyrics of a song without forcing yourself to practice them just know they cooked 🔥🔥😤,7,0,2026-08-26T16:52:40Z,2026-08-26T16:52:40Z
UgyprsVGFmjoNMePhiR4AaABAg,@LilBoom,I LIVED IN THE CORRECT TIMELINE,860,11,2024-05-04T08:27:11Z,2024-05-04T08:27:11Z
Ugx928qMKGsn1UtU4BJ4AaABAg,@jermainecarter539,This whole battle is legendary.. what a time.. this is crazy!!,110,0,2024-05-04T05:47:00Z,2024-05-04T05:47:00Z
UgzTDtYXU5i-C1AI3gV4AaABAg,@Yolandaidan3985,This battle's gonna go down in history as one of the biggest clashes in modern rap.,586,11,2024-05-04T03:20:34Z,2024-05-04T03:20:34Z
UgyffeJj2JWxynTJGRZ4AaABAg,@Iamhim-k4n,"If iceman is even half as good as this, It could end up being one of Drakes best albums in a long time",8,0,2026-05-15T02:04:44Z,2026-05-15T02:04:44Z
UgwwDR2YzFaay10SojZ4AaABAg,@xareallasv5203,"""Rick reading my Miranda Rights😅💯💯""",244,3,2024-05-04T12:33:24Z,2024-05-04T12:33:24Z
UgzwrhX9L3wNuXSNr5p4AaABAg,@supercat2087,"6:28 “When you put your hands on your girl, is it self defense because she’s bigger than you?” Drake again with the short jokes 😭🤣",269,17,2024-05-04T03:21:43Z,2024-05-04T03:21:43Z
UgwcobTrxDExs05n_3F4AaABAg,@xeriousbroach8466,The fact we all up at 3 in the morning for this is WILD,635,24,2024-05-04T07:31:46Z,2024-05-04T07:31:46Z
UgyzcoeiuTIG-4bUXmx4AaABAg,@McGurt420,2nd Verse Is So Good !!! Shoulda been its own song !,9,0,2026-04-23T10:44:45Z,2026-04-23T10:44:45Z
Ugw7iWTSel9fqpFhIQV4AaABAg,@therealtonitoofficialchann2129,Body after body and you know Rick reading my Miranda rights is CRAZY 😂,119,2,2024-05-04T15:51:44Z,2024-05-04T15:51:44Z
Ugy-JMcZu3HyTYXO_NN4AaABAg,@x_on_bs,Drake and kendrick really going back to back and am here for it 🔥🔥,101,0,2024-05-04T03:56:09Z,2024-05-04T03:56:09Z
UgxF6YXOFR89adxqhZl4AaABAg,@Kodi-Bear,Honestly thank Kendrick and Drake for bringing life back into hip hop,331,6,2024-05-04T04:17:09Z,2024-05-04T04:17:09Z
UgyxXcITs6v5D1A8DKV4AaABAg,@Mans_BestFriend,"Ironically, this song aged the best of the whole beef",48,1,2026-09-14T08:51:10Z,2026-09-14T08:51:10Z
Ugw5mDAAi17olufVGbZ4AaABAg,@dallasdon4662,This was drakes best shxt outta the whole beef this shxt harrrrrdddddd asf fr,379,10,2024-05-08T20:20:00Z,2024-05-08T20:20:00Z
Ugx2uttM-kNqfrG8H814AaABAg,@offthegrident,"That Michael Jackson/ jermaine Jackson comparison was crazy
 ""U say ur brother jermaine (jcole) but u wanted him to stay outta the light""🔥🔥🔥",246,8,2024-05-04T04:14:53Z,2024-05-04T04:14:53Z
UgyYL7eLPZjWSR8e0pV4AaABAg,@NemoHoez91,Body after body and you know Rick reading my Miranda rights 😂,153,1,2024-05-05T20:11:45Z,2024-05-05T20:11:45Z
UgyY4uu52Yju52FF16d4AaABAg,@LuG8911,"Its crazy how theres so many INSIDE layers to this song especially in that last verse that only kdot and team would really know.

It makes sense drake would do it that way, i think kanye said when drake disses you he does it so that only you really understand it.

This was a masterpiece.",10,1,2026-05-06T15:43:08Z,2026-05-06T15:43:08Z
UgxpGy6tLq3xhvfX3Zt4AaABAg,@keirahleesha486,"This the Drake we needed, wanted & always loved🙏🏽😭",238,2,2024-05-04T03:19:10Z,2024-05-04T03:33:00Z
UgwENet2TerXFUTikwx4AaABAg,@isra.128,I'm LOVING this back and forth Bruh we haven't had this energy in a longggg time 🔥,401,3,2024-05-04T04:42:18Z,2024-05-04T04:42:18Z
Ugw6hM1wGTdqyF9wjOl4AaABAg,@murckopadrino4280,Kendrick clapped back immediately 😂😂 bro was itching to press the send button,102,3,2024-05-04T04:55:00Z,2024-05-04T04:55:00Z
UgytLJ12h1CrrWfTQZJ4AaABAg,@Festis90,For all the non brainwashed people this was the best song. Probably a top 5 Drake and that’s saying something. But yeah media and people who wanted Drakes downfall succeeded with their lies and propaganda. I hope people come back to this song after Iceman and appreciate it more.,47,1,2026-06-06T14:54:19Z,2026-06-06T14:54:19Z
UgxyNXBijBIOJ1eJy4R4AaABAg,@Itskunjunnikjyen,6:10 That bar is crazzyyy💀,288,12,2024-05-04T04:24:21Z,2024-05-04T04:24:43Z
UgyzN_Z5YF1876PY3C94AaABAg,@rajw1nd3r00,"This ain't DRAKE, this is DRIZZY",614,12,2024-05-04T03:17:32Z,2024-05-04T03:17:32Z
UgyGSyjTL3D40t6zXkB4AaABAg,@555barbershop4,"I'm glad this generation of fans get to experience a proper rap beef, (all music, no violence).  BIG W FOR THE CULTURE 🔥",930,19,2024-05-04T19:24:47Z,2024-05-04T19:24:47Z
UgxCt82R9LSQocoVld14AaABAg,@vicvega24,That ASAP Rocky line is so funny,7,0,2026-04-24T09:11:24Z,2026-04-24T09:11:24Z
UgylTFVw3JvlCvAe14p4AaABAg,@tango072013,It doesn't matter what side ur on or if ur in the middle. This is such a moment in hip-hop history. This beef is nothing short of legendary!!,401,4,2024-05-04T04:08:17Z,2024-05-04T04:08:17Z
UgwkPSsk9734s2oeDkN4AaABAg,@clearzyyisbad,THE BEAT SWITCHES 😭 DRAKE AND KENDRICK GOING OFF RN AND IM ALL FOR IT,255,5,2024-05-04T04:13:16Z,2024-05-04T04:13:16Z
Ugw6yHbVJqih1yMOP8V4AaABAg,@dieselprime33,"""Ask Fring if this a good idea next time you cuddled in her bed again"" 

Knowing she loves Gus from Breaking Bad makes that jab even more dope",131,2,2024-06-05T10:36:31Z,2024-06-08T14:42:05Z
Ugx4n1ecX5qMj3nFA1J4AaABAg,@hudsonclarkk,"""when yo put yo hands on your girl. is it self defense cause she bigger than you?"" coldest bar in the beef",27,1,2026-06-15T23:36:07Z,2026-06-15T23:36:07Z
Ugxwk1SRt8PgyEe1A_d4AaABAg,@IamLilMash-Ken,I used to pray for days like these 😭😭🔥,194,1,2024-05-04T07:19:18Z,2024-05-04T07:19:18Z
Ugzv5002nS2Litj7xkB4AaABAg,@JonerFootball,"Man. This shit is insane & I can’t contain my excitement listening to all of this. 

RAP GAME IS BACK 😮",439,2,2024-05-04T03:30:47Z,2024-05-04T03:30:47Z
Ugx97EuRc9lDaV3LfKt4AaABAg,@MarieAmicalola,“Rick reading my Miranda rights”😂😂,371,10,2024-05-04T17:34:40Z,2024-05-04T17:34:40Z
Ugy9ajsAY96u1PNyiJZ4AaABAg,@JosephVelez-c8k,“Ozempic got a side effect of jealousy and doctors never told yall ninjas” Lmao he flamed Ross 😂😂,5,0,2026-05-29T17:23:46Z,2026-05-29T17:23:46Z
Ugw144WFF67BaMU4qrh4AaABAg,@pepe-o3f1r,"You know as a person without a car, I would 've really like to have that car.",263,8,2024-05-05T18:04:37Z,2024-05-05T18:04:37Z
Ugyblhpq9jTOEjuYJSN4AaABAg,@just.creatine,"""he always said I overlooked him I was staring straight"" lmao",126,4,2024-05-04T03:50:08Z,2024-05-04T03:50:08Z
Ugyh9TB9LWYjnI0dxsV4AaABAg,@AutoBahnLG,I’ll be honest. I’m glad Drake backtracking a little with the Future diss. We need that WATTBA2 😅,111,2,2024-05-04T05:30:02Z,2024-05-04T05:30:02Z
UgwY_G1_vRWOTq9sfaN4AaABAg,@ashutosh_bibhu,Drake is lethal fr 🔥,10,0,2026-07-06T21:05:39Z,2026-07-06T21:05:39Z
Ugye7pNuMOfbf3OfKkd4AaABAg,@subhomoychakraborty8877,Rakim talkin shit again,232,8,2026-01-16T20:30:36Z,2026-01-16T20:30:36Z
UgyCBRu2OWPx6c0QJal4AaABAg,@rastaman314aruba,That Pharrell legacy line cold 🥶,257,6,2024-06-13T22:39:04Z,2024-06-13T22:39:04Z
Ugx8Ti1j4lTElO14o114AaABAg,@sparshbhardwaj9978,The third beat switch and rap flow is crazyyyy insane 🔥🔥🔥,154,5,2024-05-04T20:40:58Z,2024-05-04T20:40:58Z
UgyU_ruTiNmOlkpc5FF4AaABAg,@OnGoingJoke,Yeah we know who really won with this song 2 years later,12,0,2026-06-05T10:57:19Z,2026-06-05T10:57:19Z
Ugx_k-M7csOkw3PSCnF4AaABAg,@MyTrevonne,"""ya back is up against the curb"" that line flew over my head at first",318,11,2025-03-01T23:51:26Z,2025-03-01T23:51:26Z
UgxP_01AjrEUcRSuMfp4AaABAg,@furiousstiles,This battle is going down in the history books.  I am thoroughly impressed by both emcees.,467,6,2024-05-04T04:19:45Z,2024-05-04T04:19:45Z
Ugw-_e9oURvXUY8hEsx4AaABAg,@RoundhouseK1cks,“Ozempic got a side effect of jealousy” LMFAOOOOOO,227,7,2024-05-04T04:41:55Z,2024-05-04T04:41:55Z
Ugw5bhlMP_cvu5shobB4AaABAg,@BimsaraLeelarathne,Here after the grammys begged Drake to submit ICEMAN,11,0,2026-06-11T05:54:44Z,2026-06-11T05:54:44Z
UgxK5vwxxHXPg95GcmF4AaABAg,@Therealfriendpodcast,Ozempic got a side effect of jealousy is INSANE 😂😂,478,19,2024-06-13T15:09:26Z,2024-06-13T15:09:26Z
UgzcDiDcpr_q0-yrcfV4AaABAg,@VAULTEXPERIMENT,Kojo be charging you double for none 😱😱😱😱,145,3,2025-08-08T15:47:06Z,2025-08-08T15:47:06Z
UgzDbqHbuVXYMHyDfAZ4AaABAg,@MarkaylaCarswell-nj6oj,"“Cole losing sleep for this, it AIN’T me” … as a Cole fan I’m so hurt but can’t even be mad right now DAMN 😅🥹",230,11,2024-05-04T05:37:35Z,2024-05-04T05:37:35Z
UgyRNJoA_zmwchPCUjN4AaABAg,@NIGHT-GUARD-X,the producers won this beef they all did amazing shoutout boi1da,6,0,2026-07-27T20:33:06Z,2026-07-27T20:33:06Z
UgxSucZM2eqKMp8D3E54AaABAg,@watow,I'm just thankful we're getting this back and forth,183,1,2024-05-04T03:18:41Z,2024-05-04T03:18:41Z
UgyQYfxXHqFnelp5vr14AaABAg,@dudeytx,The replay value on these long ass tracks is crazy🔥🔥😂,122,3,2024-05-04T04:18:47Z,2024-05-04T04:18:47Z
UgyEJRJQmer9I_sb6Cd4AaABAg,@hud7512,"ion like drake but dis matching kendrick's energy perfectly, this beef historical (edit: nvm)",95,1,2024-05-04T03:52:52Z,2024-05-04T06:31:05Z
UgxRkkt5UFrQmNoJEWh4AaABAg,@cyber_i_am,Them bars was diabolical 😂,10,1,2026-08-14T12:58:24Z,2026-08-14T12:58:24Z
UgzBljBGss4iNqBjYTV4AaABAg,@nickzlb77,Ozempic got a side effect 😂😂,300,4,2024-06-02T17:31:54Z,2024-06-02T17:31:54Z
UgztIuri-DezgTLGS0t4AaABAg,@SumBoarding,That weekend line had me wheezing on the floor because it's so true,121,2,2024-05-06T00:37:44Z,2024-05-06T00:37:44Z
UgxjfTWei7jPByG7MUx4AaABAg,@Riifromthe3,That third beat/verse is soo damn underrated,802,28,2024-05-09T22:34:12Z,2024-05-09T22:34:12Z
Ugz-YKpXrYp5KVjdEFx4AaABAg,@90s-h7l,I can’t stand people who pretend this song isn’t hard,48,1,2026-05-11T03:31:04Z,2026-05-11T03:31:04Z
UgxIbHkc8JFU0AavFnJ4AaABAg,@brendaaaaanaya,Kendrick responded in twenty minutes confirming he knew drakes angle and had his response ready.,404,32,2024-05-04T04:53:30Z,2024-05-04T04:53:30Z
UgyDvkeN6sI7YFJTYC14AaABAg,@leonardo3399,"We are all the winners here. Not drake, not Kdot, but the fans and enjoyers 🔥",205,5,2024-05-04T03:56:21Z,2024-05-04T03:56:21Z
UgwXtBiN26LaaCPcIo54AaABAg,@gomom.6163,Those asap rocky shots were too jard 🫢🫢🫢💀💀😭😭,110,2,2024-05-04T08:19:52Z,2024-05-04T08:19:52Z
Ugy919gUNDTjUJgwYm14AaABAg,@Frybread-i4n,Who's here after ICEMAN?🔥🔥,17,0,2026-05-16T11:09:19Z,2026-05-16T11:09:19Z
UgwK6D1gFwDpVqLs4CF4AaABAg,@chikondizulu2897,That car is part of the diss too 😂,247,10,2024-05-04T06:24:12Z,2024-05-04T06:24:12Z
Ugxpzq774i1Uc9VG_ix4AaABAg,@YNTFAB,K DOT AND DRAKE BOTH FIREEEEEEEEEEEEEE!!!! THANK THE HIP HOP GOD'S FOR THIS MOMENT!!!! PEACEFULLY!!!!!,244,4,2024-05-04T04:10:57Z,2024-05-04T04:10:57Z
Ugz2y8aEHc2nXmjzUQN4AaABAg,@whyguitarguy1,Man these back to back diss tracks by Drake and Kenny are HEAT 🔥 definitely a glorious era of hip hop it seems.,110,0,2024-05-04T03:41:34Z,2024-05-04T03:41:34Z
UgxItNQT2NiCc63AP_d4AaABAg,@aperson9007,5:23 is aging extremely well,28,2,2026-06-29T16:27:26Z,2026-06-29T16:27:26Z
Ugw8HzLqHQGkJo8wAG14AaABAg,@RayRay-1525,Drake having the G-unit chain is krazzyy😮,165,4,2024-05-04T17:02:43Z,2024-05-04T17:02:43Z
UgxmyJCQpaa2Ag_9X7V4AaABAg,@onekayz,"""I aint even know you rap cause they only talking about your fit again"" CRAZYYYY",216,11,2024-05-04T09:50:24Z,2024-05-04T09:50:24Z
UgzJD7GRfjutSi2rbVB4AaABAg,@Frogmilk,That last beat switch gonna be stuck in my head all week. Dayum,125,3,2024-05-04T07:21:14Z,2024-05-04T07:21:14Z
UgzTD0lifXEs2S3sARN4AaABAg,@Sinkorswim-oj3me,Rip tay Kieth,27,0,2026-06-20T20:45:02Z,2026-06-20T20:45:02Z
Ugz70dOF8fStJVJwWxJ4AaABAg,@jm78593,These 2 are my favorites. Competition drives creativity. It's not called the Rap Game if there's no oppositions,440,10,2024-05-05T19:37:58Z,2024-05-05T19:37:58Z
Ugwjn9b_uOOm8Ne2ZKN4AaABAg,@SoulboyToni,Kojo bar brought alot of us back 😂😂,116,8,2025-08-09T03:05:24Z,2025-08-09T03:05:24Z
Ugytp_VjU7JPBGZte4R4AaABAg,@LpsCreator-14,"I would’ve never thought that Kendrick and Drake would be going at it like this. 
KEEP IT GOING🗣️",274,11,2024-05-05T03:50:09Z,2024-05-05T03:50:09Z
UgxN0H4U-vvM1MbgfS54AaABAg,@vernellwilliams9454,This was harder than that other shit I’m still bumping this in 2026,8,0,2026-08-14T21:15:44Z,2026-08-14T21:15:44Z
Ugym2rEfhtYuToJq2OR4AaABAg,@sukiyomie,This beef will go down in history lmao,107,2,2024-05-04T03:58:15Z,2024-05-04T03:58:15Z
UgwPvqUG2WKIPPRBygh4AaABAg,@dominokos,"Honestly, I hope both of them know how much they're making all of our day with this beef. It's been a long time since I've had this much fun just listening to rap records hahah",236,2,2024-05-04T08:21:44Z,2024-05-04T08:21:44Z
UgyIQbrcBnlU85eL0Xh4AaABAg,@Angelu361,Bro I didn't even get to enjoy or process this track & Kendrick already shot back 😩😩.....HIP HOP IS ON AN ADRENALINE SHOT 🕺🏻🕺🏻,145,2,2024-05-04T04:44:35Z,2024-05-04T04:44:35Z
Ugwf5G1QAvOGNV7-Zxd4AaABAg,@jforeal9184,Bro you won this battle,16,4,2026-08-22T08:36:11Z,2026-08-22T08:36:11Z
Ugws4FPcGl4fJTi4rsJ4AaABAg,@Lightningsword555,"Regardless of who wins this beef just be happy that Kendrick is dropping consistently and Drake is actually being competitive again like it’s the early 2010s 💪🏾💪🏾💪🏾 😤😤😤

Edit: Just got back after hearing Meet the Grahams and Not Like Us, Drake is going up against a whole different animal!",138,2,2024-05-04T04:08:06Z,2024-06-01T00:06:45Z
Ugw3RSC8ldXPjaEXchF4AaABAg,@juansebastianorozcorincon1938,5:20 is the part you are searching...,293,12,2024-10-02T20:21:02Z,2024-10-02T20:21:31Z
UgxZI6a4zJ_XxreZ3zt4AaABAg,@loveharrydaily,I never thought 2024 would be the year of rappers getting back to fucking BUSINESS like this.  Thank you God,178,3,2024-05-04T03:28:12Z,2024-05-04T03:28:12Z
UgwsSKg9aOAipf-lMkN4AaABAg,@labryantstevenson4636,I feel like this is the best song in the beef,5,1,2026-09-12T09:28:56Z,2026-09-12T09:28:56Z
UgxsmpXTm3Z765hRtzt4AaABAg,@verbalthinker2466,I absolutely can’t wait for Kendrick’s response. I don’t care who’s winner or loser but Drake said some crazy shit. It’s free game now.,258,14,2024-05-04T03:52:55Z,2024-05-04T03:52:55Z
UgwpuTjI3vNvwSSoPsl4AaABAg,@datboidiego9164,This might be the greatest rap beef of all time. Hits after hits after hits,108,2,2024-05-04T03:27:44Z,2024-05-04T03:27:55Z
UgyZpbcHt3CYMSMA38x4AaABAg,@jmf2232,"Sheesh...I just heard ""meet the Graham's"" and then ""Family matters"" back to back. Here tf we go!! Rap gon be 🔥 this summer!",270,12,2024-05-04T12:23:32Z,2024-05-04T12:23:32Z
Ugz8TFkhIbPxc00d51x4AaABAg,@kevinbrown8591,This video been stuck at 50 million for a year this shit being suppressed,18,2,2026-04-25T16:25:51Z,2026-04-25T16:26:07Z
UgwFOed0EQKimUbWvCd4AaABAg,@henrykariuki3861,I used to pray for times like this,154,7,2024-05-04T06:54:17Z,2024-05-04T06:54:17Z
UgxKD8P6SoUjt_uRJKd4AaABAg,@isaacquazzo,"bro....he's crushing the car from the good kid, m.A.A.d city (Deluxe) cover",199,9,2024-05-04T04:54:24Z,2024-05-04T04:54:24Z
Ugwjo_1qBGGGPuqiGox4AaABAg,@davidmuse87,Who is back after The Heart part 6 dropped 😂 ? This is a great time for music fr.,509,24,2024-05-06T01:32:45Z,2024-05-06T01:32:45Z
Ugzc1zOlk-rsa4Vtb8h4AaABAg,@hanyello2056,iceman dropped.....and yeah he still on top lmao,18,0,2026-05-23T05:48:10Z,2026-05-23T05:48:10Z
Ugzv9v63C6B_hWLuAc54AaABAg,@Mulaar,""" You a dog and you know it. you just play sweet "" pure insanity! 😂😂😂",168,7,2024-06-13T19:33:15Z,2024-06-13T19:33:15Z
UgybunOTYmQIIGodgF94AaABAg,@Oranberryy,"idc about the beef, Kendrick and Drake js need to keep dropping these bangers 😭",281,8,2024-05-04T03:40:38Z,2024-05-04T03:40:38Z
Ugya_AAHHq72ofBLL_t4AaABAg,@trevonnebell954,I love how through the course of this song A$AP just causally being dismantled 😂,502,22,2024-05-05T22:14:51Z,2024-05-05T22:14:51Z
UgyB2vZ0W3R9AO4G8HF4AaABAg,@arthurhyatt8964,Best song of the beef imo,31,0,2026-06-13T20:22:06Z,2026-06-13T20:22:06Z
UgziypOXdPpGfMqmbB54AaABAg,@lambo_mercy,"""Your daddy got robbed by Top, You Stunna and Wayne like father like son""  

That's cold lol🥶🥶🥶",170,9,2024-05-04T03:51:51Z,2024-05-04T03:51:51Z
Ugylff_YX_1hXiy3fpp4AaABAg,@Luodai235,"Is this the hardest Drake has ever rapped? Feels like it to me, this was nice",277,12,2024-05-06T05:03:32Z,2024-05-06T05:03:32Z
UgzbPw9zlVH-RkZ3uaR4AaABAg,@edmilsoncarvalhobiza3236,The Drake we wanted on the For All the dogs album,143,4,2024-05-04T08:56:55Z,2024-05-04T08:56:55Z
UgzchZW68R3jzLC_gv14AaABAg,@rikitikitavi7454,Back pedal gang in here HEAVY,29,1,2026-05-07T01:51:31Z,2026-05-07T01:51:31Z
Ugx-ELvlMPI3BVXSh8p4AaABAg,@drpanda4186,drake been holding those lines against the weeknd in for a while 😂,129,2,2024-05-04T03:23:14Z,2024-05-04T06:16:53Z
Ugx5-xzZ_JulusmuQ0J4AaABAg,@leslieleslie2020,Ngl this is so underrated,196,6,2024-05-17T04:33:40Z,2024-05-17T04:33:40Z
UgxQ3YguQ6I1R-sr2GV4AaABAg,@Digitalizedx,Weeknd music getting played in all the spots where boys got a little more pride was wild,241,10,2024-05-22T04:38:30Z,2024-05-22T04:38:30Z
UgxGNaMsqwnR4ez2odN4AaABAg,@noobfr0mpk222,"Folks followed the trend against the boy instead of digging deep, ""but the boy prevails"" 🥂",6,0,2026-06-08T02:43:56Z,2026-06-08T02:43:56Z
Ugx7JazKgeW9Zbdwuf14AaABAg,@belly_hacks5284,That last track from 5:17 should be it’s own song.,143,3,2024-05-06T22:48:22Z,2024-05-07T08:22:06Z
UgzzripRfPARZZE5xyh4AaABAg,@opwonyamaxwell8966,Black messiah wifing up a mixed race queen 😅 is wild,351,27,2024-05-04T11:05:55Z,2024-05-04T11:05:55Z
Ugwie9iiAH9NBj68IfB4AaABAg,@ammar_FW,That was like a 4 different types of drake on a single track ❤🔥,120,4,2024-05-04T04:42:43Z,2024-05-04T04:42:43Z
UgxYjFlRmMC_NbWtEG94AaABAg,@WTHALIBURTON48,I ain’t going to lie Drake slid on the mfer. The people sleeping on this one.,15,1,2026-06-23T13:34:42Z,2026-06-23T13:34:42Z
UgzfU0ELLkJa9RxAMX54AaABAg,@InDaMixMedia-cs5nb,Ngl rap needed this beef because im tired of get it sexy 😭💯,162,2,2024-05-06T01:41:11Z,2024-05-06T01:41:11Z
UgzRo8ZtklM4ur90rnt4AaABAg,@TheIconReel,“These bars go over Kenny head no matter what I say” just clocked this is another Kendrick short joke lol.,225,14,2024-05-10T17:42:54Z,2024-05-10T17:42:54Z
Ugxn4GhkS0SyGQKZisB4AaABAg,@jodykurdi,How was this a MONTH ago?!,1049,19,2024-06-10T00:59:58Z,2024-06-10T00:59:58Z
UgzWjxuEcBU7jhYyPvt4AaABAg,@yohanajohn123,I heard he write this song by only him self. Drake Is genius 🔥🎉,7,0,2026-06-06T15:07:16Z,2026-06-06T15:07:16Z
UgycYg5jxddlZGHguq14AaABAg,@adrik1141,Crushing the GKMC minivan is crazy,316,12,2024-05-04T03:09:56Z,2024-05-04T03:09:56Z
UgwWQm5lxSab1oX5dfJ4AaABAg,@bigjohnson721,Man what a time to be a hip hop fan🔥🔥🔥🔥🔥,125,1,2024-05-04T03:09:47Z,2024-05-04T03:09:47Z
Ugx5XllpwHzzZgl1_jl4AaABAg,@brycezimmerman884,Three beat changes in a song is tough… Kendrick and drake keep dropping bangers it ain’t about the beef for me,106,4,2024-05-04T12:12:10Z,2024-05-04T12:12:10Z
UgzhihSDoC2qtJDsqz54AaABAg,@SfisoNdlovu-m5h,King of hip hop ❤,7,0,2026-07-14T19:57:59Z,2026-07-14T19:57:59Z
Ugzj1nml1goSdPPHeyR4AaABAg,@treygachette8564,3rd beat is a blessing.,697,16,2024-08-06T19:57:20Z,2024-08-06T19:57:20Z
UgwZmSXLerlmMv4_BAx4AaABAg,@phillie2685,It’s definitely not over. I cannot wait for the next Kendrick track. WHAT A TIME TO BE A HIP HOP FAN!,119,3,2024-05-04T03:35:08Z,2024-05-04T03:35:08Z
UgxMlYIHIEq-HA6p9QF4AaABAg,@sandiletwala3001,Okay targeting someone's woman that you proposed to in 2015 and haven't married her yet is actually crazy. Okay IMO Drake snapped on this one,124,6,2024-05-04T13:05:45Z,2024-05-04T13:05:45Z
UgzQEHV52dSklEm69i94AaABAg,@IshaBoyTV,Family matter washes every song in the beef. He killed everyone in this track.,7,0,2026-06-12T12:05:18Z,2026-06-12T12:05:18Z
UgxOZ1HHwR0ei5uOXFx4AaABAg,@deshanegordon91,This moment in time is so classic for hip hop. I'm loving it,173,3,2024-05-04T03:30:05Z,2024-05-04T03:30:05Z
Ugxq3d7BCtk23rrbD-h4AaABAg,@mannyavalos7165,Not Only does Drake Diss K Dot with these songs but in the process they are bangers to get Lit/Turnt to. I fxk with that! 🔥🔥🔥🔥🔥🔥,108,4,2024-05-06T05:52:14Z,2024-05-06T05:52:14Z
UgzT-uh7IDWbW1qR2QN4AaABAg,@leonolinga2834,"This beef just resurrected the best rapping version of each side 🔥🔥🔥, whoever wins wins 🔥👊🏾",113,6,2024-05-04T07:11:56Z,2024-05-04T07:11:56Z
UgzQwtCqpuh-1C2Lf4J4AaABAg,@TaylerLewis-c9i,This a top three diss oat,14,0,2026-08-09T22:28:10Z,2026-08-09T22:28:10Z
Ugx-yjuqjPK4PNcNhEV4AaABAg,@truthtortoise3829,That last beat/flow is so good,152,6,2024-05-06T14:12:40Z,2024-05-06T14:12:40Z
UgzxCPG2cxqoaLsPs954AaABAg,@b0rrista,"""ya man a lil k, we call that shit a mini drake"" i cant lie that bar hard asf 😂",105,7,2024-06-06T11:56:03Z,2024-06-06T11:56:03Z
UgwB5u4fXlLTnDeUXzl4AaABAg,@Slimathon281,Nah why he come at Rick Ross like that 😂”ozempic got a side effect of jealousy “,158,6,2024-05-04T11:11:58Z,2024-05-04T11:11:58Z
Ugw3bLLl2-Krw5UA3G94AaABAg,@JaleikSmalls,Aye the 2nd song is diabolical,10,0,2026-05-10T10:48:40Z,2026-05-10T10:48:40Z
UgyfhzSrGQu5Rdx0ko94AaABAg,@Yaefresh72,Cancel that vacation my boy 😂😂😂😂,623,37,2024-05-05T05:20:16Z,2024-05-05T05:20:16Z
UgyMc8WLobfM1pRU7OZ4AaABAg,@masakisako4274,"The 3rd beat is best in this whole beef,the visual also good,this song might underrated now but will get more praise in coming years.",203,13,2024-05-07T02:18:00Z,2024-05-07T02:18:00Z
Ugy2JbjtMYQrP4DzJEV4AaABAg,@Cripwalkgandhi,These 2 brothers make a man wanna keep living,153,7,2024-05-04T05:37:17Z,2024-05-04T05:37:17Z
UgwUlqFn41_YX1R4hfF4AaABAg,@Abdirashiid90,The Dude Who Cooked Dis Beat is already gone RIP TAY KEITH,8,0,2026-06-20T04:14:09Z,2026-06-20T04:14:09Z
UgyBeHGuSj-7K4v72M14AaABAg,@moseschikungu,Yoh drake drop man it can't end like this 😭😭,269,21,2024-07-05T13:59:59Z,2024-07-05T13:59:59Z
Ugy30R9MU09PxrI99NZ4AaABAg,@codym3762,These drops got me up after a 12hr work day 😅🎉,169,3,2024-05-04T07:18:07Z,2024-05-04T07:18:07Z
UgwjQ7wxt0FY__WtNl14AaABAg,@ishmaelblack3306,This is the best track Drake dropped in a long time,142,8,2024-05-04T17:55:16Z,2024-05-04T17:55:16Z
Ugy1rLgxo757JRUpBbd4AaABAg,@therealtj,Ts was top tier can’t lie,9,0,2026-08-14T03:52:26Z,2026-08-14T03:52:26Z
UgypHbCD58-Is73wM_Z4AaABAg,@AceKilledGaming,The visuals is like a diss within itself😮!,192,6,2024-05-04T07:24:45Z,2024-05-04T07:24:45Z
Ugzx80JFLOBAEm3QvVR4AaABAg,@BFree775,That flow at the end tho 🔥,226,10,2024-05-05T04:04:49Z,2024-05-05T04:04:49Z
UgwO4FjlOvgf2O1gqDB4AaABAg,@sergiovelazquez9799,Idgaf that van getting towed  through Toronto is crazy!!,219,15,2024-05-15T21:40:47Z,2024-05-15T21:40:47Z
Ugyk1F8ySdzXoUuNnTV4AaABAg,@sosajohn1,Still so hard,20,0,2026-05-26T22:17:00Z,2026-05-26T22:17:00Z
UgxHkJIXdI-0awS5qv94AaABAg,@jahcosmey5985,I like that they are giving peak music in their respective lanes . Hip hop and hip pop,113,2,2024-05-04T03:32:14Z,2024-05-04T03:32:14Z
UgyOKRm53noNmqlIXb14AaABAg,@OGDEEZAL,Two of the absolute goats dropping classic after classic. Used to pray for times like this…,233,6,2024-05-04T05:20:50Z,2024-05-04T05:20:50Z
Ugxj_6K19ufBhepKUTd4AaABAg,@wankuwan,Why He do Officer Ricky like that 🤦🏾‍♂️😂,381,4,2024-06-18T19:00:07Z,2024-06-18T19:00:07Z
UgzIHNvgczDsCS7FRq14AaABAg,@SHEABUDDHA,"It's almost May 3rd again...
2 years is crazy!
What a night! 
What a week for hip hop!",6,0,2026-04-26T19:27:53Z,2026-04-26T19:27:53Z
UgyUXkKnJ9GQ3MP2nnp4AaABAg,@BigJon22091,R.I.P to the poor Caravan that had to be sacrificed for this banger. 😔🔥🔥,105,3,2024-05-04T16:05:51Z,2024-05-04T16:05:51Z
UgyTciV087UBzVm2pX94AaABAg,@MrNuttybones,This composure from drake he raps like he really not bothered from Kendrick lyrical assault and his psychologically tactics these artists are playing chess & from a fan standpoint it doesn’t look like it’s even gonna end,125,6,2024-05-04T07:44:13Z,2024-05-04T07:44:13Z
Ugzg5ZhhpF_PkjYhCuR4AaABAg,@MarkaylaCarswell-nj6oj,Never thought I’d be rooting for both of them …,167,10,2024-05-04T06:11:54Z,2024-05-04T06:11:54Z
UgzafBmBNX_h4VTyQuN4AaABAg,@830vonchi6,Ngl this shit was tough af and ngas baited for some bs 😂😂,12,0,2026-04-27T15:27:55Z,2026-04-27T15:27:55Z
UgzDlqJNRDNU5U65_OZ4AaABAg,@ThEBookOfSwantEGawD,Damn drake why you do that to the good kid mad city van 😂😂,489,15,2024-05-04T04:41:09Z,2024-05-04T04:41:09Z
UgxPsCr9ISaftVUnLId4AaABAg,@seankeez4021,"I think Kdot got this man packed up, but I can’t pretend like these tracks aren’t fire",126,12,2024-05-05T12:44:52Z,2024-05-05T12:44:52Z
UgxEGA3VigNH3yz8SvJ4AaABAg,@trooperdogg11,Bro why is no one talking about he absolutely violated The Weeknd in this track,297,14,2024-05-05T09:49:43Z,2024-05-05T09:49:43Z
Ugw6ioDfcN2TP1pwyDp4AaABAg,@Victor-fb2ik,The fact he addressed EVERYONE. This is the damn goat,3,0,2026-06-05T04:22:13Z,2026-06-05T04:22:13Z
UgwHaPChKl_I4l2r60R4AaABAg,@jaesall3519,""" when you put your hands on your girl, is it self defense cause she bigger than you"" lol 😭😭😂 no he didn't",301,14,2024-06-17T03:06:13Z,2024-06-17T03:06:13Z
UgzmQI794Qs8vtcCVwN4AaABAg,@bluemustard01,DRAAAAKEEEEEEE!!!!!! This is the Drake we knew!!!!!!!!!!!,118,12,2024-05-04T07:34:53Z,2024-05-04T07:34:53Z
UgwX-8eKjwI_jddEIRx4AaABAg,@williamm.653,They make excuses for ya cause they hate to see me lit…,181,2,2024-05-22T04:15:49Z,2024-05-22T04:15:49Z
UgxunCSsdPUNIzn89vR4AaABAg,@Sam_0316,Ate Kenny up w this one,15,1,2026-06-19T23:55:44Z,2026-06-19T23:55:44Z
Ugy5TERO7O7Yg4VPZ4J4AaABAg,@Hakeem2Fresh,Dis shit been in rotation sense it dropped,161,11,2024-05-23T22:01:58Z,2024-05-23T22:01:58Z
UgzmvUmi6NHPIpagU354AaABAg,@nsh_mdn,ITS MID AGAIN😂😂😂😂😂,98,3,2026-01-16T06:28:33Z,2026-01-16T06:28:33Z
Ugwy9OGXroXn0bVyBk14AaABAg,@BladedBishop,"I love this back and forth rap battle. Bring on them hits!!! No violence needed, just rap beef. Keep it competitive and lyrical.",105,3,2024-05-04T04:30:37Z,2024-05-04T04:30:37Z
Ugy8q0429BRvRastvzp4AaABAg,@IŁÏVËIŊ2093,One day they will appreciate the greatness in this song.,3,0,2026-09-02T16:43:53Z,2026-09-02T16:43:53Z
UgzLMq1ERprEFkSos_d4AaABAg,@bobsaget832,This was the best track drake has dropped in this beef yet. Good shit. Now I’m really stoked to hear Kendrick’s response,107,13,2024-05-04T14:31:39Z,2024-05-04T14:31:39Z
UgwvoOZpEVWEIqmXKkh4AaABAg,@Notsofluffyy,Kendrick dropped 😂 what a time to be alive,114,8,2024-05-04T04:22:12Z,2024-05-04T04:22:12Z
Ugz7KG6AufZqTpWdj6Z4AaABAg,@YvngSwag,Uh oh 😂🔥🔥🔥 This back and forth is fye ngl,141,5,2024-05-04T03:16:32Z,2024-05-04T03:16:32Z
UgwsZHyOPjDxP7YzLiB4AaABAg,@tinonyabereka6993,"He went hard, damn!!!",7,0,2026-08-24T12:50:28Z,2026-08-24T12:50:28Z
Ugw6Eu1qLQCikc3nT6V4AaABAg,@zzopwokk,"Where’s your uncle at , I wanna speak to the man of house 😂😂😂😂",320,12,2024-06-01T22:25:07Z,2024-06-01T22:25:07Z
UgznYRXZbHbflStQ3lN4AaABAg,@tevingoodman4478,4:42 Leland Wayne lol 😂 man used Metro government name,145,6,2024-05-04T03:36:46Z,2024-05-04T03:36:46Z
UgzuUanrVrQFMlXux3p4AaABAg,@cristianreyes8288,As a kendrick fan im sick to my stomach bruh 😭 these allegations are fucked. But as a rap fan im fucking shaking with excitement 😂,108,10,2024-05-04T04:23:20Z,2024-05-04T04:23:20Z
UgyZFsu_oNF0Zv3xkoR4AaABAg,@MrLoudLove,This still the best track of the battle to me 🔥🔥,6,0,2026-05-09T19:27:16Z,2026-05-09T19:27:16Z
Ugy88PcrxjugTvu0ee54AaABAg,@_thk,This is getting treated like Duppy Freestyle. Just because the next track obliterated doesn't mean this one isn't great,107,42,2024-05-10T16:18:46Z,2024-05-10T16:18:46Z
UgztciJm66whoFhmWTt4AaABAg,@domin0_3ffect62,Kendrick just opened his mouth,105,4,2024-06-13T21:35:52Z,2024-06-13T21:35:52Z
UgxFuxFTQr_igWOf8Wd4AaABAg,@abdinur7811,7:04 This is a cut scene from GTA6,127,5,2024-05-04T10:45:21Z,2024-05-04T10:45:21Z
UgzhimveayNpjivXGKZ4AaABAg,@Foxbody_dreams,Shit goes hard,10,0,2026-08-14T20:48:25Z,2026-08-14T20:48:25Z
UgzGQbGzQlA7p-GPyxp4AaABAg,@SherwoodSavage225BR,It’s 3am who up jamming this 🔥,208,10,2024-05-04T08:01:00Z,2024-05-04T08:01:00Z
UgzryhSg6PtEYOAIDKZ4AaABAg,@candimorgan3370,This song is a banger,109,6,2024-09-08T18:19:51Z,2024-09-08T18:19:51Z
Ugxm2rl3IbLomUJtQwF4AaABAg,@RobroKurumi,2:55 THAT BEAT SWITCH NASTY ASFFFFFFFFFFFFF,105,3,2024-05-04T03:29:53Z,2024-05-04T03:29:53Z
Ugy3zhbf6aVzq9etC0Z4AaABAg,@blkcondor,This grew on me.,7,0,2026-07-22T01:38:07Z,2026-07-22T01:38:07Z
Ugw0cb4qvLPAX0TDtOZ4AaABAg,@Ilm913,Asap got done so dirty 😭😭😭😭,104,12,2024-08-04T11:50:53Z,2024-08-04T11:50:53Z
Ugyc0fFfToPBb_8lM0h4AaABAg,@eclipsetho_,"2:31 something i noticed. drake is destroying the same car model as the van from good kid maad city, a kendrick album. drake was also a feature on that album",120,8,2024-05-04T03:20:22Z,2024-05-04T03:22:32Z
Ugw03WxNvIZlDgLmvIV4AaABAg,@bigpapi8616,I see why they hate Drake 🤣🤣🤣🤣🤣,210,5,2024-05-04T20:08:55Z,2024-05-04T20:08:55Z
UgxX2b-Sn8bwt1YCHOR4AaABAg,@2SharpeFilms,That second song is fire,8,0,2026-06-07T14:38:07Z,2026-06-07T14:38:07Z
UgxoT-5XpvUtCRC_3fR4AaABAg,@zayn1902,2:05  Drake wtf💀💀,131,9,2024-05-04T10:58:20Z,2024-05-04T10:58:20Z
UgwRXLu86nAB5Un31c14AaABAg,@djcrazybeast5277,5:41 RIP TUPAC🗣️‼️,111,4,2024-05-04T03:39:29Z,2024-05-04T03:39:29Z
Ugz_wjPgCdYLL95_ZWR4AaABAg,@QuashettaEdwards-qm2ub,"We get it, you think that you Bishop from Juice 😅😂",253,16,2024-07-28T15:09:47Z,2024-07-28T15:09:47Z
Ugxwrky5gqrcjXdSMA54AaABAg,@OLDKAGE340,Drake never lost,9,0,2026-06-18T22:33:56Z,2026-06-18T22:33:56Z
UgwluRtvMVfCZi5Kuex4AaABAg,@prod.dormin,RIP TAY KEITH!,12,0,2026-06-19T05:57:56Z,2026-06-19T05:57:56Z
UgwQBs89972QemoDBs54AaABAg,@threeminkrugs9262,Last verse is surgical,10,0,2026-06-02T13:58:38Z,2026-06-02T13:58:38Z
Ugy5SocbK-cO_GLsN7h4AaABAg,@Mzeephore1,Who’s here after ❄️🧊?,135,3,2026-05-21T16:01:12Z,2026-05-21T16:01:12Z
Ugz2E7GNJiaOlU4Juup4AaABAg,@tbilly-q3z,"The 2nd part is the best diss of all time don't @ me, diabolical beat",8,0,2026-05-19T19:46:02Z,2026-05-19T19:46:02Z
UgzkPGcm4TM73NgPqsB4AaABAg,@Aplus.23,he wiped down this track,7,0,2026-05-21T14:42:38Z,2026-05-21T14:42:38Z
Ugxc1449xdaNb3DBRtd4AaABAg,@E-MHA-Animé,Rip 🪦 Tay Keith 🙏🏽🙏🏽,10,0,2026-07-31T15:38:03Z,2026-07-31T15:38:03Z
UgygbUjOQRxfLbR5G8N4AaABAg,@DynamicsSocials,Now people realize Drake went in,4,0,2026-09-11T08:56:40Z,2026-09-11T08:56:40Z
UgwR6CzcNk9nLQVyVA14AaABAg,@ColdPill25,ICEMAN MAY 15th let’s GO,7,0,2026-05-07T13:34:16Z,2026-05-07T13:34:16Z
UgzLWTfKltNFijyA4M14AaABAg,@abrahamgonzalez8270,Drake is evil in a savage way 😂,6,0,2026-06-12T01:23:17Z,2026-06-12T01:23:30Z
Ugy-QlGRki6brAtJ4dV4AaABAg,@zacc4019,4:16 shit aged so well 😂😂,6,0,2026-06-03T22:58:10Z,2026-06-03T22:58:10Z
UgwaOyR28wh0TXMfttx4AaABAg,@Snowwpax,drop drop drop!!🧊🧊🧊the ice that never melt,6,0,2026-04-23T14:04:19Z,2026-04-23T14:04:19Z
UgzwcDpLcNxF6BvqL_R4AaABAg,@BrownSanga-l1w,From ICEMAN am here again 😅,9,0,2026-06-20T06:06:41Z,2026-06-20T06:06:41Z
UgyejpTh454swQNiPgl4AaABAg,@KAOTER,"I hope that this one, would be at least properly recognized after Iceman.",6,0,2026-05-28T13:05:04Z,2026-05-28T13:05:04Z
Ugw_6j1xgXG1H7aK1_F4AaABAg,@Sonshinechulo,He slaughtered the whole game and y’all didn’t even know it 😔,7,0,2026-05-28T02:44:20Z,2026-05-28T02:44:20Z
UgzRdpKPfZ_38-GBlp14AaABAg,@heisblue_0,This song still goes hard.,6,0,2026-07-06T15:46:40Z,2026-07-06T15:46:40Z
UgwHEkjN7BVa9aWRLmx4AaABAg,@montydonjuan,The classic G-unit spinner chain🔥,5,0,2026-08-09T09:20:38Z,2026-08-09T09:20:38Z
Ugxt7vKa7Wd9pJ3df6B4AaABAg,@chrisbradshaw6099,this track is landing so much harder lately,5,0,2026-06-01T18:11:26Z,2026-06-01T18:11:26Z
Ugzl13YkkbDhlGzrUeJ4AaABAg,@MentalWellnessWithWaihiga,"Drake, please keep rapping like this. It's hilarious 😂😂😂😂 Gosh I laughed, and it's HARD!",5,0,2026-05-27T19:56:17Z,2026-05-27T19:56:17Z
Ugw_QqTJ66OPixj3e8R4AaABAg,@Kjell-bq5lg,Definitely the best track of all the disses,13,2,2026-08-04T07:00:01Z,2026-08-04T07:00:01Z
Ugwf2xW5Lf9sO7Z-Is14AaABAg,@SeperationSciencebyCJ,"The back half of this is so fire I wasn’t really feeling the first part, but that drill in the middle goes so hard",4,0,2026-04-26T13:10:23Z,2026-04-26T13:10:23Z
UgwRqYEBD4A5GE5POlh4AaABAg,@AustinPowervich,Back in august 2026. Still heat🔥,6,0,2026-08-07T00:46:24Z,2026-08-07T00:46:24Z
UgzDNBg6sCL04p0g9DN4AaABAg,@BleedDodgerBlue,"Aged like fine wine, no lies told on this track",18,0,2026-05-29T01:48:45Z,2026-05-29T01:48:45Z
UgxLtNN7OgMZjsXrDTl4AaABAg,@rasulihefner,Had to come remind myself of what we already know….. 🐐,31,1,2026-05-09T11:20:57Z,2026-05-09T11:20:57Z
UgxBEhsnP-t7bdiR0Ud4AaABAg,@Professor_Bel,This won the beef idc.,25,1,2026-04-23T14:10:27Z,2026-04-23T14:10:27Z
UgxJPE2TjzFRqZ6ja_t4AaABAg,@BigERA96Tv,11 months later this mf still hard,5,0,2026-05-29T20:59:49Z,2026-05-29T20:59:49Z
UgyR0qCvn-M3fzNe_sZ4AaABAg,@lysis_mel,"I'm here, still slaps 😢",24,0,2026-05-07T20:38:18Z,2026-05-07T20:38:18Z
Ugw8sMzPZiw-_Iv1n8d4AaABAg,@0APHR0D1TE0,This song goes fire as hell at the start of his line ohhhh shiii,5,0,2026-07-13T00:49:16Z,2026-07-13T00:49:16Z
UgwxEenVizluPZ3-imB4AaABAg,@TheeMichaelMathis,happy 2 year anniversary still the best diss track of the beef,6,0,2026-05-03T18:05:39Z,2026-05-03T18:05:39Z
UgzWmqrwB6ctJv6N7DF4AaABAg,@VoicesxVisions,"wtf , drake killed everybody 😂😂",6,0,2026-04-30T08:05:09Z,2026-04-30T08:05:09Z
UgzyqJEHlPNVR74UdiJ4AaABAg,@robynh6278,This aged better than a glass of Caymus…gracefully and better with time! Salute the boy from the 6🥶,3,0,2026-05-29T21:38:11Z,2026-05-29T21:38:11Z
UgxE-WkbElDL7spqKz14AaABAg,@shannonjames5,🧊🧊🧊🥶🥶🥶 Iceman Turned!,10,0,2026-05-31T20:46:58Z,2026-05-31T20:46:58Z
Ugw0Kg9PJ0LLcWdUUFh4AaABAg,@M-ck5mr,weeknd music gettin played in all the spots where boys got a lil more pride,6,0,2026-08-14T01:02:44Z,2026-08-14T01:02:44Z
UgyLYcyoLH7vWOjgD_14AaABAg,@DjsjksJridj,Best track of battle between both,4,0,2026-04-23T08:00:28Z,2026-04-23T08:00:28Z
UgzcOZYDo6F-wcWOHMp4AaABAg,@xDeano543,How im i just hearing this now,6,0,2026-06-14T12:01:50Z,2026-06-14T12:01:50Z
Ugxh6uW2chEe2bzEiBd4AaABAg,@Currentlydusk,Drake had some funny ass disses looking back at it,4,0,2026-05-14T09:42:09Z,2026-05-14T09:42:09Z
UgxzIpT-M5YUh5P_ldV4AaABAg,@holedem26,We didn’t give this enough credit. Still hits,3,0,2026-09-05T22:20:06Z,2026-09-05T22:20:06Z
UgylVi7DN9JDFm3a0-d4AaABAg,@SaintSkeezy,Bro this song really fuckin hard 😮‍💨,5,0,2026-06-04T13:27:57Z,2026-06-04T13:27:57Z
UgyK-iNmjdPsNQ_jnSN4AaABAg,@quuphoka3568,🧊🧊🧊🧊🧊🧊🧊🧊🧊🧊🧊 Iceman on the way!!!! We still here,7,0,2026-05-09T07:29:19Z,2026-05-09T07:29:19Z
UgxOtukluYj0FUyik9R4AaABAg,@donbelvedere,"""These bars go over Kenny head no matter what I say""",3,0,2026-04-26T13:47:44Z,2026-04-26T13:47:44Z
Ugzngh1qbf_fD0eSOBl4AaABAg,@kosaki10,He won the battle AND the war.,15,3,2026-06-05T08:56:31Z,2026-06-05T08:56:31Z
UgworlqVqrt38x4_aUB4AaABAg,@reefcloud3089,When my goat dont bot,6,0,2026-05-11T23:46:54Z,2026-05-11T23:46:54Z
Ugys6RvFcG-zx72tcJp4AaABAg,@Jaysilva054,Year later and shit still slaps,3,0,2026-04-26T00:09:18Z,2026-04-26T00:09:26Z
UgxF1LjnzPE85YuoCRp4AaABAg,@duppy404,Wish Iceman was this good😭,6,0,2026-05-15T14:08:16Z,2026-05-15T14:08:16Z
UgwgFXexVAJ6kFcRaiF4AaABAg,@ChellapoALT,Drake the only rapper to regard a rap beef as tea 🤦‍♂️ 0:45,6,0,2026-07-05T10:30:38Z,2026-07-05T10:30:38Z
Ugz-AAH_pDvMH1yhrZZ4AaABAg,@_4lifers,Masterpiece,6,0,2026-08-20T03:09:20Z,2026-08-20T03:09:20Z
Ugxc1mety_aCEz7Zgmt4AaABAg,@davidgunii,I'm glad this is aging like fine wine!,3,0,2026-04-25T08:22:04Z,2026-04-25T08:22:04Z
UgxhRAcykG0OJwuLfbN4AaABAg,@Ray81194_mw,This was hard 🔥🔥🔥,4,0,2026-06-11T10:36:23Z,2026-06-11T10:36:23Z
UgwqCXF7q0erb6MlnFF4AaABAg,@FUTUREHendrixx77,Family Matter is Tough🥶🧊🧊,9,0,2026-06-14T05:53:15Z,2026-06-14T05:53:22Z
Ugzn_On4bJju9a7hb3d4AaABAg,@NoMotionNoprogress,Not gone lie crodie sliiid,8,0,2026-08-14T01:03:48Z,2026-08-14T01:03:48Z
UgwiifTFyu72jjRYK494AaABAg,@andrewvalencia188,Drake won 🔥,9,0,2026-08-23T09:11:06Z,2026-08-23T09:11:06Z
UgwKQHDedtrrNLEb6c14AaABAg,@beltuanihdearaujo7896,"This was the preparation for Iceman 🧊🥶

RIP Tay Keith 🙏🏼",4,0,2026-06-22T02:50:24Z,2026-06-22T02:50:52Z
UgyoLzitmI9Jzf5uBmp4AaABAg,@WarBabyy04,Who’s here after ICEMAN😂?,11,0,2026-05-19T07:18:01Z,2026-05-19T07:18:01Z
Ugxg0k4MWLLTaFrZSup4AaABAg,@davveKE,Best song overall from this beef💯,36,2,2026-05-27T23:50:34Z,2026-05-27T23:50:34Z
UgwmhVEzxybycHOoTWN4AaABAg,@Doggmentry,"Now that the narrative changed and listening again
damn he actually won 😂😂😂",20,0,2026-06-13T14:54:37Z,2026-06-13T14:54:37Z
UgxrnuGEALgZcgCu1HR4AaABAg,@KJLW6157,Who’s here after Ross backpedaled?,40,1,2026-05-09T23:10:28Z,2026-05-09T23:10:28Z
UgwRZN9gdJI7EL2OeDl4AaABAg,@clintonmudau6192,Legendary...,6,0,2026-06-28T05:14:13Z,2026-06-28T05:14:13Z
UgyolUgS4szLp93pmst4AaABAg,@TayWickery,AGED LIKE FINE WINE,25,1,2026-05-28T05:10:53Z,2026-05-28T05:10:53Z
UgxXyEMQSaXJhIe-Qhh4AaABAg,@KillerKlown318,"I dont really like Drake but I'm not gone front, this was really good.",8,0,2026-05-16T11:50:31Z,2026-05-16T11:50:31Z
Ugwk1F44U-zmRvBpnF14AaABAg,@JohnDoe-r6z5v,Here after the hacker 🙏,9,0,2026-07-27T02:57:32Z,2026-07-27T02:57:32Z
UgzTBUjX2oFjkGqUC_94AaABAg,@zz-rb4bc,"I can't believe this whole beef was over 2 years ago, these were some great times.",7,1,2026-05-23T22:25:52Z,2026-05-23T22:25:52Z
UgwkEioqPyh0nbQwZGd4AaABAg,@royalprince10,Best song in the whole beef,46,4,2026-07-05T13:02:01Z,2026-07-05T13:02:01Z
UgwJUI3nJ0odfd67aGx4AaABAg,@Gohan_wav222,Outside the beef and shit I would play this every single day,4,0,2026-08-02T00:08:13Z,2026-08-02T00:08:13Z
UgzxlLO-n6TfLiz2NmF4AaABAg,@paulosanchez6254,Maturing is understand that Drake actually won this war,34,3,2026-05-09T17:46:06Z,2026-05-09T17:46:06Z
UgyKZcQaIFSFy8oc3v54AaABAg,@Flowerz__,Almost 8 min diss is actually insane,3,0,2026-06-10T02:26:14Z,2026-06-10T02:26:14Z
Ugw5Eds4NBM008RTsBB4AaABAg,@ChebibSeven,RIP tay keith,6,0,2026-06-19T07:17:35Z,2026-06-19T07:17:35Z
UgxXReqsVtsPjJctf_J4AaABAg,@KasperGhost-j4g,This was the better song in the battle,7,0,2026-06-02T02:33:04Z,2026-06-02T02:33:04Z
Ugy7DD3S2ZW68j2t7_54AaABAg,@mrwhite4649,Little K we call that shit a mini Drake 😂😂,4,0,2026-05-31T19:25:21Z,2026-05-31T19:25:21Z
UgzVgz_sN6Yd4p6ASWF4AaABAg,@VAULTEXPERIMENT,ICE MAN 🧊🧊🧊🧊🧊🧊🧊,7,0,2026-05-11T21:06:39Z,2026-05-11T21:06:39Z
Ugz7MYiP-_JjtYLf5eB4AaABAg,@thetpy7235,All facts no 🧢....,18,4,2026-07-06T09:18:19Z,2026-07-06T09:18:19Z
UgyE7NL27_z_ICOjePp4AaABAg,@madelinegreen8932,This song is still so iconic,3,0,2026-06-12T16:04:03Z,2026-06-12T16:04:03Z
UgxzyaxF8jEkCZbKIQ94AaABAg,@alexlowther9621,almost two years later and still hits hard asf aged like fine wine. GOAT type shit,27,0,2026-04-29T11:35:24Z,2026-04-29T11:35:24Z
UgxOuudiOqTlg4w3lpR4AaABAg,@dontkallmekevin,if we had a day to just sit w this one man,3,0,2026-05-02T18:51:33Z,2026-05-02T18:51:33Z
UgywPC0vdCBlBGcP-5p4AaABAg,@Clemsontiger21487,Drake kills everyone else with this one,4,0,2026-05-22T23:11:17Z,2026-05-22T23:11:17Z
UgwOsIjpyeI-SilSP2J4AaABAg,@chaztiiized,Had to come back to this,7,0,2026-05-22T02:18:15Z,2026-05-22T02:18:15Z
UgxHGL54mI3A-gPIpOR4AaABAg,@ABOMINATION952,this beef lowk nostalgic,6,0,2026-07-07T00:28:30Z,2026-07-07T00:28:30Z
Ugze-eOqiURTnICZIQN4AaABAg,@ag3nt304,How can a diss be classic 😭,5,0,2026-04-22T17:37:29Z,2026-04-22T17:37:29Z
UgymMJfAI6UNJvVNLUl4AaABAg,@jbeltran8245,"Lowkey , this was the best diss song in the whole beef , like us just got the radio plays",32,0,2026-05-21T01:21:05Z,2026-05-21T01:21:05Z
UgzzbVpuwBnePOCwQk94AaABAg,@shiesty3543,RIP TAY KEITH,6,0,2026-06-20T06:19:48Z,2026-06-20T06:19:48Z
UgyAz50-R1rPiQNZr754AaABAg,@leomabry5231,Good Lord honestly how you didn't think Drake had the better bars though 💯🦍👑,6,0,2026-05-09T17:23:25Z,2026-05-09T17:23:25Z
UgwtThh4ztAqfugBALR4AaABAg,@gadhuonit,Had to come back before the ICEMAN drop,5,0,2026-05-14T10:19:27Z,2026-05-14T10:19:27Z
UgzkF8-T0QJ3uK9DVSt4AaABAg,@MauriceJohnsonJr-h6v,So after all the time has passed and people did they fact checking and not riding the wave of the hate drake train. Can people agree this is the best song of the beef 🤷🏾‍♂️💯👌🏾,15,1,2026-06-05T04:23:57Z,2026-06-05T04:23:57Z
Ugy6OmCIlo_KlWCSAaZ4AaABAg,@SamWalling22,This shit still hits so hard,4,0,2026-08-22T02:12:13Z,2026-08-22T02:12:13Z
UgxReHue1m3PCPQhRER4AaABAg,@AlvinSpinkstonIII,Growing up is realizing that this was actually fire asf 🔥🔥,19,1,2026-04-22T15:34:41Z,2026-04-22T15:34:41Z
UgyXfA06n-5WgDNMYBx4AaABAg,@YusufIbrahim-i2u,Who's here after Iceman?,62,2,2026-06-05T20:51:28Z,2026-06-05T20:51:28Z
Ugy_CvpUi5uj3WAmzd94AaABAg,@Djk-phonkie,"I'm back again listening to this sh*t while washing my clothes the last part really hits ĥard bro 😭🔥🔥 that part got kdot with scrotum 

This gotta be the best diss song in the  whole beef",4,0,2026-04-26T04:48:40Z,2026-04-26T04:48:40Z
UgxsvNdv8Uxuv7kO48F4AaABAg,@Ha_.zem007,Best diss oat,5,0,2026-04-29T23:36:27Z,2026-04-29T23:36:27Z
UgxBeoQHUZjNC3P7xcF4AaABAg,@danielvi981,Second part of this is no doubt one of the most energetic back to back bar combos in the history of rap. Holy shittt,2,0,2026-08-25T16:52:31Z,2026-08-25T16:52:31Z
Ugy14N1EdoKVujAHjVd4AaABAg,@NickStrager,"In this beef the W went to the fans 
These tracks still hit even years later",3,0,2026-06-01T22:31:36Z,2026-06-01T22:31:36Z
UgxuoJRXb3qT1uStamd4AaABAg,@AaliyahAlaart,❤❤❤❤ the song that ended the beef🫂😏,13,1,2026-06-28T11:32:07Z,2026-06-28T11:32:07Z
Ugx5VVCX6dlxli-gWGR4AaABAg,@joesanchez3012,best diss track of the beef go argue wit a wall,17,0,2026-05-27T21:06:40Z,2026-05-27T21:06:40Z
Ugx5O02VCzwP0ymzLwR4AaABAg,@adanflores1888,Who's listening to this gem right now?,5,0,2026-05-30T00:52:02Z,2026-05-30T00:52:02Z
Ugw5-hCCXGYpEOfaKwV4AaABAg,@Stephanie-o3u2s,Ngl this coulda been on iceman. Its still a perfect album imo,8,1,2026-05-25T00:06:05Z,2026-05-25T00:06:05Z
UgyLsEGVsYzyXN-nCKF4AaABAg,@moneyymakingmike,This shit straight pressure 🔥,4,0,2026-04-30T02:16:26Z,2026-04-30T02:16:26Z
UgwodfTpTYC_9bpw8uZ4AaABAg,@robthecommittee,"You can’t lie , this one was hard asf",17,1,2026-05-20T22:38:11Z,2026-05-20T22:38:11Z
Ugzb5da2hE_HEmXMvyl4AaABAg,@UShweHtun-o8t,Ngl this is HARD 🔥🔥🔥,4,0,2026-05-07T06:17:36Z,2026-05-07T06:17:36Z
Ugx2iUzD4K0ckBQVvqF4AaABAg,@Rayker2242,Felt just like yesterday,5,0,2026-07-27T10:22:54Z,2026-07-27T10:22:54Z
Ugwr_dtOPSD6N0C1zYB4AaABAg,@Gladdy_T,"Fire Track from the Iceman. 3 beats in 1 song styled 3 diff ways. Nice Flow, Cadence, Lyrics, and Delivery",4,0,2026-06-05T13:48:46Z,2026-06-05T13:48:46Z
UgwSCYyXHzWMvJhU01p4AaABAg,@earlcamus3056,This song feels even better after ICEMAN dropped.,23,0,2026-06-02T20:13:09Z,2026-06-02T20:13:09Z
UgwaqK6Ek8-K2xjkS854AaABAg,@zacheryraines1314,Repeat button doing work right now,14,1,2026-04-22T19:36:16Z,2026-04-22T19:36:16Z
Ugzp12noyF-aXZhy3CB4AaABAg,@moby4552,ICE MAN 🧊 🧊 🧊 🧊 5 more days  ⚰️🙏🏾,6,0,2026-05-11T20:49:25Z,2026-05-11T20:49:25Z
UgxRzja2DjA3gIHzXHp4AaABAg,@ArnoldTostado,This is my favorite song,5,0,2026-07-18T02:34:33Z,2026-07-18T02:34:33Z
UgwxXrZHuic3f96faDx4AaABAg,@maxwell9714,Whos here after Iceman???,61,0,2026-06-28T06:30:21Z,2026-06-28T06:30:21Z
Ugwn5IQsbsMUXygoNEx4AaABAg,@patrickbullen01,RIP TAY KEITH,7,0,2026-06-20T10:59:59Z,2026-06-20T10:59:59Z
UgzQ0pu6RqtEj04oaxZ4AaABAg,@wowwowwow7891,2026 favorite one from the beef,7,0,2026-08-01T12:20:22Z,2026-08-01T12:20:22Z
UgzUAc6KzcmogKVx4054AaABAg,@katlegomodiba2708,Thus is probably my favorite drake song,3,0,2026-05-29T04:30:45Z,2026-05-29T04:30:45Z
UgxRAQYbiuI_VWlyP0N4AaABAg,@CarolinaDude3,No lies heard,6,0,2026-06-17T18:30:53Z,2026-06-17T18:30:53Z
Ugynd7dZ21_NJJYls9t4AaABAg,@SandivCosta,still ts is so tuff,7,0,2026-08-07T08:22:01Z,2026-08-07T08:22:01Z
Ugw1a39lU4RsL9yOIsJ4AaABAg,@millztv6736,This shit is still crazy,4,0,2026-04-28T05:10:05Z,2026-04-28T05:10:05Z
Ugy8Xjl2qL6mRt12-XZ4AaABAg,@flrqqww,not a drake fan but this goes so fucking hard,4,0,2026-05-29T07:33:54Z,2026-05-29T07:33:54Z
Ugxty6MOj_J9QW9hLYB4AaABAg,@RadioWavesOfficial,Can't even imagine if Drake posted the 3rd part seperately after kendrick's diss instead.,5,0,2026-06-01T05:50:36Z,2026-06-01T05:50:36Z
Ugw141HutSYWWJ37Wyh4AaABAg,@JordanWilson-v4b,"Head to Delilah with all of my ice 
😢shit hard asf",6,0,2026-05-18T15:05:34Z,2026-05-18T15:05:34Z
UgwCyT4SXJHtjtp9uv94AaABAg,@Factsandknowledge-q4q,this hit more harder now 😂 drizzy my 🐐,4,0,2026-04-28T18:55:40Z,2026-04-28T18:55:40Z
UgwLlJ3U0iFt1Z8jyCh4AaABAg,@khotsomakhema,Man Drake is really cold 🥶,4,0,2026-05-20T15:18:51Z,2026-05-20T15:18:51Z
UgxNAkm-FD1vLxnh1tR4AaABAg,@Swagggoddy,Still here🤷🏽‍♂️,7,0,2026-08-12T22:45:04Z,2026-08-12T22:45:04Z
UgzLHe5JDBkmNfSFVDt4AaABAg,@davienstrong,"Given everything we now know about what went on during this beef, I can honestly say this shit was crazy😂",3,0,2026-05-06T19:22:06Z,2026-05-06T19:22:06Z
UgyCh75BYZXVsXzzgUF4AaABAg,@AudaciousMediaProductions,nah Drake won🔥,9,0,2026-05-10T13:28:45Z,2026-05-10T13:28:45Z
UgzV3iEWHbMCYzDrYzR4AaABAg,@jawanbruh1011,Drop drop drop drop drop a fifty bag for the mob in the spot 🔥😮‍💨,5,0,2026-05-25T18:46:43Z,2026-05-25T18:46:43Z
Ugybz-OE5oob8Pu6-qV4AaABAg,@Ninobrownfromthetown,The night this dropped was historic,3,0,2026-05-07T07:57:27Z,2026-05-07T07:57:27Z
UgwIWjvpZOUhVPLMGKh4AaABAg,@ItsCxxkie,Anyone notice how the final beat is literally look at me😂,6,0,2026-06-16T21:19:18Z,2026-06-16T21:19:18Z
UgwYbG4iRzaAqJKPTYd4AaABAg,@king_aries879,The second song STILL goes crazy,3,0,2026-06-17T18:23:55Z,2026-06-17T18:23:55Z
UgyDqvOXriiyYFWjReF4AaABAg,@pc2400,This hit so hard,5,0,2026-05-22T13:49:12Z,2026-05-22T13:49:12Z
UgxJPEWNQ0Yu0kWiewV4AaABAg,@lmaobruhb,Love this,6,0,2026-06-21T02:26:22Z,2026-06-21T02:26:22Z
Ugx5ZCahicUmmG6eEml4AaABAg,@wza223-fo3mc,he should've strategically dropped that 3rd track separately,5,0,2026-05-30T10:52:36Z,2026-05-30T10:52:36Z
Ugx0R2w5-dZJJ3_bGvt4AaABAg,@NeoClutch08,Drake the GOAT he won the battle,7,1,2026-05-01T18:17:31Z,2026-05-01T18:17:31Z
Ugy7aSouielOdZb8Rzt4AaABAg,@travishyatt3525,Pure flow state,5,0,2026-08-15T19:28:49Z,2026-08-15T19:28:49Z
UgzxUVZIdN7YcNVcS1Z4AaABAg,@jameschambers4243,Man this shit was great when it happened I miss they lil beef 😭😭,3,0,2026-05-24T13:01:52Z,2026-05-24T13:01:52Z
UgzVjl_7MHJsfTUBeIx4AaABAg,@ayoxmatt,This diss was the best one during the battle and also prophetic af,10,0,2026-05-21T09:33:23Z,2026-05-21T09:33:23Z
UgyESKyDl7qEQnn6PGx4AaABAg,@BrianKilpatrick-s4o,He’s flowing like always ❤❤❤❤❤. I like the fact that the CC is on the video. Great work.,3,0,2026-07-30T17:56:43Z,2026-07-30T17:58:53Z
Ugyj-MU3HbEe3kmUGD14AaABAg,@shaneyoung6263,Iceman 7 Days away!!,5,0,2026-05-06T22:08:23Z,2026-05-06T22:08:23Z
Ugzre4rexAHbYyjzaJx4AaABAg,@frvrhush,THIS WAS AMAZING OMG,4,0,2026-05-05T15:04:08Z,2026-05-05T15:04:08Z
UgynKZ_-hohVmiaXGo94AaABAg,@jtfastflash2643,This actually sounds better thennwhen I first heard it i just think we over seen it because we were waiting for something different but the song itself is kinda tuff,4,0,2026-07-03T00:36:55Z,2026-07-03T00:36:55Z
Ugztn5HwXU1QV1QSQFB4AaABAg,@imsosick75,This has to be his best song ever,8,1,2026-05-30T00:37:29Z,2026-05-30T00:37:29Z
UgzStkbvfpx26x7uz5F4AaABAg,@RTG_Global_Gang,This was the best track of the beef,23,2,2026-05-10T00:02:10Z,2026-05-10T00:02:10Z
Ugyat6xAqPOuL9RETDd4AaABAg,@mathiasbradshaw2900,Drake really put pen to paper here inno ✔️🏆,4,0,2026-05-26T02:08:00Z,2026-05-26T02:08:00Z
Ugy1F_p0gIih0ohqZGF4AaABAg,@OneSupa,Best track of the beef,22,0,2026-06-18T23:00:12Z,2026-06-18T23:00:12Z
UgxvALVbrQyR058NyK94AaABAg,@mrclapz1488,2 years later that boy still ICE cold ❄️ 🧊,5,1,2026-05-02T04:00:07Z,2026-05-02T04:00:07Z
Ugxc2wjdh3YYyOOOgKJ4AaABAg,@Adam-w6f8i,Rick ross got fucking cooked on this 😂,2,0,2026-05-06T15:43:43Z,2026-05-06T15:43:43Z
UgycMTE8w_47DCg3FhV4AaABAg,@chipperjones4194,Nga said Rick Ross was on ozempic and it got a side effect of jealousy 😂😂😂😂😂😂🔥🔥🔥🔥🔥🔥🔥,4,0,2026-08-23T18:07:08Z,2026-08-23T18:07:08Z
Ugz7Me20K2FIrnzmjFl4AaABAg,@ogmarimba,Neck broke from carrying the chain,11,2,2026-05-26T19:50:36Z,2026-05-26T19:50:36Z
Ugz05IIwYR4VzqpRBAZ4AaABAg,@sbaby-nv1dd,"man I'm not gnna lie, I kinda wish the last beat was saved for a song on Iceman, would've fit perfectly.",4,0,2026-06-11T22:45:29Z,2026-06-11T22:45:29Z
Ugz0B3IJaSkHguq5jMV4AaABAg,@hithere4289,YESSSIRRRRRRRR ICEMANNNNNNNNNNNNNNNNNN CANT WAIT THO,3,0,2026-05-05T02:47:29Z,2026-05-05T02:47:29Z
Ugzk15msuq_wHwZPc694AaABAg,@My_oh_face,"""Ross calling me the white boy and that shit kinda got a ring to it, cuz all these rappers waving white flags while the whole club fucking sing to it"" R.i.p 😵💀",3,0,2026-04-30T19:21:33Z,2026-04-30T19:21:33Z
Ugwijz6G9MsVuap_F1p4AaABAg,@ChristinaA-s9o,My boy ate !,6,0,2026-05-18T06:06:17Z,2026-05-18T06:06:17Z
UgwGgVgearU5W4H3N5d4AaABAg,@2phonebabymo,the spinning chain is why i love hip hop,2,0,2026-06-16T20:01:13Z,2026-06-16T20:01:13Z
Ugwy9w47qcaVz2Pmoa54AaABAg,@shepsel3832,This shit aged so well!!!,11,0,2026-05-20T12:10:55Z,2026-05-20T12:10:55Z
Ugxzq5F0F6d9u9WdziB4AaABAg,@TechQuentin,This was the best diss song in the battle. Probably the best diss song of all time.,16,0,2026-05-23T02:14:20Z,2026-05-23T02:14:20Z
UgydXgr29eMWWRvck4J4AaABAg,@says515,Mannnnnnnn this hit wayyyyy different. Shit still hard,3,0,2026-05-13T14:57:04Z,2026-05-13T14:57:04Z
UgyDSBofKSMXn71OTMp4AaABAg,@Immitter,Still flames 🔥,8,0,2026-05-22T17:48:59Z,2026-05-22T17:48:59Z
UgyCYMsykyH50PM7IdF4AaABAg,@simonecusumano3170,idgaf this one of the hardest drake tracks ever!!!,9,1,2026-04-25T07:47:46Z,2026-04-25T07:47:46Z
UgwYcceseZT28qgt9hp4AaABAg,@SlickG-y8j,So weird folks act like this 7 minute massacre dont exist 🔥🔥🔥🔥🔥,22,0,2026-05-27T23:25:10Z,2026-05-27T23:25:10Z
UgzzLogd2ym-iRqzdgd4AaABAg,@liukang3479,Best song of the beef,22,1,2026-04-28T12:59:16Z,2026-04-28T12:59:16Z
Ugw0_XIW96kl40nXRHN4AaABAg,@ogvektor,"""shake that ass for drake"" on a diss track is still insane",7,2,2026-05-24T06:14:00Z,2026-05-24T06:14:00Z
Ugz43UoBc_FNThwG9EJ4AaABAg,@darqchoclitmedia,Can’t lie this hits way more different now 😮,2,0,2026-05-06T07:25:27Z,2026-05-06T07:25:27Z
Ugxp8WamAHOdzfReQC54AaABAg,@Tru-don,Best diss track of the beef,20,1,2026-05-22T21:55:51Z,2026-05-22T21:55:51Z
UgzMvuPhg531LLOitRJ4AaABAg,@doeboycashout,2026 and I’m still Bumping This🔥🔥🔥,2,0,2026-05-03T18:20:28Z,2026-05-03T18:20:28Z
Ugy1lOA0mYsk9qmZZuZ4AaABAg,@fearxjay,Rip Tay Keith,5,0,2026-06-19T16:24:43Z,2026-06-19T16:24:43Z
UgwPXmj5dwl0dY1gxuB4AaABAg,@ClarkTheShark,The greatest beef of our generation.,3,0,2026-07-03T03:35:15Z,2026-07-03T03:35:15Z
Ugy5swnlpEwbGR4m4V54AaABAg,@XC3Beats,This wins it for me.,4,0,2026-05-23T10:27:54Z,2026-05-23T10:27:54Z
Ugwattf1aTRuClyqSIN4AaABAg,@CanaanHenson,yall finally wanna admit who really won the beef lmfao🤐,8,0,2026-05-01T07:48:53Z,2026-05-01T07:48:53Z
UgyEO4Prz8GYtfGqQit4AaABAg,@abrorr,Who’s here after Iceman dropped?🥶🥶🥶,50,1,2026-05-16T20:53:39Z,2026-05-16T20:53:39Z
Ugxi2vCkmEi5YXeK6GZ4AaABAg,@parappaderappa,2 years ago 🥹,5,0,2026-05-03T14:01:59Z,2026-05-03T14:01:59Z
UgwiOv8H7yws05-j8b14AaABAg,@neofan99,RIP Tay Keith❤,5,0,2026-06-19T17:02:22Z,2026-06-19T17:02:22Z
UgzNmLiB4vegX0Wm0ul4AaABAg,@bhongonkumanda7630,The second part is my favorite,3,0,2026-05-03T18:06:01Z,2026-05-03T18:06:01Z
UgxUiief7_HH2ZypJl94AaABAg,@BettyMiller-u4f,Drizzy Drake is HIM,5,0,2026-05-23T00:07:27Z,2026-05-23T00:07:27Z
UgzezEEF4NsihgFGzsx4AaABAg,@lowkeybronhater3324,This the best track Drizzy dropped in the past 10 years,8,2,2026-05-16T17:41:44Z,2026-05-16T17:41:44Z
UgzxNXRnePmPzy6NaTt4AaABAg,@robertkilburn3342,Hardest song in the whole battle!!!,21,0,2026-08-21T01:23:06Z,2026-08-21T01:23:06Z
UgxdlAmjQ4ddgPl2YqN4AaABAg,@joeyp.,Classic 🙏🏽 ICEMAN 🧊,5,0,2026-05-16T14:09:06Z,2026-05-16T14:09:06Z
UgzIK6oCs3YqvHS-yRt4AaABAg,@WhippinQuinn,Don’t even like Drake but the beginning of this song was absolute heat,5,0,2026-05-19T19:06:40Z,2026-05-19T19:06:40Z
Ugy9XwRUyM6ZCKsC0N94AaABAg,@Y4LMorrisYoung,We won boys we won 😂 ice man,7,0,2026-05-30T06:29:08Z,2026-05-30T06:29:08Z
UgxHvUXPwvqxxxZZvNt4AaABAg,@Poler-b6u,😂😂😂😂😂 eye eye eye totally get it now.. great track and vid,3,0,2026-08-27T03:23:08Z,2026-08-27T03:23:08Z
UgzBkEji0fAZ3pjDMxl4AaABAg,@Aliioooo1,the hardest diss track ever,29,1,2026-08-11T07:04:30Z,2026-08-11T07:04:30Z
UgzI0wWMTareSiGJDcN4AaABAg,@SolomonGreen-b6n,I hope u get paid off this beef shit. U better than him in his own country ❤😂,5,0,2026-05-22T14:23:02Z,2026-05-22T14:23:02Z
Ugx3x6JTLwiUeIBnvMB4AaABAg,@BlekFyerBleky,Memphis Lost a Legend R I.P Tay Keith,5,0,2026-06-22T13:04:45Z,2026-06-22T13:04:45Z
UgwwVpSz6vYz6qimef94AaABAg,@MaxaMillion-p4q,That Mike & Jermaine bar was fuckin 🥶🥶🥶🥶🥶🥶,19,1,2026-05-26T02:11:53Z,2026-05-26T02:11:53Z
Ugx8YOTigrHxW6ikbep4AaABAg,@lintonjenkins5627,Anyone here after iceman. He didn’t disappoint,5,0,2026-06-04T11:31:56Z,2026-06-04T11:31:56Z
UgxxLIjn_2Xo2zfToep4AaABAg,@Vibesforsoul,Iceman comingggg,3,0,2026-05-09T15:35:07Z,2026-05-09T15:35:07Z
UgxmuVA1iDfa_8bqsOl4AaABAg,@Sizwetoovlogs,Iceman was a nice niceman now I'm hot and cold 🥶🥶,3,0,2026-05-21T20:19:04Z,2026-05-23T02:32:34Z
UgyGdeSZUTDOOwh60F94AaABAg,@aresgadofwar6146,The goat 🐐 2026 still here,3,0,2026-06-11T23:06:47Z,2026-06-11T23:06:47Z
UgyshwuHiTFVrIJws3h4AaABAg,@Elmercythe1st,Rip Tay Keith 🕊💔,4,0,2026-06-19T05:16:18Z,2026-06-19T05:16:18Z
UgwcpsPf3Kcu87MYKAJ4AaABAg,@TeloOsosi,Bro dropped barz,4,0,2026-06-06T03:30:56Z,2026-06-06T03:30:56Z
UgwWdA3q3_shX88aEd94AaABAg,@sjj.david1123,Still a banger in 2026 (ICEMAN MAY 15🧊🧊🥶),4,0,2026-05-11T16:24:12Z,2026-05-11T16:24:12Z
UgyHlZBiAXiyJRMurS94AaABAg,@chloeeig,2 years later and he still ended kenmid,14,2,2026-05-04T09:05:03Z,2026-05-04T09:05:03Z
Ugzjf2pg5W4ArZrNSWx4AaABAg,@btk.1207,"I'm not really a Drake fan, but this is one of my favorite Drake songs. From what I can tell, he does the best with diss tracks. Again not a Drake fan I just like his diss tracks the most.",8,3,2026-05-24T03:46:39Z,2026-05-24T03:46:39Z
UgwT_eQhnb1LVKUnbid4AaABAg,@LuvLoveLuvv,D R A K E W O N T H E B E E F,52,9,2026-05-11T19:31:53Z,2026-05-11T19:31:53Z
Ugw7OzSazVVSt7W9uMZ4AaABAg,@watermxrk,Best song from the beef,12,0,2026-04-28T22:19:35Z,2026-04-28T22:19:35Z
UgxCK2MkTcR6H8tyTRV4AaABAg,@JimmyJames-M16,Boii-1da 🇯🇲🇨🇦,4,0,2026-08-29T13:24:39Z,2026-08-29T13:24:39Z
UgwLU1GV4_iootVYeOJ4AaABAg,@user-rilo579,""" you back up againt the curb ""💀",2,0,2026-04-28T09:12:56Z,2026-04-28T09:12:56Z
Ugzeb0YEPT0j9T6uleN4AaABAg,@tahdigmacaroni,Goated,5,0,2026-08-08T05:18:01Z,2026-08-08T05:18:01Z
Ugy8xysMA5fFBzpO2sN4AaABAg,@street_purple,Cole losing sleep on this but it ain't me 🔥,5,0,2026-06-05T16:34:26Z,2026-06-05T16:34:26Z
UgwE05qn3kkG4Oc-_5x4AaABAg,@dizzyslug6522,It’s crazy how opinions are stronger than facts,3,0,2026-08-17T14:41:00Z,2026-08-17T14:41:00Z
UgxBLQ3kD8sO2cMGQxB4AaABAg,@ricosuave5526,Here after Iceman drops fireeeeeeeeeeeeee,4,0,2026-06-02T22:24:23Z,2026-06-02T22:24:23Z
UgxP6AmbaTSCOaCiGXx4AaABAg,@alen7391,Rest Easy Tay🕊️,4,0,2026-06-19T16:49:42Z,2026-06-19T16:49:42Z
UgxYMx-0LwkJ9cZI-2B4AaABAg,@ChrisHills-c2q,I feel like I’m the only one who think Drake Killed This Battle 3-1,11,1,2026-04-28T02:28:37Z,2026-04-28T07:03:35Z
UgyHubS8JomugroXzEJ4AaABAg,@aleegg011,"I don't mind what anyone else thinks, I love this fucking diss track, it was hard asf",3,0,2026-05-03T15:11:26Z,2026-05-03T15:11:26Z
UgxKGbeU3Gwq0jVT0CZ4AaABAg,@jimmycyrusss,Mr Iceman was always ahead of time 🔥🤌🏽,2,0,2026-05-09T21:14:37Z,2026-05-09T21:14:37Z
UgzXVSfetdnKqs5Jdjd4AaABAg,@jayjay18834,"Even when you do drop, they gon' say you should've modeled 'cause it's mid again",8,0,2026-05-21T15:52:13Z,2026-05-21T15:52:13Z
Ugwwo24Uo2ICGVEaizp4AaABAg,@TerryJackson-x6g,Best song of the battle🔥🔥🔥,7,2,2026-05-14T04:15:25Z,2026-05-14T04:15:25Z
UgyfICb6jUNlE_XRP0p4AaABAg,@Scssdfaerg,Why the diss songs are so good bru,5,0,2026-06-07T12:12:58Z,2026-06-07T12:12:58Z
Ugz76uMz-Xt_v9to4h94AaABAg,@PhilipCharlesNorman-k8f,This track was tougher,5,0,2026-07-14T18:05:02Z,2026-07-14T18:05:02Z
UgwW8_AK-XU2sT2r-4d4AaABAg,@kyprzz,ice man in 14 days,4,0,2026-05-01T20:28:52Z,2026-05-01T20:28:52Z
UgyoAT3lUnLDGIiUqcp4AaABAg,@justchilaxe123,Who's here after Drake slimed him AGAIN on Iceman,19,0,2026-05-19T20:07:46Z,2026-05-19T20:07:46Z
UgwZy8kMDBDZZ7F75UF4AaABAg,@GoodGodGoose,"Dwg... Drake left a whole crime scene with this sh right here. 
I still can't believe they say he caught an L. 
But I learned a good lesson about humanity that day. 
6God!!!",13,0,2026-05-26T20:58:14Z,2026-05-26T20:58:14Z
UgwB9iYc8xzjPHzjXil4AaABAg,@NicJ868,Idgaf what anybody says...this was by far the best track of this entire beef...,46,0,2026-06-03T01:58:01Z,2026-06-03T01:58:01Z
UgxyvaX_6xjzf_j0YSt4AaABAg,@josephpalmer1794,Bro killed him,4,0,2026-04-28T21:07:29Z,2026-04-28T21:07:29Z
UgwXSLV487V7tZQozrF4AaABAg,@TheSWADE247,this won the battle to me but last was the to end it on,4,0,2026-05-11T08:18:35Z,2026-05-11T08:18:35Z
Ugy5WC0qyW3Nn1neyGd4AaABAg,@whitehawk7497,"3 songs in 1, we all know who won",6,0,2026-05-18T17:05:21Z,2026-05-18T17:05:21Z
Ugwnc_UMu4IPZ9nAihp4AaABAg,@ItataItata,Wish I could hear this masterpiece for the first time again,1,0,2026-05-04T02:56:29Z,2026-05-04T02:56:29Z
UgyJX2cWxeJtxdhtejl4AaABAg,@cyamyeni1406,6:49 - OH SH*T!!!🔥🔥🔥,6,0,2026-06-21T06:39:25Z,2026-06-21T06:39:25Z
UgyiNvFW1mox16m-pC14AaABAg,@papimula9047,Ayeee naaa drake pen 🖊️ crazy,2,0,2026-06-16T16:55:54Z,2026-06-16T16:55:54Z
UgwbQfqSgj6dEo1v1Op4AaABAg,@wuadsts4510,Family matters love you Drake,5,0,2026-07-05T19:51:06Z,2026-07-05T19:51:06Z
UgzL0HD3IuToAX2oEdt4AaABAg,@gghbgggnuh,R.i.p tay keith,4,0,2026-06-19T11:25:29Z,2026-06-19T11:25:29Z
UgxBLjgTwowNR-6ORfJ4AaABAg,@lwandilesunshinemtshweni9950,Who's here in 2026🔥🔥,9,0,2026-06-30T09:37:29Z,2026-06-30T09:37:29Z
UgwodVG_lfarQ2iWiUF4AaABAg,@frvrhush,holy freaking peak,4,0,2026-05-05T15:04:14Z,2026-05-05T15:04:14Z
Ugw3JEo2Xxgu_PV7w1N4AaABAg,@o.t.sentertainment1911,Rip 🪦 tay keith 🔥🔥🔥 boy was to cold wit the beats,3,0,2026-06-19T00:57:37Z,2026-06-19T00:57:37Z
UgzG-l9xIx6Ld3U3haN4AaABAg,@David-g8p6b,RIP Tay Keith 🕊️,3,0,2026-06-19T16:31:12Z,2026-06-19T16:31:12Z
UgxVxkZNaI-0F5igF9p4AaABAg,@shivanmusicxx,Rip TAY Keith 🙏🏻,5,0,2026-07-02T10:47:19Z,2026-07-02T10:47:19Z
Ugy5VUrq0OKrPtOiq5l4AaABAg,@Goated_Madison,2 years to a beef that changed rap either for the good or the bad,2,0,2026-05-03T12:06:16Z,2026-05-03T12:06:16Z
Ugz7ssyR0Gyo9CF-p494AaABAg,@LéRon_McClain33Brain,Shyt so hard,5,0,2026-05-30T00:08:07Z,2026-05-30T00:08:07Z
UgwcmEyCVM-2SWcg5-54AaABAg,@AshleyS994,Tbf bar for bar drake took it with this and push up,2,0,2026-09-13T19:41:01Z,2026-09-13T19:41:01Z
UgyvRJSdlX7DgECw5AN4AaABAg,@AR4ace,Aging well,32,1,2026-05-10T01:21:46Z,2026-05-10T01:21:46Z
UgxZDtl3YanYEMmCvzZ4AaABAg,@ShermanHill-i8v,Best song of the battle,39,4,2026-08-05T03:39:01Z,2026-08-05T03:39:01Z
Ugw8tTkbFc2U2KoyZn14AaABAg,@Icegrill23,Who’s here after ICEMAN 3 months? 🧊🧊🧊🧊🧊🧊🧊,5,0,2026-08-23T05:53:01Z,2026-08-23T05:53:01Z
UgxrootP3qOvtXld7LZ4AaABAg,@SolomonMozart,"Here, even after Iceman.",3,0,2026-05-29T13:15:15Z,2026-05-29T13:15:15Z
UgxAkJBEDDvQ2i0Qsv94AaABAg,@shaunmohlamme1469,This is so hard,3,0,2026-05-10T13:16:26Z,2026-05-10T13:16:26Z
UgzVN6G92i21boxqZwd4AaABAg,@Kyoshima,"quanto mais o som envelhece melhor fica, slk Drake é brabo demais vtnc",2,0,2026-04-24T05:40:52Z,2026-04-24T05:40:52Z
UgwakcUkxlZShXiWi0F4AaABAg,@kingchezomg,Can we admit that the third track was hard asf? 🔥,3,0,2026-06-12T19:17:15Z,2026-06-12T19:17:15Z
Ugy7U69suONQb4Ck06d4AaABAg,@riteshdhobale8210,bing banf boom boom lmao kendrixk,5,0,2026-06-21T18:23:37Z,2026-06-21T18:23:37Z
UgxHJcXnuIxvek5nr4p4AaABAg,@TylerLewis-kq9sh,Best track on the whole diss track,19,2,2026-05-12T18:37:35Z,2026-05-12T18:37:35Z
UgxLZSjy82L_hw5zbNd4AaABAg,@LifewDwight,This shi so harrrrd,8,1,2026-05-26T16:58:24Z,2026-05-26T16:58:24Z
UgxuO1p55zr1PzA02wt4AaABAg,@moc_dude,May 3rd and May 4th were the b2b one of the most iconic days for Hip Hop history 😮,1,0,2026-06-09T23:55:27Z,2026-06-09T23:55:27Z
Ugwqf9LISF6Mszgo3S14AaABAg,@JJJerremiah,Seeing hate comments on this after 2 years is the most bot and npc thing I've ever seen,14,4,2026-07-30T12:38:53Z,2026-07-30T12:38:53Z
UgxV_n3fAAzCFiQzk4h4AaABAg,@Gdashnrm,Rip Tay Keith im sad,4,0,2026-06-19T16:08:57Z,2026-06-19T16:08:57Z
UgzCotCkodqcvDmI3GN4AaABAg,@WarningMannn,We need to protect the cars 😭😭😭,3,0,2026-05-25T00:46:54Z,2026-05-25T00:46:54Z
Ugx2sNOdHeMwHXJxIyN4AaABAg,@mwbspidda,Yeeeeah a native was painted this hard af,2,0,2026-06-14T03:13:27Z,2026-06-14T03:13:27Z
Ugw4k8S2fcI39OEteDV4AaABAg,@JoshisJoshisJosh,crazy looking back at this,6,0,2026-05-19T22:29:14Z,2026-05-19T22:29:14Z
Ugy05cfrU51KKwkmaCl4AaABAg,@Pumba4Life,"No matter what side your on, march through may was such a great time for hip hop",1,0,2026-04-29T00:29:54Z,2026-04-29T00:29:54Z
UgyomTtnov_w-1F9l0V4AaABAg,@TherealistStoner,Last song is my favorite junt from the beat to the flow all around it’s his main sound to me,2,0,2026-05-28T15:41:53Z,2026-05-28T15:41:53Z
UgyYgoaOfLY0c1PcIsp4AaABAg,@Blkbeat,IDC for drake but we cant lie..this was bars lol,4,1,2026-09-15T01:18:32Z,2026-09-15T01:18:32Z
Ugzo9ZUZuQ3OZ5zEFn94AaABAg,@Beeback-g4g,Icemannnnnnnnn coming,5,0,2026-05-15T01:21:14Z,2026-05-15T01:21:14Z
UgyP1fmmxo54QFglxAx4AaABAg,@ESQUEEZ,The minivan getting crushed…….,4,0,2026-05-30T00:12:06Z,2026-05-30T00:12:06Z
Ugy_Ig3Vxy_uXX0moCZ4AaABAg,@mightye4969,Drake is the undisputed king 🐐🐐🐐🐐🧊🧊🧊🧊🧊,3,0,2026-06-07T19:15:14Z,2026-06-07T19:15:14Z
UgzlN5SFnKV2iTOKzW14AaABAg,@cuffia5189,it's only big Dih and there's video proof🔥🔥🔥,6,0,2026-05-18T20:58:49Z,2026-05-18T20:59:00Z
UgxJ-RsBbuoroqDhrGd4AaABAg,@Jungles-wl4wk,‘Needa go and buy some more chains for some more guys’ that shit will live in his head forever 😂😂😂😂😂,1,0,2026-09-15T15:18:31Z,2026-09-15T15:18:31Z
UgwjLr1kbwUKhWptp3h4AaABAg,@AllSaintsD4,This song slaps hard :),2,0,2026-05-06T21:06:19Z,2026-05-06T21:06:19Z
Ugzd8xonhH_71XFArd14AaABAg,@SankaPagodinho,"One of the most insane nights in rap history, two huge diss tracks by the two most relevant rappers of the era in the same night, this will never happen again.",2,0,2026-05-08T23:35:35Z,2026-05-08T23:35:35Z
UgzCX0MW1FyZFmokPcl4AaABAg,@travongrogory,Drake won in 2024,6,0,2026-05-08T22:36:49Z,2026-05-08T22:36:49Z
UgyLHTCyQvvGERZo1Kd4AaABAg,@JowayneFrater,The GOAT is here,2,0,2026-05-01T12:49:56Z,2026-05-01T12:49:56Z
UgwZDtKXMSivIyNuMKx4AaABAg,@simrandhillon4050,Drake murdered this shit !!!!,14,0,2026-09-03T15:30:33Z,2026-09-03T15:30:33Z
UgwxAhShoTLOs6_S5Bh4AaABAg,@MrMalulekasir1997,🥶 ice Man,4,0,2026-05-17T08:03:21Z,2026-05-17T08:03:21Z
Ugww6j_ItR3aYwOSo354AaABAg,@Saged-x3c,i like this,4,0,2026-05-31T14:29:17Z,2026-05-31T14:29:17Z
UgzJJMLbeyJ0WpAIc1l4AaABAg,@thefootballlegion,had to double back bro drake Goated before and after that iceman dropped,3,0,2026-05-26T03:39:18Z,2026-05-26T03:39:18Z
UgyrYtULbBvPfHbtG2Z4AaABAg,@KaranChahal-l1i,Getting spooky,3,0,2026-05-11T23:40:03Z,2026-05-11T23:40:03Z
UgxLhXAojUv7FOnNidV4AaABAg,@Tony-pq5un,🐐🐐🐐🐐🐐🐐🐐🐐🐐🐐,6,0,2026-05-10T01:34:58Z,2026-05-10T01:34:58Z
UgyqplNkmJqQCXroRMh4AaABAg,@animeloverjm,This is still the best song in the whole beef,21,3,2026-05-25T18:09:44Z,2026-05-25T18:09:44Z
UgyPeA8VigWKG6tSLD14AaABAg,@misscooks601,Absolutely epic song ❤❤❤❤❤❤ I love this song so much.,3,0,2026-05-12T08:31:27Z,2026-05-12T08:31:27Z
UgyJWPMH_T4RXlnnDtd4AaABAg,@TattedT868,Aging like fine wine,15,1,2026-05-24T06:53:25Z,2026-05-24T06:53:25Z
Ugzv0tHXIwh1tFd0YLF4AaABAg,@Just.That.Michael,boi-1da murdered the dark piano beat :fire:,2,0,2026-09-06T05:26:11Z,2026-09-06T05:26:11Z
Ugw0_LHwapAyCuTf-Cl4AaABAg,@menzihxni,Chilling here before episode 4.,2,0,2026-05-14T12:08:44Z,2026-05-14T12:08:44Z
UgzUlem9MWbldH3-Wud4AaABAg,@GeraldTadiwanashe-l3w,Huhh Tay Keith boyss 💔💔,4,0,2026-06-19T05:59:11Z,2026-06-19T05:59:11Z
Ugy8S_2m5gp2ZS7iMTt4AaABAg,@benjaminzuber5184,5:17 is when ish gets crazy😮‍💨,4,0,2026-06-03T03:46:59Z,2026-06-03T03:46:59Z
UgxW6KywIai5sAXjpPx4AaABAg,@thebaileykid,Who’s here after the triple tap? 😈,16,0,2026-05-21T16:48:39Z,2026-05-21T16:48:39Z
Ugz2pw371W6_qpWkNaN4AaABAg,@timeless_zw,This is the hardest piece of music ive ever heard,1,0,2026-08-02T15:50:40Z,2026-08-02T15:50:40Z
UgyUfNyB-jP8vILWOOJ4AaABAg,@anthonytiburon8754,"06/27/26 n 🗣 BRO... How in TF you gonna tell me he didn't win?! 

""Maybe I'm prince n you actually Mike. Mike was praying his features would change, so people'll believe he's actually white."" 👀 come on man. 🤦🏽‍♂️🤦🏽‍♂️🤦🏽‍♂️",6,0,2026-06-27T17:51:33Z,2026-06-27T17:52:42Z
UgwYjuJC29HutEEhRfl4AaABAg,@luyandancongwane4121,People just realised now that Drake won because ICEMAN is on the way!!!! 66666666,5,0,2026-04-22T16:21:05Z,2026-04-22T16:21:05Z
UgwvZ9j92zzID6WkmzZ4AaABAg,@ima_79er,We all here again reminiscing about the beef because iceman on the way and a lot of artist gonna be dead soon 🔥,3,0,2026-05-08T18:27:47Z,2026-05-08T18:27:47Z
Ugz2wG--B7ui5vtHizl4AaABAg,@AnnLove2-e2k8i,If I was Rahim I’d disappear 😂,4,0,2026-05-03T12:49:32Z,2026-05-03T12:49:32Z
Ugy81W-uX2KRzRcUziZ4AaABAg,@bigmancabz1,lol the maad city car,5,0,2026-06-22T02:39:05Z,2026-06-22T02:39:05Z
Ugx2PKwH2AwJ9Z8ewr94AaABAg,@lafrench2020,The minivan is foul,6,0,2026-05-16T20:28:14Z,2026-05-16T20:28:14Z
UgzC2eJViQhaflJ1HtZ4AaABAg,@saddamkohistani816,people are so blind and deaf that they didn’t realize this is 10x harder than kendrick’s diss😂 bro really won a 20 v 1,25,2,2026-05-30T14:56:58Z,2026-05-30T14:56:58Z
UgxqUzlDpXzJhYNUMjR4AaABAg,@beavermutelo6939,Banger,3,0,2026-05-01T08:30:26Z,2026-05-01T08:30:26Z
UgzYKCnvQqu0MQI-iF54AaABAg,@DammnDeejay,2:55 I was absolutely jammin this idgaf this was hard asf 😂,3,0,2026-06-16T05:26:18Z,2026-06-16T05:26:18Z
UgypjrGmCICZuJDDsyN4AaABAg,@Benwally-f8h,Going back and realizing this was the Best Diss and aged like fine wine,10,0,2026-05-29T04:09:41Z,2026-05-29T04:09:41Z
UgxvGYXaBV9dX1Gyfs94AaABAg,@ornanddupont4052,Great song,3,0,2026-09-10T00:54:11Z,2026-09-10T00:54:11Z
UgzWRpSczC3MfOzsX7R4AaABAg,@kenopsian_1,Damn drake you got me hard 🔥🔥🔥🔥🔥🔥🔥 ISEMAN🔥🔥🔥 The iseman was a nice man now im uncle🔥🔥🧊🧊🧊,4,0,2026-06-07T01:52:54Z,2026-06-07T01:52:54Z
Ugwmqi0E38CxAaGGWd94AaABAg,@sbusisokatlo2458,Thats cold,2,0,2026-09-15T13:48:47Z,2026-09-15T13:48:47Z
UgzuXnBvJw327deQidJ4AaABAg,@beanpork508,the goat,2,0,2026-04-27T09:01:48Z,2026-04-27T09:01:48Z
UgzrxhYqF5XXOgvMrd14AaABAg,@Whiskii_Williams97,Slide for the Appppppppppp!!! Free Dave freeeeeeeee!!!,3,0,2026-05-05T05:50:37Z,2026-05-05T05:50:37Z
UgwyLDSbamvgsnXt-KB4AaABAg,@SuperMuppy,Drake won this. Way better disses,17,1,2026-05-09T22:17:23Z,2026-05-09T22:17:23Z
UgzHn_hHaE-Gr7oivB94AaABAg,@cgj2371,Iceman album is the cover photo in action,4,0,2026-06-06T04:31:13Z,2026-06-06T04:31:13Z
Ugwx1ft8HjblHqwNDNp4AaABAg,@ShaneBerger-j3n,Drake won,7,0,2026-05-10T07:52:57Z,2026-05-10T07:52:57Z
UgyTPbqbDHdI3jz3PGd4AaABAg,@jgcrek,Anyone here after listening to ICEMAN 🥶🧊,8,0,2026-05-17T22:45:32Z,2026-05-17T22:45:32Z
UgydHXHUEPoqR3BCDSd4AaABAg,@Theeathical,The third one is banger,3,0,2026-07-22T00:47:42Z,2026-07-22T00:47:42Z
UgwWrZoLujDlftGhV4t4AaABAg,@isaac-fx3tr,🐐,4,0,2026-09-08T04:45:09Z,2026-09-08T04:45:09Z
UgxDKmpwgBgvqOo2ys14AaABAg,@raltonjonkers3326,Drake 🔥 🔥 🔥,5,0,2026-08-14T18:21:37Z,2026-08-14T18:21:37Z
UgzvHRo2FOAWARN_uwp4AaABAg,@walterwright1462,Rip Tay Keith,4,0,2026-06-18T23:37:31Z,2026-06-18T23:37:31Z
UgxJaYE0EBX40HTbkLV4AaABAg,@neirassebastiao2986,That's Crazy 🥹🫡🧘‍♂️,2,0,2026-07-12T10:32:51Z,2026-07-12T10:32:51Z
Ugxkv3eedI5MKok2wf94AaABAg,@Krf312,i love this mannnnnnnn,3,0,2026-05-20T02:38:20Z,2026-05-20T02:38:20Z
UgzQXU7iHcRyBj3LE494AaABAg,@MahmoudBenfadhel-j6q,i want that chain so bad bruh,2,0,2026-06-03T16:25:42Z,2026-06-03T16:25:42Z
UgxoLbkmVZuBxRdExHV4AaABAg,@maniakmusic2082,OVO for life 🦉,4,0,2026-06-02T05:54:56Z,2026-06-02T05:54:56Z
UgwHTzy4qCUKm8qu-x94AaABAg,@stephanflorida4591,Hardest song of the beef,21,5,2026-05-31T03:18:40Z,2026-05-31T03:18:40Z
UgwkvUXGX8aO7ndXlDJ4AaABAg,@youtubedeletesmychannels2329,3:46 damn Tay Keith,5,0,2026-06-19T22:51:56Z,2026-06-26T01:22:47Z
UgzEmCyq3QEQk53r_0B4AaABAg,@Pourmeanotherdrink,Cn tower at the start hard asf🔥,5,1,2026-04-23T17:31:00Z,2026-04-23T17:31:00Z
Ugyvh9TS9MwUZte8gcR4AaABAg,@Damez321,Feels like yesterday when this dropped 😮‍💨🔥,1,0,2026-05-05T12:08:47Z,2026-05-05T12:08:47Z
UgyoB5s7kFDALllh4-l4AaABAg,@j.mulimia,"It was before I heard this sh*t. Man, this is🔥 

Why people not hyped this?",4,1,2026-08-10T16:19:43Z,2026-08-10T16:19:43Z
Ugxo5Ej8t0vkZ5Vdovh4AaABAg,@BountifulIkeji-n2x,Ts officially reach 1M likes!🔥🔥🔥,2,0,2026-08-15T15:15:56Z,2026-08-15T15:15:56Z
UgwgLFZ1C6qi17ZAWip4AaABAg,@nashtradomisno13rdbestplay51,"Loving how I'm here right after listening to ""Meet the Grahams"".🫣🤣 YouTube algorithm respects Beef😭",1,0,2026-09-03T16:20:58Z,2026-09-03T16:20:58Z
Ugye7N3i4f86Wg_l7wR4AaABAg,@user-kk5vi8eb1p,Anyone in 2026?,6,0,2026-07-21T13:28:55Z,2026-07-21T13:29:00Z
UgxBhHCQid0fDjWVqz14AaABAg,@svperslimey4L,Happy 2 year anniversary to one of the greatest diss songs of all time 💯🧊❄️🥶🔥🔥🔥🔥,6,1,2026-05-03T04:07:15Z,2026-05-03T04:07:15Z
UgwxwCV1gbRP5X__KjN4AaABAg,@tomasflores8996,A mini drake is crazy Kenny,1,0,2026-05-22T04:11:59Z,2026-05-22T04:11:59Z
UgyREoC6Z_bytUIqxQF4AaABAg,@officialdavidjohnson126,🧊 🧊 🧊 🧊 🧊 Wake me up 15 May,7,0,2026-04-22T18:13:55Z,2026-04-22T18:13:55Z
UgzKPOOY4Qbb1AjpylB4AaABAg,@jasonkismetdaiquiri,"2026 🔥🔥🔥🔥🔥🔥
❄️❄️❄️❄️❄️❄️
6God 👌",4,0,2026-06-07T14:30:17Z,2026-06-07T14:30:17Z
UgwGcvhBf2P5v05UA414AaABAg,@CallieD90210,Rip Tay Keith,5,0,2026-06-19T02:00:25Z,2026-06-19T02:00:25Z
Ugz8iTFjtclzIdMq4794AaABAg,@BadGhoulsClub85,Idc drake won that battle against that lil LA dude idk what they was thinking Drake bodied him,4,0,2026-04-26T01:57:23Z,2026-04-26T01:57:23Z
UgzXKQ4gn1UUEnvvZEh4AaABAg,@jakew2111,"Say Ross, that ozempic got a side effect of jealousy . . .",3,0,2026-06-03T12:07:15Z,2026-06-03T12:07:15Z
Ugz-oQQGZiiw1gWnD_54AaABAg,@davidortiz9577,"Man, I keep coming back to this and the aged like a fine wine. Meanwhile Kendrick’s drops aged like milk. The dude rapped about an imaginary daughter he was lured into believing 😂 Drake won this battle and the war. F the bull 💩",22,0,2026-06-01T19:41:30Z,2026-06-01T19:41:30Z
UgxDbXEk6QOKjBWaHVR4AaABAg,@mphochonco5971,ICEMAN 15 MAY🧊,6,0,2026-04-23T16:52:17Z,2026-04-23T16:52:17Z
UgxJPiyvtDclwFTS44d4AaABAg,@Itsdluna,"Drake won at the end of the day, the boy always prevails 🦉",21,4,2026-05-30T16:19:12Z,2026-05-30T16:19:12Z
Ugy5QX3-bi-TWofkuLB4AaABAg,@BrandenWilliams-q3m,"Its been a while.
Sounds like it dropped yesterday night🎉",2,0,2026-09-03T07:09:00Z,2026-09-03T07:09:00Z
UgzQO42B5NPQNzuCkZF4AaABAg,@kaygee313,What a time guys..,2,0,2026-07-10T11:23:46Z,2026-07-10T11:23:46Z
UgwhEKk-VzpJdO2d1tZ4AaABAg,@AfashAtiefa-t6u,Maturing is realizing drake really won the battle 😶,24,4,2026-06-06T02:34:01Z,2026-06-06T02:34:01Z
UgwV7QJmlYcEERoLBPd4AaABAg,@ThunderNationstation,Rip Tay Keith!!! 🫡,3,0,2026-06-19T01:59:06Z,2026-06-19T01:59:06Z
UgzhHCJdRAvIdiKFcRV4AaABAg,@calebrutto8760,Greatest,3,0,2026-07-10T17:11:21Z,2026-07-10T17:11:21Z
UgyvUPPy02OqWKP8QKt4AaABAg,@Sxorp1o,FOMO SOON COME,5,0,2026-09-08T10:50:41Z,2026-09-08T10:50:41Z
UgwChc3PwLyELU_UAoN4AaABAg,@utsfanatik2221,Happy anniversary y’all,4,0,2026-05-21T17:11:25Z,2026-05-21T17:11:25Z
UgyUhNzgSn2MTEad2Ft4AaABAg,@davidthornton2939,Aged like fine wine,11,0,2026-06-21T10:31:02Z,2026-06-21T10:31:02Z
Ugz_i36lYvCLgoNuBKF4AaABAg,@manqobamnikathi8629,Flow state,4,0,2026-05-09T15:55:40Z,2026-05-09T15:55:40Z
UgybEy-CeEhodB5GxAF4AaABAg,@JJJerremiah,Drake won this beef lyrically no doubt,33,3,2026-06-08T23:23:47Z,2026-06-08T23:23:47Z
UgyAtohXgNPIk1loNst4AaABAg,@Saucedondada,Hardest diss song ever ong,21,2,2026-05-19T22:03:45Z,2026-05-19T22:03:45Z
Ugwa4p14GwBZtAUf7h14AaABAg,@Estculture,We here 🧊 man about to go crazy,1,0,2026-05-04T02:36:17Z,2026-05-04T02:36:17Z
UgxbWgO4xn47hMqU-r94AaABAg,@SeanMelendez-r9n,Anyone here in 2026 going up to 2027?,4,0,2026-08-27T21:44:56Z,2026-08-27T21:44:56Z
UgyqG9u4rz4mL1Wn0214AaABAg,@demarcocantrellDD,omg that weeknd diss was fire af lol,3,1,2026-06-19T02:30:27Z,2026-06-19T02:30:27Z
Ugw-dWpJE9ZzHZukETx4AaABAg,@RyanSchlee,First Oliver tree now tay Keith rip,5,0,2026-06-20T14:38:39Z,2026-06-20T14:38:39Z
UgyKMnEZy6sJfv-K7_J4AaABAg,@FredMiller-v3i,El Drake ❤,2,0,2026-09-06T01:46:22Z,2026-09-06T01:46:22Z
Ugx-yaibQv27bFDst6l4AaABAg,@internetmshini,You the Goat,2,0,2026-05-20T16:45:22Z,2026-05-20T16:45:22Z
UgzwjIsQUxUnE9Q_kIt4AaABAg,@MAnhwahouse159,Who here for 51 m viewsa,4,0,2026-08-07T15:57:43Z,2026-08-07T15:57:43Z
UgxPT66hFwVOguJalvV4AaABAg,@kwameasempah1894,Hottest diss song! Drake tha god !,8,2,2026-06-24T03:27:20Z,2026-06-24T03:27:20Z
UgzuRHYNVer20yJMuDJ4AaABAg,@kingofkingsII,What a song 🔥🔥🔥🔥,2,0,2026-05-01T20:22:59Z,2026-05-01T20:22:59Z
UgyBNrfjY-_WwNrq_e94AaABAg,@doitforyourself21,"""If you had a set then get your ass a DP"" for one of the pettiest reason Drake putting this on 🧊MAN woul make😂😂",2,0,2026-05-08T07:02:58Z,2026-05-08T07:02:58Z
UgxgASuo67r4YU5tcBZ4AaABAg,@Next_skytalks,Always good,2,0,2026-05-06T10:55:01Z,2026-05-06T10:55:01Z
Ugw4_rIBRbTYoXj0Y0V4AaABAg,@jessicamccowns9155,"I nevwr heard this song completely. How come?? To me, this wins 😂",13,9,2026-05-19T06:47:12Z,2026-05-19T06:47:12Z
UgwIFReKL-pxWw16kop4AaABAg,@TheUncannyOne,WHO HERE IN 2026?!?!🔥,5,0,2026-06-07T00:30:51Z,2026-06-07T00:30:51Z
UgyTdPGAOoAQorB47gt4AaABAg,@inblindianablitzballleauge8005,🐐,3,0,2026-05-08T00:12:32Z,2026-05-08T00:12:32Z
Ugx5bgmnUDTD8UQ-nfF4AaABAg,@circular0val6921,Rip Tay Keith,4,0,2026-06-18T22:49:19Z,2026-06-18T22:49:19Z
Ugx8THXHbO4vcSzbCeJ4AaABAg,@DARONCOLBAIR,Man RIP Tay Keith!,1,0,2026-06-19T12:14:55Z,2026-06-19T12:14:55Z
Ugxdj8bUzOB-Fb1KrYp4AaABAg,@FrezzierM,Who's here before ICEMAN and after ICEMAn.?,2,0,2026-04-26T07:21:05Z,2026-04-26T07:21:05Z
Ugyzj0RteFbnxHGsBfJ4AaABAg,@JacobVanasse,Hard asf,2,0,2026-05-14T20:20:26Z,2026-05-14T20:20:26Z
Ugw5AUgcHwdcZDhwo1V4AaABAg,@kylearmstrong1531,Yo shit a lil k that we call that shit a mini Drake,4,0,2026-05-29T23:07:30Z,2026-05-29T23:07:30Z
UgyT2YrvIWcvamC26a14AaABAg,@jaymob9448,When the dust settles this was the best song,14,2,2026-04-26T23:17:13Z,2026-04-26T23:17:13Z
Ugw-3D9-5NdGY3l3PyV4AaABAg,@timeless_zw,This is the hardest piece of music ive ever heard,0,0,2026-08-02T15:50:23Z,2026-08-02T15:50:23Z
UgyzExHvNt3vagKCKG94AaABAg,@EasternWindTV,Drake got them patterns and punches,1,0,2026-07-15T21:51:23Z,2026-07-15T21:51:23Z
UgyiSU0StqWsxOHkZnV4AaABAg,@TheJosezio,He did went bad like say we would!! Ma boyyy Drizzie *,1,0,2026-09-13T05:58:59Z,2026-09-13T05:58:59Z
Ugwlc5PEMOPrNUgOxAd4AaABAg,@06vzee,WHO HERE TWO YEARS LATER???🦉,19,1,2026-05-03T13:37:24Z,2026-05-03T13:37:24Z
UgwSVEErGyECDNFVEnl4AaABAg,@AndisCriticalOps,Like today 2 years ago this one dropped 🔥🔥🔥,1,0,2026-05-03T18:55:34Z,2026-05-03T18:55:34Z
UgzOC9Q0I7lek3NXzQ94AaABAg,@benderflendr,The best diss track. ever.,11,0,2026-08-15T16:12:14Z,2026-08-15T16:12:14Z
UgwwfeZgI0eoR5WXHjR4AaABAg,@Saraaaaa7789,Besttttt,2,0,2026-08-31T22:59:41Z,2026-08-31T22:59:41Z
UgwGg5fa0Gun9xWHgz54AaABAg,@gerryomo9515,this shit aged so good,9,0,2026-06-14T14:12:03Z,2026-06-14T14:12:03Z
Ugzl2aSz8qZMfWxFS6t4AaABAg,@cesarmiranda7131,🐐🦉,3,0,2026-05-01T18:29:21Z,2026-05-01T18:29:21Z
UgxBvwTInhZupu3-RPp4AaABAg,@davidthornton2939,This was gassssss,1,0,2026-05-05T10:18:28Z,2026-05-05T10:18:28Z
UgyLX2BEBoA43EIqVCB4AaABAg,@labryantstevenson4636,I still feel like drizzy won,18,2,2026-08-06T19:18:40Z,2026-08-06T19:18:40Z
Ugw_YldkMTqITCF6Owd4AaABAg,@StiLLFrEE702,Click here if you never left and been here since 24',3,0,2026-06-13T05:49:27Z,2026-06-13T05:50:05Z
Ugy1BlRhNhEEA9Jxz9V4AaABAg,@IAmRuchawn,2 years already!!!???,6,1,2026-07-23T16:27:15Z,2026-07-23T16:27:15Z
Ugxdh6AQqE0OB5q4U1F4AaABAg,@traderliwi,Drake Won !! Who agrees with me?,15,2,2026-04-29T10:13:02Z,2026-04-29T10:13:02Z
UgyuVkfqp2EZiOJd-a14AaABAg,@lashondajeter5046,Nobody talking about he killed Asap Rocky 4:15-4:37 then jumped on Future and Ross.,5,0,2026-04-23T03:51:19Z,2026-04-23T03:51:19Z
UgyR9ThQ9GG_wF-BV1J4AaABAg,@Miguelatss,Drake running the gauntlet:,1,0,2026-06-10T10:38:11Z,2026-06-10T10:38:11Z
UgzgK0pJg2yuFp1GqW14AaABAg,@Uncle_Saucy,Iceman coming soon! 🧊🧊🧊🧊🧊🧊🧊🧊🧊🧊🧊🧊🧊🧊🧊🧊🧊🧊🧊🧊🧊🧊🧊🧊🧊🧊🧊🧊🧊🧊🧊🧊🧊🧊🧊🧊🧊🧊🧊🧊,3,0,2026-05-12T17:14:50Z,2026-05-12T17:14:50Z
UgxeIl7T3dVeDG0pv7p4AaABAg,@i-octanemusic4749,Masterpiece,2,0,2026-05-30T10:58:36Z,2026-05-30T10:58:36Z
Ugy3Zt3cQgP-SnzGfrZ4AaABAg,@tmtdaonly,we won’t be seeing Drake with the innocence🤣 and why did you burn those automated bot phones?,3,0,2026-05-15T15:45:09Z,2026-05-15T15:45:09Z
Ugy74XmQhdoeS5-mF9B4AaABAg,@SirWhiteTee,Now they know this was the hardest. 🔥🚀🌍,9,0,2026-06-16T07:54:13Z,2026-06-16T07:54:13Z
UgxDh0sBskzXs_vpCiZ4AaABAg,@rafichowdhury6050,😤🔥🔥🔥🔥🔥🔥🔥,5,0,2026-06-30T01:21:45Z,2026-06-30T01:21:45Z
UgwOEOSWDUl9aNQCFYh4AaABAg,@Skywalker-h8c,Iceman season!,2,0,2026-05-30T05:01:48Z,2026-05-30T05:01:48Z
UgzPPMy-6_108ArfvKZ4AaABAg,@TawoJNetwork,I miss my freshman year,2,0,2026-05-20T11:13:25Z,2026-05-20T11:13:25Z
UgzSwa_zqAHMWAHEhqd4AaABAg,@KeepItAboriginalBeezy,Enemies anthem  yea lol let's goooooo two years later,1,0,2026-09-14T01:35:29Z,2026-09-14T01:35:29Z
UgxF33CW2-mUq1aJsqF4AaABAg,@Skywalker-h8c,"I want the beef to keep going, it’s good for rap!",2,0,2026-05-30T05:02:55Z,2026-05-30T05:02:55Z
UgyPU73ZK35QoY6xbzZ4AaABAg,@YFBUSBYOFFICIAL,Looking back on it Drake always 10/10 on every song no cap,10,0,2026-04-27T17:46:18Z,2026-04-27T17:46:18Z
UgxLn5_8CQp6wkDWem94AaABAg,@jeremiahdajerm,Over 185 thousand comments are crazy for only 50 million,2,0,2026-05-19T21:54:28Z,2026-05-19T21:54:28Z
UgwIcEpz30KfpQelw2Z4AaABAg,@CarAhvvahk,Snapped,2,0,2026-05-22T02:23:34Z,2026-05-22T02:23:34Z
UgxyamqZ9HjuTuMrwYp4AaABAg,@ashezplayboy,Ross calling me white boy and the 💩 kinda got a ring to it. Cause rappers waving white flags while the whole fuckn club sing to it.  😂😢 good lord,4,0,2026-05-06T21:27:05Z,2026-05-06T21:27:05Z
Ugy_0pfy_-Qahfw7Nyh4AaABAg,@DjsjksJridj,Last verse is better than kendrik's entire career,17,3,2026-04-23T08:08:40Z,2026-04-23T08:08:40Z
UgznfgePown2bTAjN4d4AaABAg,@kyleswiz9012,Drake won the beef,18,2,2026-07-04T18:54:22Z,2026-07-04T18:54:22Z
Ugycya3GqM8kkgB4j494AaABAg,@sethwilliams3118,Still here bumping bc drake won the beef,21,3,2026-05-22T19:05:06Z,2026-05-22T19:05:06Z
UgxCKtEM4gwnO_CbXgx4AaABAg,@hellobrooklyn1234,This was hard tho,2,0,2026-06-06T14:34:55Z,2026-06-06T14:34:55Z
UgxEklnUdjUxeKSlluh4AaABAg,@tianakee,I wanna know what Whitney need 😂🫢,4,0,2026-08-17T19:36:27Z,2026-08-17T19:36:27Z
UgxG-ca0k8mSNU1uZ6t4AaABAg,@AlejandroBoluferRodriguez,🔥🔥🔥🔥🔥🔥🔥🔥🔥,3,0,2026-05-11T06:32:33Z,2026-05-11T06:32:33Z
Ugzfmxw75MeXM4_1Y7l4AaABAg,@amosramnath4292,This song gonna hit harder when Iceman drops,0,0,2026-05-13T16:35:06Z,2026-05-13T16:35:06Z
Ugx6l0MbLG3fu-ItiWt4AaABAg,@CraigDuncan-q7x,r😂😂rip dav🎉who next baby mama frame for dad off year😂,1,0,2026-07-25T17:51:19Z,2026-07-25T17:51:19Z
UgwVsitOsPmmSZnDEtN4AaABAg,@NUCKLEHEADBRAND2011,Is the wedding happening?,3,0,2026-06-04T07:42:15Z,2026-06-04T07:42:15Z
UgxFPYQWfOus8ig-3RV4AaABAg,@dalek-trooper6557,I’ve never seen a 3-part disstrack before.,2,0,2026-05-07T05:18:31Z,2026-05-07T05:18:31Z
Ugxp075OyKRWSjQbQe14AaABAg,@Jungles-wl4wk,Fuck a coffee I pump this in the boombox on the way to work,2,0,2026-06-06T14:13:37Z,2026-06-06T14:13:37Z
UgzYJCPiPP-ftky9YqV4AaABAg,@LuthandoLanga-c5u,Bro this is soooooo tuff,1,0,2026-06-12T05:58:25Z,2026-06-12T05:58:25Z
UgzWpWQcWr0f8OiRNad4AaABAg,@notfunnyman6720,I'm not really into drake but this was a solid diss and people always hating on the heart p6 thought that was a solid diss too,2,0,2026-09-02T18:38:06Z,2026-09-02T18:38:06Z
UgwyDtAnS1Enc-9McbB4AaABAg,@Hitemwitdaswitch,One of the diss songs I ever heard just because bro was going against multiple people and stood his ground May 15 iceman🧊 enjoy😁,4,0,2026-04-26T21:05:25Z,2026-04-26T21:05:25Z
UgzTJIQE5jXEilUQqjR4AaABAg,@SEVENCANDLES-k9u,G    O     D,2,0,2026-05-01T02:47:34Z,2026-05-01T02:47:34Z
UgzebtHtj9BvcjsuADB4AaABAg,@andrewp.stewart4585,"6:52 Nah, but seriously… why would he say this?!",6,0,2026-05-18T03:46:08Z,2026-05-18T03:46:08Z
UgwfEcVFAZp3pxHNWP54AaABAg,@RootyMentry,50M views today,6,1,2026-08-05T17:35:10Z,2026-08-05T17:35:10Z
UgztkT3wQ-Rd8IbuqOB4AaABAg,@Gladdy_T,"Blessings, Peace, & Respect. South Florida in the Space",1,0,2026-06-05T13:46:21Z,2026-06-05T13:46:21Z
UgyIx_AdoOWxmaj_EVB4AaABAg,@AlekPazz,Iceman season,3,0,2026-06-13T21:53:14Z,2026-06-13T21:53:14Z
UgwlkmxYza0Hl0nR-yR4AaABAg,@jkbasa34,Revisiting this classic. Roc nation mad !,8,0,2026-08-27T12:30:52Z,2026-08-27T12:30:52Z
Ugw3PaXW0KnxrNkoOMR4AaABAg,@dguido1000,If you followed the beef you would know that this song only had 3 million views for the first year..I commented that drake actually won the beef with this song..it was rigged now it has 50 million views,6,0,2026-05-23T14:52:50Z,2026-05-23T14:52:50Z
UgyHfH8qCuZ00Y6JDX94AaABAg,@familybizness9398,im here to tie it all together!!🔥🔥🔥🔥🔥,2,0,2026-05-16T03:33:37Z,2026-05-16T03:33:37Z
Ugzb-zHZscvLmm4cNAN4AaABAg,@JonathanBadibanga-hz6dr,Who’s here before iceman drops,2,0,2026-05-02T19:27:09Z,2026-05-02T19:27:09Z
UgxOSQ7brjng3umwrvp4AaABAg,@beingandtime,DRAKE WON.,5,1,2026-05-03T22:32:42Z,2026-05-03T22:32:42Z
UgwabmIfsoly7_Z10lh4AaABAg,@PawloDella,ON FIRE,1,0,2026-04-28T12:55:53Z,2026-04-28T12:55:53Z
UgwFoDIcZJUsCYyhnpZ4AaABAg,@jai-eljohnson9501,💯 🔥,3,0,2026-07-02T16:09:19Z,2026-07-02T16:09:19Z
UgwegJgdukbll2kHYKx4AaABAg,@oussamanimi,Hard  asf 🤝,5,0,2026-05-04T17:06:01Z,2026-05-04T17:06:23Z
UgxWZNKXd5uQUVtLZdd4AaABAg,@Adeerinheadlights,Is that Kendriks mini van?,6,1,2026-06-30T16:10:57Z,2026-06-30T16:10:57Z
UgxwkVs4LJTI1pXVUwZ4AaABAg,@BIGTinfamous,Drake won,22,3,2026-07-22T03:37:40Z,2026-07-22T03:37:40Z
Ugwc6RSc6cLNMnxUyoJ4AaABAg,@ASHBY.POPPIE,If 2008 Lil Wayne was on this beat 🔥🔥🔥🔥🔥🔥,1,0,2026-07-17T14:37:45Z,2026-07-21T21:41:04Z
Ugxtcox6NyzMMUdgeNp4AaABAg,@GeezaGangMusic,Not bad 🔥🔥🔥,2,0,2026-05-24T18:19:42Z,2026-05-24T18:20:04Z
UgwZkQwnsQ25P5oTM3Z4AaABAg,@anntricebriggs2978,You deserve everything that come into you Drake do what you need to do,0,0,2026-05-29T15:23:10Z,2026-05-29T15:23:10Z
UgzP6cPuVMDqsy-_BDh4AaABAg,@mthembenisoganile2229,Night before Iceman 🥶🥶,1,0,2026-05-14T15:49:19Z,2026-05-14T15:49:19Z
UgyMYYc1ORjC7DO1tz14AaABAg,@gamerbros1113,2 Years ago today ts brazy,2,0,2026-05-03T20:18:54Z,2026-05-03T20:18:54Z
Ugy8Ibf8LO_84agcJoV4AaABAg,@webs_certified,i mean drake won with this,3,0,2026-05-05T17:41:14Z,2026-05-05T17:41:14Z
UgxB8pt3kOgF9WrR07x4AaABAg,@frankanthony6223,Whoever plays this and thinks there is an actual comparison to the other side just doesn’t understand anything,5,0,2026-06-17T14:43:20Z,2026-06-17T14:43:20Z
UgxiDTxB_4qe2XSF6d54AaABAg,@gusnacao,O tempo inocentou o homem. Que pancada!!!!,0,0,2026-06-18T00:33:54Z,2026-06-18T00:33:54Z
UgwPVD3EksPsSMSN_ht4AaABAg,@kaygreene3305,RIP TAY KEITH,2,0,2026-06-19T00:28:46Z,2026-06-19T00:28:46Z
UgyeDODOyL_U5tihItl4AaABAg,@BlackLove_sa,IceMan 🧊🧊🥶🌍,12,0,2026-05-11T22:01:41Z,2026-05-11T22:01:41Z
Ugwdb6kzQW3lEjvx3AF4AaABAg,@mohammadmaskmaker,goat,2,0,2026-08-09T01:51:17Z,2026-08-09T01:51:17Z
UgxRe2hKiFYtOUIWWb54AaABAg,@MattyPrograms,Family Matters was the best song of the beef 🤷‍♂️,13,0,2026-04-28T03:46:30Z,2026-04-28T03:46:30Z
UgzcGuH5XhNrl73Sw614AaABAg,@bettyboid,"We should be lookin back at this ""beef""",1,0,2026-06-06T14:38:01Z,2026-06-06T14:38:01Z
Ugzf7ZBe3f1SoLwGr_h4AaABAg,@sbp7thwardhardhead504,Who's here 2026 after DRAKE DROP  ICEMAN 🧊,15,0,2026-05-24T05:51:06Z,2026-05-24T14:03:34Z
Ugzr8PD9zPddHNArcGF4AaABAg,@bettyboid,DROP DROP DROP,2,0,2026-06-06T14:36:08Z,2026-06-06T14:36:08Z
UgzQpBJa0fgXbUMFAe14AaABAg,@DynamicsSocials,Wow he was Spitting at this guy sheesh 🙄,2,0,2026-05-05T09:48:56Z,2026-05-05T09:48:56Z
UgwyazfKw9IlJj496bZ4AaABAg,@kawanthornton7707,The second part of the song. That beat switch is disgusting 😮‍💨,3,0,2026-04-25T22:59:07Z,2026-04-25T22:59:07Z
UgxMwZgzP4Muee3JR_x4AaABAg,@nosleepers11,2 years ago when this dropped I was just eating breakfast on a Saturday morning and was listening to this while drinking tea on my way to work,1,1,2026-05-03T15:15:29Z,2026-05-03T15:15:29Z
UgxvjMtXE_EBBcyF-wN4AaABAg,@RonniePhiri-j9b,This is one was coooo😢,1,0,2026-05-05T16:40:09Z,2026-05-05T16:40:09Z
UgwKWLfEPiP9DeLeevp4AaABAg,@monteburto,Rip tay keith,2,0,2026-06-18T23:38:44Z,2026-06-18T23:38:44Z
UgzoKPEZI15M5HRtfDN4AaABAg,@OOGP4s,2 years ago already?,2,0,2026-05-16T04:02:43Z,2026-05-16T04:02:43Z
UgwsD1z6OmWlH6dTpcp4AaABAg,@mjaynasscalmass,Who after Drake drop drop drop 3 albums??? It's been 3 beats ❤️‍🔥❤️‍🔥❤️‍🔥,1,0,2026-05-15T20:35:34Z,2026-05-15T20:38:08Z
UgxQe4RdB1O-ygUvq-x4AaABAg,@insanityhomelesss6380,Kendricks gotta leave at least a 20% tip after being served this😂. How good is Drake ^^^ weeelllll he isn't bad🌚,1,0,2026-05-07T19:50:24Z,2026-05-07T19:50:24Z
UgxG52PBSDiJay2pVhl4AaABAg,@vibrancerecordings7912,RIP Tay Keith,2,0,2026-06-19T00:06:22Z,2026-06-19T00:06:22Z
UgzO28tofxRsZb7v8Jx4AaABAg,@lordvegasquotez33,🥶🧊🧊,8,0,2026-04-23T09:57:04Z,2026-04-23T09:57:04Z
Ugw71F8aFpXntRSccxR4AaABAg,@twizzay190,"drop, drop, drop!!!",2,0,2026-05-05T20:13:25Z,2026-05-05T20:13:25Z
UgwSOz-A_8-FlIjlRYp4AaABAg,@boethomaszzbill3733,Goat,1,0,2026-08-12T18:18:26Z,2026-08-12T18:18:26Z
UgydISEIRYuwqpqK7iF4AaABAg,@Rob_mFx,Drake won the beef you dont win with lies only sheep don't understand,16,0,2026-07-21T03:57:13Z,2026-07-21T03:58:12Z
UgyDlVsBbdro6lxQ8at4AaABAg,@DRESIERRA,Aging like wine.,10,2,2026-07-18T02:07:13Z,2026-07-18T02:07:13Z
UgyRiC0j0cxG2Br_ZLJ4AaABAg,@4Bashment,Still fire 🙈🔥🔥🔥🔥,3,0,2026-06-15T15:19:56Z,2026-06-15T15:19:56Z
Ugx36gb0hgLpgQ_5dcF4AaABAg,@davidmaritnez5399,🔥 🔥,3,0,2026-08-14T22:46:09Z,2026-08-14T22:46:09Z
UgzbDvO35LPWmWSTFLV4AaABAg,@AmirKhalifa52,RUN IT.,2,0,2026-07-01T01:17:20Z,2026-07-01T01:17:20Z
Ugx7aPoNRv_ZpdRH7Lt4AaABAg,@GivenKarools-b4q,FREEEEEEEEEEEEEEEEEES!!!,1,0,2026-07-20T12:03:29Z,2026-07-20T12:03:29Z
UgyIMVqsgZCxQlDea0l4AaABAg,@KurdishKing-v2e,Legendd,1,0,2026-05-21T08:33:09Z,2026-05-21T08:33:09Z
UgwO0hzdbPEyUXZER9J4AaABAg,@THEYDONTKNOWATHARV,1:45 daveee freeeee,3,0,2026-04-23T18:56:52Z,2026-04-23T18:56:52Z
UgwqHuUp38HQPMirqUt4AaABAg,@lildrizzy._s,Who's here after iceman,3,0,2026-04-24T21:11:14Z,2026-04-24T21:11:14Z
Ugy5SIJI9eGkgkPednV4AaABAg,@bigviews4828,Rip Tat Keith,1,0,2026-06-19T03:08:34Z,2026-06-19T03:08:34Z
Ugy3-3WZV1yzlNJ8pfd4AaABAg,@Natak222,5:24 - this flow underrated af 🔥🔥🔥🔥🔥🔥🔥,1,0,2026-05-15T10:06:28Z,2026-05-15T10:06:28Z
UgzsE4AKeD1AgDudv-B4AaABAg,@Kingvicc,Y'all really really wanna tell me NLU harder than this...?? Really?,7,0,2026-06-03T19:18:35Z,2026-06-03T19:18:35Z
UgynqBFU6RRXrR5xXp54AaABAg,@tony2times415,July 2026,4,0,2026-07-18T21:00:28Z,2026-07-18T21:00:28Z
UgxD6aztjmq0BeuEgTJ4AaABAg,@Justfacts10000,This is so hard,1,0,2026-05-04T05:29:57Z,2026-05-04T05:29:57Z
Ugzqaag6aNBMXAArBMB4AaABAg,@JaysYoshiYT,Nostalgia,2,0,2026-05-03T22:35:12Z,2026-05-03T22:35:12Z
Ugz3U0ho4gu8lkLnEUx4AaABAg,@tyrellc3911,"“Ross callin' me the white boy and the shit kind of got a ring to it
'Cause all these rappers wavin' white flags while the whole fuckin' club sing to it”

Drake killed them all… rip. I’m here years later after coming to the conclusion that Drake won the beef off this song alone",8,0,2026-05-20T13:25:31Z,2026-05-20T13:25:31Z
UgybaECH6ezxfFzy-794AaABAg,@thexclusivek,"Looking back after 2 years, this track still stays with me as the best diss track to ever bless us. Looking forward to ice man in 2 weeks!",8,0,2026-05-02T06:09:29Z,2026-05-02T06:09:29Z
UgyJMPSlh0Sb-UkDBiJ4AaABAg,@zackzankies7942,Hard,2,0,2026-05-17T07:53:54Z,2026-05-17T07:53:54Z
UgzdwPyKZxYNoOSnJOZ4AaABAg,@oziasthabo2942,Aubrey plz come to RSA. Still here I'm your day 1,2,0,2026-07-04T18:13:47Z,2026-07-04T18:13:47Z
Ugw0aYtCJ_QFPR6ZpER4AaABAg,@OneHerbTree,ICE MAN!,1,0,2026-05-29T22:29:35Z,2026-05-29T22:29:35Z
UgwIiTmxIpki3ULMFph4AaABAg,@AmirKhettabi-x4m2v,G unit chain,2,0,2026-08-13T20:35:12Z,2026-08-13T20:35:12Z
Ugyg_dKCghXIGqszxHd4AaABAg,@mreendiemutheiwana8531,Ice man loading 🔥🔥🔥🔥,1,0,2026-05-14T19:43:35Z,2026-05-14T19:43:35Z
Ugyz3uL9zVMfepbZ_BF4AaABAg,@erotomaniaaaaaaa,classic,5,0,2026-05-18T12:05:37Z,2026-05-18T12:05:37Z
UgwOzCK9Rcr-NaGQDi54AaABAg,@vibestudiosct400,🧊 🧊🧊🧊🧊🧊🧊🧊,2,0,2026-04-24T22:27:31Z,2026-04-24T22:27:31Z
UgymCq8JSq3XCl2Evht4AaABAg,@beatgeekmuzic,Never understood how people said Drake loss. Every diss track was crazy 🔥🔥🔥,13,0,2026-05-26T23:50:18Z,2026-05-27T00:04:08Z
UgwWCxDeDH6c9AuaffZ4AaABAg,@Khiauser,Who here after Iceman and Drake beating MJ's most #1 hits,11,0,2026-05-26T18:38:05Z,2026-05-26T18:38:05Z
UgzMZxgr4B0zVf71MRx4AaABAg,@Ringotapes,Iceman May 15th,4,0,2026-05-02T21:29:52Z,2026-05-02T21:29:52Z
UgwRpPQwXXc3NRfjOGp4AaABAg,@maansavalia6707,Family matters acc a crazy song,0,0,2026-05-04T05:55:04Z,2026-05-04T05:55:04Z
UgxokKkxS1T9Hn7BGoF4AaABAg,@impeccable2953,🐐🐐🐐🐐🐐🐐🐐🐐🐐🐐,4,0,2026-06-04T02:40:12Z,2026-06-04T02:40:12Z
Ugz4kiPNt39xKXFC25N4AaABAg,@Tjay718,2 Years later and this still one of the best disses from the whole beef. Smoked them boys on beat 2 & 3,5,0,2026-05-19T17:17:08Z,2026-05-19T17:17:08Z
UgxYoP-z6LD3FDpv7gp4AaABAg,@swim1077,"Retrospectively not a bad diss. Sonically, this song is solid. The final beat used on this song is something I come back to, two years later.",0,0,2026-05-20T03:34:03Z,2026-05-20T03:34:03Z
UgzxISEwMJq9xRywF1F4AaABAg,@miltheruler,I love drake soul.,0,0,2026-05-01T06:16:03Z,2026-05-01T06:16:03Z
Ugyt_oAzhs6hrJlw6-R4AaABAg,@ontiabennett7413,"Back on the anniversary of this historic night lol I'ma tell my kids about May 3, 2024",1,0,2026-05-03T17:50:38Z,2026-05-03T17:50:38Z
UgwxfjfX3AnhU--Tlw54AaABAg,@trevonfri86,🧊 🧍‍♂️,4,0,2026-05-09T16:00:05Z,2026-05-09T16:00:05Z
UgyPZrbbLw34nAPnOBN4AaABAg,@JoginoriTobonomo,Si Drizxy Tirara Asi Pero Mas Frio Crudo Filosofo Fundamental  Podria Contra Toda La Industria Entera Musica Global,2,0,2026-06-15T00:39:59Z,2026-06-15T00:40:27Z
UgzgdFyIKE5-1_GyaPp4AaABAg,@mandlandlovu3727,Drake actually won this though,29,4,2026-05-19T15:06:39Z,2026-05-19T15:06:39Z
Ugxxy8D6cL6qkVM7anB4AaABAg,@joedo5886,The video is undefeated,7,0,2026-05-13T02:37:08Z,2026-05-13T02:37:08Z
UgznGPDZXMWzGqNfDCR4AaABAg,@ktime2037,2026?,3,0,2026-08-13T01:59:03Z,2026-08-13T01:59:03Z
UgzItxrIgxo_qt4m8AF4AaABAg,@pouriamidavoodi6254,🐐 🐐,1,0,2026-05-16T12:42:04Z,2026-05-16T12:42:04Z
Ugxhw1q-ICJ2fn_El4N4AaABAg,@the1forsure,who's still here AUG26🥵,3,0,2026-08-18T00:39:19Z,2026-08-18T00:39:19Z
UgxjmAJr3LDWEdAoDNJ4AaABAg,@ChachoJafa,Rip TAY Keith,3,0,2026-07-05T04:31:45Z,2026-07-05T04:31:45Z
UgwrQGadPJC5_As3Idd4AaABAg,@NANGOTHEFIGURECOLLECTER,TMRW IS A PARTY ICEMANNN,1,0,2026-05-14T21:07:06Z,2026-05-14T21:07:06Z
UgwA___vlOd1Elk1_2d4AaABAg,@OMGItsGuppey,Who’s here in 3026?,3,0,2026-05-12T16:28:07Z,2026-05-12T16:28:07Z
UgwX7MilQ90u4ZN9PsR4AaABAg,@streetdeandre,Here before ICEMAN SO SOON!!!!!!,0,0,2026-05-13T18:14:56Z,2026-05-13T18:14:56Z
UgzWs9GWJhYJtuGdJ1p4AaABAg,@tonylongoria3567,Who's here after Iceman?!!🧊🐐,8,2,2026-06-05T03:38:44Z,2026-06-05T03:38:44Z
UgwaE0srRv4tcEDPRSt4AaABAg,@AFN12315,'it's all in your face like what happens to Mike' is tough!! now that we know 'they' killed him.,1,0,2026-04-28T01:20:49Z,2026-04-28T01:20:49Z
UgzILQAHN5p61PQD40F4AaABAg,@Starboy_oluwatoba,❤️🦉,1,0,2026-06-18T18:33:36Z,2026-06-18T18:33:36Z
UgxLABIjw1qSlSIu2vB4AaABAg,@aricmontoya9701,Hardest diss of the whole beef don’t care what anyone says,11,2,2026-09-04T18:58:32Z,2026-09-04T18:58:32Z
UgzNrwAjOc0fR_sFs9V4AaABAg,@JeffLilumbi,"here after that podcaster chalabitch talked shit bout Drizzy.... this is what a rap song 
sounds like",1,0,2026-04-29T11:01:54Z,2026-04-29T11:01:54Z
UgxQo73mfy2butgL5L54AaABAg,@hudsonclarkk,idc this one was the hardest of all the beef songs dropped.,9,1,2026-06-15T23:33:44Z,2026-06-15T23:33:44Z
UgwCYQdmRw4gYsB8g0d4AaABAg,@paulhowell8692,Sheesh Iceman about to be the 1....🎉🎉🎉😮,0,0,2026-05-13T20:35:46Z,2026-05-13T20:35:46Z
Ugwg3bA3kZBYDlcl42h4AaABAg,@chlwodnjs,won’t need to slime anyone after I get my $300 ap 😂,2,0,2026-05-11T08:45:34Z,2026-05-11T08:45:34Z
UgwaEvk13PXTSv7XgyJ4AaABAg,@hndrxx5339,RIP TAY KEITH,7,0,2026-06-19T05:51:09Z,2026-06-19T05:51:09Z
UgxEIXClWWOBkVIAfBZ4AaABAg,@jeremyjones5756,Drop drop drop 🧊 🧊 🧊,4,0,2026-04-29T18:34:56Z,2026-04-29T18:34:56Z
UgwaD0yqPlasGhWvEfp4AaABAg,@Hilariousbrownguy,Never switched up on bro. Kenny sucks and anyone who disagrees is just tryna be quirky,10,1,2026-05-09T17:14:51Z,2026-05-09T17:14:51Z
UgyN5Xjf3WH8-f9ZaDV4AaABAg,@FaisalSaeed-k1t3i,🔥🔥🔥🔥🔥🔥,2,0,2026-09-03T22:14:52Z,2026-09-03T22:14:52Z
Ugxy4RtSI8yXrJeBum14AaABAg,@Michelletl,ab ataşaşnı yerim,0,0,2026-07-10T15:59:16Z,2026-07-10T15:59:16Z
UgzPHvuobmyNaZmFViR4AaABAg,@PachekoJr,🏆🏆🏆🏆,4,0,2026-07-07T06:19:49Z,2026-07-07T06:19:49Z
UgwGm6gfrt-WlnjxkIh4AaABAg,@Dirtbaggscotty,This had lik 600k dislikes now it gone i wonder what happened 🧐,2,0,2026-05-24T17:30:52Z,2026-05-24T17:30:52Z
UgwMBGJP7qK2v_xS4rZ4AaABAg,@ChiokDorar,❤❤,2,0,2026-04-29T08:42:34Z,2026-04-29T08:42:34Z
Ugyg2u-PAzxHLhwmR-94AaABAg,@eggyxo1861,Who’s Here After Ice Man 🧊,7,1,2026-06-05T05:30:29Z,2026-06-05T05:30:29Z
UgwaCRMeNCjGq-a19Fx4AaABAg,@AR4ace,Rip Tay Keith,1,0,2026-06-19T02:49:17Z,2026-06-19T02:49:17Z
UgzeYzf3EYZ7ojUh2Sx4AaABAg,@fredieu23,Just caught the Michael Jackson line with j Cole,1,0,2026-05-04T04:22:35Z,2026-05-04T04:22:35Z
UgxRjxFyVYMrz7j9HFp4AaABAg,@EmmanuelMedel-t6u,Hace 2 años broo y mañana  pierdes 🦉🔥🔥😭,2,0,2026-05-04T06:56:26Z,2026-05-04T06:56:26Z
Ugx25VlXfZdjnIFVSGB4AaABAg,@Creativetandovuyo,This is the one I still say that God damn,0,0,2026-05-06T08:36:47Z,2026-05-06T08:36:47Z
Ugzo7BsRVODzU-BhGNl4AaABAg,@cameron-w7d3l,It reminds me of OG Drake,0,0,2026-05-14T03:37:45Z,2026-05-14T03:37:45Z
UgyV7bQEzB6ivwDC2FB4AaABAg,@gamingfrag1322,Top song,7,0,2026-05-31T11:08:58Z,2026-05-31T11:08:58Z
UgzYlu_7cGjdSePnQIp4AaABAg,@TIsnice3,DAVE FREEEEEEEEEE’s,2,0,2026-05-05T02:37:36Z,2026-05-05T02:37:36Z
UgwDIPrutRbKZNCaMSN4AaABAg,@drkele,This might be the best song of last 5 yrs,7,0,2026-05-27T17:37:08Z,2026-05-27T17:37:08Z
UgxFxxDlZq9pDmEyTVZ4AaABAg,@punishedsoul,2:56 machine gun bars .,3,0,2026-07-03T03:40:31Z,2026-07-03T03:40:31Z
UgzrnygIlFhZdVFptLV4AaABAg,@Doudedl,2:25 is violent !!!,2,0,2026-05-21T09:26:22Z,2026-05-21T09:26:22Z
Ugzb9llDBXhte6n9vgF4AaABAg,@canada-d6p,drake won,26,4,2026-07-08T18:23:43Z,2026-07-08T18:23:43Z
UgyqNIM4t4YkeVl3LVd4AaABAg,@Ssaafal999,and they say kdot won.,22,4,2026-05-27T15:22:23Z,2026-05-27T15:22:23Z
UgxhvKBp6pRo1LL2jv94AaABAg,@Jaxer22,2 YEARS?!?!,7,0,2026-06-29T01:40:58Z,2026-06-29T01:40:58Z
UgzjkbD5X2aWA5yp7kR4AaABAg,@freshhforlife,i was really really tryna keep it PG 😂😅,5,0,2026-05-30T18:07:10Z,2026-05-30T18:07:10Z
UgwKior4HyUkRmsIiER4AaABAg,@traphouseowl,This is actually a rap song not some pop bs,4,0,2026-06-13T15:39:31Z,2026-06-13T15:39:31Z
Ugx4gg4dPfHEF8e1Xyt4AaABAg,@StreetLogicTv,🥶🥶,1,0,2026-05-12T14:37:42Z,2026-05-12T14:37:42Z
UgwElO0QZeoicnSwzMJ4AaABAg,@ISAGTrussme,W,2,0,2026-05-16T18:33:07Z,2026-05-16T18:33:07Z
Ugx9Jlah5e0uMxXoUMd4AaABAg,@BackseatWatching,yo when i make it imma have a chain and just like carry it in one hand and then i only have one hand thats hard AF,1,0,2026-06-06T11:55:32Z,2026-06-06T11:55:32Z
Ugzb5YSjt0Jfex-yWRp4AaABAg,@CBLASTMCB,Who here in 2026 right before ICEMAN drops?,1,0,2026-05-01T18:46:49Z,2026-05-01T18:46:49Z
UgxTFLWkfX3V26Ssp-Z4AaABAg,@preciousndangano6760,🔥,0,0,2026-06-18T13:05:02Z,2026-06-18T13:05:02Z
UgwEUoXpz17uU09n3QJ4AaABAg,@LUNGELOHANDSOMENKOSI,Drake,3,0,2026-04-29T19:20:40Z,2026-04-29T19:20:40Z
UgxAt81qrXaxIEfgASx4AaABAg,@Setha300,Seth was here,2,0,2026-05-15T02:54:06Z,2026-05-15T02:54:06Z
UgyJWhPuaWOTHWZT2mR4AaABAg,@tkayrareking-,Bro thought he was eating 😂😂,1,0,2026-05-14T04:31:48Z,2026-05-14T04:31:48Z
UgxgCiB3DLZRLzt3Vu94AaABAg,@TrippleXZero,Drake won.,13,0,2026-08-29T01:16:46Z,2026-08-29T01:16:46Z
UgxUwG13H_pIRPQNJiB4AaABAg,@WilsonLwando,The Last part 😂😊,0,0,2026-05-19T11:06:21Z,2026-05-19T11:06:21Z
UgyG1kZKiZ3tAmlGRTd4AaABAg,@Ohctto,Who was the one with the G unit spinner in the beginning of the video?,0,0,2026-07-10T18:31:57Z,2026-07-10T18:31:57Z
Ugzz_MNKQhIvcGg1QgV4AaABAg,@luhluke-b7o,"day after tomorrow all this shit finna come full circle 

🥶🥶🥶🧊🧊🧊🧊🧊🦉🦉🦉🦉",0,0,2026-05-13T22:07:42Z,2026-05-13T22:07:42Z
UgyMbOSK24yqiuKGRel4AaABAg,@martinorozco3499,🥶,1,0,2026-05-22T20:19:57Z,2026-05-22T20:19:57Z
UgzeTFDuhAY9Sqkl-ql4AaABAg,@ladiesunited,🔥🔥🔥🔥🔥🔥🔥,1,0,2026-05-09T19:49:19Z,2026-05-09T19:49:19Z
UgzQR2Y9teBsG_HoOyF4AaABAg,@kamiranarae,I was really trying to keep it PG 🧊🧊🧊🧊🧊🧊🧊🔪,3,0,2026-08-28T04:58:00Z,2026-08-28T04:58:00Z
UgwuUZQVpuv6u85cOOh4AaABAg,@nigelford9721,May 14 - 1:14PM LETSSS GOOOOO,1,0,2026-05-14T17:14:24Z,2026-05-14T17:14:24Z
UgxT8OpPgwfG0l32-tx4AaABAg,@UncSquadVon,💪🏾💪🏾💪🏾💪🏾💪🏾💪🏾,1,0,2026-06-20T18:19:32Z,2026-06-20T18:19:32Z
Ugxf54xmh87cps-qdkx4AaABAg,@joaomelo5814,🙏🔥,2,0,2026-05-19T13:54:01Z,2026-05-19T13:54:01Z
UgzE9jmA_N-O4HwGUBl4AaABAg,@blackone2805,Still better ❤,2,0,2026-07-16T12:36:53Z,2026-07-16T12:36:53Z
Ugw9kVjHhprtEFzxloF4AaABAg,@Kjell-bq5lg,7:37 minutes of pure flowstate,1,0,2026-08-04T07:00:46Z,2026-08-04T07:00:46Z
UgzrIiPiO7IyuFST8tF4AaABAg,@paulhowell8692,Based off this song...Drake actually won bar for bar with actual bars...,8,0,2026-05-13T20:43:04Z,2026-05-13T20:43:04Z
UgzVmnwehCG1FyWeSbh4AaABAg,@mac7742,"Who here June 8, 2026?? 🙌🔥🔥",1,0,2026-06-08T20:41:53Z,2026-06-08T20:41:53Z
Ugy_udjonbybrT9xuSp4AaABAg,@onepunchamv,Bruh ngl drake killed him in this song 🎵 ❤❤,8,2,2026-08-29T19:35:03Z,2026-08-29T19:35:03Z
UgyuFTdpQYPAQeOWgXl4AaABAg,@romerohenny3048,its 2026 wheres Whittney crip walking and where is her Marrage LOL drake was right the whole time proposed in 2015 but he dont wana make her his actual wife CRAZYYYYYYYYYYY,3,0,2026-05-20T06:12:34Z,2026-05-20T06:12:34Z
UgzCoZ7Mh7gUPghC6bh4AaABAg,@12warn,After Iceman and the whole Umg thing. I'm starting to think this song was all truth.,25,2,2026-05-25T23:12:57Z,2026-05-25T23:12:57Z
UgwnmdK4f5D706Afpsp4AaABAg,@DrllGuapYT,Mannn Drake fuckin snapped on this it was by far the toughest song🔥🐐,2,2,2026-06-08T12:37:16Z,2026-06-08T12:37:16Z
Ugy7vs9C_QbCpo8sxHZ4AaABAg,@marcusaurelias399,Ooh that video.,0,0,2026-04-30T10:35:35Z,2026-04-30T10:35:35Z
UgxgQxl7U9Tt7ZhhpfB4AaABAg,@ejfromTX,Drake let's go 2 years ago,0,0,2026-05-23T20:58:54Z,2026-05-23T20:58:54Z
UgwlfgJXXYWqB9gLIaB4AaABAg,@MulahVeli,🔥🔥🔥,0,0,2026-08-06T09:28:07Z,2026-08-06T09:28:07Z
Ugz-jPkaqPwwrJo0cZ14AaABAg,@Ved-p1g,Maturing is realizing this was the best track on entire Beef mania - aging well.,17,0,2026-05-29T18:47:58Z,2026-05-29T18:47:58Z
UgzggArvgR3AY2Ch29t4AaABAg,@delawareamerica,Drake won and continues to win,9,0,2026-06-03T06:20:32Z,2026-06-03T06:20:32Z
UgyZ7JWcUXZSmixtkfx4AaABAg,@KatebaCedric,They throwing  a shade on ASAP,0,0,2026-05-21T06:25:41Z,2026-05-21T06:25:41Z
Ugx1TFuMju3NA6AjE5Z4AaABAg,@Twotimefan-h6u,Gang,1,0,2026-09-05T08:56:45Z,2026-09-05T08:56:45Z
Ugycurd9EMvvjsq0Ixh4AaABAg,@ElvinMbuya,Drop drop drop,1,0,2026-05-15T14:31:36Z,2026-05-15T14:31:36Z
UgyK1XmDjglGTxKn4xt4AaABAg,@KimbutaAriel,😮😮😮 bro 🦉🦉,0,0,2026-05-08T14:24:10Z,2026-05-08T14:24:10Z
Ugxqviv1EDW7T0aRtb94AaABAg,@maansavalia6707,Yeah been 2 years but ts still fire,0,0,2026-05-04T05:54:21Z,2026-05-04T05:54:21Z
UgyMw7faduJ-2XvMFEV4AaABAg,@Kamakazie_Kyn.onee1,Yuh dig,1,0,2026-08-17T23:31:55Z,2026-08-17T23:31:55Z
UgygiYn0iOR4rdCu-DF4AaABAg,@mannybatista95,FAMILY MATTERS !!!<!!!<!!!<!!!<!!!>!!!!>!!!!>!!!<,3,0,2026-07-19T11:54:35Z,2026-07-19T11:54:35Z
Ugw2epIMAsMknLQkPUV4AaABAg,@aryamang999,🕺🏻,2,0,2026-05-24T09:11:43Z,2026-05-24T09:11:43Z
UgwvPAiuF-4PmAm18OV4AaABAg,@Ubenzofficial2716,The boy only talk business in the all entirely song,0,0,2026-05-30T09:00:11Z,2026-05-30T09:00:11Z
Ugy1tZ7UcSYRmoBAIcN4AaABAg,@astroboyy_2xxl6,Both Both Both Is Good,1,0,2026-05-22T01:26:21Z,2026-05-22T01:26:21Z
Ugx4PFMPP7DteRJBKy94AaABAg,@Avrelianvs,This place feels like russia with the cencorship,2,1,2026-09-04T00:31:43Z,2026-09-04T00:31:43Z
Ugx77MI3eJMZkelzkmB4AaABAg,@JasonSarkozi-q3z,more important is the nitty gritty of the world problems,0,0,2026-06-10T16:27:23Z,2026-06-10T16:27:23Z
Ugy3tpD7qhtbwiy5MTJ4AaABAg,@billhurst-z1w,"“Your darker secrets are coming to light it’s all on your face like what happened to Mike, oh shit.. it’s all making sense maybe I’m prince & you actually mike, mike was praying his features would change so ppl believed he was actually white, top would make you do features for change get on pop records & rap for da whites” one of da sickest bars bruh yall sleep fr",4,1,2026-05-02T23:20:58Z,2026-05-02T23:20:58Z
UgzCEz0VQv09zXvfmrh4AaABAg,@ŁıVÈsŃıPeR-j1v,Damn💥💥,1,0,2026-08-17T09:42:53Z,2026-08-17T09:42:53Z
UgxiJXsJ2XIib9_h19F4AaABAg,@VisHal-z4s7q,💯💯💯,1,0,2026-05-19T04:12:18Z,2026-05-19T04:12:18Z
UgzERt3Ewbe0yBPj_gV4AaABAg,@BrowardDolphins,2 years,2,0,2026-05-03T02:21:24Z,2026-05-03T02:21:24Z
UgxXhnOXOnw3vF_cL9R4AaABAg,@H2OxBobby,🥶🧊❄️🌬️🌬️🌬️All of my Ice ✨,2,0,2026-05-17T21:41:15Z,2026-05-17T21:41:15Z
UgwD5iaah7HvIyEvfFF4AaABAg,@TeddyMMARULE,Who's here after iceman dropped 🫳 🎉🎉🎉🎉🎉🎉🎉🎉🎉🎉🎉🎉🎉🎉😢😢🎉🎉🎉🎉🎉😅😅😅😅🎉🎉🎉🎉,3,0,2026-06-14T00:36:31Z,2026-06-14T00:36:31Z
UgyttdqH4MycDzcClU54AaABAg,@SkabbaRaxx,who's here before iceman 🧊🧊🧊,2,0,2026-05-13T19:42:17Z,2026-05-13T19:42:17Z
UgzJY4u08UtkrsLexTR4AaABAg,@InMeHeTrust,Feel That,0,0,2026-05-18T15:50:02Z,2026-05-18T15:50:02Z
UgzNM3RvOzIHEU0-JY94AaABAg,@Tchinoobojosi,Whose here before iceman🧊🧊🧊,1,0,2026-05-14T07:56:31Z,2026-05-14T07:56:31Z
UgxPxMdU6MoFvovXZd14AaABAg,@JasonSarkozi-q3z,oh I'm running the show like playing against myself,0,0,2026-06-10T16:26:31Z,2026-06-10T16:26:31Z
UgzpjwCu2KYUSQjth9V4AaABAg,@YounesTaha-b1w4s,🦉🦉🦉🦉,2,0,2026-04-27T14:51:00Z,2026-04-27T14:51:00Z
UgzCHPFKc4xNmK2mOH54AaABAg,@ToohotATL,Sheesh,2,0,2026-08-14T00:23:29Z,2026-08-14T00:23:29Z
UgzE1Jsf6V2GdmK8ySB4AaABAg,@Nasty_blaq_JR,Who is here before Iceman release 🧊🧊🐐,1,0,2026-05-05T13:05:03Z,2026-05-05T13:05:03Z
UgyEBM1THEnRQUrE1nF4AaABAg,@JovaniAraizaCortes666,hi,0,0,2026-05-16T00:39:35Z,2026-05-16T00:39:35Z
UgztiL1GyKLI8t0iooN4AaABAg,@christopherdyer7527,Only reals ones know what the Minnie van mean,1,0,2026-05-04T04:08:59Z,2026-05-04T04:08:59Z
Ugw_bFkhNGq0dcVCrGp4AaABAg,@robertofarrell6412,"""I threw down my enemy, and he fell from the high place and broke the mountain-side where he smote it in his ruin.""",0,0,2026-05-18T21:50:37Z,2026-05-18T21:50:37Z
Ugz35WnNf2v-UW1zACZ4AaABAg,@jeepyyyy,Drake disses aged better,11,1,2026-06-02T13:31:17Z,2026-06-02T13:31:17Z
UgzPlEyqWwAlIsPhMgl4AaABAg,@Ninobrownfromthetown,2026 just here too read the comments,1,0,2026-05-07T07:56:39Z,2026-05-07T07:56:39Z
UgxB94wx58scT1TvcH14AaABAg,@toog00dforyoo,6:11 still wild to this day,1,0,2026-05-11T05:44:01Z,2026-05-11T05:44:01Z
UgwkRgo856tYtcplPF94AaABAg,@dedo-bangem7656,Drake won a 20 v 1 by the way 😂,20,1,2026-06-08T07:09:57Z,2026-06-08T07:09:57Z
Ugypt6_z5hrfBFhqfR94AaABAg,@PedroJaimeabynegro,Drake melhor,1,0,2026-05-21T20:46:42Z,2026-05-21T20:46:42Z
Ugz6T5rLwgV5AaJK6Kt4AaABAg,@tifina8563,2 years ago,2,0,2026-05-04T19:15:47Z,2026-05-04T19:15:47Z
UgyvvPZFEGFo0DMSBhZ4AaABAg,@Videol10444,6:11  what¿?( ’º👄º )¿?,4,0,2026-07-27T17:03:46Z,2026-07-27T17:03:46Z
Ugx7Zc4Sd9RZ7pBjLJJ4AaABAg,@axr_ryn,Aubrey D. Graham,2,0,2026-06-06T00:04:43Z,2026-06-06T00:04:43Z
UgysC8QzxK68WulLJtV4AaABAg,@donttellmystorylol,How are yall thinking Kendrick’s songs were better than this?,11,2,2026-05-29T11:03:10Z,2026-05-29T11:03:10Z
UgxIwY8fGugN7BcYsy14AaABAg,@easymatter-r2f,Waiting for iceman 15th may,1,0,2026-05-05T13:20:37Z,2026-05-05T13:20:37Z
UgzoM0z7UldQfLqbObl4AaABAg,@TopRankGeneral,ICEMAN DROP IN 50 mins,2,0,2026-05-15T04:09:44Z,2026-05-15T04:09:44Z
Ugx7CxW7hJqgbgxFwsx4AaABAg,@djmalik8013,Half. 😈😂,1,0,2026-04-22T22:04:01Z,2026-04-22T22:04:01Z
Ugx3jqX7Z7wGKDm9iyF4AaABAg,@ItsYaBoiMusa2,Boooooodiiiiied,4,0,2026-06-03T05:51:48Z,2026-06-03T05:51:48Z
UgwxlFvLSU1YRQ_vpSN4AaABAg,@Nonamealcoholic999,Cough cough ** where everyone that tried to say blah blah at.,1,0,2026-09-06T06:42:19Z,2026-09-06T06:42:34Z
Ugx1w26hiny-eUtkAtt4AaABAg,@giovaun330,This is 🔥🔥🔥👌🔥♥️ I love last verses beat. Unreal. Now watch me✈️,3,0,2026-05-03T15:09:29Z,2026-05-03T15:09:29Z
Ugxx8To9-tGdbfwBo994AaABAg,@realdealObvdO,Yo daddy got robbed by top,6,0,2026-05-17T11:56:33Z,2026-05-17T11:56:33Z
UgzMut_KKFS0EV1dJVF4AaABAg,@MattyPrograms,3:47 is fucking wild,1,0,2026-04-28T03:50:21Z,2026-04-28T03:50:21Z
UgzTYlZOyW1itf3yTOB4AaABAg,@azoriahchavae8317,Drake won,21,0,2026-06-10T22:57:37Z,2026-06-10T22:57:37Z
Ugzl0DrfCD_FQDV7R9V4AaABAg,@kristalsgonzalez,🌬️,1,0,2026-06-09T10:00:13Z,2026-06-09T10:00:13Z
UgzTbu1r1e6cFJOmpTR4AaABAg,@juniorlaurence5903,🇬🇾🔥🔥🔥🔥🇬🇾,1,0,2026-07-13T12:30:32Z,2026-07-13T12:30:32Z
UgyigVBajW7jYoZ0Hg54AaABAg,@langleyh8243,DAVE FREEEEEEEEEEEEEEEEEEEEEEEEEEEEEEEEEEEE,2,0,2026-05-22T20:58:43Z,2026-05-22T20:58:43Z
UgxUFCNM4We3vhsC1LN4AaABAg,@pwesty1990,This beef backfired naturally lmao. His 9th album could be his biggest one yet.,7,1,2026-05-03T06:53:13Z,2026-05-03T06:53:13Z
UgyoDgrbOIjWe0Xe1Cl4AaABAg,@andrequedanca,Maturing is realizing that this was the best disstrack of the beef and that Drake won.,27,4,2026-05-25T23:38:05Z,2026-05-25T23:38:05Z
UgxMNDUpa9z9HDVJpld4AaABAg,@saucy_di_ablo,🧊🧊🧊🧊🧊🧊🧊,4,0,2026-04-25T00:42:24Z,2026-04-25T00:42:24Z
UgyNAceDoozTT_jmhS94AaABAg,@shadefed4880,yooo,0,0,2026-08-18T13:55:53Z,2026-08-18T13:55:53Z
Ugx5ag95i6j-ouSBWOt4AaABAg,@gurvirbhinder1743,This was one year ago?,0,0,2026-05-02T16:52:39Z,2026-05-02T16:52:39Z
UgwqpQhXZQr980e0Hst4AaABAg,@kennyslg8914,"Can't believe it's been 2 years. I listened to all these songs the very instant they dropped. We witnessed cultural history, didn't we? I feel bad for the future kids who weren't there.",5,2,2026-05-25T07:19:06Z,2026-05-25T07:19:18Z
Ugz23r-FC8J0Ch2-0-V4AaABAg,@SayHeyyyMsZoey,ICEMAN 05.15.2026 🧊🧊🧊🧊,3,0,2026-05-07T13:17:51Z,2026-05-07T13:17:51Z
UgyVJrklAaihWQBJbxZ4AaABAg,@ericb.9488,Well damn,0,0,2026-09-11T03:51:28Z,2026-09-11T03:51:28Z
UgyCTMdkQJOHmCyYwGt4AaABAg,@TheConcierge1,6/29/26 - 50.7M,6,1,2026-06-29T15:33:34Z,2026-06-29T15:33:34Z
Ugy435e7eJ_LirYVvPx4AaABAg,@AmirAliMoradi-x6x,OMG,2,0,2026-08-22T05:32:38Z,2026-08-22T05:32:38Z
UgxyKWVLKveg1HcZKy94AaABAg,@kissmehisoka,like NO way mfs thought meet the grahams was better than this 😫😫😫😫😫,14,0,2026-05-09T04:58:34Z,2026-05-09T04:58:34Z
UgzlekZz-fgoloCWf3d4AaABAg,@OnielMendezIrizarry,amen,1,0,2026-08-12T22:17:00Z,2026-08-12T22:17:00Z
UgzxtB5Sauc6DHdMawR4AaABAg,@nikkimills9065,Ts is fire,5,0,2026-06-24T23:26:19Z,2026-06-24T23:26:19Z
UgzvymDW8S6rlZlmoqF4AaABAg,@xmxree,2026 ppl,5,1,2026-05-24T00:34:14Z,2026-05-24T00:34:14Z
UgxjBBbOPMmLqGu2oyh4AaABAg,@nathanverwin216,"hard asf, euphoria still crazy as a mf",0,0,2026-08-02T12:07:08Z,2026-08-02T12:07:08Z
Ugze9gIyqCIqZ-Ut_AJ4AaABAg,@tomski1017,coming back from iceman this hard than the whole album ngl,6,0,2026-05-17T16:00:19Z,2026-05-17T16:00:19Z
UgzPkD4U5jsMnkcXcyR4AaABAg,@ElvinMbuya,Drop a fifty bag for the mob in the spot 0:53,1,0,2026-05-15T14:31:58Z,2026-05-15T14:31:58Z
UgzQQCCQyDYqHsqM1ah4AaABAg,@mintyboard,Play at two times speed for an extra 5 years of smoking addiction,0,0,2026-08-18T01:09:23Z,2026-08-18T01:09:23Z
UgxtXCSyLrq1YwlUc0Z4AaABAg,@theboundD1,Iceman 🧊🧊🧊🧊❄️,2,0,2026-05-15T08:04:25Z,2026-05-15T08:04:25Z
UgxxfxuCTSXxMdkPAOh4AaABAg,@CraigDuncan-q7x,Dooooo make kid Dave free making sense 😂,1,0,2026-06-15T07:16:59Z,2026-06-15T07:16:59Z
Ugw7x-XYG9538_F4TA54AaABAg,@My_oh_face,Yo what's that story with the diamond drake shows at the end?,2,1,2026-04-30T19:33:45Z,2026-04-30T19:33:45Z
UgxGBkgvuOpL3UhZSHN4AaABAg,@guilhem6273,Faut juste applaudir 😂,0,0,2026-04-29T22:34:25Z,2026-04-29T22:34:25Z
Ugy5l1iCLL6Miuv2wwN4AaABAg,@mphomakole6340,So dude @ 6:48 is the bot guy?,1,0,2026-06-04T21:51:48Z,2026-06-04T21:51:48Z
UgwUxVTWqc5EEbBSEHh4AaABAg,@chinesename693,Post game interview,0,0,2026-06-07T06:36:50Z,2026-06-07T06:36:50Z
Ugx3YbBYHaUz8znfPqt4AaABAg,@bettyboid,WOOP WOOP WOOP,0,0,2026-06-06T14:36:02Z,2026-06-06T14:36:02Z
UgxLEA3VQ4bs0Fzwox54AaABAg,@fergudduguid552,easily the best diss of the whole beef,11,2,2026-07-22T21:17:15Z,2026-07-22T21:17:15Z
UgzL8Zj7GJJ2U_1IhbR4AaABAg,@Ubenzofficial2716,When I sue UMG I knew he the guy,0,0,2026-05-30T08:58:14Z,2026-05-30T08:58:14Z
Ugxbx57U9OJdS4SKQhl4AaABAg,@ramen6ix,5:15 iceman,2,0,2026-05-04T16:53:08Z,2026-05-04T16:53:08Z
UgyQuVLQsbsxeOu-yAJ4AaABAg,@miltheruler,Drake I’m performing at Coachella with you.,0,0,2026-05-01T06:16:25Z,2026-05-01T06:16:25Z
Ugzwnwru1_G5BxDShfh4AaABAg,@AlejandroBoluferRodriguez,🥶🧊🥶🧊🥶🧊🥶🧊🧊🥶🧊,4,0,2026-05-11T06:32:46Z,2026-05-11T06:32:46Z
UgyRSl9NArdyeFPMOwx4AaABAg,@Loicmikale,Anyone agrees this the best song from the beef,3,0,2026-09-17T16:05:46Z,2026-09-17T16:05:46Z
UgzTarzqcOvhiBUZy-p4AaABAg,@BulletTrucking99,DRAKE WON - PEOPLE WAKING UP.,8,0,2026-05-30T08:19:33Z,2026-05-30T08:19:33Z
Ugx5WiZfOPv1TneIaSF4AaABAg,@NetAdmin586,🧊🧊🧊🧊🧊🧊🧊🧊🥶❄️,4,0,2026-05-29T04:20:56Z,2026-05-29T04:20:56Z
