comment_id,author,text,like_count,reply_count,published_at,updated_at
UgyHew0QFwxKk4mE5zt4AaABAg,@KevinTheGoat-b1o,the song that started a heavenly beef,327,9,2025-08-21T14:47:43Z,2025-08-21T14:47:43Z
UgxKwplGZ5jHYxkdCgh4AaABAg,@rishibadriprasad421,Listening to this in May is like watching Archduke Franz Ferdinand get shot,83,0,2025-01-06T04:24:04Z,2025-01-06T04:24:04Z
UgzQEV2Mnkx6FkOYLmV4AaABAg,@lunirmusic,This may be the biggest butterfly effect in hip hop history 💀,3092,37,2024-05-04T21:32:26Z,2024-05-04T21:32:26Z
UgyA7p1ZkMrLI6rzXzt4AaABAg,@ParisEighty,Big as the Super Bowl is crazy,1193,42,2025-02-09T19:33:33Z,2025-02-09T19:33:33Z
Ugwk0MLvpmj5ncmSKdR4AaABAg,@iHeartManii,2:21 this shit is crazy,59,0,2023-10-07T00:37:23Z,2023-10-07T01:12:46Z
UgxwKSnbXGjxWo0nHe14AaABAg,@ehp4019,"Cole: We the big 3 like we started a league.

Kendrick: And i took that personally

Edit: What a wild fvcken beef. Thx for the likes",1561,31,2024-03-23T12:56:52Z,2024-05-07T21:33:48Z
UgxFt_17LqrG6UfQtKx4AaABAg,@sebwastaken,Beef aside Cole fucking snapped on this beat,99,1,2025-06-21T16:30:27Z,2025-06-21T16:30:27Z
UgwI7735zaL5b_XdAdt4AaABAg,@MaverickZ007,"""Big as the Superbowl""


I took that personally - Kendrick Lamar 2024",60,0,2024-09-08T16:02:58Z,2024-09-08T16:02:58Z
UgxHCxIjUmCSA2xEGEF4AaABAg,@isaacjohnson3436,Sometimes I listen to Cole and all I can do is laugh shake my head and say oh my goodness..... you know the feeling,1238,26,2023-10-07T02:34:19Z,2023-10-07T02:34:19Z
UgyjAyIxTKo5TyoKDD54AaABAg,@cj-s90,"I used to listen to this when I was 63, and now I'm 17. This will forever be a classic.💚",1853,37,2023-10-06T21:20:38Z,2023-10-06T21:20:38Z
Ugx22aSHh3x1u8DH5W14AaABAg,@jeremiahvignali4188,"So can we all agree that if Drake, J Cole, and Kendrick did an album together it would break rap and be GOATED por siempre!?!",2299,114,2023-10-19T02:23:43Z,2023-10-19T02:23:43Z
UgxUWrOCn528rF-gTgx4AaABAg,@Demonmanplays,1:27 “🎵Love when they argue the hardest MC! Is it K-Dot? Is it Aubrey? Or me? We the big 3 like we started a league🎵”🔥,218,7,2024-11-02T01:51:14Z,2024-11-02T01:55:28Z
UgwH7mctHZFgDDshbcJ4AaABAg,@ThatguyHendrix,This is definitely going to my playlist 🔥🔥🔥,338,0,2023-10-06T19:09:09Z,2023-10-06T19:09:09Z
UgzTwxxMcQqbqbE1g_Z4AaABAg,@jwhite5602,Cole definitely had the best verse,32,0,2023-10-10T21:24:47Z,2023-10-10T21:24:47Z
UgzpVnRCqm63_nqa5j94AaABAg,@kcalexander1995,K Dot brought people back to this song,201,1,2024-03-23T18:15:58Z,2024-03-23T18:15:58Z
Ugx_cMVfoXZCxMG0Wg54AaABAg,@Lachyp1992,2:33 that drop 🔥,30,0,2023-10-09T07:49:02Z,2023-10-09T07:49:02Z
Ugw2cNX-93RH9GaDpUx4AaABAg,@realadamsarr,Drake + J Cole = 🔥🔥🔥,11849,210,2023-10-06T18:12:56Z,2023-10-06T18:12:56Z
UgwYaw5m12BKwSioT-x4AaABAg,@noahmilton6038,Drake gotta thank Cole for his whole verse saving this song,76,0,2023-10-06T19:12:18Z,2023-10-06T19:12:18Z
UgxKvA2ZGmuX_vJgVCt4AaABAg,@Bobakitto1,Why does this go so hard,6,0,2025-04-09T03:17:43Z,2025-04-09T03:17:43Z
Ugy9AnjDz-W1wcASX2N4AaABAg,@nikkinic310,"J Cole is a MASTER at lyrics, rhymes, metaphors and double entendres. 🔥🔥🔥",2945,86,2023-10-06T23:25:55Z,2023-10-06T23:25:55Z
UgxkL6Tmc2G_9TbYaGl4AaABAg,@lxrd999,Drake and J Cole are the dynamic duo that never fails to create classics,2168,49,2023-10-06T18:04:24Z,2023-10-06T18:04:24Z
UgzYStgNmJ6a5PHpHwB4AaABAg,@snipe-your-body7275,Me coming after hearing kendrick diss them two is hilarious cause Cole enter verse is sounds like it's bout kendrick 😂 then drake jabbing him aswell is hilarious 😂,41,0,2024-03-22T11:24:47Z,2024-03-22T11:24:47Z
Ugyh6oBtJuj286ZSZAV4AaABAg,@clippa90s,"The song Before beef 👹
The song after beef ended 🐇",176,18,2024-11-03T07:02:32Z,2024-11-03T07:02:32Z
UgxOkm6n1xuXs-r3_iB4AaABAg,@tall_bradda224,J Cole keeps raising the bar higher & higher it’s insane 🤯,237,3,2023-10-09T19:56:01Z,2023-10-09T19:56:01Z
UgxcbNB7rUj-sq9n8-54AaABAg,@100mylesdeep,I swear Cole never disappoints 😮‍💨,36,0,2023-10-07T12:42:14Z,2023-10-07T12:42:14Z
UgwGc5Xizzp2-GTMi4B4AaABAg,@jaserr,"J. Cole just dropped the verse of the year, it was so creative and rhymed so well. And the flow was insane. And this was one of the few songs that Drake was amazing in too. Instant classic",2534,60,2023-10-17T23:59:23Z,2023-10-17T23:59:23Z
UgyuX5prIFJfcwvrCEJ4AaABAg,@rebeccagettings6170,This whole song fire idgaf both equally killed this mf,4,0,2026-04-28T17:24:26Z,2026-04-28T17:24:26Z
UgzTONzp4b3HazMu4UR4AaABAg,@ronniebaca8166,Finally back again! J Cole & Drake reunion never disappoints💯‼️,62,0,2023-10-06T22:30:19Z,2023-10-06T22:30:19Z
Ugya5LNrqj-uyqYrXol4AaABAg,@kwak47,"This is why I’ll always go for Cole. He gon get the job done every time 

Edit: I still feel the same way about Cole, but damn if I KNEW what was to come afterward😭😭😭😭😭😭",1150,23,2023-10-17T22:45:49Z,2025-05-03T16:11:17Z
Ugw-u2owYomRfNsLwzV4AaABAg,@Curriefarms,"I think Cole solidified it here. Drakes energy was great, Coles bars... amazing.",710,19,2023-10-09T23:25:47Z,2023-10-09T23:25:47Z
Ugw-eceCqkAReptdoJh4AaABAg,@tailoredband9778,Got ya!! “ BIG AS THE WHAT?”,23,0,2024-09-08T22:01:28Z,2024-09-08T22:01:28Z
UgxRlCzI61Sh9mZ4SoR4AaABAg,@hnsimon4546,"This is real art, that smooth transition 👌 the only bad thing about this track is that it ends 😢",157,0,2023-10-06T22:09:03Z,2023-10-06T22:09:03Z
UgyLM0x7yUWdc4r-lZt4AaABAg,@neguielmccollins17,I’m back after the superbowl🔥,42,1,2025-02-11T02:43:07Z,2025-02-11T02:43:07Z
UgwnnZ2OAaSQalv0UvZ4AaABAg,@ignatioperez,Who's here after kend getting the Superbowl performance crazy,16,0,2024-09-09T17:35:06Z,2024-09-09T17:35:06Z
Ugzte5-Hit9VK5mfWgV4AaABAg,@imbanjisimutenda9609,"1:55  ""everyone steppers "" Kendrick had to say something",7,0,2024-09-11T05:17:44Z,2024-09-11T05:17:44Z
Ugwk4XC0qscRHZOtd0R4AaABAg,@tanakadestiny-im2vp,Legends will forever be legends 🔥🔥,382,0,2023-10-07T15:41:40Z,2023-10-07T15:41:40Z
UgzSGESexWiKSyHd1LN4AaABAg,@coreymilliner8178,J Cole  kill this shit,7,0,2025-03-22T05:13:29Z,2025-03-22T05:13:29Z
Ugx47dC4r8_--dlD6yJ4AaABAg,@jimmieweathers,This just made me realize I'm in dire need of a Drake and Cole collab album. like a modern day Watch The Throne,670,24,2023-10-08T04:20:17Z,2023-10-08T04:20:17Z
UgzxKYDLY1D188Aj0pJ4AaABAg,@sharkny1580,J Cole absolutely murdered this shit.,22,0,2023-11-02T23:55:19Z,2023-11-02T23:55:19Z
Ugz5W7VaeriMbRU9Qd54AaABAg,@Weonlyplaycap,BIG AS THE *SUPERBOWL*,10,0,2025-02-27T00:25:59Z,2025-02-27T00:25:59Z
UgzcjVr00eE7a8PwwBV4AaABAg,@EliotThemastermind-xb6xp,"Drake and j cole are the best rap collaboration in the game of their time ,legends in the making they can carry any verse together and theyre so good and influental they are really Vanguards in their respective genres",515,23,2023-10-06T18:28:05Z,2023-10-06T18:28:05Z
Ugw8blTz00SvocAoBZN4AaABAg,@rheabea489,Big as the Super Bowl???? Who’s here after the SB LIX half time show announcement? 😂,87,1,2024-09-08T18:11:42Z,2024-09-08T18:11:42Z
Ugz4Y2ansIjDr2teI_R4AaABAg,@MvsterWayne,“Everybody steppers well fuck it then everybody breakfast” there’s little jabs throughout the song lol,479,14,2024-03-22T21:23:38Z,2024-03-22T21:23:38Z
Ugw3Zo55q5QwTL5B0lB4AaABAg,@cleboyjay,Damn they gon play this before the Super Bowl i bet,6,0,2024-09-09T03:28:50Z,2024-09-09T03:28:50Z
Ugz2i9v0HoaOlJ83nr14AaABAg,@Jake-cy7to,"I know this would be too good to be true, but imagine a song like this where Cole, Drake and Kendrick go all out. It would be insane",1315,58,2023-10-09T19:55:29Z,2023-10-09T19:55:29Z
UgyUVy-5OxeAUcaPP9J4AaABAg,@Bilnation,Drake and J. Cole are the dynamic duo that never fails to create classics.,613,8,2023-10-14T02:18:52Z,2023-10-14T02:18:52Z
Ugxup7w4Hrf3XDbC6Al4AaABAg,@PAnthersKing824,They droppin diss after diss this gonna be a playlist soon,560,14,2024-04-30T19:43:25Z,2024-04-30T19:43:25Z
Ugyi9ZsHa_12mjEMx1N4AaABAg,@Whyumad98765,This sound Different AF after the Super Bowl 😳,10,0,2025-02-10T12:49:22Z,2025-02-10T12:49:22Z
UgxWgNU6-5ukG3Ym1614AaABAg,@jukeboxhero8722,Cole brought the bars and Drake brought the energy. We need a whole album from these 2 lol,622,9,2023-12-13T17:24:11Z,2023-12-13T17:24:11Z
UgzyZaHrIzy9QmhtUQB4AaABAg,@its.abdu11ah79,"I can’t listen to it the same ..
J cole what you have done !!",104,3,2024-04-08T08:52:51Z,2024-04-08T08:52:51Z
UgzOsH_7NZWZ6tsg4qJ4AaABAg,@Derekdichiara1,This the song you listen to back to back to back and then once more,30,0,2023-10-06T20:53:45Z,2023-10-06T20:53:45Z
UgyQsFcGRNiJe9d6McV4AaABAg,@CaliSportsTraveler,Big as the Super Bowl…AKA K. DOT IN NEW ORLEANS,8,0,2024-09-08T19:09:19Z,2024-09-08T19:09:19Z
UgwnUC0cifVx4jQvjnR4AaABAg,@MBSTANDSFORMYBAD.,aged like milk is an understatement,15,0,2025-02-10T04:26:00Z,2025-02-10T04:26:00Z
UgwxhZLyOL9HyJFhvHV4AaABAg,@Hoesphhoestarr,Who's listening to all 7 tracks in order and starting with this?,660,25,2024-05-04T08:12:09Z,2024-05-04T08:12:09Z
UgyVDAaOsKCy4DXTnKB4AaABAg,@boyofficial_,Drake has been rapping on a very high level. 🔥🔥,41,0,2023-10-13T17:42:06Z,2023-10-13T17:42:06Z
UgxSsKq4nO6LUwSmBrV4AaABAg,@FernandoMendoza-dunkedonu,"Such a well aged song! But for real, J Cole’s verse is better than the rest of the entire album combined😭",8,0,2024-09-21T22:01:04Z,2024-09-21T22:01:04Z
UgwKWoPPzgO_ynxY3SB4AaABAg,@prodigyslim5254,"J. Cole be murdering every feature fr 🔥🔥🐐🐐Drake always delivers!! Dope collab, less goo 🔥🔥🏆🏆",20,0,2023-10-07T17:20:01Z,2023-10-07T17:20:01Z
UgzzxoibTgreLrIRQNl4AaABAg,@cre8taMilt,Cole out rapped bruh on his own song.,14,0,2024-05-06T20:43:58Z,2024-05-06T20:43:58Z
Ugy1ABl4V9Y3KzKDYQl4AaABAg,@XavierLubecki,2:26 got me floating,18,0,2024-01-02T12:39:21Z,2024-01-02T12:39:21Z
UgyHA6_Aoan2NkMkxbV4AaABAg,@SassyAzJazz,"Drake: Who the goat? Who the goat? Who the goat?

Super Bowl: Kendrick",9,0,2024-09-08T23:32:27Z,2024-09-08T23:32:27Z
UgzPKQFZ7Pteay5-w2t4AaABAg,@clint6795,"""rhyming with me is the biggest mistake, that spiderman meme is me looking at Drake"" they killed this track 🔥❤‍🔥🔥❤‍🔥",54,1,2023-10-08T04:19:48Z,2023-10-08T04:19:48Z
UgzlfW6R2-NXEXV8kch4AaABAg,@ItsDaYungin,This gonna be one of the biggest songs of the year I’m calling it now 😂😂💯,41,0,2023-10-06T18:41:25Z,2023-10-06T18:41:25Z
UgyxazFgn11ixN2s1tZ4AaABAg,@Shotbygreene,I wish these 2 would do a whole album. It would be amazing.,878,23,2023-10-09T02:28:41Z,2023-10-09T02:28:41Z
UgzcfcSZXGlZqZ-hynl4AaABAg,@JustinJackson-hp1wt,3:42 HE BEAT IT!!! 14 no 1s,7,2,2026-05-26T23:53:42Z,2026-05-26T23:53:42Z
UgyPAQIjxjLnu7RPS5h4AaABAg,@Lil_bottega73,WE MAKING IT TO THE BILLBOARD NUMBER ONE WITH THIS ONE.,816,16,2023-10-06T18:59:37Z,2023-10-06T18:59:37Z
UgztiIwBpTLbU8B6W3p4AaABAg,@mikealston75,Drake still got clever lines and punchlines too....his rappin' is a reason why he is where he is.,37,0,2023-10-14T18:40:21Z,2023-10-14T18:40:21Z
UgxWuBWpSsuUkEf3ggB4AaABAg,@JB-sc1tg,"""Not Russia but I apply pressure to ya cranium"" 

Cole's bars always have layers.",24,1,2023-10-10T11:53:11Z,2023-10-10T11:53:11Z
UgxaDZQGtdT2eCCxNR14AaABAg,@demps58,BIG AS THE SUPPERBOWL,8,0,2024-09-09T16:02:02Z,2024-09-09T16:02:02Z
Ugynv2Mk98LHtxABzCd4AaABAg,@arevenas5858,The cole flow we been waiting on since forest hills drive😭❤️🔥,21,1,2023-10-06T21:19:45Z,2023-10-06T21:19:45Z
UgwuxbqSGcG3Sd2T43Z4AaABAg,@Ri-hf8tj,Who here right before the superbowl starts!? Just as a reminder of how far this whole thing went,59,2,2025-02-09T22:48:00Z,2025-02-09T22:48:00Z
UgzfmUX223RBTp_Heqx4AaABAg,@mohamadsami7131,J.Cole been killin all his features lately!🔥🔥🔥🔥,17,0,2023-10-06T18:57:49Z,2023-10-06T18:57:49Z
UgyFCDvCO2wUl9bHNGZ4AaABAg,@g-dub5272,Man Drake is simply a hit maker,5,0,2025-02-23T02:44:35Z,2025-02-23T02:44:35Z
Ugwz7q2n7-r0sanod1N4AaABAg,@gonzalezchild,Listening to the songs in order to understand the beef lol,307,7,2024-05-07T02:59:40Z,2024-05-07T02:59:40Z
UgxSEbBhbPFXTwDhRz14AaABAg,@motasemaymen,I can't wait to see them perform this song together!!!!!🔥🔥🔥🔥,603,12,2023-10-07T07:57:48Z,2023-10-07T09:00:38Z
Ugw_wBB1eCol8ja7mv94AaABAg,@isaiahpalmers2031,Who’s here after K.Dot dropped that response 😂😂😂,310,4,2024-03-22T05:43:45Z,2024-03-22T05:43:45Z
Ugw8FtHBTvImATknY7V4AaABAg,@youtubeusername1489,BIG AS THE WHAT???🗣🗣🗣,8,0,2024-10-20T11:02:58Z,2024-10-20T11:02:58Z
UgyE4Va2Hpxh3EeThdZ4AaABAg,@mohammedj9196,BEST SONG ON THE ALBUM 🔥🔥🔥 COLE DEVOURED THE TRACK AS EXPECTED,1628,39,2023-10-06T18:02:59Z,2023-10-06T18:02:59Z
Ugyuux_bwSrnUej02Ld4AaABAg,@issasecret3440,Just came here to wish Cole & Aubrey a safe and speedy recovery 😮‍💨,127,28,2024-03-24T13:51:58Z,2024-03-24T13:51:58Z
Ugy2koydzkPGjfi3vvl4AaABAg,@JayMMA01,10 years later still love this song,412,7,2023-10-07T12:09:40Z,2023-10-07T12:09:40Z
UgyU11PLI4YAE8ZmUy54AaABAg,@TheRogue_Jay,How to summon Kdot: THIS😂😂,8,0,2024-09-10T03:42:16Z,2024-09-10T03:42:16Z
UgyIifxTcvHEjopxLDJ4AaABAg,@montanadash20,"""When I show up, it's motion picture blockbuster"" 

That flow switch 😭 🔥🔥🔥🔥🔥🔥",176,4,2023-10-31T04:17:07Z,2023-10-31T04:17:07Z
UgzvCucZDU1KmDyP5K14AaABAg,@josephluna7461,J cole is simply one of the greatest rappers ever,29,1,2023-10-10T02:58:17Z,2023-10-10T02:58:17Z
UgzbYIBK-SLak1885G94AaABAg,@TheTomboyConnoisseur,Damn drake was a great choice for a feature on this song,124,6,2023-12-02T00:18:46Z,2023-12-02T00:18:46Z
UgzFfaaJpqKg7uxV0t94AaABAg,@CryingLord,Kendrick with the SUPERBOWL victory!!,6,0,2024-09-09T01:05:16Z,2024-09-09T01:05:16Z
UgzzVTmnZKKvARe23hl4AaABAg,@tompayne_ke,"They act like two legends cannot co- exist, this is it right here",21,0,2023-10-06T19:34:39Z,2023-10-06T19:34:39Z
Ugzx5Hi9sZnqnRWDXkx4AaABAg,@in8_ras,Back here after Kendrick went bipolar and chose violence. 🤣,108,1,2024-03-22T08:35:14Z,2024-03-22T08:35:14Z
Ugzfd96P082KDaDToQ54AaABAg,@dieselclockwork,"Love how Cole gives Drizzy his flowers multiple times on this track. So used to hearing Drake get clowned that we often forget how big of an impact on music he's truly been able to have. The fact he's remained relevant for almost two decades is crazy in hip-hop. J.Cole always seems to turn an extra gear when he works with Drake too and I got immense respect for him for that. As a small artist myself with dreams of one day making it big, seeing these types of collaborations between greats inspires me to no end. I can't wait to get back in the studio and work! Well done gents! Well done!",1083,51,2023-10-24T13:19:33Z,2023-10-24T13:19:33Z
UgxSfu23qw3yS65VhxJ4AaABAg,@SfisoTlou-g8z9w,The album fall off is out soon ❤,5,0,2026-01-15T08:31:30Z,2026-01-15T08:31:30Z
UgxxtjPpZU5sq_UW8mR4AaABAg,@thabangmuridili4568,Hip hop still alive,21,0,2023-10-06T18:48:03Z,2023-10-06T18:48:03Z
UgxbsTfHwejyatVcjhl4AaABAg,@ninamack444,this probably one of the best song i’ve ever heard from this era🔥🔥🔥🔥🔥🔥,33,0,2023-10-07T03:52:53Z,2023-10-07T23:53:27Z
Ugy46royxrCuCARhfhV4AaABAg,@babyface_unc,Moments like this makes you appreciated why they don't have too many songs together. Rare moment.,70,0,2023-10-07T19:52:31Z,2023-10-07T19:52:31Z
Ugw3K-Qsl3e9CKVE0sV4AaABAg,@thewizard_lyle,"J. Cole and Drake: ""Big as the Superbowl...""
Kendrick: Yes",4,0,2024-09-10T18:44:19Z,2024-09-10T18:44:19Z
Ugzy-X4zEGWlQ1TZEx14AaABAg,@OpiumE12,Words can’t describe how great and perfect this song is. Drake & JCole a 2 headed BEAST🦉🐶🔥,55,0,2023-10-07T05:35:12Z,2023-10-07T05:35:12Z
UgxR4gch_WJiDS5NzwN4AaABAg,@767Child,Drake deserves another number one on the US billboard because of the J.Cole feature,17,0,2023-10-07T01:45:44Z,2023-10-07T01:45:44Z
UgwG_V-lm-IsgRc0JIp4AaABAg,@fatcapscansmarkers,"1:55 ""everybody steppers""",112,5,2024-03-22T07:32:44Z,2024-03-22T07:32:44Z
UgwHp6BvWHw7aWGTosl4AaABAg,@JohnSmith-wf6dt,Simply paying my respects.,2,0,2026-06-18T23:07:20Z,2026-06-18T23:07:20Z
UgyT7Wce60cAXmZtSJJ4AaABAg,@Itstrevorgrady,J coles verse gives me goosebumps,22,0,2023-10-07T17:35:56Z,2023-10-07T17:35:56Z
Ugw0xTN0_9ed5mEiH914AaABAg,@lillianjazed,Kendrick is about to perform at the Super Bowl…..,13,0,2024-09-08T16:02:03Z,2024-09-08T16:02:03Z
UgwVJAWwACpE66gHBZp4AaABAg,@youngangel1031,Best track on the whole album 💯🔥,38,0,2023-10-06T21:47:50Z,2023-10-06T21:47:50Z
Ugy6P2e5vL83sE0pX2x4AaABAg,@therealytmister,This 3:00 at this time stamp gave a confession 😂😂😂😂😂WTF,11,0,2024-05-17T23:03:19Z,2024-05-17T23:03:19Z
UgyhcKZ8v7nxO8f1UjV4AaABAg,@blaise_exclusive,"Masterpiece, now this is real rap",114,3,2023-10-06T21:09:02Z,2023-10-06T21:09:02Z
Ugwk2m5ty6vuPCdjyKt4AaABAg,@douglasnyagumbo4428,"Cole, one of greatest rappers alive, bars spot on. 🔥",23,0,2023-10-10T21:09:20Z,2023-10-10T21:09:20Z
UgxcWD67JEcdOx9iujZ4AaABAg,@kulturebanda3210,Drake alongside j cole will never disappoint 🤍,85,0,2023-10-07T19:24:23Z,2023-10-07T19:24:23Z
UgzeCd4MvobS6H83b_x4AaABAg,@ItzShadowz777,"""Big ass the Superbowl!""",6,0,2024-11-24T19:39:41Z,2024-11-24T19:39:41Z
UgwDhliiB95_IQjwhm94AaABAg,@philipschaeffer380,Hands down this is a instant classic Drake and j Cole showed off on this song,15,0,2023-10-06T22:00:21Z,2023-10-06T22:00:21Z
Ugxd92ijkcRPqlHdnct4AaABAg,@upthepeace,Drake and Cole snapped like crazy and the Kdot mention made it even better. Geniuses,97,5,2023-10-07T08:18:32Z,2023-10-07T08:18:32Z
Ugwz6Lug6mlq0bwWlq54AaABAg,@lawsonkitchens,"J Cole is never gonna fall off. Especially after this feature with drake, him and drake are never gonna fail to create classics. ❤",139,6,2023-10-06T19:37:39Z,2023-10-06T19:37:39Z
UgwJ3ss-tVXnowjuU0J4AaABAg,@FeifeiMcAwesomepant,J.Cole the GOAT,5,0,2024-12-22T00:58:45Z,2024-12-22T00:58:45Z
Ugy384lkeUMi9HLbo1p4AaABAg,@kitmanshowlogotnofears6670,Drake + J. Cole =🔥🔥🔥🔥🔥🐐 Love this song,31,0,2023-10-08T03:53:20Z,2023-10-08T03:53:20Z
UgwZF4XMOx9b-sY-wop4AaABAg,@coldhandle698,I need 20 tracks like this back to back inject it in my veins,16,0,2023-10-06T18:31:59Z,2023-10-06T18:31:59Z
UgxHdggzg4NtS58bXGh4AaABAg,@kekemom,"11 months later, KDot headlining the next SuperBowl because of this song...😮 Thank you 😂",5,0,2024-09-12T15:45:18Z,2024-09-12T15:45:18Z
UgyL08lcq0Q8BLi2D-B4AaABAg,@spitafexplays7089,Hands down best song on the album and it ain’t even close 😩😩😩,16,0,2023-10-06T18:23:43Z,2023-10-06T18:23:43Z
UgwLNf51na_3V-wCEex4AaABAg,@da.4,Cole showed the world why he's the GOAT🔥🔥🔥🔥🔥🔥🔥🔥,160,17,2023-10-06T18:03:23Z,2023-10-06T18:30:16Z
UgyJF6n4mbJIduiZGfR4AaABAg,@flicanimations,Best song in the entire album. This will go down generations.,192,2,2023-10-10T05:51:31Z,2023-10-10T05:51:31Z
UgzlwsNyAx2oB0EcH7N4AaABAg,@SirHuntsAlot8,Cole killed that shit tho,4,0,2026-02-14T09:44:02Z,2026-02-14T09:44:02Z
UgxfYT3Y44gbydK6r3d4AaABAg,@slymmreezy_sa,J.cole never disappoint 🔥🔥🔥,78,0,2023-10-11T18:44:02Z,2023-10-11T18:44:02Z
UgxGigbO7HNT5qo5BwN4AaABAg,@JeySincere360,One of the best tracks I’ve heard all year. Cole got the best verse so far no cap,263,20,2023-10-06T22:28:46Z,2023-10-06T22:28:46Z
UgyBpE1bbfTZKjMgdGl4AaABAg,@MrSquaky,2:20 onwards will be all over bars,15,0,2023-10-07T08:07:56Z,2023-10-07T08:07:56Z
UgziPTLfyYUdD7jy-GR4AaABAg,@jeevaj7,Big as the whattttttt,5,0,2025-03-31T12:16:36Z,2025-03-31T12:16:36Z
UgwdRkUM89HhKb4Zju54AaABAg,@OmegaGinger001,“I’m boutta… i’m boutta… i’m boutta… yuh” 🗣🔥🔥🔥,257,8,2023-11-26T04:56:08Z,2023-11-26T04:56:08Z
Ugy2mzBQiRRVHPgYmbV4AaABAg,@gotone2513,FINALLY! 10 years since their first collab  on “In The Morning”. Crazy how time passes everyone by.,72,4,2023-10-06T23:00:42Z,2023-10-06T23:00:42Z
UgxgRSm3QUKwkXk-Xip4AaABAg,@RAmegga,Put that Cole verse on repeat....,27,0,2023-11-02T21:18:34Z,2023-11-02T21:18:34Z
UgxyEqtCCuiFMRLoa9t4AaABAg,@gokucarrot3677,Replying to a diss track by performing at the Super Bowl is a legendary response. Checkmate,8,0,2025-02-26T07:14:23Z,2025-02-26T07:18:27Z
Ugyj2yeKZvOGya5QHzR4AaABAg,@levi_cochrane,These lyrics went hard on the beat 🔥🔥🔥💯💯💯🗣️🗣️🗣️🚨🚨🚨,51,0,2023-10-06T21:35:03Z,2023-10-06T21:35:03Z
UgzBjIeJNKClZ74Am7x4AaABAg,@FrankCastle786,j cole needs to make more music. Listening to him is a real throwback to true rap fans. 🔥,174,11,2023-10-07T20:02:16Z,2023-10-07T20:02:16Z
UgxsjQmUnpFfO1Yjvax4AaABAg,@BurOla,"This song stood out to me on this album, just pure fire 👌",43,0,2023-10-07T00:32:24Z,2023-10-07T00:32:24Z
UgxDUd7bYb8YLgW79a14AaABAg,@JosePereira-xy9xv,BIG AS THE WHAT?!?,7,0,2024-09-08T19:31:18Z,2024-09-08T19:31:18Z
UgxwPdvCu5NL9gr2Z8N4AaABAg,@Carmensgift717,Jcole’s Breath control is insane. Shadow boxing mid verse is wild! 🤯,137,3,2023-11-12T03:49:53Z,2023-11-12T03:49:53Z
UgzbqJHZXo5CqFzpliB4AaABAg,@Itsallgonnabefine,BIG AS THE WHAT?,20,1,2025-02-10T03:59:15Z,2025-02-10T03:59:15Z
UgwOBm3juwfonc2RAXR4AaABAg,@Leroyflow,Drake killed that last beat😮,8,0,2024-07-19T12:12:39Z,2024-07-19T12:12:39Z
UgyZ7hnwwu1zPK8V_hN4AaABAg,@africanamerican6936,I wish I could hear that first beat for the first time again🔥🔥🔥🔥,53,0,2023-10-08T02:51:14Z,2023-10-08T02:51:14Z
Ugzi4u83GfGVnrSP8r94AaABAg,@BinQuaan,This a hit be ready to hear it all over the place for the next 10 years,34,0,2023-10-07T02:40:07Z,2023-10-07T02:40:07Z
Ugw4D4fnbC9S21mxSgR4AaABAg,@Workinsince89,Cole and drake need a full album. Stop playing and make it happen...,34,5,2023-10-06T18:37:26Z,2023-10-06T18:37:26Z
UgxrGp-OQ-zSY9Cw7MN4AaABAg,@steadyio,"DRAKE, you got fans for life... you always bring out bangers man....keep being you.... GOAT!",5,0,2025-02-25T16:23:05Z,2025-02-25T16:23:05Z
UgywgFRGZVKURzZhv5R4AaABAg,@Craniacs,I still miss drake being on that one show,1805,42,2023-10-07T06:31:14Z,2023-10-07T06:31:23Z
UgzE3d9fyu_oMrP5z8V4AaABAg,@twstudios9977,OKAY!!! This is Fire!!! Cole Never Disappoint,22,0,2023-10-06T18:49:42Z,2023-10-06T18:49:42Z
UgzFh6nMNwhHkQJbYSh4AaABAg,@Felontatts,cole never disappoints,143,0,2023-10-28T00:29:57Z,2023-10-28T00:29:57Z
UgyMfMUekZ8B78Ndo3R4AaABAg,@johnreed4786,K Dot is playing 4D chess out here. Damn.,4,0,2025-02-20T12:26:01Z,2025-02-20T12:26:01Z
UgzRDsAZxuC4mX_HxEF4AaABAg,@800HertZ,Will probably never happen but imagine a collab album from these two 😳🔥🔥,291,10,2023-10-06T18:25:01Z,2023-10-06T18:25:01Z
UgxszNruYZ0hTg-0YnB4AaABAg,@UnifiedGeometricWaveTheory,J Cole hit some of the best bars I’ve heard in my life here. Wow 🔥,67,0,2023-12-08T23:07:44Z,2023-12-08T23:07:44Z
UgxfaY0TE0wa7vz7udJ4AaABAg,@gurkarnprihar4848,"This is Drake and J. Cole’s first collab in 10 years, I’m so hyped for it! 🔥 
BIG AS THE WHAT?",174,5,2023-10-17T01:24:25Z,2023-10-17T01:24:25Z
UgzyvExSiKkub4gHLrV4AaABAg,@ALR97,"Song goes hard tho🔥
But the irony is too crazy💀lol
Wonder if kendrick just vibes to this laughing with a smile on his face😂 cause like i said, it still goes",7,0,2025-02-12T11:16:23Z,2025-02-12T11:16:23Z
UgxQiJbr6-kdGhS28cp4AaABAg,@ItsJustZeeBTW,"I don't care what anyone say, both of them killed it! As a Cole fan, he went hard as usual, and Drake showed us he also got bars when it counts.",837,30,2023-11-17T16:17:09Z,2023-11-17T16:17:09Z
UgzwBJnUPzyMhEydGud4AaABAg,@mistymonday4584,Cole NEVER disappoints 🥰💃,26,0,2023-10-13T03:01:06Z,2023-10-13T03:01:06Z
Ugyz3qLCqIfh47N9FlF4AaABAg,@Manueljay-y8t,Best song on the album 🔥,26,0,2023-10-06T21:11:01Z,2023-10-06T21:11:01Z
Ugzuf98__IinQHtg6Kd4AaABAg,@PricesPicks,Had to come back for the 1 year anniversary of one of the hardest collabs this past century,3,0,2024-10-13T00:16:17Z,2024-10-13T00:16:17Z
UgwsuUnpJQ_SVXo3CAx4AaABAg,@BiGL-of9eq,RIP TAY KEITH 🙏🏿 😢 🕊,17,1,2026-06-19T02:02:27Z,2026-06-19T02:02:27Z
UgzhtgAfkWNG6pjxUZ94AaABAg,@dollasl3151,Not just the collaboration we needed but what we’ve been waiting for… both drake and cole killed this … I’m calling it right now..  the best track on the album by FAR!!!,203,3,2023-10-06T20:47:06Z,2023-10-06T20:56:04Z
Ugyk6NmGjP5qvPsJKVN4AaABAg,@animesempai0,J cole always comes thru and steals the song 🔥,717,58,2023-10-06T18:20:44Z,2023-10-06T18:20:44Z
Ugzo_Ak8oe9Z05rGQpR4AaABAg,@knowcoop,This shit still better,4,0,2024-12-06T04:06:26Z,2024-12-06T04:06:26Z
UgwaWqKglrEuKVA1Zd94AaABAg,@TheoAW0810,This is the best song on the album 🔥,43,0,2023-10-06T18:04:32Z,2023-10-06T18:04:32Z
UgwNwJGrWjOkgNUKPzd4AaABAg,@JoshuaOtusanya,This is a banger,2187,26,2023-10-11T18:01:30Z,2023-10-11T18:01:30Z
Ugyge0WR0a1FyIO4XH14AaABAg,@themalumes22,THIS WILL SOON BE CERTIFIED DIAMOND⚡🔥🔥✅,41,0,2023-10-06T18:52:25Z,2023-10-06T18:52:25Z
Ugx_ia3WVggRiYPJDbJ4AaABAg,@PaulNolingo-j6b,J.Cole is goat 🔥🔥🔥,4,0,2025-03-23T22:32:35Z,2025-03-23T22:32:35Z
UgwVk__PUrQlny5G9_t4AaABAg,@lloydgreen1519,"Also, if I can get 2:01-flow for like 2 minutes",20,3,2025-05-01T16:38:46Z,2025-05-01T16:38:46Z
UgyhZH4X9jhLdscCKFR4AaABAg,@HumanoidsAreBetter,Best song on the album no doubt 🙏🏾🔥,28,0,2023-10-06T22:12:18Z,2023-10-06T22:12:18Z
UgwOqFnJbwuFLpp1kF94AaABAg,@leeballard3463,Cole killed it. Congratulations on the number 1 single for both Drake and Cole. We’ll deserved.,143,2,2023-10-17T15:26:10Z,2023-10-17T15:28:31Z
Ugy5cE_kjeGK52IWj_l4AaABAg,@onlyhumaninc.91,TS was so hard tho still,5,0,2025-02-26T03:41:57Z,2025-02-26T03:41:57Z
Ugz7PmC4yeqcs3duiU54AaABAg,@brunogoncalves3551,"50 years and I'm still linstening to this masterpiece, after listening this song I graduated and had 2 childrens, cured cancer and war stopped tks god",23,0,2023-10-07T15:22:00Z,2023-10-07T15:22:00Z
UgyTfki-VamQAFW9zs54AaABAg,@thomasobrien1841,Listening to this now feels like looking at a photo of Frans Ferdinand before his assassination,67,3,2024-08-08T01:19:42Z,2024-08-08T01:19:42Z
UgxfgMmij-tAlC3o5Wx4AaABAg,@3rinityxo,"This is gonna stick, definitely a classic for the ages",15,0,2023-10-07T03:53:00Z,2023-10-07T03:53:00Z
UgzGw_CrqAHlO-wzNVJ4AaABAg,@mhin7832,NO TALKING ABOUT THE GENIUS THAT MADE THIS BEAT.,2,0,2025-12-24T20:58:13Z,2025-12-24T20:58:13Z
UgyGKrWc2L43g3UFAd54AaABAg,@svtfoeftwjatnlpsucks50,TODAY IS THE SUPERBOWL.,58,2,2025-02-09T15:17:00Z,2025-02-09T15:17:00Z
UgxkdAkRn8qaxMTESph4AaABAg,@Alexis-dj4eu,What a blessing to be alive rn experiencing such greatness in music,132,2,2023-10-06T22:04:11Z,2023-10-06T22:04:11Z
UgwHSyPpQmAVeOBQA3R4AaABAg,@JCU84,1:05 if y’all wanna skip right to Cole,54,1,2023-10-10T00:48:02Z,2023-10-10T00:48:02Z
UgxveErEs7TlkrZo_EB4AaABAg,@Blackbeard914,"Beef or no beef, this song is hard",6,0,2024-05-07T16:32:19Z,2024-05-07T16:32:19Z
UgzcHserY9oPec6Lz5d4AaABAg,@Speednut5016,Who’s here after finding out Dot’s headlining the actual fucking Super Bowl??,210,8,2024-09-08T16:28:37Z,2024-09-08T16:31:30Z
Ugy8LYCvxoFvbY-tDD14AaABAg,@lancemathurin1769,That beat transition is insane bro sicko mode 2.0,15,0,2023-12-03T02:25:13Z,2023-12-03T02:25:13Z
Ugw2fa3SH6xjhXOnJZd4AaABAg,@remixmainn5107,Good to hear them paying respect to their audience by this collab. Ty 🔥🔥,145,3,2023-10-07T03:01:40Z,2023-10-07T03:01:40Z
UgyI4JPqIY5pB4nh1_p4AaABAg,@MsgNari,"""I'm naming the album the falloff pretty ironic cause it aint no fall off for me."" He said this shit 2 years ago falloff aint never dropping man",8,1,2025-10-11T13:43:19Z,2025-10-11T13:43:19Z
UgznrRjrdsRBwC3qByl4AaABAg,@darianwilliams3733,Drake is smart. He know that he’s going to do the Super Bowl one day and you best believe that this song is going to blow the roof off.,165,8,2023-11-13T13:13:55Z,2023-11-13T13:13:55Z
Ugx7WbZSCS0roqHJTFR4AaABAg,@hrhnathanbullen,Glad Cole and Drake keeping poetry in rap alive,44,2,2023-10-06T20:54:07Z,2023-10-06T20:54:07Z
Ugx2EEeKrsaTi114XT94AaABAg,@JW-ou3tx,moments before disaster,6,0,2024-08-07T00:05:04Z,2024-08-07T00:05:04Z
Ugy0YDftgzEMmFi28sB4AaABAg,@t.montonmusic9344,I been wanting on them to make a song together and it definitely didn't not disappoint at all this is going on the playlist.,180,4,2023-10-06T20:11:30Z,2023-10-06T20:11:30Z
UgxrUtVIGLvE8DZUvTN4AaABAg,@ZEKAIMUSIC,13 years since the last cole drake song. It was worth the wait 🔥,28,1,2023-10-07T07:34:23Z,2023-10-07T07:34:23Z
UgxUl55Z2dgZgY2P3fZ4AaABAg,@NoraBhsas,Something about J Cole is just special ❤,44,0,2023-11-28T12:54:00Z,2023-11-28T12:54:00Z
UgxtdHL7f-AwGhG8Sxd4AaABAg,@heartzthedaddy,"cole knew when to admit he was wrong
drake didn't
that shit was his downfall",3,0,2024-06-03T20:16:21Z,2024-06-03T20:16:21Z
UgwyV22fiAbT7P5S_IF4AaABAg,@illuison5264,Calling it best song of the year 1:25 🔥🔥🔥🔥,19,0,2023-10-07T12:15:42Z,2023-10-07T12:16:14Z
UgzvLVaeKGv2g43B8Qp4AaABAg,@The91strecon,Listening to This now feels like being a year in WW1 watching old footage of Franz Ferdinand get shot. Did Cole know what he was putting into motion?,61,4,2024-05-05T12:16:47Z,2024-05-05T12:16:47Z
UgyMXNgy7glzQvURr414AaABAg,@nolinpowe,Did y'all catch the K Dot diss in Drake's first verse,7,0,2024-05-10T04:11:07Z,2024-05-10T04:11:07Z
UgxyyZWIPWe5eTBG8Ah4AaABAg,@Kon_Artist,This goes super hard.,16,0,2023-10-06T18:32:12Z,2023-10-06T18:32:12Z
UgyFv5rhOVeOh4tr5pl4AaABAg,@pharowe315,They need a collab album together . This set the 🌎 on 🔥🔥🔥,40,0,2023-10-07T16:38:14Z,2023-10-07T16:38:14Z
UgwUWhYP36Qjh7qRmAZ4AaABAg,@tokenman12,"Bruh ever since the off-season he’s been a different kind of beast. These schemes and flows and what he says and how he says it. It’s like they all jumped up 6 levels. Cole has always been hella cold, but lately this man is a monster.",208,8,2023-10-19T21:47:49Z,2023-10-19T21:47:49Z
UgwQlEia2NlKP9EvoVl4AaABAg,@AlyssaM961,The song that created it all 😭😭,1,0,2026-05-23T21:15:49Z,2026-05-23T21:15:49Z
UgxR7BlKyGVhMJSpS154AaABAg,@thembamutungwe,This is that transcendence state we were expecting from these two .Pushing new sounds and all that,82,2,2023-10-06T21:51:05Z,2023-10-06T21:51:05Z
Ugz7tVrP8npIXRDjcEp4AaABAg,@finesseb305,who else doesn’t give a f*ck about rap beef and just enjoys listening to great music🔥,33,2,2025-04-06T22:56:29Z,2025-04-06T22:56:29Z
Ugy8dooeB6qNFtRCc154AaABAg,@ESnappOfficial369,"I think Drake delivered the way he did because this song can be something to ride and listen to, also to really listen a couple to times to hear J Cole’s bars, and also Drake’s part will be played in clubs a lot with the energy and cadences. If it was just straight bars it probably wouldn’t have been a club hit. This song can be marketed in many ways and cover a couple categories",101,9,2023-10-13T12:37:49Z,2023-10-13T12:37:49Z
Ugwbhvnzsnr85yMOPN94AaABAg,@momothemogician,Nah i still need the big 3 on a song man. We were so close to having it!,7,1,2025-05-12T18:56:09Z,2025-05-12T18:56:09Z
UgydVoCl8IEhQSGe8_V4AaABAg,@ieshawashington9459,"""The one that they call when they sht ain't connecting no more, Feel like I got a job in IT 🔥 Nobody is rapping like that. Cole killed it",17,0,2023-10-06T19:04:07Z,2023-10-06T19:09:00Z
UgwixzK6-Z2lKezj2514AaABAg,@normanbeaverjr.738,Got this joint on repeat!!,252,2,2023-10-10T21:05:32Z,2023-10-10T21:05:32Z
UgxIeUpmBvpmI0EgFGx4AaABAg,@wienczyslawpietrzak9174,It's definitely the best song from this album🔥🔥🔥,43,0,2023-10-06T18:41:46Z,2023-10-06T18:41:46Z
UgxBRx_F1gL0mUNELwp4AaABAg,@FCGeek-5n5,Hell Rained after this🔥🔥🔥🔥,1,0,2026-08-10T15:33:00Z,2026-08-10T15:33:00Z
Ugy7etJKLxFndYXmH3x4AaABAg,@kaktus24232,Crazy drakes downfall started like this,22,0,2024-05-04T17:11:02Z,2024-05-04T17:11:02Z
Ugzof0WFMkpKdLy8FrR4AaABAg,@Yajeeb,I like how Cole shut down the Beef rumors with NBAyoungboy. 1:10,20,0,2023-10-06T20:39:18Z,2023-10-06T20:40:18Z
UgyoYGElWb2yuHMi2454AaABAg,@latiyatinley.1,J. Cole is in a class of his own‼️,31,0,2023-11-18T01:58:12Z,2023-11-18T01:58:12Z
UgzZ81bzAqJvSz1aNqd4AaABAg,@askdrkesha,Big as the Super Bowl 👀 😂,8,0,2024-09-09T11:45:48Z,2024-09-09T11:45:48Z
Ugw49Pbb0ijE4hn0-Up4AaABAg,@meetmeonthe50,Cole proved exactly why he is top dog in the rap industry and has been,35,0,2023-10-10T14:53:40Z,2023-10-10T14:53:40Z
UgycEu8LH-OMT90MX854AaABAg,@JihadianK,"Boi!!! If Kendrick was on here I wouldn’t be able to play this in the house.
Fuck round burn my crib down 🔥",17,1,2023-10-06T18:06:56Z,2023-10-06T18:07:18Z
UgwTcqg8mC6jifugR0p4AaABAg,@lyricsgentle,BEST SONG ON THE ALBUM 🔥🔥🔥 COLE DEVOURED THE TRACK AS EXPECTED,673,14,2023-10-12T08:38:56Z,2023-10-12T08:38:56Z
UgxdL_diqVM6SJotc9Z4AaABAg,@ajxniiiiiiiii,Best song on the album 🔥💯,22,0,2023-10-06T21:40:12Z,2023-10-06T21:40:12Z
UgyigTIhyKNqc4F-SaV4AaABAg,@gman9748,This is for the fans right here man… 26 now been a fan of both of these guys since i was 12. Crazy this is only their 3rd song first in 10 years. Just so happy/proud of this song. Totally lived up to what i was expecting,195,7,2023-10-07T06:25:43Z,2023-10-07T06:25:43Z
Ugxd6jzeI6AJOhrU8M14AaABAg,@aelmagnet1097,On repeat 💰🔥💰😎,21,0,2023-10-06T22:57:21Z,2023-10-06T22:57:21Z
UgxTkUZ7nvygy0pBOEB4AaABAg,@brentakasmitty,Feel like a proud father seeing J. Cole get all this love.,50,2,2023-10-07T15:20:48Z,2023-10-07T15:20:48Z
UgzGgxqlmCO-BX17LPJ4AaABAg,@JaredPascual,this started it all,4,0,2024-05-05T14:35:49Z,2024-05-05T14:35:49Z
Ugw8xxNkUZqg1islNP54AaABAg,@mrand1themamba,Amazing that this song is now the #1 song on the billboard top 100. Congratulations to Drizzy and congrats to Cole for his very first #1 song ever in his career. Banger right here,304,12,2023-10-18T02:30:55Z,2023-10-18T02:30:55Z
UgxGl5i_6A2FmQMmAad4AaABAg,@khake,Mr. Cole nunca decepciona. 🔥🔥🔥🥃,94,2,2023-10-06T19:10:29Z,2023-10-06T19:10:29Z
UgwiIFylmQ4YqPSUYeV4AaABAg,@SibuSlipz,This is gonna be a Generational Classic,20,0,2023-10-06T18:09:28Z,2023-10-06T18:09:28Z
UgyeRVCKHRMxIqpjp594AaABAg,@ptx3436,"1:30 Let nobody forget, it all started right here",3,0,2024-07-09T03:09:27Z,2024-07-09T03:09:27Z
UgyIOK2N5mmB5cHFo-h4AaABAg,@dodomahoss,How is nobody talking about jcole just bodying drake on his track lyrically and emotionally,37,10,2023-11-04T22:10:05Z,2023-11-04T22:10:34Z
UgyLpKdFBbycC_7KmtB4AaABAg,@waltertucker4880,Welp...this is goin' #1 😅🔥,15,0,2023-10-06T18:06:11Z,2023-10-06T18:06:11Z
Ugw7WdhTScfzl2igbRR4AaABAg,@gabrielcharles4235,The song that started it all,20,1,2024-04-21T19:46:46Z,2024-04-21T19:46:46Z
UgzjJPgB2QoDaRI6zGN4AaABAg,@alejandrolopezreina3824,And thinking everything started like this dawg,3,0,2024-07-23T02:11:59Z,2024-07-23T02:11:59Z
Ugzih_OAaOZMGlbCYlR4AaABAg,@ChimangoMkweu,"Greatest song ever........they blend perfectly,.............2 GOATS🔥🔥🔥🔥",36,0,2023-10-07T19:09:04Z,2023-10-07T19:09:04Z
Ugyh9SBb07scUqF4RHN4AaABAg,@alidlir3677,Lyrical Masterpiece 🔥🔥🔥,23,0,2023-10-07T05:09:35Z,2023-10-07T05:09:35Z
UgyOBaXD4G3pskgClCZ4AaABAg,@dscholl,Great to see two legends collab. Its great for the culture!!,38,0,2023-10-06T20:26:16Z,2023-10-06T20:26:16Z
UgzLMLKX7yk7JBVC4-t4AaABAg,@KPUP98,This song is still hard post beef. Idc,3,0,2025-02-26T03:07:26Z,2025-02-26T03:07:26Z
Ugwoe9Hz3toAClLMamZ4AaABAg,@UKnowCLo,This shit be stuck in my head all day long 🔥🔥,113,0,2023-10-24T03:41:36Z,2023-10-24T03:41:36Z
UgwsWUKyNIuac8_3MR54AaABAg,@bruh12574,0:55 drake opium confirmed🥶😩,15,0,2023-10-09T03:00:17Z,2023-10-09T03:00:17Z
Ugz6SFUol_a0naq13vF4AaABAg,@AlfoRomeo713,Beat is banging in the whip got the trunk waving🔥🔥🔥🔥,17,0,2023-10-11T22:06:28Z,2023-10-11T22:06:28Z
Ugy6W1mx68tIEA-dGJd4AaABAg,@TeiganTaylor-m3s,I like your music drake,2,0,2026-06-13T01:14:10Z,2026-06-13T01:14:10Z
UgwU83NRbsLoJXhAa2d4AaABAg,@urboialex8684,"I gotta, I gotta, I GOING TO PUT THIS SHIT ON MY PLAYLIST🔥🔥🔥🔥",63,0,2023-11-21T13:27:07Z,2023-11-21T13:27:07Z
Ugwhc9phkba7VDZqcTJ4AaABAg,@goredulume703,Drakes energy and Cole’s bars 💯😲,70,3,2023-10-18T03:07:26Z,2023-10-18T03:07:26Z
UgwuK6WV-Ts0LaXfeI94AaABAg,@Akira14ification,"Drake and J Cole need a collab album/tour we are here for that. Dope song, can't go wrong with these two together. How the beat drops and Drake comes in DOPE!!",312,16,2023-10-17T16:00:51Z,2023-10-17T16:00:51Z
UgwLs1SYOv7547WSty94AaABAg,@RAAADAA_BOI,"Looking back on this 2 years later I have to ask, which bar specifically was aimed at Kendrick? I know his name was brought up but it wasn’t even a diss it was a question followed up by props from Cole basically. I mean even drake didn’t necessarily say anything about Kendrick that was REMOTELY close to a diss. Hell I’m almost certain that he dissed the Grammies more than anything.",3,0,2026-07-04T17:10:28Z,2026-07-04T17:10:28Z
UgxpENTSiLbBBtuMbuV4AaABAg,@dennisaguilar630,"I’ll be back in 20 years to listing to this banger . 
The future ain’t ready for this heater.",16,0,2023-11-18T11:11:49Z,2023-11-18T11:11:49Z
UgxNz4tskkR3MXk1jeZ4AaABAg,@rjproblems,2:55 WAIT U SEEN 20 TEENS AND THEY SEND YOU WHATTT,31,2,2023-10-15T02:24:34Z,2023-10-15T02:24:34Z
UgxT669Oxh9IQfoJFvp4AaABAg,@juniorjaden3194,"This is will go no.1 🔥💯my favourite song in 2023💯 this is next level ,the bars,the beat, everything flows perfect it's harmonious vibration with the universe 🛫🌄",155,3,2023-10-06T18:14:01Z,2023-10-06T18:14:01Z
Ugyky5pylJUorI2LlFh4AaABAg,@EElamin9,Bro who knew this would be the reason rap would NEVER be the same again,5,1,2025-10-12T01:04:54Z,2025-10-12T01:04:54Z
Ugw2EjnlxeQU3iMgCnx4AaABAg,@joshjeteen7987,"Love when drake raps like the old drake. Love this drake, this is what your day 1 fans wants bro",183,12,2023-10-09T15:42:53Z,2023-10-09T15:42:53Z
UgxTjJ_fqWAYxbkPtXd4AaABAg,@SuperDuperCooper08,This song aged like spoiled milk 🤣,15,0,2024-05-28T02:32:05Z,2024-05-28T02:32:05Z
Ugwtip_iJewPrW_fRAx4AaABAg,@LordMarlvern,"Ok ok ok 🙌🏿
We been waiting for this for so long and they delivered 🔥🔥
Cant stop playing it back to back 😂",50,0,2023-10-06T18:36:53Z,2023-10-06T18:37:09Z
Ugx1LDUAkcjo0VYxyIR4AaABAg,@Anonimo-I1,"What if J Cole had never written the slash that says “Love when they argue the hardest MC. 
Is it K-dot? Is it Aubrey? Or me?” ?",2,0,2025-02-09T15:01:05Z,2025-02-09T15:01:05Z
UgwYzTRFI7lkPYCUWjl4AaABAg,@ruth_ava,THIS GOES SO HARD 🔥🔥🔥🔥😨,22,0,2023-10-09T10:05:41Z,2023-10-09T10:05:41Z
UgxUmnh3SgjOjTV0tzl4AaABAg,@sog1272,"Listened to the whole album today. When I got to this song I thought this will probably my favorite. After listening to everything, it is. On to my newest gym track list and probably one of my other turn up lists. This is pure fire. 
🔥🔥 🔫🔫",89,0,2023-10-07T22:03:54Z,2023-10-07T22:05:30Z
UgxFI1rW-sc_OOTAAft4AaABAg,@cj-s90,I listened to this when I was retired. Now I have a full time job and still bumping this 💚,84,3,2023-10-06T21:20:23Z,2023-10-06T21:20:23Z
Ugzfc9d_88xz4iDgV6x4AaABAg,@user-vz5lw2pu8t,"""Big as the Superbowl!"" 


Foreshadowing is a literary device....",2,0,2025-02-06T23:54:07Z,2025-02-06T23:54:07Z
Ugwpe25mj-zT2XThoxp4AaABAg,@Queenkandy42,Im bout to... Keep this song on repeat 💕💕💕,334,7,2023-11-08T04:56:44Z,2023-11-08T04:56:44Z
UgwOlRzBqaxTOD3_6hd4AaABAg,@jiddysc3737,"From ""In The Morning"" to this I swear y'all boys don't miss when y'all collab. The growth is real and see it in the lyrics.",15,1,2023-10-07T00:14:29Z,2023-10-07T00:14:29Z
Ugyy5aX_IBeKiZDCB7Z4AaABAg,@bigjohnson721,We need a collab tape from these two even if its a 4 song ep Coleworld cant miss 🥶,87,4,2023-10-06T18:04:34Z,2023-10-06T18:04:34Z
UgyyPFZyU2IL08x1TeR4AaABAg,@mohamedali5842,J.Cole dropped a grenade and left for Drake to take it😂,4,0,2025-01-04T01:53:41Z,2025-01-04T01:53:41Z
UgwQgPtF_D62LJgDPAt4AaABAg,@Cody_HighRoLLa,"Crazy duo.. Cole never disappoint.. Don't ever pay me back on any favors, I don't need it!",20,0,2023-10-06T20:12:46Z,2023-10-06T20:12:46Z
UgxWb7A58oysHQ0TGTh4AaABAg,@realclutchh,This is definitely one of my favorite songs of the year 🔥,50,0,2023-10-18T19:42:04Z,2023-10-18T19:42:04Z
UgxL88eWLbZRoC2XphV4AaABAg,@Galatrix,Unmatched combo 🔥,15,0,2023-10-07T06:08:42Z,2023-10-07T06:08:42Z
UgwiaD8-dTfpzga4C-B4AaABAg,@VersaceHarrison,DRAKE STILL THE GOAT 🐐,5,0,2024-12-12T23:38:27Z,2024-12-12T23:38:27Z
UgzHvVGQxofDJdSzB-R4AaABAg,@gersonpaulo8900,This will be remembered as the song that ignited the beef.,23,8,2024-05-12T20:25:30Z,2024-05-12T20:25:30Z
UgyVqdUAo4to-KXyoVx4AaABAg,@MosesJohnPedro,Simply GOATs Doing thier bits 💥💥,15,0,2023-10-06T21:19:00Z,2023-10-06T21:19:00Z
Ugz08jOEt47vZwCBqzV4AaABAg,@deeell7084,Saw Cole and Drake in 2011 in the O2 Academy in Manchester. Still killing it to this day.,29,0,2023-10-18T21:23:57Z,2023-10-18T21:23:57Z
UgyG9cDO_1oIkoRHXxx4AaABAg,@IcedOutCheney,"You all are here for 
0:25",10,0,2024-09-09T01:18:57Z,2024-09-09T01:18:57Z
Ugxdie3Xm1fkMJRzKV54AaABAg,@cubanthunder69,"As a soon father to be with my son, I will forever keep this on my favorite songs list  🔥🔥",27,0,2023-10-07T02:56:12Z,2023-10-07T10:57:30Z
Ugx1mxBA_hnhIHi0QzN4AaABAg,@yuulian4776,I can’t get enough of these beat switches ❤🎉,28,0,2023-11-23T15:13:01Z,2023-11-23T15:13:01Z
Ugw37QQOB_W7BrnDe5d4AaABAg,@naushaadrassool5552,J Cole said... 'Not Russia but apply pressure to your Cranium (UKRAINE-IUM)' while referencing OG ice cube 😐 Fucking Goat,63,3,2023-11-13T09:53:05Z,2023-11-13T09:53:05Z
UgyOsx0BvZ0a3Hi5N1l4AaABAg,@Jahsiahcurtis_sorcerer,That last verse fucked it up,4,0,2024-11-16T07:44:57Z,2024-11-16T07:44:57Z
UgzyH14AS82dWGtfnBR4AaABAg,@YeetDaBruh,Happy one year anniversary to the song that unexpectedly destroyed Drake’s career,32,3,2024-10-07T00:41:38Z,2024-10-07T00:41:38Z
Ugy_NB1Y4IkMRo_Cb9Z4AaABAg,@imndn,This song must be Drake's biggest regret of his life 😅,21,1,2024-09-09T11:34:38Z,2024-09-09T11:34:38Z
UgxRuTko5e7Ku9mk2BN4AaABAg,@lephepha,"Who's here after J Fold folded and officially declared he aint ""numoro U.N.O""?",18,0,2024-04-10T14:47:15Z,2024-04-10T14:47:15Z
UgxLobe4sPRrAbRQ1aF4AaABAg,@HellRelle60,J.Cole carried this song on his bacc 😅,3,0,2024-11-30T11:32:47Z,2024-11-30T11:32:47Z
Ugx0rmDyig2D-p21PUZ4AaABAg,@maddyewton5802,"One of my favorite moments ever was at Cole's ""Dollar and a Dream"" show in Los Angeles and brought out Drake as a surprise guest. Place went crazy. To see what they've continued to do is absolutely crazy. The greatest",92,1,2023-10-11T16:23:14Z,2023-10-11T16:25:36Z
UgxENOEdKy9i7PCfqyx4AaABAg,@drwhite3,We need an album from these GOAT’s ASAP,15,0,2023-12-03T00:40:40Z,2023-12-03T00:40:55Z
Ugzv9Wk_I9tFTAdQcaN4AaABAg,@StephenBrown-xf7dd,"Sheesh this that turn it up to the max, put your car in sport/Manuel mode, stomp on the gas, cutting through traffic music.. Cole never disappoints bro his verse is just 🔥🔥🔥🔥😮‍💨",52,1,2023-10-10T17:41:18Z,2023-10-10T17:41:18Z
Ugz3B5mJGmNL_RfO2Ft4AaABAg,@hanyanimboweni2346,Drake's second verse finally makes sense after the beef.,2,0,2025-03-27T13:53:10Z,2025-03-27T13:53:10Z
UgzjiL9s7snShggiTRt4AaABAg,@slimmsavage7000,GOATS IN ONE TRACK ❤💯🔥💯,12,0,2023-10-07T11:44:30Z,2023-10-07T11:44:30Z
UgxT8KSzd71dtONRxKV4AaABAg,@godfreykiyumbi5194,Who is here after hearing k dots diss,3947,222,2024-03-22T10:32:04Z,2024-03-22T10:32:04Z
UgwFXv_WtIRSN2FSoap4AaABAg,@prodigyslim5254,"Love how Cole pays respect to Drake and Kendrick fr! He doesn't see them as competition, he just be doing his thing fr 🐐🐐🙏🙏",43,10,2023-10-07T17:22:44Z,2023-10-07T17:22:44Z
UgxirjKiKm6ZPJtkaGl4AaABAg,@SecondWindStories,"He told Jimmy Jam that he uses a Grammy as a doorstop. So many sneak shots in this song, no wonder Kendrick popped his head back in to address this track.",3,0,2024-07-18T18:38:41Z,2024-07-18T18:38:41Z
Ugxxu9AXW8Gv2uLNE9t4AaABAg,@quintinjxander,This song & collaboration between Drake & J. Cole is something I didn't think we needed. 🔥💯💪🏾🌹,73,1,2023-10-10T14:31:35Z,2023-10-10T14:31:35Z
UgwZDBozqs-kNuWTVQ94AaABAg,@davoses,"the song from the album that hit the highest numbers, 2 GOATS together shaking  the industry 🔥🔥🔥",26,0,2023-10-11T17:28:04Z,2023-10-11T17:28:04Z
Ugyn6mvlIrsX9gpvn_14AaABAg,@theeupdate8995,"No way, this song deserves all the awards 🔥",21,0,2023-10-07T18:12:29Z,2023-10-07T18:12:29Z
UgyLKtd5XPkd82XJ1914AaABAg,@elementdragonoid,The song that started it all,3,0,2024-05-09T21:28:41Z,2024-05-09T21:28:41Z
UgwrXtpqNU_-5N1mVrB4AaABAg,@NatanSousalopes-ey5he,Dois monstros do rap ou trap gosto muito de ouvir som dos dois,94,0,2023-10-07T00:44:59Z,2023-10-07T00:44:59Z
UgwSNHkIoFfKBDqqrU54AaABAg,@Dima3e3,Man J Cole's craft aged like fine wine. I miss the old drake honestly.,18,1,2023-10-08T14:41:38Z,2023-10-08T14:41:38Z
UgxTwFBD7cCT1IxuMs14AaABAg,@shadowentertainment3510,"""They waiting on the kid to drop like a father to be"" literally me right now ❤",18,0,2023-10-18T17:34:27Z,2023-10-18T17:34:27Z
Ugz5_-0y6-OulV9IaOF4AaABAg,@anybodyiwanttobe9945,CAME AROUND FULL LOOP. DISSING WITH THE SUPERBOWL THEN DISSED AT THE SUPERBOWL,10,3,2025-02-11T01:34:18Z,2025-02-11T01:34:18Z
Ugy2_2jhDJcfMF-lnTB4AaABAg,@rudiemc9846,"This was defo worth the wait, both of them killed this beat 💯",48,0,2023-10-09T13:51:35Z,2023-10-09T13:51:35Z
UgzVQf8M1aW6YjcugLd4AaABAg,@marcusokoi9714,Cole just spit the hardest verse Ive heard in 10 plus years. The spiderman meme is like me looking at drake... took me out,16,2,2023-11-24T23:48:15Z,2023-11-24T23:48:15Z
UgyfS-_-XZ4h0pkx9pt4AaABAg,@jeromethomad6160,On repeat every time 🔥,37,0,2023-10-15T00:47:36Z,2023-10-15T00:47:36Z
UgxtEUFvmfOndJTzDRZ4AaABAg,@shirakazee4396,This song so fucking cold,2,0,2025-04-19T05:55:52Z,2025-04-19T05:55:52Z
UgwGbWe9fzNiRZtEkq14AaABAg,@Carswithxavier,We’ve been waiting a decade for this. Thank you both. #kings #legendary,26,0,2023-10-18T11:27:48Z,2023-10-18T11:27:48Z
UgwXqk8HRm2kk24iGyF4AaABAg,@NunoGhost,This is a certified Drake classic never disappoints and his energy it’s maximum.🔥🎧,207,15,2023-10-09T02:39:43Z,2023-10-09T02:39:43Z
UgwKr-9t5ovdGYtaqr54AaABAg,@josephheotis3931,"I think they really bring out the best in eachother when collaborating together,everyone’s right we need tha album 💪🔥💯",123,2,2023-10-10T02:28:03Z,2023-10-10T02:28:03Z
UgyVAVpP3taZ5nq-Hk54AaABAg,@deadhorsebandit,"Imagine Kendrick calling Drake right before the game and asking him,

""Big as the what?""",8,1,2024-10-13T17:59:05Z,2024-10-13T17:59:05Z
Ugwl3ulnvE5N61t3dGx4AaABAg,@Moshuun,It's JUST BIG ME.,325,26,2024-03-22T07:40:33Z,2024-03-22T07:40:33Z
UgzXvAHhBBaC3Mngqlt4AaABAg,@agapanthus2024,This is all J.Cole’s fault dawg 😭😭😭,1232,50,2024-05-05T10:21:34Z,2024-05-05T10:21:34Z
UgxLB9O4rw44LsTzX_B4AaABAg,@deansterling6860,The way Drake has transitioned into a RAGE type rapper is amazing. There is not a type of song he cannot do.,254,17,2023-10-17T12:57:26Z,2023-10-17T12:57:26Z
Ugxv_4m_rR4kdoEEfG14AaABAg,@nyikombhalati7794,Im here in 2025 one of the best records ever made...,3,0,2025-12-09T08:50:41Z,2025-12-09T08:50:41Z
Ugw-g0D-AVk8T0Wj7zJ4AaABAg,@vycamp,"Estou impressionado como o Drake encaixa os Beats com perfeição, slcc.",98,1,2023-10-07T00:43:54Z,2023-10-07T00:43:54Z
UgwL0Mh39NMb5yjsg9F4AaABAg,@DuLu-E4K,"J. Cole is the number 1 best rapper of all times,🔥🔥🔥!!!",71,6,2023-10-07T23:28:17Z,2023-10-07T23:28:34Z
UgxJynXyGEb9MOY_i_54AaABAg,@mc_maseko2452,Cole keeps getting better & better! The Fall Off is about to be album of the DECADE! Cole World 🌎🐐,27,1,2023-10-07T08:16:51Z,2023-10-07T08:16:51Z
UgwSjKIonAMjOKcjS_Z4AaABAg,@newkollector,Drake snapped,3,0,2024-09-27T20:30:08Z,2024-09-27T20:30:08Z
UgxhpYN1b232ZzNz7Jt4AaABAg,@curtisalfred2367,"Such power, these two. Goosebumps 😌",94,1,2023-11-04T02:41:36Z,2023-11-04T02:41:36Z
Ugx1WE8hV10CnoQ3n7R4AaABAg,@enwerkoopman650,"THE WHOLE SONG STARTS AT 1:04 AND THAT""S WHY THE LORD GAVE US EARS",28,2,2023-10-11T17:06:24Z,2023-10-11T17:06:24Z
Ugz3ePQN12EykRz1sMR4AaABAg,@_xciii1327,"Bar for bar, this is one of the hardest songs iv ever heard come out of the new 2020 Era. Actual bars, actual legends talking about what only legends can.. when the generals speak, you listen.",69,1,2023-11-18T17:02:33Z,2023-11-18T17:02:33Z
UgyLLJT4f7Ht7Zw0Zy94AaABAg,@BIG4oePodcast,Cole world 🌎 🥶🥶🤧,2,0,2025-02-03T23:57:01Z,2025-02-03T23:57:01Z
UgzxomvrQHpSwLjagpF4AaABAg,@de1738,"Lyrical bliss, good job guys🎉",42,0,2023-10-07T22:56:50Z,2023-10-07T22:56:50Z
Ugzl85z_1ZDAP954rt54AaABAg,@chill180,J Cole never misses. He takes pauses comes back and kills his shit again. Better all cole ❤❤❤❤,13,0,2023-10-06T18:29:36Z,2024-04-09T16:10:49Z
Ugxn75zlUFq_P7PvIj54AaABAg,@Airriaz1,"THIS SONG IS WHAT I NEEDED!! SNATCHED MY EDGES OFF
 MY SKIN! 🔥🔥🔥",64,2,2023-10-08T10:22:31Z,2023-10-08T10:22:31Z
Ugw3v6kvBKdi_le4Ait4AaABAg,@Reaprevgarage,This might of started the beef but it still Gas(Team Kendrick btw),10,1,2025-10-12T01:34:50Z,2025-10-12T01:34:50Z
UgzbPMauoNTG0vl2gMh4AaABAg,@srgtlyrics,Drake is always a level up ‼ Shows how doing good never fades away A true masterpiece right here 🔥🔥 my personal favorite. Absolutely insane 🔥🔥🔥 In 10 years this will be seen as a classic!,86,0,2023-10-08T06:56:24Z,2023-10-08T06:56:24Z
UgxnV8upMexA9EZs92d4AaABAg,@BeatNovakane,This actually a great duo.. He brings the lyrical Drake out the most,13,1,2023-10-09T23:24:09Z,2023-10-09T23:24:09Z
UgwbrvxRz68qqHy0lEV4AaABAg,@mrclapz1488,New era Drake is interesting. His beat selection is familiar but this project just sounds way different than any other project of his,34,2,2023-10-08T05:31:34Z,2023-10-08T05:31:34Z
UgyuWijcDTHbHRdfDyt4AaABAg,@salehsaleh5773,BUM!! 🗣️🗣️🗣️🔥🔥🔥,5,0,2024-06-13T11:27:52Z,2024-06-13T11:27:52Z
UgwBCTkX184m9T5kqzJ4AaABAg,@stwaters1147,"DAMN!! Drake is #1 album in Billboard Top 200 and his tracks have flooded the Top 100 including #1 , #2 and #3! Wow!",20,0,2023-10-21T20:32:29Z,2023-10-21T20:32:29Z
Ugwgq7NT_IdlhG7-Gcx4AaABAg,@trillmike4494,Big as the super bowl huh😂,674,57,2025-02-10T20:40:13Z,2025-02-10T20:40:27Z
Ugy7u_9lGlSMo5XY8eB4AaABAg,@JDolla93,Everytime these 2 make a track together it’s always heat 🔥🔥🔥🔥🔥,12,0,2023-11-28T18:34:37Z,2023-11-28T18:34:37Z
UgyFJ1OJdKg0D6hZVR14AaABAg,@JiiRA.,Am I the only one feeling drakes verse abit different now 🔥🔥🔥,1,0,2026-05-11T10:23:49Z,2026-05-11T10:23:49Z
UgwNJWv_y_tzJsQ4Hot4AaABAg,@betokirakosian4521,Spazzing at it's finest🔥🔥,32,0,2023-10-06T18:04:03Z,2023-10-06T18:04:03Z
UgxFyFNEgmwIsEM5H4V4AaABAg,@stunnnior,This song has me the first time listening to a drake album it’s that fire this beat is disgustingly beautiful,16,1,2023-10-11T13:59:29Z,2023-10-11T13:59:29Z
UgziXAA3EUmturTD-rJ4AaABAg,@yaboishetu8788,Nice to see J.Cole helping up and coming artists like drake,17,1,2024-01-22T04:24:16Z,2024-01-22T04:24:16Z
Ugw3axm8-VXArIJekLR4AaABAg,@skateboardinjordan,A bop regardless tho,4,0,2025-07-02T13:49:49Z,2025-07-02T13:49:49Z
UgySqlbdP7eR_tngdkF4AaABAg,@M559lakeshow,Straight classic 🔥 🔥,46,1,2023-10-07T06:43:48Z,2023-10-07T06:43:48Z
UgyzH8jUOnBfiEubVBZ4AaABAg,@Likliiee,FODA DEMAIS MANO🔥,48,0,2023-10-08T21:01:18Z,2023-10-08T21:01:18Z
UgyuJMyG9xVqnrGWKNV4AaABAg,@KrazyCaN347,Kendrick superbowl performance is going to put this song In the back seat,13,0,2024-09-08T20:23:48Z,2024-09-08T20:23:48Z
UgyWTXwkgP6i-RhoUBZ4AaABAg,@UpdoggWhat,This is arguably the hardest song of the whole Infinity Mic timeline.,2,0,2024-05-30T22:01:31Z,2024-05-30T22:01:31Z
UgxJpROeRrLW8SGOYOd4AaABAg,@BitOfAutism,big as the what?,15,0,2025-02-10T05:06:54Z,2025-02-10T05:06:54Z
UgxOzeDG7IomGzMKVsh4AaABAg,@kaylevon5039,Drake makes me feel like I'm living his life 😢 when the songs finishes back to reality 😂,100,6,2023-11-19T18:58:33Z,2023-11-19T18:58:33Z
UgxjZ6xs9pEteQwEKT54AaABAg,@Goodvibesnyc,Can we agree these last 3 weeks music just been getting better🔥🔥🔥 I’m here for it 🤙,53,8,2023-10-07T05:00:00Z,2023-10-07T05:00:00Z
UgwljHvNmH4WqjaNnCR4AaABAg,@smuggles-go2jm,"J.Cole saying ""we the big three like we started a league"" has gotta be one of the all time greatest unintentionally instigative bars of all time.",2,0,2024-05-24T18:19:57Z,2024-05-24T18:19:57Z
UgzwkIAtm5I-usf3IUl4AaABAg,@brandontoler2382,Here from the future.  Turns out this song was not bigger than the super bowl =D,14,1,2025-02-12T21:22:50Z,2025-02-12T21:22:50Z
Ugx1v9FFnO7uTH0gJ_V4AaABAg,@louielightning3075,Best two rappers currently still doing it. Every line is pure. Delivery is on point. Only their words could describe their flow. Shit is amazing. #lyrical #flow #smacked,65,10,2023-10-07T00:16:42Z,2023-10-07T00:16:42Z
Ugwrzrl9cMsEguLcF7F4AaABAg,@Zosterx3,Cole surpasses Drake everytime. He never disappoints 💋,197,46,2023-10-09T21:00:53Z,2023-10-09T21:00:53Z
UgwTVNBB14njzhQoukR4AaABAg,@SfisoTlou-g8z9w,The album fall off is out soon ❤,4,0,2026-01-15T08:31:20Z,2026-01-15T08:31:20Z
Ugys71y2XTtBXH_beTl4AaABAg,@chrisb620,"drake is a perfect example of someone who bases his worth on numbers, cole is the opposite; based on respect and bars.",28,1,2023-11-02T15:04:29Z,2023-11-02T15:04:29Z
UgykmsMhVxZCEFF3XzB4AaABAg,@RicardoNoel84,"K-Dot won a Grammy. Meanwhile, Drake use his Grammy as a door stop 3:30",18,1,2025-02-08T15:51:27Z,2025-02-08T15:52:02Z
UgysbBgbu_DH9zd30yB4AaABAg,@Davidvx1468,Lol damn Cole...all that talk😅song still fire tho,15,2,2024-04-10T06:22:12Z,2024-04-10T06:22:12Z
Ugxy4m0YkzjuIGluipl4AaABAg,@KDB349,Drake still my boy. This was hot! 🔥🙏 J Cole went off too.,3,0,2024-09-04T03:33:07Z,2024-09-04T03:33:07Z
Ugwu2MLHxYhv9aFtLUJ4AaABAg,@L2Anders83,Big as the what?,39,5,2024-09-08T15:55:51Z,2024-09-08T15:55:51Z
UgwhqSmXoyKy_5fDYI94AaABAg,@mrpete007,Cole doing what he been doing all year killing features and of course with drake and cole this gone be the best song on the album 🔥🔥,13,0,2023-10-06T18:20:35Z,2023-10-06T18:20:35Z
UgyYJvcMxX8FqGnclDZ4AaABAg,@renelauzurique,Cole verse has bars on bars on bars. Gotta listen a couple of times just to really comprehend. Well done Cole!!!!,31,7,2023-10-12T23:06:30Z,2023-10-12T23:06:30Z
UgyTwENRrXkaghE84dx4AaABAg,@madmire,BIG AS THE WHAT?,6,0,2025-02-13T12:07:29Z,2025-02-13T12:08:15Z
UgyN3A_0-rIxWnzH7KJ4AaABAg,@ndumiso_mkhwanazi,Never disappoints 🔥🔥,45,2,2023-11-16T12:51:26Z,2023-11-16T12:51:26Z
Ugx1O1RU_WjVNOF2OR54AaABAg,@KemongMahasa,I'm just glad this verse/song will finally get people to respect Cole!🐐,51,8,2023-10-06T18:58:31Z,2023-10-06T18:58:31Z
Ugx9OpaBdggktHbUiHt4AaABAg,@Moofydakidd,3:42 incoming Meme floods,18,0,2023-10-06T18:47:58Z,2023-10-06T18:47:58Z
UgzG-f-K10VSp0OVWhd4AaABAg,@luismaganareyna,"Cannot believe this is the track that started it all!

""Will they ever give me flowers? Well, of course not
They don't wanna have that talk, 'cause it's a sore spot
They know The Boy, the one they gotta boycott
I told Jimmy Jam I use a GRAMMY as a door stop""",12,0,2025-01-20T20:15:12Z,2025-01-20T20:21:17Z
UgzYJ8Ku9DR5FDjsguF4AaABAg,@KeepingChilled120,They both snapped 🥶🥶,27,1,2023-10-07T19:11:11Z,2023-10-07T19:11:11Z
Ugxv0U72JypdUofc6eF4AaABAg,@eli4276,Superbowl lol,17,1,2025-02-04T11:44:01Z,2025-02-04T11:44:01Z
UgxBlF4_opd4c2CB6Dp4AaABAg,@klausmichaelson329,How the game got away from the BARS. This shit is like a prison escape 🔥,15,0,2023-10-15T16:04:56Z,2023-10-15T16:05:37Z
UgxQbZkzWS7mRpB0-oN4AaABAg,@lilkenshi2709,this is the song that everything starts,4,1,2025-02-20T16:11:49Z,2025-02-20T16:11:49Z
UgzlIaAcYWqRirLgaRZ4AaABAg,@TitanX11193,2:00 flow was so smooth 🔥,22,1,2023-11-24T22:45:02Z,2023-11-24T22:45:18Z
Ugyr6YwqWv3xmrRUk9d4AaABAg,@dannypiazza,I always come away happy after hearing his songs. He crafts his endings with layers while other artists forget.,38,4,2023-10-08T04:37:49Z,2023-10-08T04:37:49Z
UgxLPad7jk1u5Dqi5rJ4AaABAg,@DawnSocialMusic,"This Collaboration can't end here, this is the start of something big",34,2,2023-10-18T08:00:43Z,2023-10-18T08:00:43Z
UgwVDYnVTw1aic8wt1p4AaABAg,@restant8845,"ok new theory, this is a song that they made hoping for the superbowl (Since they did invite Kendrick to have a verse on this song), but due to several events in the past months they chose Kendrick for the superbowl. Cant blame them, we all thought it was gonna be a friendly fade until meet the grahms dropped.",3,0,2024-09-11T00:09:36Z,2024-09-11T00:09:36Z
UgxiLnlntQDjUCOOuip4AaABAg,@cliffnasa3560,Cole complimented Kendrick and literally started a war,27,2,2024-05-22T18:46:48Z,2024-05-22T18:46:48Z
UgystO2g7Wi4euZmFW54AaABAg,@MJGVibes,"Beat hard, bars hard, flow hard. Shits cold",13,0,2023-10-06T18:45:51Z,2023-10-06T18:45:51Z
UgxXYHsEakY5Rznmvsl4AaABAg,@lleleticiaaa,TÁ INCRÍVEL,39,0,2023-10-06T18:23:47Z,2023-10-06T18:23:47Z
UgzPiCnf1XkFaZcBo-x4AaABAg,@MatyášRosenkranz-ch7se,2:25 Bro turned into Dreamybull,2,0,2026-05-25T08:31:18Z,2026-05-25T08:31:18Z
Ugzuxm_3uG7eHZV-vZ94AaABAg,@itzJust_Soul,🔥🔥🔥🔥,18,0,2023-10-06T18:05:45Z,2023-10-06T18:05:45Z
UgzuJkc5kGtcsChwjJZ4AaABAg,@Joan-yves,January 2026 ?,40,0,2026-01-07T09:14:30Z,2026-01-07T09:14:30Z
UgypFTkhh1HhefyV_Tt4AaABAg,@nahomartworks,Mohammed Ali 1:34,17,0,2023-10-08T04:38:21Z,2023-10-08T04:38:21Z
UgyCKwkp2ZfAhWa77lB4AaABAg,@kambuityehimba140,That ain't no fall off for me bar hits even harder now lmao,2,0,2024-06-13T01:16:04Z,2024-06-13T01:16:35Z
Ugy6lwEdXsKPhUWjn4J4AaABAg,@Plezki,genuinely one of the best songs i’ve heard,17,1,2023-11-19T20:04:02Z,2023-11-19T20:04:02Z
Ugxkg-g6tEH3L1p0EN14AaABAg,@MaddDogg1992,BIG AS THE WHAT???!!!! 🤣🤣🤣,18,0,2025-02-09T23:21:33Z,2025-02-09T23:21:33Z
UgxnYIvPjL7VGIA1QXN4AaABAg,@TocaBelinay,Great 🤙🏻😏,154,5,2023-10-08T06:47:26Z,2023-10-08T06:47:26Z
UgypSMgLZSk6gIJxdox4AaABAg,@logicalblackman8228,"“You niggas still takin pictures on a Gulfstream,” is DEFINITELY a flex🛩️😂",2,0,2024-11-12T03:26:00Z,2024-11-12T03:26:00Z
Ugxp3Z0DERCMcwugbQ94AaABAg,@beeeehbobooo,Meet the grahams.,24,0,2024-05-04T16:09:15Z,2024-05-04T16:09:15Z
UgwGbt8aals0pZWVubZ4AaABAg,@NjohDerbrine-lb1ki,The flavour of real hip hop.,16,2,2023-10-17T21:03:40Z,2023-10-17T21:03:40Z
Ugz1yyLyFlPkZIpEvMJ4AaABAg,@sven7037,Kendrick performing at the superbowl in 2025 LMAO  K dot made Drake and Cole look so foolish now,14,1,2024-09-08T16:01:11Z,2024-09-08T16:01:11Z
UgznCssxxSRwh2j3ZrV4AaABAg,@afrojack5263,This is exactly like the happy family pictures you see in unsolved mysteries before they show you the picture of the crime scene,2,0,2024-08-17T02:19:21Z,2024-08-17T02:19:21Z
UgyFOA5Zw8g1zYidoGF4AaABAg,@ClipperNoBarber,These mans never fail 🔥🔥,15,0,2023-10-06T19:39:35Z,2023-10-06T19:39:35Z
Ugzy9XL3FD28k0d1TIt4AaABAg,@Owura-Panin,Two big rap artists of the last decade collaborating is 🔥 ❤,15,1,2023-10-08T18:14:50Z,2023-10-08T18:14:50Z
Ugy9NUBuEGhcrApY1PR4AaABAg,@lexir4911,I love this song I keep this on repeat.👏,21,1,2023-10-24T13:53:57Z,2023-10-24T13:53:57Z
Ugwe9YhuU2Ot3xqLsgl4AaABAg,@Chaswlch,I understand it now,4,0,2025-02-10T05:18:34Z,2025-02-10T05:18:34Z
UgxnQwuBku3nSAenTjZ4AaABAg,@jacobjackson2275,"We definitely making it out the trenches with this one, Both went off😤😤😤😤😤😤😤🔥🔥🔥🔥🔥🔥🔥🔥🔥🔥",18,3,2023-10-07T06:53:58Z,2023-10-07T06:53:58Z
Ugw59330ePuyymOzyYN4AaABAg,@Naralucifuru1999,Drake never dissapoint 🔥,16,1,2023-10-07T13:33:49Z,2023-10-07T13:33:49Z
Ugylk4NCc9WbeDKK4Yh4AaABAg,@GoodxJ,"Cole backed down, Drake it's your turn to go at K dot now!!!!!! 👀🍿",23,4,2024-04-08T11:06:36Z,2024-04-08T11:06:36Z
Ugy4Vc_4Bnaz0jI2sFR4AaABAg,@sakurarozu,Big as the what?!,6,0,2024-09-08T20:01:02Z,2024-09-08T20:01:02Z
UgzX-Q8aOzqsqZ-F9_p4AaABAg,@NoName-rs1sg,Who's here after J Coles apology? 😂😂,89,8,2024-04-08T14:31:42Z,2024-04-08T14:31:42Z
UgxZ1Mcklp33sU3CInd4AaABAg,@jayjohnson5346,Im about to....im about to....Im about to...SUE 😂,13,1,2025-01-16T04:58:38Z,2025-01-16T04:58:38Z
Ugy7pTe-lKvwP8eAmf54AaABAg,@conquistador606,Isso é insano🔥🔥🔥,36,3,2023-10-07T15:41:51Z,2023-10-07T15:41:51Z
UgxM-kbxIGQQjEGyn-94AaABAg,@AlexMrOdd,this aged well 😭🙏🔥🔥🔥🔥,3,0,2025-02-22T08:05:54Z,2025-02-22T08:05:54Z
UgzUj1E0el-wT8BNH5p4AaABAg,@Smlfan368,It's a great song 🔥,14,0,2023-10-18T01:31:50Z,2023-10-18T01:32:27Z
UgwzA3CleBPFeJlpRLh4AaABAg,@cristianrojas995,"It bet it was Drake who said ""pew pew "" 0:01",67,4,2023-11-05T13:19:49Z,2023-11-05T13:19:49Z
UgyGK2C182rzD2nZNRJ4AaABAg,@llzak1,2:24 enjoy 🙂‍↔️,42,11,2025-04-10T18:55:06Z,2025-04-10T18:55:06Z
UgyekuwZhsftSnOJsud4AaABAg,@rolandgrohs9118,This is honestly a hot song,2,0,2025-01-16T23:31:59Z,2025-01-16T23:31:59Z
Ugxzt3Rods0e36YaEbx4AaABAg,@justsumguy89,Who's here after the halftime show?,45,3,2025-02-10T03:23:40Z,2025-02-10T03:23:40Z
UgyE1pgKdQ0UPrPXlhd4AaABAg,@MhuMhuFather,Who is here after the Kendrick diss?,92,12,2024-03-22T13:01:38Z,2024-03-22T13:01:38Z
UgxxRKpTpG5MgEmpijx4AaABAg,@Jerrauex,"0:13 the verse gotta be $350,000",17,1,2023-10-06T19:37:59Z,2023-10-06T19:37:59Z
Ugysvbi5CIZSLLyqUOl4AaABAg,@imbanjisimutenda9609,Big as the what🎉😂   kdot,4,0,2024-09-11T05:04:40Z,2024-09-11T05:04:40Z
UgyLZ8TNNeW0clX9xb94AaABAg,@goated-nightcrawler1,Who IS here after iceman?🧊🧊🧊🧊🧊🧊,86,10,2026-05-15T06:26:29Z,2026-05-15T06:26:39Z
UgwY8DsPMWVx_oqmZcZ4AaABAg,@Louie787-m3j,"🔥 J. Cole is on another level. It's collabs like this that remind us why he's a living legend. 💯

“Not Russia but apply pressure to UKranium” 🔥🔥🔥🔥🔥",13,2,2023-10-30T04:12:31Z,2023-10-30T04:12:31Z
Ugym2H7gLYtsydnzE6p4AaABAg,@Mvyrxll,Who’s here after 7 minute drill ?,13,5,2024-04-05T17:00:50Z,2024-04-05T17:00:50Z
UgwyS_Exquvh8h5WYed4AaABAg,@officialsonic1,this Song has started so much chaos🤣🤣🤣🤣🤣,3,0,2024-09-09T23:37:22Z,2024-09-09T23:37:22Z
UgwLUxm3P5fBkJ8REvV4AaABAg,@allanthumbi466,"Not Russia, bt apply pressure
to ur-kranium, Cole's automatic when aimin' 'em..... 🔥🔥🔥 
2:08",14,2,2023-10-11T14:12:50Z,2023-10-11T14:13:32Z
Ugy5zB2tNWCJm4jPIIN4AaABAg,@ABA-d9s,I just wanted to come here to apologize,46,9,2024-04-10T15:52:08Z,2024-04-10T15:52:08Z
UgzrQp1tLpNF387v5kV4AaABAg,@TheFutureCollectives,this has to be The Worst Aged Song of All Time 😭😭,74,3,2024-09-09T03:43:53Z,2024-09-09T03:43:53Z
UgzrIobCw2wNb7hJIHh4AaABAg,@MrKinggYT,drake killed this frrr,1,0,2025-03-05T16:00:11Z,2025-03-05T16:00:11Z
UgxCgpPrqxEMyhReMS94AaABAg,@AllenTrist3,I’m guessing his gf drew this?,165,19,2024-06-30T14:30:05Z,2024-06-30T14:30:05Z
UgyHCtGEXup8pbHAF7F4AaABAg,@Sh4Iom,I liked my own comment,180,12,2023-12-04T04:11:54Z,2023-12-04T04:11:54Z
UgzGzfGK7eXjzftt49R4AaABAg,@N1co_Di_Angelo,0:31 did NOT age well...,78,13,2025-02-15T18:00:56Z,2025-02-15T18:01:03Z
UgwsVm1o8MJoIybmTmZ4AaABAg,@Drivennt,"""who's the hardest mc""
""is it kdot is it aubrey or me?""
""we the big three like we started a league""",2,0,2024-08-11T16:08:35Z,2024-08-11T16:08:35Z
Ugz2OWXmMRlO2uGrwVt4AaABAg,@BlackandHappy__,BIG AS THE WHAT???????,5,0,2024-09-08T19:50:32Z,2024-09-08T19:50:32Z
UgyddBGqUzEjgS1UZ4V4AaABAg,@TrippCox-ns9lh,The one that started it all,5,1,2024-06-22T01:00:21Z,2024-06-22T01:00:21Z
UgzO9a4YSjhpxVe-vOV4AaABAg,@flightboyz2.051,Funny Drake says he’s one hit away from MJ but Kendrick has exactly 1 more Grammy than MJ. The irony 😂😂😂,5,0,2024-09-16T11:48:04Z,2024-09-16T11:48:20Z
UgxPFkw6NoHx7eJhQlp4AaABAg,@Rustybucketz,Big as the WHAT,5,0,2025-02-09T18:35:30Z,2025-02-09T18:35:30Z
UgzDXQiWNu4FTelGD614AaABAg,@AlexGonzalez-oo5rl,who here after the kendrick and drake beef,12,0,2024-05-06T22:57:51Z,2024-05-06T22:57:51Z
UgxIhywVqnX2d1SiH_54AaABAg,@Ethonox_Vdot_VA,Drake (probably): HOW THE HELL DID WE GET HERE!?,3,0,2025-09-16T19:44:03Z,2025-09-16T19:44:03Z
UgyfQtcgqQ-8pl06JDR4AaABAg,@Hendricklatimar,R.I.P. Aubrey “tickle monster”,3,0,2024-05-05T18:09:42Z,2024-05-05T18:09:42Z
UgzrTNVg-2laNz5gAjd4AaABAg,@SupremeShrekk,Cole killed this shit,2,0,2026-02-12T21:06:18Z,2026-02-12T21:06:18Z
Ugwsq8rIlxxFA13KTeR4AaABAg,@TheMostSecretScience,"Kendrick Lamar is headlining the 2025 Super Bowl in New Orleans after putting Drakes career in a casket and out rhyming, styling, and out selling him in 2024. Plus, you only get to win the championship once, ""No Round 2""!",5,0,2024-09-08T19:44:19Z,2024-09-08T19:44:19Z
UgxvICgN8QKilcHpg6h4AaABAg,@matismma,0:31,1,0,2026-09-03T06:05:18Z,2026-09-03T06:05:25Z
UgzgtUuJCblnZt5vrXZ4AaABAg,@ayaansye,"""Is it Kdot, Is it Aubrey or Me?""",3,0,2024-07-01T16:29:52Z,2024-07-01T16:29:52Z
UgxECeypFeo7xxORNCV4AaABAg,@itsdariius8479,BIG AS THE WHAT??!!??,3,0,2025-01-24T01:27:51Z,2025-01-24T01:27:51Z
UgwYHpw5B62jyxMIcB54AaABAg,@saintkupo,Cole should have never uttered the “steppers” line.,5,0,2024-05-31T02:45:04Z,2024-05-31T02:45:04Z
UgxyaKZH2QaSL-Qr8mV4AaABAg,@sebas_338,this song started sm conflict for no reason 🤦‍♂️😂,5,0,2024-05-12T18:02:25Z,2024-05-12T18:02:25Z
UgxEHJ3ZpdM_DE305KV4AaABAg,@sylvesterkandan3356,the beat😩,1,0,2025-05-25T07:56:32Z,2025-05-25T07:56:32Z
UgwRuJ604lcGsVaQMJ54AaABAg,@Shanno-B,Sneak dishing if I catch flight it’s gonna be direct . Kendrick Lamar,2,0,2025-05-16T01:25:11Z,2025-05-16T01:25:11Z
Ugxsqa4nlFemb4CvI_R4AaABAg,@The_gambit_channel,"Indeed, he named the album the fall off and it was not a fall off.",1,0,2026-02-19T00:50:13Z,2026-02-19T00:50:13Z
Ugyj_abrhsku3ZgzUVN4AaABAg,@JordenDrill,J Cole is 🔥,2,0,2024-06-08T06:28:00Z,2024-06-08T06:28:00Z
UgxjbnRL_xJfo8NPgZp4AaABAg,@restlessnative3818,"""They know the boy the one they gotta boycot"" So said, so done.",1,0,2024-05-12T04:25:10Z,2024-05-12T04:25:10Z
UgwvQpepP82b3ew_2mN4AaABAg,@CameronHarvey0727,and little did we know this would kick off the biggest rap beef of the decade,1,0,2024-08-25T01:27:54Z,2024-08-25T01:27:54Z
UgxRpOsaQoSwhU2DlJ14AaABAg,@DetroitLionsStuff,Who is here after Kendrick performed his Drake diss at the Superbowl... 😂😂😂,7,0,2025-02-10T22:34:48Z,2025-02-10T22:34:48Z
UgyvJQhOo4hET2Need14AaABAg,@Stepdagoat,Drake bigger than the Super Bowl,3,0,2025-03-03T09:51:08Z,2025-03-03T09:51:08Z
UgzmHu-Zz015Z0NY8W94AaABAg,@bog1an491,This shit tuff cole went off! Cole world gang!!!,3,0,2024-06-15T18:37:57Z,2024-06-15T18:37:57Z
Ugxsyi2gsDE9kygpIUR4AaABAg,@Hammy_Enterprises,"""I'm bouta."" 🔥🔥🔥",2,1,2026-01-11T04:15:11Z,2026-01-11T04:15:11Z
Ugy7AvmHvBApTeTwj6V4AaABAg,@ravenjones2869,Superbowl tommrow i just listening to this for the reason,1,0,2025-02-09T00:38:38Z,2025-02-09T00:38:38Z
UgzMpypDMC4lHaRDLGN4AaABAg,@zachabraham3004,Song aged like milk fr,6,0,2024-05-28T15:34:18Z,2024-05-28T15:34:18Z
UgzaFeiQz7BHsldak-h4AaABAg,@trinitywiliams7979,If we only knew that this will be the beginning of Drake vs Kendrick,1,0,2025-09-25T21:10:59Z,2025-09-25T21:10:59Z
UgxSoh9torfBxkwC-G54AaABAg,@ALionlikeMane,The beat even sounds like they're messing with energies they can't control. It's almost prophetic.,1,0,2024-08-19T14:06:48Z,2024-08-19T14:06:48Z
Ugx59e4BXenLGPfaH494AaABAg,@roshi1181,I'm all for team Kendrick but ngl this song is fire,5,0,2024-08-23T07:02:42Z,2024-08-23T07:02:42Z
Ugx1qiEmFh3-xDrz9f14AaABAg,@NFTBoomer,Still coming back to this song...soooo good.,1,0,2025-03-12T11:35:25Z,2025-03-12T11:35:25Z
UgzKutAvm-uAc7GNU194AaABAg,@AnnaPeach,🔥🔥🔥,2,0,2024-11-18T00:27:13Z,2024-11-18T00:27:13Z
Ugy9s_DI2m1k_ScHKP14AaABAg,@riley8704,The Boogeyman certianly changed how this one sounds.,6,0,2024-05-22T02:47:03Z,2024-05-22T02:47:03Z
UgxHKU2GGjvtBV0vfCJ4AaABAg,@lilnick801,This song and Like That probably going to go down as the most important songs to drop in the 2020s. These dudes all lit a huge fire under hip hop and made it kick the shit out of Country again.,1,0,2024-05-17T01:23:01Z,2024-05-17T01:23:28Z
UgwF5NMUvCgh1J17aK14AaABAg,@damion_100,Aye… Kendrick said fawk y’all and meant it.😂😂😂😂😂😭😭😭😭😭😭😭😭😭😭😭☠️☠️☠️☠️☠️☠️☠️☠️☠️☠️,4,0,2025-03-22T15:09:44Z,2025-03-22T15:09:59Z
UgyAgDT88SOA160JB5d4AaABAg,@bobbytropo2314,I’ve been making a playlist to track the whole stuff starting with this but if someone made a playlist for the ENTIRE beef starting with control and then all the sneak disses up to fps and like that where the real battle started I’d love to see it,2,0,2024-05-11T02:23:15Z,2024-05-11T02:23:15Z
Ugz992JtPZzr3xBxEXt4AaABAg,@rudrakaushikcx,Ts fkng reallll hard,1,0,2026-06-19T12:40:46Z,2026-06-19T12:40:46Z
UgxIlu2Xpj7ZZk1uKIN4AaABAg,@LtGreaseMonkey06,At 2:48 I want everyone to listen close to that bar?,6,1,2024-06-15T23:48:57Z,2024-06-15T23:48:57Z
UgyZJQAzLWBevb4_bWx4AaABAg,@georgeimbula8543,No big three just big me and he is performing at the super ball. Inspiring 😎,2,0,2024-12-04T06:34:14Z,2024-12-04T06:34:14Z
UgzEPgKg8GW02pXDVUJ4AaABAg,@Wake_up-g3e,Big as the Kendrick Lamar 🤣,12,0,2024-09-09T23:10:07Z,2024-09-09T23:10:07Z
UgzGBuNlqenoiBHTDiZ4AaABAg,@SogMosee,This entire beef started with Kevin from the office,4,0,2024-07-22T22:19:24Z,2024-07-22T22:19:24Z
UgwxCMZV5XTDfD5eRzN4AaABAg,@pulkatz9844,I wish Cole hopped on trap beats more often,2,0,2024-05-26T22:17:52Z,2024-05-26T22:17:52Z
UgxhOY-7xiPeuxfWM-N4AaABAg,@PriceLomonte,REMEMBER DIDDY WASNT THE ONLY CELEBRITY DOING WHAT HE WAS DOING HE AND SO MANY PEOPLE IS PART OF IT,1,0,2025-05-12T13:16:20Z,2025-05-12T13:16:20Z
UgzMi_m1GkalzDeew454AaABAg,@Angel022two,Only Kendrick as big as the Super Bowl 😂,4,0,2025-02-08T20:32:12Z,2025-02-08T20:32:12Z
Ugz3Txgct5bamB9nAq14AaABAg,@CBo-li3rg,Cole murdered you on your own ish,2,0,2024-05-25T00:29:00Z,2024-05-25T00:29:00Z
Ugzf_1kpB_YoqxZDUx94AaABAg,@GenisDiaz-d1b,K-DOT🐐🐐🐐☠️☠️☠️,1,0,2026-02-15T14:41:49Z,2026-02-15T14:41:49Z
UgzjymE8pB3dWPfwRu94AaABAg,@The7legacy,WHO THE GOAT?!! WHO THE GOAT?!! WHO THE GOAT?!! WHO THE GOAT?!!,2,0,2024-06-14T23:59:01Z,2024-06-15T15:49:41Z
Ugyi_xpkSihvzezMYxJ4AaABAg,@Zeddwhat,"Beyoncé, Drake, Chris Brown, Mariah Carey, Michael Jackson, Usher and The Weeknd are my favorite artists as of right now",1,0,2026-06-05T04:31:21Z,2026-06-05T04:31:21Z
UgzB7YCDF3pVgPvB9W94AaABAg,@AnAnAl_loc19,the song that started it all...,1,0,2025-01-10T22:57:03Z,2025-01-10T22:57:03Z
UgwM69Vydc53pChuzHF4AaABAg,@DARONCOLBAIR,"After listening to this all these years later, I understand why Kendrick thought this was a diss or a jab to say the least and responded with like that",1,0,2025-04-18T18:11:43Z,2025-04-18T18:11:43Z
UgxMQadM6LB93wsxK0t4AaABAg,@astroflexx82,Where it all started.....,2,0,2024-12-18T15:29:29Z,2024-12-18T15:29:29Z
UgwzTNJ8vmKVAnJ8--p4AaABAg,@djradish4,Kendrick is as big as the super bowl,7,0,2024-09-09T15:19:33Z,2024-09-09T15:19:33Z
Ugxi7OMftpLXE4Lp0aZ4AaABAg,@TheLordAkabane,This situation is so funny,2,0,2024-08-24T06:57:26Z,2024-08-24T06:57:26Z
Ugxpsw_799euu9MY4TN4AaABAg,@TheAlgonquin-z6f,And to think that this started it all.,2,0,2024-06-24T18:44:23Z,2024-06-24T18:44:23Z
Ugxw7L2b6oFAt6_ekSl4AaABAg,@AtomicMemes915,1:27 this is what started everything,1,0,2024-07-05T15:36:00Z,2024-07-05T15:36:00Z
UgxnvlwvpqRVuNYHb-h4AaABAg,@BarbieDawl.__,"So basically Cole set the tone and Drake switched it up and set it on fire, and Cole left it alone after that cause he knew what was coming 😭",2,0,2024-05-21T22:36:43Z,2024-05-21T22:36:43Z
UgxB3zMVUC1KIOVcDSl4AaABAg,@michaelfurlong4117,2023: the last good year.,1,0,2026-07-09T04:50:16Z,2026-07-09T04:50:16Z
UgwpzCaQ7jzr0OMPbhp4AaABAg,@dave50h55,This song is fire.,1,0,2025-08-14T13:27:46Z,2025-08-14T13:27:46Z
Ugwol2gkEVSOw8BUTn94AaABAg,@Ifllc,Sadistically Here on Super Bowl 2025 morning and this feels so close to masochism I could -redacted- .,2,0,2025-02-09T14:23:52Z,2025-02-09T14:23:52Z
UgxUbZX2NpjO1Q9B1Qp4AaABAg,@begnamo,2:10 cranium 💀,6,3,2025-07-05T18:59:29Z,2025-07-05T18:59:29Z
Ugz_pkBmni3jqvRoOS94AaABAg,@adrianjordan8222,"They actually wanted Dot on the song, Cole even gave him props but we see where it went lol",1,0,2025-03-17T02:53:56Z,2025-03-17T02:53:56Z
UgyxpiU-lhLqh1dzb8Z4AaABAg,@ashutosh_bibhu,Drake 🐐 no debate,1,0,2026-06-13T20:25:15Z,2026-06-13T20:25:15Z
Ugz_1X-D_A7UPd4-1jN4AaABAg,@PoweredbyReGg,3:53 🔥🔥🔥,2,0,2024-05-10T00:44:55Z,2024-05-10T00:44:55Z
UgyenPirqDDdH3hHPvJ4AaABAg,@petersantorsola110,I support Dot here but you gotta admit the beat here is fire,3,1,2025-01-26T22:39:09Z,2025-01-26T22:39:09Z
UgyTvH3bRIbX0OHbbip4AaABAg,@diandramendoza5182,Yo this is a fire song,1,0,2026-05-12T01:03:13Z,2026-05-12T01:03:13Z
UgxNQIy34vI3iRevHZV4AaABAg,@lvxtu3472,ts still go so hard 🔥🔥👀,3,0,2025-05-03T20:27:07Z,2025-05-03T20:27:07Z
UgwvRrBGb2dzHLvLqVl4AaABAg,@joshualay4851,BIG AS THE WHAT,4,0,2024-09-08T19:48:12Z,2024-09-08T19:48:12Z
UgzPoncuEhw9bUJIOlh4AaABAg,@Kai93-t2w,BIG AS THE WHAT!?!?!?!?!?!?!?!?!?!!?!??!?!? RIGHT DRAKE AND COLE😂😂😂😂😂😂😂,9,0,2025-02-10T03:34:50Z,2025-02-10T03:34:50Z
UgwUEdyNqcnzIUcrVI54AaABAg,@yaboyremo3657,Cole goes off on this shit jfc 😂,2,0,2025-11-27T04:16:16Z,2025-11-27T04:16:16Z
UgyYClJAWd474wtvmoZ4AaABAg,@bigpompano1659,This is a J Cole track feat. Drake,3,0,2025-11-24T21:37:23Z,2025-11-24T21:37:39Z
UgyqyFRaj5lYKblKyWp4AaABAg,@shamlove788,Legendary song,1,0,2025-09-27T20:07:40Z,2025-09-27T20:07:40Z
UgzIZxjhMjDGBbhcaQJ4AaABAg,@learnstfast3019,This song is forever legendary like dannmmmmmmmmmmmmm💵,1,0,2025-07-19T03:02:04Z,2025-07-19T03:02:04Z
UgxP2bnyKsi0byC-z8x4AaABAg,@JuanGarcia-n5b7j,Lot of good producers around the world Ngl hard to pick one,1,0,2026-03-10T17:40:37Z,2026-03-10T17:40:37Z
Ugy__dfP9prh3VY4_rF4AaABAg,@DavidHughParkinson,MO FREEEEEEEEEEEEEEE,0,0,2026-07-24T01:08:15Z,2026-07-24T01:08:15Z
UgzF2SEBRdYE_AS18Z14AaABAg,@01eddiekane,thats when they effed up 😂.. Kdot ❤,1,0,2024-11-24T10:27:15Z,2024-11-24T10:27:15Z
UgzKfj6XNEbtIfyCR654AaABAg,@richardofprague9465,the transition to drake starting with dogs barking is badass.,1,0,2025-05-09T13:31:00Z,2025-05-09T13:31:00Z
UgxnPcCU9aujsJJ212h4AaABAg,@NolimitIzzo,The song that started it all,1,0,2024-05-14T04:40:11Z,2024-05-14T04:40:11Z
UgxnID1Cz079YYwTFxN4AaABAg,@Tellmac92,Drake killed that beat change,5,0,2026-02-02T23:23:04Z,2026-02-02T23:23:04Z
UgxUEWeLJwM5_06xLnd4AaABAg,@DARKMODEDANNY,J. Cole actually started the beef,6,1,2025-07-04T22:36:39Z,2025-07-04T22:36:39Z
Ugz8evn15bKk1p66M3p4AaABAg,@MittsukiYumeTheFadedDreamer,"J Cole: There's no falloff for me. 
Also J Cole: It's...grippy! 😏",1,0,2024-10-02T21:49:18Z,2024-10-02T21:49:18Z
UgzVeVdkHSBaISuifsh4AaABAg,@RasSimba,The song that finally broke Dot… he really had enough of dis sht at this point 😂,1,0,2025-05-26T17:45:28Z,2025-05-26T17:45:28Z
UgzL4rISSeZqBWeVKod4AaABAg,@WonderlandBoudoir,"Then crazy part i, 'Not Like Us' has done 20x plays as ' first person shooter ' 😂😂 but he wants to blame that on bots😂😂😂😂",4,0,2024-11-28T01:29:54Z,2024-11-28T01:29:54Z
Ugz6LQETzAw_59DVntB4AaABAg,@datamoshii,came back 2 years after to confirm drake is still the goat,0,0,2026-08-09T03:01:56Z,2026-08-09T03:01:56Z
UgybG9kqu7m28Q1bav94AaABAg,@blockedbyjj,"""I'm bouta.. I'm bouta... I'm bouta..."" 😩😩",0,0,2025-10-25T20:38:59Z,2025-10-25T20:38:59Z
UgwehZvwyoncv-oztoV4AaABAg,@ThePinkman2,Big as the what?,9,0,2024-09-09T07:07:58Z,2024-09-09T07:07:58Z
UgyZQVuISh3RbvF-yBx4AaABAg,@SageTrader007,Cole killed it. But Drake also went off on that 3rd verse.,1,0,2024-05-19T05:07:52Z,2024-05-19T05:07:52Z
UgyioBp6Jnffk3Wp1pd4AaABAg,@villiindaback,use a Grammy as a doorstop hits different now,3,0,2025-02-03T15:08:38Z,2025-02-03T15:08:38Z
UgzUGa4dc_Ls9xohPot4AaABAg,@davron_rashidoff,Legend Drake,1,0,2026-02-08T15:31:10Z,2026-02-08T15:31:10Z
UgxkQjeyHdlyFHDNYE14AaABAg,@ZONDI-M-g1p,🔥🔥🔥💀,2,0,2024-07-05T07:14:41Z,2024-07-05T07:14:41Z
UgyAtVl_gobSIFAZdMZ4AaABAg,@confessionsfromadangerousmind,"2:56 ""...end up seeing 20 teens"" hits different now",2,1,2024-08-15T16:18:55Z,2024-08-15T16:18:55Z
Ugw1EmusBSyGK8jJ3-d4AaABAg,@Draggstar_Evan04,This like the Super Bowl The difference is it’s just two guys playing in the studio,2,0,2024-07-07T21:52:14Z,2024-07-07T21:52:14Z
UgyJZa49O1Pd5BRd3lR4AaABAg,@jordan1371,Drake didn’t mention kdot name not once in this and still got smoked,3,0,2024-07-08T03:45:49Z,2024-07-08T03:45:49Z
Ugx3GzhPPQ95Zikhj2R4AaABAg,@Eric_Kabucha_,This comment section. Brokies with the saltiest comments,5,0,2024-12-05T04:20:55Z,2024-12-05T04:20:55Z
UgyfhPiR7U95GmTUfk94AaABAg,@tapnwithqueenreeree9706,"Hi bro super good sounds, coming through supporting. Have a blessed day 🤗",0,0,2026-08-12T04:10:21Z,2026-08-12T04:10:21Z
UgwQq6cnuakZgQUEkBJ4AaABAg,@Sutton.07,"2:54 “I search one name and end up seeing twenty teens” 
After hearing Kendrick’s diss this line sounds CRAZYYYY",4,2,2024-05-09T18:59:23Z,2024-05-09T19:00:42Z
UgxxOz7jWcPtNMo4PeV4AaABAg,@isaaspirit9895,The track that startede everything,1,0,2024-09-26T12:49:52Z,2024-09-26T12:49:52Z
UgyJ_wiC64x9zZO9EL14AaABAg,@OkZimza,this one song has started the end of drake i swear bro 😭,4,1,2024-09-22T04:50:17Z,2024-09-22T04:50:17Z
Ugzp5OxbFxGVo95RHIN4AaABAg,@nell9106,This song helped Drake tie Michael Jackson on the hot 100 billboard for #1 singles. It’s crazy they are trying to ruin his reputation the same they did Michael Jackson. Legendary 🐐 ‘s,2,0,2025-03-08T15:48:53Z,2025-03-08T15:48:53Z
UgyEKsjGD2JtxJYD-n94AaABAg,@kingpremskyyo6162,It’s been officially 2 years since this album dropped.,1,0,2025-10-07T01:42:26Z,2025-10-07T01:42:26Z
UgzA82BY2stQCQWiwod4AaABAg,@CriticalShot1,Lmao 2:56 Drake says he opens his phone and sees 20 teens 😳😳😳 probably shouldn't have admitted that,3,0,2024-05-09T19:08:52Z,2024-05-09T19:09:14Z
Ugz6PeWjwbDcHv0VPw14AaABAg,@misterhuron589,🗣️ BANGER!!! 🎉🔥,1,0,2025-02-23T15:53:39Z,2025-02-23T15:53:39Z
UgzAsqgd3x29L2pWCMl4AaABAg,@Dubb399,It been a ruff year for Drake since this drop,5,0,2024-11-29T03:02:24Z,2024-11-29T03:02:24Z
UgyIBRvELhrqPqb5JXt4AaABAg,@NaLian605,Best song on the album,0,0,2026-03-16T09:03:16Z,2026-03-16T09:03:16Z
UgwB_-xOjDF3yQbMWHt4AaABAg,@lucasbrix8761,J Cole Carried On This One,1,0,2024-10-31T16:24:59Z,2024-10-31T16:24:59Z
UgyhFklaTKoni1AAPwx4AaABAg,@Vespersmuse,"Ah yes, the canon event.",2,0,2024-07-09T02:29:38Z,2024-07-09T02:29:38Z
UgzNPvZTwT2MhbuBPkV4AaABAg,@ACRmw3,why am i forced to listen to like that by future ft kdot after this song LMAOOO,2,0,2025-09-05T22:27:24Z,2025-09-05T22:27:24Z
UgwkhiUWPaRLLbHLpPR4AaABAg,@albertrivera5443,Beat is 🔥🔥 I’ll give them that,1,0,2024-06-07T03:47:31Z,2024-06-07T03:47:31Z
Ugx-ZAcIOoc1SFfbSy14AaABAg,@Deloneys,Damn never noticed the Teens in the phone line until Kenny.,1,0,2024-06-01T20:13:06Z,2024-06-01T20:13:06Z
Ugzmz8FpYhyzunObSr94AaABAg,@instabad83,When the beat change you can hit skip,3,0,2024-05-11T10:07:28Z,2024-05-11T10:07:28Z
UgyOzyh9EtkeXckQa894AaABAg,@dmercy8477,This aged horribly given what happened to both of them after KDOT reacted. Started a rap war that Drake ended up loosing. I’m starting to feel like this song should have never been made. I can’t even look at this banger the same anymore given this started the battle.😭😭,3,0,2024-07-07T01:14:45Z,2024-07-07T01:14:45Z
UgxaNmHJ9ozKh3fhp_14AaABAg,@leestacker4532,2:17,1,0,2024-07-17T06:05:51Z,2024-07-17T06:05:51Z
Ugy5BpJvuNejYQFgf8l4AaABAg,@CielPhantom.g,"BIG AS THE WHAT, Kendrick is a troll",9,0,2024-09-08T19:54:22Z,2024-09-08T19:54:22Z
Ugy5KVg2NQZE_wHNHRZ4AaABAg,@kingpremskyyo6162,It’s been officially 2 years since this song dropped.,1,0,2025-10-07T01:42:10Z,2025-10-07T01:42:10Z
UgxPMP6j4v2du78H4Ad4AaABAg,@leestacker4532,2:17,1,0,2024-07-17T06:05:19Z,2024-07-17T06:05:19Z
Ugxz76tElhUcaa_S8ch4AaABAg,@Lit872,This sh!!t kicked off a cold ahh industry beef 🔥🔥🔥😭😭,2,1,2025-02-26T03:09:49Z,2025-02-26T03:09:49Z
Ugy0-py1EkGIoSlFXLx4AaABAg,@gunna_blaze_on_Twitch,2025 peeps!?!!? 🎉,7,0,2025-01-02T03:33:16Z,2025-01-02T03:33:16Z
UgwQcwF5qW_vn24mNuh4AaABAg,@JolineLawrence-df6sz,2026🔥,1,0,2026-04-02T10:23:58Z,2026-04-02T10:23:58Z
UgymMw__4wkMBd3eQYN4AaABAg,@KekasihMuGelap,"""Everybody steppers, well, fuck it, then everybody breakfast, and I'm 'bout to clear off my plate."" That's a clear Kendrick diss.

Same as Drake's ""How the fuck you big steppin' with a size seven men's on?""",3,1,2025-06-20T06:06:38Z,2025-06-20T06:06:38Z
UgyfkvvKVExrKvnPnxN4AaABAg,@DoveNevermore-OneLastPoster,"""I search one name and end up seeing twenty teens""

☠️ people really tell on themselves when they aren't being actively called out yet",1,0,2025-11-19T11:49:31Z,2025-11-19T11:49:31Z
UgyWT-qOT6ttyCozl-x4AaABAg,@GANDJ216,"The ""20 teens"" line from Drake ☠️☠️☠️☠️☠️☠️",1,0,2024-07-18T16:43:43Z,2024-07-18T16:43:43Z
UgwOp_ahBZMFTeMGbAt4AaABAg,@rudrakaushikcx,Jcole beat switch broooo,0,0,2026-06-19T12:41:46Z,2026-06-19T12:41:46Z
UgyXbNixjQfPcT0xWiZ4AaABAg,@BryanWinfred,The beginning to a legendary beef,0,0,2026-08-11T02:29:19Z,2026-08-11T02:29:19Z
UgxnkZVmh7xWUxLmQbN4AaABAg,@Hooperlikeme,Fuck the beef this shit still hard💯,1,0,2024-06-24T02:03:46Z,2024-06-24T02:03:46Z
UgwsOt9JPwHrC6F9Fbd4AaABAg,@YoungGunna00,today 1 year damnnn,1,0,2024-10-06T18:36:16Z,2024-10-06T18:36:16Z
Ugxur5NcpLkrBmuy6hx4AaABAg,@literallygiorno,"summary:

kendrick won the beef
drake loses
j. cole surrended early",3,0,2025-01-20T08:45:58Z,2025-01-20T08:45:58Z
UgzQ5fRhKVygwE6yGSd4AaABAg,@erikelliott8015,"King Nas is such a beautiful song, it strikes such a balance",0,0,2026-07-20T00:47:55Z,2026-07-20T00:47:55Z
UgzDKa_xpjaObAHMS794AaABAg,@ricardohernandez8683,This the hip hop equivalent of archduke franz ferdinand getting assassinated,6,1,2024-05-12T00:58:17Z,2024-05-12T00:58:17Z
UgwZwGbVCJN1fF1FdWh4AaABAg,@pceezy1587,Cant wait ro hear Drake & J Cole confidence again like they had on this track.....t,0,0,2025-02-24T17:54:19Z,2025-02-24T17:54:19Z
Ugz-mNCu6BynxDCS3Np4AaABAg,@Jakereisman11111,The shitstorm this song would ignite,3,1,2024-12-05T09:18:29Z,2024-12-05T09:18:29Z
UgwHB6wb8bY7VtPZycp4AaABAg,@braymcjames,"‘Big as the Super Bowl’

Well",1,0,2026-02-07T05:06:48Z,2026-02-07T05:06:48Z
UgzyFk9A-G1652EhOWt4AaABAg,@GlennPichon-c5o,that beat change was🔥🔥🔥,0,0,2025-06-11T03:44:12Z,2025-06-11T03:44:12Z
UgzaT0R5DP3tSCMgSct4AaABAg,@SupremeShrek,Cole killed it 🔥,1,0,2025-01-07T21:19:12Z,2025-01-07T21:19:12Z
Ugxa0WKD4DhChhMWY3R4AaABAg,@Otherlevel51,Drake 2nd verse is underrated,1,0,2025-02-17T12:56:01Z,2025-02-17T12:56:01Z
UgwAKr40027JCedM5Nl4AaABAg,@dthirkield6493,The song that was the tipping point to create arguably the best rap beef on wax spill over.,0,0,2025-08-29T18:34:49Z,2025-08-29T18:34:49Z
UgxGHXcdGlQ02Eoe8AF4AaABAg,@Xyz_9876-h5s,kdot can't drop bangers like this,1,1,2025-04-15T11:46:28Z,2025-04-15T11:46:28Z
UgywiF748UfYvLzOShF4AaABAg,@cookiejuice5225,"I coMe here after listening to ""Like That"". This whole beef was the best thing to happen in to rap",0,0,2024-05-25T23:51:19Z,2024-05-25T23:51:19Z
Ugxtxrm6lh5w4Ji0rqx4AaABAg,@Snook1985,"Every time I listened to this, i think ""okay let's say you did feed him the information.  How does that benefit you at all.  It makes you look silly.""",1,0,2024-12-12T11:55:07Z,2024-12-12T11:55:07Z
UgyWDAEzKY86ne78VYd4AaABAg,@gabrielflamm4078,"PDF File or not, this slaps",1,0,2024-07-25T20:13:21Z,2024-07-25T20:13:21Z
UgyJ1yLvpjlk1AbVgnd4AaABAg,@juzbeatztv1542,Say Drake at 2:57 what do you mean by that?,2,0,2024-07-31T12:32:05Z,2024-07-31T12:32:05Z
UgzvAb0oRgDEZix5CIl4AaABAg,@KITEYO27,"Kendrick fan here, Drake was on 🔥🔥🔥 in this bihhhh and video was A+ too",4,2,2024-12-28T19:36:20Z,2024-12-28T19:36:20Z
UgzCd7dhLZuey6pU3pF4AaABAg,@leocantmisz,the name drops go crazy,0,0,2026-05-16T17:14:13Z,2026-05-16T17:14:13Z
Ugxm3ndns80nBhHZRxt4AaABAg,@shawnmoun9849,1:30 cole started ww3,2,0,2024-08-18T16:00:59Z,2024-08-18T16:00:59Z
UgwGErWhEBdXNyG6F3F4AaABAg,@connorup420,Who the GOAT? The guy who chases a 14 yr girl he saw on a shitty Netflix show? Nahhh I don’t think so,7,0,2024-06-06T04:52:55Z,2024-06-06T04:52:55Z
UgzWdGmhVaVgjkUQHNt4AaABAg,@sherrodmcnutt5190,🗣️🔥🔥,1,0,2024-12-03T01:34:31Z,2024-12-03T01:34:31Z
UgwjfqSOhwQkZ5qz82d4AaABAg,@Music.1235-v4e,0:14,1,0,2024-07-07T07:28:28Z,2024-07-07T07:28:28Z
UgxdLNBmZZEf6WU3vh94AaABAg,@TeddyBear0187,"Cole world, no blanket 🔥🔥🔥🔥🔥",1,0,2025-12-12T00:23:07Z,2025-12-12T00:23:07Z
UgyUqT-q6fAe-zL8jO94AaABAg,@oklahomasoonersfootball,Great song with great lyrics.,1,0,2025-11-21T23:52:27Z,2025-11-21T23:52:27Z
UgwGe4Cr0Hb9FdPgONR4AaABAg,@LeoPokemonBrasil1,Big as the WHAT?,4,0,2024-09-11T07:03:35Z,2024-09-11T07:03:35Z
UgxXPrIFvEYFr0tGQEN4AaABAg,@idealized_,I cant believe this shit was 2023...,1,0,2025-02-04T03:31:34Z,2025-02-04T03:31:34Z
Ugw-9lEm6qtgAvirfGx4AaABAg,@maxer72,In an alternative universe Kendrick accepted to do averse and we have a song with all 3!!!,1,0,2024-05-07T17:19:19Z,2024-05-07T17:19:19Z
UgyjIsSOvOt2DKvg2JB4AaABAg,@IwantTarget,Real cold,1,0,2024-06-05T04:50:20Z,2024-06-05T04:50:20Z
Ugx6X6w4m2D7GexlHL94AaABAg,@nsneca1256,Big as the what?,6,0,2025-02-10T15:48:39Z,2025-02-10T15:48:39Z
UgydBMpEu6AmdEg-fNd4AaABAg,@UrParasocial,That’s crazy💀this feels like the beginning of my favorite show😅so timelesss,0,0,2024-08-09T19:42:45Z,2024-08-09T19:42:45Z
Ugx3t1SxO0zFlEx9Qjl4AaABAg,@BryanWinfred,“I’m calling the album the fall off which is ironic because it ain’t a fall off for me” he was right,0,0,2026-08-11T02:31:04Z,2026-08-11T02:31:04Z
Ugx4_oRZFiO0oT_EM1Z4AaABAg,@King_Maker25,The song the woke the sleeping “giant” 😅 💪🏾💪🏾💪🏾👊🏾,1,0,2025-03-08T19:29:19Z,2025-03-08T19:29:19Z
UgyTd6_mbpGw4KUhPPx4AaABAg,@ShapagneDawkasideRadio,Big as the Superbowl ✨🧨🧨,1,0,2024-06-06T17:25:25Z,2024-06-06T17:25:25Z
UgwNuZlvRk-SddEgB-p4AaABAg,@PrincessDianaJ,Had to come back for a refresh with all the beef 💀,1,0,2024-05-08T21:43:06Z,2024-05-08T21:43:06Z
UgzcAqIK-yQSCn_turF4AaABAg,@ZhylynCortez,I love this song,1,0,2025-12-18T20:26:16Z,2025-12-18T20:26:16Z
UgyX-I8cn6j1ppbxFY54AaABAg,@savannaknudson1928,You’re so sweet. “I hope you know all you angels are there.” 😮,0,0,2024-10-23T05:40:42Z,2024-10-23T05:40:42Z
Ugxb2NAofbIEd1xkGAZ4AaABAg,@BillyRowe-z6t,J COLE..... 🔥 🔥 🔥..... JAY Z Finest Student and Artist....,1,0,2025-03-04T18:29:11Z,2025-03-04T18:29:11Z
UgymDKETKvphJRiYDUx4AaABAg,@lionelw7697,love this song because it made KENDRICK come outside. he had to show you 'who's the GOAT 😂😂😂😂😂,8,2,2024-05-11T18:05:35Z,2024-05-11T18:05:35Z
Ugz6Pw2NfZyqTTelWnJ4AaABAg,@its-WILLIE-1978,The first beat was vicious jack 🔥🔥🔥🔥 SHEESH,0,0,2026-04-15T21:14:56Z,2026-04-15T21:14:56Z
Ugxym8b66sm4gRO_ycZ4AaABAg,@TheRedcipe,This is officially Lloyd Banks beat.,2,0,2025-09-02T03:06:21Z,2025-09-02T03:06:21Z
UgyNDGSQ0Iq53oJ8o4F4AaABAg,@Fasinati0n,Drizzy,1,0,2024-05-19T21:08:59Z,2024-05-19T21:08:59Z
Ugx7nd52zcxq8U_qxFp4AaABAg,@sir_kala,"I lov the fact that this doesn't have that pop-up rear spoiler, the slick tail looks awesome",0,0,2024-11-25T07:44:02Z,2024-11-25T07:44:02Z
UgwJYuutyr4_R6V48B94AaABAg,@JustBurban,The start of it.,1,0,2024-07-31T06:45:40Z,2024-07-31T06:45:40Z
UgyeOGJyT1Xz8sAkugR4AaABAg,@TOP.AHK1111,“I searched one name and ended up SEEING 20 teens”sounds CRRRRAAAAZZZY hearing it come from DRAKE,4,1,2024-07-06T14:32:28Z,2024-07-06T14:34:39Z
UgxG2clUAatFvpCXV2l4AaABAg,@madikayndiaye,bro took “beat it” too seriously,2,0,2024-05-11T13:43:22Z,2024-05-11T13:43:22Z
UgzW4Aju5XF4OkwdlSF4AaABAg,@shsieam3406,What an amazing song hope no one loses their n-word pass from this,6,0,2024-11-16T21:11:29Z,2024-11-16T21:11:29Z
UgzJSWlsW1VdJSXU4r54AaABAg,@Le_Ponce,This might sound crazy after everything that happened… but I still fw the song,1,0,2025-02-21T23:26:10Z,2025-02-21T23:28:20Z
UgydVgxnmr9pt-_i9D14AaABAg,@condemnedpotbelly8491,1:28 and it all went crazy from there😅,1,0,2024-08-12T15:55:05Z,2024-08-12T15:55:05Z
UgwnuBM-iMOYZacESHx4AaABAg,@theemostrizz,Better than any song Kbot has ever made,5,5,2024-12-31T18:09:38Z,2024-12-31T18:09:38Z
UgyMKg-kv937XmTS8_Z4AaABAg,@Tiger_Woods,🔥🔥🔥🔥🔥🔥🔥🔥🔥🔥🔥🔥🔥🔥,1,0,2024-08-03T02:38:47Z,2024-08-03T02:38:47Z
UgwlYHaj1wqn6GD1deB4AaABAg,@keebreaux4664,TAY KEITH THE GOAT!!!!! RIP!!,2,0,2026-06-19T06:47:57Z,2026-06-19T06:47:57Z
UgyOaqUyPTv-ge_pbJd4AaABAg,@leonarddoeman735,Man ...thr height of Coles career. He was unstoppable.,0,0,2025-06-03T00:59:13Z,2025-06-03T00:59:13Z
Ugx13XyjrifAAPFRMe54AaABAg,@Nagatooreel,This song is 🔥,1,0,2024-07-12T17:44:21Z,2024-07-12T17:44:21Z
Ugxj1sooxrIFHi0r1wB4AaABAg,@PeterPan-qj4lw,Here for Drake,1,0,2024-05-18T04:42:48Z,2024-05-18T04:42:48Z
Ugzv3Ojim-iJfOEIoVZ4AaABAg,@samialfaify7008,This song is so funny for me now,1,0,2024-07-10T06:15:59Z,2024-07-10T06:15:59Z
Ugwg_Dl5PGY1h_Unl-54AaABAg,@DaniellaLidonnici,Yay drake😂😂😂😂😂😂😂,1,0,2024-08-31T01:20:26Z,2024-08-31T01:20:26Z
UgxyYIJazrH7fcDqNRx4AaABAg,@jrrtom,This may be the best verse of all time w j Cole- shit is hypnotic,0,0,2024-06-03T13:34:47Z,2024-06-03T13:34:47Z
UgwMeCee2QfjXSxkjJ94AaABAg,@kinglazer3447,Ambata...ambata...ambatakaammmmm,1,0,2024-06-15T08:59:47Z,2024-06-15T08:59:47Z
UgxEHfSZk3tl4lrkAbd4AaABAg,@matapang27,It all makes sense now. Never really listened to it until now,0,0,2024-07-16T17:13:00Z,2024-07-16T17:13:00Z
UgyetNntYmEBQ3HSRJV4AaABAg,@Jaegermeister.23,If J Cole really wanted to beef with anyone we all know he would’ve won.,3,1,2024-09-04T18:11:33Z,2024-09-04T18:11:33Z
UgxnWHKyxN1SnLi-h3J4AaABAg,@HoodScholar412,Cole World,0,0,2024-07-28T15:22:19Z,2024-07-28T15:22:19Z
Ugyc7btLMRPSpMY4I8l4AaABAg,@ezitheking,Kendrick shoulda just remixed this into a diss,2,0,2024-05-09T21:00:38Z,2024-05-09T21:00:38Z
UgyekS6KHJk9DHEEhtp4AaABAg,@AntMitts8035,Whatever your stance you cannot deny this shit is straight heat 🔥🔥 and I bet more than half of y'all talking shit about Drake were bumping this shit to and from your 9-5 cause I sure did 😂,2,0,2025-11-26T21:12:19Z,2025-11-26T21:12:19Z
UgwCi8E0QecsuL5444x4AaABAg,@Denizecanthaveanyofnicksstuff,Go get them tiger.(58’,2,1,2025-11-02T20:59:43Z,2025-11-02T20:59:43Z
UgzbFdqo2nSM5gWHcHx4AaABAg,@mm.89-h9y,Who’s here after Dot performed the halftime show,6,1,2025-02-10T03:00:37Z,2025-02-10T03:00:37Z
UgwkKZIt33SrnMCS5o94AaABAg,@tstr23,"Aubrey really said ""I search 1 name and end up seeing 20 teens"" 😂😂😂",10,0,2024-05-20T23:07:19Z,2024-05-20T23:07:19Z
UgzRyg4HdB2xXpsITBZ4AaABAg,@KekasihMuGelap,"Come to think of it, it's crazy that Drake was sneak dissing Kendrick for a decade and then had the audacity to ask Kendrick for a feature. And when Kendrick refused that very same feature request, Drake proceeded to sneak diss him again on the track. 

As Kendrick said, “No sneak dissin’, First-Person Shooter, I hope they came with three switches.”",3,1,2025-11-13T12:52:28Z,2025-11-13T12:52:28Z
UgyAB35tfCqk_n1PsCN4AaABAg,@xMG_ReduX,well this didn’t age well,11,0,2024-09-09T00:00:36Z,2024-09-09T00:00:36Z
UgxIGFWysMD7dE1hB_d4AaABAg,@MelloChill,BIG AS THE WHAT!!,2,1,2024-11-05T16:09:22Z,2024-11-05T16:09:22Z
Ugyxv1iltFt1ClLmBEN4AaABAg,@oseevie5694,September 2024✋.,2,0,2024-09-09T00:40:11Z,2024-09-09T00:40:11Z
Ugx0rrydzfchFvwm1rR4AaABAg,@amarodias64,3:43 that’s good part to dance the dougie,0,0,2024-09-18T07:25:49Z,2024-09-18T07:25:49Z
UgyeTXRDMx7epgDAMwl4AaABAg,@AMCOLLECTINGDATA,"Y'all really is that Spider 🕸️ man meme Black Daddy and white Momma, talented perfected y'all craft both done great things for y'all family, proud of y'all boys forreal I've made some great memories to y'all music , y'all be making my movie soundtrack ❤️ 🌹's",0,0,2026-04-16T14:13:10Z,2026-04-16T14:13:10Z
UgxCxXOmF2JlobV3-714AaABAg,@ABHIJEET4L5SHO999,❤❤❤,1,0,2024-05-16T19:13:52Z,2024-05-16T19:13:52Z
UgzifqZ9Y7bK22DfSk54AaABAg,@TWZT3DMIND3D,"2:01 - When I show up, it's motion picture blockbuster
The G.O.A.T. with the golden pen, the top toucher
The spot rusher, sprayed his whole shit up
The crop duster
Not Russia, but apply pressure to your cranium
Cole's automatic when aimin' 'em
With The Boy in the status, a stadium",1,0,2025-10-18T20:03:29Z,2025-10-18T20:04:14Z
Ugzh-QL9_uQ8SRiss694AaABAg,@markdbey,Drake had to change the song after that Cole verse… 🥱,4,1,2024-05-31T11:13:38Z,2024-05-31T11:13:38Z
Ugzijv7pxyu6ZYQk2lF4AaABAg,@KevGallant,"Say whatever you want bout drake,  when that beat slows down at the end, he went into the fkn multiverse",0,0,2025-10-22T06:33:45Z,2025-10-22T06:33:45Z
UgzY-Lr5RK7IocgtooJ4AaABAg,@morrowrarri6425,🐐 🐐,1,0,2024-06-29T06:41:21Z,2024-06-29T06:41:21Z
UgxYt7n2xPNBbWj4HxJ4AaABAg,@nyc1194,Drake doesn’t sound the same anymore…,3,0,2024-05-20T01:57:38Z,2024-05-20T01:57:38Z
UgzRyinyhDa2nlB42jd4AaABAg,@JuanGarcia-n5b7j,Love u drake,0,0,2026-03-08T20:14:38Z,2026-03-08T20:14:38Z
UgwbfDnraP6OAoMF2mV4AaABAg,@Traxas123,5:24 my fav part!,0,0,2024-07-18T22:44:00Z,2024-07-18T22:44:00Z
Ugx8wlO9nXCl0GDjvAp4AaABAg,@nicekid93,I come back to this song for Cole tbh,0,0,2026-03-02T02:20:17Z,2026-03-02T02:20:17Z
UgxSVcN9nP2pZRoyd9R4AaABAg,@deadhorsebandit,"This shit is fire until 'HEY,,,, IM BOUTTA, IM BOUTTA, IM BOUTTA""",3,0,2024-10-15T20:17:38Z,2024-10-15T20:17:38Z
UgyF3lJkFQLc5muR2LJ4AaABAg,@CandyGoodGood,"I love this collab! I hope these two work things out and team up again.

Cole seems like a standup dude. I hate how people just turned on him when he took back the diss. What did Kendrick tell him that made him do a complete 180 and distance himself from Drake? Especially after they just did a tour together.",1,0,2024-08-11T13:08:39Z,2024-08-11T13:08:39Z
Ugz5WoQWl2gBIye9n1Z4AaABAg,@salarbede8197,😮⚡️⚡️,1,0,2024-08-15T13:59:21Z,2024-08-15T13:59:21Z
Ugw8rml5t8q5DvfoTOx4AaABAg,@Jamesclaytoneason,"I’m UNO, Love it brother!🇺🇸💛",1,0,2026-03-04T01:25:03Z,2026-03-04T01:25:03Z
Ugy5LaahN8Eh5qSEGKV4AaABAg,@haqiqshihad9894,This aged well cuz the only goat left standing fr is Drake 😂🔥,1,0,2026-08-12T01:46:14Z,2026-08-12T01:46:14Z
Ugw-8DSWn42kyUPovZp4AaABAg,@owamiwami409,Will they ever give him flowers.... Well?😌♥️🔥🔥🔥🔥,0,0,2025-08-27T20:14:48Z,2025-08-27T20:14:48Z
UgwpsnjfmWXdxq0z93B4AaABAg,@PostoCrove-k2w,Search one name & end up seeing 20 tings !!!!!,1,0,2026-04-04T22:04:42Z,2026-04-04T22:04:42Z
UgxEH-BYmHWc-_Gekdl4AaABAg,@tailoredband9778,"After really listening to the lyrics I see the subs they were throwing at at Kenny, he had to respond",4,1,2025-07-30T13:04:46Z,2025-07-30T13:04:46Z
UgzW-yMrJQxgUOa_Xqh4AaABAg,@eliseusalvador9682,🔥🔥🔥,0,0,2025-03-07T18:36:17Z,2025-03-07T18:36:17Z
UgxxVtcI9tRx-O5vQAV4AaABAg,@af6456,"I'm bouta, I'm bouta, im bouta...😂😂😂",1,0,2024-06-23T05:53:04Z,2024-06-23T05:53:04Z
UgyCuTyZbpY03F9TIt14AaABAg,@gooniegoogoo1645,Big as the what 👀 this aged well 😬,4,0,2024-09-11T19:26:09Z,2024-09-11T19:26:09Z
UgyRlMQYw29AMsBiMTN4AaABAg,@WordUp2That,Yeah!,0,0,2025-02-12T02:58:48Z,2025-02-12T02:58:48Z
UgxgrwnMaKGsWhf9BpN4AaABAg,@Draggstar_Evan04,Beat changed,1,0,2026-07-10T11:18:24Z,2026-07-10T11:18:24Z
UgzcMoTKo56oYi3F6xx4AaABAg,@heyitssangelina,did he just say 20 teens🫣🫣🫣,6,1,2024-05-13T06:38:27Z,2024-05-13T06:38:27Z
UgypgbVqmHNOKgTntSh4AaABAg,@AxelPacheco-t4f,1:31 is crazy,1,0,2025-01-13T23:41:59Z,2025-01-13T23:41:59Z
UgyplzE9b1tZhLU8Xm54AaABAg,@NightingaileTutorials,This gives a Watch the Throne vibes. Shouldve featured more hard hitters,0,0,2025-08-25T05:32:40Z,2025-08-25T05:32:40Z
UgxGyeT_ouWZMPCO-9F4AaABAg,@ErickWebster-mc2yg,Just listening to J Cole's word playing how he spazzing on this I know if he really wanted to he can rap circles around Kendrick💯,4,4,2025-01-03T01:28:50Z,2025-01-03T01:28:50Z
UgxWaUktwu6swgOb1ct4AaABAg,@MarquezWalker-r9b,OVHOEEE,1,0,2024-07-23T05:44:11Z,2024-07-23T05:44:11Z
UgxgFVWy65g9ImBSY2d4AaABAg,@EEa-w3t,Bro how is this already 1 year old its like this album dropped just last friday,0,0,2024-10-06T06:36:36Z,2024-10-06T06:36:36Z
UgyCEjvFoiCg05YrXrl4AaABAg,@RowdyRonin,This the peak. Few can handle it all meant,1,0,2024-09-22T06:48:15Z,2024-09-22T06:48:15Z
UgzVd2UEY6yc2kNApyF4AaABAg,@weezybearr,I feel like J Cole is a lyricist and Drake is more fame cultural rapper like he mid,5,0,2024-05-23T07:36:50Z,2024-05-23T07:36:50Z
UgxELH6oxIf5CxQoUMV4AaABAg,@DAGEORGETOWNMAYOR,"After jcole verse, I go to another song",1,0,2024-06-07T00:27:02Z,2024-06-07T00:27:02Z
Ugz8NkqOsSpO4TBSOvl4AaABAg,@mitchellcadman4185,Madden about to make this song relevant again,1,0,2025-08-09T21:42:38Z,2025-08-09T21:42:38Z
UgxCH1LisW-kBQ8iHRF4AaABAg,@Philosific,"""Muhammed Ali
Yeah, the one that they call when they shit ain't connectin' no more, 
feel like I got a job in IT""
Lol the cleverness of this line is crazy. lol im only catching this after 2 years.",0,0,2025-10-26T22:17:01Z,2025-10-26T22:17:01Z
UgyAdTrMy9gsNeu89hh4AaABAg,@JuanGarcia-n5b7j,"All my legends popping out of nowhere magic magic where tf is my snare or mic,fire sword like Ike",0,0,2026-03-15T17:49:49Z,2026-03-15T17:49:49Z
UgzGiLvFqQ0q9xLPFW94AaABAg,@LOTHARIOmusic,🧿,1,0,2025-02-28T02:31:02Z,2025-02-28T02:31:02Z
UgzkL683pIz90DSEa-94AaABAg,@SALAHKES,1:29 1:33 started the beef,1,0,2024-07-03T09:37:51Z,2024-07-03T09:37:51Z
UgyinxluNgKP1kRm_WF4AaABAg,@bennicolas8805,Drake was sent direct to the lobby and Cole abandoned the match 😅😅,1,0,2025-12-06T16:49:29Z,2025-12-06T16:50:02Z
UgwdaGYlBQWKw5I5Q-l4AaABAg,@ASAP_Playboi,thank,0,0,2025-08-08T14:13:19Z,2025-08-08T14:13:19Z
UgxWgp2fY-PJJRN4hrB4AaABAg,@user-yc6eu6kq2t,People thought Drake could stand rap with Kendrick he couldn’t even rap with j Cole lmfao 🤣,3,0,2024-08-03T10:56:54Z,2024-08-03T10:56:54Z
UgyV9UlY4rXk2jZQFzp4AaABAg,@JuanJulio5shotshorty,Big as the what? 😂😂😂😂,6,0,2024-09-09T07:04:20Z,2024-09-09T07:04:20Z
UgyeB_nixaEZdtcpnnh4AaABAg,@Æ.Murata,Well it really got as big as the superbowl 😂😂,2,0,2026-06-06T16:39:07Z,2026-06-06T16:39:07Z
UgwxYIxAuwpQ8ShCSUJ4AaABAg,@DeeMode207,The reference to the Super Bowl,1,0,2025-02-21T23:40:36Z,2025-02-21T23:40:36Z
UgzOvCP82Rrt7aEpcDp4AaABAg,@aleaa6369,di shit actual fire,0,0,2024-07-25T09:55:28Z,2024-07-25T09:55:28Z
UgzgUlCiO1VhtzVdoAR4AaABAg,@jasongrissom7902,🔥🔥🔥🔥🔥🔥,0,0,2026-05-14T17:06:52Z,2026-05-14T17:06:52Z
UgyLFBzINfP5J4k46Np4AaABAg,@ronglenn919,I rock with drake no matter what!! MJ>drake>everybody else.. no switching. Since Best I ever had..,1,0,2024-06-24T15:35:06Z,2024-06-24T15:35:06Z
Ugz5mUJi0Z4ZuCEiQ494AaABAg,@derekschmitt2701,3:38 wooooooo🔥,0,0,2025-11-15T03:06:03Z,2025-11-15T03:06:03Z
Ugx3A4A72KJM9QwDTPt4AaABAg,@UrParasocial,This beat and flow reminds me of family matter.,0,0,2024-08-09T19:44:42Z,2024-08-09T19:44:42Z
Ugzsk8xMLP593ociWJV4AaABAg,@buddhachiefthebrand1482,I can tell the difference btw when Drake writes his bars and when his ghostwriters pen his shit. 1st verse the ghost writers did and he wrote the last verse.,1,1,2024-05-11T15:58:51Z,2024-05-11T15:58:51Z
Ugy3FlZttXI-RYIlJ2Z4AaABAg,@MysticMothBB,Big as the what? Big as the what? Big as the what? Big as the Super Bowl but the difference is it's just one Compton kid rapping things he made in the studio!!!,2,0,2024-09-10T19:23:19Z,2024-09-10T19:24:09Z
UgyyDGCdrrnGUC2mir14AaABAg,@richardturner4313,Who else thinks Kendrick got away with murder like OJ did,2,0,2025-02-16T22:03:58Z,2025-02-16T22:03:58Z
UgzHNeHaqyMvcNAhqNl4AaABAg,@Babiigurlla,🔥🔥🔥,0,0,2024-05-09T02:52:59Z,2024-05-09T02:52:59Z
Ugy-8Ody3XaDl_UGNBR4AaABAg,@faizyfrmdao,😭,1,0,2024-07-04T15:12:14Z,2024-07-04T15:12:14Z
Ugz5Br7raDeJ15oogxB4AaABAg,@RealAnita926,Team Kendrick 👑,5,0,2024-05-12T02:03:54Z,2024-05-12T02:03:54Z
UgzHYZ7fLvBFK6tutfR4AaABAg,@jamilwofford,🔥🔥🔥🔥,0,0,2026-02-08T00:23:26Z,2026-02-08T00:23:26Z
Ugw7y8mx-k1b-4IKJkl4AaABAg,@AxelPacheco-t4f,This is straight,0,0,2025-01-13T23:42:41Z,2025-01-13T23:42:41Z
UgzWz_08VBLMvQiR7MF4AaABAg,@lovaboyking,🔥🔥🔥Drake🔥🔥🔥,0,0,2025-05-15T17:23:35Z,2025-05-15T17:23:35Z
UgyfxAcsnIopFg9erg14AaABAg,@mistyrexroat9251,One of my favorite wcwo  Wesler is the song,0,0,2025-07-22T03:58:45Z,2025-07-22T03:58:45Z
Ugz9S9GgK4lfE65Vrsp4AaABAg,@WordUp2That,Sighted!,0,0,2025-02-09T04:33:50Z,2025-02-09T04:33:50Z
UgyGhxfEXse-4M-bNWt4AaABAg,@cyrustherebel1738,“Big as the SuperBowl” hit different now 😅,4,0,2025-02-14T13:44:38Z,2025-02-14T13:44:38Z
Ugz1brQB3VTPWo1gwgB4AaABAg,@rintheorder,Finally found this song.,0,0,2024-09-25T12:45:56Z,2024-09-25T12:45:56Z
UgwAI4BUtqQpGQIiFHl4AaABAg,@ty_likes_guys67,I loved cole on this song but am i the only one who liked drake a little more?,1,0,2024-11-17T20:02:30Z,2024-11-17T20:02:30Z
UgxbwEdDnjg1vA6YQ9V4AaABAg,@ahmedjawdatt,Lmaaaaaaaooooooooo kendrick aint shyt 😂😂😂,3,1,2024-09-09T00:54:16Z,2024-09-09T00:54:16Z
Ugw0lBx43wJZxkPoCaN4AaABAg,@mukhtaarlandrum9453,Drake should have stayed off this one j Cole killed it. Drake verse made me think of when duke Dennis fell off skateboard and the kid there said you trash gang gang😂,2,0,2024-09-21T21:07:22Z,2024-09-21T21:07:22Z
UgwA-wPXGH8LC_zK2Hl4AaABAg,@Murphys_Law9,It’s really just Big Kendrick and big as the what l!?,7,0,2025-02-10T05:37:19Z,2025-02-10T05:37:19Z
Ugxp_ucoh4HxJbWk2fB4AaABAg,@DrinoThaMenace,Damn 🔥🔥🔥🔥 Mane Juicy This Mf Tuff OG. #901,0,0,2025-08-21T06:47:34Z,2025-08-21T06:47:34Z
UgynIc5WCul1SS_xGk14AaABAg,@TOXIC-om2hg,Big as a what 😂😂😂,3,0,2024-09-09T00:53:20Z,2024-09-09T00:53:20Z
Ugw7UVLuMzmKTnpqYhd4AaABAg,@lilyt..,THE FALL OFF SOOOON,7,2,2026-01-14T22:23:33Z,2026-01-14T22:23:33Z
UgyWXifFjO3Zc2e03Nh4AaABAg,@KevinThompson-jo6tp,"This song and meltdown with Drake, sound so much alike💯",4,0,2026-03-04T02:23:29Z,2026-03-04T02:23:29Z
UgwYMIzDma5SPTSEF4V4AaABAg,@JohnsonMasike-jj1eb,#For all the dogs  four legs no arms!,0,0,2024-06-17T17:48:34Z,2024-06-17T17:48:34Z
UgxjulOSG1R_m-DWL1N4AaABAg,@jaybrown3341,Drake is not in the same league(lyrically) as Cole…..and let’s not even talk about K-dot,2,0,2025-02-19T02:35:55Z,2025-02-19T02:35:55Z
Ugz9NGLMMZGZXu5Njpt4AaABAg,@DAGEORGETOWNMAYOR,What made drake think he could use cole to convince kendrick lamar to do a big 3 album to help recoup that 400 mil??,1,0,2024-05-15T23:04:32Z,2024-05-15T23:04:32Z
UgzWnhoDoZziHwXHSY54AaABAg,@GerardoHernandez-c8y,Second track the anthem,0,0,2024-08-11T23:49:43Z,2024-08-11T23:49:43Z
UgyJ7lZdR3Rpwnjy5Et4AaABAg,@TiagoVarjao-uh3vc,"Who the goat? Who the goat? Who the goat? 
Best beat and best track out of the whole diss war.. it’s immaculate. “Not Russia but apply pressure to your cranium”",1,0,2024-05-22T06:34:58Z,2024-05-22T06:34:58Z
UgxCqWIKh5rFR85UMuF4AaABAg,@bobbycarlwhite,1:27 this changed hip hop forver,0,0,2024-06-19T20:51:00Z,2024-06-19T20:51:00Z
UgwTfSwhpJsbwOV4_q94AaABAg,@edgarcabrera8687,"Big as the what?
😂😂😂😂😂",5,0,2025-02-11T16:14:45Z,2025-02-11T16:14:45Z
UgzHoOVxSljg6o9dxrN4AaABAg,@vini-cius5,"Even with all this shit, the music is still fire 🔥",1,0,2024-05-05T19:40:19Z,2024-05-05T19:40:19Z
UgzzH_-zp4F-8ZjcWAl4AaABAg,@SeanChukwuezi,Honestly even if the song didn't age well first person shooter is a masterpiece from start to finish drake and j cole brought the best out each other  cole washed drake but drake  second verse was amazing  still the best track all my dogs,3,0,2025-02-26T14:50:56Z,2025-02-26T14:50:56Z
UgxpXc0KIUWnZ6Fo-fJ4AaABAg,@shlokshah7811,It's been a whole year !,0,0,2024-10-07T07:51:27Z,2024-10-07T07:51:27Z
Ugx92F_ph4DzogiftuR4AaABAg,@Legendary_Twan,I never thought this song would be the start of something legendary 🔥🔥,0,0,2024-05-11T02:10:54Z,2024-05-11T02:10:54Z
UgwFvLWiWT61n8IO9Fl4AaABAg,@christophr1234,"Wait wait clock it big as the Superbowl, meaning either ways he's a big enough star equivalent to popularity or clout of the super bowl, y'all ate this",0,0,2024-10-03T12:15:00Z,2024-10-03T12:15:00Z
UgzpXaqvOuPUqi5Pbi54AaABAg,@iguessillsayit7510,The song that woke the boogie man,1,0,2024-09-04T02:06:55Z,2024-09-04T02:06:55Z
UgwzOQOW3jSsAJI6iCB4AaABAg,@serenityydawoo,no beef should of even started spot using ppls names in tracks if not allowed 🤷🏽‍♀️,1,0,2024-05-12T14:55:59Z,2024-05-12T14:55:59Z
Ugyr8S8Ny6rftS8VxTt4AaABAg,@AlbertoGijón-t7b,🔥,0,0,2024-06-26T06:10:18Z,2024-06-26T06:10:18Z
UgwNqxsdO3td0zuV8m94AaABAg,@Marlboro224,"Huge mistake, they got handed the keys to the kingdom and theyre trying to unlock a door to a bathroom",1,0,2026-06-24T19:02:44Z,2026-06-24T19:02:44Z
UgxjuznExhfQGRXLHNN4AaABAg,@kaydibs1698,todays this songs 1st anniversary,0,0,2024-10-06T03:53:52Z,2024-10-06T03:53:52Z
UgxzOzOfWzQJNc8inYB4AaABAg,@merady509,That hate from kdot beef made me listen to Drake's songs more.,11,6,2024-06-21T18:00:19Z,2024-06-21T18:00:19Z
Ugx5y-7RjG7r0B5EiUJ4AaABAg,@100scmatt,"Superman went crazy on this beat, flying with one knee up😮",0,0,2024-06-11T01:29:45Z,2024-06-11T01:29:45Z
Ugx17TX36bWCkYYqbN54AaABAg,@International.hoover,5 minutes GO....🎉🎉🎉,0,0,2024-12-19T11:25:50Z,2024-12-19T11:25:50Z
Ugw3YZStbt9Vq6UDzcx4AaABAg,@scottsmarts6859,A month and yes,0,0,2025-06-14T22:02:16Z,2025-06-14T22:02:16Z
Ugyna3EU16cUYL8ju5h4AaABAg,@DNASTYCAKE,The humble one,0,0,2024-06-02T05:24:08Z,2024-06-02T05:24:08Z
UgxyzOv6FJMxzSljpbR4AaABAg,@maverickmason6711,Cole bodied this feature as expected 💯👌,1,0,2024-10-10T11:38:38Z,2024-10-10T11:38:38Z
UgzlNoTZV6Psawp8jH94AaABAg,@hHh5e,3:16  drake talking about false streams did NOT age well ✌️💔,4,1,2025-11-07T01:08:31Z,2025-11-07T01:08:31Z
UgzKgtZ_hTHBomjXS0p4AaABAg,@LilJesusvevoxx,0:50 fire,0,0,2024-07-13T21:02:14Z,2024-07-13T21:02:14Z
UgwMX2n_TbK9DsksXFp4AaABAg,@RootDirectoryCulture,THIS CHIT IS DOPE I CANNOT FRONT. #kendrickfan,1,0,2025-08-07T00:47:44Z,2025-08-07T00:47:44Z
Ugxiu9laAuMA1fJ41yN4AaABAg,@Fl0wz_bruh,big as the- and ill be performing at super bowl 59,4,1,2024-09-24T18:59:32Z,2024-09-24T18:59:32Z
UgwUi-LI0lDwwS7QKqZ4AaABAg,@raymenpelham6130,All yall had to do was put kendrick on this songgggg!! But dat lightskin ego got this dude going crazy like candyman 😂,3,1,2024-05-06T03:19:07Z,2024-05-06T03:19:07Z
UgyzD1c23gL9cp638C94AaABAg,@DestroyingHooper12,Superbowl day,6,1,2025-02-09T21:01:03Z,2025-02-09T21:01:03Z
UgwXj5HX9h58RXU21G54AaABAg,@JustBurban,First thing that started the whole beef,0,0,2024-07-21T04:07:58Z,2024-07-21T04:07:58Z
UgzLemuCInGScgtZvFJ4AaABAg,@Gustavo-f8,May?❤,0,0,2026-05-08T17:26:06Z,2026-05-08T17:26:06Z
UgzKdWtkCIe35yZmFxx4AaABAg,@RiceSoSweet,Who else changes the song when Drake's verse starts,3,3,2025-03-09T16:14:18Z,2025-03-09T16:14:18Z
Ugy9IgXBiKrRAVP3LXV4AaABAg,@LeviRucker-m6i,Ngl though I was in the Google play store just listening to rap and looking for a first person shooter 🫠,0,0,2026-04-15T05:04:15Z,2026-04-15T05:04:15Z
UgzKAj1M-UbOxtNm8AZ4AaABAg,@davantemadden8186,Who knew what this track was gone do,0,0,2024-09-16T20:14:47Z,2024-09-16T20:14:47Z
UgycLKQ3cFyhSAqJbvp4AaABAg,@natenbox64,"It's quite the ""Sweet Chin"" level of music.....if y'know what I mean.",1,0,2024-07-03T08:59:33Z,2024-07-03T08:59:33Z
UgxNL50XRwTtg1mF9XN4AaABAg,@dom_9686,"Whoa whoa whoa , did he just say 20 TEEN?? 20 teens??? Ayeooooooo",1,0,2024-05-16T11:48:47Z,2024-05-16T11:48:47Z
Ugx4ljoHWP_MuEzUq4N4AaABAg,@lamontejones6524,Kdot should've been on this track,5,3,2024-06-15T14:04:50Z,2024-06-15T14:04:50Z
UgzITDo349DaLGh_l4t4AaABAg,@skullkidjudah,Love Kenny but this song is insanely hard,6,0,2024-12-22T23:41:38Z,2024-12-22T23:41:38Z
UgwUqsCYWDVYcLK7XUR4AaABAg,@akcj1,This is my tenth time watching this. Hilarious!,0,0,2024-08-14T14:22:15Z,2024-08-14T14:22:15Z
UgwuY975N6NAhmgzBfp4AaABAg,@jumamuyira6124,JUST PASSIN THRU😅,0,0,2026-02-14T11:00:19Z,2026-02-14T11:00:19Z
UgwjlbZpzgBjhtiTxFZ4AaABAg,@TeaTheVisionary,"After going back to listen, you can see how J Cole's verse practically invited the beef.",0,0,2025-02-08T17:25:29Z,2025-02-08T17:25:29Z
Ugy6U24vzA328Pp-Gm54AaABAg,@whatssogoodaboutindy6696,I loved this song from the jump but who knew of the mess and excitement it would lead to.,0,0,2024-05-22T00:59:09Z,2024-05-22T00:59:09Z
UgwEAsmpH05vh7Ipg2B4AaABAg,@John_Softsword,aged like milk,6,6,2025-10-16T21:51:55Z,2025-10-16T21:51:55Z
UgxiRb7MNC6_xC79yph4AaABAg,@ityoboyoneoneone,Drake saying that he’s in “the big 3” is as acceptable as Logic saying the n-word,1,0,2026-02-18T08:32:57Z,2026-02-18T08:32:57Z
UgxeQgHGtVLJfOQ2Vsd4AaABAg,@309x2,1:04 2:22 3:38 3:43 2:28 2:18,1,0,2025-01-17T12:24:51Z,2025-04-23T15:11:30Z
Ugwg4N5njvVM0rQ9IL54AaABAg,@KurtNixdorf-ds9sn,big as the what?,4,0,2026-06-17T04:08:51Z,2026-06-17T04:08:51Z
UgxaJ5iP_hBIcsHOizt4AaABAg,@neythanl_8,Drake is about to refund his superbowl tickets,3,0,2024-09-11T06:40:23Z,2024-09-11T06:40:23Z
UgwCP6Ne1BCSHNnGI7x4AaABAg,@AceTrainer89,This song is going to hit harder when he actually perform at the World Cup in Canada and change the lyrics to “this is bigger than the Super Bowl “,0,0,2025-02-16T03:41:59Z,2025-02-16T03:41:59Z
UgzW_qGzomSNRyNSeJl4AaABAg,@MPowerSubie12,❤‍🔥,0,0,2024-05-12T09:01:01Z,2024-05-12T09:01:01Z
UgzDQ3ehpE5eSvLCGvB4AaABAg,@RoseNastyOtaku,253 ❤,1,0,2025-06-01T01:57:30Z,2025-06-01T01:57:30Z
UgwyxAZyUlxr4pnRr5x4AaABAg,@thunderfox5845,❤,0,0,2024-10-29T16:50:34Z,2024-10-29T16:50:34Z
Ugzde4TpM7orJPvnSxF4AaABAg,@moonstruct977,I don’t care that this started a whole feud of the hip hop giants this is kinda good,0,0,2024-12-20T14:15:15Z,2024-12-20T14:15:15Z
Ugz_1M3vReGADXoZNNl4AaABAg,@Benjinky,Now this is where it really started,0,0,2024-07-18T02:48:52Z,2024-07-18T02:48:52Z
UgxHRXH1m6Of5klROYN4AaABAg,@Benji_Jokjo,big as hm?,5,0,2024-09-08T21:01:39Z,2024-09-08T21:01:39Z
Ugzbcm4Kg5OgPRV0-Nl4AaABAg,@champiana513__,This was wild.,0,0,2025-01-24T15:30:09Z,2025-01-24T15:30:09Z
UgxilRiHr52B5ubn7Hp4AaABAg,@Loaiza815,"Win, draw, or lose…. Good music, is good music regardless.",0,0,2024-07-14T15:52:02Z,2024-07-14T15:52:02Z
Ugzfj_fBzCgwkTKyKsp4AaABAg,@franklinovo-1,Omg he’s so handsome,1,0,2024-08-18T22:34:06Z,2024-08-18T22:34:06Z
UgxGa1y0e58vtSh1Cz94AaABAg,@MariaDeras-fy1yj,Guys who wants to be bored and just go back For yesturday and the week before look just trust it 🎉 😊,0,0,2024-08-10T21:10:44Z,2024-08-10T21:10:44Z
Ugx8X9fchEhFxHaY3vZ4AaABAg,@Illalcap,"""Rhyming with me is ya biggest mistake, 

the Spiderman meme is me looking at Drake, 

it's like we recruited ya homies to be demon deacons, we got em up 10 at ya wake""
👀

""Have you ever thought that OVO was working for me...""

""How many stocks do I really have in stock 1,2,3,4,5 plus 5""

Mark (Cole) and execute (Kendrick),

 like a first person shooter",1,0,2024-05-13T21:28:08Z,2024-05-13T21:28:08Z
UgzMKuV-EUdYiLgIu_V4AaABAg,@gnskayo,Kdot already won,3,0,2024-05-11T10:09:24Z,2024-05-11T10:09:24Z
Ugyg0MBuVfSRwuqG2fR4AaABAg,@ChicoIsMyRealName,this song is hard not gonna lie. it sparked everyone to pay attention to hip hop again,0,1,2025-08-14T04:58:38Z,2025-08-14T04:58:38Z
UgxMwfAgJl39xrw5Twx4AaABAg,@erickplayingsongpena979,Big as the what😭,1,0,2024-05-31T04:43:04Z,2024-05-31T04:43:04Z
UgweOzZxaNgLY_gZ8QF4AaABAg,@jajuanedmondson9001,Big homie 🐬🙏🏿 taught him well,0,0,2025-08-22T22:37:37Z,2025-08-22T22:37:37Z
UgwEiwnl1oFOAweqsJJ4AaABAg,@regan266,Who's going back to start of the beef lol,2,0,2024-05-09T08:06:45Z,2024-05-09T08:06:45Z
Ugw8CJ1XBr-ikliktHJ4AaABAg,@DeeMode207,J Cole must have foresight.  Saved his career.  Drake’s career on life support,4,0,2025-02-21T23:41:09Z,2025-02-21T23:42:03Z
UgxFK2mI5jFh8yTF56N4AaABAg,@Lowlife_Na,Who here after kendrick won 5 grammys?,8,1,2025-02-04T06:57:36Z,2025-02-04T06:57:36Z
Ugz7EjP6xCBhWYBYjKJ4AaABAg,@KingK_12345,The Superbowl today too 🤣🤣🤣,1,0,2025-02-09T14:24:14Z,2025-02-09T14:24:14Z
Ugw5afdxg8R1Z6gD1d54AaABAg,@garychrome1027,Cole never lost his flow,0,0,2025-03-14T13:27:51Z,2025-03-14T13:27:51Z
UgymGXUJlyZ-WY6yyFR4AaABAg,@ashdnl-n2b,1:04,0,0,2025-05-13T01:21:03Z,2025-05-13T01:21:03Z
UgyTh_sGzwgUid_yLIh4AaABAg,@StephanieCharles-i5j,High-quality reporting.,0,0,2025-10-10T15:23:14Z,2025-10-10T15:23:14Z
UgyS6RQh6BPpMaIhn3Z4AaABAg,@DeeMode207,K Dot and Drake going on tour together,0,0,2025-02-21T15:39:08Z,2025-02-21T15:39:08Z
UgyMPgY4tOkmtXgktjh4AaABAg,@ExTenSionClip,MJ in his grave smiling at this perfect breakdown by Knox Hill 😁😁😁,1,0,2026-05-02T01:06:04Z,2026-05-02T01:06:04Z
UgwVeoK4Z_WoZg2roLd4AaABAg,@Huzaifa_playz123,Bro I’m 1 away from Michael nagga beat it nagga beat it beat it beat it beat it beat it beat it beat it,2,0,2026-05-31T03:42:29Z,2026-05-31T03:42:29Z
UgyBoUfc5WyFe2LhYDR4AaABAg,@bigrome83,Cole gave k dot his props Drizzy said fuc that ninja 😂😂😂😂🎉,0,0,2024-06-19T12:12:38Z,2024-06-19T12:12:38Z
Ugx1R4EhFhLiZvMm-MN4AaABAg,@josemanuelc999,big as the what????,3,0,2024-09-10T00:59:59Z,2024-09-10T00:59:59Z
UgwGVC6JVF3q7qAUa1F4AaABAg,@PeterManda-u7g,This is what we call hip hop..,0,0,2025-04-14T04:51:36Z,2025-04-14T04:51:36Z
UgyPUAQE13AxZ0Ztxq54AaABAg,@paulmiguelcoleman5981,I’m a lil old but which part of the song did drake diss k dot?,3,3,2025-02-03T19:47:21Z,2025-02-03T19:47:21Z
Ugx56fy_CCI4qZ7XZDp4AaABAg,@Ben.U.Gor.G,"K Dot is as Big as the WHAT?!
Oh, the Irony…",1,0,2024-09-14T01:41:19Z,2024-09-14T01:41:19Z
UgxzUTT3sPIrel8_6ep4AaABAg,@KindaRandomMaybeAccurate,Tuff,0,0,2025-03-13T16:59:06Z,2025-03-13T16:59:06Z
Ugwo6K02hN-NY0BmfX94AaABAg,@Naoty_san,2:15,0,0,2024-12-16T18:09:48Z,2024-12-16T18:09:48Z
UgzOXDWU-W0ST0O2-414AaABAg,@biscuits336,Search one name and end up seeing 20 teens.....,3,0,2024-05-11T10:22:07Z,2024-05-11T10:22:07Z
UgwMuQV5cHpGzvheD6J4AaABAg,@SoloVRDev,3:40 This aged poorly,7,0,2024-09-12T06:07:48Z,2024-09-12T06:07:48Z
UgyCKDPN3iLG1T_pmth4AaABAg,@aminematube0,❤❤️‍🔥❤️‍🔥❤️‍🔥❤️‍🔥,0,0,2024-09-28T01:55:23Z,2024-09-28T01:55:23Z
UgxvRRaV_DUCqYslUy94AaABAg,@BengalsxXx16,"The song that started it all….😭🫣

Mind you the beef was always active it’s just been reignited🔥",0,0,2024-05-08T00:28:41Z,2024-05-08T00:28:41Z
UgzLDtzXOel7tb2_mTx4AaABAg,@ryanschwab5873,Bones Jones the real one! Who's ruined more knees! Ya'll musta forgot! Jones beats any heavyweight with his distance control to this day! Stop playin,1,0,2026-03-21T06:14:23Z,2026-03-21T06:14:23Z
UgzujhDEaf7pc4USpRt4AaABAg,@haogaboon,I had to come just to hate BECAUSE BIG AS THE WHAT??!!,11,1,2025-02-10T02:30:05Z,2025-02-10T02:30:05Z
Ugy1B9etRJrU7V3WFL14AaABAg,@TheKingOfAllTrades,"This song became a pun via K Dot on the actual Super Bowl stage. Life is simply a boomerang, and everything comes bacc in different forms and in the least expected ways. Always be cognizant of the Energy you put out my people 💯",4,0,2025-05-12T21:21:32Z,2025-05-12T21:21:32Z
Ugynv1MqIaWmYgQLXcJ4AaABAg,@stevenharvey8831,Can we get a full J Cole version,0,0,2025-02-15T05:07:34Z,2025-02-15T05:07:34Z
UgxRhJegxItdT2dB9VN4AaABAg,@atlantiqa,J Cole part ☢☢☢☢,0,0,2024-08-25T17:27:07Z,2024-08-25T17:27:07Z
UgzKBw24qNCK-ej7QiN4AaABAg,@svtfoeftwjatnlpsucks50,BIG AS THE WHAT,1,0,2024-05-14T01:10:36Z,2024-05-14T01:10:36Z
UgwG3WIAssOZDY3RsAV4AaABAg,@IamGOD_888,"Kicking in doors""Is you like that""",0,0,2025-04-24T17:57:09Z,2025-04-24T17:57:09Z
UgzsnEEy1T2TuGlg6SF4AaABAg,@anmo_1fr,The Pearl Harbor of Beefs,3,0,2026-04-20T03:23:13Z,2026-04-20T03:23:13Z
UgzDoEiPag4ldmgPm7F4AaABAg,@sanyagom,So glad I got to hear this live before he fell off 😂,0,0,2024-11-04T21:37:35Z,2024-11-04T21:37:35Z
UgwPrR2CJzq05L10WWh4AaABAg,@Mad_Mally,All I think of is Ace Vane's Brave and Bolf.,0,0,2025-07-22T23:04:31Z,2025-07-22T23:04:31Z
Ugx1Dq3ovqx8LTwvyaZ4AaABAg,@sanaung3876,Who skips Drake's verse? LOL,8,1,2026-01-20T14:55:52Z,2026-01-20T14:55:52Z
UgxQ51tEpIHfacrirHl4AaABAg,@Salvador_Agosto,YOOOOO this the small creator kendrick shouted out in his song!!!,0,0,2024-05-26T17:47:25Z,2024-05-26T17:47:25Z
UgyuKXb8S-mRs_8Ncth4AaABAg,@elitheprofit,"Big as the what??
**inserts Kendrick Super Bowl meme** 🤣😂",1,0,2025-02-16T03:12:25Z,2025-02-16T03:12:25Z
UgxXpp_anUxIi-Q3sid4AaABAg,@DoveNevermore-OneLastPoster,"Drake: Big as the what?

Kendrick: Big as the super bowl 😎",6,0,2025-11-19T11:45:52Z,2025-11-19T11:45:52Z
UgxLulY4Ely5-pXmOE14AaABAg,@GerardoHernandez-c8y,FPS boy I’m telling you,1,0,2024-08-11T23:40:21Z,2024-08-11T23:40:21Z
UgxWRxZyTP3WXW8OKZh4AaABAg,@BritshMapping,is this classed as one of the disses,1,0,2024-07-28T10:45:46Z,2024-07-28T10:45:46Z
UgyDLW9dsO7Vo7EXv6h4AaABAg,@rodlee9493,2:21,0,0,2024-05-17T16:44:29Z,2024-05-17T16:44:29Z
UgyOt39EIrwY4ULmUJF4AaABAg,@KylaNadera1,Drake + J Cole = 🔥🔥🔥,2,0,2025-05-28T12:17:26Z,2025-05-28T12:17:26Z
Ugznfc5hQX4-WL8mCSJ4AaABAg,@sp82619,big as the what!,1,1,2024-05-10T04:30:21Z,2024-05-10T04:30:21Z
UgwvlN5TY8ehdQyg4fx4AaABAg,@meeeeperbob,big as the what?,4,0,2025-02-12T00:48:24Z,2025-02-12T00:48:24Z
Ugxa6lXlIorJvVEsg_F4AaABAg,@leeaustin7224,J. Cole made this song lol,4,0,2024-06-30T20:04:44Z,2024-06-30T20:04:44Z
UgwXZ9mlZDX3FyUZv9x4AaABAg,@triplejaze,"Kendrick is a way better rapper, but you cannot deny drakes one of the biggest artists to be doing this. Watch the music video it just speaks for itself. Give this man his flowers while he’s here !!",0,0,2026-04-04T16:01:04Z,2026-04-04T16:01:04Z
UgwzyAK7Bj2SxctiUxR4AaABAg,@CrazyCrackaTV,""" I search one name and end up seein 20 teens"" , damn Drake telling you before Kendrick did😂😂",11,3,2024-05-06T17:25:12Z,2024-05-06T17:25:12Z
UgxugrZNLgWXBOZ4ja14AaABAg,@assortedWCare,This is j Cole featuring Drake.,1,0,2024-07-12T00:43:59Z,2024-07-12T00:43:59Z
UgwUfN8oYnj64goezp94AaABAg,@dmercy8477,This song aged horrendously.,3,0,2024-07-04T05:54:07Z,2024-07-04T05:54:07Z
UgxWEckS3YttTerzXGd4AaABAg,@eltronado1547,Had to come listen to the song that caused Drake’s funeral today.,1,0,2024-06-20T06:47:04Z,2024-06-20T06:47:04Z
Ugze3KL9z-k_HgYvIap4AaABAg,@LapsGaming,1:03 is hard,8,0,2025-05-28T14:37:59Z,2025-05-28T14:37:59Z
UgwD7KCuAgVdvC1ZAo14AaABAg,@gr33ntearitual,NAM MYO HO RENGE KYO! <3,0,0,2025-01-22T20:36:51Z,2025-01-22T20:36:51Z
UgzZ7nsYggAAKOBVnLh4AaABAg,@IBmaster4,J Cole went crazy on this one,0,0,2025-10-03T12:03:26Z,2025-10-03T12:03:26Z
Ugzpz6oWRtOqmuKrdiF4AaABAg,@bobbycarlwhite,1:29,0,0,2024-07-22T21:00:54Z,2024-07-22T21:00:54Z
UgxGoaTeTCZi9HhzSVR4AaABAg,@tudo222,Big as the WHAT,1,0,2024-10-31T11:28:50Z,2024-10-31T11:28:50Z
UgypSYIRkutwidIfLt54AaABAg,@benjaminmm4745,HE'S BOUTTA,0,0,2024-08-27T00:01:03Z,2024-08-27T00:01:03Z
UgwwK03U_nVsNpoTVrB4AaABAg,@loveandahug,Big as the what🤔,5,2,2025-02-10T11:19:45Z,2025-02-10T11:19:45Z
UgydypQEk3X_oqMWkQ94AaABAg,@Timmyt904,J Cole said  all that and folded it  😂 i still fw bruh tho lol,3,0,2026-06-27T17:03:30Z,2026-06-27T17:03:30Z
UgwygZfXifcpPD--1at4AaABAg,@the_only_enid,And it’s all over the screen 😔👨‍❤‍💋‍👨,0,0,2025-04-23T19:56:15Z,2025-04-23T19:56:15Z
UgwCg4AJZov6a2_q_gt4AaABAg,@fredishoes,Who is here after the kendrick super bowl commercial,4,0,2024-09-09T12:36:55Z,2024-09-09T12:36:55Z
UgztQUqnQ_pwJlw5T894AaABAg,@mulalorasimphi8337,Ryan Raynoids is like you guys put in between some shit,0,0,2026-01-09T15:22:43Z,2026-01-09T15:22:43Z
Ugxx2Lma8PJAReP9Y_14AaABAg,@noahthebeastnation,2:22,0,0,2026-06-09T18:28:21Z,2026-06-09T18:28:21Z
UgwGO_VjHB3KbOAh4oV4AaABAg,@MarquezWalker-r9b,Err body say OVHOE😊,2,0,2024-07-23T05:44:28Z,2024-07-23T05:44:28Z
UgwbPYd8_AqnuitFra94AaABAg,@jaxman626,Who da GOAT??? Def not you DRAKE😂😂😂,5,0,2024-05-10T16:36:06Z,2024-05-10T16:36:06Z
UgyXNBbSbndSNK9JK0V4AaABAg,@Dahakan39,We back after a fucking epic battle.,0,0,2024-05-16T01:25:17Z,2024-05-16T01:25:17Z
Ugyz2W1Hs-54NetQon14AaABAg,@gmoder10,"first person shooter, hope they came with 3 switches",1,0,2024-06-21T08:16:07Z,2024-06-21T08:16:07Z
Ugx1Lon24j84b6lC9St4AaABAg,@xtcmxm578,"“I’m one away from Michael , 🥷 beat it !!!l “ cold ass line man .",2,0,2025-08-22T13:31:03Z,2025-08-22T13:31:03Z
UgxqyjnA6wRLDFNxUeB4AaABAg,@reallifestockimage,Anyone listing to all the disses in chornilogical order,0,0,2024-05-20T15:09:05Z,2024-05-20T15:09:05Z
Ugy2HVIxficgMr8A2uV4AaABAg,@BrodyRichard263,1:01,0,0,2024-05-18T00:22:58Z,2024-05-18T00:22:58Z
UgxSpO1_PGRmcwWmkC54AaABAg,@bigDmomo2,Na this shh was 🔥,0,0,2024-12-16T09:51:52Z,2024-12-16T09:51:52Z
UgyCT8ojrS9C7idBe_Z4AaABAg,@marcctwain8504,"Hahaha just just heard the ""pew pew pew"" at the begenning",0,0,2025-02-07T11:18:01Z,2025-02-07T11:18:01Z
UgxOXNLpF7TaVRrelqB4AaABAg,@strongmastercheif2,Who's here for j.cole,2,0,2024-05-07T01:52:55Z,2024-05-07T01:52:55Z
Ugz2MPhxlmkQ6tNtsnB4AaABAg,@KobeBean33000,2:25,0,0,2026-06-10T12:20:34Z,2026-06-10T12:20:34Z
UgwQ3g_q3DuhKwUOznR4AaABAg,@DAGEORGETOWNMAYOR,Wow. Jcole really murdered Aubrey on his own song😅😅,2,0,2024-09-05T20:39:24Z,2024-09-05T20:39:24Z
Ugx81WFcrvoaNnLlPr14AaABAg,@antonnuby5792,Look who at the SUPER BOWL NOW...KDOT,0,0,2024-12-02T20:51:42Z,2024-12-02T20:51:42Z
UgydCJYZ68P0DnqnQGR4AaABAg,@TubeSavage,Jcole soft talk like he a tested battle rapper,1,0,2025-09-27T11:29:35Z,2025-09-27T11:29:35Z
UgxW3wjMGf5j3Oe765V4AaABAg,@bonobo3748,"I'm helping write a Kendrick diss for Drake
I want to keep this beef going",1,0,2024-08-14T11:23:04Z,2024-08-14T11:23:04Z
UgxxeWG94_ZtzJZJiX54AaABAg,@akcj1,I’m surprised Drake released this considering how bad Cole ate him up on this track.,2,0,2024-08-14T14:16:32Z,2024-08-14T14:16:32Z
UgyIOI9OEXa7-Ks6T9B4AaABAg,@claiojhfrhj2,2:01,0,0,2026-04-18T10:27:50Z,2026-04-18T10:28:07Z
UgydIyol0QYmBu1Uwxl4AaABAg,@UIOP793,0:24,0,0,2026-05-24T12:11:17Z,2026-05-24T12:11:17Z
Ugyj-GyFCfMgxhXiEst4AaABAg,@skb_2000,Who still here 2025? 🔥,2,0,2025-02-16T14:12:43Z,2025-02-16T14:12:43Z
UgzER8S8KPG9Kp-xekR4AaABAg,@evillilpurp-tx4,2:25 Im not done...,0,0,2024-08-04T14:21:42Z,2024-08-04T14:21:42Z
Ugw0tCQQkzRsMc_sDtp4AaABAg,@boogermaiden,Here for Cole verse,1,0,2024-05-30T18:26:35Z,2024-05-30T18:26:35Z
UgyZAqJtD5vKcfI9xAx4AaABAg,@MaverickZ007,OV-HOe!,5,0,2024-05-05T16:15:30Z,2024-05-05T16:15:30Z
UgxigVfdcdNe4iTdtyh4AaABAg,@officialmas7,Ngl bro bro…this aged like milk🥲,17,0,2024-09-08T20:01:57Z,2024-09-08T20:01:57Z
UgyD2xcOApECx4jTcA14AaABAg,@DwayneWalker-f3w,"Yes.. art school.. momento mori, but i st.vincent thos candles",0,0,2026-03-21T20:24:25Z,2026-03-21T20:24:25Z
Ugx0r7flWR9ho3o4kW14AaABAg,@tisasuniquetechniques196,who here in December 2025,3,0,2025-12-11T03:36:47Z,2025-12-11T03:36:47Z
Ugw95MXAbNXkWIuSZRl4AaABAg,@LuisMagic760,Bro this song caused by the feud and Kendrick Lamar’s Upcoming Halftime Show in Super Bowl 59 😂😂,1,0,2024-10-14T00:48:39Z,2024-10-14T00:48:39Z
UgwkgGI8dERqFQunflF4AaABAg,@RowdyRonin,Sum bout artwork yo,0,2,2024-09-17T00:47:23Z,2024-09-17T00:47:23Z
UgzFrptoP7VDZKgwPJ54AaABAg,@DNASTYCAKE,Smoked,0,0,2024-06-02T05:22:46Z,2024-06-02T05:22:46Z
UgwSByc2rQPVLYW1qQ94AaABAg,@MulaudziAmu,So Drake accepted defeat with The Heart part 6?,0,0,2024-05-20T09:06:51Z,2024-05-20T09:06:51Z
UgycOUbx8-qbsjyz58J4AaABAg,@felipereistarkx715,Im boda im boda,0,0,2025-03-28T13:04:48Z,2025-03-28T13:04:48Z
UgyNudsVGTG52uyTv7B4AaABAg,@brandonspiesman2627,Telling you the whole thing was a setup. ALLL of it.,0,0,2025-02-14T20:47:30Z,2025-02-14T20:47:30Z
Ugymvtp_PF8ktlhMFKR4AaABAg,@JohnsonMasike-jj1eb,It's wilderness,0,0,2024-06-17T17:49:23Z,2024-06-17T17:49:23Z
Ugz4ecIExVlyV3U4TLJ4AaABAg,@smallbakedbeans,Who da goat,1,0,2025-03-04T04:31:46Z,2025-03-04T04:31:46Z
Ugw88z93gpkaFu-YoYd4AaABAg,@pikabear520,2025????,3,0,2025-02-18T17:54:31Z,2025-02-18T17:54:31Z
UgzmT9D1OBoTC8U9Tlt4AaABAg,@premium.parody.fingerboards,"Who's big as the superbowl
Oh ya K dot",1,0,2024-09-14T03:24:51Z,2024-09-14T03:24:51Z
UgxivYbalijwGwnSxE54AaABAg,@CoreyHudgson,I Heard That Ludacris Rollout Sample,0,0,2024-07-26T23:50:51Z,2024-07-26T23:50:51Z
UgwzQvth-zQeD77ogM54AaABAg,@ShantHunanyan,0:55,0,0,2025-11-26T02:30:17Z,2025-11-26T02:30:17Z
Ugx8GWqu1Z3maKzqRk14AaABAg,@baronvon57,Big as the HUH?,1,0,2025-02-14T21:50:41Z,2025-02-14T21:50:41Z
UgxVgB1KIpvqKPLIwDd4AaABAg,@mjvigor1788,I can’t listen to this no mo lol,1,1,2024-10-28T00:13:37Z,2024-10-28T00:13:37Z
Ugz1vVuwiqv6r87bT494AaABAg,@KTP42,if only they knew what this would start,0,0,2024-05-13T13:08:36Z,2024-05-13T13:08:36Z
UgypiIFMveaWbetsbf54AaABAg,@thetruth1622,"They might’ve been the first person shooter, but Kendrick Lamar third-party his ass.",3,0,2024-06-04T09:01:34Z,2024-06-04T09:01:34Z
UgwiWi98MhuERXxjGT94AaABAg,@steverwendeye1659,When j Cole came at k dot I wonder if he knew wat would come after,0,0,2026-04-03T11:27:04Z,2026-04-03T11:27:04Z
UgyqEHhMDPYmA5prfcZ4AaABAg,@UIOP793,0:23,0,0,2026-05-24T12:11:08Z,2026-05-24T12:11:08Z
UgwzKJRouqhXD_CY4Th4AaABAg,@Al_Alex_Allie,“ she got an android those text messages was lime green” got me rolling😭😭😭,0,0,2024-05-18T16:45:08Z,2024-05-18T16:45:08Z
UgxbkUxuo_VzJ0ONVcx4AaABAg,@NightmarePredator7992,2:21,0,0,2025-12-09T01:57:58Z,2025-12-09T01:57:58Z
Ugw7YY_vFG5qZeI1Ubt4AaABAg,@instabad83,I search 1 name and end up seeing 20 teens?,2,0,2024-05-11T10:04:19Z,2024-05-11T10:04:19Z
UgzT6F0OCrDTSWJGfTh4AaABAg,@Kushgod1990,Cole really went crazy on this 😂,0,0,2026-04-15T02:17:04Z,2026-04-15T02:17:04Z
Ugz2-2d1w2lgfcmwdm14AaABAg,@crepusculartwilight,big as the WHAT?,3,1,2024-05-11T16:23:50Z,2024-05-11T16:23:50Z
Ugwg4Qbc-AXvnh80TcN4AaABAg,@datskyflame4100,The prequel to drakes downfall lmao 😂😂😂,12,2,2025-01-07T22:27:46Z,2025-01-07T22:27:46Z
Ugx5tqjNIvPg4E1Df9V4AaABAg,@AHMADI-tv2yn,Coming from the 6$ide,2,0,2024-11-07T10:12:50Z,2024-11-07T10:12:50Z
UgwGwJ2__mr4hBKTU2B4AaABAg,@abrahamcaro3144,So this is where it all started.,0,0,2024-05-13T20:46:37Z,2024-05-13T20:46:37Z
UgyQaDmDfmqtBy-jmVp4AaABAg,@bigsluryt,nobody said he was saying tings before not like us lmao,1,0,2024-05-16T14:06:58Z,2024-05-16T14:06:58Z
Ugy5Io_M5TuDC6-vXGJ4AaABAg,@fwtsukishiro,i hate the fact that this goes hard,0,0,2024-06-19T22:12:00Z,2024-06-19T22:12:00Z
Ugx7d7e3OCwI4Y_2QVF4AaABAg,@30seconds2impact,Yo all this talk ab the Super Bowl did not age well 😅,2,0,2025-06-23T03:50:58Z,2025-06-23T03:50:58Z
UgwNVNNAiMvZAGWK_QN4AaABAg,@sherrickross3530,Bet he don’t name his album the falloff now,0,0,2024-05-05T13:45:47Z,2024-05-05T13:45:47Z
UgzrzE8pXym0X9ZCTJ54AaABAg,@SoloVRDev,"Who won? Drake or Kendrick?
Answer: J.Cole",2,0,2024-05-15T05:04:49Z,2024-05-15T05:04:49Z
UgyEu2Z70RO8aYXThDt4AaABAg,@MilanChongbang-gk9sn,I never saw this as a diss. Win win for Kendrick he a Beast but dang nothing here has any diss,3,1,2024-05-24T19:45:57Z,2024-05-24T19:45:57Z
UgwsLXeRtF90Sb9R4SR4AaABAg,@kadircanturkmen697,And the rest is history...,0,0,2024-08-18T20:33:58Z,2024-08-18T20:33:58Z
Ugwvs2kw1LQKfIIWHcl4AaABAg,@Raylectual,"Ngl Kendrick might've won this time, Drizzy.",6,2,2024-05-07T00:02:29Z,2024-05-07T00:02:29Z
UgyApGCfcTpKWTXomi14AaABAg,@Dante-DeCristofaro,Use a Grammy as a door stop,1,0,2025-02-15T02:45:11Z,2025-02-15T02:45:11Z
UgwwV-rDvzdFiM04kzx4AaABAg,@realmadhurpandey,BIG AS THE WHAT??????,5,0,2024-09-20T16:08:32Z,2024-09-20T16:08:32Z
UgzzQJBLcOdQ2cOPSj14AaABAg,@Kapercap,1:20 J cole mentioning his album the fall off 2 years before it dropped?!,13,5,2026-02-19T18:19:29Z,2026-02-19T18:19:29Z
UgwwpC-bJxSrs-Ny8Eh4AaABAg,@alisoliiiiiii,"Go ahead, say it then, who the goat?",0,0,2025-04-26T07:44:29Z,2025-04-26T07:44:29Z
UgwOKnhOSQbMUY_XX3F4AaABAg,@Christopher-i7p,https://youtu.be/DUf6PvLKsxY?si=ZkYxScuqpq4PE3oG,1,0,2025-07-18T02:23:59Z,2025-07-18T02:23:59Z
UgyMkQNv4c7swJdl7Dp4AaABAg,@Skinxxxx,KENDRICK LAMARCK,1,0,2025-11-29T19:34:56Z,2025-11-29T19:34:56Z
UgyXSSrGcCaGp9uPmdd4AaABAg,@THE_JEOF,Kendrick got angry cause they shouting him out but at the same time they saying he aint the best and they're better than him by miles ..,1,0,2025-02-06T15:03:24Z,2025-02-06T15:03:24Z
UgwgpoCh4_SUtq4NExN4AaABAg,@JuanGarcia-n5b7j,I have a feeling that drake and jcole finna star in the SUPER BOWL 6,0,1,2026-03-10T17:39:50Z,2026-03-10T17:39:50Z
UgyhnRFX-sTrrVypIbd4AaABAg,@montemenard167,J cole turned this song into a banger 🔥 🔥 🔥,1,1,2024-10-27T18:49:46Z,2024-10-27T18:49:46Z
UgwuScSGyb_47JNnZzJ4AaABAg,@gremlin0890,That Super Bowl bar didn’t age well. 💀,7,3,2025-02-28T13:02:58Z,2025-02-28T13:02:58Z
UgzxLhZbax0q-tMooF14AaABAg,@azqatclabdullah9024,cole started it,1,0,2024-05-16T15:37:40Z,2024-05-16T15:37:40Z
Ugx2vSppB2OMVvDYEPh4AaABAg,@PlayGamesForLife,Bro this is gona be crazy even with all thats going on with drake the song he did rap are fire i wish he didnt get into this beef with Kendrick you coulda kept being a freak to yourself for all i cared so long as you kept making good songs,0,0,2025-01-20T20:10:14Z,2025-01-20T20:10:14Z
Ugxi4hw8tRhyS9T_fMl4AaABAg,@KC_grand19,"Am only listening this song cause of J Cole, never a drake fan. Not gonna lie J Cole nailed this song.",0,0,2025-08-13T15:47:47Z,2025-08-13T15:49:40Z
UgyJwAq8sAq-coKNgPx4AaABAg,@bonganimamba8567,they tried heckime but they couldnt...im having lost email links shout out to the goat,0,0,2024-05-09T12:07:07Z,2024-05-09T12:07:07Z
Ugwrmruuk64OhZnCeKR4AaABAg,@patrickkairu7752,Big as the what?,2,0,2024-09-14T21:49:07Z,2024-09-14T21:49:07Z
UgzG_J7ko3QKmbOpSPR4AaABAg,@454ffv,"Oh naw, big as the… this was set up so well for Kendrick",2,0,2024-09-09T02:27:41Z,2024-09-09T02:27:41Z
UgzLMtbimpcYKaHvCvN4AaABAg,@DavidHughParkinson,Alberto we will have a staring contest in 6 months I got a lot to say about it,0,0,2026-07-24T01:09:30Z,2026-07-24T01:09:30Z
UgzR2ZvNV4eR9-Ij-gx4AaABAg,@R3zelda,Who else is only here for Cole’s verse,1,0,2024-06-20T19:29:43Z,2024-06-20T19:29:43Z
Ugy-E_z24mzZmi_-p6h4AaABAg,@detectivecbass,Doesn't hit the samd after the diss. Its all shit talk now... damn 😂,2,0,2024-05-11T16:54:17Z,2024-05-11T16:54:17Z
UgyBFKlX1_afZtGE3_Z4AaABAg,@svtfoeftwjatnlpsucks50,TODAY IS THE WHAT,0,0,2026-02-08T05:38:21Z,2026-02-08T05:38:21Z
Ugx6HqLPKLvhFffcFCh4AaABAg,@BXdemonmode89,Who’s here after Nokia u kno tht record tht broke record lol fan ahhhh,0,0,2025-06-22T17:13:43Z,2025-06-22T17:13:43Z
UgwEda5TMdG3d1Nt-Ix4AaABAg,@zt1970,“ Rhyming with me is the biggest mistake” 1:44 yeah okay🤣,17,0,2025-02-20T13:34:26Z,2025-02-20T13:34:26Z
Ugwhnag_CJwH04qg39F4AaABAg,@Strikez_Gaming,Big as the Super Bowl huh?,0,0,2024-12-28T22:16:15Z,2024-12-28T22:16:15Z
Ugwho8tIcnTowTdnx6h4AaABAg,@Comptonk5,"Credit to J. Cole for starting beef and ruining as he always does. Credit to BBL for sticking around for the beef. Zero credits for ghost writers in a battle. Also, let’s push the main and bigger issue with RICHARD FITZENWELL & all of the receipts we have on him and his real name. The moe in the room has spoken a lot and there’s so much more information we have coming on everyone attached to “Richard” and his whole team 😊",2,4,2024-10-20T04:03:19Z,2024-10-20T04:03:19Z
UgxvNvl58iFMeSKTiCR4AaABAg,@AkThePhantom615,J. Cole>Drake,3,0,2025-03-16T13:29:42Z,2025-03-16T13:29:42Z
UgxU3t08sGkpkwvJo_l4AaABAg,@leeaustin7224,I only listen to this song for j Cole who is drake?,2,1,2024-07-12T21:21:39Z,2024-07-12T21:21:39Z
UgwHR7sabc1QnO6mxYp4AaABAg,@TaiDavis-s5d,Big a** the Super Bowl couple months later. Kendrick Lamar is performing at the Super Bowl.,3,1,2025-02-10T04:11:13Z,2025-02-10T04:11:13Z
Ugw8fhhcpFPe7GEMPad4AaABAg,@vasusoni6641,Who knew what this will cause,0,0,2024-05-24T19:28:34Z,2024-05-24T19:28:34Z
UgzK8FxefW5MdJnoUpJ4AaABAg,@swert7550,1 year,0,0,2024-10-07T02:00:48Z,2024-10-07T02:00:48Z
Ugzx_2hpS7vFwwRxOmF4AaABAg,@FloydMaseko,Rip😂😂😂😂😂😂,0,0,2025-05-27T11:23:11Z,2025-05-27T11:23:11Z
UgzP523nmEF56r2EHsZ4AaABAg,@Chaldeans-g96,Act 2:38-43 trying get 3.3k big as what just by hear the word of spirit do receive it go dig it up New testament find the verse write it down for me,3,0,2025-05-05T00:04:49Z,2025-05-05T00:04:49Z
UgzOwZ63WWs2hp-dmLJ4AaABAg,@Ab3villegass,Big as the what?,2,0,2025-02-16T06:40:02Z,2025-02-16T06:40:02Z
UgzhJoKV2skZQiZNGxJ4AaABAg,@Julietasoledadguzman42,guy music aside why when you get to topic comment it only appear server error (501) has been happen resenly to me in youtube why,0,0,2025-02-16T06:51:56Z,2025-02-16T06:51:56Z
UgyxoCVSmfkAl-Dyvm94AaABAg,@LisaHerrera-jt6dh,Guilty,1,0,2024-09-09T20:54:55Z,2024-09-09T20:54:55Z
UgzfDf4tPtObElVQcnF4AaABAg,@90s_editz,J Cole Apologized XD,1,0,2024-05-16T16:30:18Z,2024-05-16T16:30:18Z
UgxWbrbYvzE9S3A5PbV4AaABAg,@sven7037,This song really started the rap civil war the aftermath Cole look pretty cool and Drake not so much lol,2,0,2025-01-30T00:36:23Z,2025-01-30T00:36:23Z
UgxnkSXyReeSuBiWHNF4AaABAg,@NaunHernandez-idk,Can Someone tell me THE song used for all THE dogs,0,0,2024-12-28T19:23:03Z,2024-12-28T19:23:03Z
Ugwi8v17oZVCcP9wJZ94AaABAg,@ethancampbell7326,man i pack em in this phone like some  sardines LMAO,1,0,2025-01-30T18:33:08Z,2025-01-30T18:33:08Z
UgxA0J85ufbJlOCsmpZ4AaABAg,@sonicelcrack7002,1:00 2:15 🔥🔥🔥,0,0,2025-03-16T22:28:22Z,2025-03-16T22:28:22Z
Ugxx1uxgCIdRnai985x4AaABAg,@RYMONAES,0:47 I know you definitely ain’t 💀,36,19,2025-11-23T08:07:01Z,2025-11-23T08:07:01Z
UgxjDowSXT8gC5wgfsZ4AaABAg,@JuanGarcia-n5b7j,Juno,0,0,2026-03-09T20:57:31Z,2026-03-09T20:57:31Z
UgxnereJeZTDdEWQr7h4AaABAg,@srđan_ne_može_plesat,"Even as a Kendrick fan this song is fire, but i feel like Cole carried the whole thing",7,1,2024-06-06T20:33:24Z,2024-06-06T20:35:51Z
UgwM1Ym41TEJJvcjzip4AaABAg,@workoutwarrior3118,"Yo Drake! Who da GOAT! You waving flags brother, can’t be a 🐐 doing that..",2,0,2024-05-07T13:20:30Z,2024-05-07T13:20:30Z
Ugy6B1NnkM2ogH6vmM14AaABAg,@negusresurrected,This is a hot track but I never been able to digest the Aubrey dialect switch up. This is what I imagine it would be if Taylor Swift got coached in to rap. DMX said it best.,1,0,2024-05-06T00:23:29Z,2024-05-06T00:23:48Z
UgzVz3HYc7yqWwhOoX94AaABAg,@DavidHughParkinson,Dreams only Mo and I have,0,0,2026-07-24T01:08:04Z,2026-07-24T01:08:04Z
Ugz672zCVqbFgOfiTcd4AaABAg,@The_Larp_Silence,Big as the WHAT?,1,0,2025-02-16T22:47:27Z,2025-02-16T22:47:27Z
UgzO19NATPxX0dHg0vJ4AaABAg,@GoatedDisSideDisSide,"Imagine how boring this song would be without the ""WOOOAAHH"" in the background",1,0,2025-08-24T16:05:24Z,2025-08-25T13:58:39Z
Ugw1tQMQPQoXcpKEHTB4AaABAg,@WordUp2That,Me either.,0,0,2025-02-09T04:32:54Z,2025-02-09T04:32:54Z
UgxqKJSrzZAjiv7FBOt4AaABAg,@Solg_edits,"anyone here to just enjoy the song and not watch to ""understand the beef""",1,0,2024-06-16T16:53:02Z,2024-06-16T16:53:02Z
UgwHcNkJ5mVaAqk6v9J4AaABAg,@mdharunurrashidhero8596,Im boutta 😅,1,0,2024-05-08T06:19:02Z,2024-05-08T06:19:02Z
UgwSNdQi-F9v4qvfhrJ4AaABAg,@kngmiller3481,And they all teens 😂😂,8,0,2024-05-23T12:41:14Z,2024-05-23T12:41:14Z
Ugxo9bBKjmTBZE4SG8x4AaABAg,@sakurarozu,I blame drake for Nadine getting made into a hurricane,1,0,2024-10-15T12:14:22Z,2024-10-15T12:14:22Z
UgzWvgAzdffZ8AHawRt4AaABAg,@lloydgreen1519,Cole really showed out…Damn they woke KDot up though,0,0,2025-05-01T16:36:16Z,2025-05-01T16:36:16Z
UgxYddpzEJSphs28TsV4AaABAg,@bonobo3748,"Cole was being nice mentioning KDOT like ""yea we are all doing well""
Imagine being friends with Kendrick. Nah I'm the best. Accept it. How dare you even suggest I'm not the best
Bro., calm the f down. Its just music hey. Everyone having fun, its not about freeing the slaves. We free. Its over",4,3,2024-09-20T09:07:59Z,2024-09-20T09:07:59Z
UgwP-NCLG0K9Xk5B2N14AaABAg,@Chaldeans-g96,Don't get me back on them favors I'm one away from like king Solomon one from and Moses beat hahahaha,1,0,2025-05-09T15:30:46Z,2025-05-09T15:30:46Z
UgxZrvFoutHYNMIO9_F4AaABAg,@Dwaynespider,Cole throws the stone n left for mars see ya,0,0,2024-05-07T15:33:25Z,2024-05-07T15:34:11Z
UgwE1uTx7i619_Egb_h4AaABAg,@jameekcave6444,J.cole more like Johnson.cole 0:22,10,1,2025-09-23T03:59:17Z,2025-09-23T03:59:17Z
UgxaSvKWPOqFLI9F8nZ4AaABAg,@vatiraijetjipueja7928,Drake got bodied on his own song😂,8,2,2024-06-24T17:55:21Z,2024-06-24T17:55:21Z
Ugx1wB1pp17OUVKBXm14AaABAg,@Risk4results,2025 anyone,2,0,2025-01-15T01:56:39Z,2025-01-15T01:56:39Z
UgxLPzY6k3SSb5cbzFx4AaABAg,@keepitmovin4028,Beginning of the end of BBL Drizzy 😂,0,0,2025-09-04T20:26:03Z,2025-09-04T20:26:03Z
Ugx9eZX_n91sswP_ujR4AaABAg,@WordUp2That,Rich.,0,0,2024-06-12T14:54:51Z,2024-06-12T14:54:51Z
UgwSDRGWFiPVQLqH0Ft4AaABAg,@Parviz19_7,‏‪2:24‬‏ فکت : از اینجا به بعد هرچقدر گوش کنید تکراری نخواهد شد❤😂,0,0,2024-08-05T14:00:02Z,2024-08-05T14:00:02Z
UgzE2OFIceH3_GX9ykV4AaABAg,@brandonwilliams2165,No one ever thought this song would start world war 4-15,1,0,2024-07-13T19:32:15Z,2024-07-13T19:32:15Z
UgziXUw9l2oMObbsRXZ4AaABAg,@theprojecteleven,😂😂😂😂😂,0,0,2025-04-07T21:59:12Z,2025-04-07T21:59:12Z
UgwrrSXcCxrulyQkDoV4AaABAg,@alejandrosalgadojr2768,J Cole And J.i.d And Kendrick Lamar Rap Music 🎵 GOATS 🐐,1,1,2025-07-01T07:57:05Z,2025-07-01T07:57:05Z
UgwCYX42Z11K-AyUjmt4AaABAg,@jayone1371,F the big 3 its just BANKS,1,0,2025-08-25T23:19:59Z,2025-08-25T23:19:59Z
UgxQ8PFPiAaQzKdMVu14AaABAg,@thephoenixking1828,This was the powder keg that started the war.,0,0,2024-05-18T10:06:06Z,2024-05-18T10:06:06Z
Ugyn9kV7GSWztCa0k-F4AaABAg,@funnymomentrony2520,Me,1,0,2025-02-03T21:38:52Z,2025-02-03T21:38:52Z
UgwmHudeWPPdFT21AD94AaABAg,@mikeolson3939,Hmm,1,0,2025-09-16T16:58:35Z,2025-09-16T16:58:35Z
UgxuK3iddOwoArE19494AaABAg,@SEOshogun,"My first time hearing this song, after the major rap battle that happened after.  I can't believe Cole and Drake didn't expect Kenny to say something after this.  Dot caught strays all throughout.  If everybody steppin' I'm bout to clean up my plate?  wow!",0,4,2025-03-12T07:21:53Z,2025-03-12T07:21:53Z
UgyfiYGZ-DexJxtW7op4AaABAg,@TonyaPrescott-je5nr,Hey boogie,0,0,2025-02-13T06:21:33Z,2025-02-13T06:21:33Z
UgyxVifazcz-kjWs3kh4AaABAg,@rachie8474,2:21 star wars?,0,0,2024-06-30T15:31:21Z,2024-06-30T15:31:21Z
UgyvVqYe5RxwEF1UzJh4AaABAg,@Justtlyss,Team drake ALL DAY,5,1,2024-05-27T16:55:01Z,2024-05-27T16:55:01Z
Ugyu8MouzP3FKRxvzWp4AaABAg,@MrDirtyd405,I’m here after hearing he’s dissing drake subliminally on his own song cuz it was all a set up to drop drizzy,1,0,2024-05-13T10:21:54Z,2024-05-13T10:21:54Z
UgxI9sFuNMvjl2uP-514AaABAg,@rubendariojimenez4480,The Story Of Adidon,0,0,2024-08-29T20:46:01Z,2024-08-29T20:46:01Z
Ugy3IyE96eqSydd8v094AaABAg,@EmanuelDarce-y6p9x,They got that beat off of Snow White,0,0,2026-05-18T05:44:41Z,2026-05-18T05:44:41Z
UgwxNQCnqCmLgOp5Qrh4AaABAg,@CalumL-fr6lg,Who's here after Drake was buried?? ⚰️,6,0,2024-05-17T10:22:27Z,2024-05-17T10:22:39Z
Ugxz1fFssWM33LMUSzR4AaABAg,@Chaldeans-g96,Hiram don't even pay me back I don't need it just send them ships,0,0,2025-05-09T15:31:43Z,2025-05-09T15:31:43Z
UgyuYMPpZjPsc6Q0Su14AaABAg,@jerviasjohnson700,So I guess it’s for real now,0,0,2024-05-07T14:46:22Z,2024-05-07T14:46:22Z
UgyhEkbURz8cVKgoRFp4AaABAg,@CandyGoodGood,big 3 nexus event.😥,1,0,2024-09-10T20:47:31Z,2024-09-10T20:47:31Z
Ugw5J808f7J-5GfvjhN4AaABAg,@BERRRYRICHHHBABY,the spider man meme is definitely not j cole looking at drake anymore after these allegations💀,0,0,2024-07-17T22:22:04Z,2024-07-17T22:22:04Z
Ugwe6tr18VBCmUTJL9t4AaABAg,@ripwednesdayadams,Kendrick the GOAT. No one is out here truly including Drake in the top 3. Being popular doesn’t mean your music has substance.,0,0,2024-09-23T20:11:20Z,2024-09-23T20:11:20Z
UgxtEtDiVHysBELJjQ94AaABAg,@Dropsault,Acevane😂😂,0,0,2026-04-28T11:41:17Z,2026-04-28T11:41:17Z
Ugz2dVZ3fuJyb-ul-Z54AaABAg,@theRiccoman,YouTube I’m in iran ads not worked bro,0,0,2025-10-04T15:56:46Z,2025-10-04T15:56:46Z
Ugyqwcg40mkbNtKfwI54AaABAg,@WaylonClendennen-s6t,Block Plains,0,0,2024-09-17T22:42:40Z,2024-09-17T22:42:40Z
UgwEHlJLIEGXD2krCZV4AaABAg,@rubendariojimenez4480,The Story Of Adidon,0,0,2024-08-29T20:45:52Z,2024-08-29T20:45:52Z
UgyMWGllulU65y4YVxR4AaABAg,@SunDance-e3k,If only kendrick was on this😔✌️,0,0,2026-04-12T03:30:37Z,2026-04-12T03:30:37Z
UgxUeUKDwA7UoyCIqdR4AaABAg,@ratherrazzOWO,"RFK JR mode 

We turning the CDC to a funeral",0,0,2026-04-08T04:13:45Z,2026-04-08T04:14:05Z
UgyYN8PXcffVvocMzhZ4AaABAg,@matthfu,Hi guys,0,0,2024-07-31T00:12:26Z,2024-07-31T00:12:26Z
Ugy2moo0XrUjUhmtDZ94AaABAg,@Chaldeans-g96,And he didn't even ask for those women it was just a gift all praise Lord Emmanuel and lord God Jehovah,0,0,2025-05-09T15:29:27Z,2025-05-09T15:29:27Z
UgxFvbu15r-le3_HL7N4AaABAg,@kendra9120,I never shot a gun yet I'll wait three years too much shit going on,0,0,2025-10-06T08:22:04Z,2025-10-06T08:22:04Z
UgznqvSUDPQgea2Jo8t4AaABAg,@chavezlemanizle4700,2:07 not russia but apply pressure 😩😩,0,0,2026-08-12T08:48:30Z,2026-08-12T08:48:30Z
UgwoJuyny39gLqESvDx4AaABAg,@o.v.x.a.a,Imagine Kendrick sampled this.. big as the what big as the what?! .. big as Kendrick Lamar at the superboul! But no he want to talk about pdfiles,3,2,2025-03-08T16:37:04Z,2025-03-08T16:37:04Z
UgzwDYkULdByBPfBVsJ4AaABAg,@carlsamuel3087,“BIG AS THE WHAT” Kendrick fans and the haters please keep the same energy..Please! Turns out the boy is indeed “Big as the what”😭..as a matter of fact..even bigger..foh!!,1,2,2024-09-13T20:22:47Z,2024-09-13T20:22:47Z
UgzUw1xtvhNqTu3plbt4AaABAg,@CDXTT27,Big like the what?,1,0,2026-01-03T07:58:42Z,2026-01-03T07:58:42Z
Ugytf8drxqRsEJHcVJl4AaABAg,@glizzynba,Thank Drake for Kendrick’s career 🫶🏾,0,0,2025-02-20T04:03:12Z,2025-02-20T04:03:12Z
Ugw8Jy2JQKe4tvpxLv54AaABAg,@svtfoeftwjatnlpsucks50,0:31 0:21,0,0,2026-02-08T05:38:42Z,2026-02-08T05:39:01Z
Ugz7avbesuozV-03rCJ4AaABAg,@lilyt..,Man he shouted out Kdot and now they’re beefing,0,0,2024-06-13T22:23:16Z,2024-06-13T22:23:16Z
Ugzfj9evbTZRmm2NCnh4AaABAg,@ErnestoGuevara-u5b,These boys want better than dot,0,0,2025-06-12T21:47:59Z,2025-06-12T21:47:59Z
Ugz0NvKdGwLAtH5Eiyp4AaABAg,@abhijeetreen,Big as The White 🫡,1,0,2024-07-05T02:51:49Z,2024-07-05T02:51:49Z
UgyQ5Kv5vOEiIdyxjJ54AaABAg,@crisalexander1185,This song right here is no doubt still a slapper but damn if Kung Fu Kenny didn't Big Step all over the subject matter of this song🤣🤣,0,0,2024-09-18T02:25:02Z,2024-09-18T02:25:02Z
UgyzNXkFcWUP3xA30MV4AaABAg,@heftfatcatoffcial,"I never listened to ""🤰🏾🤰🏿🤰🏼🤰🏻🤰🤰🏿""",1,0,2025-01-05T17:16:06Z,2025-01-05T17:16:06Z
UgxOt72y1NpWKOu_e7x4AaABAg,@Sometimes_i_use_youtube,Cole’s slid up on the song and murdered Drake politely,2,4,2025-06-16T21:54:13Z,2025-06-16T21:54:13Z
UgwBfXwjyfwRoBGa8DV4AaABAg,@KICK839,How good was cole verse.,1,0,2024-08-29T10:28:17Z,2024-08-29T10:28:17Z
UgyzsN9ZVssA2zv1fvt4AaABAg,@ryan.3059,I hate kendrick for ruining what could have been the craziest moment for high-school me... smh. Thank you Drake & Cole for this & evil ways! We need more!,4,0,2025-05-21T23:38:01Z,2025-05-21T23:38:01Z
UgwZ3vgZxd5b3sCjtkZ4AaABAg,@valeriasoto9621,𝙲𝚘𝚘𝚕 𝚕𝚎𝚗𝚜,0,0,2024-08-12T05:34:33Z,2024-08-12T05:34:33Z
Ugy4TwT-yJp-bRiVArN4AaABAg,@Sadgamer-143,Muhamada Lee,0,0,2024-12-08T13:34:42Z,2024-12-08T13:34:42Z
UgyoxZSPZDvifP3Cm7d4AaABAg,@cinnamoroll3504,Who is here after drakes funeral,2,0,2024-07-09T17:51:10Z,2024-07-09T17:51:10Z
UgyQu4rZU5yxTHKrJ394AaABAg,@princessjune,Who the 🐐,0,0,2024-05-29T19:19:21Z,2024-05-29T19:19:21Z
UgybbwvT2PyLbmxsMth4AaABAg,@hellfighter69420,"Dude, reading the old comments is like that ww1 meme:

Great war survivor: Thank god the great war is over and the treaty will prevent it happening again.

Time Traveler : Oh you mean world war one? Before the great depression, right?

Ww1 survivor: 🤔The great depres-, 😱ONE!?",0,0,2024-07-10T03:28:26Z,2024-07-10T03:28:26Z
Ugw3w8JODUFZf3NQd0h4AaABAg,@bustip,big as the what,0,0,2024-06-26T04:28:36Z,2024-06-26T04:28:36Z
UgzaUlkl7Al2VatLq054AaABAg,@swiftd121,Nasamoon,1,6,2026-02-24T05:50:43Z,2026-02-24T05:50:43Z
UgzUYZL-8dEDsDzeSGZ4AaABAg,@cowboypres,"Mans literally said his phone is full of teens... for a double entendre. And nobody was talkin bout it? I remember first hearing this a month or 2 ago and thinking ""sus af"". Then Candyman comes right out and says it, and NOW everybody has sumn to say about it.",5,2,2024-05-06T19:49:13Z,2024-05-06T19:49:13Z
Ugwaznx4zsZFd_lLAqV4AaABAg,@valeriasoto9621,𝚂𝚘𝚛𝚎 𝚗𝚎𝚡𝚝 𝚌𝚘𝚖𝚎 𝚞𝚙,0,0,2024-08-12T05:33:14Z,2024-08-12T05:33:14Z
UgzQCqDcpUBZR8m7eAJ4AaABAg,@KinggKruger,“I use a Grammy as a doorstop” disrespectful 🤣🔥,0,1,2024-08-28T00:37:03Z,2024-08-28T00:37:03Z
Ugxe8dSLRwL9NPOyNH94AaABAg,@theemostrizz,Drake hate comments are so funny 🤣🤣 He the goat and you’re mad 😂😂😂😂😂😂,6,2,2024-06-26T15:05:57Z,2024-06-26T15:05:57Z
UgzIYHoxtymt5gniP454AaABAg,@venker_solos,1:00 y 2:15,0,0,2025-03-16T22:29:16Z,2025-03-16T22:29:16Z
Ugx7qYw57H7PJeJ4NZ94AaABAg,@dashawnmclaurin782,Chosen 99,0,0,2025-11-29T01:04:34Z,2025-11-29T01:04:34Z
Ugwz-bwTgzzVR75UR_t4AaABAg,@valeriasoto9621,𝙰𝚍𝚍 𝚒𝚝 𝚞𝚙,0,0,2024-08-12T05:33:27Z,2024-08-12T05:33:27Z
Ugw1an2nw2c99m3efF14AaABAg,@kylewilson8533,This aged well,0,0,2025-12-16T19:01:35Z,2025-12-16T19:01:35Z
UgxD37a0plyOJcmSjXN4AaABAg,@Supremeboxingandfitness,This don’t even hit the same since Kendrick,3,4,2024-05-08T13:23:09Z,2024-05-08T13:23:09Z
Ugys8vgbDLIFVO_amS14AaABAg,@BillyBatts2x,“ I pray they my real friends if not I’m *YMW Melly* ” 💀😭,0,0,2025-11-23T04:30:50Z,2025-11-23T04:30:50Z
UgyX-ltzhiBv9BVZUBN4AaABAg,@NimbusVinBeats,"Ehy it take me this long to actually  hear the ""tings"" line SMH",0,0,2026-08-08T01:17:35Z,2026-08-08T01:17:35Z
UgyhsOo8L6cvzXhDJyB4AaABAg,@uzmalahore,I’m bout I’m bout click,2,0,2024-05-17T17:22:54Z,2024-05-17T17:22:54Z
UgwBksNnUf8kBgS7dFx4AaABAg,@valeriasoto9621,𝚂𝚘𝚗 𝚘𝚏 𝚊 𝚐𝚞𝚗,0,0,2024-08-12T05:31:23Z,2024-08-12T05:31:23Z
UgyFHkrki5IemNhC9I94AaABAg,@HarperHarper-c7g,K dot has more,0,0,2024-05-20T00:21:21Z,2024-05-20T00:21:21Z
UgwRZkNAO8ulil9Iij54AaABAg,@realjoker-q2y,2025,1,0,2025-07-04T09:55:51Z,2025-07-04T09:55:51Z
UgzHnWzp3bJoWuKDCIZ4AaABAg,@RecoilHistory,💐💐🕊️🕊️🪦,0,0,2024-05-05T14:23:06Z,2024-05-05T14:23:06Z
UgxwN0RsZamBnLiVNMR4AaABAg,@Tsumvaya_YouTube,"Shit did not age well. Fronting just to get smoked, woke up the west coast.",2,0,2024-07-07T23:00:28Z,2024-07-07T23:00:28Z
Ugw6BCfoOqeUuefo64R4AaABAg,@TopLineFrenchies,I'm one away from Michael. Beat it beat it beat it 🎵🎶,0,0,2026-02-18T17:53:32Z,2026-02-18T17:53:32Z
Ugz0hGITowi99n2aJxt4AaABAg,@sardedarcel,Who here after the what. Big as the what.😂😂😂😂 2025,5,0,2025-02-11T02:25:31Z,2025-02-11T02:25:31Z
Ugzaz4XqOZOAXixLeiN4AaABAg,@emerald5772,This song doesn't hit as hard knowing drake kinda creepy,2,0,2024-09-04T03:33:41Z,2024-09-04T03:33:41Z
UgwxBVLDP19-a2Oj-_54AaABAg,@Oxsibi60,Bro slow this shit too .9 omg,1,0,2024-11-24T00:43:53Z,2024-11-24T00:43:53Z
UgzQ3Oerj07hgpG9IA94AaABAg,@ElmOworlD9,😅😅😅😅😅,1,0,2025-08-03T08:13:32Z,2025-08-03T08:13:32Z
Ugwsnb9X7kjr-uREQA14AaABAg,@valeriasoto9621,𝙺𝚎𝚎𝚙 𝚒𝚝 𝚞𝚙 𝚠𝚒𝚝𝚑 𝚝𝚑𝚎 𝚕𝚒𝚝,0,0,2024-08-12T05:30:34Z,2024-08-12T05:30:34Z
Ugwa1HMfkuJJ_ZvsmrB4AaABAg,@valeriasoto9621,𝚆𝚑𝚘 𝚒𝚜 𝚑𝚎𝚛𝚎 𝚊𝚏𝚝𝚎𝚛 𝚖𝚞𝚜𝚒𝚌 𝚎𝚊𝚛 𝚋𝚞𝚍𝚜,0,0,2024-08-07T07:35:51Z,2024-08-07T07:35:51Z
UgzlSOYmYSRAwz70X3J4AaABAg,@PeaceQueefer,? Send hate ? Don't try acting cool now. Keep proving me right. Hurry up.,0,0,2026-08-24T03:11:01Z,2026-08-24T03:11:01Z
UgwdXK2EEBjB5FmH3i14AaABAg,@anthonymutale6613,J cole's verse aged like milk,1,1,2025-10-10T16:32:03Z,2025-10-10T16:32:03Z
Ugzzw5Zlly2LmkUvqLF4AaABAg,@Improvtrx,Bro J.cole stole the mic 😂,0,0,2024-08-02T06:32:08Z,2024-08-02T06:32:08Z
UgyQUborklpOhgG-Qa94AaABAg,@mellothaman5113,"If you’re here . I recommend this song , then I recommend doing your research to find out who’s really the U N O",0,0,2024-05-26T01:27:36Z,2024-05-26T01:27:36Z
Ugzd8Yt64V91qqLK4Nt4AaABAg,@juneux4522,cıokgusel,0,0,2024-07-27T15:36:58Z,2024-07-27T15:36:58Z
UgwyvMqdWI5nmKI4FcZ4AaABAg,@steveab858,This song better than not like us so Kendrick got mad at drake for nothing 😅😂😂,0,0,2025-02-17T18:03:46Z,2025-02-17T18:03:46Z
UgzcZfnaFdwnO3Wo3Yt4AaABAg,@Stokozz,Who's here after Drake beat MJ's record for most 1# Singles 👊,3,0,2026-05-27T09:48:51Z,2026-05-27T09:48:51Z
Ugx0HQyNeCHWoEVXR4h4AaABAg,@valeriasoto9621,𝚆𝚘𝚔𝚎,0,0,2024-08-12T05:33:55Z,2024-08-12T05:33:55Z
UgyWE83wy9RT7TBT6vN4AaABAg,@jimmydurham9318,Did he ever tie Michael?,0,0,2024-05-30T04:58:04Z,2024-05-30T04:58:04Z
Ugy3KS1LCTYCtomDlud4AaABAg,@FunkLillian-z3c,Napoleon Roads,0,0,2024-09-02T14:09:28Z,2024-09-02T14:09:28Z
Ugysz6iQ6DCgMUk3moR4AaABAg,@25_September,Wtf is that drawing of? A possessed goat?,1,1,2025-12-12T02:40:19Z,2025-12-12T02:40:19Z
UgyFzyl9sh7J-jAiIbl4AaABAg,@simeizhang7055,shi t,0,0,2024-05-10T01:05:58Z,2024-05-10T01:05:58Z
UgwqRO5SULvGYI1vDaF4AaABAg,@rwilliams4639,"“Big as the Super Bowl” eh? 

K. Dot headlining Super Bowl 59, February 2025 😅 yikes",9,0,2024-09-08T23:40:06Z,2024-09-09T23:13:17Z
Ugw-Up3FdAkB0JhF0oV4AaABAg,@GIVEMEYOPAIN,Muhamad Ali never ducked a fight in his life. He also said freinds are extremely rare. lol This is what happens when you get too cute.,3,0,2024-12-11T17:51:26Z,2024-12-11T17:51:26Z
Ugws60esY_f2rBXjq0x4AaABAg,@LuTerenceTianruiBgss,bouta bust bruh,1,0,2024-07-20T07:27:23Z,2024-07-20T07:27:23Z
Ugy-zesmuaB_bm8CSp94AaABAg,@xënuingabiré,like GRAH : :,0,0,2024-08-10T19:22:35Z,2024-08-10T19:22:35Z
Ugwm8yAbnOihhJRGSNJ4AaABAg,@klahowya32,"Fact:only kendrick and cole are emcees out of those 3. There is that old addage ""MC means move the crowd. Drake moves the crowd but emcee always meant u write your own shit, or a hefty majority. Soooo..make of that what u want",3,0,2025-06-17T06:49:21Z,2025-06-17T06:49:21Z
Ugzs61tcCjcLU9TN-zl4AaABAg,@dgayle2348,"People saying Cole was the one who triggered Kendrick, but it was entirely Drake. Didn't yall hear his bars before Cole's verse? He was egging Kendrick on. ""Gon head say it then, who the goat?"" (knowing realistically most will either say him or Kendrick) ...it's just you and Cole (or in other words not that other guy)",1,2,2024-06-18T00:07:04Z,2024-06-18T00:07:22Z
UgxCNeGL6GLXbskSnnR4AaABAg,@everythingiseverything02,All Hail King Kindrick. Y’all wasn’t really like that 😂😂,1,2,2024-06-09T12:34:01Z,2024-06-09T12:34:01Z
UgxjP4gCin3esnBix3h4AaABAg,@valeriasoto9621,𝙳𝚒𝚔𝚢,0,0,2024-08-12T05:31:47Z,2024-08-12T05:31:47Z
UgwPrB68uxbGLVx9SaB4AaABAg,@sherrickross3530,This didn’t age well for cole 🤦🏽‍♂️,5,1,2024-05-05T13:45:22Z,2024-05-05T13:45:22Z
UgxzsI37cYwB7G6bfxB4AaABAg,@valeriasoto9621,𝙰𝚏𝚕𝚎𝚔,0,0,2024-08-12T05:31:01Z,2024-08-12T05:31:01Z
UgwgfiZM3NGvIT54zXF4AaABAg,@bennyflores6416,Everyone has forgotten kdot lol they were right,0,0,2025-09-05T05:26:17Z,2025-09-05T05:26:17Z
UgwFSbTkKajCQn4Cowt4AaABAg,@CarMe-o5n,Drake and kendrick has the best songs. They both GOATS. 1:06,2,0,2025-08-08T21:55:55Z,2025-08-08T21:55:55Z
UgxDyVLBDcsQnWSsyO54AaABAg,@victorrivas9639,🐐 Drake,2,0,2025-05-04T16:22:56Z,2025-05-04T16:22:56Z
UgxzSPJr3qi8CtzuiFR4AaABAg,@Jaytooslicc,Who here after young ace diss track,0,0,2024-07-11T16:11:23Z,2024-07-11T16:11:23Z
Ugx7IjrNZahapzmCSAB4AaABAg,@kendrickrichard3449,This should have been called The mistake,0,0,2025-07-04T10:18:53Z,2025-07-04T10:18:53Z
Ugz_dZ_-t9T6V5Xlbvt4AaABAg,@Yeah-cy9cm,ofc drake would know a lot abt 2 year olds 🤣🤢🤢🤦‍♂️,2,0,2024-05-06T15:22:02Z,2024-05-06T15:22:02Z
Ugxckyiaky1a7mCUVOd4AaABAg,@HarperHarper-c7g,Every time Kendrick Lamar spits lava the volcano erupts... Kendrick all the way,2,0,2024-05-23T18:03:49Z,2024-05-23T18:03:49Z
UgyLKDoE2f8jIIi-lDd4AaABAg,@HimenoWYD,Newgens on their way to ruin every comment section,1,0,2024-09-16T19:57:07Z,2024-09-16T19:57:07Z
UgwujTGQ5ST5QmShErR4AaABAg,@UrParasocial,"Drake: 💩
J Cole: 🤑🎵🗣️🎶🎤",0,0,2024-08-09T19:43:42Z,2024-08-09T19:43:42Z
UgyrzkTqGvyphcVJMgV4AaABAg,@Chaldeans-g96,But I don't need a thousand I'm so good I can get away with one or four👁️🌎🗝️😇👑,0,0,2025-05-09T15:28:34Z,2025-05-09T15:28:34Z
UgwFDtoq6vzIo-6T8Ih4AaABAg,@ahmedtaha5785,I don't like Drake but this song is  fire 🔥,0,0,2026-07-30T05:33:46Z,2026-07-30T05:33:46Z
