comment_id,author,text,like_count,reply_count,published_at,updated_at
UgyTVUqLKjyJgT3rill4AaABAg,@lifeisgood2596,This is the happiest you'll ever see Ish again 😂,349,7,2024-05-10T01:28:56Z,2024-05-10T01:28:56Z
Ugzh-1YtEwYm9dSZ7Tt4AaABAg,@ProdByGuyton2,Drake gonna drop a album “I Wouldn’t Trust Me Either” and it’s gonna be tough,1202,78,2024-04-29T20:12:48Z,2024-04-29T20:12:48Z
UgzbAP94fuyMchrxF954AaABAg,@geraldlawson4821,Everybody thought it was clever until Kendrick told yall not to 🤦🏽‍♂️,167,26,2025-01-13T07:39:18Z,2025-01-13T07:39:18Z
Ugw4Km4V05zRHB1JzzR4AaABAg,@MOTIFKEEM,Spinning back and reading these comments 😮‍💨,116,0,2024-05-30T15:00:37Z,2024-05-30T15:00:37Z
UgxKMVSSchhb8UWfiYB4AaABAg,@rvmrzzz,Fast forward 10 days lmaoooooooooo,133,6,2024-05-09T01:41:40Z,2024-05-09T01:41:40Z
UgxDORbyL4wzkuKaK_B4AaABAg,@VirgilRamos4444,“Drop drop drop drop” to “stop stop stop stop “ 😂😂😂,13,0,2025-04-22T06:29:29Z,2025-04-22T06:29:29Z
UgymFysOQy3XiWXWNnJ4AaABAg,@drearetas,Just look at ish he’s cheesing from ear to ear like a kid in the candy store 😂😂😂 he never had that energy for Kendrick when Kendrick song was dropping 😂😂😂🤣🤣🤣,16,0,2024-07-23T21:43:05Z,2024-07-23T21:43:05Z
Ugz5Znfkm2tW7w5tqJ54AaABAg,@sketchy3415,Funny how most of the comments at the time thought this was going to be a fair fight😂,25,0,2024-09-14T17:51:01Z,2024-09-14T17:51:01Z
UgyZp_5rBeon8hA3AGh4AaABAg,@Westside_Hippie,"Reminder- A lawsuit forcing the song to be taken down does not equal a Kendrick win, he still gotta rap back",782,237,2024-04-29T19:02:49Z,2024-04-29T22:44:29Z
Ugz2EKMSOuJnyPD5fS54AaABAg,@marshawash,"Who is here after ""Not like us"" hitting No.1! ...last time Ish was active and happy 😅😅😅",141,6,2024-05-17T07:25:51Z,2024-05-17T07:25:51Z
Ugy6walxQVvPf3V1tPV4AaABAg,@brianmolele7264,Here after “Euphoria” 😂😂😂,34,1,2024-05-01T16:08:19Z,2024-05-01T16:08:19Z
UgznlZX81ptgrVSINJJ4AaABAg,@cliftona.t8729,Who's here after Euphoria? 🤔,220,5,2024-05-01T01:05:43Z,2024-05-01T01:05:43Z
Ugzm9tCEfVmM3gHMClN4AaABAg,@ironsolomontv,“Well Pac is from the East” 😂 🫡 to Queenz Flip that was 🐐 talk,6,0,2024-05-01T03:18:09Z,2024-05-01T03:18:09Z
Ugyi2BmPEj5LinLTPYZ4AaABAg,@DelarryCarter,Crazy thing about being the boogyman is ppl stop being afraid of you when they realize that you ain't real,544,73,2024-04-29T19:59:04Z,2024-04-29T19:59:04Z
Ugxy5IQH_FrM7SSPV7F4AaABAg,@JordanRayAllen,Queenz Flip threw his chair on his platform after hearing this joint. 😂🏆✨,140,3,2024-04-29T19:17:33Z,2024-04-29T19:17:33Z
Ugwa3a_uT4TRw7v8Of14AaABAg,@kaydee1485,Bruh the Drake stans came out in full force for this one.,5,0,2024-05-01T23:30:30Z,2024-05-01T23:33:48Z
UgxNmHOpZdJJqljxim94AaABAg,@michaeljordan7733,Drake learned a lot from his back and forth with pusha. He learn not to empty the clip to early,266,44,2024-04-29T20:34:43Z,2024-04-29T20:34:43Z
UgzESiZbzlF5hQbMeVx4AaABAg,@AKpilations,"Snoop was probably like, "" damn, that sounds like I wrote it"" 😂",32,3,2024-04-30T00:47:54Z,2024-04-30T00:48:09Z
Ugx5ZpNYa8Xgy_7XzKp4AaABAg,@Birdseyeview26,"“Dot, I know you in that NY apartment Strugglin…I know it” 😂😂😂",98,9,2024-04-30T04:23:45Z,2024-04-30T14:15:43Z
UgyfEPUjLzeQJI0F54d4AaABAg,@henryn9888,"Here after the Pop Out, yeah this aged like milk. Never disrespect the West again. 😂😂",13,0,2024-06-22T00:43:35Z,2024-06-22T00:43:35Z
UgxOlwFaOl0ewPyy5xh4AaABAg,@ooohlawrence,If only they knew what K-DOT WAS COOKING,8,0,2024-05-05T11:10:04Z,2024-05-05T11:10:04Z
UgzhfSKWrclrFCoDVux4AaABAg,@JesseVealIII,"Drake did not drop one line on future it was several.  The first 4 lines are towards future.

  Then he also gets at future when he says ""Drizzy Chip 'n Dale, probably get your b*tch Chanel/ I got em done, boy don't make me have to chip a nail/ rolling loud stage, ya'll were turnt that was slick as hell/shit'll probably change if your BM start to kiss and tell/",122,15,2024-04-29T19:55:52Z,2024-04-30T01:13:22Z
UgxW5gWmebJwJsB-LUV4AaABAg,@roaches23,A month later and these comments aged horribly lmao,50,1,2024-06-02T05:47:23Z,2024-06-02T05:47:23Z
UgxeewWPhPhkQx371xl4AaABAg,@ChampagneJayeTV,"I’m just back here for some shits and giggles. 😂😂😂😂  “I think  Drake is a just genius”, “Drake is ready for the venom”. *Proceeds go sue! 🤣🤣🤣🤣🤣💀",3,0,2025-03-30T15:47:07Z,2025-03-30T15:47:07Z
UgwYRmneSjAp0aUtRaV4AaABAg,@kingdeonl,Say Emenim’s name Joe! Say it😅😅😅,3,0,2024-12-22T19:25:16Z,2024-12-22T19:25:16Z
UgwV3WMklLSKUDbBuxZ4AaABAg,@crownking2517,You gotta say CANDY MAN name THREE TIMES y’all missing the whole play 😂😂😂😂 the third drake diss his ass is grass,11,1,2024-04-30T03:20:01Z,2024-04-30T03:20:01Z
Ugzc0tQ7GMOLMlKZ7jd4AaABAg,@iamdoingthemost,This is a genius diss and gets better with time. “They not like us” is not even playable anymore.,4,1,2026-05-13T01:38:25Z,2026-05-13T01:38:25Z
UgyttIUro4IC0qsN7ol4AaABAg,@michaelmilnermixing,"He’s not ignoring future, future isn’t a good opponent for him. Drake going right for it.",83,16,2024-04-30T00:06:25Z,2024-04-30T00:06:25Z
UgxoptBUBDYI1NPXjh94AaABAg,@-Always_Right-,You think Drake listens to the pod or catches the week late clips?,49,3,2024-04-29T19:25:10Z,2024-04-29T19:25:10Z
UgzI98bxJKG_D_dmF3h4AaABAg,@cliffnasa3560,This song is literally a vibe lol caught myself listening to it on the way to work,43,4,2024-04-29T20:23:35Z,2024-04-29T20:23:35Z
UgxbbfXjyyTN7auI00Z4AaABAg,@GunsArentIllegal,I wish they'd release faster on YouTube,3,0,2024-04-29T23:08:32Z,2024-04-29T23:08:32Z
UgyTBhNU86aueit439Z4AaABAg,@Bgb902,I dont think people realized yet the beat is AI Dre too 😂 and the drop and give me 50 beat is the same sample as when he dis cardinal official he buggin rn,6,0,2024-04-30T11:46:21Z,2024-04-30T11:46:21Z
UgzqOOho-mR3nXx5Y6V4AaABAg,@pspro51,Why do i feel like Joe Blinking some secret messages?,13,1,2024-04-29T21:43:11Z,2024-04-29T21:43:11Z
UgxvqTinf_UAznP1AL94AaABAg,@youaintheardtv1040,They didn’t understand Melissa question she was spot on…the law is not specifically written for using a person tone it’s more about using lyrics beats and likenesses,36,1,2024-04-30T01:29:36Z,2024-04-30T01:29:36Z
UgwfbJvQTvG8v5tjdsN4AaABAg,@edredding,Well Kendrick shot first and they did it on album where everyone dissed him lol,36,3,2024-04-29T19:56:45Z,2024-04-29T19:56:45Z
UgxoVGlab3zJbsxLKct4AaABAg,@actuallyfactual006,"It’s wild how a room full of grown ups that have been in the music industry forever, still dont understand how your voice is included in “Name, Image & LIKENESS”… simple fact is Drake did not state the track featured “AI Snoop & AI 2pac”, meaning the moment he put it on streaming platforms to profit off the song, 2pac’s estate are fully entitled to sue him for it.",4,0,2024-04-29T23:27:01Z,2024-04-29T23:27:01Z
UgydY8P4jTrt9A97DiF4AaABAg,@Jammur,I'm glad this beef happened because it feels like I haven't heard a tough track from Drake or Kendrick in years.,7,1,2024-04-30T00:51:21Z,2024-04-30T00:51:21Z
UgxcOpdBAnRciwFB2pZ4AaABAg,@ronaldseyez,Drake had multiple lines about future on drop n gimme 50,4,0,2024-04-30T00:22:13Z,2024-04-30T00:22:33Z
Ugy-X69u82QSlYsvJaJ4AaABAg,@SilverbackChroniclesPodcast,When there is rap beef I only care what JB thinks.  He understands rap beef and the science.,36,1,2024-04-29T20:07:14Z,2024-04-29T20:07:14Z
UgxkfTfvCTTT7LPduWt4AaABAg,@loother94,Coming here after Euphoria 🤣🤣🤣 This didn't age well; bar for bar Drake can't mess with Kendrick Lamar AND WE ALL KNOW IT!!! 💯💯💯,153,19,2024-04-30T20:15:08Z,2024-04-30T20:15:22Z
UgznU0x2xh0Ymi1e_gd4AaABAg,@OlliWitta3_,NOT LIKE US - ALL of LA 🌴,7,0,2024-05-05T22:34:43Z,2024-05-05T22:34:43Z
UgxEWzlH8_TaKOqcmUJ4AaABAg,@xXbspencerXx,Still think this was the best song to come out of the beef lol,8,2,2025-03-14T18:53:53Z,2025-03-14T18:53:53Z
UgyMzPKQSIQE-X8YZeV4AaABAg,@Vlsh_,They said he hasn’t said anything wild yet they pretending like the Hi Whitney doesn’t exist😂😂😂😂😂😂,39,3,2024-04-29T22:22:49Z,2024-04-29T22:22:49Z
UgzcetBopVQGx8jYJBt4AaABAg,@Suikojunkie,The way Flip looked at joe when he smashed his computer lol,1,0,2024-05-01T23:30:38Z,2024-05-01T23:30:38Z
UgzhvNrFTfKh6zTMmBh4AaABAg,@assahwayo1790,"Drake got Kendrick fans writing essays and coping pleas😂😂😂
Boogeyman of rap is still hiding",215,67,2024-04-29T19:22:13Z,2024-04-29T19:22:13Z
UgweIS39dC4DjkOXqq54AaABAg,@ront5689,Snoop even reposted  the song on his reel fir a bit 😂,2,0,2024-04-30T08:49:50Z,2024-04-30T08:49:50Z
UgyvZwzIFT8P31_zIbl4AaABAg,@camariihaythe5365,"It wasn't a diss track, it was a disrespectful track 😂.",274,10,2024-04-29T19:53:53Z,2024-04-29T19:53:53Z
Ugypc6s72A8OmbZuX8l4AaABAg,@VKCEE72030,That piano intro...this is genius.  Get Tupac to tell Kendrick he ain't the one.,1,0,2024-05-06T18:09:20Z,2024-05-06T18:09:20Z
UgxdeHSinQ2J_XI4BbR4AaABAg,@romeoblair7467,"Ice ""It's modern warfare"" 👏",205,7,2024-04-29T19:03:32Z,2024-04-29T19:03:32Z
UgxYVCzqv2-SKpFKpPF4AaABAg,@iamworthy1302,This def was made for the spotify version so you can hear the music,1,0,2024-04-30T02:06:47Z,2024-04-30T02:06:47Z
Ugz9m3XHc0P4HABy4B94AaABAg,@Nobrakes504,That's a hard tune only problem was ppl hate AI,4,0,2024-11-12T18:20:57Z,2024-11-12T18:20:57Z
UgwgH8OZSIUKcmAqHXh4AaABAg,@snuffvillain8169,"The style of the diss kind of remind me of when 50Cent diss Game on "" I'm not rich and im still lying"". Go listen and let me know",4,0,2024-04-29T20:36:36Z,2024-04-29T20:36:36Z
UgwI5cNa-kaSowIKvXd4AaABAg,@jamerv777smerf,My man's joe buddens need some proziac man's went 0 to 100 real quick😭 15:25,8,1,2024-04-29T22:57:27Z,2024-04-29T22:57:27Z
UgzkBbftybow0EFhvRd4AaABAg,@joshuaj932,Can’t wait to see what they think about euphoria,4,0,2024-04-30T17:55:51Z,2024-04-30T17:55:51Z
UgxvT_Uo1cG7DGZusMd4AaABAg,@J.CashDro,I believe Drake did this bcuz of all the ghost writing allegations still floating around to this day. Proving he can & has written for other artists himself,6,0,2024-04-29T23:49:54Z,2024-04-29T23:49:54Z
UgyqiU1B_j4NVOCzBb94AaABAg,@frankystrings,3:20 foreshadow,2,0,2024-05-02T03:25:36Z,2024-05-02T03:25:36Z
UgwoTquJMkxm5q_0mut4AaABAg,@YoungVino703,I remember a month ago people were saying that this beef ain’t for Drake and now that he’s responding…..crickets,72,11,2024-04-29T23:56:50Z,2024-04-29T23:56:50Z
Ugw5CLVDDga-v76td-t4AaABAg,@tyleringram4471,In 2025 looking back. Parks was 100% 😂😂💯,2,0,2025-02-08T09:22:34Z,2025-02-08T09:22:34Z
Ugw5aCF16lq8ZlSffOF4AaABAg,@ooohlawrence,Here after not like us button,8,0,2024-05-05T11:10:41Z,2024-05-05T11:10:41Z
Ugwb2lm-AP-jqZ9c1VN4AaABAg,@shannonnixon8238,They all sitting there thinking damn Joe just play the whole song and shut up!😂,1,0,2024-05-03T01:03:01Z,2024-05-03T01:03:01Z
UgyPQHEjW9HgLP9UKUx4AaABAg,@iamlockhard,Best song in the beef,3,0,2024-07-11T02:02:51Z,2024-07-11T02:02:51Z
UgwIpCJZBRiDoJFZnER4AaABAg,@nelsonallison5123,Fast foward 11months....This track is still 🔥,9,1,2025-04-11T23:01:20Z,2025-04-11T23:01:20Z
UgzOyaG8UTaX2xkDzCt4AaABAg,@ramsescano5622,This didn't age well for Ish 😂😂😂,5,0,2024-06-06T12:04:05Z,2024-06-06T12:04:05Z
UgyIVHkO4421GZHTMvl4AaABAg,@TOdoubledizzle24,2 weeks ago this would be good!,101,7,2024-04-29T19:01:45Z,2024-04-29T19:01:45Z
UgzyijqGXIKBITw5-Up4AaABAg,@OmarScruggs,Joe is definitely in love with Drake. He admires him. Wants to be friends with him. And this is not me dissing Joe. For years you can tell he is legit infatuated with Drake,40,5,2024-04-29T20:27:55Z,2024-04-29T20:27:55Z
UgyUctXIOlFZPq6g4Kh4AaABAg,@Kendallrobert-s8q,Them A.I. kicks 🔥,2,0,2024-04-29T20:56:37Z,2024-04-29T20:56:37Z
UgzipjXBarauC9etkRd4AaABAg,@dro1085,How yal not bringing up the fact that Kendrick was talking to Pac in 1 of his songs and that's why Drake doing this lol,5,0,2024-05-01T13:21:33Z,2024-05-01T13:21:33Z
UgxzlCMarFNsXgxfvf14AaABAg,@astargmoneynevaendz999,"Hey joe budden i Apreciate the drop , I heard some ai  drake its lit and they got zesty drake",0,0,2024-04-29T19:18:13Z,2024-04-29T19:18:13Z
UgwsQduWEQeq4JSWz_Z4AaABAg,@loading7245,“Engraving your name in hiphop history if you deal with this viciously” aged ridiculously well 🍷 Pac called it,7,0,2024-09-22T15:01:55Z,2024-09-22T15:01:55Z
Ugx-JqDNM_LG2-402254AaABAg,@damonjones8709,And this is why hip hop is the way it is,1,0,2024-04-30T01:58:14Z,2024-04-30T01:58:14Z
Ugx_L0e1sIBh-8z9ZIV4AaABAg,@ChasiNcoinZ,here after drakes burial at the superbowl,5,1,2025-02-17T23:51:12Z,2025-02-17T23:51:12Z
UgwFi_pG2FIY0pIAaVJ4AaABAg,@jamerv777smerf,The Heart pt 6 is the 1st response. A theory from the homies🤞🗣📣,2,0,2024-04-30T02:48:35Z,2024-04-30T02:48:35Z
UgzIhDjWUye6HhIAnmB4AaABAg,@jamesmace47,Kendrick officially responded by the way,34,5,2024-04-30T18:39:20Z,2024-04-30T18:39:20Z
Ugwq0W4o1EITwIQqC5h4AaABAg,@ruud6828,"Its crazy how joe really has become a good listener, i just wish we got to see more of that during mal and rory era. he still go crazy some times but yk",0,0,2024-04-29T23:29:33Z,2024-04-29T23:29:33Z
UgwstjPJmOjbEIFWS9p4AaABAg,@snow-beach,"I thought Drake dropped some new ish ..... and then I heard it and im like, oh ... y'all are reviewing the drake ai ish 10 days later. darn.",47,4,2024-04-29T19:14:26Z,2024-04-29T19:14:26Z
UgzftyMXmpO_LenX_ih4AaABAg,@thatsjssounds,7:42 It was in digital stores and streaming platforms. That’s selling my guy,1,0,2024-04-30T00:27:23Z,2024-04-30T00:27:23Z
Ugwdu9HZlQ4PvAll-Yt4AaABAg,@divinep1912,He studied the game 😂,1,0,2024-04-30T20:10:25Z,2024-04-30T20:10:25Z
Ugzl83flMIGlCKOl7Tt4AaABAg,@-Always_Right-,Joe playing Mel was the best part of this clip,6,1,2024-04-29T19:20:26Z,2024-04-29T19:20:26Z
UgxKFL23jzEFZlWw-X14AaABAg,@barrye2476,Y’all sound crazy,2,0,2024-04-29T21:49:28Z,2024-04-29T21:49:28Z
UgytPz-zz5UxqR4pPsB4AaABAg,@JWill90s,"Much love from San Antonio, TX",4,0,2024-04-29T19:02:04Z,2024-04-29T19:02:04Z
Ugw4EWsUwVBM0m78beh4AaABAg,@Nashawnnnnn,Happiest i ever seen joe while discussing drake 😂,0,0,2024-05-01T16:15:36Z,2024-05-01T16:15:36Z
UgwcyEaU4kKWlBifYBh4AaABAg,@raheianpresley890,"This was a historical move, in hip hop.
The drake cadences and flows, were evolutionary.",34,8,2024-04-29T21:19:01Z,2024-04-29T21:19:01Z
UgziE2jTUJYgQBMFLZx4AaABAg,@Gallaid1,Who's here after the pop out.,2,0,2024-06-27T06:41:29Z,2024-06-27T06:41:29Z
UgzSXnErhjTFm2mB-3p4AaABAg,@kamBX,"Song was 🔥 🔥, concept was 🔥 🔥",76,1,2024-04-29T19:06:19Z,2024-04-29T19:06:19Z
UgzXpl0Lq1UKKLX7Um14AaABAg,@TalesFromTheBooth,"9:00 this is the issue going forward. The same way Limewire and file sharing ate up the music industry, AI features will do the same….labels are gonna want that royalty/publishing bag 💯💰💰💰",1,0,2024-04-29T19:27:23Z,2024-04-29T19:27:23Z
Ugwd_pXQB2KaZbH0Co54AaABAg,@erikv7520,Euphoria ended it all. One of the best diss songs ever made,5,3,2025-05-04T20:54:23Z,2025-05-04T20:54:23Z
UgxOVgev1h60aMIJDnt4AaABAg,@livingstonekimani6943,"Drake didn't poke the bear but he literally said ""Am with bodyguards like Whitney"" How did that go over their head😂",1,0,2024-04-30T06:23:30Z,2024-04-30T06:23:30Z
UgyKOeDfLEBpL8Ryr4h4AaABAg,@joselonguenda4291,That was the best diss idea we've seen in a while 😮,35,6,2024-04-29T20:28:20Z,2024-04-29T20:28:20Z
UgxP83AtfuXVj13qCW54AaABAg,@iShowSlowpoke,"I love how these podcasts dude ask questions they already know. 

Joe doing research “what’s the name of that song again?”

You know damn well what the name of the song is. You been on Drake D for quite some time now Joey.",0,0,2024-04-30T14:29:26Z,2024-04-30T14:29:26Z
UgwkRgvYih1LKrzNYT54AaABAg,@marcgoodson2058,Respect to Joe for giving his HONEST opinion about this despite him and Drake lil squabble. Shows that he REALLY just loves this music shit and just gives his true outlook on the game 🫡,7,2,2024-04-29T21:53:31Z,2024-04-29T21:53:31Z
UgxleCYnoDdLdMe25Td4AaABAg,@Fif5t0014,"Drake's applying a URL formula: entertaining first round, experimental second round, and now we gon' wait to see if he come with a ""third verse"".  Where if we apply the same with Kendrick, especially after Euphoria???  Right now, he Geechi Gotti goin' on a Champion run.  ""Every. Fuckin'. BAR!!""",1,0,2024-05-02T12:11:37Z,2024-05-02T12:11:37Z
Ugw_kuvKNXtHdaDBkUN4AaABAg,@sochicago5728,"2 years later update, in this “dot (bot) era” nothing is being heard or done. The whole music industry is boring. No type of features or money trees being planted lmaoo. But aye once iceman comes out everyone will see who’s TopDawg lmao.",4,0,2026-04-19T23:06:58Z,2026-04-19T23:06:58Z
UgwmjP22BMIYKcbWT-B4AaABAg,@Tharsan1992,lit ep,0,0,2024-04-29T23:31:14Z,2024-04-29T23:31:14Z
UgyOgqZF1GQROIAXYJd4AaABAg,@BeeMeeWee,This aged terribly 😂😂,233,29,2024-05-08T17:49:02Z,2024-05-08T17:49:02Z
Ugz3PPC84u-s2Ju7OSp4AaABAg,@raheemtheinvestor,Y’all team is probably top 5 slowest to react 😂,1,0,2024-04-30T05:17:21Z,2024-04-30T05:17:21Z
UgziVq2yAqPZn0LXtVt4AaABAg,@moneynuarful,"All the Kdot glazers are hypocrites 
Kdot drop a lawsuit it’s all good…
Drake return wit a lawsuit and he down bad foh",6,0,2024-11-29T18:04:05Z,2024-11-29T18:04:05Z
UgwqVo1RObyB5HlmJVZ4AaABAg,@A-M215,12:06 The way joe set her up 💀💀😭,0,0,2024-04-29T23:15:01Z,2024-04-29T23:15:01Z
UgxmDwZiFGzsYhDJEK54AaABAg,@juwontrepreneur,Snoop just reposted the diss on his story yesterday too so he’s co-signing the diss which is a badddddd look for Kendrick 👀,19,3,2024-04-29T22:19:01Z,2024-04-29T22:19:01Z
UgxuOjZ2Iu79ZZUqBvF4AaABAg,@spanx92,Queenz went Hulk Hogan for Euphoria.,0,0,2024-05-02T04:30:08Z,2024-05-02T04:30:08Z
UgxsxwpugGoA-9qJZTN4AaABAg,@Lovingmylife-y4t,This did not age well 😂😂😂,57,10,2024-05-15T06:40:56Z,2024-05-15T06:40:56Z
UgxCK8TFwWAll2Ss0Lx4AaABAg,@Halfandhalf1111,Genius. Yall so easily impressed.,1,0,2024-04-30T22:07:29Z,2024-04-30T22:07:29Z
Ugxr6gTIfQ6vAiyYw4h4AaABAg,@ThatsAyse,The Drake Sick Ducking is CRAZY😂😂,36,8,2024-04-29T20:11:17Z,2024-04-29T20:11:17Z
UgwIOew1NW0Wlkd5vkt4AaABAg,@jamiashoffler5426,It was hot from the jump to me 🔥,1,0,2026-06-26T17:20:27Z,2026-06-26T17:20:27Z
UgySV8MudS9LVJBeNKt4AaABAg,@kellypower3525,"Drake is an actor first, singer second, ghost rapper third",36,3,2024-05-08T15:15:16Z,2024-05-08T15:15:16Z
UgxI7dg_V6s8Pgk6ib54AaABAg,@ashwin-johnnero6235,We gon see,0,0,2024-04-29T20:45:44Z,2024-04-29T20:45:44Z
UgwwXL0RxDt4DeDkl2x4AaABAg,@tonytube5334,Ai is fine when it’s blatantly ai but claiming it as original artistry is lame,40,14,2024-04-29T19:20:04Z,2024-04-29T19:20:04Z
UgzaWb5Zkz-HqlhpXhJ4AaABAg,@Shaka_ZuluB,Hella late Joe!! I been waiting on this reaction for a week now. Next time y’all should do something where we get the much needed reaction in a timely manner. Now the beef done damn near died down. Drake put Kendrick on check. & it might be a checkmate.,4,0,2024-04-29T19:33:33Z,2024-04-29T19:33:33Z
Ugx5Oh1RcfGdTrlD99l4AaABAg,@DHinez,"“Excuse me buddy , u are in a feud “ l",1,0,2024-04-30T04:26:33Z,2024-04-30T04:26:33Z
UgzRYIekriuigg8_Ka54AaABAg,@GildedWarrior331,Thats all they talk about on here is drake bro 😂,4,5,2024-04-29T19:26:22Z,2024-04-29T19:26:22Z
UgyS7gKwZfkF8QnUWKp4AaABAg,@jamerv777smerf,11:57 Ish face😂lmao i knew some rebuttal was coming🤦🏽oh man lmao this gonna be a long beef. I feel like Kendrick not gonna wanna go back and forth after a song or two. So that being said.... it's gonna get ugly lol he wants to end this quick. Just a theory from the homies🤞🗣keep it up this pod is on fire joe be nice to mel 🙄😒,2,0,2024-04-29T22:08:52Z,2024-04-29T22:54:41Z
UgxFQ1AgJKiUCixPM4l4AaABAg,@XDeMelo7,RIP Drake,25,2,2024-05-15T03:08:09Z,2024-05-15T03:08:09Z
UgzZL2xZbR2sBTfZgHt4AaABAg,@Shayzar_mixmasterz,"i felt sorry for the way he smacked that laptop off the shelf lol, got me nervous for a minute, thats a macbook yall",0,0,2024-04-29T23:14:42Z,2024-04-29T23:14:42Z
UgyDV4nKYGVH1IRo9n94AaABAg,@Kickinthescience,This AI stuff is ruining the potential back and forth. Both should just drop the tracks like they would do an album without all the extra,12,2,2024-04-29T19:03:56Z,2024-04-29T19:03:56Z
UgzL-Y8jGJ1f0BTm9mB4AaABAg,@CamWellsMusic,Joe lookin like Chubbs from Happy Gilmore,0,0,2024-04-30T15:08:18Z,2024-04-30T15:08:18Z
UgydmAVKaW9IcfINR5l4AaABAg,@ElizabethV.07,"We shouldn't be supporting A.I shit.. then we will lose actual artist.. we wont need a Kendrick, Drake, Taylor, Beyonce .. how do we know he didnt also use A.I to write the damn thing? I think as humans we should say A.I should be banned from Music or authentic human music will cease to exist. Im just saying..",5,0,2024-05-01T10:30:11Z,2024-05-01T10:30:11Z
Ugwb1PUSRu3aWLuCmPt4AaABAg,@kendallsanders4298,"Ofc voice is likeness, we have voice actors solely known by some people by their voices and making decent cash with their voices 😌",0,0,2024-04-29T20:17:51Z,2024-04-29T20:18:29Z
UgxRrqn0FfF2YP8iAE54AaABAg,@toraimanchester4658,"the fact people are even giving credit to an AI diss track shows we have derailed so far, kendrick ended drakes career 14 hours ago, do better",5,6,2024-05-01T07:16:01Z,2024-05-01T07:16:01Z
UgzfslTSCV6hSoHobXp4AaABAg,@Creolista,West Coast vs. Ontario 😆,0,0,2024-05-01T19:26:01Z,2024-05-01T19:26:01Z
UgwviNiKkSBu7P4c2RJ4AaABAg,@brianmolele7264,This VIDEO DID NOT AGE WELL,5,1,2024-05-01T16:10:37Z,2024-05-01T16:10:37Z
Ugyx-megJIlmJE2GAzV4AaABAg,@Siavua399,"SpongeBob 

10 days later😂",0,0,2025-12-08T00:11:36Z,2025-12-08T00:11:36Z
UgxBtLYEZW2FlZCrKI14AaABAg,@Luiz-w5s,"Looking at it in retrospective, we can see how they were so compromised by the Drake fame that they didn't find it disrespectful to Pac and Snoop, that would never side with a rapper agains a west coast one.",7,3,2024-05-29T06:19:34Z,2024-05-29T06:19:34Z
UgwNvc_ju-DE71ZDpUJ4AaABAg,@Gotiges489,All this sounds funny after Euphoria,1,0,2024-05-01T19:29:10Z,2024-05-01T19:29:10Z
Ugx8tZvfeVMZRQqdDOV4AaABAg,@AshmoFresh,This segment is giving wild fan boy vibes.,4,0,2024-04-29T20:53:33Z,2024-04-29T20:53:33Z
UgxyrwvV6M-8c2Yulyx4AaABAg,@kevinmarktorresleonhart6831,Hell na badass song,0,0,2024-06-15T19:16:22Z,2024-06-15T19:16:22Z
UgyZQncJWRXo-iZ1UHV4AaABAg,@Darkhorse7866x,Kendrick will have to beat the denial of aubrey's angels. Look at them with the narratives in these comments under joe's videos. Pusha wasnt Meek Mill and neither is Kendrick. Pom Pom waving grown men make me sick to my stomach,28,12,2024-04-29T19:58:48Z,2024-04-29T19:58:48Z
UgxA7v40zL3D5qQI42d4AaABAg,@sac_king_7,Joe knew EXACTLY what it was called  lmao,0,0,2024-04-30T01:07:33Z,2024-04-30T01:07:33Z
Ugz_4MIVrsNseemRsKl4AaABAg,@deloycelowe1,I thought what he did was brilliant as soon as I heard it. I think he’s going to go down in history and have his Soulja boy moment 5 years from now when everyone is doing it.,8,1,2024-04-29T19:32:36Z,2024-04-29T19:32:36Z
Ugylczipg4bavEDaSmd4AaABAg,@jojomojo1738,It's quiet now..,1,0,2024-05-06T23:50:07Z,2024-05-06T23:50:07Z
Ugx4AKcwu0YuOjEkKq54AaABAg,@theunserious,Drake’s next album should be called “If You’re Reading This I Don’t Trust You”,5,0,2024-04-30T10:56:59Z,2024-04-30T10:56:59Z
UgwdTzZjeS57GpW4ZXx4AaABAg,@Headlight__Ballast,NoThInG meAnS NoThInG aNYmoRe bRo 😂😂😂😂😂,0,0,2024-04-30T02:50:57Z,2024-04-30T02:50:57Z
UgwBCwH5HV2aRQosCx54AaABAg,@kidkodex7696,This ai shi was super corny. Idk how ppl thought this was a good diss,5,0,2024-06-24T04:07:35Z,2024-06-24T04:07:35Z
Ugy91hFqVYJOjdfXygl4AaABAg,@SignUp-o1j,"Snoops ai voice is being used on at least a couple of platforms. I would imagine this could be argued as to if it’s a commercial use if it was challenged. Also, if he signed off on his voice being accessible to the parent label for usage, this could be very legal minus the pac verse.",0,0,2024-04-29T19:48:52Z,2024-04-29T19:48:52Z
UgzjKcVy10EHFC_XJsJ4AaABAg,@juwontrepreneur,"Kendrick’s persona as this “rap savior”or “boogeyman” is also crumbling before our eyes. At the end of all of this, I’m just glad that Drake will finally get his respect from the haters as a RAPPER. 😤",7,7,2024-04-29T22:16:46Z,2024-04-29T22:18:15Z
UgyDFKiVwE9EOE33tz14AaABAg,@TreyParker23,Never heard Joe praise Drake this much 😅,0,0,2024-04-30T12:31:17Z,2024-04-30T12:31:17Z
Ugz8Oq3zCqHi8hi3ont4AaABAg,@henryhudson4965,I think Drake learned after beefing with Pusha T to watch his mouth. 💯 4:56,4,1,2024-04-29T19:16:11Z,2024-04-29T19:16:11Z
UgxHEhQKjCNBGnq96Gd4AaABAg,@laronmitchell09,We talking about the boy that got a mj vocal can’t get a call in stop,0,0,2024-05-05T06:33:40Z,2024-05-05T06:33:40Z
Ugw0QAQvUun-oWn7y4R4AaABAg,@mrmaddox8313,December…. Still aged terribly,3,0,2024-12-08T12:42:27Z,2024-12-08T12:42:27Z
Ugz477x2TR0UzVehaed4AaABAg,@3rdGenerationCancer,The first taunt record,0,0,2024-04-30T04:14:57Z,2024-04-30T04:14:57Z
Ugzkli9uxlVfP00vPDl4AaABAg,@ant4373,This podcast hanging on Drake nuts now?,41,12,2024-04-29T19:28:18Z,2024-04-29T19:28:18Z
UgyCRnRhSPw5haU22Ah4AaABAg,@thenoyze5,I’m on ice point,0,0,2024-04-29T23:15:35Z,2024-04-29T23:15:35Z
UgwV0XleERvIGTpKys54AaABAg,@Gotemgotyou,Ppl gonna pretend Drake ain’t drop a 2024 hit em up with Push Ups🔥🔥 roasted the whole game,8,2,2024-04-29T20:33:06Z,2024-04-29T20:33:06Z
Ugz4kp3OaJkMCU1Y4VR4AaABAg,@7_teflon,U see how everyone was talking about this record vs after tha fact.,0,0,2024-07-18T19:10:16Z,2024-07-18T19:10:16Z
Ugye5R2Ac2qWXoc4UeV4AaABAg,@io2711,It must’ve took Kendrick 6 months to write that like that verse… either that or he don’t want no smoke with drizzy,6,1,2024-04-29T20:13:20Z,2024-04-29T20:13:20Z
UgyzSGkkrYFUepvdEkd4AaABAg,@ItsQuasso,I have been waiting for this reaction for the team,2,0,2024-04-30T16:33:52Z,2024-04-30T16:33:52Z
Ugwy7abgX-p2bF1YSAR4AaABAg,@antionedemps9771,We gon be honest one day and admit that beef was LOT closer than people wanna admit. Mfers just don’t like Drake. He ain’t release a bad song in that beef. Every song was good,9,3,2025-10-03T22:27:31Z,2025-10-03T22:27:31Z
UgzJmbegMuWEFOwqVjp4AaABAg,@jasonbotello2291,4:25 “you should have left him alone “ hindsight is 2020,0,0,2025-02-27T19:47:50Z,2025-02-27T19:47:50Z
Ugw8_qKt9VvCeDmrLCB4AaABAg,@dthatme,Kendrick said he's snatching chains and burning tattoos. He said he crash out like melly mel. Of course all Drake attention would go to him.,6,0,2024-04-29T19:42:47Z,2024-04-29T19:42:47Z
UgxDAYaSG1VIz1bywON4AaABAg,@Westside_Hippie,Yerrr,0,0,2024-04-29T19:01:34Z,2024-04-29T19:01:34Z
UgwUUCBxgrHOT6iNz7R4AaABAg,@hugoduzit,Who’s to say Aubrey isn’t using AI to write the verses for him.  That shit is wack,17,3,2024-04-30T10:01:11Z,2024-04-30T10:01:11Z
UgxOKwgawq98fkELy2N4AaABAg,@scottpickens219,I don’t know how they said Kendrick one drake got em outta there this episode y’all was team drake then the next one y’all was team Kendrick mind blown,2,0,2024-05-24T22:59:41Z,2024-05-24T22:59:41Z
Ugz-0HBlf7ZwDYi_XBx4AaABAg,@jamerv777smerf,I'm not even gonna lie lmao joe Budden gonna get drake destroyed by Kendrick he keep fcnk around gassn him up. Bro dot is spiritual af. This is practically David vs Goliath,3,0,2024-04-29T22:51:08Z,2024-04-29T22:51:38Z
Ugwa3YJ9GAf5X7BzwKV4AaABAg,@tadi.,"Rick Ross, KAnye West, ASAP Rocky, lost my respect because they only dissing Drake now when everyone is going against him. Why did they not diss him before? Its a sign of weakness",10,7,2024-04-29T21:06:26Z,2024-04-29T21:06:26Z
UgzeB9F4EGnT2-bdtX14AaABAg,@BryanKalloo,They should just play the track no reason to skip it,0,0,2024-04-29T21:03:23Z,2024-04-29T21:03:23Z
UgwEiVvcDY_Xu6Wy2C54AaABAg,@remiemayfallia,"People taking about Kendrick Lamar still gotta rap, as if he hasn’t been Hip Hip his whole musical career. Drake caters to the Women, Kendrick Lamar caters to Hip Hop. To say Kendrick Lamar has to rap, when that’s literally his whole career is absolutely laughable.",10,5,2024-04-29T20:14:14Z,2024-04-29T20:14:14Z
UgycZDjnVaKr7zgy25p4AaABAg,@heartofthecityyclothing,Yall definitely gotta run the clips faster man…it feels like yall months behind lol,0,0,2024-04-30T03:22:40Z,2024-04-30T03:22:40Z
Ugzy2i2MwilVNy6Bogt4AaABAg,@desireizz,I hope the check is worth it Melissa! Stay mentally safe.,5,1,2024-04-29T20:22:31Z,2024-04-29T20:22:31Z
UgyqXRJezEfOa7-_z6d4AaABAg,@darzaealonzo4954,"I’m new here, who keeps talking behind the camera? He should be in the camera he talks a lot",1,0,2024-04-30T01:47:32Z,2024-04-30T01:47:32Z
UgyssM9Wo8K8fh5Lnz94AaABAg,@ginborgho,why he keep playing with the laptop lid !? keep it open or keep it closed dude  !!,3,6,2024-04-29T19:36:54Z,2024-04-29T19:36:54Z
Ugx4E_LGTwFebZeIohZ4AaABAg,@diogovanravan5241,From ghostwriters to ghostguests...,0,0,2024-04-30T10:15:21Z,2024-04-30T10:15:21Z
UgxJ33-RjmLXesAVfnF4AaABAg,@ThatOuti,"Drake resurrecting ""ghost writers"", using kdots idol, snoop hardest verse in 15 years... it's a 10-8 round",10,1,2024-04-29T19:19:55Z,2024-04-29T19:19:55Z
UgydiASMlQhIBifd6hN4AaABAg,@abdielreyes20,"@4:33 he explains it well and that's a good point, Future's album track names correlation with Drakes are an obvious diss.  Jendrick was the cherry but given the kendrick n drake history, future n boom are like mosquitoes in front of drake.  Kendrick on the other hand is the once protégé biting the hand.  He's challenged Drake and Drake has finally stepped in the ring.  Kendrick needs to step in or be a diva and remain in doubt moving fwd.",0,0,2024-04-30T01:05:42Z,2024-04-30T01:05:42Z
UgwtYkAwRxcmhXeDxMx4AaABAg,@travis1593,That Tupac voice with drake cadence was nasty work 😂😂😂 that whole shit was corny,17,5,2024-04-29T20:48:26Z,2024-04-29T20:48:26Z
Ugz9aiNoYjx7vvXItQN4AaABAg,@jamerv777smerf,Messssy😭lol I like it too haha🗣📣,2,0,2024-04-29T22:46:14Z,2024-04-29T22:46:14Z
UgyFYJ3Fjm4Mcm6KQrV4AaABAg,@kentalks3363,"Kendrick diss just dropped, tupacs people sent a cease and desist to Drake… 👀",3,0,2024-04-30T23:16:52Z,2024-04-30T23:16:52Z
Ugw5ItHAHtCFOsuYLkN4AaABAg,@Dee-xs1id,Tell Flap to focus on the Pod & not the Creepy way he secretly loves Mel Ford.,0,0,2024-04-29T21:24:13Z,2024-04-29T21:24:13Z
UgxXY16NzYMKkx-EMzV4AaABAg,@_slickthebarber,Crazy how every Reaction channel & podcast was siding with Drake the entire beef and their responses worshipped Drake in the battle. All up until the end everyone decided to switch up. It shows Drake really won. I haven’t seen a single podcast or reaction channel that wasn’t mind blown with Drakes responses in the battle. They just couldn’t believe that Drake go hard against Kendrick and win. They didn’t want that to happen,4,0,2025-09-15T18:15:46Z,2025-09-15T18:15:46Z
UgwpC50419tuL9b1p5t4AaABAg,@RICHIEMICHAEL18-xv4wc,So funny to watch this now .. fast forward 3 weeks they are blaming Drake for taking it to far but here they said it was kid gloves ….,2,0,2025-01-13T03:43:42Z,2025-01-13T03:43:42Z
Ugwf69KC6OcEAYYyWCV4AaABAg,@AMTILLPM1,K dot can’t respond on his album that’s wack af . Is it beef or is it about sales ?,4,4,2024-04-29T19:05:51Z,2024-04-29T19:05:51Z
Ugw23SxpPlQ6AoGaoVN4AaABAg,@jermairigatlin,Kendrick did exactly what he told him to do “we need ya “,1,0,2024-06-28T07:28:21Z,2024-06-28T07:28:21Z
UgxWawYqnT9Gajdw9d14AaABAg,@rampageronmusic,Drake 4-0 Sweep 🧹,75,13,2024-04-29T19:34:50Z,2024-04-29T19:34:50Z
UgzviuENWJUHkBDAYqN4AaABAg,@davalcoleman5792,I wonder who started their voice cadence? They all speak in the same dialect and pattern- with the exception of QF.,0,0,2024-04-30T01:22:41Z,2024-04-30T01:22:41Z
Ugy5-v63V_wYgLAO8yh4AaABAg,@mircagardenman7629,"Kendrick lost, who cares about his response at this point...",7,2,2024-04-29T19:25:27Z,2024-04-29T19:25:27Z
UgzR_aBgE7ZkwmeKFlV4AaABAg,@RALPHYSWAYVIDS,Parks slick always capein for the whites lol,2,0,2024-04-29T19:11:28Z,2024-04-29T19:11:28Z
UgyNAMgNpAnVcQSI7b14AaABAg,@inoyvst6786,Proof that all Kendrick had to do was respond and people would’ve said he won lol mfcka was fighting a lose lose,5,1,2025-03-22T21:14:44Z,2025-03-22T21:14:44Z
UgzfH-h6QK5FzjMP-nJ4AaABAg,@NOBLEPAIGEPATRICK,I thought the Ai shit was funny lol and smart/clever,1,0,2024-04-30T16:48:54Z,2024-04-30T16:48:54Z
Ugw6-OdboLFMEO4JwQd4AaABAg,@richrival8905,Did drake ever respond to that B.E.T Cypher should be the first question,3,11,2024-04-29T19:23:02Z,2024-04-29T19:23:02Z
UgwmyuQsA78OZdJWI7B4AaABAg,@generalwizdom2355,Its funny to me to see the reactions to this… Like people didnt understand the gravity. The blatant disrespect to the culture and to the west coast. The arrogance of Drake to believe he could do this and “its all fun”…. no its not… And for these guys who make a living on analyzing Hip Hop and the culture to not understand this as the grave mistake that it was is kinda crazy to me. Im a westcoast dude and I wasnt invested or or bias until this moment. It was at this moment that myself and the entire west coast stepped in line behind Kendrick.,2,0,2024-05-10T15:14:57Z,2024-05-10T15:14:57Z
UgwDqFrT8ZMQpHWC-0N4AaABAg,@Ogshindigs,Y’all condone AI tracks?! This will end badly,12,5,2024-04-29T20:37:35Z,2024-04-29T20:37:35Z
UgzzjG2Cxnr1b8LIUah4AaABAg,@Christwenty6,This AI ended up being a misstep,1,0,2024-06-23T13:30:44Z,2024-06-23T13:30:44Z
Ugy5eec7SYrrVeNl_414AaABAg,@frankmills30,Like that still go harder than anything drake dropped,3,0,2024-04-29T20:20:08Z,2024-04-29T20:20:08Z
UgwJPh0PxAS2dzZ6Iux4AaABAg,@Clemsontiger21487,This was a fire time for hip hop. The only unfortunate part is…it don’t get better than this. The two biggest rap artist beefing. It’ll be 30 years,0,0,2026-06-01T01:58:42Z,2026-06-01T01:58:42Z
Ugxml4ONjEkLkYxnTXh4AaABAg,@FlasKamel,"Overrated on a creative level and I find it weak asf to try to win by manipulating a stupid crowd on IG and shit. Probably was a ""clever move,"" but I hate the way things work.",8,4,2024-04-29T19:23:22Z,2024-04-29T19:23:22Z
Ugw1mXBZRjWOVJIMZDJ4AaABAg,@onenyneeightone18,"Joey...going crazy ...what a time to be on a couch haha...
Ya'all bloggers gonna be busy til xmas...until these two catch a fade",0,0,2024-05-04T04:12:34Z,2024-05-04T04:12:34Z
Ugw60n9ESUcsAFAWBD14AaABAg,@Sequence1994,Drake won.,19,4,2024-04-29T19:07:21Z,2024-04-29T19:07:21Z
UgxGctCpuneK-ZCGh814AaABAg,@raphsradio,3:36,0,0,2024-05-01T18:51:52Z,2024-05-01T18:51:52Z
UgxDQWeVeksLhxc4_YZ4AaABAg,@erikv7520,This aged like milk,9,2,2025-05-04T20:55:43Z,2025-05-04T20:55:43Z
UgzHTeaZufWt4c2fxnN4AaABAg,@StylezYung,5:05 ... Drake scared of Future ... They already told u hes not like that,1,0,2024-04-29T21:49:13Z,2024-04-29T21:49:13Z
Ugx7vqrZcf-rq56BOkd4AaABAg,@EddieLove,"Drake outrapped kendrick, y’all just “fell in love” with the gimmicks.",10,9,2025-02-26T13:21:39Z,2025-02-26T13:21:39Z
UgzT0oWSyW0UZyNeZ_J4AaABAg,@BXdemonmode89,It was clever it’s war type shit,1,0,2024-04-29T20:14:56Z,2024-04-29T20:14:56Z
UgyXXUGsISv6PbKaspl4AaABAg,@reddyweeks9270,Drake won bro,8,2,2024-04-29T19:20:57Z,2024-04-29T19:20:57Z
UgxXxDCaGAsGvSArEkJ4AaABAg,@RəikoSuave,"Queenzflip: PAC!!!!! HE HEARD US FROM HEAVEN! JOE WHATS POPPIN! AGGGH!! JOE! ISH! ICE! M4! PARKS! IMANI WHATS POPPING!!!! 😅😅😅

If u know u know",0,0,2024-04-29T23:38:28Z,2024-04-29T23:38:28Z
UgwSu_2tm9a2Ohu2jd54AaABAg,@StonetheMerleFrenchie,Hardest diss from the whole battle,6,2,2024-11-28T01:26:21Z,2024-11-28T01:26:21Z
UgwrdKnVfcj_c7kCt5x4AaABAg,@nathanjarrelle,Alright so let’s release something about that Kendrick diss that just released lol,0,0,2024-04-30T18:36:35Z,2024-04-30T18:36:35Z
UgyzdDYEDqSoqTo_40J4AaABAg,@Braysixx,Midrick stans get SO Upset on every youtube video where unbiased channels are reviewing Drakes bars and gassing them up cause they're actually extremely good. They can't handle it,4,0,2025-04-21T07:53:53Z,2025-04-21T07:53:53Z
UgwqqUnvdyWwPZq03_x4AaABAg,@Riifromthe3,“Kendrick we need ya!”,0,2,2024-04-30T06:11:12Z,2024-04-30T06:11:12Z
UgwM2jXh7Tu2FzfeWrJ4AaABAg,@blackgoddes888,This song is sooo trash 🚮 thought I was bout to hear something😒,3,0,2024-05-02T15:34:26Z,2024-05-02T15:34:26Z
UgzwLJ5gS6EdSV5Dpqh4AaABAg,@truckreviews8944,Drakes saving it but Cole has to come harder is CRAZY,0,0,2024-04-30T01:45:18Z,2024-04-30T01:45:18Z
UgyMspEXAxP4QfY7POl4AaABAg,@kingj4366,Love em or hate em that shit was super hard,0,0,2024-05-05T22:27:09Z,2024-05-05T22:27:09Z
UgwBcrqhEXdcxZIFzNV4AaABAg,@BananaNutCream,Kendrick we need ya hip hop savya lmao,0,0,2024-04-29T23:16:16Z,2024-04-29T23:16:16Z
UgwI45BnTz3mWhCfZbp4AaABAg,@erikv7520,Euphoria ended it all. One of the best diss songs ever made,4,1,2025-05-04T20:55:24Z,2025-05-04T20:55:24Z
UgwRVaA7XWmnvQDk8SN4AaABAg,@anelemsimang5692,Hating on the AI is dumb,15,2,2024-04-29T19:07:52Z,2024-04-29T19:07:52Z
UgyzBoyLLohe1NVJkQ94AaABAg,@Cru_gotit,He def poked the bear 🐻 and got killed 😂,0,0,2024-05-01T00:45:54Z,2024-05-01T00:45:54Z
UgzMZ-tJcSU6M3RZ6gF4AaABAg,@screw_32,This was the corniest shit ever.  Cornball Drake didn’t have nothing. 😂,6,0,2024-05-16T23:10:03Z,2024-05-16T23:12:18Z
UgyPEPuq0475BNxviLt4AaABAg,@DatGee2,Is it me or was parks talking way more than usual and talking over people in this clip?,1,0,2024-04-30T09:35:33Z,2024-04-30T09:35:33Z
UgyNdrzjE5R88C_i0ON4AaABAg,@poolsidepoliticspodcast,Kendrick smacked Drake with that one  verse. 2 songs later Drake still ain't matched up.  I say make him wait 🤷🏾‍♂️,8,3,2024-04-29T19:19:53Z,2024-04-29T19:19:53Z
UgxO7mNwpZOY_ulbMKt4AaABAg,@Tharsan1992,"pacs  estate told him, get it off the dsp's and he did",0,0,2024-04-29T23:11:52Z,2024-04-29T23:11:52Z
UgwHIE1U9HxTXMX60Al4AaABAg,@JustinJohnson-tk4bb,Drake 2-0,4,2,2024-04-29T19:36:10Z,2024-04-29T19:36:10Z
UgxzYIMXZhvC1m6xtaZ4AaABAg,@sandilekweyama3283,"Dot gotta make a movie or something, as far as the music is concerned, I don't think anything his got will be better than  Taylor Made Freestyle",1,1,2024-04-30T13:34:24Z,2024-04-30T13:34:24Z
Ugyt8qn8ueipBwJ2LmZ4AaABAg,@nevernegotiate,Bro... y'all CAPPIN,3,0,2024-04-29T19:07:02Z,2024-04-29T19:07:02Z
UgzSsIPEgS-Yh6_gIf54AaABAg,@alejandroarodriguezguzman9924,He kept it Pg in this one...,0,0,2024-04-30T03:42:53Z,2024-04-30T03:42:53Z
UgyllE8J5VAZBSriYxB4AaABAg,@Chechoo80_80,That’s not even creative😂 ITS AI for crying out loud 😂😂😂😂,12,15,2024-04-29T19:12:40Z,2024-04-29T19:12:40Z
Ugz1EhZi_-NtiRjS3JB4AaABAg,@DavidMartinez-wh1ds,Kind of shoes Joe Budden got on,0,0,2024-05-03T03:52:14Z,2024-05-03T03:52:14Z
UgzxkSFqh-Z_86hb7Sd4AaABAg,@DMVViking,Corny on top of Corny sprinkled with disappointment and disrespect.,3,0,2024-04-29T21:05:41Z,2024-04-29T21:05:41Z
UgyVFcGrKE2K_TrUCZZ4AaABAg,@JuanPena-d7h,Kendrick responds drake on the clock 🤫😶‍🌫️😶‍🌫️🙂‍↔️,1,0,2024-04-30T22:28:07Z,2024-04-30T22:28:07Z
UgzFKc7ywH_cMgKHHz94AaABAg,@tha_jet_king3537,"Song was traaash , lazy and disrespectful not even to Kendrick but disrespectful to Pac for being so lame and using A.i pac to downplay Drizzy ‘s allegations
Drake is a GUEST in Hip Hop and he just made a mockery out of hip hop legacy with this move.",4,0,2024-04-29T19:47:17Z,2024-04-29T20:04:44Z
Ugyytj0R3U34JoUJcDh4AaABAg,@noclipp,Tupac would have used the Tupac and snoop voices too lol,1,1,2024-05-04T09:21:34Z,2024-05-04T09:21:34Z
Ugx-aRwTYPD1gzY4AQR4AaABAg,@Andros666,"Euphoria died half way through with small corny jabs..he was struggling to finish that song , meet the hams was trash 🗑️ a whole fake story and again corny jabs Kendrick ain’t ever gonna do , 6:16 was just more smoke and lame threats 🤷‍♂️not like us was a good record but it was a pop record ..in every drake song he smashed on kendrick even if you take the Whitney bars out he cut and hit dot in every other aspect of life 🤷‍♂️💥but kenbums will say “he’s a better lyricist” but the Taylor made freestyle was all facts 🤷‍♂️it gets brushed under because it got taken down",8,2,2025-01-08T19:22:40Z,2025-01-08T19:22:40Z
UgxSGvPfG6LwLIoes-14AaABAg,@YuniqueKelsey,😂 but why so late,0,0,2024-04-29T21:13:50Z,2024-04-29T21:13:50Z
Ugyr4-jDcXb9UiidOMd4AaABAg,@Djjunior.210,Crazy how kdot had to use the “pedo” method just to come out alive…,6,3,2024-09-14T14:54:19Z,2024-09-14T14:54:19Z
UgzU0-ow8zUMo3Xcptx4AaABAg,@CVTSPRODUCTIONS,You can't copyrights A.i,0,0,2024-04-29T23:11:47Z,2024-04-29T23:11:47Z
UgygkInCOcXyQ_n_XXF4AaABAg,@G4Chaos-on6xk,Most cringe diss ever,3,0,2024-04-29T19:19:55Z,2024-04-29T19:19:55Z
UgyrVtia7jMzr2W3HgR4AaABAg,@loindigo7583,Remember when Joe Budden tried to diss Drake?😂,0,0,2024-04-29T22:53:53Z,2024-04-29T22:54:00Z
UgxeB1oKXItqDZcv4h14AaABAg,@wtcher2060,Drake won,6,1,2025-08-10T13:32:52Z,2025-08-10T13:32:52Z
Ugz6Ar1h1JqJqtWUw-h4AaABAg,@SalesTeamTriumphMarketing,How dare you say youve not gotten a hard Pac or Snoop verse Joey,0,0,2024-04-29T20:42:13Z,2024-04-29T20:42:13Z
Ugw5d5_eQ3RLyK6EgRJ4AaABAg,@ant4373,"Shit was assss, he don’t got no bars, that’s why he gotta come with all the extra shit",6,0,2024-04-29T19:27:15Z,2024-04-29T19:27:15Z
UgwO1fhpt4mpjk7ylCp4AaABAg,@davidnorman4612,"Why does joe budden pretend he doesn’t know what’s going on? 😂

“What’s the name again?”",0,0,2024-04-30T11:13:28Z,2024-04-30T11:13:28Z
UgwQV40BJ5wkw7DtM8R4AaABAg,@ACBEATSKNOCK,U crazy!!! U really think PAC would approve? If he was alive Drake would never...,3,0,2024-10-26T17:57:08Z,2024-10-26T17:57:51Z
UgxRjCuunzB7YJ57lc94AaABAg,@carl3063,I know exactly what Ish was thinking when he heard “Taylor Made”,0,0,2026-04-22T08:46:08Z,2026-04-22T08:46:08Z
UgzwtygYYKaD_ufINCZ4AaABAg,@jc8243,Its lame. Lol.,9,0,2024-04-29T19:04:43Z,2024-04-29T19:04:43Z
UgwHQFT_j3jKpt-Lz6l4AaABAg,@GregoryStackingtons212,We don’t talk enough about how Joe really went there on Drake and Drake ain’t want none of the smoke! I don’t wanna hear about how Drake is up and got money! Joe emptied the clip went back and blew the armory all the way up on Drake!,0,0,2024-04-30T02:49:55Z,2024-04-30T02:49:55Z
Ugz3M-TEAZgMtEXB4_x4AaABAg,@Asianloverfromcancun,Diss was wack no 🧢 I'm still waiting for bars not some little wityy punchlines,4,1,2024-04-29T19:38:34Z,2024-04-29T19:38:34Z
UgxaVo5M2uVtPxV_nyh4AaABAg,@Outofcontextvlogs,Did he even play the song?,0,0,2024-09-01T19:17:18Z,2024-09-01T19:17:18Z
Ugxbwo3HVKpquGv0eDl4AaABAg,@Miz215,Yall be so late with the upload 😂,0,0,2024-04-30T09:48:00Z,2024-04-30T09:48:00Z
UgwRMPHs2IN4dppvwkt4AaABAg,@mace_ceo,Killed this shit they had to take it down,0,0,2024-04-30T08:20:29Z,2024-04-30T08:20:29Z
UgwexLjvFNQ6OlNxTZ14AaABAg,@aaronbacchus7785,Future answer back drake?,0,0,2024-04-29T20:09:07Z,2024-04-29T20:09:07Z
UgxDEi-nLpUkWiK3g-V4AaABAg,@DiorWoodsOfficialMusic,Seriously where is K. Dot ………,0,0,2024-04-29T20:16:26Z,2024-04-29T20:16:26Z
UgwfVQcNu8zK5CdMxV14AaABAg,@KallMeFâLL,"PAC rapped about a man with sickle cell, ai use is not too far for a rap beef…especially when the voices used have said way worse",0,0,2024-04-29T20:50:27Z,2024-04-29T20:50:27Z
Ugwll4K-LiJfhaUvKQ14AaABAg,@LongLiveFeteGod,When y’all gone realize that people gone like what n who they like your opinion is your opinion that’s it that all don’t make it true or false,1,0,2025-05-03T13:33:35Z,2025-05-03T13:33:35Z
UgxyECjf462abmU5Ntl4AaABAg,@alibaba0428,Kendrick is getting snoop  to do the hook of his response,0,0,2024-04-29T23:25:37Z,2024-04-29T23:25:37Z
UgyNPNgTv2TV92EbJch4AaABAg,@Mrs_Saoud,"AI is the murderer of creativity 
, its the hobby lobby of art, it takes the humanity out of art. Its not the future its like choosing a massed produced paining instead of an original Basquiat.",1,0,2024-05-19T14:49:28Z,2024-05-19T14:49:28Z
UgzUFWY4reWZk1dOvIF4AaABAg,@purrp96,Kendrick we Neeeedjjaa 😂😂😂😂😂,0,0,2024-05-01T23:23:52Z,2024-05-01T23:23:52Z
Ugw5iun126p9cBAgK6t4AaABAg,@noexpertis342,He been dissed future…. What would pluto do,0,0,2024-04-29T21:48:29Z,2024-04-29T21:48:29Z
Ugxu6Y0BVNaK9yasCP54AaABAg,@Trioptic3D,That voice is kinda crazy. I remember there was a rapper from Baltimore named NOE and he sounded almost identical to Jay-Z. There are people who sound the same. How do you copyright the sound of a voice? How do we know the AI algorithm was trained on 2pac voice or a person who sounded similar. 🤔,0,0,2024-05-01T12:42:18Z,2024-05-01T12:42:18Z
UgzJ_VYPRxuqg7Zw25V4AaABAg,@vancethaxton8583,He get back when you get back. And he's not gonna be coming with no AI.,0,0,2024-04-29T22:11:07Z,2024-04-29T22:11:07Z
UgzKgu1XQjflVdWKiWV4AaABAg,@trivanobrown7968,Euphoria…….,0,0,2024-04-30T19:29:53Z,2024-04-30T19:29:53Z
UgxXRM_qyUV50lJQqix4AaABAg,@mellow513,I need Joe to give h I s take on euphoria,0,1,2024-04-30T23:20:40Z,2024-04-30T23:20:40Z
UgxqV39vZSafoAxS9nl4AaABAg,@rigil5477,"🇺🇸 B1 FBA (April 29, 2024)",1,0,2024-06-19T15:06:23Z,2024-06-19T15:06:23Z
Ugxh3Y-THHmrx8JXNXl4AaABAg,@LonnieRyans,Super creative 🔥🔥🔥.  F what kdot. fans feel....  Hip hop needed this these days...🤣. Just keep it musical & lyrical 🎶 .....   Hi Mel ❤️,2,0,2024-04-30T10:28:10Z,2024-04-30T10:28:10Z
Ugx7fjroLVXXiCpUxg14AaABAg,@eknockonxbox4900,AI  Drake battle Kendrick on Kendrick next diss,0,0,2024-05-03T14:35:29Z,2024-05-03T14:35:29Z
UgxRV_8jmguQOyatFUZ4AaABAg,@xxreyoxx,"5:15 Drake aint sayin shit cuz he dont think Future can rap lol, look back at the ""Life is Good"" video 😂 said it to his face. That wasnt acting.",1,0,2024-04-29T19:29:27Z,2024-04-29T19:29:27Z
Ugy-UAWMxLH8dnVcJ7l4AaABAg,@jessesshow1,Whoever bro is that said “it grew on me pause” dude you are pushing 50 smh,0,0,2024-04-29T20:13:49Z,2024-04-29T20:13:49Z
UgzM3m1qNJoqVHwhfjV4AaABAg,@TreyParker23,This song is like 2 weeks old. Why are they just now reacting to it?,0,0,2024-04-30T12:27:22Z,2024-04-30T12:27:22Z
UgypUeRGIzL-rXX3rqt4AaABAg,@thebossrayden,"Ice, he has more jabs for Future than you reading. He not randomly saying ""he's big in Japan"" on Push Ups. Gotta look at the record.",0,0,2024-04-30T09:41:08Z,2024-04-30T09:41:08Z
UgzfU9r7EVMUtFS-bwR4AaABAg,@dylenrobertsj3417,Y’all need to respect Mel a little bit more y’all wanted a woman’s opinion. NOW RESPECT HER!! This isn’t LOVE AND HIP-HOP where you can disrespect women.,1,0,2024-04-29T22:05:50Z,2024-04-29T22:05:50Z
UgxMo1P6jyqlV35T_Lp4AaABAg,@andeesway358,😂😂😂,0,0,2024-04-30T11:40:18Z,2024-04-30T11:40:18Z
UgxUKVJcOKJWOQuPRpJ4AaABAg,@NetAdmin586,🧊🧊🧊🧊🧊🧔🏽‍♂️,1,0,2026-05-29T04:18:32Z,2026-05-29T04:18:32Z
Ugz40U7BxwvXNuFS6DJ4AaABAg,@jamesjones-ez9ug,Kendrick lives  in NYC and nobody has seen him?? How do we know that's true?,0,1,2024-04-29T19:50:47Z,2024-04-29T19:50:47Z
UgxvZ3IvEJByGzVI_Yd4AaABAg,@francismlambo5232,"Very very geniuse and creative from drake and I love his approach on this track but... Metro still dropped the biggest diss, 'we still don't trust you'! What if drake has been using AI's on all of his music? 'We still don't trust him' but we loving the approach.",0,0,2024-04-30T10:52:00Z,2024-04-30T10:52:00Z
UgwU5bsm7KDzqmEAmB54AaABAg,@UndeniablySmoov,When Kendrick hit Drake w/ the Drake & Josh pedo bar>>>>>,0,0,2024-04-29T22:17:18Z,2024-04-29T22:17:18Z
UgxAHBnFeOZ1tNvlf4J4AaABAg,@adammiller8597,How bout yall update your stuff instead of being 2 weeks late with everything,1,1,2024-04-29T19:31:30Z,2024-04-29T19:32:04Z
UgzjycMp5-DP37uVCbJ4AaABAg,@mykelc205,It sounds like it was written by Taylor swift.,0,0,2024-04-29T19:25:49Z,2024-04-29T19:25:49Z
UgwZFdQJeq5BOHOThwh4AaABAg,@mikesway4522,"Welp, just heard Euphoria and whoa…threw the kitchen at Drake",0,0,2024-04-30T16:28:50Z,2024-04-30T16:28:50Z
Ugy7XxmgTU456NNRV3R4AaABAg,@Mr_Stag,Very creative and tactical,1,0,2024-04-29T20:11:09Z,2024-04-29T20:11:09Z
UgyTnUl6hSGkZkA-VZd4AaABAg,@miket926,Bruh I thought that was mal I got hype,0,0,2024-04-30T03:49:07Z,2024-04-30T03:49:07Z
Ugx0I17uZf1-r7r8z3N4AaABAg,@clight1557,Everybody better hope they don’t hear that lighter flicker on the next track. Wayne come in to get drake back would be epic and ain’t no body beatin Wayne!,0,0,2024-04-30T02:30:49Z,2024-04-30T02:30:49Z
Ugwqo9XBq-FBJZOrbzR4AaABAg,@mgk_moloko,😀,0,0,2024-05-01T21:13:55Z,2024-05-01T21:13:55Z
UgzXQcc9OVK_az7kAmh4AaABAg,@Cameo131,5:05 Future ain’t diss Drake,0,0,2025-07-13T16:20:29Z,2025-07-13T16:20:29Z
Ugx5t4Z4_Uu58h-pdLh4AaABAg,@TheNEWPORT200,Joe trying to control his content so much this is mad late lol,0,0,2024-04-29T19:41:36Z,2024-04-29T19:41:36Z
UgxQVyUn7o7a8Sj2uwJ4AaABAg,@dmtmediabrothers,I told everybody its genius...and i dont even like drake that much,1,0,2024-04-29T20:10:01Z,2024-04-29T20:10:01Z
Ugx6ecKnUtEpA4XeFSp4AaABAg,@mistersippiburning,"Drakes angle: Kendrick's child isn't his, it's his bodyguard's. On Push Ups you hear ""whooooooo kiiiiiiiid"". It seemed random, but think about it.  Not sure if that's enough to ""nuke"" Kendrick, but I believe that's his big joker.

Also, everyone saying they won't listen when/if Kendrick responds is lying. 🤣",1,5,2024-04-29T20:10:33Z,2024-04-29T20:10:33Z
UgxVb9J5S3lgJdV7q214AaABAg,@SuperStarASAR,Lucian cut Joe a check,0,0,2024-04-29T22:37:33Z,2024-04-29T22:37:33Z
UgxptlnKW2HgB7kVjg54AaABAg,@blackjuice5092,That ish was BUNZ!😂,0,2,2024-04-29T23:47:06Z,2024-04-29T23:47:06Z
UgysvGhnYRcQ2qUfrbd4AaABAg,@Aaronsimpsontv,This is a lot of parks lol,2,0,2024-04-29T20:56:42Z,2024-04-29T20:56:42Z
Ugy-hMrnAvqgg_jkdiF4AaABAg,@nerdywilliams,"the beat sounds like its what you get when you have AI do a DRE beat , than 2 verses by AI and one of them is dead , so sound or dont sound , its PAC",0,0,2024-04-30T08:59:49Z,2024-04-30T08:59:49Z
UgwsoQE8h-xk7fEjLbJ4AaABAg,@latrelljones6624,"these mfers reacting to that mid-beat like ""wooow :0"" lmao",0,5,2024-04-30T01:12:03Z,2024-04-30T01:12:03Z
Ugy5vNoTBJAbbIZIYT14AaABAg,@SeaThyWealth,Your voice and likeness is your personal property.,0,0,2024-05-01T14:21:36Z,2024-05-01T14:21:36Z
Ugxtx-meOiylr87cX194AaABAg,@Inkie.Apparition,Lets glaze drake some more ,0,1,2024-04-29T22:03:43Z,2024-04-29T22:03:43Z
Ugz5tDDb2i39RKXfRax4AaABAg,@BigGameCris,Yup….this did not age well,1,0,2024-12-06T09:05:06Z,2024-12-06T09:05:06Z
UgwCCFrwY0bf85cdJ7Z4AaABAg,@DJ-ll9hv,Why is Joe always a week late?,0,0,2024-04-29T22:24:11Z,2024-04-29T22:24:11Z
UgzBwuNUMr8JR3MtAjZ4AaABAg,@therandompodcast2681,What type of sneakers is that dude on the left wearing ?,0,1,2024-04-30T11:35:45Z,2024-04-30T11:35:45Z
UgzDQ70sxxXdr_2Pg_14AaABAg,@sraji631,THE WEST COAST SAVIOR RESPONDED- EUPHORIA,0,0,2024-04-30T16:47:33Z,2024-04-30T16:47:33Z
UgwwG390yj72W_RnQY14AaABAg,@NetAdmin586,Taylor made was 🔥🔥🔥,1,0,2026-05-29T04:15:46Z,2026-05-29T04:15:46Z
Ugx3mHpwYmT3EunZgJ54AaABAg,@karondasilva8282,Wait I'm I hearing right Joe is saying in this podcast that Drake was winning here,0,0,2024-07-19T10:04:04Z,2024-07-19T10:04:04Z
UgzkvP4Tyky-YfhxUxp4AaABAg,@Exoticbeerchamps,We dont want a future response right now we want the main event but Kendrik started this and now not participating,0,0,2024-04-30T06:59:59Z,2024-04-30T06:59:59Z
UgyHei_ie0Ugyt6mlXh4AaABAg,@MyEmoDiaries,Kendrick just killed this man 24hrs after this episode 😂,1,0,2024-04-30T22:05:06Z,2024-04-30T22:05:06Z
UgxIrX0kZLQWgswG7El4AaABAg,@nomust2939,"Man if Drake wants Kendrick to respond he gotta go freestyle on one of the top radio platforms with no reading off a paper, phone, iPad, kindle, laptop, screen, etc. straight off a dome with punches not middle school bars but he won’t cuz he not built like that. We all know what won’t happened, if the stage was set and this was a rap battle Kendrick do Drake like Chris Brown did Drake on NO GUIDANCE. Y’all not ready to have that conversation. If y’all really understood yall would know Drake no where near built for it like he duck that BET cipher but now wants yall to believe he ready🤭",0,0,2024-04-29T21:46:09Z,2024-04-29T21:46:09Z
UgwqGAFun7hxjcnfcNh4AaABAg,@sway-98-01,Looks like Kendrick fans are replying quicker than him.,0,0,2024-04-30T09:33:01Z,2024-04-30T09:33:01Z
Ugz2lEx6EBDcK6bWDOd4AaABAg,@ExtraordinaryMachine2005,"AI will NEVER be Hip Hop. Especially in a Rap battle. These men were wrong, and I’m happy most people can see that now. Fair weather fans of where ever the current takes them.",1,3,2024-06-06T06:07:00Z,2024-06-06T06:07:00Z
UgwsSIw7mH90VvF2Z194AaABAg,@darrylefurlow,"Concept was good, but execution was ehh. Don't have no plans to revisit the song.",0,0,2024-04-29T19:30:48Z,2024-04-29T19:30:48Z
UgxXGrMtc7ghP4HEw614AaABAg,@Justlookinground,Drake up Idc wut folks saying dat boogeyman narrative out da window,0,0,2024-04-30T04:49:38Z,2024-04-30T04:49:38Z
UgxDSOQxDf3W9vu1DjN4AaABAg,@myQuantumthreads,I mean he used pac to hype up dot I dont get it,0,0,2025-10-21T17:43:41Z,2025-10-21T17:43:41Z
UgzNWWRZC0GovGoJcwZ4AaABAg,@yaboydeath2427,The kids on the glass table is bothersome,0,0,2024-05-01T15:40:48Z,2024-05-01T15:40:48Z
Ugyl0Ge-d5ILo6EbIg54AaABAg,@SomeoneNew42,"JOE!!!! Dont take a week man, speak up!",0,0,2024-04-30T22:17:39Z,2024-04-30T22:17:39Z
UgwJ4HnSkwht9kOKK954AaABAg,@Stoat_o_o,Kendrick fans on that copium,0,0,2024-04-29T19:50:37Z,2024-04-29T19:50:37Z
UgywVNXmEpgWzSaSemd4AaABAg,@Johnathonhuff95,Man Joe what’s up with always being a week late reacting to everything,0,0,2024-04-29T21:06:05Z,2024-04-29T21:06:05Z
UgxkKAbBMxzc4j2LljZ4AaABAg,@jganxsta8203,Kung Fu Kenny album  big payback 6/16/24,0,0,2024-05-07T14:23:06Z,2024-05-07T14:23:06Z
Ugx2CTOejFSr5Yfuebx4AaABAg,@freethinkerstv2112,Joe calling Drake his man’s is definitely glazing.,0,0,2024-04-30T10:41:33Z,2024-04-30T10:41:33Z
UgwYralqEoi85loy9IN4AaABAg,@Z.O.2929,They really just be yapping cluelessly.,1,0,2025-07-13T19:18:47Z,2025-07-13T19:18:47Z
UgwqUT8Uvx5qgTwQcLZ4AaABAg,@bon3riffic610,Joe need blood pressure medication 😅,0,0,2024-04-29T19:18:03Z,2024-04-29T19:18:03Z
UgzHBXwWQyEAEtM9E4l4AaABAg,@TutuLarrieux,"What’s crazy is I’m watching this thinking to myself, 🗣️ hello Melissa, have anything you’d like to contribute to the conversation instead of just sitting there looking crazy? And it took a whole ten minutes before chiming in, which I was ecstatic about. But as soon as she did chime in, here come the men rushing her to be quiet so they could get to the audio of the song. 😑 Meanwhile the audience was waiting for them to play it first the whole time and THEN break it down! Y’all had a whole ten minutes to discuss it but wanna rush her to get to the point? 🗣️ ABSOLUTELY NOT! Don’t do that!😒",0,0,2024-04-30T06:26:26Z,2024-04-30T06:26:26Z
UgyWVAOtTErffVHfDsd4AaABAg,@jeromejansen6587,so the biggest names in the industry really teaming up to end Drake....,0,0,2024-04-30T07:04:59Z,2024-04-30T07:04:59Z
Ugw2svHNGMit-UTcwot4AaABAg,@DEEZILAG,He should have just rapped the whole thing as himself. I get what he was trying to do. He should just drop a “Drakaveli” and go at all of his enemies like Pac did on “Makaveli”,0,0,2024-04-30T00:04:58Z,2024-04-30T00:04:58Z
UgwNGyA0qRA1gI4wL0x4AaABAg,@vincefree,"Talking about his payment to Top Dawg to leave. Mentioning his wife and this?
That isn’t playing with Kendrick and that’s unfair on Kendrick to say that if he comes with a Nuke people will say it’s out of order.",0,1,2024-04-29T22:58:38Z,2024-04-29T22:58:38Z
UgztLucjSP_5pmw0iad4AaABAg,@pandeni4512,Can’t be just give us a song if him rapping over pac and snoop part? It’s still fine with us,0,0,2024-04-30T11:31:17Z,2024-04-30T11:31:17Z
UgwWLCpXSKC0ybRC1454AaABAg,@nasseralharbi8743,"🤣🤣🤣Forget about beat
A. I shit not match",0,0,2024-05-02T00:36:49Z,2024-05-02T00:36:49Z
Ugyii7yMSkfgZxHY1J94AaABAg,@MavvyMaloneTV,Drake steady ducking that Pluto smoke 😶‍🌫️😂😂,0,0,2024-04-30T06:14:48Z,2024-04-30T06:14:48Z
Ugy3pX6HVOXZ56iVCVR4AaABAg,@Grr8jon,"""Genius"" lol what. 😅",0,0,2024-05-02T21:34:51Z,2024-05-02T21:35:02Z
UgzFE53M3V0JavBDfH94AaABAg,@jonathancineus6424,😳 These guys are always ganging up on Melissa Ford like they’re mad she’s not putting out for the homies. The pay must be good for her to stay there and take it pod after pod like a N E R D.,1,0,2024-04-30T04:01:47Z,2024-04-30T04:01:47Z
Ugw1e9xKsqduwnExKa94AaABAg,@steezcarlos2728,"Kung fu kenny, boogeyman, whatever else this dude called himself, lmaoo funny guy 😂 drake on top",0,2,2024-04-30T06:25:24Z,2024-04-30T06:25:24Z
UgyeaDxqEHAnYQTm2rR4AaABAg,@7ballerx,The reactions on here are always weeks behind smh,0,0,2024-04-29T22:17:16Z,2024-04-29T22:17:16Z
Ugy3Xo_7PQa5IGsm5m54AaABAg,@TamiMatse,This song really made the west coast mad and I’m happy Drake did this 😂😂😂 🧊❄️🧊❄️🧊❄️,0,0,2026-08-08T16:08:05Z,2026-08-08T16:09:38Z
UgwGq2BYh-GbkD6yiR14AaABAg,@ramayaruk,It's a voice changer. Big deal,0,0,2024-04-29T20:52:28Z,2024-04-29T20:52:28Z
UgyZvxFLdP3Bv2P3KNR4AaABAg,@emmanuelrobertson6852,"We everybody letting future off the hook? He started all of this, he's a rapper, so why future not dissing or getting dissed? Future sends shots at Russell Wilson but hasn't lyrically said anything to drake.",0,1,2024-04-29T19:50:55Z,2024-04-29T19:50:55Z
Ugy8deGGDBiG5V7kfGZ4AaABAg,@DonnyCorleone,"Kendrick pulled off a real life hit him up , he did one verse and basically said I don't even know why I'm on this track.. and let Ross and Kanye take over",0,0,2024-04-30T15:08:18Z,2024-04-30T15:08:18Z
UgzS9wm2KUO9sTjQ4U14AaABAg,@sxmmnz8852,Boy was yal wrong about  Kendrick. He came with venom and it was in point!,0,0,2024-04-30T19:49:06Z,2024-04-30T19:49:06Z
UgxmpWTrVCaot0JtWmF4AaABAg,@skizzyskitzo,The Jew vs the Hebrew,0,0,2024-04-29T23:16:51Z,2024-04-29T23:16:51Z
UgyYqSWLYbNwQU8-OOl4AaABAg,@rajhiendubois51,Y’all putting to much emphasis on this… it’s a fucking rap battle… Damn!!,0,0,2024-05-03T11:35:26Z,2024-05-03T11:35:26Z
UgxYWBbM-_0Ke4jHti94AaABAg,@HOUSEVYBEZ,You not battle tested if you not being yourself . That’s hip hop the rest is just business .,0,0,2024-04-30T15:23:27Z,2024-04-30T15:23:27Z
Ugx2u92ZscTxmYBdgD14AaABAg,@letsssgooo4618,Why does the white guy not get on camera yet he always talking?! Hahahaha. Don’t wanna lose any that black demo,0,0,2024-06-23T18:48:01Z,2024-06-23T18:48:01Z
UgxBh4dCJL8caNP0eUZ4AaABAg,@joshcalisk8,"I’m kinda over this beef. They all taking too long to respond, and J Cole backing out ruined the momentum 😆",1,4,2024-04-29T21:59:39Z,2024-04-29T21:59:39Z
UgyMszeu2CaWoF9dNSx4AaABAg,@kyonsenpaii,"saying this with the least bias. Drake wont take future as a target ""drizzy Chip n dale"" = always outsmarts pluto. drake been jabbing future for a min but knows future cant outlyric him atm.",0,0,2024-04-29T20:59:11Z,2024-04-29T20:59:26Z
Ugw_FFRNuvP_bL3Xsp94AaABAg,@lexalexander4316,Dang ain’t know that was a Dre beat js smh that man a lil crazy lol,0,0,2024-04-30T12:27:08Z,2024-04-30T12:27:08Z
Ugx79C7uEKEOS5HUTYJ4AaABAg,@shanesanders8406,Mentioned his wife but ok,0,0,2024-04-30T00:54:03Z,2024-04-30T00:54:03Z
UgwFi_rppenVjXU7AS54AaABAg,@str8drop28grams,Drake on top,0,0,2024-04-30T01:41:32Z,2024-04-30T01:41:32Z
UgwCRCcroTaThPVwCRR4AaABAg,@allen3xi,Aged liked spoiled milk🤡,1,0,2024-06-21T21:30:27Z,2024-06-21T21:31:05Z
UgzHfBgzJ0Mn0ROtHjF4AaABAg,@chefboyrgee4142,The beat was slow,0,0,2024-04-30T03:39:58Z,2024-04-30T03:39:58Z
Ugx7k8Z4kOHg7fIzTvp4AaABAg,@kinglouis1993,The lawsuit having it taken down gives Kenny another L,0,0,2024-04-30T00:26:11Z,2024-04-30T00:26:11Z
UgxmQ5b4rGyiuP1y8414AaABAg,@OfficialKentuckeTalawn,Watch how their tone changes the next podcast. That AI stuff was lame as hell and weird.,1,0,2024-05-01T07:41:33Z,2024-05-01T07:41:33Z
Ugw1dUmEwGTQSOURAP94AaABAg,@isaaccruz2030,Is that freestyle real? With AI nowadays you never know ...,0,0,2024-04-30T01:05:05Z,2024-04-30T01:05:05Z
UgzzeRPpT27LwO-goIJ4AaABAg,@Yoga_Lite,"Kendrick respond , damn , that shit fire 🔥 🔥 🔥,  now is gunna be a back and forth, Kendrick wins aways,",0,0,2024-04-30T17:04:01Z,2024-04-30T17:04:01Z
UgyEMehz9Q-HKkxdKwV4AaABAg,@ReddCardinal,"Joe Budden saying Hennessy and Enemies and looking for laughs and co-signs….. no sir. 

People can’t tell me more than one song where pac used that pairing.",0,10,2024-04-30T13:43:22Z,2024-04-30T13:43:22Z
Ugxz-oF_E1vkkARgvJZ4AaABAg,@elloy-x-amg,KENDRICK WE NEED YAHHHHH 😂,2,0,2024-04-29T22:16:19Z,2024-04-29T22:16:19Z
UgzjHKLCGsGeNigwtwV4AaABAg,@rubyreduxx,This rap beef is starting to feel like a popularity contest bc of Drakes whiny fans 😂,0,0,2024-04-30T18:22:29Z,2024-04-30T18:22:29Z
UgzjSot-56iFVm2Nf6t4AaABAg,@crookedithagoat794,I hate to say this but they playing the fans,0,0,2024-04-30T05:55:49Z,2024-04-30T05:55:49Z
UgxeXMmUH6vhiex39NV4AaABAg,@AppalachianPirate,"Bruh, Ish makes me sick",1,0,2024-06-24T04:10:42Z,2024-06-24T04:10:42Z
UgxHsjdbIEvPGxGzVDh4AaABAg,@jdolla8211,Drake pays Joe I'm thinking,0,0,2024-04-29T23:03:35Z,2024-04-29T23:03:35Z
UgyelLfSKAy15j1PcvN4AaABAg,@Genesis-xp3iw,"""You've done enuff Genesis *GYAT*  💀😆😁🤣😂😭😭💪😤"" - Generation Z¹

Idk why i made it alpha numeric, anyway

Get a few dollas, n act like ramen aint good no more 👎🏿

🍜🗿",0,0,2024-04-29T20:05:06Z,2024-04-29T20:05:06Z
UgyfZ3ewrYUa61nkZON4AaABAg,@jamesperry6751,Pac not even from the west coast,0,0,2024-04-30T06:55:53Z,2024-04-30T06:55:53Z
Ugw2peG6hGHa3g379lx4AaABAg,@benniemack9,We are not upset at corny shit,0,0,2024-04-30T04:19:24Z,2024-04-30T04:19:24Z
UgzTCbX9xEhS_CnQWPt4AaABAg,@danovablue7991,Im sick of Ai and Drake already. Dino it is. I need a real voice. I appreciate artist I see that still believe using real artist. I clicked on almost every Misa pick on IG and loved the music along with the story,0,0,2024-04-29T22:40:21Z,2024-04-29T22:43:25Z
UgzHCl_NKImtu5cAant4AaABAg,@Exoticbeerchamps,Drake is the greatest of all time fr,0,0,2024-04-30T06:55:51Z,2024-04-30T06:55:51Z
UgyK-24TTu3ujRgk08F4AaABAg,@nolaboxing504,"Kendrick has to get him and his team and find a solution they can come up with to attack Drake, when there's a will there's a way",0,0,2024-04-29T23:52:55Z,2024-04-29T23:52:55Z
UgweESC-dvamJF5I1W94AaABAg,@joemadisonstudios,Whole show on drake dyck sheesh dat shyt wack,1,0,2024-04-29T21:55:18Z,2024-04-29T21:55:18Z
Ugy-eDa0Pq83mP1iZGl4AaABAg,@OracleEND,Its always funny to see people get in they feelings over Drake 😂💀,2,0,2024-04-30T04:35:53Z,2024-04-30T04:35:53Z
Ugy5nYyA_-bgf2QeaXp4AaABAg,@henryhudson4965,Beef ain't what it used to be 🤦‍♂️ this generation of Hip Hop beef makes Hip Hop look weak💯 8:29,1,1,2024-04-29T19:19:45Z,2024-04-29T19:19:45Z
UgwicSo3Ns7-AMlzcRZ4AaABAg,@imnot_jon,"Rappers treat music like instagram posts in 2024 Little bit of everything in it.. A.I., memes  and they might delete later 😂",0,0,2024-04-30T00:35:10Z,2024-04-30T00:35:10Z
Ugxtprpmd1KchdhNO-F4AaABAg,@Mastermind-187,🌽🌽🌽🌽,0,0,2024-04-29T23:01:04Z,2024-04-29T23:01:04Z
Ugxq9D8wUkZ4AzsqiQx4AaABAg,@frvnkwoods,Melissa definitely got a NDA from Drake cuz she dont speak on him ever. She probably love him.,0,0,2024-04-30T01:55:58Z,2024-04-30T01:55:58Z
UgyBBQrHryC4HTDxNqh4AaABAg,@ChristoRJ876,"People who support PAC believe that he is a better artist than Drake or Kendrick. This is perhaps because PAC is still remembered and celebrated even after his death. While I personally prefer PAC over BIG, every artist has their time in the spotlight which doesn't last forever. There are still many artists from PAC's era such as Dre, Cube, Snoop, Nas, Jayz, Busta Rhymes, and others who are still active. Drake has also made significant contributions to the sound of rap, as have Kanye, Tpain, Wayne, Nicki, Migos, and those who started mumble rap. In other words, even if PAC were still alive today, the next generation of listeners would still move on from his sound. Drake has been at the top of the charts for a very long time, which is quite an achievement. 😂",0,0,2024-04-29T23:40:28Z,2024-04-29T23:40:28Z
UgyORI_QVoNwY58g77F4AaABAg,@teamdirtbag1460,That shit was mid af 😂😂😂,0,0,2024-04-29T20:59:31Z,2024-04-29T20:59:31Z
UgynncC0JPqFUiTIQtJ4AaABAg,@rosuzzieagnes124,Drake the goat. K pop is struggling in his new York so apartment,0,0,2024-04-29T19:18:31Z,2024-04-29T19:18:31Z
UgzyS69FZ5F7LjqKxCN4AaABAg,@SuperHellhawk,"I was rooting for Kendrick but the fact he has embarrassingly hidden and J Cole pathetically apologised, we just need to accept that Drake is the goat of the big 3 now. This is where hip hop is now",0,0,2024-04-30T07:27:27Z,2024-04-30T07:27:27Z
UgwvrTTfWtPTtJsFPoR4AaABAg,@Duffield_World89,All this is about ratings to keep people talking about what we talking about now Tupac is the greatest rapper of all time anyway rest in paradise Tupac Shakur 🙏✊✌️,0,0,2024-04-29T20:48:19Z,2024-04-29T20:48:19Z
UgzAa9NUIZIuK-AyLRp4AaABAg,@MicMarlee,She went to asking the real questions and they hurried up and turned her right off. I seen enough 🎭,0,0,2024-04-30T06:27:07Z,2024-04-30T06:27:07Z
UgwQ0rEFEh8ds6CZTNd4AaABAg,@kristopherwiggins3240,"This aged horribly but I still love the beat and the last verse, Aubrey can keep that AI bs smh",0,0,2024-05-22T03:29:44Z,2024-05-22T03:29:44Z
UgzUK4DczSuyIJu0inB4AaABAg,@iam_clemey,"Ice slow. Drake the typa homie to whack the strongest 1 in the crew 1st. 

The moment you conquer the strongest homie, the weak homies take flight.

Drake shouldn't show them mercy tho. He need to whack all em 1 for 1. 

Consistency in this beef might put him on the role for another 15 years.",0,0,2024-04-30T20:50:24Z,2024-04-30T20:51:23Z
Ugwg5fevTGHb1sSXvz94AaABAg,@iamworthy1302,Conspiracy theories ruined this segment 🤦🏾‍♂️,0,0,2024-04-30T02:05:22Z,2024-04-30T02:05:22Z
UgwHfkpVpyl-EbZu_2B4AaABAg,@DarkClouds-v8,Aged like milk,0,0,2026-06-27T15:42:08Z,2026-06-27T15:42:08Z
UgzmRPIBP7t0e0MrzZF4AaABAg,@maxipayne981,would yall feel the same if it was BIGGIE!??????????,0,0,2024-04-30T01:59:02Z,2024-04-30T01:59:02Z
UgwwlBBrATzmimE1C4p4AaABAg,@shubamama1,What you mean adapt to AI?? We got people dissing people with someone else’s voice? How corny would Eminem be dissing Joe Biden with AI Royce voice? Or F it… Drake should just diss Kendrick with AI Kendrick’s voice. All this AI rapping is corny,1,0,2024-04-30T02:25:04Z,2024-04-30T02:25:04Z
UgyPP4nT8zzaqjOEedp4AaABAg,@supastarcwet9193,So if hip hop needed this why is it not explosive,0,2,2024-04-30T14:03:46Z,2024-04-30T14:03:46Z
UgyM8EyXUkOM92IUvHZ4AaABAg,@joshdee2446,"How yall not double back on yall previous stances on AI in rap, now Drake uses it for a diss and all of a sudden it’s genius and growing on you, no diddy",0,0,2024-04-30T13:48:10Z,2024-04-30T13:48:59Z
Ugz20XcRu8rCtOpHFXp4AaABAg,@bkw0081,It prolly is an AI rollout because ak posted a whole ass tutorial on how to make AI songs after Taylor made dropped 😭 whyyyyyyyy,0,0,2024-04-30T12:36:04Z,2024-04-30T12:36:29Z
UgxmE9wqz8hBa3R6QXp4AaABAg,@SPLASHGOD575,The beat mid af. Calm down with that oh oh oh sh*t,1,0,2024-04-29T21:44:40Z,2024-04-29T21:44:40Z
UgzejHeaiJv4SWfN01N4AaABAg,@mohreh8402,"Address what you say get to point the topic knock down ppl emotional feelings. Address the Big 3 stay on facts be blunt. And go back do what you been doing that Drake can't rap and make good catalogs. Kdot win all the time. This just prove that Kendrick is just as big as Drake and a lot ppl respect him when it comes to Hip-Hop. They do not do that with Drake. And most of the time the man that keep to himself off social media, never in the public eye not thirsty for attention. This person is unpredictable he silent you do not know anything what his plans is. That person is most likely going to win any beef or any war. Silence is the killer if you authentic silence means you are confident you do not have to say you the best when proof in the pudding prove you are.",0,0,2024-04-29T20:32:16Z,2024-04-29T20:35:38Z
UgzlpgqpBewUcy_VZhV4AaABAg,@Nop803,Nope!,0,0,2024-04-29T22:40:18Z,2024-04-29T22:40:18Z
UgxIFlNGTNR15AkkWE94AaABAg,@BluryTime,Miss when this beef was just fun and wasn’t weird.,1,0,2024-12-02T18:03:09Z,2024-12-02T18:03:09Z
UgxBQomqvplxwNESJqB4AaABAg,@kevinjohnson963,He doesn’t even use his own words so it’s only right he elevates to not using his own voice,1,0,2024-04-30T03:46:50Z,2024-04-30T03:46:50Z
UgzxdKgByTvNmAedAZZ4AaABAg,@frankmills30,Joe drake hates you bro,1,0,2024-04-29T20:24:03Z,2024-04-29T20:24:03Z
Ugz8t7dltTMyAWCF1bt4AaABAg,@getatme075,It’s corny. Your first feelings were right. Using Ai is corny.,1,0,2024-05-01T18:23:12Z,2024-05-01T18:23:12Z
Ugzxo1iHz8YxQqfepf54AaABAg,@divinep1912,Satire is what it falls under. Its a cumputer impersonation no laws would have been broken unless he pitched it as such. No lines from a song were use no written or recorded licensing rights would be infringed upon no name likeness or refrence were used. They may feel some type of way but if you think this jew with his jew lawyers didnt see this and cover all bases your are nuts 😂😂.. they walked the grey area and there being no expressly written laws forbidding this hes all clear. He learned from his pwn court battle why he had no ground and used it. This is a masterclass,0,0,2024-04-30T20:08:15Z,2024-04-30T20:08:15Z
Ugwey9Euouzh74NqD_B4AaABAg,@fredrey2242,"Worst song out of the whole beef, it’s even worse than The Heart Part 6 and that was boring 😴, I’m a Drake fan but I don’t know what he was thinking dropping a song with AI features for a rap beef…",1,0,2024-07-18T21:33:24Z,2024-07-18T21:33:24Z
UgxboMJDhymnNBRs_xx4AaABAg,@KlikQuot,So adapt to 💩 😂,0,0,2024-04-30T04:28:38Z,2024-04-30T04:28:38Z
UgyEWJnA9qqm_ynk7FN4AaABAg,@MotTorenas,You people talk a lot 🤦🏽‍♂️,0,0,2024-08-24T22:49:07Z,2024-08-24T22:49:07Z
UgxfzXlTY71VKyGzDOB4AaABAg,@dredre2520,If he used AI or not its still him thats rapping it he just used they voice.. Just like auto tune it doesn't take away from the lyrics it just sound different.. Kendrick gotta hold that L,0,0,2024-04-29T21:57:50Z,2024-04-29T21:57:50Z
UgyilEMH4ccvuIO48mp4AaABAg,@jamalmarsh2617,"""News flash Buddy, you're I'm a feud """,0,0,2024-04-29T20:20:27Z,2024-04-29T20:20:27Z
UgwKE-XtvKN4ruJEaxl4AaABAg,@ThaBlackSwordsman,K dot dropped and cooked Aubrey 💀,0,0,2024-04-30T15:59:21Z,2024-04-30T15:59:21Z
Ugy4pYQy0ubmWppCGbB4AaABAg,@desmondhill7428,Bruh do the chick ever speak???,0,0,2024-05-01T07:46:21Z,2024-05-01T07:46:21Z
Ugzoe2fI_TfEErB12hp4AaABAg,@mike4455,"Timeline Update

Kendrick Dropped Euphoria on 4/30/2024 and murdered Drake..

So currently Drake has to respond with 20 ghost writers.

Have a blessed day lol",1,0,2024-04-30T17:51:24Z,2024-04-30T17:51:24Z
UgxkKQ66GA06lW-2ZdZ4AaABAg,@LeonardoMendoza-e6y,With all disrespect this a bunch of nobody's talking about king Kendrick this didn't age well,0,0,2025-02-21T00:21:10Z,2025-02-21T00:21:10Z
UgxcCxZRNd7cPry0cT14AaABAg,@kingtrilloriginal6967,"Kendrick verse is still harder

But this Drake AI diss is top 5 best disses😂",0,2,2024-04-30T10:16:19Z,2024-04-30T10:16:19Z
UgwUhvJBPt2amiuLy4Z4AaABAg,@ashtonbriscoe8522,They caping,0,0,2024-04-30T15:56:28Z,2024-04-30T15:56:28Z
UgwV-i6tj0MKtV2_GFV4AaABAg,@odd.muchie6627,They gotta cancel this podcast 💀,0,0,2024-05-05T04:43:22Z,2024-05-05T04:43:22Z
Ugx47q1b1cT05EQjUzN4AaABAg,@thecollection7852,Future isn't as important to Drake than Kendrick. Dot is the focus. If he can't beat him the other victories won't matter as much,0,0,2024-04-30T05:44:17Z,2024-04-30T05:44:17Z
Ugzqm_N5yNqVH89eZUl4AaABAg,@Trelznc,Idk what kinda anvil Drake is holding over Mel. But she is ALWAYS quiet when he’s the topic :/,0,0,2024-04-29T23:51:48Z,2024-04-29T23:51:48Z
UgzCjnS8hdU3FjEFXMZ4AaABAg,@Hunter_s_morrison,Beat was OK...sometimes joe trick me ..at first that metro album trash ..,0,0,2024-04-29T20:05:25Z,2024-04-29T20:05:25Z
Ugy0KYz6U92g08StJnt4AaABAg,@kungfuscubabape,Drake won beef,0,0,2024-04-30T00:39:46Z,2024-04-30T00:39:46Z
UgxX1qxdMxPN2ODO9qJ4AaABAg,@khethukuthulachonco6538,😂😂😂 Kendricks fans are delusional they keep telling us with fantasy of a boogeyman,0,0,2024-04-29T21:22:41Z,2024-04-29T21:22:41Z
UgxWnIZfZazhVBhDW8l4AaABAg,@jsparkz_4403,GENIUS.....,0,0,2024-10-10T01:06:48Z,2024-10-10T01:06:48Z
UgxE7oUmWeZtT15TAWx4AaABAg,@OfficialTrapChecker,Joe is compromised this song wasn’t it,0,0,2024-04-30T05:33:58Z,2024-04-30T05:34:48Z
Ugyv-eS1C41J2iWoy1h4AaABAg,@malicious1868,Drake is no threat to Kendrick. Drake using Tupac and Snoop's voice is one thing. But having them both rap with his own flow and rhyme style was stupid as hell.,0,0,2024-05-02T23:38:35Z,2024-05-02T23:38:35Z
Ugyo3X3VSJwKU1eG-mZ4AaABAg,@Wdyrockstar,It was all shits and giggles til he got smoked like the hookah he raps about,0,0,2025-09-27T00:17:57Z,2025-09-27T00:17:57Z
UgxK214PnTID_AyXKrZ4AaABAg,@Rook_gfiveone,"Everyone wanted Drake vs Kendrick, so why is ole boy acting like Drake ducking Future??? C'mon homie",0,0,2024-04-30T00:39:43Z,2024-04-30T00:39:43Z
UgyicqcgdoHZZs_M-YV4AaABAg,@mariopierre19,Kendrick still gotta rap and he ain’t responded so to me Kendrick can hold this “L” for starting a need that he ain’t responded to yet I don’t even want to hear Kendrick response he already beyond 72 hours,0,0,2024-04-29T21:44:48Z,2024-04-29T21:44:48Z
Ugx5KS_-GueSXLW_xSh4AaABAg,@jordynstjohn8152,Nah using someone’s who’s passed voice is weird,0,0,2024-04-30T05:01:21Z,2024-04-30T05:01:21Z
Ugz1N6B3hpWNSQCPrYJ4AaABAg,@jermalhughes9285,You don’t use the dead period and pac a never be that wack on a beat man snoop either them bars was trash it’s made me said fr fr 😅,0,0,2024-07-19T15:04:01Z,2024-07-19T15:04:01Z
Ugw_9D-jDglwPynG9Il4AaABAg,@Internetassitance,That hat should be illegal,0,0,2024-04-29T22:39:01Z,2024-04-29T22:39:01Z
UgzYWEWL0R5KwFokVFV4AaABAg,@Jose-ew7xg,"The usage of AI in music is trash imo. Im into AI and i really like the concepts we are getting with the evolution of it. Bars are trash, Drake depended on the voice to pull their part. Not depending on technology to better your music is like autotune, it sounds alright but its really trash.",0,0,2024-05-03T19:34:40Z,2024-05-03T19:34:40Z
Ugwh2j34VjcXqC1fOdF4AaABAg,@mouksb2000,This is 🔥🔥🔥 Drake done pulled the reverse uno on Kdot using his own weapons lol Drake most def on 6 God demon time 😂,1,0,2024-04-30T19:21:43Z,2024-04-30T19:21:43Z
UgwP1U0jAnHOATKfd_B4AaABAg,@BananaNutCream,Everyone soft honestly,0,0,2024-04-29T23:15:37Z,2024-04-29T23:15:37Z
UgxlZUBQXL2nJyFgEWR4AaABAg,@snapcole6402,Using pacs voice to defend pedophile accusations is crazy lmaooo dudes guilty he was worried about Kendrick exposing it…. We heard it from the joe podcast? I’ve never heard them talk about his creep shit,0,0,2024-04-30T03:59:06Z,2024-04-30T03:59:06Z
Ugxu2DyYFq-L4vH3aFB4AaABAg,@dadidy8493,"Drake got some dirt on DOT man, prolly about his wife and if that shit about his wife cheating is true, goddam Ther is nowhere he coming back from it, even with quintuple entendres😂😂",0,0,2024-04-30T12:45:28Z,2024-04-30T12:45:28Z
UgwFU4URHSH9Nn2pHY14AaABAg,@freethinkerstv2112,"Ppl tried to joke about it being taken down and my response was BUT IT DOES EXIST, IT DID HAPPEN, AND HE STILL GOTTA RESPOND",1,0,2024-04-30T10:41:14Z,2024-04-30T10:41:14Z
Ugya6u7IEGnkJVUoGr94AaABAg,@dwash8093,it was wack it don't sound like pac or snoop that shit was corny af and AI shit is not a good Ideat but he gets credit for being in attack mode but its not a good song.,0,0,2024-04-30T02:20:54Z,2024-04-30T02:20:54Z
UgwlsyxAwu4SQ-Sf7VB4AaABAg,@DexterFuqua,That diss track lame and corny,1,0,2024-04-29T19:47:55Z,2024-04-29T19:47:55Z
UgxSK8ch6pNcsyf299J4AaABAg,@Boxingbanters,"I think it was trash.  First diss was better.  I think the AI stuff was CORNY!!! I think the only way that AI stuff would’ve been good and even have ended this beef is if Drake proves he was really that much bigger than Kendrick…..

He should have responded to Kendrick with AI Kendrick rather than the other guys.  That would have killed Kendrick because Kendrick looks like a salty chump if he gets it taken down and at the same time zdrake is saying “sue me I’m up I’ll pay it 🤷‍♂️” as well as him responding as Kendrick before Kendrick.",1,0,2024-04-29T21:01:23Z,2024-04-29T21:01:23Z
UgwkETIJA9Un0xY7yHx4AaABAg,@MJPIMP9,Drake can't fuck with Future.,1,0,2024-05-04T23:23:47Z,2024-05-04T23:23:47Z
UgxnmYATOJZxVkOdVwZ4AaABAg,@metsemamabolo5097,Industry is full of Kendrick sympathizers and Drake haters 🤞🏾,0,0,2024-04-30T04:06:52Z,2024-04-30T04:06:52Z
UgxqkoIYdSl74WI6NYt4AaABAg,@theenlightmentchannel3842,what happen to rappers just rapping! No A.I. no memes or IG games just rapping! Put on a beat and rap your best bars! This is getting corny now …ain’t no strategy in a battle rap you just rap. I see why J Cole apologized and go out of this circus it’s too goofy,0,0,2024-04-29T23:06:07Z,2024-04-29T23:06:07Z
Ugyui5KcQxMexbkvHit4AaABAg,@loso31584,It was wack.,0,0,2024-04-29T20:15:27Z,2024-04-29T20:15:27Z
Ugw5N9mU58TMSXL-JVp4AaABAg,@maxnomad9191,"It's clever to use A.i. this is how you ruin a genre with computers vs humans. Using a app to design your delivery and allowing a computer generated response is 100 percent weak af, if you a creator.But I guess this is innovation to the confused.",0,0,2024-04-30T03:45:06Z,2024-04-30T03:45:06Z
UgwUStQeajpYnV02hhJ4AaABAg,@DariusBean-zw3rg,Cringy! Taylor made was only good on drakes verse and that was a light bar,1,0,2024-05-08T23:30:30Z,2024-05-08T23:30:30Z
UgycQq-9YVjVfHWJWW94AaABAg,@thickivicki89,KENDRICK IS gonna drop a whole album!,0,2,2024-04-29T22:35:58Z,2024-04-29T22:35:58Z
Ugya1PatNKhn9oL3UgB4AaABAg,@J_Money3,Bro it’s two white ppl tht run the pac estate and u don’t think Drake new this was coming he prolly out a cool Mili to pay them off,0,0,2024-04-30T00:18:54Z,2024-04-30T00:18:54Z
UgwAXNUMUfenvghoLzh4AaABAg,@jonstardc7160,ppl so soft and selective did ppl forget Kendrick did a video using dead ppl faces 😂😂 so drake being clever and creative is a problem 😂😂😂 ppl are just soft and weak minded and just contradiction. music is supposed to be creative and expression. Drake up and Kendrick taking a L,0,0,2024-04-29T20:09:01Z,2024-04-29T20:09:01Z
UgwKseR3zasRp9HHOHB4AaABAg,@RickyFitts-z3f,Why respond to wack stuff 😂think guys!! Drake got bodied by Pusha T… is Push a T better than Kdot! 💭,0,0,2024-04-30T01:05:24Z,2024-04-30T01:05:24Z
Ugzg1YlLQ7fieEZito14AaABAg,@Gotemgotyou,Naw my bro Joe don’t know he would be classified as a white boy too if we’re playing that dumb game💔🥲😂,0,0,2024-04-29T20:55:31Z,2024-04-29T20:55:31Z
UgwMWnf_K00WTeS_fGl4AaABAg,@ngcbizzlekorleone8804,Damn all that talking u dnt even play the song,0,0,2024-04-30T12:41:09Z,2024-04-30T12:41:09Z
Ugzy5lXcSh8ypW_gbaN4AaABAg,@GorillaYute24,Drake gotta rap take off all this FUFU none of them have a single clue what they are talking about they just said Drake listen to their pod so they clearly biased,0,0,2024-04-30T13:24:48Z,2024-04-30T13:29:07Z
UgxrFbtylHrZ1C_d5Zp4AaABAg,@dopenerdaroc3211,Yall too damn phony 😂 but why did they prompt PAC to say “Kenny we need you” that whole thing was rigged and wack,0,0,2024-12-23T05:59:44Z,2024-12-23T05:59:44Z
UgwWEIzCY1ge_E9OjPd4AaABAg,@roysotelo2210,"Corny as hell, ghost riders and AI typical drake fashion",2,1,2024-04-29T19:53:36Z,2024-04-29T19:53:36Z
Ugx5uWSrKJM8w2-6gZp4AaABAg,@gyptt1106,Plus track wack 😂😂,0,0,2024-04-29T22:18:34Z,2024-04-29T22:18:34Z
UgykQtznrsRphNphPqZ4AaABAg,@TheKeepitonehundred,Drake lost,1,0,2024-05-05T08:29:04Z,2024-05-05T08:29:04Z
UgyoCbtUNAe0mbM2W0h4AaABAg,@labnawd6482,Flip calling Taylor made psychological warfare then not im understanding and calling meet the grahams music for people who need therapy is a bonehead take. 2026 comment lol,0,0,2026-05-22T18:10:53Z,2026-05-22T18:10:53Z
UgxWpydcZPYR-fkwlEh4AaABAg,@rngrover23,🗑️🗑️🗑️,1,0,2024-05-02T05:34:36Z,2024-05-02T05:34:36Z
Ugx7nMjRWMWXLwafk4J4AaABAg,@sympleerich9770,🗑️,1,0,2024-05-05T13:37:39Z,2024-05-05T13:37:39Z
Ugz7Uy39Qkcz55EIEAl4AaABAg,@ramgeetnarry8391,Stop talk about Kdot bc hes on the clock he need to respond.  Theres no come back for Kdot.,0,0,2024-04-29T20:07:09Z,2024-04-29T20:07:09Z
Ugy1YDDKprnplSOMRO54AaABAg,@paulanicole2977,They are milking this. Let's move on.,0,0,2024-04-29T22:31:55Z,2024-04-29T22:31:55Z
UgxV61AnxqbZKDaVR5R4AaABAg,@91fox29,"It’s just “a creative song” till everyone is getting robbed because no one needs to credit anyone anymore. Besides Drake is doing more negative to the long term reputation of hip hop to the real fans. The only ones who still gone be around when all
Of this is cold is us lol. Drake just a pro scammer he been eating off everybody and pushing his power at umg for years. Stop encouraging this type of deceptive behavior especially from the fakest mf in the game",0,0,2024-04-29T20:22:56Z,2024-04-29T20:22:56Z
UgzR60OcYgbk2E52G5V4AaABAg,@PFOD1008,Song Corny. Lazy Bars.,0,0,2024-04-30T06:13:48Z,2024-04-30T06:13:48Z
UgxaQFXxhEp7r3Uyyd94AaABAg,@layvonnenewman,They really dnt know how to break down a diss this video trash,0,0,2024-08-19T12:48:06Z,2024-08-19T12:48:06Z
UgwqRI_MQsjo_TeN3Eh4AaABAg,@fredrickclark4551,that beat so ass,1,0,2024-04-29T22:29:34Z,2024-04-29T22:29:34Z
UgwEed8FNkE8bpL8zpN4AaABAg,@romeomeade-ortiz8552,This is takeover jay z,2,2,2025-08-13T14:53:05Z,2025-08-13T14:53:05Z
UgwnpjoQpq-uiX0DR3R4AaABAg,@andr9663,"Drake mentioned Kendrick's wife, Whitney. So Kendrick may come back with all the smoke. I don't think there's anything Drake has on Kendrick that would be that damaging. The idea that Drake is baiting him makes Drake look like he's in control, but he had to delete that AI track which shows he's not that calculated.",0,1,2024-04-29T19:57:31Z,2024-04-29T19:57:31Z
UgxFX70wiXSQut-c_gR4AaABAg,@IAMU.D.,If Kendrick used AI they would say he is genius and won. Kendrick meat rider will do anything to cope with the L,0,0,2024-04-30T09:55:49Z,2024-04-30T09:55:49Z
UgwKoWNnnJwKenQlVpZ4AaABAg,@lenwardwoody9217,After 15 second I turn that shit off. That AI shit is trash and if I wanted to her anything that sound like pac I’ll put on his music.,0,0,2024-04-29T23:24:21Z,2024-04-29T23:24:21Z
UgyZmCndkNQuPBYqKsZ4AaABAg,@ryannorth9377,It’s wonderful to come back to this a over a yr later to see the lies. Everyone on this show was talking about how “genius” and how “smart” and how “calculated” Drake was for dropping this. 2 weeks later they was singing a different tune. Drake didn’t just underestimate Dot. The JBP did too.,1,0,2025-07-16T08:35:11Z,2025-07-16T08:35:11Z
Ugx_E4ruSKsvmSFCxRV4AaABAg,@Talmonta,"How long are you gonna keep talking about rappers. You aging mate, it looks weird",0,0,2024-04-30T11:07:44Z,2024-04-30T11:07:44Z
UgwvmxHcjDIOmblOmRh4AaABAg,@frankmills30,Joe stop it that shit wack and I'm sick of hearing parks and tell ice take them iverson off,0,0,2024-04-29T20:21:12Z,2024-04-29T20:21:12Z
UgzxrwM0AWJOw7wxd594AaABAg,@miabeatz80,How does a fake verse and maybe even an AI Drake verse sound like a good idea. This is textbook what's wrong with rap right now. Clout chasing instead of using skill only.,0,0,2024-04-30T15:40:38Z,2024-04-30T15:40:38Z
UgzS30kIpIF3f1pJJtZ4AaABAg,@baddworld,That shit was creative af Drake actually rapped ALL OF THAT,0,0,2024-04-29T20:00:28Z,2024-04-29T20:00:28Z
UgwyD6hhWBeAMCXxQeR4AaABAg,@loiejames7659,Drake isn't winning i,0,0,2024-05-03T00:03:38Z,2024-05-03T00:03:38Z
UgyAOadZpFO3-1J5WFZ4AaABAg,@nastybiscuittv1001,That shit was weak,0,0,2024-04-29T21:19:17Z,2024-04-29T21:19:17Z
UgxYxg7whFoH0zO64yp4AaABAg,@RVRGOL,It wasn’t that creative bro,0,0,2024-04-29T21:46:56Z,2024-04-29T21:46:56Z
Ugwg10LXezCmR4CPExV4AaABAg,@tommking67,That beat ain't shit,0,0,2024-04-29T21:04:07Z,2024-04-29T21:04:07Z
Ugy0wPLQPT7PiJfjlut4AaABAg,@damonjones8709,Genius 😢 this is wack blasphemy,0,0,2024-04-30T01:57:16Z,2024-04-30T01:57:16Z
UgwoIKGE2liPvhJ81MJ4AaABAg,@celestialnubian,This is cool Joe but you taking so long to put these on youtube that I had to start watching Rory & Mal.,1,0,2024-04-29T22:34:19Z,2024-04-29T22:34:19Z
UgzFFvSmb6Qe0vI_I6F4AaABAg,@distinctlydri2831,This didn’t age well.,0,0,2024-04-29T23:36:04Z,2024-04-29T23:36:04Z
Ugz0xXyIhBzCkLE0O3J4AaABAg,@MilesAC87,2pac & Kdot fans are emotionally disturbed from this track. I was never a Pac fan so seeing everyone cry is hilarious 😂,1,1,2024-04-29T22:57:36Z,2024-04-29T22:57:36Z
UgyT2YZ3tjfTmkmLEU54AaABAg,@xavierc6199,"We all love thw underdog story but, break down drakes bars and the fight is a lot closer than the public opinion.",1,2,2024-05-25T01:51:24Z,2024-05-25T01:51:24Z
Ugwnah2jhCxan_NmMp14AaABAg,@mathewmcfool,"wow, this feels stale.",0,0,2024-04-29T22:05:08Z,2024-04-29T22:05:08Z
Ugz2PX9ianFr3LMdrBZ4AaABAg,@gyptt1106,Drake definitely showed us he is a fake and it shows what he been using this hold time a AI computer 😒 and we felt for it...future and metro just showed that raw and spirit winns evertime... this not irobot 😂😂...keep the real writters alive....,0,0,2024-04-29T22:16:40Z,2024-04-29T22:16:40Z
UgwCmIzt55eruyk8Axx4AaABAg,@crownking2517,That shit was trash I’m sorry lol no bias it was hard to listen to the pac and snoop covers knowing it was drake and then when it switched to drake voice it was even more cringey but that just my take,0,0,2024-04-30T03:17:19Z,2024-04-30T03:17:19Z
UgwDmKm4gdlcd1lr7op4AaABAg,@TheMidnightSun33,That diss was weak tbh,0,0,2024-04-30T01:27:25Z,2024-04-30T01:27:25Z
Ugw-8RpRUUCGWUfsFMB4AaABAg,@OsvaldoLuna-fr7wj,That foo ice corny af,0,0,2024-04-30T17:54:23Z,2024-04-30T17:54:23Z
UgwQ5Nj_hOSUm_V8SC14AaABAg,@hidokenface,That shit was lame. Why would anyone be offended by u using ur exact same flow and rap style to pretend to be someone I respect dissing me.,0,0,2024-04-30T06:46:57Z,2024-04-30T06:46:57Z
UgxdlRX5CPCpPd9ZHcN4AaABAg,@RealHughjanus,this dude is such a clown. I literally know more about Hip Hop than him.,0,0,2024-04-29T20:36:10Z,2024-04-29T20:36:10Z
UgxMnFNi8OvMyvesZ3l4AaABAg,@realdaddy2695,Kendrick lost,0,0,2024-04-30T07:46:45Z,2024-04-30T07:46:45Z
UgyLwWqeneVtCjpupJl4AaABAg,@split_head_776,"Drake is corny, but Kenrick can have dreams of Tupac calling him the 'savior' and theres nothing wrong with it. Its sad how much you people hate Drake.",0,0,2024-04-29T22:40:47Z,2024-04-29T22:40:47Z
Ugw6OqvyWEj26xX5MCN4AaABAg,@icewinddale2675,Just some jungle babble. Not real music.,1,0,2024-04-30T06:41:57Z,2024-04-30T06:41:57Z
UgwbnYYS77ey08CZnBN4AaABAg,@NOFACE8779,That shit wasn't even dope frfr,0,0,2024-04-29T23:29:30Z,2024-04-29T23:29:30Z
Ugxb8ASdiXEXFlgrob54AaABAg,@kriscarrdublr,"I thought AK was bad this is a panel of men riding drake like cheerleaders. Yall keep saying it was genius yet what was said that was so good? Is it just because he used AI? Is it using west coast rappers to disrespect a west coast rapper? stop saying shit is genius when its just nonsense. there are no 'kid gloves' this is the same drake we always get so stop making it seem like there is some top tier version waiting to come out. tbh I don't think any of the 'diss tracks' warrant a response. Drake isn't even from America yet feels its ok to disrespect our dead legends for his petty gains. Maybe Kendrick should use Toronto legends to diss drake...oh wait, there aren't any. Vulture energy. 'psychological warfare' yall silly af.",0,0,2024-04-30T05:37:46Z,2024-04-30T05:37:46Z
UgwOlLHg1cJktOKrIK14AaABAg,@JrKING-hj1ww,BRUHHHHHHHH   That shLlit TRASH😂😂😂😂😂😂😂😂😂…. Why you using somebody else who’s dead??????????????????? What ??????? That’s crazy fam!!!!!!!!thats crazyyyyyyyyy,0,0,2024-04-29T22:48:52Z,2024-04-29T22:48:52Z
Ugzh6h-zVJ5crWOOHkp4AaABAg,@michaeltheewolf,I’m sorry I don’t get it… it’s not a good diss track. AI and all it’s just mid.,0,0,2024-04-29T23:53:17Z,2024-04-29T23:53:17Z
Ugw4z6BbgB4zB3RRTHJ4AaABAg,@3lChaVi505,"Ima drop a whole album wit DMX, pac and biggie as A.I. since yall say this dope. wtf this diss and using the goat as a feature is weak and lame asf. Kdot from Compton bout to bully this Disney spoiled burbia boy",0,0,2024-04-30T03:47:08Z,2024-04-30T03:47:27Z
Ugxl_t8q-1eTVgxhZEN4AaABAg,@PWRDBYVIBRNM,"We need to talk more about how weak all these dudes are for planning to gang up on the little ""white kid from Canada"" according to them. 

Drake wins by default they had to jump him 😂 🦉",0,0,2024-05-01T05:39:06Z,2024-05-01T05:39:06Z
UgwlF1NC_X5f7_qyUj94AaABAg,@JayJeffersonAuthor,"If you don’t like this, you just a DRAKE hater.",0,0,2024-04-29T21:41:03Z,2024-04-29T21:41:03Z
UgwJbJGJODIUK8xzJfF4AaABAg,@donibtalkslive,Male beef is trash now,0,0,2024-04-29T21:31:14Z,2024-04-29T21:31:14Z
Ugy63H3iCyYoxe4PpYd4AaABAg,@KaNceLSF,Both drake so called diss tracks was corny 🤷🏽‍♂️ yall so gullible to think it’s even good . That’s what’s wrong with hip hop these days . Shit is corny 🤷🏽‍♂️ funny think is drake cares more about his rep then Kendrick thou his ego is hurt . Kendrick is like let him keep dropping I don’t give a fuck he don’t know shit about me 🤷🏽‍♂️anyone think about that .,0,0,2024-04-30T02:19:15Z,2024-04-30T02:19:15Z
UgzfoAbeDl_ciMTbx-x4AaABAg,@tonystark4121,Yall buggin!! That shit was trash,0,0,2024-05-01T19:22:36Z,2024-05-01T19:22:36Z
UgymFZi8-CdUgaROhwd4AaABAg,@Linaj617,"Drake won already ..sorry imo ….kanye …no go 🪑 mind your business …., and it was trash 🗑️",1,0,2024-04-29T19:56:04Z,2024-04-29T19:56:04Z
Ugxz04OGFXyW5m9jhZ14AaABAg,@yalpat,I'm a fan of Joe bars but podcast Joe is a groupie we want honest controversial Joe not this politically correct guy,0,0,2024-04-29T22:29:28Z,2024-04-29T22:29:28Z
UgxrfZRGnB9FfVmzMUR4AaABAg,@nerialive,trash,0,0,2024-04-29T23:47:12Z,2024-04-29T23:47:12Z
UgxL5Ye8SZhcjiWRznx4AaABAg,@mellow.madness,"Drake us like the kid waiting after school to fight. Dying to get it over with, win or lose. Because they're going to peace it up inside  of years after.",0,0,2024-04-29T21:25:52Z,2024-04-29T21:25:52Z
Ugx7BcwxhsRhh-PvQ-x4AaABAg,@Ageofredemption,Lmaoo this beat was cringe the raps were cringe the ai was cringe pandering to a dude dissing you on this cringe tragedy is cringeee its just one biggg CRINGEEEE,0,0,2024-04-29T20:00:55Z,2024-04-29T20:00:55Z
UgwDDmyWrRsaTzf726F4AaABAg,@sugastick30,Who is  biggest rapper in the world 🌎 ...?ill wait😎,0,0,2024-04-29T19:27:01Z,2024-04-29T19:27:01Z
Ugx1f6lT--qvicvj5U94AaABAg,@tonywilson9988,That shit wack,0,0,2024-04-30T14:38:53Z,2024-04-30T14:38:53Z
UgxuaRuUKMF3xG0jpRZ4AaABAg,@Bornrxbel,This is very lame. lmao. I'm sorry but issa hard NO.,0,0,2024-04-30T04:24:30Z,2024-04-30T04:24:30Z
Ugya5SYS2q7q78TTXtB4AaABAg,@TameriKingdom79,Yall make excuses for the worse ishhh,0,0,2024-04-30T12:16:55Z,2024-04-30T12:16:55Z
UgyhPAkc4sHcTwc6jad4AaABAg,@codyfrancis4474,Didn’t even play the damn song just a bunch of non sense,0,0,2024-04-29T21:49:28Z,2024-04-29T21:49:28Z
UgyYVP_qOv_tXaOWiE54AaABAg,@_RL.,"This take aged so bad. Lol Ice Man is out, and 2 years later it doesnt get better for Drake",0,0,2026-05-24T15:37:48Z,2026-05-24T15:37:48Z
UgyNQwxosY_uDvg-hSp4AaABAg,@kidusyigzaw7547,Kendrick is weak. Stop hiding,0,0,2024-04-29T21:01:59Z,2024-04-29T21:01:59Z
Ugyr82sbYSgazzh952l4AaABAg,@TheBlackAbstract,These takes are horrible..Just like the Taylor Made Record,0,0,2024-05-01T20:59:55Z,2024-05-01T21:00:10Z
Ugx2rEc9Z1uRSEBcIvZ4AaABAg,@Bookmannn,"Love Joe & the crew but that songs is trash ,The whole beef is Wack 100 .",0,0,2024-04-29T23:56:34Z,2024-04-29T23:56:34Z
UgzDScPI1ejJP9bTeDR4AaABAg,@loagoseolwane9286,"Deleted disses
J Cole - 1
Drake - 1
Kendrick 0",1,0,2024-04-30T04:05:40Z,2024-04-30T04:05:55Z
Ugzu3raMLy64b0FHEB14AaABAg,@mqparty7461,Drake wasn't ready for the venom....,1,0,2025-03-12T16:52:19Z,2025-03-12T16:52:19Z
Ugw-hd2DLbANQ_flG7R4AaABAg,@akwasirose7407,That sheet is trash. Clever but trash.,0,0,2024-04-30T16:47:31Z,2024-04-30T16:47:31Z
Ugz2WbGgiZ0KhF3r_L94AaABAg,@connoisseuroftigolbitts,If they sue drake they gotta sue all the other tupac A.I’s,0,2,2024-04-29T22:02:37Z,2024-04-29T22:02:37Z
UgynqsUVQzYx7aa5Sa94AaABAg,@CameronGould-hg4wn,Kendrick is in his own lane and super talented but he's the easy target streets ain't playing Kendrick heavy,1,0,2024-04-30T05:05:43Z,2024-04-30T05:05:43Z
UgxkGoE_VgOOxSrpTvR4AaABAg,@damxn7303,Taylor made is so trash.. I don’t get it … ppl seem to like it,0,0,2024-04-29T21:21:48Z,2024-04-29T21:21:48Z
UgyGCQnB0T-eHuOpc6R4AaABAg,@Gregory-u6f8h,Yb better,0,0,2024-04-29T19:25:46Z,2024-04-29T19:25:46Z
UgzJh4xCALETJVk415F4AaABAg,@zsanb.5893,I guess Joseph and Company conveniently forget everyone knows Drake has a camp of writers lol. It’s never been a 1 vs everyone,1,1,2024-04-29T19:28:45Z,2024-04-29T19:28:45Z
Ugwa5yCflvbmgY2bVj54AaABAg,@gilfordmccormack8140,That Track was trash,0,0,2024-04-29T20:51:30Z,2024-04-29T20:51:30Z
UgwAuzzIbWuVlywpWUR4AaABAg,@zulu2053,Using A.I. is now genuis? 😂 this is a clown world 🤡💩,2,0,2024-04-29T22:46:29Z,2024-04-29T22:46:29Z
Ugy0ZjvKqftuZcvgkh14AaABAg,@ProtectYourWomanProtectYourWom,Waste of my time listening to yall,0,0,2024-04-29T21:32:31Z,2024-04-29T21:32:31Z
UgzSPRhpuCeqUCC7NSl4AaABAg,@jameswilliams7725,That song was trash,0,0,2024-04-30T09:27:37Z,2024-04-30T09:27:37Z
Ugwv_AMJFRQtrTYEdpZ4AaABAg,@tshepobareetseng,Taylor Made Freestyle is fire,1,1,2024-05-02T09:21:35Z,2024-05-02T09:21:35Z
UgxaykfEObXK46HGO4l4AaABAg,@natzbaby,This aged like mill,1,0,2025-05-23T19:10:15Z,2025-05-23T19:10:15Z
UgwRCGd2VCh27F9XdOV4AaABAg,@iamtefnut,"Tupac was an actual Royal. He is in my bloodline. No artist, or ANYONE should EVER be able to use the likeness of a true Royal. Royals have unique and authentic creativity, and when a person uses AI to mimic or replicate the true likeness of an authentic Royal, it goes against what our ancestors want. Yes—Drake does need to pay Tupac’s estate and he needs to understand here on out, that he should never do that again. Soon this will be actual law.",0,0,2024-05-09T18:36:20Z,2024-05-09T18:36:20Z
UgwwNytVWroyKn6jjBR4AaABAg,@orlandowilliams6,The usage of AI was fine to me.,0,0,2024-04-29T22:26:02Z,2024-04-29T22:26:02Z
UgzMyuw1x1PXiCjHy0N4AaABAg,@supastarcwet9193,These people have nothing more to talk about. That's why they trying to pump up the beef. They keep saying drake isn't really dissing him. He's not going hard. They keep giving him passes. Why do they not say what it is. Drake songs just don't hit like that,1,1,2024-04-30T13:54:25Z,2024-04-30T13:54:25Z
UgwobiG2ObSP_8FP2l14AaABAg,@maxipayne981,they sound like Drake fans and not podcasters. Drake been shootin at Kendrick just as long as yall say Kendrick been shootin...,0,2,2024-04-30T01:53:45Z,2024-04-30T01:53:45Z
Ugxayvpn5LaS8UvCb5h4AaABAg,@thabangmatome9165,"Drake spit the verses then put 2Pac and Snoop voice over his🤦🏾‍♂️🤦🏾‍♂️🤦🏾‍♂️why y'all acting like it's AI generated? 

That's a DRAKE FLOW",1,0,2024-04-29T22:00:29Z,2024-04-29T22:00:29Z
Ugz3Povq_ZObEYGSWjd4AaABAg,@frankpanacea3918,Drake responses are mid and soft . Doesn’t even merit a response at dis point . This ain’t a modern GOAT 🐐 battle . Drake makes everything mid and corny . The block don’t relate,1,1,2024-04-29T19:46:34Z,2024-04-29T19:46:34Z
Ugy3feHEN7FP_rNlZMF4AaABAg,@richrival8905,Taylor made freestyle and nothing about the track was a freestyle 😂,0,0,2024-04-29T19:20:21Z,2024-04-29T19:20:21Z
UgwKw1ZOqjSo4mz5RmJ4AaABAg,@toolegit7668,"This was an admission from Drake that he's scared to death of Kendrick and he knows Kendrick has the superior pen. Its like a great boxer knowing they're about to get in the ring with Mayweather. You know you're going to have to muddy the waters a bit, get physical, maybe get dirty lol. So kudos to Drake for being real with himself and doing what he needs to do for the win. 

 I actually like the record and think it was clever being that we're in a different time in music now. But from a hip hop purist standpoint what he did was unacceptable",0,1,2024-04-29T22:52:44Z,2024-04-29T22:52:44Z
UgwW5DDYGpCkAvzlSYx4AaABAg,@nelsontorres6241,"It ain’t gonna take 3 weeks for drake to cook ya, I love the west coast but Kendrick’s early shit was fire his latest shit isn’t my cup of tea tho",0,0,2024-05-03T02:23:54Z,2024-05-03T02:23:54Z
UgxMXXePYbo0dNJYF-Z4AaABAg,@im1ub12,They gotta get the Melissa chick outta there. Shes so boring and brings nothing to the conversation.  Shes got to go,2,0,2025-01-18T14:50:57Z,2025-01-18T14:50:57Z
UgwGSfK1vZUYX0iuEtx4AaABAg,@xavierc6199,Check history drake helped ALL these guys come up. Back stabbin at it's finest. Though drake needed to be humbled...just my thoughts,2,3,2024-05-25T01:54:05Z,2024-05-25T01:54:05Z
UgzksAD3TLHW48ramj54AaABAg,@kellypower3525,"Drake should be disqualified for using a deceased artist that he clearly has no respect for and Pac would never stand with Drake, poser shit",2,1,2024-05-08T15:11:43Z,2024-05-08T15:11:43Z
UgxzRdc5qDQnoBuw_-p4AaABAg,@HennyHakai,Drake backhanding Kenny rn,0,0,2024-04-29T21:27:32Z,2024-04-29T21:27:32Z
UgzTJ01euVxuwKfIT-R4AaABAg,@SuperStarASAR,"So I can make a song in Michael Jackson voice and sell a million, right?",2,2,2024-04-29T22:36:58Z,2024-04-29T22:36:58Z
UgzC3mPSBwHIXhBqm1N4AaABAg,@plentywater773,"People are also angry with the use of AI of Oac and snoop because Drake is using the hiphop legend as a tool to show how powerful he is that he can use their voice without their permission. No that’s the Drake being industry plant used by the machine that everyone been talking about. Who dares use Snoop and PAC’s voice without clearance and then even more insulting, he used AI. Meaning f— yu sue me. That is drake showing no regard to no none because he is backed by the machine.",0,0,2024-04-29T21:27:13Z,2024-04-29T21:27:13Z
UgxNqCTNhb6ZBmyqLrR4AaABAg,@oblove1586,Bro Y'all Can STOP Capping 🧢 Trying To Engineer Drake a Victory.... Kendrick Is Miles Ahead Of All These Rappers and That Include Drake...So STOP With The West Coast HATE🤷🏿‍♂️,3,0,2024-04-29T19:14:59Z,2024-04-29T19:14:59Z
UgworU392GG2v36Y7OB4AaABAg,@blackthecsr,Seemed like Drake fans liked it but wasn’t for me.The use of PAC is the part that felt weird for me.Idk if I could see any successful rapper besides Drake using him in that way and I don’t mean that as a compliment.,0,0,2024-04-29T23:43:36Z,2024-04-29T23:43:36Z
UgxjxG6zBme_UyPKnIJ4AaABAg,@JLW-7,I really hope Kendrick is not deciding to just leave it alone and move on. Id be extremely pissed and disappointed.  Even more so than i was with the J Cole apology,0,0,2024-04-30T13:02:40Z,2024-04-30T13:03:09Z
UgwEBKzrxNiuUP4ssyx4AaABAg,@Nycfinest197,"Super creative with AI, lol.. gtfooo, while the estate made him drop it and drake got 450 ghostwriters lol. Kdot got the chess move, and he decides when to attack. Is his move. Drake mad that is the first time that he doesn’t control the situation lol.

This social media crap he’s a machine they paying for the bots and these fakes fans. Nobody is playing his disses in the club or the streets. The shit came and died out lol",0,0,2024-04-29T20:25:17Z,2024-04-29T20:26:41Z
Ugz2RcHx5TB_C3K85Tl4AaABAg,@LiveAfterLife,"Do u kno how GOOFY u gotta be💯
to be BLACK, to see not only is Kendrick BLACK but Kendrick WRITE &he from America
BUT YOU🫵🏽saying give his crown 👑 to DRAKEEEE
🙄this MAKES you a goofy
💯💯",0,0,2024-04-29T19:49:16Z,2024-04-29T19:49:16Z
Ugw8S5U35aGaL0KHzQh4AaABAg,@FatboyJ5051,Drake was in it until not like us dropped,1,0,2026-01-29T16:52:05Z,2026-01-29T16:52:05Z
UgwmWi4AtOMrLfeg1KV4AaABAg,@SwagYolo69420,Your old and corny if you calling a song a record in 2024,1,2,2024-04-29T19:44:11Z,2024-04-29T19:44:11Z
UgxLq08nxfK7Ag8cbnR4AaABAg,@Mgbushwick1,"Cap 🧢, song and idea is wack",0,0,2024-04-29T21:22:53Z,2024-04-29T21:22:53Z
UgxZYee52TaZlbwHhLV4AaABAg,@devinkk,"The idea that Drake has on kidgloves or is holding back is ridiculous and is kind of fan-boy rhetoric. He came as hard as he could, but that's how he fights: with passive-aggressive softboy nonsense. I mean we've been hearing it since Marvin's Room. The same character, just different target.",0,0,2024-04-30T10:49:06Z,2024-04-30T10:49:06Z
UgzjyZs860Lp5wkqFI14AaABAg,@TheRealPMick,Drake's trying to make AI rappers acceptable for Universal. Think about it. 🤷🏽‍♂️,0,0,2024-04-30T11:10:20Z,2024-04-30T11:10:20Z
UgyKZ3O4RA2CaU2Dm4Z4AaABAg,@erikv7520,It was wack.,0,0,2025-05-04T20:52:34Z,2025-05-04T20:52:34Z
Ugx7arbm_lIYMxKZCRt4AaABAg,@hulkmad27,"This whole argument is dumb, you can't copyright a voice! If drake uses snippets of pac's song that one thing, it a published property, but what drake did can be interpreted as fair use, if you could copy right a voice impressionist are done, they would have to get sign offs from everyone. The ai voice is not pac and the words are not his. It a parody. If drake was a good impersonator could they still sue him?  no absolutely not,  so what is the difference with ai?  this is dumb as hell.",0,0,2024-04-30T12:10:07Z,2024-04-30T12:10:07Z
UgygxzjY_9X7egF5eWF4AaABAg,@christianvazquezdurr3858,Euphoria was boo-boo 🤢,2,2,2024-05-12T05:52:57Z,2024-05-12T05:52:57Z
UgyNnG8s3-wDm4iNFUR4AaABAg,@Ghost_Champ_OG,Song was mid,0,0,2024-05-01T02:16:11Z,2024-05-01T02:16:11Z
Ugx5RedVpdG7raO7baZ4AaABAg,@ogskullomania3119,Shit was lame...Drake Does'nt write his own shit,2,1,2024-04-29T19:29:11Z,2024-04-29T19:29:11Z
UgzPYEB9Vnsuj6r_avt4AaABAg,@DejiiJones_,That ish was mid 😂😂.. ⛽️ this because it’s Drake straight corny,0,0,2024-04-30T13:54:49Z,2024-04-30T13:55:39Z
UgxFlcMl44mMqV9XPRB4AaABAg,@swiftskillz89,"Cmon Joe wtf kind of take is this? This was not genius or calculated. Drake isn’t baiting anything. You guys are biggin up the Mickey Mouse club manufactured industry plant with the machine behind him as if he isn’t taking Ls consistently in this as it goes. Now you’re making up excuses for Drake, the jewish Canadian cosplaying as an African American, and saying he’s evolved the warfare of rap beefs when he’s doing cornball antics saying Na-Na standing behind his Jewish record label savior. You’ll get more views when you tell the truth and not support this marketing campaign narrative where you undermined the talent and authenticity of Kendrick by not telling the truth. Drake isn’t a real person. Kendrick is.",0,0,2024-04-29T23:41:25Z,2024-04-29T23:41:25Z
UgzoBJA2qUDPMuWW0i14AaABAg,@committedfathers,It was GARBAGE,1,0,2025-02-28T20:04:25Z,2025-02-28T20:04:25Z
Ugxs0vIEPN6ygZXxidt4AaABAg,@jj7126,"Using AI is corny, and he still didn't really come back at Kendrick.",0,0,2024-04-29T19:38:04Z,2024-04-29T19:38:04Z
UgxDFl4PR9KG6kk_jEB4AaABAg,@GGRIMKRE3P3RR,"Old heads ruin every freaking thing. 😂😂😂. It’s technology, it’s witty because Pac is dead and Kendrick a west coast artist. 😂😂😂",0,0,2024-05-02T02:47:10Z,2024-05-02T02:47:10Z
