comment_id,author,text,like_count,reply_count,published_at,updated_at
UgwFe9CYkT9JwebLq6t4AaABAg,@bobbyp9815,How the hell can you be so vicious and destructive in such a calm voice???,26154,99,2024-05-04T13:53:48Z,2024-05-04T13:53:48Z
UgyWpXj--inCwYU6Cup4AaABAg,@Justacatlmao,Mad respect for Kendrick speaking up on the pedophiles in the industry pretending to be heroes but really they're predators after kids.,29413,129,2024-05-04T23:32:55Z,2024-05-04T23:32:55Z
UgyI9uTuTKqBm-JUTjV4AaABAg,@pookiee9677,the fact drake denies having a daughter but didnt deny being a child predator is so insane to me,67102,263,2024-05-04T23:41:42Z,2024-05-04T23:42:05Z
Ugyf8AH2Cb4FRMAEROh4AaABAg,@KOSOVO_IS_SERBIA_4_EVER,“Kendrick dropped” was like hearing “they hit the second tower”,61,1,2026-09-09T13:56:00Z,2026-09-09T13:56:00Z
UgzIEg-qK-udjuCQZFN4AaABAg,@OrangeJuicePeteR_TV,J Cole on his knees thanking god he chose the righteous act 😂😂😂,5763,16,2024-05-05T00:32:13Z,2024-05-05T00:32:13Z
UgwcvEZFaEllL6mUqb94AaABAg,@KindaJoking,Kendrick acknowledging adhonis as a black man but not Drake is wicked 😭😭,16615,57,2024-05-04T15:56:51Z,2024-05-04T15:56:51Z
UgzVJMZXGN8jKP1hJUl4AaABAg,@gogoku69,"""Decide to destroy families, instead of taking care of his own""... that's devastating.",12097,18,2024-07-07T01:20:28Z,2024-07-07T01:20:28Z
Ugx-jsjgpL_OrVf-Urh4AaABAg,@alexito3000,Drake barking for a goth OF model instead of tacking care of his kid FR 🥀🥀,445,5,2026-08-11T19:11:24Z,2026-08-11T19:11:24Z
UgyspKnazxinmSTBExB4AaABAg,@DuckFormerr,"This is not a Diss song, this is a man having a deep conversation with another mans family about him.",72032,108,2024-05-04T22:08:41Z,2024-05-04T22:08:41Z
Ugz2jh_9nV-t66eElCl4AaABAg,@Andy_Boy93,J. Cole deserves our apologies. We mocked that man for making the greatest decision of his career.,54358,216,2024-05-04T10:47:38Z,2024-05-04T10:47:38Z
UgxBqEFfx0gYyTw3G8h4AaABAg,@lsdvandal,The way he gets progressively more angry throughout the song is actually incredible,13659,17,2024-07-05T21:19:55Z,2024-07-05T21:19:55Z
UgwjEVjLyDajF8pqk_J4AaABAg,@abstracexe,Iceman so corny I had to come back to hear him get BODIED again.,4509,73,2026-05-15T15:30:20Z,2026-05-15T15:30:20Z
Ugy6NFFWk-7r_ICXtBt4AaABAg,@bullcitybaby703,I listen to this occasionally to just feel grateful it wasn’t directed at me.,61474,249,2024-08-04T11:32:40Z,2024-08-04T11:32:40Z
Ugyeirvyg4LyGtdmH3p4AaABAg,@sisilessthan3,J.Cole is frolicking thru the forest right now picking daisies and sunbathing 😂.,100781,488,2024-05-04T04:27:57Z,2024-05-04T04:27:57Z
UgxhEDjLFdWAzOc_nKl4AaABAg,@donzpressplay,Kendrick clearing his throat before proceeding to tell Ms. Sandra that her son should die is INSANE 😩. At least he had the decency to tell her he thinks she should sit down I guess lol.,4528,10,2024-05-04T15:37:07Z,2024-05-04T15:37:07Z
UgxHwS8-LjILCcIrK_N4AaABAg,@ricko1747,the first psychological horror rap song,2147,32,2026-06-12T16:50:13Z,2026-06-12T16:50:13Z
UgyxR_CS_SW36sv2oJ54AaABAg,@TemitopeMaryAkinkunmi,"Telling Sandra to sit down while he dissects her son is just diabolical. Brother, please.",13571,27,2024-05-19T13:42:19Z,2024-05-19T13:42:19Z
UgxJorreMYw5zvaZcfh4AaABAg,@khethozama,"""Family Matters"" being followed up by ""Meet The Grahams"" is so thematically crazy",42356,132,2024-05-04T06:43:26Z,2024-05-04T06:43:26Z
Ugx_ailgxl30DppxIc14AaABAg,@MrDJTek,"Sarting a song w/ ""Dear Adonis I'm Sorry That Mans is your Father"" is NASTTTY WORRKKKK",17229,29,2024-05-04T13:03:32Z,2024-05-04T13:03:32Z
Ugy2EM5iyC5QYG8yIGt4AaABAg,@Powerupstatusnumber5,"""Fuck a rap battle, this is a long life battle with yourself"" Ts like medieval torture for drake",202,0,2026-05-16T15:17:10Z,2026-05-16T15:32:40Z
Ugwu9V6i5pSF9LhY7dh4AaABAg,@cardinalrule6810,"J. Cole is waking up to the fresh smell of ripe apricots and blooming dandelions, listening to the birds chirp in a tranquil forest",181788,636,2024-05-04T11:42:23Z,2024-05-04T11:42:23Z
UgxvhqfwfPxUzDA-N4Z4AaABAg,@missingchannel0,"opening the song with ""dear adonis, I'm sorry that man is your father"" is f*cking brutal",40855,79,2024-05-05T19:19:06Z,2024-05-05T19:19:06Z
UgwYvHrkyDGh4AfprzF4AaABAg,@sh4d3z95,It took Kendrick 5 years to drop an album but he’s dropped 3 songs in less than a week out of pure hate 🤣🤣,40278,177,2024-05-04T08:15:44Z,2024-05-04T08:24:40Z
UgzhitlMoodL6m16fLd4AaABAg,@jairoacevedo1949,"Came back to this after watching drake bark for a goth chick. 'Fck a rap battle, this a long life battle with yourself'",978,22,2026-08-10T22:30:06Z,2026-08-10T22:30:06Z
Ugy20ll1sxx_hJHdc3h4AaABAg,@P2k23P,"Kendrick definitely pulled J.Cole to the side and said ""don't come to school tommorrow""",48944,175,2024-05-04T17:09:03Z,2024-12-12T23:27:02Z
Ugyx57w_Cbg_mY7qxOZ4AaABAg,@Straight2HomeVIdeo,"""Fuck a rap battle, this a long life battle with yourself"" is so fucking good.",11215,45,2025-02-25T15:23:04Z,2025-02-25T15:23:04Z
UgxPC2X7fdSmrN1Bq-54AaABAg,@mastergamermanny2066,This ain’t even a rap battle no more. This shit a court room testimony,166836,521,2024-05-04T04:55:38Z,2024-05-04T04:55:38Z
UgwHh4m-wBhiOkYt_at4AaABAg,@roshanflorencevlogs2588,After listening to this I feel like an accessory for a crime. That sample is so dark.,64,0,2026-07-29T09:00:03Z,2026-07-29T09:00:03Z
UgzqNMBI5iHIery9vAV4AaABAg,@kennyben6349,"“Fuck a rap battle, this a long battle with yourself” DAMNNNN 😭",34506,43,2024-05-04T18:17:29Z,2024-05-04T18:17:29Z
UgyiQAq4R6YVGYJ7oLN4AaABAg,@ematthews1880,Talking straight to his kid. Thats some diabolical diss track shit.,13575,17,2024-05-07T22:11:01Z,2024-05-07T22:11:01Z
Ugzil8MWYLxgPppj7dF4AaABAg,@serwahedusei5665,"When Kendrick clears his throat after he says “Sandra sit down what I’m about to say is heavy, now listen”  is diabolical",4119,13,2025-03-07T16:11:35Z,2025-03-07T16:11:35Z
Ugz_kR0WDT7Z3kDlOg14AaABAg,@terrys7666,All three diss tracks keep aging better with time.,68,0,2026-05-17T06:04:28Z,2026-05-17T06:04:28Z
Ugyy1rPSeVzS5wlV8pl4AaABAg,@Jikypops,"The fact that there isn’t a tone of anger or competitiveness anymore, and it’s just “bury him” in a calm tone makes this mortifying.",66814,105,2024-05-04T06:05:12Z,2024-05-04T06:05:12Z
UgyIaDsxW8nYV05Nh_J4AaABAg,@krisscriss7567,Them damn Piano notes gonna haunt Drake into his casket. His skeletons still gonna hear them.,3011,14,2024-05-14T01:18:37Z,2024-05-14T01:18:37Z
UgysLnpt1dZ42L8Tz6h4AaABAg,@JaiWalkerrr,"“Dear Adonis, i’m sorry that that man is your father”  is an insane way to start the diss🤣",49501,101,2024-05-04T05:13:12Z,2024-05-04T08:52:33Z
UgwU-LmvkMDMw_NjxiV4AaABAg,@chuggie-21,after listening to ''ICEMAN'' i had to listen to this to cleanse my soul,819,7,2026-05-16T12:28:08Z,2026-05-16T12:28:08Z
Ugzf1YiCKhjKChdi1Kt4AaABAg,@mikeysrightleg1880,"You can't control your height, but you can control not being a predator 💀",21632,95,2024-05-05T00:05:20Z,2024-05-05T00:05:20Z
UgwzJp4AgwwDpL2791x4AaABAg,@radioethiopiate,"Drake: You're raising another man's child.
Kendrick: Hold up, lemme raise yours too.",61938,135,2024-05-06T08:44:39Z,2024-05-06T08:44:39Z
UgzMet4e5V5heA5dNgR4AaABAg,@rmuiyi880,"""Dear Adonis"" is an absolutely wild way to start a song followed by this evil ass beat is perfection",45005,89,2024-05-06T03:04:28Z,2024-05-06T03:04:28Z
UgxrOb7q4lmY1mYWGvZ4AaABAg,@CaliCardCollects,Drake dropped 3 albums and everyone came back to revisit the murder scene! Wild work yall 😂😂,546,5,2026-05-19T01:30:19Z,2026-05-19T01:30:35Z
UgznZ1WtHolFSi594vJ4AaABAg,@robisbliss3042,Getting into a rap battle with a story teller was the first mistake drake made,27425,109,2024-05-15T09:51:16Z,2024-05-15T09:51:16Z
UgysNEteUR09Te674mx4AaABAg,@itryen7632,This is the verbal equivalent of a hydrogen bomb,4832,12,2025-02-21T07:01:13Z,2025-02-21T07:01:13Z
UgwPNNE5CrWPOkcOGvN4AaABAg,@AnAdorableWombat1,"Drake: “You have small hands”
Kendrick: “You sleep with minors”",22138,61,2024-05-09T11:15:34Z,2024-05-09T11:15:34Z
Ugze8Yk2nYtZ_l70nFR4AaABAg,@SimamkeleNgogwana,"""Fuck a rap battle, this a long life battle with yourself""",50,0,2026-05-17T00:22:14Z,2026-05-17T00:22:14Z
UgyzlPzy2fqeGOt4n3d4AaABAg,@Zallna,drake and adonis gon be fighting over the same girl,10619,60,2024-06-06T02:16:32Z,2024-06-06T02:16:32Z
UgzKts1jk8iVxigjG_R4AaABAg,@kosmicj4310,The beat and his tone  is menacing. Like this ain’t even a diss track it’s a intervention,3999,4,2024-05-05T01:55:51Z,2024-05-05T01:55:51Z
UgyT4njoYqG-ZJ8A_U14AaABAg,@ElizabethOsei-sz2re,Asking Adonis to play this when he reaches 18 is the most tearing part for me,12604,20,2024-05-12T22:19:37Z,2024-05-12T22:19:37Z
UgywmRZ9D1mLSNMVVI54AaABAg,@82_derek44,It was over after this track. Not like us was just him celebrating 😂,34,0,2026-05-18T06:13:03Z,2026-05-18T06:13:03Z
UgzMgYWpZT5mANfrOkN4AaABAg,@renosance8941,Kendrick being The Grahams family therapist is hilarious.,8504,14,2024-05-04T04:44:07Z,2024-05-04T04:44:07Z
Ugy7msP8OnZNXz5qDGl4AaABAg,@marioozuna2168,"When he says, ""take that mask off, I wanna see what's under those achievements"" shit got darker.",2734,5,2024-11-28T21:20:55Z,2024-11-28T21:20:55Z
UgyP677IevO_robQldl4AaABAg,@ohweeohweeoh,The calmness in his tone is scary af 😭,14717,33,2024-05-04T15:55:38Z,2024-05-04T15:55:38Z
Ugy2fu5tuSJdrs101Gp4AaABAg,@lazarus9165,"Ya know when Dracula's shadow gets bigger when he's doing spooky stuff, Kendrick is doing that in this song.",6,0,2026-09-03T01:15:28Z,2026-09-03T01:15:28Z
UgwcJoeySgrsy0Id3hh4AaABAg,@OhBlazing,"funniest shit to me is how kendrick was like ""dont get better just die please""",2146,10,2024-05-04T07:57:48Z,2024-05-04T07:57:48Z
UgymBf3A7Eys2egCrxt4AaABAg,@imzackariah,This song makes Euphoria look like some friendly advice😂😂😂,2366,11,2024-05-04T11:18:50Z,2024-05-04T11:18:50Z
UgxHXcQS7WQkjfe2wY94AaABAg,@FDT222,"""Fuck a rap battle, this is a long life battle with yourself"" might be the coldest line I've ever heard in a song.  That shit struck me.",16872,40,2024-05-18T19:07:00Z,2024-05-18T19:07:00Z
Ugw1Gng-kS97fp4vpRp4AaABAg,@BluelDev,I remember ts back in May 2024 this is still the craziest shit Kendrick has ever done,11,0,2026-09-10T04:00:53Z,2026-09-10T04:00:53Z
Ugya33w0u029QRTTZwJ4AaABAg,@pesssso12,Kendrick wrote this on the Death Note.,43003,105,2024-05-10T14:36:38Z,2024-05-10T14:36:38Z
Ugw5xGN24h-u4BKZEVd4AaABAg,@Laruwufer,Shit like revisiting a funeral.,20162,67,2025-02-16T02:39:04Z,2025-02-16T02:39:04Z
UgwJdJDrIXJs2ujCz4B4AaABAg,@BigFunkyy,That A minor chord repeating this entire song is WILD. Its really a lot to peel back on these.,20841,83,2024-05-05T22:35:39Z,2024-05-05T22:35:39Z
UgyYXXfeTnXn_9Q_PYh4AaABAg,@himtwin,"meet the grahams ❌
meeting whats left of the grahams ✅",13,0,2026-08-21T07:30:20Z,2026-08-21T07:30:20Z
UgyI-KUGv302E23mZfR4AaABAg,@Akroazz,I like how drake denied having a daughter but didn't deny being a child predator 💀,17960,102,2024-05-04T23:13:51Z,2024-05-04T23:13:51Z
UgySSPVaASJO_OVCe3Z4AaABAg,@theclassfreakforever,"Drake wrote his diss track for his fans, kendrick wrote his diss track for drake.",20711,45,2024-05-10T20:25:44Z,2024-05-10T20:25:44Z
Ugzjq_icGlv_FiVy0QF4AaABAg,@starxz1504,J-Cole prolly somewhere in nature listening to the birds chirp swinging his feet😂😂,33165,312,2024-05-04T04:00:40Z,2024-05-04T04:00:40Z
UgyeiuDpUB25TG1ZSVV4AaABAg,@toketonace6191,Didn’t even finish that drake album we came back here instead,95,0,2026-05-16T12:27:37Z,2026-05-16T12:27:37Z
UgwRYTE5mcLsYq0tyYx4AaABAg,@igothacked1617,Starting this song off with “Dear Adonis” is genuinely crazy work,861,0,2024-05-20T18:35:45Z,2024-05-20T18:35:45Z
UgyWoC6GY8o1CJFH6YN4AaABAg,@reginalsmith722,Never heard of something so respectfully disrespectful.,158162,276,2024-05-04T10:08:32Z,2024-05-04T10:08:32Z
Ugw5KjE73hd4_x5oG354AaABAg,@thetruththetruth6717,Who here after the drake 3 albums to get confirmation that Kendrick not lying lol,45,0,2026-05-16T18:05:34Z,2026-05-16T18:05:34Z
UgydDj7WmZO1-moegoR4AaABAg,@zachsonpub,Listening to these songs now is like revisiting a historic battle field,13213,30,2024-06-05T03:34:18Z,2024-06-05T03:34:18Z
Ugylw-pGp8vfvSUDJfh4AaABAg,@JakeMurphy92,Let’s not forget Kendrick said ‘I can even predict your angles’ only to then respond to ‘Family Matters’ with ‘Meet the Grahams’ within 30 mins. GOAT business.,24932,95,2024-05-04T06:05:21Z,2024-05-04T06:05:21Z
UgxSPC5xJu2OO2gA2rJ4AaABAg,@the_irfan_haider,"Kendrick destroying sex offenders, child molesters, drug addicts, women haters, gamblers, psychopaths and all kind of perverts on one of the most haunting and sinister beats with lyrics coming out from soul. This is the real hip hop art.",34992,247,2024-05-04T05:13:19Z,2024-05-04T05:13:19Z
UgxLMRBw38WID6KxiLp4AaABAg,@V1P3R_Official,"Back then hearing ""kendrick dropped"" was like hearing ""they hit the 2nd tower""",28,3,2026-08-21T13:25:14Z,2026-08-21T13:25:14Z
UgzIpMZyMtYvQ53LPlZ4AaABAg,@81pERF,J Cole made the right choice kumbaya’ing his ass up outta this rap beef 😭😭,960,9,2024-05-04T20:39:04Z,2024-05-04T20:39:04Z
Ugw9DuRqmL9if3xYsth4AaABAg,@FrankPotts-dk6vd,This wasn't a diss song... This was the equivalent of dissecting somebody while they're still alive.. absolutely hip hop Genghis,2698,4,2024-07-01T01:31:42Z,2024-07-01T01:32:08Z
UgxKUEHJXQqEnhDVM3d4AaABAg,@phatbuddha8282,You know pusha was listening to this in the dark smoking a cigar smiling,3931,20,2024-06-18T21:38:48Z,2024-06-18T21:38:48Z
UgxIf_TeP2uAa9XVbMx4AaABAg,@LLICoolman,2 years bro damm time files  and it still gives me goosbumps,13,1,2026-09-07T22:49:22Z,2026-09-07T22:49:22Z
UgwWxMU3PCRnqs8NXVx4AaABAg,@StenMKII,Listening to this now is like walking back to a murder scene,16326,43,2024-09-08T02:22:28Z,2024-09-08T02:22:28Z
UgyY71NZaTId_ASKHPt4AaABAg,@216_chrxs,Bro apologized to Drake’s kids and said he’d be their mentor😭🙏🏽,1507,3,2024-05-04T14:41:55Z,2024-05-04T14:41:55Z
Ugy05M9evuUdOTEdWVt4AaABAg,@xx3l1s4xx,"The way he raps,the calmness in his voice tells me that he knows more than what he's saying over here",1976,3,2024-05-05T17:50:10Z,2024-05-05T17:50:10Z
UgyH3e5GShTV5bLv_Yl4AaABAg,@TheBelgianGuyy,Ts feels like a purge for my ears after listening to Iceman,29,0,2026-05-27T19:33:51Z,2026-05-27T19:33:51Z
UgxTxxWvCKT-3bujdPd4AaABAg,@quit-z5c,Coming back to this a year later feels like the aftermath of a warzone,12625,57,2025-06-03T19:23:56Z,2025-06-03T19:23:56Z
UgwxHp5oQuw2WeYUSht4AaABAg,@cosmic2025,Euphoria is a diss to Drake. Meet the grahams is a diss to Aubrey.,12660,51,2024-05-07T21:46:10Z,2024-05-07T21:46:10Z
UgzSuzg243_oHEYsaER4AaABAg,@Ohyhbaby-rh4fz,lol Adonis is using this song in every argument with drake,51745,85,2024-05-04T23:55:18Z,2024-05-04T23:55:18Z
UgxVI2aF7UR3ZnI2ZYV4AaABAg,@liyahm.2365,"I hate how people think this song is boring. The lyrics is what you’re supposed to focus on, not just the beat. Its a rap battle not a pop battle, and Kendrick HEAVILY murdered drake with these lyrics. This still gives me chills 2 years later. (Plus this beat is on some dark level shit, its still so good)",18,0,2026-07-25T06:46:43Z,2026-07-25T06:46:43Z
UgwzHY0uNyb9frV3IZp4AaABAg,@angel-fj5sb,the layered vocals when he says “you lied” is so haunting and eerie. It’s my favorite part.,9329,38,2024-05-09T02:06:45Z,2024-05-09T02:06:45Z
UgxcAfa234RUOzGr3Wh4AaABAg,@damian4748,Being dissed twice into parenting is crazy.,78715,312,2024-05-04T15:37:32Z,2024-05-04T15:37:32Z
UgwS107ndVNirUXsqbx4AaABAg,@yusufyilmaz6623,Aubrey just dropped meet the lawyers as a response 😂,9643,62,2024-11-27T02:34:55Z,2024-11-27T02:34:55Z
UgybGYos_SDXi3MHFVN4AaABAg,@bkapfer21,coming back after habibti and maid of honor and what kendrick said at the end was so real. long life battle with himself,38,0,2026-05-19T07:12:54Z,2026-05-19T07:12:54Z
Ugyy-L24_XkaM-TRFnJ4AaABAg,@nawt9529,"the perfect description of meet the grahams is that it feels like walking past the ""DO NOT CROSS"" barricade tapes on a crime scene.",5185,25,2024-07-14T19:19:04Z,2024-07-14T19:19:04Z
UgzUyaz-Jtik0ptC-at4AaABAg,@anthonycrater8064,"I dont even follow hip hop that much, but this is lyrically the most insane piece of music I've ever heard. This isn't a diss track. This is verbal murder.",6979,22,2024-06-05T19:47:15Z,2024-06-05T19:47:15Z
UgzFUUViZHZrcwkngpF4AaABAg,@Hetubird,"“Dear Adonis, I’m sorry that man is your father” is a CRAZY opener",5959,28,2024-05-04T04:51:54Z,2024-05-04T04:51:54Z
UgwloJVq02OIjQ-nDMZ4AaABAg,@chrisnoname83,"A wise man once said

""Meet the Grahams was the sliming, Not Like Us was the emote on the grave""",8,0,2026-08-12T02:53:13Z,2026-08-12T02:53:13Z
Ugy8ckBLalObyTXCQZJ4AaABAg,@azizelsayed7,"Cole prolly woke up, wiped the sleep from his eyes, saw this shit, said ""glad it aint me."" Turned round and went back to sleep.",31749,98,2024-05-04T11:20:03Z,2024-05-04T11:20:03Z
UgwmractWWF8_IE-BDx4AaABAg,@palazzo1113,This is the definition of righteous anger. Ice fucking cold.,2963,6,2024-05-08T02:03:01Z,2024-05-08T02:03:01Z
UgxzoggnQaoM8iKWE2x4AaABAg,@cameron7579,This is the hip-hop equivalent of being visited by the Ghost of Christmas Future.,1347,5,2024-08-31T16:37:41Z,2024-08-31T16:43:57Z
Ugz4cR-TCTzKnT9Zlgx4AaABAg,@superdantendo_zzz,came here after watching that video of drake barking for that girl. the truth stays consistent it seems.,12,0,2026-08-10T06:23:57Z,2026-08-10T06:23:57Z
Ugy-lz1Ht7mEK_E5bqp4AaABAg,@Kevzxn3,"""fuck a rap battle, this a longlife battle with yourself"" damn 😭",3405,10,2024-07-11T13:44:26Z,2024-07-11T13:44:26Z
UgxJyR1MRPx90UblRzx4AaABAg,@KingMB_XJ_Official,"Drake: ""Pipsqueak, pipe down!""
Kendrick: ""You are everything wrong with everything I stand for and I will explain it in vivid detail for all to see.""",3797,15,2025-03-02T21:09:08Z,2025-03-02T21:09:08Z
Ugw9wO5F4vVJs_VzkDh4AaABAg,@dennisrowley5685,This is character assassination 101. The most venomous shit I've ever heard in my life,6893,42,2024-05-04T06:53:16Z,2024-05-04T06:53:16Z
UgyTMeDwny0mnqRzD-94AaABAg,@habitable17,Now Drake is barking,47,1,2026-08-10T04:02:39Z,2026-08-10T04:02:39Z
UgxVB3uZOdNSc5bvMgB4AaABAg,@EddieSLF_,"drake: poopy pants!

kendrick: i shall apply life-long trauma to you and find your family",2267,7,2024-05-13T00:02:44Z,2024-05-13T00:03:08Z
Ugy_F_Ei_Gu-kvnWM4N4AaABAg,@Hiiiiiiiiiiiiil,“and a fuckin dead beat that should never see more life. Meet the Grahams”  THAT PARTT IS TUFF ASF,4581,17,2024-05-06T19:30:42Z,2024-05-06T19:30:42Z
UgymZqL-f-Cx4aHM3oh4AaABAg,@apophenia4710,Adonis gonna be blasting this full volume whenever he gets grounded,2356,21,2024-05-04T05:20:35Z,2024-05-04T05:20:35Z
UgygriXmGz1_FRKLALF4AaABAg,@KF_EL,Bro Kendrick is sickkkk. This is a psychological attack,6,0,2026-08-13T21:58:44Z,2026-08-13T21:58:44Z
UgzD-ourIA7EoRgCAeR4AaABAg,@vinimaxsteel,Kendrick went from writing a personal diss track to a complete death certificate,1609,4,2024-05-09T14:14:16Z,2024-05-09T14:14:16Z
Ugw-LRtcm21kkki-FPl4AaABAg,@some_guy95,"It's so interesting how intentionally hypnotizing this is. The layered ""you lied"" part.. The maddening piano.. Like a horror movie I love it lol.",5537,22,2024-05-10T02:18:05Z,2024-05-10T02:18:05Z
Ugw49zJ17ZTVY0pg0DJ4AaABAg,@fromanquest9667,Kendrick responding to drake in under an hour is diabolical 😭😭😭,3191,18,2024-05-05T11:35:08Z,2024-05-05T11:35:08Z
UgwGjVtslKTjSAKbtMl4AaABAg,@100Pieda,"The ""you lied about"" almost made me confess something i didn't do",7,0,2026-08-09T09:46:16Z,2026-08-09T09:46:16Z
Ugxw6e6YiQ_q01wbept4AaABAg,@just_call.me._.darkie.3568,“fuck a rap battle this a long life battle with yourself.” was def the best bar.,4490,21,2024-08-03T13:44:54Z,2024-08-03T13:44:54Z
Ugw3EEsM5R8yJXfQ_OB4AaABAg,@Nomadic_Tourist,"""Fuck a rap battle, this a long life battle witcho self"" line is aging like Pharrell",1760,6,2025-01-04T21:36:29Z,2025-01-04T21:36:29Z
Ugwo3MfIIjDJVcIcW_R4AaABAg,@UnorthodoxIndividual,Whoever said Kendrick had a 19 minute version of his Drake diss was right he just dropping it in bits and pieces LMAO,121082,427,2024-05-04T04:35:29Z,2024-05-04T04:35:29Z
UgxPOSZh3GNlFKtnNVF4AaABAg,@lar_s,this shit sounds like walking through appalachia woods and suddenly everything goes dead quiet,4,0,2026-08-27T19:35:21Z,2026-08-27T19:35:21Z
UgwVohj192YjkL9xmLN4AaABAg,@ameerbabukb,"""But don't tell no lie about me and won't tell truth 'bout you"" 

Damn he really meant it",724,3,2024-05-04T07:24:31Z,2024-05-04T07:24:31Z
Ugw6rBd678WrT8T3N0Z4AaABAg,@eclpx1,"the beat is terrifying, it's like hunting you until you can't run.",3215,10,2024-05-04T15:14:19Z,2024-05-04T15:14:19Z
UgxtTL5cEan1iQFmjOd4AaABAg,@DManSammy,"This ain't a diss.

It's an exposé.",3811,11,2024-05-04T14:39:52Z,2024-05-04T14:39:52Z
UgxIKhBmuhBx0PRGYl54AaABAg,@kitsunefire1,"You can feel the disgust, anger, disappointment and pure cold rage in these lyrics
Its not just a beef, its a slaughterhouse.",8,0,2026-07-09T19:02:07Z,2026-07-09T19:02:07Z
UgxkBhNxhUglcjE_HOx4AaABAg,@LVIRL,Annual revisit 😂 he got that man crying in court papers,4493,27,2025-08-14T01:03:20Z,2025-08-14T01:03:20Z
UgwEAxpNSX2iaheH_WF4AaABAg,@emelylopez7144,I can now understand why J. Cole apologized. I wouldn’t want my whole existence attacked by this man either,819,6,2024-05-05T00:28:05Z,2024-05-05T00:28:05Z
Ugx26dctkJWZa6B6oVR4AaABAg,@NewAgeDracula,"“Fuck a rap battle , this a life long battle wit ya self” 😭",1754,6,2024-05-04T13:10:00Z,2024-05-04T13:10:00Z
Ugw_mtUEUKp4SF2vfFh4AaABAg,@Yoshimi-o3c,"2 years and this like
A good wine and honey",6,0,2026-09-07T05:20:28Z,2026-09-07T05:20:28Z
UgzShnjiLsAbMD36ROB4AaABAg,@KBean10,This is unbelievable. Kendrick got me questioning my own morals,1212,22,2024-05-04T17:58:15Z,2024-05-04T17:58:15Z
Ugxsgxtkqot-Guz0URd4AaABAg,@louisanna30,"This is so viscerally violent.... The undercurrents is disturbing...
The piano is nightmarish....
Absolute next level.",1588,4,2024-05-10T03:25:13Z,2024-05-10T03:25:13Z
Ugw7T-6T43a6P4jhac94AaABAg,@TheSeedBearer,"""Fck a rap battle, this is a life long battle with yourself "" is the best line I've ever heard!",530,0,2024-05-04T23:48:32Z,2024-05-04T23:48:32Z
UgwICGGh-csgXNk1Boh4AaABAg,@forwun9412,The iceman pallet cleanser 😮‍💨,31,0,2026-05-15T19:15:08Z,2026-05-15T19:15:08Z
Ugwydb3IcxDvFh9Huz14AaABAg,@ParkourRhett,"J Cole out grocery shopping in the organic produce section, pickin out fresh avocados. 😭😭😭😭",3691,19,2024-05-04T13:40:27Z,2024-05-04T13:40:27Z
Ugxxr5hsbnpB9B-PxhV4AaABAg,@Dxmxin901,"Kendrick playing Chess, J.Cole playing Uno and Drake playing Minecraft because he likes Miners.",6271,43,2024-05-05T15:12:29Z,2024-05-05T15:12:29Z
Ugzp0QgOTBdjjY5PrGR4AaABAg,@user-vz8bl,Meet the Grahams is played in A Minor and when Kendrick said “I’m about to up the score” Not Like Us is played in B Minor. It’s just genius work. Bro has a Pulitzer for a reason,9398,48,2024-05-05T19:41:12Z,2024-05-05T19:41:12Z
UgzR-iGT9Vtgza8dnNR4AaABAg,@Sinner_Rose,The Alchemist always be having these simple but ominous ass beats. I fucking love this track and it's so cold. The beat is so simple the whole time but it just matches the dark energy from Kendrick. I mean he was hating hating 😅,4,0,2026-09-08T18:43:42Z,2026-09-08T18:43:48Z
UgwMFQscGafHwnFy6Y94AaABAg,@Eueb5892,"“Don’t tell no lie about me, and I won’t tell truths about you”  

He wasn’t lying.",4146,30,2024-05-08T13:31:37Z,2024-05-08T13:31:37Z
UgxO823QVNgRlOtbajt4AaABAg,@P__S23,"My jaw totally dropped. This is the nastiest, most horrible and terrifiyng diss track of all time. Every lyric in this song can actually be felt.",10491,75,2024-05-05T16:02:23Z,2024-05-05T16:02:23Z
UgwQ4EilKPq3w9LmY0F4AaABAg,@solpport4276,The only reason this song ain’t got more views is because everyone’s too traumatized to replay it 😂,2989,28,2024-05-23T00:05:46Z,2024-05-23T00:05:46Z
Ugxfb_6E0PSRTC7CErx4AaABAg,@Jadon-i1m,'He was cooking up malice; straight hatred',22,2,2026-08-12T01:24:37Z,2026-08-12T01:24:37Z
UgyeWTS6GjEm921OKVV4AaABAg,@deprecateddisreconnect,"the echoing “YOU LIED” gives off “being judged for your sins at the gates of hell” vibes, which is basically what this track is",1187,7,2024-05-14T02:53:19Z,2024-05-14T02:53:19Z
Ugz8a0BqE18DopJfGpx4AaABAg,@california2910,"“Fuck a rap battle, this a long life battle with yourself” damn.",2213,11,2024-05-04T16:56:21Z,2024-05-04T16:56:21Z
Ugxiwfwh89-qBxriU_14AaABAg,@esseyhaile924,"""Just play this when you 18"" is crazy asf 💀",4350,18,2024-06-12T22:47:00Z,2024-06-12T22:47:00Z
UgzovDOfOCN7ZiPNr0V4AaABAg,@alejandrorey359,Sometimes I go back to this release just to refuel my hatred.,8,0,2026-08-02T03:44:23Z,2026-08-02T03:44:23Z
UgyyVEWESgOZCxDCgrp4AaABAg,@sereapple,J Cole walking out the emporium holding a comically large multi-colored swirled-pattern lollipop and wearing a brightly colored propeller hat,1573,8,2024-05-04T08:54:02Z,2024-05-04T08:54:02Z
UgwXl8n47ijQ9YPSFrd4AaABAg,@PHXNTXM_XF_KALAMITY,"“Dear Adonis, I’m sorry that, that man is your father, let me be honest.” Over within seconds",539,1,2024-05-19T19:07:06Z,2024-05-19T19:07:06Z
UgxOXGKrG6BAwqoNysh4AaABAg,@Pabloremixx,"""You a pedo, you protecting sex offenders and you are hiding a daughter""
Drake: ""I don't have a daughter""
Mf that's not the point",4944,51,2024-07-07T10:18:20Z,2024-07-07T10:18:20Z
Ugy38Mi-55Dt3A6wNvZ4AaABAg,@pjakwo9745,"2024: Meet the Grahams
2026: Meet the FIFAs",28,0,2026-07-08T14:29:25Z,2026-07-08T14:29:25Z
UgzEHBbAi8no5CwHniN4AaABAg,@rolirolster,"These disses are gonna blow up all over again, Aubrey just hit the Streissand Effect button. 🤣🤣🤣🤣🤣🤣",1697,9,2024-11-29T09:20:28Z,2024-11-29T09:20:28Z
UgzsPoBKIvDoEOa3SR14AaABAg,@medeucaa,The “you lied” made me feel like i messed up and kenny mad at me😔,2431,14,2024-07-08T01:23:25Z,2024-07-08T01:23:25Z
UgxgbUSFgWjiCOg5Yjh4AaABAg,@PhillNoChillRBG,This shit sound like he got Drake strapped to a table like a serial killer lmaooo,761,5,2024-05-05T02:13:29Z,2024-05-05T02:13:29Z
UgxlAUsQjAmuRr_9TIZ4AaABAg,@vektorjohn,Argentina in the last 2 world cups....,11,0,2026-07-08T16:18:19Z,2026-07-08T16:18:19Z
UgwYRRMNy5x93-_pMZ94AaABAg,@SUKUNA_0009,Drake gonna hear that piano for the rest of his life 💀,9958,52,2024-05-11T06:17:39Z,2024-05-11T06:33:32Z
UgycHdmDxjq1sbXS9hp4AaABAg,@Ensxgn,"This isn’t just a diss track, this is a death threat over a piano beat",812,2,2024-05-04T18:50:48Z,2024-05-04T18:50:48Z
UgwmPMSyEHuXnuZQZm14AaABAg,@marlzz92,“Grew facial hair because he understood being a beard just fit him better.” AAAHHHHHHHH!!! 😂😂😂😂,952,28,2024-11-29T21:32:03Z,2024-11-29T21:32:03Z
Ugzwxo-9IwWmP7sK9AZ4AaABAg,@Samstar369,"This ain’t a rap battle, this is an intervention. And brother, that Drake boy need help.",5,0,2026-08-13T14:49:51Z,2026-08-13T14:49:51Z
UgzfepZ2kF776OZVav94AaABAg,@CalebSragon,You know drake is cooked the moment Kendrick said “dear Adonis”,814,2,2024-05-05T12:01:52Z,2024-05-05T12:01:52Z
Ugzq7hnBlE1psAObqnd4AaABAg,@ceceeeirl,"Its crazy how, the entire song he had a monotone but right at the end he added more aggression when he was talking to Drake, Its like he felt pitty for everyone else and their association with him or involvement, but when it came to him its like i am sick and tired of this, you need therapy you need to heal, you need to be better, it felt like a sermon, like “you know what, imma tell it how it is”",5739,16,2024-05-05T13:41:56Z,2024-05-05T13:51:15Z
UgwPr29TpqqzNMb0fB54AaABAg,@1watida,"“Fuck a rap battle, this a life long battle wit yourself”
Cold.",673,1,2024-05-04T05:37:45Z,2024-05-04T05:37:45Z
UgxNSRCrKt1fErqzbu94AaABAg,@Alexx.wee-,"""Iceman was a nice man now im cold""",16,0,2026-05-17T16:35:26Z,2026-05-17T16:35:26Z
UgyZVQ2vYiXtXjJPQgh4AaABAg,@LucidIcarus,"K. Dot knew Drake was going to aim at his family, so he had an uno-reverse, trap card, combat trick, setup shot lined up. DAMN.",1859,9,2024-05-04T05:55:19Z,2024-05-04T05:55:43Z
UgyvtE4CP6P2YJlj9OJ4AaABAg,@morgan_made,"Drake: Family Matters

Kendrick: Oh do they now???",1066,5,2024-05-30T03:44:33Z,2024-05-30T03:44:33Z
Ugz2VoRUU-x2nECwjUN4AaABAg,@_azurejake,I don't even care if the daughter is real or not this track is artistically a masterpiece.,1535,17,2024-05-08T11:33:43Z,2024-05-08T11:33:43Z
UgyW7vXYDd8gowgTe_54AaABAg,@Ima_Flowers,This feels just returning into an lost war zone,8,0,2026-07-29T20:00:25Z,2026-07-29T20:00:25Z
UgwDDUEdHizwt5fgydZ4AaABAg,@superrsayann-fnf-v1j,"Okay, be real with me. Kendrick Lamar didn't make a diss. He made a song that's personal and exposes Drake to the point where we will all never see Drake the same again. In addition, like he said at the end ""Fuck a rap battle, this a long life battle with yourself.""",4364,28,2024-05-20T05:02:32Z,2024-05-22T06:51:10Z
Ugy9TQNFCIv7sg9MPCV4AaABAg,@ysil,"This isn't a diss, this is something more... ""Don't understand me right now, just play this when you're 18""",834,1,2024-05-05T00:39:40Z,2024-05-05T00:40:16Z
UgwFN2HMD33bGsjtPkR4AaABAg,@ThEBookOfSwantEGawD,"In another timeline ""Meet The Grahams"" is ""Meet The Coles"" and Kendrick exposed that J. Cole's bike is electric, he doesnt recycle, he doesn't know how to fold clothes and he played tennis instead of Basketball.",16456,119,2024-05-04T06:37:36Z,2024-05-04T06:37:36Z
UgwkHgOPavkUqXprQP54AaABAg,@thinwhiteduke708,Im here because I can’t let a pdf file win,47,0,2026-05-15T20:43:44Z,2026-05-15T20:43:44Z
UgzJTi13N01P4c-06fl4AaABAg,@binterwinterboyii1095,"as someone who was raised by a single mom i Felt the absolute venom in that last verse
so many young men these days trying to be like the man that left them in the dust
you can find so much strength in the women in your life boys, remember
That's Not How Our Mama's Raised Us",3258,14,2024-10-05T04:35:56Z,2024-10-05T04:35:56Z
UgyoJSyfmeZyl-baCcB4AaABAg,@lilpeep2356,Kendrick: Dissing isn't enough. I need to talk to your parents.,1158,5,2024-05-04T07:25:00Z,2024-05-04T07:25:00Z
Ugwyun-78hQ_WGkI1MN4AaABAg,@leandroconti4435,"The screaming voices in the background just make this feel like a purgatory of some kind, like there are damned souls lost in oblivion screaming for help while Kendrick dissects drake soul.",1426,12,2025-07-29T04:43:54Z,2025-07-29T04:43:54Z
UgxrvRCnfHvWb8vl3lV4AaABAg,@SuperEliasboi64,7 minutes of straight up murder,7,0,2026-08-13T22:48:37Z,2026-08-13T22:48:37Z
UgxqXaYzQ6riuThoEbp4AaABAg,@figo-o2i,Pusha T just brought up Drake's son but kendrick introduced us to all the Grahams.😂😂,552,1,2024-05-04T15:25:02Z,2024-05-04T15:25:02Z
UgzC7caSTdV6KNfHBIh4AaABAg,@samarialanders9093,his ozempic script being cover art is NASTY WORK 😭,596,1,2024-05-05T00:22:14Z,2024-05-05T00:22:14Z
Ugx1Cnzvc6WaadNR3KZ4AaABAg,@AD-xx6cu,Considering how Diddy just got locked up & raided......this shit hits a whole lot different now not gone lie.,1045,9,2024-09-19T21:02:55Z,2024-09-19T21:02:55Z
UgwSfK2dhao6wTGg4S54AaABAg,@ratherrazzOWO,"As a child of a abusive narcissistic mother who everyone outside the family loved, this song hits me in a wierd but emotional way",10,1,2026-08-14T15:36:54Z,2026-09-14T21:15:46Z
Ugzma81iIolOZmhMGjR4AaABAg,@silvur.shittur,the anger in his voice in the last 30 seconds of the song genuinely scared me,1555,9,2024-05-04T21:16:16Z,2024-05-04T21:16:16Z
Ugwj7mGJ5uv9m79OhEl4AaABAg,@younginthegang2039,"The sinister and eerie piano in the instrumental, when approaching the pedophilia and sex trafficking allegations, is diabolical. Kendrick didn't need flows and rhymes for this track.

PS: Of course the piano is in All minors😂
Kendrick a genius",14058,92,2024-05-04T13:47:28Z,2024-05-10T09:40:18Z
UgzOaObEgT7x6CYlc4t4AaABAg,@gzo880,I’m fully convinced the paper was on fire when Kendrick wrote this,713,4,2024-05-26T16:23:50Z,2024-05-26T16:23:50Z
Ugze5E0Tzs23XKlcnNB4AaABAg,@catmanthegoat39,"Everyone says this song makes them feel scared, but to be honest this song makes me feel more sad, if anything. It doesn't make me cry but I can totally feel the sadness. It's the beat and how somber his delivery sounds. I'll listen to songs meant to be sad and feel nothing, but this one actually makes me feel genuinely upset. And yknow, I absolutely love it for that. This is my personal favourite from the beef easily.",5,0,2026-07-29T03:55:22Z,2026-08-12T09:44:36Z
UgxsP5vdGIN10Ewc6Bt4AaABAg,@meeeeperbob,J cole meditating in the fuckin Himalayas,2240,17,2024-07-08T22:18:12Z,2024-07-08T22:18:12Z
UgxkBkzcuPQ7NprHjkp4AaABAg,@nelly6016,"When The “you lied” kept getting more and more echoey, it made me sink into my seat. It’s like seeing a villain slowly transform into his final form",674,2,2024-05-10T14:29:38Z,2024-05-10T14:29:38Z
UgzIzIQA9cC7jaR2BRp4AaABAg,@PandaGryllz,Could you imagine Adonis as a rebellious teen listening to this song 😂,1076,7,2024-05-04T17:02:06Z,2024-05-04T17:02:06Z
UgyBI_6UldBwyJRN61x4AaABAg,@FifteenThousandBees,The beat of pure malice and hatred,7,0,2026-08-17T00:34:44Z,2026-08-17T00:34:44Z
UgxoTp9saJ4v2w5Tb314AaABAg,@Chain.Of.Memories,The piano sample is in A-minor lmao just adds to the burn,2388,10,2024-05-05T13:47:57Z,2024-05-05T13:47:57Z
Ugy8Pv6VRiJLO7NTEmh4AaABAg,@Munduii,"No beat switches, no nothing
Just straight-up scolding",774,1,2024-05-04T09:44:32Z,2024-05-04T09:44:32Z
Ugx1qPCfABPS86UPCr94AaABAg,@Hatetsfrsh223,With the ayahuasca line kendrick implies that drake is so morally corrupt from the bottom of his heart that the only way to fix it is a complete ego death thats fucking wild,2003,18,2024-06-17T02:35:52Z,2024-06-17T02:35:52Z
Ugxzj4yaK9kaefXQgR54AaABAg,@diegojimenez466,Drake can never respond too this diss track forever,7,0,2026-05-15T12:35:19Z,2026-05-15T12:35:19Z
UgxLTGEJAb-92K-nZCd4AaABAg,@Goated_Lebron23,Dear baby girl is one of the coldest lines in any rap battle,1097,11,2024-07-01T15:31:58Z,2024-07-01T15:31:58Z
UgxwIZMQK5kvxvKwEE14AaABAg,@swysux6217,"If I was Drake I’d be throwing up right now. the message to his kids, the scary ass beat, the calm tone exposing literally everything about him. Damn",2681,22,2024-05-04T16:52:48Z,2024-05-04T16:52:48Z
Ugz0_92Nl9GjdH0vBLp4AaABAg,@ryane9992,J. Cole living his best life right now,501,1,2024-05-05T04:42:26Z,2024-05-05T04:42:26Z
UgzCN5J41n-K5aD4y4l4AaABAg,@gagewells_24,This will go down in history as one of the most evil diabolical diss track of all time 💀🔥,5,0,2026-05-14T07:21:28Z,2026-05-14T07:21:53Z
Ugwwp2wm2xBI6bvp3zR4AaABAg,@YuganM17,"""Fuck a rap battle, this a long life battle with yourself""............ Jesus",974,4,2024-05-04T07:30:10Z,2024-05-04T07:30:10Z
UgyXrr-2vnd_6kJ9tFB4AaABAg,@electarikip1,"The way he's so chill saying this things make me feel genuinely SCARED

I love that",741,3,2024-05-14T07:51:32Z,2024-05-14T07:51:32Z
Ugz5xHmWll8VALUGtql4AaABAg,@Milk_Addict,"Whenever I feel bad or pissed, I listen to this to remind it that my situation could always be 1 billion times worse.",723,7,2025-04-08T17:55:14Z,2025-04-08T17:55:14Z
UgzXbCqgCrh3iV_kSO14AaABAg,@Street_sweeper,"Still after 2 and a half years as soon as the song starts I get goosebumps, crazy diss",3,0,2026-09-06T19:10:42Z,2026-09-06T19:10:42Z
Ugw27XgpUxG6GRJO8gN4AaABAg,@BigPapaPump47,Out of the whole beef.. This song was probably the most creative chilling diss I’ve ever heard.,2140,15,2024-05-07T08:20:26Z,2024-05-07T08:20:26Z
UgzVfzJYezqCVUjRU2F4AaABAg,@Alexbk007,"""Sandra sit down"" dam lmao 😂",595,1,2024-05-13T04:23:52Z,2024-05-13T04:23:52Z
Ugw6Pn4DQroVGpW6At14AaABAg,@TJ-ik9on,"The energy behind this record is straight up disturbing, craziest display of visceral feelings being poured out",1364,5,2024-05-04T15:02:37Z,2024-05-04T15:02:37Z
Ugx7aXUDNuSxnqXRkL94AaABAg,@phatx5219,Dot slaughtered drake on a gospel sampled abomination. Dot really who he think he is.,6,0,2026-09-07T23:56:35Z,2026-09-07T23:56:35Z
UgwjxfFLzL0Bzms_CCN4AaABAg,@inferno_f66,Them ghostwriters ain’t sleeping till next week ma boy 🤣🤣😭,1427,12,2024-05-04T12:43:09Z,2024-05-04T12:43:09Z
UgzVJxjxmg_QdAkDc-B4AaABAg,@lil-soda-boi,"Quickest response to a diss in all of history WTF, bro didn't even wait an hour!!!",14261,94,2024-05-04T04:02:44Z,2024-05-04T04:02:44Z
UgwYS8iv6GspN9Yh_cd4AaABAg,@markreyesmusic1401,Crazy that this was three months ago. Everyone that was there knows what it was like to listen to this for the first time,3181,34,2024-08-05T20:42:53Z,2024-08-05T20:42:53Z
UgwyYtVOGuyMU8M8o5F4AaABAg,@maxonelips6679,kendrick is the type of friend that will return your push 10x harder,4,0,2026-07-28T09:32:05Z,2026-07-28T09:32:05Z
UgyKbrzobGAo3RTWA4F4AaABAg,@alfonsotianzon5475,"no matter how big Not Like Us gets, this will always be the highlight of the whole beef for me. It's such an event in 5-10 years time you'll know exactly where you were and what you were doing when it first dropped. the opening and closing lines of this song are the most haunting things in any song ever",3776,26,2024-06-25T00:44:19Z,2024-06-25T00:44:19Z
UgwNtv5n6iwEWBCzuXZ4AaABAg,@pedestrianne,"the ""you lied"" parts are horrifying in a weird, beautiful way especially if you look past this as just being a ""diss track""",2243,17,2024-05-06T01:21:02Z,2024-05-06T01:21:02Z
Ugwm2W3vzE06kJslAxx4AaABAg,@aarontaites9849,Drake really fu*ked around and found out.,3127,22,2024-05-28T10:21:05Z,2024-05-28T10:21:05Z
UgyCeyMdb0DKB1F7Ral4AaABAg,@robbyworldwide4740,Who's here after Ak slipped badly and reviewed that Drake has multiple kids.,32,2,2026-05-28T01:15:23Z,2026-05-28T10:02:09Z
UgwoHziwdlZnbhj7Vl54AaABAg,@asia2hot,"ITS THE WAY HE SOUNDS MORE DISAPPOINTED THAN UPSETTT.
Kendrick’s response sounds more respectful and genuine in a way like he really wants us to listen and know what’s happening!",5109,8,2024-05-05T03:14:53Z,2024-05-05T03:31:02Z
UgyrbsjIxHa4URyvfjl4AaABAg,@sneakykamon,"“Fuck a rap battle, this a long life battle wit yourself” is fucking cold🥶",1300,11,2024-05-04T04:30:31Z,2024-05-04T04:30:31Z
Ugy5ZVDkkkgc340LXql4AaABAg,@itisyoboyht,happy birthday to the most bone chilling diss track out there,1316,9,2025-05-03T12:21:43Z,2025-07-15T14:00:26Z
UgzCZ0Kjm5Z9d_F9OUB4AaABAg,@jaidenbuantello8156,"Rap has always been a game of sharp tongues. Wu Tang claimed Lyrical Swords, this is Lyrical Massacre.",639,0,2024-05-06T05:20:40Z,2024-05-06T05:20:40Z
UgxcA_ikEi1uLjWCsJ14AaABAg,@kamuletaekolo,Who still hears this in big 26? This s*** is still fire in my opinion...,5,0,2026-07-25T13:21:42Z,2026-07-25T13:21:42Z
UgyIEQfOn5kHat8fk3h4AaABAg,@miller3784,he's not even snatching chains anymore he's snatching SOULS… no diddy,733,4,2024-05-04T12:21:48Z,2024-05-04T14:38:28Z
Ugz9G31Bt4aRu6-imKl4AaABAg,@miguelperez0829,The shift to concern and care to just outright scolding is eerie. Those last two minutes are just horrifying,603,2,2024-05-05T05:37:52Z,2024-05-05T05:37:52Z
UgwJifSIKiPSmlqpLol4AaABAg,@94nolo,drake focusing on the wrong kids 😕,1295,6,2024-05-26T14:11:47Z,2024-05-26T14:11:47Z
UgwmOJDchtGAYv8YBXN4AaABAg,@Eternity-g2h,He was whipping hatred and malice in the kettle,5,0,2026-08-12T18:13:01Z,2026-08-12T18:13:01Z
Ugxo0k90A5OHbtBjqa54AaABAg,@Un-anything,Adonis gonna play this every time Drake try to ground him lol...,906,10,2024-05-04T15:34:35Z,2024-05-04T15:34:35Z
Ugz4o-x3yrLC2XvXhVJ4AaABAg,@Lunatheepictuna,"“Meet the Grahams” 

Chills. Literal chills.",558,6,2024-07-11T22:14:04Z,2024-07-11T22:14:04Z
UgwGU8bEIaqirI86Imx4AaABAg,@CigarJoe84,Coming back here is like visiting a dead body,1290,7,2024-06-12T21:46:28Z,2024-06-12T21:46:28Z
UgzBCGmoxmH3Sm3E8Xp4AaABAg,@statikverse,You know exactly why I am here.,27,2,2026-05-15T13:13:59Z,2026-05-15T13:13:59Z
UgzjUP0KLcL_8BH2-ll4AaABAg,@fernandoxxygutierrez6545,This shit is the most beautiful yet hurtful song I'd ever heard,2223,16,2024-05-08T04:22:26Z,2024-05-08T04:22:26Z
UgysVOTl9dQHRbPlz0N4AaABAg,@finnfan_editz,i don’t think enough people realize that the chord A Minor is repeated throughout the whole song. kendrick is cooking drake.,2922,28,2024-06-10T11:16:34Z,2024-06-10T11:16:34Z
UgyrjCpOry-oYOlXp8p4AaABAg,@polabear3237,My jaw physically dropped multiple times listening to this. Outrageous,830,3,2024-05-04T18:03:46Z,2024-05-04T18:03:46Z
Ugx5kIZirWGi6wnjqpt4AaABAg,@Sidd_Mnisi,The actual kill shot.🚀,10,0,2026-05-15T12:02:55Z,2026-05-15T12:02:55Z
UgzTCC07Y8ALJDWRH1h4AaABAg,@radjannecoffie706,"This by far the most creative angle of attacking somebody in hiphop history, this shits haunting",1140,8,2024-05-04T18:21:41Z,2024-05-04T18:21:41Z
UgyNFplXxdx-3mWavut4AaABAg,@DJSkandalous,Drake didnt even get a chance to pop a bottle after his diss track 😆,11308,55,2024-05-04T04:20:26Z,2024-05-04T04:20:26Z
UgwDl_ZmP95GaV4XZ0l4AaABAg,@ImGuby,Most masterfully written rap song I can think of within the last decade.,520,1,2024-05-10T17:17:27Z,2024-05-10T17:17:27Z
UgxRaYU6aIW2NAsOZFh4AaABAg,@folkscrazyouthere3076,Might be the most underrated diss Track ever. Went from Family matters to Meet the Grahams in the matter of minutes. I think seeing the flip on the song Title in real time was crazy as well.,4,0,2026-05-16T02:30:50Z,2026-05-16T09:13:52Z
UgwQfK-aolJxF3rBDJ54AaABAg,@clunt2548,"Gotta come back to say this is the most haunting diss I’ve ever heard. The “you lied” verse is like being taunted in your dreams, shits fucked.",1435,11,2024-05-07T14:28:26Z,2024-05-07T14:28:26Z
Ugx4YyizFCg10eoLBKF4AaABAg,@Breezy5a,"""Don’t speak on the family, crodie
It can get deep in the family, crodie""",480,1,2024-05-04T04:53:10Z,2024-05-04T04:53:10Z
UgzXACbJuyjvsvvZy_Z4AaABAg,@choseclement9428,J Cole walking about downtown wondering what ice cream flavour he really wants.,546,5,2024-05-04T13:56:26Z,2024-05-04T13:56:26Z
UgxJdmKhUDc4_-H7tEx4AaABAg,@godpirefilms,I’m here after listening to all the drops and EVERYTHING on Iceman feels like he’s still responding to this two years later.,6,0,2026-05-15T11:32:21Z,2026-05-15T11:32:21Z
UgxKCvMEy-HDeeA6fdp4AaABAg,@LuIIV,The whole beat is A MINOR!!! OMGGGG 🔥🔥🔥🔥🤦🏼‍♂️🤦🏼‍♂️🤦🏼‍♂️🗣️🗣️🗣️🗣️🗣️ This man is a genius!!,961,7,2024-05-17T03:05:56Z,2024-05-17T03:05:56Z
UgwGxvP4IXC_9W44fUl4AaABAg,@Duck__figger123,"""Yes, he's a hit maker, song writer, superstar right, and a fucking deadbeat that should never say more life, meet the Grahams!!"" Was meeeeaan🔥🔥",894,16,2024-08-03T21:49:13Z,2024-08-08T14:02:14Z
Ugx-5bb1aYKQkrWQ0WJ4AaABAg,@JC-ks9pd,Kendrick definitely pulled J Cole to the side and told him “don’t go to school tomorrow “,819,8,2024-05-04T22:44:44Z,2024-05-04T22:53:59Z
UgySnOOyAEIVOWAyosJ4AaABAg,@SuneetaMishra-w7h,Argentina vs egypt,123,13,2026-07-08T07:31:54Z,2026-07-08T07:31:54Z
UgyYoBMKMuZAn4fgrvh4AaABAg,@lwcrxft836,The Alchemist cooked fucking hell. Beat is insane. Sinister east coast vibes,1076,9,2024-05-04T15:21:55Z,2024-05-04T15:21:55Z
UgwqAXKrNt0MFkh1vSJ4AaABAg,@IvanHerrera5296,"J. Cole: “We’re about to find out who’s the best.”

Kenny: “Don’t come to the studio tomorrow.”",745,8,2024-05-04T15:28:26Z,2024-05-04T15:28:26Z
UgzSmsf9eAL4ywzJ-QR4AaABAg,@AiRxJoNeS,Kendrick is speaking like a mafia boss. Condemning and condescending tone over slow keys ticking like Drake’s time is coming to an end 🔥,745,4,2024-05-04T12:32:17Z,2024-05-04T12:32:17Z
UgwflBasi0Dh8o01QZl4AaABAg,@kgaogelomonareng5087,This what put Drake in Ice,13,0,2026-05-18T12:51:39Z,2026-05-18T12:51:39Z
UgyvxwfcvBhjA1M7sjd4AaABAg,@MrJohan3510,"I came listening Meet the Grahams for the second time since the release. I understand why people talk more about Not Like Us despite the fact that MTG is harder, it gives a feeling of discomfort... It feels like you're hearing something you shouldn't be hearing.",2127,23,2025-02-18T06:41:10Z,2025-02-18T06:41:10Z
UgxUGHiJwErwoPOFT5B4AaABAg,@EsaiGivens,same day delivery like amazon,136105,505,2024-05-04T04:01:25Z,2024-05-04T04:01:25Z
UgyZCHvyJHqdhAvmZ6J4AaABAg,@raheemwilliams2535,"1. Kendrick wasn't playing when he said I inherit the beef
2. If you take it there, I'm takin' it further",1494,14,2024-05-04T11:55:16Z,2024-05-04T11:55:16Z
UgyOUztZoTiL8I4D4Th4AaABAg,@jgb335,I gave iceman the most objective listen possible for me. Now I’ve been trying to stop listening to kdot for the last 3 hours wtf 😭,8,0,2026-05-16T02:32:28Z,2026-05-16T02:32:28Z
UgxFvpPYF_GecKJz53R4AaABAg,@kOnZsVeeR,J cole enjoying fresh air and sunlight right now.,572,5,2024-05-05T05:47:20Z,2024-05-05T05:47:20Z
Ugyk_N4LlLK0_Jz1qe54AaABAg,@kristiyangerasimov6708,"that daughter advice was so wholesome. He speaks from facts, because research is key",579,5,2024-07-07T09:36:12Z,2024-07-07T09:36:12Z
UgxpIfjMCOSuA2lJNmt4AaABAg,@sahib2crazyyy,the whole rap beef took a dark turn with this song. ppl don’t know but this beef is deeper than ppl think. this song proves that,718,4,2024-07-05T00:13:47Z,2024-07-05T00:13:47Z
UgwOCMozYEG9jafb5XN4AaABAg,@dylanwatson9384,"That overdubbed LIED scared the fuck out of me, but also now i understand the Zay Dante shorts better",2,0,2026-09-11T11:35:12Z,2026-09-11T11:35:12Z
Ugx_7aWhqWAZqnjO-Gh4AaABAg,@-0.00,This instrumental eerie as fuck 😭😭😭😭😭,828,7,2024-05-04T09:48:44Z,2024-05-04T09:48:44Z
UgxWnVGoN6AoYFvu4AR4AaABAg,@Woozy.0,J. Cole feeling like the man who called in sick from work at World Trade on 9/11. CotDAMN!!,582,5,2024-05-04T18:42:33Z,2024-05-04T18:42:33Z
UgxUk1ROvANOpuClA6F4AaABAg,@kittygangxo,"Kendricks delivery is unmatched, it blows my mind how he can use his voice in different tones to deliver the right emotions. He is a great artist and lyrical genius for sure.",943,4,2024-05-07T17:12:05Z,2024-05-07T22:38:58Z
UgyiNNGEa8wFgp5Q2K94AaABAg,@N00bGuitar,Literally the best diss track of this century.,4,0,2026-05-19T00:48:50Z,2026-05-19T00:48:50Z
UgxVjFGlLSNsHv9v7AJ4AaABAg,@CatsVerseShorts,I thought public executions are not allowed anymore,621,2,2024-05-04T23:05:34Z,2024-05-04T23:05:34Z
UgzACvNWQQMAPXRQNPZ4AaABAg,@DonVaughn-t5f,This might be the greatest diss ever how he broke Drake down.,912,4,2024-05-16T23:51:06Z,2024-05-16T23:51:06Z
UgwU9gA3XeBta6FE6Bd4AaABAg,@bmj16955,"Yup ""Meet the Grahams"" is still terrifying. Greatest diss track ever SHEESH",1932,24,2024-08-31T02:38:16Z,2024-08-31T02:38:16Z
UgxuYxse2__06BCbntV4AaABAg,@taysmith9321,The vill brought me here ak slipped up and said kids 😂,10,0,2026-05-27T21:17:48Z,2026-05-27T21:17:48Z
UgwiEYElpyBy7fdCMtF4AaABAg,@bowtiefries,"I like how it goes back and forth in tone, first it goes calm, then it goes to full anger.",672,3,2024-05-09T23:32:29Z,2024-05-09T23:32:29Z
UgwWSqRUR2lpNaXlUFB4AaABAg,@frogbcnr,"This is such a haunting, filthy, terrifying diss it’s classified on AOTY as horrorcore",1179,12,2024-05-04T16:41:43Z,2024-05-04T16:41:43Z
UgzJCjEwlA2_AK9kMTF4AaABAg,@M-to-the-B403,"This diss makes me feel like I’m the fly on the wall in a custody hearing, family therapy session, and a SA, NA, and AA meeting all at the same time",566,2,2024-05-04T13:01:31Z,2024-05-04T13:01:31Z
UgxNocteFcL8cx_6Nbp4AaABAg,@deliberatewdoubleyou,"*was in South Korea in a hostel falling asleep with this on, woke up and it was still playing, no one can tell me I don't study the greats*",3,0,2026-08-18T04:43:58Z,2026-08-18T04:43:58Z
UgwJn1GLp9uyukqocit4AaABAg,@MassMortal,this feels like one of those videos jigsaw made for his victims,652,5,2024-05-08T01:00:06Z,2024-05-08T01:00:06Z
UgzRasDbnw8rr_0JZx94AaABAg,@ProwersEdits,"By far one of the most unsettling and lethal diss tracks I’ve ever heard. Like I’m not even having fun anymore, I’m just taken aback and concerned…",797,5,2024-05-05T02:52:30Z,2024-05-05T02:52:30Z
UgxrEiIk6i9n0lTjaUF4AaABAg,@governmentagentB,"What's crazy is in Canada. On the local news, they announced Kendrick is the superbowl performer and the first thing they said after was "" coming off his rap victory over Drake "" like even Global News knows Drakes a diddler",1220,10,2024-09-12T04:12:29Z,2024-09-12T04:12:29Z
Ugzx9uQt5NVBP-EOio94AaABAg,@seanr4745,Here again after hearing about Lindsay 😂,10,0,2026-07-12T10:38:25Z,2026-07-12T10:38:25Z
UgzgDJ5wAGF7DzKmkhZ4AaABAg,@Rhymski,"While Drake is making diss songs for the 18 year old chicks to dance to in the club, Kendrick sound like he somewhere in a dark room with a candle 😂",1036,12,2024-05-04T05:14:33Z,2024-05-04T05:14:33Z
Ugz_5v4NYrI4Pq94jzV4AaABAg,@karmmy365,I still can't believe this track is real.,1637,15,2024-05-17T01:56:49Z,2024-05-17T01:56:49Z
UgxqhTzndRn6kc2DWAN4AaABAg,@ShadowedAgony,"Drake just keeps proving Dot right. Again and again he continues to spiral, the lawsuits will hurt him more than anything Kendrick did. It really is a battle with himself",554,2,2025-01-17T02:32:06Z,2025-01-17T02:32:06Z
UgyqWEEGCj7OZoN5ewl4AaABAg,@Movie_WhisperWolf,"Drake: Imma blow your mind.
Kendrick: Imma expose yours.",2,0,2026-09-12T00:42:01Z,2026-09-12T00:42:01Z
UgxBo174pl8fsZxW_r54AaABAg,@JBKLEIN,*Kdot went from 'To Pimp a Butterfly' to 'To Catch a Predator'* 😂😂😂,608,6,2024-05-05T02:31:24Z,2024-05-05T02:31:24Z
UgzK-J6nMRUFSWGuBBp4AaABAg,@M4nnoh,I think Drake will have nightmares about those piano notes for the rest of his life (he's already dead at the moment).,873,6,2024-05-05T15:14:34Z,2024-05-05T15:14:34Z
UgwuyAg68pt-liiWcNd4AaABAg,@joshuamckenzie5564,The piano keys make this whole song feel so sinister. I love it,1459,20,2024-05-04T05:21:13Z,2024-05-04T05:21:13Z
UgxdN_RRlgnPYJk1aXN4AaABAg,@Gavin6345,J. Cole deserves our apologies. We mocked that man for making the greatest decision!,5,0,2026-08-14T20:08:25Z,2026-08-14T20:08:25Z
UgznmDNCDZiy1ViNzjB4AaABAg,@BloxyHecks-wd5so,This is even more crazy when you realize that Kendrick dropped Euphoria when it was drake's supposed daughters birthday. This may be why he waited for a long to drop a diss and now he is loaded.,1341,8,2024-05-05T14:00:31Z,2024-05-05T14:00:31Z
Ugz0MzWJDCeIy8JmVNZ4AaABAg,@jjgameshow2682,Meet the grahams has to be my favorite Kendrick song because the instrumental gives that old school feel to it,495,2,2024-05-11T07:09:19Z,2024-05-11T07:09:19Z
UgwICOqDv7lk1Fs6PNR4AaABAg,@AsuraSwiper,"""Don't speak on the family, crodie
It can get deep in the family, crodie
Talk about me and my family, crodie?
Someone gon' bleed in your family, crodie""",752,6,2024-05-04T08:22:58Z,2024-05-04T08:22:58Z
UgzUmo21AVs8YJbI8uh4AaABAg,@Tarnzinkillapro,Fastest reply in rap history 😂❤🎉,5,0,2026-06-25T18:27:53Z,2026-06-25T18:27:53Z
Ugy_d0R8kBcb6pfkc3J4AaABAg,@CookieJessiee,"Kendrick's disses is not just about the bars but the entire production, everything has a meaning. The freaking background is an A minor note... like 🤯",1233,12,2024-05-06T10:37:43Z,2024-05-06T10:37:43Z
Ugwb2oc8TDv6J38pgj54AaABAg,@catt_,"this track's a literal murder scene, just like the beat",507,2,2024-05-05T23:13:05Z,2024-05-05T23:13:05Z
UgzNZIsFi-5w8BnR7oJ4AaABAg,@davejarangue8017,"He had this ready. 

“I calculated that you’re not as calculated, I can even predict your angles.”",491,5,2024-05-04T04:49:52Z,2024-05-04T04:49:52Z
UgwpShjcmCKyu7nMB4F4AaABAg,@Roblipt9,"I’ve always wondered how Lil Wayne reacted to this, knowing his homeboy got obliterated",4,0,2026-05-21T09:25:47Z,2026-05-21T09:25:47Z
UgznYCxv0L2KV6QHkEx4AaABAg,@DoiiNabsixooKanhsuxizkanbdb,This beat sounds like a knife being slowly dragged across a chalkboard,649,8,2024-05-24T03:15:39Z,2024-05-24T03:15:39Z
UgxyySeIWK6R-AZCFOx4AaABAg,@thekeyboardmaster2487,"“Jermaine, don’t come to school tomorrow.”",482,2,2024-05-14T04:22:22Z,2024-05-14T04:22:22Z
Ugwzn6qHzvBa5sRR9Yd4AaABAg,@Mov7nEnt,"That ""YOU LIED"" chant with the echo is on constant repeat in my head",606,5,2024-05-04T22:00:25Z,2024-05-04T22:00:25Z
Ugzyhvwn3ChawLE7eKx4AaABAg,@maxwelllee6630,who’s here after the goth girl clip??,16,1,2026-08-17T14:04:52Z,2026-08-17T14:04:52Z
Ugy9R-ZfRSTQIEgm61Z4AaABAg,@rdsmofficial,This is how murder sounds like.,2321,20,2024-05-24T19:12:06Z,2024-05-24T19:12:06Z
Ugy46s1nEYiWO5-w7NN4AaABAg,@brylerivera402,"'fuck a rap battle, this a long life battle with yourself' MY JAW FUCKING DROPPED",567,6,2024-05-04T11:38:34Z,2024-05-04T11:38:34Z
UgyHZ9Djh5jwqF0gjqB4AaABAg,@samuraiprime5044,"""And a fucking deadbeat"" as the beat completely dies out when he said this. The layers..",593,6,2024-05-05T02:42:48Z,2024-05-05T02:42:48Z
UgwrJMM-XsudMiiNOiZ4AaABAg,@nightslash2748,"Who’s here after Akademiks Freudian slip, revealing Drake does have a kid he’s hiding",17,1,2026-05-28T10:21:01Z,2026-05-28T10:21:01Z
UgwO7kjH-Qo1KOu2Nw94AaABAg,@jonahmiller5881,"5:55 I really love the 'You Lied' segment, but ""Why believe you, you never gave us nothin' to believe in"" hits so much harder. 
His intonation is that of a gospel preacher man, like he's speaking the absolute truth.
Edit: And it even leans perfectly into the lying about religious views follow-up.",709,2,2024-05-21T07:58:59Z,2024-05-21T08:01:28Z
UgydIdMojvDHZMDHh9p4AaABAg,@arsala.a,"The beat is psychopathic, it goes crazy with the lyrics and deeper understanding of it all",762,9,2024-05-08T23:03:58Z,2024-05-08T23:03:58Z
Ugx3CovBG-7-r32cnmR4AaABAg,@BlakBoxMusic,"for a drake diss, he's giving some good advice to adonis fr",528,8,2024-07-15T14:11:17Z,2024-07-15T14:11:17Z
UgymK2J98A_pI5FWSgl4AaABAg,@stompstompx,this is basically driving past Columbine 😭,3,0,2026-07-22T05:25:05Z,2026-07-22T05:25:05Z
UgyZJeiBMS43vkq93EJ4AaABAg,@allyalmusic1656,"“Just play this when you eighteen”
One of the hardest bars 🔥🔥",591,4,2024-05-05T19:45:29Z,2024-05-05T19:45:29Z
Ugx-8xjklvvINR4thR54AaABAg,@lapharge64,"Holy shit, I’m turning into a law abiding citizen after listening to this.",835,8,2024-05-04T18:35:58Z,2024-05-04T18:35:58Z
Ugw-Wxsvzd2At-Skqr54AaABAg,@Manny_z1,Kendrick must’ve collabed with Nardwuar to know all this 😂,1499,20,2024-05-04T06:52:40Z,2024-05-04T06:52:40Z
UgyLrgNwQghcrXPp8ix4AaABAg,@jaydagreat_253,Came back in 2026 my guy is cold for this one. He should’ve sue him for this one lol…. BEST DISS SONG OF ALLTIME,4,0,2026-07-08T21:33:37Z,2026-07-08T21:33:37Z
UgwcYqZKaCDiOXf5YIl4AaABAg,@NostalgiaMonstr,These dudes really got me up at 3am with my jaw hanging open,1234,28,2024-05-04T06:56:12Z,2024-05-04T06:56:12Z
UgwO4-8hDnink9BAukh4AaABAg,@lwandilekapondoroh2981,Maturity is realising that this is best diss track among them all … the fact that he dissed Drake yet talking to other people is psychological damage 🙌🏿😂,662,5,2024-06-18T18:05:38Z,2024-06-18T18:05:38Z
UgznznTSgwmAjaKA5Hl4AaABAg,@Omallo-qp4oi,"The more this beef escalates the more I realise how good of a decision it was for Cole to step out. He was expecting a friendly competition to see who was the best MC, but these two guys REALLY hate each other and will do anything to ruin the reputation of the other",1017,12,2024-05-04T08:08:42Z,2024-05-04T08:08:42Z
UgyOBoRc80vgekGlVTp4AaABAg,@Ch0z3N_001,"This was the one he killed him the most. Euphoria has more re listen ability, and not like is something other people would dance too. But here this was way more personal",3,0,2026-05-18T03:56:51Z,2026-05-18T03:56:51Z
UgxTAS9ETeH_BsKs7It4AaABAg,@akishiro1,kendrick definitely won end of the convo,1000,10,2024-05-13T00:57:26Z,2024-05-13T00:57:26Z
UgxI1ztk8rwEvARB0jZ4AaABAg,@richiwillemse1481,Kendrick telling Lebron and Curry to keep the family away sent shivers down my spine. This feels like it's gonna shake up the atmosphere in certain rooms. I must admit I knew it was gonna hard to take down Drake cause people like him don't know when they've lost,789,7,2024-05-04T19:12:46Z,2024-05-04T19:12:46Z
UgwCRDsBS318LQ_OEcN4AaABAg,@theerkenbrand1358,J. Cole was right to keep walking with his stick instead of joining that shit.,781,3,2024-05-04T04:03:25Z,2024-05-04T04:03:25Z
Ugxdwhc88eZ-JAsWnpd4AaABAg,@ElliYeetYT,Kendrick Lamar Burned Drake Up So Much that he went from starting a forest fire to creating a Solar Flare from the Sun.,4,0,2026-05-28T12:19:13Z,2026-05-28T12:19:13Z
UgwgbwQNV2Pf-RwBKKp4AaABAg,@Cresce_Music,Drake is doneeeeeee. Metro Boomin BBL Drizzy just dropped on my profile hahahaha this beef is getting out of hand!!,3811,6,2024-05-07T14:10:38Z,2024-05-07T14:10:38Z
Ugx7q9SCK89ic93Thfh4AaABAg,@BigfryTV,This is insane. Witnessing history in Hiphop right now.,1856,10,2024-05-04T04:35:21Z,2024-05-04T04:35:21Z
Ugy0EsS6Wvuyj5EeYHZ4AaABAg,@paralosrumberos0307,The piano is ominous and Kendrick electrifies it.,586,4,2024-05-04T18:01:29Z,2024-05-04T18:01:29Z
UgyoNOKBJALH-ZtKQPV4AaABAg,@surfsuptofino,Kendrick was writing this in a room lit by a candle with a quill,5,0,2026-05-27T17:55:44Z,2026-05-27T17:55:44Z
Ugz5x3E15jh68ySY1pZ4AaABAg,@dirtysouthhiphop,"J Cole, now we understand. Much peace to you. This is bigger than rap. Kenny is the new Katt.",604,3,2024-05-04T10:03:37Z,2024-05-04T10:03:37Z
UgxKcWxXeu6ymbFfm_14AaABAg,@Riddlerproductionz,"About to go to sleep, checking underneath my bed first to make sure Kendrick isn't under there.",1112,19,2024-05-04T22:05:03Z,2024-05-04T22:05:03Z
UgyPyETwA_6p9AZ82LZ4AaABAg,@ReaperHollow,"Kendrick wasn't bullshitting when he said ""If you go there, I'm going further & that's something you don't wanna do"" cause damn 🤯🤯",491,4,2024-05-04T05:30:32Z,2024-05-04T05:30:32Z
UgyOeHR__dE1aWzI7Yh4AaABAg,@reysantiago000,K Dot lives rent free in Drake mind.,2,0,2026-08-28T01:48:31Z,2026-08-28T01:48:31Z
UgxJbLwIhhHx0ymS2Z14AaABAg,@Vegetaiscooler,"“Fuck a rap battles this is a long life e battle with yourself”

GOD DAMNNN😭",658,7,2024-05-26T00:13:00Z,2024-05-26T00:13:00Z
UgyWWCNJ7eJ5-nKmmOp4AaABAg,@TCalvin91,The way this stepped on “Family Matters” will always be remembered you had to be there 😂😂,480,5,2024-07-16T12:11:54Z,2024-07-16T12:11:54Z
UgxJ1GfUuVWfuWxOdbB4AaABAg,@magicconches.,As a daughter with a shitty absent father when I first heard this song I had to pause it.. Kendrick hit me right in the soul. God Bless you Kendrick,1051,12,2024-05-24T15:17:14Z,2024-05-24T15:17:14Z
UgzZ6smhdSLIxpfaj7Z4AaABAg,@ygflip8551,Had to revisit the crime scene 😭,9,0,2026-05-28T13:07:27Z,2026-05-28T13:07:27Z
UgwMbq12G4jJj3hZJMJ4AaABAg,@prashantkaushik7063,The therapist when your card declines..,717,11,2024-05-04T06:43:42Z,2024-05-04T06:43:42Z
UgwP6-5AEXkLtu7PjaR4AaABAg,@hiphopcultureuncut,"this is insane, this is an absolute masterpiece. what a historic fucking song. kendrick is special",562,1,2024-05-07T11:39:34Z,2024-05-07T11:39:34Z
UgwYBwPbHD2AEq-Gstl4AaABAg,@supermetroid009,"The song sounds like a descent into madness, it’s amazing.",591,6,2024-05-17T03:14:31Z,2024-05-17T03:14:31Z
Ugxi2BjEtBD6eHP73wF4AaABAg,@noo6423,Kendrick isnt even remotely talking about me in this song but i still feel like im getting like dissapointingly scolded by my grandma,3,0,2026-05-18T06:02:33Z,2026-05-18T06:02:33Z
UgxV-VITGxE9ADMnWYh4AaABAg,@NomadicNibbs,"One of the most beautifully constructed diss ever. 

Damn, Kendrick just something different",553,2,2024-05-07T06:28:29Z,2024-05-07T06:28:29Z
UgyzfQXUrxmLeFxIzoZ4AaABAg,@tefweebz,I’m honestly happy for Cole right now. He saw this coming and protected his spirit. Good call.😂,793,18,2024-05-04T04:56:49Z,2024-05-04T04:56:49Z
UgwX70PCDuK9WUX2x_14AaABAg,@jonahgross698,diss so good ppl call the man who backed out and apologized a genius😭🙏,611,5,2024-05-05T06:08:59Z,2024-05-05T06:08:59Z
Ugy3JeI9-LujDkp1FnR4AaABAg,@JiiRA.,This track was needed way more than we may ever think,3,0,2026-05-30T09:38:02Z,2026-05-30T09:38:02Z
UgwLO0DRWcOpkYNmVGh4AaABAg,@riziaelivros,"at the end when his voice gets more agressive he sounds like a crazy genius doctor losing his shit in a total psico way. I love it so much!
I am so proud to be a kdot fan😭",559,6,2024-05-30T21:36:57Z,2024-06-03T16:57:15Z
Ugyl4YQqgGS0g20Ycn94AaABAg,@MrEklipse,Cole saved himself because this shit is relentless.,567,9,2024-05-04T09:29:22Z,2024-05-04T09:29:22Z
UgzG6iqiIrNzRCeV0Sx4AaABAg,@starchild_777,"he ain't win a Pulitzer for nothing, this a work of art right here.",607,10,2024-05-04T17:17:06Z,2024-05-04T17:17:06Z
Ugx75LBsrvGuJmEnmP54AaABAg,@Eugeneeggboy,"""its a fucking disgrace"" - drogba 2008",4,0,2026-06-27T12:09:10Z,2026-06-27T12:09:10Z
UgzNECva4GqeuM2mqKd4AaABAg,@csquared3247,When i heard “dear adonis” lightning flashed in the distance,847,9,2024-06-19T06:58:40Z,2024-06-19T06:58:40Z
UgxrvK_shKDBlkmhL754AaABAg,@Infinight_Mage,"The fact that this song is a powerful message to kids with shitty parents that they don't have end up like like their mothers or fathers, but also an absolutely fucking brutal diss track against everything Drake's built makes this 100x better. God bless you, Mr. Morale. Never stop 🔥",559,3,2024-05-04T04:54:20Z,2024-05-04T04:54:20Z
Ugz6nkrany-b4oPH8JJ4AaABAg,@chwakrine,I legit shed a tear for how emotional Kendrick sounds,672,10,2024-05-29T15:40:35Z,2024-05-29T15:40:35Z
Ugx2UweDh53Z3mJ-5SR4AaABAg,@kojovrfs,I DON'T BLAME NO ONE FOR BEING SCARED OF THIS TRACK MAN- IF I WAS AUBREY I WOULD BE SCARED TOO 😭,6,0,2026-05-15T16:44:36Z,2026-05-15T16:44:36Z
UgyejD4P7uxQ3ywmsw14AaABAg,@ChiliSparrow,"as soon as kendrick said the words ""dear Adonis"" Drake was done",643,17,2024-08-02T09:04:28Z,2024-08-02T09:04:28Z
UgxNBfEov0F0flAsY0l4AaABAg,@hensonn086,That certified lover boy album cover looking real suspicious now,749,11,2024-07-09T15:23:57Z,2024-07-09T15:23:57Z
Ugx35srvUI9I4z-FXdN4AaABAg,@MS-gm1lo,Thank you Kendrick for exposing these perverts it’s a sick world we live in,1307,18,2024-05-12T13:14:25Z,2024-05-12T13:14:25Z
Ugx_EEPqTU68C9W1t_F4AaABAg,@dereki_79,Argentina theme song:,8,0,2026-07-12T10:14:07Z,2026-07-12T10:14:07Z
UgzR8HGDoHCIrJyJHuN4AaABAg,@CaptianR,"Euphoria was the start, still a good song and absolutely savage.
Not like us topped the charts, it stayed at number 1 on the charts for months.



Meet the grahams shows the reality, its barely even a song and more of a document. It feels like writing a suicide note for your mortal enemy after they already perished.",569,8,2024-07-15T00:23:18Z,2024-07-15T00:23:18Z
UgwrFXs7Ca9aOmZkAQ14AaABAg,@Apersonaliveonthisearth,Refreshing Kendrick's page like a crack addict right now,2035,25,2024-05-06T03:13:50Z,2024-05-06T03:13:50Z
Ugx9Y9iBsm--U0U4nfh4AaABAg,@handsomewaluigi8620,"The aura of this song is just brutal, not even trying to be a hype bop, just a conviction without holding any thoughts back",520,1,2024-05-04T21:32:46Z,2024-05-04T21:32:46Z
UgxdwZE0gnKhbW4bk2h4AaABAg,@lo_batt,shit was prophetic someone said the new drake album sounds like drake wrote it 💀,5,0,2026-05-19T20:07:09Z,2026-05-19T20:07:09Z
UgwnYwK8syaho25U9dJ4AaABAg,@schinnAndo,Kendrick is speaking truths he’s protecting the people who need it the most.,501,3,2024-05-06T02:56:35Z,2024-05-06T02:56:35Z
Ugy5MA9nn3soJYO1xbp4AaABAg,@SachinSharma-bi5dv,Adonis has a brutal playlist to bump when he gets grounded 🎶💯,475,3,2024-05-05T19:28:23Z,2024-05-05T19:28:23Z
UgwCPzTOJVgkmKNpOy54AaABAg,@ecaudate,Kendrick not disrespecting drake’s family and giving advices shows that Kendrick is being mature and respectful. ❤️,496,6,2024-05-16T16:06:28Z,2024-05-19T08:47:56Z
UgwpXTxFtPXmt2ZV6OB4AaABAg,@fahadalshei8,Egypt 💔,16,0,2026-07-07T18:16:21Z,2026-07-07T18:16:21Z
UgwhBZ7lQRABU4uZuZ54AaABAg,@PhoenixCNSTL,This beat will probably haunt Drake for years or even decades.,488,5,2024-05-11T04:33:52Z,2024-05-11T04:33:52Z
Ugwc5cGdM09Ll-4RhEZ4AaABAg,@alirezaamini6363,This is some diabolical shit right here bruh. Some of these bars got ME hurting bruh.,737,7,2024-05-04T09:09:30Z,2024-05-04T09:09:39Z
UgxHz9ys6dx4c16gXM94AaABAg,@ThatOneDude559,This sounds like some horror movie/slasher/serial killer type shit. The beat is menacing and the lyrics mixed with the tone of Kdots voice is just haunting. This diss song is diabolically fire💯,716,6,2024-05-04T15:48:08Z,2024-05-04T15:48:08Z
Ugy5eO-jtaX1CECsdJt4AaABAg,@LesediMuziwakhe-d6t,The 🧊 is gonna melt everytime I listen to this 😂😂😂,4,0,2026-05-15T14:18:15Z,2026-05-15T14:18:15Z
UgxNwC9fzrA77EQ4_sR4AaABAg,@LacenMC,"My interpretation: 

Kendrick spent his time writing 3 songs and played chess for this 3rd release. He knew Drake would come at the family, so he had this here ready to go. 

That’s actually insane",922,17,2024-05-04T05:41:38Z,2024-05-04T05:41:38Z
Ugwv8mumj_08nkSPhf54AaABAg,@BudoThePaladin,"Kendrick just terrified me, I expected a murderous beat like this, but not the tone. It's very eerie and the disses are more than personal, each one is another scar, and Drizzy's response was just him sayin it's lies, not quite as violent as this. I don't know what to call this, it's more than a murder scene this is a crime against humanity.",972,6,2024-05-08T01:36:08Z,2024-05-08T01:36:08Z
Ugw_YrXDqE_DMf2s3u14AaABAg,@Bad-zs5fo,I don’t think there’s a diss track that is THIS disrespectful. This is the craziest shit I’ve heard in my life.,584,9,2024-05-04T05:45:08Z,2024-05-04T05:45:08Z
UgxtCl5D-hC9dvafclF4AaABAg,@BiboJouwk,Mo Salah 😢😢,14,0,2026-07-07T23:10:13Z,2026-07-07T23:10:13Z
Ugxnb0954PrQscdOoZJ4AaABAg,@From_Another_WRLD,"this shit cleared my skin, improved my health, taugh me values, and now I have no ennemies exept Drake",535,9,2024-05-04T12:04:59Z,2024-05-04T12:04:59Z
UgwmBW_pVg9QD6__wPp4AaABAg,@wallsofwater,in ovo headquarters it probably looks like that spongebob scene where his brain forgets his name or something. red sirens and screaming ghostwriters. chatgpt on overtime probably,730,5,2024-05-04T05:10:46Z,2024-05-04T05:10:46Z
UgyFUlmoCLE0cz99u1h4AaABAg,@OriginalGwisoon,"This track is eerie, I'm not even getting dissed but this man got me looking over both my shoulders walking through the street",583,8,2024-05-04T16:02:48Z,2024-05-04T16:02:48Z
UgxQxJO_5eq9IBSjR3V4AaABAg,@DonJanssennoahUgay,Bro kendrick murdered drake with this,5,0,2026-05-16T08:09:00Z,2026-05-16T08:09:00Z
UgzB8y2PDDt2v2AFKc54AaABAg,@tidalphantom0277,I took a heavy fucking sigh after finishing this.,700,8,2024-05-04T15:14:59Z,2024-05-04T15:14:59Z
Ugw59vtnAh5GbDt5Ev54AaABAg,@yungproxy5433,This might be the most eerie instrumental ive heard on a rap song. It feels like someones about to die,606,14,2024-05-05T09:56:38Z,2024-05-05T09:56:38Z
Ugy-bLkCg0eKCtgu6hp4AaABAg,@thejourney3863,"J Cole values his privacy more than anything else, he was right to step aside cause it really had nothing to do with him",511,10,2024-05-04T18:52:46Z,2024-05-04T18:52:46Z
UgxlSqU-FRziwi6gZQl4AaABAg,@Cub3k4t,"RIP Drake
October 24, 1986 -  May 3, 2024",5,0,2026-07-15T01:48:40Z,2026-07-15T01:48:40Z
Ugz5U6lc3LyuHjwp7w54AaABAg,@iamproject7,In all my life I've never heard lyrical warfare like this... R. I. P Drake,615,14,2024-05-05T01:38:35Z,2024-05-05T01:38:35Z
UgzVQcMMIkuWBBblKDx4AaABAg,@Crawford_Augustine,"The piano:
U — A — p3 — do",1147,21,2024-08-11T17:52:56Z,2024-08-11T17:52:56Z
UgxqbAEb0uxCuRMWDbx4AaABAg,@hwowwhwoo,"we're far beyond a diss, this is an indictment. incredible track.",525,5,2024-05-04T06:27:55Z,2024-05-04T06:27:55Z
Ugwmjk3S98b8Xpx-g114AaABAg,@DJ_SLAYERXX,i remember when i first heard a snippet of this song and was genuinely scared,4,0,2026-05-14T03:28:40Z,2026-05-14T03:28:40Z
UgxIJBc2HwV56HMHmIl4AaABAg,@Vegito224,Crazy how both his songs are #1 and #2 trending 🤯 Kendrick is insane,621,8,2024-05-05T13:53:15Z,2024-05-05T13:53:15Z
UgxNviClWl4m1dFQqTB4AaABAg,@WagOfBeed,THANK You Cole for staying out of this. Why TF Drake wanted to wake up a sleeping giant is beyond comprehension.,544,9,2024-05-05T03:22:01Z,2024-05-05T03:22:01Z
UgxFtZ6LkufVxR9D5F14AaABAg,@melonhack999,J Cole was right apologizing 😂,491,6,2024-05-05T01:34:14Z,2024-05-05T01:34:14Z
Ugwcs46vtDX1lBTX_OF4AaABAg,@mercedesbenzodiazapine,This was the first Kendrick song I ever heard lol I never became a fan of someone so fucking fast. Made me feel like a ghost passed through me several times.,3,0,2026-05-19T02:22:37Z,2026-05-19T02:22:37Z
Ugxb_C4JR06Z9Ka8iMx4AaABAg,@nkosanamabuza109,This song is musical horror. It scares me a bit,486,5,2024-05-06T01:16:53Z,2024-05-06T01:16:53Z
Ugw6VBapl2-V35JBCz14AaABAg,@robthekoopa,"Beef to the side, we need more people being this blatant about predators",631,12,2024-05-04T07:49:56Z,2024-05-04T07:49:56Z
Ugzl_1GHlFBBA-cXo_B4AaABAg,@HeadPwnerful,"The scariest part is the more you listen to this, the more gut wrenching you feel cause this is not just a diss track anymore, it's a direct threat, it's heavy stuff that's very hard to stomach on a personal level. It gives a feeling of uneasy and if I am in Drake's boots I will not sleep easy knowing that a true menace is your biggest hater.",783,13,2024-05-04T11:25:27Z,2024-05-04T11:49:25Z
UgwZNT8MgmzzYIIelHF4AaABAg,@Schytheee,Easily greatest ever diss track,4,0,2026-05-23T05:24:02Z,2026-05-23T05:24:02Z
UgzDPz2uJMKzSeMz9Kx4AaABAg,@BOXINGEGO,"Kendrick got gritty and personal on Drizzy minutes after Drake dropped “I calculate you're not as calculated, I can even predict your angle”",635,10,2024-05-04T05:59:26Z,2024-05-04T05:59:26Z
UgwcI_fZgY60pA2IlR14AaABAg,@Redoer,"somewhere, Pusha is smiling heavy",547,6,2024-05-04T04:50:17Z,2024-05-04T04:50:17Z
Ugw4RyNayA-nnqy2qdx4AaABAg,@kadenpile-riley2170,Listened to this when it released. I’ve come back to this shit like 20 times. Still can’t process this,540,8,2024-05-04T15:02:57Z,2024-05-04T15:02:57Z
UgzQaTRGY4StmkTHLvl4AaABAg,@OmarAhmed-jo7gj,The Isreal of latin america robbed us.. 🇪🇬,21,3,2026-07-08T12:41:24Z,2026-07-08T12:41:24Z
UgzkFghN7KcrSfpU7PF4AaABAg,@DnDerailed_Show,"""I can even predict your angles, fabricate stories on the family front cuz you heard Mr. Morale"".... Kendrick drops 6:16 in LA, telling Drake that someone in OvO works for him, Drake drops Family Matters going over the exact points that Kendrick KNEW he would, and Kendrick drops this 30 minutes later. This is a master class.",611,18,2024-05-04T04:50:18Z,2024-05-04T04:50:18Z
UgyPrPGQ8x2C_V-WoLl4AaABAg,@wevibe4811,I cant stop listening to this shit. Masterfully menacing,534,4,2024-05-13T03:27:20Z,2024-05-13T03:27:20Z
Ugx7ATI1k7c1KL9mgFh4AaABAg,@marcellomoore9755,"On 6:16 in LA Kendrick alludes to being Raphael the archangel, who teaches a little boy to be a man before healing his fathers blindness; Kendrick then drops a diss in the perspective of Adonis’s mentor.

Kendrick is playing 4D chess",629,6,2024-05-05T17:04:12Z,2024-05-05T17:04:12Z
Ugz3dcwQ7lV6BusF_tx4AaABAg,@WillisTheGreyMusic,the systematic dissemination of a persons character! Drake's pen can never be this surgical.,4,0,2026-05-19T04:49:02Z,2026-05-19T04:49:02Z
Ugyo0CGhowPEImz2pGt4AaABAg,@jae-anngowie4097,You know I called J Cole a coward for backing out..... I take those words back,831,18,2024-05-04T04:53:45Z,2024-05-04T04:53:45Z
UgzYahBjQKTkGOOsQuB4AaABAg,@PencilCase9871,Kendrick done become a forensic anthropologist with these disses revealing he had a daughter lmao,472,8,2024-05-04T04:10:25Z,2024-05-04T04:10:25Z
UgwBla3H72GLKp7bOSB4AaABAg,@Skull-gl2uo,"I can only say that this Diss Track is one of the deadliest in the history of RAP.

This is history. 💥",710,13,2024-05-07T01:05:16Z,2024-05-07T01:05:16Z
UgyrcW5X9NyVynQ0m5h4AaABAg,@leooo2350,best disstrack in rap history.,4,0,2026-05-17T09:19:35Z,2026-05-17T09:19:35Z
UgyTO0FBpX4nrp3sVoF4AaABAg,@vsavath,"This one is probably my favorite track from their feud thus far, its supposed to get under your skin in the most sinister way. I really hope Kendrick stays safe considering what usually happens to people that start exposing all the depravity in the industry and big businesses.. they 'pass away' suddenly.",980,13,2024-05-06T06:01:58Z,2024-05-06T06:01:58Z
Ugz90OL9FWUiVGfkrkV4AaABAg,@itskryptic204,This is the craziest rap beef I’ve ever had the pleasure of witnessing. The pot is heating up now,522,8,2024-05-04T04:42:33Z,2024-05-04T04:42:33Z
UgwPS424smkooeyfXG54AaABAg,@SneakerheadAD,This shit is so personal that I feel like I’m getting attacked 😭 Kendrick is getting scary man. I just hope this doesn’t end up with someone getting killed fr.,976,25,2024-05-04T06:27:01Z,2024-05-04T06:27:01Z
Ugxn9oe-FdPhB8tTUxF4AaABAg,@Mosk-l1i,I remember when this dropped and it felt illegal to listen to.,4,0,2026-05-22T22:08:06Z,2026-05-22T22:08:06Z
UgzdBl8ZuUmWIFtWqBN4AaABAg,@Requi0.laven6,"the genius of the composition is that it is literally written in A minor. Play an A minor chord with A as the bass notes on the first four beats, then I think the bass goes up to the E while still playing the A Minor chord. Dang",563,19,2024-05-05T02:33:39Z,2024-05-05T16:30:28Z
Ugysu2HDN3OWudW5BHp4AaABAg,@FavoriteAsianGuy,The fact that he got the Alchemist to do the production is a huge win in my books🔥,476,17,2024-05-04T05:49:35Z,2024-05-04T05:49:35Z
UgzG-43jkf2AIh5teCF4AaABAg,@ihonestlydontevenknow4359,"this is 100% the greatest diss track ever made. i’m saying this as an oldhead, this got it for me. the fact that dot’s destroying p drizzy’s character by talking to his family, and exposing damn near EVERYTHING about him… this is crazy. ether had it for me, but now… meet the grahams is the greatest diss ever made.",562,17,2024-07-02T20:01:28Z,2024-07-02T20:01:28Z
UgwSgywWwtkHu8z9GQh4AaABAg,@GennaBless,Welcome back. We here again 😅,7,0,2026-05-27T20:23:21Z,2026-05-27T20:23:21Z
Ugw__IGY6J24-oyEqgJ4AaABAg,@kalenwilliams5210,"People talking about the hidden child and not the sexual predator allegations is crazy to me , if this is true Drake is basically R Kelly 2.0",504,10,2024-05-04T06:20:19Z,2024-05-04T06:20:19Z
Ugz0ClqmlA58A8_ix-h4AaABAg,@Top3Entertainment,"Bro this line 2:29

We gotta raise our daughters knowing there's predators like him lurking",615,4,2024-05-04T04:07:23Z,2024-05-04T04:07:23Z
UgyTRl7aQyUXqtwlxiN4AaABAg,@gilbert2309,"That call-out at 4:32 is so fucking raw bro, chills Everytime goddamn",698,12,2024-05-04T04:17:20Z,2024-05-04T04:17:20Z
UgzJcCV2sqqoluLXnB14AaABAg,@Thomy07xd,argenFIFA,46,2,2026-07-08T01:35:01Z,2026-07-08T01:35:01Z
UgxJCr76rUMe7SFSzkR4AaABAg,@RB-.-,Who's here after Drake just got caught lying AGAIN,584,19,2024-05-11T14:42:25Z,2024-05-11T14:42:25Z
UgztQfROgcQoPXUD5_B4AaABAg,@RethabileMashale-x5s,This is the greatest song of all time,4,0,2026-05-17T13:18:04Z,2026-05-17T13:18:04Z
UgwZ7DGVz-vROsK0u854AaABAg,@growthforge09,"Drake - family matters
Kendrick Lamar - and let me tell you why.",5,0,2026-05-20T12:14:38Z,2026-05-20T12:14:38Z
UgyVDs-nHXXOxcFhge54AaABAg,@tlcjanetfan,"The greatest, scariest diss track of all time!!",3,0,2026-05-21T22:54:04Z,2026-05-21T22:54:04Z
UgzbPWK9Ffp_CNCbY514AaABAg,@inmawalls6382,R.I.P drake,6,0,2026-07-27T03:01:41Z,2026-07-27T03:01:41Z
Ugw3THjp6tMpLrEZ7zp4AaABAg,@Creepypastaanimationmc,Kendrick never fails in dissing people.,2,0,2026-06-08T09:12:00Z,2026-06-08T09:12:00Z
UgzzwhkZPGTD-SzonUR4AaABAg,@ChhiangPisey,I will remember this gift my whole life I promise. I will always remember.,3,0,2026-08-25T11:47:03Z,2026-08-25T11:47:03Z
Ugw_g7q6y1YrxPj2uqt4AaABAg,@nosoypolete,I feel like im revisiting a trauma,4,0,2026-05-18T18:08:08Z,2026-05-18T18:08:08Z
Ugwz-e1HipiuJw1rEMp4AaABAg,@keepingitcooling,Still gives me goosebumps,6,0,2026-05-29T01:43:08Z,2026-05-29T01:43:08Z
UgwDeoxplaPkdPSDXKJ4AaABAg,@rareamigo,This is a brutal beat down. Well done K.,3,0,2026-05-18T07:58:57Z,2026-05-18T07:58:57Z
Ugwz5CQd8kXGo22I3DJ4AaABAg,@rurounialchemist,Feels kinda like being at your friend's house when they get in a fight with their parents 😭,4,0,2026-05-29T15:06:21Z,2026-05-29T15:06:21Z
UgwomkSUWo1QJ04N7wd4AaABAg,@CallmeKane115,Listening to this is like when the teacher is yelling at somebody next to you and you start feeling it.,14,0,2026-08-04T19:25:58Z,2026-08-04T19:25:58Z
UgyySZSEetgk70V3Fql4AaABAg,@MikeChase864,Listening to Iceman aged this song like wine.,2,0,2026-05-17T22:43:59Z,2026-05-17T22:43:59Z
UgyspBUVHwcofDt_5O54AaABAg,@CmPunk-n7g,0:06 bro got straight to the point 😭😭🔥🔥,13,0,2026-05-18T21:12:50Z,2026-05-18T21:12:50Z
UgyMohmONiRGEhB2xe14AaABAg,@aken00x,LET US MEET WITH GRAHAMS AGAIN,5,0,2026-05-15T14:12:35Z,2026-05-15T14:12:35Z
Ugwoh2GilTXIMvdA1lV4AaABAg,@TheWebb16,"""You got gamblin' problems, drinkin′ problems, pill-poppin' and spendin' problems""....",2,0,2026-05-14T18:11:28Z,2026-05-14T18:11:28Z
UgyFkXVnmPEq3qa9oqF4AaABAg,@rmallenlol,The fact that Drake is still referencing this beef to this day means he probably still hears this song when he goes to sleep at night,42,2,2026-05-19T12:38:19Z,2026-05-19T12:38:19Z
UgxqqmNG00Bg8ggXLUd4AaABAg,@marvelthieorist1529,Dear Adonis are the only words I had to hear,3,0,2026-05-18T02:24:45Z,2026-05-18T02:24:45Z
UgwUfNyPu0LKSKeY8il4AaABAg,@PertuniaNtsome-z4d,"Fuck rap battle thats a long battle with yourself 
I felt that 😢",2,0,2026-08-29T13:25:27Z,2026-08-29T13:25:27Z
UgxDZtfCAi7QxKn9K6J4AaABAg,@RohanRam-k2x,When the beef got way too far...,3,0,2026-09-11T05:33:02Z,2026-09-11T05:33:02Z
Ugx-bQnuJHfnyEzt2L54AaABAg,@DanielMcShane-h1z,Ts directed at the guy that barked at a goth mommy btw,13,0,2026-08-13T15:33:21Z,2026-08-13T15:33:21Z
Ugyeb0be0bW6WHDQiZt4AaABAg,@medicine_seller123,"Being a woman and hearing this song is so sad, its almost like Kendrick understood how Hard and scary is being a woman. Fire.",3,0,2026-06-06T14:33:47Z,2026-06-06T14:33:47Z
UgzV6eFca7vIlTTLy1J4AaABAg,@Victrion,This song is like a dementor's kiss.,3,0,2026-05-20T14:55:42Z,2026-05-20T15:00:01Z
UgzTLKslcOrSQSuig7l4AaABAg,@Rumor_itz,I still remember this Murder from 2 years ago,6,0,2026-08-11T23:21:33Z,2026-08-11T23:21:33Z
UgxEX-0vR-o-UIZTRKl4AaABAg,@MohamedKamel-p9z,🇦🇷 vs🇪🇬😢,11,0,2026-07-07T18:38:01Z,2026-07-07T18:38:01Z
UgzfJ11LztLcyTlM6_t4AaABAg,@waafaelia,whenever i listen to this i get just constant goosebumps until a few seconds after it ends and i cannot leave without finishing it...,3,0,2026-08-07T22:55:55Z,2026-08-07T22:55:55Z
UgzZDrQYV3YRpG-Xo2Z4AaABAg,@arjunpatil425,"2 years ago ""Kendrick dropped "" was a sentence that made some people shit their pants 🥶",4,0,2026-05-16T17:55:38Z,2026-05-16T17:55:38Z
Ugx7EOYGA_wOn29_Ez54AaABAg,@Iownrandomserbianguysohard,Who is here after egypt lost,6,0,2026-07-07T18:39:34Z,2026-07-07T18:39:34Z
UgxLyruhNzz5PHNQbvd4AaABAg,@Libogon,"Anything song that starts with ""Dear"" is the overcoming of an earthquake",2,0,2026-08-26T22:08:19Z,2026-08-26T22:08:34Z
UgwbjtCPK7czajeT2H94AaABAg,@Jman-92112,One of the greatest diss tracks oat,3,0,2026-07-22T23:51:03Z,2026-07-22T23:51:03Z
UgwHgP6ieePxU07jYtR4AaABAg,@NoNameXVI,We are here after iceman dropped😂,5,0,2026-05-16T13:01:45Z,2026-05-16T13:01:45Z
UgyOUSRVzxp23r_02Et4AaABAg,@BLIZOOO,7 minutes of pure hatred 🥶💀,8,1,2026-07-09T15:44:13Z,2026-07-09T15:44:13Z
UgyUlYilL4guqQfH-t54AaABAg,@MichaelFogarty4838,"3 albums vs 3 songs. Cornman vs Euphoria, Meet The Grahams and Not Like Us",8,1,2026-05-15T15:35:29Z,2026-05-15T15:35:29Z
UgzO_TtpmA8ldVzEEex4AaABAg,@dylanwatson9384,"Forgot to even mention how fucking insane saying ""skip therapy, take ahuyasca immediately"" is",2,0,2026-09-12T11:59:19Z,2026-09-12T11:59:19Z
UgxcDeu-Lt3FzblOR2l4AaABAg,@theRealManDawg,I only needed to listen to this shit once during the beef lol shit scary to come back to,3,0,2026-07-16T15:11:25Z,2026-07-16T15:11:25Z
Ugyn75pRRa9ZbaNl5ld4AaABAg,@DipcodeLab,"Did I just heard “I suggest some Hiowaska to strip the egos from the bottom”

Spiritual Boogeyman",3,0,2026-05-20T20:26:49Z,2026-05-20T20:26:49Z
UgzzbmpzXgRACH_7oCh4AaABAg,@MaoTsetung-f8d,Every so often I listen to this when a horror game doesn’t sound scary enough.,1,0,2026-09-04T01:30:07Z,2026-09-04T01:30:07Z
Ugw6I4_QkRpumvdPwDh4AaABAg,@LifeWitBigT,"Yo, this gave me ptsd and nightmares",3,0,2026-07-27T00:10:47Z,2026-07-27T00:10:47Z
UgwgF-FvHEQL8jTssC54AaABAg,@hareshnar7830,"""37 but your showin' up as a 7 year old"" DAMN! Kendrick Lamar got the bars which can break Drake's career into a billion pieces",2,0,2026-07-11T06:26:44Z,2026-07-11T06:26:44Z
UgyC2Wp2rFGIv2WaUZx4AaABAg,@LostSignalDigital,still here bumpin' this in summer 2026? YES WE ARE!,2,0,2026-08-27T18:41:39Z,2026-08-27T18:41:39Z
Ugxh17U5cuDkucwDkJJ4AaABAg,@JaiKoneti,This after iceman is ridiculous,6,0,2026-05-17T19:58:23Z,2026-05-17T19:58:23Z
UgwATDn9gZxAdT28k1x4AaABAg,@chiragsharma3243,No Diss can touch this one 😮‍💨,5,0,2026-07-24T12:50:49Z,2026-07-24T12:50:49Z
UgwlMg7mY2u399L-bUt4AaABAg,@jgarci20,I don't see why Drake just didn't hang it up once this came out. He definitely out-did Nas for Ether,7,2,2026-09-05T01:04:21Z,2026-09-05T01:04:21Z
Ugww8YDZXvVvn5SNRqx4AaABAg,@BeyondAbsolute3,Who's back after the 3 icecans dropped?,5,0,2026-05-20T00:45:52Z,2026-05-20T00:45:52Z
UgwtEAAzUw6GpHk39r14AaABAg,@TheRomanCatholicHotdog,"Verse 1: Daddy issues
Verse 2: Familial issues
Verse 3: Parental issues
Verse 4: Truth, credibility, and personal issues",2,0,2026-07-29T12:17:51Z,2026-07-29T12:19:01Z
Ugw7Fmc3OEQJX6RFG454AaABAg,@DaddyCaldwell,Someone please put this audio over the episode of Drake getting punkd!!! They’re the same length of time 😭🤣,3,0,2026-05-18T19:26:22Z,2026-05-18T19:26:22Z
Ugy9Aqrj9_LCNUP3hjB4AaABAg,@ivanready46,"Goodness wth was he on!?!??!
The pockets in this beat are full to the top top. Shouts KDot. Genius tings.",2,0,2026-05-22T21:45:55Z,2026-05-22T21:45:55Z
Ugzo66Am3eLxdTlwxZ94AaABAg,@Neptuneberri,Sometimes I gotta come back to this song it’s just so good,3,0,2026-08-12T00:12:06Z,2026-08-12T00:12:06Z
UgxKL4dowao87gH3Vu14AaABAg,@Luhbanzzz,Man this is a generational ass kickin,3,0,2026-07-27T08:24:36Z,2026-07-30T00:13:29Z
UgxdKqWSifroKdH51PV4AaABAg,@MarleyMPR,Who here after that mid Drake release?,6,0,2026-05-15T15:14:18Z,2026-05-15T15:14:18Z
Ugx8Tc9yxEmMFIQRCgJ4AaABAg,@toobi-600,"Melt the Ice, Man",4,0,2026-05-16T15:00:11Z,2026-05-16T15:00:11Z
Ugx-2TkQe4wFgswe-0Z4AaABAg,@francisformlyknownasc.i.a2128,Dawg Drake Drop and the shit Kendrick is saying especially at the end is holding true 😂,2,0,2026-05-15T10:58:24Z,2026-05-15T10:58:24Z
Ugxh6hR4yOgnOg_QURJ4AaABAg,@Stixks575,This sounds like a murder scene,3,0,2026-06-24T22:29:30Z,2026-06-24T22:29:30Z
UgxCUpa-PquMS7uUIFF4AaABAg,@mnszayy,Deserves way more than 53mil views. Bro was speaking straight facts. Shady business indeed 🤙🏽,2,0,2026-06-13T02:33:49Z,2026-06-13T02:33:49Z
UgwREDpexr7I70rRZMt4AaABAg,@UlissesGarcia-c4h,"Bruh, this song is like a dagger jabbing again, and again, and again in Drake's stomach.",2,0,2026-06-04T17:49:10Z,2026-06-04T17:49:10Z
UgxduAPCabokYxb2rS14AaABAg,@WeAreSacredVintage,2026 World Cup,39,5,2026-07-07T20:46:37Z,2026-07-07T20:46:37Z
Ugzw_gNiHz5ZkebuPSt4AaABAg,@JadeMartin-hd4pw,4:33 was honestly a jumpscare for me,3,0,2026-07-09T05:53:22Z,2026-07-09T05:53:22Z
UgzFACGPmunqvg6IvEd4AaABAg,@zyxioo,he really made his best music when he was beefing with him,2,0,2026-07-25T03:23:48Z,2026-07-25T03:23:48Z
Ugy5UZup8sCSMaYXi_l4AaABAg,@itripped0,This makes me feel like I’m a detective observing a murder,2,0,2026-06-18T02:40:16Z,2026-06-18T02:40:16Z
UgxW61eHh2O-_tpOAKF4AaABAg,@UR.ARO7,Egypt vs Argentina 😢,15,2,2026-07-10T08:29:12Z,2026-07-10T08:29:12Z
Ugxg5OIEu2enAyI_29F4AaABAg,@hellstone9186,this song is oddly calmign to me.,3,0,2026-05-28T20:30:33Z,2026-05-28T20:30:33Z
Ugx4XYcWM6VPWMlnuj54AaABAg,@ml2352,THIS IS THE GREATEST DISS RECORD EVER ..NUMBER 2# ETHER,2,0,2026-05-19T00:04:34Z,2026-05-19T00:04:34Z
UgyWY-9idsjnie0aH6R4AaABAg,@prodmank2532,One day we will revert to this song after Drake's daughter is finally revealed... Dear baby girl,2,0,2026-08-06T13:52:38Z,2026-08-06T13:52:38Z
UgzAp0uDB4tq_T8M-P14AaABAg,@Constutiona1,this makes Euphoria and 6:16 in LA look like some calm and friendly advice,3,1,2026-08-12T10:10:24Z,2026-08-12T10:10:24Z
UgwH6M2BqRJZPHHs_bx4AaABAg,@Maliky3,Ever since this dropped the world has felt different.,1,0,2026-08-01T08:10:25Z,2026-08-01T08:10:25Z
UgwVtI0fC6ZjpZ5DWVV4AaABAg,@Itzme_N8,2 years later and ts still gives me goosebumps,3,0,2026-05-26T01:53:52Z,2026-05-26T01:53:52Z
UgygYUmHmfnGyqtXtb54AaABAg,@LİNDERGALASTUDIOS,Sanat eseri resmen sıkıldıkça bunu dinlemeye geliyorum..,2,0,2026-05-20T18:44:02Z,2026-05-20T18:44:02Z
UgzWAGmCDpK2VGqqwK94AaABAg,@s42-kb8,no way this was 2 years ago😭,8,0,2026-05-16T18:13:47Z,2026-05-16T18:13:47Z
UgyuwRMongrvuQXuNJd4AaABAg,@Noteli_15,Ice man was so bad so i had to go back to kendrick you own him,5,0,2026-05-16T16:32:44Z,2026-05-16T16:32:44Z
UgzvRxgBzKW0mDStpFh4AaABAg,@Cruz_Lighting,"The fact that it sampled Dolly Patron is crazy work, it took her dying to realize thats the beat sample!!!!!!",1,1,2026-09-10T02:08:15Z,2026-09-10T02:08:15Z
Ugyqqq15fgw2xI575nh4AaABAg,@DaSurg08,"""Kendrick dropped!""
-Eveyone",3,0,2026-07-26T19:42:17Z,2026-07-26T19:42:37Z
UgznqikMHexYszVcoil4AaABAg,@MrFuz_n_Nala,waiitng for him to drop again after iceman,5,0,2026-05-20T02:26:47Z,2026-05-20T02:26:47Z
UgwoALSsza4kmPKHDgl4AaABAg,@sea_change0,"The build up at ""that ain't how mama raised us"" is so unbelievably fucking heavy. It's so personal. It speaks so nakedly and direct. Holy shit! It always gives me goosebumps. He really is offering honest advice and feedback. Even though he knows it's received too late.

This whole track reminds me of taking mushrooms. It really does strip your ego back and prep you to face your own shit after showing you some love.

The contents of Drake's newest material shows that he hasn't grown at all from this.",1,0,2026-05-19T00:30:51Z,2026-05-19T00:30:51Z
Ugy-5cZ-jA-78Npspc54AaABAg,@awsomealien234,just came back to appreciate greatness again,2,0,2026-05-18T19:25:06Z,2026-05-18T19:25:06Z
UgyL8f7XjqQwjRpenUx4AaABAg,@BobmanuelOsunwa,Revisiting a murder case,4,0,2026-05-28T15:31:19Z,2026-05-28T15:31:19Z
Ugx3B45im0K-KoPKToN4AaABAg,@Inspecter-Shimblebottom,"The ""ice man"" was whining so much about this I had to re listen.",4,0,2026-05-21T23:41:30Z,2026-05-21T23:41:30Z
UgxusP-0dZMHH-ZbL914AaABAg,@Moawiatheking,Listening to this after playing Brawlhalla,2,0,2026-07-02T23:17:42Z,2026-07-02T23:17:42Z
UgztRyVvT_ZP1DnA1d54AaABAg,@Devmac89,I remember being in the truck after family matters and saw this dropped right after. Fucking crazy times,2,0,2026-08-11T21:24:31Z,2026-08-11T21:24:31Z
UgzG9wf1Crh3kyOKu9B4AaABAg,@ArrowWoofs,"Adonis' mom marrying another man makes the first verse hit even harder, tbh.",1,0,2026-06-24T19:12:25Z,2026-06-24T19:12:25Z
UgyFRDDMXYrK3LJBGsx4AaABAg,@VM.VKRVM16,Egypt,15,1,2026-07-07T22:55:54Z,2026-07-07T22:55:54Z
UgyTcmn34Vc0ak56_Gd4AaABAg,@ManboyS1001,No B.S this song makes you want to do good in life and stop with the B.S this song hits your soul in so many levels!,2,0,2026-07-21T16:53:35Z,2026-07-21T16:53:35Z
UgzE8TtL0IVfYRvsd0x4AaABAg,@abstractedatlas,2:09-3:12 might be the most disrespectful piece of music I have ever heard. It's beautiful,1,0,2026-07-14T03:13:23Z,2026-07-14T03:18:11Z
UgxEdVhyXXOQcUvKJDd4AaABAg,@BacchusDaGawd,This is truly a work of art. Kendrick is a master at making the audience uncomfortable.,1,0,2026-05-29T09:34:06Z,2026-05-29T09:34:06Z
UgwDOSP4MmjAFZGvsxN4AaABAg,@Yuta_cat,"Euphoria - CRITICAL HIT
Meet the grahams - KILLED HIM
Not like us - Burried HIM",7,1,2026-05-27T23:14:23Z,2026-05-27T23:14:23Z
UgwQ43Rv6uAwjM3UOAN4AaABAg,@romeomaangi3654,I’ve genuinely never heard a beat more villainous than this,1,0,2026-06-13T11:52:17Z,2026-06-13T11:52:17Z
UgyiUajjcxHz_IJnP8h4AaABAg,@kayd.1600,"*me in my kindergarten teacher voice* “Ok Kendrick, thank you. Kendrick? Kendrick. That’s enough Kendrick, thank you. Ok very nice Kendrick. Kendriiick. We get it Kendrick. I said that’s enough. Thank you. That was very good Kendrick, but- Kendrick? Kendrick? Can we finish? Can we be done now? Kendrick. Kendriiick. Thank youuu.”",1,0,2026-08-02T10:36:16Z,2026-08-02T13:17:24Z
Ugy2VJLmllK4ozvtf-R4AaABAg,@RandomBoisOficial,The piano genuinely filled with malice,1,0,2026-08-12T12:59:05Z,2026-08-12T12:59:05Z
UgycJg-JtfKxpRnFMTl4AaABAg,@SagWhiteDragonYT,I'm convinced j Cole can see the future after coming back to this becuase god dam drake got deep fried and cooked then frozen and cooked again,3,0,2026-05-16T14:14:24Z,2026-05-16T14:14:24Z
UgzmEewLQUVbzmukaMR4AaABAg,@Cyanzane,Fifa Relying on Argentina and doesn’t care on other teams:,4,0,2026-07-12T04:03:21Z,2026-07-12T04:03:21Z
Ugzj9VLgHDo30XbLA2l4AaABAg,@FRSmfg,Y’all really listen to these lyrics and think drake is ok? Go listen to iceman and hear how many times he references Dot’s bars up to 2 years ago and on the intro drake says he met the reaper. Brutal.,5,0,2026-05-19T22:10:49Z,2026-05-19T22:10:49Z
Ugx_kliicuTOW2BeZf94AaABAg,@AndyTaveras-s5v,Why does this feel like it’s dissing Trump and it makes sense I like it,2,0,2026-05-25T20:44:17Z,2026-05-25T20:44:17Z
UgzF_AtBxDwaX30Khu14AaABAg,@rifayudeennehrudeen2853,"I’m dead when watching this again & again & got fear everytime💯
One of the best bestest💀📈",1,0,2026-07-18T05:32:09Z,2026-07-18T05:32:09Z
UgzVkERAykY1Kj3LOpl4AaABAg,@Tonejones730,Still here after Iceman,4,0,2026-05-30T18:03:40Z,2026-05-30T18:03:40Z
UgwOrBEksY5o3U7IZLx4AaABAg,@avreaI48,Coming back to this and oh my god this was vile 😭 this ain't even a rap battle he's just wishing death upon him,3,0,2026-07-21T06:56:57Z,2026-07-21T06:56:57Z
UgyYhxKki9oM2t0PE8R4AaABAg,@cyrusbanda-n1f,Its really a long life battle with himself,2,0,2026-07-27T08:41:03Z,2026-07-27T08:41:03Z
UgwURJ13hr4pDRNN_uF4AaABAg,@vsnaggs,ts feel like revisiting a cemetery,2,0,2026-05-19T08:02:40Z,2026-05-19T08:02:40Z
UgxQ8bh77iEjRkgxhW94AaABAg,@freshprinceofpearls1510,Kendrick even went through the family tree of your grandfather. Sheesh the lyrics hit harder every time I replay this.,1,0,2026-08-09T05:56:36Z,2026-08-09T05:56:36Z
UgxJ2Z9ld5gj3uhMHd14AaABAg,@Vyletn2,This feels like rewatching security cam footage of a murder,6,2,2026-06-14T14:09:07Z,2026-06-14T14:09:07Z
UgzrIQ9UA1werG8DPCB4AaABAg,@Enterthemind1,This song is the new Ether,4,0,2026-05-18T05:23:59Z,2026-05-18T05:23:59Z
UgxORHLPlRHpmTzT4UN4AaABAg,@lastbornlegacy2573,Came here to cleanse my ears after Mr PDF dropped 3 dodos he should go pick right up and move along.,3,0,2026-05-18T09:23:32Z,2026-05-18T09:23:32Z
UgyPuz8Osh9N-t87eLt4AaABAg,@Mauricioguapo123,Argentina vs Suiza,5,0,2026-07-12T02:36:05Z,2026-07-12T02:36:05Z
UgyQvRiQloM7qL2sekZ4AaABAg,@GoatedMarshallMathers,Coming back to visit the Gravesite,3,0,2026-09-11T19:49:29Z,2026-09-11T19:49:29Z
UgwBCVnqy2O-8FTEPlZ4AaABAg,@IBINTHFD,K dot really removed all of drake's talent with this one,2,0,2026-06-08T01:46:13Z,2026-06-08T01:46:13Z
Ugwel-XY9wlViLhqk1l4AaABAg,@Aqualuva9935,Ayee soo I came back bc Ak henny ass slippin up and saying Aubrey Kids😂😂😂😂damn man,3,0,2026-06-01T14:42:24Z,2026-06-01T14:42:24Z
UgzAkb4G2Mh3tTollLd4AaABAg,@tylervoelker9600,This is how Diss Tracks should be!! Eerie and ominous beat/production and truthful yet deep and dark lyrics.,1,0,2026-07-02T21:11:20Z,2026-07-02T21:11:20Z
UgwvXaXzqn-oepNpj8B4AaABAg,@jaybrinx7100,I feel guilty listening to this😅😂😂,3,0,2026-05-24T03:22:10Z,2026-05-24T03:22:10Z
UgwmfuQsuQq5tcfjtM54AaABAg,@cellphone7367,Egypt vs Argentina match robbery,14,2,2026-07-08T09:02:04Z,2026-07-08T09:02:04Z
UgxnE5kYgTXypwbfSQ54AaABAg,@TheCreativeArm,this is unquestionably the best diss track ever released. IDC what nobody say.,4,2,2026-08-12T13:59:08Z,2026-08-12T13:59:08Z
UgxFnaGb71tNTA-SRSZ4AaABAg,@MattRandomnumber,2 years out and I still feel like James Sunderland jumping down deeper and deeper holes in Silent Hill 2,0,0,2026-09-14T09:22:23Z,2026-09-14T09:22:23Z
UgzgHy4N1C-D2_FyZhp4AaABAg,@cristopherlopez-r8p,argentina vs egypt core:,13,2,2026-07-08T17:02:30Z,2026-07-08T17:02:30Z
UgyCKTDTghi4GylYgQl4AaABAg,@BABAGGAMING777,FIFA's golden baby 🍼🙃,13,3,2026-07-08T17:51:04Z,2026-07-08T17:51:04Z
UgxfdYBXyuj1-Hmcq2R4AaABAg,@AyBROyo,Man coming back to this in 2026.... I know exactly where I was when I listened to it..... out back smoking at 2am .... had me scared asf 😂😂,1,0,2026-06-11T16:32:27Z,2026-06-11T16:32:27Z
UgwJARoF9hBYlW2F37h4AaABAg,@JamesonELTORO,"This song is terrifying, i can tell when drake was listening to this he was crying",1,0,2026-07-07T20:05:40Z,2026-07-07T20:05:40Z
Ugymdrq5Arjft_goY4R4AaABAg,@Chrxme-g3r,I Realized Drake‘s last name is Graham and the song is talking about his whole family on how he’s a bad person so he’s talking to every graham,3,0,2026-05-16T17:11:20Z,2026-05-16T17:11:20Z
UgyoV5llgRdaGJJ5Pyt4AaABAg,@mrgamer7776,Argentina Vs Egypt,14,1,2026-07-09T10:48:13Z,2026-07-09T10:48:13Z
UgwMfYMqUSWPR-RfqqJ4AaABAg,@HannahMonster-dl8mm,"even after 2 years, this song is still jarring !",1,0,2026-06-12T06:16:06Z,2026-06-12T06:16:06Z
UgyUvK9-JMw5BjPr59d4AaABAg,@MisoNiso-q4x,After two years still giving me chills 🥶,2,0,2026-05-25T15:58:32Z,2026-05-25T15:58:32Z
UgzLcqae2eFrYswUPuZ4AaABAg,@JuniorKanedi,Lmao patiently waiting for Adonis to grow,5,1,2026-05-16T09:25:53Z,2026-05-16T09:25:53Z
UgwNTZv3_FJdUk_0WCV4AaABAg,@jacobeyjacobs7479,Heard one and I mean just 1 of drake new songs and had to cleanse myself… played this song 3 times in a row,4,0,2026-05-16T17:04:34Z,2026-05-16T17:04:34Z
Ugwiidvb5V7Xl5SMwUF4AaABAg,@GirlPower_CC,"Genuinely one of the most terrifying diss tracks of all time, and it keeps aging better.",1,0,2026-05-17T06:55:49Z,2026-05-17T06:55:49Z
Ugzm5zMFjLTxKNcqgkh4AaABAg,@o.b.itwistedrose1091,Why did i get the urge to listen to a funeral song,1,0,2026-07-31T17:02:57Z,2026-07-31T17:02:57Z
UgwdXEA3EuC9IkEK2lN4AaABAg,@HEXad3cimal_Cat,"This did not feel like 6 and a half minutes, this felt like an hour squeezed into a minute of pain and despair",1,0,2026-08-18T15:57:36Z,2026-08-18T15:57:36Z
UgxDsnkbPIWwo4mnFkJ4AaABAg,@Osmankiddo,Had to come here again to save my ears from hearing that 🚮 ice shit,5,0,2026-05-17T21:16:04Z,2026-05-17T21:16:04Z
UgyWJ5xLL87wHOz140d4AaABAg,@ozahermosa,this was genuinely the best era of 2024,1,0,2026-07-06T00:30:07Z,2026-07-06T00:30:07Z
Ugwl6h1MONuBhXyj4z14AaABAg,@Gigachad-t2f,Kendrick didn’t even want drake breathing,2,0,2026-05-16T12:52:24Z,2026-05-16T12:52:24Z
UgxHoqOqpHgG_QYdVDJ4AaABAg,@chuymagee,This song feels like lux third against calicoe,2,0,2026-07-21T22:53:09Z,2026-07-21T22:53:09Z
Ugz7D2M4TxtQPPbJCm54AaABAg,@nickshell3925,Damn this shit deep,3,0,2026-05-28T11:39:13Z,2026-05-28T11:39:13Z
UgzAeNCy6QZCDNyemTl4AaABAg,@josh.quat1,Here after drake dropped his bullshit 😂,4,0,2026-05-22T12:34:06Z,2026-05-22T12:34:06Z
UgwGDMsGEc-ST3ZHRKl4AaABAg,@doouuuzze,"""I tried to empathize with you cause I know that you ain't been through nothing"" is WILD 🥶🥶🥶",1,0,2026-06-04T18:55:24Z,2026-06-04T18:55:57Z
UgwdQNgYbu9qODirY7d4AaABAg,@EmmaBonn96,"October 11th 2035

Adonis Graham turns 18

And we all come back to this",2,0,2026-09-13T16:19:45Z,2026-09-13T16:24:06Z
Ugx4_FFFlNfeDWAjI994AaABAg,@Scratch-v7q,I’m addicted to coming back and listening to this song it’s sooooooo well made and makes me feel things I cannot describe,1,0,2026-05-21T22:04:13Z,2026-05-21T22:04:13Z
UgyOkkRdLoVIC2D9zPV4AaABAg,@BEWAREMAN2,"YouTube recommended me this again, I wonder why….",4,0,2026-05-31T07:25:31Z,2026-05-31T07:25:31Z
UgyiPR0jlqT75Zg8v6p4AaABAg,@roseshafiee5138,Truly a masterpiece,2,0,2026-06-21T16:32:28Z,2026-06-21T16:32:28Z
UgxNOE763duOxi1C0e54AaABAg,@gavjacks1082,"My Gawd alot a people slept on thiis because of Not Liike Us..
Dot shudda done a bid fa thiis too,, This shit a phsycological massacre.",5,0,2026-08-27T20:20:24Z,2026-08-27T20:20:24Z
UgzUn8h4FUJmCM_iwdp4AaABAg,@SaintShaun,"5:53 “Take that mask off, I wanna see what’s under them achievements” for some reason that line always sticks with me",2,0,2026-06-08T01:30:11Z,2026-06-08T01:30:11Z
UgxfQc4DyJ4sRRM7nwJ4AaABAg,@Ulises-q3h,2 years since this song came out btw,8,0,2026-05-15T03:15:02Z,2026-05-15T03:15:02Z
UgwQt9mnvTjkIe87ViR4AaABAg,@Kian-v3j,6min of torture 💔,4,0,2026-07-31T07:29:51Z,2026-07-31T07:29:51Z
UgygCu5RqZqVknPojEd4AaABAg,@amirkian9927,"""It's a DISGRACE... It's a DISGRACE""

Drogba  -  2009",1,0,2026-07-29T18:30:23Z,2026-07-29T18:30:23Z
UgzV938M4rgTmGgeh0t4AaABAg,@namesgamby,Sometimes I revisit this just to remind myself I'm not hating on my enemies nearly as much as I can,6,1,2026-05-22T01:42:37Z,2026-05-22T01:42:37Z
UgzbQsNg8SluHkfH1C14AaABAg,@CaldrihkiMrFunkyEhh,Drogba,9,0,2026-07-11T16:12:21Z,2026-07-11T16:12:21Z
Ugzcr0SxoYe_LjFNrlh4AaABAg,@Golden-x6l,play played this to my little sister and she started cry thats how scary the song really is,2,0,2026-06-24T07:43:40Z,2026-06-24T07:43:40Z
UgxCUB9i9eF_Dqt8vMF4AaABAg,@xantiseum,ice man bunz had to comeback here 😭🙏🏾,2,0,2026-05-19T08:19:33Z,2026-05-19T08:19:33Z
UgzbUVzut9dsck39mip4AaABAg,@wendigo.7,Egypt vs fifa,11,1,2026-07-08T14:44:16Z,2026-07-08T14:44:16Z
Ugxrvwel58zxGl_rSJ14AaABAg,@PatrickMade-k9f,This song his gonna speak levels to drake son one day.,1,0,2026-05-19T21:56:11Z,2026-05-19T21:56:11Z
UgwFGe7IWQKv9qqEWa14AaABAg,@Slowdancinginthemoonlight,Is it toxic of me to listen to this during my study break!?😂 I stretch with this playing in my earphones 🎧😝,1,0,2026-06-07T16:27:27Z,2026-06-07T16:27:27Z
UgyuaYJ-FARizna9cT94AaABAg,@KeisanQerimi,Bro this song is so fire,2,0,2026-08-07T13:01:57Z,2026-08-07T13:01:57Z
UgyxdS8zYB6eQjNch_V4AaABAg,@NeymarMyrie-s7x,The first start of the song sound like when the movies starts and there's a back story,1,0,2026-08-05T20:27:28Z,2026-08-05T20:27:28Z
UgwSe1ZFNLRgKJDt4Ql4AaABAg,@jjjjosema,had to comeback after listening to iceman im sorry,4,0,2026-05-16T19:58:46Z,2026-05-16T19:58:46Z
UgxzBzD-84moYoOvPYd4AaABAg,@DivineComedyxXx,30 mins later 🤣,4,0,2026-07-25T03:27:27Z,2026-07-25T03:27:27Z
UgyMxuTDtC0IOVDoOed4AaABAg,@thyhanu,Changing the flowers...,3,0,2026-07-25T16:43:35Z,2026-07-25T16:43:35Z
UgxiDSVMG27-E9WT8rB4AaABAg,@queencoleyy4515,"Damn bro, he spilled the tea",2,0,2026-08-23T21:44:26Z,2026-08-23T21:44:26Z
UgzPwlMLwkx0fGdaFoB4AaABAg,@chrisslone904,Whos here after iceman dropped,4,0,2026-05-19T04:04:29Z,2026-05-19T04:04:29Z
UgxGcQ_j8002tI5jHlh4AaABAg,@priviledgedungeni5790,"6:09  you lied, you lied, you lied",3,0,2026-05-15T09:44:38Z,2026-05-15T09:44:38Z
UgyhqiKd_oB0vQp8cVx4AaABAg,@Alisha1686,This shit hits even harder today 😊,1,0,2026-09-04T18:29:04Z,2026-09-04T18:29:04Z
Ugy04X4sHmhvEdqvYfl4AaABAg,@JamesBradley-b8n,Remember drake got backhanded by Diddy and on live tv,2,0,2026-08-12T04:40:45Z,2026-08-12T04:40:45Z
UgwciZw6muUfDRnhdwZ4AaABAg,@randybooker9797,"To me, it was over with at 6:16 lol . The pure rap he displayed on that song ALONE would’ve had me on “heart pt 6” vibes 😂 “you got this shite BURNT tf out like.. “ 💀💀 then he drops this after Family Matters 🤦🏿‍♂️",3,0,2026-08-26T13:14:08Z,2026-08-26T13:15:17Z
Ugzay4YUiUCWEXwuvFR4AaABAg,@J3STERCLOWNL4BRATZ,"Any Drake Song Released after this was Sung and Made By an Exact Clone of Drake, Because Kendrick Mutilated Him and His Music Career The Moment This Released, And In My Opinion, This was The Cake, And Not Like Us was Only the Cherry on top of it",3,0,2026-06-28T02:24:42Z,2026-06-28T02:24:42Z
UgwWhas7z-bBCjy_s4l4AaABAg,@RaymondBanan-c7q,I come back here becuz the dead starts moving and posting mjs gloves,2,0,2026-05-21T08:49:36Z,2026-05-21T08:51:28Z
UgwWaUKqoHXW4qDbkfh4AaABAg,@trekx2784,"It’s hot outside and my AC broke, I had to feel chills somehow.
So here I am again😂",2,0,2026-07-07T06:23:42Z,2026-07-07T06:23:42Z
UgwydYwmOntqCMCuiFh4AaABAg,@neo.5327,I randomly remembered this song.,1,0,2026-06-13T19:04:42Z,2026-06-13T19:04:42Z
UgzjruMEHnwwOMpyRZh4AaABAg,@Eamonshort1,"Jesus... and I thought I hated Drake... this song is fucking vile. I love it. I thought maybe its bite would dull with time, but this shit is still fucking nasty to this date.",2,0,2026-06-30T07:41:16Z,2026-06-30T07:42:29Z
UgzhCf1Gspuhh3uCvXd4AaABAg,@Stormyfn03x,"I’ve heard this song many times, I knew it was deep and it destroyed Drake and tha Kendrick basically anticipated Drakes next move and posted this song, but for some reason I decided to look at the lyrics, and suddenly when I was able to put those large chunks of what I understood Kendrick was saying… holy shit, this is insane, and coming from someone who is actually pretty nice in person is so scary, but applause to Kendrick Lamar from me",1,0,2026-06-21T06:05:55Z,2026-06-21T06:05:55Z
UgweGuOBvK5SnvcrEox4AaABAg,@DSQUARED2OFFICIAL,Who’s here after listening to Iceman,3,0,2026-05-24T23:07:09Z,2026-05-24T23:07:09Z
UgzMDN0oMXoDpbZ3JzF4AaABAg,@PrizmYT,Coming back to this after sitting thru ICEMAN is heavenly 🙏,1,0,2026-05-16T21:01:20Z,2026-05-16T21:01:31Z
UgyBfgb2_Lw-SlfLBt14AaABAg,@StuckInAdreaminWrld,Fifa vs England💔,4,0,2026-07-16T13:21:17Z,2026-07-16T13:21:17Z
UgxTtDbifEs5m-fYV-x4AaABAg,@Crowded2k,Type of timing Kenneth on rn 😭,8,2,2026-06-10T20:47:05Z,2026-06-10T20:47:05Z
UgxCpktNQggEaFdtigV4AaABAg,@LetThemEatRakes,"never before have i heard a song that so perfectly embodies that simpson's gif of ""STOP! STOP! HE'S ALREADY DEAD!""",0,0,2026-07-18T14:18:21Z,2026-07-18T14:18:21Z
UgzOw5gLIMt6tTKJKO94AaABAg,@Grace-g8k2x,This beef is only over when he says it is.,1,0,2026-05-23T02:16:34Z,2026-05-23T02:16:34Z
UgxdYGQ6e-3kvp7UX0R4AaABAg,@ZionHarris-q9r,Adonis will play this when he gets 18 .....😢,1,0,2026-05-22T16:02:43Z,2026-05-22T16:02:43Z
UgzuwRLR1Er-gvrrTNN4AaABAg,@kitrants._.00,drake hit him but kendrik hit back harder,3,0,2026-08-10T09:09:12Z,2026-08-10T09:09:12Z
UgzmLL11udRg5aKyE1R4AaABAg,@Leothebrave-e1j,this song is still peak,2,0,2026-08-06T22:30:15Z,2026-08-06T22:30:15Z
Ugyc34xEBGZl498Xxvx4AaABAg,@Luciano124yo,The song in the back sounds like a serial killer to me,2,0,2026-06-19T23:14:46Z,2026-06-19T23:14:46Z
UgwdjVqupZZGIG_O3814AaABAg,@tebsima_ff_ff,Drogba vs barca,4,0,2026-07-26T10:58:18Z,2026-07-26T10:58:18Z
UgyNgv_jn8DdONEq9e54AaABAg,@julianrhoades4402,This has to be the most disrespectful diss track ever,1,0,2026-07-01T07:59:50Z,2026-07-01T07:59:50Z
UgxxVVuG5L_BQF1tcQJ4AaABAg,@Idkandidcaboutmyself,BRO THATS PEAK,3,0,2026-05-24T06:09:01Z,2026-05-24T06:09:01Z
UgxIWK_8CNsGjbaSJ2d4AaABAg,@SMYON-1,Every time I listen to this song I was never the same in every time,1,0,2026-06-22T21:38:52Z,2026-06-22T21:38:52Z
UgyJ7M6KwedaPlUwRsF4AaABAg,@JustSoYouKnowKaleb,Still wild we got this,2,0,2026-09-09T02:20:06Z,2026-09-09T02:20:06Z
UgyeGuBBs4D4Ka-t2jp4AaABAg,@CalusEdits-fq9zm,Who's here after egypt vs argentina??,363,32,2026-07-08T09:28:26Z,2026-07-08T09:28:26Z
UgyVV26Sl0r_uZmC76h4AaABAg,@ye2e,This track sums it all up,1,0,2026-07-09T15:36:53Z,2026-07-09T15:36:53Z
UgxOGxsSRydqQOtwGJx4AaABAg,@Variety_editz8537,Love how he's talking to the kid who would later be featured in a diss track of him,1,0,2026-06-23T11:07:48Z,2026-06-23T11:07:48Z
UgyPWu4oqNmIku0Ecil4AaABAg,@mcd4175,"Even Pusha T hearing this says ""this is so diabolical""",2,0,2026-05-29T19:08:45Z,2026-05-29T19:08:45Z
UgyKO98-kji9IFWf1z54AaABAg,@2TonEDomanizze,still gives me goosebumps,3,0,2026-08-25T01:21:00Z,2026-08-25T01:21:00Z
Ugwbb66i2rTNJFmzml94AaABAg,@XanderdrakerenollaBugnosen,still listening after 2 years,2,0,2026-05-24T05:03:46Z,2026-05-24T05:03:46Z
UgzUd88mMIOtSrhWxwt4AaABAg,@kumquaatia,moral of the story: NEVER beef with kendrick. :),1,0,2026-07-18T16:15:26Z,2026-07-18T16:15:26Z
UgzVvwnHVqki1JL4bpd4AaABAg,@15acontent,This might’ve been the most important song in the battle.,1,0,2026-06-01T19:30:04Z,2026-06-01T19:30:04Z
UgwnG2SjB9C3pRDLz294AaABAg,@KXNG_HECK,Who’s here after drake lied about his dad having cancer,7,1,2026-05-15T18:20:43Z,2026-05-15T18:20:43Z
UgyYzhwZypVIA_IGn0J4AaABAg,@FaidedChainsawGuy,This song makes me wanna do way better and kick my vices. Insane work.,2,0,2026-05-13T17:00:02Z,2026-05-13T17:00:02Z
Ugz1nndkFjwxbueL7DN4AaABAg,@ThePurpleAura,I just sat in silence for a whole minute after the track ended.,1,0,2026-05-26T11:26:30Z,2026-05-26T11:26:30Z
UgyBTO6ZhoCsRymXotJ4AaABAg,@OFFICIALPGBEATS,Had to spin back after the drake release. Maaaan,3,0,2026-05-17T01:06:34Z,2026-05-17T01:06:34Z
Ugz2lODidSqpRSmEEgJ4AaABAg,@abdulrhmansabbagh4636,"Drogba vs Barcelona 2009 semi final 
😅😅 I came from there",2,0,2026-08-15T09:23:12Z,2026-08-15T09:23:12Z
UgxrzFaA0DxS6JDSnuB4AaABAg,@dwaynejpeterkin,Whos here after drake dropped 3 bad albums back to back 😂,3,0,2026-05-15T14:56:40Z,2026-05-15T14:56:40Z
Ugwt_AVqt8fmI3SmiOJ4AaABAg,@wally_the_cat,Esto envejeció como buen vino,2,0,2026-06-10T00:10:40Z,2026-06-10T00:10:40Z
UgyJcIPgD6n6vIHTcDV4AaABAg,@imjexm,Didier drogba 2009 champions,1,0,2026-09-17T14:22:15Z,2026-09-17T14:22:15Z
UgxrnosqttESJh5vrPR4AaABAg,@tf7622,"I here again after hearing Adonis new album. My stomach hurt so I need this relief😂 3 classics that killed a career got him suing his own label and record company.  Biggest than when 50 shut down Ja, almost better than pac hit em up, and almost better than Nas diss Jay with either, definitely euphoria is definitely top three.",2,0,2026-05-16T06:31:22Z,2026-05-16T06:31:22Z
Ugz5rNX1XjgWJuWYP8t4AaABAg,@S.B.C-g6j,2026?😥,5,0,2026-08-15T00:11:24Z,2026-08-15T00:11:24Z
UgyCPFvF1ASqhB-TnMJ4AaABAg,@jusufsarajcic3999,Varcelona vs chelsea 2009💀💀💀☠️☠️😬😬😬,9,2,2026-07-11T10:51:54Z,2026-07-11T10:51:54Z
Ugzn_7wTqfXxCDAAdV14AaABAg,@2geezgodaries,Feeling still here years later,2,0,2026-05-16T01:56:37Z,2026-05-16T01:56:37Z
UgzqGi6OKKKtvJPBwJx4AaABAg,@VISUALCONTROLROOM,This shit so Compton,3,0,2026-05-16T02:07:15Z,2026-05-16T02:07:15Z
Ugykp_aIqyDMLZsNDkZ4AaABAg,@JBGLAZER11,Just play this when you’re 18 is wild,2,0,2026-07-01T22:14:48Z,2026-07-01T22:14:48Z
Ugy7VlLNxmotlvBiaPd4AaABAg,@youthoughtiwasstupid8525,This is really the biggest flex on his part in my opinion dude wrote a song for drakes son in the future BROTHER,1,0,2026-05-29T14:47:24Z,2026-05-29T14:47:24Z
UgwkZZzrZJ62D6oCtup4AaABAg,@QuinnLovesFanfictionAndCats,Listening to this while I knit. 🙏🤗☺️,3,0,2026-07-06T12:53:58Z,2026-07-06T12:53:58Z
UgwowDTpGPImZPPu7v14AaABAg,@KanSangmuang,"Well, there is no need to wait for many years for Drake’s children potential exposé to see how morally questionable Drake with certain interactions with people around him.",2,0,2026-08-13T01:53:22Z,2026-08-13T01:53:22Z
UgyB5ST1nC2J5oYaFQB4AaABAg,@sonicx156,"Must be popping off again, recommended in the algo after so long lol",1,0,2026-06-18T15:17:15Z,2026-06-18T15:17:15Z
UgwlD72qQw9cQ4UjPMB4AaABAg,@papakwasiBekoe,There I always thought Hit em up was the personal diss track in history,1,0,2026-05-14T09:25:29Z,2026-05-14T09:25:29Z
UgyXxGseLzfexMDAE8B4AaABAg,@Mrkolye,ARGENTINA VS EGYIPT,12,1,2026-07-07T18:16:16Z,2026-07-07T18:16:16Z
UgylOITsgWzBPRQkN_B4AaABAg,@ant3747,i was actually pumped for iceman then this popped on my timeline again 🤣,1,0,2026-05-14T07:58:37Z,2026-05-14T07:58:37Z
UgxEmVOdlKwSSJeA7RR4AaABAg,@africantae2583,"The song the DEPRESSED THE REACTORS, the most. They couldn't even bump their heads 😂😂😂",3,1,2026-08-24T18:57:53Z,2026-08-24T18:57:53Z
UgyDYEKnjQq9XL0_PLR4AaABAg,@FatiElgarch-y4u,6 minutes of absolute agony and shambles 😬✌,2,0,2026-07-20T15:10:41Z,2026-07-20T15:10:41Z
Ugz65MHp-G2kg-XOpwl4AaABAg,@Youness-bi5kd,4:30 pure cinema,2,0,2026-07-11T09:14:57Z,2026-07-11T09:14:57Z
UgyLqxoijZ32NRQLTl54AaABAg,@clancy09X,this was genuinely evil 😭,2,0,2026-08-03T05:52:33Z,2026-08-03T05:52:33Z
Ugyl-RsoTrrp3JfGvM94AaABAg,@RazorShorts098,No joke this song gave me chills not because its just good it's just so hard haven't heard something like this EVER 🔥😤,0,0,2026-07-05T01:47:26Z,2026-07-05T01:47:26Z
UgyRksVgEoLBI8FlVml4AaABAg,@azzy_mp1,every time i listen to this i think of my dad and i don't think that is a very good thing,1,0,2026-05-26T15:54:14Z,2026-05-26T15:54:14Z
UgxdrDhQffnrY6ICC6p4AaABAg,@1ComediaMX,This music sound like a Serial kidnapper & killer's plot,1,0,2026-07-17T01:45:10Z,2026-07-17T01:45:10Z
Ugxzt41ldLzUvoUIyxR4AaABAg,@armaggedon957,Its still insane,3,0,2026-08-24T05:04:01Z,2026-08-24T05:04:01Z
UgxOcbYSWK8BO1aOMIF4AaABAg,@NeilHutson-k2p,It's disconcerting BY DESIGN. The use of dissonance.. Kendrick really is the best because this is Mozart level art if you know your music theory. And he did this for a DISS,2,0,2026-05-30T15:15:06Z,2026-05-30T15:15:06Z
UgwhS-ncB_9mVap3SIN4AaABAg,@iseethingsfromtheunderside,The first time I listened to this song in 2024 I couldn't get it out of my head for what felt like months 😭,1,0,2026-06-02T19:52:00Z,2026-06-02T19:52:00Z
UgwYprOgyzzCBLnjxnF4AaABAg,@gabrielfurtadodesouza3840,Egypt robbery,28,3,2026-07-07T22:31:13Z,2026-07-07T22:31:13Z
Ugymw1183duRpMCV4SJ4AaABAg,@uspdjs216,Came back here after hearing those bullshit albums Drake dropped,5,0,2026-05-15T07:39:01Z,2026-05-15T07:39:01Z
Ugxj6uj7rCt6xIfBB-94AaABAg,@lowkluke,"just came back 2 years later,crazy how drake still makes music, after this he should've just retired already, kendrick DESTROYED,KILLED,DISMANTELED Drake",1,0,2026-08-08T12:14:28Z,2026-08-08T12:14:28Z
Ugw3gLIK5TDphtC1ZBd4AaABAg,@JW_ain45,“✏️Descrive the vibe” - uhhh the vibe is fucking sinister YouTube… it’s SINISTER.,1,0,2026-06-19T16:08:55Z,2026-06-19T16:08:55Z
UgwJnMmOadlVbMURnat4AaABAg,@BurqaProtester,Uae vs qatar 2025.,4,0,2026-07-09T12:38:25Z,2026-07-09T12:38:25Z
UgxehdWyqgzEmedzn8V4AaABAg,@GospelKingi-l5e1r,ik what yu did kenny... making this whlie drake was droppin his .goated.,2,0,2026-08-13T05:18:28Z,2026-08-13T05:18:28Z
Ugz_xcIFOdWY9qqb9dR4AaABAg,@Vet34,I’m here after embolo red card 😢,3,0,2026-07-12T08:43:59Z,2026-07-12T08:43:59Z
UgwMma1WPvqF4i0WSSB4AaABAg,@PWDW234,"It’s not the point, but as a kid in a bad home, I come back to that Dear Adonis verse every once in a while, just to keep myself a little more grounded. It really is good advice",0,0,2026-07-10T04:12:46Z,2026-07-10T04:12:46Z
UgzUX-nA2ibIZIrmUMR4AaABAg,@kasino007,Who us here after Drake is broke?,2,0,2026-06-19T19:45:52Z,2026-06-19T19:45:52Z
UgwWv6xygoMAaW9kABB4AaABAg,@ILOVETHORAX,Over this song got posed he was ready I mean READY to diss drake and the “dear Adonis” you know it going to be down😭🙏,1,0,2026-05-24T04:23:36Z,2026-05-24T04:23:36Z
Ugw6t54ZI9fl1CNxRdN4AaABAg,@najwanxz,"egypt vs argentina song,egypt deserved to win",7,1,2026-07-09T14:26:34Z,2026-07-09T14:26:34Z
UgzQYBDCRIYU5aEuSZR4AaABAg,@DHlegos,J Cole knew to stay on that bike,1,0,2026-07-05T02:27:04Z,2026-07-05T02:27:04Z
UgxZ_fbhq_mwr3la40h4AaABAg,@Blindly-VR,"Me:so you went crazy on drizzy
Kendrick:yeah so
Me: you shot him up with a minigun",1,0,2026-08-03T06:57:13Z,2026-08-03T06:57:13Z
Ugzd2rgK0wKhHdfqYUN4AaABAg,@sepu-z3y,i just know this song for a tik tok edit,2,0,2026-07-26T04:29:16Z,2026-07-26T04:29:16Z
UgzxN_pA_SBAPTSxYLt4AaABAg,@sleezeteamjason,So 2yrs in and nobody else hears the F sound before die?,2,0,2026-05-25T01:18:02Z,2026-05-25T01:18:02Z
UgzYmeYQX2ph4F3KiPV4AaABAg,@denji_ai,this goes hard,4,0,2026-05-21T17:02:52Z,2026-05-21T17:02:52Z
Ugy-moIIHD2V2BJ4g014AaABAg,@EbonyPerry-hf9xx,Kendrick is on fire🔥🔥🔥🔥🔥,1,0,2026-05-29T05:43:08Z,2026-05-29T05:43:08Z
Ugz042bvgwXGrl1fK554AaABAg,@africantae2583,"K .Dot warned Drake several times, not to include families thouy😢",2,0,2026-08-24T18:59:10Z,2026-08-24T18:59:10Z
UgwIplbpJqXK2Oacuw54AaABAg,@BolajiAdeshina,We don't give the producer enough credit for this beat,2,1,2026-07-23T12:18:39Z,2026-07-23T12:18:39Z
UgxBiDru9aP5QZUJTX14AaABAg,@dino6743,"When he said ""I make music that electricizes them"" he meant it.",0,0,2026-07-19T05:58:01Z,2026-07-19T05:58:01Z
UgzvVhzPf04D5D385-l4AaABAg,@JLx5k,Drake ain’t ever been the same since yall 😭😭😭😭,2,0,2026-05-20T20:03:20Z,2026-05-20T20:03:20Z
UgyQGYh6MO6ve_xgZVt4AaABAg,@ttv_zforce7560,Still the craziest random drop ever,1,0,2026-05-19T02:27:27Z,2026-05-19T02:27:27Z
UgyUvspHM6OIM_OxthR4AaABAg,@sisternight-h3p,"History is in the making ✍️📝, Reflection of the Clash of Gods, or Titans if you will...P.S.",3,0,2026-06-24T17:27:15Z,2026-06-24T17:27:15Z
Ugxhcfl-SvVnj7wXCVR4AaABAg,@labjackson9114,"They gotta fight 
Drake can never let this go",4,1,2026-07-17T13:59:51Z,2026-07-17T14:00:06Z
UgyFf7S6ZrU-zcyx7UF4AaABAg,@halamadrid-u9e,Egypt vs argentina,10,3,2026-07-09T14:01:16Z,2026-07-09T14:01:16Z
UgxcXFn3bO-exI6TERF4AaABAg,@VahatraMIANTRA,barca vs chelsea,2,0,2026-08-06T10:51:24Z,2026-08-06T10:51:24Z
UgwlvJGomjKPDE6qMeB4AaABAg,@jasminenaeemy,kendrick drop another diss cause he couldn’t even let Mj be the last to wear his own glove,5,1,2026-05-24T12:54:36Z,2026-05-24T12:54:36Z
UgwEAnZU-NTm2x35uVx4AaABAg,@voidybdagoat,In like that kdot said prince out lived mike jack an who is drake cos playing as now?,3,0,2026-08-18T18:01:15Z,2026-08-19T01:05:40Z
UgyJQTZnsGNtuF9KGAt4AaABAg,@Taphara-z2v,50 mins later this banger was dropped. TS tough,0,0,2026-09-13T15:13:58Z,2026-09-13T15:13:58Z
UgzmdyG7gSzMDx66pd94AaABAg,@Blythe985,"Looking back on this beef, ""Not like us"" was a song that was meant to be a hit. This song was meant to be a hit. As in murder. This song isn't even a song or a ""diss track"" this is pure malice",3,0,2026-05-21T19:35:34Z,2026-05-21T19:35:34Z
UgzO87crANkiRpF3XHZ4AaABAg,@jorgejara3800,Drogba 2009 barca-chelsea 1-1,3,0,2026-08-09T03:39:10Z,2026-08-09T03:39:10Z
UgzG8MsY9gc24GLlKXV4AaABAg,@NyxMoonReads,"Real funny, algorithm.",2,0,2026-07-12T20:36:55Z,2026-07-12T20:36:55Z
Ugx-Tj-lBX27MC9giTN4AaABAg,@Zachthegoat-u4n,The coldest song of kendrick btw🥀✌️,2,0,2026-08-21T22:56:10Z,2026-08-21T22:56:10Z
Ugyp3cmCPBZuYE5jlHV4AaABAg,@MarcusBarberUk,Everytime i play this my stomach turns like its aimed at me  🤢 😂,1,0,2026-05-18T02:23:08Z,2026-05-18T02:23:08Z
UgxPEsP4Ij6Jm3CROp54AaABAg,@some_tiredperson,'I know adonis gon be tight as hell when drake steal his girl',0,0,2026-07-02T18:17:22Z,2026-07-02T18:17:22Z
UgzJYBkFPw_ffM6zwJt4AaABAg,@aipimgd,this better than entire iceman😭,16,1,2026-05-20T00:42:07Z,2026-05-20T00:42:07Z
UgxmW2BmJxmSB80jaC54AaABAg,@O.D.91,Holographic Graveyard,3,0,2026-05-31T14:05:08Z,2026-05-31T14:05:08Z
Ugy5BQxhFEXjQkuW51J4AaABAg,@Babbling-b9f,It's been 2 years 😢,4,0,2026-07-30T16:26:35Z,2026-07-30T16:26:35Z
UgzpcrWr6pjz3TECuMR4AaABAg,@Allendortch,The root of all evil✌️💔🙏🥀🥀😭,4,0,2026-06-14T19:20:27Z,2026-06-14T19:20:27Z
UgzXDzhJbk4fhE8aBgB4AaABAg,@Driftspecs_Europe,"The fact that this is 2 years ago is mind blowing its still ingraved in my mind, this is definitely attempted murder😂",1,0,2026-06-06T11:02:17Z,2026-06-06T11:02:17Z
UgwMjd3t_1_z4ZVQ4h14AaABAg,@trollfacecracksito,Chelsea vs farçelona 2009,3,0,2026-06-28T02:27:03Z,2026-06-28T02:27:03Z
UgzppS8tHJ3WjYFcr-J4AaABAg,@rip_hiyoki12,"We need another diss Kendrick, Drake is already making fun of Michael Jackson, please help 😭",1,0,2026-05-18T05:11:37Z,2026-05-18T05:11:37Z
Ugz4Mx6xk6BLjBtimKR4AaABAg,@YeetoTheYeetafic,he genuinely hated him bro 😭,1,0,2026-08-17T18:59:11Z,2026-08-17T18:59:11Z
UgyyGxE0u_mG_oYzo-x4AaABAg,@flip_side-zd2zd,"""Kendrick dropped...""",2,0,2026-06-05T11:33:37Z,2026-06-05T11:33:37Z
UgyoINsBDKcMslkjP7d4AaABAg,@BerlinWicks-q5d,Who here after drake dropped  3 album's 😂,6,1,2026-05-21T02:00:25Z,2026-05-21T02:00:25Z
Ugz4fgaqib8HmD0DItN4AaABAg,@Alexmald-bnx,The song they’ve been using for every robbery for Argentina this World Cup 😏😏,2,0,2026-08-13T19:52:16Z,2026-08-13T19:52:16Z
UgzjWUmyM80QdSS3r8R4AaABAg,@saulcervantes1532,I like to listen to this song whenever I feel like drake needs a whoopin 😂,0,0,2026-07-11T13:54:50Z,2026-07-11T13:54:50Z
UgxSsYJZV7r22Kxm_sd4AaABAg,@srbneyog,Varca vs Chelsea,2,0,2026-06-13T14:51:48Z,2026-06-13T14:51:48Z
UgyFbCG6l75PJuBdBgR4AaABAg,@Le4PaRd,I gotta say as much as I like euphoria and the energy this is the best one. It's like his last final words putting all his effort into it and emotion. You can tell he really means every word he says. Diss wise this one obv is the one that just got real and has more meaning to it. The other ones has catchy melodies and great points but this is where the beat doesn't matter. It's not supposed to be a song. It's supposed to be a real ass serious diss against drake or not even that. He's telling the truth and tells drake to work on himself talking directly to him. Maybe if Drake is innocent and a real person he would have needed years to come up with something as profound and complex as this message. He should take his advice and not show he's a weak pussy,1,0,2026-08-09T19:00:54Z,2026-08-09T19:05:21Z
UgxddQX1reN4EaOgvOd4AaABAg,@myrag859,Ts was NOT A RAP BATTLE 🗣️🗣️🗣️. Ts was a man who is deeply in touch with himself read TF another man his WHOLE LIFE,1,0,2026-06-23T03:34:19Z,2026-06-23T03:34:19Z
UgxuQgJ0t7faGAU4qPx4AaABAg,@Ckkkk-d5u,Drogba,6,0,2026-07-11T17:17:03Z,2026-07-11T17:17:03Z
UgyStliP2ykI-_Dg8vt4AaABAg,@moniquesimmons2414,"Damn, he hit it hard like shit at least let him wait. Never mind don't let him beat you Kendrick Lamar more. You are the best.🔥",0,0,2026-07-02T01:27:07Z,2026-07-02T01:27:07Z
UgxgOy_66QMJCfp2uRp4AaABAg,@kristianisraellopezmacz9436,How forget Barcelona vs chealse,4,0,2026-09-05T19:03:34Z,2026-09-05T19:03:34Z
UgyxwgblKMuSC5SKhEt4AaABAg,@AdnLife22,Psg Vs Bayern,4,0,2026-07-22T12:13:54Z,2026-07-22T12:13:54Z
Ugw8cTI9mPLABvxTPw14AaABAg,@the650twinn,I thought this man dropped after iceman 😂😂😂,4,1,2026-05-15T19:31:32Z,2026-05-15T19:31:32Z
UgwgCEAXt0SL6q5CsRp4AaABAg,@X.slowed_0,FIFA vs Egypt,14,6,2026-07-09T01:12:25Z,2026-07-09T01:12:25Z
UgyRUdsF3dxDR0CW8pt4AaABAg,@koburak,My Life after Argentina pays FIFA for winning matches,2,0,2026-07-16T09:07:16Z,2026-07-16T09:07:16Z
UgzQX76Xo-KTPUz9-4V4AaABAg,@Brotonik,"Here for Lindsey graham dying and Graham Plattner dropping out, bad time to be a graham rn 😭😭",16,0,2026-07-12T06:48:36Z,2026-07-12T06:48:36Z
UgwaZWJ9-CUSQClTd2V4AaABAg,@moniquesimmons2414,this damn shit is crazy like what oh yeah euphoria was enough and he's still making this tricks. He's the best deal. I will never stop listening to Kendrick Lamar Lamar.🔥👍🏽,1,0,2026-07-02T01:28:07Z,2026-07-02T01:28:07Z
UgyevXahHAHCqX-zgc14AaABAg,@rambov69,Croatia Vs Portugal,4,0,2026-07-03T01:13:35Z,2026-07-03T01:13:35Z
UgworN38y-oVsv1tcaF4AaABAg,@nasseer5267,This is my shit my favorite Kendrick Joint I listen to this every day I had to it’s so good this song turned the boy into the bubble bath rapper 🤣🤣🤣🤣🤣😂,2,1,2026-06-22T18:23:20Z,2026-06-22T18:27:17Z
UgwhsWQAfebc56GjKA94AaABAg,@kristianisraellopezmacz9436,Someone here for barcelona vs chealse Negreira,3,0,2026-08-13T03:06:13Z,2026-08-13T03:06:13Z
UgyDRRBOZelxYtXw3u54AaABAg,@seyedsohrabfarjami6165,2 YEARS AGO??,3,0,2026-05-18T08:00:59Z,2026-05-18T08:00:59Z
UgyiRaylppE5J899yJ54AaABAg,@NyikoMalwandla,This was a killer blow.... Not like us was a victory lap,0,0,2026-07-06T07:13:26Z,2026-07-06T07:13:26Z
UgyIFoWTxVCluJy2DpV4AaABAg,@MCSummitTV,We ready for the next chapter the Boy still Talkin!! Bleed Him Dot!!,0,0,2026-09-18T00:16:58Z,2026-09-18T00:16:58Z
UgwpcZpTC0dYDlnSQcx4AaABAg,@nellienellsays,Drake brought me back smh.,2,0,2026-08-12T18:53:57Z,2026-08-12T18:53:57Z
Ugz3ms4HSls7QKQnWOx4AaABAg,@ChaosCrazy-d2h,Omg bro like i can't even,2,0,2026-08-22T19:22:32Z,2026-08-22T19:22:32Z
Ugz7bC6EKYN2xpAI4CV4AaABAg,@Shining_trash568,"May 3, 2024, the 48 minute after drake posted his dis track a bullet was heard around the world a man so malicious so diabolical took a man’s life that day all anyone could say was meet the grahams",2,0,2026-06-03T05:01:10Z,2026-06-03T05:01:51Z
UgyxQOMIgffuSkre5k94AaABAg,@freddycorrea7281,"I still believe there is a daughter 

Drake took the “I purposely put that out” approach to avoid admitting atm he had a mole and to get infront of it and dismiss it 

I don’t believe he put that out there for Kendrick to get as “fake news” to be a gotcha",4,1,2026-07-04T03:40:09Z,2026-07-04T03:40:09Z
UgySsDwYVkVi6ZxOw494AaABAg,@SteelSunProductions,I always pictured drake listening to this song with his hands covering his eyes,2,1,2026-05-26T23:27:03Z,2026-05-26T23:27:03Z
Ugy14gB6BzQQUETHNdJ4AaABAg,@RafaelTudić,Croatia vs Portugal....,2,0,2026-07-03T10:50:06Z,2026-07-03T10:50:06Z
Ugw2wAbdjoZS9Hwv2Hx4AaABAg,@Retroforreal,Yall gotta understand. Drake was here to give us quality music. Kendrick was here to kill. Its not the same,2,0,2026-05-28T21:22:29Z,2026-05-28T21:22:29Z
Ugw6iZXMeY9ydqecq614AaABAg,@Cyanzane,Argentina vs Everybody thoughout the world cup,5,0,2026-07-15T21:37:26Z,2026-07-15T21:37:26Z
Ugw6XM-nXnpdTAOK2Rx4AaABAg,@danial_647,"""Its a disgrace""",1,0,2026-07-31T17:06:47Z,2026-07-31T17:06:47Z
UgxzzPMM64aGUoxB-B54AaABAg,@Mega-DrivePf1k0,No idea how this reflects on me considering I played this after saying I want my dad to get in a car crash.,0,0,2026-07-20T15:04:21Z,2026-07-20T15:04:21Z
UgzOlq4Qnp5oLZAVizh4AaABAg,@TG_Gang_W_Alt,Chelsea vs Barcelona 2009 😔,1,0,2026-05-22T11:57:00Z,2026-05-22T11:57:00Z
UgzC7s5YZmDYcPwG9pN4AaABAg,@KeuziPo,Barselona chelsea 2009,2,0,2026-07-27T15:24:07Z,2026-07-27T15:24:07Z
Ugy4_f6svTWO-D41LDB4AaABAg,@Xrj2cold,2:35 never would guess he was talking about thug 1yr b4 ts happened,3,0,2026-05-25T01:17:34Z,2026-05-25T01:17:34Z
UgyylE1p31aRrVATKkJ4AaABAg,@tinalyngrace,So much confirmed…smh. Dot is truth!,3,0,2026-05-16T21:05:48Z,2026-05-16T21:05:48Z
UgwaRbRTRlGO8xwtMhh4AaABAg,@Dazen101,2:43 Dat flow 🌊,1,0,2026-05-20T12:56:23Z,2026-05-20T12:56:23Z
Ugywwevv9gDSgKvrB4V4AaABAg,@avalosalex1993,"Iceman was disappointing, Drake hasn’t grown past this beef at all, should’ve been honest with himself and gave us his most interpersonal album, but nah just more of the same smh",4,0,2026-05-16T06:19:34Z,2026-05-16T06:19:34Z
UgwB4zZZUUG630d3Ahd4AaABAg,@S08ftbl,Ts still gives me chills.,2,1,2026-05-26T13:19:14Z,2026-05-26T13:19:14Z
UgwTCDu6eR4dDw-Lgl94AaABAg,@Fabiansky2109,Barcelona vs chelsea 2009,2,0,2026-08-05T22:23:08Z,2026-08-05T22:23:08Z
UgzH898EltevJ2lQlsF4AaABAg,@Bx.The.Rapper,"If only Not Like Us was as great as this, I can only imagine Drake's reaction",2,1,2026-08-23T17:51:09Z,2026-08-23T17:51:09Z
Ugzbh_6XLwMFimcScBV4AaABAg,@Jojo2-u13,this is a crazy song 🎶 but it’s still the same as yesterday 0:13,2,0,2026-08-12T10:25:34Z,2026-08-12T10:25:34Z
UgxY8Xyg4qUveqVYFrt4AaABAg,@ChonkyAlt5078,Using the soft r is crazy but respectable work,1,0,2026-08-26T23:58:05Z,2026-08-26T23:58:05Z
Ugw9YrReO8wCt6vjQP14AaABAg,@Jason_Editzz1,Everything is clear now.,1,0,2026-07-17T16:35:08Z,2026-07-17T16:35:08Z
Ugwzh3J3PcEslb3SVz94AaABAg,@magicinzykki,Listening to this now gives me PTSD. Do you remember the great Dot drop 15 mins after Drake’s? 😭,3,1,2026-05-26T04:33:00Z,2026-05-26T04:33:00Z
UgxBKmhTGxUFqpSsqJ54AaABAg,@janellebingham3807,"08/07/26
Drakkkkkkkke droppped sumthin sooo i thought I'd revisit the real real since drakie says the pen is in effect 😂😂😂 so i came fuh the reaaaaaal PEN 🐐💙🐐💥👌🏽",1,0,2026-08-09T22:32:03Z,2026-08-09T22:32:03Z
UgydLQbfummRhdW7IiB4AaABAg,@Mabledragonbern,Thank god for men like K dot he keeps me alive dealing with men like these,0,0,2026-09-16T02:13:25Z,2026-09-16T02:13:25Z
Ugyama9-JTt5tvSADjd4AaABAg,@tremoo5987,"Glad ICEMAN came out so Kendrick can shred more.
...or does he even bother at this point",4,1,2026-05-19T15:19:03Z,2026-05-19T15:19:03Z
UgyGCFQnhTT5KrZNCdt4AaABAg,@tiburonbanista8718,top 5 papeadas termonucleares: número 1:,0,0,2026-07-24T01:55:18Z,2026-07-24T01:55:18Z
Ugyvtw6C2I4CJH6TOxJ4AaABAg,@SIMPLE.442,Kendrek murder this,2,0,2026-08-24T02:36:48Z,2026-08-24T02:36:48Z
Ugwo6TAsJ-xpOtT8RBh4AaABAg,@chimera40,BEST PART BROCHACHO 4:28,2,0,2026-08-23T12:38:55Z,2026-08-23T12:38:55Z
Ugz-7sscAOLVHKjN79B4AaABAg,@johnbentley6934,This beat genuinely makes me thing kendrick was about to kill drake and everyone in drakes family i know he's religious but damn i could mistake him for the devil off beat alone,1,0,2026-08-11T22:29:57Z,2026-08-11T22:29:57Z
UgxCiouGHJmdC6RqDQh4AaABAg,@YzzoredinS,for me its when he calls out the lies. i see drake looking left and right but cant look in the mirror,0,0,2026-07-12T16:10:46Z,2026-07-12T16:10:46Z
UgxzU0_99tvAvKUKXQl4AaABAg,@Mambo-64,Time really does fly,2,0,2026-05-31T19:14:40Z,2026-05-31T19:14:40Z
UgxJRI50rSSD7Q01GMJ4AaABAg,@andreitamarxd,saca del medio drake,3,0,2026-05-24T14:56:26Z,2026-05-24T14:56:26Z
UgzU7oOW-iw1YpBHoHR4AaABAg,@TerraFirma47,Every now and then I come back to make sure this actually happened,0,0,2026-05-13T18:38:47Z,2026-05-13T18:38:47Z
UgxDQaJJ4PmsCSGfaDF4AaABAg,@G_String4,I can’t stop listening to this 😬,1,0,2026-05-21T13:10:08Z,2026-05-21T13:10:08Z
Ugze_9FM96IiXOCSh9J4AaABAg,@SazidZaman,Argentina vs Egypt,2,0,2026-08-05T17:55:50Z,2026-08-05T17:55:50Z
UgyX_mK5j6TbHenRMZR4AaABAg,@Maylton-s8k,Barcelona vs Chelsea...😢,1,0,2026-08-04T01:00:10Z,2026-08-04T01:00:10Z
UgyESo_oVP8gtQTBjVB4AaABAg,@DarrenWalsh-n4h,"Kendrick committed reckless endangerment of Drake's popularity. He robbed Drake of his ego. 
Kendrick also committed mass murder in the diss track industry with this masterpiece and Not Like Us.




Drake deserves that shi 🥀💀",1,0,2026-07-03T11:06:39Z,2026-07-03T11:06:39Z
UgxmEouy61CLMqX27T14AaABAg,@TinFoiledFuture,do you guys think LTG gets mad when he hears this?,2,0,2026-06-24T10:26:33Z,2026-06-24T10:26:33Z
UgxZWE0_O77JAyV8daZ4AaABAg,@AbdulelahAlbegami,KENDRIIIIIIIIIIIIIIIIIICK WE NEED ANOTHER DISS TO NICEMAN,0,0,2026-05-23T19:24:39Z,2026-05-23T19:24:39Z
UgzJfWLVsrlig0S19Kl4AaABAg,@marcussmith5836,Wow super accurate,1,0,2026-06-07T20:11:49Z,2026-06-07T20:11:49Z
UgxOiPITUgfMqxuhVt94AaABAg,@TheSilentBrotherhood754,Rip Ice Man 😂,1,0,2026-05-23T19:05:59Z,2026-05-23T19:05:59Z
Ugy_BYb22cfoc4lYo4p4AaABAg,@Garzafc,VARcelona vs chelsea 2009,3,0,2026-06-08T00:49:19Z,2026-06-08T00:49:19Z
UgxwTxiZKAVLwy6TA014AaABAg,@GoharioFTW,"Crazy how bro didnt write a diss, he wrote an intervention 😭✌️",1,0,2026-06-25T04:46:41Z,2026-06-25T04:46:41Z
UgwnmSbkJZQacga6WwN4AaABAg,@DaeOneDa1,2:04 THE NERVE OF YOU DENNIS 🤣😤🔥,1,1,2026-05-21T18:32:39Z,2026-05-21T18:32:39Z
UgyL-PzJG9wFccDgCZJ4AaABAg,@artboidevious,"Comming back to this, this feels like visiting mgk ending when eminem cooked MGK, but Kendrick instead",4,2,2026-05-23T01:57:21Z,2026-05-23T01:57:21Z
Ugz99iZHefVpj0-ygWp4AaABAg,@JohnnyCadeswifey,Still an INSANE bar,1,0,2026-08-07T14:45:30Z,2026-08-07T14:45:30Z
UgwK_nE4Yd7dOcCnM9J4AaABAg,@ralur8687,this is still fucking insane man makes me uncomfortable every single time,3,0,2026-06-30T09:27:39Z,2026-06-30T09:27:39Z
UgwvC0bBwaSCUl0cpY54AaABAg,@JurSeir,Here to add more flowers 💐 to the candle visual for Aubrey Graham,1,0,2026-05-22T16:22:20Z,2026-05-22T16:22:20Z
Ugw0dEl4a2ehEMB4n-d4AaABAg,@enginbudak2894,"Don't listen to Drake, don't have mercy on anyone who is involved in this",1,0,2026-06-11T16:45:43Z,2026-06-11T16:45:43Z
UgyZJ1YlQB3qekSkJgh4AaABAg,@TheKingBlue23,"This actually looks really good. But I must warn you, using songs like those ones. By big name creator like Kendrick can give you copy write strikes. So be careful. Good work though I watch it 💯",0,0,2026-05-21T02:10:54Z,2026-05-21T02:10:54Z
UgwwuzsjcG0zFxRijz54AaABAg,@KshitizMalva,"2 years ""LIKE THAT""",0,0,2026-06-30T18:00:12Z,2026-06-30T18:00:12Z
Ugyr5ukiwkf6rsyX89F4AaABAg,@CoffeeSevenn,This shit feels like seeing something you shouldn’t have seen when you were younger again,0,0,2026-05-23T23:48:14Z,2026-05-23T23:48:14Z
UgwETShuGkvnbO_eVXl4AaABAg,@Mikadoo-p3t,anyone still here????,3,0,2026-08-09T12:43:25Z,2026-08-09T12:43:25Z
UgyQAc_Ops-rCQm_UEJ4AaABAg,@Negrido,Back again after ice man smh this is a crazy undressing and it’s still happening,3,0,2026-05-16T17:35:02Z,2026-05-16T17:35:02Z
Ugw5lHHCONXhteal0D94AaABAg,@Vekserr,ScHoolboy Q was at the same concert as J. Cole and schoolboy told J. Cole to step aside bow. Out this isn’t about you and it’s about to get really dirty. I hate the fact that people look down on J. Cole when he was clearly told to stand down.,2,0,2026-08-28T01:53:27Z,2026-08-28T01:53:27Z
UgwiESYQd-y1HToHBll4AaABAg,@misterfrank28,Anyone jamming this in 2026?,1,0,2026-05-21T02:46:14Z,2026-05-21T02:46:14Z
Ugy0upTmomdxyv8x2lR4AaABAg,@MyoticTesseract,imagine he performed this at the super bowl lmao,3,2,2026-08-21T07:16:08Z,2026-08-21T07:16:08Z
Ugxxw6sBEZ6ExXENEhZ4AaABAg,@giovanniwalters1034,Idc about the others you can never unrelease this 😂,1,0,2026-05-17T15:01:23Z,2026-05-17T15:01:23Z
Ugw7Ihc1qfDZNIuJEuV4AaABAg,@VhugalaKanakana,I had to listen all the diss tracks from first person shooter to Not like us😂,1,0,2026-05-24T10:04:29Z,2026-05-24T10:04:29Z
UgymAil4OxiR678thiV4AaABAg,@4a1s1,Chelsea vs barcelona,2,0,2026-08-11T10:43:52Z,2026-08-11T10:43:52Z
UgwUNFQKpycoKiUNBTp4AaABAg,@bluudspill,i think we know who won the beef.,5,6,2026-07-05T19:02:35Z,2026-07-05T19:02:35Z
UgybNpkrZalH5kT7MZh4AaABAg,@EanM-m4n,"To someone, what is the ""AAHHH Ahh ahh..."" That keeps playing at the start of each 4 part beat section?",3,1,2026-08-10T01:47:28Z,2026-08-10T01:47:28Z
UgxBlbZ_f0jDash2_qt4AaABAg,@February14Hundo,A songwriter ha 😂,1,0,2026-05-19T10:26:33Z,2026-05-19T10:26:33Z
UgyAaq67KhpXW83Iwit4AaABAg,@tshegofatsomhlanga5826,this the only track that confirmed that the beef has always been personal from Kendrick sideq,0,0,2026-05-27T11:21:23Z,2026-05-27T11:21:23Z
UgwKGvGG8Ph_exZ8Hpl4AaABAg,@tape2263,the nightmare resumes,1,0,2026-05-27T13:45:53Z,2026-05-27T13:45:53Z
Ugzys0EXcV6gzKEzIqF4AaABAg,@ESVDmenendez_25,Joe Jackson...,3,1,2026-08-06T18:41:19Z,2026-08-06T18:41:19Z
UgxtlCgCRoUo6Fka5wF4AaABAg,@marshinz5696,Summer Classic. Crack open some Coronas!,1,0,2026-05-21T21:18:41Z,2026-05-21T21:18:41Z
UgzNKwwMTi09uVLdefZ4AaABAg,@pequeña_traviesa,"this song is straight truth and that's why it's so scary and eerie sounding it's not even a diss track it's all facts 
with depth that not everyone can either comprehend or understand 
but soon on of these days they'll have to answer to",2,2,2026-05-26T07:40:33Z,2026-05-26T07:40:33Z
UgwQIbt2xvZrHY7QET14AaABAg,@THEREX_X,México vs Netherlans 2014...,1,0,2026-07-03T04:32:33Z,2026-07-03T04:32:33Z
UgxQNqfeM-kuVUSA1FB4AaABAg,@dijanapestalic2266,POV: Didier drogba chelsa edit vs barcelona 6:25,3,0,2026-08-18T12:52:31Z,2026-08-18T12:52:31Z
UgwDolJ-YW3JWwxUk7F4AaABAg,@kakahtukat,"2 years ago I was too young to realize... hits different after the Roblox situation, Trump, the files, and pretty much every event that's happened within the past year",0,0,2026-07-11T22:25:15Z,2026-07-11T22:25:15Z
UgwLlCyiU774eKH0sAh4AaABAg,@RookW81-q8g,"Respect to the guy who said this shit feels like revisiting a murder scene, BUT. Your wrong. It wasn’t a murder, it wasn’t a mauling, it wasn’t a ghoul or a drunk fool, it was a massacre… he didn’t just massacre drake, he got his whole family, he got his listeners, and he got the whole world, this mf is too dangerous",2,0,2026-07-23T09:33:25Z,2026-07-23T09:33:25Z
Ugzdmnz5xoYv-l-jEQ54AaABAg,@JuniorKanedi,🐐🐐🐐,5,0,2026-05-16T09:43:24Z,2026-05-16T09:43:24Z
UgwjlU_tDYKRNZpG5cZ4AaABAg,@LandonSeaton,Whens yo next album,0,0,2026-09-17T23:25:28Z,2026-09-17T23:25:28Z
UgwiCixRe5x_sIfTtVV4AaABAg,@KuferekMinecraft,Poland sweden ahh match,2,0,2026-07-07T03:30:34Z,2026-07-07T03:30:34Z
UgyV1L090VBy6WFoKpF4AaABAg,@The_brothers_ffx,Ronaldo 💔,3,0,2026-07-07T12:44:27Z,2026-07-07T12:44:27Z
UgwJKvBM8POeSPniPfV4AaABAg,@MattRandomnumber,"It got deep in the family, crodie",0,0,2026-09-14T09:23:44Z,2026-09-14T09:23:44Z
UgyLH3cGRs3f4jAHE354AaABAg,@YehudiNimol,The Alchemist is GOATed for this beat,0,0,2026-05-26T23:13:20Z,2026-05-26T23:13:20Z
UgxFJKjieaFMVUFXRzN4AaABAg,@Voidvul,"The beat is actually scary, imagen drake's family listening to this.",3,4,2026-05-13T18:58:51Z,2026-05-13T18:58:51Z
Ugxmzb6kor-DlfvX4A94AaABAg,@yo-Jordiewatch4,Jonny razor,3,0,2026-08-12T03:28:18Z,2026-08-12T03:28:32Z
Ugw3on1BuL7dsL4ptep4AaABAg,@AndrewK-x1i,Meet the heydingers,2,0,2026-06-24T14:59:46Z,2026-06-24T14:59:46Z
Ugz0KJRnZYdx7GWn9cZ4AaABAg,@KentHarveyAndo,I still remember when I was looking at hours when this was released. Now it's 2 years 😭,0,0,2026-05-24T18:02:36Z,2026-05-24T18:02:36Z
UgxfR6TaClbMDEkCWGB4AaABAg,@IlyasSoufiane,That’s the perfect songs for a roberries in football,0,0,2026-05-28T10:57:14Z,2026-05-28T10:57:14Z
Ugy2JZtVpbfdgmdPSeB4AaABAg,@greenmeowster,I REMEMBER U WAS CONFLICTED,1,0,2026-08-11T14:52:03Z,2026-08-11T14:52:03Z
UgyiGreLeO7-sg68IXJ4AaABAg,@damienwilliams4058,This wasn't a disstrack this was verbal poison you can just feel the venom in his words especially when he said I think you should die talking to his family was the psychological cherry on this cake😂,0,0,2026-07-10T01:34:20Z,2026-07-10T01:34:20Z
UgwwTSScWPFZl-CRpwh4AaABAg,@improsigmanotbeta,the moment they realised,1,0,2026-08-03T11:11:01Z,2026-08-03T11:11:01Z
Ugx7od6GJnMQPp6U30d4AaABAg,@GOD_YUS,This sample of this beat is originally “Teddy Pendergrass TKO” if yall were wondering,1,1,2026-05-20T15:07:26Z,2026-05-20T15:07:26Z
UgzMiDBOMaQ32mX_QUJ4AaABAg,@dionnedavis3027,In 2026,4,0,2026-08-10T06:59:13Z,2026-08-10T06:59:13Z
Ugx_70vTRvAhcUSNh-d4AaABAg,@421ever,Wow Ken best rapper onggg,1,0,2026-06-15T14:58:57Z,2026-06-15T14:58:57Z
UgxSPTw3nUh_hSaWfsx4AaABAg,@Iownrandomserbianguysohard,Drake could never,1,0,2026-07-08T06:31:13Z,2026-07-08T06:31:13Z
Ugwi6zlvQV_OYb7kDO54AaABAg,@DJZNE-te7yj,Drake fans will never bring this song up when talking about the beef,5,5,2026-05-21T05:32:43Z,2026-05-21T05:32:43Z
Ugw95G51XwzkrcS4QoB4AaABAg,@TOPAIVIDSSS,2024 nostalgia 😮,2,0,2026-06-01T22:15:00Z,2026-06-01T22:15:00Z
UgyRgQEbQISCVslvS4x4AaABAg,@Mr.Egg_2008,"Analogic Horror❌
Analogic Horror Rap✅",0,0,2026-08-02T10:23:35Z,2026-08-02T10:23:35Z
UgxzWTQkZBb1LR8Xpwt4AaABAg,@SunnyBeachBoy,So this is where the chelsea edits come from,0,0,2026-06-28T18:36:38Z,2026-06-28T18:36:38Z
Ugy_miPdD02KFtOZu0p4AaABAg,@my_sunshine_Waterman,0:58 get a gym membership ship 😭,0,0,2026-05-13T20:07:05Z,2026-05-13T20:07:13Z
Ugy6gIFnHd3oKCbIGT14AaABAg,@TreWilson-c8o,This will be played as a get back anthem for every grudge match,0,0,2026-05-27T14:50:09Z,2026-05-27T14:50:09Z
UgyWoNiHZmddNLrzUAh4AaABAg,@Incble,Barca vs Chelsea 2009:,1,0,2026-05-30T17:00:56Z,2026-05-30T17:00:56Z
UgyTn4jY8tIm09rdbpN4AaABAg,@JohnHighTier,Type of stuff that could be considered Verbal homocide,1,0,2026-06-03T15:59:06Z,2026-06-03T15:59:06Z
UgyasgYvCOBqvqS-8jN4AaABAg,@MzansiGalore,"""you can't fake influence "" then proceeds to fake influence",2,3,2026-06-26T17:22:22Z,2026-06-26T17:22:22Z
UgwKf90Z1FLr7kuVkDZ4AaABAg,@obliviousottoman,Stanley Kendrick,1,0,2026-07-29T04:20:26Z,2026-07-29T04:20:26Z
UgwNx49Wl4ixDIfBE7R4AaABAg,@_WalkTheEarth_,6:06 genuinely terrifying.,0,0,2026-07-15T00:43:27Z,2026-07-15T00:43:27Z
UgxRw0IPinjyOoAg0g54AaABAg,@talurelio,Chelsea 😭,5,0,2026-05-19T10:35:12Z,2026-05-19T10:35:12Z
UgxpGW5IYrk3Y8IaprJ4AaABAg,@tadjburton4473,This just hits different,0,0,2026-06-10T08:46:50Z,2026-06-10T08:46:50Z
UgyIEcjCmaAxhPdsJGJ4AaABAg,@mikotosuoh-fb6gn,🇪🇬🇪🇬🇪🇬,6,0,2026-07-08T16:40:01Z,2026-07-08T16:40:01Z
UgwvvRCkeA4YaWyjQZF4AaABAg,@SyedAhmed-qk6tg,Imagine Adonis listening this and does what Kendrick says,0,0,2026-05-25T18:23:19Z,2026-05-25T18:23:19Z
UgyXfajR4z8Zrnw8em14AaABAg,@Veta-treaplev,That's f*king banger🫣🤯,3,0,2026-05-21T17:04:29Z,2026-05-21T17:04:29Z
UgxkgNjvP05mz8fgUM54AaABAg,@JapaneseRuslanboi,Drogba,4,0,2026-07-29T09:02:16Z,2026-07-29T09:02:16Z
UgxOs37E7p5f5uQ4qYp4AaABAg,@webster9169,Who still here june 2026 waiting for his next drop😭 tired of all this Iceman yap,0,0,2026-06-29T11:47:00Z,2026-06-29T11:47:00Z
Ugx_7caTDrBsYl8S3q14AaABAg,@Pickledonion15,i love this song,0,0,2026-09-01T15:26:07Z,2026-09-01T15:26:07Z
UgxW7QCEXT7XM5cxPZt4AaABAg,@I00mph,Sorry that I’m late to the funeral,1,0,2026-08-11T14:05:10Z,2026-08-11T14:05:10Z
UgzooLzkrkjUoJ5dwPd4AaABAg,@A_Town88,This is the hardest diss track of all time! 😳,0,0,2026-06-01T23:14:40Z,2026-06-01T23:14:40Z
UgyyIwz1gH4lgJp2UXR4AaABAg,@godbody666,Mannnnnn this forever golden. Had to spin this back after 🧊 dropped 3 plates of poop 💩,3,2,2026-05-16T01:19:26Z,2026-05-16T01:20:05Z
UgzD8UjURV5htmoAGft4AaABAg,@DaeOneDa1,Just prophetic and Bone chilling.,0,0,2026-05-21T18:31:30Z,2026-05-21T18:31:30Z
Ugye_ttAFcmAWc-Eid54AaABAg,@StromVZ,5:53 favorite parts,2,0,2026-07-10T13:59:35Z,2026-07-10T13:59:35Z
Ugx3F1czseq8cDykUEF4AaABAg,@Alex_official92,drake is a gunner after k dtop drops,0,0,2026-05-17T16:30:44Z,2026-05-17T16:30:44Z
UgzJnWoYMaRCi3Q1P414AaABAg,@no-secondminute,Somebody needs to play this song on the piano in the same restaurant as Drake,0,0,2026-06-03T20:15:08Z,2026-06-03T20:15:08Z
UgxKWxZ64hDvt2ZKWgF4AaABAg,@zanoxolonkanyuza8360,K. Dot were u know in jc in fall off album an and ice mN,1,0,2026-05-24T02:03:08Z,2026-05-24T02:03:08Z
UgztLaJlpjHW9_yu2qF4AaABAg,@RumblewiththeJD,You know why I’m here. *Marshawn Lynch voice. 🔥🔥🔥,0,0,2026-05-21T22:49:36Z,2026-05-21T22:49:36Z
UgzfOvKJxAhhp6L24NB4AaABAg,@rysaucyyiggity,This song is like visiting a grave site,0,0,2026-06-12T01:33:27Z,2026-06-12T01:33:27Z
UgzgzLDeuFvv0r0iic54AaABAg,@ChatGpt-u1f2m,4:33 the best part,1,0,2026-07-04T19:50:01Z,2026-07-04T19:50:01Z
UgwRGuywI2RIHJ1NSKh4AaABAg,@evilmuppet5780,whats the song?,0,0,2026-06-11T06:13:05Z,2026-06-11T06:13:05Z
UgznxWu1J2i3CqU9RK14AaABAg,@myshmash,"meet the grahams ran so not like us could walk, iceman, maid of honor, and habibti are all crawling",0,0,2026-05-17T14:01:08Z,2026-05-17T14:01:08Z
UgzRC5jz8-pGKWBATUl4AaABAg,@ZWXedits1,Chelsea 2008-2009 UCL,2,0,2026-05-25T17:04:22Z,2026-05-25T17:04:22Z
UgyoB4r0EqjNYgcjciJ4AaABAg,@superfresh.airfreshner,Generational diss,11,0,2026-05-16T11:04:15Z,2026-05-16T11:04:15Z
UgySHcmn7-F13JgN4LN4AaABAg,@eiectric7070-fk3mb,Drake stay losing gosh darn,2,0,2026-08-12T10:55:58Z,2026-08-12T10:55:58Z
Ugy1kEK9mSYWCduSjHJ4AaABAg,@realjokerdemon,still go hard 2027 and 2028,0,0,2026-07-18T18:55:44Z,2026-07-18T18:55:44Z
Ugw8M3NLwMyoPWVz70l4AaABAg,@teo24055,4:30 chelsea vs barcelona,2,0,2026-07-27T18:48:14Z,2026-07-27T18:48:14Z
Ugy7oiOoi8omByIO0AN4AaABAg,@maxileiva9733,Chelsea vs Barcelona 😢😢,1,0,2026-06-02T00:28:52Z,2026-06-02T00:28:52Z
Ugx3o-ip5F3dq4_1OaZ4AaABAg,@ironking6970,"Not being into modern rap very often: this song feels like everything I was told about Kendrick.

I heard he was the boogie man and yeah.

He feels like a Eldritch God summoned by stupid teenagers. Every time I here this song: i picture him moving thru drakes house talking to everyone. Like a sleep paralysis demon visiting everyone and effortlessly taking his time. I picture drakes family waking up with cold sweats.

And I say Eldritch specifically. Theirs a certain ~ indifference. He takes a truly honest tone and talks compassionately, but will say the darkest things like it's Tuesday. 

Like drake should die, but only because it would a mercy. At they end I saw drakes ego death. Picturing him stripped to the bone and finding a empty thing. A thing, not a man.",3,1,2026-05-29T07:35:57Z,2026-05-29T07:35:57Z
UgyA7iFuUqy0wv10NUN4AaABAg,@sifo-w4v,I can't believe  It's been two years since this MASTERPICR ITHINK IM OLD 🔥,0,0,2026-05-24T23:07:50Z,2026-05-24T23:07:50Z
UgwM-LDkqOCzprFpkrN4AaABAg,@Bowlingcommentator-h6y,Chelsea vs Barcelona ahh song🥀,0,0,2026-09-17T21:08:52Z,2026-09-17T21:08:52Z
UgxrrDDBYD8yVE1JTc94AaABAg,@matthewhamilton5010,Here again after Iceman to remind myself how Kendrick won the beef 😂,0,0,2026-06-18T07:20:55Z,2026-06-18T07:20:55Z
UgxoHiG_3VdT3OU8Woh4AaABAg,@frankinstineone23,Had to run it back,2,0,2026-05-19T01:51:15Z,2026-05-19T01:51:15Z
UgyixP2ICaVvZgAWZqV4AaABAg,@JayTheWolf876,Sensational!!!,0,0,2026-05-16T21:33:49Z,2026-05-16T21:33:49Z
UgyvQFbaum5hbH6oTRV4AaABAg,@HypeTur,"Chelsea vs Barca May 6, 2009 UEFA Champions League Semi Final 4:40",2,0,2026-05-18T08:03:26Z,2026-05-18T08:04:01Z
Ugyc7swMX543A0z3lrh4AaABAg,@newname-t1p,man.....,2,0,2026-08-06T16:23:43Z,2026-08-06T16:23:43Z
UgzOBcoENctL66bRQ_N4AaABAg,@5danorsome-68,Italy vs South Korea:,1,0,2026-08-30T17:24:08Z,2026-08-30T17:24:08Z
UgyZcBqbh8VqD_N7E8d4AaABAg,@FU_vG,0:00 uff chelsea vs barça,1,0,2026-08-27T08:21:06Z,2026-08-27T08:21:06Z
UgwD0YJKMaSk769NhXJ4AaABAg,@Dinobothokage-e9d,This is so peak,2,0,2026-09-13T22:11:14Z,2026-09-13T22:11:14Z
UgxnsaBQYIiVG7DB5qR4AaABAg,@Tyree-_-r4JJ,26 Months Ago,2,0,2026-06-28T01:48:41Z,2026-06-28T01:48:41Z
Ugzjdh7GjcykDdVbhWl4AaABAg,@DavidNgona-jn9cw,whose  here after listening to drake  maid of  honour 🤣🤣🤣🤣,0,0,2026-05-16T21:57:58Z,2026-05-16T21:57:58Z
UgxFZGgMAPDhOqKjC7R4AaABAg,@azizislam4817,"It’s named iceman because that’s what happens to a corpse after death
This is where the murder took place 🪦⚰️🥶🧊",1,0,2026-05-18T04:42:47Z,2026-05-18T05:02:21Z
Ugy7kPNXHygXQaEVsvJ4AaABAg,@biiigcuzz2327,,1,0,2026-05-13T15:56:40Z,2026-05-13T15:56:40Z
UgzqUSZ9MKdHrPwV1Et4AaABAg,@hahabones,Bro the First words started pounding the nails into Drakes coffin,0,0,2026-06-04T13:07:42Z,2026-06-04T13:07:42Z
UgyxZMEhi_OTMVfos-N4AaABAg,@RatnaLSP,If this was directed to me I'd jump,0,0,2026-05-26T01:45:35Z,2026-05-26T01:45:35Z
UgxO13XVkVOC3IhQiMB4AaABAg,@anloz4362,chelsea barcelona,2,0,2026-07-20T16:29:23Z,2026-07-20T16:29:23Z
UgzkfvtRU74DsZvJ4Kd4AaABAg,@sairSánchez-w6u,Chelsea vs Barcelona,1,0,2026-08-05T17:19:27Z,2026-08-05T17:19:27Z
Ugy2PzY7HsDtS_404nt4AaABAg,@kevnice187,"-I Survived Kendricks ""Euphoria"" Drop-",0,0,2026-06-05T19:46:10Z,2026-06-05T19:46:10Z
Ugwa-i-3J6c1YDB9Nw14AaABAg,@Krxzy1987,Who’s here after jidion 2 man vid,0,0,2026-07-09T05:15:08Z,2026-07-09T05:15:08Z
UgwCWVbv-VE7Kq1Uh_l4AaABAg,@hugolicious1886,2 years???,1,0,2026-05-22T09:59:59Z,2026-05-22T09:59:59Z
UgzgyWC1FyWgYhLSBg54AaABAg,@ZerkerDies,Awesome,0,0,2026-07-14T01:24:13Z,2026-07-14T01:24:13Z
UgwY1xp_hugReiItG6B4AaABAg,@Space4Real,6 minutes of hell,2,0,2026-05-23T13:21:17Z,2026-05-23T13:21:17Z
UgyYf2oc5G5TNk0cc9F4AaABAg,@SageSageway,meet the grahams is a family meeting,3,0,2026-08-27T11:21:47Z,2026-08-27T11:21:47Z
Ugxb6oYHMQXjZ8cwuKx4AaABAg,@StevenMonteiro-t3q,My ears are blessed,0,0,2026-06-26T11:10:06Z,2026-06-26T11:10:06Z
UgwklyYwtCytJkkwovF4AaABAg,@RPGYNT,Just had to comeback here after drake dropped that corny ass diss track after 2 years,1,0,2026-05-15T20:22:44Z,2026-05-15T20:22:44Z
UgxnnpCHna8hssXnr3h4AaABAg,@KRG-Unit,Back to the scene of the murder,1,0,2026-09-03T13:23:01Z,2026-09-03T13:23:01Z
UgyPuyXizNy9Ia8j2uJ4AaABAg,@drizxijthepimp420,Especially if you got stalkers,1,0,2026-05-19T13:29:49Z,2026-05-19T13:29:49Z
Ugy584TnzpdTrNgnpK54AaABAg,@paulac875,Now Jay-Z just ate Drake up. 😑,1,0,2026-06-01T05:16:08Z,2026-06-01T05:16:08Z
UgxJpwBCPS0LsfqSGy14AaABAg,@shadpeezy820,0:28 lyrical diss is crazy work 😂,0,0,2026-05-14T13:27:40Z,2026-05-14T13:27:40Z
Ugwogqy9S_QM7rH-zeR4AaABAg,@ISAGTrussme,He sang on drake 🤔,1,0,2026-05-16T18:38:27Z,2026-05-16T18:38:27Z
UgxVNR8-5asb5f3uLox4AaABAg,@kamuletaekolo,Who still hears this in big 26? This s*** is still fire in my opinion...,5,0,2026-07-25T13:21:43Z,2026-07-25T13:21:43Z
UgzuSgW9b8dtE-Lnn1t4AaABAg,@mostlyrob3469,Justice for Drake,4,2,2026-05-23T13:14:46Z,2026-05-23T13:14:46Z
UgxLxJuDvDjUPUfQiCh4AaABAg,@An_UnpopularOpinion,Let’s replay,3,0,2026-05-29T22:27:47Z,2026-05-29T22:27:47Z
UgwTwlL2Xt6EjxQgGsR4AaABAg,@abolights,"""don't tell no lie 'bout me,
and i won't tell truths 'bout you.""",0,0,2026-05-26T06:34:12Z,2026-05-26T06:34:12Z
Ugzh5AnRw4ajPxW08NZ4AaABAg,@aeidenzilla,Drake barking for a girl he’s at least 16 years older than wtf,13,0,2026-08-13T21:58:08Z,2026-08-13T21:58:08Z
UgxznjePhtJYuxIu4Bt4AaABAg,@HYR_AMONG_US,I felt like Drogba.,0,0,2026-09-15T19:11:30Z,2026-09-15T19:11:30Z
Ugwb3BRFdcVgIvFQBjV4AaABAg,@nathanielparker1905,Came to bring more flowers and change the old ones,2,0,2026-06-13T22:34:09Z,2026-06-13T22:34:09Z
Ugy56f9bi9NcboZJqfd4AaABAg,@LuluM-b4i,"Since when we had horror music,ohh lord🙏🏾🙏🏾😭",0,0,2026-05-26T20:36:40Z,2026-05-26T20:36:40Z
UgyrmvmxgVxxMjyCSmN4AaABAg,@GiorgiBurjanadze-r7x3b,Barca vs Chelsea,0,0,2026-07-19T19:28:33Z,2026-07-19T19:28:33Z
UgzAzQuR641c_sKknRh4AaABAg,@KatyMeier-u4c,Scarier then not like us fr 😂😭😭😭💀💀💀✌️✌️✌️🥀🥀🥀🥀,0,0,2026-06-17T22:48:36Z,2026-06-17T22:48:36Z
Ugyv5cRFLkqztJTL4Ch4AaABAg,@tezgang1480,Thats gangsta shit,0,0,2026-07-02T18:16:12Z,2026-07-02T18:16:12Z
UgxDoq-AiJaDQeaMVd94AaABAg,@agustinnvera4594,PORTUGAL VS CROATIA 2026 LAST GVARDIOL ANULED GOAL,6,1,2026-07-03T01:07:45Z,2026-07-03T01:07:45Z
UgwJhH5fGcB7ZymS7pd4AaABAg,@lozicrazy,if drake does ayahuasca he will get done like saturn from one piece,0,0,2026-05-17T21:47:41Z,2026-05-17T21:47:41Z
UgzcDk10t0mUqTtsa9B4AaABAg,@Lienhangshing-b5x,Rip drake,1,0,2026-06-02T16:21:44Z,2026-06-02T16:21:44Z
UgzS6D2nPkzMXcqfqZ14AaABAg,@RobertGarcia-t3z,Love you Kendrick.,0,0,2026-05-21T05:16:56Z,2026-05-21T05:16:56Z
UgxWGU-pVAikQ0uhJDV4AaABAg,@DakotaWilliams-33,I think he was talking about diddy but also hinting at epstien,0,0,2026-09-12T02:54:21Z,2026-09-12T02:54:21Z
UgyAGOsZ8EBYCoi5A1Z4AaABAg,@YassenMomran,‏‪4:33‬‏  ☠️💀 DROGBA,1,0,2026-08-02T20:45:23Z,2026-08-02T20:45:23Z
UgzwJSz_ims0hB7SXrt4AaABAg,@YourMitya,Changing the flowers... 🥀🥀,0,0,2026-09-17T09:02:51Z,2026-09-17T09:02:51Z
Ugy1ZYEkeyIM__UCF6J4AaABAg,@igoatmattandre,4:30= barcellona vs Chelsea 2009,1,0,2026-07-03T05:09:49Z,2026-07-03T05:09:49Z
Ugw5qAQHXE45duhRk054AaABAg,@javi_unknownn,Real question how this mf drop in less than 40 MINUTES?,2,0,2026-08-04T09:01:23Z,2026-08-04T09:01:23Z
UgzoHAESNYbv2EGNpOZ4AaABAg,@marksterling2732,High IQ - King Poetic,1,0,2026-05-26T21:09:34Z,2026-05-26T21:09:34Z
Ugy_7NDyVbl-qi-7C7N4AaABAg,@OneSho-pt2gv,This song isy favorite,1,0,2026-05-31T15:58:54Z,2026-05-31T15:58:54Z
Ugwfeb27OedsCMhX5zh4AaABAg,@mihajlooo_04,Dayum...,0,0,2026-06-24T20:43:17Z,2026-06-24T20:43:17Z
UgyZ84uP964tlx816Zl4AaABAg,@M1N1M0X,DAMN,2,0,2026-07-23T19:22:21Z,2026-07-23T19:22:21Z
UgzF7EfboNVUexMDPm14AaABAg,@Teooooo-e1j,Best diss tracks,0,0,2026-09-15T09:51:39Z,2026-09-15T09:51:39Z
UgwNLmGi2CSYPEaz2V94AaABAg,@JulioCesarSilva-fl6yl,"Faço o gol mais bonito da minha vida, meus amigos dizendo que passou por cima dá chinela",0,0,2026-05-15T14:28:49Z,2026-05-15T14:28:49Z
UgxQ8UrgHFcbIO18hsh4AaABAg,@황코나단채널,Drogba?,1,0,2026-08-10T15:01:39Z,2026-08-10T15:01:39Z
Ugxf7jPJ3Y-AsQD41oR4AaABAg,@shoaibheidary,We need another one for trump,5,1,2026-07-09T20:45:35Z,2026-07-09T20:45:44Z
UgyUVqVWjYJmUN0qsiB4AaABAg,@kritikal3172,Aint heard a diss this disrespectful since Wheres Tyler. iykyk,0,0,2026-07-19T07:26:58Z,2026-07-19T07:26:58Z
Ugxp13k1rzR0QKtn86l4AaABAg,@rifayudeennehrudeen2853,Meet the grahams (or) Iceman ?,1,0,2026-08-11T11:35:49Z,2026-08-11T11:35:49Z
UgxgxkpPk1yM8MASP8l4AaABAg,@RANDOM_Editsssssssss-666,*drogba disgrace gif,2,0,2026-08-11T11:07:21Z,2026-08-11T11:07:21Z
Ugx0MT2Bgj2aWgVRF9l4AaABAg,@PuadafaProductions,"I wil never forget, I am a black man. Thank you Kendrick",0,0,2026-05-23T17:07:12Z,2026-05-23T17:07:12Z
UgxpAtsaCfuZ_ZiDChZ4AaABAg,@amouraelhamel,Drovba??,1,0,2026-08-04T22:17:21Z,2026-08-04T22:17:21Z
UgzHJ6V4zwui2NTDHnZ4AaABAg,@OwenD-d6i,arne slot,2,0,2026-05-17T12:43:18Z,2026-05-17T12:43:18Z
UgxnsIiS6bGAUVwqnUJ4AaABAg,@ULTİMEN-t6d,Drogba ☠️,2,0,2026-05-27T10:35:54Z,2026-05-27T10:35:54Z
UgyCWIdBZzo6bK0UVvV4AaABAg,@TheRealBroYNot,Arsenal…,2,0,2026-05-19T22:00:28Z,2026-05-19T22:00:28Z
UgyzQz24-peltn1hVrd4AaABAg,@FARSRSHWAN,Egypt vs Argentina......,3,1,2026-08-24T16:03:35Z,2026-08-24T16:03:35Z
UgwmDRuLtGXN2YiuLHJ4AaABAg,@Ifollowback911,2:18 peak,3,0,2026-07-27T09:29:56Z,2026-07-27T09:29:56Z
UgzDgElg4WClGKn2L7V4AaABAg,@AstaTheGoat,3:37  here for the best part❤,5,0,2026-05-18T18:59:09Z,2026-05-18T18:59:09Z
UgxymEZ7LHkJavPdcBt4AaABAg,@DanielFakhreddine,England vs Norway,0,0,2026-07-12T00:05:25Z,2026-07-12T00:05:25Z
UgwfPX1EAbQvgstu2FV4AaABAg,@Chris-q3s3b,The receipts...🎉,1,0,2026-05-15T12:08:24Z,2026-05-15T12:08:24Z
UgxIPHYwxzA9ceheSll4AaABAg,@zilx_q,Where are the comments about Barcelona vs. Chelsea 2009?,1,0,2026-08-27T14:50:39Z,2026-08-27T14:50:39Z
Ugwk-hYYSWF3pAfBp_p4AaABAg,@WuTs-0,making beats and lyrics so devilish even the people watching are petrified,1,0,2026-06-14T01:01:09Z,2026-06-14T01:01:09Z
Ugzqoeq-GwneF6vOdfB4AaABAg,@عبدالكريم7-ث1س,4:30 🤩,4,0,2026-08-15T16:19:12Z,2026-08-15T16:19:12Z
Ugwi-DMKVwzklezFyOt4AaABAg,@Urh43e,Chelsee vs Barca 2009,1,0,2026-08-07T06:55:05Z,2026-08-07T06:55:05Z
Ugw9cbnVPFH56FeIZMB4AaABAg,@zyroeditz-u3o,drogba🥶,1,0,2026-09-05T12:28:52Z,2026-09-05T12:28:52Z
UgyPT596fZ3fSKfVuI94AaABAg,@m.a.b.k8823,Drogba 😢,2,0,2026-05-30T19:34:25Z,2026-05-30T19:34:25Z
Ugy2-OeYs3l83nQMlCR4AaABAg,@the.epic.george,Argentina 3 - 2 Egypt,9,3,2026-07-07T22:20:02Z,2026-07-07T22:20:02Z
UgwfF54AnUaFpqjuWBl4AaABAg,@UniqueRepeat-9614,This probably felt like it went on for an hour when Drake first hit play,2,3,2026-05-24T11:49:58Z,2026-05-24T11:49:58Z
UgyZRWCmdfwRkiUTLc14AaABAg,@ziadnasr7061,tf this is a murder not a dis trsck,4,0,2026-05-31T17:15:02Z,2026-05-31T17:15:02Z
Ugw87rF3dzUqe9MkCp54AaABAg,@minichucksocal,2 years later and it hits harder😂😂,0,0,2026-05-20T17:23:53Z,2026-05-20T17:23:53Z
Ugwowe0PQdWIXj1U9UB4AaABAg,@TheBrokObunga,God forbid.,1,0,2026-08-08T22:11:32Z,2026-08-08T22:11:32Z
UgwqoB9R8xCEm_cJloh4AaABAg,@Haruneditz1,TS feel like you just killed someone and then visiting his funeral🤞,1,0,2026-07-14T15:14:53Z,2026-07-14T15:14:53Z
UgyMLhtePu7SHSlJ9-B4AaABAg,@Bubbagump13,Drake dropped 3 albums meanwhile Kendrick had photos in one of his hotel rooms with his shit that’s fucking menacing 😂 but yeah the 3 albums that dropped where to only get out of his album deal while that deal was totally cool until his 3 albums dropped and he could have responded on YouTube if his recorded label he’s signed to and he’s one of the biggest artist so he could have even dropped it under another name if he really had a better response like this but didn’t………..,1,0,2026-08-17T06:19:55Z,2026-08-17T06:19:55Z
UgzdlrYbSZL8-KazB3R4AaABAg,@kamberr-diecast_004,After 20 munites.....,1,0,2026-05-24T05:40:44Z,2026-05-24T05:40:44Z
UgwLVZM0D1YqaPBjYPp4AaABAg,@عمراحمد-ت5و1ش,Chelsea 2009☠️,1,0,2026-08-01T23:21:18Z,2026-08-01T23:21:18Z
UgzO35AvCj2Ly8yDX7x4AaABAg,@TreWilson-c8o,I wish that i worked with Kendrick lamar and dropped the hardest song of all time,0,0,2026-05-26T22:56:59Z,2026-05-26T22:56:59Z
UgwFulBCyv5VE_vYVgl4AaABAg,@kelvinmanzohernandez7681,4:25 🔥,2,0,2026-08-23T01:13:19Z,2026-08-23T01:13:19Z
Ugxx7letmTnmWyUDgiB4AaABAg,@hola_soy_alan456,4:32 esto es una vergüenza,1,0,2026-07-04T23:59:09Z,2026-07-04T23:59:09Z
Ugyl_PBNJJ-LhiwcKm14AaABAg,@sameerffnotpc9917,Argentina own this song 😂,13,2,2026-07-08T16:58:35Z,2026-07-08T16:58:35Z
UgxuJEWQAFflzbnOdJF4AaABAg,@Curtis29-k2s,2026 anyone 👀👀,0,0,2026-09-13T00:13:08Z,2026-09-13T00:13:08Z
Ugx_ONE5jH8i-naHhbZ4AaABAg,@Sbulele-s8k,"This song is still traumatizing. 
And I investigating",0,0,2026-06-17T20:41:20Z,2026-06-17T20:41:20Z
Ugwpj_AQHtjjjm8RqsF4AaABAg,@Mandrake-pn1mu,Fireman,2,1,2026-05-21T11:57:47Z,2026-05-21T11:57:47Z
UgxGdOaPCHA--f0HngZ4AaABAg,@JanPool-v8b,19•5•2026 // it's'me,1,0,2026-05-19T07:02:49Z,2026-05-19T07:02:49Z
UgzpdgRE3V8zZKay9v54AaABAg,@shawnmiller4898,June 2026 in Las Vegas still playing this like it’s new! Westside!!!,0,0,2026-06-08T20:02:35Z,2026-06-08T20:02:35Z
UgxXQ10ZsbQpxEwwLcB4AaABAg,@fanatic9164,Dammmmnnnn!,1,0,2026-07-23T14:09:19Z,2026-07-23T14:09:19Z
Ugw6mMq1MjK7SeYmLNJ4AaABAg,@BosterİmpoComme51,"""The song can't be a match""",0,0,2026-08-28T06:30:51Z,2026-08-28T06:30:51Z
UgyKq37Vitgcmv_4pJd4AaABAg,@BerretinBraster-h5r,Te amo,0,0,2026-08-03T01:38:44Z,2026-08-03T01:38:44Z
UgwenyP_B4FDNfstMZV4AaABAg,@Dave-Pete,this is crazy,0,0,2026-07-08T17:32:08Z,2026-07-08T17:32:08Z
UgwJpdnyd1kueoIEVdN4AaABAg,@tahaniabuzena3819,Fifa arjanten 4:28,2,0,2026-07-19T07:06:26Z,2026-07-19T07:06:26Z
UgweeBpM2W0CfcCj6vZ4AaABAg,@aiebol1,5:53 oh my god,3,0,2026-08-22T18:40:02Z,2026-08-22T18:40:02Z
Ugy0IdMUF9_lDEC-jdV4AaABAg,@Cocogoatology,"How it felt watching 🇨🇻 vs 🇦🇷
Update: it happened again in 🇪🇬 vs 🇦🇷",4,4,2026-07-04T14:44:58Z,2026-07-08T21:18:51Z
UgyDao4Xp7aCpB2PFJJ4AaABAg,@crystalcastillo7575,“This a lifelong battle with yourself” whewwww and after hearing Iceman & those other two albums.. Drake ain’t learn ish. Damn. Why can’t he go to therapy bruh.,2,1,2026-06-05T07:27:25Z,2026-06-05T07:27:25Z
UgyXPu6_5_FSTeh80NF4AaABAg,@mczz_td,Argentinas national anthem,0,0,2026-07-13T17:20:23Z,2026-07-13T17:20:23Z
Ugzes39iD0Ojuc1O_MV4AaABAg,@MFKSp0r,Chelsea - Barcelona,3,0,2026-08-20T12:05:19Z,2026-08-20T12:05:19Z
UgwYK6dkEAodjF3rulJ4AaABAg,@4txr_7x3bz,ManUtd vs ManCity after that offside goal gets awarded :,0,0,2026-09-13T23:49:41Z,2026-09-13T23:49:41Z
UgwdTwso8YbPpShk-D14AaABAg,@Nova_Adidas82,"Chelsea,Barcelona",1,0,2026-08-08T04:12:31Z,2026-08-08T04:12:31Z
UgzWZTcNxNpfVibr8Qt4AaABAg,@yaargh3852,This is devastating😢,0,0,2026-06-03T18:18:10Z,2026-06-03T18:18:10Z
Ugx1gaaa9TlZOeVFFSF4AaABAg,@PeterMosenene-k7v,Nah k-dot should go to jail for this shiii this is Muerta 🤣🤣🤣🤣🤣💔,1,0,2026-05-26T04:21:19Z,2026-05-26T04:21:19Z
UgwFDzAGyBkK5lHxmcl4AaABAg,@static-d2o,insane 2yrs later,0,0,2026-07-02T19:14:19Z,2026-07-02T19:14:19Z
UgyeA37rnC3faDLpApl4AaABAg,@rindaimuza,No mhan. What did he mean by this ?,0,0,2026-07-23T09:24:29Z,2026-07-23T09:24:29Z
UgyOPRepLLU5y_3rRPR4AaABAg,@MDMDM_101,اول تعليق عربي,1,0,2026-07-13T17:29:13Z,2026-07-13T17:29:13Z
UgxxL-63u-pcJ54YecZ4AaABAg,@markmathis336,Thank god it was Drake and not me 😂. I would need therapy.,0,0,2026-06-23T19:16:14Z,2026-06-23T19:16:14Z
Ugzmhowphk7FgDxajmJ4AaABAg,@Sylvivid,This mf talking with MALICE in his voice 😭  pure villain flow 😭,0,2,2026-07-04T22:17:02Z,2026-07-04T22:17:02Z
Ugy4y48IrHa0enAATfd4AaABAg,@nambirnambir36,Chelsea Barcelona 2009,1,0,2026-05-30T18:57:30Z,2026-05-30T18:57:30Z
Ugy8agKjOzdd7t5yt2x4AaABAg,@emmamcilgorm2336,Thank you 🙂‍↔️🙏🏼🫵🏻🤲🏻🤲🏻🤲🏻🤲🏻🤲🏻,0,0,2026-07-21T07:54:26Z,2026-07-21T07:54:26Z
UgyXTzd4Yk6K63rObg14AaABAg,@KimFonseca-k4r,... My my my,1,0,2026-05-27T13:44:37Z,2026-05-27T13:44:37Z
Ugxk-a8_XzsALnMHJAh4AaABAg,@zombonk,"coming back from 2 years, we can all now agree that ""dear adonis"" already ended any of drakes future disses drakes",4,0,2026-05-15T00:51:40Z,2026-05-15T00:51:40Z
Ugxziuy1OZ_wrP6LqTx4AaABAg,@JoestarGallardo,Meet the mustard,1,0,2026-08-06T18:02:58Z,2026-08-06T18:02:58Z
UgyXLZGXnn_pyiX-JiB4AaABAg,@mafia-152,drogba🤨,2,0,2026-06-21T00:10:00Z,2026-06-21T00:10:00Z
UgzDuw6Vwuwd9JJjZnR4AaABAg,@Josiahgaming67,I noticed ZOLPIDEM TARTRATE TABLET medication when I zoomed in.,0,0,2026-06-18T02:05:28Z,2026-06-18T02:05:28Z
UgwXeKufGBD8ehrAyx94AaABAg,@rhogae_editz,Chelsea v Barcelona 2009💀,1,0,2026-05-25T14:37:23Z,2026-05-25T14:37:23Z
UgxmaNK1fpnUWfLoULR4AaABAg,@Cucumber-301Arm,Chelsea…,2,0,2026-05-14T11:49:01Z,2026-05-14T11:49:01Z
Ugx6_Wo_VsRTK1PFMNJ4AaABAg,@Sullivan_S_2004,Excellent.,0,0,2026-09-13T04:49:32Z,2026-09-13T04:49:32Z
UgzXEHrSSU5s7wPRMt54AaABAg,@4evadanna,q adictivo es 😭,0,0,2026-05-18T05:30:11Z,2026-05-18T05:30:11Z
UgzH8LVaXqmVc9jmDqd4AaABAg,@justinsnyder409,I believe everything in this song,0,0,2026-06-17T17:11:19Z,2026-06-17T17:11:19Z
UgzLeAiXv1aqV5AdpmR4AaABAg,@DilshodSuyunov-z1f,Chelsea vs Barcelona 2009 😂😂,0,0,2026-07-16T09:49:46Z,2026-07-16T09:49:46Z
UgyFn4JzPxAA89pl3nN4AaABAg,@MRCHAMPAGNE1,kendrick’s ether,0,0,2026-05-20T05:14:48Z,2026-05-20T05:14:48Z
UgytffhDSHjZ9IsWy3V4AaABAg,@NyxMoonReads,Another one?!,1,0,2026-07-12T20:37:08Z,2026-07-12T20:37:08Z
Ugxh8XauYmYW6EdZV1l4AaABAg,@antonizawadzki5610,who is here after france lost ):,3,1,2026-07-14T21:02:54Z,2026-07-14T21:02:54Z
UgwS7aQnLuwHx5E3tVp4AaABAg,@BBdebatesvrchat,Sent this part too my deadbeat dad frfr 5:43,1,0,2026-06-02T00:43:52Z,2026-06-02T00:43:52Z
Ugx6PJEZtAKSvzmTvHZ4AaABAg,@itz.samuraylegen,4:32 chelse vs barcelona,3,0,2026-08-13T06:07:38Z,2026-08-13T06:07:38Z
UgwQyA83yqRlbf-hFVN4AaABAg,@vluu7,the fact it took drake 2 years to respond lmfaoo----,0,0,2026-05-19T23:43:42Z,2026-05-19T23:43:42Z
UgxRXlSBgj_LggqC3SN4AaABAg,@marianataliabaspineiro9955,Drogba vs Barcelona,0,0,2026-05-23T15:03:42Z,2026-05-23T15:03:42Z
UgzccNy3r-kfpdMGfCx4AaABAg,@ProducedBy10A,"On replay and more replay, uh more replay",0,0,2026-09-02T09:23:00Z,2026-09-02T09:23:00Z
UgxI8c3hAwV9Jee2laR4AaABAg,@Chavo1312,FİRE ON THE KENDRICK LAMAR DADDY🔥🔥🔥🔥🔥🔥🔥🔥🔥🔥🔥,0,0,2026-05-22T23:30:13Z,2026-05-22T23:30:13Z
UgzHSGUisbOHHaFs20V4AaABAg,@whotfisaidan,my god,2,0,2026-08-11T21:38:59Z,2026-08-11T21:38:59Z
Ugw5_vcIBTPcRgLaVRR4AaABAg,@the_liikax27,Drogba,3,0,2026-08-13T02:27:04Z,2026-08-13T02:27:04Z
UgxhwGY03ZfYhmpAw014AaABAg,@whyyallreadingthisshi,I don’t even wanna know how ppl can be attracted to others 6 or under their own age I mean like 6 years is a big gap,0,0,2026-07-21T09:18:06Z,2026-07-21T09:18:06Z
Ugwx1VfOJeb1ruYLa0B4AaABAg,@danielosawell,I have three letters P D F,1,0,2026-06-27T21:49:12Z,2026-06-27T21:49:12Z
Ugy8W-wBZMkIyUll6cR4AaABAg,@isimsizpost_67,YouTubeda keşke gifler olsa,1,1,2026-06-18T04:11:21Z,2026-06-18T04:11:21Z
UgzBf3JVQR3gMuc97b54AaABAg,@chamadoben10,Espanha x Argentina,1,0,2026-07-19T21:29:52Z,2026-07-19T21:29:52Z
Ugwc6afYPpo4wrHdH5B4AaABAg,@Happyalbainian,At 4:34 i love this meet the grahams,2,0,2026-05-14T16:42:37Z,2026-05-14T16:42:55Z
Ugws_xgAC8M_8Y76ct54AaABAg,@flp_reactss,GOAL OF SPAIN IS VALID! 😢,0,0,2026-07-19T21:40:58Z,2026-07-19T21:40:58Z
UgwQQCnjJH8GxB7khYx4AaABAg,@just_gaming3826,Whos here after capo verde vs argentina and egypt vs argentina,14,3,2026-07-08T12:21:32Z,2026-07-08T12:21:32Z
UgzwcNH0QMLsyNVrybZ4AaABAg,@PpIiNnNnEeAaPpLlEe,This was 2 years ago?!,0,0,2026-05-26T19:57:42Z,2026-05-26T19:57:42Z
Ugz-kt5tM0wORVZlX4h4AaABAg,@acsede,bravo👏👏👏,0,0,2026-05-21T21:37:48Z,2026-05-21T21:37:48Z
UgwikhIrE7ROu-I63Yp4AaABAg,@Cyberspider45,I love you K Dot,0,0,2026-07-13T18:19:48Z,2026-07-13T18:19:48Z
UgxL_kdvQ5ZjfywYMid4AaABAg,@Xp_hunter_Xp_hunter,drogba 😂😅,2,0,2026-08-14T21:53:45Z,2026-08-14T21:53:45Z
Ugw6R3Oy4fTtjclRILZ4AaABAg,@Creedax-Nurlan,Drogba,3,0,2026-08-14T15:25:22Z,2026-08-14T15:25:22Z
UgwA4w9FJ-y1f13sMzF4AaABAg,@StephenWashington-l1p,THAT 18TH BIRTHDAY AUBREY GON WAKE UP like it's 5/3/24 😐,0,0,2026-09-13T16:43:01Z,2026-09-13T16:43:01Z
Ugwb0nJfTsTus51BzQp4AaABAg,@CLB69,Ts just psychological abuse,4,0,2026-08-22T20:55:15Z,2026-08-22T20:55:15Z
Ugyw5G-stqaq7bAa7Bt4AaABAg,@12kvale,Here lies Aubrey Graham,2,0,2026-06-23T17:37:29Z,2026-06-23T17:37:29Z
Ugyw_vbcRg2hZLTmr-B4AaABAg,@destinygeneration2007,this song is also about the streamer destiny.,0,0,2026-06-05T14:00:20Z,2026-06-05T14:00:20Z
UgwBtVy4CGR9PCcVP4p4AaABAg,@skullcrawler999,2 :11 aways get me 😂😂,0,0,2026-06-18T03:02:21Z,2026-06-18T03:03:13Z
UgwtZC73xdo-ZA7jD4J4AaABAg,@mohammesbw87eyhe,Better than not like us,0,0,2026-05-23T15:41:24Z,2026-05-23T15:41:24Z
Ugx4icZqc1Vh6TsNy_94AaABAg,@SabeloKhanyileSA-c6q,Here after Iceman,0,0,2026-05-15T09:13:33Z,2026-05-15T09:13:33Z
Ugzfakh64S85LbZ0cD94AaABAg,@thatjasudan,Interesting that at the 4:35 the verse on Drake's alleged daughter ends exactly at the right border of the picture. Right before he directly addresses Drake.,0,0,2026-05-24T00:40:00Z,2026-05-24T00:40:00Z
UgzNNiF2K7CPx2noVq14AaABAg,@GgeraldineRueda,"not listened to drake since kdot decided to murder that mf  , amen",1,0,2026-06-10T23:45:18Z,2026-06-10T23:45:18Z
Ugw9ySVF2344U0rkShd4AaABAg,@MrThrobakk1791,"You got spending problems,bad with money 🤔",2,0,2026-06-20T00:41:52Z,2026-06-20T00:41:52Z
UgyV0tortXIOl458Wm94AaABAg,@Teooooo-e1j,6:32 minutes of career ended,0,0,2026-09-15T09:53:44Z,2026-09-15T09:53:44Z
Ugz59UPMTctSdNWxOe94AaABAg,@johnjacob4142,Bro… beef so vicious Drake let the country,0,0,2026-06-01T23:36:47Z,2026-06-01T23:36:47Z
UgxDStKuiSiTek5NVYl4AaABAg,@QuantreyCoel-q1d,Lmao 🤣 🤣  Drake been battling with his self for the past 2 years.  Kendrick cut that boy deep 💯💯 This song was the death blow,1,0,2026-06-26T17:05:58Z,2026-06-26T17:07:03Z
UgzGqdQea5NXbpxUeGt4AaABAg,@HermanDieWaterKoei,Holy shit,1,0,2026-08-12T05:02:04Z,2026-08-12T05:02:04Z
UgwpYQdNAPWifd6MXPt4AaABAg,@Chumani_live,2026!🖤,2,0,2026-08-09T10:12:59Z,2026-08-09T10:12:59Z
UgyaGqi3K_fJEeZ39Z94AaABAg,@rustymcbadbat,"Drake is still struggling to move past this, even with the false daughter accusation. It's like the OVO side focused on that one false detail they allegedly ""planted"" (and who's to say they're just not saying that shit to hide the actual truth) and didn't even read the rest of the actual shit K-Dot is saying about the motherfucker. Take that little bit out, even if it's the ""knife to the gut"" Kenny is straight up telling Drizzy how much of a failure of a man he is. Motherfucker needed to drop 3 whole albums to try to brush this shit away.",1,0,2026-07-05T09:00:51Z,2026-07-05T09:00:51Z
UgwIS07YbFh8-9fAL4J4AaABAg,@Brainrot-f2i,Chealse Barca,3,0,2026-07-09T00:54:50Z,2026-07-09T00:54:50Z
UgwBBAFEfWRZhUvKgbN4AaABAg,@PabloRenzzo,Drogba,2,0,2026-08-20T22:53:28Z,2026-08-20T22:53:28Z
UgwGdedZP0F0-VptNcl4AaABAg,@LisaReed-q7f,❤❤❤,1,0,2026-06-27T19:43:42Z,2026-06-27T19:43:42Z
UgzjCqzyaIN3YvvHmFp4AaABAg,@bevblackman04,July 7,2,0,2026-07-08T01:39:11Z,2026-07-08T01:39:11Z
UgzooceNXHXRshggJmp4AaABAg,@421ever,Omg,1,0,2026-05-16T17:37:40Z,2026-05-16T17:37:40Z
UgyLOHQFX3szdKGojgB4AaABAg,@luyandajayjonsile2545,""" you been through nothing""",0,0,2026-06-11T19:10:45Z,2026-06-11T19:10:45Z
Ugy3EHmvlaWAKUysAwF4AaABAg,@ValentinoSalas-g5m,4:28,3,0,2026-08-26T01:11:16Z,2026-08-26T01:11:16Z
UgxqLMLfxJjr7mfU3Ft4AaABAg,@romarimitchell5528,Kawhi Leonard,2,1,2026-09-03T03:05:56Z,2026-09-03T03:05:56Z
UgwtDBisKenePns6ePJ4AaABAg,@mrsilkysmoothd,Ak just exposed Drake has kids at his house,0,0,2026-05-30T01:57:44Z,2026-05-30T01:57:44Z
UgxZYifyOyMSDMWOGxR4AaABAg,@restart-wewewv3,R.I.P drake,0,0,2026-06-25T02:46:31Z,2026-06-25T02:46:31Z
UgzAFira5WDqZeaU8H14AaABAg,@andreworeilly5676,"""You a body shamer"" 😭 This is the most performative line in the whole battle. 
I love Kendrick but bro look at every one of your idols and peers before saying something like that. 
Misogyny is a problem in hip hop, not Drake",0,0,2026-06-07T15:32:21Z,2026-06-07T15:32:21Z
Ugw8BVb4V79ANHDhLDh4AaABAg,@gustavoolovate-zy4pd,Lembro das roubalheiras da Argentina,1,2,2026-07-29T22:34:57Z,2026-07-29T22:34:57Z
UgxKrhYJ4UNSu59ZCo14AaABAg,@xxxabd566,drogba,1,0,2026-07-12T22:01:07Z,2026-07-12T22:01:07Z
UgwocE9CTafxhG-w-YF4AaABAg,@fivestarwaldeck,"Rest In Pepperonis

Aubrey Drake Graham

1986 - 2024",3,2,2026-05-23T01:06:02Z,2026-05-23T01:06:02Z
UgwBrH8d18-BVxDSkqt4AaABAg,@Jimmy-mclean7,"The creatures outside looked from pig to man, and from man to pig, and from pig to man again; but already it was impossible to say which was which 
All animals are equal but some are equal than other's",0,0,2026-07-14T15:04:35Z,2026-07-14T15:05:25Z
UgwPua7EmnRRDKNNObZ4AaABAg,@STORMBLADE-01,Didiger drogba vs Barcelona.,0,0,2026-06-18T11:39:59Z,2026-06-18T11:39:59Z
UgytM7hz0NL9t6qlAxV4AaABAg,@BluesMinorSwing,Im scaaaaared,1,0,2026-05-14T20:54:09Z,2026-05-14T20:54:09Z
UgwNO1aehn3xVcKW0MZ4AaABAg,@انسالجهني-غ2ح,واو,1,0,2026-05-21T00:58:08Z,2026-05-21T00:58:08Z
UgxTYCeHm7nJcVVHUVR4AaABAg,@vorlan-7,4:28 Chelsea vs Barcelona....,1,0,2026-05-16T22:21:07Z,2026-05-16T22:21:07Z
UgwZGXyuwwK7SX-uqfh4AaABAg,@zharqmVersion9,Barca vs chelsea semi final💔💔💔💔,2,2,2026-08-16T14:20:37Z,2026-08-16T14:20:37Z
UgztYiscigOXjUYFly94AaABAg,@SentimentVeryForReal,Generation beta will never understand how crazy this was when it came out,1,1,2026-05-29T18:46:48Z,2026-05-29T18:46:48Z
Ugz4FQEOb8ilawgzFDB4AaABAg,@llcooloyd2550,My goodness,1,0,2026-06-02T21:46:33Z,2026-06-02T21:46:33Z
UgwgcgqAyzFAqPSZGad4AaABAg,@GameplusGain,Where the baby girl Kendrick 😂😂😂😂?,0,0,2026-07-19T11:51:15Z,2026-07-19T11:51:15Z
Ugz-U3ZmtOUC5Rhk5KN4AaABAg,@1ky.mp4-sb,4:30,2,0,2026-07-24T03:27:18Z,2026-07-24T03:28:08Z
UgzOlxnZhUpdHZz0XfJ4AaABAg,@LexSchwadzz,The thought about people still supporting Drake makes me disgusted by how humans accept evil for music they “enjoy”,1,0,2026-06-25T14:15:00Z,2026-06-25T14:15:00Z
Ugzv9M-jbMreYj0iZeN4AaABAg,@somerandomguy05,Only one lie in this entire song,0,0,2026-06-20T12:43:29Z,2026-06-20T12:43:29Z
UgyFeiQbWZSUfHzisnd4AaABAg,@Volgrus,"It's been two years, is time an actual observable constant? Doesn't seem real, shit is made up, it has not been goddamned 2 years.",2,0,2026-08-06T00:57:38Z,2026-08-06T00:57:38Z
UgxM3z4KEXYUeGyRx-54AaABAg,@hikanix1235,Jesus christ.,2,0,2026-05-16T12:51:27Z,2026-05-16T12:51:27Z
UgyD2z2plB5LRGqwkKF4AaABAg,@NeverendingProductions,Rigged World Cup,17,5,2026-07-08T17:56:29Z,2026-07-08T17:56:29Z
Ugx7FkSY0VCxlg2HZgZ4AaABAg,@leejakistameverett,POV. Ilia lost to Justin.,0,0,2026-06-15T07:48:16Z,2026-06-15T07:48:16Z
UgxHf8iii4wdh8337dd4AaABAg,@Rekpop,Whos here from tiktok,0,0,2026-07-20T19:51:53Z,2026-07-20T19:51:53Z
UgyWwOa6xPj6Jqry1vd4AaABAg,@DjBoggLEMaN,2026?,2,1,2026-06-08T22:21:10Z,2026-06-08T22:21:10Z
UgzN130SjWdSa1_dYKF4AaABAg,@silvajonatan-c5o,Croácia x Portugal 2026,1,0,2026-08-06T14:36:48Z,2026-08-06T14:36:48Z
UgyVSm8nkF8JAC11TIZ4AaABAg,@majorphysiqueacademy,🎉🎉🎉,1,0,2026-07-24T12:10:26Z,2026-07-24T12:10:26Z
