comment_id,author,text,like_count,reply_count,published_at,updated_at
UgzSPuw2rAMlyiwIZt14AaABAg,@bissy97,Losing your N-word pass in a battle is wild.,164283,630,2024-05-01T11:25:36Z,2024-05-01T11:25:36Z
UgxM7DNV2e6ficC2mFV4AaABAg,@aukora129,I know people like 'Not Like Us' better but this one clearly was written in a venomous angered state and that gives it something special.,61571,605,2024-06-14T21:06:26Z,2024-06-14T21:06:26Z
UgychkzPuwFI2Vug7At4AaABAg,@mafatsheng,"""let your core audience stomach that, then tell em where you got your abs from"" 😂😂 that's a genius bar",12590,54,2024-04-30T22:01:59Z,2024-04-30T22:02:51Z
UgwCbUj6CRaJAS17XDN4AaABAg,@Amalgam8ion,This song is one of the nastiest reads of all time. Aged like fine wine and it’s still in that barrel,408,6,2026-06-12T20:03:48Z,2026-06-12T20:03:48Z
Ugyq3mhxSp8DquNep354AaABAg,@russellstevens9927,"""I hurt cho' feelins'? You 'on't wanna work wit me no more? Ok.""

He's so sincere. 😂😂😂",3202,7,2024-04-30T23:38:39Z,2024-04-30T23:38:39Z
UgyipxNU7RY608jXC3x4AaABAg,@babymetal7531,"""You got sh!t twisted.... what is it? THE BRAIDS?? 👹"" LMAOOOOOOO",22912,63,2024-05-03T07:40:54Z,2024-05-03T07:40:54Z
UgzcJNwh5zVusSDFgzl4AaABAg,@ElijahDoesStuffs,"""How many more black features till you finally feel that your black enough?"" Is actually one of the best insults i've ever heard",14077,89,2025-02-08T19:12:37Z,2025-02-08T19:12:37Z
UgxgyYObQg8dejsrVt14AaABAg,@thechamp3299,How’s this only have 90M views. I’ve listened at least 1M 😂,61,1,2026-09-07T18:41:33Z,2026-09-07T18:41:33Z
UgzRvGXJbz025WZTPKl4AaABAg,@ykkb_,“I can even predict your angle” aged so well,613,1,2024-05-04T07:23:32Z,2024-05-04T07:23:32Z
UgzyRlrA6PrEpN6t7mt4AaABAg,@Mandalor988,Kendrick wasn’t kidding when he said “don’t tell no lies about me and I won’t tell any truths about you.”,4007,8,2024-05-08T02:23:52Z,2024-05-08T02:23:52Z
UgyjhKiPW4YAVWdN94x4AaABAg,@Andy_Boy93,That line “once a lame always a lame” is hitting harder and harder everytime.,12036,45,2024-11-26T23:59:42Z,2024-11-26T23:59:42Z
Ugzf2wgAAwgmkrlD0194AaABAg,@milhouse777,This diss still slapping,634,12,2026-08-12T21:37:29Z,2026-08-12T21:37:29Z
Ugz-MbldVuZOiEw5I-d4AaABAg,@trainboimashups,2 years is crazy,4764,25,2026-04-30T04:43:22Z,2026-04-30T04:43:22Z
UgxKushrQZInYomIUvh4AaABAg,@alexandraleian212,Happy anniversary yall 😂,10164,82,2026-04-30T17:04:47Z,2026-04-30T17:04:47Z
Ugy9oW5lWRKf0iixS-V4AaABAg,@VladiArd,"Came here again because I was laughing at the Iceman album, needed something serious to calm down",428,9,2026-05-18T04:30:03Z,2026-05-18T04:30:03Z
UgxeApoui7emUvfX9d54AaABAg,@caseyimiller,The year is 2046 and Drake has now released 99 albums because of this track.,1231,17,2026-05-15T20:27:25Z,2026-05-15T20:27:25Z
UgyJT-NAo10iVHfRPV54AaABAg,@leonthegreat6339,"""What is it the braids"" is the most aggressive one liner 😂",7543,45,2024-07-14T14:37:53Z,2024-07-14T14:37:53Z
UgzRpN4OeGumzN94xbt4AaABAg,@sthitisakuntorn,"“If you take it there, I’m taking it further” Kendrick is a man of his words 😂",2353,8,2024-05-05T21:22:04Z,2024-05-05T21:22:04Z
UgzDJih_QFE68ADLiw54AaABAg,@JuvenileSix,"Kendrick cooked Drake as a man, as a father, as a artist, as an actor and as a Canadian. 😂",45304,175,2024-04-30T18:02:13Z,2024-04-30T18:02:13Z
UgzlLu9R_Wf5oLf-1Lx4AaABAg,@VenomzGBs,One song vs 3 albums,5242,75,2026-05-15T08:52:09Z,2026-05-15T08:52:09Z
Ugwv0vhsEMV2I6kUVwh4AaABAg,@Colegate33,That cease and desist bar looking more and more likely to be true,8736,30,2024-11-26T18:21:29Z,2024-11-26T18:21:29Z
UgxGM60-YPanLyF_jcl4AaABAg,@JEPiper,The famous actor we once knew is lookin’ paranoid and now spiralin’ 😂😂😂😂😂,2885,16,2024-11-26T02:35:46Z,2024-11-26T02:35:46Z
UgwiAwe_WJatJirm0Vx4AaABAg,@kahpyvara,"""I hate when a rapper talk about guns, then somebody dies, they turn into nuns""

Kendrick actually predicted everything lol",27416,86,2024-05-07T20:41:48Z,2024-05-07T20:41:48Z
Ugxx8GAKQRfTK2d-ltd4AaABAg,@TheBlackKakashi,This song just reactivated me like Winter Soldier 😂😂,1459,14,2026-05-15T02:19:35Z,2026-05-15T02:19:35Z
UgzTfZ2__2lDrtGRm0J4AaABAg,@RolanStraw,"The way he says ""youuuunt wanna work with me no more OK""😂... The ""OK"" is delivered flawlessly",1895,9,2024-05-05T00:33:50Z,2024-05-05T00:33:50Z
UgzpucgGK7-zhhZOgLB4AaABAg,@FoxtrotStudi0s,"Drake: ""Ha youre short""

Kendrick: ""Your confidence is as manufactured as your lyrics.""",108259,252,2024-05-03T06:39:54Z,2024-05-03T06:39:54Z
Ugxye3plBqMsslqW1LJ4AaABAg,@TheRealVodun13,"""What is it, the braids?""

Damn, well played, Kendrick.",2323,8,2024-05-15T04:44:36Z,2024-05-15T04:44:36Z
UgzB5oesmBiziHWTy6h4AaABAg,@JAY4VR,Drake got so butt hurt. 2 years later he still talks about Kendrick.🗣️🥀🥀💀🇺🇸,3936,136,2026-05-15T18:11:28Z,2026-05-15T18:11:28Z
Ugx7atXHUix5f-uF7rJ4AaABAg,@Emily-nq1tz,I love how Kendrick gets slightly more pissed off as the track goes on,16756,76,2024-06-19T12:23:52Z,2024-06-19T12:23:52Z
UgyLFcFQm86fF7ZvIup4AaABAg,@tsukisukiii,"this shit cleared my skin, improved my health, taught me values, and now I have no enemies.",40771,180,2024-05-01T15:17:56Z,2024-05-01T15:17:56Z
UgxQmJjEdKK0-ShkAmt4AaABAg,@khadijaallen228,“ I like Drake with the melodies” is the first compliment Kendrick has gave Drake in 13 years 😭😭😭,12182,49,2024-05-04T05:01:24Z,2024-05-04T05:01:24Z
UgzW6BZJlx186hThdOx4AaABAg,@Freak_craft,"I'm here after the lightskin dropped 3 mid projects in one night, lmao this slaps even harder now😂",143,4,2026-05-15T08:10:57Z,2026-05-15T08:10:57Z
UgyLncLis94Y-QwNgSZ4AaABAg,@afrolyrcs,"“Ain’t 20v1 its 1v20 if I gotta smack ppl that write with you”

thats was fire asf",26401,137,2024-04-30T15:44:03Z,2024-04-30T15:44:03Z
Ugypv93mmjq4mDgJ2_p4AaABAg,@saintcoldboy,"Drake's diss = Playground insults
K-dot's diss = Full blown murder",51626,314,2024-05-03T10:04:08Z,2024-05-03T10:04:08Z
UgwjIUuGoUZXxt41Adt4AaABAg,@siri.racha_,"""you got shit twisted...what is it THE BRAIDS?!"" This line's been stuck in my mind😂",2101,11,2024-05-12T15:09:53Z,2024-05-12T15:09:53Z
UgwNFfQ74Q4gV4uEq1h4AaABAg,@sea_change0,Two years later and this is still the most surgically precise track ever.,100,0,2026-05-19T00:16:04Z,2026-05-19T00:16:04Z
UgwBFdVTooy3hj1qODZ4AaABAg,@enriqueboodoo6187,"""Fuck all dat pushin P, Lemme see you Pusha T""...wild😭🤣",5385,36,2024-05-06T10:42:55Z,2024-05-06T10:42:55Z
UgySWKuYp7bN7BoZ8qN4AaABAg,@JIB707,"Man really said “fuck all the beef, I really just hate everything about you” 😂😂",6216,97,2024-04-30T16:28:06Z,2024-04-30T16:39:22Z
Ugz5XTiC2gDR4PbcILt4AaABAg,@Rubydoobydoos,the sexy redd line will always get a smile out of me like you can literally hear him holding back a laugh,9616,55,2024-05-19T20:43:18Z,2024-05-19T20:43:18Z
UgwoLC67J4A9Xyjlx9l4AaABAg,@VidyaMexican,"""I make music that electrify 'em, you make music that pacify 'em"" damn how he know",49,1,2026-05-17T23:08:52Z,2026-05-17T23:08:52Z
Ugwxx9ZW2ZGGIQ3CtF94AaABAg,@Timothy2706,"Kendrick didn't come alone.

He came with Kdot, Kung Fu Kenny and Pulitzer Kenny on this one.",8719,45,2024-05-01T13:36:03Z,2024-05-01T13:36:03Z
UgwGo3nlzeIf8SB6EGp4AaABAg,@TacticalTot100,“When you stand by sexy redd I believe you see two bad bitches” is actually insane😂,2382,17,2024-08-14T12:18:38Z,2024-08-14T12:18:38Z
Ugz61cQdeBvdHQAJKox4AaABAg,@SomeoneThatIsHappy,"""Don't tell no lies about me, and i won't tell truths about you"" after listening to Meet the Grahams this line gets much better",13334,32,2024-05-04T14:02:15Z,2024-05-04T14:02:15Z
Ugx6IPuSVzW1NmATclx4AaABAg,@Chumza-h1r,Who else comes back to this,38,4,2026-09-04T16:44:46Z,2026-09-04T16:44:46Z
Ugx5ckNdgZgLCft_wZ94AaABAg,@Adrianrom-yf7hs,A Kendrick Lamar diss with 3 beat changes on any given tuesday 🥶🥶🥶,57902,182,2024-04-30T16:09:03Z,2024-04-30T16:09:03Z
Ugz6MyqAoW72kK7OZlJ4AaABAg,@Lakyla816,The fact there are absolutely no fillers in this song. Every line is a straight bar is insane.🤣😩😭,9875,57,2024-06-01T14:12:00Z,2024-06-01T14:12:00Z
UgxE4N2PEpu3jbokRKR4AaABAg,@kuromil5127,"Drama aside, I really love Kendrick’s rap voice and his cadence. It’s so unique. When he gets loud it almost sounds like a yodel and when he gets low it’s so chill and lazy-like, like a southern drawl. Idk that’s some real artistic shit to me.",8940,75,2024-05-04T10:49:54Z,2024-05-04T10:49:54Z
UgwFtCJp-ZH4thUq4Pp4AaABAg,@SladeW5218,Real ones know the battle was over after this track dropped,494,16,2026-05-15T17:51:10Z,2026-05-15T17:51:10Z
Ugz5btVQ9uJ4-ctTX1F4AaABAg,@starrichens3397,This guy just casually drops three of the best diss tracks of all time within a week,21601,128,2024-05-05T00:37:43Z,2024-05-05T00:37:43Z
Ugx0DcPEZpN5SMYUZ7Z4AaABAg,@ThEBookOfSwantEGawD,they went from begging kendrick to drop to begging kendrick to stop 😂😂😂😂,65722,287,2024-05-05T04:24:19Z,2024-05-05T04:24:19Z
UgyIT5Pw9LHB7WinssB4AaABAg,@YN_Saxophonist,When you listen to Euphoria it’s clear that some artists are playing the long game while others are stuck in short term battles.,5523,28,2025-01-16T14:03:01Z,2025-01-16T14:03:01Z
UgxrbXp1fjgv3Q8M1694AaABAg,@killshotz6747,"Drake is still Traumatized…

Can Confirm that after listening to his latest Album",65,1,2026-05-16T03:52:29Z,2026-05-16T03:52:29Z
Ugys99PKY2K8Blj2qLN4AaABAg,@ByTyPerez,“When I see you stand by Sexyy Redd I believe you see two bad bitches” IS OUTTA POCKET😭,14378,63,2024-05-04T13:46:05Z,2024-05-04T13:46:05Z
Ugxzu4Yq6hcoUoC-Nel4AaABAg,@JonathanChingala-h8r,“Am I battling ghost or AI.” One of the truest😂😭,970,17,2024-04-30T18:55:07Z,2024-04-30T18:55:07Z
UgzKUbgUwO5SYGEeZZR4AaABAg,@Amanddaaj,Bro done dissed him in 4 different moods 💀😂,12351,45,2024-05-06T02:37:37Z,2024-05-06T02:37:37Z
Ugw4UzX6D4N518oXmBB4AaABAg,@blakelorimor7410,That sexyy red bar aged like gold after that trash ass song on his new album,350,10,2026-05-16T19:46:05Z,2026-05-16T19:46:05Z
Ugx5RtJ04u_1mHCzY6d4AaABAg,@PurpleLionRs,"""I know something thatd make gunna wunna look like a saint""   hits differently with the young thug snitch tapes coming out",605,5,2025-09-06T01:51:04Z,2025-09-06T01:51:04Z
Ugys_5JbwfuAerC8_Pl4AaABAg,@user-ll8ht1ug3b,"Drake getting his N-Word pass revoked by Rick Ross was funny, getting it revoked by Kendrick was another level😂",47685,301,2024-04-30T18:50:03Z,2024-04-30T18:50:03Z
Ugzkp--kQP_7sUGnZLF4AaABAg,@SurferFN,“Ain’t 20v1 it’s 1v20 I gotta smack people that write with you” 😭🔥,68803,377,2024-04-30T15:52:33Z,2024-04-30T15:52:33Z
Ugx6h2zCHHhLxL8VRnp4AaABAg,@bubbleraydiddly3334,Going on a couple years now he really is having a lifelong battle with himself 😂😂😂,96,0,2026-05-16T12:45:15Z,2026-05-16T12:45:15Z
UgzJTskUw3pX_1TzF2h4AaABAg,@presleyd9,"“Ain’t 20v1 its 1vs20 if I gotta smack ppl that write with you”

thats line was fire",964,2,2024-04-30T22:20:15Z,2024-04-30T22:20:15Z
Ugy18i289z7PTQgThMh4AaABAg,@mcslick-29,Not the Toronto accent catching strays😭😭😭🐐🐐🐐,43477,223,2024-04-30T15:30:32Z,2024-04-30T15:30:32Z
UgyqLJ_TD69K7-QHTDN4AaABAg,@jaymaze7,This is not a diss track. This is a diss novel.. Kendrick has been writing master pieces 🔥🔥🔥,7055,24,2024-05-04T23:19:06Z,2024-05-04T23:19:06Z
UgxpnBR4EJp2zJMT8p94AaABAg,@NoNameXVI,We are here after iceman couldnt compete😂,108,1,2026-05-16T13:07:54Z,2026-05-16T13:07:54Z
UgzOsPTjKuuMnY6BGBd4AaABAg,@xxkanipxx6357,a 6 minute diss with 3 beat switches at 1pm on a tuesday is so kendrick,73542,277,2024-04-30T23:46:11Z,2024-04-30T23:46:11Z
UgwilBipA06DcjWQRrV4AaABAg,@Dastronaught,2 months later and it’s still “youneannwannaworkwitmenomore? OK!”,2587,26,2024-06-23T15:59:43Z,2024-06-23T15:59:43Z
Ugyp1sTwz9FHk3WJG9F4AaABAg,@Jeclectic.,"Blud said “fuck the beef, I despise everything you do”",2184,6,2024-04-30T19:05:50Z,2024-05-01T00:21:15Z
Ugw1JZTCz8E0pK_VIhR4AaABAg,@Peach_967,This has to be one of Kendrick’s best songs. A prime example of how he’s one of the best lyricists!,42,1,2026-05-14T03:09:12Z,2026-05-14T03:09:12Z
UgyIcTyp9qMjRXj8Rd14AaABAg,@j4ckson.2319,"""I calculate you're not as calculated, I can even predict your angle"" - Kendrick Lamar before he did, in fact, predict Drake's angle.",7086,45,2024-05-05T16:18:08Z,2024-05-05T16:18:08Z
Ugx9jQO42v8zhKgX4Z14AaABAg,@crisisconverted,Coming back after GNX and Drake's lawsuit to appreciate Kendrick's masterclass and calculation,818,7,2024-11-27T00:33:45Z,2024-11-27T00:33:45Z
UgyZ0KxEb-b6e99Zc8p4AaABAg,@thakid691,Crazy how he  literally predicted all the bullshit Drake was going to try and twist 😂,662,4,2024-05-07T13:28:35Z,2024-05-07T13:28:35Z
UgyhIoHL6DP34N_0W614AaABAg,@lstbi,iceman really made everyone come back here lol,45,3,2026-05-19T13:19:35Z,2026-05-19T13:19:35Z
Ugx93vNrzzru0qWakcp4AaABAg,@johnbroadway3757,Pusha T and Kendrick helping Drake be a better father with their diss songs is crazy 😭😂😭😂,16901,69,2024-04-30T16:53:34Z,2024-04-30T16:53:34Z
UgwtxLOur4y-SKxuSiV4AaABAg,@jacobdube3,Getting cooked with a poetry intro is mad disrespectful 🤣,2067,9,2024-05-01T01:29:27Z,2024-05-01T01:29:27Z
Ugze68Z8K3uN2rju8ih4AaABAg,@laverdad9720,"Drake calling Kendrick short, is the same equivalent of MGK calling Eminem old.",673,5,2024-05-03T07:32:34Z,2024-05-03T07:32:34Z
UgwF-kLAejFpQPyLiSF4AaABAg,@letusdoit200,Drake album made me renew kendrick lamar songs,76,0,2026-05-15T07:45:28Z,2026-05-15T07:45:28Z
Ugz8ClTfZ1srb0gb7Kl4AaABAg,@simfitness9905,Damn the first beat is so soothing you almost forget he actually dissecting Drake on a psychological level.,1811,11,2024-05-03T02:21:46Z,2024-05-03T02:21:46Z
Ugxm-lnmOtL9EbbPRRZ4AaABAg,@shotachkhaidze,"""I'm I battling ghosts or AI"" that one verse killed me 🔥🔥🔥🔥🔥💀💀💀💀",716,5,2024-05-01T17:45:05Z,2024-05-01T17:45:05Z
UgzR1yA_XnnFuLa_fm94AaABAg,@JakeMurphy92,"Kendrick quoting DMX breakfast club interview is just the biggest chef’s kiss. “Hate the way you walk, hate the way you talk, hate the way you dress”.",36066,294,2024-04-30T16:50:51Z,2024-04-30T16:50:51Z
UgyuAUoWTALfSPf5rbp4AaABAg,@tjdrumzz___,It was deff the braids 🤣😭😭😭😭,66,1,2026-05-15T17:57:14Z,2026-05-15T17:57:14Z
UgyTLf5I61LidzdoCjp4AaABAg,@obie6153,"“F*** Sneak dissin, First person shooter, I hope they came with three switches.”

And he came with 3 switches in his response ….",3460,23,2024-05-01T00:45:00Z,2024-05-01T00:45:00Z
UgyXWmP0iDgb_y7Oz694AaABAg,@Iam_sovara,I be listening to Euphoria every morning when I’m getting dressed & it be mentally preparing me to stand on business,380,2,2024-07-13T09:39:34Z,2024-07-13T09:39:34Z
UgysMPM-cy-EfQDYefF4AaABAg,@Zenxfreth,"For me, the best line was  ""Only you like being famous"", it perfectly describes Drake's personality. Most people seem to ignore this one...",10053,48,2024-05-02T11:35:59Z,2024-05-02T11:35:59Z
Ugy6y4SdxKgWiegcl1l4AaABAg,@alimaster1234,"Man, he's responding to Iceman's album from the past.",21,1,2026-05-31T04:25:03Z,2026-05-31T04:25:03Z
UgzB-5kkzsANgKuWb_R4AaABAg,@Rick-z2z,"Meet the Grahams was more intense and not like us was more iconic but euphoria is such a special work. He really did everything in this. An attack on all levels, all while still holding some back for later.",11292,58,2024-07-03T21:41:28Z,2024-07-03T21:41:28Z
Ugy3Lb2Hs9NfpywDOyB4AaABAg,@Macto5,I didn't think this would make the Superbowl set but I'm so happy it did!,1212,6,2025-02-10T01:32:52Z,2025-02-10T01:32:52Z
UgxAMhjvMfwaMgd4Qwp4AaABAg,@BAlxandr97,Dude went and casually dropped 4 of the greatest diss tracks of all time within a week,3841,49,2024-06-28T00:01:27Z,2024-06-28T00:01:27Z
Ugyzaf9FWNWhQOSUdzx4AaABAg,@splash_boi,Since Drake came through with that BS in 1 AM in Albany had to revisit the quotable itself.,40,0,2026-05-14T07:00:21Z,2026-05-14T07:00:21Z
UgzLQEXe3pHS6Br6LMp4AaABAg,@DGrey2,"Knowing how this battle turned out, those “this a friendly fade you should keep it that way” and  “you take it there I’m taking it further (pssst) that’s something you don’t want to do” lines are so legendary.",7059,40,2024-07-14T20:57:46Z,2024-07-14T20:57:46Z
Ugx8zW4hCTyVInce6gV4AaABAg,@joshuasmith1215,this is lowkey the best diss track of all time. not only did he insult mfs but he absolutely showed how cold he is with a pen,3282,40,2024-10-03T04:34:47Z,2024-10-03T04:34:47Z
Ugx40iKAYL22KNVKaSZ4AaABAg,@maisondrives_1,the fact that this was originally 19 minutes is diabolical,2200,17,2024-05-08T07:59:53Z,2024-05-08T07:59:53Z
UgxAZ968UI2eyj2dVjN4AaABAg,@Islaaash,Man this was absolutely insane,14,0,2026-09-07T14:13:11Z,2026-09-07T14:13:11Z
UgzFi_BnlyH9ACcDDat4AaABAg,@BigKrammus,"""how many black features until you feel black enough"" is a diabolical diss.
Thanks for the likes, never thought i would get this many; also kinda feel bad for drake as the only thing he wanted was to fit in but instead being a real one he decided this to play this ""black"" personal and it finally caught up to him bringing everything he built.",114824,634,2024-05-04T14:41:01Z,2024-09-30T20:17:11Z
UgyB11SqpTFFu3I5rUF4AaABAg,@Cr1mzqn,"Euphoria was for Drake, Meet the Grahams was for Aubrey Graham.",462,5,2024-10-26T05:15:00Z,2024-10-26T05:15:00Z
UgzZnF0T8IfyEj8tsG94AaABAg,@fubargamers4279,“You think my life is rap? I got a son at home to raise but you don’t know anything bout that.” Man as a parent that line was important. Shout out to all the parents the show up every day.,5454,48,2024-04-30T18:15:06Z,2024-04-30T18:15:06Z
Ugzn8JNABKNWsXIwOXx4AaABAg,@murda-14x,This song doesn't get the praise it deserves enough. This is a masterpiece of battle diss record  wow. It's timeless,27,0,2026-08-04T09:29:00Z,2026-08-04T09:29:00Z
UgxykmbSJvSvINag4Gt4AaABAg,@ChangedAudio,"Drake before: Drop! 🗣️ Drop! 🗣️ Drop! 🗣️ 
Drake now: Stop! 🗣️ Stop! 🗣️ Stop! 🗣️",8352,35,2024-05-05T09:23:08Z,2024-05-05T09:23:08Z
Ugzbmk_8haMauGoR9dp4AaABAg,@SolutionEpsilon0,"""Headshot for the year, YOU better walk around like Daft Punk!"" One of the many lines from this beef that lives in my head rent free lol",1680,15,2024-08-09T15:55:08Z,2024-08-09T15:55:08Z
UgwRD6olZrHw8fW4N9l4AaABAg,@dnhxusjjs,i like how euphoria starts off sounding like a lullaby vibe like he's letting us know he's about to put it all to rest,826,5,2024-04-30T20:44:07Z,2024-04-30T20:44:07Z
UgzaDIaNwZWT-e26hBR4AaABAg,@HIMWACKISGOD,who all here after them 3 drake albums,80,1,2026-05-22T02:45:23Z,2026-05-22T02:45:23Z
Ugw2ydo6CqPiBNYGId54AaABAg,@YusufYuie,This is still one of the craziest songs ever recorded. Not just as a diss but as a song in general. He went absolutely crazy on this. Lmaooo,779,8,2024-12-26T23:10:37Z,2024-12-26T23:10:37Z
Ugz0zb-5NYh1roueAsl4AaABAg,@leosoumillac8986,"""I hate when a rapper talk about guns, then somebody die They turn into nuns"" most underrated rhyme of this masterpiece",14037,46,2024-09-08T11:16:06Z,2024-09-08T11:16:06Z
Ugyf6dRAa1yUF7aYsDp4AaABAg,@entensevibez,This the vision J Cole had when he apologized,1800,19,2024-05-01T01:03:49Z,2024-05-01T01:03:49Z
UgwloUpk1EFwHIx_pDx4AaABAg,@jacobdalton1602,Coming back to this song after the fact. He really said fuck around and find out,3,0,2026-09-16T18:43:58Z,2026-09-16T18:43:58Z
UgxNIJXdKcVeWvtmZYR4AaABAg,@alberttshina5696,Do you realise that intro sums up everything we saw. Drake is spirallin right now. He filed a lawsuit over a diss track that's a crazy work,3150,42,2024-11-26T01:09:59Z,2024-11-26T01:09:59Z
UgwDLpLBd5en1zfxEiR4AaABAg,@Owl11011,"no one talking enough about Kendrick giving actual PARENTAL GUIDANCE on these tracks (AKA keeping it ""PG"")",3697,19,2024-05-05T11:08:06Z,2024-05-05T11:08:06Z
UgwV45oSIvN8YlFvZ0F4AaABAg,@EricaHansberry,I don't think we're appreciating the production on this one enough. It's almost like a film score.,802,10,2024-05-26T02:20:23Z,2024-05-26T02:20:23Z
UgxRIr3SiY_PL6k4-CN4AaABAg,@SimphiweMbeje-f2t,"Euphoria already did the job on the beef,then Not Like Us was an add-on🔥🔥🔥🔥",5,0,2026-09-07T17:49:26Z,2026-09-07T17:49:26Z
Ugwc8V_rR-_L4VJIB494AaABAg,@mrcool76789,you know it's an amazing song when everyone has different favorite lines,739,5,2024-05-01T05:59:36Z,2024-05-01T05:59:36Z
UgyhInmXbBAGAc2THbV4AaABAg,@Juicytyga,“When I see u stand by Sexy Redd I believe u see 2 bad bitches” IS CRAZYTTTTTTTT,13232,91,2024-05-06T00:02:29Z,2024-05-06T00:02:29Z
UgwvG0rphJmMirmxBuZ4AaABAg,@1holli_u,Remember when we all thought this was the most brutal diss track of all time 4 days ago? How naive we were 💀💀💀,998,6,2024-05-05T03:43:56Z,2024-05-05T03:43:56Z
Ugzt1ltAhvSoG8xmrQt4AaABAg,@M11ekTV,This aged beautifully he a streamer now 😂😂😂😂😂,34,2,2026-08-09T12:04:46Z,2026-08-09T12:04:46Z
UgwlNbbs5tRISbImDoJ4AaABAg,@GeckoZob,"Probably the song that aged the best in the beef

Drake suing kendrick confirms everything he was saying
No integrity, pure hypocrisy and no maturity",1377,12,2024-11-26T17:08:26Z,2024-11-26T17:08:26Z
UgwKyGD5brSKrvuI_yF4AaABAg,@MYBeats96,The way Kendrick said “let me see you PUSH A T” 😂😂😂,549,3,2024-05-08T16:21:39Z,2024-05-08T16:21:39Z
UgwvC2RyHXijtCBWMHB4AaABAg,@1holli_u,"""I like the Drake with the melodies. I don't like drake that acts tuff.""

Even Kendrick misses old Drake. Same 😭😭😭",453,2,2024-04-30T19:07:43Z,2024-04-30T19:08:06Z
UgyUj1xmPXs10GivBgl4AaABAg,@Zahratalnoor,After listening to assman this is so fun to listen to bc kdot predicted drake moves from 2 years ago,144,0,2026-05-16T02:18:38Z,2026-05-16T02:18:38Z
UgymcRbmK4v86v-NG9l4AaABAg,@ssquillyy,J Cole is frolicking in fields and smelling roses rn,469,3,2024-07-09T20:25:16Z,2024-07-09T20:25:16Z
UgyWWi6-Fg4ROwIjJ1R4AaABAg,@naliway1871,"Respect for both the artists, Kendrick and K Dot.
😂😂",1307,11,2024-05-01T07:11:14Z,2024-05-01T07:11:14Z
UgxKR0om2CIWyTShEkJ4AaABAg,@_Coyote42-_,Kendrick starting his show with this song was brilliant and the changes he made with the lyrics were genius,421,1,2024-06-20T13:39:32Z,2024-06-20T13:39:32Z
UgzKNzlMXbnYJeDd_2d4AaABAg,@ampiireliz,I wish i could listen to this for the first time again 🥲,12,0,2026-09-09T13:08:53Z,2026-09-09T13:08:53Z
UgyZ4-VuEmdbkyBGqcZ4AaABAg,@demohunto3,This song is turning out to be the best damn track out of the saga. Aging like fine wine,5573,39,2024-05-29T05:01:03Z,2024-05-29T05:01:03Z
UgxKVFoddKkAvXSLE0V4AaABAg,@triple6__,"""Notice I said 'we', it's not just me, I'm what the culture feelin"" 

KING KENDRICK AINT NEVA LIE",647,5,2024-04-30T20:41:56Z,2024-04-30T20:41:56Z
UgyFJIXcto0uCsI5tHV4AaABAg,@NashKyalo,"It's been weeks and I still randomy shout, ""What is it? THE BRAIDS?""",3580,37,2024-06-04T15:47:19Z,2024-06-04T15:47:19Z
UgyCLdlhJMoCNgh6kqt4AaABAg,@lello2031,"This song really hurt Drake's feelings, you can hear it all over that new album. lmao",22,0,2026-05-15T07:56:53Z,2026-05-15T07:56:53Z
UgxEtfWRRBAYSWSadVN4AaABAg,@Painted.in.olandria,"The way he says ""IM WHAT THE CULTURE FEELING"" ! too perfect. im so glad i saw this go down in real time🔥",1811,6,2024-07-09T20:35:39Z,2024-07-09T20:35:39Z
UgzeIEZkblelzZew2c94AaABAg,@kingjaygo,Kendrick is living proof that hiphop isnt dead 💯,1916,9,2024-05-13T22:37:31Z,2024-05-13T22:37:31Z
UgytgSHOp-wdjJZp-vR4AaABAg,@lakkebawz,What I love about this song is that Kendrick starts off with some light burns and gets progressively more vicious and personal as the track progresses.,1033,10,2024-04-30T23:00:00Z,2024-04-30T23:00:00Z
UgxTJqRCDtdVBIjT4154AaABAg,@Kuno_Zreign,Damn it's been 2 years 😂... Drake made me come back here,33,2,2026-05-17T18:54:37Z,2026-05-17T18:54:37Z
Ugy5un8QSO0l_9m3ZBR4AaABAg,@Sampson_Matt_,"WHAT IS IT THE BRAIDS????

This will forever be hilarious",438,1,2024-05-12T20:51:56Z,2024-05-12T20:51:56Z
UgwTEWCR598GzpZ9Kgl4AaABAg,@YourMazzter1,WHAT IS IT THE BRAIDS!??? Been living rent free in my head 😂 Kendrick is so effortlessly funny man.,2322,18,2024-05-06T17:36:43Z,2024-05-06T17:36:43Z
Ugxt0-fADl2NTQX9vfx4AaABAg,@KswiftRob,"That ""pusha TEE"" line legit gotta bigger laugh out of me than any comedy special ive seen recently. Kdot IS THE GOAT",4945,52,2024-04-30T17:57:37Z,2024-04-30T17:57:37Z
Ugz9wVYffJeh4KTe9Ld4AaABAg,@SwordsAndWars,THIS SHIT STILL INSANE 2Y AFTER 😭😭,13,0,2026-09-05T02:44:35Z,2026-09-05T02:44:35Z
UgzTiPo6Pz3l0JCZxkl4AaABAg,@RavenBee,"The craziest thing about this is you can see the switch when drake stoops low and talks on family. This diss compared to meet the grahams and not like us is almost lighthearted, he warned him “don’t speak on the family”",6014,30,2024-05-05T18:49:39Z,2024-05-05T18:50:44Z
UgyxKTpsQR4_Hz6yX4B4AaABAg,@vanesamartinez.,Kendrick calling Drake a Bad B took me out 😂😂😂😂😂,27671,133,2024-04-30T15:29:14Z,2024-04-30T15:29:14Z
UgzvL0_oz4zXfO60yst4AaABAg,@christophercanadate2566,"""When I see you stand by Sexy Redd I believe you see two Bad Bitches""... Drake proceeds to make a song with Sexy Redd",2493,26,2024-05-24T19:30:42Z,2024-05-24T19:30:42Z
UgzplOE0KOccGQnqhLJ4AaABAg,@Éozoio1027,1:00 wtf kendrick you are the best,45,2,2026-07-14T00:54:09Z,2026-07-14T00:54:09Z
UgyLkDdqgPOJXyJMrWB4AaABAg,@nunuslimee,“What is it? THE BRAIDSSS?!??”,3771,15,2024-05-21T23:35:00Z,2024-05-21T23:35:00Z
UgyuKNhX4Xkys4zBdMx4AaABAg,@Erinspeedy,I don’t think people understand how hard this track really was. Straight up menacing. HIT EM UP STYLE,1830,26,2025-02-20T02:56:00Z,2025-02-20T02:56:00Z
UgxSrfD-ab75yh9VVSt4AaABAg,@truebasner,"This man is making it hard to take other rappers seriously, pen too godly",1061,6,2024-05-02T07:54:06Z,2024-05-02T07:54:06Z
UgwuQOJXpUFkh67zmlZ4AaABAg,@Cyber_p3nguin,Easily the most replayable track of the beef.,88,8,2026-05-24T14:14:34Z,2026-05-24T14:14:34Z
Ugx_b5tt3H5k1TBvdaV4AaABAg,@CorniyaTV,"“Smoking on top 5’s, stop playing i’m that guy”
-Kendrick",412,1,2024-04-30T17:45:28Z,2024-04-30T17:45:28Z
UgxCeD53MvtJVKFEoBR4AaABAg,@pasunepomme,"""If you take it there / I'm taking it further / (psst! that's something you don't wanna do)"" is hitting different on relisten. Goodness. He didn't lie.",1269,3,2024-05-05T06:31:04Z,2024-05-05T06:31:04Z
Ugyv3fCCiZGmJ0jlE0J4AaABAg,@zintlemakeleni2906,Lebron sitting somewhere memorising these lyrics😂😂,917,19,2024-04-30T18:43:27Z,2024-04-30T18:43:27Z
UgwlCTM9jFqGOxS4vad4AaABAg,@LuizianaKing,Ok back to reality now. Don't know what those 3 phases were but its definitely the braides😂,18,0,2026-05-16T04:56:08Z,2026-05-16T04:56:08Z
UgzhWVpLihYVS8WsXdl4AaABAg,@PgLangGang,I know Cole took a nice lil stroll thru the park whistling and shit after hearing this.😂,799,10,2024-05-01T22:20:35Z,2024-05-01T22:20:35Z
UgwEFSR9xNgBjitWGz54AaABAg,@blugamble,"I revisit this song 4 or 5 times a week, just to relive the moment Kendrick distinguished the difference between a rapper and a entertainer",945,11,2024-07-07T04:10:09Z,2024-07-07T04:10:09Z
UgzF2xI2P1tuyLcXFqp4AaABAg,@lindsaymonroe567,"Pusha T made Drake be a father, Kendrick bout to make him be a BETTER father 🤣🤣🤣🤣🤣",405,2,2024-05-01T06:00:36Z,2024-05-01T06:00:36Z
UgyByT5troKdN05I6Rl4AaABAg,@LuizianaKing,"Can we give this guy another Pulitzer for this?? Seriously, this song is aging like fine wine 😂",19,1,2026-05-19T19:56:20Z,2026-05-19T19:56:20Z
UgzeKo8B4C3Gdu-RwUx4AaABAg,@i._.Chabota,"""How many black features till you finally that you're black enough "" 🔥      Rick Ross definitely 😂 gotta love this",4864,31,2024-04-30T15:47:54Z,2024-04-30T15:47:54Z
Ugyu6LNPTbnKaAVTknh4AaABAg,@blizziboitv,Remember they tried to gaslight us into thinking this was wack ?,757,15,2024-07-21T21:21:44Z,2024-07-21T21:21:44Z
UgyiKGdeC0F-MQWaDVR4AaABAg,@YoungSolo191,"3 weeks later, and this man still killing Drake 🤣🤣🤣",911,6,2024-05-24T23:58:29Z,2024-05-24T23:58:29Z
Ugw5NEvHmbRX4xacCG14AaABAg,@jafarisfar,Draka was definitely listening to this in the dark for 2 years lmfao,24,1,2026-05-16T10:17:01Z,2026-05-16T10:17:01Z
UgxBOWl_EitTmYrIzhl4AaABAg,@Vero_Smittty,2:44 The fact that Melly said he’s “honored and appalled” by that bar makes it that much better 😭,526,3,2024-12-27T19:53:03Z,2024-12-27T19:53:17Z
Ugzz2gjfG2wSaa5Hx8h4AaABAg,@woahwoah2207,"As much as all these disses are great, THIS is the one that made me feel like rap was back. I ain't been this hyped in years.",2199,16,2024-05-06T03:26:32Z,2024-05-06T03:26:32Z
UgxvJGwBCi4tdjovW2x4AaABAg,@imaspacecreature,This shit legit gets better and better each listen. Final Boss vibes.,16024,70,2024-05-03T01:31:52Z,2024-05-03T01:31:52Z
UgzK5z3SuxiK7SIlqPd4AaABAg,@cooki2323,What is it the braids? Seems like euphoria was Drakes favorite from the beef that one lives rent free,13,0,2026-05-15T16:03:26Z,2026-05-15T16:03:26Z
Ugzr8nTHzrWZVSihjhJ4AaABAg,@kelvinfootball1394,"Not many people know why Kendrick was saying shoo shoo when the 2nd beat dropped. This is how you drive birds away, in this case owls😂",735,10,2024-07-10T11:34:27Z,2024-07-10T11:34:27Z
UgxINSl62alZfG3iDNV4AaABAg,@sygmeister,That Pusha T line was vicious. This track reminding everyone why he is the boogeyman.,496,7,2024-04-30T17:42:08Z,2024-04-30T17:42:08Z
UgxUzhCZfx4AFeEKqNV4AaABAg,@D_Lux,"“When I see you stand by Sexy Red, I believe you see two bad bitches” 😭🤣🤣😂😂🤣🤣😭🤣",11988,107,2024-04-30T16:04:17Z,2024-04-30T16:04:17Z
UgwjYU-J8AXkQRVCeyd4AaABAg,@SilverTonguedSwordfish,"The energy in this track is forever immortalised, so fucking good man",53,0,2026-05-16T12:38:35Z,2026-05-16T12:38:35Z
UgwJAwIULmJhkuK7VpR4AaABAg,@stuartmccleary,“Tommy Hilfiger stood out but Fubu never been in your collection!” Such a slept on bar. Said you never been part of the culture stop frontin,4286,47,2024-05-03T16:00:51Z,2024-05-03T16:00:51Z
UgxyfHVWbjC0r7n_iT94AaABAg,@UHOH_415,“Give me Tupac ring back and maybe I’ll give you a little respect” -Kendrick Lamar,2468,40,2024-06-20T03:26:13Z,2024-06-20T03:26:13Z
UgxapKOBlZ8e6TmM7tp4AaABAg,@tyronedouglas3556,"""There's no accent you can sell me""  man went full DMX on him too 🔥🔥👌",494,9,2024-04-30T19:57:29Z,2024-04-30T19:57:29Z
UgwVIHfehCQGrt1wRel4AaABAg,@MABIDAXYT,😭this song had the lightskinned  spiraling,35,0,2026-05-16T06:49:18Z,2026-05-16T06:49:18Z
Ugx9p1sT-q3dwz7ZPbx4AaABAg,@TheLoneMaverick,"""It ain't just me it's how the culture feeling""

Best bar all year.",400,2,2024-05-01T15:01:43Z,2024-05-01T15:01:43Z
UgwZxldEvqWk59Euw3B4AaABAg,@urosandric2318,"""His daddy a killer, he wanna be junior, they must have forgot the shit that they done dementia must run in his family, but let it get shaky, I PARK HIS SON""
masterclass lyricism.",628,7,2024-06-24T21:44:10Z,2024-06-24T21:44:34Z
UgzvLbbqfAro0ModUl94AaABAg,@ReesePieces4096,Bro took away his N-word pass 😭,3183,29,2024-04-30T16:55:03Z,2024-04-30T16:55:03Z
Ugwj8lBV1xjvfllsKGR4AaABAg,@JoshuaVillavicencio-j9u,"Showed dmx love “I hate the way that you walk, talk , dress “ lmfao rip dmx but that was funnnyyyy",5,0,2026-09-02T19:48:14Z,2026-09-02T19:48:14Z
UgwKqw9KwoYMSQEUagN4AaABAg,@alejandroserrano7755,There are truly so many layers on this diss. Like its crazy how every single bar on here is a diss.,2171,44,2024-05-01T16:29:05Z,2024-05-01T16:29:05Z
Ugydc_nyf7_s7QmD8zp4AaABAg,@AOKP,Kendrick making fun of the Toronto accent is everything i needed lmao,492,6,2024-04-30T22:44:18Z,2024-04-30T22:44:18Z
UgyMCEGxMQfdBChV8yh4AaABAg,@VRSTYNYC,‘Don’t tell no lies about me and I won’t tell truths about you’ is gonna go down as the most prophetic line of 2024,3455,28,2024-05-12T19:47:42Z,2024-05-12T19:47:42Z
UgzJMiMNj-osJeu42b54AaABAg,@JAY4VR,"“How many more fairytale stories about your life, until we had enough?” 3:25",32,0,2026-05-15T18:15:23Z,2026-05-15T18:15:34Z
UgyFbKY9T7V3WwSOlMV4AaABAg,@youngmomoyake88,I'm listening to all Kendrick's disses like its an album. 😂,923,14,2024-05-07T03:45:18Z,2024-05-07T03:45:40Z
Ugx_UkLJSeomqls9LZt4AaABAg,@destinystarr3837,"Kendrick has to win some awards for this song alone. All of his disses were incredible, but this one is special. A masterpiece.",1982,20,2024-05-14T12:28:50Z,2024-05-14T12:28:50Z
UgxBdCG-uSEmvYWgNUR4AaABAg,@aidanrogers6767,"""Headshot for the year you better walk around like Daft Punk"" damnnn 😂 🔥",538,3,2024-05-05T00:52:00Z,2024-05-05T00:52:00Z
UgzJZ59q-vNX0pkiIOJ4AaABAg,@lobsteronholiday,Drake still ran to Atlanta. Damn. Kendrick did major damage.,38,0,2026-05-16T21:28:09Z,2026-05-16T21:28:09Z
UgxV0lXqAy5Alkbk7dd4AaABAg,@Tyler31x,"producer: we have 3 beats wich one u want? 
kendrick: i want them all.",934,15,2024-04-30T19:49:59Z,2024-04-30T19:49:59Z
UgwS1dKuVknsCVBqzX14AaABAg,@ygswrd,"""Yeah, f all that pushin' P, let me see you push a T"" 💀💀😭😭😭",401,2,2024-04-30T17:16:49Z,2024-04-30T17:16:49Z
UgwuFn_rbntVaGHHjkB4AaABAg,@lunarrhythmia,HE CAME WITH 3 SWITCHES 🗣🗣🗣🗣🗣🗣😭😭🔥🔥🔥🔥,458,3,2024-04-30T20:55:33Z,2024-04-30T20:55:33Z
Ugywub247RLOhlUBW554AaABAg,@Buildherup-w3b,Well this aged well...,27,1,2026-05-19T15:36:33Z,2026-05-19T15:36:33Z
UgwCDoJDVAB4OkaD3d94AaABAg,@marcusr1257,Who still coming back to this song and appreciating more?,931,15,2024-05-22T00:21:23Z,2024-05-22T00:21:23Z
UgxX2NHB0LPJG0MIeyd4AaABAg,@stockstalker1071,"J. Cole is looking brilliant for bowing out, gracefully. 😂",447,5,2024-05-01T11:55:22Z,2024-05-01T11:55:22Z
Ugy0M8FVV2TV5xivhg54AaABAg,@dudeytx,Him rapping in different voices is mad impressive.,387,7,2024-04-30T19:09:01Z,2024-04-30T19:09:01Z
UgwCikFybM3GOKC_bR14AaABAg,@wamymartins8435,"D- Don't
R- Rap
A- Against
K- Kendrick
E- Ever

Nga is suing everyone BUT Kendrick😂",18,1,2026-05-22T22:48:44Z,2026-05-22T22:48:44Z
UgxulBXJL3RvqdHIpf14AaABAg,@plummeted,"Kendrick on Like That
“I hope they came with 3 switches”
Then proceeds to rap on 3 beat switches on Euphoria.",637,9,2024-04-30T16:56:48Z,2024-04-30T16:56:48Z
UgzKpuKoV0d32QSw9jR4AaABAg,@LosAngelesMade,I’m still listening to all four diss track every morning like it’s coffee and tea,2619,30,2024-06-02T02:19:20Z,2024-06-02T02:19:20Z
UgzlUpx_7wNyqyCrZyJ4AaABAg,@Bacononahero27,"Might be an unpopular opinion but I think euphoria is just as much of a banger as not like us, like if I was at a function and I heard “them superpowers gettin neutralized…” I would lose my shit",1072,10,2024-05-27T09:05:00Z,2024-05-27T09:05:00Z
UgxbozV32gUHuy0SiGJ4AaABAg,@Jamanipage,Who’s here in 2026? 😂❤ I love listening to this everyday fr this is so slept on 🔥 😊,10,0,2026-08-16T09:02:17Z,2026-08-16T09:02:17Z
UgzIrmCJ3NLXIrAW2-t4AaABAg,@lil-soda-boi,And he drops it on his MAIN ACCOUNT... Fuck a leak!!! 😤,38582,94,2024-05-01T08:38:59Z,2024-05-01T08:38:59Z
Ugx8nh6HkihXiCwGtaN4AaABAg,@kokikodevereaux4932,You can't imitate that violence is one of the most underrated bars and encapsulates the whole point.,459,5,2024-05-14T12:55:24Z,2024-05-14T12:55:24Z
UgyLU_uzeN9B3y64Brl4AaABAg,@Manidekman,"That annoyed ass ""what is it the braids??"" Has me dying at random hours of the day dog lmao like he's really tryna figure out where it all went wrong with Drake why he started talking tough",389,7,2024-05-16T19:32:50Z,2024-05-16T19:32:50Z
UgyoBwfQltnsydJ19kt4AaABAg,@scrabgame1268,"Let’s all be real, it was over after this. The rest of the beef was the directors cut 😂",13,0,2026-07-24T12:59:12Z,2026-07-24T12:59:12Z
UgyYdA5IUx49cSGgD7N4AaABAg,@nikoa2411,Coming back to this masterpiece again after Kendrick's concert,1740,13,2024-06-20T01:48:35Z,2024-06-20T01:48:35Z
Ugx0Lb-O5tGZksTUXVp4AaABAg,@tshepofistosbw,"""I got a son I'm tryna raise but you don't know nothing bout that"" 😂😭🔥 total knockout",570,14,2024-04-30T21:05:17Z,2024-04-30T21:05:17Z
Ugwtv_uD6hPiglrmZfB4AaABAg,@RyzeSun,Kendrick just solidified his place in West Coast & Hip Hop History 🔥,1196,10,2024-05-11T04:02:23Z,2024-05-11T04:02:23Z
UgxVv12WXGENbM_Qfa54AaABAg,@saveragelivevlogs,Whos here after listening to those sorry ass ICEMAN albums 😂😂,26,1,2026-05-15T11:55:38Z,2026-05-15T11:55:38Z
UgyjBoMHf-UwQIsttk54AaABAg,@enwerkoopman650,A MONTH LATER AND STILL BANGING THIS ON A DAILY,1485,13,2024-05-28T23:05:36Z,2024-05-28T23:05:36Z
Ugzn1KFg7E4XPogNJqh4AaABAg,@georgeorweIII,"This isnt a rap battle no more, its the truth,poetry and brutality disguised in music!",1443,6,2024-05-04T11:08:14Z,2024-05-05T09:44:55Z
UgyFCia1yfaLufzB7kp4AaABAg,@KyTheCultureGawd,I lowkey think this was the best diss in the battle,5000,96,2024-05-19T20:15:34Z,2024-05-19T20:15:34Z
UgwUSbhpsczJ4mEwhuF4AaABAg,@ODDIe-td6qv,Who's back after watching him bark for a 20 year old,18,1,2026-08-13T18:17:55Z,2026-08-13T18:17:55Z
UgzjR74mk0CLRDVfHl54AaABAg,@orangeshadow_,Kendrick dropping a diss on a random Tuesday just made my day 🙏,24249,85,2024-04-30T15:35:32Z,2024-04-30T15:35:32Z
UgxNf8DRPcAmZ2Cy6254AaABAg,@acecarter7569,2 months later and I still think its the braids,5929,62,2024-06-12T16:42:27Z,2024-06-12T16:42:27Z
UgwkHyrkxOtP-t-4KY14AaABAg,@TheJoshJman,"Kdot makes 6 minutes go by quick, I didn’t want the diss to stop",1257,10,2024-05-01T22:23:40Z,2024-05-01T22:23:40Z
UgyYOXcDkzgcI_H_E0R4AaABAg,@nobody7204,This one song still mogs Drake's new albums,28,0,2026-05-16T20:04:07Z,2026-05-16T20:04:07Z
UgzA4poBEoZiEd6p2Jp4AaABAg,@bigman6781,"That Joe Jackson line, the Teddy P beat, the accent, the N word revoke, the shout out to DMX. Drake got Black history lesson and his Black card revoked back to back.",1139,19,2024-04-30T21:51:34Z,2024-04-30T21:51:34Z
UgyDrwlGruAvUQxd6eR4AaABAg,@ayandadiego,"Once Kdot starts doing his crying flow just know you're done.

Edit: I knew this song was the kill shot!",1212,19,2024-05-03T06:42:11Z,2024-05-17T09:53:15Z
UgxCJr52iUovQMTkncF4AaABAg,@VisionOnYT,""" How many black features until you FEEL black enough "" 🔥🔥",404,8,2024-04-30T21:26:49Z,2024-04-30T21:26:49Z
UgxNfHYyNPtYkhb-Vex4AaABAg,@souperpouperscouper,This song deserves to be in a museum bro,16,0,2026-08-07T21:50:10Z,2026-08-07T21:50:10Z
Ugy1lwHJbwjQMqoaT0p4AaABAg,@Exotic_Exodus,Whos here because the not like us music video got deleted and hin also reuploading luther?,710,23,2026-05-11T19:41:45Z,2026-05-11T19:41:45Z
UgweWVUa0dnwSQdrx594AaABAg,@Oakshawn,"""Yachty cant give you no swag neither ion give a fucc bout who uu hang wit"" 😂 . King Kendrick",1728,18,2024-04-30T17:10:57Z,2024-04-30T17:10:57Z
Ugz4E9g91C6NWwfuAU14AaABAg,@kevvka_,“When I see you stand by sexxy red I believe you see two bad bitches “ lmfaooo kdot up,10153,107,2024-04-30T16:29:38Z,2024-04-30T16:29:38Z
UgyW1mBjTjtucFrUsZd4AaABAg,@AUSHTEEN,Glad we all decided to come back here today,20,0,2026-05-15T15:32:19Z,2026-05-15T15:32:19Z
UgzSGRV1ajAMR-VZrfJ4AaABAg,@maluse227,"I listened to all these in reverse order, and, omg, Kendrick seems to be genuinely kind here. Not to mention everything he foreshadowed in DRAKES RESPONSE.",1362,14,2024-05-04T22:43:54Z,2024-05-04T22:43:54Z
UgyZbBQd8ZfjCfgEZ6x4AaABAg,@TechOutAdam,"BABY GURLLLL!!! 

5-25-26 edit: Yeah, this song just doesn't hit at all after Iceman came out.",2779,15,2024-07-16T17:55:18Z,2026-05-29T17:30:43Z
UgwDxW17kNZj-jpQ5sl4AaABAg,@liftwithTB,It’s become a morning ritual to listen to all four diss songs to start my day off right,833,11,2024-05-30T11:55:25Z,2024-05-30T11:55:25Z
UgxGbCU3fomw2ZUe71V4AaABAg,@TylerBeats1234,"you guys didnt want to admit this at the time, but this was the best song from the kendrick and drake beef. the only reason why not like us got popular was because kendrick called drake a pedophile, this song deserved not like us’s popularity",12,0,2026-07-25T06:41:34Z,2026-07-25T06:41:34Z
UgzuM-2lghzEaEiv1T54AaABAg,@fg3096,"The more I listen to this, the more I realise it's the best diss out of all of them.",1239,19,2024-05-12T00:34:16Z,2024-05-12T00:34:16Z
Ugzv0Ubb6n1PmmyQd-h4AaABAg,@Passport-2-Purpose,"They said that the song has no replay value,  yet I can't stop listening to it. 😂",446,10,2024-05-02T15:40:34Z,2024-05-02T15:40:34Z
UgxlB5O9feMZzGf41td4AaABAg,@airrejp,kendrick just snatched his whole n word pass😭😭😭we all witnessing hip hop history,389,7,2024-04-30T21:16:11Z,2024-04-30T21:16:11Z
Ugy95CDCyGDm77rhIvx4AaABAg,@freelanceaccounts4005,couldnt even be a canadian after this 😭😭😭😭,7,0,2026-09-05T22:04:37Z,2026-09-05T22:04:37Z
Ugx4FrHT9ySdMjxNdP94AaABAg,@Flash_0410,20 ghost writers vs 1 Kendrick 😂,5121,63,2024-05-26T22:27:20Z,2024-05-26T22:27:20Z
UgzIPjeL7MJfsosOQEZ4AaABAg,@dokessezeaka5159,"“When you see sexy redd, i believe you see 2 bad bitches” when i tell you my eyes BUGGED out😨",937,14,2024-05-09T18:37:35Z,2024-05-09T18:37:35Z
UgzD1vyVgLbfVvUFN2d4AaABAg,@Golden_Miles_Travel_Agency,"""I have a son to raise but you don't know nun about that"" ☠️🤣🤣 Cold!",444,6,2024-04-30T17:38:49Z,2024-04-30T17:38:49Z
UgykdmN55ped8JbdN5B4AaABAg,@prudencekawanza,Can't get enough of this masterpiece,13,0,2026-08-30T02:18:04Z,2026-08-30T02:18:04Z
Ugwl6sQzASGt6UJF09x4AaABAg,@Junubiah,"""WHAT IS IT? THE BRAIDS!??"" 😂😂😂😂😂😂😂😂",1548,23,2024-05-07T10:00:31Z,2024-05-07T10:00:31Z
UgyO2Gy8jHZMU4ROnkt4AaABAg,@Mes-dw5im,This makes J Cole decision look genius 😂,357,7,2024-05-01T15:22:26Z,2024-05-01T15:22:26Z
UgwT4WI6Xy4Dm11n8aB4AaABAg,@SkywalkerG1o,This is insane lyricism for a feud rap,776,8,2024-05-01T14:36:17Z,2024-05-01T14:36:17Z
UgxWuiyHbuFJ6o7ffCl4AaABAg,@mxavier91,Who’s here after iceman😂,39,2,2026-05-15T17:38:34Z,2026-05-15T17:38:34Z
UgzZ7YOz1lMUULzBIAp4AaABAg,@megaborngreat,"""But don't tell no lie about me, and I won't tell truths about you"" 🔥🔥🔥 🙌🏾🙌🏾🙌🏾",481,4,2024-04-30T23:17:26Z,2024-04-30T23:17:26Z
Ugxy8RxqOWi7LeM8Kl14AaABAg,@NonfatBleach,"“cole and aubrey know im a selfish nigga the crown is heavy, i pray they my real friends if not im YNW Melly” is the hardest bar of this whole song",1524,29,2024-04-30T19:01:48Z,2024-04-30T19:01:48Z
UgyOMHvvQnN-iE_f09J4AaABAg,@drizzyge,Coming back after listening to Not Like us. You can sense how confident he really was this whole time. He was 5 steps ahead the whole time. Baited him perfectly,6253,45,2024-05-05T07:13:35Z,2024-05-05T07:13:35Z
UgyTyvLRlE_aHh4Gp794AaABAg,@edmondmochia9606,"Euphoria over Not like us
Damn that was some serious CIA intel there",11,0,2026-05-15T22:57:47Z,2026-05-15T22:57:47Z
Ugy9yqbNweoh9aDrjHd4AaABAg,@MoistBeastpewdieplier,"Thank you, Kendrick, for showing them what real hip hop is.",409,2,2024-05-03T14:51:36Z,2024-05-03T14:51:36Z
UgzyBZHOYLiKADVh3ox4AaABAg,@jayez8725,"“dementia must run in his family but let it get shakey, I park his son” .😂😂😂",605,46,2024-06-16T03:31:47Z,2024-06-16T14:58:44Z
Ugzapc_EkwEKB_tzBgZ4AaABAg,@singstar828,"The depth of the bars, the artistry, and the way this brought the community together dissecting this shit is hip hop fr. Them spoonfed bars don't give you this kind of reaction this is insane 🔥",480,2,2024-05-02T21:45:01Z,2024-05-02T21:45:01Z
Ugy3nWa-k1rG25oXUVV4AaABAg,@cupidtradesYT,this song gone age well with time.,26,0,2026-05-16T06:34:24Z,2026-05-16T06:34:34Z
UgxU8VbdeOABJ9fZ8tV4AaABAg,@liszst,It’s so good 😭 I keep coming back to this… probably my fav out of all the disses tbh,466,4,2025-02-25T00:12:12Z,2025-02-25T00:12:12Z
UgwMDGGfMbJyhsS-scF4AaABAg,@Dezbo,Crazy to think if Cole didn’t say “we the big 3” that none of this would’ve happened,460,9,2024-05-01T00:53:54Z,2024-05-01T00:53:54Z
UgwCwQPtDkif1iDbe8d4AaABAg,@mobco4irzn,This goes hard😂😂😂its the funniest and hardest diss ive heard in a while😂😂. Kendrick was surgically diagnosing Drake here lol,1692,14,2024-05-02T18:44:44Z,2024-05-02T18:44:44Z
UgxBZ3XfSCOYmRV50TV4AaABAg,@VincentJohnson-r6s,cant believe how long ago this was,8,0,2026-09-04T18:08:36Z,2026-09-04T18:08:36Z
Ugw9WmAYCqCxQV-bESN4AaABAg,@thakidfloe,Who came back after the lawsuit was dismissed?,446,11,2025-10-09T20:38:02Z,2025-10-09T20:38:02Z
Ugz27Kw4TXNQ-ZvvqOx4AaABAg,@AdDasHol01,"""when I see u stand by sexy red, I believe you see two bad bitches"", Dot wild 🤣",414,2,2024-04-30T20:52:59Z,2024-04-30T20:52:59Z
Ugz8-Yy6uclDHO6-CkB4AaABAg,@R4nd0moooo,3 beat switches in one song is still insane,455,9,2024-06-29T06:29:41Z,2024-06-29T06:29:41Z
UgyITOO4pc1dF4Yk7rZ4AaABAg,@amogussex9921,"After listening to some of the songs from these 3 new albums, I’ve come to the conclusion that this is the song that got to Drake the most.",14,1,2026-05-15T15:21:15Z,2026-05-15T15:21:15Z
UgwbQy_QYq2V7aZMO4d4AaABAg,@sh4d3z95,Pusha T smiling to himself like the Joker after hearing this 😭😭😭,681,11,2024-04-30T21:35:36Z,2024-04-30T21:35:36Z
Ugzou-PGSUSBiRGcQsB4AaABAg,@charlesgill356,"EUPHORIA was enough.   He murdered on this track,  Didn't even need  the other three murder weapons...",2287,34,2024-05-08T02:16:43Z,2024-05-08T02:16:43Z
UgwBbgZfA7cqXcuS2B54AaABAg,@eddieogun,"This is the best joint out of the ENTIRE ""beef""",718,8,2024-07-23T15:27:45Z,2024-07-23T15:27:45Z
UgyVoHzIBWUum_Na3Nd4AaABAg,@danomegadetractor,Some say that drake dropped 3 albums to respond to this diss,14,1,2026-05-19T13:17:50Z,2026-05-19T13:17:50Z
UgziWRipkod_BLDTbxN4AaABAg,@leetshidi7072,"""I make music that electrify 'em, you make music that pacify 'em"" - Kendrick Lamar 2024",402,2,2024-05-05T06:12:46Z,2024-05-05T06:12:46Z
UgxS70OB1VgYJPvmNLJ4AaABAg,@LemonRaspberryLoaf,"J Cole somewhere on that bike with the wind against his face feeling grateful. 

Bless.",392,11,2024-05-01T14:00:48Z,2024-05-01T14:00:48Z
UgzopvahwCbldZyZlod4AaABAg,@newbiezyoungx,The beat switches 3 times.. he really came out with 3 SWITCHES foreal... 🔥🔥🔥 💯💯,459,7,2024-04-30T23:44:54Z,2024-04-30T23:44:54Z
UgxkWNZlFQBqMx2hXRJ4AaABAg,@jgb335,Mannnn Drake been trying to copy & paste since Nokia 😂,13,0,2026-05-16T01:14:40Z,2026-05-16T01:14:40Z
Ugzy6BMRJOl69ie9XwR4AaABAg,@reculture,"""and notice, I said 'we', it's not just me, I'm what the culture feelin""

That was THE line that did it for me. The layers of build up leading up to it and then landing on that statement with such a delivery made Kendrick a winner IMHO right then and there.

Seeing him solidify that statement with his Pop Out performanse was something truly beautiful and heartwarming.",926,14,2024-06-22T21:24:25Z,2024-06-27T00:12:25Z
UgxdXerCBhQw-7VTZPF4AaABAg,@FunTimeMunchies,"""Ain't 20v1 it's 1v20 I gotta smack people that write with you"" 😂😂🔥",845,7,2024-04-30T18:19:15Z,2024-04-30T18:19:15Z
Ugzyqdstc3CJjqOplAV4AaABAg,@deonrajpaul8707,That dmx reference “ I hate the way u walk the way u talk “ when dmx was shitting on drake on the breakfast club 🔥🔥🔥🔥🔥🔥🔥🔥🔥🔥,367,7,2024-04-30T18:35:15Z,2024-04-30T18:35:33Z
UgwFA8QOIXnvokzhmzh4AaABAg,@PLNChaos28,one of the biggest direct diss tracks of all time.,11,0,2026-05-19T03:40:46Z,2026-05-19T03:40:46Z
UgwWOq-yPTmIPXWC0dR4AaABAg,@teew851,This is the greatest song to come out this battle. An absolute master piece. Foreshadowed everything that ended up happening.,1943,14,2025-02-07T01:49:08Z,2025-02-07T01:49:08Z
UgwOqQX5PuVQkDDXgRd4AaABAg,@tsoreo_m,That Daft Punk line is so underrated.,578,16,2024-05-01T01:43:13Z,2024-05-01T01:43:13Z
Ugze5oIr-E9J-q1HIqF4AaABAg,@DexterMorgan133,"3:52 the sudden beat change is actually crazy, makes kendrick sound like an actual villain",864,10,2024-06-24T23:55:26Z,2024-06-24T23:55:26Z
UgxR3BKlGVAWM9DlJz54AaABAg,@ceqmate,"This track was the true dagger in the battle, not like us was just Kendrick dancing on the grave",7,0,2026-08-16T22:56:44Z,2026-08-16T22:56:44Z
Ugz7Lh8ggawdyUbu3-R4AaABAg,@Stickyknot,This song was so slept on because of “Not like us” but this shit was way fuckin’ better most def!,654,10,2024-05-16T17:45:24Z,2024-05-16T17:45:24Z
UgxoKQlV934WGbxVV5Z4AaABAg,@LordHaveMurcielago,The UMG response made me return to listen to this masterpiece of a response. Shhheeeeeeesh!!!,418,2,2025-03-17T22:37:46Z,2025-03-18T00:17:48Z
UgyUbJN4j4borTsWo6p4AaABAg,@babymetal7531,"""Fabricating stories on the family front cuz you heard Mr  Morales"" Kendrick really knew what was going to happen 😭",337,6,2024-05-07T08:45:27Z,2024-05-07T08:45:27Z
UgwosVQ6GEvm6b3Xlt94AaABAg,@CrimsonSky-y9b,"The fact that 2 years later Kendrick is still in Drake’s mind rent free so much the man made 3 albums talking about it, and they aren’t even  good. 😭",7,0,2026-05-27T19:39:01Z,2026-05-27T19:39:01Z
Ugx0zA2hqlVMeWQOVSp4AaABAg,@Wakanda5515,J.Cole was right to apologise 😅😂,574,14,2024-05-01T16:24:06Z,2024-05-01T16:24:06Z
UgyhuOyBFo9F0QYAY5l4AaABAg,@vmadhavan435,"Euphoria deserved the recognition that not like us received
Best diss in the beef
Just straight up bars and insane beat switches!",532,8,2025-03-09T03:54:24Z,2025-03-09T03:54:24Z
UgxApuKbx9TtkfSGrjN4AaABAg,@Raaja77,Meet the Grahams is a goatie song but man This EUPHORIA gotta be the best diss track written with all hidden meanings and clues,415,3,2024-06-16T05:39:32Z,2024-06-16T05:39:32Z
UgyoKex0GqphYqvHtR54AaABAg,@Actionjune,This song is better than the whole ice man album 😂,12,0,2026-05-15T04:22:02Z,2026-05-15T04:22:02Z
Ugz9QEKK7cCeIuZLt1R4AaABAg,@ShÃDöw-s-eye,I'm glad Cole stepped aside at this point 😂🔥,496,11,2024-04-30T17:50:58Z,2024-04-30T17:50:58Z
UgwC_CPrnttfQyLs4RV4AaABAg,@jedidiahgatei1532,5:20 He made a reference to the movie “Sixth Sense” and he started “Not Like Us” with the famous line from the movie “I see dead people”,824,11,2024-05-19T22:49:46Z,2024-05-19T22:49:46Z
Ugx4V3piKfqfh3l4oWJ4AaABAg,@irisf7639,this was the nightmare that j cole saw💀,754,13,2024-04-30T20:22:50Z,2024-04-30T20:22:50Z
UgyKwG0-4ZdH9fRnrtt4AaABAg,@luisfilipedossantos2850,"2 Years later, still my favorite BEEF Track. You betta walk around like DAFT PUNK.",12,1,2026-05-14T16:16:43Z,2026-05-14T16:16:43Z
UgyxDdtSqcuyzSA937d4AaABAg,@travishill8156,That daft punk line/beat change is so awesome. Chefs kiss!,401,4,2024-05-26T01:58:42Z,2024-05-26T01:58:42Z
Ugx2iltzT-woCpT-qiR4AaABAg,@tonymanno719,I just realized Drake executive produced the show Euphoria on HBO Max which the show is highly controversial for its under age sexual themes hence where Kendrick got the title and shots thrown at Drake for his underage thirsty behavior . K-Dot for the W!,482,4,2024-05-06T03:57:08Z,2024-05-06T03:57:08Z
Ugz7HwBnTYXVN9KQq3J4AaABAg,@IGotTheNewness,"“Let ya CORE audience STOMACH that, then tell em’ where you get ya ABs from!”

Dawg.. Dot is different!!!!! 😮‍💨🔥🔥🔥🔥🔥🔥",601,13,2024-04-30T18:46:34Z,2024-04-30T18:47:02Z
UgxvO__y8qNsfLZmV494AaABAg,@stanleezylegendary9369,Back after the ice melted😂😂,35,3,2026-05-16T00:46:40Z,2026-05-16T00:46:40Z
UgwTFiloaGsDQHmP94d4AaABAg,@YohannanDkhar,"They playing this on Indian radio. Drake's done.

""Drake's getting curried""- @forgetfulfunctor1  😂",1899,46,2024-05-28T05:44:59Z,2024-05-31T04:38:53Z
UgyOSu2wmQsI8F4zzj54AaABAg,@kynshii,"Kendrick is so layered that people are still dissecting his bars 2 weeks later and making more discoveries like his diss tracks are the fossils of a prehistoric beast level threat 
✍🏾📜🔥🎙️",475,8,2024-05-21T12:29:47Z,2024-05-21T12:29:47Z
Ugwe7LGDU--xzrmXMBR4AaABAg,@a_leaf,"Best FN Line ever 💯:.
""Don't tell no lies about me and I won't tell truths about you"".",902,8,2024-05-01T00:47:13Z,2024-05-01T02:51:06Z
UgzZAW-yoz6L8ctNnzt4AaABAg,@hopelessromanticcccc,"I hate the way that you sneak diss, if I catch flight it's gon be direct",8,0,2026-09-05T16:58:51Z,2026-09-05T16:58:51Z
UgwrvzbXP3Iz5rlsCiB4AaABAg,@mull4395,This joint is eerie listening back after all of it. Dot was really 10 steps ahead the whole time he literally predicted everything on Euphoria,2061,27,2024-05-07T03:22:41Z,2024-05-07T03:22:41Z
UgwRLwndiuutBUnyFhp4AaABAg,@Playbuilder47,2 months later and this still bumping 🔥,3461,51,2024-07-18T21:16:35Z,2024-07-18T21:16:35Z
Ugz1mA9DQ4DigxcOiFl4AaABAg,@free-booly,3 beat switches? kendrick blessed us fr😭😭,1619,17,2024-04-30T15:52:08Z,2024-04-30T15:52:08Z
UgwCtZ04qXcMLE4zmkp4AaABAg,@luyandajayjonsile2545,"""I hate the way you sneak dissing""😂😂yoooh.....let your core audience stomach that😂they shutting themselves",5,0,2026-06-11T18:52:48Z,2026-06-11T18:52:48Z
UgwESrKEgIeZnmpyt794AaABAg,@creakz42,7.8 in one day is crazy the culture clearly rocking with Kendrick,442,11,2024-05-01T17:49:01Z,2024-05-01T17:49:01Z
UgyYdNfcxMk7uxmLAuh4AaABAg,@prodbysoxx,Kendrick done broke YouTube's view counter 💀🔥,526,11,2024-04-30T16:39:00Z,2024-04-30T16:39:00Z
UgwGJPugZOLfuo4V0ZV4AaABAg,@DiTowers,HEADSHOT OF THE YEAR YOU BETTER WALK AROUND LIKE DAFT PUNK,695,3,2024-06-01T20:01:43Z,2024-06-01T20:01:43Z
Ugy8Thrw6Bn4rzPzc-R4AaABAg,@paulhermanns8636,"Producer: We need some adlibs.

Kdot: 👞👞👞",4,1,2026-08-26T12:43:15Z,2026-08-26T12:43:15Z
UgzmlCWatfDwmlWOBNp4AaABAg,@Carlhollis117,"THIS IS RAP!!!!!!!!
RAP AINT BEEN THIS EXCITING IN A LONG TIME I LOVE THIS SH*T!!!!!!!!!!!!",422,2,2024-04-30T21:23:27Z,2024-04-30T21:23:27Z
Ugwh19tsWI3POSUW3Yx4AaABAg,@TinyTitian,"You gotta come back and to let each punch line hit. The title, the track being 6 minutes dissing 6god, The track coming on a tuesday after euphoria got a award last tuesday, the fubu line saying drake was made by black people but hates black people, the dad diss, the DMX quote, the surgery rip, the him viewing woman as competition and being one rip, the taking of the n word pass. This shit is legendary.",692,13,2024-04-30T22:59:14Z,2024-04-30T22:59:14Z
UgzeMRcXdnaD_1mQOYZ4AaABAg,@mcblaloc,"Not only is Kendrick superior from a lyrical standpoint, a rhyming standpoint, a sheer energetic standpoint, and the authenticity factor... can we talk about his VOCALS??? This track alone is a rich tapestry of vocal experimentation and mastery. Drake simply could neverrrrrrrr",633,10,2024-07-01T06:14:10Z,2024-07-01T06:14:10Z
UgxCIUvqLGn6G21Mkc94AaABAg,@SwiftrunnerXXY,"I love how if you look back at the reactions at the time, everyone reacted to the ""We ain't gotta get personal, this a friendly fade, you should keep it that way"" line with a ""really?  Really, this is you being friendly?""

and then after Meet the Grahams, uh... yeah, no, this was in fact you being friendly.",4,0,2026-06-12T15:02:13Z,2026-06-12T15:02:13Z
UgyQWWuTQhs03XRoTtJ4AaABAg,@Oatskii,"Bro got Drake sweatin 
The lawyers sweatin 
OVO sweatin 
20 ghostwriters sweatin 
And probably all of Canada sweatin",367,6,2024-05-13T21:20:27Z,2024-05-13T21:20:27Z
UgwE1kkpMXxDd9g6V8N4AaABAg,@hehegahahah,3 insane tracks in 3 days is diabolical,729,8,2024-05-05T14:33:02Z,2024-05-05T14:33:02Z
UgxarTn3I3DapoZDc8Z4AaABAg,@thegamepeeper,This song hits even harder after seeing how the beef played out 🔥,458,4,2024-05-09T23:53:15Z,2024-05-09T23:53:15Z
Ugy-fBvBz2r6r7H04uZ4AaABAg,@billybutcher8584,My favorite rap beef .,4,0,2026-09-11T01:11:42Z,2026-09-11T01:11:42Z
Ugz8VemIoNtfpde-cLt4AaABAg,@rue-od5qz,"the way kendrick said he was “predicting drake’s angles”, proceeded to tell us what Drake was about to say and do, and then we witnessed Drake do just that never ceases to amaze me. Either the Drake leak was DEEP AF, this ngga Kendrick a damn psychic, or both.",820,9,2024-05-18T22:21:40Z,2024-05-18T22:21:40Z
UgwrxvsUnMGjSPfuZ4R4AaABAg,@brianhlp30,Everytime he raps he reminds me that I can’t ever properly prepare myself for his music. Shit it mind blowing. The talent is unreal.,640,13,2024-04-30T17:02:24Z,2024-04-30T17:02:49Z
UgwkBS3IJVizbMhfC6J4AaABAg,@misscollins7,Kendrick is a true lyricist and I love it 🎶👏🏾 The way that he switch up his voice to amplify the lyrics is flawless 🎶✊🏾,531,1,2024-05-05T02:11:43Z,2024-05-05T02:11:43Z
UgyinM1xEvIQZiogkyl4AaABAg,@Bepob,Crazy to see how well the opening verse ALONE holds up LMFAO.,5,0,2026-05-15T11:37:55Z,2026-05-15T11:37:55Z
Ugw0G6cX6UrOV-q2RsN4AaABAg,@DylanEkotto237,Most addictive diss song😂😂😂,1785,17,2024-06-06T21:09:23Z,2024-06-06T21:09:23Z
UgykrthJb9iSWHI2Hnt4AaABAg,@gehad.martinez,"More flows, more voices, more bars, more dynamic, more switches in styles in one song than other guys make in albums",844,13,2024-04-30T17:15:13Z,2024-04-30T17:15:13Z
UgwlAg42LBvEHu2a98N4AaABAg,@samanthaa4884,3 weeks now and i'm STILL bumping this shit,10999,114,2024-05-25T02:13:07Z,2024-05-25T02:13:07Z
UgyCgueO0K_sJmRno594AaABAg,@TexCowboy101,Kendrick lives rent free in drakes head.,14,0,2026-05-18T13:37:03Z,2026-05-18T13:37:03Z
UgwexYcCNKA4pPWhReF4AaABAg,@sunshineboy6876,One of the greatest diss songs ever.  It gets better every time you listen to it. Every bar in some way or another is directed at bbl drizzy. Kendrick killed that man,842,24,2024-10-02T13:01:51Z,2024-10-02T13:01:51Z
Ugx2jZ0z9bg4okAbG494AaABAg,@David-kf1vh,2wks later and I’m still jamming this sh!t,9939,120,2024-05-16T03:28:55Z,2024-05-16T03:28:55Z
Ugz7yxGBx6T2QrGZ2JZ4AaABAg,@timeflies313,This is why you let Kendrick take his time 🔥🔥🔥 Quality over quantity. Let him cook.,348,4,2024-04-30T17:24:13Z,2024-04-30T17:24:13Z
UgxFZkF-zoZkqMnbaPp4AaABAg,@ItsTubishi,People who don't understand Kendrick are either 5 or 75,7,0,2026-08-13T19:26:06Z,2026-08-13T19:26:06Z
UgwOsy3Db_DW0rfxcUZ4AaABAg,@Shotgunsnrifles,Babe wake up Kendrick dropped,19736,74,2024-04-30T15:24:19Z,2024-04-30T15:24:19Z
UgwOmvO2rkSW7C63KpJ4AaABAg,@reduxcity,This was lowkey the best track out of 'em all,886,16,2024-05-31T23:47:20Z,2024-05-31T23:47:20Z
UgwSHhtujUAOmHAmdwx4AaABAg,@enricoanthonie6247,"The more I listen to this diss, the more I'm just vibing with it",474,3,2024-05-10T09:39:54Z,2024-05-10T09:39:54Z
UgzyALIKlK2hS6qPT9p4AaABAg,@GoldenRandolph-yb2bh,"It’s been long enough, I’ma say it. This one song outdoes all three of drake’s albums",5,0,2026-09-08T01:50:55Z,2026-09-08T01:50:55Z
UgxkG5RvnwUd3ERfD0N4AaABAg,@TheeFinalBosss,"Idgaf about a rap beef, I just genuinely think this is my favorite Kendrick song lol. The beats and his flow are so fun here",467,6,2024-05-02T03:37:46Z,2024-05-02T03:37:46Z
UgyeD86l6ibBi6dDRKh4AaABAg,@kumarohann,"""I got a son to raise but I guess you don't know nothing bout that"" 🙇 5:02",389,4,2024-04-30T15:34:51Z,2024-04-30T15:34:51Z
Ugy_FmwQhlZnu0PNBKt4AaABAg,@DETER87,"This piece is too UNDERRATED. It's a timeless masterpiece
We had witnessed the birth of a CLASSIC",447,6,2024-06-06T10:59:55Z,2024-06-06T10:59:55Z
UgwbzLQu1ihMX1C-mrB4AaABAg,@Miyaahmake,I just had to come back cause he still not over the beef😂,40,0,2026-05-16T16:58:23Z,2026-05-16T16:58:23Z
UgwwTfJuxKwTjsal6fR4AaABAg,@dezzyduke6963,"“If you take it there I’m taking it further. That’s something you don’t wanna do.” But no what got it, I love that “oooohhh” like that shit was so subtle but so perfect cause he later called himself the certified boogeyman",418,3,2024-05-08T02:21:28Z,2024-05-08T02:21:28Z
Ugx6HGTznurD37OGy494AaABAg,@mmacardguru,"This is the best song in the whole battle

Flow, cadence, lyrics, punchlines, disses, wow",364,6,2024-05-09T11:46:39Z,2024-05-09T11:46:39Z
UgywqZSmsl1L5l56I8l4AaABAg,@Rayedh7,5:41 not Toronto accent catching fire too damn🤣😭🐐,601,6,2024-04-30T16:43:12Z,2024-04-30T16:43:12Z
Ugy0JTXFYLMn9bsmsNp4AaABAg,@ceo_felcone,Years later this still hit hard 🚀🚀🚀,15,1,2026-05-18T23:57:57Z,2026-05-18T23:57:57Z
Ugy-FrNEx7yEP2Dm3Hh4AaABAg,@Yahlana,This was my Favorite Diss in the Battle😮‍💨😮‍💨😮‍💨🔥🔥🔥🔥,1144,20,2024-07-03T22:15:32Z,2024-07-03T22:15:32Z
UgwxjeOK7YTruXAli054AaABAg,@firstgenerationbillionaire,Kendrick wasnt dissing he was setting the record straight😮‍💨😮‍💨,402,13,2024-04-30T20:45:30Z,2024-04-30T20:45:30Z
Ugw1NnLcmlW_wegNred4AaABAg,@saberlitecleaners8494,Why are people saying this doesnt have replay value? I cant stop bumping this heat!!!!🔥🔥🔥🔥🔥,505,14,2024-05-04T07:38:07Z,2024-05-04T07:38:07Z
UgxV71E-M2e7UURa6oV4AaABAg,@hopelessromanticcccc,I hurt yo feelings??? YOUDONTWANNAWORKWITHMENOMORE OKAY.,6,0,2026-09-05T16:57:53Z,2026-09-05T16:57:53Z
Ugw5ZqdIq0RStGBQagl4AaABAg,@nikhiljustinrajkumar6491,''Dont tell lies about me and i wont tell truths about you'' IS HARD 🔥🔥🔥🔥,459,7,2024-04-30T16:26:35Z,2024-04-30T16:29:46Z
UgzVnIpTAAbtA8SX4LN4AaABAg,@rondoboomin277,“Got the club goin up on a Tuesday” 😂😂😂 Kendrick really dropped this on a Tuesday and I’m going up with this on a Tuesday 🔥🔥🔥,358,6,2024-04-30T19:47:30Z,2024-04-30T19:47:30Z
Ugwu_kxKP5z8ea77Ckh4AaABAg,@melprice4929,"I still say this is the best song in this rap battle, just bars on bars.",623,15,2024-06-02T14:59:52Z,2024-06-02T14:59:52Z
UgxxwFvX5aiKc-iCDv94AaABAg,@HollenSpringer,"""Drake reminded me to listen again"" check in.",10,1,2026-08-11T21:45:34Z,2026-08-11T21:45:34Z
Ugy-ywYreZNS_cZecTp4AaABAg,@killahqueen_5493,This just might be the best diss of all time.,394,6,2024-05-16T06:55:30Z,2024-05-16T06:55:30Z
Ugx962Pz8mA_-3PJmMF4AaABAg,@poorhouseboy,Happy 1 Year Anniversary 🎉🎉🎉,998,17,2025-04-30T05:29:08Z,2025-04-30T05:29:08Z
UgwJRbEr11P9uF_akiB4AaABAg,@QueenOfTopicsTv,"Every beat Kendrick used on his disses throughout the beef was FIRE !
😩🔥🔥🔥🔥🔥🔥🔥🔥🔥🔥",397,7,2024-07-12T17:18:55Z,2024-07-12T17:18:55Z
UgzZeuoq_m7DctisTuJ4AaABAg,@Tommikco,"Who's here after Drake's drop??? This alone fuqs up all three albums. ""Not Like Us"" was just the icing on the cake!!!!! 🔥🔥🔥🔥🔥🔥🔥🔥 COME ON, KUNG FU KENNY!!!! I KNOW THAT U'R GOING 2 FUQ HIS EARS UP AGAIN SOON ASF!!!!! 👊🏾👊🏾👊🏾👊🏾👊🏾👊🏾👊🏾👊🏾👊🏾👊🏾",11,0,2026-05-17T21:55:57Z,2026-05-17T21:57:40Z
Ugy5MddeAjyQqQffTpR4AaABAg,@DeathmetalBilingual,"2:40 that bar is fucking underrated ""i pray they my real friends if not i'm YNW MELLY.""",759,13,2024-05-14T03:48:57Z,2024-05-14T03:49:45Z
UgyKPLGvuiEvq0XyfuR4AaABAg,@StylzGTNT,I want y’all to pay attention to how Kendrick is using the beat to his advantage. How he inflects his voice on certain parts of the drums and bass to make the lines hit harder. This is a true masterpiece yall 💯,515,6,2024-05-13T23:34:41Z,2024-05-13T23:34:41Z
Ugy7dz_kMK27k9HVmK94AaABAg,@GreenLionEntertainment,"4:57 ""I got a son to raise, but I see you don't know none about that"" 😂😂🔥🔥",392,18,2024-05-01T16:09:19Z,2024-05-01T16:09:19Z
Ugw3mFv1xDQTwvkyHgN4AaABAg,@Mimi7_heart,It’s so romantic how we all gathered together to watch this historical moment,5,0,2026-05-30T14:34:33Z,2026-05-30T14:34:33Z
UgyzO78dw_mcduV8y9t4AaABAg,@richiwillemse1481,Who else has only been listening to this song for the past 36 hours??,811,28,2024-05-02T11:27:55Z,2024-05-02T11:27:55Z
UgyI88rcXKLcdZqLIUl4AaABAg,@noelr1010,"Most people think that ""Not Like Us"" has more replay value, but I've been listening to this one much more. The beats, bars, flows, and how it's presented.... Straight heat 🔥🔥🔥🔥",1090,25,2024-05-10T23:48:16Z,2024-05-10T23:48:16Z
Ugzdg8Y5p1ugLrufLWJ4AaABAg,@carlossulemane9742,The most electrifying track off the entire diss playlist,395,9,2024-07-11T08:50:35Z,2024-07-11T08:50:35Z
UgzEJbc2B_UhnncRaBR4AaABAg,@dumfooz,Getting absurd nostalgia listening to this,13,0,2026-06-14T01:59:28Z,2026-06-14T01:59:28Z
UgwhjRjbrOoC5iQwIRV4AaABAg,@Lexxdigital,"0:50 ""Dont tell no lie about me and I wont tell truths bout you"" 💯

DAMN. The year of truth Welcome to the Age of Aquarius and The Golden Age🎉🎉🎉🎉",1068,16,2024-05-05T11:57:58Z,2024-05-05T11:57:58Z
UgwE2iMIxJRFRmngk9h4AaABAg,@SquidTheNuget,"this entire song is literally extremely well constructed insults to drake, and im here for it. ion wanna hear any drake glazers to say he's better or was ever winning this.",545,11,2024-05-02T21:08:23Z,2024-05-02T21:08:23Z
Ugyu1SXGZcL9NahLAS54AaABAg,@yappatron2500,"“it’s a classic, you don’t have one, let your core audience stomach that then tell them where you get your ab’s from” dude DID NOT hold back

edit: i think it’s a double entendre, referencing drakes ab surgery and also his adlibs which he doesn’t write.",977,26,2024-04-30T21:37:51Z,2024-05-03T11:38:17Z
UgzHlsjmGC0aemAZ13V4AaABAg,@thilypad557,It JUST keeps GOING. It will never not be funny going from the Toronto accent to some more “and also FUCK YOU” like in case it wasn’t clear. It gives the vibe of walking away from an argument and circling back because you’re still mad lmao.,3,0,2026-09-03T15:28:54Z,2026-09-03T15:28:54Z
Ugwq2Dm5DefPYPQ-WqB4AaABAg,@BostonBrawlah,"What a fucking lyricist.  I always enjoyed Kdot,but I've got a whole 'notha level of respect for him after these diss tracks he's dropped. Fn genius honestly!",439,4,2024-05-06T14:03:06Z,2024-09-04T11:13:08Z
UgzPm-346hYilpEH91p4AaABAg,@ryuman757,"If we don't get a 4th diss from Kenny, it won't be needed. Drake is BEYOND done. All he can do is put out ""NUH UH NO U"" ass responses. He's last name Forever, first name Corny.",523,10,2024-05-06T08:57:03Z,2024-05-06T08:57:03Z
UgxvfG-28X-18wCH3yF4AaABAg,@terrencemlimi9183,I listen to this atleast once a day,484,8,2024-05-16T19:09:10Z,2024-05-16T19:09:10Z
Ugx7D1q2PxMHS-bOYYN4AaABAg,@PrettiiMiiMii,Back here after finding out Drake lied about Mr. Dennis having cancer. 😡,10,0,2026-05-15T16:04:19Z,2026-05-15T16:05:12Z
UgyptPRtmKhmycNOK-t4AaABAg,@bsteph5019,WHAT IS IT THE BRAIDS?!?! 😂😂😂,599,15,2024-05-25T22:57:46Z,2024-05-25T22:57:46Z
UgySnzSj8jN2HQDSiKB4AaABAg,@Anthonys.Perspective,BROOOO what a Heavenly diss!!!!! I'm so glad he used the don't tell a lie on me line!,805,8,2024-04-30T18:08:32Z,2024-04-30T18:08:32Z
UgzWOy-oh7qknHfR9vZ4AaABAg,@farrellcityking1,That AI and Sixth Sense line is fuckin nuts!,355,12,2024-05-01T00:40:07Z,2024-05-01T00:40:07Z
UgwNeXAOP_Kh7CdcCeN4AaABAg,@nolaboya1,I love this rap. A murder on a beat,5,0,2026-09-11T21:45:24Z,2026-09-11T21:45:24Z
Ugyhen7hlssTUCRxwXt4AaABAg,@wezcuz6072,3:11 nah kdot just dropped the official anthem the haters 😂,528,5,2024-04-30T16:00:56Z,2024-04-30T16:00:56Z
UgwKH25Ufwxbf-JaUXJ4AaABAg,@khuletwala,4.9K views but over 200K likes? Nah Kendrick is GOATED😭,360,10,2024-04-30T16:46:41Z,2024-04-30T16:46:41Z
UgzSiIXqqU8fjxhZ3eZ4AaABAg,@farisziadat545,"Going on 4M in 4 hours is crazy. A mil an hour for a diss, hip hop’s back in business 🔥",386,7,2024-04-30T20:19:46Z,2024-04-30T20:19:46Z
Ugzh4ldB4OCgJHuymEd4AaABAg,@Hazexotica,Back at the haunting bars that killed Drake. And it's showing on his new album(s),14,0,2026-05-15T20:29:49Z,2026-05-15T20:29:49Z
UgyahNtYp-BG9EI5sfx4AaABAg,@Josh_hutcherson007,This is the best diss of all the tracks,478,6,2024-05-12T06:53:35Z,2024-05-12T06:53:35Z
UgyWB4cs6n5aYx5Y0A14AaABAg,@yowhatup45,This better than family matters if you disagree just give it time. “ i can really predict your angle” dude wasnt lying he for sure heard that drake diss before it dropped,441,4,2024-05-04T16:53:16Z,2024-05-04T16:53:16Z
UgxVWT80rM74O_cNTi14AaABAg,@vicentecfn,1v20 ghostwriters line was funny af,460,8,2024-04-30T16:57:43Z,2024-04-30T16:57:43Z
UgxYMox7xLqTWvuqqBZ4AaABAg,@LOVE_DOT,"2 years later and Euphoria is still the best song this decade, Kendrick Lamar 🐐❤",7,0,2026-05-21T14:02:07Z,2026-05-21T14:02:07Z
Ugy8b7VLBbgfCblfdk14AaABAg,@Kareyn2,THIS SONG ENDED IT ALL.,903,40,2024-08-08T16:27:41Z,2024-08-08T16:27:41Z
UgzKmwcCSh1Z_VXqnat4AaABAg,@therealmarqnsd,I ain't never click on a video so fast bro 😂😂 we luv kung-fu kenny,718,18,2024-04-30T15:24:49Z,2024-04-30T15:24:49Z
UgzWhVQYPeCycWRyldB4AaABAg,@kelvinfootball1394,When the 3rd beat dropped and Kdot said 'Remember' mimicking drake on the song 'Worst Behaviour' that was f*cking EPIC from Kungfu Kenny😭🔥,401,5,2024-04-30T19:06:13Z,2024-04-30T19:06:13Z
UgznNtu-OdFuksREap54AaABAg,@mnb5570,bro spittin for 6 minutes straight,10,0,2026-06-02T20:57:43Z,2026-06-02T20:57:43Z
UgyMTi44IzvLD7J-cJ54AaABAg,@HopefulDesigns,Kendrick is the only person to drop this type of diss 😂😂,372,1,2024-04-30T16:37:20Z,2024-04-30T16:37:20Z
UgxD2okYp5PWyXYqctp4AaABAg,@AK-zt4jl,5:06 NAH HE FUCKIN HIM UP,393,1,2024-04-30T15:29:10Z,2024-04-30T15:29:10Z
Ugy7l4dpRbDYTfwEq6p4AaABAg,@thatboychris1688,The sexy red line is crazy😂😂😂😂🔥🔥🔥🔥,750,10,2024-04-30T16:14:09Z,2024-04-30T16:14:09Z
Ugy-QfONsaKMaRx6aS94AaABAg,@Randocityy,These three switches are better those three albums.,7,0,2026-06-07T01:42:55Z,2026-06-07T01:42:55Z
UgzJl1YRTBUZm9yZVsV4AaABAg,@Apersonaliveonthisearth,Unpopular opinion: Euphoria is better than Not like us,1217,91,2024-09-21T22:30:52Z,2024-09-21T22:30:52Z
UgwX4BrN_zZot9Autt54AaABAg,@Prophiq,Best song of the beef tbh,571,19,2024-07-13T20:57:06Z,2024-07-13T20:57:06Z
UgyXJL7TMek1karE6GR4AaABAg,@bj2-b6r,3:05 HE TOOK OFF 🏎️ 💨 💨💨💨💨💨💨💨💨,504,1,2024-04-30T16:23:10Z,2024-04-30T16:23:10Z
UgxGIOvNt4Nk0IOZxFx4AaABAg,@GamingBro525,"2:41 ""i pray they my real friends if not i'm YNW Melly"" goes so hard",2,0,2026-09-06T23:18:48Z,2026-09-13T00:11:40Z
Ugwclo8EUUlRhoTpwkB4AaABAg,@CorniyaTV,"The whole 6 minutes got my mouth on the floor😭😱🔥🔥🔥🔥 

“ we don’t wanna hear you say niggaaaaa nooooo moreeeeeee “ 😭😭😭🔥🔥🔥",388,9,2024-04-30T16:02:03Z,2024-04-30T16:02:03Z
Ugx_CE8J3qMhkbqboC14AaABAg,@marcswift4462,Who’s here after Drake sues UMG?!? 😂😂😂😂,363,18,2024-11-26T01:14:51Z,2024-12-04T05:08:36Z
Ugzq8rdZCiPew55GX_V4AaABAg,@joeadok7642,Love how cole and kendrick drop their work without any hype and still 🔥🔥 thats greatness,379,7,2024-04-30T15:33:31Z,2024-04-30T15:33:31Z
Ugwsj63Z9sGAtUDDaTl4AaABAg,@anonymous_idontreplylmaous72,I miss back when this was the thing everybody was talking about,4,0,2026-08-04T18:08:20Z,2026-08-04T18:08:20Z
UgyGik3nAHYgWJwBtW54AaABAg,@igorwest,"For anyone who wants to know the full season of this beef here ya go:  

Prequel: Control - Big Sean, Kendrick Lamar, Jay Electronica 

First Person Shooter - Drake ft J cole       
Like that - Future, Metro Boomin, Kendrick Lamar      
Push up - Drake
Taylor Made freestyle - Drake     
Euphoria - Kendrick lamar   
6:16 in LA - Kendrick Lamar    
Family Matters - Drake   
Meet the Grahams - Kendrick Lamar  
Not Like Us - Kendrick Lamar
The Heart Part 6 - Drake",806,28,2024-05-05T16:26:47Z,2024-05-08T07:03:38Z
UgyITEVA-o0nZ-KRgZ94AaABAg,@makeouttahere,euphoria better,391,9,2024-08-19T09:01:19Z,2024-08-19T09:01:19Z
UgwcbXNOzM92r1Kxmrp4AaABAg,@Sha_rock_31,"He faking for likes and digital hugs"" is wild 😂😂",7,0,2026-09-07T12:19:03Z,2026-09-07T12:19:03Z
Ugwy4E4jxOTrWABnKe94AaABAg,@minazzzuki,The best diss track tbh,13,0,2026-05-22T17:15:17Z,2026-05-22T17:15:17Z
Ugy7VUxLD5xy3NXXlEN4AaABAg,@1Grace365,"This is guy is wicked😂😂😂😂😂😂
2 years on Still listening to this",8,0,2026-08-17T13:12:27Z,2026-08-17T13:12:27Z
UgwVclQ-VmUipllrFqF4AaABAg,@freedomm,I'm back to listen to the song that broke a pop star.,14,0,2026-05-15T19:57:21Z,2026-05-15T19:57:21Z
UgxMcWu-kEMjzaO7rLh4AaABAg,@aidangoat11,The hatred in this song might genuinely need to be studied,5,0,2026-07-13T00:03:21Z,2026-07-13T00:03:21Z
UgzRopktN2GF0uZ07EB4AaABAg,@Islandbwoii,This better than drakes whole album.,5,1,2026-08-25T14:17:41Z,2026-08-25T14:17:41Z
Ugxo8c9zrNrfeYTTBrd4AaABAg,@maverickormerv,"After checking out that weak ass ice man stream, I had to come back to this real shit 😂😂😂",18,0,2026-05-15T03:29:57Z,2026-05-15T03:29:57Z
UgyQf8kpASDBF397tUN4AaABAg,@CalvinLangatMMA,"Everything about this song is so perfect. The beat, the beautiful intro, the drop, the writing, Kendrick’s delivery. This is the song that ended the beef, Not Like Us was just a championship parade. This is the song that he killed Drake lol",6,0,2026-06-14T16:00:36Z,2026-06-14T16:00:36Z
UgyjGZKOBa_U5fNE6IV4AaABAg,@balwantkandola1478,"""Ice man was a nice man, now im uncle"". 🥀🥀🥀🥀🥀",12,1,2026-05-18T15:27:53Z,2026-05-18T15:30:05Z
UgxOXv0pVmFB5mvZSup4AaABAg,@olwethumkhwanazi5546,"I love how it simply says ""No description has been added to this video"" almost like K Dot said ""Here's 6 minutes of straight gas, let's run this fade""😈😈😈",3,0,2026-08-31T21:52:35Z,2026-08-31T21:52:35Z
Ugzw42-hKhdUEQvq9jd4AaABAg,@FRESHBREATHENTTV,Who here today of May  15 before ice man drop,25,0,2026-05-15T21:01:43Z,2026-05-15T21:01:43Z
UgxuS6nEn-jz9ZaDn9d4AaABAg,@muntazirlone13,merriam-webster so lucky to be featured in a kendrick lamar song,3,0,2026-09-04T10:52:17Z,2026-09-04T10:52:17Z
UgysxMusnqaNbQZ4Cu54AaABAg,@loosingsleep4071,Kendrick called himself a hater but really I think “disgusted” fits better.  Kendrick has a disgust for who drake is as a person & what he represents.,3,0,2026-09-01T08:04:53Z,2026-09-01T08:04:53Z
UgxdvTPajGOrDnraQJt4AaABAg,@LilWillHQ,Somebody piss this man off again PLEASE 😂,11,0,2026-05-29T15:36:18Z,2026-05-29T15:36:18Z
UgyabXrpwz5xOvXQtW14AaABAg,@judiciryl,"Euphoria aged like the pyramids! Sheeesh! LEGENDARY!🪄🌙🔥
1 song vs 3 albums 😅",6,0,2026-05-17T17:12:34Z,2026-05-17T17:12:34Z
UgylO1BB1HW4svuCBRt4AaABAg,@yourstrulythepoet199,Came to run this back up 💪🏿💪🏿💪🏿💪🏿,20,0,2026-05-15T16:40:56Z,2026-05-15T16:40:56Z
Ugx2XrKdGJA1XXEEJ1F4AaABAg,@thorfinnthegoatmc,rebuttal after 2 years is crazy lmao,7,0,2026-05-15T18:43:06Z,2026-05-15T18:43:06Z
UgzBl9Z7Jtpc7rvX0yV4AaABAg,@Natzuya,still as good as the day it dropped 🔥,14,0,2026-05-19T04:06:10Z,2026-05-19T04:06:10Z
UgwULkjzJFPG4QCq1E54AaABAg,@KeepCalmStayPresent-px4ph,"Damn this man is a lyric genius, i love him",3,0,2026-07-06T00:04:55Z,2026-07-06T00:04:55Z
UgwTfWqX4bKHN-o-kwV4AaABAg,@sajiste,"I remember worrying about the intro when it first came out like ""stop playing, beat his ass"" now its my favorite part, its so musically distinct that it brings me back to 2024.",5,1,2026-05-30T08:49:24Z,2026-05-30T13:15:40Z
UgxSuUzdmRs_wpTJkgh4AaABAg,@LeratoSegoenyane,Kdot diss is still hurting them like a break up...u can tell😂😂,8,0,2026-05-20T15:37:02Z,2026-05-20T15:37:02Z
Ugw6frI2d35t7ro841x4AaABAg,@IamTravisLittle,After listening to to iceman I went back to this song… and it maturing like a good red wine from France,9,0,2026-05-21T13:31:20Z,2026-05-21T13:31:20Z
UgwkRjQVyIcGE5_UjId4AaABAg,@th1s1guysays1,Who here in 2026?? 🔥🔥🔥,6,0,2026-09-03T21:59:43Z,2026-09-03T21:59:43Z
UgyhLWhFAHCSMMDCo4h4AaABAg,@JuiceyJiggy,This slapping,9,0,2026-09-09T18:27:55Z,2026-09-09T18:27:55Z
UgzW6f38SVHIiCHWSml4AaABAg,@Kudakwashe1Machona1,😂😂😂😂😂drake he'll never recover from this 😂😂😂,9,0,2026-05-15T17:49:26Z,2026-05-15T17:49:26Z
UgwiX57Hl0yMmKjWidB4AaABAg,@GTrapzilla,"""You better walk around like daft punk"" 😤",6,0,2026-08-07T23:26:26Z,2026-08-07T23:26:26Z
UgwzmCtFPtNBQ54hQUZ4AaABAg,@ayoman7021,"No.2 still having sleepless nights to this day, released 3 albums full of sneak disses",3,0,2026-09-09T16:18:47Z,2026-09-09T16:18:47Z
UgypVgSXBnD3YgFnYHF4AaABAg,@Blackmangic,It goes even harder now 😭😭,11,0,2026-05-20T09:31:38Z,2026-05-20T09:31:38Z
UgwzYeYhfBKjWekkayt4AaABAg,@usefulidiot-on1kh,Who here after that bs 😭😭😂,21,1,2026-05-14T16:41:30Z,2026-05-14T16:41:30Z
UgybUqDA_PPC_B9Oiwl4AaABAg,@shadowu745,"Crazy he won the rap battle with this one track, the rest were just overkill.",4,0,2026-08-14T22:39:54Z,2026-08-14T22:39:54Z
UgxcZxLheXx60mhIMlZ4AaABAg,@Sahil.Thomas,Ageing like fine wine 🥶,21,0,2026-05-15T17:59:46Z,2026-05-15T17:59:46Z
Ugw7_qvCPj52AaKmrkd4AaABAg,@Everythingallatonce123,Not this playing in the middle of Drake's drop I was listening to tonight 😂😂😂,5,0,2026-05-15T04:50:40Z,2026-05-15T04:50:56Z
UgzAeJfhMjRN3iWy0OZ4AaABAg,@RicardoKoopmann,WHO IS HERE AFTER ICEMAN DROPPED,9,0,2026-05-15T13:19:03Z,2026-05-15T13:19:03Z
Ugz6aV1rHwuekVkAk0B4AaABAg,@ACEKAAWA,came back to analyze what this boy did to Drake cause that ICEMAN aint hitting,6,0,2026-05-15T10:37:49Z,2026-05-15T10:37:49Z
UgxJAngncgBV3hYkBhZ4AaABAg,@salehsaleh5773,He really thought he did something dropping 3 albums 😂,26,0,2026-05-15T19:53:32Z,2026-05-15T19:53:32Z
Ugx85BQZo7kJIXeQlp94AaABAg,@KaraboSebusi-k7j,Kendrick Lamar smoked drake 😂,20,0,2026-07-18T16:34:06Z,2026-07-18T16:34:06Z
UgyBanZ4s7pFnzCaumh4AaABAg,@U3M0Fetz,"“I like Drake with the melodies, I don't like Drake when he act tough” describes Drakes new albums to a T",5,0,2026-05-28T20:07:09Z,2026-05-28T20:07:09Z
Ugy1NLi0eRZFxRYUe854AaABAg,@Shawnxgaming,This definitely gonna be on gta 6,5,0,2026-09-07T07:52:26Z,2026-09-07T07:52:26Z
Ugynp2VZfi68tRgBZ-14AaABAg,@bigplayapinescott,EUPHORIA VS 3 ALBUMS,11,0,2026-05-18T01:25:14Z,2026-05-18T01:25:14Z
UgxjI6fhIZ2qZitBkyp4AaABAg,@70Palmtrees,Drake made me a Kendrick fan today ❤,13,1,2026-05-16T04:16:40Z,2026-05-16T04:16:40Z
Ugyf-e7YmiTQ3MzE-iV4AaABAg,@TheOkocha22,"I think this the best, most complete diss track of all time.",4,0,2026-05-14T06:36:34Z,2026-05-14T06:36:34Z
Ugx7BlqKPTZ4Ahx-3qV4AaABAg,@powersonic21,This diss might be better than Not Like Us,5,1,2026-08-24T16:01:56Z,2026-08-24T16:01:56Z
UgzhG3iEVZGaRHNA7_94AaABAg,@jalenoslicegaming,Checking in before Iceman start dissing again,7,0,2026-05-14T17:48:23Z,2026-05-14T17:48:23Z
UgyfLWxAu6IuW5y19DV4AaABAg,@sighfur,you better walk around like Daft Punk,3,0,2026-09-04T01:15:22Z,2026-09-04T01:15:22Z
UgxyO59K_ARNnsQvaDh4AaABAg,@TreWillz,"The slow people think not like us was the better diss.

the sophisticated know this was it.",1,1,2026-09-16T09:21:09Z,2026-09-16T09:21:09Z
UgwPaaAqkgbW7uBZwmt4AaABAg,@hakeemcunningham8225,Came after the 3 trash can release. Still on top.,9,1,2026-05-15T11:48:13Z,2026-05-15T11:48:13Z
UgyiqrozR_uzVg5lwCF4AaABAg,@djangounchained9387,"As a Drake fan, this one was my favorite Dot diss, it aged the best (no forgotten daughter) and was still complex and disrespectful asf.",4,0,2026-05-26T20:50:02Z,2026-05-26T20:50:02Z
UgzH40paAoxKBK9H-1F4AaABAg,@SuperFaceless1,I knew it was over the day this song dropped,4,0,2026-09-03T08:11:14Z,2026-09-03T08:11:14Z
Ugx8wefUPKvWftpN2Ul4AaABAg,@ghostking8u888,Back here after the iceman dropped 😂🙌🏾,11,0,2026-05-20T00:51:14Z,2026-05-20T00:51:14Z
UgyLZYhCRKVV3Ro1b2V4AaABAg,@millkoo,I had to come back after all that ice man shit,6,0,2026-08-22T15:53:50Z,2026-08-22T15:53:50Z
Ugz2Pb5Cz3RvLQwNr8h4AaABAg,@Nicegangster90,Just drink double express and listen to this. You will feel like you are on anabolic demonic shit,8,1,2026-08-08T16:59:11Z,2026-08-08T16:59:11Z
Ugyuqbs1PUHlFii9zop4AaABAg,@tembzalpha,Who's here to confirm Aubrey is washed,17,0,2026-05-16T12:48:44Z,2026-05-16T12:48:44Z
Ugw_tthPZ9iA1nTb9O54AaABAg,@rippleman3819,First time hearing euphoria in 2years & I must say this aged very well 😂🔥🔥💯,6,0,2026-05-20T01:21:14Z,2026-05-20T01:21:14Z
UgzoIQkGhyCdsMSuWRp4AaABAg,@blakpopepope2863,He never bounced back and these albums are duds.,10,0,2026-05-16T01:39:28Z,2026-05-16T01:39:28Z
Ugy1dxDwdQPOdfcqB194AaABAg,@yourstrulythepoet199,Somebody mentioned “what is it the braids!???” On TikTok so I came to run it back up lol,3,0,2026-08-28T12:33:04Z,2026-08-28T12:33:04Z
UgzfXZK18TJeCOYGmaB4AaABAg,@approximatelyok,2 years and this song still hits as hard,4,0,2026-07-28T16:48:43Z,2026-07-28T16:48:43Z
UgwHZafRD5wqg9KpW0p4AaABAg,@robbienguyen4307,This track obliterates all 3 lame albums . No questions.,21,0,2026-05-16T12:15:59Z,2026-05-16T12:15:59Z
UgyuzqgQFqoGxdayJ_l4AaABAg,@Iownrandomserbianguysohard,Yo Kendrick drop again before that mid Canadian goes 0/4,5,0,2026-09-04T11:29:41Z,2026-09-04T11:29:41Z
Ugyupg3yUlGYV9Nr8YV4AaABAg,@Delver_Sieo,Diss so good it stuck in Drake's head till this day.,5,0,2026-07-16T02:19:33Z,2026-07-16T02:19:33Z
Ugy-0u7WC3838nn8mwt4AaABAg,@w4xzt,"this song is literally a drake KO even after the 3 albums, LET ALONE MEET THE GRAHAMS AND NOT LIKE US VRO",6,1,2026-05-18T20:36:50Z,2026-05-18T20:36:50Z
UgwdNbKRwDLv3w9ozQB4AaABAg,@HEEZYofficial,"Still 2026, bullet too tuff 💀",6,0,2026-08-22T20:22:16Z,2026-08-22T20:22:16Z
UgykV6kD1-h1HERUi4F4AaABAg,@LeratoSegoenyane,"Is it not surprising some us are still bumping all Kendrick diss again,shit change lot of things man.😂😂",5,0,2026-05-20T15:40:04Z,2026-05-20T15:40:04Z
Ugyxvyo9NLQ0ycZFbk14AaABAg,@watertantrums2000,I am sorry every single sentence on this song is diabolical Oh. My. God.,7,0,2026-05-17T23:18:50Z,2026-05-17T23:18:50Z
UgzfUMPYzU9JNSBoV854AaABAg,@Keptlow738,4:33 just keeps aging like wine man😭😭,3,0,2026-08-07T00:35:56Z,2026-08-07T00:35:56Z
UgzSVq_mDw3mVgzBXTd4AaABAg,@diegojimenez466,This is the most consistent diss song yet,4,0,2026-05-20T08:54:56Z,2026-05-20T08:54:56Z
UgwjhOQeP_gLiHX3rVJ4AaABAg,@cousinofdef,"The frequency on this master tape hasn't lost an ounce of its ICE. 
Two years of playback in the underground sectors and the internal logic still exposes every flaw in the siMulAtioN. 
Signal is 100%.",4,0,2026-05-15T15:46:19Z,2026-05-15T15:46:19Z
UgyN5UNmAWfMKo2hLhd4AaABAg,@HEZ08,Damn!!this hit hard!,16,0,2026-05-16T09:37:31Z,2026-05-16T09:37:31Z
Ugx9oIU9WX3fTyhHf-h4AaABAg,@PaulRobinsonDJ,The I see dead people line in euphoria is later a reference to the six sense bar.,2,0,2026-09-08T19:18:50Z,2026-09-08T19:18:50Z
UgzL_LBw38tBnjy-BKh4AaABAg,@ConquestOfViltrum,3:52 He lowkey could've stopped right here. The rest was overkill lmao. He is already dead.,4,0,2026-05-31T20:41:58Z,2026-05-31T20:42:21Z
UgxjgaSY3LoblKzMgqV4AaABAg,@WuRaidr,I needed this after hearing these lame Triple Frown from Drake get released,7,0,2026-05-15T17:15:30Z,2026-05-15T17:15:30Z
UgxbzTTSCmFnepwuf1V4AaABAg,@cocopuffgiirl,its 2030 - Melly line is still stick ,8,0,2026-06-15T12:42:51Z,2026-06-15T12:42:51Z
UgyGwrDiIUrQc1bKDyZ4AaABAg,@ThePSA1Collector,A track never aged this well 😏,5,0,2026-05-27T06:14:44Z,2026-05-27T06:14:44Z
Ugy7rZyAneG8xhSWFSF4AaABAg,@Themediachannnel,Tell me you cheesing fam 😂 5:52,6,0,2026-05-28T17:09:27Z,2026-05-28T17:09:27Z
UgyYVO_hIF97Mc84PkZ4AaABAg,@Lurker0909,It's 7.16.26 and I'm still coming back to listen. My fave song in the beef. This is a generational track!,7,0,2026-07-16T18:35:34Z,2026-07-16T18:35:34Z
UgzWOesmRdfq40Ke3e94AaABAg,@BlazinBlack109,maga iceman just dropped lmao!,10,0,2026-05-16T09:55:41Z,2026-05-16T09:55:41Z
UgyZdR_ZvSnICZdcPEF4AaABAg,@teddyley5814,"Back again, drake just dropped 3 wack albums. This coming like my personal diary 😅",10,0,2026-05-16T12:27:06Z,2026-05-16T12:27:06Z
UgzTc3ypbeUvChs14BB4AaABAg,@thereallocke8065,2 years later and that Bell fucking lived in my soul its like some DBZ boss music.,2,0,2026-07-11T20:35:47Z,2026-07-11T20:35:47Z
UgxzTis_Q9bjQGDPZ6N4AaABAg,@2GUNCARNAGE,After 4 drake iceman songs gotta come back to this conclusion EUPHORIA....,5,0,2026-05-22T07:35:43Z,2026-05-22T07:35:43Z
UgxXw67CD3NpbTd3ixB4AaABAg,@statikverse,You know exactly why I am here today,6,0,2026-05-15T12:39:16Z,2026-05-15T12:39:16Z
Ugzr_gc13eRDvEpvOY54AaABAg,@DarkshadowXD63,Had to come back to this... his super powers have been neutralized,7,1,2026-05-17T10:11:10Z,2026-05-17T10:11:10Z
Ugw01ugGCg_I7CpJuBN4AaABAg,@seminole4life22,This never gets old.,4,0,2026-08-22T00:00:09Z,2026-08-22T00:00:09Z
UgyDdgwr_H3-DNsCWdd4AaABAg,@AliceAyomah-z9l,Had to come and listen to this to cleanse my ears after hearing the ICEMAN album.,5,0,2026-05-20T01:03:16Z,2026-05-20T01:03:16Z
UgxPUDwoC3WIfmu9cEF4AaABAg,@fitchmusic-C7,Who came here after drakes new album,20,1,2026-05-23T08:48:18Z,2026-05-23T08:48:18Z
UgxgNh8Ct9E753rLOX14AaABAg,@juskibottle,they cant imitate this violence,4,0,2026-08-17T17:14:37Z,2026-08-17T17:14:37Z
Ugy_YAarpJvSJO2SLeZ4AaABAg,@KiteSawItFirst,"Drake reminded everyone to come back to this song in the big 2 6. I am waiting to say ""Kendrick Dropped."" again.",17,0,2026-05-15T12:48:04Z,2026-05-15T12:48:04Z
UgziAuimisFra-5yqtR4AaABAg,@SzaboSatoshi,Had to come clean my ears after being exposed to that lawbrey bs,6,0,2026-05-15T13:10:45Z,2026-05-15T13:10:45Z
UgxuiIuM0iftFC4R2eV4AaABAg,@NelsonGray-t8c,"Whenever I see or think about Drake, this song just pop outta my head from no where.",3,0,2026-08-13T17:54:29Z,2026-08-13T17:54:29Z
UgwXO0ksUUhhudz2p5F4AaABAg,@JuiceyJiggy,"You were so right about him, everything you said in this song",7,1,2026-05-19T12:25:57Z,2026-05-19T12:25:57Z
UgyzDGg_hqv1LoQztDx4AaABAg,@KetreyalBibbins-o5j,Still fire 2years later,3,0,2026-08-29T17:28:49Z,2026-08-29T17:28:49Z
Ugxr5D7tn5qhvZrMJRF4AaABAg,@Pure_gaming87,THREE SEPARATE BEATS IS WILD!,4,0,2026-08-02T20:45:37Z,2026-08-02T20:45:37Z
UgwAkWd8oUBrM7QvdVV4AaABAg,@jalajones22,This still pops up before the show when I put it in my YT search bar 😂 sick,3,0,2026-08-01T22:33:20Z,2026-08-01T22:33:20Z
UgzQlVlYECsBBlzcUAt4AaABAg,@elo6973,"“Im taking it further psst that’s something you don’t want to do ”


Shit still creepy that what transpired since 😂😂😂",5,0,2026-05-30T19:59:45Z,2026-05-30T19:59:45Z
UgyuNRcZkj1k-juMyG94AaABAg,@ThabisotbsSebusi-j8h,My brother loves this song more than Not Like Us ❤,4,0,2026-09-07T00:57:32Z,2026-09-07T00:57:32Z
UgwPgnMW6Cn856doJll4AaABAg,@AwesomeKingKai,Euphoria AKA Fireman,9,0,2026-05-15T19:40:25Z,2026-05-15T19:40:25Z
UgyD-qdyxtitZ0FAyvp4AaABAg,@ChadleyWalter,"""Stop telling lies abt me, and I'll stop telling truths about you"" danm lwk might be the best lyric of any song imo.",2,0,2026-07-31T18:36:05Z,2026-07-31T18:36:05Z
Ugx6EnVfw7hdLW5rYdR4AaABAg,@LolaSimpson-g7e,The only song allowed to be 6min long. FR,3,0,2026-07-31T19:16:01Z,2026-07-31T19:16:01Z
UgzWx3qiRW-Q6vncbVR4AaABAg,@stardustshowing,Who had to come back?,12,0,2026-05-18T01:10:16Z,2026-05-18T01:10:16Z
UgwdB1XqHAwh2usI_NV4AaABAg,@chrisgaitan1915,This song was the moment Kendrick plucked the bow.,3,0,2026-07-22T03:27:41Z,2026-07-22T03:27:41Z
UgyCBzLjbK_qhcaLaZB4AaABAg,@BillyRoyal43,This his best one! 🔥🔥🔥,7,0,2026-07-19T00:36:23Z,2026-07-19T00:36:23Z
UgwHEUJ-qvBtv0jeq0t4AaABAg,@bjornwalton3992,"Still think this was more potent than ""Not Like Us""
🔥🔥🔥🔥🔥",4,1,2026-05-15T12:06:27Z,2026-05-15T12:06:27Z
UgxJc-nkj07klspa09J4AaABAg,@Will7.25,The boy still hasn't recovered,6,0,2026-05-15T14:01:37Z,2026-05-15T14:01:37Z
UgydTmkjWR0ot47wXrh4AaABAg,@youngficey5361,Who else is here after ice man?,7,0,2026-05-17T15:00:48Z,2026-05-17T15:00:48Z
Ugw1FZMkfSvH9xrCp714AaABAg,@Like4Hurricane2,I think my favorite minor flourish in this song is the funeral bell beat,2,0,2026-08-03T21:08:53Z,2026-08-03T21:08:53Z
UgxbE-oIRriJ7Za3yjt4AaABAg,@FreakyT4157,It's definitely the braids 😂,8,0,2026-05-27T16:02:39Z,2026-05-27T16:02:39Z
Ugx7LffYPlmXNacnZkt4AaABAg,@DannieDiyanara,"Aye, anybody who can recite every word to this and fully embody each character along the way deserves an Oscar. 😂😂😂 The way my personality switches every bar is nothing short of award-worthy. I need my trophy ASAP! 😂😂😂❤️🏆",4,0,2026-06-01T19:39:36Z,2026-06-01T19:39:36Z
Ugxo427udReDcWBjXo94AaABAg,@cosmic_sounds_ent,Dot please slap him again 🥷🏾,14,0,2026-05-15T22:13:37Z,2026-05-15T22:13:37Z
UgwrHh4FbLIOPflggPp4AaABAg,@splash_boi,"YEAH, DRIZZY DRAKE FADES AWAY.",6,0,2026-05-14T07:00:55Z,2026-05-14T07:00:55Z
UgwbmMjwOjQixseTrCF4AaABAg,@toslo24,This is a random act of kindness.,4,0,2026-05-29T07:33:45Z,2026-05-29T07:33:45Z
Ugy26rYsi6KDBVeRGTB4AaABAg,@lukebk12,Aged like fine wine,16,2,2026-05-17T12:59:22Z,2026-05-17T12:59:22Z
UgwfiM_9saaXux5-wmB4AaABAg,@brooklynblack9015,This diss still diabolical 🤦🏿😂,2,0,2026-09-16T04:22:36Z,2026-09-16T04:22:36Z
Ugx1BSZRqb_alshumLJ4AaABAg,@rachellee3457,Dot fried drizzy’s brain sm he decided to drop 3 more MID albums😂,4,0,2026-05-30T06:27:36Z,2026-05-30T06:27:36Z
Ugx83hdsD9ZVfkDXsy54AaABAg,@JoeSchmoe-b4o,"Might be controversial but i like this track more than ""Not Like Us""",11,3,2026-06-25T12:43:04Z,2026-06-25T12:43:04Z
UgwU2yxL6DODBlI1Dg14AaABAg,@xenozron,"First Person Shooter: Drake offering a high-five, and Kendrick pulling his hand back to wipe it on his pants.

Push Ups: Drake trying to fight the entire VIP section at once.

Taylor Made Freestyle: Drake using AI Snoop and Tupac like a kid holding up action figures to argue for him.

Euphoria: A six-minute Yelp review detailing exactly why Kendrick hates Drake’s entire existence.

6:16 in LA: Kendrick playing creepy circus music outside Drake’s window at 3 AM.

Family Matters: Dropping a nuke on an empty field, only to turn around and realize Kendrick is standing right behind him.

Meet the Grahams: The audio equivalent of a sleep paralysis demon reading Drake’s diary out loud.

Not Like Us: The entire world doing the Macarena on top of a casket.

The Heart Part 6: Drake tripping down the stairs and yelling, ""I did that on purpose to test gravity!""",3,0,2026-06-21T02:18:26Z,2026-06-21T02:18:26Z
Ugwl6cdnMeZSd2AxCDx4AaABAg,@BobbyPerkinns,This is the best Kendrick song ever,4,1,2026-08-23T03:59:47Z,2026-08-23T03:59:47Z
UgyS9kqc3XUUr4IF6bZ4AaABAg,@motivated_stoner_420,Nah he walked ova drake tho,11,1,2026-05-20T00:15:15Z,2026-05-20T00:15:15Z
UgxSfu50c2TzczpdrSd4AaABAg,@hjimeno2519,Had to cleanse my palette after that shaved iceboy album.,4,0,2026-05-15T05:53:13Z,2026-05-15T05:53:13Z
UgzL-bhYRbUYlAgJnT14AaABAg,@JurSeir,Here to put flowers 💐 on Aubrey grave site,9,0,2026-05-22T16:18:57Z,2026-05-22T16:18:57Z
UgxH_CjwvdKz3O-H6d94AaABAg,@tk33zy415,Best diss of all time,6,0,2026-05-30T16:43:54Z,2026-05-30T16:43:54Z
UgwKC8nldyC40uVughR4AaABAg,@zayzay542,"Dont

Rap

Against 

Kendrick 

Ever",12,0,2026-05-16T15:31:44Z,2026-05-16T15:31:44Z
Ugz08M-dAH7FO6AHSsF4AaABAg,@wavydavybeats,"Listening to this again, I just keep imagining Drake's face after some of these bars",5,0,2026-05-20T14:34:49Z,2026-05-20T14:34:49Z
Ugx6LFqS3xiPvGTGaL94AaABAg,@PTO_Finesse,"I used to bang this in the whip everyday, it ain’t even about dawg this shit just fkn COLD",4,0,2026-05-28T05:14:57Z,2026-05-28T05:14:57Z
UgyR0LHPGk2ZUJbcSHN4AaABAg,@whatnowZA,To be honest; this masterpiece deserved a video!,5,0,2026-05-27T09:28:05Z,2026-05-27T09:28:05Z
UgwuA1aybBQFyJMYQXt4AaABAg,@NikoFromDa8,"Even after iceman, I still had to come back to this",3,0,2026-06-02T00:14:03Z,2026-06-02T00:14:03Z
UgxofPdOqwd7JBIFTBF4AaABAg,@JBscoutingreport,this shit works better than coffee,8,0,2026-07-04T15:29:39Z,2026-07-04T15:29:39Z
Ugzi7i068rY1AG0TBAt4AaABAg,@superzachboii7194,Man I miss the hype this beef had,2,0,2026-08-28T16:29:36Z,2026-08-28T16:29:36Z
Ugxh59m0hmAD3WkGvcd4AaABAg,@OmniaInvincit,"""I'm allergic to the lame shit Only you like being famous"" is the hardest bar on this to me frfr",2,0,2026-05-24T00:55:36Z,2026-05-24T00:55:36Z
UgwubEKDZW-YMBvRBbt4AaABAg,@christophercastro2071,This song is 6 minutes long thats half my work place morning break,5,0,2026-05-19T19:49:10Z,2026-05-19T19:49:10Z
Ugwnr8CQo_FF-j7XnT94AaABAg,@Themediachannnel,This song better than  all three albums of Aubrey from degressi,4,0,2026-05-28T16:46:11Z,2026-05-28T16:46:11Z
UgyoFNP31d4ucWCptBN4AaABAg,@fattt0ny362,"i think this is the song that hurt drake the most emotionally, he just went after nlu in court because of how popular it was",3,0,2026-05-18T14:41:13Z,2026-05-18T14:41:13Z
Ugwx6snegHuH6rIT6RB4AaABAg,@elo6973,"2 years and after 3 albums, shit still stings 😂😂😂 Drake never had a chance. Shouldn’t have brought up this man’s family simple as that",6,0,2026-05-30T19:24:26Z,2026-05-30T19:24:26Z
UgwEWhBQ98oI719HAWh4AaABAg,@raelb13,Kendrick on Meet the Grahams: ' I don't have a hate bone in my body'. Kendrick on euphoria: ' I hate the way that you walk the way that you talk',2,0,2026-07-12T18:00:53Z,2026-07-12T18:00:53Z
UgxgtaJUK69flcNGxNx4AaABAg,@brownlady222,"Them: the boy leaked 
Me: whats that you say, go listen to euphoria again? Aight bet",7,1,2026-05-14T23:51:54Z,2026-05-14T23:51:54Z
UgwtDXOIkWO9_LN1TyN4AaABAg,@jayhayes7088,Back after 2 years just to relive this amazing time😎,6,0,2026-05-19T13:59:34Z,2026-05-19T13:59:34Z
UgzXzaQtc7pLwQ433JZ4AaABAg,@TheUltimateTouchDetailing,Had to come here to cleanse my pallet …,11,1,2026-05-19T12:47:10Z,2026-05-19T12:47:10Z
UgwrWI1ibqCTzLlLha94AaABAg,@Z3ROFUX,Tsar Bomba vs 3 crying babies ahh situation 😭🥀🥀,4,0,2026-05-16T05:51:35Z,2026-05-16T05:52:18Z
Ugw2ZTQxTeyn6W1r0dB4AaABAg,@ThinkBeforeYouSpeakk,That Haley Joel Osment line STILL kills me till this day. 🔥 😩🫡,2,0,2026-05-26T22:05:04Z,2026-05-26T22:05:04Z
UgxoUO031RhrEmmTON94AaABAg,@zaelaurentmusic2640,2yrs ago is unbelievable bro 🤦🏽‍♂️,3,0,2026-06-02T22:47:43Z,2026-06-02T22:47:43Z
UgyRvzpvRHi9clBGT2l4AaABAg,@Preston_arted,Hits even harder in 2026 😂😂😂,6,1,2026-05-20T13:06:20Z,2026-05-20T13:06:20Z
UgyDkcLq0lcjljIThVJ4AaABAg,@DezArray-vk8cr,best diss of all time idc idc idc,8,1,2026-06-26T03:48:14Z,2026-06-26T03:48:14Z
UgzCXWKh3tMUxDoh6Wt4AaABAg,@korchingear0110,Iceman can’t stop thissss,9,0,2026-05-16T07:49:48Z,2026-05-16T07:49:48Z
UgyZ-mve2iRnT_EY5Jh4AaABAg,@Kellz-l9z,We going to have the best hip hop memory to tell our kids lol,4,0,2026-06-16T19:26:27Z,2026-06-16T19:26:27Z
UgwOfx1dWve7wkPPRtl4AaABAg,@BlackRose20SAGB,This Never gets old deadass 😂‼️💪🏾💪🏾 king Kendrick frfr 🫡‼️👌🏾,4,0,2026-05-23T07:48:28Z,2026-05-23T07:48:28Z
UgwBoTKL7rTgkeFnbRh4AaABAg,@neo.5327,"""I make music that electrify em, you make music that pacify em""",4,0,2026-06-13T19:09:12Z,2026-06-13T19:09:12Z
UgxHOzt9nGg1drIghfN4AaABAg,@ywhach0118,maturing is realizing that this is the best diss out of all disses from dot🔥,2,0,2026-06-06T02:00:26Z,2026-06-06T02:00:26Z
UgwQEyqufwIKpAuV0714AaABAg,@DrakoGoneRogue,Mane dat nga went off on dis joint😂,5,1,2026-06-06T18:14:58Z,2026-06-06T18:14:58Z
UgyvocFrMOBghqJ11gJ4AaABAg,@pennyhudson9789,THIS ONE HERE WAS...BRUTAL BABY! DOT FOREVER!!!,4,0,2026-05-13T02:09:02Z,2026-05-13T02:09:02Z
UgzDLxjVVKG1EKLemsx4AaABAg,@SidneySpannJr-b9w4g,2:20 hard as af,5,0,2026-07-17T15:06:56Z,2026-07-17T15:06:56Z
UgxZYxgrCoqAOwK2JPh4AaABAg,@Christ_walker1,This is a work of art,7,0,2026-05-19T09:36:03Z,2026-05-19T09:36:03Z
UgwqoHQKc5_PBhQEu7V4AaABAg,@zanelunars6174,Ngl we gotta appreciate the art,4,0,2026-05-29T18:21:37Z,2026-05-29T18:21:37Z
Ugy9svJ-BzIzIoaU9ZR4AaABAg,@vgabnd_kenji,Two years later and this is still one of the greatest murders I’ve ever witnessed 😂,3,0,2026-06-19T18:29:05Z,2026-06-19T18:29:05Z
UgxdOLLFR2MecAN6r714AaABAg,@kizzDeee,🔥 Still Listening! 🔥,4,0,2026-09-06T22:13:20Z,2026-09-06T22:13:20Z
UgzbPbN15lr7wsU_kqV4AaABAg,@King-ZeanIgnacio-y2w,Kendrick lamar do not stop make music forever,5,0,2026-06-09T07:54:14Z,2026-06-09T07:54:14Z
UgxSlSVr8zxsVAmNrAZ4AaABAg,@Edgar-l2o6e,Going after his cat is wild😭😭,4,0,2026-06-07T14:07:24Z,2026-06-07T14:07:35Z
UgyiVxCIhuP0nPL0dNB4AaABAg,@tipsyXgypsy,"Might be an unpopular opinion, but Euphoria is better than Not Like Us and imma die on that hill 💯💯",6,0,2026-06-04T08:48:06Z,2026-06-04T08:48:06Z
UgzxN8iwsR9y3aU3Df54AaABAg,@Shsnshdbandjdbd,This shit so hard 🤣,7,0,2026-05-17T12:40:24Z,2026-05-17T12:40:24Z
UgxuKGefmYfJnz2W6H54AaABAg,@douglassoul1978,Song aged like the finest wines 👌🏾,4,0,2026-05-21T09:02:37Z,2026-05-21T09:02:37Z
UgzylVwi7T8WIgqIvId4AaABAg,@dylanwatson9384,"ANOTHER BEAT?

KENDRICK!!",3,1,2026-09-11T11:50:47Z,2026-09-11T11:50:47Z
UgzxbjZ50aNpo8M5XI14AaABAg,@ancientplayer3409,"Back in 2026.  I'm so grateful this man took this serious, this records instrumental is album/single level. Kenny went for the kill here.",2,0,2026-06-08T09:52:52Z,2026-06-08T09:52:52Z
Ugxu7xndcdTc3X2O3Cx4AaABAg,@1nterzept661,Came back to change the flowers on Drake’s grave,4,0,2026-08-21T01:56:18Z,2026-08-21T01:56:18Z
Ugzj1EpwTQOMhIic9CJ4AaABAg,@legendarvelo3206,Let me see if chubbs really crash one was the death sentence,5,0,2026-06-15T07:16:02Z,2026-06-15T07:16:02Z
UgwTfIyKbWVC72NYmvJ4AaABAg,@blessingmasawi3616,I hated Dot when he released this. now i realise he's right,2,0,2026-09-15T07:31:06Z,2026-09-15T07:31:06Z
Ugy2hlW4q06G0-qM2494AaABAg,@iamgr00t88,HOW IT ALL BEGAN 😢 WHY DID THE BOY HAVE TO LIE !?!?!,5,0,2026-05-18T19:19:12Z,2026-05-18T19:19:12Z
Ugz0cO-wnnMqx4OEGX94AaABAg,@filtatron,Who's here after 1 AM in Mid?,15,2,2026-05-14T01:22:14Z,2026-05-14T01:22:14Z
UgyfYYQiUJFvf23rCVZ4AaABAg,@PantherP777,6:08 He warned him about Not Like Us. 🤣,3,0,2026-06-01T10:37:06Z,2026-06-01T10:37:06Z
UgzCKOtnxFO_7JdcSzJ4AaABAg,@dawathakali4563,He ready to double the wage😂,3,0,2026-09-07T10:55:31Z,2026-09-07T10:55:31Z
Ugx_oTtQoDOzXMyGl3V4AaABAg,@DiegoGarcia-zq4vi,And we’re back 😎,13,0,2026-05-16T15:34:54Z,2026-05-16T15:34:54Z
UgzpB2wg6GwDNlKbpp94AaABAg,@BryceThePhineasAndFerbFan,3:53 The third beat is the best one honestly!,3,0,2026-05-23T05:09:39Z,2026-05-23T05:09:39Z
UgwVAnRS5p0V1xvu7HZ4AaABAg,@JosePremo0813,What is it the BRAIDS !!!! 😂😂😂,5,0,2026-06-07T15:04:57Z,2026-06-07T15:04:57Z
UgwVVIXH2oirdy9nMAR4AaABAg,@polar.westside9617,We need a music video for this song.😮,5,0,2026-05-21T03:19:07Z,2026-05-21T03:19:07Z
Ugyu3vpqP-w0qToVJ4d4AaABAg,@RVVZBRO,6 mins of best roast,3,0,2026-06-07T12:04:12Z,2026-06-07T12:04:12Z
UgyQInnExRXmoI4ey5F4AaABAg,@kidfazer,That Sexy Redd line might be the funniest bar in any rap song ever. Shit has me dying every time I hear it 😂,3,0,2026-05-13T02:47:04Z,2026-05-13T02:47:04Z
Ugx8MINAjvM7xmcOcQR4AaABAg,@tinalyngrace,"Still true May 16, 2026",11,0,2026-05-16T21:01:58Z,2026-05-16T21:01:58Z
Ugy27Vk3FVxsDuCDzoN4AaABAg,@Saul2004-n2j,Moving like reverse flash,4,0,2026-08-25T09:27:21Z,2026-08-25T09:27:21Z
UgyM45vZzT2SnVwYfzR4AaABAg,@justinsnyder409,Happy birthday to the 🐐!! I wish I could hear this for the first time again 😣😣,4,0,2026-06-17T16:35:37Z,2026-06-17T16:35:37Z
UgyueqmxdCY89sOyllR4AaABAg,@joshkraus392,He did indeed go Melly,6,0,2026-05-16T19:24:20Z,2026-05-16T19:24:20Z
UgzDUvBDLcL7VuHFfAF4AaABAg,@GG-qe4dd,"Kendrick: am about to end this man’s rapping ability, 

“what is it, the braids?????”

Me: ooooooooooooooooo😮 2:17",3,0,2026-05-19T08:22:38Z,2026-05-19T08:22:38Z
UgxONf5mzLEqHFoAgJp4AaABAg,@KanSangmuang,"4:44 ""You are signed to the..."" reminded me of the situation where the ownership of certain stock such as (spoiler alert: OVO) is acquired.",1,0,2026-08-28T01:13:24Z,2026-08-28T01:13:24Z
Ugxbv0K_VZA2zb0cBRh4AaABAg,@Hummingbird8866,"🗣️LET’S GO K-BOTZ, 🧛🏽🧛🏻‍♀️ &  the 🧟‍♀️.. let’s show them how WE do it! He STILL got shit twisted! Let’s beat them at their own game, 🗣️NUMBERS! Let’s run it up!",3,0,2026-05-15T22:31:06Z,2026-05-15T22:31:59Z
UgwqhLol6QBMCYzE9WR4AaABAg,@Myst1cBlaz3,K-Dot dropped this after 17 days cus Drake couldn't wait for the beef to turn 18,3,0,2026-05-14T23:49:43Z,2026-05-14T23:49:43Z
Ugwd7aT1NwuvA24EhVx4AaABAg,@jusyamanu,Here right now reminding us how he embarrassed the Canadian pdfile singer 😭😂,2,0,2026-05-13T04:01:48Z,2026-05-13T04:01:58Z
Ugy8SC6LfUkfSO8wGf54AaABAg,@rickygichimu5024,Can I like this track again damn best track of all still,5,0,2026-05-21T15:56:28Z,2026-05-21T15:56:28Z
Ugy_hGODUXWgin7W_EN4AaABAg,@twofu967,the shortest 6 mins of my life,7,0,2026-05-17T11:32:54Z,2026-05-17T11:32:54Z
Ugy97ftxc7lhUi4aKFZ4AaABAg,@dabiika,"2 years later and its still a BANGERR, i would play this all the time while playing arsenal, this is so nostalgic for no reason!!",2,0,2026-06-13T04:24:15Z,2026-06-13T04:24:15Z
UgxMF9Ls0NTsHAiZs014AaABAg,@yoericktv9610,"Still pops

Glad you made this

Thank you broski",4,0,2026-08-01T06:47:54Z,2026-08-01T06:47:54Z
Ugz_JWXE7ipj85fE5Zp4AaABAg,@bigplayapinescott,EUPHORIA VS 3 ALBUMS,6,0,2026-05-18T01:24:59Z,2026-05-18T01:24:59Z
UgwNp_wLoK-luxJXIix4AaABAg,@nikomega2,3:09 ralsei to flowery,5,0,2026-06-27T11:07:22Z,2026-06-27T11:07:22Z
UgxJHsRz04ShsJwLfW94AaABAg,@EanM-m4n,6 minutes of absolute warfare on this poor man holy shit 💀,4,0,2026-07-04T07:32:15Z,2026-07-04T07:32:15Z
Ugwa3POVzJBwjSruncx4AaABAg,@Johncanner-7,Who is here after Iceman?,7,0,2026-05-21T09:23:17Z,2026-05-21T09:23:17Z
UgzE07IQkZtrbNv6bmZ4AaABAg,@JustDens221,one song vs 3 albums comment was got me laugh hahaha lol,5,0,2026-05-18T18:27:16Z,2026-05-18T18:27:27Z
Ugxr6V6XsRYqa7KOUHp4AaABAg,@Majorkontrolla,I had to come here to rinse my ears from the HIM album,4,0,2026-05-21T23:10:48Z,2026-05-21T23:10:48Z
UgzjGIzlRQVaXnwG2TN4AaABAg,@sillyalert14,2 years and still peak,5,0,2026-05-20T20:41:44Z,2026-05-20T20:41:44Z
UgzODFkg73fhvZKSwZN4AaABAg,@TwistedShrapnel,This song lives rent free in the gambling ADDICT Aubrey Graham.,2,0,2026-05-30T02:30:23Z,2026-05-30T02:30:23Z
UgwUG-1YVftPef_hizB4AaABAg,@jgouda230,Dis shid is aging like ancient wine at dis point Drake album is horrific ☠️,5,0,2026-05-24T21:56:22Z,2026-05-24T21:56:22Z
UgzD6nUXAdObQgCuWgh4AaABAg,@braidedcarter11,2 years later and drake still aint let this go 😂,3,0,2026-05-28T00:57:10Z,2026-05-28T00:57:10Z
UgxqlkZT8Ck9m0Uru5h4AaABAg,@eliscott0833,3 albums of talking shit and still can’t come back…. KDOT THE 🐐,11,0,2026-05-17T04:01:18Z,2026-05-17T04:01:18Z
UgzKuKGmSp4fiJfO9-54AaABAg,@OVjetson,Kung Fu “Crawford” Kenny,4,0,2026-05-21T23:15:40Z,2026-05-21T23:15:40Z
UgxHJDlNfKIpsJATNq94AaABAg,@joep3438,Who is here ten years later,4,0,2026-05-21T10:24:34Z,2026-05-21T10:24:34Z
UgxTdz0V9TEqvb5eH3h4AaABAg,@snapsleazy2331,Been awhile but I’m back to this greatness 😅,4,0,2026-05-26T13:11:46Z,2026-05-26T13:11:46Z
UgwZY6ZsCjx2RZBMcrF4AaABAg,@ThokozaniChiputu-ul3mx,Am sure Drake was shaking his head while listening the second beat 😭,4,0,2026-06-14T18:43:55Z,2026-06-14T18:43:55Z
UgzO-KigWH9rOaAwdhZ4AaABAg,@miguelmoura9345,"Reed: *EXISTS*
Doom: I hate the way that you walk, the way that you talk, I hate the way that you dress",0,0,2026-08-24T23:19:08Z,2026-08-24T23:19:08Z
Ugw2I-N9uvLvXFvbbgp4AaABAg,@badman357,Back to hear this kill shot,5,0,2026-05-13T22:36:46Z,2026-05-13T22:36:46Z
Ugz77yRFn_j7eFx4WmZ4AaABAg,@larryhorne-px4ky,This shit unbelievable 😂,9,1,2026-05-18T07:04:56Z,2026-05-18T07:04:56Z
Ugzvh3OfEVs0KV5uQA94AaABAg,@curtlamar5046,Here after listening to that bullshit Iceman. Couldn’t even listen to the second song 😂,9,0,2026-05-17T21:37:33Z,2026-05-17T21:37:33Z
UgwxXjLRbM-I8el76bR4AaABAg,@delorispatton1848,Yep I listen to Kendrick Lamar  all the time 🎉❤😂😊,4,0,2026-07-16T19:12:21Z,2026-07-16T19:12:21Z
UgxkM1fsnSsaMeMSPgZ4AaABAg,@rickybalboa8552,What a magical morning this was when it dropped ✨,3,0,2026-06-19T22:49:49Z,2026-06-19T22:50:20Z
UgxCH52C6a-JECrh79F4AaABAg,@lita2dapita,Best song ever made.  ❤❤🎉,1,0,2026-09-16T14:52:27Z,2026-09-16T14:52:27Z
UgzlqObb6or756mbCm54AaABAg,@SoullessWarrior36,Goddamn that YNW Melly bar was crazzzzyyyyy,3,0,2026-05-27T10:45:48Z,2026-05-27T10:45:48Z
Ugwr7cAMMI9-Vnvjmop4AaABAg,@LuhTopoff-g3m,Here after Drake new album.,9,0,2026-05-18T02:08:36Z,2026-05-18T02:08:36Z
UgyM_dVECmhc1yGKuDR4AaABAg,@eminemfan3650,3:23 IM WHAT THE CULTURES FEELING🗣️🗣️🔥🔥🔥🔥🔥,3,0,2026-05-28T13:32:54Z,2026-05-28T13:32:54Z
UgzpaNKMme3h2qooklt4AaABAg,@nellienellsays,That album made me run it back 😂😂😂,8,0,2026-05-16T23:26:16Z,2026-05-16T23:26:16Z
UgxqVaIth1K5mTqE5jl4AaABAg,@ThePurpleAura,I just realized he really made Drake's Push Ups sound like High School Musical kids beefing in a canteen. 😭😭😭,2,0,2026-05-30T10:52:47Z,2026-05-30T10:52:47Z
Ugw3aAzybEED6gEi1e94AaABAg,@Chris-n-tasha,Don’t mind me. I’m going back in time revisiting ever diss song in order to restore that feeling😅,1,0,2026-09-15T18:45:59Z,2026-09-15T18:45:59Z
UgxHNPzZsgDIsJIKbxF4AaABAg,@terrys7666,These diss track keeps aging better with time.,9,0,2026-05-17T06:09:12Z,2026-05-17T06:09:12Z
UgxgjI7OSeyuO-p4WPR4AaABAg,@arte9858,"Ngl this my favorite diss from the beef, but I also really liked Taylor made freestyle only because of the classic laid back west coast vibe.",1,0,2026-08-11T21:42:32Z,2026-08-11T21:42:32Z
UgzilbeaWNY_ecxmUQh4AaABAg,@Scatpackjerm2x,This song hits even harder now 😭,11,0,2026-05-17T03:57:08Z,2026-05-17T03:57:08Z
Ugxcp3GalNkPLsqKeAd4AaABAg,@Wendy-t9v,2026 Still 🔥🔥🔥🔥🔥,6,0,2026-05-19T06:32:58Z,2026-05-19T06:32:58Z
UgxopC2xvoGpJwKPLWx4AaABAg,@mooscuue,"""How many more Black Features till you're black enough?"" Is still such a crazy bar, because it refers to a myriad of things depending on the listeners interpretation and ALL of them are correct. 

Black Features as in how he he's only half, and so removed from black culture that he tries to emulate black American culture to fit in.

Black Features being obvious with skin tone, nose, full lips and other obvious physical traits that are common with black folks.

Black Features meaning artists who were in already credible within the music scene and that he connected with and used to make himself ALSO seem credible. 

It may not also be a stretch to say Black Features as in TV or Movies because Drake was on Degrassi. 

Kendrick genuinely broke this man down to his core in this song and it's still probably my favorite from the beef aside from Not Like Us which is more like a Victory Lap and Meet the Grahams which is just malicious all around. Kendrick really is the boogeyman 😭😭😭😭",2,1,2026-09-11T13:16:54Z,2026-09-11T13:16:54Z
UgzdKRL-9eWjUCxpmf54AaABAg,@Zainab-u4b8r,This rap battle was necessary ❤ I respect both artists,1,0,2026-08-07T19:17:36Z,2026-08-17T05:46:59Z
UgwN7Yzqmau0UfpU3O14AaABAg,@tjayd1225,Dot changed that boy from this moment forward,2,0,2026-05-15T01:21:38Z,2026-05-15T01:21:38Z
UgyBUCwCCWaJal66Xnp4AaABAg,@9Scatman,Documentary 3 and still have to relive the best 15 minutes of my life,1,0,2026-08-23T00:42:04Z,2026-08-23T00:42:04Z
Ugy07BznExtuVbRon8V4AaABAg,@spectralflapjack,"""I love em to death and in eight bars I'll explain that phrase""
*Eight bars later*
""I pray they my real friends, if not I'm YNW Melly""

Yo k-dot, you good?",4,0,2026-05-14T02:49:16Z,2026-05-14T02:49:16Z
UgzqxQ2ECj6Yk5lnuQN4AaABAg,@afnf-dazooka7420,We should all run up the numbers on all the drake diss songs 😂😂😂,8,3,2026-05-18T18:48:11Z,2026-05-18T18:48:11Z
UgzBcLdEK5saqUnQ_0x4AaABAg,@dominicbeller8700,"“We ain’t gotta get personal, this a friendly fade” 

*12 seconds later* 

“I’m the biggest hater. I hate the way that you walk, the way that you talk, I hate the way that you dress…”",3,1,2026-07-23T00:09:27Z,2026-07-23T00:09:27Z
Ugz9TZL-cxelydqLlpJ4AaABAg,@DavisMileRSA,2024 Apr 30 until 2026 Thursday Jun 18th & I'm still listening to this classic ❤,2,0,2026-06-18T12:22:52Z,2026-06-18T12:22:52Z
UgzPG4sDLvDHy7eahW54AaABAg,@Purple_bunnyy,Cant believe its been two years already,4,0,2026-05-19T20:12:13Z,2026-05-19T20:12:13Z
UgwYiBXCfur2E5sl-7p4AaABAg,@AhsiamNilwon,Happy Bday Pac & Dot!! I hope ya'll had the BEST fukkin day in Heaven & on Earth!! #HomeTownHeroes 6/16/26 🌴🌴,3,0,2026-06-17T05:53:53Z,2026-06-17T05:53:53Z
Ugyxi4f_KWetdr4SJPt4AaABAg,@khaliljackson8886,That boi dissed Wayne and no one caught it. “His daddy a killer (Wayne) he wanna be Jr. (Wayne is already a jr. with birdman) he must have forgot the s*** that they done    (Wayne and Birdman iykyk). Dementia must run in his family (Wayne forgetting lyrics) but let it get shaky I will park-his-son (Parkinson’s disease is a side effect of dementia. 🔥🔥🔥🔥,5,2,2026-06-13T21:45:58Z,2026-06-13T21:45:58Z
UgyzrvPxBuKK9oA6eyZ4AaABAg,@jaymac7801,3:10 is hilariously fire!,3,0,2026-07-12T11:37:33Z,2026-07-12T11:38:01Z
UgzuzRUXB1HkfZFKP2p4AaABAg,@Unatypical,2026 after drakes drop and this is still a violation 🔥🔥🔥🔥🔥🔥🔥🔥🔥🔥🔥🔥🔥🔥🔥,3,0,2026-05-31T11:26:26Z,2026-05-31T11:26:26Z
Ugxk4GnqaVMZ413Qmhh4AaABAg,@jordanlouie_,“Hurr Hurrr Hurrr” 🐕,6,1,2026-08-14T02:41:09Z,2026-08-14T02:41:09Z
UgyAZbC8MYFtkgEOyxl4AaABAg,@user-666y,2 years is crazy,3,0,2026-08-14T06:08:13Z,2026-08-14T06:08:13Z
Ugw1DS9djbUO6IeI2Ut4AaABAg,@mrjames851,"Came back here after Stat Quo said on The 3rd Verse podcast that it was the first time he felt jealousy, even after retiring, seeing the crowd know every word of this on The Pop Out",2,0,2026-06-06T14:28:06Z,2026-06-06T14:28:06Z
Ugy_CKG37O9OFHU-6nh4AaABAg,@AlexMufamadi,We're back at it again🤣🔥!!,4,0,2026-07-31T22:55:07Z,2026-07-31T22:55:07Z
Ugz-c8O_u_uN-Xdcp4t4AaABAg,@MrTjthorso,"In all aspects other than literally, our boy done killed Drake",1,0,2026-08-24T19:36:51Z,2026-08-24T19:36:51Z
Ugyu6kVeQOeDfVEF9lF4AaABAg,@Jiren488,*the best diss by far!*,3,0,2026-06-02T14:02:41Z,2026-06-02T14:02:41Z
Ugw4OWCzc8rTDmX2cKN4AaABAg,@KanSangmuang,"Well, it reminded me of Spain beating France by 2-0 in 2026 World Cup Semifinals with Yamal vs Mbappé.",3,0,2026-07-15T01:32:12Z,2026-07-15T01:32:12Z
UgxEyWI1iYyPHPO6n794AaABAg,@Lebateaux,Iceman so trash i had to come back to quench my thirst,11,0,2026-05-26T18:28:30Z,2026-05-26T18:28:30Z
UgyqGqFesLUfGSCIjcJ4AaABAg,@DuchessMoney,EUPHORIA is better than all 3 Albums Drake Dropped 😂😂😂,5,0,2026-05-23T06:10:02Z,2026-05-23T06:10:02Z
Ugy0vcz3SQ8Bkkuq3dJ4AaABAg,@andreacampbell5768,Had to come back and slap this in the midst of the Drizzy Drops 😂 6 mins & 24 seconds of straight bars😭 Kdot & Ice Man best music makers of our time 🥲 💎🔥🧊💯 🎶 😭🙏🏾,1,0,2026-05-27T00:17:47Z,2026-05-27T00:20:13Z
UgyTSMOQ1xTrDHh4If94AaABAg,@lionelstudd2391,Let me see you Pusha Teeeee 😂😂,6,0,2026-05-20T14:19:14Z,2026-05-20T14:19:14Z
UgxTzGi9-o1kvQB5DLJ4AaABAg,@nikkinik8563,"Made all the references on his album this did a number on Drake, play this at your next therapy session bookie 😅",1,0,2026-05-15T08:29:51Z,2026-05-15T08:29:51Z
UgyiKJQOVEprZZmNbMJ4AaABAg,@Sacco-b6t,All time classic 💯,5,1,2026-05-18T19:51:54Z,2026-05-18T19:51:54Z
Ugzs2MLcvXGdYYSOzBx4AaABAg,@dionnedavis3027,Not like us didn’t kill him off this song did…goodnight,3,0,2026-08-10T06:50:36Z,2026-08-10T06:50:36Z
UgxTi7vn4Uz1upyf1Mh4AaABAg,@KobiTheLadder,Anyone here July 4th? 🦅🇺🇸,6,0,2026-07-04T18:03:41Z,2026-07-04T18:03:41Z
Ugy1y7oKZmez6lvIaqh4AaABAg,@CompactFreestylez-c6d,"Kendrick once said ""were on this earth to love.""
But proceeds to write the lyrics
""I'm the biggest hater I hate the way that u walk the way that u talk I hate the way that dress I hate the way that u sneak diss I even hate the way u say nga""",1,0,2026-08-03T02:42:25Z,2026-08-03T02:42:25Z
UgyG4Koi6FV3CMq7vFt4AaABAg,@X-Communicados,We are gathered here again ⚰️😁🙏🏾,7,0,2026-06-12T17:11:52Z,2026-06-12T17:11:52Z
Ugzc62G2xefpS1UyeQF4AaABAg,@younggsavage22,Drake drop but that’s not enough 😂,7,1,2026-05-21T19:11:20Z,2026-05-21T19:11:20Z
UgzE-s_hmcoO9wP6FaJ4AaABAg,@vicentesanchezjr.3877,I'm back home 😌,7,0,2026-06-02T23:30:44Z,2026-06-02T23:30:44Z
UgxzBXjQo6ODvmWWAlp4AaABAg,@AsteroidKp1,2026 and I'm still here yall,4,0,2026-06-09T16:17:35Z,2026-06-09T16:17:35Z
Ugw4vEQOdbBRiBpLx0B4AaABAg,@BLACKINDIANS,"Something that I don’t hear people talking about is the end of verse 3 when Kendrick says “nobody never took my food.” Why did he say that? Who is he referencing? What is he referencing? He’s referring to Drake accusing Top Dawg (CEO of Top Dawg Ent) of extorting Kendrick. Kendrick is basically saying “YEAH Top is an OG where he’s from, a real reputable. And guess what? He still ain’t taking my food! So if a OG from Watts ain’t scaring me, you think I’m scared of a Canadian TV star turned rapper??!!” 😂😂",2,0,2026-05-23T21:34:01Z,2026-05-23T21:34:01Z
UgzZuQuDosZJLAXGFit4AaABAg,@bobbarker7164,Best song out of the feud hands down.,1,0,2026-07-21T17:52:58Z,2026-07-21T17:52:58Z
UgykoubZoPZosQcwKup4AaABAg,@hugoschkiglitz,"What a time it was to be alive!  The response anticipation, the dissection of hidden meanings, the research, the online reactions adding to the vibe and culture… while being on the winning side.  Greatest Hip Hop moment in my lifetime, and a true display of levels of skills between Drake and Kendrick.  Idk wtf Drake was thinking",1,0,2026-05-26T17:03:50Z,2026-05-26T17:03:50Z
UgwLv3aAgQWm6X3BWJd4AaABAg,@ragevl7201,wtf it feel like yesterday,5,0,2026-05-20T13:49:03Z,2026-05-20T13:49:03Z
Ugz_pikC2Vrwq240P5l4AaABAg,@DarnellUnLocked,2026 reliving the coldness 🥶,4,0,2026-05-20T04:47:06Z,2026-05-20T04:47:06Z
UgzHirk6nGz2oI4CK-t4AaABAg,@ABOMINATION952,best diss kendrick has ever made,1,0,2026-07-24T02:25:52Z,2026-07-24T02:25:52Z
Ugy6Wjc4hNXYMYe0Wf94AaABAg,@AllHandsOnEveryThing,Bruuuuh this shyt was haaaard!😂 Sounds even harder in 2026,5,2,2026-06-26T21:20:25Z,2026-06-26T21:20:25Z
UgzHQzMYMQxaV5ZoAuN4AaABAg,@Peanutbutterfella,4:34 LMFAO,4,0,2026-09-06T01:50:12Z,2026-09-06T01:50:59Z
UgxoIHuIR03EW9-A7_x4AaABAg,@searchpartylintonkush,Who here after 1am in Albany✔️,8,2,2026-05-14T23:49:14Z,2026-05-14T23:49:14Z
UgxCqEjUAEIpjIkFlUx4AaABAg,@imtc123,"Drake lost that ridicules case last year but sued again last month. K-dot moved on long ago, he released a new album and had a very successful tour. Drake is gone to me, never was that interested in him anyway... looking forward to what good rappers are cooking like K-dot.",5,0,2026-05-26T02:59:07Z,2026-05-26T02:59:07Z
Ugy8podft9kUjyMAYc14AaABAg,@MellGotDollaz,Dropped 3 albums at once to pacify 'em,2,0,2026-07-09T03:42:02Z,2026-07-09T03:42:02Z
Ugy36pQ1itSkJY-5hoJ4AaABAg,@SouthcentralSom,Still here 2026,4,0,2026-08-29T00:58:12Z,2026-08-29T00:58:12Z
Ugwlhe8PyWb3mr02jg54AaABAg,@123piano8,Decided to listen to Cheetah Print… immediately ran to this video,3,0,2026-05-21T13:12:50Z,2026-05-21T13:12:50Z
Ugw679i_UTMfl7siFmJ4AaABAg,@eddibetty10,Rumor has it Drake still comes back to this video every other month just to listen,1,0,2026-06-04T19:37:16Z,2026-06-04T19:37:16Z
UgzIrFzLbvN7AAiNjGB4AaABAg,@ayoubelmaayati2936,"You better walk like daft punk 
Remember , ay top dawn who the fuck they think they play with ? 🤣",2,0,2026-09-10T23:50:17Z,2026-09-10T23:50:17Z
UgzI_GslRQ2cU5ef_Bx4AaABAg,@shirleyjohnson7004,IM BACK😅  I PLAY AGAIN AND AGAIN😂😂😂,10,1,2026-06-08T03:56:06Z,2026-06-08T03:56:06Z
UgytnYGa4GEg-elcimN4AaABAg,@2menterprisesinc,88 million views is crazy. This was the hottest song 2yrs ago. Should be at least a Billion views,1,0,2026-06-24T22:32:26Z,2026-06-24T22:32:26Z
UgzK0Wd4DYlIOIByXD14AaABAg,@NIGHTMARE-wj5vv,Best diss track OAT,4,0,2026-05-22T20:58:07Z,2026-05-22T20:58:07Z
UgyCI-u53K3dgzof7dJ4AaABAg,@KestraBeatz,like if you think this was the best diss track in the beef,8,0,2026-05-22T11:33:06Z,2026-05-22T11:33:06Z
UgwpKJLfxO35fPciRf14AaABAg,@roseyy.b,"Idk if anyone else noticed but in The Way You Make Me Feel Michael says “I like the groove of your walk, your talk, your dress”, I might be reaching but I think that’s why he says “I hate the way that you talk, the way that you walk, the way that you dress” since Drake compares himself with MJ",1,0,2026-08-27T22:09:12Z,2026-08-27T22:09:12Z
UgxbyAK1zwc234n3TLd4AaABAg,@CarterBencker-o7r,I may be white but this song will always be good,3,0,2026-08-29T18:17:42Z,2026-08-29T18:17:42Z
UgyEi7yv8cGqvTnsb1d4AaABAg,@InternetMexicanOfficial,I never noticed that flash of the prisoner from Abu Grahb prison,2,0,2026-05-19T01:29:34Z,2026-05-19T01:29:34Z
Ugy8GHutPOX9zYFmicV4AaABAg,@hotcumodity77,5:56 Fave line for me…he closed this out MASTERFULLY 💯👏🏾🫡,0,0,2026-09-14T17:11:39Z,2026-09-14T17:11:39Z
Ugx2rnLob2bWdNvdv8Z4AaABAg,@King_Maker25,Who’s back here after those trash drops 😂,10,0,2026-05-17T22:50:28Z,2026-05-17T22:50:28Z
UgzrRhD_3IeMBjDQFtF4AaABAg,@samwhite9894,Let your core audience stomach that.,2,0,2026-07-27T15:28:13Z,2026-07-27T15:28:13Z
Ugx1lVy1-TknrJ_CQKR4AaABAg,@MrSniperific13,Time flies dont it...,3,0,2026-05-28T03:57:09Z,2026-05-28T03:57:09Z
Ugwcrqc8XUxbYPn40kF4AaABAg,@keianavernon7103,2026 I’m still rapping this word for word. 💯🔥,3,0,2026-06-25T14:58:32Z,2026-06-25T14:58:32Z
UgywaoC6U2B7mmVuH4R4AaABAg,@retrosavy5853,First 5 bars killed make it hard to listen to drake the same,5,0,2026-05-18T15:20:30Z,2026-05-18T15:20:30Z
Ugx8Jv48u7o-FZlTKNh4AaABAg,@phastinemoon,"Man, any other rapper who says “let’s keep this friendly” right before saying “by the way, I hate your guts, and I hate you, personally”… I’d be thinking they need to make up their mind…

But Kendrick crafted this WHOLE track so well, it comes across as “I despise everything about you, so I’m giving you a chance to walk away because I think it’s beneath me to deal with you - I’ll let you live if you don’t make me have to deal with you.”

Just… masterful",10,1,2026-06-29T22:13:52Z,2026-06-29T22:13:52Z
UgxtPozHYPdbPf0Ajop4AaABAg,@commersejersey2188,2:32 Kendrick after receiving 38 missed calls from Jayceon Taylor 📵,1,0,2026-08-22T16:03:19Z,2026-08-22T16:03:19Z
Ugxxv5pu1zdLKUHyn4F4AaABAg,@oz-zy,best diss track of all time,5,3,2026-08-05T22:54:52Z,2026-08-05T22:54:52Z
UgxxU_49T17pGlFisb14AaABAg,@matthewp1682,This was the best song out of the beef,2,0,2026-05-28T18:27:54Z,2026-05-28T18:27:54Z
UgysZHiSKU2HyqdITF54AaABAg,@tonyhatton5658,Only Here for the Beat!!! ICEMAN🔥🔥🔥🔥,1,0,2026-07-10T17:12:05Z,2026-07-10T17:15:19Z
UgxsCX_7V-E85V7ebmR4AaABAg,@Camswrld2016,w teddy pendergrass sample in the intro,2,0,2026-07-31T01:09:52Z,2026-07-31T01:09:52Z
UgzxwRRVaLRdd4qr5S54AaABAg,@seventyseven7255,Dot smoked Drake with this alone,2,0,2026-08-11T17:49:59Z,2026-08-11T17:49:59Z
UgxKsF4YJ0ZytjTyI_h4AaABAg,@Pedakin,Back again.,12,2,2026-05-15T17:53:53Z,2026-05-15T17:53:53Z
UgwMalHnfWwOyARhpRZ4AaABAg,@Jeyidee-ayi-omunye,For those who always come back when drake drops--‐-‐--------------------> you know 🔥🔥🔥,2,0,2026-07-05T08:59:22Z,2026-07-05T08:59:22Z
UgwS6t3p8SgUdy_VY4t4AaABAg,@Masese_,Ausar stephens brought me back😭,3,0,2026-05-24T17:53:06Z,2026-05-24T17:53:06Z
UgwCsWYV8A9LcyRdqAt4AaABAg,@RealNacho-d8t,2 years man...,3,0,2026-06-19T04:40:21Z,2026-06-19T04:40:21Z
UgwOWXJWUxF_baflFqN4AaABAg,@kwezikolweni9385,August anyone?,4,0,2026-08-15T16:21:58Z,2026-08-15T16:21:58Z
Ugywtlb_W5QMAb9UWE14AaABAg,@chitminko5143,Happy2ñď anniversary frrrr.,3,0,2026-05-29T04:11:12Z,2026-05-29T04:11:12Z
UgweK0SF7wNEczdX7ot4AaABAg,@kokorotsurumaki8216,here to remind myself i'm not hating hard enough,13,4,2026-05-20T21:45:56Z,2026-05-20T21:45:56Z
Ugy6_2Kgg7EbcTjPgkd4AaABAg,@buddHap3st133,Hello world 🌍 here we convene again,8,0,2026-05-22T13:55:59Z,2026-05-22T13:55:59Z
UgwBd9Wiad17s9Yl5xV4AaABAg,@kerstinbyas4471,Just making sure it’s STILL HERE😂😂😂😂,2,0,2026-05-13T03:07:55Z,2026-05-13T03:07:55Z
UgwXAnBGVbWGd4ybhfd4AaABAg,@tamarabeckum4194,0:01 everything they say about me is true,4,0,2026-06-16T16:13:31Z,2026-06-16T16:13:31Z
UgyTq-AzszPSCB6T-Ax4AaABAg,@marissa_Devan,STILL HERE!!!!,5,0,2026-05-19T23:47:44Z,2026-05-19T23:47:44Z
Ugwb7jHcf6xznpRDxc14AaABAg,@nellwell82,RIP Rue! 😢,4,1,2026-06-02T04:45:47Z,2026-06-02T04:45:47Z
UgxLWLidGWbeY2KeDBN4AaABAg,@nbox1234,6:21 This whole song was a warning to enjoy the euphoria; listing the things and reasons one should STOP. 🛑 (Now dude suing to stop. Lol),1,0,2026-06-07T08:59:01Z,2026-06-07T08:59:01Z
UgyvGEAxJPsu0FuKdyd4AaABAg,@MaxFlavorz,Better than not like us,18,4,2026-05-18T02:10:08Z,2026-05-18T02:10:08Z
UgwPy8qns17s8Uoghop4AaABAg,@kylemorganmitchellii62,This shit mad hard.. still ctfu,2,0,2026-07-20T04:09:17Z,2026-07-20T04:09:17Z
UgxCuBAowSNnXOpZBWF4AaABAg,@Don-g2w,Kendrick the GOAT✊🏻🔥,3,0,2026-05-24T08:56:03Z,2026-05-24T08:56:03Z
UgyLca-wte1DvWFYXDF4AaABAg,@nickoliramnath9163,The iceman is not a nice man I'm hot n cold 😂😂😂. BBL drizzy,3,0,2026-05-21T07:21:33Z,2026-05-21T07:21:33Z
UgwpwfJ8C_QOHyKGEtd4AaABAg,@IraqiShiaMuslim,we all listening to this in 2026 🥹❤️‍🩹,2,0,2026-07-25T01:23:06Z,2026-07-25T01:23:06Z
UgyPMPb2HFvoITWq5aR4AaABAg,@OfficialPrettyFatal,"👇Anyone in 2026, this song is fireee! And drake the beef is done SIT DOWN.",5,0,2026-06-10T21:48:40Z,2026-06-10T21:48:40Z
Ugz8vWPGSkTCs9EAVid4AaABAg,@sanchezeli5,Where was this fk 🥷 ice man at when diz 🔥🔥🔥🔥🔥 drop? 🤣,4,1,2026-05-29T08:26:17Z,2026-05-29T08:26:17Z
Ugy0fy189fvALif6dM14AaABAg,@rebeccamcguire2798,2 years later and this song aged like fine wine,2,0,2026-06-25T11:44:35Z,2026-06-25T11:44:35Z
UgzM-3jrOKThK1_639h4AaABAg,@AjeArje,🙂🙂🙂🙂👋🏾 stilllll relevant (and stilllll got em bothered 😭)🔥🔥🔥,2,0,2026-05-15T04:42:49Z,2026-05-15T04:42:49Z
UgxV3yhOlAITwU4mP_R4AaABAg,@props_274,Kendrick is a genius,1,0,2026-08-26T04:47:45Z,2026-08-26T04:47:45Z
UgzRz2uvCmXUkpQoMyZ4AaABAg,@ignatioperez,Told my opp he better walk like daft punk 🥀,2,0,2026-07-24T11:16:38Z,2026-07-24T11:16:38Z
Ugz8GXDIKaoqvdWpERJ4AaABAg,@LuhTopoff-g3m,Did yall know Drake is the executive producer of Euphoria 🤮🤮🤮🤮🤮🤮🤮🤮🤮🤮🤮🤮🤮🤮🤮🤮🤮🤮🤮🤮🤮🤮🤮🤮🤮🤮🤮🤮🤮🤮🤮🤮🤮🤮🤮🤮🤮🤮🤮🤮,2,0,2026-05-18T02:04:10Z,2026-05-18T02:04:10Z
UgzZyouB0VmMCcNE8nR4AaABAg,@sirmattier,4:59 Nun bout that,3,0,2026-05-27T13:27:15Z,2026-05-27T13:27:15Z
UgxYVsy2swuDYwjVLIx4AaABAg,@Joseph-p9t5c,Now this real hip hop and rap hell yeah it's fire,1,0,2026-07-30T06:50:12Z,2026-07-30T06:50:12Z
UgyPrkn2SR5imL0ljlx4AaABAg,@CAFEExpression,we here after ICEMAN y'all 😂😅.,14,0,2026-05-21T16:57:27Z,2026-05-21T16:57:27Z
Ugwf8wJwMf9N8CLqsDp4AaABAg,@An_UnpopularOpinion,This has more views than Drake’s videos,6,0,2026-05-29T22:10:32Z,2026-05-29T22:10:32Z
Ugx6k8Amuq9asWGXtFB4AaABAg,@risekelevra3405,I wonder how tall Kendrick’s son is gonna grow up.,2,0,2026-06-18T16:30:33Z,2026-06-18T16:30:33Z
UgxsrDdI0e8jp9wxbT14AaABAg,@k_ibrahem3557,I play this shit all day,3,0,2026-08-14T19:11:04Z,2026-08-14T19:11:04Z
UgwBRnjHj6MXpEibWIB4AaABAg,@chriscook182,Ya this dude Kendrick is CRAZY,2,0,2026-05-27T23:13:32Z,2026-05-27T23:13:32Z
UgwBXaJ25JsiHAhuKd14AaABAg,@swompywompy,what a good old day,3,0,2026-07-15T12:33:22Z,2026-07-15T12:33:22Z
UgwEAiGEY3vph6VPujh4AaABAg,@Lox_mc,"""Don't tell no lie about me, and I won't tell no truth about you""  i geuss we know the truth rn 🤧",1,0,2026-07-27T21:51:27Z,2026-07-27T21:51:27Z
UgwZQymaYXtVT_Ol8XF4AaABAg,@astraa.musicx,Damm it's been 2yrs already.,2,0,2026-08-27T17:50:34Z,2026-08-27T17:50:34Z
UgwDjPaSIFEygwjJLBF4AaABAg,@MarleyMPR,Who here cause all 3 Drake albums were mid?!,40,1,2026-05-15T15:13:56Z,2026-05-15T15:13:56Z
Ugz2cuF4GBA8rLN8lF14AaABAg,@Disdasmoke,5:20 The flow transition is peakkk !!!! 🙌🙌,1,0,2026-06-05T08:25:37Z,2026-06-05T08:25:37Z
UgyBQzeC7fARwuX3FTt4AaABAg,@DonKwekaManLikeKweks,May 15 2026 👨‍🚒,8,0,2026-05-15T17:17:03Z,2026-05-15T17:17:03Z
UgyghpfxdfuBZBEQN0V4AaABAg,@litepaw7,Happy Juneteenth 🐈‍⬛,6,0,2026-06-20T00:42:43Z,2026-06-20T00:42:43Z
UgyRsIcPgU4ZnEdgAJJ4AaABAg,@ZuoZuoaa,The SAMPLE of “your my inspiration” IS CRAZYYYY,0,0,2026-07-26T18:15:04Z,2026-07-26T18:15:04Z
UgyMfUhfGYT5XsR036J4AaABAg,@Cicotoff,how is this 2 years old,5,0,2026-06-13T18:19:20Z,2026-06-13T18:19:20Z
UgwPTkqZbrnQ2XpdX1F4AaABAg,@anthonyrivers-h1q,"Can any Apple Music user please tell me I’m not tripping… I was listening to this song just now and at the end where he says “we don’t wanna hear you say n no more” you can slightly here “silent hill” off the Mr morale album.. as if it’s trying to transition into it, I had repeat on and transition setting off and I didn’t even have silent hill played next anyways",2,0,2026-05-22T16:41:30Z,2026-05-22T16:41:30Z
UgwvhisXO-GNQ7mt2mt4AaABAg,@FishWZRD96,Real gonna beat that phony shit every time,2,0,2026-08-29T18:59:53Z,2026-08-29T18:59:53Z
Ugx_5H9x6p5_05ZcfrV4AaABAg,@LilSkrupa,2026 Anyone ? 😀👋,5,0,2026-05-20T20:00:52Z,2026-05-20T20:00:52Z
Ugz-0kYYjBNO5HL0apV4AaABAg,@MountMister,cooked him,15,0,2026-05-15T16:27:12Z,2026-05-15T16:27:12Z
UgxD5q6PkeCWND6XZNZ4AaABAg,@whotfisgiganggxd,3 álbums none hit like ts tbh,4,0,2026-05-19T11:18:04Z,2026-05-19T11:18:04Z
UgySlZ-_oBwKe9OXqeN4AaABAg,@wowwowwow7891,Best song in the diss!!!,3,0,2026-08-01T12:13:36Z,2026-08-01T12:13:36Z
Ugwd9yGUUZYonx0Rr1N4AaABAg,@introvirgoblu94,This broke my headphones 🎧 lol,3,0,2026-07-27T05:56:35Z,2026-07-27T05:56:35Z
Ugz7eUquoISV3rrXzHJ4AaABAg,@michaeljimerson9021,This is way better than that not like us shit.,3,0,2026-08-28T16:44:33Z,2026-08-28T16:44:33Z
Ugx_EMbltrNJehXPKON4AaABAg,@alizar951,This is that Pulitzer Prize pen right here ✍🏽,1,0,2026-09-14T12:25:27Z,2026-09-14T12:25:27Z
UgyJvaq1qkbwL_JCpsd4AaABAg,@AlexofZippo,"Man, 2 years. And Drake has only gotten worse.",4,0,2026-08-13T05:11:31Z,2026-08-13T05:11:31Z
Ugx8F7x8X6HKivATmjN4AaABAg,@whistlehammock,THIS SHIT (still) HARD,2,0,2026-06-03T07:34:33Z,2026-06-03T07:34:33Z
UgxPit9qBFXdwe4dUcx4AaABAg,@Stu-GE,.DOT!!!👽👽👽..,8,0,2026-05-16T11:28:13Z,2026-05-16T11:31:31Z
Ugw2Wn4teYcrTgCxb754AaABAg,@pr3ssR3,I know you came back in 2026!!!!!!!!!!,6,0,2026-05-20T22:30:23Z,2026-05-20T22:30:23Z
Ugzjvb_JHLe-J3Tl8tx4AaABAg,@naidavis2722,Who's here after those Trash Album's from Dropped?,6,0,2026-05-15T06:12:59Z,2026-05-15T06:12:59Z
UgyVdt-uuVaBwwJIvWR4AaABAg,@SabeloKhanyileSA-c6q,Here after Iceman,3,0,2026-05-15T05:13:29Z,2026-05-15T05:13:29Z
UgztvwA_o_5SyK1WZaV4AaABAg,@ZuurrPPP,Nah this shit was tough,2,0,2026-08-11T21:27:12Z,2026-08-11T21:27:12Z
UgzxiSMqn-vVF8xnISV4AaABAg,@Zen_zaza,It all circles back to this 😂😂😂,4,1,2026-05-18T15:20:13Z,2026-05-18T15:20:13Z
UgxkOoGZqQoDGfOLdIN4AaABAg,@Saasori,Each time I listen to this track. It's reminds how Drake underestimated Kendrick and overestimated his ability 😂,3,0,2026-08-16T15:56:12Z,2026-08-16T15:56:12Z
Ugzg55_4KngDdLHLa8R4AaABAg,@kingf3243,2:49 Lemme see you push a T😂😂in 2026,2,0,2026-07-19T15:27:41Z,2026-07-19T15:28:08Z
Ugxye65diujty2rnfB14AaABAg,@KyndalWilson-pn1du,My favorite diss track to post to,2,0,2026-09-11T20:13:16Z,2026-09-11T20:13:16Z
UgzhAqfkXz6WV9oeSR54AaABAg,@KMO325,Just randomly felt the need to come back to this one after a year since I listened to it.,1,0,2026-06-10T01:35:37Z,2026-06-10T01:35:37Z
Ugy823OpFXBp-Hc0n6J4AaABAg,@DamonMandrake,I hate looking up this song and getting the show instead,2,0,2026-05-22T22:41:37Z,2026-05-22T22:41:37Z
UgxomqxAfzoCwcn-xft4AaABAg,@Tommikco,"Yep, I stay here. I just don't be saying anything!!!!!",2,0,2026-06-19T00:51:40Z,2026-06-19T00:51:40Z
UgxcL8TO2iUQ_KjZrcZ4AaABAg,@Geomiroadman,Bro said I hurt ur feelings u don't wanna work with me normal 😩😩🤣🤣🤣😭😭🧦😭,3,0,2026-05-22T09:00:09Z,2026-05-22T09:00:09Z
UgyfYFJN9UsbjyO6wlV4AaABAg,@ignacioOrtiz08-00,best diss ever,6,2,2026-06-10T14:36:09Z,2026-06-10T14:36:09Z
UgyjV0qnT-x83wp1tSZ4AaABAg,@ksomeone1,They can't imitate this violence!!,1,0,2026-08-15T19:48:29Z,2026-08-15T19:48:29Z
UgwaHt8tBVBVJTXzZt14AaABAg,@therealcoolk,2 year  anniversary for euphoria 1 year anniversary for not like us kendrick fire man,1,0,2026-05-30T16:15:15Z,2026-05-30T16:15:15Z
Ugwis4Iy7LquTpXfC_94AaABAg,@Brickbrickbrickinthewall,And we’re back,5,0,2026-05-15T04:41:53Z,2026-05-15T04:41:53Z
UgwcwVR4BNy4m7sgXjp4AaABAg,@makasana4pf,condolences to drake❤,5,0,2026-06-10T07:50:38Z,2026-06-10T07:50:38Z
UgyxO45uQmhcHGShie94AaABAg,@chariseseymour7673,##MANY MORE BLESSED DAYS TO COME!!!LLAMA❤❤,1,0,2026-06-19T23:25:07Z,2026-06-19T23:25:07Z
Ugw6gTF_88TYUA99qcR4AaABAg,@user-5bknzck,"Tell em run to America to imitate heritage, they can’t imitate this violence 🥶",1,0,2026-06-05T13:35:25Z,2026-06-05T13:35:25Z
UgxFgmp3fN8ywc4RuMx4AaABAg,@utsfanatik2221,Welpppppp future got a song with drake this still a cold song best diss I still wanted drake to win 😭😭😭😭,1,0,2026-05-21T17:10:03Z,2026-05-21T17:10:03Z
UgxWNjOlfuJM-mMm3dR4AaABAg,@FullBondi26,2030 anyone?,2,0,2026-09-06T18:30:19Z,2026-09-06T18:30:19Z
UgxNN1fTQT3R7fDvWNZ4AaABAg,@vr_txa,4:59 Aura 🥶,1,0,2026-07-26T15:57:49Z,2026-07-26T15:57:49Z
UgwKN14sn1dUXjP8w2N4AaABAg,@TahleeyaLove,"Damn 2 years later and I’m just now catching the “remember?” “ Still love when you see success ; everything with me is blessed. “ he was talking about Drake songs. Way up I feel blessed, I just wanna be successful & worst behavior",4,0,2026-05-17T05:37:45Z,2026-05-17T05:39:47Z
UgzXUzSftG2Ji4c9MPt4AaABAg,@NataliaRodriguesCure,6:08 kendrick avisou,2,0,2026-07-03T17:27:37Z,2026-07-03T17:27:54Z
Ugyw7RnQxS8-1rk4HBx4AaABAg,@tobywizardb,I cannot get over the sheer motion the bell adds to this track,0,0,2026-07-23T02:48:47Z,2026-07-23T02:48:47Z
UgxjxofU68U7fGPn_IJ4AaABAg,@jadeexists,typa shi ralsei was saying bout flowery,1,0,2026-08-12T20:03:22Z,2026-08-12T20:03:22Z
UgyHjI0rtEqGcqNUWxl4AaABAg,@pramishkhanal635,"Turned iceman to miceman 
long live King Kenny",9,0,2026-05-16T23:21:14Z,2026-05-16T23:21:14Z
Ugwh3FYAMjZ1a3HdfWR4AaABAg,@imcoral0,6 minutes of pure hatred😭,4,0,2026-06-26T07:10:20Z,2026-06-26T07:10:20Z
Ugw3Uwcj3HUQqInoK2d4AaABAg,@rangersinper54,This aged like fine wine 😂,15,0,2026-05-17T00:36:15Z,2026-05-17T00:36:15Z
UgzmTTYynyFE84_u21V4AaABAg,@NeymarJr-k8i1p,Who's here after Iceman dropped 😂,2,0,2026-05-17T13:27:58Z,2026-05-17T13:27:58Z
UgwLlurCC_HeQbACXFp4AaABAg,@Drakoblizzy,And people thought Drake had a chance😭😭,2,0,2026-08-25T23:04:00Z,2026-08-25T23:04:00Z
Ugwo4-V2lBR2qiouAnx4AaABAg,@Gabe_horn33,2:42 melly mention,1,0,2026-09-07T07:07:28Z,2026-09-07T07:07:28Z
Ugy92bLus4m6hAtAESJ4AaABAg,@BlueScope-i5y,2026 anyone??,4,0,2026-07-28T16:55:37Z,2026-07-28T16:55:37Z
UgwOIa7cDyJr6aoa0-d4AaABAg,@thapelomalatsi1880,Dot made damages that cannot be reversed,9,1,2026-05-19T21:24:01Z,2026-05-19T21:24:01Z
Ugxnw2WBVnftbmykUXp4AaABAg,@Le4PaRd,How anyone can say Drake did it better lol. This is real shots. Not just uuuh hmm I need to find something I can judge this person on bc im hurt lol,5,0,2026-07-19T14:18:49Z,2026-07-19T14:18:49Z
Ugwag2xzVl5pFc2Rppx4AaABAg,@i2Deadly85,Back for another listen. Iceman is melting,5,0,2026-05-19T23:47:08Z,2026-05-19T23:47:08Z
Ugx8t1CWBuJ4QyNJ__B4AaABAg,@MonsieurVinsmoke,I love Iceman 🥶🧊 ngl but this song is still fire 🔥🔥,1,0,2026-07-06T18:28:39Z,2026-07-06T18:28:39Z
Ugxmzl3QijtznHFRGYl4AaABAg,@Landlordandfisherman,"Drake why???
This shit hurt my feelings for you",3,0,2026-06-28T01:52:23Z,2026-06-28T01:52:23Z
UgwQxBZi92CLT91izjh4AaABAg,@lisaboyd1,#StillHere2026 🔥 ❤,5,0,2026-06-10T18:49:32Z,2026-06-10T18:49:32Z
UgwrSZ8JH1ih7re54Fd4AaABAg,@erenh6844,"20.08.2026, greetings all my men of the culture",1,0,2026-08-20T03:17:07Z,2026-08-20T03:17:07Z
UgxUzPLH3rfAyGmSgyp4AaABAg,@shelflow,GAVE ME CHILLS,2,0,2026-05-23T03:04:15Z,2026-05-23T03:04:15Z
UgywYdVNfKQoceJaHAx4AaABAg,@CacnunOfficial,still crazy,2,0,2026-09-03T07:32:20Z,2026-09-03T07:32:20Z
UgzfCJ-S0UJw9hCOpmx4AaABAg,@epicjackson9070,If I catch flight it’s gon be direct🔥,1,0,2026-06-05T09:47:35Z,2026-06-05T09:47:35Z
Ugz-Gg2mTZglp7TLTrp4AaABAg,@VONDavis-r6c,My favorite song ever,3,0,2026-05-12T22:31:32Z,2026-05-12T22:31:32Z
UgzgtC8SKw-hbgGQ-HR4AaABAg,@coolerhand,July 2026 🔥🔥🔥,3,0,2026-07-27T02:01:41Z,2026-07-27T02:01:41Z
UgzqXDdwujGgEmSVzS94AaABAg,@fidzfidz,LET ME FUCKING CLEANSE HOLY SHIT I ENDURE THAT SHIT,2,0,2026-05-15T11:13:36Z,2026-05-15T11:13:36Z
Ugx7U138B-DBxK-4tfx4AaABAg,@kingbenjithegreat6195,"With time, people will realize that Euphoria and Family Matters were the best diss tracks from this battle",3,0,2026-08-03T03:56:45Z,2026-08-03T03:56:45Z
UgysyQCMd1c7HqLnoft4AaABAg,@hellobrooklyn1234,I always thought this was the best song in the battle,1,0,2026-06-06T14:25:48Z,2026-06-06T14:25:48Z
UgyYvkjSY4nAfOEiMb94AaABAg,@IanC-SMO,90 Million VIEWS!!!🔥🔥🔥,2,0,2026-08-05T11:09:53Z,2026-08-05T11:09:53Z
UgxpUQnL8MZOy07bKI94AaABAg,@RossRideskc,The game really think he can fw Kendrick?? He’s not fw Kendrick. K Dot literally dissected Drake. I was waving the white flag for him,5,0,2026-08-21T04:05:34Z,2026-08-21T04:05:34Z
UgxVpx7rwqlGV6XhROl4AaABAg,@mccasvids,"Love how this song came straight our of nowhere in my front page, especially with Drake dropping 3 albums to get high numbers. And this was 3 singles. Jesus christ 💀",2,0,2026-06-09T22:44:11Z,2026-06-09T22:44:11Z
UgzdojSRE1B-uD24UOV4AaABAg,@nemesis.capetown,GOATED diss track,1,0,2026-06-21T07:12:32Z,2026-06-21T07:12:32Z
Ugz_C-PGso_U-drGxGN4AaABAg,@BernardJacobs-h2b,Lemme see if Chubz really crash sumn 🤷🏾,2,0,2026-06-20T01:15:51Z,2026-06-20T01:15:51Z
Ugzoqe7Na3kDK9gr6Nx4AaABAg,@zechariahnadarajan1276,Todays Eminem vs mgk (BEEF).... who won back then won again,1,0,2026-09-02T06:01:26Z,2026-09-02T06:01:26Z
UgwpFlJHFex1qw2iRqN4AaABAg,@99999cuo,Who here right now all K dot fans,4,0,2026-07-16T14:14:12Z,2026-07-16T14:14:12Z
UgxGQc-0XDGuSc_J3ap4AaABAg,@chewingonmarbles87,3:09 im not that big into rap BUT DAMN DUDE! this verse still gose hard to this day,0,0,2026-08-26T05:16:45Z,2026-08-26T05:16:45Z
UgwPaq5DTqUgDQSV09p4AaABAg,@VutomiKeith,Whos here after drakes new drop😅,4,0,2026-05-29T06:54:26Z,2026-05-29T06:54:26Z
Ugwev-zDX8Z1inY2eoR4AaABAg,@skooby-kun,now way ts was 2 years ago what the fuck,5,0,2026-05-25T03:19:55Z,2026-05-25T03:19:55Z
Ugx1j3rygmoOnhAgkFJ4AaABAg,@bob-r5y6i,any one in 2026,4,0,2026-08-14T19:45:32Z,2026-08-14T19:45:32Z
UgzVkdjMNvWsmb-GBLZ4AaABAg,@insanepeter,fireman wasnt a nice man,6,0,2026-05-24T05:34:44Z,2026-05-24T05:34:44Z
UgxbktIJhUjKyrntWy14AaABAg,@RodolfoRodriguez-h8k,5:28 he had to ghost the beat..,1,0,2026-08-29T08:06:09Z,2026-08-29T08:06:09Z
UgwU9CGpgIit98KMlnV4AaABAg,@BowieLove1999,Everytime I see or think of this word I think of that HORRIBLE hentai😭,3,1,2026-09-02T20:26:33Z,2026-09-02T20:26:33Z
UgxlhoXAcFJSFvBkagt4AaABAg,@royalki2426,"Get ‘em, Soul!!!! Show the people how it’s done!! Hit-Boy, the beat is too fiya!! Ab-Soul x Hit-Boy = LA all up in here!
🌴🌴🌊🌊🚗🚙

More please! I’ll take one in every color! 😂",0,0,2026-06-04T13:06:15Z,2026-06-04T13:06:15Z
Ugx9Q6IlzAD6KXkrNep4AaABAg,@Isaac-qx3ss,"Canadian fan here:

Kendrick won",2,0,2026-07-08T04:58:15Z,2026-07-08T04:58:15Z
Ugz0r3UeC5IwmheBhtR4AaABAg,@matheusthiago7218,R.I.P Rue bennet😢,1,0,2026-06-07T23:06:53Z,2026-06-07T23:06:53Z
Ugylj8kOUv8flyvQUOh4AaABAg,@sonofapirate,Lex luthor to superman 3:11,2,0,2026-07-11T23:36:52Z,2026-07-11T23:36:52Z
UgzI8i9zVGo6hYrfes54AaABAg,@Gthe1st,U can't see me - immortal thug,1,0,2026-09-12T04:51:44Z,2026-09-12T04:51:44Z
Ugzs00JZQwYuP9MF1Rh4AaABAg,@Rebelco,Finest of wines,3,0,2026-08-06T20:47:36Z,2026-08-06T20:47:36Z
Ugwr5r8ARG5vcHCez1d4AaABAg,@DoffBroGaming,That bell ring is from the undertaker entry music,1,0,2026-06-17T16:49:26Z,2026-06-17T16:49:26Z
UgzfDYSddkJI683TaZV4AaABAg,@reverseffect,this track un-slapped chris rock and redirected it to drake,2,0,2026-06-09T05:02:56Z,2026-06-09T05:02:56Z
Ugy_14Yiri0ylCGAbRd4AaABAg,@adamriet-muller7358,Lord that dementia bar gets me every time.,0,0,2026-09-13T19:58:43Z,2026-09-13T19:58:43Z
Ugx5WxERdi-2_ptqMEN4AaABAg,@slime7054,Had to cleanse my ears real quick,21,0,2026-05-16T18:23:09Z,2026-05-16T18:23:09Z
Ugz-hpm7lnSjM0MHg4N4AaABAg,@PPCSI133,2028?????,4,0,2026-08-29T08:26:45Z,2026-08-29T08:26:45Z
UgyWy4S28vMKT2uQUrh4AaABAg,@Smile-Te,PEAK HAPPINESS,4,0,2026-05-21T19:17:30Z,2026-05-21T19:17:30Z
UgxzMeY0pSd2-TUwE-d4AaABAg,@maxonelips6679,kendrick is the type of friend that will return your push 10 times harder,0,0,2026-07-28T09:32:46Z,2026-07-28T09:32:46Z
UgwIYmffB37W4gpZf2J4AaABAg,@tastengcikwe251,You know I got language barriers 😂😂,1,0,2026-07-26T15:50:41Z,2026-07-26T15:50:41Z
UgyQioxlOJU5Z7ph5BR4AaABAg,@Whenfazispeaks,2026 still here jamming,2,0,2026-07-12T23:19:03Z,2026-07-12T23:19:03Z
Ugz3-eV_fcqj0GPpz8N4AaABAg,@Leftracs,Instant body!🔥🔥🔥🔥,3,0,2026-08-15T06:04:39Z,2026-08-15T06:04:39Z
UgxkL6B_LrWWJrHL8fF4AaABAg,@freshprinceofpearls1510,Who's here August 13 2026 infinity and beyond?,2,0,2026-08-13T11:33:59Z,2026-08-13T11:33:59Z
Ugw7Sy8s9Yd_0s8xzeF4AaABAg,@JulianWelch-g3q,Hard!!! 😤🫡💯,2,1,2026-08-14T20:24:54Z,2026-08-14T20:24:54Z
Ugzw4wSsOnhLFLck0mZ4AaABAg,@sauceyboiijay6320,Kendrick dissed drake on drakes own song in buried alive i been knew they didn't fw eachother,1,0,2026-07-24T01:22:12Z,2026-07-24T01:22:12Z
UgzDz0h6J0Xz1rl6eCt4AaABAg,@shyvoodoo,"Soooo.. whos here on may 17, 2026??",4,1,2026-05-17T12:58:10Z,2026-05-17T12:58:10Z
UgwSCZM-2XYz2cy1dF14AaABAg,@jujupisco5064,😂😂😂 drake fans still losing they mind to this day 💀,6,1,2026-06-03T16:43:32Z,2026-06-03T16:43:32Z
Ugw82cZmkEHu-qn_-PR4AaABAg,@danielledasilva3822,Fuck this song got me bumpin crazy from work still even after so much time,0,0,2026-07-30T02:21:15Z,2026-07-30T02:21:15Z
UgwO0HeQEwpe9suVO8x4AaABAg,@von_rufus_son-b1x,3:09 unfathomable hatred,0,0,2026-09-10T14:52:17Z,2026-09-10T14:52:17Z
Ugyyc_zjTMJtkuH57Xp4AaABAg,@haillevi9864,Here to cleanse my ears,5,0,2026-05-15T11:39:58Z,2026-05-15T11:39:58Z
Ugz0-AuuxEWHxdMEOYp4AaABAg,@LokiiKatara,3:48 BOW BOW BOW 🗣️,0,0,2026-09-16T21:41:47Z,2026-09-16T21:41:47Z
Ugzo3XBfTk2HwJPOF5B4AaABAg,@benedictabernado2517,K dot you make music and made drake rap again thank you.,3,0,2026-06-06T15:12:52Z,2026-06-06T15:12:52Z
UgzTCtErZOZ2b07334Z4AaABAg,@samuraiblues8959,I can’t help but feel think of dr doom when i hear this… he would rock with dot for sure,0,0,2026-06-07T23:33:47Z,2026-06-07T23:33:47Z
Ugz5PZ5UvKpaUz9lcTl4AaABAg,@Kemist94,Whoopin feet 😂😂,4,0,2026-06-10T13:44:27Z,2026-06-10T13:44:27Z
UgxZ3gjfaP9QjG0ZYXx4AaABAg,@Spotty_Rain,Drake never recovered * I mean Aubrey,2,0,2026-05-15T14:43:45Z,2026-05-15T14:43:58Z
UgzMMFXdPRB5Ln_44c54AaABAg,@quitenyoung,Here again 2026,4,0,2026-05-21T15:23:42Z,2026-05-21T15:23:42Z
UgxwB4uOevhA6bgSv0d4AaABAg,@erikv7520,🔥🔥🔥🐐,3,0,2026-05-19T14:38:52Z,2026-05-19T14:38:52Z
UgxLv06bYEN_0e2F8Lh4AaABAg,@Just_Gwen,Who knew Aubs would still be rebuttaling this song TWO years later?!?! 😬😂😂,6,1,2026-05-19T23:37:46Z,2026-05-19T23:37:46Z
UgytjxINBpmM-PGT_Rl4AaABAg,@vladimirmartinez7228,Im here after digesting iceman album 🔥🔥,1,0,2026-06-07T13:52:05Z,2026-06-07T13:52:05Z
UgxAYNsHWL9dFATbp7V4AaABAg,@tonysparks9453,😂😂😂 Tyler I’ll never forgive you for the India Irie diss 😂😂😂😂 shi was funny asf then and still is now.,0,0,2026-06-21T09:47:03Z,2026-06-21T09:47:03Z
UgwNSI9SS5QBeoZhLcJ4AaABAg,@lightguy125-o5m,I CAN HEAR THE ACCENT,3,0,2026-05-19T21:34:24Z,2026-05-19T21:34:24Z
UgwSPu-6Bk1gpX1ci3t4AaABAg,@fullauto86,"Here to celebrate the downfall of iceman 2 weeks after release lolol, man we witnessed jn real time this piece of time in music that’s so huge it’s like almost a transcendental beef do to the fucking insane comebacks from Kendrick. Absolutly.     Bodied.     
The reaper indeed lol :)  
Stay on their neck when you need to dot, much respect.",1,0,2026-06-06T07:40:45Z,2026-06-06T07:42:20Z
UgydPEyc4mPfG1CAEvd4AaABAg,@Benjamin1683-e3w,Toronto?! 😂😂😂,2,0,2026-07-03T02:03:47Z,2026-07-03T02:03:47Z
UgxP8MVh4oNLGOXXd0R4AaABAg,@Themediachannnel,Nah this song is pretty good 😂😂😂😂,1,0,2026-05-28T16:59:13Z,2026-05-28T16:59:13Z
UgwStqDHzFaMLzKOwa54AaABAg,@yumeyu.kusamatsuri,this is epic,2,0,2026-08-10T03:22:02Z,2026-08-10T03:22:02Z
Ugz4U2VbQnH0Zx2ST8N4AaABAg,@princedame9534,It was definitely the braids 😏,4,1,2026-05-18T23:22:04Z,2026-05-18T23:22:04Z
UgwOcnzZDxeFUusxKkt4AaABAg,@7Mars,"""Surprised you wanted that feature request"" makes sense now cuz j. cole in one of his recent interviews said Drake wanted Kendrick and Cole on First Person Shooter 😭",0,0,2026-08-19T18:35:58Z,2026-08-19T18:35:58Z
UgxYhwmIW9Fnul_f0pZ4AaABAg,@mwebazejoshua8674,U something else ❤,3,0,2026-05-20T10:11:36Z,2026-05-20T10:11:36Z
UgyMZsk9vvhPJW4rH994AaABAg,@Zayden_21,Victory lap 😂🤝,2,0,2026-05-13T01:31:26Z,2026-05-13T01:31:26Z
UgxY6wHnpjxd30VjIVV4AaABAg,@Listeningtoredrumin2026,Best diss track oat better than I hate yb,2,0,2026-08-16T15:03:14Z,2026-08-16T15:03:14Z
UgwlZ_jivU-2-0eka894AaABAg,@Szabza_44,6:19 bet you can't do that no moreeeee 🤣🤣🤣,1,0,2026-06-08T16:20:36Z,2026-06-08T16:20:36Z
Ugz70voCDeC9i1_gbF14AaABAg,@jhulajwhaz,I prefer euphoria over not like us,2,0,2026-08-10T04:11:44Z,2026-08-10T04:11:44Z
UgwVMT_EtdinRXOS0FB4AaABAg,@BlackBettii,Jeeze. 🔥,1,0,2026-08-29T05:44:18Z,2026-08-29T05:44:18Z
UgzaBwi-kJYGKDJ4q3V4AaABAg,@ElwoodetienneModé,I love Hip-Hop,3,1,2026-05-21T00:09:52Z,2026-05-21T00:09:52Z
UgzfAPEVJwlWVR76nXF4AaABAg,@donjulio8168,Maybe drake needs that treatment again he’s acting tough again😭🤦‍♂️,3,0,2026-05-25T01:54:30Z,2026-05-25T01:54:30Z
UgxUkJjsCPGXAlnZO-V4AaABAg,@RaulRodriguez-hw8io,I love this song,2,0,2026-05-21T22:15:39Z,2026-05-21T22:15:39Z
UgwgaFMq-C1SSGAgW2x4AaABAg,@mrtruth9473,I can only watch in silence,1,0,2026-07-28T18:50:43Z,2026-07-28T18:50:43Z
UgzXgDyAtESnEzgSy6F4AaABAg,@OutlyreDnB,3:50 kendrick enters his second phase despite taking exactly zero damage,0,0,2026-06-06T16:27:31Z,2026-06-06T16:27:31Z
UgwMAoY77OVJf-JAwWF4AaABAg,@Tre4rmCLTproductions,Hey def cried and def lost sleep l,4,0,2026-05-17T15:03:38Z,2026-05-17T15:03:38Z
Ugx5KmzJpRU-Lic9QFx4AaABAg,@carrytheculture1120,What is it the braiiddd?,4,0,2026-05-19T16:11:06Z,2026-05-19T16:11:06Z
Ugw4Msd_rLRLPvSN7td4AaABAg,@kxddtafca,He shot drake put him in the grave and all dug him up and shot him again😊,5,0,2026-06-26T18:28:25Z,2026-06-26T18:28:25Z
UgwN6S1NxfUOhivJC6p4AaABAg,@mrbalanova,Who’s here before ice man😳,2,0,2026-05-13T12:37:45Z,2026-05-13T12:37:45Z
Ugx2hMtSdWWzrCknlxd4AaABAg,@Hallowzza,"M.M.M 
Mustard, Mango, Misery.",1,0,2026-08-07T23:37:13Z,2026-08-07T23:37:13Z
UgyArTmtudtRI2XMeap4AaABAg,@DonaldDyibishe,What is the braids !!!!!???????,2,0,2026-07-21T00:10:43Z,2026-07-21T00:10:43Z
UgyQEDzY5UCPjQ6jLuN4AaABAg,@Swagratter,Ralsei the NANOSECOND flowery is on screen:,1,0,2026-07-02T15:29:19Z,2026-07-02T15:29:19Z
Ugzfy_O9yBHk4vVHhWp4AaABAg,@leotrollstoy,Like rolling the Norman ships to the shores,1,0,2026-07-08T05:57:27Z,2026-07-08T05:57:27Z
UgwJa7TqI_uoDrLe8lR4AaABAg,@trigonometrydashbs,holy 2 years thats wild,2,0,2026-06-04T14:43:17Z,2026-06-04T14:43:17Z
UgxsOuXtRrG_0umIFJt4AaABAg,@eatyourveggies_,When I look back on the charges to make rent I smile. I would cry but why? The rent got paid eventually. And I'm still stuck here,1,0,2026-06-27T21:36:16Z,2026-06-27T21:36:16Z
UgyTfERj-Z30o4v_bKl4AaABAg,@aalexandromoreno,Everything they say about me is true.,3,0,2026-05-19T19:30:46Z,2026-05-19T19:30:46Z
UgwKheAjeFE1e4BMqwd4AaABAg,@Turtle-be3qs,Meet the grahams was the cherry on top 🍒,10,0,2026-05-16T16:58:05Z,2026-05-16T16:58:05Z
Ugxn9Y2lf5rLOCo0xId4AaABAg,@bi4moleman,"""another beat?! KENDRICK""",0,0,2026-07-23T14:12:55Z,2026-07-23T14:12:55Z
UgySfT3OxOuDK1Ty0ZB4AaABAg,@JuhJuh317,Is this on itunes,1,0,2026-08-28T21:52:51Z,2026-08-28T21:52:51Z
UgyJ_L8Sel6DwquKvAF4AaABAg,@jjthegamergod3515,Mannnnnnnn he chop u tf up Drake smh wow,3,0,2026-05-18T14:08:32Z,2026-05-18T14:08:32Z
UgzNIawYYSURkUPRhad4AaABAg,@KNSRay,Fireman,3,0,2026-06-06T08:17:32Z,2026-06-06T08:17:32Z
UgzBqTUBnW1dIA5V0K54AaABAg,@jaxkboiiz2938,He was shooting at everybody,2,0,2026-06-10T02:56:28Z,2026-06-10T02:56:28Z
UgzuQhO2GLN0z5VRpL54AaABAg,@emacfunnynow,That shot me a drake bar was underrated,0,0,2026-05-24T00:24:08Z,2026-05-24T00:24:08Z
Ugyn-6hcrAYe586KF1N4AaABAg,@myfrogsiesss,Why is the first part so chill,0,0,2026-06-12T01:28:55Z,2026-06-12T01:28:55Z
UgyPLnzvl_Q2Yfar_XR4AaABAg,@alvinedingtonjr.3145,July 4th 2026,4,0,2026-07-04T23:02:03Z,2026-07-04T23:02:03Z
UgzNifDRTC8kj1i6Sq94AaABAg,@3lanksp_ce,Drake made K-Dot come back,1,0,2026-06-14T09:35:36Z,2026-06-14T09:35:36Z
UgzB9-w8pN2-CTgxxZB4AaABAg,@TheeBossybutRebelChannel,I love it,2,0,2026-05-14T18:25:22Z,2026-05-14T18:25:22Z
UgzYEIbtHfiMgmFvBt14AaABAg,@Catplus-b9r,"That fking science teacher is gone, I feel euphoric right now",0,0,2026-08-19T15:31:56Z,2026-08-19T15:31:56Z
Ugy8LVrVuIuLfh-F6ER4AaABAg,@dandelion_official4812,🔥🔥🔥,3,0,2026-05-21T09:12:28Z,2026-05-21T09:12:28Z
UgyDjbGBhTYHqXhGLC54AaABAg,@kaztheshinigami,euphoria > 3 projects,6,0,2026-05-21T05:34:54Z,2026-05-21T05:34:54Z
UgzR4646cl4S-tUcOCp4AaABAg,@junglesus,"drake: haha kendrick you're short
Kendrick's reply:",0,0,2026-08-22T01:14:58Z,2026-08-22T01:14:58Z
UgxNPTWYXlGjTArLAF94AaABAg,@pess4643,This new generation has to come out with 3 full songs about someone when they battle? They couldn't end things with one song lol...,0,0,2026-05-30T09:00:23Z,2026-05-30T09:00:23Z
UgwcXus6uAUEXvRjblB4AaABAg,@andreabrantley6951,"📍'EUPHORIA'  > ""THIS IS THE BEST DISS TRACK EVER!...""🎵👍🏼 It starts with Teddy Pendergrass's - 'You're My Latest, My Greatest Inspiration.'  Then he slow-cooked it, with a methodical breakdown of all the lies, manipulation, fakeness, and more!...",2,0,2026-07-30T03:12:26Z,2026-07-30T03:12:26Z
UgzFjKmxeXxKZ7nNiqJ4AaABAg,@Gohanwithwavez,😅 had flashbacks,1,0,2026-05-13T12:11:03Z,2026-05-13T12:11:03Z
UgziQfzLng54bV8o3PB4AaABAg,@GregoryHarper-k2s,Fire 🔥,2,0,2026-05-21T12:42:40Z,2026-05-21T12:42:40Z
UgwEYHg2xXqf8OEvZxx4AaABAg,@hhshsgzjqkqlqoldkd,2026 ?,3,0,2026-07-05T14:45:01Z,2026-07-05T14:45:01Z
UgyIAYG-AMBE7_3Kt7Z4AaABAg,@CigarJoe84,This song is better then all three of drakes hot garbage.,5,0,2026-05-18T19:56:13Z,2026-05-18T19:56:13Z
UgzQiiQjeEpp5MTFsNd4AaABAg,@Coleone313,You make music that pacify em,2,0,2026-05-22T21:40:54Z,2026-05-22T21:40:54Z
Ugx6I7WgxV6s1v1etGN4AaABAg,@sajstyle,CutThroatBusiness!,2,0,2026-05-12T21:43:22Z,2026-05-12T21:43:22Z
Ugyo8f1_EgLXJel5zyF4AaABAg,@kaztheshinigami,PEAK!,2,0,2026-05-21T05:34:19Z,2026-05-21T05:34:19Z
UgxIH9Uko-KDScjmDU94AaABAg,@kgaogelomonareng5087,Just here to remind myself why Drake  drop  frozen nonsense,3,1,2026-05-18T12:34:04Z,2026-05-18T12:34:04Z
UgyIDw3Nd1mhqE4rfZB4AaABAg,@MariaMari-e9n,"someone said euphoria is better then money trees is a reel comment section , n i was like let's listen to it , i'm forever greatfull for that comment",0,0,2026-05-30T23:02:38Z,2026-05-30T23:02:38Z
Ugwgj-S3Xkh9M8Dt-a94AaABAg,@Pedakin,Back again.,2,0,2026-06-03T03:26:26Z,2026-06-03T03:26:26Z
Ugwr_4vDZX8rCImnsXF4AaABAg,@elboutee,this is history,3,0,2026-08-12T00:23:13Z,2026-08-12T00:23:13Z
Ugwd7uEBSrQlsh33Vo14AaABAg,@STR8JACKET_SHAWTY,Shooooooo 😮,2,0,2026-08-01T06:47:58Z,2026-08-01T06:47:58Z
UgymzcS5-HPQogm8ULt4AaABAg,@chillsandkicks,Here again🎉,2,0,2026-06-20T10:56:03Z,2026-06-20T10:56:03Z
Ugyyn1jD0W0veHwbjoV4AaABAg,@michellcarvalho2318,Firemaaaaan 🔥🔥🔥🔥,1,0,2026-05-21T01:12:20Z,2026-05-21T01:12:20Z
UgxeufC1wmVkinqJkKt4AaABAg,@kanykabeya2189,I love this song 😅❤😂,1,0,2026-06-25T01:53:54Z,2026-06-25T01:53:54Z
UgzlQ4UZwC2knQV_GM14AaABAg,@QuEsT_X,After the debacle Drake just did with that 3 album release…. This song is even more relevant now than then! Kendrick saved hip hop!,6,0,2026-05-17T06:15:57Z,2026-05-17T06:15:57Z
UgyqQ06LGde6Rx0Da9p4AaABAg,@Nate-er4pn,🔥🔥🔥🔥,2,0,2026-05-15T14:49:17Z,2026-05-15T14:49:17Z
UgxrVFreXEuJVRN6POZ4AaABAg,@kendrasteed2946,This is better than you not like us Drake is cooked,3,0,2026-07-13T00:10:01Z,2026-07-13T00:10:01Z
Ugxoq0eS2-s6Sb2xruN4AaABAg,@theconsigliere5769,Kendrick is the reason short mfs can't be touched now,1,0,2026-08-13T14:42:05Z,2026-08-13T14:42:05Z
Ugxs7WrIlIY8AyGZJfp4AaABAg,@Yo.Unclepodcast,🔥🔥🔥🔥🔥🔥,3,0,2026-05-22T13:43:56Z,2026-05-22T13:43:56Z
UgxheslVPWlZZcDRQqF4AaABAg,@KenyaUNVEILED101,Anyone here 2045 💯🇰🇪,3,0,2026-06-28T17:31:59Z,2026-06-28T17:31:59Z
UgxPb5WqJ5iP_--4WHR4AaABAg,@PivotAnimator50,It's so evil and I love it,1,0,2026-07-20T11:42:08Z,2026-07-20T11:42:08Z
UgxfRGX9EfOJEMA_GiB4AaABAg,@nathaliesturtewagen59,2026 LA FRANCE TOUJOURS DANS LA PLACE...❤,2,0,2026-06-27T11:10:03Z,2026-06-27T11:10:03Z
UgxfgPUbD1nsJB-nkW54AaABAg,@EdwardVirkit,🎉🎉2026,5,0,2026-05-29T19:44:26Z,2026-05-29T19:44:26Z
Ugwfv3lXwXxbOxNL7Cd4AaABAg,@stefan92153,2026 anyone here after Drake dropped 😂,4,0,2026-06-04T14:55:27Z,2026-06-04T14:55:27Z
UgxsD1HveSrpbabfN0p4AaABAg,@dionnedavis3027,Don’t ever front on Kenny duckworth,2,0,2026-08-10T12:45:26Z,2026-08-10T12:45:26Z
Ugzcw94MjwllmbAtaJZ4AaABAg,@PetWussy-r7k,3:10 biggest hater 🔥,3,0,2026-06-02T07:51:36Z,2026-06-02T07:51:36Z
Ugw37FJKrDSeL_t-RHx4AaABAg,@Chsbrgr-q3z,This song is so full of hatred,0,0,2026-08-13T16:40:08Z,2026-08-13T16:40:08Z
UgzNJyO4BuPxOzHvNZ54AaABAg,@trujdofficial333,Long Live Tha Great 👑🔵🤲🏾🏁,0,0,2026-06-07T12:21:10Z,2026-06-07T12:21:10Z
Ugw08S2cUSqwHu0FfhV4AaABAg,@STR8JACKET_SHAWTY,Everybody wanna Demond till they get chipped by a throw away,1,0,2026-08-01T06:48:46Z,2026-08-01T06:48:46Z
UgwGKK30FlNe4JqSJ0d4AaABAg,@kingYeet-the-3rd,2:42 🔥🔥🔥,1,0,2026-05-23T11:04:17Z,2026-05-23T11:04:17Z
UgwYmbBWYcPmndmrL3J4AaABAg,@OzireMitchell,SHOOOOO SHOOOOO SHOOOOO,3,0,2026-08-14T00:45:28Z,2026-08-14T00:45:28Z
UgwV8OwHHLjbPryLndd4AaABAg,@DeborahvictoireMihindouduc-l5m,Kendrick LAMAR💀💪🎤👌(from thé Gabon !),0,0,2026-08-19T11:19:52Z,2026-08-19T11:19:52Z
UgxbRuoseIzTCSuh2k14AaABAg,@majestic91,Aubrey really thinks he can compete against a time traveller😂,11,0,2026-05-17T07:41:55Z,2026-05-17T07:41:55Z
UgysZ1wVmGmHIr8hTEh4AaABAg,@markymarc_sf,Aging like fine wine sheesh,11,0,2026-05-16T16:51:53Z,2026-05-16T16:51:53Z
UgwkAjPLbnzeRjbsNfZ4AaABAg,@CookieMonstera95,Still valid,11,0,2026-05-17T07:51:19Z,2026-05-17T07:51:19Z
UgzXxvpauMvLitJXBj94AaABAg,@JuvanyMoussa,ik im the last person here,5,0,2026-07-17T05:03:03Z,2026-07-17T05:03:03Z
UgzA-I-5vls_ZC9wRtR4AaABAg,@Jumpershane,Who is else is here after the Drake barking video?,1,0,2026-08-20T01:11:44Z,2026-08-20T01:11:44Z
Ugwc6sMQjcqcfdV34ZR4AaABAg,@jade-k5f,Oh so we ALL still here? Good,2,0,2026-07-10T12:38:48Z,2026-07-10T12:38:48Z
UgxcddEJgKiAhnD2_op4AaABAg,@Billy01018q,"Yeahhhh.   Shit was so real.   Thdt i respect it heavenly.   Eazy was on in whole LA. 

Toker was close.  Irs a hard sad story.  

No anti-moral peeps.  But  real peeps with real pain. 
Rest in paradise.  

And its no idols shit. 
Fok that..
Its ust realness..  
High level test of live...

(Know the story🩸💧💯)

Sslaam ☮️",0,0,2026-08-28T03:08:04Z,2026-08-28T03:08:04Z
UgyIONfQYHFNX5nmX6h4AaABAg,@DannysMusicChannel-w1p,this is for all my haters,2,0,2026-06-20T20:39:48Z,2026-06-20T20:39:48Z
UgyycwBwVlN51uaVyrJ4AaABAg,@itsTeezyHere,Tell me you’re cheesin fam 🤣🤣🤣,2,0,2026-06-27T12:42:12Z,2026-06-27T12:42:12Z
UgyOUStxFparo_gGizd4AaABAg,@iamnone_,this still 🔥,0,0,2026-06-05T21:23:12Z,2026-06-05T21:23:12Z
UgxneQUcQNH8KfSR0eJ4AaABAg,@DeeOh9trippyLO,Wish he came with a video 🔥😭😅,1,0,2026-05-21T03:29:37Z,2026-05-21T03:29:37Z
UgwsbVHf24DpdP3J--14AaABAg,@cebaaa4561,Underrated af,1,2,2026-08-17T01:25:31Z,2026-08-17T01:25:31Z
UgwcECV5exyaD1s47Ip4AaABAg,@albertcampbell2806,Family matters and euphoria are insane,0,0,2026-08-17T04:51:36Z,2026-08-17T04:51:36Z
UgyQ-Es4SFNj0sDpNIN4AaABAg,@slimeylordalmighty,Shoo shooing ovo 🦉 😮😮😮,3,0,2026-06-25T19:04:04Z,2026-06-25T19:04:04Z
UgzDEaOV5xBt6uR5srN4AaABAg,@frankworjloh227,Yo anybody back here after listening them 3 mid albums? 😂,11,1,2026-05-17T01:19:06Z,2026-05-17T01:19:06Z
UgwuIXJuM4TV2A6ss_V4AaABAg,@QuantreyCoel-q1d,"In my Tupac juice voice,  I  warned him,  he had no business trying to grab the gun like that, 😂😂",0,0,2026-06-03T14:32:18Z,2026-06-16T12:49:00Z
UgwOkeZ19icfJH4Zjt54AaABAg,@maanavchaawla,Couldn't find this on apple music soo here I am,0,0,2026-06-04T01:25:53Z,2026-06-04T01:25:53Z
UgyiLXCp69Q3zHNeRhF4AaABAg,@B-DOTGRAPHY,Truth hurts now I see,2,0,2026-06-10T17:47:00Z,2026-06-10T17:47:00Z
Ugw0-ertkMZknRjfxOp4AaABAg,@DOLeao_,Had to stop by to one of my biggest opps funeral tn just to make sure they were dead. ICEMAN ON TOP,2,2,2026-05-15T05:40:06Z,2026-05-15T05:40:06Z
Ugwfbvk5RXeT2DPkFw54AaABAg,@thee_scorpyo,What is it? THE BRAIDS?!,1,0,2026-06-09T07:49:00Z,2026-06-09T07:49:00Z
UgyBMETHKqn5ZJIVVWF4AaABAg,@krvns2ndtower,Iceman was a nice man now i turn cold,0,0,2026-06-23T13:50:29Z,2026-06-23T13:50:29Z
UgwdNerCIdrwuYr2Ald4AaABAg,@tinalyngrace,"May 18, 2026",3,0,2026-05-18T12:12:13Z,2026-05-18T12:12:13Z
Ugxd8ql0v_wrku058514AaABAg,@sighwest1,classic beef...,1,0,2026-09-02T03:02:01Z,2026-09-02T03:02:01Z
Ugy6FxR4VHDpUuxzdb94AaABAg,@MzontsunduNyaba,No body should have came for God's weapon.,2,0,2026-05-13T17:21:21Z,2026-05-13T17:21:21Z
Ugz808o2hsdb5P8x_PJ4AaABAg,@Lucky-BoyMdluli-c6k,I dont like drake when he acts tuff😂😂i like Drake with the Melodies 😂😂😂,2,0,2026-05-15T12:02:19Z,2026-05-15T12:02:19Z
UgxzMX2h1jIcUD-nT1N4AaABAg,@kayzeeRL8,everything they say about me is true //eurt si em tuoba yas yeht gnihtyreve,1,0,2026-07-11T18:34:24Z,2026-07-11T18:34:24Z
UgxTkoVgIDpM7PJtsRB4AaABAg,@JamesGreat-z6i,"now this....!!!  i dont even like him,  i prefer him in melodies not when he is trying to act tough!!",4,0,2026-05-15T15:48:18Z,2026-05-15T15:48:18Z
UgzBV-hSGRCgoD3cFV94AaABAg,@JamesBradley-b8n,Dont condone violence yet when the beef started mf'er shooting at Drake house not once have I heard Kendrick get shot at just saying there's respect 💯,2,0,2026-08-12T04:23:50Z,2026-08-12T04:23:50Z
UgwnYbmwTufonOvbdNZ4AaABAg,@trevorgovan3535,"Yoooooooooo i just got a bar that i think every one missed... ""his daddy a killer he wanna be junior he mustve forgot the shit that they done, dementia must run in his family, but like it get shaky, ill park his son"" thats a wayne and birdman diss when wayne and birdman kissed on 106 and park ""park his son"" wordplay = ""park kiss him"" also birdman call wayne junior.. this is also a triple entendere because of the ""let it get shaky, ill parkinsons"" this man is in a league of his own",0,0,2026-07-20T00:03:01Z,2026-07-20T00:11:15Z
UgyhOkXDMfsL4dYDdEx4AaABAg,@Ace755-g7f,I what to talk about how he amp it up than dropped it back down without no warning,0,0,2026-08-13T03:08:52Z,2026-08-13T03:08:52Z
UgwVF8upPsxdcId7LPZ4AaABAg,@-jaylouise-,Happy iceman 3 album buns drop 😂😂,0,0,2026-05-21T02:25:25Z,2026-05-21T02:25:25Z
UgygQ1n31sm_MO39spV4AaABAg,@3ohms,I got honeybun on my phone dang!,1,0,2026-05-17T20:43:15Z,2026-05-17T20:43:15Z
Ugzokjgy6UIe5n5hudJ4AaABAg,@marcopruvitt9809,I went to go listen to baby keem after that shit got on my shuffle 😂,3,0,2026-05-17T03:19:00Z,2026-05-17T03:19:00Z
UgzxepQPEQsYJ4QG7HR4AaABAg,@GoBro-cw8cp,How this mf was moving euphoria js for not like us to be more popular cause it has a more catchy beat,4,0,2026-06-04T20:36:25Z,2026-06-04T20:36:25Z
UgyTFqrO_q55QOGm-mF4AaABAg,@Francismiguel11,"Here after drake released 3 horrible,trash, garbage, rubbish,shitty album",15,0,2026-05-16T11:34:53Z,2026-05-16T11:34:53Z
Ugwg_iODEtOZPSjKJ-N4AaABAg,@siyabongamasiya7536,This song hurts me,0,0,2026-07-29T23:36:00Z,2026-07-29T23:36:00Z
UgxEPxmxp7CWyAgK14Z4AaABAg,@alexanderdemoniac8107,Kendrick taught me there are levels to hate.,2,0,2026-06-21T07:55:41Z,2026-06-21T07:55:41Z
Ugx3lUXcEddWTr1Rq714AaABAg,@Ymewalkiin,5:01 KNOW NUN BOUT DAT😂,0,0,2026-06-09T17:35:54Z,2026-06-09T17:35:54Z
Ugzay0Vj6fR8cUfk73x4AaABAg,@NqobaniMvinjelwa,"what a sad song No Brakes is by Game and DRake when compared to this spazzing
💥💥💢",0,0,2026-08-24T06:05:00Z,2026-08-24T06:05:00Z
UgyxR9IGyJTzkon97V14AaABAg,@kissy-msc,this is crazy,0,0,2026-08-03T18:01:03Z,2026-08-03T18:01:03Z
UgzaYbHngJB-H_WtQ154AaABAg,@Codified_Lineage,Im back again,4,0,2026-05-20T13:14:15Z,2026-05-20T13:14:15Z
Ugw1Elu1G_uIMzkkNDd4AaABAg,@ISGImstillgrowing,After listening to that 🚮 from Drake I had to do a factory reset!,6,0,2026-05-17T06:30:40Z,2026-05-17T06:30:40Z
UgwJ5TJXubFzpVEChyl4AaABAg,@sombersloth7010,"best diss track of all time, now and forever",4,0,2026-06-29T20:18:22Z,2026-06-29T20:18:22Z
UgzRaYRaQR0YiFDNuM54AaABAg,@danijp00,"kendrick nro I think u broke drakes brain cuz no ay he dropped 3 mid albums, please fix him",3,0,2026-05-29T20:20:38Z,2026-05-29T20:20:38Z
Ugwz-cPayr2xZrzerxt4AaABAg,@cl3_rgb,„Ironic cause the Iceman was a nice man“,0,0,2026-05-27T09:27:25Z,2026-05-27T09:27:25Z
UgzuYYT509779Qnf_sl4AaABAg,@brendonleencube5398,back at the crime scene,1,0,2026-06-26T10:15:51Z,2026-06-26T10:15:51Z
UgxdVvF9wyKZqTnRzKx4AaABAg,@sive6q,",.,",5,0,2026-05-16T00:27:16Z,2026-05-17T21:29:45Z
UgyF6GINw7EyvfG64bN4AaABAg,@saraesmoon,Aayyyeee,2,0,2026-05-16T01:14:23Z,2026-05-16T01:14:23Z
Ugy_qRfjmgUKWCKtisZ4AaABAg,@AngelfaceLace,Hay Yall!! Happy May 2026!🎉✨,4,1,2026-05-19T00:30:29Z,2026-05-19T00:30:29Z
UgwDuiWvEUC7sC2xLjN4AaABAg,@HoppieGod,2 years later the diss still works,3,0,2026-05-17T02:59:53Z,2026-05-17T02:59:53Z
Ugxx8IKo8tp4HwZrBch4AaABAg,@evealynegoode312,ynw melly,2,0,2026-07-04T17:41:51Z,2026-07-04T17:41:51Z
UgzDtKcHkbg6sb610zJ4AaABAg,@Duckpop-b2b,Peak,2,0,2026-05-29T07:03:24Z,2026-05-29T07:03:24Z
UgwDQGw_TdgISZrMnCp4AaABAg,@burningmemo,Not to mention that you would need to be able to hit 1k gosh consistently in the first place,0,0,2026-07-22T16:23:09Z,2026-07-22T16:23:09Z
Ugz5jaqmez-Z67Xyh2N4AaABAg,@no_one12389,3:06,2,0,2026-09-01T10:34:11Z,2026-09-01T10:34:11Z
UgxqZxJBznZ0htTToq54AaABAg,@SaliaKonare-s7g,"4:05 I hate the way that you walk
Drake: Haha idc",0,0,2026-06-23T03:25:55Z,2026-06-23T03:25:55Z
UgzXmhu_OzjbRtI0pbZ4AaABAg,@deonheart_01,"Back at it again, 21:15 Tue, 27 May 2026",1,0,2026-05-26T19:16:40Z,2026-05-26T19:16:40Z
UgxNUPfKWYREhunMJhZ4AaABAg,@stitchoooalphaomegaxxx9534,Its very much like the buddha rapping,1,0,2026-06-04T05:46:48Z,2026-06-04T05:46:48Z
UgzRrK4TW_vQyxwTgv14AaABAg,@Rashawn2.0,2026 where you at,1,0,2026-09-07T19:29:50Z,2026-09-07T19:29:50Z
Ugy6MbK8yPRRLnmucl94AaABAg,@reven06,Came back here to wash off those corny ass albums,11,0,2026-05-21T12:29:40Z,2026-05-21T12:29:40Z
Ugy92Q80qJzvfySRQEl4AaABAg,@lparker5125,Glad it happened!❤,0,0,2026-05-13T01:57:04Z,2026-05-13T01:57:04Z
UgwIrWJxvIqPx19x3n54AaABAg,@princedame9534,A MINORRRRRR,2,0,2026-05-14T19:07:06Z,2026-05-14T19:07:06Z
UgwuajVZXrUp01BWJVJ4AaABAg,@Mozzyjones,Oh shit keep making these,1,0,2026-07-23T01:29:37Z,2026-07-23T01:29:37Z
Ugy0qli1eipHUTBDxIF4AaABAg,@tiffanyj.3611,Up there with ether,1,0,2026-05-17T16:33:50Z,2026-05-17T16:33:50Z
UgzlPUi2ZabuID4TJ3p4AaABAg,@xicana_1,Hi kendrick,1,0,2026-07-24T20:06:33Z,2026-07-24T20:06:33Z
UgxtPBosWCfIQXdkpnB4AaABAg,@PaigeNPurrPull,08.28.2026AD Just Cuz🤷🏿‍♀🤷🏿‍♀,1,0,2026-08-28T14:33:19Z,2026-08-28T14:33:19Z
UgwaezIuPL2e9XQk8sp4AaABAg,@curtisfarley6558,Lol thanks,3,0,2026-05-19T18:35:52Z,2026-05-19T18:35:52Z
UgyCEwnxYhx8TMPkPcl4AaABAg,@alemarcos8673,🔥,3,0,2026-06-10T23:12:53Z,2026-06-10T23:12:53Z
Ugx9qpC0yXni9efmO5p4AaABAg,@L30GH05T,Drake still butthurt after 2 years lmfao 😭🥀🥀🥀,2,0,2026-05-18T18:25:30Z,2026-05-18T18:25:30Z
UgwPJ4jyVh7VDNvMzwp4AaABAg,@azrulramlee5321,"drake should stop after hearing this,but he keep going...",1,0,2026-09-01T02:30:52Z,2026-09-01T02:30:52Z
Ugwo1b9CTiXS7n8mwM94AaABAg,@PraisethetsarAnastasya,Island... Airplane? Ep island? Aviloop air plane? Wow,0,0,2026-05-27T05:57:00Z,2026-05-27T05:57:00Z
UgyfJNiTeW1UYTLBPvN4AaABAg,@kiranrao4879,Because Drake Is Minor😂,2,0,2026-05-23T17:02:41Z,2026-05-23T17:02:41Z
Ugw1xa_aR28TRctFjfh4AaABAg,@BrittanyG90,What song is the beat in the beginning from?,1,0,2026-07-12T01:23:26Z,2026-07-12T01:23:26Z
UgzjO1EwWQofc7mUQV94AaABAg,@NqobaniMvinjelwa,To this day⚠,2,0,2026-08-15T11:34:28Z,2026-08-15T11:34:28Z
Ugyn45DDM-Nbr7HX6D54AaABAg,@johnjacob4142,Why he sound like Popeye the sailor man tho - he don’t wanna work with me no more oookkk,0,0,2026-06-09T13:33:06Z,2026-06-09T13:33:06Z
UgzNMXL1fS0-a-c7TT14AaABAg,@whocallinsimon5946,Still 🔥🔥🔥🔥🔥,0,0,2026-06-05T00:57:43Z,2026-06-05T00:57:43Z
UgxNAWSADbeysr6vU_t4AaABAg,@luyandajayjonsile2545,@0:001😂😂😂Drake getting choked,0,0,2026-06-11T18:47:21Z,2026-06-11T18:47:21Z
UgyXXn6-AKjSe5QFIGp4AaABAg,@Zenitsuagodsuma3-eqc,2026 guys,2,0,2026-09-03T21:25:50Z,2026-09-03T21:25:50Z
Ugycg7NQFcsItXUqv8p4AaABAg,@DavidDag-z9f6c,Hey to the last person that has played this song come join our team at unified residential homes at 10421 W Coggins drive in sun city AZ open Monday through Friday 8-4,0,0,2026-08-16T14:19:12Z,2026-08-16T14:19:12Z
Ugz-spu3QdwxYbj-SWV4AaABAg,@leguccimorty,Now your boy Future left your side 😂😂😂,0,0,2026-09-14T10:41:01Z,2026-09-14T10:41:01Z
Ugy6wV8-STpySqfTvp54AaABAg,@AndiTaylor-w6z,Keeeeeeenny! I miss you!,0,0,2026-08-19T00:20:07Z,2026-08-19T00:20:07Z
UgzaOD-7PF_B3wTUKd54AaABAg,@King-ZeanIgnacio-y2w,Do not stop,2,0,2026-06-11T12:08:55Z,2026-06-11T12:08:55Z
UgykBBm1xa3AetsxL4V4AaABAg,@jerome-t6u,Bro my stomach hurts i gotta go to toilet,2,0,2026-05-15T00:47:08Z,2026-05-15T00:47:08Z
Ugxd9-Fj9VerZeYggFp4AaABAg,@rexona_7,banger,1,0,2026-07-07T23:34:44Z,2026-07-07T23:34:44Z
UgxRcBV4P99vInEDkgZ4AaABAg,@JulianBridges-z4n,It was bout 1864 when Kendrick ended Drakes career. Yes I do believe that was the time,0,0,2026-06-05T22:12:57Z,2026-06-05T22:12:57Z
UgzwmGXtu0r2P8b3CAh4AaABAg,@fidgetfinley1128,2:44 he said YNW Melly,0,0,2026-06-04T13:11:14Z,2026-06-04T13:11:14Z
UgxB6_E2zYIH5H5RwQ54AaABAg,@johnkindstudios,Yall ready for the Kendrick Response?,5,2,2026-05-19T16:55:41Z,2026-05-19T16:55:41Z
Ugy4R-XaCKvdAhD85iF4AaABAg,@dkbarbados4540,Back,3,0,2026-07-06T00:47:57Z,2026-07-06T00:47:57Z
UgzzI2N5j0sIYDEoAkJ4AaABAg,@jeanultra816,3 albums and still can’t lol,7,0,2026-05-16T21:43:31Z,2026-05-16T21:43:31Z
UgwB_HLjHrqqgu8c_lh4AaABAg,@ci9le,3:11,2,0,2026-07-13T01:39:10Z,2026-07-13T01:39:10Z
Ugz34PE08LxEM6fBjtd4AaABAg,@cominasion123,🔥,1,0,2026-07-22T23:46:24Z,2026-07-22T23:46:24Z
Ugx7zog5AJEW3q3K0294AaABAg,@tashaawesome6297,We back🤴🏿🐐,0,0,2026-05-13T01:53:20Z,2026-05-13T01:53:20Z
UgyjqLU8Gmz3K5Ktl0R4AaABAg,@ShanaRichardson-r2i,Still🔥🔥🔥,0,0,2026-06-05T13:33:33Z,2026-06-05T13:33:33Z
UgxFBP-xzTa6_fSjVsZ4AaABAg,@jadenquiett4205,I remember this song being a lot better or I’m trippin,0,0,2026-06-13T15:37:49Z,2026-06-13T15:37:49Z
UgyyZdbITVR7q5W9ItV4AaABAg,@wowwowwow7891,2026 😂😂😂😂😂,3,0,2026-08-01T12:17:51Z,2026-08-01T12:17:51Z
UgwwxfKyYWqesB0u8Uh4AaABAg,@hahahahathe13th,Team Kendrick Here👇,1,0,2026-07-08T06:15:55Z,2026-07-08T06:15:55Z
UgzmOB78fAEEMbSqgrB4AaABAg,@RamzyPrestige,Kendrick Absolutely save 2024 🫶,6,0,2026-05-17T04:47:04Z,2026-05-17T04:47:04Z
Ugx_hQebAzx97aI_1Zh4AaABAg,@hinata365247,Kendrick talking about trump😂😂,1,0,2026-06-09T19:32:30Z,2026-06-09T19:32:30Z
UgxGSLw860s-3ZHk5k14AaABAg,@Jacobisonyt,6:11 ouuuuuuuu,1,0,2026-05-22T03:29:59Z,2026-05-22T03:29:59Z
UgxDXagZvfHDamA7IB14AaABAg,@GumedeTW,🤣🤣🤣🤣🔥,2,0,2026-05-18T21:36:30Z,2026-05-18T21:36:30Z
UgwtfqQTOoyNdDTxAcN4AaABAg,@Golden-x6l,9:18 fye,0,0,2026-06-22T05:52:58Z,2026-06-22T05:52:58Z
UgxAxYMOjyQZFkIFwpt4AaABAg,@Mpf1muzicvevo,🔥,1,0,2026-05-26T21:43:35Z,2026-05-26T21:43:35Z
UgwJm3s1nLGu_ckSR_F4AaABAg,@Aldosoccer7,0:50,1,0,2026-07-31T12:59:26Z,2026-07-31T12:59:26Z
Ugy79zxm2uBUOza7QjJ4AaABAg,@mxltimxrsverszz,everything they say about me is true,1,0,2026-05-31T06:02:28Z,2026-05-31T06:02:28Z
UgzzughLp5WvVvbIpXN4AaABAg,@ilamajgames,Its been 2. Years damn,0,0,2026-07-11T18:15:57Z,2026-07-11T18:15:57Z
UgyKfHJmkoWnRG5pjeZ4AaABAg,@grashaunnoname7785,Jahy Hill And Keira Miller,0,0,2026-06-12T16:25:25Z,2026-06-12T16:25:25Z
Ugy2e-HfrUFiPBQ-bDR4AaABAg,@estebanmendoza402,Who’s here 2034,1,0,2026-07-24T12:39:48Z,2026-07-24T12:39:48Z
UgyNf2m253B67yQBI5V4AaABAg,@309x2,‏‪1:59‬‏ ‏‪2:02‬‏  5:30,1,0,2026-07-10T01:53:56Z,2026-07-10T01:53:56Z
UgywlHkAYBmNvsXoOWt4AaABAg,@WillEyeAm8,WATTBA! Literally!,0,0,2026-05-30T03:48:34Z,2026-05-30T03:48:34Z
UgydihvINuOZNdCzR8h4AaABAg,@Ovee-y8k,2026,4,0,2026-08-09T12:16:43Z,2026-08-09T12:16:43Z
UgztchfGEAc6ASM2W-Z4AaABAg,@shamirasessions2101,This sound better then all 3 of Drake albums,4,0,2026-05-23T17:39:54Z,2026-05-23T17:39:54Z
