comment_id,author,text,like_count,reply_count,published_at,updated_at
Ugyi8Y5RBFj2tm-LmMF4AaABAg,@nightmar3116,Adonis has an entire playlist to play whenever he gets grounded,396848,987,2024-05-05T04:50:11Z,2024-05-05T04:50:11Z
Ugz51YRyG73ZFE9K2kN4AaABAg,@duckduckgoose8049,"This isn't beef anymore, this is ""to catch a predator"".",266171,782,2024-05-05T02:18:16Z,2024-05-05T02:18:16Z
Ugwj4oBzbcSNsJGQQeN4AaABAg,@SUKUNA_0009,"The ""A MINORRRRRRRRRRRRRR"" Line hit like a Mortal Kombat finisher",34964,187,2024-05-15T04:30:14Z,2024-05-15T04:30:14Z
Ugyi9WoFUeAEF2EEi6d4AaABAg,@lowlifethoosie,"""you run to atlanta when you need a few dollars"" lmfao",1140,17,2026-05-15T06:18:41Z,2026-05-15T06:18:41Z
UgynBArQYobIHMqFWD14AaABAg,@snazzy,I’m starting to get the feeling Kendrick doesn’t like Drake.,287515,1000,2024-05-05T01:27:59Z,2024-05-05T01:27:59Z
UgyBK1YF5eMW-tqntlZ4AaABAg,@babysankofa1,"""you are not a colleague, you a fuckin colonizer"" KENDRICK HES ALREADY DEAD 😭😭😭😭",127999,758,2024-05-04T23:55:46Z,2024-05-04T23:55:46Z
UgyJdc7k3WT4AgG7Ich4AaABAg,@ThEBookOfSwantEGawD,they went from begging kendrick to drop to begging kendrick to stop 😂😂😂😂,75426,266,2024-05-05T04:23:48Z,2024-05-05T04:23:48Z
Ugwg7l81MO_YLeGHNER4AaABAg,@DiyaVaid-c8v,"This song started a literal revolution back in summer 2024, ngl.",113,2,2026-05-22T12:07:53Z,2026-05-22T12:07:53Z
UgwP0yjK7_AnUYGJH7Z4AaABAg,@mooniex825,"""Beat yo ass and hide the Bible if God watchin'"" Dot brooo 😭",14644,60,2024-05-27T03:28:53Z,2024-05-27T03:28:53Z
UgxHTT1psmE2GvTYj0d4AaABAg,@skjnny9417,Man. Fighting predator accusations with “I’m too famous to be a pedo” is fucking wild 😂,80466,561,2024-05-06T13:02:33Z,2024-05-06T13:02:33Z
UgweST7BMP90-WlrBVt4AaABAg,@gambee_,The United Nations needs to step in at this point.,164004,779,2024-05-05T00:33:48Z,2024-05-05T00:33:48Z
UgywaGt7fBVjtHTAdIx4AaABAg,@CaidenF124,"""For anyone who talk to him and fall in love, just make sure you hide yo lil sista from 'em.""",94,0,2026-05-16T01:56:55Z,2026-05-16T01:56:55Z
UgwROB0giBThMnP5rrl4AaABAg,@izzyisdizzzy,"He called this man a colonizer and then backed it up. 
IT’S GAME OVER😭",27150,98,2024-05-05T20:50:22Z,2024-05-05T20:50:22Z
UgxdLIhJNFGmZOVXIQF4AaABAg,@ImDavisssTV,KENDRICK NOT HOLDING BACK 😭😭,71607,244,2024-05-04T23:54:34Z,2024-05-04T23:54:34Z
UgyrTmJrCz_2ovdmDgV4AaABAg,@jahnnypacfroy4209,"""Trynna strike a chord and it's probably A MINOR"" 🤣🤣🤣😂",53779,148,2024-05-05T00:12:36Z,2024-05-05T00:12:44Z
Ugzsl4npRVEvBSkh_7h4AaABAg,@naoscupidd,So we all just on Twitter checking if the Not Like Us music video really got deleted?,2933,82,2026-05-11T19:00:09Z,2026-05-11T19:00:09Z
UgwOJ_mLEsX3Naf2ZzN4AaABAg,@SamWeberComedy,"""I can go further I promise"" is such a terrifying line to drop in the first verse.",58832,195,2024-05-05T08:32:25Z,2024-05-05T08:32:25Z
UgzMHPaACVWA1A02j7x4AaABAg,@Rbasma13,The amount of hate you gotta have for someone to drop 3 tracks in 48 hours is absolutely diabolical 😂,24138,119,2024-05-05T01:38:06Z,2024-10-01T21:10:57Z
UgzDQHVx-lKbhHVJbwB4AaABAg,@keepitmovin4028,J. Cole snapping his fingers to this on the way to Baskin-Robbins 😂,4098,18,2024-05-05T06:41:26Z,2025-02-05T04:46:03Z
Ugy1BGUdkssUtJfHJ2J4AaABAg,@Kellz-l9z,This song really has Drake crying on iceman 😂,218,8,2026-05-16T19:56:24Z,2026-05-16T19:56:24Z
Ugxl1IpA1W6mnxghCzF4AaABAg,@hewas1404,"Euphoria:😲
6:16 in LA: 😳
Meet the Grahams:☠️
Not like us:🕺",18072,90,2024-05-05T20:58:16Z,2024-05-05T21:00:56Z
UgyIUd4IZecwQb9jl2V4AaABAg,@nicktguy,He’s taking a victory lap at this point 😭,14717,45,2024-05-05T00:21:42Z,2024-05-05T00:21:42Z
UgzY09sJXHU28sKeOhF4AaABAg,@lauri-ug6hz,"""The audience is not dumb"" and ""They not slow"" is brutal knowing he already won",8912,22,2024-06-08T20:44:06Z,2024-06-08T20:44:51Z
UgyeA7Jx2iLgzM9j2-94AaABAg,@trmadeit6,Who’s here after they said it was deleted?!! LETS RUN THEM NUMBERS UP AGAIN 😂😂🎉🎉🎉,143,0,2026-05-11T22:41:18Z,2026-05-11T22:41:18Z
UgzlpTKlkjTFcxA3Zfx4AaABAg,@builttoscalevideos,"With the Epstein files being released in such an overly redacted and panicked mess, this song has aged like fine wine.",2293,24,2025-12-21T21:10:01Z,2025-12-21T21:10:48Z
UgwBHkPLy5rRyLNGpBR4AaABAg,@JahTalksMusic,"Kendrick went from hibernation to dropping on the daily, I never seen anyone hate someone this much 😭",141274,659,2024-05-05T00:01:32Z,2024-05-05T00:01:32Z
UgwH-tH-MsNl8jZOn2d4AaABAg,@TheOneisThere,"""Beat Your Ass and hide the Bible If Gods watching "" Being one of the more calmer lines really show you that Kendrick Ain't playing 💀",17591,60,2024-05-07T14:03:58Z,2024-05-07T14:03:58Z
UgyBKGFUbkVlepttzP54AaABAg,@kxntrqll,It’s like watching the Mona Lisa get painted,77,0,2026-06-12T17:47:11Z,2026-06-12T17:47:11Z
UgzTgq3anBv7lRZ6X0p4AaABAg,@CarsonKelley2000,"Kendrick went from ""To Pimp a Butterfly"" to ""To Catch A Predator"" 😭😂",8693,37,2024-05-05T02:26:31Z,2024-05-05T02:26:31Z
Ugzywmvy0OmQO100bel4AaABAg,@GinaDarlingChannel,Nardwuar def silently slid a folder over to Kendrick bro 😭😭😭😭,37019,145,2024-05-05T02:46:23Z,2024-05-05T02:46:23Z
UgyMcBllcyF4PchviVR4AaABAg,@thatarab9695,J. Cole has NEVER been happier w any decision in his life 💀🙏🏽,4863,20,2024-05-05T06:26:56Z,2024-05-05T06:26:56Z
UgxbYolPiRw5OgCkJct4AaABAg,@kingcrusher-jj3vn,My best friend died on the 22nd....this was one of our favorite songs....I miss you so much brother. Remember. They not like us.,77,2,2026-08-30T23:45:11Z,2026-08-30T23:45:11Z
UgyOtpY7WTblj_oNoz14AaABAg,@real-trill540,Kendrick dropped a west side beat after the most disrespectful diss ever,41751,118,2024-05-04T23:52:09Z,2024-05-04T23:52:09Z
Ugx-SK3iASoohIcWLOZ4AaABAg,@zachsteiner,The fact this is STILL #1 trending for music speaks volumes,21604,168,2024-05-14T15:48:20Z,2024-05-14T15:48:20Z
UgwuroLj5lSaIbFBQ7R4AaABAg,@pinksnake8001,Kendrick really warned us to not kill his vibe.,85864,304,2024-05-08T00:33:16Z,2024-05-08T00:33:16Z
UgxFdhT0-46ZeCAdcPB4AaABAg,@Leavemealone722,"Here after Drake barked 😂😂
Am dead someone put his voice on this song 😂😂",54,0,2026-08-12T08:01:47Z,2026-08-12T08:01:47Z
UgxHM0PiMPQfBPv6mb14AaABAg,@isaacwhyy,J Cole probably at Disney eating funnel cake while this beef unfolding 😭😭,147353,726,2024-05-05T01:12:34Z,2024-05-05T01:12:34Z
UgytHrFN-QUSCC1aVsd4AaABAg,@jegsznmw,"This ain’t pimp a butterfly, this is to catch a predator 😂😂😂",3088,18,2024-05-05T01:43:37Z,2024-05-05T01:43:37Z
UgycSb6ygmber4k3Qxp4AaABAg,@nossta5242,"""Tryna strike a cord and it's probably A MINORRRRR"" LMAOOOOOOOO",3707,20,2024-05-05T00:16:02Z,2024-05-05T00:16:02Z
UgykqsKn7QWrfTa5qtJ4AaABAg,@Sh33shMC,Nga they put this on drakes account😂😂,259,6,2026-07-27T03:56:26Z,2026-07-27T03:56:26Z
UgwuoKQodrqd1okEaYJ4AaABAg,@WillTrenchard,"""Tryna strike a chord and it's probably A minnooooorrrrrr""
💀😭",7068,46,2024-05-09T21:27:37Z,2024-05-09T21:27:37Z
Ugw6K5Op2D1g3uhLW1h4AaABAg,@4wki,"""Tryna strike a chord and its probably a minorrrrr"" is the most insane thing i ever saw in this rap battle",3521,19,2024-05-10T11:32:41Z,2024-05-10T11:32:41Z
UgxtD3dhGrDbhFAhgcV4AaABAg,@Futives,3 songs in less than 48 hours is insane 😭🙏,186742,811,2024-05-05T00:42:58Z,2024-05-05T00:42:58Z
Ugwp-ksOiOYKx_n-dmZ4AaABAg,@1richunderdog,Kendrick went Ultra Instinct,23,0,2026-05-14T00:17:24Z,2026-05-14T00:17:24Z
UgxvoYGbl8ms-g0qOoB4AaABAg,@freakart90,SEE WHY COLE STAYED ON HIS PATH AND APOLOGIZING TO THE TALENT CALLED KENDRICK. NOW I FEEL HIM. RESPECT,1476,7,2024-05-05T15:41:14Z,2024-05-05T15:41:14Z
UgwA4jxDlvTn1iORLP14AaABAg,@MoralVerse9354,"""The difference between your ghostwriters and BIG ME is that you drop one, I drop 3."" Kendrick Lamar",3269,15,2024-05-06T08:47:16Z,2024-05-06T08:47:16Z
UgzH4LnGVDAdxV8k5l94AaABAg,@kgbcasual,"Kendrick went straight for the kill with that ""A minorrrrrrrr"" line 😭😭💀",3598,20,2024-06-07T17:01:26Z,2024-06-07T17:01:26Z
Ugxz-IP8ufSJp8FdEvx4AaABAg,@taiterbaiter9260,Came here to cleanse my ears after hearing Iceboy’s temu version of this joint 😂😂,45,0,2026-05-15T14:59:34Z,2026-05-15T14:59:34Z
UgydJ5Ld755UxCLFyGp4AaABAg,@Triohuncho,He brought the west coast cali flow out he is NOT playing🤦🏽‍♂️😭🔥,29777,111,2024-05-05T00:02:45Z,2024-05-05T00:02:45Z
UgzXnSfdOPtohaXl0Wl4AaABAg,@zman1064,KENDRICK IS MAG DUMPING THIS MAN,23221,97,2024-05-05T00:10:45Z,2024-05-05T00:10:45Z
UgwbG5BB-bkDd7yyWhh4AaABAg,@Rhymski,This man’s broke the internet. No business expected this,4869,31,2024-05-26T02:16:22Z,2024-05-26T02:16:22Z
UgyBWNBTlnmiv6F0DnB4AaABAg,@MatrixSamuraiGaming,Him dropping it again before Ice Man Album is diabolical 😂,95,4,2026-05-11T22:28:08Z,2026-05-11T22:28:08Z
UgxGqE113jtNzwTHPBp4AaABAg,@hakeem2231,Convinced Kdot has a folder on his hard drive named: If that Canadian ever 😭,55966,351,2024-05-05T23:16:19Z,2024-05-05T23:16:19Z
Ugyd4P1XNRXOwYgVJ0x4AaABAg,@HushTarot1111,“Hide yo’ lil Sister from him…” “Tryna strike a chord and it’s probably A Minor”…. The amount of gold and savagery in these lyrics is unprecedented 😭,1500,6,2024-05-05T16:05:15Z,2024-05-05T16:05:15Z
UgxRYb3corONBl2NYDN4AaABAg,@GreenHatAi,the bars are CRAZY 😭,25212,59,2024-05-05T01:17:46Z,2024-05-05T01:17:46Z
UgyBHQyt0o_rC1WIQZZ4AaABAg,@NovikNikolovic,"""I didn't know this beef is 2 years old.""

Something I can say to both Drake, Kendrick AND my freezer.",63,1,2026-05-13T23:23:40Z,2026-05-13T23:23:40Z
Ugx5AMUfGJdj2S8nOMx4AaABAg,@medwardsinc,"The diss song that destroyed a platinum artist career ,  united the west coast, became a #1 smash, got him the super bowl and NOW won him 5 grammys ?!?",12879,82,2025-02-03T04:39:15Z,2025-02-03T04:39:15Z
UgxBExgU-X4vC4mFciJ4AaABAg,@bluberri-ye3we,“Trynna strike a chord and it’s probably a minor” is the best line,2463,18,2024-05-05T14:12:21Z,2024-05-05T14:12:21Z
Ugxg-nDSxqA3efLZf7h4AaABAg,@KCLycanPROD,"""Just make sure you hide your little sister from em"" had me rolling😂😂😂😂😂",1572,11,2024-05-29T04:26:27Z,2024-05-29T04:26:27Z
Ugzj9j5LJroGxTwc-Yh4AaABAg,@themedays2657,"Listened to Iceman, then came back to this cause that man was fighting for his life on that west coast beat tune😢",157,4,2026-05-15T13:48:08Z,2026-05-15T13:48:08Z
UgyN4woMP3ojTbca7Od4AaABAg,@thatguy8122,Crazy part is that kendrick has changed his flow for every single diss. This guy can rap anyway anytime. The true 🐐,8948,43,2024-05-05T17:58:30Z,2024-05-05T17:58:30Z
UgxiwRKG6iVbncVqYlt4AaABAg,@BirdCaramel,Imagine yelling DROP DROP DROP - having this dropped on you- and then suing for the world to see. lol this truly is HILARIOUS . PLAY IT AGAIN!!!!!!!,6237,39,2024-11-27T16:04:49Z,2024-11-27T16:05:24Z
Ugzlev9bfCGyMe1-61t4AaABAg,@skv2k24,you know your career is cooked when a diss track targeted to you is #1 in the country,5691,75,2024-05-23T00:07:07Z,2024-05-23T00:07:17Z
UgyfIyReLZFXRS9Pgtl4AaABAg,@SighingTimes,"After Iceman, this tastes like fine wine",74,2,2026-05-18T00:03:34Z,2026-05-18T00:03:34Z
Ugwy5MGC-m_Y50pxxNx4AaABAg,@djbeatbug2560,"""Tryna strike a chord and it's probably A-Minor"" IS WIIIIIIIIIILD! 🤣🤣",1639,6,2024-05-05T00:52:06Z,2024-05-05T00:52:06Z
UgyVLUiE1NOYWCeZxSB4AaABAg,@Bapthard,"""Tryna strike a chord and it's probably a MINOOOOOOOOOOOR""

KENDRICK STOP THIS MAN IT'S AN HUMILIATION 😭",1981,15,2024-05-05T00:17:06Z,2024-05-05T00:17:17Z
Ugy1HN4qwt6V_GnIUhJ4AaABAg,@BETTYBENJI,"“The audience not dumb
Shape the stories how you want, hey, Drake, they're not slow” I laugh every time 😂",2074,26,2024-05-09T01:43:37Z,2024-05-09T01:43:37Z
UgxfFNk7B0hIpXoe4MZ4AaABAg,@Papigrandesa,This shii still a bop 2 years later,45,0,2026-05-15T18:40:45Z,2026-05-15T18:40:45Z
Ugz-NAdvqJ8bXdyO0g54AaABAg,@Evan-gi1hs,this hits even harder after the 20th lawsuit.,2796,9,2025-01-16T23:04:09Z,2025-01-16T23:04:09Z
Ugx9tkjP2TO8nZjoHZx4AaABAg,@bruh699danoob,"""Say Drake, I hear you like 'em young."" LOL! 😂😂😂",579,1,2024-06-08T09:21:54Z,2024-06-08T09:22:22Z
Ugwx-DihP7AGMy1hJip4AaABAg,@ThatJosiahGuy,"Drake fans: ""why is Kendrick taking forever to respond?""

Kendrick: **Drops a whole diss album**",1152,7,2024-05-05T16:08:38Z,2024-06-24T05:37:26Z
UgyT_bPLy2YzO94mL4R4AaABAg,@DanielGolden-s3m,Who's here after Iceman?😂😂😂😂,86,2,2026-05-19T10:36:34Z,2026-05-19T10:36:34Z
UgyHV2l6eJBOy-jQYpB4AaABAg,@midaszay213,Nobody talking about that “ALL EYES ON ME SO IMA SEND IT UP TO PAC” that’s beautiful,2704,20,2024-05-05T19:19:07Z,2024-05-05T19:19:07Z
UgzaLlFYSWloo9mRSjF4AaABAg,@ATLAS_EMP,"The fact it’s still on #1 trending for music is fucking insane

Edit: it is now #2 as of may 24",5382,66,2024-05-18T22:59:27Z,2024-05-25T15:14:51Z
UgyYfA8j6lKEupUDtjF4AaABAg,@cameronh5029,"This dude raps like we breathe , effortless .",773,2,2024-05-07T02:26:34Z,2024-05-07T02:26:34Z
UgzoOmMeSQqudO6vQk94AaABAg,@fog10101,5x Grammy winning diss track!,70,0,2026-05-11T23:15:38Z,2026-05-11T23:15:38Z
UgwUheisIPCV4cQK8pt4AaABAg,@kesseybros,Kendrick wasn’t playing when he said “ Stop playing with me before I turn you into a song”😭😭. Now they playing’ Not like us ‘ in the clubs. Say OVHO 😭,3351,21,2024-05-07T11:38:05Z,2024-05-07T17:50:56Z
Ugw9ncbwFufz1YUYpGV4AaABAg,@jenniferzelaya8476,That amount of references in this song alone sold me. Kendrick is so clever with his bars,1867,10,2024-05-16T03:01:16Z,2024-05-16T03:01:16Z
UgxjSDDv33sXgzrY3uF4AaABAg,@christianlumbangaol4376,"This isn't diss track.
This is masterpiece.",502,1,2024-05-21T11:11:37Z,2024-05-21T11:11:37Z
UgxXDWwcrRmzj2RDBid4AaABAg,@LatiniMusiQ,bro killed drake's career i heard he retired after dropping iceman,15,0,2026-05-15T17:29:32Z,2026-05-15T17:29:32Z
UgzNDzF5y4FDsRoihcp4AaABAg,@suibobt,"Drake made a diss track, Kendrick made a whole life sentence.  😂😂",943,6,2024-05-14T00:55:32Z,2024-05-14T00:55:32Z
UgzYEvjlyh_ut4gnl5l4AaABAg,@theGazzer,2 weeks later and still NO ONE HAS STOPPED HIM 😭😭,2809,14,2024-05-18T16:15:38Z,2024-05-18T16:15:38Z
Ugx2M1RQihppK23kGvJ4AaABAg,@Jose-cv7hj,"Three K. Dot tracks in 48 hours, we are eating like never before",9605,63,2024-05-04T23:52:41Z,2024-05-04T23:52:41Z
Ugy3K7-_rCm1a0_kM8x4AaABAg,@bighuncho5223,This shit still bang 😂 2026,98,1,2026-05-15T16:06:38Z,2026-05-15T16:06:38Z
UgyxEUhmlSp6lhmqnSB4AaABAg,@LonerBecause,"""Tryna Strike A Chord And It's Probably A- Minor"".. That Line goes Crazy 🎸🎸🎸",3688,23,2024-05-05T00:30:23Z,2024-05-05T00:30:23Z
Ugy4iEQo7mppiGNtwVh4AaABAg,@SamuraiSama,Drake just opened the door for Kendrick to gain new fans who overlooked him before just to come and realize the reason he’s so respected he’s the man.,1364,15,2024-06-01T05:09:23Z,2024-06-01T05:09:23Z
Ugwb3Jo2ueVxiGLDnTB4AaABAg,@PBHF20,‘Not a colleague but a fucking colonizer’ lol Kenny is KILLING this man!,690,2,2024-05-05T03:55:37Z,2024-05-05T03:55:37Z
UgzjOBSMCDE9woh6N7d4AaABAg,@vayas09,2 years later and it's still gold. Maybe even more relevant now.,13,0,2026-05-06T20:35:37Z,2026-05-06T20:35:37Z
Ugy785vT4HSel3v0t0F4AaABAg,@joshua5207,No way bro just dropped another one 💀💀🙏,2662,9,2024-05-04T23:51:15Z,2024-05-04T23:51:15Z
UgzI2xRs2kLZzf9-kUt4AaABAg,@salehsaleh5773,"""CASE IS DISMISSED, IT'S A MUST WE RUN THIS BACK AY"" 🔥🔥🔥",577,5,2025-10-10T07:01:35Z,2025-10-10T07:01:35Z
Ugx4Z_5dngd8dKrjSTh4AaABAg,@RetroGore91,Drake said drop and give me 50 so Kendrick bout to give him 50 diss tracks,1600,12,2024-05-05T05:06:21Z,2024-05-05T05:06:21Z
Ugx-PV76ovc4avbK4cB4AaABAg,@pranav9737,"""you run to Atlanta when you need a check balance"" 

""you called Future when you didn't see the club"" 

Aged well",4,0,2026-05-17T08:12:10Z,2026-05-17T08:12:26Z
UgySIpSYHyhBqBaGR0l4AaABAg,@yang-hp7pl,"""I can go further, I promise"" is the coldest line",944,5,2024-05-18T06:08:58Z,2024-05-18T06:08:58Z
UgzxNKIIAy0-W3Uk9pB4AaABAg,@mrrager8107,This now the official anthem for exposed influencers/ celebrities💀😭😭,1396,14,2024-07-26T18:28:01Z,2024-07-26T18:28:01Z
UgyGfaJL0xlbQ2h27BN4AaABAg,@osmnjr,"""strike a chord and it's probably A-Minor"" Drake is finished 💀💀💀",638,3,2024-05-05T08:30:16Z,2024-05-05T08:30:16Z
UgxNimNtVfrVPT2WC514AaABAg,@Stonenationltd,Thank you for sending us back 😂,9,0,2026-05-12T20:52:22Z,2026-05-12T20:52:22Z
UgzXwJowy4mTwAb5ott4AaABAg,@robindeera8060,My boy even slowed down and gave us a little history lesson 😂,922,8,2024-05-09T02:43:24Z,2024-05-09T02:43:24Z
Ugx2RGunC6QICS_R3hR4AaABAg,@retiredboxer_,waking up to a new Kendrick drop everyday is feeling like the 12 days of dissmas,1589,6,2024-05-05T06:37:13Z,2024-05-05T06:37:13Z
UgwdEANCnFQOQdIEF3h4AaABAg,@EDITS_MLA,"“Make sure you hide our little sister from ‘em”
That is fuxing wild💀💀",872,7,2024-08-10T16:27:00Z,2024-08-10T16:27:00Z
Ugx1Y5TnPFQ170BT8NN4AaABAg,@RossRideskc,Im here because Iceman is trash af. He was trying to tell us about this weirdo,17,0,2026-05-15T13:15:46Z,2026-05-15T13:15:46Z
UgwOB3xvxDskyC7Q2dR4AaABAg,@bxxtytouch,Ngl this is a decade of venting for Kendrick he's just cleansing himself 😂,1190,8,2024-07-01T01:04:38Z,2024-07-01T01:04:38Z
UgxEiw-c-jddN00rE-V4AaABAg,@josemarmalua4288,"Asking ""Are you my friend"" ""are we locked in"" after dissing him the whole song is nasty😭😭😭",1473,13,2024-05-16T06:52:52Z,2024-05-16T06:52:52Z
Ugy9UY1sNhGIDSxBW8d4AaABAg,@DOUBLEJOE850,“2 chains say you good but he lied” 😂🤣😂🤣😂🤣😂🤣,1588,22,2024-05-06T15:53:22Z,2024-05-06T15:53:22Z
UgymcBCglEtQplFTgCR4AaABAg,@tall_soobinnnn,I remember when l would play this everyday 2 years ago,12,0,2026-06-11T06:13:32Z,2026-06-11T06:13:32Z
UgwCxpuxSL3FLwyf3n14AaABAg,@joemack477,"Kendrick made a diss record, club banger, party track, college band song and a soon to be platinum record, if its one all ready, all in one.",1265,7,2024-05-12T03:26:46Z,2024-05-12T03:26:46Z
UgwcF8_9OsfGdF371sJ4AaABAg,@floydmascarenhas7804,“It was gods plan to show you are liar” hit hard😂🔥💯,538,2,2024-05-05T06:19:50Z,2024-05-05T06:19:50Z
UgzzyRhuYq-UmYiFppV4AaABAg,@woowoowooykitbro,"""tryna strike a chord and it's probably A minor""
kendrick is on one!!😭🔥",1594,10,2024-05-04T23:56:19Z,2024-05-05T00:10:03Z
UgxdPB29XRDBKzt-ADh4AaABAg,@sabalimpozi9402,I'm spinning back on this gem for the culture,12,0,2026-05-15T23:58:16Z,2026-05-15T23:58:16Z
Ugzep6LPofuorRKn87l4AaABAg,@leonardavila2687,"""Beat your ass and hide the Bible if God watching"" does not get enough respect 😮‍💨",853,8,2024-05-14T15:27:00Z,2024-05-14T15:27:00Z
UgyDIenG9saJOhDy_9h4AaABAg,@southp1992,Kendrick just relentless 😂😂😂,1274,8,2024-05-04T23:51:12Z,2024-05-04T23:51:12Z
UgxuAams1wskibngo8B4AaABAg,@mi_usaid,"""Tryna strike a chord and its probably A MINORRRRRR"" creasing right now, probably the best thing ive literally ever heard",896,2,2024-05-05T08:14:40Z,2024-05-05T08:14:40Z
UgyLiLP3NnTtG2iLW6p4AaABAg,@gsn1910,"""So, what keeps you going?""

Kendrick: ""Hate""",513,2,2024-05-05T00:29:11Z,2024-05-05T00:29:11Z
Ugx3XVQ_Uy9Ak1u3pwR4AaABAg,@namatamaminyoi,"When he said “Stop playing with me before I turn you into a song”, man meant it…",953,5,2024-06-14T20:44:17Z,2024-06-20T11:50:25Z
UgxCFBglo6p_NNzvLV14AaABAg,@Slenciel,"The fact he didn't only diss Drake, but the whole ovo crew is wld. 🗣",2014,15,2024-06-10T14:55:55Z,2024-06-10T14:56:49Z
UgwvofFzR_HME_WtV6t4AaABAg,@c00LJoe5,2 years since one of the greatest times to be alive,11,0,2026-05-05T22:12:16Z,2026-05-05T22:12:16Z
UgwTliKVC34LXFnvWjh4AaABAg,@ENXGMA_YT,"We still recovering from the previous track, Kendrick wat u doing? 😂😂",31859,105,2024-05-05T01:37:52Z,2024-05-05T04:39:39Z
Ugz1XY1W-57xQnAVNEh4AaABAg,@arjunnarayan7568,J Cole waking up to the sounds of birds chirping and overall serenity rn,865,7,2024-05-05T07:35:02Z,2024-05-05T07:35:02Z
UgzwRm5JNb5damd3tKB4AaABAg,@peachesl8706,“You not a colleague you’re a f*ckin colonizer”…. I wasn’t ready for this 😅🔥🥵,636,6,2024-05-05T13:57:42Z,2024-05-05T13:57:42Z
Ugzh2MO_BYyhrAXZuod4AaABAg,@FelixAbstractReality,Hey I remember this song! It's still great.,23,0,2026-05-12T00:38:54Z,2026-05-12T00:38:54Z
UgzycGQtgSeEgOvijFd4AaABAg,@samarthlangalia6585,"Meet the grahams was so brutal that my man Kendrick released a light hearted, fun and catchy diss track to vibe with 🗿",750,4,2024-05-16T20:13:01Z,2024-05-16T20:13:01Z
UgyihPoCgIyhD4__vUx4AaABAg,@cinn.1.1,Having everyone at the Super Bowl scream ‘A minorrr’ is CRAZY 😭🙏,974,9,2025-02-14T22:37:11Z,2025-02-14T22:37:11Z
UgwQRYlFS6N33XHLO5Z4AaABAg,@Sans21-p3l,“Make sure you hide your lil sister from him”😂💀💀,796,8,2024-07-18T07:08:14Z,2024-07-18T07:08:14Z
UgwICWO4eKzznmoB2_54AaABAg,@countryboi0357,Excellent way to get the numbers up. People coming to see if its still here 😂😂.  Probably about to get another million views by the time the rumor stops,11,0,2026-05-11T20:04:25Z,2026-05-11T20:04:25Z
Ugw8FYkFJtnI_JRGvrB4AaABAg,@alexandragitaisaza6498,Kendrick dead ass beating drake with a whole ass bible,570,4,2024-05-30T22:58:03Z,2024-05-30T22:58:03Z
UgwU1Ozao8zYFXSOMZN4AaABAg,@marquisadavis,THAT COLONIZER LINE!!! MY GOODNESS HE DESPISES DRAKE!,531,5,2024-05-05T13:50:57Z,2024-05-05T13:50:57Z
UgxH9ZcoinS5OgH6rYt4AaABAg,@Anonymous037_,"“Say drake, I hear you like em young” IS CRAZZZY",706,6,2024-05-06T23:54:18Z,2024-05-06T23:54:18Z
UgzzMXYAShzhwuvudtJ4AaABAg,@kaizenzx_kzx,"Can't believe that this still going on. Still remembered all this beef like it was yesterday. Been a Kdot fan since Control so I very well know how much of a monster he is. This song HITS way different after Iceman cuz atp, Drake's conscience is killing him.",16,0,2026-05-18T00:28:45Z,2026-05-18T00:29:32Z
UgxsApGVgEiOS4l2sO54AaABAg,@shines9290,"""Tryna strike a chord and it's prolly A MINOOOOOOR!"" Best double entendre ever! PEWPEW",1583,17,2024-05-18T05:15:02Z,2024-05-18T05:15:02Z
Ugx5bDOYCp4aswh8V8l4AaABAg,@Persaint08,"""tryna strike a cord and its prolly A Minorrrrrrr"" 🤣🤣🤣",581,6,2024-05-08T06:50:56Z,2024-05-08T06:50:56Z
UgzPmi7pOkdSjnyG_ER4AaABAg,@claritasolll555,I WILL NEVER FORGET THIS KENDRICK DISS ERA,750,7,2024-05-05T00:07:45Z,2024-05-05T00:07:45Z
Ugwu6_ht-cxdw9_SshR4AaABAg,@moonman1118,Here again instead of listening to iceman,162,6,2026-05-15T04:16:44Z,2026-05-15T04:16:44Z
Ugwq5Eq_Sp9qawhwdjp4AaABAg,@calebkent6706,Dissed him so hard drakes sellin all his U.S. Homes 😂😂😂,1076,9,2024-05-11T19:26:01Z,2024-05-11T19:26:01Z
UgyGH8EnmA5HPTFB4_d4AaABAg,@EayuProuxm,"So Kendrick made a club banger while barring out and providing catchy, funny moments. 
And he managed to drop some education and detail why Drake is a culture vulture. 
And doubling down on the pedophile accusations. 

This is an elite level of songwriting.",557,3,2024-05-05T08:19:20Z,2024-05-05T08:25:46Z
UgxoN6PJli_SnVe-wol4AaABAg,@kaitive,“Tryna strike a chord and it’s probably A MINOR” is crazy 🔥🔥🔥,729,5,2024-05-05T00:58:15Z,2024-05-05T00:58:15Z
UgyT7chxhucPtvi1j3h4AaABAg,@takodacorliss5838,Two years later and it still haunts Drake’s nightmares,4,0,2026-06-04T11:12:15Z,2026-06-04T11:12:15Z
Ugwk5Iqi9FpkRTGK3_54AaABAg,@Woo6razy,From Euphoria to a Eulogy 😂,503,2,2024-05-27T01:42:54Z,2024-05-27T01:42:54Z
UgyEzFU02wT58VqGGYV4AaABAg,@Icytheboi,“I wanna perform their favorite song which they know they like to sue” TIMELESS CLASSIC 🫡🫡🫡,1234,12,2025-02-27T23:10:34Z,2025-02-27T23:10:34Z
Ugz_B6mqBc3SluuYZeF4AaABAg,@TreighNotTrey,“Tryna strike a cord and it’s probably a Minnoooorrrrrrrrr” 😭🙅🏽‍♂️,587,4,2024-05-05T00:10:32Z,2024-05-05T00:10:32Z
Ugx2j7cdpAmi20e4Jsd4AaABAg,@SimphiweKingsley,drake barked at a goth girl well kendrick better bring another diss again,11,0,2026-08-10T15:31:01Z,2026-08-10T15:31:01Z
UgwMWsfRqypqIKoSvFx4AaABAg,@mmastiff734,"2 whole weeks later and it’s STILL #1 trending for music holy shit, Kendrick SWEPT that boy",1451,7,2024-05-19T10:13:06Z,2024-05-19T10:13:06Z
UgwbfckG7_LoQBFyQj54AaABAg,@RalphWilliamsthe3rd,"This is only a day old, but it's already a classic.",661,3,2024-05-06T08:45:48Z,2024-05-06T08:45:48Z
UgzMjV_fMtm5Ouyoceh4AaABAg,@j.r.hernandez7368,"I remember Kendrick saying in one of his  tracks "" stop  playing with me before i turn you into a song "" ... He actually did LOL..",1143,6,2024-05-07T02:04:25Z,2024-05-07T13:37:08Z
Ugxna2l2fNuYMj3H--p4AaABAg,@ohhwellPJ,Had to back here after violating my ears with that ice man album,10,0,2026-05-23T17:56:47Z,2026-05-23T17:56:47Z
UgwoK5qxw1kIciAZTzJ4AaABAg,@VivaBarcaLM10,The A Minor line has to be one of the wildest lines I've heard in a while 💀,651,7,2024-05-16T02:38:06Z,2024-05-16T02:38:06Z
UgwVZuXXLBgdz3LfvdB4AaABAg,@half8n191,10 days later and its still #1 trending in music... shits nuts,2303,21,2024-05-15T17:10:29Z,2024-05-15T17:10:29Z
UgwkqHJ1czTM_1i9ojp4AaABAg,@humblebeans5511,This song has no business still slapping this hard 8 months later. The second verse has me in my living room SWEATING like a maniac 😭,2005,14,2025-01-18T06:17:46Z,2025-01-18T06:17:46Z
Ugys8EyAscLRfyuqKEt4AaABAg,@willycooks,Who’s here after it got taken down,28,0,2026-05-11T20:11:15Z,2026-05-11T20:11:15Z
UgwWh3EI-kUpVwIvz4N4AaABAg,@donta3758,"""certified loverboy, certified pedophiles"" BRO THAT IS WILD, KENDRICK NOT HOLDING BACK 😭",453,3,2024-05-05T02:14:15Z,2024-05-05T02:14:15Z
Ugwuw7Heer7bCSVDDMN4AaABAg,@662chillin,It's a new Juneteenth tradition to play this song 6 straight times,810,10,2024-06-27T14:38:36Z,2024-06-27T14:38:36Z
UgyksO8llCZ35ChfDwp4AaABAg,@boyofficial_,Kendrick switching flow from bar to bar is next level elite shit🔥🔥,840,2,2024-05-28T10:19:33Z,2024-05-28T10:19:33Z
Ugwi6lBngSIIW6nIZyB4AaABAg,@2Qwuik,"This music ages like fine wine after seeing how Drake behaves around the ""goth girl""",14,1,2026-08-21T19:13:01Z,2026-08-21T19:13:01Z
UgwYtptb7rUI5pwPXL54AaABAg,@liamu1017,When he responded to Drakes slavery comment with the Atlanta breakdown was one of the craziest bars i’ve ever heard,591,2,2024-05-05T11:20:55Z,2024-05-05T11:20:55Z
UgytmsGiquZqd7Wseq94AaABAg,@gigachonker,Seeing this beef makes me realize I’ve never truly hated anyone.,2337,19,2024-05-05T00:02:04Z,2024-05-05T00:02:04Z
UgxM71sCCDtw8jsmVKp4AaABAg,@DBarnes9009,Being number 1 trending in music for 20 days is nuts.,1848,22,2024-05-25T01:09:03Z,2024-05-25T01:09:03Z
Ugxxup5cf-skFXwYdcl4AaABAg,@KirbyJason210,Can’t believe this came out 2 years ago,11,0,2026-05-18T01:06:21Z,2026-05-18T01:06:21Z
UgzfyAwCV4js9onFdD54AaABAg,@AntiSocialExtrovert323,"“You ballboy, fetch Gatorade or somethin” is one of the best jokes of all time",1519,40,2024-06-24T22:20:30Z,2024-06-24T22:20:30Z
UgyclT9CAOYgySQzXf54AaABAg,@Kingisnice093,Kendrick is the definition of no mercy.,414,2,2024-06-07T17:28:13Z,2024-06-07T17:28:13Z
UgzXV7rgt5HZSlbNks94AaABAg,@3kdeadsouls412,Drake is getting absolutely violated bro.. this ain’t even a diss this just the final blow to drake’s career,1136,22,2024-05-25T16:23:44Z,2024-05-25T16:23:44Z
UgwCxEJv4iqTtngWZnV4AaABAg,@ZoraRose-xi7lf,"Every time Drake releases a song I’m gonna listen to this one, three times just to heal my ears.",14,1,2026-05-28T06:53:56Z,2026-05-28T06:53:56Z
UgwH8BAaHRqG-YQm-al4AaABAg,@350fury,"Kendrick said ""a diss track? What about a diss album"" and just keeps dropping BOMBS",636,5,2024-05-05T14:42:05Z,2024-05-05T14:42:05Z
UgwK7sHxBAsv4CeTv554AaABAg,@crowquette9278,This man made Crips and Bloods dancing together in is concert.. fucking insane,720,8,2024-07-01T17:52:05Z,2024-07-01T17:52:05Z
Ugz7x-9v0hlr-QgAM8J4AaABAg,@twopeep,"“Hey, Hey Hey Hey Hey, Run for your life.” is crazy. Kendrick fucking full comboed drake🔥🔥😂",615,5,2024-06-02T16:13:09Z,2024-06-02T16:13:09Z
Ugy7zyhlYKVqzzkrOlF4AaABAg,@2ndheyyou904,Can't believe it's been years. It definitely feels like yesterday,7,0,2026-05-05T18:50:40Z,2026-05-05T18:50:40Z
Ugwudn8X2UssK9ZYGdZ4AaABAg,@BlacHippyChronic,Aubrey’s greatest contribution to rap is having KDot drop almost a whole album of 🔥🔥🔥 in less than 2 weeks,1354,16,2024-05-05T10:01:23Z,2024-05-05T10:02:43Z
UgwBOj18quLbHsEXzpV4AaABAg,@jobizoo86,“Tryna strike a chord it’s probably A MINOR “ 🤯🔥,490,3,2024-05-05T03:19:13Z,2024-05-05T03:19:13Z
Ugz1SrCMsM9q3szJtYB4AaABAg,@pawanbhutra9763,Bro got Drake’s ghostwriters working overtime with 3 diss tracks in 5 days 💀,522,5,2024-05-05T05:55:33Z,2024-05-05T05:55:33Z
UgxbV9u5rV7cruDC3L14AaABAg,@Kuromeu,bro that disstrack is fire especially the 2nd and 3rd verse,6,0,2026-05-18T23:15:57Z,2026-05-18T23:15:57Z
UgwkjriUyBzeB8mjv6R4AaABAg,@CloverTheSugarBush,"""A minorrrrrrrrrrrrrrrrrrrrrrrrrrrrrrrrrrrrrrrrrrrrrrrrrrrrrrrrrrrrrrrrrrrrrrrrrrrrrrrrrrrrrrrrrrrrrrrrrrrrrrrrrrrrrrrrrrrrr"" hit hard 🥶(edit: a bot stole my comment :/)",677,6,2024-06-05T16:58:34Z,2024-06-07T19:34:45Z
UgxV4KYaClE3F4aMgzt4AaABAg,@jackman1526,Crazy how we all went from waiting years for a Kendrick release to getting impatient when he doesn’t release after a day lmao,1141,10,2024-05-06T03:18:09Z,2024-05-06T03:18:09Z
UgxPR7IP2FvBkUxOFoZ4AaABAg,@TheeAntisocialXxtrovert,5 Grammy nominations and 5 Grammy wins. CONGRATULATIONS King Kendrick. We're so happy for you and proud. ✊🏿👑🐐 RIP to your Auntie. ❤️💔,1158,15,2025-02-03T09:47:35Z,2025-02-03T09:47:35Z
UgwScX_tYfee1X8_3TZ4AaABAg,@legendarvelo3206,This shit easily got billions of listens.  I never seen movement like this,4,0,2026-06-15T07:11:49Z,2026-06-15T07:11:49Z
Ugz-dECjUYwNzt5zyOB4AaABAg,@bldzeraa,"""Katt Williams 2024 is the year of truth, all lies will be exposed",1524,19,2024-05-05T02:07:26Z,2024-05-05T02:07:26Z
UgxHMuG60WIckISTw8l4AaABAg,@chaoticklutz3633,"J Cole, we all humbly apologize for the way we laughed at you apologizing to Kenny, and that we forgive you for having been the smart one 🙏🙏🙏",646,7,2024-05-05T03:30:14Z,2024-05-05T03:30:14Z
Ugwu3eqAUU8RDF54qgB4AaABAg,@abrahamvidrio771,"2024 summer bop song is one which calls drake a pedo, and worse for drake is that it’s also breaking his own streaming records. This is so diabolical 😭",888,9,2024-05-15T21:01:56Z,2024-05-15T21:01:56Z
UgwIRm_rgtKaNfHUp7F4AaABAg,@uutrctcfuucftucft,feels like revisiting a murder scene,4,0,2026-07-14T15:55:35Z,2026-07-14T15:55:35Z
Ugxsf0Il5I0oKMMeo814AaABAg,@nadyaahaha9373,Kendrick dropping 3 tracks in a span of less than 48 hours makes me realise I haven't hated to my full potential 😭🙏🏻,879,11,2024-05-05T00:45:44Z,2024-05-05T00:45:44Z
Ugxqdnqo3EI_xagdCfB4AaABAg,@inmyflygirlzone,"Kendrick ain't lying, the numbers don't lie.....",603,5,2024-06-03T21:05:06Z,2024-06-03T21:05:06Z
Ugzsy6NGOb7Q2ehENsZ4AaABAg,@dresavbeatz4431,Keep this song trending #1 for 365 days ✊🏾,498,11,2024-05-24T19:44:26Z,2024-05-24T19:44:26Z
UgzsTwjfRVlTGLknzgt4AaABAg,@aevsa99,Can’t believe this was already 2 years ago,9,0,2026-05-16T14:05:56Z,2026-05-16T14:05:56Z
UgxRQO5upFwzkGJJULR4AaABAg,@chantelcarter7656,folks was crying about not being able to twerk to “meet the grahams” so Mr. Duckworth gave y’all somethin to step to real quick 🤣🤣🤣💃🏾,514,4,2024-05-05T17:24:05Z,2024-05-05T17:24:05Z
Ugy75sYgn3aX1esnnct4AaABAg,@EnDevYT,“A MINORRRR” HITS DIFFERENT 🔥🔥🗣️🗣️🔥🔥🔥,880,13,2024-08-24T09:18:01Z,2024-08-24T09:18:01Z
Ugy9gLcyU-LlB3bHhSF4AaABAg,@skrynnskrylla3897,"""Beat yo ass n hide the Bible if God watchin!!"" 😂😂😂🔥🔥🔥 Why he go so damn hard!!",804,11,2024-05-05T05:16:11Z,2024-05-05T05:16:11Z
UgzBQHbHe0ZxulGe6WR4AaABAg,@MaxWang-i1l,Crazy to think this was 2 years ago.,8,0,2026-06-03T01:50:23Z,2026-06-03T01:50:23Z
UgzP8vq4q4L7rQMpO5N4AaABAg,@ataylmaz2240,this beef is the best thing happened in rap in the last 5 years,472,4,2024-05-05T09:08:08Z,2024-05-05T09:08:08Z
UgybjdmEc7nLuNDfBe54AaABAg,@w1llem1,Anyone else keep checking Kendricks page every hour just to make sure you haven't missed a new drop?,2118,69,2024-05-07T01:51:20Z,2024-05-07T01:51:20Z
Ugz8Q0fbexOT0Y_tqCx4AaABAg,@RayTheomo,"""The audience not dumb.
Shape the stories how you want.
Hey Drake, theyre not slow"" 
🎶🕺🏿🎵🕺🏿🎶",971,19,2024-05-06T03:15:38Z,2024-05-06T03:15:38Z
UgzuA91qdsTnGArntqZ4AaABAg,@wwstick,"Kendrick, we need you again",7,0,2026-05-27T05:02:00Z,2026-05-27T05:02:00Z
Ugwd5fwxF187iBZge3R4AaABAg,@SelfmadeTre21,3:18 21 give you false street cred😭😭😭😭,496,0,2024-05-05T01:06:30Z,2024-05-05T01:06:30Z
UgwApQsHzdH6zAo3AQF4AaABAg,@Deadboydevo,"Nah 3 disstracks in 2-3 days is crazy, kendricks response time faster than my amazon prime order ong😭🙏",833,4,2024-05-05T22:51:32Z,2024-05-05T22:51:32Z
UgyNCBXjU91CqzQvTrV4AaABAg,@mf_dva,"Kendrick has me realizing I'm not hating on my enemies hard enough. This is inspiring.

I know Drake is sitting in a dark room somewhere, conflicted.",906,17,2024-05-05T06:48:09Z,2024-05-05T06:48:34Z
UgwZNCcJBFanCqXgmSV4AaABAg,@statikverse,You know exactly why I am here,21,0,2026-05-15T13:19:53Z,2026-05-15T13:19:53Z
UgyWTUe1XudFAGY6lvR4AaABAg,@Gitoosexc,"""Tryna strike a cord and it's probably a MINORRRRRRRRRRR""😹😹😹",435,22,2024-05-11T12:01:58Z,2024-05-11T12:01:58Z
Ugxf0UStgUdNBqngC8Z4AaABAg,@johnsman1374,"I take back everything bad I said about cole, dude's a genius for backing down from this demon.",1040,9,2024-05-05T21:00:53Z,2024-05-05T21:00:53Z
UgzGcjV4-kCODA7J6at4AaABAg,@ThiagoRodriguez-l2z,one of the best diss tracks ever,5,0,2026-05-20T13:47:55Z,2026-05-20T13:47:55Z
UgwAM6H97cs9HYKx-cp4AaABAg,@Mohawkany,Drake didn't know what he was getting his self into... Kendrick is unstoppable,574,10,2024-05-05T01:14:43Z,2024-05-05T01:14:43Z
UgwuuMXiCQZzgngYrA94AaABAg,@SPIDER9696-ATS,Ain't gon lie. this beef finna go down one of the greatest the industry ever had.,575,11,2024-06-16T21:17:06Z,2024-06-16T21:17:06Z
UgybJNJmrxlQRlQzfaZ4AaABAg,@footballMadness109,"""Let me hear you say OV HO"" 4:06 shit is wild though 🔥🔥😂😂",1448,15,2024-05-05T00:22:22Z,2024-05-05T00:22:22Z
UgyAANc_miwfoErZxJN4AaABAg,@Opie_TheKitten,I remember one time i was in the car with my dad and he turned this masterpiece on full volume. Never in my life did i think my white as paper dad fucked with kendrick.,12,1,2026-08-11T19:22:03Z,2026-08-11T19:22:03Z
UgxU35L5LKdHOqrCCLF4AaABAg,@justblaze_11,HERE IN 2026 🫡🫡 SALUTE DOT,18,0,2026-05-15T14:39:08Z,2026-05-15T14:39:08Z
UgxCetY45gpc5KmoV_Z4AaABAg,@thiswere2g,"the A minor line goes so fucking raw, this beef is crazy",771,9,2024-05-28T05:50:44Z,2024-05-28T05:50:44Z
UgyU0bf601cgu4Y252V4AaABAg,@Mistheart101,"I know the song's been analyzed to death but man I think one of my favorite parts is the sheer disdain dripping from Kendrick's voice when he goes ""Hey Drake, they're not slow""",505,4,2024-05-28T23:21:13Z,2024-05-28T23:21:54Z
UgxJIPe2hD1PHxn7RVB4AaABAg,@progressiveprofits9376,This playing in every single cookout and party all over the country,709,8,2024-05-26T18:11:52Z,2024-05-26T18:11:52Z
Ugy4jHVyRS2BjtUojNp4AaABAg,@celinethequeen8852,""" Trynna strike a chord and it's probably a MINORRRRRR""
That's my favorite lyric🤣",422,7,2024-06-14T23:17:31Z,2024-06-14T23:17:31Z
Ugx8uYP8hF_uzi3oR1t4AaABAg,@MetroBaseGod,Drake albums just made me appreciate this more.,6,0,2026-05-17T17:12:32Z,2026-05-17T17:12:32Z
UgyCWYXg8vCwbj1Ezlh4AaABAg,@StonesaumraiTV,It's like everyone magically learned how to crip walk as soon as this song came out. Such a banger,530,5,2024-05-11T04:16:39Z,2024-05-11T04:16:39Z
Ugz_YhFhfp5YZYap7jF4AaABAg,@RideWithMegeal,Love how when Drake went over to Twitter and said “that’s it?”. With this song this is basically Kendrick replying: oh you thought I was finished?,573,3,2024-08-03T07:54:36Z,2024-08-03T07:54:36Z
UgzJvWOD-Lcurxe7gId4AaABAg,@enki1597,Anyone else keep checking Kendricks page every hour just to make sure you haven't missed a new drop?,2256,44,2024-05-06T20:15:23Z,2024-05-06T20:15:23Z
Ugx33f5W6zkJh76hsUJ4AaABAg,@YoungJoe19xx,Had to go back to this after the 3 flock albums of Drake,12,0,2026-05-18T00:53:14Z,2026-05-18T00:53:14Z
UgzkFXPTV6rSPmLvpUd4AaABAg,@ChrisJones-lc1ti,"""Tryna strike a chord and its probably a minor"" Pure Fire🔥🔥🔥",507,1,2024-05-05T00:31:46Z,2024-05-05T00:31:46Z
UgzXvfHCvFa23cl1T294AaABAg,@mbuguandichu6715,At this point I am convinced Kendrick called J.Cole to move from the crossfire coz 🔥🔥🔥🔥🔥😂,506,7,2024-05-05T06:03:42Z,2024-05-05T06:03:42Z
Ugw-IJ2rxWcR2u35KYp4AaABAg,@bushnelochieng6353,Kendrick just proved to J. Cole he can drop dope music consistently only if he wants to,456,8,2024-05-05T05:08:02Z,2024-05-05T05:08:02Z
UgxCFq_SQd4NWzIrqx54AaABAg,@TheNorthlander,I turn this on whenever a song on the radio has a Drake feature.,3,0,2026-08-19T07:35:56Z,2026-08-19T07:35:56Z
UgzCI52jFkqcDYirOOd4AaABAg,@Cz_2Trill,The more you listen to his diss records they get even better,579,4,2024-05-06T07:41:42Z,2024-05-06T07:41:42Z
Ugxay-DeZC6bT5TbUFN4AaABAg,@CrimeBoss-badyf,The more you listen the better it gets,630,2,2024-05-11T13:21:42Z,2024-05-11T13:21:42Z
UgyKu77ypmtSDGbbXkJ4AaABAg,@Ashley-vs8nu,"""Wop wop wop wop"" lives in my head rent free",563,4,2024-05-14T21:34:41Z,2024-05-14T21:34:41Z
Ugx2wbOytaksEyan4ut4AaABAg,@MsTink2,Drake is punching the air right now after KDot latest move 😂,6,0,2026-05-14T03:17:56Z,2026-05-14T03:17:56Z
UgyDV03mOBJmG-Xch8l4AaABAg,@LeviticusJohnsonthe69th,"Funny story, a local country music station once played this, they never played anything except country music before, after, and ever since.",661,7,2025-02-15T01:56:48Z,2025-02-15T01:56:48Z
UgwLu-93ARlv310f3Cx4AaABAg,@CoolCalmJay,This man just exposed Drake for using ATL to keep his career alive and gave us a history lesson at the same time is genius in itself,827,27,2024-05-05T10:26:29Z,2024-05-05T10:26:29Z
UgwX76_WWitAYPwVcMl4AaABAg,@HealingRainNoise,"If they play this during the Olympics, im done 😂😂😂",772,12,2024-07-24T12:15:27Z,2024-07-24T12:15:27Z
UgwgvPW_PD6UteOEkxp4AaABAg,@SM-pr1qt,So crazy this was 2 years ago already. Life is flying man stay safe and happy people ♥️,4,0,2026-05-18T23:09:27Z,2026-05-18T23:09:27Z
Ugz3InU5ScvGyhXL-mh4AaABAg,@chayankpawar1345,Kendrick gonna be the first guy to win Grammy for diss tracks,537,8,2024-05-05T00:57:19Z,2024-05-05T00:57:19Z
UgxQtEP-oDptLF_zvWZ4AaABAg,@_azurejake,Drake's new diss track just gave more power to this track 😭😭,755,12,2024-05-06T10:10:31Z,2024-05-06T10:10:31Z
UgxGsNXZlEhuMmXgGSR4AaABAg,@eclipsetho_,"i just KNOW J Cole is thankful everyday that he apologized, bro KNEW shit was gonna go down and was not tryna be a victim 😭",438,7,2024-05-05T00:37:47Z,2024-05-05T00:37:47Z
UgyhJAiOPn9TWKKl5ox4AaABAg,@pandalamb_130,It's tradition that I come back to listen to this song every so often,7,1,2026-07-04T00:37:52Z,2026-07-04T00:37:52Z
UgyCkN8Rc0qdy3Ooe2R4AaABAg,@Heymistrr,"I mean Kendrick said ""STOP PLAYING WITH ME B4 I TURN YOU TO A SONG..."" This is THAT SONG 🎵 👏🏿 👌🏽",620,6,2024-05-05T18:27:57Z,2024-05-05T18:27:57Z
UgxN_Za8m-Htw75JUGl4AaABAg,@lgr28,Unfortunately for Drake this is a certified banger. I've heard this song like six times out in a public setting since it dropped and it hasn't even been a day.,520,3,2024-05-05T17:35:00Z,2024-05-05T17:35:00Z
Ugx--EiT_D-yJ8bnsvN4AaABAg,@Cresce_Music,Metro Boomin BBL Drizzy just dropped on my profile hahahaha this beef is getting out of hand!!,3939,10,2024-05-07T14:07:50Z,2024-05-07T14:07:50Z
UgynX5ppHX6StmpwqtR4AaABAg,@oprahsnephew,Drake can’t catch a break 💀,6,0,2026-05-11T23:28:25Z,2026-05-11T23:28:25Z
UgyRhA7G7r2SrCllLjd4AaABAg,@summertimeshi,Cali is active. I have listened to this an unhealthy number of times.  🌴,2324,31,2024-05-09T04:15:37Z,2024-05-09T04:15:37Z
UgwsN7FhtcXHWL_1m7l4AaABAg,@Og_Salami,“ Make sure u hide ur lil sister from him” had me rolling 😂,524,8,2024-07-01T19:17:19Z,2024-07-01T19:17:19Z
UgxPA0LcikRRKxBwv3Z4AaABAg,@esehnkamekome4221,Mustard did his thing 🙌🏾 and the boogieman bullied the beats 😂,434,1,2024-05-05T09:00:34Z,2024-05-05T09:00:34Z
UgyDLTD_IBmjBNUMrMd4AaABAg,@jira7898,This whole beef still feels like yesterday,3,0,2026-05-05T13:51:06Z,2026-05-05T13:51:06Z
UgyPPA1ob0f05cSfdW54AaABAg,@phillippia,“Malibu’s most wanted” 😂😂🤣😆 Shout out to Jamie Kennedy wherever he at right now.,600,11,2024-05-05T19:25:00Z,2024-05-05T19:25:00Z
UgzIoHJpDVYmCXzzLB94AaABAg,@stumpy_duck,"""dat name gotta be registered and placed on neighborhood watch"" IS CRAZYYYYY",483,4,2024-07-22T02:08:37Z,2024-07-22T02:08:37Z
Ugxn6y0lB5lpT_MiXPB4AaABAg,@SCUBAAAAAAAAAAAAAAA,summer 2024 would be incomplete without this jam,859,8,2024-09-23T17:03:11Z,2024-09-23T17:03:11Z
UgxmwT6vyeoiAk2Fjx94AaABAg,@AlejandroBoluferRodriguez,"Happy anniversary! Thank you, Kendrick, for showing us that Drake is so great that even if you make four  like *Not Like Us*, you'll still be able to turn Drake off like you are right now. 😂😂😂",3,0,2026-05-08T10:13:18Z,2026-05-08T10:13:54Z
UgxzaLN2nMGn-OSy5fl4AaABAg,@4TheGentiles,I can't stop listening.  He killed this dude,1326,16,2024-05-13T20:00:37Z,2024-05-13T20:00:37Z
UgwzhsV52uX053SkEQ94AaABAg,@iikitsunex-x,"I love the tone Kendrick has in his voice during this track, that underlying sass in it gets me 😂",546,9,2024-05-05T06:29:13Z,2024-05-05T06:29:13Z
Ugy2zCWOWyeXf7Dqc5l4AaABAg,@c_starxx,not only is this a devastating diss but its also A BANGERRR,422,2,2024-06-04T17:16:44Z,2024-06-04T17:16:44Z
UgxUbKH57FGFpz55L4J4AaABAg,@sven7037,Greatest diss track ever!!!! Bro walk Drake down with ease man,4,0,2026-06-06T20:08:03Z,2026-06-06T20:08:03Z
Ugy7ET1v05r4UplZViR4AaABAg,@alaromukhtar2127,The fact that I’m in Nigeria and I keep waking up to new diss tracks is just amazing 😂😂,949,25,2024-05-05T07:21:34Z,2024-05-05T07:21:34Z
UgwvNyqy1-fumAYG2vd4AaABAg,@simply_tals,He switched up the style and now they complaining he got a “club record “🔥🔥🔥🔥🔥,487,7,2024-05-05T04:30:48Z,2024-05-05T04:30:48Z
UgzzNlSdPP3gWCfPHFt4AaABAg,@maryb3788,OV HOE OV HOE!!! He really got those background singers in real quick for this funeral. 😂😂 I am waiting for the dance challenge tho.,442,1,2024-05-05T03:03:13Z,2024-05-05T03:03:13Z
UgyvICT8zCBePpmP9Zl4AaABAg,@Aelfshrek,2 years later this still crazy,32,6,2026-07-07T07:25:37Z,2026-07-07T07:25:37Z
UgxgZEaX9L0Q0HNKHKJ4AaABAg,@hitmatico,J Cole has just opened a bag of grapes and takes out the remote control.,472,7,2024-05-05T00:25:14Z,2024-05-05T00:25:14Z
Ugwpu2rT1p1AxtjYojx4AaABAg,@thebeast6833,“Colonizer 😭” Kendrick let him breath,578,10,2024-07-18T14:05:42Z,2024-07-18T14:05:42Z
Ugx7f6YVTwJSZl3-ms94AaABAg,@gregorygeffrard5911,"""tryin to strike a chord, and it's probably A Minor""

Nasty Work!!!",409,4,2024-05-05T00:01:48Z,2024-05-05T00:01:48Z
UgxJAPYPJyASYTIE2TJ4AaABAg,@master-y7f4l,It's actually a good thing that drake's Fans lost the beef because now they can learn what is the real hip pop,4,0,2026-08-15T12:54:48Z,2026-08-15T12:54:48Z
Ugzv-QcnALVl1nBWOqx4AaABAg,@DoubleO7Factz,"“…the audience not dumb, shape the stories how you want, hey Drake they not slow!” 😂✔️💯",539,5,2024-05-05T14:02:36Z,2024-05-05T14:02:36Z
UgylY3Hh9T7WcdW1Rgx4AaABAg,@vpmajors7245,Still can't believe he called that man a freaking Colonizer 😂😂,428,11,2024-06-12T23:42:22Z,2024-06-12T23:42:22Z
UgxrAVd9H6AdSiSk88V4AaABAg,@rutomeds,This song would never get old just like Drake's love interests.,955,26,2024-05-14T12:36:54Z,2024-05-14T12:36:54Z
UgwGwHQWv3m5lhfe0Bh4AaABAg,@TAYKAY2.7.5,We need this slappah of a track to hit 1B before tha summers out yo,7,0,2026-05-16T17:52:32Z,2026-05-16T17:52:32Z
Ugw0oYYr1gso_s1HVv14AaABAg,@abbelinavarela,"Kendrick's flow is unmatched, truly.",560,6,2024-05-21T16:23:20Z,2024-05-21T16:23:20Z
UgxDO8ztYo5DFx5cBcx4AaABAg,@Calizzyy,I don't even listen to this song for the shock value of the beef no more. This shit just hard AF bruh 😂🔥🔥🔥,983,26,2024-05-09T07:48:05Z,2024-05-09T07:48:05Z
UgyyikGgcWGuzAIW23R4AaABAg,@dustinzipp2114,"""Say Drake, i heard you like em YOUNG, you better not ever go to cell Block 1. ""😳💀🔥🔥🔥🔥🔥",511,2,2024-05-05T01:57:44Z,2024-05-05T01:58:11Z
UgzN_9QIRH0CFXy03tB4AaABAg,@mc-steve,"I - I
C - can't 
E - erase
M - memories
A - after
N - Not Like Us",15,2,2026-05-28T10:47:33Z,2026-05-28T10:47:33Z
Ugz1zBD5XRMGz-Eg4mJ4AaABAg,@tylerscreator2333,"Starting off with “I see dead people” is INSANE work, Kendrick is not playing",476,2,2024-05-04T23:57:24Z,2024-05-04T23:57:24Z
UgzgioBNSonmF0piMR14AaABAg,@Chicanochars,"Kendrick dropping a club banger in a DAY, with lyrics that allude to family matters not only shows that he can do club bangers if he wants, it also shows how fucking easy it is  make to these songs.",791,16,2024-05-05T18:13:04Z,2024-05-05T18:13:04Z
Ugyx2vRYujCsiPan3Ip4AaABAg,@Tayboogieleboom,Gettin' hyphy to a diss record before going to church was not in my plans on this Sunday morning.😂😂😂😂,1246,32,2024-05-05T14:59:28Z,2024-05-05T14:59:28Z
Ugz8Sxp4B3ePZ1k58hp4AaABAg,@ve8388,We need you to humble him again Kendrick,6,0,2026-05-27T20:20:34Z,2026-05-27T20:20:34Z
Ugwz1uGH2sZxLxH_yBJ4AaABAg,@comradeopthomasthehedgehog,"“Certified pedophiles”

Bro came up with a whole new set of words that CP stands for! ☠️🔥",462,14,2024-08-29T13:28:10Z,2024-08-29T13:28:10Z
UgyVwiwfH5jqI89LcbR4AaABAg,@Filosopher-King,"I stopped bumping this for a while, especially after Kendrick's new album dropped, but just to spite Drake and his lawyers, this shit's going back in the rotation.

Edit: Drake recently filed a defamation lawsuit against UMG over this song. REEEEEWIIIIIIIIND!",698,8,2024-12-03T20:35:44Z,2025-01-23T23:36:37Z
UgyH0l1wVSsY1gABVyh4AaABAg,@ronsaddler993,The A-minor bar has to be bar of the year.,445,4,2024-05-16T14:57:47Z,2024-05-16T14:57:47Z
UgwrRJILXV2i2Iq3-8F4AaABAg,@BrockIsCool-tp4,"Happy Anniversary, Drake",3,0,2026-05-05T03:33:47Z,2026-05-05T03:33:47Z
Ugz4_y4PPlr6zeeFj1J4AaABAg,@FunkyChild718,"Beyond the lyrics and disses, his flow switch up and cadence on this is absolutely crazy.",958,7,2025-02-13T14:05:30Z,2025-02-13T14:05:30Z
Ugw7ATwtd-SluPX2BMh4AaABAg,@kingofthejofundies9080,The Cover art being sex trafficking markers is crazy,426,8,2024-05-05T02:05:13Z,2024-05-05T02:05:13Z
UgykRoZAhT0IMYsn3B14AaABAg,@ertan310,"big respect on Kendrick for speaking up, 3 songs in 48 hours is insane my guy is not taking any breakes",562,6,2024-05-05T21:54:48Z,2024-05-20T01:15:02Z
Ugyb4XUseSN6v4JtLDd4AaABAg,@popobritton5430,Guess I’ll give it another listen since they playing with us,12,0,2026-05-11T21:05:12Z,2026-05-11T21:05:12Z
UgwHNE5lqy-UbP8n8YF4AaABAg,@treydennison7201,"Bro the way he’s rapping it feels like he’s not even trying, just saying what ever comes to his head… and it’s fucking fire LMFAOO 😂🔥🔥🔥",629,7,2024-05-10T00:55:45Z,2024-05-10T00:55:45Z
UgznfZl3tlyHai6EQrB4AaABAg,@MrRaffa14,J Cole saved himself from certain death💀,538,8,2024-07-17T19:58:50Z,2024-07-17T19:58:50Z
UgygjiBWeHCDZlG8iC54AaABAg,@ricofred-xo3jo,Nahh this still feels like he just dropped it 1hour ago😂😂🔥🔥🔥🔊🔊,516,6,2024-07-26T10:31:13Z,2024-07-26T10:31:13Z
UgxlYc7xSZAFHwUVKiJ4AaABAg,@IscoAlarconSuarez,Still hits hard,11,0,2026-08-28T14:44:40Z,2026-08-28T14:44:40Z
UgzcC52ij-GIJwnAhgZ4AaABAg,@lyrixaofficial,"""If you take it there, I'm takin' it further
Psst, that's somethin' you don't wanna do"" 4 days ago",568,4,2024-05-05T09:28:08Z,2024-05-05T09:28:08Z
UgyvR7z_oV9AQNnpG0R4AaABAg,@Shmo-kii,"""Sweet Chin music and I wont pass the AUX"" an underrated bar 😭🔥",411,5,2024-05-12T21:21:02Z,2024-05-12T21:21:02Z
UgzYO4yg4A4bIziuYbV4AaABAg,@DecemberSagittarius1990,I wake up every single morning just to come play this song and watch the numbers rise,675,12,2024-05-15T13:17:15Z,2024-05-15T13:17:15Z
UgzBTowq-ktzRb2T6f14AaABAg,@430CAL,"Yeah you was right bra 😂😂😂, that Michael Jackson cover blew me.",3,0,2026-05-15T19:49:53Z,2026-05-15T19:49:53Z
Ugy_Sfr9faeaYbRZg_h4AaABAg,@boookythegod,“ Sweet chin music and I won’t pass the Aux “ oh my LORD lmfao 🔥🔥🔥🔥🔥,392,6,2024-05-05T17:44:33Z,2024-05-05T17:44:33Z
UgwnYJ1s4eAqOhSJjpZ4AaABAg,@aick,"The best part is this song holds up, it's a damn fine song.",1139,18,2024-05-07T08:40:30Z,2024-05-07T08:40:30Z
Ugxe0xqgB9shlMXHuEt4AaABAg,@damien2729,"17Million in a day is crazy numbers, this a certified hit",573,7,2024-05-06T04:40:40Z,2024-05-06T04:40:40Z
UgxJMnF7bZKLMyu00L94AaABAg,@cheeeeeeeeeeeeeeeeeeeeeeeeeez,best song after 2 years and you CANT fucking tell me that it isn’t,2,0,2026-08-16T13:40:53Z,2026-08-16T13:40:53Z
UgyEwOYo2iFgEvUpGe94AaABAg,@DanovanM,"Hearing ""Beat your ass and hide the Bible if God watchin'"" will always get me hyped",368,7,2024-06-09T22:33:18Z,2024-06-09T22:33:18Z
UgwR7tvJigWAU_V-PlR4AaABAg,@lilstarr_bl,"The fact kendrick had crips and bloods dancing on the same stage says something

Edit: I come back after 3 days with 700 likes? Alright, lets try 1K.",687,9,2024-07-04T17:43:03Z,2024-07-08T04:21:22Z
Ugy9hnOP6p_DsHYv7XN4AaABAg,@ElUnname,Hearing this at the Super Bowl would be such an experience.,870,19,2025-02-09T23:52:54Z,2025-02-09T23:52:54Z
UgwlPwYHL9klRt4uqcd4AaABAg,@iamkinglvt,I still remember where and when i was when i first clicked this link LITERALLY after playing a same day diss track. Mf was going tic for tac dawg 🤦🏽‍♂️ shit was so fcking splended,5,0,2026-07-11T18:42:47Z,2026-07-11T18:42:47Z
UgwABiMbXyDghQxAMOF4AaABAg,@danielcarson2209,has anyone else been bumping this on repeat since he dropped it,551,10,2024-05-05T19:14:19Z,2024-05-05T19:14:19Z
UgzMPpqSHMQmCYr1X7t4AaABAg,@realsarvy,"“”devil is a liar, he a 6/9 God” insane!!😤",524,10,2024-05-05T09:42:54Z,2024-05-05T09:42:54Z
Ugyc0ja7A--MM8BhRuV4AaABAg,@EscapxeClips,"""Beat yo ass and hide the bible if God watchin!"" Is STILL crazy to me   INSANEE",503,15,2024-07-13T00:01:51Z,2024-07-13T00:01:51Z
UgwOtfTA-aDrxhsuymt4AaABAg,@plushieroom44,This was I C O N I C .,5,0,2026-05-19T02:07:13Z,2026-05-19T02:07:13Z
UgxlIocURpH1MPdIZ4Z4AaABAg,@mista_morale,This comment is just to remind me I was there during the greatest week of hip hop history🔥,814,18,2024-05-10T14:43:13Z,2024-05-10T14:43:13Z
UgzRMpwqn4uuCJz9ZXp4AaABAg,@jayprofftv1218,"If you are here in 2050, I want to tell you that I was alive to witness this great diss track and also to tell you 2024 was a good year in hip hop",780,17,2024-05-05T07:28:01Z,2024-05-05T07:28:01Z
UgzPYpKv0pp0En1-NUV4AaABAg,@quankurta8678,As a long standing Kendrick fan it feels good to know he lived up to expectations. I’ve been WAITING for a rapper to try him 😂 I guess this is why everyone ducked the smoke for years,604,25,2024-05-05T11:39:21Z,2024-05-05T13:32:44Z
UgxwQe3dY1O3aJseGXx4AaABAg,@4rceq,roasted generations with this song,3,0,2026-07-03T18:25:24Z,2026-07-03T18:25:24Z
Ugzzt0Jbi2soGmVXTX54AaABAg,@HighguyMcfly,I'm glad Kendrick is making songs that sound different than his other stuff.,502,13,2024-05-05T22:27:52Z,2024-05-05T22:27:52Z
UgxeSirW7e6VGknsErx4AaABAg,@taybrim23,Not us checking every 20 minutes for a response,880,17,2024-05-06T03:33:14Z,2024-05-06T03:33:14Z
Ugx9SRqAoew8NiNn_zx4AaABAg,@SITRAVISION,The rewind value of this song is incredible 🔥🔥🔥🔥,528,3,2024-05-06T18:24:03Z,2024-05-06T18:24:03Z
UgwTnhx8_eAwD5lF8wh4AaABAg,@AyBROyo,"2 years later drake still got dot living rent free 😂😂😂 I'm just making sure Kendrick knows  we still here 🔥🔥🔥 hey man, ""FINISH HIM""",5,0,2026-05-23T17:53:51Z,2026-05-23T17:53:51Z
UgyLRkpXsN16KU-Fjnh4AaABAg,@dcembratz36,The fact this is STILL #1 trending for music,1572,31,2024-05-24T14:49:44Z,2024-05-24T14:49:44Z
UgyF4ZWmRaURErLgm0h4AaABAg,@Faxx_xx_xx,FINALLY someone pointing out they treat us like we're stupid.  🤘🤘🤘,607,7,2024-05-24T15:31:41Z,2024-05-24T15:31:41Z
UgwSsGLCyTQzf3tWTsN4AaABAg,@Eurofighter-Typhoonperson,"The difference
Drake - makes disses
Kendrick - Makes murders",489,14,2024-05-05T04:50:25Z,2024-05-05T04:50:25Z
UgxWcIHScR_oWLldU-x4AaABAg,@BreezySA,After icemen droped i came back here cs wow i cant get overrr it😂❤🐐🔥🔥🔥🔥🔥🔥🔥🔥🔥,5,0,2026-05-31T13:07:44Z,2026-05-31T13:07:44Z
UgxiaIy5BfaNVbxjZTF4AaABAg,@zacshreve4966,This is the ultimate diss track... the entire nation is watching Kendrick decimate this man's career😂😂🍿🍿,523,16,2024-05-06T00:01:24Z,2024-05-06T00:01:24Z
Ugx2v8vXZMP9tJgJznx4AaABAg,@wakubonapercy4819,"Tupac smiling 😂, proud of west coast",495,8,2024-05-05T07:43:10Z,2024-05-05T07:43:10Z
UgxyD7054xSniFOKrVd4AaABAg,@MaureenDiva,"100Million within one month is INSANE!!! Congratulations Kendrick, this finna win a Grammy award 😂",761,23,2024-06-28T14:43:54Z,2024-06-28T14:43:54Z
UgwTWVZHFhGN4RaiwUp4AaABAg,@kingpremskyyo6162,It’s been officially 2 years since this song dropped.,3,0,2026-05-05T02:00:22Z,2026-05-05T02:00:22Z
Ugzo0o4mOSTyw5cqmB94AaABAg,@ICEDCOFFE.E,Bro is the type of person to appear in drakes mirrors when lighting strikes,480,12,2024-08-03T17:58:23Z,2024-08-03T17:58:23Z
UgzekdrtFb3GPswdO4d4AaABAg,@natwixterthan18,It's so hard not to listen to this 10x a day 😂,540,9,2024-05-06T16:06:42Z,2024-05-06T16:06:42Z
UgxsCOK0Wi9iAiEIwEt4AaABAg,@TKeditztr,This is not beef anymore. This is beef cooked well done...,370,7,2024-06-01T09:20:12Z,2024-06-01T09:20:12Z
UgwwoFlESoEjpdP_t394AaABAg,@liftwithTB,Back after Ice man drop just spend the block again… lol,9,0,2026-05-15T12:13:28Z,2026-05-15T12:13:28Z
UgzMVw1VYptQsjxcDE14AaABAg,@Dezzy042,I was still digesting “Meet the Grahams” and I find out that Kendrick dropped AGAIN less than a day later.. Kendrick won bro 😭🙏🏾,486,13,2024-05-05T03:11:52Z,2024-05-05T03:11:52Z
UgwzpYFXIT-aMT1Ergt4AaABAg,@Lightningsword555,This is Green Goblin level hatred at this point,421,7,2024-05-05T00:32:42Z,2024-05-05T00:32:42Z
UgyNbDZF9H37vwWLfLd4AaABAg,@DogTagEntMusic803,"Heard this in the club this weekend, and the fire marshall shut the club down.",506,3,2024-06-03T14:21:33Z,2024-06-03T14:21:33Z
Ugy9WOmzbaJHdG_KhuZ4AaABAg,@BomPton_BaByGirl_135,I WOKE 🆙 TO RUN IT 🆙,14,0,2026-05-15T11:16:32Z,2026-05-15T11:16:32Z
UgzIYz3CfIXTemnP9Sd4AaABAg,@matlmao3740,refreshing kendrick's page like a rap addict rn,1671,56,2024-05-06T02:15:50Z,2024-05-06T02:15:50Z
UgwxI3WQvr3PXS2Qrfd4AaABAg,@NothingJC,The fact that Mustard Just randomly made this beat under 30 minutes is Fire 🔥,507,12,2024-07-10T05:43:14Z,2024-07-10T05:43:14Z
UgyhtiRMHkglMiClQmh4AaABAg,@KidFrmNorview,Everytime I listen I play it three times for good luck 🤣🤣🤣 “They not like us “,604,7,2024-06-30T14:16:12Z,2024-06-30T14:16:12Z
UgzNa70_k05bAVKItKR4AaABAg,@MarquisFerguson444,We finna get everyone of them plays back 🤣,5,0,2026-05-18T02:24:30Z,2026-05-18T02:24:30Z
Ugzsgua98vyH-MyBcid4AaABAg,@pana1111,We need this on streaming services immediately! PLEASE KENDRICK!! IM BEGGING,576,4,2024-05-05T01:20:19Z,2024-05-05T01:37:41Z
UgxpMxJWj4kmONvYKxR4AaABAg,@Hey-im-Michael14,This turned from a rap battle to a rap war.,494,9,2024-08-05T13:25:10Z,2024-08-05T13:25:10Z
UgxvIqjZ2GTUzkmWeed4AaABAg,@Jackpott-360,Drake ain't recoverin with this 🔥🔥🗣🗣🗣,455,5,2024-07-18T22:25:02Z,2024-07-18T22:25:02Z
Ugz71zcPmcz5QrsqVbR4AaABAg,@YNG288,Two years later still slaps DAMN.,2,0,2026-05-05T00:36:54Z,2026-05-05T00:36:54Z
UgyncsSlXokVwjtpY-h4AaABAg,@TheCruzer42,"This comment is for my grandkids, I lived during this best distrack season in history",576,20,2024-05-10T05:35:02Z,2024-05-10T05:35:02Z
UgxFsXByYcVb4u_vs_x4AaABAg,@PalomaFm23,100 million! Congrats Kendrick! Everybody remembers the first time we heard this. I’m sure we all ran it back because we couldn’t believe our ears!😂,738,9,2024-06-29T02:08:38Z,2024-06-29T02:08:38Z
UgyXN57v_m64J0JTb5B4AaABAg,@Dawgbyte04,Im convinced K Dot did sound wave research to see what candences and sounds embed into people’s brains because I swear I  can not get this song out my head it plays in the background 24-7,431,8,2024-05-14T23:56:41Z,2024-05-15T23:06:45Z
UgzzdKhSPrzyYF4M0hl4AaABAg,@Temperaryful,Who’s back 2026 after Drake started barking the remix? 🦮,27,1,2026-08-11T19:57:45Z,2026-08-11T19:57:45Z
Ugw0wB-UULH8J3JlEhR4AaABAg,@Ghost_Gaming1899,"Who here from the Ken and Friends pop out? Playing this 6 times with the whole west coast united is actually diabolical 😂😂😂

Edit: Who here cause Drake filing lawsuits now. Bro can’t catch any Ws😂",629,8,2024-06-20T03:05:56Z,2024-12-01T23:16:32Z
UgxYEBmR4YTl2PBU2ZZ4AaABAg,@Tar-Von,"Man.. You know it's crazy when Fox, ABC, MSNBC and other media outlets are covering this beef.. lol😵‍💫😵‍💫",646,15,2024-05-07T05:36:49Z,2024-05-07T05:36:49Z
UgwdGmoBRFuh8C_BAul4AaABAg,@exoZelia,Keep coming back and part of the fun is the comments. People keep connecting with different lyrics or having different takeaways. Just loving this,1230,14,2024-05-09T02:48:26Z,2024-05-09T02:48:26Z
UgzFGpjUH1u4iGjrZ3R4AaABAg,@cambaronmuthan1351,"Imagine taking 2 years to reply to this ,...really frozen iceman😂",11,1,2026-05-16T03:41:02Z,2026-05-16T03:41:02Z
UgwC0c6EL7lK12KcPwt4AaABAg,@Duffyfactory,My god we are witnessing hip hop history guys this is absolutely insane,500,6,2024-05-05T00:59:05Z,2024-05-05T00:59:05Z
UgwOmym9eelIrgsqqYh4AaABAg,@jodiedalmeida2189,It’s been how many days? And I’m still here listening like a pure glazer with no regrets 🤷🏽‍♀️,857,10,2024-05-15T20:34:18Z,2024-05-15T20:34:18Z
UgzflHhQY3mNq30pevB4AaABAg,@Phentem2,65 Million in Less than a month WITHOUT A MUSIC VIDEO🤯🤯🤯,439,7,2024-05-31T14:39:03Z,2024-05-31T14:39:03Z
UgyhiXM-nrhmg9BQw9t4AaABAg,@jk5522,"""How to Pimp a Butterfly"" -to-> ""How to catch a Predator""",4,0,2026-08-16T08:28:30Z,2026-08-16T08:28:30Z
UgxvIYNzH7RfEC7_tIh4AaABAg,@blingbaby3971,I can’t stop listening to this everyday 😭,395,4,2024-05-13T19:07:25Z,2024-05-13T19:07:25Z
Ugytgp_sLOsR3fY_YfF4AaABAg,@riyaad_021,"Kendrick is a Pulitzer Prize winner, the only rapper to ever do it. HE IS THE ONE!",702,18,2024-05-10T16:22:49Z,2024-05-10T16:22:49Z
Ugy6IOH-K4rq81trpFl4AaABAg,@RaymondCummingsMUSIC,“I’m Finna Pass On This Body Like John Stockton” Bro Kendrick Is my favorite rapper,434,5,2024-06-29T11:11:36Z,2024-06-29T11:11:36Z
UgxqRlZwgS459oCqgW14AaABAg,@Thatpal_Chris,2 years is actually wild…,2,0,2026-05-05T02:09:54Z,2026-05-05T02:09:54Z
Ugw56pjUetEyeoR_7-p4AaABAg,@eclipsetho_,"this is absolutely wicked 😭 kendrick using the website where you can locate sex offenders as the cover got it, love this man",473,9,2024-05-05T00:22:44Z,2024-05-05T00:22:44Z
Ugy3JVnbqY-6oOT68aF4AaABAg,@Ti01y,"This song is all over the internet, played everywhere in clubs, bars, you name it. Kendrick's music is booming in numbers and this song has been on trending 13 days in. You can't tell me this man didn't win when no one gives an fuck about Drake's music right now, let alone his response to this song.",519,23,2024-05-20T19:19:58Z,2024-05-20T19:19:58Z
UgwRWTbdogCYJPDVzM94AaABAg,@anelebango3043,Who else keep coming back to see if Dot dropped again?🤣🤣,503,10,2024-05-05T18:13:38Z,2024-05-05T18:13:38Z
UgwwWadB9LKJJm5LeyZ4AaABAg,@softheartedhassa,Still listening to this,2,0,2026-09-17T22:18:20Z,2026-09-17T22:18:20Z
Ugyj6PvmgO33WMK0yGd4AaABAg,@watertantrums2000,"Kendrick put caffeine in the song , a sip of it is needed to energize your day.",528,14,2024-05-09T16:42:14Z,2024-05-09T16:42:14Z
UgwF47dCEj2okmaLj9p4AaABAg,@fwsshane,ANOTHER,1786,7,2024-05-04T23:51:05Z,2024-05-04T23:51:05Z
UgxkSB20fCTWwhXZcxR4AaABAg,@DowJowns1,"This will be the Biggest Song of 2024, might be the first diss track to get a Grammy!!!",464,12,2024-05-12T23:56:17Z,2024-05-12T23:56:17Z
Ugwk6HApHRJTkOARlTZ4AaABAg,@serball2010,It's 2026 and this diss still hits,3,0,2026-08-30T16:40:05Z,2026-08-30T16:40:05Z
Ugxypiox0gu_NxyVTft4AaABAg,@thomasbrown7199,“You called future when you didn’t see the club ‘AYE WHAT”😂😂😂 🔥 every second of this song was just over kill !,393,5,2024-06-08T03:52:12Z,2024-06-08T03:52:12Z
UgxGkPzX2Iidx7raaz54AaABAg,@MajinWally,Who here waiting on Kendrick to drop after Drizzy dropped The Heart Part 6? We really can’t rest for a day 🥲,926,29,2024-05-06T02:21:10Z,2024-05-06T02:21:10Z
UgyLPJYooblmOKmknz94AaABAg,@NotyourSG31,13 million across all three songs and just a short amount of time. Good job Kendrick.,444,5,2024-05-05T17:13:29Z,2024-05-05T17:13:29Z
Ugz6Hek6Pwim1KsT03d4AaABAg,@lilmenace-goham,I'm here 2 years later it's like coming back to drake funeral,2,0,2026-09-14T16:04:14Z,2026-09-14T16:04:14Z
UgyQrcqTbgKx-pFS24p4AaABAg,@JayBrown-jb9mn,"The beat is saying ""Drake like children"" 😂😂😂",589,19,2025-02-15T19:55:39Z,2025-02-15T19:55:39Z
Ugzc017BluvJCIFHUy94AaABAg,@tb5634,That “ run for your life” verse is absolutely WILD.,415,10,2024-05-14T00:33:11Z,2024-05-14T00:33:11Z
Ugwe5CKzu7odnqDupT14AaABAg,@Drayfitt,"Still number 3 on the top 100. Three months after it dropped. A diss track calling Drake a PDiddy is the song of the year. In the end Kendrick won and everyone but Drake knows it. 
Imagine if it wins a grammy for song of the year? A song calling someone a PDiddy.",425,3,2024-08-11T21:24:14Z,2024-08-11T21:24:14Z
Ugyk60taOdX0CWCxbRt4AaABAg,@SuvojeetDas-z6x,2 yearsss really!!!????,9,0,2026-05-15T14:15:25Z,2026-05-15T14:15:25Z
UgySBcLEOdHqTisv1Qd4AaABAg,@gohan7104,"okay this was a fire diss, but the fact that i keep coming back to relisten to this and dance to it. soo catchy 🤣",438,8,2024-05-09T09:39:52Z,2024-05-09T09:39:52Z
Ugytg6Sz2VKL1LgrMzN4AaABAg,@AGinspired24,Who is here refreshing Kendrick’s channel after Drake dropped another diss track!! Don’t blink Kendrick might drop another one,797,30,2024-05-06T01:50:24Z,2024-05-06T01:50:24Z
Ugz_UZHKKlCw03Ze-6p4AaABAg,@Lakyla816,"I literally heard multiple people blasting this in they car today. Down here in Florida. 😩😭 He up.

Edit: The fact that this is still trending number 1 a week later is insane 😩😂😂",1109,40,2024-05-05T23:05:59Z,2024-05-11T14:27:59Z
Ugxo0WpCFybrCN9lUIl4AaABAg,@QueenVL1,Whatttttt let me run it back uppppppp cause huh 😅😅😅😅🔥🔥🔥🔥🔥😂🙌🏾🙌🏾🙌🏾🙌🏾🙌🏾🙌🏾🙌🏾,7,0,2026-05-11T22:47:25Z,2026-05-11T22:47:25Z
UgxHRE641-dVe6LKjwR4AaABAg,@IntrepidDivergence,Who else keeps checking Kendrick's channel to see if he dropped another one?  😅,555,18,2024-05-06T04:55:21Z,2024-05-06T04:55:21Z
UgyqzufJRJHGs91XbRJ4AaABAg,@faithjovannaaa,“THEYY NOT LIKE US🗣️”🔥🔥🔥,458,11,2024-07-28T18:31:34Z,2024-07-28T18:31:34Z
UgylWSbh7Y1o8gyzBT14AaABAg,@Moby313,"""Can't dance to this"" or ""Not a club track"" would be wild to hear about this banger of a song. Can't physically keep your head still when this is playing.",463,19,2024-05-05T02:41:25Z,2024-05-05T02:41:25Z
UgzbdT0KGZNgiPUeAfl4AaABAg,@eyenoticed,Thanks for saying it was deleted so I could come jam again 💃🏾😂,10,1,2026-05-12T20:52:06Z,2026-05-12T20:52:06Z
Ugx1v1fAV_DIs1P0tJx4AaABAg,@star-eyedkitty,"1:34  ""hey drake, theyre not slow"" LMAO THE TONE WHEN HE SAID THAT",483,6,2024-06-10T19:01:21Z,2024-06-10T19:02:58Z
UgzM0FhTIS5SKYZza5R4AaABAg,@AyBROyo,"This song has been trending for a week straight at #1. All respect for Kendrick, who made this historic diss record. We still outside 🔥🔥🔥🔥💯 edit: 2 weeks, we STILL outside 🔥 *HISTORIC MASTERPIECE*",432,9,2024-05-12T14:45:51Z,2024-06-27T11:45:06Z
UgxxjuCUPQeFPapX1AN4AaABAg,@tythedancer_,man who else here after da concert?😮😂😂😂,471,9,2024-06-20T20:44:39Z,2024-06-20T20:44:39Z
Ugzv58DuvcPVbo-ZnAR4AaABAg,@GrandBP,""" I've been doing this since 2009"" We love you MJackson  Rip 2009. Let's get back to real music plzzz",3,0,2026-05-28T17:55:03Z,2026-05-28T17:55:03Z
UgycWarV3iurnrXtUTR4AaABAg,@daxyzeus,reaction youtubers are making BANK right now 😭😭,509,14,2024-05-05T00:24:25Z,2024-05-05T00:30:36Z
UgxcRTFHckEZRTNLmKZ4AaABAg,@liammurphy1260,I thought last night was it but Kendrick just has infinite songs to drop apparently,591,16,2024-05-04T23:51:54Z,2024-05-04T23:51:54Z
Ugz3ulvK6S-q2ZQAv5h4AaABAg,@adamrivera8550,Who else came back just to reminisce when you first clicked this video in the height of the beef.🙌🏼🔥 WE WERE HERE WHEN HISTORY WAS MADE!😤🥶🔥,422,6,2025-03-04T10:46:49Z,2025-03-04T10:46:49Z
UgxRmtIumyslQf0KT0d4AaABAg,@stayclean000,“When it’s may but not that may you remember”,2,0,2026-05-07T19:53:40Z,2026-05-07T19:53:40Z
UgzhiA33alCO7ppw6_14AaABAg,@finderskeepers6226,Confirmed this is song of the year,477,10,2024-07-05T19:15:06Z,2024-07-05T19:15:06Z
UgwONAUMF7Tt-TDy5cF4AaABAg,@jimthompson4448,I just woke up in the UK at 7:30am and this is what is 🔥 right now 🔥🔥🔥,396,13,2024-05-05T06:33:39Z,2024-05-05T06:33:39Z
UgxngFGWtnrZyA5qhy94AaABAg,@envyssbu,"2:18 Bro this gives me chills every time man, it's so sick",519,18,2024-05-05T13:36:43Z,2024-05-05T13:36:43Z
Ugzue57DQhh70UfJg1B4AaABAg,@nisonshakya1109,Much better than that ass album drake dropped,8,0,2026-05-15T09:20:02Z,2026-05-15T09:20:02Z
Ugy79lagARwCkom1yxV4AaABAg,@HazelwithaZ,"I don't know what the Canadian version of the FBI is called, but I have a feeling we're about to find out. 🚨",384,13,2024-05-05T00:11:12Z,2024-05-05T00:11:12Z
UgxpmyGVsPBsmEJ-zlR4AaABAg,@2_cr34t1v3_edts,I'm starting to think this song was not just for Drake. 💀,389,13,2024-07-25T08:43:38Z,2024-07-25T08:43:38Z
Ugy7nXS7pmvc83rixLF4AaABAg,@yellowheartxo3761,Timestamps 3:13 is literally how drake gained his rap style.,397,2,2024-05-05T00:23:41Z,2024-05-05T00:23:41Z
Ugw8xOhUUpHTX2w5Zpl4AaABAg,@Trippmuneyy2015,Who here after listening to that bullshit 😅😂😂 nah I'm JP,7,0,2026-05-16T20:07:07Z,2026-05-16T20:07:07Z
UgxtYOTS9hcZIedWlaZ4AaABAg,@manacetherapper5460,Just woke up 6:30am South African time....got on YouTube than bam I see Kendrick dropped again😂😂😂😂😂wow....,440,47,2024-05-05T04:32:07Z,2024-05-05T04:32:07Z
UgzP7UQMjJndwSP9YYN4AaABAg,@doseyd0s,We're well into August and it still slaps.,632,29,2024-08-14T22:54:06Z,2024-08-14T22:54:06Z
UgwanJaOHCfriRcJBxx4AaABAg,@denverjohnson5640,Who here after crybaby drizzy filed them lawsuits? 🤣🤣🤣🤣🤣,849,31,2024-11-29T01:13:03Z,2024-11-29T01:13:03Z
UgzJx7G1YYNZKuI91P54AaABAg,@finatik4546,Deluxe or ❤7 is coming....mama there go that boogieman again😂😂😂😂,3,0,2026-05-11T19:46:56Z,2026-05-11T19:46:56Z
UgyMaRqbpN0RMJoKmHl4AaABAg,@yourgirlgiaa,I came back 2 years later and DAMN cooked 😭🙏🏼,5,0,2026-05-16T12:52:41Z,2026-05-16T12:52:41Z
UgzQ4Rx0EfzCnGinVJJ4AaABAg,@NinjaJasonX,"0:11 man down call a ambulance, still hits2 years later",88,5,2026-05-13T01:25:35Z,2026-05-13T01:25:35Z
Ugyh-wEfp9Nuk8EOKYZ4AaABAg,@Apexthoughts911,🎶🎶🎶Step this way...Step that way.....🎶🎶🎶,8,0,2026-05-15T22:05:14Z,2026-05-15T22:05:14Z
UgxtBHxoWCI9vaBlXX94AaABAg,@mikeglez7484,"Damn, this beef was 2 years ago",4,0,2026-05-05T00:55:04Z,2026-05-05T00:55:04Z
UgzDgjZca2RdqYKinhR4AaABAg,@rtwnr,two years ago??,10,0,2026-05-21T09:03:40Z,2026-05-21T09:03:40Z
UgyRTFv6tqHjH6I6DC14AaABAg,@RoboRicks,"2 years,damn time flies",4,0,2026-05-08T21:36:07Z,2026-05-08T21:36:07Z
Ugx1COLnkRmSqnurMDp4AaABAg,@yunsoundhealing,Uncle Kenneth with the generational swing once again,2,0,2026-07-22T01:50:35Z,2026-07-22T01:50:35Z
UgwCXlB4aUn8vjmxAWl4AaABAg,@Kutpasz,This song is so good,4,0,2026-06-17T12:57:55Z,2026-06-17T12:57:55Z
UgziNvV_oB8rM79TQ1J4AaABAg,@mwololoianmbwika9869,cant beat this!,7,0,2026-05-16T02:27:34Z,2026-05-16T02:27:34Z
UgxbT8sL0IoxT_xZQPR4AaABAg,@emmanuelreinhad,Hey! hey! hey! run for your life 😂😂😂😂sounds like a warning,3,0,2026-08-07T21:57:03Z,2026-08-07T21:57:03Z
UgwoSaJAT3IwRYT2BYx4AaABAg,@Yet501-x3o,I’m kinda late to comment but bro Kendrick this drop was like beating a already dead body,3,0,2026-07-16T00:07:50Z,2026-07-16T00:07:50Z
UgxXU0kZHfq7kR-IRGt4AaABAg,@Beans-c6i,Happy anniversary 🎉🎉,5,0,2026-05-05T09:04:44Z,2026-05-05T09:04:44Z
UgxwGErjVbnPLuPceyB4AaABAg,@RURK_,MFER CALLED FUTURE AGAIN 😭,17,0,2026-05-15T06:15:22Z,2026-05-15T06:15:22Z
UgzFBdGse-Xo_MmsnGp4AaABAg,@prettyexoticalgoddess,Ever since this came out drake music ain't been the same 😂😭,8,1,2026-07-13T03:07:36Z,2026-07-13T03:07:36Z
Ugyiy47h6MW4c3c2xa54AaABAg,@Is_Mile,happy birthday 🎉,4,0,2026-06-17T03:03:32Z,2026-06-17T03:03:32Z
UgyklVwv_o6l-MPDV0N4AaABAg,@inmawalls6382,The biggest victory lap ever,6,0,2026-07-27T03:04:25Z,2026-07-27T03:04:25Z
UgyWLS2RIyI-DMnUyQt4AaABAg,@zellycruz_,"Yo chat! The music video is no longer on YouTube, I repeat, the music video is no longer on YouTube!!! 👀👀👀",41,5,2026-05-11T18:51:46Z,2026-05-11T18:52:01Z
UgxKReN4tqPIK9eWf0h4AaABAg,@wspbruh-imEli,THIS WAS 2 YEARS AGO?,29,3,2026-07-19T00:16:11Z,2026-07-19T00:16:23Z
Ugx6VLzNXTTx7DXGR3Z4AaABAg,@soniastratton266,"Bro, I love this song❤",3,0,2026-07-01T18:18:59Z,2026-07-01T18:18:59Z
UgywehZnvDwcdAKtbBB4AaABAg,@TheProjecttian,*The video is not deleted. Twitter is weird.*,8,0,2026-05-16T00:05:51Z,2026-05-16T00:05:51Z
Ugx3bhCXlEzAxOrpXDV4AaABAg,@Cybermatic2473,Revisiting this after Drake dropped iceman and it’s still scathing. Poor mans an dem,3,0,2026-05-18T18:54:39Z,2026-05-18T18:54:39Z
Ugwc_5arbvNTrwG78rN4AaABAg,@Ishowclips.offical,this is wayy better than ice man,2,0,2026-05-17T09:30:10Z,2026-05-17T09:30:10Z
UgzDva9SYR9hxP6tsfR4AaABAg,@aduckwnofcks7280,2026: Im sad drake had enough brain cells left to not get us a 4th track.,4,0,2026-06-02T08:12:59Z,2026-06-02T08:12:59Z
UgzNqrebyOPxzaptfOt4AaABAg,@Ace_draws19,Here after the 2 year anniversary I want everyone to know I was there when it released,2,0,2026-05-07T08:35:39Z,2026-05-07T08:35:39Z
Ugx-FjZB44Ut25plLbt4AaABAg,@AlessDLeon,hey Kenny where is the mv?? 😭😭,6,0,2026-05-11T18:45:10Z,2026-05-11T18:45:33Z
Ugzouo-YINUvMpGlQ2J4AaABAg,@FidzaManhindi,Cme back from “hurt album” released last week 😭,6,0,2026-05-25T04:49:45Z,2026-05-25T04:49:45Z
UgyejW3ivzcZSuMm_dV4AaABAg,@frankluis4653,Really can't wait to tell my grandkids about this like my dad used to tell me bout pac n biggie or jay and naz,2,0,2026-09-03T23:43:08Z,2026-09-03T23:43:08Z
UgzTaTUcuYFWPkvusu54AaABAg,@SYNRGYSTUDIOS,Well since I’m here….. 🕺🏽,8,0,2026-05-11T23:29:03Z,2026-05-11T23:29:03Z
UgxCFaU8gXK6rRB4nfd4AaABAg,@Smokey-_-NY,I’m here cuz Hot 97 said YouTube removed this song off of YT.  So now I’m about to give Kendrick an extra click because of hot 97,4,0,2026-05-11T19:58:01Z,2026-05-11T19:58:01Z
Ugwgnp2Zl1UedMfcObB4AaABAg,@kokococoXD,One of those moments where u jus HAD to be there,2,0,2026-07-30T06:55:03Z,2026-07-30T06:55:03Z
Ugz4fF4ktcXHvODA5vx4AaABAg,@TedWilliams-t1x,Peak Nastalgic summer of 24,5,0,2026-05-16T00:50:35Z,2026-05-16T00:50:35Z
Ugxnw6OR4QyxSyIL2GB4AaABAg,@shirleyjohnson7004,"Happy Hip, Hop, Savior  Day. Thank you, Kendrick, Lamar.❤❤❤🎉🎉🎉",3,0,2026-05-05T04:14:21Z,2026-05-05T04:14:21Z
Ugymyzr_W-Wg9jaY43h4AaABAg,@Storywilltell,Listened to drakes new album and made me come back to cleanse my ears,8,1,2026-07-20T15:37:47Z,2026-07-20T15:37:47Z
UgxI1DPb5_Kk8s6dwdF4AaABAg,@Galactic-theGalactico,Happy Birthday KDot,4,0,2026-06-17T10:48:24Z,2026-06-17T10:48:24Z
UgzgS-N_0oNpzQMQLLd4AaABAg,@JaylenHuesken516,2 years still fire,7,0,2026-05-26T00:12:30Z,2026-05-26T00:12:30Z
Ugy69hX6n3c8vZAwwOJ4AaABAg,@mimibarely8440,When talent meets persevere.,2,0,2026-09-09T00:40:46Z,2026-09-09T00:40:46Z
UgwfLyZv3pt8CY-5dfp4AaABAg,@moolsdogtwo,2 years and Drake still ain't recovering from ts,3,0,2026-05-07T06:10:18Z,2026-05-07T06:10:18Z
UgwyNNDQZmVewy4BCSl4AaABAg,@salehsaleh5773,f Iceman I'm blasting this shi again 🔥🔥,12,0,2026-05-15T19:49:28Z,2026-05-15T19:49:28Z
Ugz8RsZ1UYeAgHkfAQ94AaABAg,@zzynzr,even the water dissing drake,3,0,2026-05-05T22:59:40Z,2026-05-05T22:59:40Z
Ugy_IWOQ0asLt_zR2dR4AaABAg,@beablessing6327,"Can't Stop Greatness,Let's Go💪🏽🔥🔥🔥🔥🔥",5,0,2026-05-14T16:43:53Z,2026-05-14T16:43:53Z
Ugzbmu8qdZIA72iAAl94AaABAg,@LJDavisfamily6,Damn this shh slap 😂,20,0,2026-05-15T17:09:31Z,2026-05-15T17:09:31Z
UgwjRa6m2A78rTR4L3B4AaABAg,@_TzstayFit,Here after they said they deleted it,3,0,2026-05-11T20:40:10Z,2026-05-11T20:40:10Z
UgzTMoioBMd3FKogdHl4AaABAg,@MatrixSamuraiGaming,This Rapper is gonna have the best rap beef this year with this and people gonna die in trials and gossip 😂,3,0,2026-05-11T22:28:24Z,2026-05-11T22:28:24Z
UgycYysOcUk0_H4Wuzd4AaABAg,@theinfamousmellTV,This about to go up again ! 😂😂🔥🔥🔥🔥,4,0,2026-05-11T21:46:16Z,2026-05-11T21:46:16Z
UgySO9Ytw5JMu1vDJ-54AaABAg,@MistaTerry,2 yrs ago is insane,3,0,2026-05-05T03:48:08Z,2026-05-05T03:48:08Z
UgyduamU4uplvNhmesx4AaABAg,@Ana-pp5oj,Kendrick Lamar reached God level with this one. Em can retire in peace now ✊🏽❤️,2,0,2026-08-27T16:29:42Z,2026-08-27T16:29:42Z
UgzY_nXQfbuc5Rm-D9R4AaABAg,@ORIGINALwolveszz,I came here after listening to IcebMan’s trash.,6,0,2026-05-24T22:23:37Z,2026-05-24T22:23:37Z
UgzmVPRfatjWSpB1TiF4AaABAg,@Jesse-zy6nt,"Kendrick Melted Iceman on this song 
Not like us",3,0,2026-05-24T06:34:24Z,2026-05-24T06:34:24Z
UgyDxKj0-4RsWGSroFB4AaABAg,@kikibanche9074,Imagine being a Drake Stan but still coming here after listening to your long awaited album drop to trash talk. We good over here 🔥🔥🔥🕺🕺🕺 Go support ya mans.  He needs it 😂😂😂,10,4,2026-05-15T22:16:58Z,2026-05-15T22:16:58Z
UgyVoNNR0_dJmUzn5G94AaABAg,@Brickbrickbrickinthewall,And we’re back,10,0,2026-05-15T05:26:19Z,2026-05-15T05:26:19Z
UgxYvSVcSf1Vlp_UxjB4AaABAg,@PromiseMaphosho,Kendrick 💯💯💯,7,0,2026-06-10T10:39:22Z,2026-06-10T10:39:22Z
Ugy2gYMOVbDMNGnau5x4AaABAg,@themustardcat141,2 years later still a banger song,1,0,2026-05-05T01:31:21Z,2026-05-05T01:31:21Z
UgxnH5sndTRB6Q7m0Ph4AaABAg,@christopherw9150,"Took down the video for what reason??? Also, this still slaps 😭😭😭",3,0,2026-05-11T18:49:15Z,2026-05-11T18:49:15Z
UgzZobDJFcunv5SwYNp4AaABAg,@tabooinyou2,Here 2 years later and still slapping this,1,0,2026-05-05T00:16:27Z,2026-05-05T00:16:27Z
UgyKpyl_3HWJ0nPqXTV4AaABAg,@kinuncut,am here to protest for gnx album😢,3,0,2026-05-11T19:33:28Z,2026-05-11T19:33:28Z
UgzDek3k27eeH58YkBt4AaABAg,@dahveedadams8825,I came here to see it was really taken down,10,1,2026-05-11T18:57:23Z,2026-05-11T18:57:23Z
UgxYsAsbJoXdX1Lk4ut4AaABAg,@Mdelnegro42,0:27 bro he really said it,4,0,2026-08-08T00:46:39Z,2026-08-08T00:46:39Z
Ugxa541pP5Eh5sm2WXN4AaABAg,@lilicreates8149,Well played gentlemen they got us have another look. Only to let the video run anyway. Wopwopwopwop.....😂😂😂 A minoooorrr😂😂,4,0,2026-05-14T11:51:48Z,2026-05-14T11:51:48Z
UgyPWLnzcoEM_W6h-Dh4AaABAg,@ashwinsmit9698,This one goes out to D4vd to damn!!,7,0,2026-05-16T09:18:58Z,2026-05-16T09:18:58Z
UgzyT_w8y4R4DovNYW94AaABAg,@jkhori504,Happy 2 years of peak,4,0,2026-05-05T03:37:12Z,2026-05-05T03:37:12Z
UgzBW1NmJwfr8AcFWBR4AaABAg,@Sncentsa,"After 2 years 🔥 
Drake still dissing",2,0,2026-05-17T06:26:59Z,2026-05-17T06:26:59Z
Ugyel7Xg8s3CqsIS_TR4AaABAg,@lil_ayday,it’s been 2 years already,7,0,2026-05-26T23:22:38Z,2026-05-26T23:22:38Z
UgxtgK5oNlvxw9ue3t94AaABAg,@brandyweaver7867,This is so good ❤❤❤,2,0,2026-05-05T19:43:52Z,2026-05-05T19:43:52Z
Ugwf3G4CF4giS27OoWB4AaABAg,@MetalSonic420,2 years ago today.,4,0,2026-05-05T00:34:45Z,2026-05-05T00:34:45Z
UgyQktHdNH9D33hQpbJ4AaABAg,@yourboymalikcoleman8731,Happy 2nd anniversary ❤,3,0,2026-05-05T03:52:25Z,2026-05-05T03:52:25Z
UgytSpfPSVFGblkEeGZ4AaABAg,@TAISH0-with-a-squiggly-S,DUDE OUT FOR BLOOD literally like every bar is straight left and right,1,0,2026-09-10T08:12:25Z,2026-09-10T08:12:25Z
UgyLgX3dmn292DhuV1l4AaABAg,@assortedWCare,Was a smash hit then…and is a smash hit now.,3,0,2026-05-06T01:08:19Z,2026-05-06T01:08:19Z
Ugx2Kq8HjdSw_KaLgaV4AaABAg,@DaddyCoreyGlazer,"You dont know how scary it is after it being silent while you're trying to sleep the ear bud I forgot to take out plays ""Psst, I see dead people""",3,0,2026-07-22T12:54:05Z,2026-07-25T00:15:09Z
Ugwcm9PuG-ywf8jYEtt4AaABAg,@isaiasssssss,2 years since this legendary diss track!,2,0,2026-05-05T01:46:22Z,2026-05-05T01:46:22Z
UgyUm-bRnyAk2I1q_FF4AaABAg,@cannoncoleon,Im addicted to this song smh 🤦🏾‍♂️,3,0,2026-06-20T15:35:22Z,2026-06-20T15:35:22Z
UgzJlChJ_3qF1n8Ismx4AaABAg,@nickdiaz3907,Fuck Ice Man! Im the Weedman 😎,8,0,2026-05-18T02:58:29Z,2026-05-18T02:58:29Z
UgwxGAdsY1ShfI7zROV4AaABAg,@pokerface253,nice promo for this song on twitter today love to see it!!!!,2,0,2026-05-11T22:19:55Z,2026-05-11T22:19:55Z
UgxP_VgsfzVJ_IxdZ9V4AaABAg,@MarkWatson-ux1wd,Just so ee’body kno this is a new comment.😂😂😂,7,0,2026-05-15T17:37:34Z,2026-05-15T17:37:34Z
Ugw2aYr7JAZvY1w4uwN4AaABAg,@IWantMada4,"Happy 2nd Anniversary to Not Like Us. I can't believe it's been a full year already for the songs release, I remember when this said 1 hour ago. Spring and Summer 2024 was peak, but Summer 2023 was better. The summer vibe and chorus goes so hard, the vibe goes hard. 2 years since this went off the charts along with Espresso by Sabrina Carpenter and Brat Summer, and many other songs during Summer 2024. I'm already nostalgic for 2024, so much good happened. This year really sucks horribly with the plane crashes, the stock markets, everything, basically. I know I shouldn't be getting nostalgic for 2024, but that was my year getting out depression from Late Summer 2023 and Fall 2023, so I do miss 2022 - 2024 a lot. This year hasn't been hitting in this crazy country and world we live in. Too many bad things are happening! I wanna go back so bad! May 4, 2024 - May 4, 2026 / May 5, 2024 - May 5, 2026.",1,0,2026-05-06T18:49:59Z,2026-05-06T18:49:59Z
Ugzzg7ULJnATR0CQiRh4AaABAg,@devonachanefan28,This diss was so good it would make Eminem join in and put out a diss track,2,0,2026-06-19T12:40:56Z,2026-06-19T12:40:56Z
UgwshViwTtBNUC_O6ft4AaABAg,@bloxdroprbx,kendrick dropped the bomb on my birthday 😭😭,2,0,2026-05-11T04:56:37Z,2026-05-11T04:56:37Z
UgwlkV6Y8Yz69E4MlZN4AaABAg,@Brittsherri,Back 2 years later 😂😂😂😂,4,0,2026-05-12T05:34:27Z,2026-05-12T05:34:27Z
UgzauDns4fRkoTwL-8R4AaABAg,@xzeroz2395,Feel like everybody forgot this about Drake,3,0,2026-05-22T17:14:20Z,2026-05-22T17:14:20Z
UgwJSZ83MeS_9f22hVx4AaABAg,@leroyjetson-b7r,Them haters brought me back.,3,0,2026-05-17T02:24:00Z,2026-05-17T02:24:00Z
UgyUC8OdIBJTdUS3z_F4AaABAg,@D-Veezy,Music video gone?,6,0,2026-05-11T18:12:34Z,2026-05-11T18:12:34Z
UgyJ5aaMADstkoWm6Dp4AaABAg,@Shaunnyhoward,2 years later,3,0,2026-05-05T00:34:42Z,2026-05-05T00:34:42Z
UgycumRedMLuN6x9G354AaABAg,@Dareallandon,Who is still listening to this in 2026,17,4,2026-05-31T20:36:16Z,2026-05-31T20:36:16Z
UgxMX4k-h-vPx6xV9dp4AaABAg,@fynn4183,Who here after Iceman drop ??,4,0,2026-05-17T14:54:20Z,2026-05-17T14:54:20Z
Ugz4lSEaN4X3x8gRpB54AaABAg,@xereooz,it showed up in my recommendations after 2 years,1,0,2026-09-12T15:45:09Z,2026-09-12T15:45:09Z
Ugx-vQdkdoHH2_WQEyR4AaABAg,@getmoneyghost,I didn’t notice he had dropped this on my born day,1,0,2026-05-11T02:53:08Z,2026-05-11T02:53:08Z
UgwQ8MflPySPYeya4ad4AaABAg,@CubanCoffeeNY,U kno u done fucked up when Obama says KENDRICK!,3,0,2026-05-25T15:58:06Z,2026-05-25T15:58:06Z
UgzT4OPer7dScRH5S6p4AaABAg,@Loading-Loadingg,Even to this day it still shows Kendrick was NOT tryna hold back 😔,1,0,2026-05-31T06:20:00Z,2026-05-31T06:20:00Z
Ugy18EbjRSb9bdmxzDJ4AaABAg,@brendajramirez03,Bro is like minerrrrrrrrrrrrrrrrrrrrr 😅😂🤣🤣🤣🤣🤣🤣🤣🤣,0,0,2026-09-06T20:51:27Z,2026-09-06T20:51:27Z
Ugy9hUGpuHVjWOwZ8nd4AaABAg,@kite1704,Where’s da music video and Luther 😭 some shi got removed from Apple Music too what’s happening bruh,3,0,2026-05-11T18:51:53Z,2026-05-11T18:51:53Z
Ugxndk57oRTWqFz8MLl4AaABAg,@streetracingvwbug,2 years ago is crazy I remember playing helldivers listening to this 😂😂,2,1,2026-05-05T02:39:08Z,2026-05-05T02:39:08Z
UgzrA85XjPjzMOxxOHF4AaABAg,@SirPezko10,dude where is the mv?,4,0,2026-05-11T19:35:35Z,2026-05-11T19:35:35Z
UgyAM7fQCtfq9kfN9p14AaABAg,@alexojohnson2578,2 years now what a time to be alive,1,0,2026-05-05T13:03:09Z,2026-05-05T13:03:09Z
UgznKVnnSrrC3i7WZ-h4AaABAg,@Malgedort,Bro time flies so fast i remember when ts came out i was only 13 years old now im finna be 16 in a few weeks 😭,13,3,2026-08-08T15:00:36Z,2026-08-08T15:00:36Z
UgxdD8rkggudLEVThCF4AaABAg,@firallapr,"Anyone on may 16,2026 dancing",6,0,2026-05-16T06:07:54Z,2026-05-16T06:07:54Z
UgxiND20acbhpa0dUI54AaABAg,@oisinoreilly8060,Who here after drake wore mjs glove?,3,0,2026-05-25T15:19:13Z,2026-05-25T15:19:13Z
UgwaAsRz-6vMJlgyhbB4AaABAg,@n0t-N3rdy-en0ugh,"still my 1st favorite song of 202


(2026, monday, july, 20th. 1:44AM)",2,0,2026-07-20T06:44:16Z,2026-07-20T06:45:04Z
Ugz-ji3thoDfgvhl7KF4AaABAg,@prashantnair6876,Damn 2 years already wtfff,4,0,2026-05-19T19:03:21Z,2026-05-19T19:03:21Z
UgyaU-_w_xA_iEBY3lN4AaABAg,@thagod7387,Dis shit still fire 🔥🔥🔥,3,0,2026-05-18T14:24:01Z,2026-05-18T14:24:01Z
UgwH6t0uWJDuRJVCysZ4AaABAg,@johnlong3547,Song of 2024 goes to this,3,0,2026-07-22T19:24:58Z,2026-07-22T19:24:58Z
UgxUWiI1LWcWFB7gvA54AaABAg,@justinwentworth1467,DELUXE?????,5,0,2026-05-11T22:48:12Z,2026-05-11T22:48:12Z
Ugz9m9hSQ2QdminQ7XR4AaABAg,@Dirtbagrooze,Had to come listen to this after that garbage,4,0,2026-05-17T02:33:53Z,2026-05-17T02:33:53Z
UgwM7xYDxlXoAoGbxtp4AaABAg,@CassandraJamison,Who's here to avoid the suing rapper?😂😂🔥🔥,11,2,2026-05-15T20:38:56Z,2026-05-15T20:38:56Z
Ugyl7kM0AdPnNMQ3HyJ4AaABAg,@lparker5125,This was the end all!🔥🔥🔥🔥,5,0,2026-05-13T01:54:27Z,2026-05-13T01:54:27Z
UgwaNrgD1RRvut72XO54AaABAg,@siyandabhani1010,Anyone here in 2027???,4,0,2026-09-15T08:14:43Z,2026-09-15T08:14:43Z
UgwP4GBsz6Bh08jPmrJ4AaABAg,@OrochiFlamez,Pallete cleanser,5,0,2026-05-15T22:57:26Z,2026-05-15T22:57:26Z
Ugx44WFIJZ6TjQiDgJF4AaABAg,@wayneebttt,"Yeah we're here after they deleted it. Stop playing with us men, run it back🎉",5,0,2026-05-12T07:55:49Z,2026-05-12T07:56:35Z
Ugy6t_XeEN2DzEUH4fl4AaABAg,@cashh1004,Never forget when this first came out 😅,1,0,2026-09-15T05:10:28Z,2026-09-15T05:10:28Z
Ugy32Y7iRMqTNzYSDmV4AaABAg,@Nameless-q9z,I play this every time I hear sum wild,3,0,2026-08-14T00:06:02Z,2026-08-14T00:06:02Z
UgxcJUKUPo_ijcVTV2h4AaABAg,@CORALINE-SLAY2,"Kendrick please release another diss because drake used Micheal Jackson’s REAL glove for a dang cover, that’s worth more than my house",1,0,2026-05-26T19:14:19Z,2026-05-26T19:14:19Z
UgwgwcZQALYtj-ps1kV4AaABAg,@louise2070,Never gets old,2,0,2026-07-29T22:00:26Z,2026-07-29T22:00:26Z
UgzeaZBnpqd3gkhTs_N4AaABAg,@moneysidebill,FIREMAN 👨‍🚒 🔥,5,0,2026-05-11T22:33:45Z,2026-05-11T22:33:45Z
Ugxle8rPfTy6S-W2NB14AaABAg,@Gikash,Come to confirm 😁 The Video is still up & Drake stans tears still going down,15,0,2026-05-15T04:32:56Z,2026-05-15T04:32:56Z
UgxWyE_rJ4Gf3rGBtlh4AaABAg,@elieditz7,Shits still a banger in the grand 26,4,0,2026-05-17T22:15:38Z,2026-05-17T22:15:38Z
Ugx96hywGY8cIN7hANZ4AaABAg,@ThatSloveneGuy3387,Here in 2026?,5,0,2026-07-09T03:43:40Z,2026-07-09T03:43:40Z
UgxvPxXQU7YJJYfepPR4AaABAg,@skmmuffinman9805,Happy 2 year anniversary May the force be with you,0,0,2026-05-05T03:20:29Z,2026-05-05T03:20:29Z
Ugz8liDa-AieJA2NfmV4AaABAg,@dmitchglazer45,Dam bro 2 years ago already,4,0,2026-05-05T04:19:33Z,2026-05-05T04:19:33Z
UgycVnKepsdmbCJg2XB4AaABAg,@AmitojSingh-vu8vi,Anyone still listening this daily?,2,0,2026-06-09T16:22:33Z,2026-06-09T16:22:33Z
Ugx3g-ZiKnjzgBGXPnN4AaABAg,@TheHuskyK9,"Drake fans: “Drake dropped 3 albums in one day!!”
None of those albums tops ONE song on GNX 😭😭",8,1,2026-06-10T16:38:23Z,2026-06-10T16:38:23Z
UgyL473muQzYyA86z9t4AaABAg,@chickenpolitician,So hard he dropped it a second time✌🏻,4,2,2026-05-11T20:09:54Z,2026-05-11T20:09:54Z
UgyKh7JdwV8_ZkCHWvN4AaABAg,@Exotic_Exodus,Whos here because the not like us music video got deleted and hin also reuploading luther?,4,0,2026-05-11T19:41:26Z,2026-05-11T19:41:26Z
Ugx7kttSG4oaNbeTMZR4AaABAg,@DominiqueDelie,Music video removed?,4,0,2026-05-11T19:11:43Z,2026-05-11T19:11:43Z
Ugwm-1KhznhQwHjbx4d4AaABAg,@rebeccamcguire2798,2 years later and drakes still not over it 😅,1,0,2026-06-07T12:11:34Z,2026-06-07T12:11:34Z
UgzK5kJWRCoiI4pYjeB4AaABAg,@MrQna777,One of my favorite song by Kendrick,3,1,2026-07-05T07:26:40Z,2026-07-05T07:26:40Z
Ugx2ABgyjxRyao0_ijp4AaABAg,@pop-o3m7,1:01 I live by drakes house and I saw people going to his house and they were knocking on the door,3,0,2026-05-30T18:25:12Z,2026-05-30T18:25:12Z
UgxlPdWa575571kgsBR4AaABAg,@tylercolbert5018,Bruh he won. 🎉🎉 thus was the end right here,1,0,2026-05-05T02:00:10Z,2026-05-05T02:00:10Z
UgxR-OboOC80sv9d9rF4AaABAg,@maolenvinpelaez2199,The lawsuit getting stopped is hilarious as all hell 😂😂.,1,0,2026-09-03T09:34:54Z,2026-09-03T09:34:54Z
Ugw1bUCJSCuH8ZCAGBZ4AaABAg,@King_D1014,Good to see it’s still here lmao,3,0,2026-05-11T21:15:01Z,2026-05-11T21:15:01Z
UgwWXXed8XibjqRvvyJ4AaABAg,@CampbellAsante,It's been TWO YEARS,4,0,2026-06-19T01:53:43Z,2026-06-19T01:53:43Z
UgzdZB9V7DCP5MW3vEp4AaABAg,@critdaddysama4656,Who's here after Drake dropped an abysmal dog 💩of an album? 👇,11,1,2026-05-20T16:08:01Z,2026-05-20T16:08:01Z
UgyYNDz3NdU2zkitJjp4AaABAg,@ProdByChillPhantom,Who’s here after 2 years,2,0,2026-05-05T03:04:28Z,2026-05-05T03:04:28Z
Ugxcc6f0B5CsoG2UYfR4AaABAg,@silasryan4430,"No matter how old this song will get, it’s still alive for me. Damn it’s catchy",0,0,2026-06-25T02:20:58Z,2026-06-25T02:20:58Z
UgwunW4p_QdyYljgPyh4AaABAg,@Roachfat,The numbers finna go up just cause Drake being a hoe.😂,8,0,2026-05-12T20:12:04Z,2026-05-12T20:12:04Z
Ugwcm6gdKNtzvSp1NVB4AaABAg,@Pure_gaming87,"We went from begging him to drop shit to begging him to fucking stop, this shit cannot be real, twin ✌️✌️✌️😭😭😭🥀🥀🥀",1,0,2026-09-03T10:00:32Z,2026-09-03T10:00:32Z
UgxcT5rFxFp2JGp0zsF4AaABAg,@tifftiffbrayken,If kendrick beats drake again he will whip the daylights out of him,4,0,2026-08-24T20:08:56Z,2026-08-24T20:08:56Z
UgwhQE3SG5wE0vPlyhx4AaABAg,@leahbanks4504,Most iconic Diss song,1,0,2026-05-07T11:04:34Z,2026-05-07T11:04:34Z
Ugyrm6d1aTq55T7tOmZ4AaABAg,@LarkMaryann,He brought the west coast cali flow out he is NOT playing️,1,0,2026-05-26T05:04:04Z,2026-05-26T05:04:04Z
Ugzc6Ot892pux-l51ah4AaABAg,@NeterketB1,This shit still goes hard,2,0,2026-07-12T17:38:03Z,2026-07-12T17:38:03Z
UgzXqoZfqUKOKiBkL0t4AaABAg,@josh9851,"Stay blessed,Amen!",2,0,2026-08-24T11:24:01Z,2026-08-24T11:24:01Z
UgzC1sWMf_gMqQOGOhl4AaABAg,@115FFSSS,“Got an Oakland show tn baby”,1,0,2026-07-16T18:19:00Z,2026-07-16T18:19:00Z
UgzO1W2xKG1Ai7Ll9RJ4AaABAg,@GamerLRDavid,Anyone 2026??,13,1,2026-08-07T17:58:16Z,2026-08-07T17:58:16Z
Ugz4-aQgMtqE962pPc14AaABAg,@BryantRembert-kn5gr,Forever in rotation 💯🔥,1,0,2026-05-11T03:58:44Z,2026-05-11T03:58:44Z
Ugw6G4Rdhfs0RxSqU6t4AaABAg,@cajmere808s,and I am back again... LMAO!!!,2,0,2026-09-16T23:49:52Z,2026-09-16T23:49:52Z
Ugxxkhn5I6BhEsXHAkt4AaABAg,@TheProjecttian,*Knedrick won though. I forgot to leave my comment here long ago.*,9,0,2026-05-16T00:06:12Z,2026-05-16T00:06:12Z
UgycYsH7vk6XNoOnPHR4AaABAg,@daftandr3,The music video is removed?,2,0,2026-05-11T18:52:53Z,2026-05-11T18:52:53Z
UgyaNyzvi9uD2HmirfR4AaABAg,@madmire,I WILL ALWAYS COME BACK HERE BECAUSE OF MR ICEMAN 😂😂😂,6,1,2026-05-26T11:28:32Z,2026-05-26T11:28:32Z
UgyJRbFkKJUBj_RjTXV4AaABAg,@ParthKaul,"HAPPY 2ND ANNIVERSARY
to the club banger diss",2,0,2026-05-05T14:31:53Z,2026-05-05T14:32:22Z
UgzhedGNJBqXzqlUpC94AaABAg,@CristianZuniga-e1h,They not like us,4,0,2026-05-16T18:19:07Z,2026-05-16T18:19:07Z
UgxytHIDq006_MdLdlN4AaABAg,@N_cole33,It’s been 2 YEARS????,10,1,2026-05-06T01:49:59Z,2026-05-06T01:49:59Z
UgyBLH9LlnwDROlEEet4AaABAg,@memelord7057,2 YEARS!!,6,0,2026-05-05T20:41:54Z,2026-05-05T20:41:54Z
UgwXbJKHHGMkjQ-g9594AaABAg,@BrickFighter13,2 years have passed already huh. Time just flies by bruh!,0,0,2026-05-05T03:03:05Z,2026-05-05T03:03:05Z
UgzZqxZhK4Sh26Dbsfh4AaABAg,@Moon_walker-Alex,Listening to this after Drake barked for a goth girl 😭💔,22,3,2026-08-14T05:38:06Z,2026-08-14T05:38:06Z
Ugx5xcZvaCbBHtuV3sZ4AaABAg,@shirleyjohnson7004,"JUST FELT LIKE SEEING DEAD PEOPLE 
A.G.A.I.N😂",2,0,2026-07-18T19:08:39Z,2026-07-18T19:08:39Z
UgwAzsMjG2HF5xhnr314AaABAg,@KennethaAllen-s8u,Who still here in 2026,4,0,2026-07-30T11:14:50Z,2026-07-30T11:14:50Z
UgwoNMtQLP4xfFq-iC14AaABAg,@moraletiro,Welcome back everyone,9,0,2026-08-08T20:45:36Z,2026-08-08T20:45:36Z
UgxzK0xc_yy9xhzssYd4AaABAg,@purepluse21,Escuchando este tema solo por el album de Drake y aparte nadie será mejor que Kendrick de ahora en adelante solo digo yo billón dólar aki,1,0,2026-05-16T16:01:36Z,2026-05-16T16:01:36Z
UgxbmDLXSWAHH-I_b554AaABAg,@lamentwithpiety.777,See yall in 2027 🫡,6,0,2026-05-13T02:39:03Z,2026-05-13T02:39:03Z
UgxVrBbheUffWhXkCSt4AaABAg,@lulel334,Can belive that it was 2 years ago,2,0,2026-06-23T13:54:17Z,2026-06-23T13:54:17Z
Ugyn-XQg9Xir5y326bR4AaABAg,@GuardiãoIA-ofc,"00:00 From here on, the music gets good.",4,0,2026-08-12T23:40:49Z,2026-08-12T23:40:49Z
Ugxxr4sGqYEvatniXS94AaABAg,@Highlightsvaildss,bro cooked drake in the rap battle😭✌️🙏,2,0,2026-08-01T05:57:31Z,2026-08-01T05:57:42Z
UgzvMFFXC4MHc6eVpG94AaABAg,@kapilparewa3943,Kendrick not holding back😭😭,1,0,2026-09-14T01:20:34Z,2026-09-14T01:20:34Z
UgxASYh7-7J8r8J0Fut4AaABAg,@vtgfive,Alguem em 2026?,5,0,2026-07-30T19:03:28Z,2026-07-30T19:03:28Z
UgxY9Vc631lSlFTE0Q14AaABAg,@TAISH0-with-a-squiggly-S,“Devil is a lie he’s a 69 GOD” DAAAMMNNN,2,0,2026-09-10T08:13:47Z,2026-09-10T08:13:47Z
UgxWVVRrRae3ihSD20d4AaABAg,@carlolazol3209,If they ever do another To Catch a Predator show this should be the intro song,1,0,2026-05-21T01:51:09Z,2026-05-21T01:51:09Z
UgwcDn4MtcxLHtTr1Yp4AaABAg,@turtlepapiiiii,Why did this get deleted,5,0,2026-05-12T01:00:34Z,2026-05-12T01:00:34Z
Ugz34_Rm93HseNLQ7jJ4AaABAg,@ramiez-k4l,tf it's already 2 yrs old????,5,0,2026-06-10T11:20:27Z,2026-06-10T11:20:27Z
Ugw2qPx2EkjN5p9VkV54AaABAg,@DUPREE_626,This shit really is timeless,1,0,2026-05-25T08:38:46Z,2026-05-25T08:38:46Z
UgzeXFGwFw83_Vy6ECx4AaABAg,@Juoanix,Yoooo what happened to the music video 😭😭😭😭,3,0,2026-05-11T18:55:55Z,2026-05-11T18:55:55Z
Ugx-GMaLO96cD33ugDx4AaABAg,@Wizz93_1,Anyone 2026 💗,3,0,2026-09-05T14:45:48Z,2026-09-05T14:45:48Z
UgzqffSxGWNohas1qft4AaABAg,@HarperMcCann-h5l,"my mum dosent let me listen but my dad on the other hand.







Me:dad can i listen to not like us 

Dad:ya go for it 

Me :thanks


pov my mum 

 Me:  m um can i listen to not like us

Mum: noway  no no no",3,0,2026-06-05T07:54:50Z,2026-06-05T07:54:50Z
UgzwWej0e38b3-SG-uB4AaABAg,@The_Autistic_Capricorn,Hurrah 4 hip-hop ✊🏾🤜🏿🤛🏾🫱🏿‍🫲🏾🫂💯💯💯,2,0,2026-05-11T20:59:33Z,2026-05-11T20:59:33Z
Ugz0x4qDnyBlZgCfpTR4AaABAg,@STIPHYX_1,any one in 2026 ❤❤,3,0,2026-06-14T18:59:03Z,2026-06-14T18:59:03Z
Ugykspe93_KgJQ1DLXN4AaABAg,@Amarion67,This iz generational savage type beef,3,0,2026-08-03T16:33:39Z,2026-08-03T16:33:39Z
UgyX0n1_8pJ6hqzgjfx4AaABAg,@night-y5u,"Yo you need to make another disstrack on drake, I'm begging you, he acting up again💀",5,0,2026-08-17T12:10:25Z,2026-08-17T12:10:25Z
Ugz8Ke9l9Oo9Msajk1B4AaABAg,@ronald_ntale,"I still make a stank face when that beat drop and for several bars, yuck, Kendrick you nasty mf🔥🔥🔥",6,0,2026-05-17T23:17:38Z,2026-05-17T23:17:38Z
UgzvYURSQlaOv4ukfrl4AaABAg,@DianeHudkins,love this song😜,2,0,2026-07-16T17:45:54Z,2026-07-16T17:45:54Z
UgygOQVuAJ12VOSIAxB4AaABAg,@Taliah1994,Someone said them bricks wasn't made for nothing.,2,0,2026-05-15T04:16:43Z,2026-05-15T04:16:43Z
Ugx0O0v3_NjTxgD61YN4AaABAg,@adammajette2595,"This joint is still breathing ,,,, Dopeness and Go Cavs .... THE TEAM THATS FROM THE LAND!",1,0,2026-05-12T00:03:14Z,2026-05-12T00:03:14Z
Ugx2vfVwhvmA3QnrIEh4AaABAg,@1cannedpeaches,Needed a palette cleanser,5,0,2026-05-20T07:44:19Z,2026-05-20T07:44:19Z
Ugw8ppdFS8ofDhiUBwd4AaABAg,@kaiserflxme,"Like that, Meet the Grahams, Not like us, and Euphoria VS. Family Matters was so tragic the only things he's dropped since is wah gwan delilah, meet your padre, and ice man",3,1,2026-05-19T06:05:03Z,2026-05-19T06:05:03Z
UgwCIw5i0tVNdBauppt4AaABAg,@darksars3622,Ow sweet new roblox theme just dropped,2,0,2026-07-02T09:29:55Z,2026-07-02T09:29:55Z
UgzN9758YYvXhX1M9LN4AaABAg,@Kymanijr,2:18- 2:40 is crazy😂,3,0,2026-05-15T02:13:31Z,2026-05-15T02:13:31Z
Ugx-p1RBpVQY4t5g3hp4AaABAg,@Bingchillin0,It's 2 years baby,3,0,2026-05-05T10:58:46Z,2026-05-05T10:58:46Z
Ugy28eSRaV57IzZ43-t4AaABAg,@BaconXツ,When this song dropped😎,2,0,2026-07-18T12:54:11Z,2026-07-18T12:54:11Z
UgzrBI8sJz4-l2ZdvD94AaABAg,@M_x2-yedit,Who's here after Kendrick reposted the music video?,3,0,2026-05-11T20:56:43Z,2026-05-11T20:56:43Z
UgwXs1vC7lNep67ITNd4AaABAg,@DylanKiely-vh6hr,Yahusha is the way the truth and the life 🙌🏼,1,0,2026-06-22T07:32:02Z,2026-06-22T07:32:02Z
Ugwl-L4ktagh-1jmaFh4AaABAg,@rahhhrahrahh,God damn 2 years already?,5,1,2026-08-23T07:46:29Z,2026-08-23T07:46:29Z
Ugy_hynYjJ8jtdTiCyF4AaABAg,@TJsSquad17,This is fire,3,0,2026-06-10T18:03:19Z,2026-06-10T18:03:19Z
UgxxB1U7pUnB4-EM3It4AaABAg,@Gusttarlk7,"Achava que era uma música dos anos 2000 😂😂😂, me surpreendi ao ver que era de 2024",1,0,2026-06-27T17:07:22Z,2026-06-27T17:07:22Z
Ugw1FixVdQ12Ho93XR14AaABAg,@peri_tf,Here after re-upload 😅,4,0,2026-05-11T19:56:18Z,2026-05-11T19:56:18Z
Ugzyi1wlpqLu6Q7P9Xp4AaABAg,@TW1G5,"HAPPY 4th JULY DRAKE, ""HERE'S YOUR RECOMMENDED CHOICES OF SONG FOR TODAY""",3,0,2026-07-03T17:21:30Z,2026-07-03T17:21:30Z
Ugy4zU0SCC_iyWnmwSF4AaABAg,@assortedWCare,Had to spin the block 🔥🔥🔥 track is just crack. Forever tough smh.,1,0,2026-05-05T12:51:20Z,2026-05-05T12:52:27Z
UgxeOKQw3ZOS7KMOaL94AaABAg,@urlocalintrovert-z1m,holy shit 2 years,2,0,2026-05-05T05:59:58Z,2026-05-05T05:59:58Z
UgyGx2g9-q-XUeaJEGN4AaABAg,@kennethwilcox477,2 year anniversary listen.,4,0,2026-05-20T19:34:17Z,2026-05-20T19:34:17Z
UgxSXgxZvpQHtgqLCi14AaABAg,@Babyglish,June 2026 anyone ?,3,0,2026-06-05T17:11:34Z,2026-06-27T17:24:16Z
Ugx-8u1O7TDdotO9qhR4AaABAg,@bettyboop1568,Happy 2nd Anniversary 👑🖤🥋,1,0,2026-05-08T03:45:43Z,2026-05-08T03:45:43Z
UgxtbUiwtl3TXL7-P0Z4AaABAg,@JebinƎM,"Who's here after the music video disappeared?

Let me guess...Drake, did you do this?",3,0,2026-05-11T18:46:52Z,2026-05-11T18:46:52Z
Ugzzw9AZMv4K_B4W2Bl4AaABAg,@assortedWCare,Had to come back and scratch the itch 🔥🔥.,4,0,2026-06-19T14:12:06Z,2026-06-19T14:13:07Z
UgzebmeDIJfTEtwRCcx4AaABAg,@DUDETHATLIKESMEMES,"I just barley realized something that blew my mind idk if anyone else made this connection, but towards the end of euphoria Kendrick says ""And my Sixth Sense is tellin me to off him"". Not like us is notoriously known as the kill shot of this beef and how does it start? With a quote from the movie the Sixth Sense ""I see dead people""..... honestly I hope Drake does have a diss track or two on Iceman so we can see him get absolutely whooped again 😭😭😭😭😭",0,0,2026-05-05T00:05:38Z,2026-05-05T00:52:08Z
UgxNOfjxiI3OcNOlXMJ4AaABAg,@wukilla8ee,Well at least they didnt delete this one..,2,0,2026-05-11T20:10:29Z,2026-05-11T20:10:29Z
Ugz_YBnOONsqAZ5A9ax4AaABAg,@Sociosdelaconquista,They not like us....,3,0,2026-05-23T18:06:45Z,2026-05-23T18:06:45Z
UgyJEFQVx2-Duorm7Zx4AaABAg,@akhileshg3,Happy 2nd anniversary 🎉,2,0,2026-05-05T15:13:35Z,2026-05-05T15:13:35Z
Ugzqyak_FhZrrH4Ymit4AaABAg,@OfficialGaudyMusic,Who BACK After Bruh Dropped that TRASH On The Streets Volume 3???? CHECK IN For A Refresh! 🤷🏾‍♂️✅,2,0,2026-05-17T08:09:30Z,2026-05-17T08:09:30Z
UgwiGTX1lqjNYKFT1qN4AaABAg,@Dswager460,This my every day play song 😊,1,0,2026-07-21T00:13:38Z,2026-07-21T00:13:38Z
UgxeywMzr-AZo4ywIIR4AaABAg,@hahabones,"Euphoria: pushing DRAKE 
Meet The Grahams:Kendrick pounding nails in the coffin 
Not like us:Destroying Him

Tbh Ts Fire Asf",1,0,2026-06-04T13:10:33Z,2026-06-04T13:10:33Z
UgyZbPuWgGUqhGQv0fN4AaABAg,@大谷ネタをこする男,これがrapって感じ。やっぱアメリカの曲が一番かっこいいな,2,0,2026-08-25T12:25:14Z,2026-08-25T12:25:14Z
Ugw28hTmx-MFj4YUDX94AaABAg,@tysonl9782,KENDRICK NOT HOLDING BACK 😭😭,3,1,2026-08-14T23:17:52Z,2026-08-14T23:17:52Z
UgxL0E9E-OssP6Qfrs14AaABAg,@SAMHAWKK.,better than those 3 album 🤣,7,7,2026-06-20T14:27:05Z,2026-06-20T14:27:05Z
Ugzox5tmU8X5vbGtfY54AaABAg,@issyezza,OMG this song is just different,1,0,2026-08-21T13:43:15Z,2026-08-21T13:43:15Z
UgypSbYVK1UnNNu6bBl4AaABAg,@karabo6374,Music video?,3,0,2026-05-11T18:56:37Z,2026-05-11T18:56:37Z
UgwMAJ439KPCa8zbKup4AaABAg,@NoahChristopher-r6e7i,"He's dead..
He's dead....
HES DEAD DUDE STOP SHOOTING HIM",2,0,2026-06-26T00:19:29Z,2026-06-26T00:19:29Z
UgzKVGlT01nT9nAmzo14AaABAg,@tnnofficial5,why did they talk down about this?,3,0,2026-09-06T02:24:03Z,2026-09-06T02:24:03Z
Ugy5pHVq1O0z2c-Manx4AaABAg,@PhumelelaMakhanya,We need remix 😂😂😂,1,0,2026-05-11T20:32:15Z,2026-05-11T20:32:15Z
UgzBapy--yqasNX0P9h4AaABAg,@KatyMeier-u4c,W 😂💀💀🔥🔥🔥🙏🙏✌️✌️✌️😭😭😭😭😭😭,4,0,2026-05-25T18:12:11Z,2026-05-25T18:12:11Z
UgzLfS3ihyxBbAluPNl4AaABAg,@DRAKYNOFFICIAL,OUNVINDO ESSA ANTES QUE ELE A REMOVA TAMBÉM,2,0,2026-05-11T19:16:14Z,2026-05-11T19:16:14Z
UgxAUK0MnZjtoY_Agt54AaABAg,@Justingaming10,Who came here to check if YouTube really remove this video 😂😂,3,0,2026-05-11T19:19:18Z,2026-05-11T19:19:18Z
UgwJSZsWfm8MyS42bO94AaABAg,@AerousAircicle,happy birthday,1,0,2026-05-05T05:16:44Z,2026-05-05T05:16:44Z
UgyTO-X6f8Dvyz8Bc8t4AaABAg,@lakersince9875,That beat nvr gets old 😂🔥,0,0,2026-07-07T23:57:37Z,2026-07-07T23:57:37Z
UgzxiWDewdSpPQ3l_vp4AaABAg,@nickbrown6178,"I like this shit where he says the body, John Stockton",1,0,2026-07-28T01:45:11Z,2026-07-28T01:45:11Z
Ugym3MwBmbS0aqz-6PB4AaABAg,@CarlWilliams-e2j,Not like us is the song that I play for my Dad,2,0,2026-05-09T15:03:14Z,2026-05-09T15:03:14Z
UgytktWwmxiDbhCw_3p4AaABAg,@YagamiLarpo,"Drake thinking he the next MJ, so I had to come back to this",3,1,2026-06-29T04:45:31Z,2026-06-29T04:45:31Z
UgxeJ_BKgAXFJAyeYxh4AaABAg,@thepancakeFN,Wow it been two years,5,0,2026-07-09T22:15:17Z,2026-07-09T22:15:17Z
Ugwz9IkaXw13BTGAFh54AaABAg,@SaintValenci,Iceman OTW 🤣🤣🤣,3,0,2026-05-11T18:53:49Z,2026-05-11T18:53:49Z
Ugzcul40ReTVWZGLf-54AaABAg,@walter-white4641,Bruh i got tears in my eyes😭,1,0,2026-08-24T14:42:50Z,2026-08-24T14:42:50Z
UgwSrezlSgMSIeAfoQp4AaABAg,@7abq0-us5lx,"This shit dropped when i was at the peak of my high school, everything going well and became part of my music on the road lmaoo

all my mates knew about the beef when they heard me play it and felt even better",0,0,2026-08-01T14:46:47Z,2026-08-01T14:46:47Z
UgyO0CIJHYrUO3wtAzR4AaABAg,@Sp3NgL3R_MF,Drake: They dont bark like us,1,0,2026-08-13T19:12:10Z,2026-08-13T19:12:10Z
Ugz-yJLg1gh7scApSmJ4AaABAg,@Joke79,the music vid got deleted bruh 😭🥀,4,0,2026-05-11T19:22:47Z,2026-05-11T19:22:47Z
Ugzk7Rfs4O294NixFcB4AaABAg,@wrongemote,imagine Kendrick on Iceman😮,1,0,2026-05-11T19:09:56Z,2026-05-11T19:09:56Z
UgwcxK8MHU3ah4zVeI54AaABAg,@KshitizMalva,"2 years ""LIKE THAT""",1,0,2026-06-30T18:00:27Z,2026-06-30T18:00:27Z
UgwleQ2ISmmA1NT3JOJ4AaABAg,@sven7037,It wasn't deleted man lol the views are back,4,0,2026-05-11T22:43:57Z,2026-05-11T22:43:57Z
Ugybr3ulBF55kd9W85p4AaABAg,@Transwithhands,Perfect song for haunting HA and Warriors 👻,1,0,2026-07-31T19:17:03Z,2026-07-31T19:17:03Z
UgzYi0JDRVRorCINlPd4AaABAg,@Adrian-n5d2q,They definitely not like us,1,0,2026-09-13T17:46:16Z,2026-09-13T17:46:16Z
Ugz26UBAMtQAqt6k8c54AaABAg,@JD-bournemouth-g1q,OWNERSHIP IS BY ME ❤KENDRICK LAMAR ❤,4,0,2026-05-14T14:51:41Z,2026-05-14T14:51:41Z
UgyVemAO11OgNHoMlgJ4AaABAg,@adityaiyer0904,I mean hell yeah!!!... In 2026!!!....,3,0,2026-07-21T00:16:06Z,2026-07-21T00:16:06Z
Ugxmpy5ZFzDBrVKB3Yt4AaABAg,@jenc.7028,"When I heard the ""psttt I see dead people"" I already know it was going to be a good song",0,0,2026-09-12T16:41:22Z,2026-09-12T16:41:22Z
Ugz_e2C5R_B_priA5ip4AaABAg,@joshuaweddington456,Hold on do😂🎉😮,5,0,2026-08-12T05:49:11Z,2026-08-12T05:49:11Z
UgxvFPQ0Ll31teW1kNl4AaABAg,@Unknown_Gamer123,Anyone Listening In 2026?,3,0,2026-06-30T05:01:03Z,2026-06-30T05:01:03Z
Ugye6n2Y9rLdIXewJQx4AaABAg,@MsTink2,Still fire 🔥,4,0,2026-05-14T03:16:33Z,2026-05-14T03:16:33Z
Ugz-LCNUnSqjVEEDl1B4AaABAg,@mo.bennader8362,Happy 2 years to masterpiece  ✨️,1,0,2026-05-08T15:36:57Z,2026-05-08T15:36:57Z
Ugzkpl_1zRoYrWob3zN4AaABAg,@Kewamane,Already 2 years,3,0,2026-05-05T03:52:15Z,2026-05-05T03:52:15Z
UgyzyNW80nKwkPbboiZ4AaABAg,@walkonwater92,Still Dope 😁😁😁,3,0,2026-06-16T22:46:43Z,2026-06-16T22:46:43Z
UgzeozY6u7ReUQtkBE54AaABAg,@Yehudah_Osher,Terrance Crawford x Terrance Thornton 💪🏾,1,0,2026-05-22T02:09:09Z,2026-05-22T02:09:09Z
UgzLn7D8TSMhY24_dNV4AaABAg,@Princeromeyrome4,"only a few days until playing this on July 4th with this song,",2,0,2026-07-02T10:44:45Z,2026-07-03T11:39:48Z
UgxGLc6TiOsPOal1YpZ4AaABAg,@Brianlol-r9z,Another loss for the deaf 😢,2,0,2026-05-30T21:27:19Z,2026-05-30T21:27:19Z
UgzkTG0YAa4DMo6Lb2p4AaABAg,@nemisis49,Ok its still here we good!,4,0,2026-05-11T23:24:06Z,2026-05-11T23:24:06Z
Ugx0itxm2nPn7gx_SoJ4AaABAg,@sunitamehta6673,"Here after drake barking for a goth baddie ✌️🫡

Kendrick was always better",33,2,2026-08-11T11:06:16Z,2026-08-11T11:06:16Z
Ugz1dNx7HyinaXA0fo94AaABAg,@Just_Gwen,So the OG diss still here but the video was reloaded? Runnnnnn it backkkkkk 😂😂😂😂😂,1,0,2026-05-11T20:14:20Z,2026-05-11T20:14:20Z
UgwFAxUaNtrxzooT4cJ4AaABAg,@MosesVazquez-s8q,My son is singing this at4,2,0,2026-08-07T02:25:10Z,2026-08-07T02:25:10Z
Ugyi9u0lP-Ria-Qmdil4AaABAg,@stevenlynch33,Still slaps 😂😂😂,4,2,2026-05-22T14:01:36Z,2026-05-22T14:01:36Z
UgwQKnkrFvmV8mzJmPB4AaABAg,@dafftruet,Wheres the music video,3,0,2026-05-11T19:09:17Z,2026-05-11T19:09:17Z
UgzoQ1FAS_lJjHeRn1R4AaABAg,@kille-h6z,This is fire 🔥🔥🔥🔥🔥,1,0,2026-05-27T17:24:46Z,2026-05-27T17:24:46Z
Ugx3WOInERH3sF4f9ZR4AaABAg,@Ju-on-h6h,Drake Dropping An Album Cold Iceman Why Not Call It DEADMAN.This Song is trending again reminding people you dead a long time ago FYI We all attended your funeral.,1,0,2026-05-13T10:01:37Z,2026-05-13T10:01:37Z
UgwcTrdVlPN9zHSH85J4AaABAg,@suco2trash,I replayed National Treasure to see that one bar...,1,0,2026-07-27T13:09:18Z,2026-07-27T13:09:18Z
UgwCvutvD35EjnC7W0F4AaABAg,@ETERNALDREAM45,i don’t listen to this genre but first time? THIS FUCKING SLAAAAAPPPPPSSSS,0,0,2026-07-18T08:29:59Z,2026-07-18T08:29:59Z
Ugzy3tdlxYZ2_-EMCnd4AaABAg,@CrimsonSky-y9b,2 years huh..	16 years left till Drake won’t be interested.,5,2,2026-05-05T06:01:14Z,2026-05-05T06:02:02Z
Ugw2jfSpeOtUbLQ18-F4AaABAg,@MarxusCattimore,Happy Anniversary Not Like Us!,1,0,2026-05-05T02:23:47Z,2026-05-05T02:23:47Z
Ugx7eRapzSG1OFD-xlZ4AaABAg,@richardporrata3341,"Trynna strike a chord and it's prolly ""A Minor""...  OUCH!!! 
That there line by itself killed it!",0,0,2026-08-31T05:33:41Z,2026-08-31T05:33:41Z
UgwVTkACcGEF1dSSzTR4AaABAg,@VEXOR117,2026 ?,2,0,2026-06-14T20:54:42Z,2026-06-14T20:54:42Z
Ugxwr0Ajz8dCZj2HV4t4AaABAg,@demetriusean,Yo wtf is going on? The video is gone 🤔🤔🤔,12,3,2026-05-11T18:51:30Z,2026-05-11T18:51:30Z
UgyF3KkHrPa7vA7I6uJ4AaABAg,@COLLINSEKEH-gr4cs,"could this be Drake taking one last shot at erasing this lethal record?!
3 nights before ICEMAN 🤔",1,0,2026-05-11T20:27:58Z,2026-05-11T20:27:58Z
Ugx_EBMnQqJrxFTr14R4AaABAg,@TOoWaviii,Still here for it,1,0,2026-06-05T21:02:52Z,2026-06-05T21:02:52Z
UgwDPp_7hLxmeWZ0voN4AaABAg,@deeceeteejay,GNX is literally killing iceman and them other 2 trash tapes 😂😂😂😂😂,4,0,2026-05-17T21:57:54Z,2026-05-17T21:57:54Z
UgxjX7W-XqODHG0_Rhp4AaABAg,@deadartist2462,Where'd the music videos go?,5,1,2026-05-11T19:00:15Z,2026-05-11T19:00:15Z
Ugzlq_bIjUb9xTMhHvR4AaABAg,@BrandonCarter-d1x,"Bro is having asthma!!! 
“Tell him breathe bro.”",0,0,2026-05-08T20:01:47Z,2026-05-08T20:01:47Z
UgyjO6yW12hgPpVYxgx4AaABAg,@heavenlypedals,Jidions theme song:,1,0,2026-05-25T10:59:27Z,2026-05-25T10:59:27Z
UgxCG3yAMzdx1anssJV4AaABAg,@pimou_gamer,The music video is gone lol,4,0,2026-05-11T19:12:01Z,2026-05-11T19:12:01Z
UgzBGGI_F0VEDZQ7bKB4AaABAg,@natoshadooley3000,I love this song ❤,1,0,2026-08-28T00:51:01Z,2026-08-28T00:51:01Z
UgwOsSGIbrGP-71_ok54AaABAg,@Transwithhands,Remember drake signed a deal with flexiports. 😊 and got a private plane. 😊,1,0,2026-07-31T19:18:13Z,2026-07-31T19:18:13Z
UgyrzmcbdCJcLYoPaNt4AaABAg,@RyotaHashimoto-r7b,Why am I coming back here it's been 2 years,2,0,2026-07-02T05:34:12Z,2026-07-02T05:34:12Z
UgzRrGUF3erzIwqrY_N4AaABAg,@karabo6374,Music video?,2,0,2026-05-11T18:56:44Z,2026-05-11T18:56:44Z
Ugz7GvKBusp68FsubDZ4AaABAg,@TheLazyPirateSquirrel,"Gotta listen to this after Drake hate praised MJ. 

If MJ were alive, he'd promote Kendrick's diss track.

don't forget his diss track on a dead guy at 24",3,0,2026-05-23T04:17:39Z,2026-05-23T04:26:15Z
UgwCyUkB-KnZAoz_-Ed4AaABAg,@ZBCole,"""Kendrick reuploaded his video"" - wait...",7,2,2026-05-11T23:40:36Z,2026-05-11T23:40:36Z
Ugzual6H99zarvsU1wZ4AaABAg,@shunna600,2026 Anyone!? 💃🕺🎶🎼💯💯💯💯,1,0,2026-06-07T14:26:23Z,2026-06-07T14:26:23Z
UgzkhcZoLqUzPNIGKV54AaABAg,@ifennaprisca2438,In 2026...😂😂,3,0,2026-05-12T19:23:24Z,2026-05-12T19:23:24Z
UgxL3CNUB0TvNyqJBbR4AaABAg,@terrytraore4586,So the music video did get deleted ?🤣,1,0,2026-05-11T19:18:58Z,2026-05-11T19:18:58Z
UgwJ2P1Yy83b5LfKT2p4AaABAg,@azeei5448,Hearing an old drake song on the radio brought me here!😂🎉❤,0,0,2026-08-19T23:26:16Z,2026-08-19T23:26:16Z
UgxDWemXBLXm1Bpb_N14AaABAg,@CTRLKWithKing,2 years later and Drake still ain’t recover lol 😂,2,1,2026-05-05T00:49:04Z,2026-05-05T00:49:04Z
UgzNhMDIv3X3vwbekHx4AaABAg,@MargoDavladze,Happy anniversary LOL,0,0,2026-05-05T02:43:08Z,2026-05-05T02:43:08Z
UgwQs7Kq0Jwb13b8QZN4AaABAg,@assortedWCare,Forver a classic 🔥🔥.,1,0,2026-09-12T02:47:08Z,2026-09-12T02:47:08Z
Ugy_ZWFJ0Ah9slC9hgd4AaABAg,@aaluathepiscean,"Bruh, I had to check if this was still up",1,0,2026-05-11T19:43:28Z,2026-05-11T19:43:28Z
Ugwsoi41VFqppVrC8H14AaABAg,@MitbhaSuchiang,they not like us.,1,0,2026-06-25T19:44:11Z,2026-06-25T19:44:11Z
UgyaxSlAbS-QyMebwLB4AaABAg,@Logicalpsycho2323,WE UPP!!!🎉🎉,3,0,2026-05-13T16:25:39Z,2026-05-13T16:25:39Z
UgxBaCug9DI-m4DVdNJ4AaABAg,@taneshaofongo2906,Not like us day😂😂❤❤🎉🎉2026,1,0,2026-05-05T02:26:53Z,2026-05-05T02:27:27Z
UgwmHV7AwhTVxEsuGpx4AaABAg,@austechdesign,I get lit and play this most mornings to my neighbours,0,0,2026-09-15T01:15:37Z,2026-09-15T01:15:37Z
UgwnwN7Ndrc7MOR9oEd4AaABAg,@spin_gold,"Listening to this song in August 2026 makes me emotional, just so many fucked up people harming children. It’s nice and emotional to hear someone gaf.",0,0,2026-09-02T15:52:12Z,2026-09-02T15:52:12Z
UgxaT6_frbgK0dM_tUp4AaABAg,@Elax-c1c,Damn 🎉🎉🎉🎉🎉🎉🎉🎉🎉,5,0,2026-08-09T08:52:11Z,2026-08-09T08:52:11Z
UgxDhC-9GvD-FnW0Bt14AaABAg,@OliverAncestors,“God damn kid where did you get this one” iykyk correct me if I’m wrong 😅,0,0,2026-05-22T12:18:46Z,2026-05-22T12:18:46Z
UgwifIsm26U-yKkXVbB4AaABAg,@mozy_mzin,"i""m from Brasil",2,0,2026-05-27T08:18:14Z,2026-05-27T08:18:14Z
UgxRFvE43An5iXdl77J4AaABAg,@HiramSheik,They out here saying the video got deleted,2,0,2026-05-31T06:27:24Z,2026-05-31T06:27:24Z
UgzGZDW1bChz8UXaxA94AaABAg,@LeoNjoroge-j2j,2 years ago is wilddd,0,0,2026-06-26T01:55:04Z,2026-06-26T01:55:04Z
Ugxo66MhtjMSDBlOlHF4AaABAg,@supermario9306,Still hits the same 2 years later ☕️,3,2,2026-05-05T03:30:57Z,2026-05-05T03:30:57Z
Ugz4bnQsMFjYD5acO2N4AaABAg,@BrightonChindondondo,Where's the video???,2,0,2026-05-11T18:54:09Z,2026-05-11T18:54:09Z
UgzWd7kjkNg2yw7wDUt4AaABAg,@aquagirlkay,Back again to run in up,2,0,2026-05-11T20:44:02Z,2026-05-11T20:44:02Z
UgzQes4oRcueoXPAcBJ4AaABAg,@GeeGeeMU.16,have a feeling he’s dropping HNX deluxe on Friday with this song attached to it,0,0,2026-05-11T18:41:32Z,2026-05-11T18:41:32Z
UgyGLFLDr3-6OJXaPcp4AaABAg,@Muhlwavy,So it was never deleted 😂,6,1,2026-05-12T09:46:00Z,2026-05-12T09:46:00Z
UgwX2eGqH0EUz7G5DJB4AaABAg,@devantecc,Here to confirm 😂,1,0,2026-05-11T19:21:35Z,2026-05-11T19:21:35Z
UgxQOAVo_egY1m4edjd4AaABAg,@yodailysprite,good shit Kendrick,2,0,2026-05-25T20:51:01Z,2026-05-25T20:51:01Z
Ugxz0WCQwtl_1TpX3Wd4AaABAg,@tariqxxi,Absolute cinema,1,0,2026-05-30T18:08:19Z,2026-05-30T18:08:19Z
UgwBgw6rX8n-GETFMGJ4AaABAg,@interlude07,What if Kendrick and drake are planning a collabo on ice man🫪,0,0,2026-05-11T21:02:28Z,2026-05-11T21:02:28Z
UgwYme7JX9Vmtbtm0Nh4AaABAg,@Sara-godpower7,I hade good times when I was young in Compton were my big brother lived . Delta and 67 th st. It was a Family neighbor everyone played outside so much fun.,0,0,2026-06-25T17:25:48Z,2026-06-25T17:25:48Z
Ugwc_9YuXz9yC8N0PcJ4AaABAg,@JaylenHuesken516,How s this song have 4:3millon like,2,0,2026-05-29T19:29:49Z,2026-05-29T19:29:49Z
Ugylwt1SWwIQ0cnnAJd4AaABAg,@NaderMoghrani,"2 years? 
Wtf 💀 😢",2,0,2026-05-09T20:50:53Z,2026-05-09T20:50:53Z
UgxbidKsde6R88lxMWZ4AaABAg,@Tomkuatliz,0:31 0:31 lit bro,3,0,2026-05-15T04:18:51Z,2026-05-15T04:18:51Z
UgyDtNUNpGpTEOtgCtx4AaABAg,@goatnove,this banger is 2 years old from today,0,0,2026-05-05T18:10:58Z,2026-05-05T18:10:58Z
Ugw4AOR9RhHeFDvTWlp4AaABAg,@seepassthebs,"I know Kdot 😂 at the dumb Drake stans leaving Ice cubes bc they running his numbers up then gonna turn around and say it's bots😂 Kdot supporters don't forget to leave a like, let's keep making AK and Mal go insane 😂",5,0,2026-05-12T04:27:16Z,2026-05-12T04:27:16Z
Ugyt3Iv-ZvjTOyhhDTB4AaABAg,@jessicalee5590,I am from Compton,2,0,2026-08-01T03:45:48Z,2026-08-01T03:45:48Z
UgzY65834Ipp318goB54AaABAg,@YagamiLarpo,Still not like us,5,1,2026-07-04T20:13:07Z,2026-07-04T20:13:07Z
Ugzhne32h2bhzYCGubN4AaABAg,@phibeongumira6720,Where is  our video 🤦‍♂️,2,0,2026-05-11T18:52:37Z,2026-05-11T18:52:37Z
UgweevA3Y-G_fWMRM9d4AaABAg,@WilfredoVasques-d5q,𝐵𝑟𝑜 𝑗𝑢𝑠𝑡 𝑙𝑒𝑎𝑘𝑒𝑑 ℎ𝑖𝑠 𝑎𝑑𝑑𝑟𝑒𝑠𝑠😂😂😂😂,4,0,2026-09-06T02:07:50Z,2026-09-06T02:07:50Z
UgzbFynwI4aCi17YgU54AaABAg,@60HzRelisher,bro it aint deleted,2,0,2026-05-11T20:32:37Z,2026-05-11T20:32:37Z
UgxFEiCUGw-C0sC6F5l4AaABAg,@MichaelGarcia-tx9qe,2 year already,2,0,2026-07-20T18:35:11Z,2026-07-20T18:35:11Z
UgwJmmWxlqZpffP1y-94AaABAg,@ArnavGandhi995,5-5-2024 cant forget that day,3,0,2026-08-10T09:33:18Z,2026-08-10T09:33:18Z
UgxD1v4SI8P8ROvrV-N4AaABAg,@Allendortch,The root of all evil✌️🥀🔥💔💔,2,0,2026-06-04T19:25:58Z,2026-06-04T19:25:58Z
UgzLxuDy0X4WSPSAu2J4AaABAg,@5lvm9s,Bro done dropped it twice 💀,0,0,2026-05-11T19:51:47Z,2026-05-11T19:51:47Z
UgxiscvsePKHHJiJ2rB4AaABAg,@owamanzi30,WHO IS HERE AFTER ICEMAN,4,1,2026-05-17T08:08:08Z,2026-05-17T08:08:08Z
Ugzmn8v4WiEwSP8HlJ14AaABAg,@el_flolix,Like like like like likeeeeeeeeeeee!!!!!,3,0,2026-06-15T01:22:34Z,2026-06-15T01:22:34Z
UgwF17EqGryfOeP4Eed4AaABAg,@YATO106,End of journey,1,0,2026-07-14T12:15:31Z,2026-07-14T12:15:31Z
UgxxJKpoOANETr4NoHx4AaABAg,@Jordanflorian-o7p,Someone here in 2026?,1,0,2026-09-11T21:01:37Z,2026-09-11T21:01:37Z
UgzSS2Hd2uFD7QidBT14AaABAg,@anyfeei,lov it,1,0,2026-08-27T11:48:30Z,2026-08-27T11:48:30Z
UgxwpPboj6ae7WMhPEt4AaABAg,@Paytology,Drake was murdered 2 years ago today,27,2,2026-05-05T00:35:40Z,2026-05-05T00:35:40Z
UgxUktSwljASIDFQ2fh4AaABAg,@TOK_TOK_1,Two years 😮,2,0,2026-05-06T16:49:13Z,2026-05-06T16:49:13Z
UgxzPK8KnmGxHgo_E6l4AaABAg,@ApdiWakiiL,Lasted longer for me than I thought it was killed,0,0,2026-08-30T08:02:32Z,2026-08-30T08:02:32Z
Ugx2wuO1KOk_IlISaAt4AaABAg,@JebinƎM,"I know im late but, happy 2nd anniversary everybody..but where did the video go?",2,0,2026-05-11T18:31:31Z,2026-05-11T18:31:31Z
UgynWg1K0WoIyoemqeF4AaABAg,@MGS_Solid-2,0:23  TOO MANY OPTIONS IS CRAZY,1,0,2026-08-05T06:41:31Z,2026-08-05T06:41:31Z
UgxGFsY4LWTFklKRza14AaABAg,@Klabbity_Kloots,Glad to be here on America's quarter-millennieth.,0,0,2026-07-04T16:27:51Z,2026-07-04T16:27:51Z
UgywuJDkl8-fPfNGkP14AaABAg,@Gabriel-yo2bt,This song popped out and just like a domino effect many pedos was revealed,4,2,2026-08-03T16:44:09Z,2026-08-03T16:44:09Z
Ugyn3TTcgOU-la7N0ZN4AaABAg,@KarlaReyes-tq7pb,Shape the stories how u want hey drake they’re not slow,1,0,2026-06-22T05:44:04Z,2026-06-22T05:44:04Z
UgxxbJIpTM9k_WfATup4AaABAg,@undertakr,just coming back here for the culture,0,0,2026-09-03T03:56:47Z,2026-09-03T03:56:47Z
Ugx4rh0CqaOHBDsihlF4AaABAg,@banjodi,Is this a reupload?,3,1,2026-05-12T02:56:10Z,2026-05-12T02:56:10Z
Ugyf_7WM8s_1pZNR9OB4AaABAg,@Galaxy-5A,Best part of 2024,1,0,2026-07-24T09:06:38Z,2026-07-24T09:06:38Z
UgzGtHGBhS09b2SLrut4AaABAg,@naoscupidd,WHERES THE MUSIC VIDEO,2,0,2026-05-11T18:37:03Z,2026-05-11T18:37:03Z
UgxElWg-AQwr6pFIR614AaABAg,@sprit-7847,"ts was 2 years ago, absolutely insane.",2,0,2026-05-05T12:02:31Z,2026-05-05T12:02:31Z
UgyurMbiUSjzVbAajJV4AaABAg,@OfficialchannelofConnorMc,Bro I can’t believe it’s been 2 years bro ❤,5,0,2026-05-07T21:27:28Z,2026-05-07T21:27:28Z
Ugx4EEAGzK2WCU_2h0J4AaABAg,@tinalyngrace,"May 16, 2026 🎉",2,0,2026-05-16T21:11:07Z,2026-05-16T21:11:07Z
UgzW5aTrLta80Gh_uj14AaABAg,@nenekusanagiৎ,Here after it got taken down,1,0,2026-05-11T20:18:51Z,2026-05-11T20:18:51Z
Ugzg6oFfYZo0ZRy3p3N4AaABAg,@JesseHastings619,"This track is not a diss to Drake.. Kendrick is a genius.. This for all those on the Epstein files, on the Epstein flight logs, for all those that went to island or had any buisness with Epstein..",2,0,2026-05-21T11:12:12Z,2026-05-21T11:12:12Z
Ugw5BjpWCJUpUuRUyid4AaABAg,@TuesdayinWisconsin,13 pins on the house. 13 disciples including Judas.,0,0,2026-09-04T01:26:17Z,2026-09-04T01:26:17Z
UgzVvK7_UGkgMwwd-ux4AaABAg,@i5oWasTaken,The force is strong with young duckworth.,0,0,2026-05-07T01:30:05Z,2026-05-07T01:30:05Z
UgwviwC8swOXB7MDOR94AaABAg,@SScreenglitch,Why the u got the video deleted?,1,0,2026-05-11T19:43:25Z,2026-05-11T19:43:25Z
Ugwh3nrPb3dn8O7ieOh4AaABAg,@number9dreamz,OH shit things are going down 😂 is this because Drake has something scary coming our way on Friday? Are they ducking to have themselves legally covered,6,0,2026-05-11T18:46:59Z,2026-05-11T18:46:59Z
Ugwtr54n4GQjdE42wR94AaABAg,@HowHighrsa,"I'm from South Africa and Canada is playing us tonight.

I'm coming back here just to practice before the game starts.",0,0,2026-06-28T18:02:34Z,2026-06-28T18:02:34Z
UgwCJ_y4HYLjifbD0814AaABAg,@KooltenGD,0:55 still hits hard to this day,0,0,2026-08-30T01:54:50Z,2026-08-30T01:54:50Z
UgzIPXn5zBXiZTVrJbR4AaABAg,@KkJhonpit,Ver isso em 2024 foi doido,0,0,2026-07-24T16:16:06Z,2026-07-24T16:16:06Z
UgxaT6HOXA0c2-1pKbV4AaABAg,@2011BOY-i5l,"0:22 I always hear this  as  ""How many options *Diddy* got"" 😅",0,0,2026-08-22T16:50:59Z,2026-08-22T16:50:59Z
UgzuBZ6mS1K7cdD22-V4AaABAg,@ShyLarry-r2r,"Shout out to you for making that song  
MAKAi
LARRY",0,0,2026-07-08T21:36:47Z,2026-07-08T21:36:47Z
UgyGlqiIea9T-t1ZeJx4AaABAg,@theboy689,Tf is happening yall,4,0,2026-05-11T18:44:52Z,2026-05-11T18:44:52Z
UgwFwBhAcU2EB9sqdG94AaABAg,@carterpclostson,Where the tf is gnx 😂😂,0,0,2026-05-11T19:24:55Z,2026-05-11T19:24:55Z
UgwSOUNT7_5DalHTfnF4AaABAg,@doctormazibuko5746,still fire 🔥,0,0,2026-05-05T03:06:09Z,2026-05-05T03:06:09Z
UgwLNJ2O-ra4qsTGlH54AaABAg,@SlipzOnVr,w not like us this music video was peak back then,0,0,2026-05-12T19:22:06Z,2026-05-12T19:22:06Z
UgzrHhCrvMCrM0gHeWd4AaABAg,@TacoSSC,They tried to rig the game but you cant fake influence 🤷🏽‍♂️,2,0,2026-05-11T19:26:27Z,2026-05-11T19:26:27Z
Ugwpv1Ig6yX6BhmEctd4AaABAg,@Earthperson-67,Say Drake,4,0,2026-08-07T15:50:22Z,2026-08-07T15:50:22Z
Ugx8fJfi6AbqdyIWt5t4AaABAg,@TenToesNeverFold,RUUUUUN THEM MFIN NUUUUMBERS uuuuUUUUUUUP!!!!,4,0,2026-05-12T16:02:51Z,2026-05-12T16:02:51Z
UgxAikQyWGg5Vn1OvId4AaABAg,@Ywf_eli,Who here after say cheese said this was deleted,5,2,2026-05-11T19:04:26Z,2026-05-11T19:04:26Z
Ugxa83wbFvLvNQAuAdd4AaABAg,@kamilaramos7675,THEY STILL NOT LIKE US AFTER 2 YEARS,2,1,2026-08-23T19:58:19Z,2026-08-23T19:58:19Z
UgxMvJ44kKYIuWUbOqJ4AaABAg,@Shawnsrumi,Some lady named Drake dropped a Dookie album. Needed to come here and clear my ears out with some good rap.,8,0,2026-05-16T01:13:46Z,2026-05-16T01:13:46Z
UgzJ8VNsIe1hZVboW9x4AaABAg,@andreasorrentino6991,music video is gone?,16,1,2026-05-11T18:25:26Z,2026-05-11T18:25:26Z
Ugwvo02bVn8X9YXPwPp4AaABAg,@AstroidVase132,I miss 2024😢😢,1,0,2026-08-25T12:27:35Z,2026-08-25T12:27:35Z
Ugz5d0ACR4fAudJFMN14AaABAg,@Cubby_bear17,I think Harold Ballard is probably smiling somewhere in the fiery pits of hell,0,0,2026-05-05T23:36:26Z,2026-05-05T23:36:26Z
Ugz7OlM6w_VJI0tw6XV4AaABAg,@Ptroptyu,لعيب,2,0,2026-08-06T19:39:01Z,2026-08-06T19:39:01Z
Ugx1CYhjiK-D0tz9bHx4AaABAg,@Deli-e3k,Drake made a whole album to diss Kendrick Lamar but Kendrick only needed 2 songs,1,0,2026-08-03T18:00:18Z,2026-08-03T18:00:18Z
UgxU-vbYkHwW3dgQcF54AaABAg,@lilcolery.thealpha,"Iceman can't top this ❤❤❤

1.2B views",0,0,2026-05-20T19:20:14Z,2026-05-20T19:20:14Z
Ugzsg2JozefmNAYxqjR4AaABAg,@ZaKaryae-l7t,Guys did yall just get a new notification of not like us or just me ?😮,1,0,2026-05-12T00:09:15Z,2026-05-12T00:09:15Z
UgzIFuKGBVLAFa31Zil4AaABAg,@MurphyMJSeegbeh,Hmmmm drake step into something that he new 🆕 was going to take he down ❤❤❤❤❤❤❤❤❤,2,1,2026-07-27T16:50:55Z,2026-07-27T16:50:55Z
UgyIr2prKEHHUPExKx94AaABAg,@WaiWong-uf6di,MANGO MUSTARD,2,0,2026-05-13T00:36:49Z,2026-05-13T00:36:49Z
Ugwef6zjfAOPsJ_45PJ4AaABAg,@juanfotografo-b2e,Drake con la mea pera,1,0,2026-05-11T19:43:33Z,2026-05-11T19:43:33Z
Ugzr1s_2kmeumVLDgFJ4AaABAg,@LincolnOligmueller-z1s,My favorite,1,0,2026-07-31T16:14:20Z,2026-07-31T16:14:20Z
UgycCWEoufvGiHQpoXR4AaABAg,@UFCman135,This beef was years ago now bro,2,1,2026-06-24T02:01:21Z,2026-06-24T02:01:21Z
UgwOlv_l17-Kp95RGeR4AaABAg,@trooth-u6x,"Who wrote the the book on love and why would a child have remember to count how many steps to each place?
A blind child needs to measure different that a sighted child.",0,0,2026-06-20T00:56:54Z,2026-06-20T00:56:54Z
UgxlSvFODi4HbY9EXCx4AaABAg,@AlexisofByzantium,Can't believe it's been two years,2,1,2026-05-05T03:24:31Z,2026-05-05T03:24:42Z
Ugwn5dVOTMLOO8U4VaJ4AaABAg,@mataranyikaking,NOT LIKE US...👀🔥🔥🔥🇿🇼🇿🇼🇿🇼🙏,1,0,2026-06-24T09:40:11Z,2026-06-24T09:40:11Z
UgxV7gS6VHEEv6Vty6h4AaABAg,@waalllll,drake bro dunyanin en buyuk sanatcisi drake bro,0,0,2026-05-30T15:49:50Z,2026-05-30T15:49:50Z
UgwaTmqc4sfpNcAQ6El4AaABAg,@Blazers13dalax5150,R Kelly has been real quiet since this came out 😂,0,0,2026-07-13T16:47:45Z,2026-07-13T16:47:45Z
UgxskwYX_vATbBg31XV4AaABAg,@oyoyoyo7624,Iceman vs niceman,1,0,2026-05-15T17:34:31Z,2026-05-15T17:34:31Z
UgyTggP_PQs4tNMC2Yl4AaABAg,@nini9224,KENDRICKKKKKKKKKK DROP ANOTHER DISTRACKK AND MY LIFE IS YOUR.,2,1,2026-08-30T10:48:52Z,2026-08-30T10:48:52Z
UgwwLLGJw0Sh1Q5F_4F4AaABAg,@amosseyama8219,"I'm still here in 2026,this is still scathing asf 🥵",0,0,2026-05-10T12:53:26Z,2026-05-10T12:53:26Z
Ugy6X93rs10safeIylt4AaABAg,@tuna_man1234,"""HEY DRAKE""",0,0,2026-08-02T17:43:32Z,2026-08-02T17:43:32Z
Ugxg0o_yKyoOjaBE5lZ4AaABAg,@Tomkuatliz,0:17 broo,2,0,2026-05-15T04:18:37Z,2026-05-15T04:18:37Z
UgyMWmXYtseO2zA2YcN4AaABAg,@KITTYxGOOBERxYT,"I love these parts of this song too much😛
0:28 - 0:59 - 1:52 - 4:10",1,0,2026-06-18T12:14:46Z,2026-06-18T12:15:28Z
UgxqZh-TFa6lOtEe4qZ4AaABAg,@5lvm9s,So the music video just disappeared like that ?,0,0,2026-05-11T19:52:12Z,2026-05-11T19:52:12Z
Ugwi_1Le-ik1PZdbEJZ4AaABAg,@maendeleo,Ok we still here 🎉❤,0,0,2026-05-11T19:24:39Z,2026-05-11T19:24:39Z
UgyT99Dm7MeCUME2c614AaABAg,@MFNCso,i’ve never heard the whole song to dis day,0,1,2026-05-13T08:02:37Z,2026-05-13T08:02:37Z
Ugw3ztqjMXT50dg5KL54AaABAg,@yandhi4202,"""All of Kendrick's fans are weird white people""
Some of us are just NORMAL white people that appreciate lyricism and like dope ass messages on a sick beat 🤙",8,0,2026-08-10T16:09:33Z,2026-08-10T16:09:33Z
Ugwt8gH3zFdqjzPCmKZ4AaABAg,@YoungJoe19xx,Ummm where's the music video???,1,0,2026-05-11T19:37:42Z,2026-05-11T19:37:42Z
Ugxa7MF68zhvsXxQL3F4AaABAg,@sarahshadrick2418,You to beat drakes ahh,1,0,2026-07-29T01:29:42Z,2026-07-29T01:29:42Z
Ugzlb2bTfuGPUl5NNvp4AaABAg,@Tizeaux,Why is everything getting taken down ?!?!??,2,0,2026-05-11T18:58:58Z,2026-05-11T18:58:58Z
UgxX3B-bp-4eVm-7nth4AaABAg,@Basicallyitmaybeaface,2 years wow,1,0,2026-05-05T16:47:47Z,2026-05-05T16:47:47Z
UgzbhKZYchJbFtfO_LV4AaABAg,@JabauriTave-e6p,W x and see how I feel after I need to see if they have it was a hurry so I need you ❤ in a few minutes if I can find one 🎉I,1,0,2026-09-16T13:29:08Z,2026-09-16T13:29:08Z
UgyTvur5drFuXeed2hB4AaABAg,@TrishBekkevar,It fits on the list,0,0,2026-05-22T16:28:09Z,2026-05-22T16:28:09Z
UgzSxH4rTjiYpL8iV7p4AaABAg,@cesarosses8836,Two years and Drake is still death,1,0,2026-05-05T01:30:48Z,2026-05-05T01:30:48Z
UgyEegyQhdTeY4e9vYJ4AaABAg,@WashingtonBRANDON-o9v,The west ⬅️ Coastal ANTHEM 2030⚠️,2,0,2026-07-24T05:46:28Z,2026-07-24T05:46:28Z
UgzyyhBfNp1XH_NeGhZ4AaABAg,@BOUGAINRDVILLERD9,👉👉https://www.youtube.com/watch?v=5q5isbFCtW4&list=RD5q5isbFCtW4&start_radio=1👈👈,1,0,2026-05-17T23:42:38Z,2026-05-17T23:42:38Z
UgxhMX7rciyt2mMWtQ14AaABAg,@ArtsyMoon18,This might be evil but how ironic would it be if someone did an Amv with like Magical girls to this song😂,2,1,2026-07-02T15:55:55Z,2026-07-02T15:55:55Z
UgyYvn5Zh36vlr7H7Rl4AaABAg,@IshowJade,What does the person location means on the image,2,1,2026-05-09T03:36:28Z,2026-05-09T03:36:28Z
Ugykh6Ily7bEf9b8wX94AaABAg,@thxyc4llmeaman,gawddd😶‍🌫,1,0,2026-07-04T13:26:57Z,2026-07-04T13:26:57Z
Ugx0EwLyP9nCIu8JmeB4AaABAg,@Nemo-x9s3h,Even police still vibing as they arrest,0,0,2026-08-01T22:31:12Z,2026-08-01T22:31:12Z
UgxLSVEohQyUbiT2Omh4AaABAg,@MostafizurRahman-z8n4t,relax bro hahahahah,1,0,2026-08-13T11:38:11Z,2026-08-13T11:38:11Z
Ugx_5yL-DpfEnqvsZzN4AaABAg,@MateooMateoo-d6t,It reminded me from leave mango stillwater,0,0,2026-07-04T03:06:38Z,2026-07-04T03:06:38Z
UgwOOJBcD2D6-Fa3H8R4AaABAg,@DuvgPlayz,w song ?,2,0,2026-05-24T17:34:51Z,2026-05-24T17:34:51Z
UgyWSvqhOYr-oDoGC8x4AaABAg,@mobiletaskforce6385,Imagine a collab with funky the homosapien,0,0,2026-06-22T08:11:19Z,2026-06-22T08:11:19Z
Ugxp06qQurttozxBFOR4AaABAg,@terrenceanderson7760,2026 July 15th,2,0,2026-07-16T02:39:21Z,2026-07-16T02:39:21Z
Ugy8EslzBsSTm4_JXYB4AaABAg,@Duckvr986,Three albums from Drake and it’s not enough😂,9,0,2026-06-12T05:08:43Z,2026-06-12T05:08:43Z
Ugy4jmV_vi4XMVP9GdR4AaABAg,@Dimeloloco13,We here from IG???,0,0,2026-05-11T21:07:40Z,2026-05-11T21:07:40Z
Ugz43Sz09Kw0OPvYPVl4AaABAg,@ChickenExotic,Happy anniversary to the death of Drake's career!,5,2,2026-05-05T04:19:54Z,2026-05-05T04:19:54Z
UgxgWbv09rjDZzMYCfJ4AaABAg,@hogginstein2425,So he still got the old video up 500 and this already at 250k 🫡,0,0,2026-05-18T20:01:23Z,2026-05-18T20:01:23Z
Ugydv_0aBeaPJn--0z94AaABAg,@guillerminapelayo140,0:00 already goatedd,0,0,2026-06-28T22:31:18Z,2026-06-28T22:31:18Z
UgzjmGskvVBJN124Nct4AaABAg,@Yalisworld,Foreva will be 🔥🔥🔥🔥,0,0,2026-08-02T07:37:45Z,2026-08-02T07:37:45Z
UgyS6iNVci3CpT2Hco54AaABAg,@Cat.1922,2 years ago....,0,0,2026-05-05T14:09:31Z,2026-05-05T14:09:31Z
UgwyfbPHd0aPgcDg_gB4AaABAg,@balijini9753,🔥🔥🔥🔥,2,0,2026-07-18T19:53:48Z,2026-07-18T19:53:48Z
UgzTesKsOdehuKnU4sF4AaABAg,@ShoshanaLeigh-f8n,❤❤❤,2,0,2026-06-14T23:02:44Z,2026-06-14T23:02:44Z
UgzYsfn2N1_3l1IfFNd4AaABAg,@AintNoJelly,2 years already,1,0,2026-05-11T19:03:08Z,2026-05-11T19:03:08Z
UgwmOFwuvgz9vHjDQZZ4AaABAg,@LisRedmond,❤❤❤❤,2,0,2026-05-05T19:47:02Z,2026-05-05T19:47:02Z
Ugyhj4JlSMFBj2NlKWt4AaABAg,@theboy689,Fuck it imma run DAMN and Mr morale up as protest,2,0,2026-05-11T18:51:27Z,2026-05-11T18:51:27Z
UgzgoiYgRcmv2UAD0P94AaABAg,@lakersince9875,Let’s go 😂🔥🔥🔥,1,0,2026-07-05T18:42:36Z,2026-07-05T18:42:36Z
Ugy3Gd142Ppv-wfi9hh4AaABAg,@KrystleBeaudoin-d2l,You do rock my boat im jamming 😂😮😅😊🎉❤❤❤❤❤❤❤🎉🎉🎉🎉🎉,0,0,2026-05-22T17:42:43Z,2026-05-22T17:42:43Z
UgxkdT9A29AyzRwXo_d4AaABAg,@Tyree-_-r4JJ,2026 Tyree Walker Here Yea I Think One of OVO or One Of Drake Fan Try To Get They Not Like Us Banned 🚫 And They Did But Now Kendrick Lamar Fight Back So Now We Here Again 😅,3,1,2026-05-11T23:51:45Z,2026-05-11T23:51:45Z
Ugw2YYNZmLocjPx7ZL54AaABAg,@Ronbanks72,Ok...😰 Just checking,1,0,2026-05-11T21:00:14Z,2026-05-11T21:00:14Z
UgyQPVi7YTrIq_gvm8p4AaABAg,@nissyblex,This should be played non-stop on the 15th of May😅😅😅😅😅,3,0,2026-05-11T08:58:06Z,2026-05-11T08:58:06Z
UgxHZbHkFCKxqG-BTSt4AaABAg,@JanuarMohammed-p1x,Mr.Morale? Should I remember where you came from? Control (2013)…….,0,0,2026-08-21T08:49:34Z,2026-08-21T08:49:34Z
UgwnJk5055XzA8xEFvh4AaABAg,@JaphetmorganKamanga,Where tf is MV??,1,0,2026-05-11T19:28:33Z,2026-05-11T19:28:33Z
UgxNE6LTE1MBsjC6ndN4AaABAg,@MissNevaeh2023,Crazy that the music video is gone. I wonder if it’s Drake…,5,0,2026-05-11T19:11:53Z,2026-05-11T19:11:53Z
Ugwuc9O8V9t9KUhT1SR4AaABAg,@imabdullah72716,اياام,2,0,2026-05-16T13:59:55Z,2026-05-16T13:59:55Z
UgxTpqfvcD9zDWdzGVZ4AaABAg,@primepromo7126,"Dot on some boogeyman sh!t, where’s the video 👀",3,1,2026-05-11T19:14:08Z,2026-05-11T19:14:17Z
UgzLFHAgdhTe_D50lUd4AaABAg,@Sara-godpower7,That's right Wilmington sign in this video. Chowwwww,0,0,2026-06-25T17:24:11Z,2026-06-25T17:24:11Z
Ugw5u0g67Z1C2QRrFsV4AaABAg,@axelmontana8427,R I p xxtenations,1,0,2026-07-18T19:46:59Z,2026-07-18T19:46:59Z
UgxlqfpnIQp4CXhdkYh4AaABAg,@KRUNCHVR_TheOG,"Like if you’re here after the drake, iceman release",18,1,2026-05-15T04:24:10Z,2026-05-15T04:24:10Z
UgxVaEO_pNhWT_O-DWV4AaABAg,@hridaygaming7885,Anyone in 18 june 2028,2,1,2026-06-17T19:19:07Z,2026-06-17T19:19:07Z
UgxF7m3_Ye5IVUPsBSh4AaABAg,@Chineseflag,What is that house address,1,0,2026-07-09T20:45:16Z,2026-07-09T20:45:16Z
UgxTGzrgChQk_cU2fvN4AaABAg,@el_naranjas-p7b,Like,3,0,2026-06-15T01:17:09Z,2026-06-15T01:17:09Z
UgyKp79DUOh_1jwJ0KN4AaABAg,@assortedWCare,Back again🔥🔥.,0,0,2026-08-29T15:06:45Z,2026-08-29T15:06:45Z
UgxgPXLsIV9LVWiNcGh4AaABAg,@JaysYoshiYT,Wow,0,0,2026-05-05T02:25:16Z,2026-05-05T02:25:16Z
Ugxx_fU3vCBZROe2N-J4AaABAg,@jasonthompson9309,I love you,1,0,2026-08-16T04:07:06Z,2026-08-16T04:07:06Z
Ugwbx9fCt4wf6sC3rjN4AaABAg,@Tyree-_-r4JJ,THEY NOT LIKE US 🥷 Fuh ICEMAN🧊,11,1,2026-05-16T14:21:12Z,2026-05-16T14:21:12Z
UgyrT7NGXbmmyYXY9zN4AaABAg,@kentonburke4433,Oliver Larkin brought me here.,0,0,2026-08-01T06:02:10Z,2026-08-01T06:02:10Z
UgzQ4Ag6n6kHRr6RmQ14AaABAg,@arenagamingcool,Bros going nuts,0,0,2026-08-19T03:12:12Z,2026-08-19T03:12:12Z
UgwcRZ4NaSpn-kWs7AJ4AaABAg,@Uncle_Trenbalone,john kariakou brought me here,0,0,2026-09-09T19:08:50Z,2026-09-09T19:08:50Z
UgyFEALmzJFcnadkqrx4AaABAg,@sxpdawg,say drake 😂.. you ain't like us,4,0,2026-05-20T11:21:49Z,2026-05-20T11:21:49Z
UgwmZhXLwEJHM-1Uslp4AaABAg,@AnneViana-y1w,Singular the best,1,0,2026-07-03T23:16:43Z,2026-07-03T23:16:43Z
Ugy4C8yFoa04zypxv0d4AaABAg,@oneilmureqwa-o6h,Why  did he delete the video for 🤦😂 i never understand the artists,3,1,2026-05-11T19:14:10Z,2026-05-11T19:14:10Z
UgyJoRPyocmv1fO2rPF4AaABAg,@assortedWCare,Had to come back after Drake just dropped that garbage 🔥🔥.,10,0,2026-05-14T03:57:21Z,2026-05-14T03:57:21Z
UgyRu9BD0M-y7R7F-H54AaABAg,@AfyVsTheNet,It’s still here,1,0,2026-05-11T19:53:13Z,2026-05-11T19:53:13Z
UgxcV32fMAK7FnwEhjJ4AaABAg,@howischris_,Wow. I got played,2,1,2026-05-12T21:28:52Z,2026-05-12T21:28:52Z
UgwS_O35kbOtEd8ZAjJ4AaABAg,@KCyankowski,I love this 2:18 am,0,0,2026-06-17T12:33:25Z,2026-06-17T12:33:25Z
UgyFBioP9wCMvJen9_Z4AaABAg,@elchavito7777,ola bro,0,0,2026-07-05T05:28:05Z,2026-07-05T05:28:05Z
UgwZad56w6SYU8Sa-vl4AaABAg,@YT_Finished2nd,Who here after SGA MVP,0,0,2026-05-18T06:59:41Z,2026-05-18T06:59:41Z
UgxmWyx8oaQc4va2Lb94AaABAg,@FlowFX-220,peakest summer?…..,0,0,2026-06-22T13:02:31Z,2026-06-22T13:02:31Z
UgwAEixnPM39Tvgod6V4AaABAg,@Zekiesatriaa,Someone just said Not Like Us video got deleted,1,0,2026-05-11T22:15:49Z,2026-05-11T22:15:49Z
UgxG_61-hgQ1mnS1RMV4AaABAg,@Samson-s1t,"It,s to crazyy",1,0,2026-07-22T18:44:45Z,2026-07-22T18:44:45Z
Ugx_7rkgWlifaHQI31p4AaABAg,@Swirl_Afton_The_Cat,I going to go cry really quick,0,0,2026-06-13T03:49:42Z,2026-06-13T03:49:42Z
Ugxz5_ym4QEyzhtvLtR4AaABAg,@yigitovic7,whats happening broo,1,0,2026-05-12T01:26:21Z,2026-05-12T01:26:21Z
UgzT3269lmEY3EEQWRx4AaABAg,@musicim8207,วิบๆวับๆ 🎉😂,0,0,2026-09-06T15:19:38Z,2026-09-06T15:19:38Z
Ugympu5NlMnhOVs4_4F4AaABAg,@elipsalips8488,ice bots report video😢,3,0,2026-05-11T19:08:54Z,2026-05-11T19:08:54Z
Ugw9EZVgTfYbhuX-v8p4AaABAg,@shorlek2900,MUSIC VIDEO DELETED??????? NOOOOO,1,0,2026-05-11T18:51:04Z,2026-05-11T18:51:04Z
UgzC4wN-fVuLUfL2c4p4AaABAg,@Victordrumsofficial,Upload the video,1,0,2026-05-11T19:11:32Z,2026-05-11T19:11:32Z
UgwHJO-fDyog-AdZk9d4AaABAg,@shayday6749,🔥🔥🔥🔥🔥,3,0,2026-05-13T21:19:29Z,2026-05-13T21:19:29Z
UgzXi6KrV2JF9twB6A94AaABAg,@585_Mar,Y’all heard the lean lyric 😂😂😂😂😂😂,0,0,2026-07-12T23:51:30Z,2026-07-12T23:51:30Z
Ugy-sY2h37c6kAu1vr14AaABAg,@sonyaweir1135,"Huh? What,yep. Huh, thanks 😊.",0,0,2026-07-04T02:53:23Z,2026-07-04T02:53:23Z
Ugw3V4pmG8UDdZEBZJx4AaABAg,@zorofromthecouncil3,duds gonna go to prison for criminal libel conviction atp💀,0,0,2026-05-23T14:59:48Z,2026-05-23T14:59:48Z
Ugz7MBHyvfWbzI9jQU54AaABAg,@TMCML,Lol welp,3,0,2026-05-15T18:54:43Z,2026-05-15T18:54:43Z
Ugwf8dZviNKMf4Y9dmh4AaABAg,@Mytnaj,"Rip music video :(
Drake and k dot wash the beef ?",1,1,2026-05-11T19:03:00Z,2026-05-11T19:03:00Z
Ugz3AVhJyOOvb7_Cnbt4AaABAg,@JonteshaBattle-y4l,I love your videos and I like to watch and this is my favorite song🎉🎉🎉🎉🎉🎉🎉🎉🎉🎉🎉🎉🎉🎉🎉🎉🎉🎉🎉🎉🎉🎉🎉🎉🎉🎉🎉🎉🎉,0,0,2026-06-27T04:36:50Z,2026-06-27T04:36:50Z
UgzAMuzFQaVsCo0MxiF4AaABAg,@cotencandyyy,0:02 thats where the sound came from,0,0,2026-07-25T18:20:30Z,2026-07-25T18:20:30Z
UgyvjHAicF5vRVLyVUh4AaABAg,@JUNHYEOKKIM-v1t,월드컵 16강 가즈아,0,0,2026-06-16T23:01:24Z,2026-06-16T23:01:24Z
UgyrXWEm6gKy-VJKeod4AaABAg,@BreadedShmackleV2,Imagine being called out in a song by Kendrick Lamar 💀,0,0,2026-08-03T13:44:41Z,2026-08-03T13:44:41Z
UgwRjqbOUN7IircEza94AaABAg,@omaisdoentedosite,🎉🎉🎉,2,0,2026-06-10T01:26:58Z,2026-06-10T01:26:58Z
UgxJXQx4tA5Fjyoqpa94AaABAg,@lotisjackson4757,"How 50 cent used Kendrick to play lotis jackson on Power 

https://youtu.be/OclG4ijYSBE?si=22ug6oGB3xcwcQqo",0,0,2026-05-13T12:53:55Z,2026-05-13T12:53:55Z
UgzJ5xHWVn77dUL8mKZ4AaABAg,@amirhapise8507,Anyone's?,2,0,2026-08-05T15:14:38Z,2026-08-05T15:14:38Z
UgyYmltPWMjBe7nvRNp4AaABAg,@WTF.Ashton,Why did he delete not like us,1,0,2026-05-11T19:15:56Z,2026-05-11T19:15:56Z
UgzwOCQeUqnW8xMzmHd4AaABAg,@bloodsamoaneditz4556,U REMOVED THE MUSIC VIDEO,3,0,2026-05-11T19:11:18Z,2026-05-11T19:11:18Z
UgxohSGoh96pTR_mTfd4AaABAg,@bean_imnida,Ay,1,0,2026-08-05T02:42:33Z,2026-08-05T02:42:33Z
UgxIsQlkaKY4vcth-Yh4AaABAg,@purplereign2158,🎉😂🎉😂🎉😂❤❤❤❤,3,0,2026-05-13T15:36:29Z,2026-05-13T15:36:29Z
UgxaWwc5BSCVtiDldTd4AaABAg,@elit6951,He a free throw,0,0,2026-08-22T06:36:07Z,2026-08-22T06:36:07Z
Ugwh8WYquNC5NQc5grF4AaABAg,@JamesonELTORO,Dayum drake got destroyed,2,2,2026-06-30T20:30:06Z,2026-06-30T20:30:06Z
UgzvG8nYy8bPAae5QhR4AaABAg,@chichi_5.20,我喜歡男生,0,0,2026-05-07T02:27:10Z,2026-05-07T02:27:10Z
Ugx4VVWt_ups9YAoIX94AaABAg,@DiegoRuiz-ri5sy,Omani insinuation omsomsom,0,0,2026-07-18T22:17:42Z,2026-07-18T22:17:42Z
UgzC4i43z2Vec0_1Cj94AaABAg,@Sethlowellcome,Not like us,1,0,2026-09-01T15:46:27Z,2026-09-01T15:46:27Z
UgziiaLdJmaGBH--oI94AaABAg,@Allanochoro,RAN TO ATLANTA 🎶,0,0,2026-06-24T14:17:05Z,2026-06-24T14:17:05Z
UgyPgf8YaLK9CpMJi1V4AaABAg,@Niragiiii,MUSTARRRRRD,1,0,2026-05-29T00:55:47Z,2026-05-29T00:55:47Z
Ugz7PDXcpy-LuYgnlkJ4AaABAg,@alyssasusername,"Naahhh, wtf happened to the music video??",4,1,2026-05-11T19:43:30Z,2026-05-11T19:43:30Z
Ugymyh7aNeX8viS64xd4AaABAg,@greenhotcocoa1125,very nice,0,0,2026-06-26T20:04:47Z,2026-06-26T20:04:47Z
Ugz6jUHda_tY59LNIyh4AaABAg,@nathanlin997,i have to revisit cuz drake dumping trash,4,0,2026-05-19T05:03:00Z,2026-05-19T05:03:00Z
UgxAh9ymLuRBdvwEdOJ4AaABAg,@AngeloTrapp-rd1pt,Love 💯💯💯💯🔥🔥🔥🔥🔥🔥🔥🔥,1,0,2026-07-04T02:05:51Z,2026-07-04T02:05:51Z
UgzBfQ8pKN4Mv-o90O94AaABAg,@RodolfoRodriguez-h8k,MAY THE FOURTH be with you.,0,0,2026-08-07T02:20:26Z,2026-08-07T02:20:26Z
UgylFqAVtzRLG8-xPtd4AaABAg,@GustavoFringGaming,2 years ago...,1,0,2026-07-29T16:25:35Z,2026-07-29T16:25:35Z
UgzAkrsykpie3so7xAV4AaABAg,@Burst644,Where the music video at,2,1,2026-05-11T19:02:00Z,2026-05-11T19:02:00Z
Ugw_yzVEJB4rZFUJAVp4AaABAg,@Folkcat-h1t,Here after Servax Drama,0,0,2026-06-22T23:48:25Z,2026-06-22T23:48:25Z
UgwHvoSgeSLsitRrQp94AaABAg,@zeke297,Iceman sucked I guess I’ll continue to listen to GNX. 😂,9,1,2026-05-23T02:37:34Z,2026-05-23T02:37:34Z
UgzThvCHhdbpEo8vgsN4AaABAg,@TraitorKash,Iceman was dogshit,14,1,2026-05-20T04:14:26Z,2026-05-20T04:14:26Z
UgyZUXFeyoDtwqepmcN4AaABAg,@jasongrissom7902,🔥🔥🔥🔥,2,0,2026-05-14T17:38:49Z,2026-05-14T17:38:49Z
UgwIkcnUi_F6I6brmEh4AaABAg,@iamSumitUpadhyay,Still there,1,0,2026-05-11T19:36:09Z,2026-05-11T19:36:09Z
UgyjK3XJZrVCQ0_RWf54AaABAg,@josh9851,I hope the got my frost bad I like both of them that’s their free will I’m here for god and spit these holy bazs,2,1,2026-08-24T11:25:13Z,2026-08-24T11:25:13Z
Ugw2wyGdbhwJGPkCloR4AaABAg,@emersoncelio765,Ele não é como nós,0,0,2026-09-05T15:55:09Z,2026-09-05T15:55:09Z
UgwQ2D-q9T3hV-LZOQJ4AaABAg,@ХушдилШарипов-ю2х,Top❤,0,0,2026-07-03T14:55:09Z,2026-07-03T14:55:09Z
Ugyzp8orEHApuY_qNo54AaABAg,@Unclepop1,That Diddy house,0,0,2026-05-08T14:01:38Z,2026-05-08T14:01:38Z
UgztZIxgDsViL83ZTup4AaABAg,@mayback9993,Twitter accounts are just farming engagement,1,1,2026-05-11T19:31:59Z,2026-05-11T19:31:59Z
Ugz4ztc9kvgj7uP1NEx4AaABAg,@mickeytrinny7473,Just found out from X that the videos been deleted,1,0,2026-05-11T19:25:24Z,2026-05-11T19:25:24Z
UgwWudijOcEi0POm97d4AaABAg,@oprahsnephew,Uh oh,2,0,2026-05-11T23:28:06Z,2026-05-11T23:28:06Z
UgzEkroQC64CxexDicZ4AaABAg,@MazeyAnEpikGamer,Yoo why did they repost ts onto drakes account😭,2,3,2026-07-28T10:27:05Z,2026-07-28T10:27:05Z
UgyrzeCae2KQUciaC6t4AaABAg,@ItzGameBox27,https://youtu.be/T6eK-2OQtew?t=57&si=aaDIbwd0WmjZd9Yq,1,0,2026-05-28T14:24:28Z,2026-05-28T14:24:28Z
UgxtOAXNPqbE2y8XDCp4AaABAg,@Éufrates-Produce,Very Hard,0,0,2026-07-26T22:55:54Z,2026-07-26T22:55:54Z
UgyVOOYRIKCHCHPo1kR4AaABAg,@GCWYT27,"Crazy ass switch up, now evb hateing but 2 years ago glaze was too much",0,0,2026-05-12T06:09:19Z,2026-05-12T06:09:19Z
UgzYba4IBXXncblisXp4AaABAg,@purplecat1036,🔥,1,0,2026-08-23T03:26:07Z,2026-08-23T03:26:07Z
UgxXn-FB5jwSH8u0OS54AaABAg,@N3V3RLANDW0ND3RS,1:53 yo 😭,0,0,2026-08-27T23:46:48Z,2026-08-27T23:46:48Z
UgwIL_hmFQuUefkAvrp4AaABAg,@AbigailLawler-h3r,I thought they said it’s unavailable,0,1,2026-05-11T18:53:29Z,2026-05-11T18:53:29Z
UgydnrDgjR5Al5O3cvh4AaABAg,@MarthaSofiêCastilloMandelik,IamNOTU,2,0,2026-06-14T09:38:05Z,2026-06-14T09:38:05Z
UgyMjZgof8iSaMTf2_B4AaABAg,@aishalalalalal,Sweet chin music ❤HBK,0,0,2026-07-23T06:12:00Z,2026-07-23T06:12:00Z
UgxGu-Ifj0DryJC9L6F4AaABAg,@Flwsme_flrnce,"July 04, 2026 Anyone? ❤",0,1,2026-07-04T14:09:07Z,2026-07-04T14:09:07Z
UgwCCyxV9gtxJWBVnk94AaABAg,@GemVR123,woah 2 years ago,1,0,2026-05-10T15:04:38Z,2026-05-10T15:04:38Z
Ugx1qHCqd2poImxHYz14AaABAg,@B0B-ThatGuy,"and drake said he's better than MJ, he aint even better than Kendrick.",8,0,2026-05-19T03:41:55Z,2026-05-19T03:41:55Z
UgwP6Sp7XnENcyYR8SJ4AaABAg,@lochybanana,Damn it's been 2 years,0,0,2026-05-10T03:33:58Z,2026-05-10T03:33:58Z
Ugy3zCUSsj4KfFIvCnZ4AaABAg,@richiemorales-c8i,❤❤❤,1,0,2026-08-22T02:22:57Z,2026-08-22T02:22:57Z
Ugx4xsczc0QUq-1LXgl4AaABAg,@jericocortes7194,SPURS WON!,1,0,2026-05-31T10:10:33Z,2026-05-31T10:10:33Z
UgybmlkMWra7ahk6Ipl4AaABAg,@Local-n1w,Anyone After Iceman 😂,4,0,2026-05-18T06:48:03Z,2026-05-18T06:48:03Z
UgxmMcFWAHNfCyg_Zq54AaABAg,@ZuDega,🗣🎙...YEEERRR‼️‼️‼️,0,0,2026-05-11T19:24:03Z,2026-05-11T19:24:03Z
UgxQ5_iyfjKE-E14BMF4AaABAg,@Jem9798,Well played 😂😂,2,0,2026-05-12T03:16:46Z,2026-05-12T03:16:46Z
UgxZtxpK5qM4GVsg2SJ4AaABAg,@CigarJoe84,One track to beat all three of drakes garbage albums,7,0,2026-05-18T20:02:55Z,2026-05-18T20:02:55Z
Ugz4YscytUu4yrWzfGl4AaABAg,@shashaestrellamurillo8583,Alguien escucho aceite de people,0,0,2026-05-17T12:23:11Z,2026-05-17T12:23:11Z
UgwSaVIeO8tBxDN8n4Z4AaABAg,@SawyerJavier,😂❤,1,0,2026-06-07T01:56:21Z,2026-06-07T01:56:21Z
Ugx_gx5lVXHlSOVADWZ4AaABAg,@BodilGyldenkerne,Im gonning to the trees,2,3,2026-07-01T11:57:04Z,2026-07-01T11:57:04Z
Ugz6lDVHKyJ6Vlpq0c14AaABAg,@Iateyoonchae,my cat likes rap music,1,0,2026-07-20T05:32:23Z,2026-07-20T05:32:23Z
UgxUX69ReXLLrUPyOEZ4AaABAg,@enniospinucci-jj4rg,1:06 i loveeeeee,0,0,2026-06-07T10:54:13Z,2026-06-07T10:54:13Z
Ugw32WgqU9QwfUmCDrt4AaABAg,@Stonenationltd,He f.a.n!,2,0,2026-05-12T20:55:31Z,2026-05-12T20:55:31Z
UgzkzIGjIthSSPlY-zl4AaABAg,@Panxsi,Kendrick to Diddy,0,0,2026-08-14T21:03:12Z,2026-08-14T21:03:12Z
Ugzu-ARQPsPlMM9ptRh4AaABAg,@leebutz4727,June 2026 🔥,0,0,2026-06-02T00:59:46Z,2026-06-02T01:02:15Z
UgxtefPRe7gY08Hk0qB4AaABAg,@debabysitter,Here to put back the views that dropped off 😅,2,0,2026-05-20T23:25:35Z,2026-05-20T23:25:35Z
UgzuCdgj8SO24xIEo9J4AaABAg,@mrjohnson4790,Who's here to see if it actually got removed 😂😂,0,1,2026-05-11T21:11:40Z,2026-05-11T21:11:40Z
UgwTYGr_ClewtRS0YVt4AaABAg,@BR4NCH_C0MM4ND3R,W,2,0,2026-08-24T15:50:57Z,2026-08-24T15:50:57Z
UgwPnn5Sfh1tPXKh8fR4AaABAg,@CkAerobaticFanatic1,0:11 is crazy,0,0,2026-06-01T14:56:23Z,2026-06-01T14:56:23Z
UgwPaQu03SFT7z-Sdix4AaABAg,@b1GGerTEETH,did he just said that darek dont sell black kids.,0,0,2026-05-21T04:49:04Z,2026-05-21T04:49:04Z
UgwxN-08ihckV0whK8p4AaABAg,@josh9851,He’s going to hell for it!Amen!,2,0,2026-08-24T11:19:12Z,2026-08-24T11:19:12Z
UgwVPC24Bkiv41bFNMJ4AaABAg,@trixiedingens3864,😂😂😂🎉🎉🎉❤❤❤,1,0,2026-05-07T04:50:06Z,2026-05-07T04:50:06Z
UgzU_-VRGwzvUDP9DBh4AaABAg,@ShoshanaLeigh-f8n,😎😎😎😎,2,0,2026-06-14T23:02:57Z,2026-06-14T23:02:57Z
UgxEXkrbZ-YC_emiJW94AaABAg,@FaldielahBenjamin-j2f,That is drake's house 😂😂😂😂,0,0,2026-07-31T14:43:14Z,2026-07-31T14:43:14Z
UgzI37ptwhW2hoLS-bB4AaABAg,@kamikaze4188,drake you can kill the man but not the idea,0,0,2026-05-11T19:57:01Z,2026-05-11T19:57:01Z
UgyHkzE0UhdOH7ABWIt4AaABAg,@MarlonReels,Lmao good fight lost the war,0,0,2026-05-11T19:18:59Z,2026-05-11T19:18:59Z
UgwGlNI3vIvtzryESkZ4AaABAg,@danukanawamina4005,Omv missing,0,0,2026-05-11T19:39:43Z,2026-05-11T19:39:43Z
UgyIPssXGbsjGdqlgPJ4AaABAg,@Danyx_XD,THEY NOT ARE LIKE US,0,0,2026-09-18T01:14:50Z,2026-09-18T01:14:50Z
UgzVuMJ1xyJUH9rG-OV4AaABAg,@NIGHT-GUARD-X,with shit being taken down i think its legal stuff,1,0,2026-05-11T18:59:25Z,2026-05-11T18:59:25Z
Ugw4nYzeK1YxlzMvk-F4AaABAg,@giovanacamargo351,Mic drop,1,0,2026-08-30T12:45:21Z,2026-08-30T12:45:21Z
UgyRbKX6xWW-wgmhAPx4AaABAg,@BrightonChindondondo,Like if u also looking for the video😢,7,0,2026-05-11T19:25:34Z,2026-05-11T19:25:34Z
UgxLxUdEKJ8XkSC6nx94AaABAg,@Lightdragon773,Twitter out here lying again,1,1,2026-05-11T20:20:28Z,2026-05-11T20:20:28Z
UgzwtPHRQD0S5xXJj6V4AaABAg,@SelfProclaimedGorl,Chris Hanson listening to this: my true successor,2,0,2026-08-07T10:53:00Z,2026-08-07T10:53:00Z
Ugy2MemYGTMaco5NL-t4AaABAg,@pauloescobar1618,Wwwwwwww❤❤❤❤,0,0,2026-07-27T22:28:32Z,2026-07-27T22:28:32Z
UgwTL8p6cflXNpbxRRp4AaABAg,@RandomRed2005,No substitutes 🥲,0,0,2026-05-06T01:33:44Z,2026-05-06T01:33:44Z
UgwuG08lFMmnddhZAdp4AaABAg,@HarmoniBlair,🤩,1,0,2026-08-17T13:24:38Z,2026-08-17T13:24:38Z
Ugz4Vj9eJh2mi7TTPZh4AaABAg,@Katie-n1t9m,What did he do?,0,0,2026-06-30T22:29:56Z,2026-06-30T22:29:56Z
UgxPrxuOOfb0mVKzsq54AaABAg,@LisaReed-q7f,❤,1,0,2026-07-13T21:41:12Z,2026-07-13T21:41:12Z
UgySVg8s7CZowvGG_xh4AaABAg,@Famouslyretired,Anything that you stole including a whole house you have to pay mortgage rent bills for,0,0,2026-07-09T00:31:59Z,2026-07-09T00:31:59Z
Ugz8I0cezxwKTypAMll4AaABAg,@Newvegabond,Is he actually a predator,2,0,2026-09-03T11:46:51Z,2026-09-03T11:46:51Z
UgxJpJSil9BqhCRJW2d4AaABAg,@camilejones2630,Lollll I’m back !,1,0,2026-05-18T12:49:01Z,2026-05-18T12:49:01Z
UgyqzRU5fIJ5h1UY_Yp4AaABAg,@Demoazqq,Где найти музыку на фоне?,0,1,2026-05-30T04:54:18Z,2026-05-30T04:54:18Z
Ugytsi65ehfwGWMSMeV4AaABAg,@MunaHassanMuna-p9h,Wow,1,0,2026-05-27T17:46:57Z,2026-05-27T17:46:57Z
UgzyQFJsrNSYZSSY7_J4AaABAg,@VvfrrFff-h6y,🎉🎉🎉🎉,2,0,2026-08-23T10:40:30Z,2026-08-23T10:40:30Z
UgwtW_2Mhf6G9TxMGKF4AaABAg,@Poisonn107,TS IS MORE THAN A DISS MF,3,0,2026-07-03T21:55:46Z,2026-07-03T21:55:46Z
UgyxyD4TpAMpKhgKT2N4AaABAg,@Zeroual-z3u,The lawsit hit,0,0,2026-05-11T19:19:34Z,2026-05-11T19:19:34Z
Ugwr5MhL8poJvIxzY954AaABAg,@keishastraightnose228,Any way Kendrick better than drake,6,0,2026-07-10T08:48:59Z,2026-07-10T08:48:59Z
UgznziiVXaVHdPCCA094AaABAg,@jaytux2403,👀,1,0,2026-08-17T15:30:05Z,2026-08-17T15:30:05Z
UgzqMxPa1L4MwjfLkN54AaABAg,@Justin7s7,Omg🥵,1,0,2026-05-15T02:06:00Z,2026-05-15T02:06:00Z
UgzF8EHPLaKhstHV-El4AaABAg,@kade-k2x,good,0,0,2026-08-01T03:48:39Z,2026-08-01T03:48:39Z
UgzLQN8e_21llT4cjst4AaABAg,@BRAYTECHCEO,issei hyoudou theme song btw,0,0,2026-05-08T09:27:16Z,2026-05-08T09:27:16Z
UgzvZRnusa1osPBf7lF4AaABAg,@HillTownz,Mhrap tipo sukuna 2,0,0,2026-06-02T17:53:08Z,2026-06-02T17:53:08Z
UgyaicGlSa7hx3bEAG14AaABAg,@Andrew-k5w8r,Peak,1,0,2026-08-06T16:52:22Z,2026-08-06T16:52:22Z
Ugx3BbTjGv8wFee-zfh4AaABAg,@kay_kaysa,my 🐐 tf happens someone hack you account wake up,1,0,2026-05-11T19:27:01Z,2026-05-11T19:27:01Z
UgwTrVXn7qNVDd2i9FB4AaABAg,@NYCRaff,5/11/26,2,0,2026-05-11T19:04:30Z,2026-05-11T19:04:30Z
UgxCRU6YGsOomcxNPz14AaABAg,@joshuaweddington456,‼️,3,0,2026-08-12T05:48:19Z,2026-08-12T05:48:19Z
UgzC-9Bu2XGGIzSkAEd4AaABAg,@TammyWhite-s8o,For Friday part 4,1,0,2026-06-04T22:03:39Z,2026-06-04T22:03:39Z
UgyBiBAAtq_wuOe5sWF4AaABAg,@memesauce21,ain't no way it's already been 2 years since Drake's career died 😂😂😂,1,2,2026-05-05T03:26:38Z,2026-05-05T03:26:38Z
Ugy1Bnz_fDp_ZcxaHU54AaABAg,@lilyt..,Why Kurrco lie it’s not deleted,0,0,2026-05-11T20:39:32Z,2026-05-11T20:39:32Z
Ugz4_tyoF_EO_XnTHgt4AaABAg,@Mrchezzmaster,This really got deleted?,0,1,2026-05-19T10:19:55Z,2026-05-19T10:19:55Z
UgwBNJsuJ8MQmhGnjD54AaABAg,@ohmricch4330,yoooo,0,0,2026-09-08T22:57:52Z,2026-09-08T22:57:52Z
UgwIQEAIP1Bwx0o2WuN4AaABAg,@InezJackson-i6b,2026,0,0,2026-05-18T13:08:17Z,2026-05-18T13:08:17Z
UgzLI7Q-u21sUAVLdJ54AaABAg,@MIMI-MINE,💃🏾 🪦 ❤ 🕺,1,0,2026-05-12T00:44:53Z,2026-05-12T00:44:53Z
UgxtvjnzSFZaFOiVqZl4AaABAg,@MrMoraIee,2 year🎉,2,0,2026-05-05T11:55:26Z,2026-05-05T11:55:26Z
Ugy-SimLM5ZVmeE06P94AaABAg,@sike1921,drake didy ah blud,0,0,2026-05-12T16:41:49Z,2026-05-12T16:41:49Z
UgwuhzfQfIAVwVRljF94AaABAg,@blessingblessing8221,Peak,0,0,2026-06-26T18:04:21Z,2026-06-26T18:04:21Z
Ugwmib1JppdruToIWtN4AaABAg,@Sexyyfacee.naenaeee,O my gosh,2,1,2026-06-19T20:42:24Z,2026-06-19T20:42:24Z
UgwvOEga8bl5sLtVqmZ4AaABAg,@laughwithmeeh,kendrick😝🤑😍🤣,0,0,2026-09-04T01:35:43Z,2026-09-04T01:35:43Z
Ugzr6XBvR3O0_Lrcpjh4AaABAg,@JadeOakgrove-y1y,Who here on 7/18/16 1:39,1,0,2026-07-18T06:39:05Z,2026-07-18T06:39:05Z
UgyLv7gKqVAfp0dIC7Z4AaABAg,@guillerminapelayo140,0:29 tuff,0,0,2026-06-28T22:31:34Z,2026-06-28T22:31:34Z
UgwdfCUAtXxaRANMqQ54AaABAg,@Kurupt-00,"Now people will come back to this track because they knew UMG was a shady business model. Drake fans will never learn that he caught a case and the Epstein Class blackmailed him for his music career. Drake is a phoney and remember GNX was Kendrick's worst album and it shitted on all 3 new drake albums lyrically and correctly.


NOW LEMME HERE YOU SAY OVHOEEEEEEEEE",4,1,2026-05-19T01:47:45Z,2026-05-19T01:47:45Z
Ugwg5gQniACBXT3FiQ14AaABAg,@Hsp.Satiro,Damn.,0,0,2026-07-13T16:24:23Z,2026-07-13T16:24:23Z
Ugw_1p2VKfkGhqrqPWd4AaABAg,@ComunicaciónRed,Dios bendiga la Casa Blanca 🙏,0,0,2026-08-06T04:19:40Z,2026-08-06T04:19:40Z
UgzkFGoZFyUJB2ALoEt4AaABAg,@ManuelMolina-j2t,🔥💪🏼,0,0,2026-07-31T10:05:57Z,2026-07-31T10:05:57Z
Ugzu-TM9HtF1_Kx16wt4AaABAg,@LowelljayJalmasco-t2j,Angas,0,0,2026-08-02T15:31:53Z,2026-08-02T15:31:53Z
Ugxa6zBkObXxZEBhbgB4AaABAg,@craminator9,this is boutta be 3 yrs old soon btw,1,0,2026-09-11T01:51:01Z,2026-09-11T01:51:01Z
UgzReiDAcL8dNWBKvax4AaABAg,@X-Communicados,We're gathered here again ⚰️😁,0,0,2026-05-08T17:00:08Z,2026-05-08T17:00:08Z
UgwxVhZ0G6ze5vlvAVV4AaABAg,@قصيحسين-ص1ث,تطنيح😂,0,0,2026-05-23T04:45:21Z,2026-05-23T04:45:21Z
UgwuyRwJtwTK-ngFNEl4AaABAg,@KIKIDOULUVVME,2 YEARS AGO,0,0,2026-06-23T02:33:04Z,2026-06-23T02:33:04Z
Ugwsj-oazzGz0xP0IAl4AaABAg,@NicoleSteven-i6i,❤😮,0,0,2026-08-03T17:10:04Z,2026-08-03T17:10:04Z
UgzjeuxMOefSLZ_V19x4AaABAg,@Miro-production,Drake Get up,0,0,2026-05-10T22:35:30Z,2026-05-10T22:35:30Z
UgzCAx0fyHJlqgwDlaR4AaABAg,@KarlaReyes-tq7pb,R u my friend r we locked in? Then step the way then step that way,0,0,2026-06-22T05:49:49Z,2026-06-22T05:49:49Z
UgwNGdpeFChFuwYT2HR4AaABAg,@MjCar-g7g,Pop out (high),0,0,2026-05-25T19:09:18Z,2026-05-25T19:09:18Z
UgwkUtbBGfllZWbOaDJ4AaABAg,@yeseniaespinoza4546,0:00,2,0,2026-08-12T22:01:41Z,2026-08-12T22:01:41Z
UgwHFzGSlyjixgY1VpZ4AaABAg,@manolosanchez7326,🤯🤯🤯🤯,1,0,2026-05-11T23:56:51Z,2026-05-11T23:56:51Z
Ugx9iuPGhH4KLTIuZkB4AaABAg,@Thisisahandle957,Fireman soon,0,0,2026-05-11T18:36:11Z,2026-05-11T18:36:11Z
UgwbKl3tvhh9G-eT2854AaABAg,@ericabitch6996,Just make you hide your sister from him,0,0,2026-05-05T00:05:18Z,2026-05-05T00:05:18Z
UgyPE--dM2BDRmqph9J4AaABAg,@2villainy,I'm back to spin it again,0,0,2026-07-23T21:40:40Z,2026-07-23T21:40:40Z
Ugy8JinFo4ugKLrOf2p4AaABAg,@hp090407,3 albums in one night plus a PR iceman stunt still can't topple this single😂😂😂😂😂,3,1,2026-06-19T20:35:02Z,2026-06-19T20:35:02Z
UgwuOhNDuEnw-CRazpV4AaABAg,@NthabisengVilakazi-x6d9k,Damm😮😮,0,0,2026-07-24T07:13:51Z,2026-07-24T07:13:51Z
Ugz8LkvponRQxxo_F454AaABAg,@MouradFadel-t7s,monthly  check  for bipolar,0,0,2026-09-02T19:56:48Z,2026-09-02T19:58:06Z
UgybT0nLwegao0EtSe14AaABAg,@СианаБългаранова,I like it but my kid said why in this song have so much... Глупости,0,0,2026-05-08T17:53:19Z,2026-05-08T17:53:19Z
Ugz2Gm2RvPJ7-yCKR614AaABAg,@TheOrbitDj,🎉,2,0,2026-07-10T23:47:44Z,2026-07-10T23:47:44Z
UgxD_FPpjZOq0VZebTR4AaABAg,@murfeel1173,here after it was deleted--you can't keep the goat down!,2,0,2026-05-12T13:23:43Z,2026-05-12T13:23:43Z
Ugxs-ibSj5qpcgpxqFF4AaABAg,@DiRol_Limon,the home of P Diddy?,0,1,2026-06-02T11:14:03Z,2026-06-02T11:14:03Z
Ugw2d8hukBXjdJg2MMV4AaABAg,@talebbasset3349,Prepare for drake throwing 🥶,3,0,2026-05-14T00:57:04Z,2026-05-14T00:57:04Z
UgzEvdqM5miN5hQcyoJ4AaABAg,@mr.nobody8020,😄😌 Canada lost in World Cup 2026 🚬🧐,1,0,2026-07-04T19:55:11Z,2026-07-04T19:55:11Z
Ugz4aQMPVjjEh5cX3mt4AaABAg,@cynthiagentry9666,🎉,1,0,2026-07-31T16:12:32Z,2026-07-31T16:12:32Z
UgygBdvYMaO-MFV4QHF4AaABAg,@ThesixensevenkidThesixsevenkid,Anyone in 2026 still listening to this banger,3,0,2026-07-04T00:43:43Z,2026-07-04T00:43:43Z
UgyhAoJGgpa9NKcs35R4AaABAg,@9ix8sk,Gta,1,0,2026-08-17T07:52:00Z,2026-08-17T07:52:00Z
UgxH3GcGLCBr0C4IOy94AaABAg,@udomsakfuengfung3491,🤙🏻,0,0,2026-05-28T08:33:05Z,2026-05-28T08:33:05Z
UgwghA5Vdwtf10TEBFd4AaABAg,@BuddhahugInvestments,I see dead people.,2,0,2026-08-02T16:12:43Z,2026-08-02T16:12:43Z
UgzU7XJE34ubnADatYN4AaABAg,@Omar-d8n8n,😅,1,0,2026-05-28T12:26:55Z,2026-05-28T12:26:55Z
Ugxwc0Jska0uIom6bnR4AaABAg,@onelabel6585,Not like us,0,0,2026-07-31T11:32:51Z,2026-07-31T11:32:51Z
Ugzql1CDqyHtGgLgpDV4AaABAg,@DontGetYankedOn,So they just took the video off what the hell,1,0,2026-05-11T19:21:36Z,2026-05-11T19:21:36Z
UgzBDlFZI7-vWqMSz654AaABAg,@XSETCOOL,Www😂😂😂😂,0,0,2026-05-23T19:43:24Z,2026-05-23T19:43:24Z
UgyqVlO7XzQb-oNlWMV4AaABAg,@JuanitoSolis-n3s,#mustardonthebeathoe,2,0,2026-06-09T17:40:22Z,2026-06-09T17:40:22Z
UgyC0PTwga4eRnvj5I54AaABAg,@TheRomanCatholicHotdog,"I interpret the intro (psst, I see dead people) as God saying, ""Yo Kenny my boy, there's a bunch of sex offenders who dead to my teachings rn.""",2,0,2026-07-29T12:20:38Z,2026-07-29T12:20:38Z
Ugz4KXp7uIQFeFlgpix4AaABAg,@erickdaza5020,Here after a Canadian chick fucked me over 😂,1,0,2026-09-09T03:15:52Z,2026-09-09T03:15:52Z
UgxpbyXukB9inVm0eud4AaABAg,@davidrivera8254,YEAH!!!!!!!!,0,0,2026-06-26T16:55:35Z,2026-06-26T16:55:35Z
UgwSuwIothMsjTDCYRR4AaABAg,@살짝_떳다,Generational,0,0,2026-07-29T23:29:37Z,2026-07-29T23:29:37Z
UgykjshenvC7S115HX54AaABAg,@Goddess_Tay,Yes he do,1,0,2026-07-25T02:51:15Z,2026-07-25T02:51:15Z
UgwqST5oMMGJiSeNGux4AaABAg,@26_level_swoo,ROOTS,0,0,2026-07-05T01:22:07Z,2026-07-05T01:22:07Z
