comment_id,author,text,like_count,reply_count,published_at,updated_at
UgzRRe-jWHk24WafdQ14AaABAg,@Kanyewestbiggestfan123,Barbecuing a Canadian on July 4th is the definition of patriotic,225913,925,2024-07-05T07:48:51Z,2024-07-05T07:48:51Z
Ugyzq6JQEg2HrVZXBM94AaABAg,@YumaShiraiwa,"the crowd effect on “certified loverboy, certified pedophile” is diabolical 😭😭",84496,170,2024-07-04T23:05:43Z,2024-07-04T23:05:43Z
UgxQwFH_UylB7ojVGax4AaABAg,@AnonPlays-Games,Kendrick dancing with his family while saying family matter is rubbing salt in the wounds.,3723,18,2024-07-05T08:48:55Z,2024-07-05T08:48:55Z
UgzIDaQrq6EUWZ7XXf14AaABAg,@LethaboBambo,I come here every year to change the flowers on drakes grave.,237,9,2026-09-15T19:44:36Z,2026-09-15T19:44:36Z
Ugz2Zojw6WRFCfNKgtF4AaABAg,@wyd_marco4107,HE CALLING DRAKE A COLONIZER ON THE FOURTH OF JULY HE'S COOOOKKEDD 😭😭😭,270796,906,2024-07-04T23:01:59Z,2024-07-04T23:01:59Z
UgxfFspv0PVQrj69mR54AaABAg,@isaacwhyy,bro featured the whole city 😭😭😭,482593,970,2024-07-04T23:07:28Z,2024-07-04T23:07:28Z
UgwTzMiYIv6WwMMQV794AaABAg,@pietrowinter5220,"Kendrick made a diss track, club track, workout track and a personal attack",37457,146,2024-07-06T01:28:36Z,2024-07-06T01:28:36Z
UgxIuAXkpmfSycCn6wV4AaABAg,@Numptaloid,flexing on someone with your happy family is BRUTAL,227657,889,2024-07-06T05:19:44Z,2024-07-06T05:19:44Z
UgzE40uj16yUYYa_70B4AaABAg,@movienerd7448,Kendrick is showing me I've never truly hated someone properly in my life 😂😂,1312,9,2024-07-05T06:46:15Z,2024-07-05T06:46:15Z
UgzKqCjE-wqadXMnRdR4AaABAg,@RyderDaKool,"5 Grammies, A Lawsuit, and a Super Bowl Halftime Show. This song is insane...",33401,197,2025-02-16T05:36:05Z,2025-02-16T05:36:05Z
Ugz8vuWAGHbf-nU4C0x4AaABAg,@Saint_Brosef,"Drakes trying to save his career after this with a dating show like
""See guys? I like adult women too!""- Drake 
Nah bro we didnt forget youre weird 🤣",2513,55,2026-08-12T19:00:50Z,2026-08-12T19:00:50Z
UgzQI_WYjREkWiRB86Z4AaABAg,@skullyyx,Kendrick seems like the type of guy to hold eye contact with you when he’s across the street and disappear when a bus goes by.,1946,27,2025-02-13T00:01:24Z,2025-02-13T00:01:24Z
UgzVxzX_g-BZnBjHkpV4AaABAg,@verdaleonard2728,I'm here for the lawsuit. Need to get the song past a billion👌🏾👻🖊️💪🏾🖤💯,6137,48,2024-11-26T00:19:03Z,2024-12-04T22:19:36Z
UgwrHjSf4uhmgIzVuIV4AaABAg,@flowing2524,The smile at “Say Drake” at the Super Bowl 😭 diabolical,14237,50,2025-02-10T05:14:52Z,2025-02-10T05:14:52Z
Ugzf0lbyUaEt-hFKJKl4AaABAg,@SuperbMadness270,Bro had the rap game in choke hold uniting both sides of gang culture for one song and one stage and one legendary performance that solidifies him as a legend.,46,1,2026-09-07T19:33:42Z,2026-09-07T19:33:42Z
UgxDlfdQrINNJIbkb514AaABAg,@AssetsoverAttention,Imagine a diss track so hard. You have to run to the HR department to complain.😂😂😂😂😂😂😂😂😂,5920,40,2024-11-30T00:22:50Z,2024-11-30T00:22:50Z
Ugw7SapA9JFrbTtXyg54AaABAg,@didibopi,The shipping container reference to trafficking is brilliant give this man more awards right now,10231,83,2024-07-05T02:08:48Z,2024-07-05T02:08:48Z
UgzaGnZVD994XNXJ4Gd4AaABAg,@xtrafunk,lol thanks drake for asking to speak with the manager. I hadn't listened to this one in a minute. still slaps,23647,55,2024-11-26T16:40:22Z,2024-11-26T16:40:22Z
UgyfKWcjOeHWyJm92mt4AaABAg,@ThatOneWolfYeep,"This STILL hits
Edit: Holy shit almost 150 likes
Edit 2: 200 likes omfg ty all
Edit 3: 300 LIKES! THANK YOU GUYS",305,7,2026-09-05T15:28:45Z,2026-09-16T00:25:52Z
Ugz9RwBRDJ3DAyLfLcR4AaABAg,@NaturallyKyrah,"This isn’t even beef anymore, it just comedic lyrical assassination at this point. 😅",14778,71,2024-07-06T01:28:14Z,2024-07-06T01:28:14Z
Ugyf1TRPEK0uzIDqcdl4AaABAg,@psyduckemt-pose844,This beef is exactly what I expected if a Canadian Rapper diss a Compton MC,6847,52,2024-07-10T08:53:53Z,2024-07-10T11:32:17Z
UgwfL5gMNa-YZDl_KgR4AaABAg,@TalyorKinney-li7xr,Kendrick stood up at 17 pushups because Drake doesn't want anything over 18,4107,37,2024-07-06T01:10:16Z,2024-07-06T01:10:16Z
Ugyf9_-HI-NJY1MUwdp4AaABAg,@deadmanthehekatonkheire994,A 2020s music video reaching 500 million view on modern YouTube ain't bad.,14,1,2026-09-08T07:47:32Z,2026-09-08T07:47:32Z
Ugwp87ANtKVfMhAtRuJ4AaABAg,@siyaneliswashozi6384,"""I'm glad Deroz came home y'all didn't deserve him either"" and Derozan appears on that very line 😭 Kendrick keeps the shots coming",4461,29,2024-07-05T05:39:13Z,2024-07-05T05:39:13Z
UgyVYRj_fveJWaF2d7x4AaABAg,@antwainejones4983,"brooo the caged owl at the end is crazyyy my man Kendrick said "" i know why the caged bird sings""- Maya Angelou. Kendrick still paying respect to black heritage while dissin is wicked",2104,28,2024-07-06T19:04:38Z,2024-08-15T20:39:37Z
UgwXhZfoNGLgDSAie254AaABAg,@alexlopes557,Ain’t Neva seen a diss track make someone sue they own label 😭😭🙏🏼🙏🏼🙏🏼 truly amazing,23562,139,2024-11-26T19:28:32Z,2024-11-26T19:28:32Z
UgwOSLnSZgZfhspbQD94AaABAg,@Dave-lc3cd,The symbolism in this video is peak art before AI took over.,11,2,2026-09-10T10:52:09Z,2026-09-10T10:52:09Z
UgwcolgB-b5AjjXKpqx4AaABAg,@JustPineapple,"playing hopscotch during ""A MINORRRRRR"" was a violation 😭",39947,121,2024-07-05T04:37:25Z,2024-07-05T04:37:25Z
UgyY06chJxU-hNECvQh4AaABAg,@notguiltyisalawyer,playing hopscotch while singing “A-MINORRRRR” is CRAZY,64692,216,2024-07-07T15:06:03Z,2024-07-07T15:06:03Z
UgzCrpVatu1HAc0tCIl4AaABAg,@FendiTooCrazy,"""Disclaimer : NO OVHOES WERE HARMED DURING THE MAKING OF THIS VIDEO"" man i'm crying LMAOOOOOO",7021,20,2024-07-04T23:30:00Z,2024-07-04T23:30:00Z
UgzgY3DkuMCRVukoPQ14AaABAg,@carsfan787,Who’s here after Drake barked for that goth girl👀,1030,56,2026-08-11T00:58:36Z,2026-08-11T00:58:36Z
Ugx7bVDzXRZb6LPa_Kp4AaABAg,@zoejumoke,kendrick is the only rapper who can make a diss song feel like a lighthearted family affair 😭,1176,6,2024-07-05T12:09:38Z,2024-07-05T12:09:38Z
UgwAsHmMU6p5W_cul8d4AaABAg,@SpyTwo.,Releasing a music video 2 months later with a crowd singing your song and your wife and kids dancing to it is the ultimate victory lap.,6364,26,2024-07-04T23:52:17Z,2024-07-04T23:52:17Z
UgwDkjexICOxwODLpW14AaABAg,@CookingwithBigT,"“Stop playing with me before I turn you into a song “

Rich Spirit
Kendrick",3330,20,2024-07-09T00:09:52Z,2024-07-09T00:09:52Z
Ugy_tPL2bV8x_0fWDS94AaABAg,@guillermobatalla6531,"Greatest. Diss. In. History.
Fight me!",51,2,2026-08-25T13:11:23Z,2026-08-25T13:11:23Z
UgxODtQkDFaSHa09Xj14AaABAg,@happycha0sgaming,Never seen a diss track get brought back to life by the person being dissed for suing they lost,27788,109,2024-11-26T23:18:38Z,2024-11-26T23:18:38Z
UgzzujeH_g5xhNgPouh4AaABAg,@resuri_,he took “stop playing with me before i turn you to a song” too literally,55599,148,2024-07-05T05:31:56Z,2024-07-05T05:31:56Z
UgysbW6PsVNQVCPUBcd4AaABAg,@rahinhuq1608,Never felt so united with strangers I’ve never met and never will.,4632,20,2024-07-10T17:09:17Z,2024-07-10T17:09:17Z
Ugyp-us0UgVIkCykgyN4AaABAg,@JordanBrown-t9d,Ts still hit to this day people still yelling”A MINOOOOOOOOOOR” till this day,12,0,2026-09-07T10:42:04Z,2026-09-07T10:42:04Z
Ugz5Td7ci9RTIvyEfLF4AaABAg,@nimbuslion,HE DIDN'T WASTE THE SNIPPIT LET'S GOOOOOOO 😭🙏,6977,44,2024-11-22T17:18:17Z,2024-11-22T17:18:17Z
UgyGjTdCA8NIB_U-d2F4AaABAg,@melpomegranate,Crazy to live in a world where a judge might have to watch this as evidence,19801,111,2024-11-27T14:44:43Z,2024-11-27T14:44:43Z
UgxdAttE_FbQ6RL2Zb54AaABAg,@RhodieJasmine,"The fact he did 17 push ups bc ""18 would be overage"" is a damn genius idea.",5571,34,2024-09-21T07:14:09Z,2024-09-21T07:14:09Z
UgzCEWA4f5RjcK8hCz54AaABAg,@beornmorder6891,"Not just the coolest dude in showbiz, but the coldest. This has got to be the hardest distrack since No Vaseline.",15,1,2026-09-08T19:27:48Z,2026-09-08T19:27:48Z
UgxMl9aiHYNjA5zrjTZ4AaABAg,@UTubeCommenter999,The family dancing is a message more powerful than the diss itself.,5430,36,2024-07-05T00:16:05Z,2024-07-05T00:16:05Z
Ugw7ZjFrgsSo4UqvPTV4AaABAg,@deekdeegler5059,The amount of subliminal messages in this video alone is why Kendrick won.,977,5,2024-07-06T00:21:51Z,2024-07-06T00:21:51Z
UgwQ6aNQrcQhimHTch94AaABAg,@spooky-spaghetti,"everyone back here from kendrick's absolute diabolical smile and ""say drake"" and i love it",1537,3,2025-02-12T00:27:53Z,2025-02-12T00:27:53Z
UgzIlcVcocV6ddivJpN4AaABAg,@freshprinceofpearls1510,"No one is talking about when Dot said he a fan, he a fan & the camera shot went to a ceiling fan in his house while his wife & children are having fun. He literally turned Drake into a song like he said he would do. 😂😂",3,0,2026-09-15T03:09:13Z,2026-09-15T03:09:13Z
UgzNI3XnmE5849aJEml4AaABAg,@TragicLeechGaming1,"""The family matter and the truth of the matter, it was god's plan to show y'all the liar"" that verse as him and his family start dancing together is fire.",1504,3,2024-07-05T14:38:55Z,2024-07-05T14:38:55Z
Ugwj94zqHrVOctioU1x4AaABAg,@CarsonKelley2000,Kendrick having the Pop Out on Juneteenth and releasing this on the 4th of July is iconic .,51404,148,2024-07-04T23:02:52Z,2024-07-04T23:02:52Z
Ugw67VpOPtgJkFGPXjd4AaABAg,@FeFe718.,"Drake ended his song to KDOT saying you’re dead.

KDOT started his song saying he’s Reincarnated",599,2,2024-07-13T01:09:53Z,2024-07-13T01:09:53Z
UgyYJtmiYgKf15OY27N4AaABAg,@DUcK_Man-2,2 years GOD..,70,1,2026-09-04T16:16:12Z,2026-09-04T16:16:12Z
Ugx3Xg0qA2efSmEfej14AaABAg,@usimanxoyi6479,The fact that this was released 11 hours ago and has 11 million views is so satisfying,6219,47,2024-07-05T10:20:31Z,2024-07-05T10:20:31Z
UgwwO1BnvP315QlaZCB4AaABAg,@MrEaley-td2ww,No Kendrick related questions.....is what drake will say for the rest of his life when he sits down to do an interview,1379,8,2024-07-07T00:29:54Z,2024-07-07T00:29:54Z
Ugy790_HsPQmznS6sXF4AaABAg,@RNV_8888,Having the whole city chanting “run for you life” and everyone singing is peak career,530,2,2024-07-05T00:29:22Z,2024-07-05T00:29:22Z
Ugxe3h4BCsbkFcjsYzR4AaABAg,@Kathrineandtravels,Me after seeing Drake barking. He ain't like us😂😂,44,0,2026-08-11T01:02:49Z,2026-08-11T01:02:49Z
UgyWMi7fCQkTJtAGgrJ4AaABAg,@sven7037,"Kendrick did no interviews no talking, no IG videos, no twitter posting just bars lol and won",1774,33,2024-08-17T19:36:29Z,2024-08-17T19:36:29Z
UgzvK3HOGdReseMnKIB4AaABAg,@cyd_love,The fact he doing this casual and calmly makes this even more powerful! He dont even gotta be aggressive in his body language,567,2,2024-07-05T02:50:07Z,2024-07-05T02:50:07Z
UgwSRKZocL_V3hVYQyB4AaABAg,@taz2874,Here after finding out Drake is suing the label for “artificially inflating” not like us’s numbers 😂 lmao he hurting,533,8,2024-11-25T23:01:18Z,2024-11-25T23:01:18Z
UgzIbkUnfKMBz_Gz9KN4AaABAg,@LuckyCrowJewelry,"I'm 46 years old so let's start there. My son got into my car so I could take him shopping and I was playing Kendrick Lamar. He looks at me surprised and he's like, ""Are you listening to Kendrick Lamar? This is my generation."" Nah, Kendrick Lamar is for everyone. It's just that good.",22,3,2026-09-08T12:49:34Z,2026-09-08T12:49:34Z
UgxqJQijY70cV6TLuRt4AaABAg,@justingharris,"“Your honor, it must be illegal for the song to be this good.”",9253,33,2024-12-07T07:14:28Z,2024-12-07T07:14:28Z
UgyOOffvdG0pZGo4g654AaABAg,@crabgod.,"""It was God's plan to show y'all the liar"" is CRAZY💀",2379,11,2024-07-05T10:21:19Z,2024-07-05T10:21:42Z
UgzuwhHEiVDCqLRmW754AaABAg,@Yourfavsbakes,“Just make sure u hide your little sis from him” is so real,1429,10,2024-08-09T02:30:41Z,2024-08-09T02:30:41Z
UgysLqkYcrmsW5vaTxt4AaABAg,@KrazyCaN347,500 millions views is almost here yall ✍🏾✍🏾✍🏾✍🏾✍🏾,12,0,2026-08-30T21:59:54Z,2026-08-30T21:59:54Z
UgxQBf7iUBKBYPaMVJ54AaABAg,@gleems2544,cant come back from the whole world loving a song bout you liking kids 💀,1679,7,2024-07-07T16:10:00Z,2024-07-07T16:10:00Z
UgzhB1TTX9W7oAWiLCt4AaABAg,@Mgrdno-vk5pl,Kendrick has a family. Aubrey you don't know nothin bout daaaaaaaaaaaat,1234,3,2024-07-05T11:23:18Z,2024-07-05T11:23:18Z
Ugw7Cs7vICBGdOk5sJt4AaABAg,@UTubeCommenter999,The fact that Kendrick having his family in the video is really was the cherry on top!,1331,13,2024-07-05T00:21:21Z,2024-07-05T00:21:21Z
UgyzlZ_MwtTNBXBMF4l4AaABAg,@IscoAlarconSuarez,Still hits harder then my dad's belt,190,8,2026-08-29T09:05:25Z,2026-08-29T09:05:25Z
UgyBR_RvnGoe0t0w70B4AaABAg,@J3ik0bu,"We’ve all been saying that the beef is over, that Kendrick won it. But I think this OFFICIALLY settles it, Kendrick won.",1714,11,2024-07-06T20:04:17Z,2024-07-06T20:04:17Z
UgzmRaBmcZGzNp3oD514AaABAg,@spvc4696,"""The audience not dumb. Change the story how you want. Hey Drake they're not slow. . . .""",725,6,2024-07-06T20:48:20Z,2024-07-06T20:48:20Z
UgzLTXM5vuFpetiA7KN4AaABAg,@jaguarsunofficial,This ain’t just a summer anthem. This is a hip hop anthem.,7723,58,2024-07-05T18:08:03Z,2024-07-05T18:08:03Z
Ugy657T_1zQmTD-K2p54AaABAg,@alpha2.0,THE PART OF HE SHOWS HIS FAMILY IT'S FIRE,17,0,2026-08-25T15:31:52Z,2026-08-25T15:31:52Z
UgwvNuqNICfy53OS7Tl4AaABAg,@KARMA-gr4uh,THE COLONIZER LINE AND HE DROPS THIS ON INDEPENDENCE DAY 😭 😭 IM DONE,684,4,2024-07-05T07:17:17Z,2024-07-05T07:17:17Z
UgzZ-g0Xb7Y0QvfPeUB4AaABAg,@JoshMorton-u9e,"Tommy the Clown is underrated, hardest working man in LA since the 90s. Love to see him and his team in this video.",1528,15,2024-07-05T02:45:52Z,2024-07-05T02:45:52Z
Ugxh0Hn5vFDEMEiXjoZ4AaABAg,@pillowvibes,"nice job getting the song boosted, aubrey 😭😭 trending 18 in music videos 💀",3312,10,2024-11-27T01:39:06Z,2024-11-27T01:39:06Z
UgzFR3nbXCzpHLVY1Il4AaABAg,@jkidd1982,This is  The Da Vinci Code of diss tracks.,8,0,2026-08-29T02:11:30Z,2026-08-29T02:11:30Z
UgyNRbiNa2v4A_0_5jF4AaABAg,@MenaceIISobriety,"Compton understood the assignment, everyone did their part. The end result is an A+

Edit: 3k+ likes - Blessings for the likes, no bot comment 🙏",3573,19,2024-07-12T06:55:54Z,2026-02-26T10:01:32Z
UgxJTC6xVmrRoGRTb7d4AaABAg,@imaginesisyphyshappy,"Kendrick bein wholesome and dancing with his family all the while dogging on the fact that Drake was so cagey about his own ""family"", put a big smile on my face",549,5,2024-07-05T00:22:52Z,2024-07-05T00:22:52Z
Ugz6AHmN-oNwmTroSSp4AaABAg,@garybays6681,"I want it played every time it needs referencing in court, every single time it’s in session, for evidence purposes",2959,17,2024-11-28T03:09:39Z,2024-11-28T03:09:39Z
UgwbAp1Bdv35FEIJw-J4AaABAg,@marshall.borders,"Let me do it one more time ,
SAY, DRAKE I HEAR YOU LIKE 'EM YOUNG😂😂",2,0,2026-09-16T15:04:41Z,2026-09-16T15:04:41Z
Ugw45YRCJQM7t93YVSd4AaABAg,@ceo_felcone,"First time in rap history, a rapper called the law for a diss track 🔥 🔥🔥",9879,100,2024-11-27T23:39:12Z,2024-11-27T23:39:12Z
UgwAquouvEewbZH7YLx4AaABAg,@CapsFan,"This song is legendary, it made Certified Lover Boy turn into Certified Lawyer Boy.",5089,59,2025-01-15T21:31:59Z,2025-01-15T21:31:59Z
UgznIQzYFBvkygwNWL14AaABAg,@boylinks6975,"the way he was so chill all through the video with all that lyrics, he really is the boogeyman 😭😭😂😂",359,2,2024-07-16T00:17:53Z,2024-07-16T00:17:53Z
Ugwow77HGV1GG145VWJ4AaABAg,@David-x3c9h,There's no coming back after this. Just concede,6,0,2026-08-31T12:01:13Z,2026-08-31T12:01:13Z
Ugy1AR99dU7yhemtK8F4AaABAg,@Justacatlmao,"The fact that Kdot and Whitney dance is diabolical but the ""Produced by Dave Free and Kendrick Lamar"" is crazy clapbackness.",815,6,2024-07-06T00:05:59Z,2024-07-06T00:05:59Z
UgxENt5qRJSfxLHnSt14AaABAg,@danielmiller03,"""Homie still double down calling us some slaves"" is an underrated line",2897,15,2024-08-08T16:30:44Z,2024-08-08T16:30:44Z
UgxnNiqyXDZztVnt6B14AaABAg,@ZaraSalkida,No because his wife and kids dancing to this is so iconic😭,1222,9,2024-07-05T00:07:18Z,2024-07-05T00:07:18Z
UgybRLchRcZQ0BsPZHh4AaABAg,@heartlesspassion2843,Who’s here after the South Korean soldier did his own halftime show to this??,353,15,2026-09-01T22:20:27Z,2026-09-01T22:20:27Z
Ugy8aXecu_Uixs_kpV14AaABAg,@ElyahYahsharalah-TheBlackFamil,"Dave Free co-directs the video, Whitney and the kids dancing in the living room, the most thorough and complete rap battle in the history of the genre. Don't say I'm glazing, prove me wrong.",466,4,2024-07-05T11:44:07Z,2024-07-05T11:44:07Z
Ugxy8NVEtYk0_J0mebd4AaABAg,@dantegg09,bro flexed on him with his wife and kids having fun in the living room... this man is diabolical.,1303,13,2024-07-04T23:23:07Z,2024-07-04T23:23:07Z
UgxKedy1hJyTrABANpx4AaABAg,@multiplesifl,They're gonna have a whole unit analyzing this track in hip hop history class in the future.,2194,11,2024-07-10T04:09:38Z,2024-07-10T04:09:38Z
Ugx_IITSxWqTHXRvqHN4AaABAg,@Elvis-m3i,lol listening to so good I had to come back to this. The reminder is eye opening 😂,7,1,2026-09-15T04:40:02Z,2026-09-15T04:40:02Z
UgzZyMw52av_4dwuPC14AaABAg,@BigDonSkillz,Kendrick Playing HOPSCOTCH after the A-minor line is a CERTIFIED CLASSIC.,451,4,2024-07-05T13:34:35Z,2024-07-05T13:34:35Z
UgxrL-b9Pq8VZQz3CA14AaABAg,@Mrs.Haydn1979,Seeing Whitney and the babies dancing in the living room is top tier😍,621,7,2024-07-05T11:16:11Z,2024-07-05T11:16:11Z
UgxgQz7VFIGQ6dPjdRx4AaABAg,@devilape4394,Whoever came up with the direction of this video is a straight menace...,591,7,2024-07-05T07:54:47Z,2024-07-05T07:54:47Z
UgyI5f3lYjMZW32ZOm54AaABAg,@lilmenace-goham,We will never get another hiphop beef like this again ,4,0,2026-09-14T16:02:07Z,2026-09-14T16:02:07Z
UgxjSXthEfpMbxSacX54AaABAg,@venus_luhv,the “No OVHOES were harmed” sign was truly iconic 😭😭,2706,12,2024-07-05T13:17:44Z,2024-07-05T13:17:44Z
UgyIJLz4PiZyhpY1lEN4AaABAg,@Durkiologist,Kendrick stood up at 17 pushups because Drake don't want anything over 18 😉,1255,20,2024-07-05T16:37:18Z,2024-07-05T16:37:18Z
UgweuPz1cW8081pcW2F4AaABAg,@PhantomWhisker,Every time drake blinks  he see's Kendrick for a millisecond.,755,23,2024-08-14T18:30:54Z,2024-08-14T18:33:15Z
UgxeWKxhu9T_QG5DlbN4AaABAg,@enderking6904,That moment when you try to touch the sun and understand what Fire really feels like,10,1,2026-08-20T18:27:56Z,2026-08-20T18:27:56Z
UgzCMnczD55J9wcvGN94AaABAg,@necinewton7672,"The family cameo is iconic! Whitney and the kids C-walking is petty asf 😂

Correction B-walking",2376,18,2024-07-05T12:55:02Z,2024-07-06T15:46:15Z
UgzDlD-A09UxJtxkR7x4AaABAg,@johnnysharky,"""DIRECTED BY DAVE FREE & KENDRICK LAMAR"" IS A HUGE POWER MOVE",3084,20,2024-07-05T01:43:19Z,2024-07-05T01:43:19Z
Ugzh9qGs7gEN9g31t0d4AaABAg,@DarkFrontierLmao,Can we all just respect how Kendrick credited his barber in the description? Lol,2731,17,2024-08-11T19:05:36Z,2024-08-11T19:05:36Z
Ugyjo4VqG6-Iw6y6U6Z4AaABAg,@Larrylll-p1g,We got 500mil nice 👌 👍 😎 peace out people,8,0,2026-09-11T13:22:02Z,2026-09-11T13:22:02Z
Ugwen8SRA_fIcgkZHCR4AaABAg,@Mandalor988,"This is the perfect use of the phrase “Be Careful what you wish for,” when Drake said “You tryna let this shit die down nah nah nah, this time you followin’ through.”",2168,16,2024-07-05T03:26:40Z,2024-07-05T03:27:03Z
UgyUi-WDvRuFghv9N_l4AaABAg,@enhancedcheese,Kendrick the only man to ever make a family dancing in their living room go so hard,862,9,2024-07-05T05:17:47Z,2024-07-05T05:17:47Z
UgyKt2Bv0rCpEZ7C7bN4AaABAg,@leowright7515,Having an owl in a cage and staring it down is nasty work,1568,9,2024-07-05T01:25:49Z,2024-07-05T01:25:49Z
UgwyLZsqHYDBjxWB6Jd4AaABAg,@awesomestuff2012,Bro how is two fucking years feels like yesterday,8,0,2026-08-29T06:27:42Z,2026-08-29T06:27:42Z
Ugz-KFcGxWrFCNoN3ut4AaABAg,@thembinkosivilakati3325,"""Stop playing with me before I turn u into a song"" - Kendrick Lamar",531,3,2024-07-22T02:39:17Z,2024-07-22T02:39:17Z
Ugx4KgLt3Ymk5WiFlhB4AaABAg,@swiftiestreet.ৎ,"Drake really said ""FAMILY MATTERS"" and Kendrick proved just that.",697,4,2024-07-06T18:04:36Z,2024-07-06T19:10:06Z
UgzMKgBioQOwqAhVP3J4AaABAg,@jayywasthere,💀 a diss track still trending after a month is crazy work,768,22,2024-08-04T00:38:47Z,2024-08-04T00:38:47Z
UgwQnljgcjrF4FZ05aZ4AaABAg,@HamzaBasma-n2c,"I'm from Morocco and I want to say for the fifth time, how is Drake? 😂😂😂😂😂",14,1,2026-09-02T18:01:17Z,2026-09-02T18:01:17Z
Ugz2K3yuV1OOoKEMFqd4AaABAg,@King-Bubel,Love the use of the crowds to show how the public sided with him.,3101,17,2024-07-06T00:53:49Z,2024-07-06T00:53:49Z
UgwNwq_5U37qkU4TK5N4AaABAg,@opossum_elysium,"This is just the most narratively satisfying beef of all time, I think about it all day everyday when I'm at work, lmao",529,6,2024-07-05T02:01:20Z,2024-07-05T02:01:20Z
UgwpkdTT_dqmA7O0jcB4AaABAg,@Poochie78,I’m playing it even more,8099,32,2024-11-26T20:53:16Z,2024-11-26T20:53:16Z
UgyoYVvRLMzfSfsiZ9F4AaABAg,@Raf_ELOfficiel,Omg 500millions of views in 2 years🎉,20,0,2026-09-09T13:38:42Z,2026-09-09T13:38:42Z
UgzlpLQujZlMnYza6pJ4AaABAg,@prime_time_truecrime,This is what it means when a rapper says “I got the whole city on my back”!!!!!,850,3,2024-09-18T15:49:22Z,2024-09-18T15:49:22Z
UgwUh7VN3okYsbgvhyF4AaABAg,@21sashalee,"Group assignments when everyone puts in 100%>> >> 
I’ve never even set foot in compton but this is insannneee",499,1,2024-07-14T06:25:58Z,2024-07-14T06:25:58Z
Ugz7xjdhS3Z_RzvVtbd4AaABAg,@Rizzmaster1-j7e,"""No ovhoes were harmed during the making of the video"" is crazy",580,3,2024-07-09T07:07:50Z,2024-07-09T07:07:50Z
UgwfnScykMkm-Hs5NIN4AaABAg,@danielfolkes8892,This not even a beef this just a hip hop funeral😂,458,2,2024-07-11T04:01:07Z,2024-07-11T04:01:07Z
UgxmSODriaxjR7HLTOp4AaABAg,@prometheusstarr5103,"1, 2, 3, 4, 5 just like the amount of Grammys this song just won.",2847,25,2025-02-06T15:46:38Z,2025-02-06T15:46:38Z
Ugwjiq8aKSdNgQ0DJJp4AaABAg,@1nfernacto,"Kendrick got that ""I ain't lettin' you get away that quickly"" and that ""We haven't finished what you started."" mentality. 💀",531,4,2024-07-05T14:26:59Z,2024-07-05T14:26:59Z
Ugyjgg3toKRtd8KYzAJ4AaABAg,@domoniquekendricks-pt2pz,2026 this video still crazy,31,0,2026-08-21T17:18:54Z,2026-08-21T17:18:54Z
Ugw6l-nAvZ4vhwrzgqZ4AaABAg,@BasedAlbert,I love how the barber even got credit on this. Kendrick fr showing love out here,789,3,2024-07-05T05:45:59Z,2024-07-05T05:45:59Z
UgyK4FQhY1yEs7Ylft54AaABAg,@KaiZenAmen,"Dropping this on the 4TH OF JULY of all days, is such tippable, diabolical work LMAO",1136,9,2024-07-04T23:14:39Z,2024-07-04T23:14:39Z
UgwftPhJcAEesa1zRTZ4AaABAg,@mateusmonteiro1498,"""the audience is not dumb"" at its finest, literally the crowd singing together",1509,4,2024-07-05T01:49:29Z,2024-07-05T01:49:29Z
Ugzaewdj_aSgPNKv5DF4AaABAg,@AnnBrown-z8c,Drake STILL trying to recover from this song‼️😩😩😩😩😩😩,41,6,2026-08-26T04:38:16Z,2026-08-26T04:38:16Z
Ugwtau6rTCZ2623ZLJl4AaABAg,@thepremisevideoessays,"I love how Kendrick can take a song that disparages one man in every way possible and use it to showcase his community and the people in it. He's using this huge song as a springboard to show the good work being done in the arts in his area, A+ rollout of this song",707,6,2024-07-05T02:51:31Z,2024-07-05T02:51:31Z
UgyIq_bYWFV5DX75LlR4AaABAg,@daiserpuff6859,"Kendrick dancing in the living room with his kids & wife is all i needed. Drake took the first shot, Kenny buried this man so far beneath the earths crust hes being harvested to run our cars. Make them millions of that mans name Dot.",2298,24,2024-07-05T23:54:39Z,2024-07-05T23:54:39Z
UgzN1u8MmqrA0Zu8-iF4AaABAg,@malcolmtrivoywest1059,"a brown and white owl with its feathers ruffled, angry at kendrick, and locked in a cage. wow",436,5,2024-07-06T00:33:41Z,2024-07-06T00:33:41Z
UgwZOExqJ4I6NxhL_up4AaABAg,@nickolasmccombe1,The amount of lyrics that went over people's head is crazy.,37,0,2026-08-13T00:57:34Z,2026-08-13T00:57:34Z
UgxA5wOFnYMaLBZ566V4AaABAg,@Backroomsfan-x8h,THE OWL IN THE CAGE AT THE END IS THE CHERRY ON TOP 😭😭😭,1306,14,2024-07-11T17:52:07Z,2024-07-11T17:52:07Z
UgyX8EujGO5bwC71N8J4AaABAg,@1holli_u,"Ever since this dropped, a bunch of big youtubers got exposed to be predators",6523,113,2024-07-28T20:15:02Z,2024-07-30T18:54:08Z
UgzQ7tSs1T79j2fMdiZ4AaABAg,@Firesquad11,Him dancing with Whitney and the family is crazy absolute checkmate,684,11,2024-07-05T00:04:12Z,2024-07-05T00:04:12Z
UgwfqhX7pAZTg-95Q9B4AaABAg,@mgove4052,This is the best dis track ever made,10,2,2026-09-07T15:46:03Z,2026-09-07T15:46:10Z
UgxDGYQF6KSYNJdyLkt4AaABAg,@purplehoody,Not him looking adorable as he waves “are we locked in?”😂,2717,13,2024-07-07T05:28:58Z,2024-07-07T05:28:58Z
UgyiO4nBQaTqGRSuwO14AaABAg,@realdreamerschangetheworld7470,The whole family dancing together was the most beautiful part of the video for me 🙌🏾,1443,12,2024-07-05T09:36:17Z,2024-07-05T09:36:17Z
Ugz8I9Ri5W1tzffVecN4AaABAg,@tiasway,I love how he maintains his smooth cool stance throughout the entire video,748,3,2024-07-06T08:17:44Z,2024-07-06T08:17:44Z
UgxDK4xV5nkzkuI-5wF4AaABAg,@jayquanpov9486,LETS GET THIS TO 500 million!,5,0,2026-09-04T15:25:02Z,2026-09-04T15:25:02Z
UgykAPOhb82jgM_wPap4AaABAg,@Mgicrs7,his wife and kids dancing is so iconic love it,2897,15,2024-07-05T00:10:31Z,2024-07-05T00:10:31Z
UgyxWHfDC-ur31wq2oJ4AaABAg,@Akani2244,"That ""sometimes you gotta pop out and show niggas ""part is insane 💀💎",667,4,2024-07-04T23:14:22Z,2024-07-04T23:14:22Z
UgzlPuUtWF2x4Y3RqH54AaABAg,@Z2009-g8g,"The crowd effect on ""tryna strike a cord and is prolly A-minor"" is wild af 😭😭",659,7,2024-07-04T23:49:17Z,2024-07-04T23:49:17Z
UgyqI-vWF1rvM2Jng7Z4AaABAg,@eliwol3789,"Word on the street, Drake became a vegetarian after this song",16,0,2026-08-21T19:50:27Z,2026-08-21T19:50:27Z
UgyxLS6KV5ASrRpyv3p4AaABAg,@T2ulie_,HAVING THE WHOLE SUPER BOWL STADIUM YELL MINOOOOOOR IS CRAAAAAZY WORK 😂😂😂😂😂,529,2,2025-02-10T02:40:53Z,2025-02-10T02:40:53Z
UgyREChkeI7RlYDvk1V4AaABAg,@eliahtisben4085,"Who's here after ""NOT LIKE US"" Won five awards in five Categories at the Grammys? 😊


EDIT: Thanks for the Likes guys. *THEY NOT LIKE US IS BIG, SO AS KENDRICK.❤❤",567,6,2025-02-06T16:56:39Z,2025-02-09T13:58:24Z
UgwokcgKzF_vFHNx15l4AaABAg,@idkabtuitsgood9819,"""Tryna strike a chord, and its probably A-Minorrrrrrrrrr"" Gets me everytime 😂😂",718,4,2024-07-30T12:44:07Z,2024-07-30T12:44:07Z
UgxKKmH37o5yr5z7xA94AaABAg,@moresamgyetangplease,"August 17, 2026 ( 08:19 am ) listening to this from Eva, Samoa. Have a blessed day everyone!!🙌",56,2,2026-08-16T19:20:00Z,2026-08-16T19:20:00Z
Ugx3TQsw4iuFRjnSorJ4AaABAg,@Eqlips,The part where he dances with his family is so WHOLESOME,2486,24,2024-07-05T05:47:37Z,2024-07-05T05:47:37Z
UgzeqeKf1wC31u-ckEN4AaABAg,@MaddieMorgan67,Can't believe a diss can win 5 grammys out of 5 nomination... No jokes deserved,364,2,2025-02-03T16:45:53Z,2025-02-03T16:45:53Z
Ugwodwf8kH1O9DViiul4AaABAg,@krunz_333,Been over a month and it’s still the #1 music video on YouTube 😭,1156,11,2024-08-12T03:14:21Z,2024-08-12T03:14:21Z
Ugzx5lCzrdX60m2muhJ4AaABAg,@Official_Tomboy,2026 anyone?,17,0,2026-09-02T18:05:34Z,2026-09-02T18:05:34Z
Ugw1zUY8xaOeIVw20dx4AaABAg,@blacktigre,That family scene was the best. Perfect ending to this battle.,1315,10,2024-07-04T23:54:06Z,2024-07-04T23:54:06Z
UgyD_nN7voPiyRmfpd54AaABAg,@Koast_General,"If “Belt to Ass” was a music video, this is it 😂 🫡",837,14,2024-07-07T20:08:06Z,2024-07-07T20:08:06Z
UgwrfIM8WD_h7wkdPlx4AaABAg,@LukeLobbins-ol9ql,"This isnt the final nail in the coffin,this is the tombstone",507,3,2024-07-28T20:34:38Z,2024-07-28T20:34:38Z
UgzWqrij5yFKAXpk6sB4AaABAg,@anthonytpark,Here right before 500m views,17,2,2026-09-05T11:57:10Z,2026-09-05T11:57:10Z
UgwYce2Ll9j7ZQImV1F4AaABAg,@misswicked9856,"The fact that there is an acutal chance this song could win a Grammy, would make my whole year",822,17,2024-07-05T00:29:59Z,2024-07-05T00:29:59Z
UgyWyL_N92hPnyefvFh4AaABAg,@alanjangirrr7418,You know it's bad when all of Compton is singing and dancing to this shit,704,7,2024-07-05T22:33:06Z,2024-07-05T22:33:06Z
UgxtIqhIgq4ovo3gI554AaABAg,@Trec-e6k,Who is here after 500M views❤❤❤❤❤,53,3,2026-09-08T17:27:30Z,2026-09-08T17:27:30Z
UgwzKZA4tZx32Wfu-MF4AaABAg,@TotallyNotRoo,Whitney and the kids dancing too is so iconic. That was amazing. 😭,941,6,2024-07-05T03:08:52Z,2024-07-05T03:08:52Z
UgwRadBcQY0e1TT0x6d4AaABAg,@ImConnectedTv,Just when you think the wound can’t get any deeper…Kendrick twists the blade.,498,5,2024-07-05T23:07:57Z,2024-07-05T23:07:57Z
UgyWPI1_PK-c1Ddes6h4AaABAg,@nickloosli2748,"Kendrick ""hey let me get the saddest owl you have please"" 😂",950,9,2024-07-06T17:10:19Z,2024-07-06T17:10:19Z
UgwPSO0zHExxILzbanB4AaABAg,@luvurts,First diss to reach 500M views 😭😭,6,0,2026-09-03T16:42:26Z,2026-09-03T16:42:26Z
Ugz6InsDBXD9mBPuy6F4AaABAg,@dwaterson21,"This is just diabolical. Whitney dancing, featuring the whole city, the clown, dropping this on the 4th of July. Absolutely nefarious.",619,5,2024-07-23T18:40:58Z,2024-07-23T18:40:58Z
UgzfJjA65igkFo64Q2V4AaABAg,@DarkFrontierLmao,Kendrick the type of dude to appear for a split second when a lightning strikes,1078,15,2024-08-25T15:04:26Z,2024-08-26T01:04:09Z
UgxIqSnGxOufRmMmcTF4AaABAg,@mubashirbarkhadleh7762,Kendrick getting the whole crowd to sing certified lover boy certified pdf file is crazy,404,3,2024-07-19T15:56:19Z,2024-07-19T15:56:19Z
UgwadepuKzvilPWHaEx4AaABAg,@PatriziaMoro-f5i,"🎉 Hi NOT LIKE US 😂..It's always a pleasure to run into you, leaving behind whatever gets bored, making me tired...😂❤❣",2,0,2026-09-16T09:33:52Z,2026-09-16T09:33:52Z
UgwW8Ialy8XUb8z7Q-x4AaABAg,@Yourdailydoseofsarcasm,Aubrey is out there suing people cause he doesn’t want this to get more famous but all he’s doing is making all of us wanna listen to this even more 😂,552,9,2025-01-23T11:04:46Z,2025-01-23T11:04:46Z
UgwkZp94K_q3GzzCXvB4AaABAg,@nightown71,"He's just keeping his word's ""if you take it far I'll take it further""😂😂",447,2,2024-07-05T01:55:30Z,2024-07-05T01:55:30Z
UgzdTTK-5VhV1DPw0g14AaABAg,@MehdiNMN,"""the family matter, and the truth of the matter it was gods plan to show you all the liar"" GENIUS",657,4,2024-07-14T02:33:48Z,2024-07-14T02:33:48Z
UgzC-dna5Wu1GU7Csj14AaABAg,@msk02williamsify,That owl gets me every time 😂,4,0,2026-09-05T14:07:50Z,2026-09-05T14:07:50Z
UgzP6u9GMfBhyWmZxhl4AaABAg,@lonum4194,I am so grateful J Cole said that big three line 😭🙏,1657,20,2024-07-09T21:20:11Z,2024-07-09T21:20:11Z
Ugwa9Yi1ZE9Jf3OXhHx4AaABAg,@AlmostAliv3,Dancing on the hopscotch line at “a minor “ is gold,1481,7,2024-07-05T02:13:17Z,2024-07-05T02:13:17Z
UgyMn7hdIFdaADGAu0l4AaABAg,@CoralFrog69,“Say Drake I hear you like em young” will forever be symbolic,3024,28,2024-08-17T23:27:25Z,2024-08-17T23:27:25Z
UgwdkSuZ9TxDwmRTL3N4AaABAg,@easternprovidence,south korean air force knows ball 🔥🫵💯,5,0,2026-09-02T11:19:18Z,2026-09-02T11:19:18Z
UgwWogp8ybJWD5yj5C54AaABAg,@TheCuriousLensTV,The hip-scotch while playing “A MINORRRR” was insane,1303,7,2024-07-06T02:27:20Z,2024-07-06T02:27:20Z
UgwRMw0M6ZOfZZvel6h4AaABAg,@michaelmurray8426,"Lyricist vs commercial rapper, there was no competition tbh",3427,31,2024-07-06T06:06:56Z,2024-07-06T06:06:56Z
Ugy1TvO9Wx9rbwKuVDh4AaABAg,@preciousmonday8255,Flexing your family while dissing someone is crazyyyy,980,6,2024-07-07T14:46:51Z,2024-07-07T14:46:51Z
Ugxt6gxd1aYLNFQbLV54AaABAg,@Eniola_Ow,this still hits,2,0,2026-09-15T22:52:16Z,2026-09-15T22:52:16Z
UgyK6a6OqIN7uXmJCnB4AaABAg,@jpza4615,"Coldest frame in this whole video is how it ends... Looking at an owl in a cage and saying nothing, was Hella poetic and like a nail in the coffin",474,5,2024-07-05T09:17:16Z,2024-07-05T09:17:16Z
UgyeMcdSpbExEBJlm_x4AaABAg,@philaniguquka1611,Let’s gather here if u still bumping this classic.😭🔥🔥🐐,712,8,2024-12-02T10:00:31Z,2024-12-02T10:00:31Z
UgwqmIE1UsYK4bP2Mlx4AaABAg,@TheOriginalSyptical,I like how this is still statistically trending,1853,17,2024-11-02T12:59:57Z,2024-11-02T12:59:57Z
Ugzm9ySYvFNafEC-S394AaABAg,@aatr01,"Btw, for me this diss tack was and still is so brutal to the point i'am convinced Drake gonna be 70 years old still having nightmares about it.",8,1,2026-09-04T05:26:38Z,2026-09-04T05:27:25Z
UgynnCMBi3OeZ3cTR_t4AaABAg,@IcedCrit,"having dave free direct it especially with his wife and kids dancing in the video, absolutely insane",645,5,2024-07-05T01:13:39Z,2024-07-05T01:13:39Z
UgzqaVVs1vM6m0FiPAx4AaABAg,@ChingerBurger,"bruh so insane umg didn't bump up the numbers we all watch this everyday, it's the hardest diss track in a long time.",2307,20,2024-11-27T12:24:31Z,2024-11-27T12:24:31Z
UgyHHbBTvnH9Xc3zeJN4AaABAg,@DrixpyJT23,"Having a diss dropped on u 2 months ago, then a popout concert on Juneteenth where he invited every gang in Cali, and now a music video for the diss on the 4th of July is insane work",738,11,2024-07-05T00:47:50Z,2024-07-05T00:47:50Z
UgzjDaomCHN1T54aOP94AaABAg,@The_Cheesar,Kendrick is indeed what the culture is feeling,2239,17,2024-07-13T04:44:42Z,2024-07-13T04:44:42Z
Ugyntn2zGkYv6P_UUDZ4AaABAg,@Mecca1981,"That wave at the end with that smile during ""Are you my friend"" , that was every bit of ""Nan nan a boo boo"" 😂😂😂😂",1411,4,2024-07-07T00:30:39Z,2024-07-07T00:30:39Z
Ugw1HIlH8Z4Z_pOgwZF4AaABAg,@reddddddddit,Showing drake how many people don't support him is insane dude. Like bro literally gathered the ENTIRE city of La to hate on drake. Drake is cooked dude.,1463,22,2024-07-07T01:31:27Z,2024-07-07T01:31:27Z
Ugz4WKgW3jkB9shJOZV4AaABAg,@BR-qq2gb,South Korean Air Force viral performance bought me back. lol.,3,0,2026-09-02T07:43:54Z,2026-09-02T07:43:54Z
UgzXu46Hz4nODUxYIHh4AaABAg,@beehivebecklam,Never seen Kendrick smile so much this man is in his element with this,872,5,2024-07-05T04:43:51Z,2024-07-05T04:43:51Z
UgzwAYLbAl6gl11ktSp4AaABAg,@Monique1994carmel,"Kendrick, Whitney and their kids dancing to this song is chefs kiss 👏🏻🫡",1380,5,2025-02-17T04:19:38Z,2025-02-17T04:19:38Z
UgydTzXRZGJ1R_bvCZt4AaABAg,@lucasromerova6150,He's gonna have the whole Super Bowl chanting Drake Likes Them Young.,2563,31,2024-09-08T16:06:27Z,2024-09-08T16:06:27Z
UgxCLZFMTIH5KWyR47Z4AaABAg,@adamh6059,"3 hardest diss tracks ever:
Hit em up, no vaseline , not like us",16,2,2026-08-15T09:07:42Z,2026-08-15T09:08:16Z
UgzVW-l1cOa7Ml5kjrt4AaABAg,@ethan17391,Drakes not cooked he’s deep fried and air fried 🙏💀,1001,10,2024-07-08T01:57:12Z,2024-07-08T01:57:12Z
UgxpEMrLYdfgmV3yjxt4AaABAg,@Beshashem,It’s 2025 and this song goes even harder now. Kendrick really called that Karen out 💀,786,20,2025-01-20T16:43:08Z,2025-01-20T16:43:08Z
UgxoDGzf7XGFlji4Xuh4AaABAg,@di5071,WHITNEY DANCING ON THIS GOES SO HARD,9630,75,2024-07-04T23:09:24Z,2024-07-04T23:09:24Z
UgzTZZNYgz5tFVld2FJ4AaABAg,@ItsDR0.1,Double Tap for 500 Million Views cuz it’s still fire 🔥,4,0,2026-09-04T08:29:57Z,2026-09-04T08:29:57Z
UgwFDJG9ucEx7QMRWzF4AaABAg,@ArseetheBx,2 and half years later... still flames 🔥,3,0,2026-09-05T00:08:34Z,2026-09-05T00:08:34Z
Ugw_mq-ROClDZ7PxSUl4AaABAg,@Uncle_Trenbalone,passing these girls like john stockton,4,0,2026-09-07T18:02:25Z,2026-09-07T18:02:25Z
Ugx4zgnZw1CcsQUVe0d4AaABAg,@Weembuzy,Kendrick is the type of person to make a song and post it 5 times and it will still pop off,396,2,2024-07-05T08:04:05Z,2024-07-05T08:04:05Z
UgzroVm2DgvhQjJhTHN4AaABAg,@KouadioprinceotnelYao,flexing on someone with your happy family is BRUTAL,17,0,2026-09-02T16:49:30Z,2026-09-11T07:21:12Z
UgwaX-0kP6gh0NRi-Xl4AaABAg,@dreamzwrlds,This really will go down as the 2024 anthem with how many influencers are being exposed as Pdf files,1093,17,2024-07-30T17:49:09Z,2024-07-30T17:49:09Z
UgyKZ9ZnDpgYu53SZtd4AaABAg,@Dre17079,"The family dance, and the owl in the end is DIABOLICAL",4887,24,2024-07-09T02:44:59Z,2024-07-09T02:44:59Z
UgwlVOhxAjKrRAhXw254AaABAg,@N1Nover,Imagine the conversation you’ll have with your son when this song plays on the radio 20 years later,687,11,2024-12-25T01:00:56Z,2024-12-25T01:01:06Z
Ugxc_mItsPlCfc73vlZ4AaABAg,@Kgoody43,Reminiscing when this dropped,3,0,2026-08-31T17:28:06Z,2026-08-31T17:28:06Z
UgzpfckqI_eZcWhCV1N4AaABAg,@e_yenze,The owl 🦉 seeing him leaving is so iconic 😂😂🙌🙌,459,1,2024-07-05T06:31:51Z,2024-07-05T06:31:51Z
Ugw8JyuiGmYDdinL5_V4AaABAg,@VampiricDrunkard,that hopscotch scene with the a-minor line was diabolical omg 😭😭,572,6,2024-07-05T00:11:43Z,2024-07-05T00:11:43Z
Ugx59prCK6khOEJGHZN4AaABAg,@Shane.doesit,The owl being locked up at the end was the cherry on top 😂,360,5,2024-07-05T02:20:56Z,2024-07-05T02:20:56Z
Ugy_TSLg2Wd6UvO168F4AaABAg,@MelisahWadikgotla,Bro cooked on this one 😫🔥,2,0,2026-09-15T15:42:39Z,2026-09-15T15:42:39Z
UgwBkPbXO_IlD0KV5Mp4AaABAg,@triplex4218,"After two weeks, K dot still at number one this is historical.",858,9,2024-07-22T17:25:54Z,2024-07-22T17:25:54Z
Ugx-V1MPApTq45zRQ_h4AaABAg,@noobslapper476,Kendrick made a NATIONAL anthem with this one,2529,18,2024-07-15T20:52:01Z,2024-07-15T20:52:01Z
Ugw_qWqVR1W17j_fjjh4AaABAg,@byebyebyebyeb,The owl being in the cage is some devious shit (also by DAVE FREE),415,3,2024-07-04T23:20:36Z,2024-07-04T23:20:36Z
Ugy_JQXZKWQwBxIWdV94AaABAg,@daviddang2747,whos here in 2026 !!,32,1,2026-09-07T13:16:27Z,2026-09-07T13:16:27Z
Ugxamy0TOZG5kK7pVQ54AaABAg,@Eggnogeditzz,Kendrick doing 17 pushups instead of 18+ on Drake disstrack is such a power move,527,11,2024-07-05T18:36:53Z,2024-07-05T18:36:53Z
Ugwc7RL4bb74JaBNTqF4AaABAg,@domenickwilson3008,The owl in defesive mode locked up in a cage is a wild metaphor,879,20,2024-07-05T00:16:11Z,2024-07-05T00:16:11Z
UgxbrULKfEdtDirxiwp4AaABAg,@bloo3y_95,"We went there for the diss
Then for the video
Then for the album
Then for the grammy


I'll see you all in the Superbowl",1218,11,2025-02-07T01:55:21Z,2025-02-07T01:55:21Z
UgwAY1ESNzR9LrrBxlZ4AaABAg,@TryRickPayton,Yes baby Kendrick Lamar ❤,8,0,2026-09-05T17:37:40Z,2026-09-05T17:37:40Z
UgwPXBUtTDl9A-Dbl354AaABAg,@K1NGTheodore,Count the push-ups he did 17 because Drake doesnt do over 18,6466,54,2024-07-11T12:47:25Z,2024-07-11T12:47:25Z
UgypLYdCNAQsE_yvSGB4AaABAg,@Shadowzide,Kendrick the type of dude to disappear when a bus drives past him,471,5,2024-08-07T16:30:39Z,2024-08-07T16:30:39Z
Ugwjs1poQyOoG2htT094AaABAg,@hftainc,Run it up!!! Back for third time today!,4018,32,2024-11-26T20:53:11Z,2024-11-26T20:53:11Z
UgwxsPJAcyuAsX8YJ6V4AaABAg,@mattthurman5178,Audio feekle!!!🎉🎉🎉,1,0,2026-09-16T22:43:27Z,2026-09-16T22:43:27Z
UgwXaLBPPrc0HQc-f8B4AaABAg,@christorres1404,Brooo Kendrick really said these rappers buy their clout off vvslikes ,2229,9,2024-07-26T09:35:10Z,2024-07-26T09:35:10Z
UgxUOPphgMWaqbmwD8x4AaABAg,@Wrxyy,Kendrick adding hopscotch on the part of A minor is crazy,436,4,2024-07-05T16:43:25Z,2024-07-05T16:43:25Z
UgxjyEEJqnWcDJNl9KB4AaABAg,@yaboityycv,"That last Scene with the owl was straight up cold 🥶

Edit: I think I caused and argument 😂
Another edit: 300 likes in 40 min jeez",360,5,2024-07-05T16:11:17Z,2024-07-05T16:58:58Z
UgyK6hZ_UWeJbrRxHDJ4AaABAg,@myam4259,Love the way he touched on Bohemian grove with the owl,7,1,2026-08-11T12:43:55Z,2026-08-11T12:43:55Z
UgxNwv4sv16OVEjMgOh4AaABAg,@Shawka-Shakur,THE SECOND LAWSUIT BROUGHT ME BACK !!!,6901,87,2025-01-15T21:40:44Z,2025-01-15T21:40:44Z
Ugxj-A4Kj540pYkr-CV4AaABAg,@lovesanayaaa,kendrick dancing with his whole fam was just the cherry on top lmao,422,7,2024-07-05T07:08:28Z,2024-07-05T07:08:28Z
UgwoWd5VTMk9lGNAfjZ4AaABAg,@DamianHeinz,This deserves 'WORLD PREMIERE' vibes on MTV and BET.,996,10,2024-07-06T10:45:16Z,2024-07-06T10:45:16Z
Ugz6njLvIhpjUUAmghd4AaABAg,@itsIGta,500M 🔥🔥,8,0,2026-09-09T18:28:32Z,2026-09-09T18:28:32Z
UgyD54F32RMONPFoEet4AaABAg,@cocsion,that owl scene at the end is heavy damn..he put it back in its cage😭😭😭😭😭,517,6,2024-07-05T08:12:51Z,2024-07-05T08:12:51Z
Ugxs3gjpi5ualTjNpdZ4AaABAg,@markelgueta,My favorite parts of this video are the few times that Kendrick looks directly at the camera at Drake. When Whitney comes on she also stares directly into the camera too.,455,5,2024-07-05T16:15:46Z,2024-07-05T16:15:46Z
Ugymy1ffbLO17p7W-OF4AaABAg,@2ezRicky,"Nah this was a hit, ain't nothing artificial about this success.",1203,13,2024-12-03T04:03:45Z,2024-12-03T04:03:45Z
UgzNOBCcMRH8JDna5SF4AaABAg,@MJ-ki1yj,Someone said “came back to change the flowers on the grave”,3,0,2026-09-05T23:16:53Z,2026-09-05T23:16:53Z
UgwKG_mrEyu4fEht7eJ4AaABAg,@isaiahschannels123,How can you be a hater and still spread such positivity this is unreal,728,4,2024-07-21T01:18:36Z,2024-07-21T01:18:36Z
Ugw6LIM_tZBlSz8OC9d4AaABAg,@joneschilufya867,100m views in a month for a video that has an audio with 140+ million views is dedication from fans.,992,12,2024-08-11T13:27:44Z,2024-08-11T13:27:44Z
Ugzj5WcXcbhEVRjN5R14AaABAg,@lechaunbryant820,Him dancing over that hopscotch is DIABOLICAL!!!,2307,26,2024-07-06T22:19:18Z,2024-07-06T22:19:18Z
UgwTSWfm-lAZEp12CCx4AaABAg,@bloodykiwi1235,1:31  I'm just saying. Lotta these lyrics apply to the current US politicians,4,0,2026-09-05T12:37:31Z,2026-09-05T12:38:59Z
UgwT8wCzS4cmHXSaOPp4AaABAg,@ChazMoney,It’s been #1 trending for a week now… INSANE,404,1,2024-07-09T04:41:11Z,2024-07-11T04:53:25Z
Ugz5ueAU8U9qCvaCcB14AaABAg,@Profound_Travelz,"The whole HUB city is outside, wife & kids dancing, the owl, and Dave Free directed 😭🔥",341,2,2024-07-04T23:19:09Z,2024-07-04T23:19:09Z
UgwOm59DgQ6S_WXMX014AaABAg,@reneeross6675,The fact that Kendrick seems so unbothered in the entire video is legendary!,828,7,2024-07-12T13:57:25Z,2024-07-12T13:57:25Z
UgyTYTp0aEnVbtHA21p4AaABAg,@Roydmungala,Amazing zambia let's gather here,3,0,2026-09-08T11:15:06Z,2026-09-08T11:15:06Z
UgzppKIRO0wxgnqWiqV4AaABAg,@DavidMilas-b4y,1:09 Kendrick got so much aura even when people sneaking up behind them they still experience it,372,3,2024-07-05T11:35:45Z,2024-07-05T11:35:45Z
Ugxg59HdQYZ_i8uHf5B4AaABAg,@nubianwarriorgoddess9341,To be honest I'm 51 years old and hardly listen to new age I'm more of a 90s rap fan but  baby that young King cut Drake ass up like a lawn mower cuts grass swift and clean,2314,44,2024-07-07T16:15:40Z,2024-07-07T16:15:40Z
Ugx9795EQYbUo3X2FBh4AaABAg,@devin_stephon2244,Kendrick’s life feels like a prophecy at times. The domino’s that led to this point were perfectly placed.,682,17,2024-07-05T09:20:04Z,2024-07-05T09:20:04Z
Ugzr7RM96AyHtdHE5Ed4AaABAg,@delmix6007,"You can chart on the Billboard charts multiple times, but you can't create an anthem",2,0,2026-09-08T16:23:38Z,2026-09-08T16:23:38Z
UgwzkUlbUU4mU3Esy2N4AaABAg,@MajesticTalk,Still not over this. Damn we really watching history happen right before our eyes.,413,2,2024-08-05T21:19:06Z,2024-08-05T21:19:06Z
UgyImCYZKHPNZtqtHJF4AaABAg,@edrausi,bro is breaking the internet with both the song and now the music video 😭🙏🏽,376,8,2024-07-05T00:35:15Z,2024-07-05T00:35:15Z
Ugwz0DmcKwmaQ3HjNmt4AaABAg,@devinthompson9627,The dance with his family is such a chefs kiss,1865,20,2024-07-05T06:58:22Z,2024-07-05T06:58:22Z
UgwyK8FNcYHjgaIlmAN4AaABAg,@gdlksoundpresentsgodlikemusic,2026 they dropped 3 albums and they still not like us,4,0,2026-08-29T10:46:27Z,2026-08-29T10:46:27Z
UgxDF7ExnB22d1_ewEN4AaABAg,@recognizefuturegreatness8998,100 Million in a month. Biggest diss song of all time. King Kendrick,696,12,2024-08-12T22:38:09Z,2024-08-12T22:38:09Z
Ugzcbzw55NIrN-drcLx4AaABAg,@mr.editzz786,Ay bbl drizzy your funeral wont be forgotten😭 bro really took one for the rap community SACRIFICED himself and made kendrick go on a UNFORGETTABLE run after all the ass music coming out lately🥲,381,18,2024-07-05T04:42:13Z,2024-07-05T04:42:13Z
UgxK4IoFZwWSju9kcBR4AaABAg,@phúcpyro,"""Now you all want to do it again ?"" just hit universal",442,2,2024-07-07T12:31:20Z,2024-07-07T12:31:20Z
Ugyh1XGMRYiiy03IrAZ4AaABAg,@michaelruiz3392,We know why we here,12,0,2026-08-11T01:53:16Z,2026-08-11T01:53:16Z
Ugxd9mxGr6wNWEoSqAJ4AaABAg,@RandompersonL2,The fact he got his family in this video is crazy😭,1246,19,2024-08-06T14:08:46Z,2024-08-06T14:08:46Z
Ugypoy8K3pcAJSEBC5F4AaABAg,@RafaelCalderon-g6y,Kendrick putting Compton back on the map since EAZY-E ... ERA,471,5,2024-07-10T23:36:31Z,2024-07-10T23:36:31Z
UgzKyYNmV2KCZaSRp3V4AaABAg,@DZandima,No. 1 for 8 days straight. Kendrick is undisputed.,897,11,2024-07-13T07:01:39Z,2024-07-13T07:01:39Z
Ugybgktj6WeNbQ8h2iZ4AaABAg,@ReeseM-l1l,This is the song we needed ❤,6,0,2026-09-02T02:31:19Z,2026-09-02T02:31:19Z
UgxAn4NQhYf90FwAAhp4AaABAg,@MoBuckz614,Just here to confirm I’m not a bot 😂 I hope this is a part of the Super Bowl set list.,357,7,2025-01-15T21:11:51Z,2025-01-15T21:11:51Z
UgwvM-WVva3wFE5nByR4AaABAg,@hannahdice,i love how after kendrick swears at tommy he’s put in the corner,374,7,2024-07-10T09:14:00Z,2024-07-10T09:14:00Z
UgzX5bP66r-r7L44kF94AaABAg,@Alphacat,Whitney C walking with the family was HEAT 😂🔥🔥🔥,1491,13,2024-07-05T04:51:23Z,2024-07-05T04:51:23Z
UgwiEVlzq0M3sG1i4MJ4AaABAg,@MichaelJuma-l6f,The tables have turned and I strongly claim this positive energy.Amen ❤❤,3,0,2026-08-28T11:41:56Z,2026-08-28T11:41:56Z
Ugxv7ycAea3AB5CmMJt4AaABAg,@christontucker,the way these Kendrick diss tracks are aging like fine wine is so satisfying mann,401,5,2025-01-26T15:24:52Z,2025-01-26T15:24:52Z
UgzmfQW46xjk3xbJkk14AaABAg,@804MRMAN,"*I just noticed the long old school afro pick. Seems like that was an ode to Pusha T saying ""Mad because your fro wouldn't nap enough"" to go along with ""Is it the braids""* 😂",352,5,2024-07-08T00:59:40Z,2024-07-08T00:59:40Z
UgyFjVjv8DktDXPFEvR4AaABAg,@andrebelcher9096,"I dont think anyone can understand the feeling of joy i get from seeing the whole city unite, KDot exposing the canadian, every calculated move/scene in this video, TDE standing Ground, Whitney and their kids, Kendrick IS THE WEST COAST.",361,8,2024-07-05T17:18:18Z,2024-07-05T17:18:18Z
Ugxm0_7COhKyNFbs_jJ4AaABAg,@sibeon45,Anyone get reminded of this after drake barked for that goth girl 😭😭😭,53,3,2026-08-11T17:18:36Z,2026-08-11T17:18:36Z
UgxTHpa-H-gMPoLgW4R4AaABAg,@Justhere339,The culture is in fact feeling Kendrick,1769,15,2024-07-08T00:29:02Z,2024-07-08T00:29:02Z
UgzJDgYz0u2npchqGcx4AaABAg,@En1gmat1c1,The fact Kendrick is in the middle of that crowd is wild! That is awesome moment for the culture itself.,801,11,2024-09-03T15:02:04Z,2024-09-03T15:02:04Z
Ugwt7XfwR_TqYCPhu7Z4AaABAg,@Tessa-en8sd,His wave made the song look innocent at the end..like he didn't just end smn's career😭💀,334,10,2024-07-21T22:46:19Z,2024-07-21T22:46:19Z
UgztnJoIcXyVVrdBWxl4AaABAg,@moocher7336,"This track has put them  all on the spot, even  after they are gone.",2,0,2026-09-11T14:15:26Z,2026-09-11T14:15:26Z
Ugwu_qk_FJrGxiWzhdN4AaABAg,@Tropic_Thunderzz,12 days later still #1 trending on YouTube,582,8,2024-07-17T14:33:02Z,2024-07-17T14:33:02Z
Ugy0S1Oh3ERRFBnZUOZ4AaABAg,@blkkkskkknhed,That owl at the end of the vid was the cherry on top 😂😂😂,443,5,2024-07-05T04:45:52Z,2024-07-05T04:45:52Z
Ugw5ZSiuRRGGQv3g3N94AaABAg,@BackcourtMemes,please let this man become the first person to win a Grammy off a diss track 🙏 🙏 🙏,2741,135,2024-07-05T03:22:53Z,2024-07-05T03:22:53Z
Ugz2CdFXWDf7LZ5Fbap4AaABAg,@ToibaLol,nostalgia,3,0,2026-09-08T17:00:41Z,2026-09-08T17:00:41Z
UgylggevOhJ2IZdV45J4AaABAg,@BobbyScott-xw5gg,Kendrick that beginning flow was crazy 😭😭,1032,11,2024-07-05T08:41:23Z,2024-07-05T08:41:23Z
UgwY5pub_9iGCqhwI1B4AaABAg,@Tsigral,The owl in the cage is so cold. I love it,1504,16,2024-07-05T03:18:19Z,2024-07-05T03:18:19Z
UgwXBs9gP1LVCJyU2Jh4AaABAg,@mymatt1,Ending with the caged owl. Kendrick is a menace 😂,869,11,2024-07-05T11:49:56Z,2024-07-05T11:49:56Z
Ugw4X8PL7wEnN4mck054AaABAg,@KrazyCaN347,500 million club!!!,3,0,2026-09-08T15:56:55Z,2026-09-08T15:56:55Z
UgwLK2UO2o2Z3-hJ0SF4AaABAg,@solarthelight,"The longest, most iconic burial EVER. So many moments to talk about in this piece of art. DAMN.",666,14,2024-07-05T01:04:53Z,2024-07-05T01:04:53Z
UgywLT_veZXqa---ygF4AaABAg,@evanmatthews9524,Having the family in the video and ending with directed by dave free is cold.,362,2,2024-07-25T22:05:30Z,2024-07-25T22:05:30Z
Ugw_UxLlrvyq-yx40CB4AaABAg,@adamwatts2000,That owl was scared and hunched down in submission. this was art,1165,15,2024-08-17T14:34:49Z,2024-08-17T14:34:49Z
UgweZlPmiSKWgt9O1jJ4AaABAg,@leanolaone6431,Still can't get over the fact he called that dude a colonizer🤣🤣🤣🤣,3,0,2026-08-29T18:15:09Z,2026-08-29T18:15:09Z
UgwPWfb47AZjNHj6ENB4AaABAg,@GhettoKid-zo6jx,Not enough people are talking about how the snippet in the beginning is fire 🔥 🔥🔥,708,16,2024-07-05T04:47:48Z,2024-07-05T04:47:48Z
Ugx_-lW4sD9gDZ9u_C54AaABAg,@mraihan7400,"I’ve never seen someone make a music video of a Diss track and get a whole town to feature on it. This is the first time i’ve seen someone do it because i thought diss tracks were supposed to be made with a lowest effort possible.
KDot and his compton crew is on another level. 🔥😭😂",728,14,2024-07-05T01:33:34Z,2024-07-05T07:19:12Z
UgxzK-dnuDmsH0_4KBh4AaABAg,@Liam-j2w,"I like how he added that extra part at the beginning, he should make a whole song about it",683,7,2024-08-12T04:06:53Z,2024-08-12T04:06:53Z
UgwcTctK9LxoXw0yLut4AaABAg,@Richbossi,R.I.P all Rappers😢😢😢😢😢😢,2,0,2026-09-05T09:22:14Z,2026-09-05T09:22:14Z
UgwjnV1dkTY-Wjbzyld4AaABAg,@webkarma9654,It’s wild that this became the 2024 internet anthem due to all to pdf file drama that happened this year,646,8,2024-08-24T15:40:08Z,2024-08-24T15:40:08Z
UgwsgNI9M9_vfbOkCs54AaABAg,@jones192,The fact that Kendrick has a Pulitzer prize is even more  insane.,494,7,2024-07-10T21:29:39Z,2024-07-10T21:29:39Z
UgwCWbQMvUGhEftc7HZ4AaABAg,@wadewilson7985,"hitting the ""A-minor"" line WHILE hopscotching (which is a kids game) is diabolical work",467,5,2024-11-07T15:53:06Z,2024-11-07T15:53:06Z
UgyQGmfZW6EIXzyswJx4AaABAg,@GuiAlmeida,MINOOOOOORSSSSSSSSSSSSS,3,0,2026-09-14T12:00:25Z,2026-09-14T12:00:25Z
UgztZAJ37MGuOxvoPwd4AaABAg,@MrSupedoSpade,Yup. Still bangs. Good luck in court Aubrey,17490,101,2024-11-26T01:36:26Z,2024-11-26T01:36:26Z
UgwQ0xTc4y0PMPezl894AaABAg,@ag742_,"This is the definition of knowing when to pick your battles in life. That boy ego came out and Kendrick shut it down. Some people you just know not to mess with, this what happens when you lose respect. Kendrick just proved again, why he’s solidified. This one for the history of RAP. I fw both but I’m glad we got to witness this. This event as big as the superbowl 49ers vs Ravens in 2013, where they had a blackout.",362,8,2024-07-06T15:31:56Z,2024-07-06T15:46:23Z
UgxgG2yogoMvgWDk1St4AaABAg,@soft_whisper_light,"5 grammys awards, a lawsuit, a superbowl halftime show❤",1106,16,2025-03-15T14:04:07Z,2025-03-15T14:08:38Z
Ugygqs8vESkRUcdkfdt4AaABAg,@nadiabouyahia7987,❤❤❤❤ finally JUSTICE we love you PAC ❤❤❤,6,0,2026-09-03T13:05:46Z,2026-09-03T13:05:46Z
UgyttRDnFuvh5suS1rx4AaABAg,@dandres333,This just gets better and better with time. It's incredible how every bar is getting quoted again and again with a new different context,860,6,2025-01-28T01:47:47Z,2025-01-28T01:47:47Z
UgwUwHDBBXhwitRcRix4AaABAg,@user-vx7bx5mh1p,"1:36 “DISCLAMER, NO OVHOES WERE HARMED DURING THE MAKING OF THIS VIDEO.” 
*That got me laughing so harddddd* 🤣🤣🤣",847,10,2024-07-05T11:59:54Z,2024-07-05T11:59:54Z
Ugwdi6u1HVP7z8jFoJN4AaABAg,@lenalongbottom80,Kendrick looking fine as HELL in this video too. Man is thriving.,373,13,2024-07-05T16:23:49Z,2024-07-05T16:23:49Z
Ugw_XkOs0QgFPZhlHYN4AaABAg,@newtechscoding5332,One word Art!,5,0,2026-09-03T13:47:07Z,2026-09-03T13:47:07Z
UgzTT8LyBYBw3uICchx4AaABAg,@RobeLifeNetwork,"Bro got COOKED 🔥

RIP Wheelchair Jimmy 👨‍🦽🙏",1577,15,2024-07-05T20:36:01Z,2024-07-05T20:36:01Z
UgzFVfYRGVg9FXMOwNN4AaABAg,@BrioHQ,That caged owl was a STATEMENT,504,9,2024-07-04T23:39:04Z,2024-07-04T23:39:04Z
Ugzeh1VCoR6zax2gkF14AaABAg,@yoknowledge9245,The Demar Derozan mean mug literally justifies the authenticity of this message 😭💯💯,484,8,2024-07-05T04:07:08Z,2024-07-05T04:07:08Z
Ugz7eHq0wHs2o8bUnSx4AaABAg,@adriel.013,Bro is hitting 500m 🔥🔥🔥,4,0,2026-09-06T18:00:20Z,2026-09-06T18:00:20Z
Ugw9tbofKO1TLAxj_6F4AaABAg,@tomchilufya7833,"When he rapped that
.. ""I pray they are my real friends.. If not am YNW MELLY"" .. I knew he was aiming at his jugular 😂",372,7,2024-07-05T11:58:59Z,2025-09-24T13:02:02Z
UgzBZoAUaiXK0MF-lzx4AaABAg,@alberito4632,Its still number 1 on trending 😭😭 this is drake's nightmare,3108,35,2024-07-13T00:42:53Z,2024-07-13T00:42:53Z
Ugzg7gRhe_nh7-7-TyR4AaABAg,@A.R-ol5vm,"With the breakdown about Atlanta Kendrick also made it such a way that if any black artist works with Drake, they’ll be considered a sell out or a traitor to the cause 😵‍💫😩",601,8,2024-07-06T02:32:17Z,2024-07-06T02:32:17Z
Ugyy7LdvyqfvMHcHPNl4AaABAg,@jkyotikhiphop4730,South Korean Guy Giving another Push to this😂,4,0,2026-09-03T04:47:56Z,2026-09-03T04:47:56Z
UgzPJ5qZhGrlB6SKkJB4AaABAg,@erynvarnellefloriejean-lou8905,THE OWL IN THE CAGE GO CRAZYYYY,581,5,2024-07-09T14:57:07Z,2024-07-09T14:57:07Z
UgxIS64XmIPiq64m30d4AaABAg,@vamplex,"3:05 Kendrick saying ""how many stocks do I really have in stock"" in a suit really hit different",342,3,2024-07-04T23:11:30Z,2024-07-04T23:11:30Z
Ugxn4t-KDPzr6McmJNx4AaABAg,@UmiNoOto,Nah the owl in the cage at the end is crazyyyyy 😭😭,365,6,2024-07-05T03:42:03Z,2024-07-05T03:42:03Z
UgzJJnNlGolMJhWfBct4AaABAg,@Frtunna,ANYONE HERE TODAY? NO MATTER THE DAY,33,1,2026-09-01T18:24:58Z,2026-09-01T18:24:58Z
UgyJ9MBLFGVqKntXCQB4AaABAg,@michaelray1320,Kendrick barely moving while everyone else loses their mind is Legendary.  Gets me going everytime,662,1,2025-05-10T00:15:10Z,2025-05-10T00:15:10Z
Ugxp0X6o_cO9qWujdrp4AaABAg,@stuckin1945,"still grooving to this even during my birthday, he really is him 

edit: thanks for the greetings it means a lot yall",422,7,2024-09-04T00:10:16Z,2024-09-07T05:24:13Z
UgzV3UxkC8hMmMsPJN54AaABAg,@Mosshead999,"This ain't diss , it's universal anthem",501,4,2024-07-06T08:52:17Z,2024-07-06T08:52:17Z
Ugy1YxkHKT2vEncZCbB4AaABAg,@February14Hundo,""" O.V HO "" ♾️🌍🌕🪐💯🔐",3,0,2026-09-04T06:06:36Z,2026-09-04T06:06:36Z
Ugz7lQP-ikXD3taV7x54AaABAg,@charlesmot54,"Hasnt aged poorly one bit, still #1
Kendrick on top",491,6,2024-07-16T05:50:04Z,2024-07-16T05:50:04Z
Ugy-lEmLJe3RhRDNcfR4AaABAg,@BySonic8808,"It's amazing that he won the Grammy and did the Superbowl show in the same week,  love to Kendrick",381,3,2025-02-18T16:04:21Z,2025-02-19T16:34:33Z
Ugybz2tVZviJjr6zF-N4AaABAg,@p.a.p.5212,honestly this guy has developed another level of discipline. and respect for his mind and body. energy is different,331,5,2024-08-25T22:28:18Z,2024-08-25T22:28:18Z
UgyqIR9tN8DFof61hn94AaABAg,@Girlyjock0119,"Half a billion views and every one of them earned 💯💯
hell, half of them are mine 😅😅
🔥🔥🔥🔥🔥🔥",3,0,2026-09-07T23:25:33Z,2026-09-07T23:25:33Z
UgxUzgubfJoIUOf2GpJ4AaABAg,@Jean-ClaudeBoutros,From the Owls perspective theres no cage 👀 from Kennys’ perspective he got em in a box… such a beautiful lil detail.,567,10,2024-07-07T02:39:55Z,2024-07-07T02:39:55Z
UgzgdpRA7rm6hilA5IJ4AaABAg,@NoMoreDram,"Damn. Here after the Super Bowl. All I can say is this is genius. Knowing what we are learning about the Billionaire, Millionaire pervs and their moves. This video IS SOOOO much more. So many goose eggs in it.",909,12,2025-02-10T14:53:22Z,2025-02-10T14:53:22Z
UgzEaaFV3uDhRvaESn54AaABAg,@aleksf01,That owl scene is cold,2139,19,2024-07-13T19:09:33Z,2024-07-13T19:09:33Z
UgzpuxASgcWN8yxwCx94AaABAg,@lunaaccermen,IS ANYONE GONNA APPRECIATE THE DARN OWL1? IS SO PRETTTY,2,0,2026-09-05T03:58:06Z,2026-09-05T03:58:06Z
UgxwcRTQ106ufRbkSlV4AaABAg,@DaltonStice,"Kendrick rapped so chilled on the video, damn, fireeeee",560,7,2024-07-29T10:40:08Z,2024-07-29T10:40:08Z
Ugw_9VyLCChtkzvKpPF4AaABAg,@pharaoh_parker,Drake the first rapper to loose the same rap battle TWICE.,822,13,2025-10-10T06:48:31Z,2025-10-10T06:48:31Z
UgxyRPlrQB-HgEAyVzN4AaABAg,@JakeSmith-pg7ps,The owl at the end was diabolical,631,4,2024-07-05T03:57:06Z,2024-07-05T03:57:06Z
UgzKK0BqbgDISGiTn-p4AaABAg,@Listen3333,Killing the game,3,0,2026-09-03T14:55:44Z,2026-09-03T14:55:44Z
Ugy675SVOoJYkWyXMQp4AaABAg,@TOOnyc1,The OVO bird at the end caged up is diabolical 😂😂🔥🔥,425,7,2024-07-05T05:28:19Z,2024-07-16T00:56:56Z
Ugy_YG_gfPoA6dxoLPB4AaABAg,@streethypetv6029,That Owl in the Cage Was Surgical!🔥🔥,616,12,2024-07-04T23:43:05Z,2024-07-04T23:43:05Z
UgyP3QBeLSWJtfWVwNJ4AaABAg,@bubblesnopEmporium,No way this is STILL trending at #1 for music,1138,15,2024-07-11T19:12:59Z,2024-07-11T19:12:59Z
UgxNRvftwlYZcNv_OBR4AaABAg,@josecisneros-martinez3067,I'm a colonizah.,3,0,2026-09-11T03:23:53Z,2026-09-11T03:23:53Z
UgwnhU40-JX2DeErkKt4AaABAg,@kei.viaৎ,"BRO MY DAD IS OBSESSED WITH THIS SONG I CANT ESCAPE IT 😭







Anyways, Drake is cooked 🙏🔥",492,8,2024-07-10T05:25:02Z,2024-07-15T15:45:51Z
UgyftPPdJb7k64G0_Gh4AaABAg,@joebaws4117,The amount of history this song has made is insane… like literally the wikipedia for this song is as long as history events 😂 and it’s only getting bigger,627,4,2025-04-03T18:13:59Z,2025-04-03T18:13:59Z
Ugx0ut79jojHv2yjAz94AaABAg,@stackywarbucks,The Replay Value on this track is insane it gets better and better,688,18,2024-09-01T02:12:31Z,2024-09-01T02:12:31Z
UgyVWAxagqv5G63DGzp4AaABAg,@sergiooficial15,The Best,5,0,2026-09-02T13:23:15Z,2026-09-02T13:23:15Z
Ugzd8zB-SKIlwi8lhl54AaABAg,@ninoloko69,having the whole city dissing you is crazy 😭,494,9,2024-07-04T23:30:51Z,2024-07-04T23:30:51Z
Ugw0VALA-e17TKdLoaZ4AaABAg,@Harmlesshippie,He really sound like him and pac would duo the entire rap industry and I’m here for it,583,14,2024-07-21T14:09:26Z,2024-07-21T14:09:26Z
UgzpTQAq6dA3EueEY2x4AaABAg,@alightthatnevergoesout,I will always respect and appreciate that his way of insulting someone was to create a music video showing how loved he is by his city and family.,443,4,2025-04-12T14:16:26Z,2025-04-12T14:16:26Z
UgwjH4FC8YI_ELcYaCF4AaABAg,@Bfor_gojo,I like the intro,2,0,2026-09-09T00:03:20Z,2026-09-09T00:03:20Z
UgyLwmi3u4vrodJVDyd4AaABAg,@federicagandolfo8144,"the owl in the cage is something else, love u Kendrick",680,13,2024-07-05T07:56:18Z,2024-07-05T07:56:18Z
UgyyUJO6V8Qj8kaM0iR4AaABAg,@orravalb,"Caging the OWL and Kendrick monitoring him like... ""you're exactly where you belong,"" is symbolic BRILLIANCE.",373,5,2025-02-18T00:57:11Z,2025-02-18T00:57:11Z
UgwkIgEvYd9wuH3zkI54AaABAg,@Hepheat75,This song is truly the anthem of 2024.,627,8,2024-07-25T01:17:00Z,2024-07-25T01:17:00Z
UgwwsOMeONX7GDvNdCZ4AaABAg,@Nurullah-f7s,Come to gala❤💛,5,0,2026-09-02T17:29:15Z,2026-09-02T17:29:15Z
Ugyif_6cWxnCJn3lGXJ4AaABAg,@draxtic_,Kendrick gave drake a fatality with that superbowl performance. 😂,1594,10,2024-07-05T06:05:45Z,2025-02-14T20:29:57Z
UgxPXiZp6yoEd8W04TV4AaABAg,@dbucks44,90 Million in 4 weeks is outrageous,855,20,2024-08-04T17:26:11Z,2024-08-04T17:26:11Z
Ugw4lTcGLtqzjC2Cowx4AaABAg,@JJK-god-69,"This bro, so popular, his song played at a hockey game, a soccer game and a football game. That’s just crazy and everybody was Vibing lol 😅

Ty for all the likes top Gs


And I just came back from the Super Bowl  lol 😅",463,15,2024-10-02T22:07:16Z,2025-02-10T21:26:23Z
Ugzds9biBhgcI-VcB4l4AaABAg,@saki4929,500mil 🎉🎉🎉,7,0,2026-09-08T08:38:58Z,2026-09-08T08:38:58Z
UgyoquE4YTp1HYZu4Od4AaABAg,@amirabella7255,i love how he is so proud of where he is from and also i fee like he is the only one who is representing the real core of hip hop,1267,14,2025-02-19T16:11:15Z,2025-02-19T16:11:15Z
UgwhkFkWdo8WC7JAZ9N4AaABAg,@SpiderJAAM,"1:36 I never thought that a man hitting a piñata would go this hard, but here we're 💀🔥",417,7,2024-07-04T23:37:02Z,2024-07-04T23:37:02Z
Ugxx1bs3cu2rChHX6v94AaABAg,@gazac5018,THW OWL IN THE CAGE AT THE END IS DIABOLICAL,586,18,2024-07-07T13:35:55Z,2024-07-07T13:35:55Z
UgyGZGdQpaQ6vynHDpl4AaABAg,@missb6810,500M views 🔥🔥🔥🔥,5,0,2026-09-08T12:04:58Z,2026-09-08T12:04:58Z
Ugx1tcGb-17n0CPr54N4AaABAg,@cooperh9824,THE SNIPPET AT THE BEGINNING I NEED THAT WHOLE SONG,1343,30,2024-07-05T05:17:02Z,2024-07-05T05:17:02Z
UgyYwmTq-thFFE0Slh94AaABAg,@likwuid,"I'm at least 1M of these plays, cuz this song is my rain sounds for night sleep.",594,6,2025-06-12T07:44:55Z,2025-06-12T07:44:55Z
Ugz0tCFbdlTM7Um7WM54AaABAg,@sushi_rolld,he a 🪭 he a 🪭 he a 🪭,357,2,2024-07-09T00:30:19Z,2024-07-09T00:30:19Z
UgzmJ-ynt4GAD0-2pqd4AaABAg,@germissaclayhall2634,Every time I watch this video I see something different. That's EPIC💜💜💜💜💜,2,0,2026-09-16T04:39:47Z,2026-09-16T04:39:47Z
UgzdbJtn-Encze_JnDt4AaABAg,@Chagafinder,"Revisiting a couple months later, this is wild.  Kendrick took this way further than I ever thought.  When 'like that' dropped I never thought this is how it would end.",602,8,2024-10-14T16:23:29Z,2024-10-14T16:23:29Z
UgzOCKW6LGUbm-JHmw94AaABAg,@vipersnipes-dw7fe,k dot still holding number 1 even after a whole eminem album dropped mad respect,674,24,2024-07-16T00:17:36Z,2024-07-16T00:17:36Z
UgxhT2ySC9qLYkuTbLp4AaABAg,@badassocs8824,That Crip Walk In The Beginning Hits Different 🔥🔥,459,9,2024-07-11T15:16:33Z,2024-07-11T15:16:33Z
UgxNiPOElOp3MtUd6R94AaABAg,@PatriziaMoro-f5i,"🎉...Rainy day by the seaside..It doesn't matter,  with NOT LIKE US we'll get sunshine fun, always ❤😂❣",3,0,2026-08-28T10:36:13Z,2026-08-28T10:36:13Z
UgxhZ_F6BocLK_aUiQ54AaABAg,@JazzyMac,KENDRICK. THAT’S THE POST. ✨,369,3,2024-07-05T15:29:58Z,2024-07-05T15:29:58Z
Ugx1isOebziwCwAF8bl4AaABAg,@truthspeaks281,"Man I'm sitting here high and was just thinking. This is literally a black anthem. It's the Say it Loud, I'm Black and I'm Proud by James Brown of the new generation. This is actually bigger than what people think. It still plays everywhere. The reason that it's so big is because any race can say  the chorus and be correct.😂😂",503,29,2024-08-07T05:23:07Z,2024-08-08T15:08:36Z
Ugyge-Puqj9HGRwYXp14AaABAg,@dreamzwrlds,"Now kendrick needs HIS own Superbowl performance.

Edit: 💀💀💀💀💀",337,12,2024-08-29T04:52:32Z,2024-09-08T16:39:46Z
Ugyro5VJX5QAFGOUGb94AaABAg,@mohameddheeg2558,"Arino, freeking.😎",3,0,2026-09-10T17:02:44Z,2026-09-10T17:02:44Z
UgyW_nXNCEQttn1qL6l4AaABAg,@EminentedGuy,"Can i just say that most of us want a extended version of the song at the start.
Like it would actually be fire 🔥",466,8,2024-08-13T21:48:03Z,2024-08-13T21:48:03Z
Ugy9IkTiT0UfL0i_fUt4AaABAg,@JeanaAshley-ww7cy,The owl in the cage gives me chills every time,585,17,2024-07-30T01:24:44Z,2024-07-30T01:24:44Z
Ugxb9l4MFVEV_2J6Lph4AaABAg,@REDBowllTheDevil,the end with the owl was cold af,511,5,2024-07-09T15:47:24Z,2024-07-09T15:47:24Z
Ugy479euJ88Dc7Zb9nR4AaABAg,@deana6072,FOMO this Tuesday 🦉,13,0,2026-09-12T10:55:46Z,2026-09-12T10:55:46Z
Ugzzrs-v6w4PZta0Zux4AaABAg,@jackiepena6898,"""You malibus most wanted ""gets me everytime",344,3,2024-07-10T11:15:03Z,2024-07-10T11:15:03Z
UgwJAX1hPwvN8sR0TBh4AaABAg,@LadyTamaraG,"1 year ago today, the biggest rap diss was released. 

Happy 1 year anniversary.",711,20,2025-05-04T22:35:54Z,2025-05-04T22:36:50Z
UgxGjHvfD67MzVexmk14AaABAg,@peayeah,Just loved how Kdot went to war looking so calm ☠️,433,8,2024-08-23T08:12:26Z,2024-08-23T08:12:26Z
UgzFFri8yzmazphqKt94AaABAg,@jacksonteller2387,Kendrick 🙏❤️🥲🥰😇❤️😎,6,0,2026-08-19T07:47:51Z,2026-08-19T07:47:51Z
UgwFKjWn7XDwsqQQIkZ4AaABAg,@Luno_was_here,This will be one of those videos we will look back at in 10 years,323,9,2025-01-07T19:06:49Z,2025-01-07T19:06:49Z
Ugxd4Dq8uyN41Pfe0U54AaABAg,@BlueEagle600,"🗣️Bro Kendrick this song didn't just break the internet, it broke the whole world. Drake started beef and got all the smoke",632,17,2025-03-04T23:37:40Z,2025-03-04T23:37:40Z
UgyENmPtoyafqcIu91h4AaABAg,@FuriousCrowOfficial,His kids were feeling the beat😭💀,365,8,2024-07-05T01:33:39Z,2024-07-05T01:33:39Z
UgzG_vWwHgdMMnQeekB4AaABAg,@KhanglBorko-g6w,"Shape the stories how you want 
Hey drake they're not slow , just make sure you hide your lil' sister from him.
Holy shit Kendrick calm down",3,0,2026-09-05T05:47:02Z,2026-09-05T05:47:02Z
UgyWzBglKC83fcUcf-h4AaABAg,@moh2snono-lh9fe,"4:18 ""he a fan , he a fan , he a fan"" 🥶",395,18,2024-07-10T15:26:55Z,2024-07-10T15:26:55Z
Ugy2PiVIc5U3WdZEdg14AaABAg,@alexiswright8789,Pac is so proud,471,6,2024-08-24T00:54:19Z,2024-08-24T00:54:19Z
Ugw0sm7PdHu2QSEmwQx4AaABAg,@NealBones,Having Dave Free co-direct is wiiiiild 🤣🤣,324,8,2024-07-05T06:35:49Z,2024-07-05T06:35:49Z
UgztTdAwrHxB6_U7hAV4AaABAg,@BohlaleSelekedi-11,WE HERE 2026 INCASE THEY'VE FORGOTTEN WHO STILL HAS THE CROWN 👑,3,0,2026-08-15T15:03:19Z,2026-08-15T15:03:19Z
UgzQFtB3E5BTWTrX9q14AaABAg,@oluwadaraarmstrong-mensah7405,100 million views in a month? #1 top music video in the US? KDot the Goat don’t tell me he fell off no more🐐,337,13,2024-08-12T23:07:05Z,2024-08-12T23:08:46Z
UgwlGtDjJNvDh2NOV8d4AaABAg,@mminionnn,That beat at the start NEEDS to be a song,505,22,2024-07-14T04:30:03Z,2024-07-14T04:30:03Z
UgzWkDcPsXdVtm92Blh4AaABAg,@Pand4_x,Praying he performs this at the Super Bowl😭🙏,800,28,2024-09-13T15:11:28Z,2024-09-13T15:11:28Z
UgzvZ18Lk_ovhSAUOPl4AaABAg,@terryjackson324,"And the thing is Drake isn't the only one, these types are everywhere in entertainment.",2,0,2026-09-08T20:42:28Z,2026-09-11T23:43:50Z
UgyWqLE1xhdYAJhutSd4AaABAg,@RobeLifeNetwork,The robe community approves this diss 👘🙌,392,9,2024-07-05T22:06:54Z,2024-07-05T22:06:54Z
Ugx_nmSzMl4Xu5L79Ot4AaABAg,@superfresh.airfreshner,Whattttt😂we still here!,396,23,2026-01-22T21:21:12Z,2026-01-22T21:21:12Z
UgzNxYepK_LGYVDG0jZ4AaABAg,@spvc4696,1:03 dude the bit with the Bible still gets me every single time too 😂😭,386,17,2024-07-05T14:55:38Z,2024-07-05T14:55:38Z
Ugw4hJ2pnGZDN51kZJ54AaABAg,@thiagoT3gt,"Bro, brutal",3,0,2026-09-12T20:16:17Z,2026-09-12T20:16:17Z
Ugzn0byIbn00DSLqQr14AaABAg,@Animezarad,"I like kendrik , and hypestkey for windows 11 pro keys",4554,6,2025-05-26T17:25:21Z,2025-05-26T17:25:21Z
Ugyyxatm_1F0To8IMqp4AaABAg,@Lil-yaya2qt4u,Untouchable Kendrick 1:09,317,12,2024-07-04T23:05:27Z,2024-07-04T23:05:47Z
UgzOCzGtwRYJdzoZTfR4AaABAg,@KyeWashington-v5i,2:43 Drake said if I ever see a Demar derozen jersey I will personally climb up and tear it down myself 🤣🤣🤣,2,0,2026-08-27T13:42:26Z,2026-08-27T13:42:26Z
UgxMUBvz707h4AY8sLB4AaABAg,@Scary.D,WE’RE BACK 😭😭😭,3,0,2026-08-23T17:05:19Z,2026-08-23T17:05:19Z
Ugz6BvjkKbktYNQ7p-B4AaABAg,@theheartbreakkid-bz2ue,500 million 🔥🔥🔥🔥🔥🔥🔥🔥,3,0,2026-09-08T19:26:14Z,2026-09-08T19:26:14Z
UgzqP4Wr7_M_gIrA-Kh4AaABAg,@NAHOMMENGISTU-f9u,the owl🥲,2,0,2026-09-08T09:50:18Z,2026-09-08T09:50:18Z
UgxNGbcYjKUM0f7g1sd4AaABAg,@PatriziaMoro-f5i,🎉😂...It's always a stunning party when we laugh and have fun😂..That is what KENDRICK❤ made for our daily wellness ❣,4,0,2026-08-16T10:27:21Z,2026-08-16T10:27:21Z
UgzBYtH4XnjUov695S14AaABAg,@MarieLaureAmpea,oh my God is so beautiful ❤️🥰,5,0,2026-08-18T19:32:44Z,2026-08-18T19:32:44Z
Ugz1S7W0usixJdacGkZ4AaABAg,@longcucsuk2969,THEY NOT LIKE US,2,0,2026-08-26T06:26:12Z,2026-08-26T06:26:12Z
UgztXsiRFV1SpB7TkUt4AaABAg,@NdayisabaEric-c7f,2026 anyone😀😀,9,0,2026-08-31T09:55:42Z,2026-08-31T09:55:42Z
UgyFlwOe-8iI5r6aQ6N4AaABAg,@Seam-blox,Even granny roasting drake bro😭💀🙏,4,0,2026-08-11T00:23:26Z,2026-08-11T00:23:26Z
UgyIMbDFpya_KFIylCl4AaABAg,@roadrunnerjt,Had to refresh my mind,3,0,2026-08-28T18:42:31Z,2026-08-28T18:42:31Z
UgwItAqieHJRcbc0CY54AaABAg,@PatriziaMoro-f5i,😂...NOT LIKE US in the middle of the working 🎶 🎵  The shorter jump to see weekend from here...And  start to be happy ❣,2,0,2026-09-09T09:27:14Z,2026-09-09T09:27:14Z
UgwRvX1VpgW4keTm5Yx4AaABAg,@MckayAaron,AUG 2026 still here👀,4,0,2026-08-27T18:05:48Z,2026-08-27T18:05:48Z
UgwRoteTc7Irl_wzpm14AaABAg,@BUDDY_THE_UNICORN-BUD,1:03  this lyric is hard,3,0,2026-09-03T11:03:17Z,2026-09-03T11:03:17Z
UgxCh9NzaVeDixQlPSV4AaABAg,@MATRODITH,Anyone else notice how his “family matter” line sounds nothing like the rest of the song? Without a doubt he recorded that in the 59th minute of the 11th hour. Absolutely iconic move!,1,0,2026-09-01T00:42:59Z,2026-09-01T00:42:59Z
Ugz6x_E1oZlSlN9xBIB4AaABAg,@Farman88769,Kendrick for president ahh fans,1,0,2026-09-16T02:44:45Z,2026-09-16T02:44:45Z
UgzUEMKpNfYgkrBBEch4AaABAg,@VirgoSin2,"The  whole Westside has only been united via two songs "" Not Like Us"" and ""Americas Most Wanted""",2,0,2026-08-25T14:50:51Z,2026-08-25T14:50:51Z
UgyIFS1mzprOP_l7aaV4AaABAg,@babcock_esq,Crazy it took me like 3 years to realize there's an almost 6 minute version of this banger,2,0,2026-08-21T22:39:34Z,2026-08-21T22:39:53Z
UgzvnzTs059AK3JCchN4AaABAg,@Endychrist,Si tu aimes la bonne musique comme ce Song laisse un like,2,0,2026-09-04T16:27:17Z,2026-09-04T16:27:17Z
UgxWkctw2ojxo9fLD-R4AaABAg,@CoinmanMediaMonederoMedios,The Future lyric kind of made a nod back to Like That. Wow. He hated on Drake despite how Future is actually a bigger pervert considering his 7 (or 9) kids. God.,3,0,2026-09-07T23:49:00Z,2026-09-07T23:49:00Z
UgxDAU0LVbIV8w4riV94AaABAg,@DanielBoyles-y9l,That fit fire 🔥 🔥,3,0,2026-08-27T23:47:59Z,2026-08-27T23:47:59Z
Ugyow9U_A_MpxA0o7q94AaABAg,@JaJa_1263,Woke up looking for the broccoli 😂😂😂😂😂,3,0,2026-08-22T21:44:28Z,2026-08-22T21:44:28Z
Ugwy95pmqMOvwv-1j1d4AaABAg,@klasanderlinable,"Rest in peace, PAC. WATTS UP BH, 151 CPT",1,0,2026-09-02T04:07:41Z,2026-09-02T04:07:41Z
Ugwmc_NCCZFFmnNNItJ4AaABAg,@francianawilliams9078,YASSSSS MY QUEEN! JILLY FROM PHILLY!!!!❤❤❤❤❤,2,0,2026-09-15T03:01:24Z,2026-09-15T03:01:24Z
UgxuehIy6x9QLcxUlxJ4AaABAg,@Virgoszn23,Half a Billi 🔥,2,0,2026-09-08T14:25:43Z,2026-09-08T14:25:43Z
UgxP66Cm-_ju_uBujKB4AaABAg,@jayquanpov9486,500 million🎉,5,1,2026-09-08T19:37:52Z,2026-09-08T19:37:52Z
UgwFRSTAH9XkcMXFZmF4AaABAg,@DirtyBanjo,This shit is hard AF. Respect to Mr. Lamar.,1,0,2026-09-01T04:32:53Z,2026-09-01T04:32:53Z
UgyizuTx3oFtgRk0FxJ4AaABAg,@generalpotaski-uu8jw,"Bout to hit 500 million views, run those numbers",2,0,2026-09-06T20:16:49Z,2026-09-06T20:16:49Z
UgyzKCTWu3OptpZi2FB4AaABAg,@FUTUREHendrixx77,who here listening this masterpiece 100th time,2,0,2026-09-13T16:15:30Z,2026-09-13T16:15:30Z
UgxgQp-lpoUffKKC3el4AaABAg,@PatriziaMoro-f5i,"❤...Great and merciful God, the spirit of the weekend is already here...and...NOT LIKE US is the best celebration ❤😂❣",2,0,2026-09-04T10:45:02Z,2026-09-04T10:45:02Z
UgxVcGG1uQ13n7GUiTB4AaABAg,@OTRxRecon,HOWS THIS 2 years old already 😂😮😂😮😂,3,0,2026-08-21T14:03:50Z,2026-08-21T14:03:50Z
UgyAFX4w68T-CB6C2cR4AaABAg,@NSFiji,The Owl chose the bear too.,2,0,2026-08-25T05:07:28Z,2026-08-25T05:07:39Z
Ugz-Ksn6_2wZXkt3fGp4AaABAg,@dominikn19,Masterpiece.,3,0,2026-08-14T08:30:30Z,2026-08-14T08:30:30Z
UgxJE91zyzPov7Hv4M14AaABAg,@Official_Tomboy,2026 anyone?,7,0,2026-09-02T18:05:21Z,2026-09-02T18:05:21Z
Ugw9OV4zRk5dGKBzX1F4AaABAg,@O.B.KOriginals,did this mv always have 500 mil views?,3,0,2026-09-08T20:09:03Z,2026-09-08T20:09:03Z
Ugz_E13zoyoYGH4sSFl4AaABAg,@Maggiemay2027,"Legend. Every time I hear it, which is a lot, it just gets better 😂❤",1,0,2026-09-01T11:21:28Z,2026-09-01T11:21:28Z
UgyZPPhHRe1waLKyd5F4AaABAg,@CGFLXRE,Aging like fine wine,1,0,2026-08-27T13:59:16Z,2026-08-27T13:59:16Z
Ugz82AypgjY2xwWh6Mp4AaABAg,@aalynnodell9809,Call and ambalamps.. I'm dead. LMFAO,2,0,2026-08-14T04:10:54Z,2026-08-14T04:10:54Z
UgxFw-Q8muPsUaAuw014AaABAg,@user-np5me1ym3b,Kendrick what are you doing. just dropping,1,0,2026-09-09T09:41:44Z,2026-09-09T09:41:44Z
Ugzi0V4m_7fJsn3Q4zl4AaABAg,@Quokkat7,"back in 24 ""Kendrick dropped"" became callsign",1,0,2026-08-25T14:42:59Z,2026-08-25T14:42:59Z
UgxErHidVrrJKjCIvdp4AaABAg,@PatriziaMoro-f5i,🎉...Finally here ❤NOT LIKE US❤😂..My mood is lifting and shining bright again...Exactly all I want everyday❣,2,0,2026-09-03T12:41:58Z,2026-09-03T12:41:58Z
Ugxltad2v4ty2hvbxeN4AaABAg,@AymenNuru-k2w,500m😭😭😭😭😭😭😭😭😭😭,6,0,2026-09-10T12:20:21Z,2026-09-10T12:20:21Z
UgxzOI3E70HVHPlH2N94AaABAg,@cherylclark5855,Love this song ❤️,2,0,2026-09-07T21:57:03Z,2026-09-07T21:57:03Z
Ugy_xuVyRUGzyMAglbh4AaABAg,@PatriziaMoro-f5i,"😂...Hi, NOT LIKE US❣..The sandy beach loves you 😂 sooo muuchhh😂 🌊 🏖 ❣",3,0,2026-09-05T10:49:53Z,2026-09-05T10:49:53Z
UgzY0zBA_MNhk30Dd414AaABAg,@Englishthaicutiepie,"0:27 ""I SEE DEAD PEOPLE🗣️🗣️🗣️🔥🔥🔥🔥🔥*",3,0,2026-08-21T17:30:09Z,2026-08-21T17:30:37Z
UgwpYnaqFTjUDa9tPJl4AaABAg,@Kim-bx9pg,Got you and family in my thoughts,1,0,2026-08-21T16:34:13Z,2026-08-21T16:34:13Z
Ugy0LFB2BosFBDPdMAd4AaABAg,@Namgyu124-iloveu,Kendrick definitely won,2,0,2026-08-25T19:09:13Z,2026-08-25T19:09:13Z
UgysTnVl1ghFQa5ZhrV4AaABAg,@TruthBtold22,I don't know what they sayin' but I'm like oooh lala la laaaaa!!!,1,0,2026-09-09T16:02:42Z,2026-09-09T16:02:42Z
UgzorbVAzw_oXlGGuG14AaABAg,@habituallinesteppa2428,"When Kendrick said, the city is back up, it’s a must, we outside??!

I’m from StL. Don’t activate us cause we’re with the shits fa real!!",1,0,2026-09-07T03:36:11Z,2026-09-07T03:36:11Z
UgzLDQGH9sEASwVzZ314AaABAg,@gui_sla2105,500 million views!!🎉🎉🎉🎉,2,0,2026-09-08T21:16:44Z,2026-09-08T21:16:44Z
UgxBsoqsmDLIamijeZd4AaABAg,@Dino_1986,Best Diss after Hit'em up!!!,2,0,2026-08-18T19:58:12Z,2026-08-18T19:58:12Z
Ugz4So3N6YAxQADbKeN4AaABAg,@PatriziaMoro-f5i,It's only Tuesday and enthusiasm just won't wake up...😂 A fresh bucketful of NOT LIKE US laughter is always ready for us ❣😂❣,1,0,2026-09-08T09:00:31Z,2026-09-08T09:00:31Z
Ugw4diFW4-NF6DfPYUp4AaABAg,@RapFan1111Boii,"So how many fans you want?
Kendrick Lamar: yes",1,0,2026-08-31T00:55:34Z,2026-08-31T00:55:34Z
UgwEyA6isJmU-WD4IKF4AaABAg,@AmericanGirl100,"Kendrick Lamar is a Diabolical Genius.
He gives Freddy Krueger nightmares.  🔥",1,0,2026-08-29T10:47:07Z,2026-08-29T10:47:07Z
UgyKs2pJOJGRJ-JBulF4AaABAg,@MorGan455XD,Ramattraaaa danceeeee,2,0,2026-09-03T12:10:28Z,2026-09-03T12:10:28Z
Ugw0vjIJCi5IsiYrXsh4AaABAg,@RS6MALAGA13,Go 500m 🐐,2,0,2026-09-07T00:46:20Z,2026-09-07T00:46:20Z
UgyxvOrbiEdDp4dBo5N4AaABAg,@tranchiphu52210kdot,let's go get 500M ❤‍🔥❤‍🔥,2,0,2026-09-06T12:38:30Z,2026-09-06T12:38:30Z
UgwdaK6pOX1jmQB34bp4AaABAg,@PatriziaMoro-f5i,🎉 🎶 😂...Midweek still in vacation...With NOT LIKE US always in motion 😂...and it never get tired 🎶 😂❣,1,0,2026-08-26T08:43:49Z,2026-08-26T08:43:49Z
Ugw1B2yrIV9zH87cdsx4AaABAg,@ETDDrawingsxMedia,"Kendricks wordplay is absolutely astounding, he deserves all the success.",0,0,2026-08-28T03:34:16Z,2026-08-28T03:34:16Z
UgxR2qF4Tlq6pXIGuRp4AaABAg,@mirjamcdade1916,I be at work poppin’ and lockin’ and my ass is 51! 🤣🤣🤣💯👏🏽👏🏽👏🏽,1,0,2026-09-12T15:56:54Z,2026-09-12T15:56:54Z
Ugz0pJ2cH9jjpobrB7B4AaABAg,@SDGuy619,This is a good song.,1,0,2026-09-07T06:11:01Z,2026-09-07T06:11:01Z
UgwrUpnxHnIxhZjLd2p4AaABAg,@IscoAlarconSuarez,01:42 Drake probably still listens and cries over this part,1,0,2026-08-30T15:14:06Z,2026-08-30T15:14:06Z
UgwjKF7dg6vOQSgvCfB4AaABAg,@nxtjeanss,still good to this dayy 😂,2,0,2026-08-14T18:00:11Z,2026-08-14T18:00:11Z
UgyqaaCKsC1PxB5BNY14AaABAg,@ArronTaylor,The Last Cazr. I am Lord.,1,0,2026-08-26T23:01:51Z,2026-08-26T23:01:51Z
Ugw_GMi3FZDsnjS63Ep4AaABAg,@Daviands,drake don't have a answer in this banger it's over 2yrs now lol,2,0,2026-09-09T05:23:57Z,2026-09-09T05:23:57Z
UgzdX-3ECLe5ogGE4314AaABAg,@ALAYADIMohamed-z1x,Who came here after Drake's barking?,16,1,2026-08-15T18:41:45Z,2026-08-15T18:41:45Z
UgxPWOCoggkgrzaGab54AaABAg,@Zizogagu-d4p,Who is with me in South Africa indeed they not like us💥 fire fire fire,1,0,2026-09-03T08:35:19Z,2026-09-03T08:35:19Z
Ugz7m8bERVe_EDHSF0h4AaABAg,@kendrickmays2301,"This is a epic Banger. KENDRICK LAMAR ""Not Like Us"", will be played in the near and distant future.",1,0,2026-08-25T22:33:19Z,2026-08-25T22:33:19Z
UgyUJ3w8mrVuKwU58CZ4AaABAg,@SHAMIUNAMUSTAFA,500 million like button,1,0,2026-09-08T15:48:43Z,2026-09-08T15:48:43Z
UgzyDZdabY98Sj7EKQx4AaABAg,@NiranjalaDamayanthi-o5g,I'm Sri Lankan but l'm Kendrick Big Fan ❤,1,0,2026-09-11T23:30:46Z,2026-09-11T23:30:46Z
Ugxn153YpzdobPARAW94AaABAg,@lil.tonton01,my friend loves u,2,0,2026-08-11T10:38:09Z,2026-08-11T10:38:09Z
UgxhJWnKTpW7p4Bfrod4AaABAg,@Foxy_ant55,One of the best!,2,0,2026-09-11T20:37:59Z,2026-09-11T20:37:59Z
Ugyrai7iMpOXYEaDsp94AaABAg,@googleplanet-xc3sw,1 2 3 4  5 + 5 ey Kdot is not a human Drizzy I listen to ur music by so saying am begging u man Kendrick ain't ur type,4,0,2026-09-10T17:23:47Z,2026-09-10T17:23:47Z
UgywKVMj6Lz0gKahJhx4AaABAg,@rashidrajab1359,2026 and still i haven't reached my potential in hating,2,0,2026-09-11T12:31:03Z,2026-09-11T12:31:03Z
UgwcV7jMD-eNhIBSYZJ4AaABAg,@mosesmbugua3485,You are  the best rapper ❤❤❤❤😊,4,0,2026-08-16T04:25:05Z,2026-08-16T04:25:05Z
UgxZLgRsRoGE9HuoQ6F4AaABAg,@tatianaferreira-x4e,Monday evening 17th of August 26 🇵🇹👊☮️,4,0,2026-08-17T15:10:45Z,2026-08-17T15:10:45Z
UgzRFYVoCyyCs70XnkB4AaABAg,@loudsadie,Los angeles❤❤❤❤❤,2,0,2026-09-09T02:00:49Z,2026-09-09T02:00:49Z
UgxBun150_RHfK0yW5x4AaABAg,@chanakansopha5305,"OMG I LOVE THIS SONG SO MUCH! !!,!”lllll❤❤❤❤❤",2,0,2026-09-02T03:00:24Z,2026-09-02T03:00:24Z
UgyEIF09NIiE-KBxRRd4AaABAg,@cherylpoupard4214,Ya'll make it hard 😢 half American / Canadian  here! Love ❤  Y'all both ❤,1,0,2026-08-30T22:09:38Z,2026-08-30T22:09:38Z
UgzcPp08oojwFt9CvM54AaABAg,@WazairSaiyad,Anyone 500 Million attendance.. let's go 1B 😅,2,0,2026-09-14T08:37:12Z,2026-09-14T08:37:12Z
Ugwl0VVRzMwfZRfwH7V4AaABAg,@YoutubeAstro152,It’s peak,2,0,2026-08-16T18:27:55Z,2026-08-16T18:27:55Z
UgwkIiEt8F-0F1OXzBh4AaABAg,@msmorales4541,❤❤❤❤❤❤❤❤❤❤❤❤❤❤❤❤,3,0,2026-09-15T18:57:59Z,2026-09-15T18:57:59Z
UgwR08mCLXlRt9DR5Gh4AaABAg,@CeciliaBullard-w2p,"Beautiful voice I would love to see him in concert. And one day, I’ll be his backup singer.",1,0,2026-08-24T03:19:34Z,2026-08-24T03:19:34Z
UgzYR0lTv_4ehjeMIq14AaABAg,@ratneshsingh7726,I'm late but thanks to one of the cod shorts I'm here enjoying this masterpiece,1,0,2026-08-16T04:59:32Z,2026-08-16T04:59:32Z
Ugz4rP-AIb-tPn791i54AaABAg,@supersfarm_k9camp,"2 yrs aga, damn",2,0,2026-09-05T18:54:58Z,2026-09-05T18:54:58Z
Ugx9dcLttyQTcpe-_eR4AaABAg,@Emkzboys92,He thought he did something with ice man lmao 😂🤣,2,0,2026-09-05T15:33:12Z,2026-09-05T15:33:12Z
UgwgYgMIA4DbPwqT5Ed4AaABAg,@Amber-t8o,I like that song is not like us,2,1,2026-09-08T22:14:44Z,2026-09-08T22:14:44Z
UgxlNAzT97bXbWb-6eF4AaABAg,@t4ylorl1ghtning,i remember we was only 12 when this came out,1,0,2026-08-11T03:43:05Z,2026-08-11T03:43:05Z
UgyxYUTPmNswSf0fzP14AaABAg,@PatriziaMoro-f5i,🎉😂..Important tip of the day...Appreciate the value of doing nothing and come here  🎶 🎵 for the greatest laughing listening to ❤NOT LIKE US❤😂❣,2,0,2026-08-14T09:20:15Z,2026-08-14T09:20:15Z
UgzGU3nqS5YX5dih53t4AaABAg,@justantadams9430,Still waiting for the deluxe version of GNX,1,0,2026-09-05T02:45:39Z,2026-09-05T02:45:39Z
Ugzn6KFv-K72MxGf9y14AaABAg,@Jimbo-y1g,GENIOUS!,1,0,2026-09-04T19:12:07Z,2026-09-04T19:12:07Z
Ugygmg_EJNt8Lb-jgj94AaABAg,@luulyy10,aura total,1,0,2026-09-08T03:39:26Z,2026-09-08T03:39:26Z
Ugx6JKoAgn0gBCvaiSd4AaABAg,@n3s4r1,drake is the biggest schmock in universe!🙌,2,0,2026-08-28T14:39:30Z,2026-08-28T14:39:30Z
UgzGSr_jnL-W_KpK9MF4AaABAg,@LevyMusalu,Wake song alright really willy willy wake song yo 😮,1,0,2026-08-26T13:18:51Z,2026-08-26T13:18:51Z
UgyFtQFbR9Jp0g53sqF4AaABAg,@msmorales4541,Awesome on point ❤❤❤❤❤❤❤,1,0,2026-09-15T18:57:29Z,2026-09-15T18:57:29Z
UgywygEYPXfOSlCjAP14AaABAg,@BigGameCris,WEST COAST STILL UP!!!!!,1,0,2026-09-14T17:57:14Z,2026-09-14T17:57:14Z
UgwmO6Le939IN_2bCYp4AaABAg,@vromzyh,freshhhhhhhh,1,0,2026-09-07T19:49:06Z,2026-09-07T19:49:06Z
UgxwUUVQomRq60gDTYN4AaABAg,@PatriziaMoro-f5i,"🎉...NOT LIKE US in the middle of the working week,  after one month of vacation 😭...Really irreplaceable for not running far away😂❤❣",1,0,2026-09-02T10:14:45Z,2026-09-02T10:14:45Z
UgyZbt8O70u23QbpqWF4AaABAg,@bijanpourazari4179,"Bro the part where Compton all showed out reminds me of when I was in Anaheim when this dropped, it was played at the club and everyone turned out, and it was just like when he played our University in 2012. Literally all the ratchets showed out (ayyy, their words not mine) and tbh, it was the craziest shit ever. Only difference was we were all having fun. Not Like Us in the club felt like we were all on our last breaths and we were letting loose for the last time. I think Kendrick has a way in reviving us when we at our lowest. I remember being completelt exhausted, laying back on a couch in VIP at the club, and the song played and it was like I was back at University ready to turn out. Music really does have a way of making us feel alive even when things seem completely dire. It's been years now, true, but the message still resonates. We do this for our streets. True story. I know, I'm affiliated too, just don't tell anyone. Might mess with my Felony strike.",1,0,2026-08-12T00:49:24Z,2026-08-12T00:49:24Z
Ugy82v2vUNwr6MitnEl4AaABAg,@rasheedrobinson609,500 mil 🎉 9/8/26,2,0,2026-09-08T13:45:39Z,2026-09-08T13:45:39Z
Ugxi57vDYG8iu0A4Eh14AaABAg,@eliananigatu-u7g,"omg i love this song so much,,,,,,,,,, they not like us guys",1,0,2026-08-18T13:12:02Z,2026-08-18T13:12:02Z
UgzqrQlvquc39Umng-d4AaABAg,@ladonnaschnappauf1929,Nice I see Issac. Mix you guys my friends and i recognize the studio. Good times. Love LD. It’s an amazing video and song.  I’m so excited for you and proud of you!!!!,1,0,2026-08-12T00:22:55Z,2026-08-12T00:22:55Z
UgyghoCF-0gKO81ojv54AaABAg,@danholland8722,"Song is sick, bluesy backing track, deal with the devil is a very blues concept too, Chris playing the devil and REN singing is great, and the animated video is amazing this whole thing is something special congrats guys great work ❤",0,0,2026-09-16T18:36:34Z,2026-09-16T18:36:34Z
Ugx0si3nuOKlSnc__lh4AaABAg,@automatiste,I love the great idea of kendrick,0,0,2026-08-26T08:46:47Z,2026-08-26T08:46:47Z
Ugzt8HQgRaqfVKVpTN54AaABAg,@Uncle_Trenbalone,i havent heard from drake since this,3,0,2026-09-07T15:45:51Z,2026-09-07T15:45:51Z
Ugw1PWIt7_npWQQGBrJ4AaABAg,@AceMusicproducts,Fuego 🌋,2,0,2026-08-16T13:46:53Z,2026-08-16T13:46:53Z
UgznOhfZyah5I5EZQCJ4AaABAg,@nicholassealy251,Hope we can more rap battles like this in the future,0,0,2026-08-12T22:30:33Z,2026-08-12T22:30:33Z
UgzfGawZ7VhtXuIeLm14AaABAg,@chano8686,Made it look sexy 🕺🏿,3,0,2026-08-27T00:01:49Z,2026-08-27T00:01:49Z
Ugx03G4fuye6vpabrG94AaABAg,@Sunnat-v9x,500 mln🎉,3,0,2026-09-08T10:36:25Z,2026-09-08T10:36:25Z
UgwgfbIDfjseDKNevBt4AaABAg,@kori2169,"september 2026 and i still watch reactions and recaps of this whole thing. what a time to be alive, man",1,0,2026-09-06T12:10:47Z,2026-09-06T12:10:47Z
UgxiaIN6st0YiSarsON4AaABAg,@Davidetole-t9g,I repeated this song a lot and I love ❤❤❤it,2,0,2026-08-16T17:30:27Z,2026-08-16T17:30:27Z
UgywwWZoKaCflACfpdZ4AaABAg,@Notorious_Syam,Here again for it in Aug2026. GOAT DOT 👑👑,1,0,2026-08-12T04:51:26Z,2026-08-12T04:51:26Z
UgzSZ5hrF07k7NMJkLt4AaABAg,@lookatmydog,2 years later and still a banger,0,0,2026-09-16T19:10:28Z,2026-09-16T19:10:28Z
UgykW81zfPQ8iuqdXZB4AaABAg,@DRYVEXO,nice one,2,0,2026-08-15T15:41:27Z,2026-08-15T15:41:27Z
Ugwx83cOCe9Rv6OvAdF4AaABAg,@melodytabonnares1911,whooooah 🥵🥵🥵🥵,1,0,2026-09-16T06:26:43Z,2026-09-16T06:26:43Z
UgxEyP2BSeRUl9nNSqd4AaABAg,@surayaprecious7332,I love you kendrick😭😭😭😭,1,0,2026-08-19T18:06:35Z,2026-08-19T18:06:35Z
UgzNatRTB8qJvNk7mV14AaABAg,@YusufCreamer,Sister leveling reference goes hard,0,0,2026-09-03T23:49:47Z,2026-09-03T23:49:47Z
UgxnBKLd-atetDx-gZR4AaABAg,@PatriziaMoro-f5i,🎉  Today...Finally Friday eve😂..The greatest opportunity to free NOT LIKE US from all listening limits ❣,1,0,2026-09-10T08:26:14Z,2026-09-10T08:26:14Z
UgwxEcku0VwZbSuDT3t4AaABAg,@RAAMTK-y5y,The sound of this song is incredible.,1,0,2026-09-06T07:34:39Z,2026-09-06T07:34:39Z
UgyvYzAj4hDisK-0k5R4AaABAg,@Shalom-rx7fg,Funniest part is I listen to bothe parties songs but Kendrick Lamar is so Better 😂🤭😌🤏🏾,1,0,2026-08-26T16:04:05Z,2026-08-26T16:04:05Z
Ugy0Tp4-PFEFAqO-G1J4AaABAg,@FaustianBargain-z9x6n,Pretty poetic chef's kiss that's a spicy meatball 👌,1,0,2026-08-30T19:07:37Z,2026-08-30T19:07:37Z
UgwmzvI-e3rou3u9MVF4AaABAg,@ACole3peas,"Skai, Love from Charlotte, NC, USA! I love your music❤",2,1,2026-09-08T02:24:50Z,2026-09-08T02:24:50Z
Ugx7MqIbDXGNAAp2Ywx4AaABAg,@Paco237World,ONE THING ABOUT KENDRICK IS HE DROPS HARDCORE BLOWS💥,2,1,2026-08-17T19:14:00Z,2026-08-17T19:14:00Z
UgyfiX1USbdSyJheUaB4AaABAg,@alpha2.0,DAMNN LET HIM COOK WHAT A CLASH,0,0,2026-08-25T15:29:52Z,2026-08-25T15:29:52Z
UgyFKaOF6fijr8kmNMV4AaABAg,@DottiSedberry,w song 🎵,1,0,2026-09-03T03:07:01Z,2026-09-03T03:07:01Z
UgxQdqrdQcs2ka88Bv14AaABAg,@grumpyeggy,Everything big big big 💥💥💥 let’s reach 10M by tmr V.i.p 👑👑👑,1,0,2026-08-20T21:19:30Z,2026-08-20T21:19:30Z
UgwrMgCO0ZUEx-jh1654AaABAg,@Farman88769,Kendrick Lamar is the Smart Water of rap. People buy it to feel smart and think it's the best just like his fans. Kendrick to me is water left out in the sun and his fans are the flies that replenish themselves.,0,0,2026-09-16T02:50:07Z,2026-09-16T02:50:07Z
UgzeUf537a9fOkMHauZ4AaABAg,@francokhumalo2088,Those people are not like us Blacck ar3 the coolest,2,0,2026-09-03T13:05:20Z,2026-09-03T13:05:20Z
UgylJA79RZY-izyJ-F54AaABAg,@Vandam_iammike,You spoil there ❤️,1,0,2026-09-12T10:28:41Z,2026-09-12T10:28:41Z
Ugzgm4AJhipMp2yqz3V4AaABAg,@niewnecwnce,im the newest comment🔥🔥🔥🔥🔥🔥,10,4,2026-08-16T01:26:20Z,2026-08-16T01:26:20Z
UgybNBX6xDxxwiky-Fh4AaABAg,@AbigailVee12,This is cool,1,0,2026-08-16T17:07:50Z,2026-08-16T17:07:50Z
UgzLgB-QcTl6eNIpNMd4AaABAg,@mcdonald8201,Well articulated this is bars 101 love from Zimbabwe,1,0,2026-08-14T21:36:55Z,2026-08-14T21:36:55Z
UgzbDjjXRxWIzGVUG614AaABAg,@stmmarvin31,we still jamming,0,0,2026-08-25T18:45:45Z,2026-08-25T18:45:45Z
Ugw4LC57hLYS6tC7Ofp4AaABAg,@GoodbyeEveryone010,We need this song to GTA VI radio! 📻😂,1,0,2026-08-11T12:41:44Z,2026-08-11T12:41:44Z
UgzYRRILgy5FCfJByTh4AaABAg,@sherwaine5892,Still here bumping this,0,0,2026-08-27T15:49:12Z,2026-08-27T15:49:12Z
Ugwh9poPAk6wyo-1agx4AaABAg,@DIGAO_VLOGSS,I’m from brasil today joy estoi aca pra ver o kendrick bater no drake 👽,2,0,2026-09-09T16:52:29Z,2026-09-09T16:52:29Z
UgxHZ8L5NktEVdNcEil4AaABAg,@nanallred,This song is fier,1,0,2026-08-11T03:40:26Z,2026-08-11T03:40:26Z
UgwqiWfizUCJSK4OnbZ4AaABAg,@reganator5000,The odd additional context that 'Lamar got out of the gangs' but that someone took a shot at Drake's front door because some people apparently still remember their friends who got out of the game a decade or more ago.,1,0,2026-09-05T12:04:29Z,2026-09-05T12:04:29Z
UgwFaEjJ9HwjfgWUI7B4AaABAg,@PatriziaMoro-f5i,"🎉 Good morning Friday...Be awesome and you'll get even better, listening to NOT LIKE US...😂 Just so you remind 😂🎉❣",1,0,2026-09-11T08:41:05Z,2026-09-11T08:41:05Z
UgzjebLfWZYiko0uitF4AaABAg,@pilotofuracao2989,A melhor do momento de 2026 😎🤪👏🏾👍🏽,1,0,2026-08-25T06:12:08Z,2026-08-25T06:12:08Z
UgzPoISoH3HLM7973oJ4AaABAg,@PatriziaMoro-f5i,"🎉😂...Monday still on vacation...Good time unstoppable, it sounds always with KENDRICK'S vibes 🎶 🎵 ❣",1,0,2026-08-24T10:17:31Z,2026-08-24T10:17:31Z
Ugwp4niIrfxqoR54EBl4AaABAg,@nanallred,This song is fier,1,0,2026-08-11T03:39:55Z,2026-08-11T03:39:55Z
UgxIKswzb3SF6lKBsJB4AaABAg,@CoinmanMediaMonederoMedios,Alright. Who is here from Squabble Up? I sure am not. I just clicked on this video just to check it out. This song helped me find Squabble Up.,2,0,2026-09-07T23:47:49Z,2026-09-07T23:47:49Z
UgwSLIeRFyyLsvWWz154AaABAg,@Pyrognis,here after Drake barking for goth mommy,17,3,2026-08-11T08:05:17Z,2026-08-11T08:05:17Z
Ugz86FllTc91tj2C-ZV4AaABAg,@afd1363,Fam..Dot had the whole state of Cali in this mf video!! 😭😭😭,1,0,2026-08-11T02:55:11Z,2026-08-11T02:55:11Z
UgxPKY-lQ4Fzl9RWrst4AaABAg,@moresamgyetangplease,"August 21, 2026 ( 09:48 am ) good morning and have a blessed day from Eva, Samoa 🇼🇸. Let's Go Indiana Fever!!🏀",1,0,2026-08-20T20:48:29Z,2026-08-20T20:48:29Z
Ugz8FCbJB4zRTAgSBo94AaABAg,@Antiprofessional2,Peak music,1,0,2026-08-11T03:24:25Z,2026-08-11T03:24:25Z
UgworqbJpX-RGPEJruh4AaABAg,@PatriziaMoro-f5i,"😂...Yes KENDRICK ❣ Always here, for the unstoppable fun...and...more and more next week, with the workdesk 😭 ready for me...😂 🎶 ❤",1,0,2026-08-29T10:35:04Z,2026-08-29T10:35:04Z
Ugwko_i4Qf7e7sXyuGx4AaABAg,@FrozeNSAMP,"500M VIEWS !

DONT FUCK WITH KING KENDRICK !",1,0,2026-09-13T14:11:11Z,2026-09-13T14:11:11Z
UgxF2DarQgbYG4YNxvx4AaABAg,@CHIVO-ff,drop is like a hot,1,0,2026-09-06T20:22:01Z,2026-09-06T20:22:01Z
UgzYsXQYH5Lje7IngOd4AaABAg,@PatriziaMoro-f5i,"🌞...There is a burning heatwave 🌞 🕶 🌅...but, of course, we are not scary...KENDRICK'S MUSIC is always the rightful step to reach fantastic breeze 😂❤❣",1,0,2026-08-11T08:54:35Z,2026-08-11T08:54:35Z
UgzzzbCW9E2DMxD1UoR4AaABAg,@PatriziaMoro-f5i,❤😂...NOT LIKE US...The unparalleled knack for making Sunday feels like long til the following Saturday 😂❤❣,1,0,2026-09-06T11:06:18Z,2026-09-06T11:06:18Z
UgxU827rsOewSBWSxqB4AaABAg,@masaukohao,Dot is him for real,1,0,2026-08-18T15:48:52Z,2026-08-18T15:48:52Z
UgyqpBvk_2ndGqV38vV4AaABAg,@veckht,KENDRICK IS THE GOAT,1,0,2026-08-19T02:03:55Z,2026-08-19T02:03:55Z
Ugy0mBynEwM75KJQA-V4AaABAg,@JessicaPatel-r7e,Absolute love this song,0,0,2026-08-25T04:04:08Z,2026-08-25T04:04:08Z
Ugzui0Vu0bTE0I09J1d4AaABAg,@weavingmoss,Still a fucking masterpiece. Play this at my funeral plz,2,0,2026-08-12T15:43:50Z,2026-08-12T15:43:50Z
UgwuxVfkDy0XEngiS8B4AaABAg,@joey5407,Running,1,0,2026-08-29T08:33:01Z,2026-08-29T08:33:01Z
UgxidhI7N5oOFRA1Und4AaABAg,@D.O.E8193,Release the hounds,1,0,2026-09-04T01:27:35Z,2026-09-04T01:27:35Z
UgwBq9UDknjTvzR6aA94AaABAg,@김진혁-h1z,YEEEEEEEEEE,1,0,2026-08-11T22:22:01Z,2026-08-11T22:22:01Z
UgxUxxRYZPXYpMmaOjd4AaABAg,@SananMohamed111,ڤيسكااا لبرسااا❤❤❤,2,0,2026-09-03T15:59:48Z,2026-09-03T15:59:48Z
UgyNSL0wCquex9zb3iZ4AaABAg,@PatriziaMoro-f5i,😂..More and more NOT LIKE US 🎶 🎵  for the happier summer 😂🎉❣,1,0,2026-08-18T10:24:46Z,2026-08-18T10:24:46Z
UgxRkc99JHGjR0mN2kF4AaABAg,@PatriziaMoro-f5i,"🎉😂...Happiness in NOT LIKE US shape..Everyday here we are, for a fun after another 😂❣",0,0,2026-08-25T09:43:08Z,2026-08-25T09:43:08Z
Ugyr-YSssNAlPT5Pd4t4AaABAg,@deadmanthehekatonkheire994,InB4 500 million views.,4,0,2026-09-05T16:47:11Z,2026-09-05T16:47:11Z
UgzYQOND0Jgb7zNLJtR4AaABAg,@PatriziaMoro-f5i,❤😂...NOT LIKE US❣ The laughter full filler experience for every occasion...It ages so beautifully 🎶 🎵 😂❣,1,0,2026-08-30T09:58:52Z,2026-08-30T09:58:52Z
UgwTNkJLbYaT7b7ks7t4AaABAg,@MattHodges-o1q,I’m wonder if Drake could feel that his career was having the life choked out of it when this song first came out,1,0,2026-08-21T01:30:42Z,2026-08-21T01:30:42Z
UgymQvuZYzsHE_uNpM14AaABAg,@ShellDragonfire-lv9ze,Its sooo refreshing to have yall back!,0,0,2026-08-23T14:34:51Z,2026-08-23T14:34:51Z
Ugx-jjVBUuYLI1QvsIJ4AaABAg,@BookingKingQuezKG,Damn I almost thought we was t bout to get a “Last Friday” 😩but Happy Birthday bruh,0,0,2026-09-04T02:43:52Z,2026-09-04T02:43:52Z
UgzkzE4WRKplTYRwfcZ4AaABAg,@themmefatale,back again!,0,0,2026-09-04T21:31:15Z,2026-09-04T21:31:15Z
UgzWNG-dlqlrnWOrT194AaABAg,@Lebo2190,2026 I am here,1,0,2026-09-16T17:56:29Z,2026-09-16T17:56:29Z
UgwpC42iwopUqPrnlNh4AaABAg,@Kenneth-uq9mu,Still pumps,1,0,2026-09-13T07:06:31Z,2026-09-13T07:06:31Z
Ugw8kayWS25GxIefF1F4AaABAg,@Farman88769,In a world where everybody is too afraid to say how they actually feel about Kendrick Lamars music,0,0,2026-09-16T02:41:24Z,2026-09-16T02:41:24Z
Ugw6junavXM6__19WMZ4AaABAg,@AnneSmohayaBien-aimé,Congratulations 🎉❤❤,0,0,2026-08-15T00:52:15Z,2026-08-15T00:52:15Z
Ugzq1fHTwGScM-YfAd94AaABAg,@AUS_Cyclops,500 MIL VIEWS LESGO,1,0,2026-09-09T22:26:18Z,2026-09-09T22:26:18Z
Ugyd2Fv7R5N37Rf_ZKV4AaABAg,@PatriziaMoro-f5i,😂...Finally in the NOT LIKE US moment of the working morning...and the hours start to run quickly ❣😂❣,0,0,2026-09-15T10:00:16Z,2026-09-15T10:00:16Z
UgzskMP9iiRyMOTYzFh4AaABAg,@Listen3333,Choppin,1,0,2026-09-03T14:55:28Z,2026-09-03T14:55:28Z
UgxrUSZySXjTpZj6Kcx4AaABAg,@alaamakhlouf8742,My name is Lamar,2,0,2026-08-29T18:37:15Z,2026-08-29T18:37:15Z
UgwIjomGJY5CPkJHZ714AaABAg,@MargaridaVieira-w4p,😮❤,2,0,2026-08-17T22:16:33Z,2026-08-17T22:16:33Z
UgykQ_CRdwPubgBteqF4AaABAg,@Farman88769,People deep down in their heart don't believe Kendrick is the greatest rapper alive. People support the winning team. It's not about taste- it's about fitting in.,0,0,2026-09-16T02:21:12Z,2026-09-16T02:21:12Z
Ugz3dLpvXLB-c6phE7J4AaABAg,@infamousdemon-w5l,I love this guy men😍😍😍,0,0,2026-09-02T13:00:02Z,2026-09-02T13:00:02Z
UgxO9M9aUkeH6XeS4Rx4AaABAg,@deon6ix,Still here in big 2026 after an argument in the GC. My goaattt put belt to ass,1,0,2026-08-13T17:44:31Z,2026-08-13T17:44:31Z
UgwPVpqox5UQnU9Jp694AaABAg,@lilpeepfan.643,This was not a diss this was a public execution,12,0,2026-08-22T05:36:39Z,2026-08-22T05:36:39Z
UgwTLhymOBlTTxUSoMB4AaABAg,@NareseHolland-mp7dy,Dc ru I love you more and I love your 🎉🎉🎉❤❤❤,2,0,2026-09-03T22:51:55Z,2026-09-03T22:51:55Z
UgxZSySGpSfcg6m8Npd4AaABAg,@HSunrise777,❤❤❤,1,0,2026-08-30T00:43:16Z,2026-08-30T00:43:16Z
Ugxq5s5RhqDVhoIHgnh4AaABAg,@ltfm9861,500 million l3t's do it again and g3t this to a Billion. I know audio has Ov3r 200 million but. ITS NOT 3NOUGH.,2,1,2026-09-11T15:19:17Z,2026-09-11T15:19:17Z
UgxM4YD5HwYXqquxl9h4AaABAg,@AgphonePhone,Drope whoooo😂😂😂😂,0,0,2026-08-28T18:22:42Z,2026-08-28T18:22:42Z
Ugw8ENiYoFGQVr4JARN4AaABAg,@DanaysNeyraQuintana,Mustard!!!,1,0,2026-08-24T17:51:48Z,2026-08-24T17:51:48Z
Ugy1pRpDMX8_tBaTutN4AaABAg,@Kryzenpower,Here before my grandfather leaves in 7 hours 3 months until my grandma comes,1,0,2026-08-28T00:49:49Z,2026-09-03T15:57:54Z
Ugz7JOYj_bGzNERvuRp4AaABAg,@KRAVENDuGANG,"You're the king of American rap, all the best bro",0,0,2026-08-21T18:10:31Z,2026-08-21T18:10:31Z
UgzxtXCSoWBKjSZk1nl4AaABAg,@babasrj1816,The editing in this video is crazy…surprised nobody’s talking about it,0,0,2026-08-14T19:28:28Z,2026-08-14T19:28:28Z
UgwO3TzR9G7g0FA0e1t4AaABAg,@HenryJohnson-o4q,"I listened to the first verse twice to make sure I was following the rest of the song. F*** around and found out, homie took a quick nap.",0,0,2026-09-04T13:04:30Z,2026-09-04T13:04:30Z
UgxLIcYeaPcqVeF1qfl4AaABAg,@PatriziaMoro-f5i,"😂...On repeat, NOT LIKE US❣ The best Monday reminder to face the week through 😂❣",0,0,2026-09-14T09:30:54Z,2026-09-14T09:30:54Z
Ugyw4EFq37g0kuh-oOl4AaABAg,@Abdoul-c6n,Latérale je suis là ❤🎉,0,0,2026-08-28T11:26:19Z,2026-08-28T11:26:19Z
Ugw0cAsMgwK9_HdRdo14AaABAg,@GLoK-OG,the4se lyrics hit so hard. i almnost killed myself last night my sister died she was my best friend.,1,0,2026-09-04T12:52:27Z,2026-09-04T12:52:27Z
UgzMAYZwAzk1_MkE1gN4AaABAg,@hans-pagani,bro this is crazy,0,0,2026-09-14T01:08:07Z,2026-09-14T01:08:07Z
Ugw9sFzED-2IzixE6SF4AaABAg,@marieodetteugirimana3263,🎉 best music for me btw,2,1,2026-08-29T11:58:43Z,2026-08-29T11:58:43Z
UgzkYFABMuUIwS_urz14AaABAg,@Larrylll-p1g,Today is my b day,3,2,2026-09-14T19:42:55Z,2026-09-14T19:42:55Z
UgwUiUs-Q7IXL40NjhB4AaABAg,@Jackson-gp3cl,Aaaa minor 🔥🔥,1,0,2026-09-10T07:23:49Z,2026-09-10T07:23:49Z
UgwZ4LF7ZmojEkG6vh14AaABAg,@leroi5342,They’re like us,0,0,2026-08-27T14:58:07Z,2026-08-27T14:58:07Z
UgwIQyDyC9qBCBzV_w94AaABAg,@mumu_hero,King Lamar❤,0,0,2026-08-25T17:59:44Z,2026-08-25T17:59:44Z
UgwQO3MKsDJ3Ev2fwwF4AaABAg,@MrAriesGaming,#KensdrickLamarForPresident,2,0,2026-08-16T06:22:03Z,2026-08-16T06:22:03Z
UgxpaR09rX0dpxQgreR4AaABAg,@FatoumMz,1:45 favorite part ✨,1,0,2026-09-08T15:16:26Z,2026-09-08T15:16:26Z
UgwDa3G_KsiML21wLuF4AaABAg,@The3DScratcher,I remember this like yesterday,0,0,2026-09-13T14:33:44Z,2026-09-13T14:33:44Z
UgwiEIMxl_ys8WrTdqN4AaABAg,@aaronalex1731,Very few understand the relevance of 5:55. Ishtar does not bless “The Embassy”,1,0,2026-09-03T17:04:12Z,2026-09-03T17:04:12Z
Ugwdjx7QAtPMkMoaBzd4AaABAg,@cindthorpe,❤,1,0,2026-08-18T02:42:47Z,2026-08-18T02:42:47Z
UgxPo5sv9TbCOjAEZep4AaABAg,@HumanZoom-c1b,Wow amazing ❤❤❤,0,0,2026-08-12T14:39:52Z,2026-08-12T14:39:52Z
UgwnxNzDu-Tsmr6VcpN4AaABAg,@steakburger101,So  fire 🔥,0,0,2026-08-20T11:05:04Z,2026-08-20T11:05:04Z
UgzQ9dXytOOjqLHHplp4AaABAg,@DieudonneDusengimana-y5e,❤❤❤❤❤🎉,2,0,2026-09-08T07:29:10Z,2026-09-08T07:29:10Z
UgzwQaL0oIDlNnOt8xF4AaABAg,@Yoda_Powers,All these been on my rotation 🔥🔥🔥,0,0,2026-08-20T11:19:49Z,2026-08-20T11:19:49Z
UgztSO6di36ZSs0R1lN4AaABAg,@MayanoFreakGoon,Aww... Look at y'all. Y'all some secret admirer 😭😭😭,1,0,2026-08-19T15:52:31Z,2026-08-19T15:52:31Z
UgwwYDDxi1DkBxyJIsl4AaABAg,@TopSinTT,Getting a feature stopped being a flex overnight in that city.,0,0,2026-09-14T23:28:04Z,2026-09-14T23:28:04Z
UgxQX_eX8infSDNCzXR4AaABAg,@PatriziaMoro-f5i,🎉❤😂...Here❣ My favorite restoring place every working day 🎶 ❤ NOT LIKE US ❤,0,0,2026-09-01T08:53:27Z,2026-09-01T08:53:27Z
UgxYNTEvEzY76Tq3I4l4AaABAg,@Pião034,Rincon sapiência- ponta de lança ! ❤❤❤,0,0,2026-08-30T01:24:32Z,2026-08-30T01:24:32Z
UgyPR_lzrjPYIJO2skF4AaABAg,@Wazewastaken,famous owl in the world btw,1,0,2026-08-15T15:12:26Z,2026-08-15T15:12:26Z
Ugy4Ash-iirAYXDZxlV4AaABAg,@Shalom-rx7fg,"The hide your sister from Drake from me ahh
So the song was realased since 
I'm just understanding this song 😂",1,0,2026-08-26T15:57:34Z,2026-08-26T15:57:34Z
UgybIi0CbYieY1idJeB4AaABAg,@JasonBlackwolf-os3og,💯💪🌬🌊🔥,1,0,2026-09-04T03:38:00Z,2026-09-04T03:38:00Z
UgyjUYjv9DoFggv-wrZ4AaABAg,@Iamhim-k4n,Half a billion views for a diss track in 2 years this mf different 😂,1,0,2026-09-15T00:38:49Z,2026-09-15T00:38:49Z
UgxEGaRmgnmVUPnL8Kd4AaABAg,@daniellecouncil3262,You my favorite singer,0,0,2026-09-10T04:44:31Z,2026-09-10T04:44:31Z
UgzWaFXyYMBrUD7E4zF4AaABAg,@gray_official_x3x,goth anyone?,15,1,2026-08-13T15:54:25Z,2026-08-13T15:54:25Z
UgycWXB1c8Dhiv_IRdZ4AaABAg,@GazaOwen-s7x,Bob rich 94 🎉,1,0,2026-09-12T00:07:02Z,2026-09-12T00:07:02Z
UgxVp2mrc17iQw4mWjZ4AaABAg,@adriansaputra4590,498M views is insane,1,0,2026-09-02T16:32:27Z,2026-09-02T16:32:27Z
UgzcPT59tXIVZfLvhBd4AaABAg,@joey5407,Alamogodo new Mexico. Love you. Everyone.,2,3,2026-09-03T06:15:17Z,2026-09-03T06:15:17Z
UgzKQhUz9SGC0r9cHft4AaABAg,@iamedwardbibbins9012,RIP PAC 🙏🏾,1,0,2026-09-01T11:29:24Z,2026-09-01T11:29:24Z
Ugw4ouM-4fHdnvvM4kB4AaABAg,@siscobusy0,I came back again to listen to this work of art ❤️🔥👏👏,0,0,2026-08-18T07:56:07Z,2026-08-18T07:56:07Z
UgzeNLQvTGrpoziJSsN4AaABAg,@JanHrubos-u8z,❤👑,0,0,2026-08-29T04:09:33Z,2026-08-29T04:09:33Z
UgzRzz5ar3sqMIdN_rJ4AaABAg,@Rainjojo,Id genuinely hate myself if I got dissed at a Halftime Show. This is straight up gore 😭😭😭😭😭,3,0,2026-08-12T21:38:12Z,2026-08-12T21:38:12Z
Ugx2Bcmi0bknU8lKvUN4AaABAg,@masonpuu8597,The whole hood came out in solidarity of this song,0,0,2026-08-11T23:52:48Z,2026-08-11T23:52:48Z
Ugx6JQXB2jJMY0KYtNF4AaABAg,@JovieRafael-d2d,Lamar is like snoopppp meennnnn,0,0,2026-08-26T15:24:47Z,2026-08-26T15:24:47Z
UgxKIjWTy3zV48eodMx4AaABAg,@Leavemealone722,I heard a version with Drake’s barking am dead😂😂,1,0,2026-08-12T07:49:21Z,2026-08-12T07:49:21Z
UgyyoYtkQZPdkpVd1FJ4AaABAg,@maHachistador,I know but I love sharing for they as they told me they took notes : plus it was to entertain my stairs new neighbors ❤,0,0,2026-09-01T06:29:55Z,2026-09-01T06:29:55Z
UgxYU79F36RZ3eiQCNR4AaABAg,@BlackPearlRaider,Slapper,0,0,2026-08-27T06:25:19Z,2026-08-27T06:25:19Z
Ugy5md6NsziFhr8gOxt4AaABAg,@Swish_God,500Mzzzzzz,2,0,2026-09-09T03:17:13Z,2026-09-09T03:17:13Z
Ugz0eCWAdV0iNh1Ag4Z4AaABAg,@princesshadassah6229,"September 5, 2026…..seeing how long it takes to get to 500 million/half a billion!!! Let’s go 🎉",11,2,2026-09-05T14:06:49Z,2026-09-05T14:06:49Z
Ugx_VcBzTHU-e0BF8nh4AaABAg,@glenserumula1543,Tde 🎉,2,0,2026-08-28T20:05:16Z,2026-08-28T20:05:16Z
UgzwhMZiXOulEputS5V4AaABAg,@McZedox,Mustard on the beat yo 🔥🔥🔥,0,0,2026-08-14T23:24:12Z,2026-08-14T23:24:12Z
UgzBqgTCCAE3ZlIKtTV4AaABAg,@fanofyou-tg,Any here in 2026 September,3,0,2026-09-07T15:37:59Z,2026-09-07T15:37:59Z
UgwveWioAjAPvuqb0SB4AaABAg,@gamer07723kmm,Anybody they prepared a table of beef against me. I shall cookth ❤,0,0,2026-08-27T02:12:13Z,2026-08-27T02:12:13Z
UgwNkUCYQYHeN0f9noJ4AaABAg,@ẞooßys,"I remember this dropping like six months after the song.. this shit was crazy bro got the whole city dancing, fair enough its the best beat I think I've ever heard. Props to dj mustard, best music (excluding vocals) I think I've ever heard. Including vocals, this is a contender for one of my favourite songs. Fucking genius",0,0,2026-08-19T23:23:44Z,2026-08-19T23:23:44Z
Ugxy2mvmK3qVK5MoxKJ4AaABAg,@TheULTIMATEfenomenoejoyer,"2 years latern and Drake is barking for a goth girl

Pretty safe to Say he still haven't recover from This and at This rate he never will",1,0,2026-09-16T19:17:16Z,2026-09-16T19:17:16Z
UgzqIHcwqPBw1W8NWnh4AaABAg,@PatriotaArgentinoXD,Que locura de temazo,1,0,2026-09-07T15:56:28Z,2026-09-07T15:56:28Z
UgyZ1EAWUqUDpHToaPp4AaABAg,@usmonovsaydulloh,Banger ❤❤,0,0,2026-08-21T21:48:54Z,2026-08-21T21:48:54Z
UgzGqD0Tl5BZP-tLLax4AaABAg,@ДинмухаммедКорганбаев-щ4о,I m gonna love on,0,0,2026-08-15T05:20:53Z,2026-08-15T05:20:53Z
UgzVUSy7QB4jgsWyn-V4AaABAg,@littlegrabbiZZ9PZA,Gawd. Dayum.,0,0,2026-08-17T03:54:42Z,2026-08-17T03:54:42Z
Ugx1k8rQF3wCS9sox354AaABAg,@GOODWINGAMING-008,"I'm Listening ""NOT FOR US"" After Death❤, NO CAP 🧢",0,0,2026-08-29T13:23:11Z,2026-08-29T13:23:11Z
UgyR3UMmqoxCK673Wzd4AaABAg,@TeresaHill-h2w,Cool song!!!🦁🔥🎸🎶⚡🎵⭐🎯💯😎🎧🎤💙,1,0,2026-08-17T01:52:56Z,2026-08-17T01:52:56Z
Ugxbzy2e1JtEpS3arW54AaABAg,@JunesCloud,Not like us = hit em up,0,0,2026-08-30T12:10:32Z,2026-08-30T12:10:32Z
Ugwv6_Fh7DptF_qaH3d4AaABAg,@CharlesWilliams-p9n6b,Overall He 2 Woke 👑🙌💯 God multiple ma Brother Kendrick 🙌🙌👑💯#Jesus,1,0,2026-09-13T02:40:14Z,2026-09-13T02:40:14Z
UgySORoAG-ow8VM_Zi94AaABAg,@PatriziaMoro-f5i,🎉 🎶 😂...The best move on Sunday?...Start with NOT LIKE US and everything will be ALRIGHT❣❣,1,0,2026-08-23T08:48:13Z,2026-08-23T08:48:13Z
UgxZuGVmibMj4fVi7El4AaABAg,@KaydenThompson-g1m,"multiple diss tracks, the whole city of Watts, Compton California, Roman Numerals, 5 grammys, the fourth of july, GNX, drake's ex's, the entire world, and lastly, the super bowl, drake.... just pick up the 9 and bust 5 shots if you can, Kendrick Wayne, is coming for you, Not Batman! KENDRICK WAYNE!!!!!! THE BATMAN!!!!!!!!!!!!!!!!!!!!!!",2,0,2026-09-05T21:40:58Z,2026-09-05T21:40:58Z
UgyrF94tpX0OtOh0fcN4AaABAg,@ieync,this is so brutal ,0,0,2026-08-23T17:26:05Z,2026-08-23T17:26:05Z
UgxophvyKhnRK6kIaiF4AaABAg,@KatherineArenas-y1z,Kendrick slow down pleaseee 😂,3,0,2026-08-22T00:57:44Z,2026-09-05T05:08:58Z
UgxW0AfA10TLYRrx8mt4AaABAg,@Robin.23Adams,Who came here after Drake barked at a goth girl?,10,2,2026-08-16T03:31:29Z,2026-08-16T03:31:29Z
Ugz9W6_1jIr4dion0Sl4AaABAg,@PatriziaMoro-f5i,"🎉🥳 😂...The Mid August Celebration...Funny and sunny, of course here 🎶 🎵 😂, like every summer happy day ❣",1,0,2026-08-15T08:24:11Z,2026-08-15T08:24:11Z
UgzAIL6ZeBYrF628eMB4AaABAg,@RAJU-el6mu,Everybody say for kandrick is cool,2,0,2026-08-31T18:01:57Z,2026-08-31T18:02:08Z
Ugwp4ExOBEYTX0foMnJ4AaABAg,@almirenagz,😌,1,0,2026-09-10T05:23:06Z,2026-09-10T05:23:06Z
UgzLbLAybSZZoWRSPTR4AaABAg,@The-Unemployee5942,Drake been real quiet since the Super Bowl,1,0,2026-09-13T23:54:52Z,2026-09-13T23:54:52Z
UgxBZ1QUtsZh88rEjyF4AaABAg,@jayr1452,2026 I’m drake fan but this Battle was wild Kendrick packed boy up 😂😂😂😂,2,0,2026-08-20T19:47:53Z,2026-08-20T19:47:53Z
Ugx-CG5xterl1y5lW0N4AaABAg,@anghelochoquechambi2355,"alguien a las 2:10 de la madrugada,solo fieles estan a esta hora",0,0,2026-08-28T06:11:21Z,2026-08-28T06:11:21Z
UgxkFyetq6znRjnM_rd4AaABAg,@ChaptersWithChantal,Kida 🔥,0,0,2026-08-17T06:57:57Z,2026-08-17T06:57:57Z
Ugz_HLTDPW0tMTU9y414AaABAg,@PatriziaMoro-f5i,❤ Hi NOT LIKE US 😂...Sunday is even sunnier 🌞 at the seaside...Pure joyful funny vibes 🎶 🎵 ❣,2,0,2026-09-13T11:00:00Z,2026-09-13T11:00:00Z
UgyNPofgLi9PVsoMUXR4AaABAg,@soundwave3029,Kendrick Lamar 🎉🎉🎉🎉,1,0,2026-08-20T20:41:09Z,2026-08-20T20:41:09Z
UgxffuzkkXnQm-qbdN14AaABAg,@DannyLeeTv777,🏁Half A Billion In 5..4..3..2….,2,1,2026-09-07T18:29:02Z,2026-09-07T18:29:02Z
UgwdRGgBEFvGwDWxx3p4AaABAg,@faridabane6211,❤❤,1,0,2026-08-12T17:02:53Z,2026-08-12T17:02:53Z
Ugz1MQzE1u5-YV6Frjx4AaABAg,@NeymarMouhamedou,"Kendrick Lamar 
🔥🔥🔥🔥🔥",0,0,2026-08-21T20:53:40Z,2026-08-21T20:53:40Z
UgxQ6s3PdEHM2X-jHqB4AaABAg,@KoelMartz-t2o,Yo he said “ if drake like you better hide your little sister oh no,1,0,2026-09-02T01:26:23Z,2026-09-02T01:26:23Z
Ugxg3EEaj5l1sD9O02d4AaABAg,@LoveWillProsper,I cant think of better words 🎉🎉❤,0,0,2026-08-13T20:03:52Z,2026-08-13T20:03:52Z
UgwXscecT-8Gz5i_klB4AaABAg,@007jlf,you trying to walk around Dallas like this with me dead K-Dot,0,0,2026-09-06T17:02:46Z,2026-09-06T17:02:46Z
UgzNZZi1HvFHNbnJq_p4AaABAg,@T.Stone3,Never seen someone so masterful since Michael jackson,0,0,2026-09-06T18:28:49Z,2026-09-06T18:28:49Z
UgwK_4iBnQTgguAo8t14AaABAg,@MichaelDeSanta-r8e,0:01 Ain’t The Same Place From GTA V That Near The Police Station It look So Freaking Familiar,1,0,2026-08-12T05:23:06Z,2026-08-12T05:24:12Z
UgypB4hWh1oUSznJY9F4AaABAg,@delottabrown827,Cool,1,0,2026-08-21T22:50:19Z,2026-08-21T22:50:19Z
UgyI8qVFgqGQw9vueD54AaABAg,@nobody2u25,I love Kendrick Lamar.😂 I would be in so much more trouble if I ever got to hang out around you.,1,1,2026-09-10T00:10:26Z,2026-09-10T00:10:26Z
Ugyj3SwH7eI1ooiF2L94AaABAg,@SunnySoko,❤🎉 Zambia approved to the world 🌎,0,0,2026-08-22T16:36:11Z,2026-08-22T16:36:11Z
UgyZQtUoglZjv806uBJ4AaABAg,@tomasnoriega5202,"1:08 A kind gentleman tries to hug his favorite artist, but the evil artist uses his telepathic powers to send him flying.",0,0,2026-09-12T18:15:07Z,2026-09-12T18:15:07Z
UgzeB7muTxERraczAn14AaABAg,@AlishaMurray-b7m,why are my exes families so obsessed with me and want to see me beat up at all,1,0,2026-09-03T02:38:46Z,2026-09-03T02:38:46Z
UgyXMpdHiFprCTX0fHJ4AaABAg,@Listen3333,Murked him,2,0,2026-08-11T20:48:14Z,2026-08-11T20:48:14Z
UgwXZqBiTy7XB5pnGbh4AaABAg,@rairat4264,Athena is patron of Great Owls.,0,0,2026-09-01T11:26:19Z,2026-09-01T11:26:37Z
UgxPMHPuY9vKKe0QlHl4AaABAg,@misska7535,Still 💯🔥🎶🔥🙌 in 2026. 💋,1,0,2026-08-16T21:11:29Z,2026-08-16T21:11:29Z
UgzvdYKYM09bZAUxwkF4AaABAg,@MarjanMani-qu4su,🤘,0,0,2026-08-27T16:36:42Z,2026-08-27T16:36:42Z
UgxxyQh6rhTkktm-e0Z4AaABAg,@anastasiiameleshko3274,Love ur outfit bro,0,0,2026-08-13T19:27:29Z,2026-08-13T19:27:29Z
Ugz0B9cc46FVH7NIt2l4AaABAg,@AlishaMurray-b7m,my grandma Winnie loved owls,0,0,2026-09-03T00:17:30Z,2026-09-03T00:17:30Z
UgxdyVYxVU6hfEm7HQV4AaABAg,@Sealker-201,it have 500m view,3,0,2026-09-09T12:42:21Z,2026-09-09T12:42:21Z
UgwiVBkJ4ZHHvBt-ZPt4AaABAg,@OmarArias-r3n,Give Kendrick Lamar and ice cube together and pair them out on the dodgers in a three peat in 2026,1,0,2026-08-21T20:43:17Z,2026-08-21T20:43:17Z
UgzGm2UW2YdCMbCPWd14AaABAg,@Ljustiniradukunda-G,Yoo,1,0,2026-08-27T00:51:21Z,2026-08-27T00:51:21Z
Ugyb7XTvaRmmmV9uc2p4AaABAg,@andreaopsahl9021,"Callin Drake Malibu's most wanted is diabolical! That's one of my favorite bars in this song! 🤣😂💯

B-Rad from the Boo! 👏🤣😂",0,0,2026-08-23T23:33:21Z,2026-08-23T23:34:02Z
Ugy-epws_JKWr3uEwcd4AaABAg,@Listen3333,Almost 500k comments😂,2,0,2026-09-03T14:55:57Z,2026-09-03T14:55:57Z
UgyZERZCDmcD2Sjn2JZ4AaABAg,@nattgarl,They not like us 👍🏼,1,0,2026-08-12T13:18:27Z,2026-08-12T13:18:27Z
Ugwq3se9---87odkbfd4AaABAg,@Yeziz-r8y,ANYONE HERE AFTER 500 M HIT,3,0,2026-09-06T20:15:48Z,2026-09-06T20:15:48Z
Ugyoae1d3dfBstIliax4AaABAg,@Tigu76,Fair exchange 😁,0,0,2026-08-28T09:10:47Z,2026-08-28T09:10:47Z
Ugz7zvIqzhlXTRwg3yx4AaABAg,@Farman88769,God,0,0,2026-09-16T02:45:03Z,2026-09-16T02:45:03Z
Ugz2G_v4MTnyW2wiI_B4AaABAg,@nikd66m15,Save em,0,0,2026-08-24T23:49:41Z,2026-08-24T23:49:41Z
Ugznmcs0UjWQg_9a_Pl4AaABAg,@EmoFlow420,"Drake literally after a 23 goth named Pinkychu and Billie Eilish when he 39, YEAAAAAH, Kendrick won bruh idc what yall say",2,0,2026-09-03T20:36:43Z,2026-09-03T20:37:51Z
UgzK4E4Cas6kv6Q_WQ54AaABAg,@RamkrishnaManikpuri-t7u,❤❤❤,0,0,2026-08-25T14:17:20Z,2026-08-25T14:17:20Z
UgzVni-rWIhMBmkynpZ4AaABAg,@Ulises-q2k,Drake with Gotica jajajja hazlo amigo😂😂😂😂😂😂,3,0,2026-08-13T05:54:02Z,2026-08-13T05:54:20Z
UgyCK9FH-Q55TaM70_x4AaABAg,@MusaMagunila,Huuuu! Big song,0,0,2026-08-23T20:23:02Z,2026-08-23T20:23:02Z
UgzhnzR8B5FPuznrMbp4AaABAg,@TooSw33T,No coming back after this,1,0,2026-08-29T18:30:45Z,2026-08-29T18:30:45Z
UgxTSwV8l1UnXkvqpZd4AaABAg,@yourapigeje,Kendrick stood up at 17 pushups,1,0,2026-09-12T11:09:37Z,2026-09-12T11:09:37Z
UgwhTMTaijXWbsiF7vx4AaABAg,@NthandaSilwimba,𝑻𝒉𝒊𝒔 𝒊𝒔 𝒂 𝒃𝒂𝒏𝒈𝒆𝒓😂😂🎉🎉😮,1,0,2026-08-13T17:32:51Z,2026-08-13T17:32:51Z
UgwdXZrFE3IOJ8QjhOx4AaABAg,@AdventureswithBigFriendCeé100,🔥,0,0,2026-08-17T13:31:33Z,2026-08-17T13:31:33Z
UgwZvmtZ4MdJ_0IOWdZ4AaABAg,@purplecat1036,🔥,0,0,2026-08-23T03:24:17Z,2026-08-23T03:24:17Z
UgylIs_tkW65b_GRY0N4AaABAg,@NatashaThakur-p1w,‘MYou not a colleague you a coloniser ‘’💀😭🤣,1,0,2026-08-15T09:34:28Z,2026-08-15T09:34:28Z
UgzAaayDU_qgm5xGhUt4AaABAg,@101LOSEE,Make a new one this is firee,0,0,2026-08-14T03:42:59Z,2026-08-14T03:42:59Z
UgynQ5TQxrBRIDPe0Nh4AaABAg,@Amithc12,City had his back!,1,1,2026-08-12T03:57:02Z,2026-08-12T03:57:02Z
Ugy8Q9y6zg7Sv0ICOWV4AaABAg,@VabyBrowns,"At this point I only hear ""Drake not like us"" 😂😂",1,0,2026-08-25T14:13:59Z,2026-08-25T21:49:57Z
UgxD_aSO5Cixg-74OxZ4AaABAg,@moresamgyetangplease,"September 14, 2026 ( 18:40 pm ) here bcoz my Team, my Girls just won their gold medal and rewrite the history book in Berlin during FIBAWWC🇺🇸🥇🏆. 5th World Cup in a row and 12th in history is something we shouldn't be quiet for.. time to celebrate💕. Cheers from Eva, Samoa 🇼🇸. I told y'all they were bringing it home! 🥇🤫",0,0,2026-09-14T05:42:16Z,2026-09-14T05:42:16Z
UgyC-v4-rRBnZN3kHNF4AaABAg,@FrédéricKouassi-m2d8o,Not like us,1,0,2026-08-11T19:52:17Z,2026-08-11T19:52:17Z
UgxPFyIrbqKzZLedG8l4AaABAg,@SnorEnMat,"Why this video won the ""Best Music Video"" at the Grammy 's of 2025 and not ""A$AP Rocky - Tailor Swif"" still amazes me.... Not that this video is bad, but that video is one of the best music video's ever.",0,0,2026-09-12T14:44:12Z,2026-09-12T14:53:58Z
UgzxkgXhMtD0mY__p6Z4AaABAg,@jacolby_0001,Who here in 2026 📢,3,0,2026-08-16T06:19:33Z,2026-08-16T06:19:33Z
UgwHbxjbOV6NPFMXYRl4AaABAg,@JessicaPatel-r7e,Trust me researching,3,0,2026-08-25T04:03:52Z,2026-08-25T04:03:52Z
UgzrJ3ljgH5G87tjaBN4AaABAg,@LetmeCook2,This song still good,0,0,2026-08-13T21:44:01Z,2026-08-13T21:44:01Z
Ugy291EVxrErRP71fY54AaABAg,@PatriziaMoro-f5i,"🎶❤...NOT LIKE US, please forgive me...Today I'm a little bit late, because of TPAB and DAMN ❣❣...Always the greatest way, with DOT masterpieces ❤❣",0,0,2026-08-27T10:37:23Z,2026-08-27T10:37:23Z
Ugze_59Rte8WNnrJAUN4AaABAg,@FaithPrOD_TV,ancient history,0,0,2026-08-25T04:49:29Z,2026-08-25T04:49:29Z
Ugyd4qCgEO50xNuvLIN4AaABAg,@ig_5674,Brutal 2026,1,0,2026-08-16T14:17:45Z,2026-08-16T14:17:45Z
Ugy6dGBLQKrv_ornBwN4AaABAg,@ペナパイアムサムラン-e5d,Bee’tttt ty-pe,1,0,2026-08-11T15:48:44Z,2026-08-11T15:48:44Z
Ugz2n6-91eLZ-TGGli14AaABAg,@DDeshong-j8s,Needed more than snakeskin boots blondie and Moscato [...],2,1,2026-09-03T11:46:00Z,2026-09-03T11:46:00Z
UgxoI8sBtOOMlmBdQVd4AaABAg,@sangamdewangan,there platypus controlling me 🥳,0,0,2026-08-18T03:32:15Z,2026-08-18T03:32:15Z
UgzF0MW0Ha6V3DzjI6V4AaABAg,@Linda.nicolle.Almeida,"Em 4:31 dá um pause, tem um homem com a camisa do Brasil 🇧🇷🥳. Brasileiro está em todo canto",1,0,2026-08-13T04:41:26Z,2026-08-13T04:41:26Z
UgyEyI3FGxXoU_6MAjV4AaABAg,@PatriziaMoro-f5i,🎉😂...Summer holidays❤..The work of the sweet art of doing nothing is keeping on great...and...It's invincible here 🎶 🎵 😂❣,0,0,2026-08-21T10:07:35Z,2026-08-21T10:07:35Z
UgzBDGUa_5hjLnTG99N4AaABAg,@TammyMyers-t2o,What's up,1,0,2026-09-12T21:13:48Z,2026-09-12T21:13:48Z
UgzwCJ-_61L9avfe8Od4AaABAg,@aylabliss8164,The hop scotch,0,0,2026-08-22T08:50:45Z,2026-08-22T08:50:45Z
UgwwE71ED8OWyvpHgDx4AaABAg,@Ltheoutkast,You back too huh?,1,0,2026-09-16T01:39:00Z,2026-09-16T01:39:00Z
UgykUHGMrXrfK5l7wg94AaABAg,@planetbrad263,❤ E,2,0,2026-08-11T18:33:58Z,2026-08-11T18:33:58Z
Ugx1X35rZhRjUSk7agl4AaABAg,@ChrisRay-l2j,Wow my favorite songs from central cee❤❤,0,1,2026-08-28T07:09:55Z,2026-08-28T07:09:55Z
UgwrONmexQlfhHJkOF94AaABAg,@vk8388,Julian Alvarez in Atletic Madrid,1,0,2026-09-05T16:59:16Z,2026-09-05T16:59:16Z
Ugxe3qsX_CrjZLlcF3F4AaABAg,@luislongoria6621,"Forget Drake, Mayweather clowning on Blue Ivey courtside is worse! He not even hiding!",1,0,2026-09-11T06:57:57Z,2026-09-11T06:57:57Z
UgxVVlbXKNv4dyZPRr94AaABAg,@PatriziaMoro-f5i,😂...A very busy holiday...There are always lots of funny things to do...and the very first one starts everyday here 😂❣,0,0,2026-08-12T08:31:56Z,2026-08-12T08:31:56Z
UgwiTQhmhep7ywO1s6x4AaABAg,@AndreSaideMassira,2:35🔥🔥🔥,0,0,2026-08-28T13:30:42Z,2026-08-28T13:30:42Z
UgyzmG2Ipcl9sGf7t8V4AaABAg,@Farman88769,Nobody talks about how his toxic fanbase is a reflection of Kendrick. I think Kendrick brings out the worst in people which is making them believe they got power.,0,0,2026-09-16T02:24:05Z,2026-09-16T02:24:05Z
UgzVN8FyX2C1w6mr58Z4AaABAg,@J3bridda,Almost 500m views in under 3 years,0,0,2026-08-27T18:59:39Z,2026-08-27T18:59:39Z
Ugxx3ljSWlOg5Yvlnip4AaABAg,@nikd66m15,RUN,0,0,2026-08-24T23:56:09Z,2026-08-24T23:56:09Z
UgzkeYHZIRZeaPZctKF4AaABAg,@JadeLol-1738,"Here in 2026
👇",4,0,2026-08-16T00:43:24Z,2026-08-16T00:43:24Z
Ugw41aMsbC0jhtCWinx4AaABAg,@KevinCave-nt7hz,5M vues now,2,1,2026-09-07T23:16:13Z,2026-09-07T23:16:13Z
Ugy6I7ZwSo8LFn6fxGJ4AaABAg,@ehutyuh3511,That guy loves Drake,1,0,2026-09-08T21:14:38Z,2026-09-08T21:14:38Z
UgzaH3_7TtYbKpvecul4AaABAg,@spaceaxe,They love you then they hate you then love you again,0,0,2026-08-17T10:31:22Z,2026-08-17T10:31:22Z
UgxKIZmoIq_TX9XrQKp4AaABAg,@andreacurtis5472,Candace brought me here 2026 🙏🏽🙏🏽🙏🏽,2,0,2026-09-10T23:57:03Z,2026-09-10T23:57:03Z
UgzXJS_OsWyN-z5veuh4AaABAg,@ArronTaylor,Why let them setup Grace 👑? They know who they set up..,1,0,2026-09-09T11:05:34Z,2026-09-09T11:05:34Z
UgzORmAHpwfDb-pvgjZ4AaABAg,@gysalves6751,Who is there now 2k26 from Afrique Bénin 🎉❤,1,0,2026-08-12T09:32:27Z,2026-08-12T09:32:27Z
UgzHpGY8Zvcal7OHvYt4AaABAg,@fightergaming962,(Independence Day clas 10) now it’s 14 august 2026 class 12,1,0,2026-08-14T15:38:06Z,2026-08-14T15:38:06Z
UgxKHLZr7N8zBsMWncR4AaABAg,@YoniReyes-b8n,🚦ROAD 🎒 RUNNERS 🚦,2,1,2026-08-12T01:50:01Z,2026-08-12T01:50:01Z
Ugw1rLnq9Ekz9WxwdDF4AaABAg,@ShannonJamie-t4k,❤❤❤,1,0,2026-08-20T20:29:00Z,2026-08-20T20:29:00Z
UgyuZYWUAKjbQblxYnZ4AaABAg,@golamjunaid9088,How many of us came after captain America's helicopter pulling scene reels,1,0,2026-09-09T19:25:06Z,2026-09-09T19:25:06Z
Ugxa7iWSXpZTt23Tjbt4AaABAg,@MANSLEGAMEUR,who's Here in 2028,2,0,2026-09-07T18:37:31Z,2026-09-07T18:37:31Z
Ugz-qI7sDiXfD-h_5X54AaABAg,@idk-how_to_name-myself,2 years ago btw,1,0,2026-08-29T20:51:17Z,2026-08-29T20:51:17Z
Ugy-6ul3rEw2a8TmVod4AaABAg,@Dark-p5,Salut,1,0,2026-09-01T12:01:06Z,2026-09-01T12:01:06Z
Ugz7rTvzT2xklo7ybR14AaABAg,@Alliefrombx,wtf do you mean ts is 2 YEARS OLD? my god time plays so fast..,2,1,2026-08-17T13:57:50Z,2026-08-17T13:57:50Z
UgwMrpRC1FSGAyUxg5N4AaABAg,@StivenSandoval-c9g,1:06 😊,1,0,2026-08-13T00:40:20Z,2026-08-13T00:40:20Z
UgzrrOZM_ic67AV5CHR4AaABAg,@Farman88769,Please and thank you,0,0,2026-09-16T02:33:08Z,2026-09-16T02:33:08Z
UgzLWPGJbArN1DgbhyB4AaABAg,@Fman21,Bro loves his mustad,0,0,2026-08-30T14:35:18Z,2026-08-30T14:35:18Z
UgyKN9V1IqcFhi4aFuF4AaABAg,@ChaseMorello-caramon,🦖👻,2,0,2026-08-19T14:25:24Z,2026-08-19T14:25:24Z
Ugxvj0N7vfPjw85R_UB4AaABAg,@JaniceFletcher-s6f,❤😂🎉😅,2,0,2026-08-23T01:24:50Z,2026-08-23T01:24:50Z
UgzSQKrWk1Ss7be7PAd4AaABAg,@PatriziaMoro-f5i,🎶 🎵 🎉   a day without NOT LIKE US is like a year without vacation...😂 Even the mere thought must be killed..Instantly😂 🎶 🎉❣,1,0,2026-08-20T09:14:03Z,2026-08-20T09:14:03Z
UgxGXUhJ5a01WfqvsFZ4AaABAg,@moresamgyetangplease,"August 19, 2026 ( 14:55 pm ) it's a FEVER DUB in TORONTO. First time in the 6ix and we left with a massive dubskie. Just wow. 😤🇨🇦  FEVER FOREVER all the way from Eva, Samoa 🇼🇸  chehoooo",0,0,2026-08-19T01:55:23Z,2026-08-19T01:55:23Z
UgyLpXHWfnBrCyf4DB54AaABAg,@xMeriak,top,0,0,2026-09-15T16:14:08Z,2026-09-15T16:14:08Z
UgysaqZ_lQVPk-F_VoN4AaABAg,@Xentrycs,This was 2 YEARS AGO?? 😳😳,3,2,2026-08-11T05:03:25Z,2026-08-11T05:03:25Z
UgyEfyUC4isbDbEcxwd4AaABAg,@alancamacho3293,"Drake will NEVER recover from this diss track, it will always be iconic.",0,0,2026-09-11T11:26:54Z,2026-09-11T11:26:54Z
Ugxpvori3pTtVslLt9x4AaABAg,@MarjanMani-qu4su,همه کنگ قدرتیا🎉,0,0,2026-08-30T09:15:29Z,2026-08-30T09:15:29Z
UgxtwptLFvKLx9X5Jvd4AaABAg,@moresamgyetangplease,"August 17, 2026 ( 11:20 am ) listening to this from Eva, Samoa. Currently watching the FEVER vs DREAM game on my other ph.. The DREAM are leading the scores now with 6 points in Quarter 3, well 5mins left for this quarter tho. I'm sure the FEVER will make a stronger comeback in Q3. CC, Kelz, Soph and Ty will hit those threes fosho🔥🤙✨️
Have a blessed day everyone!!🙌",0,0,2026-08-16T22:20:51Z,2026-08-16T22:20:51Z
UgxhO5VNBuBAxTM9VxF4AaABAg,@RAPWORLD444,You the Messiah wifin' up a mixed queen we get it drake but can someone explain to me the clothes Kendrick Lamar Duckworth's wife is wearing 😂😂😂,2,0,2026-09-07T10:52:39Z,2026-09-07T10:52:39Z
Ugx-hfXLCRGxFnxO54t4AaABAg,@XeronBlarg,0:19 when i hear music it makes me dance,0,0,2026-08-19T01:58:58Z,2026-08-19T01:58:58Z
UgySc0mMfZdQbpBx4Eh4AaABAg,@Farman88769,Kendrick is God and should rule the world ahh fans,0,0,2026-09-16T02:44:27Z,2026-09-16T02:44:27Z
UgzCMgUzRU2gBZ6HGSF4AaABAg,@FelipeBrizziMusic,Cara com a Camiseta da seleção brasileira no meio da galera 🙌🏻🙌🏻🙌🏻,0,0,2026-08-22T14:51:11Z,2026-08-22T14:51:11Z
UgxpmG1WF_4oexEH0s14AaABAg,@HawnkoxticBlackmorth4444,Aceite de pipi 🗣🔥,0,0,2026-09-05T21:51:42Z,2026-09-05T21:51:42Z
Ugy69fyKyp9tiG2fHhp4AaABAg,@Kyoungboy,Cops ko van song 🎶,0,0,2026-08-28T17:50:42Z,2026-08-28T17:50:42Z
UgyCz4cA4RPD18p9s1p4AaABAg,@Chale_dominguez,Generational beat down.,0,0,2026-08-21T14:43:36Z,2026-08-21T14:43:36Z
UgyO3qTIAiCHznZFiyp4AaABAg,@RonettaWalker-o5w,To all My chosen 🙏🏿ones 🌌THEY NOT LIKE US🎯🤫 QUIET ON THE CREEK 🤐,0,0,2026-09-02T05:13:09Z,2026-09-02T05:13:09Z
UgxXjXNRGyFnjmpMbkV4AaABAg,@leguccimorty,Me and Hendrix back by popular demand 😂✌🏼,0,0,2026-09-14T10:22:12Z,2026-09-14T10:22:12Z
Ugzm21bOg3yKRCZSTgt4AaABAg,@Itsharmon_y,TOMMY THE CLOWNNNN,0,0,2026-08-24T20:39:22Z,2026-08-24T20:39:22Z
UgzGsYwNanXfQJSMeSp4AaABAg,@DarlingtonScott-xn2ef,𝗪𝗵𝗼 𝗶𝘀 𝗵𝗲𝗿𝗲 2026,1,0,2026-09-15T18:33:56Z,2026-09-15T18:33:56Z
UgxlR2Hlpb17qsGUIXV4AaABAg,@_unknown_7073,after seeing him bark kendrick was wrong he was like us',1,0,2026-08-12T04:49:50Z,2026-08-12T04:49:50Z
UgyQfApSNnbOYiJ2PoN4AaABAg,@Shalom-rx7fg,"Kendrick Lamar is far better than all those other rappers mehn
This Blue cap is Goated❤🤭😌🤏🏾",0,0,2026-08-26T15:54:25Z,2026-08-26T15:54:25Z
UgyKu3vQZSjT0BFI33p4AaABAg,@ZOgjOgjZ,nknock at what door aint enough 😊,0,0,2026-08-14T03:06:26Z,2026-08-14T03:06:26Z
UgyxWoPaHaPwHNonk1p4AaABAg,@Yelan-ud2mc,4BANG 🔥,0,0,2026-09-12T10:22:26Z,2026-09-12T10:22:26Z
UgwDE4zpZ95xYgLRMDJ4AaABAg,@ibrahimeditt4i,2026,3,0,2026-08-14T07:26:54Z,2026-08-14T07:26:54Z
UgyxARHN1fDdZsa0eOV4AaABAg,@Itsharmon_y,Tommy the clown n his crewwwww,0,0,2026-08-24T20:39:43Z,2026-08-24T20:39:43Z
UgxmP5WYl7N2xLwJ8oB4AaABAg,@chisalakashimu,Drake must had an heart attack after listening to this😂😂😂😂😂😂,1,0,2026-09-11T16:39:07Z,2026-09-11T16:39:07Z
UgwfM7jj72KjQrZX4kJ4AaABAg,@AtlasNight,Imagine if Ken had made a song like this about the famous Rapper King Von instead of R&B Singer Drake if he were still alive for ending that 17 year old girl. He would've ended up in the obituaries before the end of the week and King Von would've definitely got away with it too.,4,1,2026-08-15T07:17:38Z,2026-08-15T07:17:38Z
Ugy_Y6vAO3W8LIv2A4p4AaABAg,@AnneSmohayaBien-aimé,Not like us,0,0,2026-08-15T00:52:39Z,2026-08-15T00:52:39Z
UgyhI-M9Q229X1ek8dZ4AaABAg,@Ghostslash33,🖤✝🤍,1,0,2026-09-04T05:15:49Z,2026-09-04T05:15:49Z
UgxG4Fa_lvO8tbvDb894AaABAg,@I_was-here_shhh,"“With diss and anger, I alone am the hater one”
- Kendrick duckworth lamar",0,0,2026-08-23T01:19:01Z,2026-08-23T01:19:01Z
UgyMrjYZ6dvhaLTjJ7h4AaABAg,@gdot7795,They really not like us 💪🏾✊🏾🖤 #2026,0,0,2026-08-20T13:09:08Z,2026-08-20T13:10:10Z
UgwGrEVAtMfmsTb-Bq54AaABAg,@joey5407,Ants uhh stop so sweet. Hungry,1,0,2026-08-12T07:41:13Z,2026-08-12T07:41:13Z
UgzAWv5eCpAi5BfQq3t4AaABAg,@Jahdialove1111,FBA🖤🖤🖤🖤🖤🖤🖤🖤,0,0,2026-08-21T17:17:16Z,2026-08-21T17:17:16Z
Ugw8nNjNhb8E8O2hXHh4AaABAg,@SlashIreland,👁⚖️👁,1,0,2026-08-19T08:27:28Z,2026-08-19T08:27:28Z
UgyDruce5xtQF4Yv6PB4AaABAg,@rairat4264,Celebration reconnected with your Elation.,0,0,2026-09-01T11:21:26Z,2026-09-01T11:21:26Z
Ugw_K3giMvvhi-45ciF4AaABAg,@brandontay8617,"Never realized how Kendrick Lamars flow of LMFAO. Sounds crazy, but listen to ""Take It To The Hole"" if you don't believe me.",1,0,2026-08-14T15:01:28Z,2026-08-14T15:01:28Z
UgzRryLoLSRN1ktOdYh4AaABAg,@SkupaJM,No one gave hands to the directors of the music video ❤❤,0,0,2026-08-13T08:48:53Z,2026-08-13T08:48:53Z
UgymJ3r1v1XMTyIhMHB4AaABAg,@Farman88769,His best song is backseat freestyle.,0,0,2026-09-16T02:39:30Z,2026-09-16T02:39:30Z
UgxOCuJNeBzH5rzSFbh4AaABAg,@CJThegenus,🎉,0,0,2026-09-13T07:02:54Z,2026-09-13T07:02:54Z
UgwVNR5TmljJTzDfQx94AaABAg,@NORE249,2026??,2,0,2026-08-26T09:08:01Z,2026-08-26T09:08:01Z
UgydMtK02hk7aYFsPap4AaABAg,@Jay-z9e6e,No scrubs 4 life,0,0,2026-09-09T21:20:56Z,2026-09-09T21:20:56Z
UgxFIrnvob786YaN7qp4AaABAg,@PatriziaMoro-f5i,"🎉 Welcome everyone to Saturday, with smiling faces, warm hearts, good thoughts in mind...😂 All this on listening to KENDRICK's music ❣❤❣",0,0,2026-09-12T08:35:13Z,2026-09-12T08:35:13Z
Ugz6qcdDaPRLh_j5nhp4AaABAg,@TimTarrin,His shit is so raw god dam just listening to his flow dray ant got shit on him,0,0,2026-08-15T00:12:23Z,2026-08-15T00:12:23Z
Ugy3s02gV0VKS1NEKVN4AaABAg,@CarlosBellRings,Iisiski❤❤❤❤❤,0,0,2026-08-14T02:06:41Z,2026-08-14T02:06:41Z
UgxArxtHSc0R8cES-6R4AaABAg,@ThaboRikhotso-j5x,👍👍👍👍👍👍👍,1,0,2026-09-08T11:05:19Z,2026-09-08T11:05:19Z
UgzEtJY5tGWU73e1SeZ4AaABAg,@Bathshebatheone,They not like us at all!,1,0,2026-08-13T02:58:59Z,2026-08-13T02:58:59Z
Ugyff-PALUIrLHmENwx4AaABAg,@NgaboJeanpaul-c5e,❤I love 💕 😂😊 this song,0,0,2026-08-21T16:22:51Z,2026-08-21T16:22:51Z
UgxFiWyg68NH34jKNr94AaABAg,@nevillemanson4090,☠️☠️☠️☠️☠️☠️☠️☠️☠️☠️ 𝗣𝗼𝗼𝗿 𝗱𝗿𝗮𝗸𝗲😮,1,0,2026-09-10T07:47:28Z,2026-09-10T07:47:28Z
UgzQBsJGsiGGDKTZRgl4AaABAg,@fefolino,I wonder how mad you all are when I am just living my life,0,0,2026-09-12T02:02:27Z,2026-09-12T02:02:27Z
UgzTqUQymT1DUMyovL14AaABAg,@deangelodrake9221,Kendrick got 👻 writer,0,0,2026-08-20T16:48:02Z,2026-08-20T16:48:02Z
UgwOmE7OPBbbHSzHRz54AaABAg,@user269c7p1nc,I love how this song brought so many people together. We need another song like this 😂,6,1,2026-08-22T18:22:50Z,2026-08-22T18:22:50Z
UgzrTMTacG5Tp5jrElR4AaABAg,@Modelmogal7496,"When he performed this at the Superbowl and Trump was in the audience, transcendent.",1,0,2026-09-09T23:04:59Z,2026-09-09T23:04:59Z
Ugy1GQZVDAtkeX2j1zh4AaABAg,@uli003-x6x,It has been 2 years?,0,0,2026-08-21T12:11:00Z,2026-08-21T12:11:00Z
Ugz9KTbxt4j6ySoD-MJ4AaABAg,@noamerom-j9m,THATS THE SHIT @NOADROW,0,0,2026-09-14T10:41:39Z,2026-09-14T10:41:39Z
UgxDMekqxJ1OChR9SVt4AaABAg,@PatriziaMoro-f5i,🎉...I'm really realizing that is possible to handle with success Monday in one way only...😂  NOT LIKE US 😂 in never enough listening ❣❤ DOT ❤❣,0,0,2026-09-07T10:51:42Z,2026-09-07T10:51:42Z
Ugw_GSnx3CqzVF7Hgud4AaABAg,@RobertHorry-z5r,Who's here in 2O26?,3,1,2026-09-07T00:16:41Z,2026-09-07T00:16:41Z
Ugy9uc1LX2AU8kwLOp14AaABAg,@theadasataka,❤❤❤❤❤❤❤❤❤,0,0,2026-09-14T01:57:45Z,2026-09-14T01:57:45Z
UgyDGNJjgVwoAyJTVCt4AaABAg,@Bboy_who,Drake is never healing,1,0,2026-09-04T23:06:00Z,2026-09-04T23:06:00Z
UgzX2gHaD_WSWZTD-a94AaABAg,@beastx_power,Who Is Here After Spain Won World Cup 2026,1,0,2026-09-12T08:37:13Z,2026-09-12T08:37:13Z
Ugx7Tn-qdMGmWQlB62B4AaABAg,@Nathan-p6w7d,"They not like us, they have a different father and this is a seed war whether you like it or not.",0,0,2026-08-14T23:58:09Z,2026-08-14T23:58:09Z
Ugx8oBm0q0YTC1cXF1F4AaABAg,@Farman88769,Struggling college student motivational music,0,0,2026-09-16T02:46:05Z,2026-09-16T02:46:05Z
Ugz-EQQ7W7MATcfgkQJ4AaABAg,@JimteDiomande,pst tchale,0,0,2026-09-01T16:20:24Z,2026-09-01T16:20:24Z
UgyTR7iRRn0V2TQJYUF4AaABAg,@kidalidancer05,From tanzania🇹🇿🇹🇿🇹🇿,0,0,2026-09-12T11:46:38Z,2026-09-12T11:46:38Z
UgyHL0whVPNopcc-2Qt4AaABAg,@joey5407,Apparently all rappers pod cast,0,0,2026-08-29T08:31:25Z,2026-08-29T08:31:25Z
UgzMONpln7q29PHa2aZ4AaABAg,@nicknat1086,This is the number 1 diss song!!!,0,0,2026-08-21T02:00:59Z,2026-08-21T02:00:59Z
UgzMUAeNCUGMuJJOiT54AaABAg,@alexmosher,My baby niece likes this song to,1,0,2026-08-12T20:09:06Z,2026-08-12T20:09:06Z
UgxkvuwB6oq2iuTlMlZ4AaABAg,@srane_vf9,Ever heard of pinkchyu 😭✌️,1,0,2026-08-18T01:08:18Z,2026-08-18T01:08:18Z
UgzoVJwew1C1z-GoxjN4AaABAg,@TAVARESMADALENA,Omg,0,0,2026-08-15T10:10:19Z,2026-08-15T10:10:19Z
Ugw2hwnrwFs1lYgMEGp4AaABAg,@GLoK-OG,look brother. i use your lyrics to troll spammers they dont know how react.,1,0,2026-09-04T12:50:51Z,2026-09-04T12:50:51Z
UgwGJBcI4YRmBy9omMB4AaABAg,@TAZMANIASV,"UWTUP
..",1,0,2026-08-11T02:41:57Z,2026-08-11T02:41:57Z
UgyBGjIbtScJ_qCYaMR4AaABAg,@muntazirlone13,guys WHO ARE THE RAPPERS WHO HAVE ever tried to diss EMINEM,0,0,2026-09-04T05:04:58Z,2026-09-04T05:04:58Z
UgxTZ0HbDhpfg40iBft4AaABAg,@antonioescamillaperez,😈😈😈😈😈😈😈,0,0,2026-09-07T09:18:52Z,2026-09-07T09:18:52Z
Ugwok-wEO6IIVpukCBV4AaABAg,@saviorking2,Jesus Christ LOVES you all ❤️ 🐑😇,3,0,2026-09-04T14:19:44Z,2026-09-04T14:19:44Z
Ugwc_FbmwBg1ML-teYF4AaABAg,@WilliamMarquez-m7g,😎😎😎😎😎😎😎😎😎😎🤨🤨🤨🤨🤨🤨🤨🤨🤨🤨,3,0,2026-09-12T20:59:36Z,2026-09-12T20:59:36Z
Ugw2rYpTr2VY-l7Inbd4AaABAg,@kiori-t7u,Is it weird i like the superbowl music video more it had more energy thoo,1,0,2026-09-11T16:00:08Z,2026-09-11T16:00:08Z
UgzZ86PZC3uesap7zFV4AaABAg,@NeymarMouhamedou,🎧,0,0,2026-08-21T20:54:59Z,2026-08-21T20:54:59Z
UgzqRSkaT4HbkSJhgYN4AaABAg,@mamped69,I SEE DEAD PEOPLE DEEEYYYM,1,0,2026-09-01T06:51:49Z,2026-09-01T06:51:49Z
Ugz32YPauM0YPNau9tZ4AaABAg,@Dark-p5,1:13,1,0,2026-09-01T12:01:11Z,2026-09-01T12:01:11Z
Ugwjdc-CvWGYD31lGIB4AaABAg,@MaHlaThan-n3v,Not like us=Not like ''U.S''(American)?,4,0,2026-09-05T13:54:02Z,2026-09-05T13:54:02Z
UgxXGIWsu_j21ZMOxD14AaABAg,@PraiseMateo,2:37 2:39 2:40 2:42,1,0,2026-08-28T18:32:49Z,2026-08-28T18:32:49Z
UgxIfiZFcrrjEaTbyih4AaABAg,@Angélique-x3h,PK1 G1,0,0,2026-08-29T22:17:15Z,2026-08-29T22:17:15Z
UgxVQqiekN8hn6m0XP54AaABAg,@The_one_and_only_Kasane_Teto,Had to come back here after the goth girl incident,4,3,2026-08-17T01:45:34Z,2026-08-17T01:45:34Z
UgwJRI1jqYNdVDsXk194AaABAg,@thekinggshow1191,Yea,0,0,2026-08-16T03:12:15Z,2026-08-16T03:12:15Z
UgykeZ2yIf4XV72vB4l4AaABAg,@lovvedonncuttz,wassup 🩵,1,0,2026-08-27T23:54:15Z,2026-08-27T23:54:15Z
Ugx23lTZh4_ff8kKRPl4AaABAg,@puisanio8429,drake still barking,6,0,2026-08-13T16:44:46Z,2026-08-13T16:44:46Z
Ugwt5Cirj4V9QzJFuFZ4AaABAg,@atinajero2465,At this point remember this knock Chinge Su Madre carbon 💯💯💯,0,0,2026-08-15T02:32:42Z,2026-08-15T02:32:42Z
UgxgUY5UM6sO3xBApb94AaABAg,@Pandoraaa76,Broccoli ✌️,0,0,2026-09-04T22:56:27Z,2026-09-04T22:56:27Z
UgyKjqMBC9pAuDAWmcl4AaABAg,@virusfeed5255,2026/1/8  11:47 vibing with my daughter 🎉,0,0,2026-09-01T08:47:48Z,2026-09-01T08:47:48Z
UgzO4f8apHmjb6GRE0l4AaABAg,@KARINAFIERRO-o1o,2214 still here. Human quantum research,0,0,2026-08-18T06:50:10Z,2026-08-18T06:50:10Z
Ugx0XFejUhIkiFfNTgx4AaABAg,@viniciusfelippe7215,1:50 é ele ali! 👀🇧🇷,0,0,2026-08-20T18:25:53Z,2026-08-20T18:25:53Z
UgxAZyPOA62aNG2Sa_N4AaABAg,@GinaBarron-Jaramillo,What’s the password? I see dead people.,4,0,2026-08-22T00:34:01Z,2026-08-22T00:34:01Z
UgzBiUhERa11vwqV_CZ4AaABAg,@ilhaamfoster4617,I cant believe its been 2 years already 😮,0,1,2026-08-13T18:48:21Z,2026-08-13T18:48:21Z
Ugw_m2k361IhnfNxkYd4AaABAg,@hanova69,BEM FEITO AGORA APERTA 22 KKKKKKKKK,0,0,2026-08-30T04:18:29Z,2026-08-30T04:18:29Z
UgzwsMAqy3NAJaJBIhN4AaABAg,@BibiBlocksberg-w6z,😂🎉,2,0,2026-09-11T06:00:24Z,2026-09-11T06:00:24Z
Ugx_ejhd5qETZP8GTtx4AaABAg,@Jwow-r5d,🥂🧋🥤🧃🧃🧃🧃🧃🧃🧃,1,0,2026-08-23T11:09:02Z,2026-08-23T11:09:02Z
UgxbTFtEEUeU9Eh56XZ4AaABAg,@RobloxDaGoatKing,A post already you haven’t posted in like a year,1,0,2026-09-13T02:04:25Z,2026-09-13T02:04:25Z
Ugzl5-CZ0iXfkQe8T154AaABAg,@WTF.Ashton,How about we this one the most commented song,2,1,2026-08-16T13:37:04Z,2026-08-16T13:37:04Z
UgyaQIz8yFMJNrgku2R4AaABAg,@CherokeeBurns-q7u,They two extra,1,0,2026-08-22T20:22:23Z,2026-08-22T20:22:23Z
UgxLXmJg_oqgfKSYWgh4AaABAg,@CheslynEvo5,WTF almost a half billion people watched this video in only 2 years 😅,1,0,2026-08-29T13:51:28Z,2026-08-29T13:51:28Z
UgxV8JoAsN4bqHdT-jt4AaABAg,@Protagoniste28,Drake finishito,4,0,2026-08-26T21:42:15Z,2026-08-26T21:42:15Z
UgzUQGcow9VYvF7hF8J4AaABAg,@MeliGibson,"""Wooff wooff wooff"" - Drake barking 😂",2,1,2026-08-22T17:23:44Z,2026-08-22T17:23:44Z
UgzvT33FY6A_DJd3EL54AaABAg,@tsipatos6532,"freaking Compton Court, had to pay 3 traffic violations and jury duty.",0,0,2026-09-13T13:39:22Z,2026-09-13T13:39:22Z
UgxDvkBWVq55Pv1psOR4AaABAg,@Mckeditzz,I am the last viewer,2,0,2026-09-09T16:42:10Z,2026-09-09T16:42:10Z
UgwF3n49yUBDasX1G0N4AaABAg,@DonBergas69,Izzy is the one that got them dogs in him,0,0,2026-09-11T02:51:09Z,2026-09-11T02:51:09Z
Ugyc4qD0RdUyMmLT0dZ4AaABAg,@ImTooKmplxd,Here to remind yall he made the original song within like 48 hours of Drakes diss so this is like 50% of what he could’ve done 😂,1,0,2026-09-12T09:19:10Z,2026-09-12T09:19:10Z
Ugz9LsYyLgcvxBO2hwR4AaABAg,@rafly-ali-syahputra,500 m go,1,0,2026-08-14T02:36:59Z,2026-08-14T02:36:59Z
UgxzGWXoRpEKp5yP1SF4AaABAg,@joey5407,Swimming Old climbing,0,0,2026-08-12T07:39:53Z,2026-08-12T07:39:53Z
UgzgGlFi65jDxwhCuYd4AaABAg,@Nazim_Ali1207,Too many options 💯West Philly 🫡You already know Dot‼️‼️‼️,0,0,2026-08-14T01:21:30Z,2026-08-14T01:21:30Z
Ugwgg8qYArsviE8esh14AaABAg,@10yearjointchannel,best diss of this generation,5,0,2026-08-18T18:59:25Z,2026-08-18T18:59:25Z
UgypBA1JvNsadPv5Dwt4AaABAg,@PatriziaMoro-f5i,😂 🌊 🏖 🎶 🎵....How to get a gorgeous summer time ❣NOT LIKE US...Everywhere 😂❣,0,0,2026-08-22T12:00:01Z,2026-08-22T12:00:01Z
Ugyy6J9HjNQEmqT2Or14AaABAg,@Wichet-v1r,2:57,1,0,2026-08-13T04:20:13Z,2026-08-13T04:20:13Z
UgxAtnXHRetHdGan7HZ4AaABAg,@OmarArias-r3n,I can’t wait for my own base mlb magic October showtime in dodgers to a three peat in 2026 that’s my birthday wish and we get Kyle king tucker and we have skubal scoob stones thanos in October in 2036,2,0,2026-08-31T17:02:21Z,2026-08-31T17:02:21Z
UgxJyg8bYjAo3sesEwt4AaABAg,@ElyHadrami,2025 memories,1,0,2026-08-15T20:10:33Z,2026-08-15T20:10:33Z
UgzABDvQv38lmHJ5oMd4AaABAg,@ZOgjOgjZ,tape,0,0,2026-08-14T03:06:36Z,2026-08-14T03:06:36Z
Ugw1F9CkMttlgtxMwBJ4AaABAg,@XandyFidelino-w8b,2026 anyone else?🔥,0,0,2026-09-01T10:20:37Z,2026-09-01T10:20:37Z
UgzhhYREW7TUlvBwZUN4AaABAg,@StivenSandoval-c9g,0:37 0:42,1,0,2026-08-13T00:39:57Z,2026-08-13T00:39:57Z
UgwUhvxOHSqmCfccxAx4AaABAg,@WTF.Ashton,🎉 hide the bible,3,0,2026-08-22T03:02:08Z,2026-08-22T03:02:08Z
UgwaIpPE_TEji01LVdl4AaABAg,@fire_jr,They not like as 🤟,0,0,2026-09-15T16:02:14Z,2026-09-15T16:02:14Z
UgyGQqJwoyo3zDf3yrh4AaABAg,@Donmecca23,"D Rose Way Colder Than D Roze, We didnt need Goofy",1,0,2026-09-11T18:25:37Z,2026-09-11T18:25:37Z
UgxhqThirH6hV5jQikN4AaABAg,@rintaro_6_6,xxxtentacion must be proud.,3,0,2026-08-13T01:31:11Z,2026-08-13T01:31:11Z
Ugwuz76fkjCzXtHGZLJ4AaABAg,@Alobaba92ii,1:35,1,0,2026-08-11T15:29:06Z,2026-08-11T15:29:06Z
Ugxj13HbJlxjEFWKr5d4AaABAg,@ThundertheDevil,covid days melodies,0,0,2026-09-14T00:42:18Z,2026-09-14T00:42:18Z
UgyZ918l_i4UGBNo36F4AaABAg,@Marvin24r,"GOAT 🐐  
Iceman destroyed himself 😂 bow bow bow",0,0,2026-08-19T05:08:21Z,2026-08-19T05:08:21Z
UgxkH2MQ-z5gUONdODB4AaABAg,@jaA98765,"This hits soooo hard, Drake who😂😂😂",0,0,2026-08-20T00:47:31Z,2026-08-20T00:47:49Z
Ugzj885msqm0GTRWzH54AaABAg,@jpwk76,"Man, I am a 50 year old Caucasian, and this shit drops hard!  He fuct you up on that one D-Rake!  🤣 My whole life I have felt like nobody was like me, so this jam just resonates!",0,0,2026-09-12T19:48:48Z,2026-09-12T19:48:48Z
UgzAlGcN974shoYaFL94AaABAg,@YanduDj-l3s,Dam my mom really listened to this,0,0,2026-08-20T22:28:51Z,2026-08-20T22:28:51Z
Ugy1I86JthyPxXVWbah4AaABAg,@liljoeyredblue581,I really feel like i heard this song 10 years ago,0,2,2026-09-06T19:11:32Z,2026-09-06T19:11:32Z
Ugxqhrd6b6BPSkjm0NJ4AaABAg,@CourtnieEaddy-x2l1o,TOMMY THE CLOWN 💖,0,0,2026-09-13T16:37:07Z,2026-09-13T16:37:07Z
Ugxmy_swpDZWkMUsY154AaABAg,@FelicitasDominguez-t9r,the first time i heard this song my homie Menace said he dedicated this s😊ng to me and i really was able to understand that music is a wasly of he😅ng exprssing and in your feelings!!!!! ❤❤❤🎉😢he is a wonderful indevidual 😂ho is someone to me and w😅th that being said I care about him especially now ect. e. g. I just cut a rela😢ionship tha😢 was really 6months ago and coming back to a man who is not in tune with own emoition... is a real dangerous pers😊n or man .. He will lie tell the truth and it will be a reality to the onethat hears .. I loved Curtis Paul Jacob with all of m🎉 and now that i rest waking up...!!!,0,0,2026-09-12T05:06:28Z,2026-09-12T05:06:28Z
UgyiyXY0206IwaLJVB14AaABAg,@Cue-Bars,"“IP, ownership, the blueprint is by me” after Drake sells majority of his OVO brand. 😮‍💨😮‍💨😮‍💨",1,0,2026-08-29T15:58:02Z,2026-08-29T15:58:02Z
Ugz81RS1dG7gH4Snwf94AaABAg,@Bjk1903-u6m,🎊 🎉,0,0,2026-08-22T22:17:27Z,2026-08-22T22:17:27Z
UgxUwdL8eA3VYnNlnoJ4AaABAg,@alexatorres989,You don’t need to be black to be a brother 🅰️,1,0,2026-08-18T08:35:49Z,2026-08-18T08:35:49Z
UgzsElXo9qLTQ4VNZAB4AaABAg,@Nate_5-6H6-9,DONT TURN OFF MY TV SINCE WE NEVER TALK LOVE HONEST-🤘,0,0,2026-09-01T23:01:31Z,2026-09-01T23:01:31Z
UgwL8svAazTavxuKXWh4AaABAg,@Crazyboy-l5k7z,Bro got roasted badly,0,0,2026-09-04T07:39:42Z,2026-09-04T07:39:42Z
Ugw3KP4ZU-h_Y9eReU14AaABAg,@PatriziaMoro-f5i,"😂..Laughter is the instant vacation...and..By listening the colonizer story😂, you can extend it endlessly 😂😆🤣❣",1,0,2026-08-13T08:19:45Z,2026-08-13T08:19:45Z
UgzUOafhRkXPGtSmikh4AaABAg,@TonyaSmith-d6c,I talk to dead ppl,1,0,2026-09-10T04:53:52Z,2026-09-10T04:53:52Z
UgwXv-HwvjE0asa8bU54AaABAg,@MoranChen-o9l,Is it just me or does he genuinely sound like Snoop Dogg?,0,0,2026-08-30T21:33:39Z,2026-08-30T21:33:39Z
UgzWqQsVOqTtlyDTof94AaABAg,@gangstabrinix,😉🎂,1,0,2026-08-20T14:53:56Z,2026-08-20T14:53:56Z
Ugy-2gJSvi2maxAAlJZ4AaABAg,@AfnanRahman-sr8fy,I Hope Vanilbean And KREATIVE KYLE Gonna Rap This Music Or Dancing 😭🙏,0,0,2026-08-20T13:58:26Z,2026-08-20T13:58:26Z
UgxMfsQmWORVjImCk0d4AaABAg,@KunalDua-lt9su,2:54❤❤❤❤❤,0,0,2026-08-13T08:03:42Z,2026-08-13T08:03:42Z
Ugy29h7Gbp2MT6sO8T94AaABAg,@Divango2012,Anyone in September 2026,1,0,2026-09-11T20:09:33Z,2026-09-11T20:09:33Z
UgwNG7nu3gkQxNy0QnN4AaABAg,@reyhanhafizaa,2026,1,0,2026-08-29T08:32:07Z,2026-08-29T08:32:07Z
UgwzjkNKMSo-kmKH6R94AaABAg,@Mamiricco,"God is still working with and on me and I appreciate him to the fullest extent on helping me fight these battles on my journey so he can draw me to where i need to be at i do nothing but claim this energy thank you god,Jesus and the holy spirit  amen.🙏🏾",0,0,2026-08-13T00:10:59Z,2026-08-13T00:10:59Z
UgzWYI8vE-egz-BFFCJ4AaABAg,@SETTOOLSHARDWARE,Hi,3,2,2026-08-29T11:56:45Z,2026-08-29T11:56:45Z
UgxUjG_-MkZ_m08v4S54AaABAg,@Larrylll-p1g,Happy day everyone on September 11😊😊😊,0,0,2026-09-12T00:07:16Z,2026-09-12T00:07:16Z
UgyVL6KMGfDhZbuYUXh4AaABAg,@theboiskeet4011,Drake!!! In my Soulja Boy voice,0,0,2026-08-31T06:53:07Z,2026-08-31T06:53:07Z
Ugy-DcHJcgRqw7cVaZl4AaABAg,@Farman88769,I want Kendrick to be a meme and I want people to make his fans a laughing stock because it's WELL overdue.,0,0,2026-09-16T02:32:09Z,2026-09-16T02:32:09Z
UgyqFfI12iJpYppHD5d4AaABAg,@Farman88769,At the end of the day nobody likes to admit Kendrick and Drake are the same and it's the only reason they clashed heads 😂 It's like trying to pick which shitty uncle you like more to me,0,0,2026-09-16T02:55:29Z,2026-09-16T02:55:49Z
UgycnC0wsj5TNLqFSVp4AaABAg,@abdulrahman._.24_5,"""they don't like Dutch"" 😂😂",1,0,2026-08-20T22:07:39Z,2026-08-20T22:07:39Z
UgyTiYsgQJfE10ouBGl4AaABAg,@mf1rr,Notalgila waktu suka nonton Rp paginya gawe tidur jam 3 pagi terus mana ftv tetew Emily mulai subuh 😭,0,0,2026-08-22T17:07:31Z,2026-08-22T17:07:31Z
UgxkKtbPFVDpO2hlHxF4AaABAg,@PatriziaMoro-f5i,🌊 🏖...NOT LIKE US at the seaside...😂 The unstoppable calories burner...and...The swimsuit says thank you 😂❣,0,0,2026-08-17T09:52:03Z,2026-08-17T09:52:03Z
UgwdYLznEw9JXbhOeVR4AaABAg,@viniciuseduardo8309,"Não e mais um besteirol americano 
Eurotrip
Superbad
Uma comédia nada romântica
Trovão tropical",1,0,2026-08-19T17:28:30Z,2026-08-19T17:28:30Z
UgxwugWU2MOd-t_eGy54AaABAg,@Farman88769,"Kendrick Lamar doesn't lose. Get used to it. He will never be humbled. His fans will always be toxic and he will die the ""greatest"" rapper of all-time. Makes me nauseous.",0,0,2026-09-16T02:31:07Z,2026-09-16T02:31:07Z
UgwNNhMBs3YFEflZSU14AaABAg,@JayJaycb2003,Anyone 2026,1,0,2026-08-19T05:43:50Z,2026-08-19T05:43:50Z
Ugyc45Bfw5QcxaRft7l4AaABAg,@IslamLouna-j1e,"He married him vro Ouch
I am sorry drake about your lose",1,0,2026-09-16T14:53:46Z,2026-09-16T14:53:46Z
UgxHVU8qQ8qOYSxIXzJ4AaABAg,@ArmandoRicalde-f1o9e,Drake not like us🎉🎉🎉🎉🎉❤❤❤❤❤❤,1,0,2026-08-11T17:48:36Z,2026-08-11T17:48:36Z
UgybqZZvNWxD2qrFQ5J4AaABAg,@SipheleleNgwenya-k6y,29 Aug 2026,1,0,2026-08-29T19:58:44Z,2026-08-29T19:58:44Z
Ugyt2aJ7y7KAfH8Ly3h4AaABAg,@AbdulhadiHussein-b3y,وضع جد بیف جدع دریک زات مستمتع من المزیکا ما شغال بالبیف متع جد,1,0,2026-09-09T11:14:56Z,2026-09-09T11:14:56Z
UgzSKHD0ShvGriJQ1k14AaABAg,@game22009,bela the wokf,0,0,2026-08-27T18:43:50Z,2026-08-27T18:43:50Z
UgwPjEjqXXlRF0NheDB4AaABAg,@ZanderRamey-e6j,1+2+3+4+5+5 like what,2,2,2026-09-08T02:41:12Z,2026-09-08T02:41:12Z
Ugx8wMmnDAPvPTcSEOt4AaABAg,@niksus,Arvidos brought me here,1,0,2026-09-04T19:12:29Z,2026-09-04T19:12:29Z
UgzGwZwoj54yiVRrh354AaABAg,@sidorebahi7614,غنية youpi خيييير,0,0,2026-09-01T05:51:36Z,2026-09-01T05:51:36Z
UgzBii5gf6OG3gEEvlp4AaABAg,@gangstabrinix,"Drake,smint,ed😉🎂",1,0,2026-09-02T19:33:13Z,2026-09-02T19:33:13Z
UgykWqxIFvcZNKAy1Et4AaABAg,@CarlosBellRings,Can you make another one? But we some new people.,0,0,2026-08-14T02:07:09Z,2026-08-14T02:07:09Z
UgwLdlcAnN08ZSKVwRZ4AaABAg,@eddiebreeze875,Ya mfs said “dRaKe cOoKeD” and 2 years later DRIZZY DRAKE STILL ON TOP!! Bahahah 💀💀 All that to knock the boy off and HE STILL HERE BETTER THAN EVER!! Don’t EVER bring up lil Kennie’s name in a GOAT convo! Lmfao DRIZZY THE GOAT AND ALWAYS WILL BE! Argue with ya moms cuz CHAMPAGNE PAPI AINT THE ONE TO PLAY WITHHH!! 🗣️🗣️🐐🐐 (and oh yeah Drake won the beef) 🤷‍♂️🤷‍♂️ AGAIN….go argue with ya moms cuz I ain’t hearing nothing else!! 🤣😂🫵🫵,1,0,2026-08-20T17:05:26Z,2026-08-20T17:05:26Z
UgzIA5ymFq-JSVtegFh4AaABAg,@edelmarbayani4202,Lamar. Is. Drippy,0,0,2026-09-06T21:58:14Z,2026-09-06T21:58:14Z
UgwW9BanDmFBeagez3V4AaABAg,@corky_manuk,1:07 dijo wachin,0,0,2026-09-15T23:31:25Z,2026-09-15T23:31:57Z
UgwtgVS38PFmw-57Q694AaABAg,@D.O.E8193,hella cels,0,0,2026-08-31T06:16:12Z,2026-08-31T06:16:12Z
Ugzjw9JG-M-m5QvwrcF4AaABAg,@Pichachu12pokemon,This don’t hit like Tv off🔥🔥🔥🔥🔥,0,0,2026-09-12T06:16:51Z,2026-09-12T06:16:51Z
Ugw1-ZcJOa_wWfoYxqF4AaABAg,@abyssalchronicles1,Who’s here after the game diss ?,0,0,2026-08-26T21:11:08Z,2026-08-26T21:11:08Z
UgwdbYFGUVpSpcdtGLV4AaABAg,@alexatorres989,You don’t have to black to be a real Blood Brother 🅰️ 🇺🇸,1,0,2026-08-18T08:36:20Z,2026-08-18T08:36:20Z
Ugw1PhWDy0QgwI8Lw0V4AaABAg,@YandéSambou-l1u,1:45 ❤😍🥰,0,0,2026-09-14T17:38:48Z,2026-09-14T17:38:48Z
UgzkPpUcKOhF_kTOKuN4AaABAg,@Farman88769,Fuck a big 3. Fuck a greatest of all-time. All the greatests rappers are dead. You can't replace or outshine them even if your Kendrick,0,0,2026-09-16T02:35:51Z,2026-09-16T02:35:51Z
UgyY1lJhYPs6Jbny8-x4AaABAg,@Mr.anti-1,Bro one time on a field trip they accidentally played this😭😭😭,0,0,2026-08-19T00:43:26Z,2026-08-19T00:43:26Z
UgwIjx5ItdxQvHC49Hp4AaABAg,@Farman88769,He peaked and then that's about it.,0,0,2026-09-16T02:39:42Z,2026-09-16T02:39:42Z
UgyecYsZTavj_md8ol94AaABAg,@NancyPenaloza-p5v,"August 17, 2026 At: 11:11 P.M ❤❤🔥🔥💖💖",0,0,2026-08-18T06:06:16Z,2026-08-18T06:06:16Z
Ugx8m8QaXFFduQq2R3l4AaABAg,@sudobob2705,why they all inside a faraday cage?,1,0,2026-08-11T08:31:38Z,2026-08-11T08:31:38Z
UgywXv6FFpQhjYOTsHx4AaABAg,@Farman88769,Btw i'm not a Drake mega fan. I just think it's hilarious people crown this man,0,0,2026-09-16T02:34:07Z,2026-09-16T02:34:07Z
UgxAtq6GgCRHsFbIZr54AaABAg,@rrickgrimess,Hey drake 😃,1,0,2026-08-11T08:58:38Z,2026-08-11T08:58:38Z
UgxOF0vii1JsGhpPAJB4AaABAg,@brabimkhatiwada6763,4:12 - It was (god's plan) to show y'all the liar,1,0,2026-08-14T03:44:31Z,2026-08-14T03:44:50Z
UgwmE_EfM0zPqmRi5P54AaABAg,@PhillipLundy-u5d,Lol I had to get a new Tupac shirt from target because of this song,0,0,2026-08-12T12:42:47Z,2026-08-12T12:42:47Z
UgxaqUxjK3jWqdbLru94AaABAg,@Erikgoransson45,Malibo most wanted😂,0,0,2026-09-12T20:28:10Z,2026-09-12T20:28:10Z
UgxYdwkx-9Sa49sFq394AaABAg,@CherokeeBurns-q7u,I got hiters with God we ain't quitters,5,0,2026-08-22T20:23:46Z,2026-08-22T20:23:46Z
UgzXo_FGNPVQKFceNcR4AaABAg,@SamLapussoEnder,Edp’s favorite song lol,1,0,2026-08-12T00:48:46Z,2026-08-12T00:48:46Z
UgwNesfWQuUFEc7jST94AaABAg,@bigdawg9332,😂😂😂😂😂😂🧬,1,0,2026-08-18T18:36:40Z,2026-08-18T18:36:40Z
UgzmLa3tIRsi229Wu6J4AaABAg,@mixsonhaulinganddemollc8296,Played this in court today cause I have the smoking gun 🎉😂😂😂😂😂 God is good,0,0,2026-08-21T13:20:08Z,2026-08-21T13:20:08Z
Ugz9SPtTZl8pRsdhV7p4AaABAg,@estogue,If.....,0,0,2026-09-04T16:05:37Z,2026-09-04T16:05:37Z
Ugx-eh_vCUUP-riKret4AaABAg,@gabrieldorian4049,hausse,1,0,2026-09-04T06:59:35Z,2026-09-04T06:59:35Z
UgzqCP3zJT-_eCJC6vJ4AaABAg,@Dirtbikerider18115,How do you compare this to hit em up world's cooked,0,0,2026-08-19T09:30:30Z,2026-08-19T09:30:30Z
UgzUUMHKruPTtVYqS854AaABAg,@hunchoopkilla191,Make sure ur sister dont go to drake party or 20 vs1,1,0,2026-08-11T13:39:03Z,2026-08-11T13:39:03Z
UgxdG12REYTEY2Mx_r54AaABAg,@jessicarabbitt5275,"See , right when I turn it back on , it said flipped",0,0,2026-09-13T19:58:02Z,2026-09-13T19:58:02Z
UgzVfqSJ1iL6AuDaAyJ4AaABAg,@AlbertomarioVeracuelar,Its 4 you cusss JOSE A.V.A HAHAA,0,0,2026-08-20T21:28:34Z,2026-08-20T21:28:34Z
UgwZfxP4_yE-5vngrzN4AaABAg,@theordinarygal8155,Figaro st tams,0,0,2026-08-14T01:43:04Z,2026-08-14T01:43:04Z
Ugyt6NwfDpdomPYq2lt4AaABAg,@gysalves6751,Who is there now 2k26 from Afrique Bénin 🎉❤,0,0,2026-08-12T09:32:15Z,2026-08-12T09:32:15Z
Ugxu-m92Sb7yr8ROZcJ4AaABAg,@D19_Black,"Serviço até vai, o problema é o cara sair do serviço e ligar no expediente até às 17h, isso sim eu eliminaria",0,0,2026-08-13T23:11:41Z,2026-08-13T23:11:41Z
Ugx0znL_ZUWFhq4cahB4AaABAg,@notjohn6841,1:51 abhi,0,0,2026-08-30T01:58:32Z,2026-08-30T01:58:32Z
UgzKgfZEI5hXNNcTe0B4AaABAg,@bigdawg9332,🅰️🩸🧬,1,0,2026-08-18T18:37:13Z,2026-08-18T18:37:13Z
Ugy6ywxGtbKUPCGlPWF4AaABAg,@Ernii_Nara,Hi drake,1,0,2026-08-20T19:33:49Z,2026-08-20T19:33:49Z
Ugx_w2gE4k5UQImTWzt4AaABAg,@DanielleToolooze-d4g,"My son was murdered 23/nephew overdosed 23/my other nephew died overdose also19 / my younger brother killed himself,my husband killed himself while I was in the hospital recovering from spinal osteomyelitis my father died 2 weeks before I went into the hospital, my nephews mom died overdose/froze to death my mother died this 2026 I only have my older brother left in my immediate family still alive not sure I haven't been put in a padded room I can't take any more death right now but I love Ren's music it puts in a tolerable mood love you Ren thank for your music",0,0,2026-09-14T05:58:15Z,2026-09-14T05:58:15Z
UgxLK3KsrL6w2g9QkgR4AaABAg,@nickpollard09,Kendrick could take down all of Canada. Please do it!,1,1,2026-09-04T01:45:17Z,2026-09-04T01:45:17Z
Ugy-i1sW_hHy5u8fQCx4AaABAg,@Tls3200,2 years ago already?,1,1,2026-08-18T06:44:27Z,2026-08-18T06:44:27Z
UgysZf3B4GG9MJN0Ox94AaABAg,@aganillda8997,Not like us 😢😢😮😅,0,0,2026-09-12T07:59:16Z,2026-09-12T07:59:16Z
UgyGq3KvQQMdIic-Teh4AaABAg,@oluwaferanmiolaniran2633,Still peak,0,0,2026-08-16T22:04:23Z,2026-08-16T22:04:23Z
UgzNb81oXe-uL6eLXOx4AaABAg,@sayeme.e,4:10,0,0,2026-09-04T14:06:18Z,2026-09-04T14:06:18Z
Ugw2hhsAw353hvIIoa54AaABAg,@NeriahConnor,Who here in 2026,2,0,2026-08-24T03:33:40Z,2026-08-24T03:33:40Z
Ugz-9EIjUsCmRANMaFp4AaABAg,@VladimyrChoute,"6:06 if you’re taking a there, I’m taking it further",0,0,2026-08-19T04:45:46Z,2026-08-19T04:45:46Z
UgzEH-vrtMrmdXvzBhl4AaABAg,@carolinamartinez6891,Who is here 2098!!!!,0,0,2026-09-03T22:50:51Z,2026-09-03T22:50:51Z
UgwoZvRJWsBh4onQoSh4AaABAg,@SAFIYOKHALAF,He did 17 push ups not 18 pushups for a a reason😂😂😂,0,0,2026-09-16T14:01:40Z,2026-09-16T14:01:40Z
UgxduI2Q-UYm_J_9vjJ4AaABAg,@Perryspecter,Still looking for the broccoli,0,0,2026-08-19T16:20:53Z,2026-08-19T16:20:53Z
UgwRCfT_rUft5pz4h7d4AaABAg,@pradyumn2453,👍,0,0,2026-09-11T11:25:51Z,2026-09-11T11:25:51Z
Ugwj9XB7Nvz1CCCYt-t4AaABAg,@Dhampire1976,"Coming back to this video is basically returning to a gravestone. Drake may attempt to make music, but his ass is NEVER recovering from this and good riddance on that",0,0,2026-08-18T06:15:02Z,2026-08-18T06:15:02Z
UgxMQNS6EDIqcbUefMZ4AaABAg,@Mkfaour,I am so blessed this song is about and THANK FUCKING GOD IM NOT LIKE YOU,3,0,2026-09-03T16:11:39Z,2026-09-03T16:11:39Z
UgyXCx0Y4G0WRR-9dH94AaABAg,@Farman88769,"Everybody's smiling, dancing and bumping butts listening to his music like he's so good but he's so trash. Wake up people.",0,0,2026-09-16T02:29:13Z,2026-09-16T02:29:13Z
UgxnMRRTusL3ZOwVHoN4AaABAg,@icloutpoi,Mr fake views i get off to imagination 🎉,0,0,2026-08-25T17:47:57Z,2026-08-25T17:47:57Z
UgyoYIr0LbhwhCrsPv54AaABAg,@wtwt6J-n1e,24년만 빼고 다 들어봄,0,0,2026-09-13T12:52:01Z,2026-09-13T12:52:15Z
Ugya6OviQ2hxM5_aAKp4AaABAg,@Heatherjada7578,#desertparkway,0,0,2026-09-12T22:52:16Z,2026-09-12T22:52:16Z
UgwU9C6arUw8Z9vnHbB4AaABAg,@Reenactment1941,🟥🟥🟥🟥,0,0,2026-09-15T21:22:38Z,2026-09-15T21:22:38Z
UgyWqEUl9GpauVEuBlp4AaABAg,@Farman88769,I swear to God Kendrick Lamars music is so sentimental and cheeky it belongs in a fucking Ice Age movie. The female background singers ALWAYS suck in his music!!!,0,0,2026-09-16T02:52:24Z,2026-09-16T02:52:24Z
Ugwv_hb8gvykc9syPzZ4AaABAg,@BrianaNegrete-q2l,"he just passed by my school, bro",0,0,2026-08-13T09:53:35Z,2026-08-13T09:53:35Z
Ugw1ZPCQAlxNvzfaFOd4AaABAg,@Farman88769,This is the space he has created. Can't bring up Drake without KDot. Can't mention KDot without Drake. Man fuck rap 😂,0,0,2026-09-16T02:34:51Z,2026-09-16T02:34:51Z
UgyyO8k-xf3zAYqBfNN4AaABAg,@nikd66m15,Aug 2026,0,0,2026-08-24T23:49:34Z,2026-08-24T23:49:34Z
UgwaaEUObfQWMh5aihV4AaABAg,@cachorrorosa,"yo kendrink so... darek he participated on a video darek vs 20 girls, and liek.. he is like us bro.. no cap on goh fr,, like... bro change the lyrics becuz he is like us you know",1,0,2026-08-13T00:04:30Z,2026-08-13T00:04:30Z
UgzD6dcjJ4x-ZGgnh154AaABAg,@YouCanCallMeMich,"So now that all the hype about this beef is over, Family matters was a waaaay better track lol xp",1,0,2026-09-05T11:22:11Z,2026-09-05T11:22:11Z
UgwdfH7qflHWQcWNXDl4AaABAg,@CherokeeBurns-q7u,Im in stocks how you gone swallow it,1,0,2026-08-22T20:21:40Z,2026-08-22T20:21:40Z
UgyFQCND8WoP6j-mYol4AaABAg,@kreshanitsmeboiiiii2.09,69 god is crazy🤣🤣,3,0,2026-08-15T12:33:21Z,2026-08-15T12:33:21Z
UgwXYYzWMqpCKO6_Ug94AaABAg,@FofoOliveiraa,Fernando this is,0,0,2026-08-26T19:20:36Z,2026-08-26T19:20:36Z
UgxrJCVkLy69lGUMG6l4AaABAg,@Liongamer-ft2ry,bro look like lewis hamilton,0,0,2026-09-16T16:16:47Z,2026-09-16T16:16:47Z
UgyN0aUMFTZ10zYLWjB4AaABAg,@VegasChisenga,❤❤❤❤❤❤❤❤😂❤❤❤❤❤❤❤❤😮😮😮😮😮😅,1,0,2026-08-11T13:50:06Z,2026-08-11T13:50:06Z
UgxklC_TzkuTRMz8ETF4AaABAg,@Marc-g2h,Not fan not a fan not fan,0,0,2026-08-21T01:05:27Z,2026-08-21T01:05:27Z
Ugxa8MdTCAB_l6oD1ht4AaABAg,@CaseyGunn-e2k,"I'm white, oh shit..",1,0,2026-08-24T06:12:26Z,2026-08-24T06:12:26Z
UgwjlNinq94Y7iCWCDZ4AaABAg,@PatriziaMoro-f5i,"🎉❤😂..More summet..less work!  Impossible? Oh well, then let's have more NOT LIKE US and 0 boredom!..😂 We can settle for that ❣",1,0,2026-08-18T10:18:26Z,2026-08-18T10:18:26Z
UgwN9ctbC0kS_cNWrIp4AaABAg,@caffeinatedshark,Sorry for speaking your language,2,0,2026-09-08T15:16:48Z,2026-09-08T15:16:48Z
Ugywbfm2fA-yps26y414AaABAg,@LilPurrr,2026 anyone?,2,1,2026-08-31T01:27:01Z,2026-08-31T01:27:01Z
UgyUZxwpoWd0ENhZt5B4AaABAg,@StivenSandoval-c9g,0:42,0,0,2026-08-13T03:37:46Z,2026-08-13T03:37:46Z
UgxOp7mFjzdxnjrOy1d4AaABAg,@abraxz_w7,O cara cagou na cara do dreke kkk,0,0,2026-08-12T21:03:40Z,2026-08-12T21:03:40Z
UgxX6fwm7afOqrObGYN4AaABAg,@ArronTaylor,"Whole city or whole island 🏝 🤔 🙄,... i am Moana. My Island has eyes 👀",2,0,2026-08-15T12:33:36Z,2026-08-15T12:33:36Z
Ugwh7wDolRvwb-9UOxV4AaABAg,@stpierre1957,Thats a beautiful bluejays hat !  just saying !,0,0,2026-08-21T23:21:35Z,2026-08-21T23:21:35Z
Ugwy4qzmrVuHw5quomR4AaABAg,@rairat4264,Make a move to know the score. Pull it together outcast outlier.,0,0,2026-09-01T11:24:15Z,2026-09-01T11:24:15Z
UgzEhatRxT4jGbrILzl4AaABAg,@MajorAli-d3r,3:00,0,0,2026-08-13T18:15:25Z,2026-08-13T18:15:25Z
UgwSo6gsuw5nSFuLPah4AaABAg,@j4e_main,0:26 - who's still here after watching sixth sense,0,0,2026-08-17T08:41:22Z,2026-08-17T08:41:22Z
Ugyga0Y_V-90Mm5y0Gt4AaABAg,@SkupaJM,"What's the password 
I see dead people 🔥🔥💯",0,0,2026-08-13T08:44:28Z,2026-08-13T08:44:28Z
UgyoakMjTMdSIjmMK5F4AaABAg,@mariadaconceicao3063,5:45,0,0,2026-08-23T21:51:09Z,2026-08-23T21:51:09Z
UgwsEioDRiePOJ7kb1h4AaABAg,@VBA13-j4r,1:42,0,0,2026-08-14T14:12:39Z,2026-08-14T14:12:39Z
UgwiJ_nNPToQhsCbjR54AaABAg,@7LLLLLL,"You can literally yt search ""A- Minor"" and play this",0,1,2026-08-27T02:49:28Z,2026-08-27T02:49:50Z
UgxPMT9Oca6YITc34eV4AaABAg,@DmytriDetwiler,Kendrick should go for round two at drake he should diss him on the album iceman,0,0,2026-08-12T12:50:01Z,2026-08-12T12:50:01Z
UgxGLGSu-2yVVVk9WjF4AaABAg,@bekbek4511,Men inglizchaga tushunmayman shuning uchun bu qoshiqni sevgi haqida deb o'ylagan edim. Bu esa drek uchun atalgan diss ekan😂,0,0,2026-08-13T14:45:44Z,2026-08-13T14:45:44Z
UgzfCJf4V365Ia9wJEx4AaABAg,@woooaaaaaaaahh,You were wrong bro,1,0,2026-08-17T17:51:55Z,2026-08-17T17:51:55Z
UgzxDWFhY7GM2C7mk_94AaABAg,@ManuelKondua-j2b,When he said(Drake I hate you like I'm young) Bro is a hater of drake bro😭💀,1,1,2026-08-28T18:24:33Z,2026-08-28T18:24:33Z
UgyEivqk1gB_5sPVH7d4AaABAg,@MoEternity96,2026,0,0,2026-08-28T22:09:28Z,2026-08-28T22:09:28Z
UgzBlhy-8xbVXvjXpZF4AaABAg,@bigdawg9332,😂😂😂😂🅰️🩸🧬😂😂,0,0,2026-08-18T18:39:11Z,2026-08-18T18:39:11Z
UgymEusPhpxh0cFvDKd4AaABAg,@jacobcrabb9578,Bro was only there for like 4 yrs let's settle making it seem like he represents or something maybe if he was mario manningham,1,0,2026-08-11T13:40:47Z,2026-08-11T13:40:47Z
Ugy-HbCFMiKWUxRvH6t4AaABAg,@kerryjiggaman,Lollll to see Demar Rozan here one in a greatest player of Toranoto Raptors the  NBA franchise that Drake love strong,0,0,2026-08-21T17:13:39Z,2026-08-21T17:13:39Z
UgyFEPo-XIijVvjs4at4AaABAg,@MinorAlteration256,Why did bro not add (feat. the whole town) in the title?,0,0,2026-08-12T09:21:55Z,2026-08-12T09:21:55Z
UgwQ6KLSkhsdQ5MK3pR4AaABAg,@klownu8761,Bang💥 What's the password?,1,1,2026-08-25T22:43:19Z,2026-08-25T22:43:19Z
UgzIGbGSGMTGivEzKoR4AaABAg,@mattthurman5178,So STUPID!!!🎉🎉🎉,1,0,2026-09-16T22:42:43Z,2026-09-16T22:42:43Z
UgyBzBQMfyQ9aOh0xb94AaABAg,@NonNon-s4l,I’m still waiting on the truth ? The facts? Where’s the kids this man claims Drezzy hiding?,1,0,2026-08-13T03:57:31Z,2026-08-13T03:57:31Z
UgwZiSeM6vxAALnNfhN4AaABAg,@MiikaRäty,After listening to Kendrick - I think you should get back to the grunge scene. Listen to our newest song: https://youtu.be/KcUAC4qSGJQ?si=krJgMMzmfosCr1a2,0,0,2026-08-15T19:50:06Z,2026-08-15T19:50:06Z
UgwRu05Q4TJLCgz_5GR4AaABAg,@Donmikeldasilva1985,You're not like me 🎉🎉🎉🎉 your not like  I'm the plan to show the world the liers !!! 😊,0,0,2026-08-23T10:54:09Z,2026-08-23T10:54:09Z
UgxMepmo6gNzXIIgDNt4AaABAg,@ThiagoBarrios-jb4qc,1:35 Drake to the goth girl,0,0,2026-08-23T21:38:38Z,2026-08-23T21:38:38Z
UgxYlKIwJlpXsLpSq-l4AaABAg,@Farhan-ub2cu,Derozan? He was in toronto,0,0,2026-08-13T03:15:00Z,2026-08-13T03:15:00Z
UgweGTJTDv3hWPgWvaJ4AaABAg,@its_teddy5619,I think ive lost time because what do you mean the beef was  2 years ago,0,0,2026-08-23T18:37:14Z,2026-08-23T18:38:37Z
UgyvpQ9L-zA1S7n1MvJ4AaABAg,@kiraly_kommandos,kabbe,0,0,2026-09-12T18:15:23Z,2026-09-12T18:15:23Z
Ugzfxpw2mG1e0Si4g7l4AaABAg,@Mira57-i6h,He is trying to say drake killed  XXXTENTACION,1,0,2026-09-03T06:56:53Z,2026-09-03T06:56:53Z
UgzYNib_l6uTC4wF02t4AaABAg,@GeoNaumov,how many printers do i have ?? bla blla wada wada... i have money... i don't have money... what to do... printers i have  ... wada ...wada.... what is wrong... xanax xanx wada wada,0,0,2026-08-30T21:31:41Z,2026-08-30T21:31:41Z
Ugxg1l6tV6UHD7OcLux4AaABAg,@sashwinpaul9628,555,0,0,2026-08-27T03:36:17Z,2026-08-27T03:36:17Z
UgwGiX0H3ENWwJPVEbx4AaABAg,@daniellecouncil3262,Rapper,0,0,2026-09-10T04:44:46Z,2026-09-10T04:44:46Z
Ugx118b4UbFwu-Ayr8t4AaABAg,@suneilmccormack5772,"Aug 29,2026",0,0,2026-08-29T16:21:48Z,2026-08-29T16:21:48Z
Ugz9OO_3R6Q_o4BuF4p4AaABAg,@lil_Santos_official,genje,1,0,2026-09-03T09:25:24Z,2026-09-03T09:25:24Z
UgzAEEZ4OWspxZEeR4p4AaABAg,@QuanThaSav,✝️🇺🇸🇺🇸🇺🇸🇺🇸🇺🇸🇺🇸🐝,0,0,2026-08-21T06:29:38Z,2026-08-21T06:29:38Z
Ugyp6buqmUKQe63GRgx4AaABAg,@ADAMeXe-o7r,M9 bzaf azab,0,0,2026-08-16T14:06:39Z,2026-08-16T14:06:39Z
UgygwzD586pyrrzmlCd4AaABAg,@shoulderlabrum520,Game could NEVER,3,0,2026-08-23T02:22:59Z,2026-08-23T02:22:59Z
UgybqWQUHhUYZ5BZ4CZ4AaABAg,@serdaryatar1248,I doubt he wrote the lyrics purely because his other songs lyrics are not even close to this quality,1,0,2026-09-13T20:53:00Z,2026-09-13T20:53:00Z
UgxgvESwpTFY8hPll9d4AaABAg,@shawnwalls7116,The song could have never end somebody's career if so Eminem should retire I said disrespect to him he talked about everybody in the industry 🎉😢,0,0,2026-08-30T17:20:20Z,2026-08-30T17:20:20Z
UgydqdQryG2FmzZrHdJ4AaABAg,@max-zo5ew,Eminem - Infinite (F.B.T. Remix) [Official Audio],0,0,2026-08-21T11:09:42Z,2026-08-21T11:09:42Z
UgwKawe5GiqV0Wr2--l4AaABAg,@bayside5107,2026 button 😬,0,0,2026-09-10T03:06:13Z,2026-09-10T03:06:13Z
Ugx8MQRelJcxoYvGWIt4AaABAg,@Nintendo-p3u,"He destroyed Dave Kendrick, the best.",2,0,2026-09-03T17:51:16Z,2026-09-03T17:51:16Z
UgwXdIK3QcpJEItJr254AaABAg,@OmarArias-r3n,Bit give i mean give me Kendrick Lamar and ice cube to a new song music to listen too in 2026 in summer I wish we can get them with Eminem and 42 dogg and kolak black in 2026 to be in the dodgers ti a three peat champions in 2026 in October I don’t j is we are gonna get on October because of El Niño weather is changing in 2026 we see,1,0,2026-08-21T20:55:31Z,2026-08-21T20:55:31Z
UgxuBdB3aN6B2eZAfLJ4AaABAg,@Rook-55,"Damn K. I really cut off my whole family for nearly 2 years to prove Iamarkendricks was legit. Hoodie, say hi to Pac for me",0,0,2026-09-12T13:58:13Z,2026-09-12T13:58:13Z
UgzLdDlnhD_RQjOEV5h4AaABAg,@پرهام-ظ1ض,ام جی مخفف چیه,0,0,2026-08-29T20:05:21Z,2026-08-29T20:05:21Z
UgztorPJ-z-KZ63mVxF4AaABAg,@Farman88769,He makes music for nerdy college students struggling to make ends meet and maybe find love?,0,0,2026-09-16T02:45:44Z,2026-09-16T02:45:44Z
Ugy4uv00ShG534MRS6R4AaABAg,@dkdksksk21,Diddy and Drake diss track  At the same time???,0,0,2026-09-01T20:15:51Z,2026-09-01T20:16:43Z
UgyaHFSgTgrDh-EttSp4AaABAg,@seannanahnepowisk-k6j,Lol😅😅😅😊,1,0,2026-09-11T10:56:31Z,2026-09-11T10:56:31Z
Ugz0Ynsnr7lSp_vw09N4AaABAg,@joey5407,Hello,0,1,2026-08-25T07:29:03Z,2026-08-25T07:29:03Z
UgzThKqAeiMMjWpPaep4AaABAg,@Ricky-icanusethisname,không thấy da trắng trong mv nhỉ,0,0,2026-08-19T23:06:06Z,2026-08-19T23:06:06Z
UgwS3zapP69KeJrJ0UN4AaABAg,@amineboukrasse2366,Music de ( les vacance de l'inspecteur tahar ),0,0,2026-08-23T22:13:48Z,2026-08-23T22:13:48Z
UgxrGsgBfdw6WbpjS_p4AaABAg,@FredNGABO-z2o,https://youtu.be/JWbZPXVamA4?si=Zh2iQG9SXJ8FqpZV,0,0,2026-08-26T13:28:16Z,2026-08-26T13:28:16Z
Ugw5M3252pSvkR93JoF4AaABAg,@bael_558,TDE,0,0,2026-08-30T04:11:01Z,2026-08-30T04:11:01Z
UgwtGzsx4f1vxSeBI6h4AaABAg,@DukAdam-wy2ho,Whitney creep walk on drake grave in the living room 😂,1,0,2026-09-03T04:37:13Z,2026-09-03T04:37:13Z
UgxtDxZ3raQKYEOA9fZ4AaABAg,@emygaths,But why did you do a collabo with Drake yet you dissed him😢😢😢,1,0,2026-08-18T17:53:40Z,2026-08-18T17:53:40Z
UgwVYLyRWLFIdN1hVet4AaABAg,@jaf2520,https://youtu.be/F-Vr1Z-F5pM?is=vbZb-FLdYb9HNZCG,0,0,2026-08-28T20:07:48Z,2026-08-28T20:07:48Z
Ugy-GGcrQRDnzUjyNJt4AaABAg,@danielmeuler2877,What started the Beef between these two??,0,0,2026-08-15T05:39:22Z,2026-08-15T05:39:22Z
UgyFdkmxuOtFyZF0k154AaABAg,@henryismael-f2t8c,2026,0,0,2026-09-12T12:43:23Z,2026-09-12T12:43:23Z
Ugy6yeSC1VFRIHwtyUl4AaABAg,@edwardochavez1072,Nobody's commented for TWO YEARS......HELLO😊,1,0,2026-08-14T23:24:04Z,2026-08-14T23:24:04Z
Ugz7jCFsv0ByzcBn3UV4AaABAg,@ClevelandOh216,Baltimore and Ohio started the first railroad,1,0,2026-08-17T21:40:53Z,2026-08-17T21:40:53Z
UgzWdCuXvAuHryjfol94AaABAg,@나무씌,드레이크 개 처럼 짖는거 보고 민심 떨어져서 왔음,2,0,2026-08-16T09:15:33Z,2026-08-16T09:15:33Z
UgzFZzY8TMP9SgS-SXN4AaABAg,@sigma-o3g8f,في عرب,0,0,2026-08-25T19:25:11Z,2026-08-25T19:25:11Z
UgzLm1ITnjT4DF8ZBn14AaABAg,@mysticmoontree,Did they do what they say and arrest them and stop them from hurting girls?,0,0,2026-09-13T05:13:27Z,2026-09-13T05:13:27Z
UgxiOxupu7VyX3Ro75N4AaABAg,@WilliamMarquez-m7g,Your not tuff bro 🎉❤,1,0,2026-09-12T22:13:51Z,2026-09-12T22:13:51Z
Ugzjp-JcXZx7GiI4zox4AaABAg,@CarmellaAvan-gp3nz,Drake soul and soul.....,0,0,2026-08-16T17:00:17Z,2026-08-16T17:00:17Z
UgwT_v6m9DOnPayr-xV4AaABAg,@caligulathomas,Did he recovered from this? Just checkin,0,0,2026-09-07T11:26:58Z,2026-09-07T11:26:58Z
UgwPp9nqWlxggB70VkV4AaABAg,@Daveu5u,Aaron Donald is BACK!!! The anthem is BACK!!,0,0,2026-08-31T05:50:47Z,2026-08-31T05:50:47Z
UgzQSzrJpUBNGnK-ZO54AaABAg,@sharkycz12,Kendrick was wrong he is like US,0,1,2026-08-11T22:48:20Z,2026-08-11T22:48:20Z
UgzR05txRiblP_9iPWZ4AaABAg,@joey5407,Ok,0,0,2026-08-25T07:33:49Z,2026-08-25T07:33:49Z
Ugzc8fjKg3J35uCIg0Z4AaABAg,@RaymondBlessings-r3z,Modern dey'x hit em up'😅😅,0,0,2026-09-04T14:38:02Z,2026-09-04T14:38:02Z
UgwpKKFIEJA2OA8Hbwh4AaABAg,@JanneChembezi,Who is here August 2026🎉 😊,0,0,2026-08-17T09:14:36Z,2026-08-17T09:15:06Z
UgxoHN5zf2OxJX9oveB4AaABAg,@NeuralWave-lyrics,Their not like us,0,0,2026-08-21T13:41:27Z,2026-08-21T13:41:27Z
Ugw6VAo5h4kZ1R__RX14AaABAg,@aw4bo1,I see dead people,2,0,2026-08-15T17:00:51Z,2026-08-15T17:00:51Z
UgyCFPs4M_OufIY1Hfp4AaABAg,@AmayaMartin-c6z,He shouldn’t said diddy instead of drake,0,0,2026-08-29T18:00:59Z,2026-08-29T18:00:59Z
UgyQ2fXv57vWHYS75Nh4AaABAg,@monetroshi,Now I finally understand why Drake claimed his numbers were bots and tried to sue… cos that’s how Jews move and Micheal tried warning us,0,0,2026-08-21T07:34:32Z,2026-08-21T07:34:32Z
UgxbK0FKt_Gk4mEPqbl4AaABAg,@papaeuroofficiel4327,2026 anyone ?,0,0,2026-08-17T07:03:41Z,2026-08-17T07:03:41Z
UgwPOfAIYVLwiCsNEtd4AaABAg,@MubeenaBegum-m8i8y,🤣🤣🤣,1,0,2026-09-04T10:56:19Z,2026-09-04T10:56:19Z
Ugx3kbSN3rmVNacjL0F4AaABAg,@tusuubiraelijah,Many not like us 💛💛💛💛,2,0,2026-08-14T15:59:25Z,2026-08-14T15:59:25Z
UgyrfvON2G0bTvYGnGx4AaABAg,@kwezikolweni9385,September 2026 anyone?,0,0,2026-09-07T07:01:13Z,2026-09-07T07:01:13Z
Ugw3HQXTt6uwP6WbZGx4AaABAg,@TichafaMarumisa,Kendrick Lamar is the best we love him together with her songs😊😊😊😊,2,0,2026-08-15T20:42:40Z,2026-08-15T20:42:40Z
UgylsXZxmHmOsS3P_BF4AaABAg,@ZOgjOgjZ,chop aww ah on instan in cat eact snapp act appy tee hee on polli that tion tion on em how safe thaf that fu n n u y one two too too too sovks door bell dock.,0,0,2026-08-14T03:09:37Z,2026-08-14T03:09:37Z
UgxyWJEfwYs9y2RoUsp4AaABAg,@hopenoahsmith1368,2009 drake,0,0,2026-09-01T22:19:00Z,2026-09-01T22:19:00Z
UgxbmxqxWiktdrKMMsB4AaABAg,@robertluna8993,"False idol. We have a king, Jesus Christ our greatest father, and I put that on family and everything plus existence. The most high father",1,0,2026-09-05T07:16:43Z,2026-09-05T07:16:43Z
Ugz3Sug_TKBkiTwh55N4AaABAg,@Lsiooq,🤍Wow you I have a lot going 💬,0,0,2026-09-05T21:04:55Z,2026-09-05T21:04:55Z
Ugy0ddM3FAbCS7KDuYB4AaABAg,@Sammarye-h6w,Should play that to exorcise the white house as well. Just sayin',0,0,2026-09-09T12:34:06Z,2026-09-09T12:35:03Z
UgxAvHcl1H3UKxJEsOJ4AaABAg,@Elanga.signal,Which Hair fellow,0,0,2026-08-23T10:28:50Z,2026-08-23T10:29:51Z
Ugx9TUhbC5871CRjPPh4AaABAg,@Aviation-f1f,Who's here in August 2026?,0,0,2026-08-18T04:22:10Z,2026-08-18T04:22:10Z
UgxUzbx7jf6UYfG5Y5l4AaABAg,@chaseroygbiv,Who remembers him saying “I see white ppl” ? Or is it just me 👀,0,0,2026-08-27T21:48:53Z,2026-08-27T21:48:53Z
UgzO11Yg3HT17MjYwqZ4AaABAg,@KingOfBaseball890,“Certified boogie man”😬,0,0,2026-08-18T12:24:19Z,2026-08-18T12:24:19Z
Ugz1UgXc8zKvVSGjLtF4AaABAg,@KeziahMatheson,Although I do love a good Fandango...,0,0,2026-08-14T17:24:06Z,2026-08-14T17:24:06Z
UgxhVPJJPXU3ZQiQqMl4AaABAg,@OmegaTron_96,"Even Game is begging for the smoke cause of this Joint brvh 
🔥🔥🔥🔥",2,0,2026-08-24T08:03:35Z,2026-08-24T08:03:35Z
UgzvAo0jUPwxOjvqtFB4AaABAg,@yannisukpong1880,a bit like UK,0,0,2026-09-05T19:36:01Z,2026-09-05T19:36:01Z
UgxZr6SIsEJbVqGTD5V4AaABAg,@roukline,I though it was snoop dogg,0,0,2026-08-30T18:52:32Z,2026-08-30T18:52:32Z
UgzJWqJE0XVuTRhIVL54AaABAg,@sheilahill9465,What does the owl mean,0,1,2026-08-26T22:59:13Z,2026-08-26T22:59:13Z
UgzoMBqLrKlGpg59ejh4AaABAg,@PurushottamSakate,0.4 yg voice ?😅,0,0,2026-08-13T05:22:00Z,2026-08-13T05:22:00Z
Ugxfqv4tcqP-hKS78N14AaABAg,@mohammedbahaa7912,الولا دريك اتفشخ,1,0,2026-08-22T09:32:50Z,2026-08-22T09:32:50Z
Ugyc20aIqjHCEQSE7KF4AaABAg,@Darrell-n7z,"Three times Funk tail self-explanatory OG Diddy boat three times Funk town, BOW or Darrell Dinwiddie i’m not scared of you like Greg and Anthony Ward the Tubby’s not me",0,0,2026-09-12T02:37:25Z,2026-09-12T02:37:25Z
Ugy97bQV4j8jLG3dbwB4AaABAg,@CalypsoStrawn42Dance,Y'ALL KNOW WHY THEY SENT DRAKE TO ATLANTA?  IT WASN'T FOR CHEDDA' ONLY:  KENDRICK TOLD THE TRUTH CALLING HIM A COLONIZER.  THE EVIL EMPIRE OF WASPS IS TRYING ANYTHING THEY CAN TO INFILTRATE WAKANDA AND TAKE IT FOR THEMSELVES.  THEY SO PISSED THE F! OFF THAT BLACK PEOPLE STILL GOT POWER THERE.  GEORGIA IS THE MAIN BATTLGROUND OF EVIL VS. GOOD IN AMERICA!  THAT'S WHY THE SATANISTS AND ALL THEM HAVE BEEN COLONIZING THE COUNTIES AROUND WAKANDA FOR DECADES.  SEE:  CORPSEWOOD MANOR.  SEE:  ORDER OF THE SOLAR TEMPLE.  PEEPS?  YOU ON THE SIDE OF RIGHTEOUSNESS?  PEEP GAME.,1,0,2026-09-02T20:37:24Z,2026-09-02T20:37:24Z
Ugyc-TvM3d3eZg1NglR4AaABAg,@Farman88769,Kendrick Lamar is KSI. Same corniness. Same God complex. Same fans who think he's great or really trash.,0,0,2026-09-16T02:37:47Z,2026-09-16T02:37:47Z
UgxdN_8_ig0Lkr3O7NN4AaABAg,@jeromebooysen6242,"1
Lb....  
Ko has. H5😊😊😊",0,0,2026-09-06T23:59:08Z,2026-09-06T23:59:08Z
Ugy7wLSB_QuI47LE5mp4AaABAg,@hugonunes-x1i,Drake = Dont Rap Against Kendrick Ever,0,0,2026-08-26T21:42:57Z,2026-08-26T21:42:57Z
UgxJOzke8uMqdh_HuxR4AaABAg,@bigdawg9332,And I’m white brother 🧬😂,1,0,2026-08-18T18:37:28Z,2026-08-18T18:37:28Z
Ugzb4G4jHJDtF4cR9F94AaABAg,@bigdawg9332,There no such thing as dead people,0,0,2026-08-18T18:36:54Z,2026-08-18T18:36:54Z
UgyPym-QoVYe1-17_mx4AaABAg,@Farman88769,Make Kendrick Lamar brainrot meme for people who think their IQ is above 100,0,0,2026-09-16T02:32:55Z,2026-09-16T02:32:55Z
UgxWXer6IIO0fyN7RfF4AaABAg,@alexmosher,Bro Melanie Martinez was at your concert and she was singing they are not like us with mojean Aria,0,1,2026-08-12T20:08:50Z,2026-08-12T20:08:50Z
Ugzrc9XY5ltlRauK5Sh4AaABAg,@XbeforeYZ,"Nah big K, turns out he IS like us😭✌️",3,1,2026-08-11T14:57:04Z,2026-08-11T14:57:04Z
UgzP2JJqc4mULzcGtU54AaABAg,@MarterianFoulkes-yn2lo,https://youtube.com/shorts/wSxQBj0coZ8?is=aBFEZI7x2msVTVQk,0,0,2026-08-18T23:11:08Z,2026-08-18T23:11:08Z
UgyIF3j92aeL2-OYdFx4AaABAg,@HeatherPerkins1009,Bingo cry ron,0,0,2026-08-25T18:45:40Z,2026-08-25T18:45:40Z
UgwDxUoB6JjAIUDiyzh4AaABAg,@RGKVFSROG,Bruh 0:10,0,0,2026-08-18T21:43:49Z,2026-08-18T21:43:49Z
UgynSWNHwhYPKv01A9V4AaABAg,@josephflanagan1070,OSHA containers human trafficking,0,0,2026-08-29T17:48:23Z,2026-08-29T17:48:23Z
UgxRApkkPu6b_0MT0LJ4AaABAg,@RONNIE-u2u7c,2026 anyone👀,0,1,2026-08-11T23:34:47Z,2026-08-11T23:34:47Z
UgwlrXqjlz6jQBUoasZ4AaABAg,@RatFink979,This is just a remix of Big Boss Man's theme song...,0,0,2026-08-21T17:52:44Z,2026-08-21T17:52:44Z
Ugwpsr2W_zNKY7LEnbp4AaABAg,@hesaiditnotme6108,"Btw any yall remember when YouTube wasn’t censored?  Fuck off, now, you’re literally the reason freedom of speech is be destroyed. Btw I’m black and people are now dictating again how I speak, #letithappen",1,0,2026-08-16T00:32:11Z,2026-08-16T00:32:11Z
Ugx20CfMi_ukCuPwLhF4AaABAg,@jessicarabbitt5275,"Okay, so there's some get back in there. It went both ways, but I was gonna say, if you wanna go ahead and associate that with somebody, don't, they try to make it look this way just like them, Disney movies and so but as long as there was some get back, but the other one's quite severe and I just don't agree. With it, because I can say some s*** about some other things I know if they want to assume that and you know I know nothing, but what I'm saying is I don't think so, nah.  Nah",0,0,2026-09-13T19:57:51Z,2026-09-13T19:57:51Z
Ugx36S9lX1-fdi0rnRt4AaABAg,@mattlarson6081,R,0,0,2026-09-13T06:37:17Z,2026-09-13T06:37:17Z
UgwxBpzbEi_hXjUTdSl4AaABAg,@MarjanMani-qu4su,بگو انقد طلسمم نکنن.,1,0,2026-08-25T07:37:50Z,2026-08-25T07:38:03Z
UgzIVtw_MpzjQ0w2Y1p4AaABAg,@EdYamine-y5p,X 1:08,0,0,2026-08-18T06:55:13Z,2026-08-18T06:55:13Z
UgwBsDlJ4TvsBa8_ib94AaABAg,@mikedziedzic624,He deleted Drake?,2,1,2026-08-20T18:51:51Z,2026-08-20T18:51:51Z
Ugxu7vI6l4TykmZFsyt4AaABAg,@MarjanMani-qu4su,اطسمه.,0,0,2026-09-07T12:21:50Z,2026-09-07T12:21:50Z
UgyFc_PSIxIJvY8Lib94AaABAg,@MamaMedusaInked,Still don’t listen to drake 😂 only the realest on my list and kdot still top 5 🤷🏾‍♀️,2,0,2026-09-11T13:11:01Z,2026-09-11T13:11:01Z
UgxWdb6x9gFJx4FFZ-Z4AaABAg,@joey5407,Wow rap?,1,0,2026-08-29T08:36:55Z,2026-08-29T08:36:55Z
UgwXKWRLx8m-c7xIuXl4AaABAg,@glenserumula1543,Both are my favs but kendrick bringing his family was something out of this world,1,0,2026-08-28T20:03:11Z,2026-08-28T20:03:11Z
UgwV9vg2TzZiTJuacgx4AaABAg,@bigdawg9332,😂😂😂😂,0,0,2026-08-18T18:36:33Z,2026-08-18T18:36:33Z
UgyW4DijvxLTTIDYyIF4AaABAg,@ABNORMVLJAY,😂😂😂😂,0,0,2026-08-13T00:21:56Z,2026-08-13T00:21:56Z
Ugz4VBK-R0MceJSy_KZ4AaABAg,@PatriziaMoro-f5i,"😭...That Monday when your vacation is over...Quite a problem, no problem...As always the logical,  effortlessly escape is here 🎶 🎵 😂❣",2,0,2026-08-31T09:24:11Z,2026-08-31T09:24:11Z
Ugye1smuS5BNVPkCnKV4AaABAg,@jesssymington6759,They disrespecting pac completely,1,0,2026-08-31T23:52:50Z,2026-08-31T23:52:50Z
Ugwv1p5W1nB5VO2t4nN4AaABAg,@MarjanMani-qu4su,"ولی با این که خودم بودم،باز کاپتان کمندر نمی شم.
همون ذوالکفل کافی بود.",0,0,2026-09-13T21:32:09Z,2026-09-13T21:32:09Z
Ugxn8KY4kZJRzI3hsP14AaABAg,@arleneponce5401,Drake is good,3,2,2026-08-23T00:47:03Z,2026-08-23T00:47:03Z
UgwN_m6gW38pd0_3lHh4AaABAg,@Morgan38,Oliver🐈,0,1,2026-08-13T17:55:31Z,2026-08-13T17:55:31Z
UgzCuUC_LcCF_03ZeFx4AaABAg,@UrbanEskimo,Who is the producer?,0,0,2026-08-21T04:23:18Z,2026-08-21T04:23:18Z
UgymoCkZnsGaGu5cd_x4AaABAg,@superg6802,.,0,0,2026-08-13T09:02:19Z,2026-08-13T09:02:19Z
Ugwkw5krqdMsT_opGAh4AaABAg,@Farman88769,I am so confused how nobody else sees how laughable it is to call him the greatest,0,0,2026-09-16T02:36:27Z,2026-09-16T02:36:27Z
UgxkhpaZTab2mG1svk94AaABAg,@rairat4264,Do you alive yet kaanlifemusic,0,0,2026-09-01T11:22:01Z,2026-09-01T11:22:20Z
UgwjSjY_tUTKYrRca8R4AaABAg,@edm86,Haha,0,0,2026-09-14T19:30:28Z,2026-09-14T19:35:48Z
UgwD0bsCWOHS2Nsv0Mt4AaABAg,@Vynzodx,Kendrick always creating a FIRE MUSICCCC,1,0,2026-08-22T15:09:31Z,2026-08-22T15:09:31Z
UgzpWrYHvFYnnx1yqh54AaABAg,@alainntihemuka4891,I see dead people bro,1,0,2026-08-12T16:48:30Z,2026-08-12T16:48:30Z
Ugw63KNDzt5Fc8qapht4AaABAg,@Kenotic_perfection,I see dead pepole,1,0,2026-09-12T02:47:11Z,2026-09-12T02:47:11Z
UgwXJDVZ3sJzfw72hjN4AaABAg,@alexhenry8587,😶,0,1,2026-09-10T04:14:06Z,2026-09-10T04:14:06Z
UgwfRvJ8biRl1S1uEVZ4AaABAg,@KingOfBaseball890,Drake lost at this and peekaboo,0,0,2026-08-18T12:24:58Z,2026-08-18T12:24:58Z
UgwNhNt9fUxSvBzhnu14AaABAg,@MendesDeNascimento,The best,1,0,2026-09-05T23:57:30Z,2026-09-05T23:57:30Z
Ugyz2ZkTrnMfb-yxgnN4AaABAg,@hollywoodusa2657,Still Best 08/28/26,2,0,2026-08-28T16:31:28Z,2026-08-28T16:31:28Z
Ugz_1P4SVTiRzLhFxlt4AaABAg,@Priestess-s9r,"Let's get that Cheddar 🎉 Imma need it for that broccoli 🎉 YAH ❤ they not like us🎉 

L❤ve you my sweet baby 🎉JOB WELL DONE 🎉 GODa plan is to show HUMANITY the LIAR-THE DEVIL UNMASKED ❤

God IS BACK Badder than ever ❤ the gateway to heaven is the  womb🎉 damn test tube babies🎉 

IAM  HERR LOURDES ALPHA AND OMEGA ON THE FLESH THE EARTH ANGEL HIDDEN IN PLAN SIGHT 🎉 I can't be CLONED. Cuz can't no body do I like the LORD OF HOSTS🎉

T(YESHUA) when you push that T you pushing me YESHUA 😂AND IT AINT WHITE JESUS🎉

L❤VE YOU SON. 
GOW SPEAKS LIFE NOT DEATH ❤",0,0,2026-08-22T19:41:36Z,2026-08-22T19:41:36Z
UgwpiCz2wmc89uyglKx4AaABAg,@ArronTaylor,"Little curious George is so scary.... i am more human than human, C minor.. who is scared of a kid? Yellow raincoat man tell them who i am.",0,1,2026-08-26T22:59:43Z,2026-08-26T22:59:43Z
Ugy-sQy4_vVcHk-Hdyx4AaABAg,@sunnyrls,All of them singing about pedo and the Epstein scene nobody ever listened. Its just in plain sight it was not a secret,0,0,2026-09-02T09:12:50Z,2026-09-02T09:12:50Z
Ugwu5mlgYowrc9_uSrt4AaABAg,@jesusworksbro4Life,Jesus loves you,0,0,2026-09-14T01:22:55Z,2026-09-14T01:22:55Z
UgzcsR98ZLTnZLgjQSR4AaABAg,@MESS1NHO10,"Lamar I respect you but 

drake is a GOOD man ❤️",0,1,2026-08-12T17:31:57Z,2026-08-12T17:31:57Z
UgynbQXxrYWmFXplml94AaABAg,@bigdawg9332,Not all black Men are good,1,0,2026-08-18T18:37:45Z,2026-08-18T18:37:45Z
UgwCOwArpUNR7-oXPll4AaABAg,@rairat4264,I see dead people,0,0,2026-09-01T11:21:42Z,2026-09-01T11:21:42Z
UgwbrCnFUx-18YIZM8t4AaABAg,@GraffitiLockersBand,Drake should diss lamar,0,0,2026-08-30T03:41:52Z,2026-08-30T03:41:52Z
Ugz_YT1PVr9YbmIISp54AaABAg,@zzzzzzxz-p5s,❤❤❤❤drake❤❤❤,2,1,2026-09-09T09:13:31Z,2026-09-09T09:13:31Z
UgyZ7zvEF64V2ON3sHl4AaABAg,@Real-iza-tion,"Who here In 2026🧐
👇",2,0,2026-09-14T02:10:52Z,2026-09-14T02:11:01Z
Ugxa-fUFqPYT66A4V3Z4AaABAg,@ChrisRobinson-b5j,im/port ant re cognition......,0,0,2026-08-21T00:46:16Z,2026-08-21T00:46:16Z
UgxQ44XND9rk76Xmk7x4AaABAg,@biruar5558,"2:11 'The audience not dumb, shake your story how you want'.  Kendrick seeing the future, after what he said on the dating video.",1,0,2026-08-22T12:29:51Z,2026-08-22T12:29:51Z
UgxyriKWIWx_0q7gjYp4AaABAg,@Ibl4m35oC13TY,R U 4n 4L13n?,0,0,2026-08-16T13:26:28Z,2026-08-16T13:26:28Z
UgzaQYq-WD0Z3U9-IUx4AaABAg,@Bogdan3L92,“Anyone in 2026” is lame 😒,1,0,2026-08-31T21:16:47Z,2026-08-31T21:16:47Z
UgyZzVSb1l5kQC90tgt4AaABAg,@Lorgani,Bruh,0,0,2026-08-12T07:14:43Z,2026-08-12T07:14:43Z
UgwtplHi99eKVF3xsFF4AaABAg,@Coopersville,The  greatest nothingburger dis of 2024,2,0,2026-09-11T04:09:16Z,2026-09-11T04:09:16Z
UgwrnS1SkWyRxUrXnfJ4AaABAg,@AndreaBolanos-vm8zt,"La mejor canción 
Ya estamos a 2026 y todavía la escucho",0,0,2026-09-15T00:19:21Z,2026-09-15T00:19:21Z
UgwKk2EYXDyI99V3FOh4AaABAg,@Farman88769,People on TDE are better than Kendrick 😂,0,0,2026-09-16T02:39:59Z,2026-09-16T02:39:59Z
Ugwc8VnCOaHj99MyDCp4AaABAg,@AbdulayeDiakite-x5b6q,You late,0,0,2026-09-04T21:47:18Z,2026-09-04T21:47:18Z
UgxhQVnPy17M6zy81Ad4AaABAg,@Riley-z8b8s,dissing drake over here!!!😛,0,0,2026-08-21T15:12:45Z,2026-08-21T15:12:45Z
Ugx4BwXz5T9HH1VPwNF4AaABAg,@katilynalmeida4062,Thanks Kendrick Lamar for putting Drake in his place!!! I never liked Drake anyways. The only Drake song I do like is Forever and that's thanks to lil Wayne.,0,0,2026-08-15T01:00:49Z,2026-08-15T01:00:49Z
UgxcFKYIwYwBzD0lpNx4AaABAg,@diamond8710,J cole,0,0,2026-08-24T00:59:23Z,2026-08-24T00:59:23Z
UgyDYMVIBRxa-tNNL7x4AaABAg,@CitroenberlingoSağönçamurluk,DRAKE,0,0,2026-08-31T08:23:50Z,2026-08-31T08:23:50Z
Ugz-Nz-5jHCvcSmxdP94AaABAg,@Farman88769,Kendrick makes music for delusional people who believe they are greater/smarter than everybody else.,0,0,2026-09-16T02:25:42Z,2026-09-16T02:25:42Z
Ugx05b0vMujfuW3FH-l4AaABAg,@shauryaatefries,My god drake go sleep bro after ts notin else to do,0,0,2026-09-15T10:08:50Z,2026-09-15T10:08:50Z
UgzziurjVTiefM36wWZ4AaABAg,@Dirt_Cobain1,"""THEY NOT LIKE US"" 😂 YEAH I KNOW I'M NOT LIKE YOU NOR DO I EVER WANT TO BE LIKE YOU LOLOL TRUST ME BOY THIS SONG IS NOT A SLAY 😂😂😂",0,1,2026-08-13T18:14:48Z,2026-08-13T18:14:48Z
UgxcIA1YH63q4mB38zV4AaABAg,@mel-mel6492,Trump he talking to you too,0,0,2026-08-14T20:42:14Z,2026-08-14T20:42:14Z
Ugy7DmS6Sm7Q7sT3k_p4AaABAg,@SamplesbyXtro,Hard my g,0,0,2026-08-25T09:44:46Z,2026-08-25T09:44:46Z
Ugzt-0IDNmTdtu01g4B4AaABAg,@goldengoblin8147,horror movie,1,0,2026-08-27T05:49:16Z,2026-08-27T05:49:16Z
UgzQUO_xLZaZnMk1IWZ4AaABAg,@the.mindful.savior,"I hate people who gets their value from rappers and streamers like drake, Kendrick and kai, those people don't know they are alive man, what the hell, just delete fortnite and enjoy your life",0,0,2026-08-12T23:32:21Z,2026-08-12T23:32:21Z
UgzmwdwixIWQoTpi9D94AaABAg,@Farman88769,La Luna by Kaan is better then Kendricks whole music,0,0,2026-09-16T03:07:48Z,2026-09-16T03:07:58Z
UgxIQbdy1cOsiCWCGml4AaABAg,@Itsyourfauzan,Umati Muhammad not matter what they say.,0,0,2026-08-14T22:28:30Z,2026-08-14T22:28:30Z
UgwC1scX3X3sGHdwwXV4AaABAg,@uss8390,Still damaged drake 😂,1,0,2026-09-06T12:20:15Z,2026-09-06T12:20:15Z
Ugwr1OmndXYeCU8FBMV4AaABAg,@Farman88769,Douchey popular kid music,0,0,2026-09-16T02:46:20Z,2026-09-16T02:46:20Z
Ugx0Oazkwf29W0CdfdF4AaABAg,@oghomelesskid,doesnt hit the same now =/,0,0,2026-09-03T01:33:16Z,2026-09-03T01:33:16Z
UgwxOjwzQQ0Tpct8JN14AaABAg,@ZuurrPPP,These were all low blows lol,0,0,2026-08-23T19:52:12Z,2026-08-23T19:52:12Z
UgxXCuUEcL-0OivDmPN4AaABAg,@SonOfTamriel,"The cultural impact this song should have against MAGA is enormous but some sellouts are still keeping things enshitified, all for the dollar.  Sadge",0,0,2026-08-29T04:57:45Z,2026-08-29T04:57:45Z
UgxIA6LzKn-CktHyCsZ4AaABAg,@KellyGang187,Another career destroyed. Drake. Crash dummy. Ask MGK how to switch up. 🔥🖕🏽,1,0,2026-08-25T11:50:54Z,2026-08-25T11:50:54Z
UgwsXX3aKvp8qOgoq3d4AaABAg,@TjStorm97,Glad to see my hatred for Drake getting some validation😂,2,0,2026-09-05T05:55:39Z,2026-09-05T05:55:39Z
UgxKEoojcb5G7HTg1GB4AaABAg,@hennessyfaust,"i dont even know why kendrick even dropped this track... drake aint build like that - he might be nice on the mic, but #cmonson !!! even i would murder drake in a versus...and i´m swiss...",0,0,2026-08-30T21:34:13Z,2026-08-30T21:34:13Z
UgyzAZKLrMu_EllMWcd4AaABAg,@franklineochiengberly,STIL ON FIRE ⛔⛔⛔2026,0,0,2026-08-25T15:35:22Z,2026-08-25T15:35:22Z
UgznLn65CSoeYqstwyl4AaABAg,@kwazzimazzi,"5 Grammies? 
Just For Dissing DRAKE
If He Didn't Diss???
No Grammy For Him",1,0,2026-08-30T02:38:59Z,2026-08-30T02:38:59Z
UgwK8NAMTgA4Nid_JYl4AaABAg,@Farman88769,Freddie Gibbs is a better rapper 😂,0,0,2026-09-16T02:31:29Z,2026-09-16T02:31:29Z
Ugx0lc1ojVhawDbyBm14AaABAg,@jesssymington6759,Don't touch Kendrick either,0,0,2026-08-17T03:49:42Z,2026-08-17T03:49:42Z
UgzVpwBfGG_D4OpcXQt4AaABAg,@Farman88769,I'm not gonna stop hating till people realize how trash he is. His music won't age well.,0,0,2026-09-16T02:38:35Z,2026-09-16T02:38:35Z
UgxxIUZA_zegH8iQ_nd4AaABAg,@PatriziaMoro-f5i,"😂..Hi, NOT LIKE US❣It's always the greatest target, spending with you😂 a whale of good time...😂On repeat, step by step,  crip walk by crip walk❣❣",1,2,2026-08-19T10:04:04Z,2026-08-19T10:04:04Z
Ugy2z2TNh3g9Rc0WQdN4AaABAg,@Farman88769,So many things wrong with calling him the best. Gtfo here,0,0,2026-09-16T02:38:58Z,2026-09-16T02:38:58Z
UgykQhvkiGwBqLitVhR4AaABAg,@AtzeD109,Malibu's Most Wanted 😭,0,0,2026-08-24T13:05:17Z,2026-08-24T13:05:17Z
UgwsauzMCys8loHicpl4AaABAg,@robynmegee7153,He was better then u scotty,0,0,2026-09-16T14:01:17Z,2026-09-16T14:01:17Z
UgyMCSdfNMrJ6pDOLKt4AaABAg,@DEIneverDies616,"Time has shown this even after 2 years just, to be a generational smack",1,0,2026-08-24T06:14:34Z,2026-08-24T06:14:34Z
UgxVOTCKW9R2P1vKQXp4AaABAg,@UrGurly.Eshael0_0,"""So how many cuss words do you want to add?""
Kendrick: yes",2,2,2026-08-31T10:32:06Z,2026-08-31T10:32:06Z
UgypNZWqzVdwLcRkMap4AaABAg,@jayedwards3188,"Drake has accumulated more than 201 million global equivalent album sales over the course of his career. lemar 85 mill...so let me ask this... who is the better rapper? i mean ones born 86 and other is 87, so D.O.B not playing no part... who's the REAL heavyweight ???? numbers fresh off google posers ^^^^ LOL .... he whome laughs last laughs the loudest... lol...",0,1,2026-08-12T14:18:43Z,2026-08-12T14:18:43Z
Ugwk0zgpnJcXD9po6Pt4AaABAg,@BigdadiSixty9GTC,"Kendrick really be faking like he's creative.  Made basically same hook as like that. Different lines are from rappers and the net. The history lesson is a copy of Nas I can, meet the grahams is Ems Mocking Bird 😂 repackaged beat down",3,0,2026-09-15T19:42:38Z,2026-09-15T19:42:38Z
Ugx7myIkGn_LLqJ7PNJ4AaABAg,@GregScaro,The last hip hop song in history 😆,1,1,2026-09-06T23:16:39Z,2026-09-06T23:16:39Z
Ugz_K4llyU_QALWIgWl4AaABAg,@bishyeahbish3758,"I get the whole Drake thing and I can't stand him so I was glad to see someone put him in his place. But I don't see how such a basic repetitive song was able to come along and take over the way it did and I've always said that the rap game is full of disappointment and songs that sound like they're half finished and they could be so much better than the shite they put out week after week and they are still getting away with it so it is a bit of a mystery to me that half of them even have a job because they are so weak with the rhymes they are coming out with and I just wish I would have concentrated on music when I left school because I can do what they do to the same degree and they even have someone doing it for them and that's the easy bit of the process but they still can't get it done without any help from ghost writers it's not rocket science but it's another thing that they get away with all year long as ""artists"" and ""musicians"" and it's just insulting to the real folks with the real talent that they have to be in the same group as the muppets who are just about capable of turning up and singing the song that someone else wrote for them and they will be paid millions over the course of the year and it is a disgusting thing to know how it all works and not have had the sense to jump on the easy mode band wagon",0,0,2026-08-17T09:03:02Z,2026-08-17T09:03:02Z
UgyVCbqCE31Clb2NrDh4AaABAg,@donutboy8829,Nah Drake is Better. ICEMAN 🧊🧊🧊🧊🧊🥶🥶🥶,0,1,2026-08-28T15:48:45Z,2026-08-28T15:48:45Z
Ugw6-uyMjzfdOsMZogt4AaABAg,@JamesHill-z6i,I like this. Don’t d respect drake tho. Central CALI,2,0,2026-08-25T02:29:39Z,2026-08-25T02:29:39Z
UgzlZH8-EbZb5xKaPk54AaABAg,@SimmySchrodinger,"10/10 Disstrack


6/10 song",0,0,2026-08-12T00:13:15Z,2026-08-12T00:13:15Z
UgyL8dY6CXYgCAb8tlt4AaABAg,@diegocruz032,Drake is dead. 😂😂😂,1,0,2026-08-13T03:35:48Z,2026-08-13T03:35:48Z
Ugz6s-ZPSW2ZhRGAqjB4AaABAg,@joey5407,Anyone can rap with other rappers lol,0,0,2026-08-29T08:32:05Z,2026-08-29T08:32:05Z
UgxBQmqVZZQuT-J7CNB4AaABAg,@FirstLast-vl1uy,"This dude is wack af. Wtf are yall listening to? Drake is even worss.
This is like a joke to me.
Mainstream hiphop is definitely dead.",1,0,2026-09-12T14:29:56Z,2026-09-12T14:30:13Z
UgwYZpSaRp934yDkPRl4AaABAg,@kdoty18,Who here after 500m views,1,0,2026-08-24T15:08:48Z,2026-08-24T15:08:48Z
Ugx7wF7NH60G65xB4XJ4AaABAg,@EmilyMarieBittle,This video is actually creepy af. Wth?,0,1,2026-08-20T12:01:01Z,2026-08-20T12:01:01Z
UgygdfCmQZWM0pPxv4x4AaABAg,@やみいいい,I'm here for the lawsuit. Need to get the song past a billion,0,0,2026-08-23T08:04:30Z,2026-08-23T08:04:30Z
UgzBRsuJUejlMrStI4V4AaABAg,@psalmministry3333,Drake is a fraud a plant by UMG He doesn’t write his rap a Ghostwriter does. I also heard a recording of him doing nasty things to a pit bull. He is lying he sold his soul. Kendrick did not sell HIS soul and he is a writer of his work.  You are done PDF.,0,0,2026-08-28T11:38:16Z,2026-08-28T11:38:16Z
UgwS-_vzOffJsun90MZ4AaABAg,@joey5407,Only pod cast.,0,0,2026-08-29T08:29:28Z,2026-08-29T08:29:28Z
UgzRLgiHO_MNowkCBiN4AaABAg,@jesssymington6759,The whole song is about hikss n he try to pretend he is the song wat a Gronk copying demon eye,0,0,2026-09-13T06:01:09Z,2026-09-13T06:01:48Z
UgyYXye6WjGlXw_fTl14AaABAg,@Farman88769,Kendrick Lamar is really boring. Who is his music made for? Kids? Adults? Old people? Black people? I don't get his discography. Why do people think this man is so great? Are people this dumb?,0,0,2026-09-16T02:27:37Z,2026-09-16T02:27:37Z
UgwrKf96WSpf9RHt_d94AaABAg,@Farman88769,Kendrick is like buying Smart Water. It's just water but since the word smart is in it then it must be better than the other products... Right?,0,0,2026-09-16T02:48:18Z,2026-09-16T02:48:18Z
UgzkER07wTCSU-PEW294AaABAg,@Farman88769,Cringe Lamar,0,0,2026-09-16T02:38:17Z,2026-09-16T02:38:17Z
UgxCDunwr2dX-WETQi54AaABAg,@TinyNeff,Still can't listen to drake lol,0,0,2026-08-18T05:43:26Z,2026-08-18T05:43:26Z
UgzPmI0Jwj_qfgnu-Zl4AaABAg,@potatoregime1,I may have been sleeping on rap... still too many racial slurs for me.,0,0,2026-09-10T03:18:47Z,2026-09-10T03:18:47Z
UgzqUWeCThZBZKowG9d4AaABAg,@PooHa-y,Gay,0,0,2026-08-19T20:23:05Z,2026-08-19T20:23:05Z
UgyR7l_0pRW9w2rIKB94AaABAg,@mauriciopaullada,copenhagen,0,1,2026-08-19T19:02:29Z,2026-08-19T19:02:29Z
UgzzMtJJfYxqAfukg7B4AaABAg,@Kade-d2g,I thought the rabbit hole went deeper 🤣🤣🤦🏽‍♂️ dude can’t help himself but to lie 🤣🤣🤣 Aubrey dropped an entire diss album on your head bub. You have people in your own city dissing you. 🤣🤦🏽‍♂️ I thought the party died. Bloods are dancing around to documentary 3 right now bub 😂,2,0,2026-08-23T18:59:35Z,2026-08-23T18:59:47Z
UgyjzICWzvsDeIz9WSB4AaABAg,@SaLvAdOriaN127,Can someone explain to an uncultured and uninformed individual what was the song about and why Drake cried?,0,1,2026-08-20T13:16:14Z,2026-08-20T13:16:14Z
UgxfvEa9bJIJWzPHXsR4AaABAg,@luuhai7899,They not like uss,0,0,2026-08-23T15:25:16Z,2026-08-23T15:25:16Z
Ugy8Yx09j4PR5NTTmNd4AaABAg,@alejandroaguillon6954,Drake #1,1,2,2026-08-14T16:49:52Z,2026-08-14T16:49:52Z
Ugy1Ku7H9lmkFg5zSvJ4AaABAg,@B.A.GeeZnr1,All good USA rappers are gone? No rap music in 2026 only blu bla blu blablaa newchool trash......,0,0,2026-08-21T15:32:58Z,2026-08-21T15:32:58Z
UgwXGURUezzSOgJ2aNJ4AaABAg,@Farman88769,"Drake makes music for soft gay kids, Kendrick makes music for struggling bookworms in college and J. Cole is like listening to Joe Rogan in 2026 and realizing he's not that smart :/",0,0,2026-09-16T02:57:32Z,2026-09-16T02:57:32Z
UgwJUucMUAUGpGwZ-CN4AaABAg,@Stateunited,This song sucks so much. He fell off . Nothing like when he started lol,0,0,2026-08-20T16:44:17Z,2026-08-20T16:44:17Z
UgwqxWHDrZLWVUzn1td4AaABAg,@living4peace392,The dancing in the video corny,0,1,2026-08-11T19:43:56Z,2026-08-11T19:43:56Z
Ugz532vVGxbSL23ZA_h4AaABAg,@Farman88769,Eh... 1 day I will look back and I will miss this era. Like who you like. Who cares.,0,0,2026-09-16T02:58:51Z,2026-09-16T02:58:51Z
UgyLDlR0oVEvBNKHfXJ4AaABAg,@ハルハ-p7j,オコリザルじゃなかったー😂,1,0,2026-09-03T19:20:50Z,2026-09-03T19:20:50Z
Ugw30ku2b6kCQBmthZ54AaABAg,@AdanFloresRodela,"Zed is pulling out all of the swear words at both not just Drake and well you, Know who Charlie Puth well classic well The Holy Swear Word BIble Of God style Milo Manheim you do choose your style go dude roast the Hell out of Lizzo while beating her ass!",2,0,2026-09-05T04:08:47Z,2026-09-13T15:28:05Z
Ugw_g-5XMz9k-UcDWcx4AaABAg,@sunnyside2786,This. song is more relevant to Obama than Drake 😭,0,0,2026-08-24T16:59:18Z,2026-08-24T16:59:18Z
UgzBE7q2nShIJIisuOJ4AaABAg,@Listen3333,Malibu most wanted🤣🤣🤣🤣,0,0,2026-08-11T20:48:00Z,2026-08-11T20:48:00Z
UgyG76E2ipGO7b8YE394AaABAg,@bigdawg9332,"Kendrick saw Alexa the human on files he woke up and Compton today this morning, and they took him last night SU jail 😂😂🧬🩸🅰️",0,0,2026-08-18T18:38:52Z,2026-08-18T18:38:52Z
Ugz9Np2y17o7O75WU694AaABAg,@AnthonyMelendrez-s5h,Give it a couple years it's sad but drake will be the new Diddy,0,0,2026-08-22T22:58:34Z,2026-08-22T22:58:34Z
Ugyt7fbSWrfsuejwZ354AaABAg,@ChadCheckosis,"Yeah funny how Kendrick needed a hook, while Drake flowed right through on family matters 🧊🦉 freeze the world!",1,3,2026-09-11T19:45:26Z,2026-09-11T19:45:26Z
UgwsuI4eA7TX_IVZBGt4AaABAg,@LFxINTHAZONEX,"Dude, this song is good, but you can't rely on one super popular song from 2024. Make some more new music.",0,1,2026-08-15T07:53:41Z,2026-08-15T07:53:41Z
UgzKyKN1UEjqXE9i7mF4AaABAg,@HA_12Tv,mid mid mid skip skip,2,1,2026-08-20T18:18:19Z,2026-08-20T18:18:19Z
UgxGiGguyOOPAL3A-tN4AaABAg,@Farman88769,"Kendrick, Kendrick, Kendrick. God... What's worse? Hearing Kendrick over and over again or seeing Trump in the news?",0,0,2026-09-16T02:59:47Z,2026-09-16T02:59:47Z
UgyOHKfXxrIGIJAuEpt4AaABAg,@jer_0512,drake the goat,0,1,2026-08-20T05:58:03Z,2026-08-20T05:58:03Z
Ugxx9tc50KvzTy3stZ94AaABAg,@JoseTorres-q3m7y,Read the bible,0,0,2026-08-17T00:03:49Z,2026-08-17T00:03:49Z
UgwWsjO0hFf6EQwVN-p4AaABAg,@PhillipLundy-u5d,But atlanta was trying to make people slaves,0,0,2026-08-12T12:44:27Z,2026-08-12T12:44:27Z
UgxYGETJV-3MJaSNUlV4AaABAg,@jer_0512,drake>kendrick,0,0,2026-08-20T05:58:16Z,2026-08-20T05:58:16Z
UgwS2mrZeJnmjsqrWE14AaABAg,@Farman88769,I'm gonna listen to a better rapper now like Mick Jenkins or Freddie Gibbs or fucking Ice Spice on a good day over KDot,0,2,2026-09-16T03:01:27Z,2026-09-16T03:01:27Z
UgzvH5T_5BYDe-IFyxp4AaABAg,@Farman88769,I'm done bro. He's not the greatest. Get over yourselves,0,1,2026-09-16T03:00:16Z,2026-09-16T03:00:16Z
UgzfykxnVOzBooG6_3t4AaABAg,@joey5407,Beat uh och. Get of riches.,0,0,2026-08-29T08:30:47Z,2026-08-29T08:30:47Z
Ugz4k9z5Hw2moC9RxbV4AaABAg,@jer_0512,kbot,0,0,2026-08-20T05:58:21Z,2026-08-20T05:58:21Z
UgwV6z40Dx1KN307Lsx4AaABAg,@LouMenacingMethodzMoore,Weak,0,0,2026-08-26T02:01:55Z,2026-08-26T02:01:55Z
Ugy-h09DM1NpAaTwSJF4AaABAg,@mozalone933,Call drake 😂😂😂,0,0,2026-09-11T00:52:08Z,2026-09-11T00:52:08Z
Ugy4e5VtSRgXFF9lw9d4AaABAg,@HumbleDryerOfficial,this song kinda ass ngl,3,1,2026-08-15T20:50:14Z,2026-08-15T20:50:14Z
Ugx7gobLs4tN1mwQHjZ4AaABAg,@Sweet_cutz,Drake is the goat,0,2,2026-09-14T19:16:17Z,2026-09-14T19:16:17Z
Ugyhs74B3SgLVWg-dap4AaABAg,@schmutz37,"I hate drake too but this song is shit. 
They are not like us but you are not like us too",1,2,2026-09-09T12:20:25Z,2026-09-09T12:20:25Z
UgxDE8sZYIuUKTVb_YB4AaABAg,@Farman88769,I fucking hate new rap. It's the big stinky 3 or NBA Youngboy and Yeat. God awful,0,0,2026-09-16T02:58:22Z,2026-09-16T02:58:22Z
Ugy1UNOWpbp0Nq-vaZ14AaABAg,@AndyStinx1,Sorry but this song sux & his flow sounds corny.  Not on either end of the beef either,0,1,2026-08-11T23:18:51Z,2026-08-11T23:18:51Z
UgwZK08SKC-SenZ4bx14AaABAg,@andrewbrookes2851,Yeah the west is overrated lmao so is Canada.,0,0,2026-08-19T05:22:18Z,2026-08-19T05:22:18Z
UgzK9P24rLMIUCed3JF4AaABAg,@tylerb3023,This song is honestly mid. It was cool when he was beefing with Drake but eh this isn’t really a banger.,0,0,2026-08-16T23:15:34Z,2026-08-16T23:15:34Z
