comment_id,author,text,like_count,reply_count,published_at,updated_at
Ugwwy-BaMs8UvYtuW9p4AaABAg,@KnoxHill,What else should we react to? 🤔 Comment below! Also if you like the shirt I'm wearing or hat grab yours now 🤟Exclusive merch: https://www.knoxhillmusic.com/shop/bars-gotta-catch-em-all-white-tee,184,88,2024-05-06T14:47:37Z,2024-05-06T14:47:37Z
UgwUvsXC7mBN_I1UVax4AaABAg,@Betterthanoutliers,"*Rappers:* Beefing
*Fans:* Fighting
*Reactors:* Working Overtime
*J Cole:* Sleeping",5268,62,2024-05-06T15:28:24Z,2024-05-06T15:28:24Z
UgwT64-wHHQL63hikA54AaABAg,@Berilith,"Kendrick: this dudes a creepy lyin manipulator

Drake: yea but they haven’t caught me yet so it might not be true",2515,28,2024-05-06T14:51:22Z,2024-05-06T14:51:22Z
Ugw15fbc0GIDS0ulHy94AaABAg,@LookAtHa,"He made an entire video production crushing the van, but not a celebratory video of pulling off this masterminded scheme?",800,12,2024-05-06T15:49:07Z,2024-05-06T15:49:07Z
UgzSesH_NmfFKx3zAzx4AaABAg,@nonamewizardemporium9226,"Thank you Knox for calling the 'too famous' bar out. It really isn't the bar drake thinks it is.  It is tone deaf, beyond tone deaf.",1442,49,2024-05-06T22:58:25Z,2024-05-06T22:58:25Z
UgzBnjPTSYq-6elY3Vt4AaABAg,@Kiivenn,"This isn't even a diss track, this the world first defense-track wtf",1226,28,2024-05-06T21:36:32Z,2024-05-06T21:36:32Z
UgyB6-UGqWZh6G50KNt4AaABAg,@HMakima,"This is what an unbiased song break down looks like. You actually think critically about what you're hearing, and give praise or criticism where it's deserved. Half of the other reactors just scream randomly at every other line with no thinking involved it's so funny.",2975,49,2024-05-06T16:02:41Z,2024-05-06T16:02:41Z
UgzDoyawo2eUIeXGPwJ4AaABAg,@scottchavez9382,"LOL Knox with the double ""HUH"" after the ""I'm way too famous"" line says it all",624,1,2024-05-06T18:48:23Z,2024-05-06T18:48:23Z
UgxBitLgF99Glp6-XDZ4AaABAg,@samy7165,"That double ""I'm way too famous for the sh*t you just suggested"" ---> ""HUUUUH ??"" made me laugh so hard xD",300,0,2024-05-07T11:20:46Z,2024-05-07T11:20:46Z
UgyT5ysFPy4KdSgX7aV4AaABAg,@anemonekilter,"Knox had the only normal reaction possible to “I’m way too famous for this shit”, these other reactors are wild",463,2,2024-05-06T15:30:56Z,2024-05-06T15:30:56Z
UgwHHCRi4_wnEyiywTF4AaABAg,@Strop-STH,"it will feel so weird when Kendrick and Drake will stop dropping disstracks, its a tradition for me at this point to wake up with a disstrack",3032,42,2024-05-06T14:49:28Z,2024-05-06T14:49:28Z
Ugwhr1KglQXbvreSkwh4AaABAg,@abel_kinde,"""Never interrupt your enemy when they're making a mistake."" - Napoleon Bonaparte                
Why Kendrick hasn't responded yet.",964,26,2024-05-06T15:13:19Z,2024-05-06T15:13:19Z
Ugx7SHhB71MRuFSV1JJ4AaABAg,@Ro-yl9tn,"1. Drake has a video of Kendrick’s van, but no video proving he set up kendrick 

2. Drake is gaslighting. He said he’s too rich to be a predator, well Diddy, Cosby, Epstein, Tiger, and the fat dude from Nickelodeon was to rich and famous too.

3. He spends more time, calling Kendrick a wife beater, than talking about not being a pedo.

4. He said, whomever your getting your info from was all clowns, then he says, he was feeding the mole fake intel. Which one is it Drake?

5. Track for Track, Kendrick has put together better quality tracks, with 3 being already classics.

6. Facts, Drake does use reference tracks and writers. Drake has had inappropriate texting relationships with minors like Bella Harris, whom he dated publicly once she was 18. Millie Bobbie.

7. Drake has no proof on any claims he made against Kendrick, but tells Kendrick’s he can’t prove he’s a rat or pedo",346,8,2024-05-07T00:49:37Z,2024-05-07T00:49:37Z
UgwYX60sUHDFJoDVEiV4AaABAg,@DonnyDbod18,On euphoria Kendrick said drake would “fabricate stories on the family front’ cause you heard mr. Morale” so it’s wild that drake uses a song off that album and also fabricated what it was about in this diss,697,22,2024-05-06T15:27:43Z,2024-05-06T15:27:43Z
UgwUSdgpMZz5UraBw9R4AaABAg,@MrPal94,"The only react channel that sees the whole ""I am too famous to be a pedo"" defence as nonsense . So many channels seem to think this is a legit good point from Drake. I honestly dont understand how he thought that was a legit response",1325,69,2024-05-06T15:15:33Z,2024-05-06T15:15:52Z
Ugz__oj3DPJYstCkbaN4AaABAg,@Thel0ng2,"Drake: The people you getting your stories from are clowns

Also Drake: I fed you the stories",1313,64,2024-05-06T14:53:32Z,2024-05-06T14:53:32Z
Ugyn8zDVlx_DX4gXOnV4AaABAg,@abradford65,I feel like drake actually wrote this one and it is evident,880,10,2024-05-07T02:49:08Z,2024-05-07T02:49:08Z
Ugzszjn1d2BGbH70lY94AaABAg,@mostvaluableturnips,"Drake: I’m way too famous for this…
Knox: surprised pikachu face 😂😂",149,0,2024-05-06T16:38:12Z,2024-05-06T16:38:12Z
UgwNIkovk55kw2c3v994AaABAg,@313CW313,Drake really jumped in the booth to say “If I’m a liar… Why aren’t my pants on fire?”,1349,63,2024-05-06T15:11:48Z,2024-05-06T15:11:48Z
UgwVl275iBMcbmdCprh4AaABAg,@ayolmao,Knox thank you for being one of the few reactors to pick up on all the wack shit Drake put in this track and to really call him out on it. You are absolutely a real one.,482,4,2024-05-06T16:35:23Z,2024-05-06T16:35:23Z
UgyvHZ20li0hM31gOTx4AaABAg,@ItsNikolai,"“We’re talking about bars here and breaking them down, but we’re going to lead to a different type of bars if we’re not careful Drizzy”
-Knox 

Dropping bars and analyzing at the same time. #GOAT",142,0,2024-05-08T02:40:38Z,2024-05-08T02:40:38Z
Ugy0RLU21WfbyF98wm94AaABAg,@hugogarcia7234,"So his plan was to let Kendrick take all the steam away from family matters, let Kendrick drop the scariest diss track with Meet the Grahams, then not say anything to that, not call BS then when he immediately caught him, and let Kendrick drop Not Like Us let that go crazy and wait to announce that he set up this whole  thing a day later and basically waive the white flag and walk away. Sounds like damage control.",650,26,2024-05-06T14:58:23Z,2024-05-06T14:58:23Z
UgypjuDWuzbUiZMUA5V4AaABAg,@krishamilton489,I can't believe a white guy is breaking down these songs better than all the so call u tube kings. Knox your certified my brother,1128,45,2024-05-06T15:41:07Z,2024-05-06T15:41:07Z
UgxYhmd_lz3zQf9Yl2h4AaABAg,@midnight.amethyst,"THANK YOU! You are the only reactor that has spoken on the fact that Kendrick was speaking about his MOTHER, not himself. Dot is about to light this man up!",259,1,2024-05-06T15:44:25Z,2024-05-06T15:44:25Z
UgyjN-FPuYL7E1lK-zx4AaABAg,@msmith3426,I honestly don't think Drake has the mental or lyrical ability to go up against Kendrick and it shows here it's like he actually wrote this one Bless his heart 😅,121,0,2024-05-06T22:45:38Z,2024-05-06T22:45:38Z
UgwL3gh8C6-mwC_utcZ4AaABAg,@javierramirez7639,"Thank you for pointing out how it’s kinda weird that he’s implying  kendrick was abused , while he’s being accused of being a kid abuser. It’s such a weird angle . Great breakdown as alwsys",238,3,2024-05-06T18:36:39Z,2024-05-06T18:36:39Z
UgwELfhs0NR-avaBFVN4AaABAg,@Loitke,"""Yeah, I knew you would call me a pedo…..Gotcha!”…….ok Driddy u got it 😂👍",835,25,2024-05-06T14:47:18Z,2024-05-06T14:52:47Z
UgxYNwUS0CKBGwu_PEt4AaABAg,@cestelisavie,"i don’t think that D is committing mistakes because he is under pressure, he is just revealing himself.",179,0,2024-05-06T21:42:07Z,2024-05-06T21:42:07Z
UgwJR85np5csLPiTTHJ4AaABAg,@XxTechyTheGamerxX,"“32:32” Good exercise!? Well you didn’t need that for your abs. 😭
                                        -KnoxHill",74,0,2024-05-31T17:45:13Z,2024-05-31T17:45:13Z
UgwUZDH9u-ItwktqSiN4AaABAg,@rebrand7802,“Good exercise? well you didn’t need that for your abs” I’m dead 💀💀💀,424,2,2024-05-06T16:30:03Z,2024-05-06T16:30:03Z
Ugyeav2cZ_BzGlToHGZ4AaABAg,@jrthehunter4309,"""Im way too famous for that"" Kendrick bout to name his response ""The Aubrey Show""  as a play-on the Cosby show",560,13,2024-05-06T16:59:35Z,2024-05-06T16:59:35Z
UgwhO5b3LcsEIKLMCql4AaABAg,@NeverPrezent,"""I tricked you into reminding people that I'm often around young girls & am a deadbeat dad"" 
BOLD STRATEGY COTTON",766,36,2024-05-06T15:45:02Z,2024-05-06T15:45:02Z
Ugz1mHcTE0V7HtmygIV4AaABAg,@The_Other_Dan,"The ""fake leak"" thing backfired for me. Firstly Drake has put the rumour out there and now it's there. Not everyone is gonna hear the follow up that it was fake so he's kinda played himself there. Secondly, all it proves is that Kendrick genuinely does have people close to Drake who are willing to turn on him. That's a huge L in my book.

With the Mother I piece. Totally missed the point of the original song and even if he is trying to suggest that Kendrick was lying you can't get much lower and scummier than going after someone for being the Victim of SA. That's crazy.

The whole record is just one big miss and I think what we're seeing here is Drake actually writing himself. No ghost writers to come up with quality material like the previous tracks.",52,0,2024-05-11T08:46:21Z,2024-05-11T11:45:46Z
UgxwQfxXH_ocNBK_hU14AaABAg,@melissad807,Knox addressing the misdirection with the childhood abuse accusations is why this channel is so awesome,257,6,2024-05-06T19:41:57Z,2024-05-06T19:41:57Z
Ugxq3IyzLuX3tlXuQ8F4AaABAg,@gl-ys9se,"you're the only one with the proper reaction to that ""I'm too famous"" line. Bc WHAT?!",370,6,2024-05-06T18:55:27Z,2024-05-06T18:55:27Z
Ugw0ezIdC2w9zenPand4AaABAg,@dazaieditor,"""we're talking about bars here and breaking em down, but were gonna lead to different bars if you're not careful"" Knox the goat fr",219,1,2024-05-06T15:11:31Z,2024-05-06T15:11:31Z
Ugy4JcAqsbxiXVGH0CN4AaABAg,@touayaaj84,"Let me break the bars for you:
“The ones you’re getting your information from are all clowns…we plotted for a week and fed you the information “ 😂",170,3,2024-05-07T01:37:00Z,2024-05-07T01:37:00Z
UgyrnmDD_NWjpjp40od4AaABAg,@Cheezer3517,Drakes famous bar is like when mgk forgot how many albums ago recovery was,238,2,2024-05-06T17:30:40Z,2024-05-06T17:30:40Z
UgyCoAP87X0OZMzzRRh4AaABAg,@TheJayBite,"Any critical thinker can see that if he really set him up he’d be more “calculated” this is a depressing song, and personally I don’t wanna jam out to a plea",338,17,2024-05-06T14:50:03Z,2024-05-06T14:50:03Z
Ugx8QK48G52Zn8k7p7h4AaABAg,@kylejhoward,"You are the only dude I’ve seen breaking stuff down who’s paused on that bar about him being too famous to abuse. You are the only one who caught the other DARVO (defend, attack, reverse victim order). THANK YOU bro, you a real one. Just started following since beef started, assuming you must be a dad. Anyways, respect.",275,3,2024-05-06T15:22:42Z,2024-05-06T15:24:01Z
UgwZ5da4mdsbdtlF_R94AaABAg,@larcs316,When your ghostwriter quits and gives you the pen.,318,5,2024-05-07T06:43:13Z,2024-05-07T06:43:13Z
Ugw5w0D6nCnep2FcRvt4AaABAg,@KingSethMorton,He filmed a 7 minute music video but didn’t record him setting Kendrick up get real,71,0,2024-05-06T15:15:54Z,2024-05-06T15:15:54Z
UgzwqdxN12pk4od8I8R4AaABAg,@bluelagooon,“We fed you that fake information” yet we not gonna have any comeback for when you use that information. Man drake is such a clown.,796,38,2024-05-06T14:48:50Z,2024-05-06T14:48:50Z
UgzqoKmo4vuSvKobhmt4AaABAg,@JettisonedJet,Your hiphop knowledge is vast and in my opinion you are consistent with giving both rappers a fair listen and calling out the real bars vs the bs.,95,0,2024-05-06T15:57:35Z,2024-05-06T15:57:35Z
UgxWQBa44isZ8N9_FmB4AaABAg,@jamieward771,Must say….Knox is a real one. One of the only reactors who caught the missteps on first listen. GG,30,0,2024-05-07T19:27:23Z,2024-05-07T19:27:23Z
UgwS_4EYo15-7RdzRuV4AaABAg,@TaharaSaron,I was actually so upset that NoLifeShaq was so easily impressed by this (and I usually LOVE him) — but I super appreciate that you had the courage to break this down and expose it for what it was. NEW FAN!,1223,56,2024-05-06T15:44:06Z,2024-05-06T15:44:06Z
Ugzqjl2cZUD_AvLtPBR4AaABAg,@ec2935,Bro!!!! You’re the only YT reactor asking the question about proof of it being a set up!!!!!,164,4,2024-05-06T15:10:28Z,2024-05-06T15:10:28Z
Ugw8HbgfGx8y8Q0ykB14AaABAg,@daggerhigh795,"this is the best review so far, finally someone brokedown the fucking weirdo bars WHAAAAAAT",106,0,2024-05-06T21:21:26Z,2024-05-06T21:21:26Z
UgxJCK_uoOR5uRN3G_h4AaABAg,@saino-d,"16:47 the best ""HUH?!"" I've ever heard 😂",5,0,2024-07-10T02:22:32Z,2024-07-10T02:22:32Z
UgwREBUwdbXeQHV6Mf94AaABAg,@unsatisfiedsoul4709,“We are talking about bars here and breaking it down but we are gonna lead to a different type of bars if we are not careful drizzy” BARS!!!,91,0,2024-05-06T15:56:19Z,2024-05-06T15:56:19Z
UgyWhfwrbeWaffOUnlp4AaABAg,@impidimp9331,"Kenrick set Drake up in Euphoria with the lines ""I calculate you're not as calculated, I can even predict your angle
Fabricatin' stories on the family front 'cause you heard Mr. Morale"" and bam, Drake is in Dot's hands",276,25,2024-05-06T16:50:00Z,2024-05-06T16:50:00Z
UgwEJgzSHVuR2VidWGx4AaABAg,@SykoNerd,"This feels like a child when it ""doesn't wanna play anymore"". He just wanted to try to hurt Kendrick one more time, and brag about himself yet again. Thanks for another great one ❤️ Love ya Professor ✌️🫶",87,0,2024-05-06T15:02:58Z,2024-05-06T15:12:21Z
UgxxF_E98sZU8sO9RBB4AaABAg,@Nette92Baby,it’s crazy cause Knox break downs are so golden that he’s giving drake too much credit when these were the most basic bars and didn’t need a deep dive/break down for 🥴 but I waited for this review cause you’re one of the most  unbiased reactor channels I’ve come across thus far and do a phenomenal job at dissecting and breaking down lyrics!,158,2,2024-05-06T23:02:18Z,2024-05-06T23:02:18Z
Ugwv7JD46oT-v8iMSJZ4AaABAg,@BC.2499,This wasn’t a fight back… it was that last wild punch before buddy collapses and they call it off.,121,3,2024-05-06T14:48:38Z,2024-05-06T14:48:38Z
UgywBrVcp0G1iHD1Rxh4AaABAg,@29Ventures,This is why Knox is my GOAT reactor man. Other reactors didn't even think about the confusing lines drake wrote on this track. I was like really? You don't think that's a little weird? And they just went with it like it's facts.,149,4,2024-05-06T16:32:23Z,2024-05-06T16:32:23Z
UgwsHX9-VHrJ-4VueuV4AaABAg,@DRO_710,"Knox : ""Don't bring Mariah into this""
Eminem :  😂😂😂",168,4,2024-05-06T15:15:47Z,2024-05-06T15:15:47Z
UgyR3etME-u6niffoTV4AaABAg,@TDel-tw2hg,"16:32 LMAOOOOO IM DEADD 💀 

“HUH??”",5,0,2025-01-01T02:28:56Z,2025-01-01T02:28:56Z
UgxkOif3uPfuEqSNKBd4AaABAg,@GotFunyuns,"""I would never look twice at a teenager"" Bro there is video evidence of you holding and kissing a 17yo multiple times. In front of thousands of people.

I can't believe after all the shit said about him this is the track he drops. How you have an armada of people feeding you lines and this is what you go with?",123,9,2024-05-06T15:03:49Z,2024-05-06T15:03:49Z
Ugx32Gq21sGbDm2WPgZ4AaABAg,@RL_Aquaa,"so glad you caught the ""mother I sober"" misinterpretation I've been waiting to hear someone speak on that. Solid video much love",129,6,2024-05-06T19:22:38Z,2024-05-06T19:22:38Z
UgzTXA9hQSSOjtHHB7Z4AaABAg,@Not_Eletriic,"Drakes's lawyer: Your honor my client pleads ""Nuh uh, that's false and I'm a clown""",323,13,2024-05-06T14:54:56Z,2024-05-06T14:54:56Z
UgzXI97meyn2MtKsoXN4AaABAg,@martinkauko5742,"24:32 no ""D major(made you)""",2,0,2026-01-27T22:00:28Z,2026-01-27T22:00:28Z
UgyITusOMz2NQ0u4rRJ4AaABAg,@amandamills4410,"This was a crazy response! ""I'm too famous to be a pedo"" 🤨 ""U just mad cuz u got touched haha"" 😑  ""I fed you info even tho I had no rebuttal ready"" Really bro?",171,19,2024-05-06T14:49:47Z,2024-05-06T14:49:47Z
UgzGFU4FUN-k_7tjO-V4AaABAg,@sunandablanc,"Those size 7s ain't no joke when they're stomping on your head. Drake is gaslighting, tapping out, and somehow waving a feeble victory sign all at once. It looked real bad, now it looks worse.",425,30,2024-05-06T14:54:26Z,2024-05-06T14:54:26Z
UgyqeN94e9Jfhq5Hglx4AaABAg,@daviderigio1058,Your boys Scru Face and No Life Shaq were loving this. Appreciate you Knox for calling out the wrong approach...,250,17,2024-05-06T20:37:48Z,2024-05-06T20:37:48Z
UgwQ5jAYnraIKjgfwgJ4AaABAg,@kjl42,"@14:02 Thank you! I was so confused when I heard this the first time too.  Did Drake just not listen to ""Mother I Sober"" and made up what it was about? Or was it intentional to try to fit his very weird narrative to try to deflect the pedo allegations? The ghostwriters fumbled hard on this one.",61,1,2024-05-10T23:51:19Z,2024-05-10T23:51:19Z
Ugw3aQfeYWaaFa-yC0t4AaABAg,@ModernRudeBoy,Knox's breakdowns are the best cause he's non-biased. He's just here for the bars while others have obvious favorites and trying to catch second hand smoke.,170,5,2024-05-06T17:48:56Z,2024-05-06T17:48:56Z
UgwQxH_frc2e0Qvo1_94AaABAg,@dis_john,I appreciate Knox not overreacting with some of these bars. This a true cerebral breakdown of the song.,40,0,2024-05-06T17:12:47Z,2024-05-06T17:13:13Z
Ugyc1Y0fJ0n_L41lTwR4AaABAg,@wengweng14,The only reactor I have seen to be completely non bias and really pointing out all the questionable bars that it seems everyone else just doesn’t see or want to see. You the best!,54,0,2024-05-06T21:44:02Z,2024-05-06T21:44:02Z
UgxYVqYKopFOY8__yDJ4AaABAg,@keys1152,Absolutely RESPECT your unbiased opinion 💯,33,0,2024-05-06T22:17:11Z,2024-05-06T22:17:11Z
UgwC6L92f57ACKpQ6Ud4AaABAg,@ck-bo7sb,"""Whitneys no Millie Bobie Brown."" Why would he reference Millie by name????",53,2,2024-05-06T19:05:28Z,2024-05-06T19:05:28Z
UgyLJhxZ1SPr0q0V5E14AaABAg,@CountryRapInContext,"Sounds like cap and he literally has contradictory lines within this song.

Kendrick about to have some real fun with this goof now",136,7,2024-05-06T14:48:04Z,2024-05-06T14:48:04Z
UgwcibosvMSFYB_Kd0F4AaABAg,@wandilembhele4095,You're underrated. The most non bias reactor. Nothing but pure breakdowns. Props!,26,0,2024-05-06T19:18:49Z,2024-05-06T19:18:49Z
UgysK_Wk8nn9DYfnKLZ4AaABAg,@NakamaNakama-io1ts,"16:30 the way Knox came back like ""Huuuh"" Respect!",1,0,2025-04-25T20:54:37Z,2025-04-25T20:54:37Z
UgwpPOEEZUBDBIKUAqN4AaABAg,@rego425,"the funniest thing in all of this is knowing drake didn't understand what ""mother i sober"" was about. he straight up listened to the track for 30 seconds and was like ""oh hell yeah more dirt on my opp!!!"". 

mr morale and the big steppers is full of kendrick's flaws and personal experience through life and kendrick understands he's not the perfect person nor does he have it better than others. for drake to just misunderstand anything from such a potent and powerful piece of kendrick's discography is beyond comprehension.",181,13,2024-05-06T15:07:11Z,2024-05-06T15:07:11Z
Ugxxcp0uK2kmPwDDhzt4AaABAg,@NBAiNFERIOR,"Kendrick lookin through his catalogue of Drake disses right now, wiggling his fingers trying to pick the right one to upload. 😅😂",257,11,2024-05-06T15:53:49Z,2024-05-06T15:53:49Z
UgwTbiJVYGomCSORu-J4AaABAg,@LukeTheSchoolBoy,"As I told someone in The Heart Part 6's comment section.
1. ""Mother I Sober"" was about Kendrick NOT getting molested.
2. Rich and famous people can still be pedos. Diddy for example.
3. There's a video where Drake kissed a 17 year old twice and said some inappropriate stuff to her when she was on stage with him so he definitely has looked twice.
4. Why would Drake get Kendrick to accuse him of sex trafficking and show actual receipts of pills and Ozempic that Drake has bought that he claimed not to. Even if the daughter was fake, it doesn't matter much because the whole point of the diss was the other allegations.
5. Kendrick compared Drake to Weinstein not Epstein.
6. Why go after Whitney again while waving the white flag?
7. ""I don't want to fight with a woman beater. It feeds your nature."" he called himself a woman 

also, has anyone caught The Heart Part ""6"" shouting out his hometown again",213,19,2024-05-06T19:11:44Z,2024-05-06T19:11:44Z
Ugxdg0diWeUDDvTHE7p4AaABAg,@toothbudz,THANK YOU! Finally someone brings up the terrible angle of the “I’m too famous to be a pedo” line,97,4,2024-05-06T16:27:21Z,2024-05-06T16:27:21Z
Ugx2brW0c1TTGW9AIJR4AaABAg,@WahineSole,"The audience not dumb
Shape the stories how you want, hey, Drake, they're not slow. -Kendrick 

Thank you for this video.",206,4,2024-05-06T19:31:05Z,2024-05-06T19:31:05Z
UgyZ0b14-YmgWbcPCM54AaABAg,@obiwanshinobi87,Most famous people don't get caught... That's why they are so confident,11,0,2024-05-06T16:32:20Z,2024-05-06T16:32:20Z
Ugxq466TmMX6Bc5hC1N4AaABAg,@0007Jinx,Goat of REACTORS. Unbiased!! I look forward to this review the minute I hear a song.,34,0,2024-05-07T03:18:42Z,2024-05-07T03:18:42Z
Ugy5Jomt9oqsAfky1L14AaABAg,@ThaBlackSwordsman,"This reaction is exactly why I fw Knox. People are gonna eat this up and say he won the battle but given enough time, people are really gonna pick this song apart. Hell they already are on twitter and Instagram lol. The black community already has a shaky relationship with Drake and him making fun of something that goes largely unchecked in our community too often aint a good look for him. Just my 2 cents.",47,0,2024-05-06T15:15:47Z,2024-05-06T15:17:23Z
UgwNPfosfPZQALncSC14AaABAg,@dannywinget,Knox I had the exact same reaction at that part. I was like “Noooooooooo this is not the angle”,34,0,2024-05-06T18:38:36Z,2024-05-06T18:38:36Z
Ugxmu5E9JMd2gyXSmBF4AaABAg,@Ablair1000,I'm glad you pointed out how his fame doesn't protect him from being guilty. It was such a weird angle to take.,13,0,2024-05-06T15:12:16Z,2024-05-06T15:12:16Z
UgxG88WV_J_OjlW-agB4AaABAg,@laluhuizi29,I can only imagine Kendrick with his buddies reacting to this and just cry laughing all the way 😂,4,0,2024-09-11T15:45:17Z,2024-09-11T15:45:17Z
UgzivDjc89RJn2h1rTt4AaABAg,@JordanSharkey,"Been waiting for this reaction, so many reactors been making me cringe when watching them. You did a solid job breaking this down",24,0,2024-05-06T16:27:22Z,2024-05-06T16:27:22Z
UgzchA-pw0MyfCylB9p4AaABAg,@cdv721,"The whole, ""I'm to rich to be a pedophile "" thing is sus.. that and the incorrect reference to Mother I.. 
Also, Drake still hasn't responded to having his entire family and crew cooked or the west coast banger that broke him down lol",66,2,2024-05-06T14:48:04Z,2024-05-06T14:48:04Z
UgwikNJ-iNZuP2Xe1hx4AaABAg,@CrimsonHoudini,I feel like Knox captured what we were all thinking with that “HUH?” Drake is done bro,12,0,2024-05-06T15:13:06Z,2024-05-06T15:13:06Z
UgwYeivgyPUIrOwix8R4AaABAg,@anthonylynch423,"And the way he said d major he said it like ""d made ya"" 24:32",0,0,2026-05-30T00:10:34Z,2026-05-30T00:10:34Z
UgxOv-MMRz19BNwNCcN4AaABAg,@AntonyRodrgz,"You never dissapoint with your reactions. There's a huge difference between you and most ""huge"" reactors. I can't believe they're spreading ignorance all over the world. Hope more people pick you as the most accurate and respected reactor out here if that makes sense",22,0,2024-05-06T15:17:02Z,2024-05-06T15:17:02Z
UgySRfAgm79YHzkaTxt4AaABAg,@palo828,"“I got like 80,000 followers I don’t wanna lose them”😂😂",18,0,2024-05-06T15:08:09Z,2024-05-06T15:08:09Z
Ugw0BNhVF88cLn3ZQ1N4AaABAg,@Andyisgold,"This whole song is full of “That’s not what you think it is…” 

“We fed you information.” “Whoever fed you the information is all clowns.”",62,3,2024-05-06T18:27:32Z,2024-05-06T18:27:32Z
UgwfCZ2ydGVMULWch9l4AaABAg,@Rayebae738,"Kendrick said in Euphoria he was going to spiral. ……. It aged perfectly and quickly. Check mate. 
Well done Kendrick.",9,0,2024-05-14T19:28:16Z,2024-05-14T19:28:16Z
UgxgxJT5tzEk7LcXr0p4AaABAg,@bgb946,"Yeah, Drake response to the little girl on social media doesn't match what Drake is saying now. This sounds like he is doing what Kdot said. He is trying to tell a different story like we dumb 🙄",26,0,2024-05-06T18:25:48Z,2024-05-06T18:25:48Z
UgxnKBq_h1Yf1qeU7094AaABAg,@NVMafia2k,"Knox Hill has gained so much of my respect with this video. Every other reactor like Scru, Shaq they all fall for recency bias. They thought this diss was fire, when rlly Drake dug his grave even deeper for himself. Knox is the only person I’ve seen who rlly understands how bad of a response this was. Thank you Knox for being the realest person on socials 👏🏽",88,7,2024-05-06T15:46:15Z,2024-05-06T15:46:15Z
Ugyu_EIOGCOponpHjVh4AaABAg,@makri7060,"Drake's defense is wack af. He basically said ""I'm too famous to be a pdf"". Also Kendrick never mentione Millie Bobby Brown. Seems like something slipped up there BBL Drizzy",184,24,2024-05-06T14:53:27Z,2024-05-06T14:53:27Z
UgxSGFQfq1ayc22fdDR4AaABAg,@angeljones501,"Came here recaping 2024, looking for a reaction that wasn't bias. You did amazing job. Caught things NO ONE has. Keep doing you.",4,0,2024-12-15T17:42:06Z,2024-12-15T17:42:06Z
UgztlZqQDdkW-POcp0x4AaABAg,@l_ul_y,"I'M RUBBER, YOU'RE GLUE!  WHATEVER YOU SAY, I'M GOING TO REPEAT AND THROW IT BACK TO YOU - DRAKE, PROBABLY.",15,0,2024-05-06T16:19:28Z,2024-05-06T16:19:28Z
UgyqlW8JBbxLV2ZeETF4AaABAg,@MegaMistick,That bars drop from Knox that he gonna end in different kinf bars is probably the hardest bar this whole video 😂😂😂,17,0,2024-05-06T15:14:09Z,2024-05-06T15:14:09Z
UgwNJwyC-nnMTxoB8jZ4AaABAg,@foresightmystery9845,Thank you for being the ONLY reaction channel to point out at least a few of these contradictions! The others look like they're paid off to just accept the fact he said he fed information,59,2,2024-05-06T19:09:08Z,2024-05-06T19:09:08Z
UgzNp2sImGTXupLfFrR4AaABAg,@Seasonofthesicc,Almost 2 years later and drake is still spiraling and I love it,1,0,2026-02-13T15:44:12Z,2026-02-13T15:44:12Z
Ugzbyw2-qHAofVsC8L14AaABAg,@ZaphenathPaneah-19,"You are the first reactor to debunk Drake's ""Mother I"" line. Thank you, I hope more people recognize you dude

And also, thank you for saying that him being famous is not a proper defense. Again, you were the only reactor that I watched who called him out.",63,3,2024-05-06T15:14:17Z,2024-05-06T15:16:25Z
UgyiY-cKSyYbmeOzn7R4AaABAg,@reno_flow,"I love how he plays so hard into the fact Whitney liked Dave's comment of a heart under a picture of her kids. Like I could go comment a heart under one of my good friends picture of their kids and his girl would heart it. I barely know her and it definitely aint mine.. Sorry Drake, most people feel their heart perk up when they see their friends children not somethin else... FAN",29,1,2024-05-06T18:18:43Z,2024-05-06T18:18:43Z
Ugxa1xCVFCgQTeSMrrx4AaABAg,@keciadurr7611,Finally some one said it!!! He’s famous so it it couldn’t happen… I almost choked when you responded on that because you LITERALLY TOOK THE WORDS RIGHT OUTTA MY HEAD!!!  You’re the goat on seeing through the B.S,17,0,2024-05-06T19:00:32Z,2024-05-06T19:01:21Z
Ugx7rAfQ8JgRF4JNUsJ4AaABAg,@ChiBoomyBoom,DRAKE: If I’m a liar then why aren’t my pants on fire?,5,0,2024-09-15T22:08:16Z,2024-09-15T22:08:16Z
UgwgZ0iU3Br5Ewy9BHZ4AaABAg,@mszellybabe93,Thank you Knox for calling him out on the “famous” line. Bravo 👏🏼,51,2,2024-05-06T15:23:41Z,2024-05-06T15:23:41Z
UgxoQ9nwY3p1riZlSMN4AaABAg,@comahan,"Drake is a good artist, I thought Family Matters was a good diss track, but im extremely disappointed by this one for a variety of reasons:

1- If you set him up but somehow failed to collect any sort of receipts or screenshots or convos or anything of this actually happening, then your secret gotcha plan is just allowing someone highly respected in the culture to eviscerate you with his lyrics and get the wold thinking something about you only for you to say ""nuh uh!"" in your response days later. Obviously that doesnt make Kendrick correct, but its still he-said she-said.

2- Dude says that all of his stuff is facts but says stuff that can be easily disproven and is well known. Never looking twice at a teenager? Dude theres video all over the internet of you kissing and rubbing against teens. Theres screenshots and public accounts of you in the DMs of teens. Just stop.

3- Mother I Sober is not about Kendrick being molested. It's about his mother not believing him that he WASNT molested because she had PTSD from being molested herself, and how that fucked him up and led to generational trauma. Drake either purposely misinterpreted the song so that he could make fun of Kendrick for being molested(?) or he has the media literacy of one of the teenage girls in his DMs.

This might be one of the most pathetic, lying, self sabotaging bs excuses of a response I’ve ever seen in a rap beef, and theres been a lot of shitty rap beefs ive followed that died with pathetic whimpers.",28,0,2024-05-06T16:29:16Z,2024-05-06T16:30:28Z
UgyoNCvK8h78lC16fAp4AaABAg,@dominic4422,"Drake- “whoever you get your information from they all clowns”

Also Drake- “I gave you the information”

Make it make sense",186,16,2024-05-06T14:56:23Z,2024-05-06T14:56:23Z
Ugw-19tXeBKWrASjJ3t4AaABAg,@deceiver444,I appreciate KH being a true analyst and not just another reactor,9,0,2024-05-07T05:16:24Z,2024-05-07T05:16:24Z
Ugxn8w0jX0pv55JrekR4AaABAg,@Kramilin,"I was so creeped out when I heard him say “ I’m too famous for what you’re suggesting “. His fans are ignoring that too, it’s sick bro. Def not the angle or look he thinks..",9,0,2024-05-06T17:55:59Z,2024-05-06T17:55:59Z
Ugx5YdVIOMZn2810Mr94AaABAg,@i_like_tangerines,"So he recorded a whole music video for Family Matters but didn't record anything for feeding kendrick the information/double agent angle?

You feed Kendrick false info and mic drop on Family Matters? Before you have the chance to unleash the “gotcha”? Saying you’re going to go on vacation and you’re done before you get to the part you’ve set up?
--
Drake: Drop, drop drop
Drake: You could drop a hundred more records, I'll see you later

He reaaaally wants out!

This track sounds like it was drafted by lawyers and his team turned it into a diss",138,10,2024-05-06T14:53:01Z,2024-05-06T14:53:01Z
Ugy1r8BmwquaDHTROGF4AaABAg,@kerohowgee,"i wouldn't say the best breakdown channel on youtube, it's more like the only breakdown channel on youtube. been waiting for u knox.",112,6,2024-05-06T14:50:09Z,2024-05-06T14:50:09Z
UgzjxIZat_AwTjmNzDF4AaABAg,@SoobySays,17:34 When your dog pees on the rug. Get the spray bottle.,1,0,2025-01-30T16:56:52Z,2025-01-30T16:56:52Z
Ugx7pRSVnF9zC2L9G094AaABAg,@WestMcNichols,"No one has ever lost a rap battle because they weren't completely honest. This is when Hip-Hop collides with Pop culture and social media. Mainstream doesn't and never will dictate the rules of engagement in Hip-Hop. It's all about who can destroy who on the mic. There's no whining about what your opponent said. If you want to shut him up, destroy him on the mic.",145,14,2024-05-06T16:15:55Z,2024-05-06T16:15:55Z
Ugxbv7Rx_o3tMSyuQzV4AaABAg,@DOOMSDAY2317,"the most unbiased reactor on youtube, great one knox hill",10,0,2024-05-06T18:40:10Z,2024-05-06T18:40:10Z
Ugy2KwX4OCiiIuh8cvx4AaABAg,@purechaos3498,Y’all have heard the song “Ish - Bbl Drizzy “ ?? 😮😮,16,0,2024-05-06T15:24:58Z,2024-05-06T15:24:58Z
UgwUEtHZrqmjh_QlBcl4AaABAg,@sandraramos2727,"This should have 1 million likes, the best reaction !!",2,0,2025-06-04T08:11:06Z,2025-06-04T08:11:06Z
UgxiFzMMXlFhhX63uk94AaABAg,@TheMixxiM,"I need to take a break from the internet. THANK YOU, Knox Hill, for being the literal first sane human being to have the correct take on this in the youtube scene. How the hell is Drake going to claim to have set this all up like a mastermind with no proof whatsoever? Never seen a more clear lie in my life and I feel like I'm taking crazy pills watching these Drake stans just take him at face value.

Thank you, lol <3",54,3,2024-05-06T15:31:57Z,2024-05-06T15:31:57Z
UgxYGId2pTLHXm-gbbZ4AaABAg,@sendynervil5,Not Like Us is #1 song currently on iTunes. 😊,7,0,2024-05-06T18:35:53Z,2024-05-06T18:35:53Z
Ugx_LKCZcQ_9MZZ5kdx4AaABAg,@natedog841,"I’m a simple man, I see another diss track one of these titans drop, I give it a listen, then patiently wait for Knox to translate just about 99% of  it for me.",7,0,2024-05-06T15:48:26Z,2024-05-06T15:48:26Z
UgyZLsx7O-WcBRApBy54AaABAg,@barkman1739,29:45 poor choice of words 😂🙈,1,0,2024-05-07T01:54:11Z,2024-05-07T01:54:11Z
UgxZmRmQ8H_yUUKZQMZ4AaABAg,@MoccasinAssassin,Your reaction to the “too famous” bar was mine. Unbelievable scenes. 🤯🤯,9,0,2024-05-06T15:26:42Z,2024-05-06T15:26:42Z
Ugz2rrGfhI5ohdNJJv14AaABAg,@slikrick,"Lol man said ""Don't get pissed about it"" with a straight face.",18,1,2024-05-06T18:57:22Z,2024-05-06T18:57:22Z
Ugw5wl08X5EiOSsOJ214AaABAg,@blackflagsnroses6013,"Ngl this felt like Drake’s core audience, perpetually online and taking ever bar from Twitter comments. Even the title was suggested online before it happened",5,0,2024-05-06T16:53:01Z,2024-05-06T16:53:01Z
UgxMxyV4XPYeOHSB_VN4AaABAg,@Vanlife_STYLE,"First line- whoever you're getting your info from are some clowns...
Second line- I'm the clown who fed you that info. 😂😂😂",5,0,2024-05-13T03:04:15Z,2024-05-13T03:04:15Z
UgzxbKUFEXSLT7UHGdJ4AaABAg,@softlifeceonef,thank you so much... you are the first reaction that actually thought the flip on him being famous as the reason why he's not a pedo was not the way to go.,9,0,2024-05-06T15:15:47Z,2024-05-06T15:15:47Z
Ugwjjri0cWw6n3soxal4AaABAg,@craxyman9025,"Man! Thank you so much for reacting how you did to that ""I'm too famous"" bar, and the implication that Kendrick is a victim of a crime and is projecting. Those were absolutely wild statements to say on wax.",90,3,2024-05-06T17:57:43Z,2024-05-06T17:57:43Z
UgxswXm4EOpOq0DKZAN4AaABAg,@Dr_Stranger3144,"Drake saying ""this shit about to get depressing"" and watching Knox getting depressed for a good second.",7,0,2024-05-06T19:41:40Z,2024-05-06T19:41:40Z
UgwAU7jen0qKV6EiWUJ4AaABAg,@cenorib,"Your breakdown on the ""D flat"" line made me crack up for a few minutes LMAO",4,0,2024-05-07T04:28:56Z,2024-05-07T04:28:56Z
Ugwiq8KKu6PPdp83wWx4AaABAg,@NaturalHeist,"P drizzy really dropped a ""Nuh uh"" ahhh diss after some nukes",12,0,2024-05-06T14:55:33Z,2024-05-06T14:55:33Z
Ugzj2eGrNeGXy3AQBj54AaABAg,@TyroPirate,"The line, ""Fabricatin' stories on the family front 'cause you heard Mr. Morale""
Is going extra hard now.

God... Kendrick is probably so in shock right now at how stupid this response is that all those next 5 tracks he has are irrelavent. He just needs to turn basically what Knox said here into a track and it really will be game over",9,0,2024-05-06T16:12:31Z,2024-05-06T16:12:31Z
UgxFOTqc250YiTG28l94AaABAg,@quantum_beeb,“The people who gave your information are clowns.” “We gave you the information” lol,73,6,2024-05-06T15:45:17Z,2024-05-06T15:45:17Z
UgwlbZSbhdjVKAmMOcN4AaABAg,@DaltonLunday2103,25:46 Yes we did,3,0,2024-12-03T19:37:44Z,2024-12-03T19:37:44Z
UgyMOnb1j59VMjizOSd4AaABAg,@fredbird7257,"Drake always rapping about how Kendrick has no proof, only to have no proof himself. Incredible. Let me see you proooove it.",100,10,2024-05-06T15:28:39Z,2024-05-06T15:28:39Z
UgwXa8k5S09Vv9mgpxx4AaABAg,@jimmottola,"“I’m way too famous I would have been caught by now”

*Diddy giving the side eye from a non extraditable country*",110,13,2024-05-06T16:01:02Z,2024-05-06T16:01:02Z
UgzLVt23RD0Wj0vg0_l4AaABAg,@Starv3ll,When you want some entertaining reactions you go to Shaq and Scru when you want actual breakdowns and knowledge Knox is the man,15,1,2024-05-06T15:31:58Z,2024-05-06T16:37:00Z
UgyFYyjp56hS-p1jpwd4AaABAg,@B.realxo.92,Im so happy you're blowing up and getting the credit you deserve!! I been following you for a while now and you're truly the best there is! Keep grinding it's only up from here Knox,23,0,2024-05-07T01:24:50Z,2024-05-07T01:24:50Z
Ugxdi4kLtS8uHdVkjt14AaABAg,@unknown-em7go,"Staying neutral in this battle, not scrolling through twitter and just enjoying the reactions is the peak. Couldnt imagine beeing a warrior for either side.",16,0,2024-05-06T15:03:24Z,2024-05-06T15:03:24Z
Ugy-TNZ0vFx5FfK-m_t4AaABAg,@eddieterrell5457,lol 1st drake said the people that gave Kendrick his info were morons then came back and said THEY gave the info😂 nah what happened is once he realized Kendrick had 10 more joints Drake said” aiight ima head out”!😂 he sounded defeated like he hasn’t slept in 2 weeks,118,8,2024-05-06T14:49:23Z,2024-05-06T14:49:23Z
UgyLQ0YBEnoZK5x5zGh4AaABAg,@nrgao,You win the reaction of the day for the Always Sunny reference.,6,0,2024-05-06T15:15:20Z,2024-05-06T15:15:20Z
UgwX_qa9OLJd9ptZFO54AaABAg,@Manifinesser_7,You sir have sense 😂 we are here with it !,7,0,2024-05-07T02:52:42Z,2024-05-07T02:52:42Z
UgwgU86pCjiq456qkVR4AaABAg,@michaelgomez3042,"SHOUT OUT TO KNOX! 

Much love for keeping us entertained through all of this, no other reactor does it like YOU bro. Keep up the good work and enjoy some time with your family (when you can 😂)",21,0,2024-05-06T14:49:58Z,2024-05-06T14:49:58Z
UgyOJx__rR4nycf4j9R4AaABAg,@Invaluable1,"Omg, Knox! ☺️. Not only are you the best breakdown channel, but you do so well paying attention to detail and supporting with facts.  Others just hear a beat or rhyme and hype it up.  None of the other reactors have anything on you 🙌🏾",21,1,2024-05-06T15:17:25Z,2024-05-06T15:17:25Z
UgwQxFrKRi3VX39C2pJ4AaABAg,@freezepoppop2793,"Thank you for not glazing, but instead giving thoughtful and critical reviews 🙏🏼",7,0,2024-05-06T18:00:47Z,2024-05-06T18:00:47Z
UgwDot85AyYdWwqeJK54AaABAg,@masterchief272,16:47 thats one of his Ghostwriters fucking up. Drake didn’t know what he was talking about lol.,2,0,2024-05-07T09:40:30Z,2024-05-07T09:40:30Z
UgyNX-7FE3yJdLjSsTJ4AaABAg,@mrc3432,best breakdown of this shitshow so far,6,0,2024-05-06T15:15:12Z,2024-05-06T15:15:12Z
UgyXTRTxg-gZb8SDOM14AaABAg,@devantetjohnson,The only channel to come to for bar breakdowns...them other channels is struggling trying to decipher bars,10,0,2024-05-06T15:00:03Z,2024-05-06T15:00:03Z
UgzNnhEZO0s7FAs3N7J4AaABAg,@justinwinfree7843,This is not a battle. He’s defending himself. He’s lost already.,98,11,2024-05-06T19:04:58Z,2024-05-06T19:04:58Z
UgwyH7N-pCVEdb1HXqd4AaABAg,@crazyfinnster9040,I love how Drake switched from saying KDot was taking too long to respond to he needs to be less impatient. Drake heard some stuff he didn't like and asked for a damn ceasefire lmaooo,4,0,2024-05-09T23:55:52Z,2024-05-09T23:55:52Z
UgwfpqszP3wn-0ZeRKJ4AaABAg,@mostvaluableturnips,"Thank you for this breakdown, idk if reactors are just rushing to get the views or getting burnt out but some of them are not going in the way you still are. Knox always the GOAT. Appreciate you!",11,0,2024-05-06T16:27:47Z,2024-05-06T16:41:06Z
UgxUxxdO2hH6WsjaVEh4AaABAg,@GabeGettinRich,"He said in one bar that the “people you’re getting your information from are clowns” and two bars later he says “we fed you the information” .

Add to the fact he literally came out and denied the daughter on ig. Just imagine having set all that up, didn’t come out with anything to show it, but literally came out and asked for receipts then dropped a record and didn’t get ahead of the setup. 

This dude is an idiot.",9,0,2024-05-06T18:44:03Z,2024-05-06T18:44:03Z
Ugy6Vx-e9NsqYgaJ0GB4AaABAg,@Mr.ShyGuy-st3ge,"I only found your channel during this whole diss period, through a random comment crediting your breakdowns, and I'm glad I took the chance, and now look forward to your videos the most.

Most other reactors/people that breakdown lyrics find it very hard to not show bias, and struggle to understand some of the bars, or just react/hype it up without digesting it properly. How am I from the UK and know some of the US references more than them.

The main glaring issues, that I saw many not react to, you picked up on, and you gave credit and insight on some of the bars with as minimal bias as possible. I'm at the point now where both are can't be fully trusted with the allegations without proof, and both haven't shown it yet to prove/disprove it, but Drake missed an easy opportunity with this song and on social media, so will have to wait a bit again.",16,0,2024-05-06T19:45:32Z,2024-05-06T19:46:07Z
UgzRi0G9gkeWJVcxfh94AaABAg,@callemontelius4772,"""the ones you getting your information from are all clowns"" and then quickly after ""we fed you the information"". Well. Guess he's calling himself the clown?",4,0,2024-05-06T22:20:13Z,2024-05-06T22:20:13Z
Ugxfx0PI_z6tE2k-u8R4AaABAg,@CSFInvestments,"knox u the goat, love how you reacted to the ""I'm way too famous for this shit"" line, i only wish other reactors would catch that too.",8,0,2024-05-06T16:51:10Z,2024-05-06T16:51:10Z
Ugz7nHS9ag9Q9corx2J4AaABAg,@goldenbearfitness9297,If I was a pe do I would have been arrested! Also I’m to famous to be a pe do ~ drake,15,0,2024-05-06T14:46:37Z,2024-05-06T14:46:37Z
UgwYKBWsV7QCeKvuRCN4AaABAg,@MegaMistick,😂😂😂😂Bro Knox you are wildi laughd my ass off when bro said he is too famous to be a pedo and the sheer disappointment in Knox is insta Kendric win 🤣😂,28,2,2024-05-06T15:10:30Z,2024-05-06T15:10:30Z
Ugz75ZohYaVrq3fquNx4AaABAg,@tomcox6417,Knox that D major line also sounds like he’s saying D (Drake) made ya like he’s the reason Kendrick blew up,2,0,2024-05-07T03:14:20Z,2024-05-07T03:18:38Z
UgxOpyg0mgmALfL1PfZ4AaABAg,@RayMi9se,"Interesting how Drake is saying everything Kendrick is saying is a lie, but blindly believes the fact Kendrick has 10 more disstrack done..",217,9,2024-05-06T16:31:02Z,2024-05-06T16:31:02Z
Ugzcd2LrNaIVTvLSWO54AaABAg,@viplovesharma3863,Was waiting for your bar breakdown,22,0,2024-05-06T14:45:51Z,2024-05-06T14:45:51Z
UgyzI4npBA6DHaaHzhZ4AaABAg,@MLTop1,Imagine demanding receipts and having no police report for the DV claim no DNA test for the paternity fraud claims. No screenshots or recording of the “set up”. Hilarious.,414,51,2024-05-06T14:46:22Z,2024-05-06T14:46:22Z
UgwJXbGSIqolkxdqkDh4AaABAg,@JYYOUNGONE,29:20 wtf🤣,2,0,2024-12-27T00:46:01Z,2024-12-27T00:46:01Z
UgyKQn7FGwNtF0w9cnN4AaABAg,@KayterHayter,Finally a decent take. Drake didn't cook up anything but more motivation to put a target on his back. The internet will find the proof for sure now.,28,0,2024-05-06T14:46:01Z,2024-05-06T15:07:29Z
UgwMXMWwwzRMcS6cnuF4AaABAg,@willyoscar3223,"The ""Dave Free"" comment is nice and all but he could have just put a pic with the ovo guy who apparently betrayed him and was feeding Kendrick lies.",24,1,2024-05-06T15:12:25Z,2024-05-06T15:12:25Z
UgzOqypy7t2Y-oNdkQt4AaABAg,@Queen_Izzla,Thank you Knox for being genuine and unbiased. Your knowledge of everything and a little more impresses me every single time! Much love to you and your family <3,13,0,2024-05-06T18:36:32Z,2024-05-06T18:36:32Z
Ugz9jxgCeyX2M9PvEP54AaABAg,@yessirski310,"""Why did you do that"" hahah @knox im dead",4,0,2024-05-06T23:02:12Z,2024-05-06T23:02:12Z
Ugwia8GHwKPvWWzPIE14AaABAg,@heybulldog90,"I’m just happy we got DRAKE, The bigggest artist in the world, to make a “I’m not a pdf file” song. That’s crazy.",5,0,2024-05-06T19:59:11Z,2024-05-06T19:59:11Z
UgwvnV_CjgON63eE8Q14AaABAg,@Dys_phoria,"This response has so many loopholes that top comments on his video are just tearing him apart for it. Drake definitely wrote this one himself, based on social media arguments.

Toddler level response",143,12,2024-05-06T15:20:33Z,2024-05-06T15:20:33Z
UgxA4Hv5lzVgAnr3fZp4AaABAg,@Dys_phoria,My Brain Randomly: What is it the BRAIDS?,6,0,2024-05-06T15:09:50Z,2024-05-06T15:09:50Z
Ugza2hFL4ZzQpBFC4KF4AaABAg,@tr0590,Finally an unbiased reactor. That does a good job at breaking down this song. I’m mad that I did find this channel from day one,8,0,2024-05-06T23:54:54Z,2024-05-06T23:54:54Z
UgxbCvKFBO9DMY1OcMl4AaABAg,@Ethxn.r6s,"Yes! I was waiting for this, you fs the best at breaking lyrics down🔥🔥💯",19,0,2024-05-06T14:46:25Z,2024-05-06T14:46:25Z
UgzvznexeMZaq2HupR54AaABAg,@muzinkuhlu2592,Reaction from someone who writes lyrics always hit different 🔥,10,1,2024-05-06T16:31:15Z,2024-05-06T16:31:15Z
UgyWBDQU0Cr_bNM3B2d4AaABAg,@jko681,"I feel like they're playing,  ""I know you are,  but what am I?"" Yall remember this from when we were kids.",4,0,2024-05-06T18:51:22Z,2024-05-06T18:51:22Z
Ugwz7ucWMorewBuNsl94AaABAg,@MochaMediaStoryteller,"@ (34:30) Consider if we were having a verbal conversation; 'The Heart Part 6' might often be heard as 'The Hard Part 6.' This phonetic twist not only points to clever creativity but also directly connects to the serious issues explored in the track. Indeed, the things closest to the heart are often the hardest to express.",3,0,2024-05-07T08:23:46Z,2024-05-07T08:23:46Z
UgwjrPpTMkwMQJtzRbR4AaABAg,@annahorton5965,"The only channel this 48 yo English Lit teacher has subscribed to! Intelligence is too hard to find, so thank you for providing it. I’m hoping to use some of your videos for my AP Lit class as we analyze poetry.",15,1,2024-05-06T15:59:37Z,2024-05-06T15:59:37Z
UgxXBoDqX8sEI4vUjJ94AaABAg,@fosterdrjr,"Honestly speaking, you breaking down these videos with your interpretation is one of the best thing about this rap beef to me. Keep up the great work broski",5,0,2024-05-06T15:38:51Z,2024-05-06T15:38:51Z
UgxiMIwcITfcEPX4TVh4AaABAg,@Dayliaire,This is why I loveee watching your breakdowns!!!! So clear! You pay attention to details & give a sound mind perspective!!!🙌🏽🔥,22,2,2024-05-06T16:29:11Z,2024-05-06T16:29:11Z
UgyWhIcm4ltKtlO2V2x4AaABAg,@chasewighton4064,"I have a lot of respect for the way you responded when hearing Drake say he’s ~too famous~ to get away with (“alleged”) pedophilia (and for pointing out the victim blaming angle for what it is). Like, what the fuck man, what a deeply messed up thing to say in your own defence. I think more than anything, it’s actually those lines that made me feel deep disgust towards Drake. 

Nothing about the allegations are proven (in terms of actual SA/CSA, but he did knowingly kiss a girl who was underage and had very very sketchy interactions with other underage girls. You don’t actually have to have sex with a minor to be a groomer or to have inappropriate interactions with minors, just saying) but now that I know what Drake thinks is a valid defence of himself and, by extension, ALL ~sufficiently famous~ people (despite all the names you mentioned and more), that’s what really did it for me.",4,0,2024-05-10T04:32:11Z,2024-05-10T04:52:34Z
UgwH4NoweDaa7U7YVzJ4AaABAg,@kilod1346,The best reaction I've seen the breakdown explaining everything,4,0,2024-05-06T17:49:25Z,2024-05-06T17:49:25Z
UgySWMpcBTG9GLnrPhV4AaABAg,@DJxCasper,Surprised nobody has caught that Drakes own beat called him out “all my shit is facts (“prove it!” plays in the background),4,0,2024-05-06T16:30:16Z,2024-05-06T16:30:16Z
UgwxgqjhFA9XvXXzs194AaABAg,@210psd,you’re literally the only reaction channel i ended up following after going through like 15 different ones. you’re actually listening without any bias and just giving your analysis and opinions on the bars. been following since euphoria 💪🏽,30,1,2024-05-06T16:55:07Z,2024-05-06T16:55:07Z
UgzfCnidjNd6ukoNbRZ4AaABAg,@vic_and_hugh,You just shot to the top of my beef breakdown channels when you pulled out that always sunny clip,5,0,2024-05-07T06:34:37Z,2024-05-07T06:34:37Z
Ugwq6l5np6HdVPxWW9t4AaABAg,@snowterran,Making people think you're a pedo based in false info is not a flex...,8,0,2024-05-06T18:39:54Z,2024-05-06T18:39:54Z
UgwhMihU5ERieK4P-MJ4AaABAg,@redraven7948,"IMO...
Drake's own actions over the yrs has put him in a position that a lot of people have side-eyed him over the way he has interacted with underage girls. Drake's provided the proof of his own actions & intentions.",7,0,2024-05-06T16:14:21Z,2024-05-06T16:14:21Z
UgxUAiGct2zN6dIMCSJ4AaABAg,@seanross1331,Been waiting on this,29,0,2024-05-06T14:45:24Z,2024-05-06T14:45:24Z
UgzicPs8GKE3DDK17594AaABAg,@TheBaldheadedCollector,"This video was already my favorite breakdown of this “it was me the whole time” defensive piece, but then you added Always Sunny to the mix, bravo sir👏🏻👏🏻👏🏻",6,0,2024-05-08T20:46:40Z,2024-05-08T20:46:40Z
UgzXYM5JIlIV7aLTedt4AaABAg,@rachlync,"“Listening to Drake reminded me to turn my “gaslight” alarms off” - Drake F.A.N.s, probably",7,0,2024-05-06T18:27:32Z,2024-05-06T18:27:32Z
Ugz3TNCQgUbMTfoK-V14AaABAg,@mariolongtin8271,"It's not only Kendrick going after Drake, various rappers are as well - there's definitely many things not being aired out to the public and I'm pretty certain it comes down to money, girls and clout",8,0,2024-05-06T14:58:33Z,2024-05-06T14:58:33Z
Ugwvcv-a8mmYK0Vk1w14AaABAg,@mikedeuceview211,Drake Letting us know he doesn't understand real lyrics. that man did not say he got touched.,29,0,2024-05-06T18:07:16Z,2024-05-06T18:07:16Z
UgzeYXrsg18qcoNUCqd4AaABAg,@sfchief415,When i first heard this i was like damn drake sounds defeated lol,1,0,2024-06-30T01:56:17Z,2024-06-30T01:56:17Z
UgxoUPE_TO1twCyhdLh4AaABAg,@LynLvs2Laugh,His Mother I leap is exactly why you don’t do a Kim on your homework 😂😂 You can’t build foundation on skims.,5,0,2024-05-06T19:03:04Z,2024-05-06T19:03:04Z
Ugz7hDLT-Mbuqka_iG94AaABAg,@gabbyxgonzalez,@knoxhill thank you thank you thank you for being at the top of this beef break down. Ive watched a ton of reaction/break down videos and you are by far at the top! ❤ you know your stuff!!!!,10,0,2024-05-06T17:09:12Z,2024-05-06T17:10:07Z
UgxHHVDnRuMckW0dQFh4AaABAg,@LudaGBC999,So actually when “Kendrick” said he would pull his music it was actually his label that did that and it wasn’t just for r Kelly it was for every black artists,12,0,2024-05-06T19:53:59Z,2024-05-06T19:53:59Z
Ugz5DN92wtF1QTCHbMp4AaABAg,@Chainsyy,Drake referencing guns even metaphorically feels like when the Chads in my junior high unironically created a gang.,4,0,2024-05-06T22:31:05Z,2024-05-06T22:31:05Z
UgxVn49TbftzBLRM-np4AaABAg,@clarissa182,"All I can simply say is, THANK YOU, KNOX! I really appreciate this breakdown. The absolute best I have seen. No one got right down to what it really was with this track like you did.",6,0,2024-05-06T15:18:54Z,2024-05-06T15:18:54Z
Ugzc-5wwyMnWejCuZnt4AaABAg,@BrandonOBrien47,"No matter what side you are on you can’t deny that it has been dope seeing this whole thing go down, and to be getting all these diss tracks from both artists within such a short time span is pretty amazing!🔥",20,4,2024-05-06T16:55:53Z,2024-05-06T16:55:53Z
UgwWix_GZkflHJjnPuF4AaABAg,@SoloDolo23,I usually watch every reactor for every one of these disses but you was the only one I wanted to see react to this one. I know ppl will hype this garbage up and I also knew you was the only one that would call out these sketchy responses by him and I was right. You are always my first listen when it comes to new drops and vids like this are why. Keep it up brother 💪,18,2,2024-05-06T18:41:22Z,2024-05-06T18:41:22Z
UgxN9ui0GlNLdrAyQYd4AaABAg,@santiastronomo,Crazy how this battle was so massive that over a year after it started Knox uploaded a video referring to it 8 hours ago. This beef will definetely go down in hip hop and music history.,1,0,2025-03-30T00:18:33Z,2025-03-30T00:18:33Z
Ugz6W4tnhgLghBB0vut4AaABAg,@TheAmigoBoyz,"Best analysis i have seen on Yt so far, subbed",6,0,2024-05-06T16:40:12Z,2024-05-06T16:40:12Z
UgxpHNlKQln6v48cC6V4AaABAg,@Katvan928,"I also just wanna point out FaceTime and online gaming, and all other kinds of ways to connect with each other exists now. Kendrick could still be part of those bedtimes and reading stories and and saying good night, even if he isn’t physically there. I mean, military families go through it too, where sometimes a parent is deployed and can’t physically be at the home. Doesn’t mean they’re not an active parent in that child’s life.  Just another perspective",17,1,2024-05-06T18:17:15Z,2024-05-06T18:17:15Z
UgwQRINYFDHEJZpfHw14AaABAg,@HPsyche3,Man I subbed off so many channels recently to reduce what comes into my feed... but this beef and watching your analysis is second to none! Your knowledge is insane.,8,0,2024-05-06T15:19:53Z,2024-05-06T15:19:53Z
Ugx6Et0Kr2WYdvZ2AZx4AaABAg,@CarlosHernandez-dt3gp,Knox you are the king of reactions homie,2,0,2024-12-11T04:59:21Z,2024-12-11T04:59:21Z
UgxYuH4aXaSGopEOMd94AaABAg,@Propraj,32:25 Kendrick should use it. “Good exercise you should have used it for your abs” 😂😂😂,7,0,2024-05-06T22:15:16Z,2024-05-06T22:15:16Z
UgzlKwYDRb4k8rD69HN4AaABAg,@lifejunior6458,"This is one of the best analytical breakdowns of Drake's BS on the allegations. A lot of reactions YouTubers are kind of trying to save Drake and save his image and they already have a biased and not really neutral. Drake is very skilled lyrically Kendrick is very skilled lyrically I think Drake's flow is like one of the best other than Eminem but Kendricks perspective and his mutable flow surpasses Drake. But back to you, I really like your unbiased View. You're just here for the bars. Respect.",23,2,2024-05-06T15:41:22Z,2024-05-06T15:41:22Z
UgwTwvC47lWz47Nf2Md4AaABAg,@TheAngryGenXer,KH I was so bummed when I saw others react to this first because none of them are in your level. I get to toe channel and just kept refreshing thank you bro. Gonna hit that patreon,5,0,2024-05-06T15:15:45Z,2024-05-06T15:15:45Z
UgyZL14fHNMxQE8mWzZ4AaABAg,@Chainsyy,Would Drake’s jacket be covered in medals if he had to give one medal to each of his writers?,9,0,2024-05-06T21:53:06Z,2024-05-06T21:53:06Z
UgzRnWCLEEtB0YtHHSN4AaABAg,@AmandaMulley,"I feel like the ‘it is what it is’ is a more resigned statement, and not what you’d expect. If someone accused me of the things he’s accused of I’d have more fury behind me!",3,0,2024-05-20T18:52:38Z,2024-05-20T18:52:38Z
UgxrnOE--ct-tpKhb-l4AaABAg,@mrwaltermathews,"""We all know R. Kelly's situation, dont get pissed about it"" Know got bars",4,0,2024-05-06T17:33:08Z,2024-05-06T17:33:08Z
Ugz37EW6AfFIsQ1_ggR4AaABAg,@Toothless4life,I watched 2 reactions before yours came out and learned so much from yours compared to the other 2! Thank you!,6,0,2024-05-06T17:12:16Z,2024-05-06T17:12:16Z
Ugy_zDgVTTyy_3OfG1d4AaABAg,@dspare58,I’ve literally been watching other reactions waiting for the best breakdown coming from you!,7,0,2024-05-06T14:48:24Z,2024-05-06T14:48:24Z
UgyrmTcxn-lzLmnG4-h4AaABAg,@pabloescobar4029,"35:50 Dayum you literally predicted it,",1,0,2024-05-07T00:45:16Z,2024-05-07T00:45:16Z
UgwkP-AqjE7v4RD9emh4AaABAg,@deiondre0,"Out of all the tracks on this beef, this one probably left the most openings for the other guy, even more than Meet the Grahams. Im honestly worried that Kendrick is taking his time to respond to the beef, might be a killshot incoming",5,0,2024-05-06T20:03:36Z,2024-05-06T20:03:36Z
UgwRxJLqe-0YEds6d0p4AaABAg,@siyandaradebe6851,This is for me the only reactor that fully breaksdown the whole track and is not bais at all,14,0,2024-05-06T15:28:42Z,2024-05-06T15:29:01Z
UgwJk6waRcNPJvdO0qR4AaABAg,@merveilleskatumba2886,"Thank you Knox 

You have won my heart when it comes to Hip hop breaking down

Thank you for existing 🎉😊",6,0,2024-05-06T17:24:36Z,2024-05-06T17:24:36Z
UgzKMOT_5pjnbHZCMWR4AaABAg,@bat_017,"""Nuh uhh"" ahhh song🗣",2,0,2024-05-07T05:14:37Z,2024-05-07T05:14:37Z
Ugzz-6T5nIOf6emP4od4AaABAg,@giadriana,"I loved you for your ren stuff months back and you were the only reactor i wanted to see talk about this. My bf and i got into a long talk after i finally got drawn into this drama. He was saying ""drake definitely clapped back on the pedo charges"" and i listened to this song and was completely taken aback at how BAD it was. Like ""I'm too famous"" as a defense???? And attacking a (supposed) victim??? How does this dude stumble this hard? Thnk you for also being shocked at the ridiculousness of that argument",3,0,2024-05-10T14:17:55Z,2024-05-10T14:17:55Z
UgyhH58wBLmXUfmcTYx4AaABAg,@matthewengle9554,Knox we love your reactions. Keep em coming my G,7,0,2024-05-06T16:48:39Z,2024-05-06T16:48:39Z
UgyRZ7PgDTwKst5vtcJ4AaABAg,@aiolosfritzalas2468,i like that when both of them get sht wrong you call them out respect,10,2,2024-05-06T15:23:17Z,2024-05-06T15:23:17Z
UgxQKQGE8WVTWIbXbg54AaABAg,@risiwilkerson,0:44 Kendrick let yall get paid for all yall hard work 🔥🔥🔥🔥,1,0,2024-05-08T05:40:36Z,2024-05-08T05:40:36Z
Ugz9iwwJ-n5ZrIQRWUV4AaABAg,@SUPRAPULLS,THANK YOU for breaking it down better than any other youtuber!,7,0,2024-05-07T00:04:01Z,2024-05-07T00:04:01Z
UgwR5R2rwHljgwWVPCJ4AaABAg,@rubenbravo2921,So glad my brother recommended ur channel. Told me to watch u break down Tobey and was impressed by how u break bars down so I had to come back and listen to u break down this beef.,4,0,2024-07-07T23:08:34Z,2024-07-07T23:08:34Z
Ugzy_bYUdy0blMpnWyt4AaABAg,@Reactors_Hub,Man this dude breaks down is unbiased and facts,3,0,2024-05-06T22:07:21Z,2024-05-06T22:07:21Z
Ugw03bI-W4xhdF7g6Ed4AaABAg,@AndyMilonakis-j5p,Had to come back and listen to the breakdown of the first self defense track ever.,1,0,2025-02-18T10:59:01Z,2025-02-18T10:59:01Z
Ugz_k-oKLcbXurJRceN4AaABAg,@Whizz-kk,"I’ve been waiting all day for this break down, thanks for the content knox. Enjoy every vid!",5,0,2024-05-06T15:42:37Z,2024-05-06T15:42:37Z
Ugx6NAlrTYrmDuT1N-x4AaABAg,@andrewdulaney1463,Drake will say anything at this point. This was never a rap beef for kendrick. This was some him exposing drake.,47,3,2024-05-06T16:33:10Z,2024-05-06T16:33:10Z
UgzCZ_sY2uNZSea7DIp4AaABAg,@StaccAdollaPacApunch,"Yea Knox, you one of the greats doing this right now bro! Don’t stop",6,0,2024-05-08T07:23:32Z,2024-05-08T07:23:32Z
UgydkEjM8ppP4xz7Jgd4AaABAg,@GrannySingaporePVP,Haven’t seen anybody else mention this but the A Minor flip when he says D Major it’s wordplay also saying “D Made Ya”,2,0,2024-05-06T22:45:59Z,2024-05-06T22:45:59Z
UgxeuY28pmJXV8YUuLp4AaABAg,@Jadxn503,He said the people feeding you information is clowns and then admitted to giving Kenny information few bars later lmao,45,4,2024-05-06T17:24:43Z,2024-05-06T17:24:43Z
Ugxrat2dgtLE1nzQmH54AaABAg,@CountEagleHydra,"‘The audience not dumb, shape the stories how you want, hey Drake they’re not slow’",14,0,2024-05-06T16:28:36Z,2024-05-06T16:28:36Z
UgzVo2-SbI0qcEFmQTV4AaABAg,@law_vlr,I always come back to this song to remind myself how dumb Drake is for using Twitter lines 😂,6,0,2024-12-16T02:21:16Z,2024-12-16T02:21:16Z
UgxqpHUMcl9eYG4YNN54AaABAg,@povertyshop,"No one catch the line where he says, ""Clowns fed you info"" and not long later says, ""We fed you the info."" So which is it?",21,2,2024-05-06T23:23:26Z,2024-05-06T23:23:26Z
Ugy0Z443tRdtVftp7It4AaABAg,@Itz_Meaux,He most definitely wrote this track himself,5,0,2025-08-05T00:38:39Z,2025-08-05T00:38:39Z
Ugx5vuksZ4ZYab2IIal4AaABAg,@TheJohnCueto,"Liked & subscribed. Like many other comments have pointed out. You are here for the bars, unbiased, and really breaking down the battle and keeping it all in perspective.",9,0,2024-05-06T20:30:53Z,2024-05-06T20:30:53Z
UgyYC-l3IjAHYqMOOPB4AaABAg,@JoeyShip,Thank you for being the one person to point out his “too famous” angle is trash. That’s the biggest flaw in this entire track. He’s burning himself down. Kendrick should sit on this for a few days and let It burn for a minute. Drake a disconnected rich guy.,23,0,2024-05-06T15:24:16Z,2024-05-06T15:24:16Z
UgyT7As7XEtmqQDtJbJ4AaABAg,@kylelee3323,Knox you let me down on this one... But you're still the best bar calculator on this platform 👍,1,0,2024-05-07T01:14:48Z,2024-05-07T01:14:48Z
Ugzf9hmYMn2w_v8CMhx4AaABAg,@Ayohhh13,The only reactor that dissected this trash....very well said,2,0,2024-07-13T05:25:01Z,2024-07-13T05:25:01Z
UgxfkXfcAwkKJZQbDfx4AaABAg,@KeepGoingGlobal,"I have sent your break down diss tracks to soo many other bloggers and told them to check YOU out to get the dissected tea. No one has broken it down line by line like You Knox!! 🎯🎯Much Love 💗, support and respect to you🙏 Keep it Going!🙏💗🌻",7,0,2024-05-06T21:15:14Z,2024-05-07T02:54:18Z
Ugwbi5mZHfSI6fW5V714AaABAg,@nickcomer8354,So ready for this breakdown!,8,0,2024-05-06T14:47:20Z,2024-05-06T14:47:20Z
Ugwmo1cLQgixBVTvl2x4AaABAg,@paulalba9244,Years later when truths unfolds we'll remember kendrick warned us,0,0,2024-05-07T06:57:04Z,2024-05-07T06:57:04Z
Ugyiw7fe5O8uw7rl53N4AaABAg,@Pdbiddy,You’re right we won’t see “drake” on a sex offenders list. We will see Aubrey 💀,40,3,2024-05-06T18:29:42Z,2024-05-06T18:29:42Z
UgweCrSbQCTpk12V0cJ4AaABAg,@nekaybaw472,"Your reaction videos have been the best. It is obvious that you are knowledgeable of hip hop culture, and you break things down well.",4,0,2024-05-07T00:03:29Z,2024-05-07T00:03:29Z
Ugy8gNl47iiuONafiwF4AaABAg,@yoviska,I respect you knox  because u  doing this reaction right and no body paying u. Like some others. Good job brother,5,0,2024-05-06T22:16:45Z,2024-05-06T22:16:45Z
UgwOQI2XbM7ffd5lkK54AaABAg,@Spinelsofficalwife,"I know I’m late asf for this but this is the reason why I always have came to Knox’s reactions first before the others when it’s this type of stuff, he breaks these songs down the most and this is a good example because It’s really irritating that these other bigger reactors besides like one other I’ve seen just glazed over a lot of the “I’m too famous for this” and “if I’m bad why haven’t I got caught” shit and easily believed everything Drake said",1,0,2024-08-18T14:38:59Z,2024-08-18T14:38:59Z
UgyKivw42j5-W5JzraB4AaABAg,@joshuaswann-ui3ev,Your the best of breaking it down ill support the channel,6,0,2024-05-07T03:11:40Z,2024-05-07T03:11:40Z
UgzAL5kSqPw3mrFxjBR4AaABAg,@ShelbySaysSo,That whole Spotify thing was mainly dealing with xxxtentacion.,4,0,2024-05-06T19:34:09Z,2024-05-06T19:34:09Z
UgzQVhlPK-OoWRE2qdJ4AaABAg,@lorenzocarter1459,I’ve been waiting on this reaction let’s go 💪🏾💪🏾💪🏾💪🏾,7,0,2024-05-06T14:45:58Z,2024-05-06T14:45:58Z
Ugxm8XdwOXQQ1PSNG_B4AaABAg,@CarterButler-q7o,Knox hill taking a triple take is the craziest shi lmao,0,0,2024-05-07T01:51:44Z,2024-05-07T01:51:44Z
UgxIvBontZdrCVouEW94AaABAg,@nemesizjg1236,I'm glad you explained the victim/predator situation like that. I've been trying to tell people the same thing. Not a good flip at all.,4,0,2024-05-06T18:37:34Z,2024-05-06T18:37:34Z
UgzjbZjNPr--ALOKVI14AaABAg,@tlyn7138,Victim blaming someone for being molested while being excused of being a PDF file is nasty work🤦🏽‍♀,7,0,2024-05-06T17:11:38Z,2024-05-06T17:12:23Z
Ugz27YS879L_PXQdenV4AaABAg,@That_YC_John,Drake thinking he won at the end is insane to me.,5,0,2024-05-09T19:19:30Z,2024-05-09T19:19:30Z
Ugw1qPHPyyCZ4md6ZFZ4AaABAg,@os.calibratedam,This song won it for me. Direct response to K. It is a conversation and the song wasn't directed to the fans. Its a bonus for the fans is all. Well scripted story telling.,1,0,2024-06-12T05:56:02Z,2024-06-12T05:56:42Z
Ugzy_atnudXzG0mcI5h4AaABAg,@jaredturner4069,Bro that Always Sunny in Philadelphia clip had me wheezing 😂😂😂😂,5,1,2024-05-06T19:22:35Z,2024-05-06T19:22:35Z
Ugyyh6_WRFpp3eTviX14AaABAg,@MaureenDeniseYAH158,"Kendrick tricked Drake into telling on himself, now who wins",152,11,2024-05-06T14:48:53Z,2024-05-06T14:48:53Z
Ugy4TQ2KSPgYfBPSBtp4AaABAg,@shadboyhdgamer3169,Knox thank you for the Mother I explanation bro you are doing God’s work fr,7,1,2024-05-06T15:10:39Z,2024-05-06T15:10:39Z
UgyVfaG-QAWsYn5B3EB4AaABAg,@InnocentMpofu-qo6qv,"Man, you’re a real one for breaking this down correctly in real time. Salute 🫡🫡",1,0,2024-05-16T05:47:01Z,2024-05-16T05:47:01Z
Ugy4S_GDDIk3VVuhwbl4AaABAg,@owangatang2000,drake needs knox as a ghost writer to proofread his shit!,7,1,2024-05-06T17:19:30Z,2024-05-06T17:19:30Z
Ugzrt371JnYfNtYSNKd4AaABAg,@jcase6199,@KnoxHill You the real one!!! You the MVP of this beef!! 💯 💯 🎯,3,0,2024-05-07T02:17:03Z,2024-05-07T02:17:03Z
UgyObrleMU6GDJUNJrR4AaABAg,@WildoneJ,Drake turn his comments to “limited” so I think he’s scared 😂😂,16,1,2024-05-06T18:11:58Z,2024-05-06T18:11:58Z
UgxXUmbwVQ_ZnubwwvZ4AaABAg,@fredwebber335,“The Heart” title likely is also related to the Dave Free “Hearting” the image you look at the entire song…,0,0,2024-05-07T02:59:44Z,2024-05-07T02:59:44Z
UgxlMpZoMX4vxeOgoEN4AaABAg,@Adidas-2507,Man i been waiting for this one 😅😂 your  breakdown  are always on point 💯🔥,4,0,2024-05-06T21:04:25Z,2024-05-06T21:04:25Z
UgxTyeHfSVcFEuDGhtl4AaABAg,@Reweliusz,Knox is working triple shifts through this beef,11,0,2024-05-06T14:48:09Z,2024-05-06T14:48:09Z
Ugz7Eo5OV9NuTkwGsm54AaABAg,@lilithstar777,yayyy was waiting for this one,7,0,2024-05-06T14:45:35Z,2024-05-06T14:45:35Z
Ugwx-FrensN19uSIecZ4AaABAg,@PettyDaddy,17:02 very few Podcasters got this...   JBP did but it seemed the majority of the other responders.. this flew directly over their head.   New subscriber here,0,0,2024-05-30T00:27:31Z,2024-05-30T00:27:31Z
UgxSRMy3XyEGVL96mwd4AaABAg,@micahbuffington7887,"He never straight up denied the kid, though. How he worded it is he fed him info because he believed kdot would bite,  but he never straight up says, ""i don't have a daughter."" That's important from a master manipulator😂",31,3,2024-05-06T18:20:01Z,2024-05-06T18:20:01Z
UgwyziLMGD--Xz9-lO54AaABAg,@zeframmann1641,"You're the first reactor I've seen who actually calls Drake on misinterpreting Mother I.
Add to that Drake saying, ""You got clown feeding you info, oh by the way we fed you that info! lul!"" and this is a huge swing and a miss for Drake.",5,0,2024-05-06T19:00:42Z,2024-05-06T19:00:42Z
UgwqsJ8Q1QqqIBezFol4AaABAg,@gqvenu4868,"so why did drake delete his picture with karl malone .. after kdot dropped passing the john stockton line released.

why did drake had to bring up mily bobby brown name into it ? didnt had to say minor name at all.

why say mariah .. was it to show he f*cking older women ?lol

i dont think he set up kenderick .. he just doesnt know how to respond and what to say so keeps coming at whitney",6,0,2024-05-06T18:45:20Z,2024-05-06T18:45:20Z
UgzwhpuHuZhDx5fjLZx4AaABAg,@IVProduction,"BRO! @Knotthill is the ""Rain Man"" of our Generation. I enjoy listening to his Breakdown last to see what all the other reaction videos missed...",2,0,2024-05-07T03:31:11Z,2024-05-07T03:31:11Z
UgyHz4AamOA20vIzuRN4AaABAg,@nuel3007,"You thought u left D flat but D MAJOR, “Drake major, Drake made Ya. It’s a triple entendre 🔥",4,1,2024-05-06T16:35:52Z,2024-05-06T16:35:52Z
UgzzqOGD4lAEQ-fB0t54AaABAg,@sway_onthetrail,"I have never seen someone wave a white flag in a diss track before, but we just watched Drake do that.",16,5,2024-05-06T15:49:25Z,2024-05-06T15:49:25Z
UgxGJOkTk0U7DqduSwt4AaABAg,@mehradj1533,I'm guessing it's always sunny in Toronto,20,1,2024-05-06T14:46:18Z,2024-05-06T14:46:18Z
Ugz2jGzWbyxCm44kpsZ4AaABAg,@Kongoman125,"Now, that's what I call...a real breakdown 🙏🙏🙏",0,0,2024-05-07T07:14:22Z,2024-05-07T07:14:22Z
UgwrmgvkyPloxpa6IER4AaABAg,@charlesaltonjr5566,"Drake missed on the heart part 6 here’s why 

(1) Drake mentions Millie Bobby Brown when Kendrick in none of his diss tracks mentions her at all. He lowkey gave Kendrick ammunition to use against him

(2) Drake basically says “If I had sex with any girl underage I should be arrrested. I’m too famous for what you suggested” yeah that wasn’t it either basically saying I can’t do that weird shit I’m too famous for that. 

(3) Drake also mentions about Kendrick being molested as a child when if he listened to mother I sober. It was actually his mother who was molested her trauma lead her to believe it also happened to Kendrick when in fact it didn’t

Also Knox hill your my favorite reactor you be catching all the bars lol",7,1,2024-05-06T20:05:50Z,2024-05-06T20:05:50Z
Ugwg254NuXIDGPtvftB4AaABAg,@heybulldog90,“I am a war general but also I’m waving the white flag” lol,7,3,2024-05-06T18:52:03Z,2024-05-06T18:52:03Z
UgzCBVrr2iVG51I5wh94AaABAg,@mowainwright73,"The funny thing is Drake unnecessarily painted himself into a corner by taking credit for info leaking as a setup. If he doesn't Kendrick now has to show receipts. You can say, ""ok Dot gave partial receipts of his OVO mole with his cover art but where's this daughter, bring her out."" But by taking credit, we know Dot's receipts are ones you gave him with the mole you knew about. So where's the receipts of the setup cause just saying you did doesn't count for ish",21,1,2024-05-06T18:27:38Z,2024-05-06T18:27:38Z
UgwEtpB9Pcf3nxpZaDt4AaABAg,@Mrsmith0419,"Literally, this just has me excited for a Kendrick Album. Thats the tea I want from Drake! 😭😂",0,0,2024-05-07T02:29:32Z,2024-05-07T02:29:32Z
UgzDOUreb1QqS94AdZt4AaABAg,@AsaTalks,"Finally a reactor and comment section that isnt stupid, he hears the bad line, says its bad, and then moves on without getting hung up on it.",17,2,2024-05-06T17:06:56Z,2024-05-06T17:13:58Z
UgxEaN36jErcrotXlpl4AaABAg,@Lou_the_1,Kendrick called it. He knew Drake was going to fabricate lies on the family front because you heard Mr. morale.,3,0,2025-05-29T15:22:37Z,2025-05-29T15:22:37Z
UgzCWN-7BhERVp-9e0d4AaABAg,@arnold5763,The ghost writers didn't write this😂😂😂,4,0,2024-05-06T20:09:18Z,2024-05-06T20:09:18Z
Ugw8MzMumlvG7wPOwxB4AaABAg,@iamharper6994,This is a I'm defeated/no defense track.,2,0,2024-06-18T19:27:00Z,2024-06-18T19:27:00Z
UgyenLmVHw_1wHkkYOF4AaABAg,@TheAngryGenXer,Bro says I don’t “look twice” at teenagers 🤣🤣🤣 just once is cool,5,1,2024-05-06T17:18:37Z,2024-05-06T17:18:37Z
UgzCCLX6TqGKCR8dssd4AaABAg,@markhill6296,Knox  I’m so glad you caught what Drake said at 16:25 you got my respect!,6,0,2024-05-06T15:37:07Z,2024-05-06T15:37:07Z
UgwHJywCmkfbxSIeEfB4AaABAg,@StupidityisKey487,"Sooooo…. Drake lied about having a daughter, so Kdot could lie about it!? 

Even though it resulted in him looking like a deadbeat.. which is already the consensus regarding his son..

I think Kdot gave this guy too much credit when he said “Master” manipulator 

Come on bro.. I might get clowned for saying this but, Cole’s apology went harder than this s*** 😂",7,1,2024-05-06T15:49:03Z,2024-05-06T15:49:03Z
UgxcNIcdonOFVCw22lV4AaABAg,@andrewzhu6514,"that China is listening skit is FIRE! 🤣 great breakdown as always, this is by far the strongest clap back by Drake, props to Drake and the ghosts, but there still ain't coming back for resurrection unfortunately for Drake. And that different kind of ""bars"" if Drake is not careful really crack me up~",0,0,2024-05-07T04:06:17Z,2024-05-07T04:14:17Z
Ugxndkl0A2cHOUsql1Z4AaABAg,@Diamond62ImpalaSS,Finally!,9,0,2024-05-06T14:45:23Z,2024-05-06T14:45:23Z
UgzlJzdgHeQq7pCPuP14AaABAg,@K.S.A_Musik,And he said epstein angle  but kendrick Never mentioned epstein,5,1,2025-11-07T12:09:33Z,2025-11-07T12:09:33Z
UgyYQfVrFyNY0Z-xj5x4AaABAg,@sagillosaqware7620,Kendrick won🥱😮‍💨,20,11,2024-05-06T14:53:34Z,2024-05-06T14:53:34Z
UgwnLwfdlhVz5lRZ7mp4AaABAg,@meowlpup,"Thank you for making an honest attempt to address trauma. Its very evident that drake is tone def.  As someone whos worked with victims, he sounds like the ultimate narcissist and gaslighter on this track.  No grown man with morals trxts and puts himself in the middle of teenage girls lives for the sake of the girls.",2,0,2024-05-17T03:13:57Z,2024-05-17T03:13:57Z
UgyaVOt1ABCIVQtEhWd4AaABAg,@MsKita2You,The sad part is he never said anything about setting him up out the gate. He waited a few days to even dispute it. They were scrambling in his camp and that is the best they came up with. It’s apparent that he wrote this solo and he’s trying to serenade us with bs at the end of the,18,6,2024-05-06T14:58:47Z,2024-05-06T14:58:47Z
Ugz6popYU7AfX-KTKK14AaABAg,@HyperTubeGames,For the mother I reference I think why Drake states it as Kendrick getting touched is because the premise of that bar from Kendrick was that his mother was touched growing up so when Kendrick told everyone he didn’t get touched no one believed him. He’s also saying he doesn’t believe Kendrick and that he did get touched as a child. Kind of a weird angle to take when you’re fighting pedophile accusations tho,12,2,2024-05-06T18:40:01Z,2024-05-06T18:40:01Z
UgxfeisGDpgB1phOJo54AaABAg,@submarin777,"Drake is an ACTOR from rich family in Canada, he just forgot his role",4,1,2024-05-06T20:27:31Z,2024-05-06T20:27:31Z
UgzG5x5q-pOZvPuZ2Rx4AaABAg,@Jessyco,Your shirt changes is how I'm keeping up with all these video releases!,0,0,2024-05-07T01:21:45Z,2024-05-07T01:21:45Z
UgwjhMQ18Hh-C6pYb1h4AaABAg,@ZliceArc,Bruh Drake running from the facts Kendrick has on him.. he backing out of the fight but trying to gaslight and manipulate even as Kendrick said he is 💀💀,12,0,2024-05-06T14:57:28Z,2024-05-06T14:57:28Z
UgznA3bcJhb8ndvbEIB4AaABAg,@Sky_Blaze,"Drake- ""kendrick you havent seen your kid in 6 months""

Kendrick- ""You haven't seen the many kids you have ever.""",7,0,2024-05-06T15:17:04Z,2024-05-06T15:21:00Z
UgxqhZBXrR8ixgL-qwN4AaABAg,@partnah2887,look how Drake doesn’t address the bars about being a culture vulture and ripping off Atlanta artists lmao he’s tapping out fr. and you know his writers are kdot fans,5,1,2024-05-06T22:51:52Z,2024-05-06T22:52:46Z
UgyUEYeVL0evvESRFJJ4AaABAg,@JohnnyNonnyy,"Drake pulled a rick and morty ""i programmed you to believe that""",1,0,2024-05-11T10:10:33Z,2024-05-11T10:10:33Z
UgwQxbF_plNLLNN6X0Z4AaABAg,@tallymex9778,"For all you Drake fans out there. It’s not that people are tired of seeing Drake winning because he’s so nice, that’s not the reason he’s winning. It’s like Ye said he has a Rich Baby Daddy, and a gang full of ghostwriters keeping him at the top. He’s cheating the game, and not delivering like his peers or the way he used to. That’s why he’s getting eliminated, and all the rappers know it. Whether the public eye doesn’t, end of story.",32,4,2024-05-06T17:23:46Z,2024-05-06T17:23:46Z
UgxbadKkUX5S0G-zecJ4AaABAg,@keminoak,"A couple things. 
1) Kendrick won
2) why would drake want these narratives out about himself? No way info was fed
3) if it were fed, Drake would have had a MUCH BETTER diss ready to go.",6,1,2024-05-06T15:49:24Z,2024-05-06T15:49:24Z
Ugxq4kJFXVU0nO2aK714AaABAg,@jrthehunter4309,"I'm not being Bias here. Just using common sense. The ""I set you up with false information"" angle doesn't make any sense.

 If you REALLY planned out having a Mole feed Kendrick False information, your first reaction after Meet the Grahams wouldn't have just been an Instagram post of your face and a caption saying ""Where's my Daughter then!?"" It would have been a screenshot or phone call of someone giving Kendrick False information. It would be the EASIEST thing to prove out of any of the things thats been said so far, and the most damaging thing you could do to Kendrick.

Setting up a mole with false info with no way to prove you faked the info just defeats the purpose. That would be like the police setting up a wire, with no way to record what's being said on it.

The ""False information"" angle just comes across as more of a cover-up you thought of after the fact, because none of the actions you've taken come across as someone who ""Set a Trap"" a week ago.",25,1,2024-05-06T15:01:18Z,2024-05-06T15:01:18Z
Ugz_6R7lM1TNU2JxEcB4AaABAg,@FiveofEyes,Knox opened my eyes to another inconsistency he has in this song where he say he says he got his lines tapped hes dialed in then later on he dont wanna diss anymore hes second guessing which is it,1,0,2024-05-07T06:01:43Z,2024-05-07T06:01:43Z
UgyyNlWwsc-CE92liUd4AaABAg,@JayVicky007,That song was full of holes and contradictions. It should not have been Knoxhill certified imo.,6,1,2024-05-06T20:00:12Z,2024-05-06T20:00:12Z
Ugw-4i1yEgPVZk0wAjR4AaABAg,@LJDavisfamily6,Damn Drake this ain’t making any sense bro. You’re the worse at planning if you planned this.,4,0,2024-05-06T18:28:20Z,2024-05-06T18:28:20Z
UgzV2wb2z6nE86mSild4AaABAg,@carlbarker5748,"Next diss from Drake needs to be him with a shovel digging his own grave man, whilst j Cole is sitting 30 yards away smiling eating pop corn with his arm around Aladdin’s lamp. Homie done",6,0,2024-05-06T19:38:41Z,2024-05-06T19:39:06Z
UgxHvSVb5Et5L4X17EJ4AaABAg,@bon8484,We got Knox dissin too lmao,0,0,2024-05-07T01:59:34Z,2024-05-07T01:59:34Z
UgyaKIV-kqBBKzT_NId4AaABAg,@TiffanyTheQueenB,Kendrick still won,12,3,2024-05-06T14:49:45Z,2024-05-06T14:49:45Z
Ugy3cBB1DzLkas3M6Rt4AaABAg,@MsTriniLewinsky,"Unpopular opinion: beside the fans of the music, the real winner is going to be the person that comes with the proof.",31,6,2024-05-06T15:22:58Z,2024-05-06T15:22:58Z
Ugycb63u02THNu3GSvx4AaABAg,@GPainx,"12 hours later, Knox? Fr? Step up your game man god damn. 😂😂 I’ve been waiting for your reaction tho good to see you. ❤",4,6,2024-05-06T15:00:24Z,2024-05-06T15:00:24Z
UgwFzIUnt6SrKABeBnR4AaABAg,@itsyaboylucky,knoxhill rewinding twice made me lol,0,0,2025-06-17T06:16:08Z,2025-06-17T06:16:08Z
UgzC8_5E4jlmylYc7Gt4AaABAg,@yinyang5162,"love how he calls himself a clown and ignores half the allegations 🤣

edit: also Christ the replies are insane 🤣 average internet experience of people being extreme then acting like everyone else must be too, y'all getting mad over nothing 😂",100,37,2024-05-06T14:46:11Z,2024-05-06T15:02:39Z
Ugy1iBT4ekwDQE37KKF4AaABAg,@frogger15,"There is an article from 2015 about a waitress claiming Drake is the father of her 2 year old girl…

“The woman alleges she has told Drake that he’s the father of her 2-year-old baby girl and the outlet reports that the rapper has agreed to take a paternity test. And so it begins!

Drake must believe he is the father, because he has reportedly volunteered to pay the woman $15,000 a month in child support, until he finds out the results of the paternity test.”

This is the only thing that make sense. She would be 11 this year if she was 2 in 2015. Also the fact this article exists discredits the “I set you up” lines and if he lied about that everything thing else looks like a lie. Much of what Kendrick has being saying about Drake can be supported by simple google searches. Nothing Drake says can be proven. Drake is the one who needs to prove everything. Plus there is an interview with Lil Wayne and he confirms Drake slept with his girl when he was in prison so he really is a POS for that if nothing else.",16,1,2024-05-06T18:19:08Z,2024-05-06T18:49:21Z
UgzezusXspcq2RTU-cR4AaABAg,@Tical10304,"Kendrick compared him to ""Weinstein"" not ""Epstein"" which is sorta a freudian slip on Drake's part.. at least as far as these songs go.",4,1,2024-05-06T18:19:50Z,2024-05-06T18:20:28Z
Ugx8OwrQsQojnu_D0Dl4AaABAg,@hikaru._.4284,30:12 I read the article it was for xxxtentacion not r Kelly. kendrick was defending x's estate and r Kelly just happened to keep his catalogue,0,0,2024-05-07T05:54:48Z,2024-05-07T05:54:48Z
UgwLcvOLqZyE_UCK94F4AaABAg,@rayb2410,So is EVERYONE gonna act like they didnt see Drake kissing that young girl on stage and talking about how fine she was. Ehen she told him she was 17 it didnt stop him from kissing her in the mouth. So lets not keep acting like thst isnt a real thing.,4,1,2024-05-06T18:26:56Z,2024-05-06T18:26:56Z
UgwuhV5mOEbEOT14uH14AaABAg,@DaltonLunday2103,Im so happy we got the real Heart Part 6 which unlike this garbage is actually enjoyable and really well made. This crap isn’t well written or even fun to listen to. This confirmed to me that Drake lost big time,4,0,2024-12-03T19:28:05Z,2024-12-03T19:28:05Z
Ugws1K0q4Ulu4qKRoP94AaABAg,@LR-kr9sz,Drake never said he planted false info about underage girls. He was speaking specifically about him having a daughter.,10,6,2024-05-06T15:49:04Z,2024-05-06T15:49:04Z
UgymR9aQ28_Q5nrKzft4AaABAg,@BCEPictures,That was Top Dog. Also Dot did that to defend EVERYONES MUSIC,0,0,2024-05-07T06:50:40Z,2024-05-07T06:50:40Z
Ugx9aBaltI3oQe8UNHh4AaABAg,@tonyaholman7055,Didn’t Drake beg him to drop??? Now he is acting like Kendrick wrote the stuff to clout chase. Smh,4,0,2025-06-01T20:53:33Z,2025-06-01T20:53:33Z
UgygB5Fjaucf_JZCpUx4AaABAg,@kylegrady2678,Drake in full self defense mode Kendrick bout to come In with the ultimate Killshot now,11,2,2024-05-06T14:46:02Z,2024-05-06T14:46:02Z
Ugw03BGNOsi_SVQWASh4AaABAg,@xensuko,"This whole track is basically drake saying I give up and you have no proof. While Kendrick has no proof, he definitely has a track record of delivering on what he says. Whether it be walking down drake or saying he knows “shit that makes gunna wunna look like a saint” regardless of whoevers telling the truth or not considering their hasn’t been any proof, Kendrick still has been walking drake down on every level of rap.",16,4,2024-05-06T14:49:07Z,2024-05-06T14:49:44Z
Ugz6MQr7RzdCU1QygGx4AaABAg,@isaacsiedentop2821,The Canadian Diddy,1,0,2024-05-10T04:16:08Z,2024-05-10T04:16:08Z
Ugzfr9-wAuBpew0MylB4AaABAg,@LastNameEv3r,One year later... where's the daughter 🤔,14,3,2025-07-07T17:25:09Z,2025-07-07T17:25:09Z
UgxWvmpAx92SE_FnZ0h4AaABAg,@attoboi9763,"""The people who fed you information are clowns""

""We're the people who fed you the information""

Ghostwriters really shoulda double checked their bars wtf",4,0,2024-05-07T00:20:15Z,2024-05-07T00:20:15Z
UgyPDZWqICuCmI1-0Fd4AaABAg,@v2plus_10,"Knox is a legend man, he said we need the receipts from Kendrick but was also fair enough to say we need proof from Drake about this misleading stuff. 👏",4,1,2024-05-06T17:17:44Z,2024-05-06T17:17:44Z
UgyQ700oLOKA_60IbGZ4AaABAg,@SameEnergyReview,"""Huh!?!"" Lol.",1,0,2024-05-07T11:27:07Z,2024-05-07T11:27:07Z
UgxgpmhliGRlFSbjEK14AaABAg,@callmemavros,"""Drake is not a name you gon see in a sex offender list""

What about Drake Bell, dog.",5,2,2024-05-06T15:15:28Z,2024-05-06T15:15:28Z
UgyBdUAMdAeyWR8vjO94AaABAg,@DanMafiaMW,I'm back here still drake won the beef 😂❤,5,0,2025-07-11T06:51:01Z,2025-07-11T06:51:01Z
UgyUfMvotk0la1ijwDl4AaABAg,@watchwoman4christ379,"⁠Drake “whoever fed u that information they all clowns”

Also Drake “we plotted for a week and then fed you the information”

Also Drake “Tik tok pictures u collected and dissected” 

Also Drake “Naw can somebody find my 11 yo daughter and send her to me, these guys are in shambles” - Via Twitter

Drakes immediate twitter post after Meet the Grahams dropped proves he had no idea Dot was going to speak about a daughter at all! The post in no way suggest a man who had fed dot false info! But instead a man paranoid and then spiraling!! 

Why feed info thats detrimental to him and his character in a rap beef???? Why not be immediately ready to drop proof of the false info allegedly fed to Dot, or a follow up song????

By every appearance he was totally unprepared, he had no idea where Dot would go! Some things he does try to get ahead of other things are just a guilty conscience! In Taylor made he says “speak about me liking young girls that’s a gift to me” He clearly expects Dot to go there, but why would you ever???? 

He also keeps saying “Epstein” when Dot compared him to “Weinstein” this is a man paranoid and spiraling!! Why would u personally expect someone to accuse you of being an Epstein????????????????? 

False fed info was an afterthought and an attempt at damage control after realizing he lost and was also exposed after refusing to heed multiple warnings from Dot!

He heeded the warnings of Pusha who made it very clear that he fully intended to expose Drake slowly in volumes!! We never got the subsequent volumes because Drake heeded the warnings and did not respond!! 

Pusha: “Volume 1…to be continued” “surgical summer” “were just gonna peel it all back layer by layer”

Dot: “12345+5”

Dot literally said Drake was a liar and a manipulator! Drake puts out the heart part 6 admitting to lying and manipulating!! Heart part 6 was Drake trying to save face while simultaneously waving the white flag in hopes that Dot’s +5 would not be released but the damage was done! 

Notice he sold the embassy shortly after the beef! “The embassy bout to get raided too, it’s only a matter of time” paranoid and spiraling! 

Don’t forget about the strange case of Lucrecia morris! Her last name mysteriously changed after her case with Drake!I remember Tigger reporting on  her case with receipts she posted online of her confirmed pregnancy, text messages and pictures of her and Drake! She made it abundantly clear that Drake raped her and got her pregnant she exposed him publicly! 

He later sued her in federal court for defamation! then the strangest thing happen! He ended up paying her $350,000 as part of a settlement! It’s clear she would agree that the rape allegations were defamatory or perhaps the sex was consensual!! I believe this because she later sued her attorney! 

I thought why would he pay someone he was claiming falsely accused him of sexual assault! Those are SERIOUS allegations🤔 nothing more was said about her pregnancy which she had previously on no uncertain terms declared Drake was the father because had not been with anyone else in a while!!! If She was actually pregnant with his kid then the $350,000 was likely a NDA, she keeps quiet about the pregnancy in exchange for a pay out!! There is no other reason to be given as to why Drake would pay a person accusing him of rape which he alleges was defamatory! You don’t reward someone for those type of allegations! Her last name changed as well the whole case was wild!!! 

Imagine defending a sexual predator who has multiple sexual assault cases including those he’s paid off, publicly available so that such defenses are inexcusable!!! Drake Stan’s need a support group at this point! They cannot be saved!",3,0,2025-10-28T01:10:26Z,2025-10-28T01:10:26Z
Ugxv7Jm6DpeQ1KjxPet4AaABAg,@ryandavis2504,Knox the goat fr the only reactor I saw who immediately called Drake on his bullshit,0,0,2024-05-07T18:44:50Z,2024-05-07T18:44:50Z
UgzEnp_U3d3dD0HJ23h4AaABAg,@glaciermind1,"14:29 Drake didnt misinterpret Mother I sober. Before he went into the Mother I sober part he said ""instead of being on some diss direct sht, you rather grab your pen and misdirect sht."" So Drake was intentionally misdirecting and saying kendrick did get touched cause hes projecting and MISDIRECTING  towards Drake. 🤷🏿‍♂️",6,10,2025-02-24T08:22:27Z,2025-02-24T08:22:27Z
UgyA0PTxz86-KwosqPl4AaABAg,@avinav007,"6 months. No daughter. This songs aging well too. Y'all just gassed up kendrick so much. I mean look at the comments, y""all just looking like clowns now 😂😂😂",5,0,2024-10-15T20:40:26Z,2024-10-15T20:40:26Z
Ugy1cYoOSVM6t0DepoB4AaABAg,@gottfriedtetteh7341,"Yow Drake fed Dot lies about a daughter 😂😂😂😂😂❤❤❤, OMFG.",1,0,2024-05-06T22:03:44Z,2024-05-06T22:03:44Z
UgxPTnq6BMlb9u1j9EV4AaABAg,@kcmentpatty5718,Nice clip shoutout to always sunny in Philadelphia great show,2,0,2024-05-06T22:41:48Z,2024-05-06T22:41:48Z
Ugx-3UoFmYFdauv81pF4AaABAg,@diametrima,"29:48 “don’t get ‘pissed’ about it”
🙂😂",0,0,2024-05-06T23:07:27Z,2024-05-06T23:07:47Z
Ugw6s7RyQDyuPgGKjN14AaABAg,@Cringerick_lamar,"Hey great track you dropped last week! 🎉🎉

Also when BB(took a giant)""L"" Drizzy-E spoke-rapped, ""Tripling down on some whole other..."" It triggered my ptsd from when I cared enough to look up ""Threepete"" lol no one has mentioned The elusive""Threepete"" during this whole rap battle!!",0,0,2025-01-26T10:02:33Z,2025-01-26T10:02:33Z
UgxgmGAj6nmMKG5-Avh4AaABAg,@msmith3426,Sorry not sorry but hearing Drake not convincing himself of exercising his pen omfg I think I laughed so hard I got Abs and there not BBL Abs🤣🤣😮‍💨🤣,2,0,2024-05-06T22:56:07Z,2024-05-06T22:56:07Z
Ugzd5m9fJtLKCD0jFXN4AaABAg,@Ayohhh13,Wahahahha the dissapointment of him dissecting drakes defense is golden,1,0,2024-07-13T05:32:49Z,2024-07-13T05:32:49Z
UgweD-ndpTg4qtrajjh4AaABAg,@JoeyDecay,"29:23 I don't need to say anything, Knox already caught it.",0,0,2024-05-07T00:06:28Z,2024-05-07T00:06:28Z
UgxuHOQN2ZHcw67eV-94AaABAg,@andrewtheartist93,I had to subscribe cause the way you broke down lyrics is crazy 😂😂🫡TNLU,0,0,2024-05-07T03:34:09Z,2024-05-07T03:34:09Z
Ugy_Oue3jxfG8ZZYHW94AaABAg,@Chainsyy,I wish I could subscribe 50 times. Best analysis by far,0,0,2024-05-06T22:02:21Z,2024-05-06T22:02:21Z
UgwrY6v5MfpFOFMrLAR4AaABAg,@williamhusbands9521,YouTubers are the winners of this Battle!! I honestly believe and will keep saying it. You all are so talented and brilliant!!,0,0,2024-05-06T23:38:12Z,2024-05-06T23:38:12Z
UgzB4hFpDiuTTk97Fgx4AaABAg,@brettl2312,Best person I’ve seen break this down 🔥,0,0,2024-05-08T12:50:00Z,2024-05-08T12:50:00Z
UgyoYpKSA05ei8aHOTp4AaABAg,@aurorazamora,"great unbiased reaction, yet again! 👏",0,0,2024-05-07T03:25:01Z,2024-05-07T03:25:01Z
UgyfEGJC7ZE6BYecJhp4AaABAg,@kaylamanor,Drake needs to do whatever needs to be done for us to get more Kendrick Lamar. Drake is saving rap by bringing back Kendrick.,1,0,2024-05-07T01:15:13Z,2024-05-07T01:15:13Z
Ugw0oQ6sAJ2C4xRF7mV4AaABAg,@iamjuan5596,"Your breakdowns are the best, man. Very thorough, you are quick witted and clever. Gained a new subscriber.",0,0,2024-07-08T14:09:33Z,2024-07-08T14:09:33Z
UgxxZhfWDbzP6qlEWml4AaABAg,@Teazus1,This better be the first knox hill in approval,0,0,2024-05-07T05:18:06Z,2024-05-07T05:18:06Z
Ugz_r6xsMa_9Pbd0hr14AaABAg,@zhulJOJO,"He admitted it,bro....

He just not get caught",1,0,2024-06-09T00:09:13Z,2024-06-09T00:09:13Z
UgwMoawgDLWQqXUrGIB4AaABAg,@Over_the_hill_Bill,This beef is actually a colab and I’m here for it.,0,0,2024-05-09T13:38:44Z,2024-05-09T13:38:44Z
Ugzyhtqzr0B18fM_flZ4AaABAg,@Domthgreat,"Best music breakdowns on YouTube, easily. You still got BARS shirts?!",0,0,2024-07-15T05:59:54Z,2024-07-15T05:59:54Z
UgyExDrZ8nHp90Pgi8p4AaABAg,@SchoolVideosGoHere,"29:45 ""We all know the R. Kelly situation ... don't get *pissed* about it""

Knox you're a bad man lmao",0,0,2024-05-07T00:43:56Z,2024-05-07T00:43:56Z
Ugxl78doXr9Z2rEmsAN4AaABAg,@2000yearzold,Thank you Knox for explaining everything...I appreciate it .,1,0,2024-05-08T05:02:11Z,2024-05-08T05:02:11Z
Ugw0VL1Q3g36nsXlVo14AaABAg,@Miminifu,I appreciate you breaking down both sides of the beef and also staying neutral,0,0,2024-05-07T04:39:29Z,2024-05-07T04:39:29Z
UgxoHbA0-80cp3bDPr94AaABAg,@Levelupchanger,Kendrick is coming with receipt next diss,0,0,2024-05-07T08:19:52Z,2024-05-07T08:19:52Z
UgwqsowefDzhoSnpAGR4AaABAg,@abiggurl,"okay you caught the ""way too famous"" bullshit, NEW FAN!",0,0,2024-05-08T14:13:32Z,2024-05-08T14:13:32Z
UgyWSaKkrfE4lq3IodV4AaABAg,@lidiadonofrio-saieh7703,"Best reaction, with the best breakdown EVER!!! 👏",0,0,2024-07-31T01:46:58Z,2024-07-31T01:46:58Z
UgxESKKWh6SZQchzBw14AaABAg,@JordanLester-h8d,“Maybe when you meet your maker.” That’s another hell’s angels line,0,0,2024-05-23T16:20:02Z,2024-05-23T16:20:02Z
Ugy-UNNxbADaBrIUeix4AaABAg,@honeyxscientist,New k dot !! That’s the highlight from all the beef,0,0,2024-05-09T03:01:35Z,2024-05-09T03:01:35Z
UgxLWVZZRx7h0URVlN94AaABAg,@cesjr86,When he says meet your maker I think he was referring/eluding to the fact that early on he helped to introduce Kendrick. When he mentioned in earlier verses as well.,0,0,2024-05-07T21:33:17Z,2024-05-07T21:33:17Z
UgxFrKpwsoVaY5BIPxJ4AaABAg,@universalphotohd,I was waiting for your response 🎉,0,0,2024-05-07T03:49:59Z,2024-05-07T03:49:59Z
UgxBF4ZQ144zK_pItAd4AaABAg,@kadu51044,"Hi Knox, just a guy who got a late ticket and just got into this beef show. Hope you are well. 

On the part where you really went on the young girl bar, here is my thought: Drake is the biggest rap name in Canada. So that allegation puts all eyes on him like P Diddy has right now, and given the state of that he knows he got to try and come correct. Thats why he said that. He knows not all of us are breaking it down deep like this, but he has to he has to come correct, hoping to avoid the bad press. Just my random thoughts.",1,0,2024-05-07T05:13:02Z,2024-05-07T05:13:02Z
Ugx3nnF_LOogniAv7bd4AaABAg,@puglady9488,Who’s back 8 months later…,2,0,2025-01-25T00:27:06Z,2025-01-25T00:27:06Z
UgxLj6vJbUz5QmVTBsF4AaABAg,@CloudslnMyCoffee,"Youtube is FULL of reciepts on Drake. Its been out there, people just dont care which is messef up",0,0,2024-05-07T06:43:06Z,2024-05-07T06:43:06Z
UgwseZqUxrCplbk3LuR4AaABAg,@DanielNelson,This is so fascinating. Not my style of music but undeniably impressive.,0,0,2024-05-09T16:22:03Z,2024-05-09T16:22:03Z
Ugx39FjzorC4v9ToumB4AaABAg,@sil7173,This is a real breakdown. Questioning the bars and the song. Instead of the other people. Woah this is fire skipped what a breakdown should be.,0,0,2024-09-16T13:45:04Z,2024-09-16T13:45:04Z
UgwZRMRXUwOf385MpBJ4AaABAg,@HiggsBoson5652,Most thorough as always good sir,0,0,2024-05-07T01:01:05Z,2024-05-07T01:01:05Z
UgwBNAsUL_E_ttxCT4R4AaABAg,@rosedade3182,Welllll Kdot Did drop the Album.....,1,0,2024-11-30T02:17:10Z,2024-11-30T02:17:10Z
UgzMbnVUlUHWSWBnmGF4AaABAg,@loafovthread,"""I'm way too famous"" will be used against him later on BOOK IT

He just implicated himself",2,0,2024-05-07T01:52:42Z,2024-05-07T01:52:42Z
UgzrCsCmp07nQVFhlO14AaABAg,@simonasam1,Drake is full of it!!! and this was a full on explanation not a diss rebuttal,0,0,2024-05-07T00:03:34Z,2024-05-07T00:03:34Z
UgzupPqeASKhwox5IS14AaABAg,@julianwaters7192,Fire reaction man 🔥,0,0,2024-05-06T23:27:08Z,2024-05-06T23:27:08Z
UgwCaQwgfbqjla_8lGp4AaABAg,@managementrebel2,Glad I’m not the only one who found that ” it feeds your nature” bar a bit sus 😅,0,0,2024-05-07T03:42:14Z,2024-05-07T03:42:14Z
Ugy_GEIM_JbcI0uvD994AaABAg,@edibledoctor423,😂😂😂😂 yall wild 🍿,0,0,2024-05-07T00:00:03Z,2024-05-07T00:00:03Z
UgyvwfrY19r4gJKgng54AaABAg,@LuminøusXDMC,"Everybody knows if you're not guilty of something the first thing you should say is ""Oh yeah? Prove it""",1,0,2025-09-04T02:22:25Z,2025-09-04T02:22:25Z
UgwrxfM5VbogFHJV1M54AaABAg,@edwawa3077,Loool man catching them prison bars😭,0,0,2024-05-07T05:00:46Z,2024-05-07T05:00:46Z
UgzyGRmur50KlGjDs-J4AaABAg,@RonStewee,Drake fights back and punches himself in the face😅😅😅😅,2,0,2026-05-04T21:37:33Z,2026-05-04T21:37:33Z
UgzErIfmpUsfJZIPhct4AaABAg,@itsjustus.itsjustlove,"Edit: I paused and typed this right before you mentioned it lol, im new here, but im excited to check out your breakdown of that song. Im so glad ypu mentioned all of that, a lot of people misquote him on that song

Also, to touch on the song drake is referring to about Kendrick being ab.sed as a child is called Mother I Sober. If you pay attention to the lyrics, hes not saying that he was ab.sed. Hes saying that his mother was when she was a child. She asked him if someone had done something to hime when he was 5 years old. He told her no, but because of what she went through herself, she didn't believe him. Hes saying that because of her he ended up questioning it himself and as he got older, he started sleeping around and it became like an addiction. He talks about his and Whitney's relationship being toxic, cheating on her and coming home to find her gone, etc. Its a lot to explain, but the song is worth the listen",0,0,2024-05-08T02:22:42Z,2024-05-08T02:30:52Z
UgyLLAk0zhj_tTeOAvR4AaABAg,@Kylepmx90,"Thought you left D Flat, D Made yaa",1,0,2024-05-06T22:06:52Z,2024-05-06T22:06:52Z
UgwnTqaYr4_DhYzmAJJ4AaABAg,@ccfffvbbbbbffg1774,The fucking triple take at the 'too famous' rebuttal is hilarious lmao,0,0,2024-05-07T19:58:39Z,2024-05-07T19:58:39Z
UgyeWY3_vNdGd8KvTd94AaABAg,@qasagod,"you missed this one

Thought you left D Flat, 'D Made Ya' - a reference to how he brought Kendrick up",1,0,2024-05-15T11:31:02Z,2024-05-15T11:31:02Z
UgzlC3hUqGcbYmJsdDV4AaABAg,@sethwatkins5909,You should react to Drake's Ghost writer dissing him,1,0,2024-05-07T09:34:47Z,2024-05-07T09:34:47Z
UgwXtJIqwUE8LaH2MXJ4AaABAg,@Beefbreakdown-kv7pj,This guy is amazing,0,0,2024-05-08T20:04:45Z,2024-05-08T20:04:45Z
UgyavusK4UFQlpTiKMl4AaABAg,@PuddleOfEmotion,18:54 I wish you had then clipped to a cut of Colleen balinger with the ukulele,0,0,2024-07-31T12:37:35Z,2024-07-31T12:37:35Z
UgxQe9IBZGcI6twEDzR4AaABAg,@stuyouth4742,Feels like a death note episode lmao and drake being light,0,0,2024-05-07T00:44:21Z,2024-05-07T00:44:21Z
UgzIZcnj5vA1nfLsTjB4AaABAg,@Painofthechosen,I like to imagine drake crammed into a little panic room at a desk quickly scribbling down his own lyrics clearly the ghostbusters came oVo,0,0,2024-08-01T01:59:15Z,2024-08-01T01:59:15Z
Ugx0kdP48B_biDKBB7N4AaABAg,@ItsSereneLife,"Somehow after not like us i never checked the drake response because according to me kdot won the beef, but today i thought to see this breakdown just for perspective, i like how knox always keeps his mind open and points out when its misdirection. Also i was shocked when i heard drake say he is too famous and rich to be into the predator thing. That line itself is so wrong when we know about so many famous people involved in this. So his take on this just confirms his ego is on another level, no wonder law suit and stuff is going on. I believe some day the receipts might come out from kdot or someone else’s side. But thanks knox man this was worth the watch for me.",2,0,2025-03-18T15:20:12Z,2025-03-18T15:20:12Z
UgxwjiSOGcbg-xxjm494AaABAg,@StreamKArt,"the ""i'm too famous"" line sounds even more tone deaf when you remember that just before that he mentioned Epstein. that plus the victim blaming as well as completely misinterpreting the song he got that idea from is wild.
you also didn't point out a couple of things like the ""why is Whitney not denying the allegations"" when 1) whether she says smth or not it can be thrown back at Kendrick, cause if she did deny he can say ""oh, she's denying it cause she's scared of the abuse and he made her say nothing's happening."" and 2) she likely just wants to stay out of this mess, which that's Kendrick's main reason for going as far as he did. he warned him not to bring his family into it for a reason
the ""why is she following Dave Free and not Mr. Morale"" uh, maybe cause they live together? as pictures on Whitney's insta look like NYC and not LA. if they don't still likely still interact. hell, there's not much to follow, he barely posts, he doesn't follow anyone we know he likes his privacy and to stay offline, why is it so surprising that he wants to keep his interactions with his family and friends private too? and that's not to mention the ""you haven't seen your kids in 6 months"" and the ""you beat your girl"" contradiction. is Kendrick actively harming his fiancé or is he absent? sounds more like projection to me. besides, Dave isn't following her either, smh
as for the cover showing Dave's post, is it really so hard to believe that he's showing love and support for his best friends family?
also, the ""the people that fed you the info are clowns"" only to say ""my guys fed you information""  bro's contradicting himself again, like, which is it? did you plan this? are the people behind the info dumb? or is it both? cause it just sounds like he's calling his crew stupid while acting like the mastermind, lmao
on that note, the entire ""i planned all this"" angle felt like a huge ""no u"" on his end, and where are the recites for that? Kendrick has his as the cover of meet the gramms. he has shown no evidence for anything, while Kendrick has several, and the internet in general has more. he practically repeated everything Kendrick said he did to Drake. and if he was ahead of Kendrick, why was Kendrick on top of everything, knew what he was going to say that he had three songs released within 24 hours, one of which released 20 minutes after one of Drake's and still addresses a couple things in it. hell, you can take out the daughter section of meet the gramms and he's still screwed. he really set Kendrick up to have him make a banger that all the clubs are gonna play calling him and his buddies predators? that's not the W he thinks it is-
and this is all shit i've picked up as someone who has only just got back into hiphop and rap because of this battle in near 14 years and the brief research and explanations i've seen from several angles of this. there's just too much on Kendrick's side for me to believe anything Drake says, on top of the fact that Drake is known to lie about damn near everything",2,0,2024-06-20T18:51:26Z,2024-06-20T18:52:13Z
UgxODE1ecCt9XiSRipt4AaABAg,@BlueLagoonPoetry,Great analysis.,1,0,2024-05-06T23:35:11Z,2024-05-06T23:35:11Z
Ugwh7vT4Ahglf1C9PTJ4AaABAg,@psychopathic.pyromancer,“HUH!?” took me out 😂,0,0,2024-06-10T03:48:42Z,2024-06-10T03:48:42Z
Ugz4FHUsVv4wSNFyruR4AaABAg,@conniecarpenter7634,You’re the best!,0,0,2024-06-10T06:39:31Z,2024-06-10T06:39:31Z
UgwpGaE6E9XKj9FumrR4AaABAg,@JG-gd2fu,Knox cmon man.,0,0,2024-06-09T01:47:03Z,2024-06-09T01:47:03Z
UgzPIoosq262Vruudmp4AaABAg,@hectorcamacho8168,ghost writers werent involved on this one lol,1,0,2024-05-07T05:34:17Z,2024-05-07T05:34:17Z
UgwQgxnngrh7kfYK3DJ4AaABAg,@husler1999,Only the goat of breaking down these bars can turn a four minute diss into a 36 minute education!!!!,0,0,2024-05-06T23:10:50Z,2024-05-06T23:10:50Z
Ugy1LZoazzM5pj41wZ94AaABAg,@tommurphy4770,Knox when you getting on BBL drizzy beat 😂,0,0,2024-05-07T17:12:17Z,2024-05-07T17:12:17Z
Ugx6LNNZPJTaLhNSRIp4AaABAg,@ryankimbell8762,"'The ones feeding you information are all clowns'
3 bars later: 'we fed you the information'
Wut???",1,0,2024-05-06T23:04:38Z,2024-05-06T23:04:38Z
UgyhB9c-HK7UPGz8EhR4AaABAg,@Neicywoods,"Just found your channel & subscribed when you called out the bars. Some reactors are missing this. Even ppl are missing the point, yes famous ppl got arrested. Drake has gotten caught doing some sus stuff. However, it took many, many years for those to be arrested and convicted.",0,0,2024-11-30T19:57:09Z,2024-11-30T19:57:09Z
UgwsKoZivvldW2jZzm54AaABAg,@stevebrown8163,Thank you,0,0,2024-05-07T08:22:15Z,2024-05-07T08:22:15Z
UgxswuCZnh9PQ4pU7fJ4AaABAg,@IIINUUniverse,I'm convinced that this response is the only one Drake wrote himself. The others were all ghostwriters.,1,0,2024-05-06T22:23:47Z,2024-05-06T22:23:47Z
Ugz144IY8poC3kdt9MR4AaABAg,@_CRUMP_,29:22 this part was FIRE,0,0,2024-05-08T04:05:43Z,2024-05-08T04:06:01Z
UgxbVeSskK-4x_hPYxN4AaABAg,@risiwilkerson,3:36 the only thing he was dialed in was Mr morale album skim thru it like he said 😂😂😂😂,0,0,2024-05-08T05:43:36Z,2024-05-08T05:43:36Z
UgxeZmtlTug2ZRSt_dh4AaABAg,@KaybeeLFC,Knox Mind is Over imaginative🤣😂🤣 Is The Rapper in Him I guess,1,0,2024-05-29T09:20:21Z,2024-05-29T09:20:21Z
UgxlWmld45gGOC96tnB4AaABAg,@xolaningubane3014,Watching Drake's lies unravel reminds of the line why calculate you're not as calculating,0,0,2024-05-13T18:54:44Z,2024-05-13T18:54:44Z
Ugz0GS2-mQQccD_aIRJ4AaABAg,@introdeity,Knox I would love to hear you Rap over the #BBLDrizzy beat from metro,1,0,2024-05-07T01:57:06Z,2024-05-07T01:57:06Z
UgzkHpDVK0IAhA3Sw554AaABAg,@JohnnySolRaven,Even Knox knows Drake being like I am too famous to do that shit is wild lol. He like no no no Drake 😂,0,0,2024-05-28T20:05:33Z,2024-05-28T20:05:33Z
Ugx2kRiKWIQvosOQGHx4AaABAg,@Nix-nb3zn,How do you get the bars so quickly? This guy is built different,0,0,2024-05-07T01:30:26Z,2024-05-07T01:30:26Z
Ugw0ZtbHvOasUVXP9Oh4AaABAg,@joeldunn5397,Drizzy🔥,0,0,2024-05-06T23:47:51Z,2024-05-06T23:47:51Z
UgzkIA_nzUV0s4B7NBp4AaABAg,@A.N.T916,"my nigga just listen, he says “this is not the message clearly theres a deeper meaning”",0,0,2024-05-07T06:36:58Z,2024-05-07T06:36:58Z
UgwlUxcc55cJeMBhYER4AaABAg,@JordanLester-h8d,“I will leave you like that one flight from Malaysia” Drake to Kendrick “I will make you disappear.” (Another signature of hell’s angels). Suddenly more evidence in the “drake has gang/hell’s angels ties”,0,0,2024-05-23T16:19:20Z,2024-05-23T16:19:20Z
UgzvKANGFqTHcSqlFnx4AaABAg,@TheJrl420,This was a crazy dud. He should've tapped out before releasing this shit,1,0,2024-05-10T22:29:18Z,2024-05-10T22:29:18Z
Ugwez_bnnS0lm-5m_Rx4AaABAg,@careybryantjr.5024,"Don't get ""pissed"" about it😅😂😂😂😂😂😂😂😂😂😂, no pun needed but it stands out. Sean Kelly",0,0,2024-05-08T20:37:57Z,2024-05-08T20:37:57Z
UgzjaVxElCCcETI7Ezd4AaABAg,@artbykoa,"""WHY DID YOU DO THAT?!?"" Yup! Even Knox knew he put the nail in his own coffin. #ripdrizzydiddler",0,0,2024-05-06T23:33:25Z,2024-05-06T23:33:25Z
UgxJDzfTTjNiTG0o9JZ4AaABAg,@gabriellujan2348,Drake is being put under the microscope 🔬,0,0,2024-05-07T04:07:20Z,2024-05-07T04:07:20Z
UgwvHW5E3vNa4pMxkkx4AaABAg,@slayer1833,People bout to start calling him P. Drizzy,0,0,2024-05-07T04:06:31Z,2024-05-07T04:06:31Z
UgwrX3eVNPEz3vZCCZV4AaABAg,@kori2169,"oh thank god, someone who called the bs.",0,0,2024-05-11T00:09:29Z,2024-05-11T00:09:29Z
UgyYxitPXQFgENyUW0B4AaABAg,@jessepowell8267,When Drake said he would dance to that west coast beat if it didn’t state what it did. Reminds me of when Em told Ja you’d bump this ish to if we didn’t diss you on it. Not a good look.,1,0,2024-05-06T22:26:19Z,2024-05-06T22:26:19Z
Ugxe9H9w5dCpyNuBNkt4AaABAg,@benjaminalexander5778,Now that the weekend is over can we get Knox to drop a verse on the BBL Drizzy beat???,0,0,2024-05-06T22:08:58Z,2024-05-06T22:08:58Z
Ugz4kcM5HR89PpyQZd94AaABAg,@randallarismendez2121,Was hoping you wouldn't KH Certify this one🤣,0,0,2024-05-07T07:02:11Z,2024-05-07T07:02:11Z
UgxIWeBKMECYx1QyG6h4AaABAg,@connorjeans6592,drake cooked himself on this,1,0,2025-03-24T07:40:23Z,2025-03-24T07:40:23Z
Ugw5B_IrrCo9GSvp4lR4AaABAg,@lidiadonofrio-saieh7703,"What's also interesting is that Drake too the title The Heart Part 6 which fits well that he's from ""The 6ix"" (Toronto) and now Kendrick can't continue. He'll have to jump to The Heart Part 7.",0,0,2024-07-31T01:52:46Z,2024-07-31T01:52:46Z
Ugy9Yh_c3d3XUwpSOHZ4AaABAg,@MrBait362,That is the only thing Drake could say at this moment. And him giving up prove it,0,0,2024-05-07T02:10:09Z,2024-05-07T02:10:09Z
UgzIpaDs-dm60YArC1V4AaABAg,@ReliableSource5,"If I set this up, the receipts would have been my cover art, not a comment that beats a dead horse.",1,0,2024-05-06T23:28:17Z,2024-05-06T23:28:17Z
UgyZqqhoZ4hx74KjauB4AaABAg,@Keith-rp2bt,"We need more of this drake, rather than the mainstream",0,0,2024-05-07T22:42:09Z,2024-05-07T22:42:09Z
UgxohKR5yR0ETRXznhd4AaABAg,@akalac987,"Maaan, I love your brakedowns, I will purchase your merch just so you can buy the new cam that is not dying on you 😂
Keep up the good work, greetings from a twin father from Croatia! 🙏",3,0,2024-05-06T22:05:00Z,2024-05-06T22:05:00Z
UgwCKfkQTYVHf_2U7VV4AaABAg,@tyshadixon4630,Great breakdown so glad I found your channel❤! This doss track is horrible...flat! Team Kendrick,0,0,2024-07-30T10:55:58Z,2024-07-30T10:55:58Z
UgyNKtZEEg_vvTCKKbx4AaABAg,@frankray2359,Everybody you named got locked up,0,0,2024-05-07T02:45:41Z,2024-05-07T02:45:41Z
UgxvPGKvGB3emBO6rep4AaABAg,@FrankLeo-tz4nj,Drake vs kendrick keep goin guys,0,0,2024-05-10T17:53:39Z,2024-05-10T17:53:39Z
UgwzU2mAqQTVZry141l4AaABAg,@sjsflyer33,I hope Kendrick drops.,1,0,2024-05-06T22:42:09Z,2024-05-06T22:42:09Z
UgxFFmiRLKE2uBYJb-d4AaABAg,@409CJ,"""Hey! Hey! Hey! Hey! That's my biiiii!""

Don't feed his nature.😂😂😂",0,0,2025-04-03T12:28:48Z,2025-04-03T12:28:48Z
Ugwf-jYwR1_ZGLW82RB4AaABAg,@AnimeClipFarm,"this is the 7th reaction I've seen, I'm fucking tired",0,0,2024-05-07T03:19:23Z,2024-05-07T03:19:23Z
UgzMSxlzP1p0afqYc614AaABAg,@michaelpalma6346,“Hast makes waste” I always say,0,0,2024-05-06T23:37:15Z,2024-05-06T23:37:15Z
UgzfRkuxjiKHSlxA3nl4AaABAg,@BamBOOTwoOhhFive,"Bruh started the sentence with if, Dave free line, that’s major",0,0,2024-05-17T05:52:10Z,2024-05-17T05:52:10Z
UgzfpBjWF6-x5MyPOqp4AaABAg,@Slippery_D,16:33 😂😂😂 that's what I said,0,0,2024-09-16T10:30:02Z,2024-09-16T10:30:02Z
UgzAg7NknXD9KeMnqi94AaABAg,@x_tasty_x1909,B Sharp is just different name for A minor,1,0,2024-05-07T18:47:30Z,2024-05-07T18:47:30Z
Ugx2Dqa0_cVAuUPMohZ4AaABAg,@drax1526,Dawg shot himself in the foot the whole time.,1,0,2024-05-11T23:10:10Z,2024-05-11T23:10:10Z
Ugz03Z_YiggA3OhX7v14AaABAg,@thegodblocc6896,Bro we know what this shit means. Just let us listen 👂🏾,0,0,2024-05-09T21:50:27Z,2024-05-09T21:50:27Z
UgwyXzQ8xBFKsY2dHnh4AaABAg,@MitsuGravity,MY REBUTTAL GAME CRAZY!!!,0,0,2024-05-07T13:41:26Z,2024-05-07T13:41:26Z
UgwwFuy9yuEXuz2RrDd4AaABAg,@santoroy2120,"sup drake, i know you're watching",0,0,2024-05-07T01:37:06Z,2024-05-07T01:37:06Z
UgxlIjY210og2vsivKV4AaABAg,@younggod3906,Mother Ahh 😂😂,1,0,2024-09-23T18:51:04Z,2024-09-23T18:51:04Z
Ugya3xkuKDSaVbnafY54AaABAg,@SS6teeen,3:04 what does he mean by rick ross got his pulitizer prize from eminem,0,0,2024-05-06T22:48:12Z,2024-05-06T22:48:12Z
UgwfASeQfmq84NqoxJ14AaABAg,@AlbertThatcher,Funny when drake says the people that fed kdot info is clowns then proceeds to say drake fed him the info. Lyric genius,0,0,2024-05-09T21:05:58Z,2024-05-09T21:05:58Z
UgwbjVxoCQzqafBIza14AaABAg,@19airaz,"I'm really surprised that most other reactors didn't have the same response to the ""I'm too famous..."" line. I guess goes to show how many supporters he has. Idk 🫤",0,0,2024-05-13T08:08:47Z,2024-05-13T08:08:47Z
UgxwETWwgSbNAN8pj994AaABAg,@theresawilder2222,Tell him!!!,0,0,2024-05-08T02:47:00Z,2024-05-08T02:47:00Z
Ugy4ww7LbvcTsEvpu-N4AaABAg,@Deztheone808,29:48 bars 😂😂😂,0,0,2024-05-06T22:15:44Z,2024-05-06T22:15:44Z
UgwTvEwGChDs3ER6tbR4AaABAg,@Skux720,"""Good exercise? You didn't need that for your abs"" 😂😂",0,0,2024-05-07T00:06:25Z,2024-05-07T00:06:25Z
Ugz151gAHwqQmmu5H5R4AaABAg,@scythe4277,“We all know what happened in the R. Kelley situation…. Don’t get pissed about it” 💦 😂,0,0,2024-05-06T23:50:51Z,2024-05-06T23:50:51Z
UgytUsjLhlAo19vbOaV4AaABAg,@masibulelempuqa815,"Dot tricked n fall for it , n his fans says he winning damn 😂😂😂",1,0,2024-05-07T10:46:25Z,2024-05-07T10:46:25Z
UgwSYmgn8ErItc0UVoV4AaABAg,@kostaadin8927,"This felt more like ""Knox Hill - No longer Certified"" for Drake",0,0,2024-07-30T22:42:25Z,2024-07-30T22:42:25Z
UgzqcCop9PGF87NxMRJ4AaABAg,@LivingLeeEUC,"Lil bro really said ""Well if I'm lying then why aren't my pants on fire""",0,0,2024-05-07T00:01:33Z,2024-05-07T00:01:33Z
UgzVcsPHOeLizhFQ8od4AaABAg,@marcostojakovic9853,"Aged like fine wine. 
Drake: The CLOWNS you get info from…
Also drake: we feed you information 🤡
Drake: too famous to be a predator (diddy?)
Drake: you got molested, you said that on your song 
Also Drake: didn’t even get the song mother I sober because Kendrick didn’t get molested, what he said
Drake: why your girl doesn’t follow you on ig",2,0,2024-12-05T03:11:33Z,2024-12-05T03:11:33Z
UgzNK-YGN0EJtsmrphN4AaABAg,@KittyKiss8002,I love how you can just _see_ the confusion in Knox's face when Drake says Kendrick got molested.,0,0,2025-03-23T15:53:51Z,2025-03-23T15:53:51Z
UgwRvPfkKv8D_4SU6KV4AaABAg,@Lordxsindo,How do I get a reaction from this guy or any reactors on here,0,0,2024-05-08T06:55:36Z,2024-05-08T06:55:36Z
Ugz3jzlYstiIFPKJXLZ4AaABAg,@TheGraveyardSniper,Hasn’t the kids mom been saying she’s Drakes kid but he denies it,1,0,2024-05-07T01:55:06Z,2024-05-07T01:55:06Z
UgxUS35CoXRZQuve4fR4AaABAg,@justnolawe3889,This is 'Drakes fall anthem',0,0,2024-05-07T20:13:01Z,2024-05-07T20:13:01Z
UgwJXzeeeHCYbIsxdPB4AaABAg,@Philly300,kendrick is supposed to drop a album sometime this month,0,0,2024-05-11T04:22:31Z,2024-05-11T04:22:31Z
Ugz-hRFFXlDx-jx2ZgZ4AaABAg,@marypittman6150,Yeah man love kennick.,0,0,2025-05-05T04:45:15Z,2025-05-05T04:45:15Z
Ugw9YHzeqgVrZSdLC7J4AaABAg,@nomadicmic9588,"Your reaction to the ""fucking young girls"" line was my exact reaction. Bad move, Drake",0,0,2024-05-07T00:43:59Z,2024-05-07T00:43:59Z
UgyX5E4W4blVlrjmSLN4AaABAg,@Betterthanoutliers,"Just FYI, kendrick removed the copyright claims from all the reaction channels. So you can now monetize these videos and earn some money ❤",1,0,2024-05-07T09:43:11Z,2024-05-07T09:43:11Z
Ugwd2a_fwE54l9AqQ4t4AaABAg,@baileyjones1854,J. Cole never loses lmao,1,0,2024-05-06T22:32:18Z,2024-05-06T22:32:18Z
UgzyhmCl9ti16BH02UJ4AaABAg,@Hansen_Isaiah,This is what happens when Drake has to write his own lyrics. 😬16:16,1,0,2024-05-07T10:34:58Z,2024-05-07T10:36:10Z
UgxTeSgVnlpXBn5eu3R4AaABAg,@Daniel_E.H,One of my biggest issues with this song is how he keeps contradicting himself yet people are acting like this is a really good diss track. One of the bigger contradictions is how he says at everyone who Kendrick believed when they were telling the stories are all clowns but I fed you all the information. So regardless he's saying that he himself and his crew are the clowns for giving him the information he believed but it was also all the setup so he is just manipulating the entire situation for good. There's so many things in this song that he did that just invade him sound like a dumbass.,2,0,2024-07-20T12:27:41Z,2024-07-20T12:27:41Z
UgydnMo4EAU4op_U8g54AaABAg,@wowdez,gotta make your opinon on whos winning!,0,0,2024-05-07T02:28:43Z,2024-05-07T02:28:43Z
Ugza5QuMIm7VpBdpozh4AaABAg,@idmann17,Is this really Knox Hill certified?,0,0,2024-05-07T03:50:04Z,2024-05-07T03:50:04Z
UgyD_PzTE8fKvrZwxl94AaABAg,@Delvotron_,Come on knox wtf 😂😂😂,0,0,2024-05-06T22:49:53Z,2024-05-06T22:49:53Z
UgxsJ5ArlmtYFgh2K4J4AaABAg,@Zerfoking,"Just gotta quote Kendrick from Euphoria 
“But don't tell no lie about me and I won't tell truths 'bout you”",0,0,2026-08-20T14:59:25Z,2026-08-20T14:59:25Z
UgySTGVcuJ34pwBDl6l4AaABAg,@Prokopyo2020,"After hearing this breakdown, no wonder why Kdot isn't dropping a reply. It's not worth it they're just laughing right now at the studio.",0,0,2024-05-07T03:20:08Z,2024-05-07T03:20:08Z
UgyEIiz79ZCcc0taJsF4AaABAg,@FH1MIKEYBARSLOW,"Let's see who loves Hip-Hop, Talent, & #FACTS For all TRENDING LIST VULTURES (aka 9 out of 10 rappers out here) & the industry that puts POPULARITY over TALENT & RESPECT FOR THE CULTURE!",0,1,2024-05-07T02:59:55Z,2024-05-07T02:59:55Z
UgxjftOLIglIfHgWHdt4AaABAg,@athulshetty1838,"​[01:08] – [02:18]: He listens to the opening of the track, reacting to the 1090 Jake name-drop and the ""master manipulator"" bars with nods and facial expressions.
​[03:45] – [03:59]: A short burst of reacting to the ""lines tapped"" and ""paperwork"" bars.
​[06:21] – [06:42]: He listens and reacts to Drake claiming he ""fed"" Kendrick the fake information about an 11-year-old daughter.
​[09:02] – [09:21]: Reacting to the Whitney and Dave Free allegations.
​[10:52] – [11:46]: Listening and reacting to the ""Mother I"" flip and the pedophile allegations.
​[12:47] – [13:00]: Reacting to the Tik Tok/garden speculation lines.
​[13:46] – [14:02]: Listening to the ""Mother I"" connection and ""so depressing"" bars.
​[15:24] – [16:11]: Reacting to the ""Touch My Body"" and ""underage"" denial lines.
​[21:55] – [22:12]: Reacting to the ""breeding resentment"" and sex offender list bars.
​[23:25] – [24:02]: Listening to the musical theory/minor key wordplay.
​[24:34] – [25:15]: Reacting to the Rick Ross/Malaysia flight and Millie Bobby Brown lines.
​[31:47] – [32:08]: Reacting to the Fantasia/Whitney ""hit your back"" closing lines.
​[32:56] – [33:20]: Listening to the final spoken word outro about ""finessing"" the story.",0,0,2026-02-22T19:35:00Z,2026-02-22T19:35:00Z
Ugy0Mqcdjey-m92EJMp4AaABAg,@aaronasamonye8494,It’s just so Dad how people choose on how they react to certain thing Drake says in comparison to Kendrick,0,0,2025-11-30T11:27:43Z,2025-11-30T11:27:43Z
Ugw5EoDEbIDiBG94yNh4AaABAg,@itsjustus.itsjustlove,Sza did say that Drake reminded her of Regina George from Mean Girls lol,0,0,2024-05-08T02:07:26Z,2024-05-08T02:07:26Z
UgywrGBGXZ9e-V8AQZF4AaABAg,@elvatoloco214,Is this on your Spotify?,0,0,2024-05-07T16:01:27Z,2024-05-07T16:01:27Z
UgzVHBgcNJAje6ngir94AaABAg,@leesooha1,Can you please react to seventeen new album or the title maestro I need your explanation about it,0,0,2024-05-07T16:42:07Z,2024-05-07T16:42:07Z
UgxPrgQC8PyeNSbyoAd4AaABAg,@SimSetSoPalestine,Rick Ross & Malaysia 🤔,0,0,2024-05-07T04:34:40Z,2024-05-07T04:34:40Z
UgyGzHw-JKZ6ONfrVJJ4AaABAg,@trickshotsmoviesandcubing2317,Surprised Knox missed the contradiction about the fake info,0,0,2025-04-23T01:33:48Z,2025-04-23T01:33:48Z
UgwXcNZ65qruXt8lfZV4AaABAg,@Tactical_chocolate,EDP lol😂😂😂,0,0,2024-05-07T05:42:29Z,2024-05-07T05:42:29Z
UgxX7zoCVtYbPCoT1mx4AaABAg,@600makaveli,32:32 💀💀 you didn't need that for your abs,0,0,2024-07-08T07:17:50Z,2024-07-08T07:17:50Z
UgwatlT2J86wyeZkDDp4AaABAg,@joeconroy8297,Crazy stuff happening at drakes house i hope its not fake newsor to do with this beef goin on,0,0,2024-05-07T14:29:04Z,2024-05-07T14:29:04Z
UgzEp6a4qIHS9iJrDYJ4AaABAg,@L-S-D-333,“Why did you do that” the most important thing anyone needs to say to drake 😂,0,0,2024-05-09T15:28:57Z,2024-05-09T15:28:57Z
UgzVkJKPh6osiMEy-Et4AaABAg,@Dom.Professor,You gotta react to Dave - Lesley and Dave - Psycho 🤘 Pretty pleaseeeeeeee,0,0,2024-05-07T15:31:11Z,2024-05-07T15:31:11Z
Ugw6kTKrqYP3E8W5-HZ4AaABAg,@CharlesKennedy-v2b,Yes Drake did a physical threat in this diss 😢 I'm 🙏 for Kendrick to stay safe in God's name,2,0,2024-07-25T13:44:53Z,2024-07-25T13:44:53Z
Ugzxol59jiNvZnmc2-h4AaABAg,@internetCafe2.0,It’s crazy how he said the people Kendrick got his information from are clowns but then proceeds to say the he baited Kendrick with info 😂 bro called himself a clown,1,0,2024-05-07T17:29:15Z,2024-05-07T17:29:15Z
UgyAvNuw71U0MRiLU8N4AaABAg,@0Heeroyuy01,"scrolling comment seen on the side bar that aba and preach are reacting to a vidoe called drakes long history of being into underaged girls, ima paus you knox and watch that first as it might have some context to it.
edit:
i watched the other video and it makes some good points, drake follows high school girls sports, he dated 1 girl who was 18 and knew her for 4 years prior etc etc",0,0,2024-05-07T05:15:57Z,2024-05-07T05:41:06Z
UgysFytVJq7zZOC5lZB4AaABAg,@cjaypaz9842,Get the pen working? Lol yeah them ghostwriters must have muscles like Incredible Hulk,0,0,2024-07-31T18:13:51Z,2024-07-31T18:13:51Z
Ugyhe78v1vsXVDCwCIx4AaABAg,@fallenangel_1941,32:34 🤣🤣,0,0,2024-12-05T08:13:51Z,2024-12-05T08:13:51Z
Ugzd3CFtobEQa8-yTvl4AaABAg,@gsoat888,“ D Major” = D made ya,0,0,2024-05-17T20:33:39Z,2024-05-17T20:33:39Z
UgzCzr1lUmUHKAFyInZ4AaABAg,@ChiCity1024,"""Don't get pissed about it""",0,0,2024-05-06T23:17:29Z,2024-05-06T23:17:29Z
Ugy6OfrK9U-zE-jMS9Z4AaABAg,@popcorn-perspectives,Been working so much OT that the camera keeps dying lmao,0,0,2024-05-07T10:09:37Z,2024-05-07T10:09:37Z
Ugx1-jfXQvHCQLQSXEF4AaABAg,@dsenart,"Why don't you just plug your camera into the wall so it doesn't die every video lol? or why don't your batteries last 30 minutes? You got your camera from Wish? lol :) Love the videos, I don't know the culture like you do so getting the connections help a lot!",0,0,2024-05-08T11:35:19Z,2024-05-08T11:35:19Z
UgzYfYQ8MmZYe5zPMqt4AaABAg,@yodabe882,The cover art to The Heart part 6 should have been a pic of Cheddar from 8 Mile. He shot himself in the leg on this one.,0,0,2024-05-07T12:15:57Z,2024-05-07T12:15:57Z
UgzJem6e94sCrHMjutd4AaABAg,@adarivera9519,Kendrick didnt give us a club record he gave us an Anthem.,0,0,2024-06-23T02:45:41Z,2024-06-23T02:55:10Z
UgwdleKo9CngXRPh1b14AaABAg,@str0wns109,I love tik tok 😂😂,1,0,2024-05-07T21:00:10Z,2024-05-07T21:00:10Z
UgyxpeqL8mgFCc8ZRmx4AaABAg,@MsRecee,This the only track Drake wrote by himself.,1,0,2024-07-25T16:49:33Z,2024-07-25T16:49:33Z
UgxRGYK3oo2Hyx4Tl-p4AaABAg,@TellitLikeitIs214,This don’t sound shit like a victory lap track he lyin 😂,0,0,2024-05-06T22:36:37Z,2024-05-06T22:36:37Z
Ugy71E5MnyfKOc2O4TJ4AaABAg,@ootvtoo6677,why doesn't anybody get the mother I three times? it's a third person view,1,0,2024-06-10T22:10:01Z,2024-06-10T22:10:01Z
UgwS_ALfQxaH8B6v6Ox4AaABAg,@JeffVoris-nw2od,This looks like some receipts for Kendricks diss to be true,0,0,2024-05-07T13:27:18Z,2024-05-07T13:27:18Z
UgxQwRtxj9ayuQCfsjB4AaABAg,@chrisg6986,No one is ever too famous clearly,0,0,2024-05-07T01:24:17Z,2024-05-07T01:24:17Z
UgxwA6QdJCQP-tFkojF4AaABAg,@ARCHITEKNIQUESTUDIO,"I had to jump in because you said that drake needs to have proof of the set up on kendrick, but he did give proof with kendrick admitting that he received that information and put it in the song when he was firing multiple times at drake",0,0,2024-05-07T02:44:19Z,2024-05-07T02:44:19Z
UgwBG3LzP3S4HZHM3cN4AaABAg,@ryandodds6957,Hey Knox I don't know if anyone told you but apparently kept lifted copyright so rectors can claim their videos to get paid.,1,1,2024-05-07T00:20:54Z,2024-05-07T00:20:54Z
UgznAGrDqOrUFWJPfIR4AaABAg,@regib1992,Kendrick is fighting the Illuminati at this,0,0,2024-05-07T00:19:41Z,2024-05-07T00:20:06Z
UgyTLsBAJr0BSh5n2A94AaABAg,@anthoneynevera8680,You just proved his point by listing all those names 😂😂,0,0,2024-05-08T03:13:13Z,2024-05-08T03:13:13Z
UgwCoFiZgCcfxSioWjJ4AaABAg,@mediatedstorm,Didn't Drake sample a RKelly song?,1,0,2024-05-07T11:17:49Z,2024-05-07T11:17:49Z
Ugy-sceRmxB-raUt9Yd4AaABAg,@Gremlin412,"So in this song drake said show receipts of him with young girls ok
Check out tisa tells she pull up so many on him plus he like high school girls basketball he wanted receipts now he got em ☠️☠️☠️☠️",0,0,2024-05-07T05:19:46Z,2024-05-07T05:19:46Z
Ugyt1-sZqV2NR3_Jn794AaABAg,@theshinjiitsu,"I have a couple more issues with this track. Besides what you mentioned- Drake mentioning Millie Bobby brown was just completely unnecessary. No one mentioned her and it just made people remember the weird situation that occurred. Secondly “I’d never look twice at no teenager” when there’s video proof of this man kissing and saying sexual things to a 17 year old after he knew she was 17, no point to even say that at all. Lastly, saying he doesn’t care about the streaming data is a complete lie, we all know he flexes the streaming and numbers all over every track the past 5 years. The people you getting your information from are all clowns, then the very next few bars he says he planted the information….WHAT?! also WHY TF WOULD YOU EXPECT AN EPSTEIN ANGLE??? (Side note: him saying Kendrick finally dropped a song he could dance to just shows he completely misunderstands this battle. shit isnt a hit record battle or a dance battle)",3,0,2024-06-05T20:14:32Z,2024-06-05T20:16:14Z
UgxC8kVpmVS9WSGI8CJ4AaABAg,@FrancisAbeelen,#Algoboost,0,0,2024-05-07T01:56:09Z,2024-05-07T01:56:09Z
UgzoiuCJgWSCQ_Ggtk94AaABAg,@nightshadeii9248,"Nah cuh. This man made a whole damn video about a VAN, but couldn’t be bothered to document himself doing this master ‘gotcha’ plan. In fact he could’ve posted it like “Gotcha MFer” immediately on IG after Kenny dropped Grahams. But nope…waited 3 days and 2 whole ahh disstracks later to say something… 😂",0,0,2024-05-07T01:20:31Z,2024-05-07T01:20:31Z
Ugylrl5ynRdFuJ2KHJd4AaABAg,@Jay-Janus,Is it fighting back when he bowed out?,0,0,2024-05-07T15:15:41Z,2024-05-07T15:15:41Z
UgyRBTURhir3VN0buD94AaABAg,@jSymone181,17:06 😭😭😭,0,0,2024-05-30T22:28:32Z,2024-05-30T22:28:32Z
UgwCnze2Mj70_Tb14SN4AaABAg,@JuanPena-d7h,Drake needs to call it quits,0,0,2024-05-06T22:36:47Z,2024-05-06T22:36:47Z
Ugx1hIU2tiyjwfSi2b54AaABAg,@diehardurban,He's trying to block😅😅😅,0,0,2024-05-07T07:22:42Z,2024-05-07T07:22:42Z
Ugxno6h9JyvwcYYi6iV4AaABAg,@JRawThaDon,34:51 also The Heart Part 6 and Drake is from the 6 aka 6ix God. That’s a hella coincidence,0,0,2024-05-07T07:57:35Z,2024-05-07T07:57:35Z
Ugw7rEzM0cRDfCRsOIJ4AaABAg,@Blazntrax81,Drake gave us 2 bangers bruh,0,0,2024-05-07T19:25:08Z,2024-05-07T19:25:08Z
UgzrKiJmzTGphAl4uQR4AaABAg,@The96civicrider,Wow 1090 Jake being talked on first few bars was unexpected,0,0,2024-05-09T00:27:22Z,2024-05-09T00:27:22Z
Ugzt_rcNZE3n5pv7ih94AaABAg,@douglasmusukwajr7182,Am I the only one who looks forward to the sexy chicken 🐔🍗 pic whenever Knox drops a 30 minutes video 😂😝,0,1,2024-05-16T14:50:20Z,2024-05-16T14:50:20Z
UgzWp1C7_gWkxLtV5zd4AaABAg,@craigell,"@KnoxHill I just wanted to point out some things and you can agree or disagree 

1) i think this is a clear white flag but if you notice every song before this drake took jabs at ross, weeknd, metro etc. This is the only song where he's speaking directly to kendrick (other than the rick ross air) so the white flag is only to one person. 

2) despite waving a white flag drake couldn't help take a few jabs at kendrick before going out, like ending on the note that (Mr. Morale) hits back literally 

3) drake is feeding into his own ego on the track. if we go back to his other songs where he's stated that all of these other artists have hit records because of him as a feature, here he's doing the same thing saying that thanks to him, k dot has gotten millions of views on these diss tracks 

4) a mistake that he made in his rebuttal of the pedo claims is ""drake is not a name you goin to see on no sex offender list""... but you might see Aubrey 

5) all throughout the back and forth drake has been trolling kendrick online etc. could it be that the ""im famous..."" line is also a troll. It's been an excuse used by every famous person and I think he was using it intentionally here.",1,0,2024-05-08T16:16:40Z,2024-05-08T16:16:40Z
UgxjAlUdJf5Mt5vnZuJ4AaABAg,@Whereyahidin,29:22 😂😂😂😂😂😂😂😂😂😂,0,0,2024-06-27T11:20:49Z,2024-06-27T11:20:49Z
Ugzfxyq8hcA76CB578F4AaABAg,@rosedade3182,Damn Kdot standing on business 4 R Kelly..,0,0,2024-11-30T02:19:32Z,2024-11-30T02:19:32Z
UgyRNQP4fQFNkkTe-n94AaABAg,@BurgersBlitzesandBanter,"""My jacket is covered in medals, honor and decoration"" 

This is what the jacket line means. He is saying his reputation is infallible and he has the achievements to backup what he's saying. 

jacket

Prison file containing all information on a prisoner or also can mean their reputation. Prisoners can put false jackets on other prisoners to discredit them.
""He's a child molester, it's in his jacket""",0,0,2024-05-06T22:43:58Z,2024-05-06T22:43:58Z
UgwV1vseUr7CEp98vmN4AaABAg,@Jonathan_GT,Please get on the BBL Drizzy beat with the same energy from this reaction lol.,0,0,2024-05-07T10:51:43Z,2024-05-07T10:52:17Z
UgxFa1iB-kXDIBKFf1F4AaABAg,@gmalone1969,"I agree, that is a terrible defense.  Shaggy needs to write a new song - It Wasn't Me, I'm too Famous!",0,0,2024-05-07T14:17:08Z,2024-05-07T14:17:08Z
UgzoXFSOX_mRp7CnY8d4AaABAg,@mwlammbi2650,He Decided to write the last himself good on Drake,0,0,2024-05-07T13:29:53Z,2024-05-07T13:29:53Z
UgwWzaXRqjcaVco9V4Z4AaABAg,@lonewol_loner09mahalangmga94,Anyone realize how Drake didn't even drop any namesy he didn't even mention any of his crew or was not trying to defend anyone like a part of him so what kind of just really shows cuz you know anyone else would be like a name-dropping be like this is who I hang with this is the people I hang with right but Drake didn't mention anyone that Kendrick called out so kind of just shows right there that like if Drake did mention these people it wouldn't end good for him,0,0,2024-05-07T01:56:09Z,2024-05-07T01:56:09Z
Ugxr-mzgUpaxYc0_H394AaABAg,@jordanfry5138,"This breakdown is really strong, and it does lay out why this response failed for Drake much better than any of the more recent breakdowns do. 
Now it's about the fact that Drake definitely lied on Kendrick with the wife beating stuff, which is a terrible look, but even if you weren't aware of that side of it there's still the rough (and fairly publicized) Mother I misunderstanding that leads into a really awful amount of mockery about the idea of Kendrick being a victim, and the bad defense from Drake. Add on that most of his smaller accusations, aka the ones that haven't been torn to shreds since then, are basically just ""no you"" responses to Kendrick and I see why this was the last song, cause who the hell needs to respond to something this weak.",1,0,2024-08-14T08:06:28Z,2024-08-14T08:06:28Z
UgzuarZtZKFOMd5coSp4AaABAg,@Prolowg-zw5dk,u guys check the lyrics Drake dissed himself.💯💯,1,0,2024-05-06T22:46:50Z,2024-05-06T22:46:50Z
Ugz0Dki-jzGShX23FzF4AaABAg,@CriPPleR_HD,"New to the channel, been enjoying your content but quick question. Does every Bar breakdown get a Knox Certified? With everything you said and just the very sloppy nature of the song I can’t see this being certified. 🤷🏽‍♂️",0,0,2024-05-07T00:41:09Z,2024-05-07T00:41:09Z
Ugxwh7zL7xBSr9hgrpd4AaABAg,@Honolulu_Blue_42,I hope Drake gave Dr. Seuss writing credits on this.,0,0,2024-05-06T22:32:24Z,2024-05-06T22:32:24Z
Ugxlv7clA0YPWgeuqa94AaABAg,@Knottyandy,"Just want to add that Kendrick mentions Harvey W. In his track, and then drake goes and miss quotes Kendrick in this one by saying Jeffrey Ep. Which I think is worse personally, cause with Ep. There were for sure underage girls and trafficking, Harvey was also horrible but it doesn’t seem like he trafficked girls. He opened his mouth and dug his grave further",1,0,2025-02-14T15:46:17Z,2025-02-14T15:46:17Z
UgzqxiOHqi_ovJklh4d4AaABAg,@clovers.,29:45 das a bar,0,0,2024-05-07T17:43:40Z,2024-05-07T17:43:40Z
UgwaBkFa1ojZlbSliYB4AaABAg,@minininja8972,Kendrick smiling like the one time he played a crackhead after he saw how much ammo he got off this 😂,0,0,2024-05-06T22:32:03Z,2024-05-06T22:32:03Z
Ugz-uiGHg-4rOsaeC594AaABAg,@funkyshakespeare6122,"Is anyone surprised that Drake doesn't understand or know how to interpret Kendrick's songs ?
From a lyrical standpoint, this felt like Coleen Hoover trying to surpass Toni Morrison 😅",1,0,2024-08-04T08:03:03Z,2024-08-04T08:05:21Z
Ugzly1oyYKSesdOK9HJ4AaABAg,@itz_kyle12,Honestly kendricks lyrics are killing it but hes gotta know that what he released elevated this from bars to bullets. Obviously not advocating that but you cant say what he said (true or not) and feel safe walking.,0,0,2024-05-27T08:53:54Z,2024-05-27T08:53:54Z
UgxaeOd9c4bfs8_vSC14AaABAg,@CatSkillCold,Check out BBL DRIZZY by METRO BOOMIN😂😂😂😂,0,0,2024-05-06T22:10:48Z,2024-05-06T22:10:48Z
UgzBiJpMcCvtJ24md2V4AaABAg,@adiiplayzzzz,"Drake :  The person who gave you the info is clown.

Also Drake : I feed you that info.",0,0,2024-05-06T22:38:42Z,2024-05-06T22:38:42Z
UgzsoaTXPCWezjeEZ_N4AaABAg,@WaltersIsWhite,D major is an entendre. D made ya,0,0,2024-05-07T00:34:47Z,2024-05-07T00:34:47Z
UgxH5LIeVxqg5UX3jgZ4AaABAg,@Kyle-v12Se,did kendrick not tell us that whitney left him on mr morale?,0,0,2024-05-07T05:02:43Z,2024-05-07T05:02:43Z
UgxSDAVC9kwOKmL_t8R4AaABAg,@breandondon8451,"Also drake :""i'd do it"" at millie bobby brown podcast",0,0,2024-05-07T10:17:21Z,2024-05-07T10:17:21Z
UgwyPoxQ6WhFdbmzK3R4AaABAg,@garnikhakobyan5786,"Kendrick is the one who said that Drake has another kid, so it is up to him to proove it. He can't just lie and his fans make him go away with it",0,0,2024-05-06T22:54:38Z,2024-05-06T22:54:38Z
Ugy6-n1LjCaXAAI6cSp4AaABAg,@bdoubleu6,If I was Drake I’d take that metro bbl drizzy beat and make a hit,1,0,2024-05-07T09:23:03Z,2024-05-07T09:23:03Z
Ugz6aMuL9WiaHxoUZI14AaABAg,@ja9145,"I appreciate that you didnt say B# doesnt exist lol.  You still said most people call it C though.  Most people dont even know note names.  The only people that would call a B# a C is people that dabble with instruments without ever learning about music for real.  Calling the 7th note in a C# major scale a C natural is entirely wrong, it doesnt matter what people who dont know think.",0,0,2024-06-29T09:21:03Z,2024-06-29T09:21:03Z
UgzfJQ0txul_JTxaM-J4AaABAg,@LunarArtsGaming,I love that drake says he gave Kendrick the info then says the ones you getting the story from is all clowns 😂😂😂,0,0,2026-02-20T19:33:20Z,2026-02-20T19:33:20Z
Ugw1daT2NmHAkJBc7AR4AaABAg,@Merv_in_revolt,Watch Drake say that was AI 🤣😂🤣 how he gonna say he’s too famous to get arrested?!?! What the what!?!?,1,0,2024-05-07T03:00:48Z,2024-05-07T03:03:15Z
UgyoZNoPn645pTXozah4AaABAg,@jeltherkseptjr7789,"Of course you will never see your name on a list, because you have to be smart Drake! Trust me your making Kendrick 👑 point your one is them they hide your minors until you get to big and need to be replaced. I'm just saying what the culture feeling❤❤❤🤜🏾🤛🏾🙌🏾🙌🏾💯💯💯💯",0,0,2024-07-10T05:35:30Z,2024-07-10T05:35:30Z
Ugxujf0h55ZcrrZDAhx4AaABAg,@kingshaheem,17:25 - Yeah I agree with @KnoxHill that's not a defense!! He even gives examples 🤦🏿‍♂️...Drake done Cheddar Bob'd himself with that line smh,0,0,2024-05-07T19:48:12Z,2024-05-07T19:48:12Z
UgxalNfRZULf9RpxD694AaABAg,@RontaeMurray,I just past this link about drakes daughter I just seen,0,0,2024-05-06T23:50:19Z,2024-05-06T23:50:19Z
Ugx3yFiYM0PhDJPi4Ut4AaABAg,@angellab-c1690,Just one Freudian slip after another,0,0,2024-05-21T00:13:41Z,2024-05-21T00:13:41Z
UgxzfCBlYGjKcl8DP0J4AaABAg,@just_pierre4728,“Drake’s not a name that you’ll see on a list” sure but Aubrey Graham gon be there tho,0,0,2024-05-07T11:55:45Z,2024-05-07T11:55:45Z
UgxC9P4CHUOmoFp-DYl4AaABAg,@YoungHoustonNative,17:35 in drakes defense he's much more famous than all those guys.,0,0,2024-05-09T20:29:36Z,2024-05-09T20:29:36Z
UgzhZMYMFnJlPbQyKTx4AaABAg,@mytro4278,Let not play like you haven’t seen the video of drake kissing the underage girl on stage even after she told him. That was fucking crazy it’s done. The war is won if you ask me because the perception of drake with the video circulating online. Drake needs to back up and figure his shit seriously,1,0,2024-05-07T02:31:08Z,2024-05-07T02:31:08Z
UgxQ7rhUOVG4NlW3eCx4AaABAg,@Vik8a,He should have said if I’m what you say I am why would all of these rappers be mad at me over women that loved me more than?,0,0,2024-05-07T21:18:59Z,2024-05-07T21:18:59Z
UgyS7gDyIEpZEhXDOSl4AaABAg,@damelalana,kendrick has been crickets.,0,0,2024-05-07T01:00:32Z,2024-05-07T01:00:32Z
Ugz9sDaQrrs1epn45nF4AaABAg,@HoundxOfxJustice,"The only proper reaction to ""Im too famous""",0,0,2024-05-06T22:29:49Z,2024-05-06T22:29:49Z
UgwQmZ5XMdwzVBuKpyN4AaABAg,@paulmandella9372,Lyt did aight,0,0,2024-05-07T10:11:04Z,2024-05-07T10:11:04Z
UgziLJtPW1pgRP-EN5V4AaABAg,@AaronGuywamablacklabel,React to Himothy - Jay Rox ft Umusepela Chile please,0,0,2024-05-08T09:02:27Z,2024-05-08T09:02:27Z
Ugxt_uoO6SonmeaPK1B4AaABAg,@Egg-n3d,"B# is just natural C. Youd think one of the ""goats"" would know music theory",0,0,2025-01-23T11:46:40Z,2025-01-23T11:46:40Z
UgxJIuIY63m8UANP4yh4AaABAg,@Bdavis2475,Drake is still playing. Kendrick is out for blood,0,0,2024-05-08T15:33:23Z,2024-05-08T15:33:23Z
UgywmFygtVN7dW_dglV4AaABAg,@ChristinaHaughton,DRAKE ETHERED KENDRINCE 1NCE AGAIN,0,0,2024-05-07T03:41:57Z,2024-05-07T03:41:57Z
Ugy6ECQruRZcvx9MIUh4AaABAg,@JustForShow510,"Nobody caught this?... ""The ones you're getting your stories from are all clowns"".. then says ""We fed you the information"" 😂.. clearly he didn't think this through 😂",1,0,2024-05-07T10:24:39Z,2024-05-07T10:24:39Z
UgzDl4YlTWGr2BN_gTp4AaABAg,@zekefuentess,6 god on the heart part 6,0,0,2024-10-13T21:53:18Z,2024-10-13T21:53:18Z
UgyJusYxaWinBa4mKu54AaABAg,@lungi8424,"Why does it feel like this man's writters lined him up, his bars needed more time on the stove.",0,0,2024-05-06T23:05:45Z,2024-05-06T23:05:45Z
UgzIAiivyPV5cpSF1dZ4AaABAg,@gavinstarke1184,"Someone is gonna pop one of their accounts, and that shit gonna be disclosed to the whole world. Ima say that shit🤔  internet doesn't fuck around when it comes to that pdf file, G. Kenny already got him at his stomach for that sheeeeeesh",0,0,2024-05-06T22:33:55Z,2024-05-06T22:33:55Z
UgzIzAjuZ_9pbfj974R4AaABAg,@christianroman5048,So this is how drake raps with no ghost writers,0,1,2024-05-07T04:42:09Z,2024-05-07T04:42:09Z
UgxuUM-9yixDho2E6nN4AaABAg,@tonyfortune346,I think Drakes whole point was to show the type of person Kendrick is behind that facade that all his superfans can't seem to see through. What kind of man  throw this kind of smut on another mans name with no evidence to back up his claims. You publicly call someone a pedo and a snitch and then don't back any of it up and just leave it at that? Where im from if you make those kinf of allegations against someone you better have the paperwork to prove it within 48 hours you gotta take whats coming to you. Regardless that shouldn't be something you throw around without making sure its 100% true but leads to the other issue is all these people either love Kendrick so much they just run with whatever he says without any proof or theh hate Drake so much they just run with it without any proof.,2,0,2024-05-06T22:17:34Z,2024-05-06T22:18:02Z
UgySslPuOMf5yieNPjl4AaABAg,@NikiLee-i5w,Knox they found drakes kid,0,0,2024-05-08T21:25:25Z,2024-05-08T21:25:25Z
UgzvwYHHrQgPI3aLuCN4AaABAg,@KingsleyWinks,"y’all noticed these 2 lines are on the same track, and only a couple bars away from each other lmao
1: The ones that you're gettin' your stories from, they all clowns
2: We plotted for a week and then we fed you the information 😂",0,0,2024-05-07T04:14:05Z,2024-05-07T04:14:05Z
Ugy9IMrBwIBQ8AVxDOd4AaABAg,@50BoyWard,Drake is sayin show me evidence 4 the daughter but cant show evidence for kendrick beatin his wife,2,1,2024-05-07T01:52:48Z,2024-05-07T01:52:48Z
UgxfI470cQgS7XdBdHl4AaABAg,@TheHighNerd,You tried to leave d flat but d made ya (d major),0,0,2025-09-18T18:20:23Z,2025-09-18T18:20:23Z
Ugyu75_vupBdCLram4B4AaABAg,@lokstatre,6:58 exactly my point ive tried to make before..like come on drake of all ppl mister petty if he did feed the info and all that than he obviously would have proof but he didnt so in my opinion he was spittin out his ass 🤷🏾‍♂️..plus its been debunked with the video of all of drakes items 😂,0,0,2024-06-09T05:50:55Z,2024-06-09T05:50:55Z
Ugy06V54tXxrFFf30bt4AaABAg,@Toad9599,"""High school pics, you was even bad then...""-Nice for what-Drake who also said the Epstien comparisons aren't true. I don't kinda weird to find high school age girls weird but whatever.",0,0,2024-05-07T13:09:55Z,2024-05-07T13:09:55Z
UgxFca3In1IRwaYbqiV4AaABAg,@Jesse-oj5yy,Tisa tells on YouTube found the receipts kids,0,0,2024-05-06T23:58:22Z,2024-05-06T23:58:22Z
UgzCRHLbFfaCkkwrczJ4AaABAg,@sjtre3806,"""you're getting information from clowns"" to ""i fed you the information"".... LMAO Drake=Clown",1,0,2024-05-06T22:18:43Z,2024-05-06T22:18:43Z
Ugx96dJSn0TzAC0ft2l4AaABAg,@Official_Arista,Kdot a genius... he checkmated Drake on meet the grahams... He was saying either Drake is hiding an 11yr old daughter or because Adonis is 7 this year and if drake hiding a daughter by the time Adonis is 18yrs old that daughter will be 11yrs old.,2,4,2024-05-06T23:31:28Z,2024-05-06T23:31:28Z
UgziwbawOaptU0CYZQV4AaABAg,@bigopp7380,Nobody has ever came out about drake except for Kendrick,0,1,2024-05-08T14:22:23Z,2024-05-08T14:31:58Z
UgzhioZz5iHWXGF2vUF4AaABAg,@ShamalMurrayClips,It doesn’t matter if it was Kendrick or his mom though ngl cause it still would make him hung up on the topic like Drake says,0,0,2024-05-07T00:03:06Z,2024-05-07T00:03:06Z
UgzN9h3E_1qRxxP_klR4AaABAg,@Domthgreat,"I agree with you that Drake took a bad angle with the “too famous” shit but the examples of famous pedos aren’t good ones. R Kelly and Bill Cosby was before the social media era, Epstein wasn’t a public figure; more of a background character. Weinstein although well known in the film industry isn’t in the limelight going on the road, doing shows etc. Still not a good move though and you’re right I think it was the pressure of responding quickly remembering how crazy that weekend was. In terms of the Mother I flip, I don’t think Drake misinterpreted the bars. I think he was reviving Kendricks trauma of how they didn’t believe him when he was younger. So I really don’t think he’s being literal, it’s pushing it back in his face like his family members were back then. 

It’s the same way I don’t think Kendrick made an error with the Joel Osteen bar, I think that was intentional as well. Both artists are too smart to make that kinda mistake in the battle. Would love your take on the Mother I flip that I suggested.",1,0,2024-07-15T05:38:57Z,2024-07-15T05:38:57Z
UgzFArUKrp7bsKhVWJx4AaABAg,@suesee4855,"Is he really saying he set Kenderick up? Who is their right mind would plant pedo stuff about themself just to say prove it? Did I get that right?? 
As always Knox, you're the best at breaking down the bars. Much love ❤️ Sue",0,0,2024-05-06T23:17:12Z,2024-05-06T23:17:12Z
Ugy9CmKGke_Ct2Gu2wV4AaABAg,@JorgeRodriguez-qs1wz,"""We need to make a song about not diddling kids!""😂😂😂😂",0,0,2024-05-07T00:08:16Z,2024-05-07T00:08:16Z
UgzHKKpl0ZmB9sNAToR4AaABAg,@bobbyrakim,"I just went back after a year and watched the heart PT 6 by drake what I missed in the 1st watch was that he said the information you are getting are coming from clowns then 4bars ltr he's saying it's drake and OVO that are giving him the information about the kid to me drake was all over the place on this track,raise the white flag crodie.",0,0,2025-05-14T09:25:35Z,2025-05-14T09:25:35Z
UgzvzQzOS2wS9WUeGqh4AaABAg,@GraveyardTV,K BOT 😂😂😂 ITS FACTS NOW . K BOT,0,0,2024-07-16T09:36:04Z,2024-07-16T09:36:04Z
UgwZ-EizJVOimVoxzqN4AaABAg,@FINXainarskrastins,"""I'm too famous for this shit"" I think he meant it as like he has too much on the line to even think about it, which is the most positive way to look at it, which still isn't a good way to say it. I mean I see the the intent to dismiss it, but I guess yeah, could've been worded better.",0,0,2024-05-07T22:09:28Z,2024-05-07T22:09:28Z
UgzBbp0YRfr3epWAQIN4AaABAg,@jayproductions5322,the mother I bar i think is bc in the song kendrick says no one believes him when he said he didn’t get SA’d so i think drake is just bugging him with it,0,0,2024-05-08T03:22:06Z,2024-05-08T03:22:06Z
Ugze2Em8BtE-tH_fToh4AaABAg,@baileyjones1854,He is the rap karl malone,0,0,2024-05-06T22:36:46Z,2024-05-06T22:36:46Z
UgxZM7yE4y77u3yqWjx4AaABAg,@chrisbuxton7790,The rap battle is finished. Both did their thing (except this track),0,0,2024-05-06T23:29:02Z,2024-05-06T23:29:02Z
Ugw0LTPETlV3PzdZUE14AaABAg,@devinclement3597,This response is going to age like milk,0,0,2024-05-09T13:16:00Z,2024-05-09T13:16:00Z
UgxBmyFKYNd-bmVYb354AaABAg,@dunc4n88rulez,"Drake & Kendrick diss tracks

Eminem holds his head in his hands in disappointment while shady bangs his head against a wall",0,0,2024-05-06T22:41:40Z,2024-05-06T22:41:40Z
Ugz62_2YfhDRE8Bz3qF4AaABAg,@jasonlillis3437,Some of his ghostwriters must have called in sick that day.,0,0,2024-05-06T22:16:36Z,2024-05-06T22:16:36Z
Ugy-ly81m2m0vYGq5aR4AaABAg,@edgybarbie77,"So people really think Drake planted info he a pdf file??? Why that of all things???  It would be pretty easy to prove if true.

Nah, people not falling for this unless they are little kids or slow.

Drake couldn't even bother to rap on beat either.  His flow & the beat fighting each other.",1,0,2024-05-07T00:30:39Z,2024-05-07T00:32:54Z
UgydKleHvnuLpHlDIhp4AaABAg,@yona77X,"“ If I was messing with young girls I promise you I’ll be arrested I’m too famous for this ish you just suggested”

😬😬😬 That line alone is sus.",0,0,2024-05-07T08:52:36Z,2024-05-07T08:52:36Z
UgzzP4Aa9gfmaP8vtAR4AaABAg,@jigmatchetso1690,Please next react on stray kids (magaverse) please please,0,0,2024-05-07T14:16:55Z,2024-05-07T14:16:55Z
UgxEue6rX22Ej2RECAV4AaABAg,@zipperdragongaming,"So he is everything Kendrick said he was, an actor, a fake thug, liar, master manipulator we knew most of it but it was called out and proven true",1,0,2024-05-09T18:41:35Z,2024-05-09T18:41:35Z
UgxxJBb6QrawtRgksat4AaABAg,@CodyTull5,"I find it odd that one line Drake talks about he should stop buying Bot Views and then the next line says ""i don't give a fuck about your stream data""",0,0,2024-05-06T22:54:46Z,2024-05-06T22:54:46Z
UgxHWIZo24u3clUDDtt4AaABAg,@ScanCruiser,"Anyone who does an all-track bar4bar, might be very surprised who won 🏆",0,0,2024-05-07T12:53:22Z,2024-05-07T12:53:22Z
UgzbYd51wOS9wQ42UKp4AaABAg,@LowBattery10Percent,How samples of this that’s not “prove it”,0,0,2024-07-14T09:01:55Z,2024-07-14T09:01:55Z
Ugw-nChHGxVECvMhy1F4AaABAg,@johnnybird3949,Your being bias on this one Knox!,0,0,2024-05-08T00:50:06Z,2024-05-08T00:50:06Z
Ugx4iKXWrV3ETj5dkmt4AaABAg,@MysteryReactions42,"Yeah the 2 famous line was the worst thing he could have said.  Just deny and leave it at that, can not believe He or his team thought that was a good approach",1,0,2024-05-10T02:09:45Z,2024-05-10T02:09:45Z
Ugz0PUvLwPSofLh-cQB4AaABAg,@dadidy8493,"The Beef might be done, but the nightmare just started for drake, he not safe from bein cancelled at this point😂😂.",0,0,2024-05-07T12:46:32Z,2024-05-07T12:46:32Z
UgxtAyPPAgTudenJ97x4AaABAg,@hirwv,"Wb Drake's bars:
""whoever told you info is a clown""
few bars later
"" We did it ""
As if Drake's ghostwriters couldn't make their mind.",0,0,2024-05-07T13:50:02Z,2024-05-07T13:50:02Z
UgydwILv5Oyo_zk0r_R4AaABAg,@risiwilkerson,I think u should even watch ur reaction back u can debunk this whole song with one song,0,0,2024-05-08T05:39:54Z,2024-05-08T05:39:54Z
Ugz6BXu7Clawsz13E3t4AaABAg,@NjabuloShivambu,Wasn't it X's music that was gonna get pulled,0,0,2024-05-07T04:11:41Z,2024-05-07T04:11:41Z
UgzxUOyzcoC9NxCUOjt4AaABAg,@iMatterNow,"If he had fed all the information and then in Taylor made suggested what KDOT should come back with, why was he not more prepared for his next track? I would have thought he would have been ready to go almost immediately with solid rebuttals and be more on the attack. But he sounds on the defence and then throws in the towel.  I just listened to this but I still felt the need to share my thoughts.",0,0,2025-04-02T12:29:07Z,2025-04-02T12:29:07Z
UgzsxBD4PRpBbITnaSZ4AaABAg,@afreload,Titk Tok 😂😂😂,0,0,2024-05-07T00:55:15Z,2024-05-07T00:55:15Z
UgwUUGk6-B78hUHUqvN4AaABAg,@robertm275,"someone please listen kendrick  lamar mother i sober  ,drake got his info from lol",0,0,2024-05-07T01:33:01Z,2024-05-07T01:33:01Z
Ugy9LXd0RswyLK6PXrp4AaABAg,@csmith63,"I was going back through a lot of the reactor videos working on some anniversary content and thought I'd come back to those add reflective depth, not as a critic of your content just to be clear! The biggest issue isn't whether or not a biological daughter exists or was a set up. After all, we know from legal leaks on matters there was a point when he started adding his own ""special sauce"" that SOMEBODY with his pen game set to some fun parody about the choices of it being a terrible choice of having to use hot mustard to beat the paternity cases when lying down with OVHoes or just beat it (HINT, HINT Knox Hill)!!! Yet the verses on the ""daddy"" issues also are a way to speak about that with a little of that ""delicacy"" in case it does intersect with something real down the line while raising the issue of the things you SHOULD be doing with girls (Disney bad ass ice princesses/queens AND times tables, no stereotypes) not just as grooming until they get out of the LEGAL gray zone but so they're mature and ready for whatever they want to do as young women when it should be their healthy expressions as far as defining themselves and exploring the world of choices instead of trapped in that cycle of ""daddy"" issues champagne papi has no doubt seen up close with porn stars and OVHoes! At the same time, though, you have to respect Pusha T; apparently fact checking somehow just entered the room instead of savage disrespect exaggerating the things that make you go ""hmmm"" that is a natural part of battle rap. I hope it gets tossed into the free speech incineration of all that is Drake, but it has exposed how much he belonged in the category of ""how many big gas do you know like this always sayin' that they ridin' but they really turn bitchh? It don't make sense; either you're a soldier from the start or an actor with a record deal tryin' to play a part--LIKE THAT"" (to quote ""Paparazzi"" and the immortal words of Xzibit, another battle rapper saved by music from full Crop affiliation in gang life he was ready to be about that life completely but instead just threw down as a banger for the house that Dre built and the whole family tree, including if you came at Em or 50 because they always fought back to back.",0,0,2025-04-12T16:17:25Z,2025-04-12T16:17:25Z
Ugxr_ci2j_CqtaBCS1l4AaABAg,@itsjustus.itsjustlove,"Whitney and Kendrick never followed each other on instagram. He doesnt post on social media, his team posts on his behalf and its only ever promos",0,0,2024-05-08T02:14:49Z,2024-05-08T02:14:49Z
Ugz_Y77n8URvTPyZ1Hx4AaABAg,@eldawg2742,Drake might not win but hes earned respect  💯  going toe 2 toe,0,0,2024-05-07T09:35:47Z,2024-05-07T09:35:47Z
UgzlGeEzyOOqRK01c5l4AaABAg,@hotfishnchips90,Drake should have said I’ve got way to many haters that want to see me fall to not be arrested if it was true,0,0,2024-05-07T00:36:55Z,2024-05-07T00:36:55Z
Ugz0VSDSjo-Wzj6Kt8h4AaABAg,@szabo858,If Kendrick is lying about Drake being a predator couldn’t Drake sue him for that? I feel like that’s the best way to clear your name over that kind of allegation. Otherwise people have that thought now regardless.,1,0,2024-05-07T14:56:29Z,2024-05-07T14:56:29Z
UgyM931Gs38knGaPx_F4AaABAg,@oulaw3429,The fact that he said he’s too famous to do anything that Kendrick said is hilarious. One of his ghost writers is being fired on god,0,0,2024-05-06T22:55:02Z,2024-05-06T22:55:02Z
UgzwEW2iyYf5gJS5H1N4AaABAg,@j-robspoketalk8054,As always I love the discussion about the song. But I think this was decent for Drake but like you said idk if he took the right angle on some of this stuff. And he left to much room from Kendrick to come back on this one.,0,0,2024-05-07T00:14:23Z,2024-05-07T00:14:23Z
UgyA1RqdFZiX-K7XHWx4AaABAg,@martinkauko5742,16:48  his to famous... if he was doing that shiii people would know about bro,0,0,2026-01-27T21:52:29Z,2026-01-27T21:52:29Z
UgyNVRYhycY6tRlv4w54AaABAg,@FNSCAR-H7.62,"Imagine that , a 14 year old Millie Bobby Brown being DM by Drake with advices bout boys and then she couldn’t answer to the interviewer what are the advices … Shiieeeeeet",0,0,2024-05-07T04:52:25Z,2024-05-07T04:52:25Z
UgxTJGbYjyaXI11yNu94AaABAg,@tugalo7740,That  disappointment's😅,0,0,2024-05-12T18:06:33Z,2024-05-12T18:06:33Z
UgzmM9E-qwg9olH6HgV4AaABAg,@amyaeschbach3581,Didn’t know how much I needed to hear this song again after so many years!  Thanks ❤,0,1,2024-05-08T09:31:54Z,2024-05-08T09:31:54Z
UgyyyAaq7J8LZ5N7O9h4AaABAg,@Foehammer_RM,"The ""I'm too famous to be a paedophile"" angle is so insane",0,0,2024-06-24T23:07:39Z,2024-06-24T23:07:39Z
UgykdouVjH0b5jxMGfZ4AaABAg,@kliphers,Drake😢,0,0,2024-05-07T01:11:10Z,2024-05-07T01:11:10Z
UgwxeyXEaY4wjrPAcMl4AaABAg,@Mike-oc6vs,"Btw am I right to say, saying

""The ones that you're getting your stories from, they all clowns""

Then saying ""We plotted for a week, and then we fed you the information""

is contradictory? or is he saying the first line about something else.",0,0,2024-05-12T12:47:21Z,2024-05-12T12:47:21Z
UgwROZCFoq-EWcLL7Sl4AaABAg,@MatteoBuk,"16:50, didnt he say ""but thats not the lesson""? like saying he is to famous for that is weird, but i feel like he brushed it off cuz he knew it sounded weird or i dont know. English is not my first language so it might sound worse to english natives.",0,0,2025-08-04T00:37:24Z,2025-08-04T00:37:24Z
UgwI5MRXEDZ6vm31RpR4AaABAg,@justsmith3423,It's so over for Drake.,0,0,2024-05-07T06:47:54Z,2024-05-07T06:47:54Z
Ugw5Jpz7WyL5nbkRLPt4AaABAg,@munyadziwamaungedzo6221,"At this point Kendrick should realease his next song with the title ""Certified Boogeyman""",0,0,2024-05-07T09:50:55Z,2024-05-07T09:50:55Z
UgyV1D6muTuUz90i7iV4AaABAg,@Dezzyyx,"Kendrick bots logic: They literally said before he explained it that if he didn't explain it that made him guilty, and called him wild for not explaining himself. ""Silence says it all"". Then he explains, and now he lost because he explained. Bruh just say he lost because you hate him, and nothing could change that. These sheep man.",2,1,2024-05-07T17:30:20Z,2024-05-07T17:55:48Z
UgzpqkTAK4AbwnfCtFl4AaABAg,@VongoliaPrimo,I hate how everyone brings up the I’m too famous line then names all the famous people who got caught persecuted proving the point that famous people are getting caught,0,0,2024-05-07T14:01:40Z,2024-05-07T14:01:40Z
UgzayqmKvRWkywblmf54AaABAg,@jhakquezyx,bbl drizzy really wanted the bars and wanted to catch them all since this song might really throw him in bars,0,0,2024-05-11T19:19:25Z,2024-05-11T19:19:25Z
Ugwcdp3c2bzubGN__9x4AaABAg,@debbielesley1523,You getting paid for your overtime Kendrick removed all copyright claims according to no life shaq. Yall all gonna make a good pay day. Thanks for your dedication boss,0,0,2024-05-07T10:47:16Z,2024-05-07T10:47:16Z
UgzlCiBX5Rim8P6kio54AaABAg,@Mrflow1231,Ditty,0,0,2025-02-18T00:55:08Z,2025-02-18T00:55:08Z
Ugyb7TfYZIZaeTctMC14AaABAg,@JoannWhite-sr9in,Kendrick  face timed his kids,0,0,2024-06-01T20:04:13Z,2024-06-01T20:04:13Z
Ugw3kEftBsAAYLCje1h4AaABAg,@bradleyallen627,"It’s really not that terrible of a defense. The lime light has never been as big as what it is now, with social media and every one having access to a smart phone. 

Probably a big reason why more and more of these celebrities are getting caught now. 

Was it the best route to take.. no, but not as ridiculous as it’s being made out to be.",0,0,2024-05-07T02:12:20Z,2024-05-07T02:12:20Z
UgxnQkPtsMyTFclweyF4AaABAg,@Shaggyswrld999,Bruh how tf anyone believe anything he says after “you got your info from a clown” and then a bar later “we plotted for a week and fed you the information”😂😂😂 this mf is absolutely spiraling 😂😂😂,3,2,2024-09-04T11:54:19Z,2024-09-04T11:54:19Z
Ugzbsoyh3y4mpIi_FE94AaABAg,@ajjoe2353,bbl drizzy,0,0,2024-05-07T07:06:15Z,2024-05-07T07:06:15Z
UgzSk9plpU5E0wKtY_x4AaABAg,@rodelite6129,D Major = D made ya,0,0,2024-05-07T00:39:22Z,2024-05-07T00:39:22Z
Ugz5fXkQu1VIXzWBH3R4AaABAg,@MistrChocolate,He took these angle because after Family Matters… he thought he had a mic drop and sent the ghostwriters on vacation.,0,1,2024-05-07T02:49:39Z,2024-05-07T02:49:39Z
Ugzvc8llGyMj2Brdfxh4AaABAg,@hiphopanimated,Drake heard a fan make up the fact that Drake's team fed Kendrick fails information so he ran with it,0,0,2024-05-07T10:15:17Z,2024-05-07T10:15:17Z
UgzDGb4HjsXkovZTtKp4AaABAg,@DisclosureTV1,Yes. He is gonna try to harm that dude,0,0,2024-05-06T22:32:21Z,2024-05-06T22:32:21Z
UgwyaPEQVjahdgV4rgt4AaABAg,@Ev9291win,I thought that the daughter that’s eleven was the girl from stranger things.,0,0,2024-05-14T14:08:54Z,2024-05-14T14:08:54Z
UgyVZ0DIxJeoVAXzqZ54AaABAg,@CaDaMa1437,"No he said ""d made ya""",0,0,2024-10-28T06:27:44Z,2024-10-28T06:27:44Z
UgyYCumSa_Ko1vE5xy14AaABAg,@wowoshell,That’s EXACTLY what a True Predator would say!!!  He doesn’t sound disgusted  to me!!  He’s lying.  We’ll see if Drake’s name comes up on a Sexual Predator’s List  or Not…,0,0,2024-05-07T07:38:08Z,2024-05-07T07:38:08Z
UgyGhj7VlubLC8a3IQV4AaABAg,@OsirisAmadeus1,The Dad who wrote a reply to Meet the Grahams is hilarious! https://youtu.be/1mB1nPqg4eA,1,0,2024-05-06T23:34:52Z,2024-05-06T23:34:52Z
Ugx7k0elYVLsPIUKLLZ4AaABAg,@livelovelifefoundation7,Dot lawyer funny how everyone a lawyer but dot speak facts lmao,0,0,2024-05-08T03:08:00Z,2024-05-08T03:08:00Z
UgzQpVMWU3mP4ndGjUh4AaABAg,@atlf-treme,Cap.. they already found the little girl and her mama ain’t denying it,1,0,2024-05-06T22:13:51Z,2024-05-06T22:13:51Z
UgxkS5DD1wHeT0pnPTV4AaABAg,@kungfukenny7973,this a suicide note if u think about it enough,0,0,2024-05-07T13:22:27Z,2024-05-07T13:22:27Z
Ugw3HmiwERHfZ-BvCg54AaABAg,@SameEnergyReview,"""Well, you didnt need that for your abs."" 😂😂😂
Can you PLEASE let Kendrick quote this, if he does keep pounding on Drake...No Diddy. Lol",0,0,2024-05-07T11:43:58Z,2024-05-07T11:43:58Z
UgzZqW3Sl2CRanAO4CJ4AaABAg,@thecanaanite,"This is a defense song this is not a rap beef, And rap beef you don't make a song defending yourself, You let that s*** slide and you make a song about them. I guess in Canada it's a little different",1,0,2024-05-12T16:46:56Z,2024-05-12T16:46:56Z
UgxSDzU5h8DQyCMZUil4AaABAg,@WaltersIsWhite,Not only the Aretha Franklin sample but Drake sampled the bbldrizzy beat metro boomin dropped on Twitter lmfaoooo. Dudes trolling like crazy,0,0,2024-05-07T00:09:59Z,2024-05-07T00:09:59Z
UgwfGwkjMvqunA15W_N4AaABAg,@JthreeTV,"In “Family matters” video the daughter is on the posters in the background, if Kendrick dropped 10 min after Drake did then it was obviously planted right or how would he know to put the daughter in there",0,0,2024-05-06T23:43:19Z,2024-05-06T23:43:19Z
UgxfwIlGTWroNdrEqWZ4AaABAg,@str0wns109,Drake is more famous then anyone on the planet. Damn near. Everyone hates him wants him to fail hes saying it wouldve came out if diddy who be hiding behind the scenes getting dragged into the light 😂,1,0,2024-05-07T21:05:15Z,2024-05-07T21:05:15Z
UgyPCl1ZpRjwfE700A94AaABAg,@65firered,In hindsight this song is hilarious. It's a self-diss track.,0,0,2024-06-08T14:06:15Z,2024-06-08T14:06:15Z
UgwwO4wVCWvWZlTCGol4AaABAg,@thatoneplace4189,“The ones that gave you the stories are clowns” … “we plotted for a week and fed you the information” ?????,0,0,2024-05-08T15:01:23Z,2024-05-08T15:01:23Z
Ugz6a6Zp3wfMjdho0Il4AaABAg,@Chainsyy,"“One of the themes of Mr Morale is generational trauma”

Drake would need to Google  “generational trauma” & “themes”

Kendrick & Lamar is not the same",0,0,2024-05-06T22:10:57Z,2024-05-06T22:10:57Z
UgxLyC7ek00v8AC0gS54AaABAg,@Neicywoods,"Also, the profits from R. Kelly's music now goes to the survivors.",0,0,2024-11-30T20:15:03Z,2024-11-30T20:15:03Z
UgxkzLgly_FidYLzE6B4AaABAg,@Dadutchmanheister,KDot still won in this Rap Battle. Drake's Toasted. 😂,1,0,2024-05-07T02:57:22Z,2024-05-07T02:57:22Z
UgwVFRZRNYnmmKmI3u94AaABAg,@Durakken,"This is at least lyrically complex, but this is literally just a complicated way of saying, ""No you.""",0,0,2024-06-06T17:41:16Z,2024-06-06T17:41:16Z
UgxkBuqGeaM1PCNDn-J4AaABAg,@StaccAdollaPacApunch,Drake said “for less inflation” 😂 wow ok,0,0,2024-05-08T07:05:57Z,2024-05-08T07:05:57Z
UgwHB6ksFS7DMfJIEYF4AaABAg,@zackattackftw3491,"Drake puts his guard up and denies Kendrick’s allegations of him being a pedophile, and continues his claims that Kendrick Lamar was molested as a child and therefore obsessed seeing how eager Kendrick is trying to push the allegations onto Drake with the songs, “​meet the grahams”, “Not Like Us”.

Drake then explains he feels he is too popular and famous to mess around with underaged girls, as he has a lot to lose in such a foolish situation, despite several known celebrities such as Harvey Weinstein, Jeffrey Epstein, Bill Cosby, R. Kelly, Roman Polanski, and most recently, P. Diddy being referred to as sex offenders with multiple accusations each of sex trafficking and sexual assault.",0,0,2024-05-07T03:48:41Z,2024-05-07T03:48:41Z
Ugyu-pLqa-EDAP8eOKR4AaABAg,@williamritzenthaler4596,It sounds like he is tired of the he said she said b.s. As many probably are. At this point it's about who can accuse the other with the most outlandish thing even if it's not true. It's over they both are great.,0,0,2024-05-07T10:38:06Z,2024-05-07T10:38:06Z
UgxzeekyesX0aO4x-9h4AaABAg,@JoeyDecay,22:33 A B# is just C. C is a half step from B so a B# doesn't exist in western music theory. Edit: I didn't know Knox was gonna say this.,0,1,2024-05-06T23:58:14Z,2024-05-07T00:02:04Z
UgyvG89I4Y63L0TbC2N4AaABAg,@lukewebber5531,Kendrick will pick him apart on that I'm to famous part truly,1,1,2024-05-06T22:26:40Z,2024-05-06T22:26:40Z
UgzRumn-evjq1JdH83t4AaABAg,@michaelpalma6346,Eminem snuck into Kendrick’s ear and was like “mention Mariah Carey” 😂,0,0,2024-05-06T23:32:40Z,2024-05-06T23:32:40Z
UgwFj7024XwM9aDLdMN4AaABAg,@ciekai7356,His daughter is ETERNITY. Kendrick ain't lying. FACT. We know her.,0,0,2024-05-06T22:08:11Z,2024-05-06T22:13:39Z
UgxMVUgil7h558KARu14AaABAg,@superkoo3585,"“The ones you’re getting your information from are all clowns…we plotted for a week and fed ""them"" the information “ I think that was what he supposed to write, just a typo :)",0,0,2024-06-02T07:40:46Z,2024-06-02T07:40:46Z
Ugwmzg1SfaArx0ka7Cp4AaABAg,@zmanWisco,And now a security guard was shot outside of drakes mansion in Toronto. 👀,0,0,2024-05-07T20:17:03Z,2024-05-07T20:17:03Z
UgzQTeTSNzu8uBQQndJ4AaABAg,@MoonFly-n2c,I love TikTok,0,0,2024-05-06T22:28:06Z,2024-05-06T22:28:06Z
Ugw37VfO9QzXq11txpx4AaABAg,@wespaul1997,"Had to relisten to this one and found something strange with Meet the Grahams
Kendrick: you are a Pedo
Drake: I'm too famous for that
Kendrick: You have a Daughter
Drake: I planted that for a week on you
Kendrick To Adonis: Don't have a kid to hide a kid to hide again, be sure
World knew of Adonis, was the Actor the smokescreen kid paid to hide a kid?",0,0,2024-05-06T22:20:28Z,2024-05-06T22:20:28Z
UgyJMxabXDnh8htnMut4AaABAg,@yasuske8823,Drakes ghost writers quit right before that mother bar…,0,0,2024-05-07T00:44:02Z,2024-05-07T00:44:02Z
UgyYHDgExP1wcerfwXh4AaABAg,@Official_Arista,Kendrick didn't talk or call.. people from his team was talking to spotify,0,0,2024-05-06T23:33:39Z,2024-05-06T23:33:39Z
UgxZJU2Kwxdi80nx-eR4AaABAg,@djunknwn,"if only you put this much energy into the allegations of Kdot beating up his queen. All the famous people you mentioned got caught lol Drake addressed every accusation. Still waiting on Kendrick to do the same. ""Return the favor""",1,0,2024-05-08T01:09:41Z,2024-05-08T01:09:41Z
UgxDt2PkrblphgT6VxB4AaABAg,@josephmurrayiv7171,Apparently one of his Security guard got shot outside of his mansion today,0,0,2024-05-07T15:05:59Z,2024-05-07T15:05:59Z
UgyOpvd3iiw3LrgynCJ4AaABAg,@illskillz3450,"He said he likes his music, he don't like fake Drake ""they need to stay inside"" In prison.

Also, Drake said on this tracc ""how ever you get your information from they ALL clowns""

Then said ""we feed you the information""

😂 He called himself a clown 🤡 

But we know it's bs.

Fake Drake, can't go round for round, he was bowing out, he said in Family Matters he emptied the clip.

Not like us💥",0,0,2024-05-07T03:33:27Z,2024-05-07T03:33:27Z
Ugz6RRJ2YRUI0fhEsxB4AaABAg,@bradjackson5759,"He said ""We all know what R Kelly did. So don't get ""PISSED"" off about it"" This had to be intentional 😂",0,0,2024-05-06T22:56:49Z,2024-05-06T22:56:49Z
UgzQdhEPL1bzjqFfh194AaABAg,@Reddick2424,You should teach Lost In Vegas reactors a lesson. Thank you for clarifying a lot of things that Drake thought he flamed this song.,0,1,2024-05-17T21:59:49Z,2024-05-17T22:00:17Z
UgxDEVe2lacXqlcnRel4AaABAg,@twenty-2923,"This fire 🔥 but Kendrick still winning 
Drake wtf Kendrick getting mol***ed 😂😂 💀 💀💀💀",2,0,2024-05-07T02:06:59Z,2024-05-07T02:15:56Z
UgwdmWamGekkc6gb4jB4AaABAg,@bsmoove1981,"""You tried to leave D flat but D major(more like D ""MADE YA"")..get it? Because Drake always says he made Kendrick bigger from the colab they did; so in his mind, he made Kendrick.",0,1,2024-05-08T14:42:29Z,2024-05-08T14:42:29Z
UgzLhpsH8-BfRz6UP5F4AaABAg,@jeff_blank,Kendricks next track: 'Receipts',0,0,2024-05-08T22:24:55Z,2024-05-08T22:24:55Z
UgzoIX7egriZTJK6LGx4AaABAg,@nubianqueen4506,So his pen works now?? Stupsee,0,0,2024-06-27T02:48:25Z,2024-06-27T02:48:25Z
UgyDu3gB8RUq2duPLPl4AaABAg,@AdotUnfiltered,I think he meant that Kendrick was doing the same thing as his mom and project that on him not clown him,0,0,2024-05-07T02:01:13Z,2024-05-07T02:01:13Z
UgwPAkUC-G9Fg7oe0oN4AaABAg,@lungi8424,"Why does it feel like the writters lined that man up?

His lines are just...",0,0,2024-05-06T23:17:45Z,2024-05-06T23:17:45Z
UgwQNpHvs7WxC4LnSKh4AaABAg,@njtomboy,Did Bobby really physically beat Whitney? I don't remember that.,0,0,2024-05-08T04:13:02Z,2024-05-08T04:13:02Z
UgzauhqH9qRV89H9ddR4AaABAg,@vXn-vXn,If he fed the daughter info to Kenny then why did he feel so compelled to go on ig to say something about something he supposedly created as bait?,0,0,2024-05-06T23:05:47Z,2024-05-06T23:05:47Z
UgxzPUFQXMW_GfGAdtx4AaABAg,@gabriellemoors7926,How crazy would it be if Drake gets raided and that’s when Kendrick drops his next diss track to just finish it off? Crazy theory but the way things are going….i wouldn’t count it out 😂,0,0,2024-05-07T11:12:50Z,2024-05-07T11:12:50Z
UgzrMQnxbTh_hTAniSp4AaABAg,@blairbryan4040,"I think the angle he was trying to convey is not the rich. He can't get caught, but the fact he knows his wealth and he wouldn't allow himself to ruin that for some girl. Still doesn't make the bar right, but I understand what he was trying to say with that. Reality is no matter if you are rich or poor, it's not something you want to do it's wrong and always will be wrong.",0,0,2024-05-06T22:55:53Z,2024-05-06T22:55:53Z
UgzGByFYB8wBwFqejdp4AaABAg,@artylegoat9372,"Kendrick took down the imagery for Meet The Grahams, that should tell you something right?",2,3,2024-05-07T03:13:33Z,2024-05-07T03:13:33Z
UgzJ5tMzPceuIz6ngv54AaABAg,@Dansmith9-k7q,Drake says Kendrick misdirects stuff and in the next couple lines misdirects one of Kendrick’s most personal songs and mangles it into one of the most vile accusals and then one of the nastiest bars with the whole Mariah Carey thing is just a terrible look after saying Kendrick misdirects things,1,0,2025-08-01T12:21:00Z,2025-08-01T12:21:00Z
UgzrFURR0Ufkm5GiTmx4AaABAg,@Ashy0322,Drake could have settled all of this my showing the messages or emails that were sent to Kendrick with the pictures.,0,0,2024-05-06T23:52:53Z,2024-05-06T23:52:53Z
UgwnyswzRZ9_ScmVV4d4AaABAg,@cheesy_noodles,this is like after kendrick killed him and danced on his grave drake decides to zombify himself but instead of rising from the dead he digs even deeper,0,0,2024-06-18T10:49:33Z,2024-06-18T10:49:33Z
UgxqpTFTMVHtKynzsqZ4AaABAg,@Lonely_Lonerr,Kendrick was trying to keep xxxtentacion music on Spotify not R.kelly's,0,0,2024-05-07T08:44:16Z,2024-05-07T08:44:16Z
Ugxd5Svta4We96DWUs14AaABAg,@shannoncarr3484,Bruh this is a Rap Beef... there will be some Truth mixed in with just plain Shit Talk.. everything isn't a code that needs revealing,0,0,2024-05-06T23:07:39Z,2024-05-06T23:07:39Z
UgxvxHQxQQIbfTNilSd4AaABAg,@CrystalSuzzanne,"""I haven't really,""    but really, really,   did gah...  did gah...   😮 mentality or imaginary ???  But ""not really""",0,0,2024-07-11T03:18:01Z,2024-07-11T03:18:01Z
Ugx4IXEaFHh64MxYJgB4AaABAg,@CarlyHenderson-zy4wn,Drake and Kendrick are working together.  They planned this months ago ;),0,0,2024-05-08T22:31:40Z,2024-05-08T22:31:40Z
UgwgsMeWskvD_K0IYPl4AaABAg,@JoeyDecay,17:34 my favorite part. I thought the same thing as soon as I heard it. Knox having a 1 on 1 with Diddy I mean Drizzy or whatever. So funny. Which ghost writer thought that was a good idea. Maybe he did it himself since the first half so far is pretty weak.,0,1,2024-05-06T23:47:58Z,2024-05-06T23:47:58Z
UgxOpQn0cfNxZLmy5Ap4AaABAg,@1AngryPanda,"When you listen to all songs back to back you feel like Lamar is a Veteran with 12 deployments and Drake just left the recruitment office. Lyrical both are so far away from each other, its actually crazy.
The last time i had that feeling was when Em dissed MGK and we now how that ended…",0,0,2024-05-14T02:57:19Z,2024-05-14T02:57:19Z
Ugx-whcftVXSfI2O-Qd4AaABAg,@ZionDaMack,"A year later and listening to the “Mother I sober” angle Drake took on this track really makes me think Drake REALLY think Kendrick got m**lested and lied about it in that song so it makes sense. I don’t think he misinterpreted the song, I believe he thinks Kendrick lied. But the “I’m way too famous to do the stuff you suggesting” was a bad spot honestly. It was mad risky but I think those lines had truth to it. Wouldn’t have said it like he said it but he was getting pressured by the fans to address these rumors and allegations so THAT LINE was his mistake that made him “lose” the beef but I get what he was tryna do. Still a dope beef all around major respect to both MC’s 💯",0,0,2025-12-30T02:45:07Z,2025-12-30T02:45:07Z
UgzI95eKafeS1F57NS54AaABAg,@mumzytrip488,❤🪃🐨🇦🇺🦘,0,0,2024-11-28T08:13:50Z,2024-11-28T08:13:50Z
Ugxq1OgsKHWqqmiTUi54AaABAg,@ItsDoctaD,Hahahaah Drake CLEARLY had no ghost writers helping him with this one,0,0,2024-05-07T16:44:50Z,2024-05-07T16:44:50Z
UgxaMG7tT2pk84NHb7l4AaABAg,@chbro464,He angles Kendrick misdirecting and then gives mad bars of misdirecting! Definitely why this song falls flat when he could had a knock out punch in this song. Plus the who ever giving u leaks is a clown then a bar later say it was me giving u the information.. .,1,0,2024-05-08T21:10:02Z,2024-05-08T21:10:02Z
UgyyfGuUiBOcg_kE7gF4AaABAg,@torpid7135,"""what's happening in 2024?""... I'm going to say some people who are falling off trying to get back that 15minutes before they burn out again and get replaced with a lil",0,0,2024-05-07T13:42:27Z,2024-05-07T13:42:27Z
Ugx0kLtpgQRzxZXX6cZ4AaABAg,@talkcomesoon,"crazy how cosby, epstein have money but there no where near as famous as drake. famous doesn’t equal money.",1,0,2024-12-08T21:10:59Z,2024-12-08T21:10:59Z
UgwY_Zs61odoxzKyvI54AaABAg,@BigFan-x9z,Sad fact.....everyone wanted drake to address Kendrick's lies and show receipts. ... what about Kendrick? He had some pretty nasty allegations against him that he didn't address. Where is the daughter from (the shittiest track in the beef MTG)? 6 mins whining to Drakes parents about his lifestyle? Gambling addiction wen the guy is sponsored by stake? A whole verse about a daughter that doesnt exist? Too much favoritism in this battle. This song and MTG were the lowest tracks in the beef.  FAMILY MATTERS & EUPHORIA were peak.,1,0,2025-10-09T03:41:01Z,2025-10-09T03:41:01Z
UgyTCh3HwLUVg40wF554AaABAg,@Dezzyyx,"You're proving Drake's point. At the end when Drake speaks you said ""that's more serious legal shit, that's not in the spirit of hip hop"". At the same time all these people are coming at Drake for those things, as a way to say he lost the battle. Which has nothing to do with the rap of it, like you said.",1,0,2024-05-07T20:53:07Z,2024-05-07T20:56:38Z
UgwArfaFZ3Ajbhpvct14AaABAg,@rusone2516,"There is a video of Millie Bobby Brown on a red carpet at 14y/o bragging about texting Drake back and forth. Saying things like "" I miss you sooo much"" and "" helping her out with boys""... and that ain't his only  connection to underaged girls. Drake looking real weird to me right now.",0,0,2024-05-07T01:32:13Z,2024-05-07T01:32:13Z
UgzfrvGOKazwODMv5sh4AaABAg,@maliawiggins6901,It’s like Kendrick knew Drake was gonna write one by himself and it was gone make himself look guilty,0,0,2024-05-07T16:02:33Z,2024-05-07T16:02:33Z
UgxD_zCVAXB7u7dSfjN4AaABAg,@sclasspromo,The best diss track was Family matters. BY FAR,0,0,2024-05-06T23:51:37Z,2024-05-06T23:51:37Z
UgzyNANT_EUwuh-8pHZ4AaABAg,@klckbait_alt,the only thing going for drake is that he has good back tracks.. everything from how he deliver lines and what he talks about just drives home he's shallow and  its all flying over his head. Mans is cooked,0,0,2024-09-06T21:36:43Z,2024-09-06T21:36:43Z
Ugxbai65aaL3WRXyGr54AaABAg,@josephbrown5235,You missed on this Knox 😂 big time,0,1,2024-05-09T14:49:20Z,2024-05-09T14:51:33Z
UgzVtI5tU3qeaOF_aK94AaABAg,@ddramos956,"Kendrick lifted all copyright claims from his music, so you CAN make money from his content. Thank you K-Dot",0,0,2024-05-07T17:09:22Z,2024-05-07T17:09:22Z
Ugyo7T_YUy5P0oCAu-x4AaABAg,@jamieritchey7969,"I felt Drake was saying HE values the respect his fame as earned him way much to throw it all away, not that fame, itself, is a buffer against messing with underage girls... That's just me tho.",0,0,2024-05-06T22:35:26Z,2024-05-06T22:44:59Z
Ugz6b4Mcsb9T3-hYyI54AaABAg,@ebarreno2621,"At this point, Drake isn't even dissing Kendrick, his just trying to defend himself from the allegations 😂😂",0,0,2024-05-07T20:03:46Z,2024-05-07T20:03:46Z
UgxDoP8ELm8tp5vDyxJ4AaABAg,@deco5057,He should have said: I’m not too famous.,0,0,2024-05-07T20:08:00Z,2024-05-07T20:08:00Z
UgyyPo7gS_gh_Gljulh4AaABAg,@Rich542620b,Knox is a lamar slobber,2,1,2024-05-06T22:02:29Z,2024-05-06T22:02:29Z
UgxRcjMm4ZyP-3qAVCh4AaABAg,@jackiearcher7738,"Set up, boy bye, BBL Drizzy hit the road",0,0,2024-05-09T14:19:57Z,2024-05-09T14:19:57Z
UgxHU4XQd1lH2qB8iVx4AaABAg,@malloryfranklin4822,"To Drake fans: Hip Hop has always been about wordsmiths, real fans of hip hop know this. Drake is surface level. So, either go to the club with Drake or go to the library with Kung Fu Kenny and elevate. So simple.",0,0,2024-05-07T01:11:43Z,2024-05-07T01:11:43Z
Ugz574dqjIGy_Rxa1L54AaABAg,@sabali13,Drake Won🔥🔥🔥🔥,0,0,2024-05-07T11:31:28Z,2024-05-07T11:31:28Z
UgxDJtCx5iw_pooNUzZ4AaABAg,@SwedeishFish-dh9cv,drake trying to flip the Perpetrator/Victim is the moment he lost that's wrong and disgusting,1,0,2024-05-06T23:28:46Z,2024-05-06T23:28:46Z
UgzDyAXSe36Vt2q4jq94AaABAg,@Raymon_D_Junior,Forgot to mention Jerry Seinfeld,0,0,2024-12-31T03:46:13Z,2024-12-31T03:46:13Z
UgxcRYih4clpZUmnW4V4AaABAg,@blaquehealer5484,"Grown folks don't break up on the internet....that is Gen Z thing or ""celebrities"" do for hype",0,0,2024-05-21T14:45:37Z,2024-05-21T14:45:37Z
Ugx2iwRc4juxa2zCAXJ4AaABAg,@rusone2516,Drake should've kept Day on the team. I doubt he would've dropped the ball like this.,0,0,2024-05-07T01:11:45Z,2024-05-07T01:11:45Z
UgwUlFyJsTUMZfe-pFd4AaABAg,@birdi3beez,I think people( maybe I am but who knows😭) are misinterpreting the mother I segment. Kendrick isn’t believed when he says it didn’t happen. That traumatized/effected him. Not being believed. Even though he wasn’t actually assaulted. So in a way anything having to do with child abuse is triggering for him. Trauma doesn’t always have to come from an actual assault. It’s still a shitty thing for Drake to do but that’s the point of diss tracks unfortunately. I do agree though he shouldn’t have said the famous nonsense. What he could have said is he’s too hated to have not been caught yet. It’s still a weak defense but not as laughable as that famous defense.,1,1,2024-05-10T08:44:19Z,2024-05-10T08:44:19Z
Ugwwpk3PRbcPxuBiy-F4AaABAg,@helenm6754,The 'hit you back' would've been fine if he hadn't done the cringey 'I promise' after 😂,0,0,2024-05-07T00:09:01Z,2024-05-07T00:09:01Z
Ugzft1MGT7e4AZnN2fp4AaABAg,@ryandunne4736,The famous rebudal was the wrong eay to approach it but i can see what he was thinking that with this day and age you cant hide it the way it was hidden in the past but still the wrong way to aproach it if he left it out i think he addresed the beat way he could,0,0,2024-05-07T22:54:27Z,2024-05-07T22:54:27Z
Ugw_UNRnHjZaJb3SjbZ4AaABAg,@XILikeTrainsX,"What I don't get is the ""following him, but not him"" drama.

That's interpreting more into it than in a real life high school drama.",0,0,2024-05-07T13:13:22Z,2024-05-07T13:13:22Z
Ugyq4KBED0x4QmwfyLd4AaABAg,@johnohrstrom5112,"Didn't like this one much the first time around.

But the more I listen to it the more i feel like it's pretty solid.

Dude has some bars in here.

The I'm too famous line almost ruins it but the bars otherwise are pretty solid.",0,1,2024-05-07T13:53:14Z,2024-05-07T13:54:19Z
UgxnMTt8GtxvZ9QH2_Z4AaABAg,@menokini,Kendrick called him out on allegations and Drake goes out and makes fun of SA and spreads misinformation 🤦‍♀️,1,0,2024-05-17T01:58:17Z,2024-05-17T01:58:17Z
Ugw77XRzfmbbZySaAXB4AaABAg,@queenparrismoore8378,Well he is behind the plane going down on Rick Ross 😢😢,0,0,2024-05-08T01:19:16Z,2024-05-08T01:19:16Z
UgxHdps_baphwS8A9It4AaABAg,@sushishad,Drake said Kendrick got his info from clowns and then he said they gave him that info 🤣,0,1,2024-05-06T22:51:44Z,2024-05-06T22:51:44Z
UgwNiBUTIFqvl7dFvGJ4AaABAg,@donlee5082,Drake's house in Toronto was shot up.,0,0,2024-05-07T15:58:58Z,2024-05-07T15:58:58Z
Ugwwk4a9gGJsVD4yDRJ4AaABAg,@mzhappyfree7688,This dude said whoever you got your info from is clown then said he fed him the info …. Like uh😮,0,0,2024-07-19T15:11:48Z,2024-07-19T15:11:48Z
Ugy8OXd3U5-EYZGvBXx4AaABAg,@picks2ez622,"Why didn't someone in drake camp say no bro, don't say that . When I first listened to this, I felt like drake was way too defensive , almost how a guilty person would react. Idk .This track is just really weird to me.",1,0,2024-05-07T03:01:37Z,2024-05-07T03:01:37Z
UgwonNVJwnPAqO6K3qt4AaABAg,@R.K.Rosine,"so many ghost writers that he got ""mother I sober"" twisted. Man, a different level of stupidity there.",0,0,2024-05-06T23:45:34Z,2024-05-06T23:45:34Z
UgyyuH9WzVUV-YH6wt14AaABAg,@jodyhorn9389,Anyone else wonder if Drake and the embassy is gonna get p diddy'd on 6:16? Or is it just wishful thinking on my part?,0,0,2024-05-06T23:10:50Z,2024-05-06T23:10:50Z
UgwZCU6K8gh8jcCCnrB4AaABAg,@bearalexander6904,"What in the Peewee Herman, ""I know you are, but what am I?"" was he thinking? Saying I'm not going to show up on the list, I'm so famous they woulda caught me already... How do you put out over five minutes and just sound more guilty?",0,0,2024-05-07T22:58:49Z,2024-05-07T22:58:49Z
UgzBt24-MckBfvU9Xjd4AaABAg,@leroygunderzion5442,Drakes ghostwriters only googled kendrick Lamar songs about abuse thats why drake sounds so confused,0,0,2024-05-06T23:21:54Z,2024-05-06T23:21:54Z
UgyzqwDSzJsE0fUonq54AaABAg,@Namluss420,did em ghost write for drake??? is that how she was brought into this?? hahaa,1,0,2024-05-06T22:24:19Z,2024-05-06T22:24:19Z
UgyZByxM4PO14KeAOhh4AaABAg,@ivansyomkin2156,"I cannot understand how Drake has literal video evidence of him touching and kissing a 17 year old, commenting on her body, yet people still defend him and say there's no proof. It's not a debate, it's a fact he acts weird with minors. If there are more victims someone should post receipts tho.",0,0,2024-05-07T14:35:17Z,2024-05-07T14:35:17Z
UgzxgNgH8C9wHqr9sR14AaABAg,@thoughtswarfare,Kmart been cooked lol 🔥,0,1,2024-05-08T20:01:47Z,2024-05-08T20:01:47Z
UgyLQswLxmFs-jLFSHV4AaABAg,@kingcecil7126,Anyone think Drake is walking away from this with a smile? Yeah me too.,0,0,2024-05-07T21:05:46Z,2024-05-07T21:05:46Z
UgxmpeKXxulRpla4hfN4AaABAg,@manny4mayor,Huh?,0,0,2024-05-07T05:29:49Z,2024-05-07T05:29:49Z
UgwgVrWsfXQVt2U8-Y14AaABAg,@muammarhaikall2277,Honestly.... I feel asleep listening to this song.,0,0,2024-05-27T23:01:08Z,2024-05-27T23:01:08Z
UgwwMLK5SEL6yHaSy6h4AaABAg,@DeanDong,Says that famous people don’t get caught and it’s a bad angle… proceeds to list famous people who got caught,0,1,2024-05-06T23:49:27Z,2024-05-06T23:49:27Z
UgwsILPLagl5iJKnU5R4AaABAg,@wnfakind9197,"Drake got torched in this beef , how do you come back from this 😬",0,0,2024-05-07T22:11:01Z,2024-05-07T22:11:01Z
UgzgN9Dq-w4olVWBsm94AaABAg,@iamnobody2,"it looks like they found the kid, she's 11, i think she's been seen in a cole video with a drake shirt on, her name is eternity, which kdot used in the line talking to her (love is eternity) and her mom posted a tiktok of her birthday party (she turned 11 the same day Euphoria dropped)there were drake pictures everywhere she looks a LOT like drake. please don't harass her. true or untrue.",0,0,2024-05-06T22:49:47Z,2024-05-06T22:49:47Z
UgwtAxUU_iNr2Lizy7Z4AaABAg,@lukerawson4565,Abba and preach have the proof of drizzy the diddler haha. Kendrick pulled the curtains down on this shit 😂,0,0,2024-05-06T22:24:12Z,2024-05-06T22:24:12Z
UgxN9R9Z5qja-ErJhKR4AaABAg,@WarrenLeggatt,"If Drake had receipts for his claim of the setup he would have posted those on socials so quick lol. Look at how Drake uses socials, he knows how it works yet does not use it fully in this fight, really?",0,0,2024-05-06T22:27:19Z,2024-05-06T22:27:19Z
Ugy7QoSm1_DtSw1v4uh4AaABAg,@markd93,Drake W,0,1,2024-05-09T14:47:14Z,2024-05-09T14:47:14Z
UgznUc88i5klz3R5wmp4AaABAg,@mychewyboocakesncrafts8201,Drake sent a cease and desist to Kendrick... but not a defamation suit.....😂😂😂,0,0,2024-06-06T14:04:54Z,2024-06-06T14:04:54Z
Ugzx4Staal4H7L49Sqh4AaABAg,@mr_mu2232,"I dont know man...I felt like drake trying to victim blame himself like ""you guys see, kendrick bully me. You guys yes i do all this thing but you guys see this right? Please cancel culture him or something for me, pleasee"" in This song 😂",0,0,2024-05-06T22:31:33Z,2024-05-06T22:44:53Z
Ugy_CjTKFlulyOgxSYd4AaABAg,@BERWAZN,"People speaking about the allegation as facts
Let's be honest here both didn't have any receipts. I think it's time for receipts now no more hearsay.",0,0,2024-05-06T23:53:23Z,2024-05-06T23:53:23Z
UgwqlqLAXZg1uSqDr6V4AaABAg,@KindaFamousRSPS,Mother I sober is Kendrick saying his mom thinks he lying. Drakes whole angle is he’s lying. Easy.,0,0,2026-07-18T01:02:25Z,2026-07-18T01:02:25Z
Ugy1d4qqWXfu29WwvIt4AaABAg,@KoekeMoer94,"I think Drake wrote this one himself after his Ghost writers ran away, you can see the shoddy penmanship",0,0,2024-05-07T00:03:41Z,2024-05-07T00:03:41Z
Ugx0SHPWG3uaeHkGEVh4AaABAg,@SithLordReign,“6:16” Kendrick says have you ever thought OVO works for me. Kendrick paid members of OVO to receive the false information of the photo with the glove & prescriptions & the info of Drakes nonexistent daughter. Technically Kendrick got finessed on 2 tracks. 6:16 where he thought he had OVO on the payroll & then Meet The Grahams where he released the false info of Drakes nonexistent daughter. By technicality those 2 tracks are L’s for Kendrick.,0,0,2024-05-07T02:08:17Z,2024-05-07T02:08:17Z
Ugyy20JOPs_3gIkVYO14AaABAg,@jigmatchetso1690,"Magaverse by  - stray kids next
Those whose want this reaction put 👍...",0,0,2024-05-07T14:18:37Z,2024-05-07T14:18:37Z
Ugyo__OEm20H_LRqX6p4AaABAg,@sandilengcobo7904,"With hindsight this reactor or podcaster was spiraling like Dor said. This a battle or beef not a court of law. The trick is to be on the offensive, not weak and be on the defensive. Kendrick understood that and had the right strategy to execute his plan. Not this defensive BS to prove anything or rebut anything. Attack is how one wins such battles. Dot was not gonna do that. Attack. The Art of War by Sun Tzu is a good book to read on how to win battles. Not a lot to unpack like he constantly said. It’s the street fight. No need to deny anything just let your hands go.",0,0,2025-01-21T18:09:21Z,2025-01-21T18:09:21Z
UgyNr5k7d0TMpn0eRjR4AaABAg,@JWT_-jr8sz,"Knox, am i crazy or does he say his (Kendrick's) informants are clowns, burning himself by saying they set him up with all that stuff?",0,0,2024-05-06T22:19:11Z,2024-05-06T22:19:11Z
UgxBzD-egR6JFwhVaDd4AaABAg,@parkersgarage4216,whats interesting and confusing as nobody caught it yet. one line drake says the people feeding you info are clowns. 4 sentences later he talks about setting up the daughter info. i mean which is it? you wouldnt be calling anybody a clown if indeed YOU set it up right? id be laughing if he took the bait. way too famous huh lmao yea ok. its the famous ones who think they can get away w anything.,0,0,2024-05-07T02:20:08Z,2024-05-07T02:22:23Z
Ugw3JrtqQyPSAmNfQAh4AaABAg,@superrealist9653,You said Bill Cosby but not Weinstein ??🤫👀,0,1,2024-06-10T03:36:19Z,2024-06-10T03:37:04Z
Ugw7Bs-T8_9ZQSQL_dZ4AaABAg,@CrystalSuzzanne,Diddy lol.  😂 why you leave him out? Hahaha,0,0,2024-07-11T03:13:15Z,2024-07-11T03:13:15Z
Ugw2Bvo_1YCER5RmncF4AaABAg,@TheMildGamer12,New fan here! I was so disappointed no life Shaq and scru face thought this was good. This was easily the worst mainstream diss track/response I’ve ever heard in my life. It was trash top to bottom,2,0,2024-07-25T17:52:53Z,2024-07-25T17:52:53Z
UgxSH7J1fdAznHELM6t4AaABAg,@sebastiangomez-bm9ew,"I fell like Drake actually did understand Mother I sober and was alluding to the fact that Kendrick was now the one that was projecting his and his mothers trauma onto drake. Kendrick also said that since no one believed him, it made him feel like he was molested even tho he wasn’t. Idk that’s just my thoughts, I don’t think drake and his team would’ve approved all this without actually listening and understanding the song.",0,0,2024-05-29T18:56:32Z,2024-05-29T18:56:32Z
UgydrziotNcuh2DF_xd4AaABAg,@crazyflo1,Kendrick is allowing YouTubers to monetize now,0,0,2024-05-07T13:24:58Z,2024-05-07T13:24:58Z
UgzRa0MG1l4nv9Zmc1V4AaABAg,@azeezreyad5851,"if Kendrick lied, Drake won.
If Drake lied, Kendrick won.
If they both telling the truth, J.Cole won. Simple",2,0,2024-07-01T17:34:44Z,2024-07-01T17:34:58Z
UgwQUxYqXteTadhzg5B4AaABAg,@myMelodyMelodymy,OK but what if.....kendrick meant the girl is new born and he means 11 bday is when Adonis is 18.....,0,0,2025-03-30T09:43:26Z,2025-03-30T09:43:26Z
UgyUdpvMf-874Vf42Eh4AaABAg,@torpid7135,Drake out here threatening kdots life now becuase he cant rebuttal XD,0,0,2024-05-07T14:04:41Z,2024-05-07T14:04:41Z
UgzGB5nccRJNELmIHrp4AaABAg,@Snomrade,Drake really fumbled this one,1,0,2024-11-01T16:02:27Z,2024-11-01T16:02:27Z
UgzzMS0qjfLGWFefpg94AaABAg,@unluckylucian,"""The ones that you're gettin' your stories from, they all clowns
...
We plotted for a week and then we fed you the information""

Did Drake just called himself and his team ""clowns""?? 💀",0,1,2024-05-06T22:28:40Z,2024-05-06T22:28:40Z
UgwIJfevJ78be3dXXQh4AaABAg,@afroempiretv,"Drake is gaslighting everything K-dot accused him of, and he did not address anything Kdot stated. Drake lost this battle.",2,0,2024-05-06T22:29:44Z,2024-05-06T22:29:44Z
Ugzb_K7qnHCfpSgVam14AaABAg,@erectdandelion8907,It is true that drake fed him the info cause after this  came out Kendrick changed the picture art for the last record he did claiming he had a daughter. That’s proof enough.,0,1,2024-05-13T18:58:24Z,2024-05-13T18:58:24Z
UgzZUoQN9gsWZRwF5b14AaABAg,@NoWeaknessChannel,The way Drake moves there'd be a video of him(not a video of him being nice to someone and y'all use it to say yes creepy though),0,0,2024-05-12T19:09:09Z,2024-05-12T19:09:09Z
Ugz_1Qb6d6c5xI6nfcd4AaABAg,@kelzxd6277,If it was a set up why put out bad information on yourself. To prove Kendrick would just say anything.. mm ok ok,2,0,2024-06-27T13:13:02Z,2024-06-27T13:13:02Z
Ugyd2E0lGs4rcU_5o1l4AaABAg,@rm6058,"“The ones that you getting your stories from, they all clowns.” But wait… I thought Drake was the one feeding the stories. 🤔",0,0,2024-05-06T23:15:21Z,2024-05-06T23:15:21Z
Ugzr8_fwUEIRKF1a-3h4AaABAg,@GGreyWolff,drake load one in the chamber but shot himself in the foot... that's what im getting from this track,0,0,2024-05-07T05:44:03Z,2024-05-07T05:44:03Z
UgwxWrhEI0zIG8L7F_p4AaABAg,@Kanaki7128,Drake is such a cornball,2,0,2024-05-09T09:09:54Z,2024-05-09T09:09:54Z
UgzQk9ONnJtnfEci9794AaABAg,@Vanlife_STYLE,"I know it's all old now, I'm just surprised that reactors didn't catch his contradiction in the first two lines. Lol... This track was weak to me from the first listen. 😅😅😅 Not to mention how lame would a grown man have to be to use a little girl as bait in a rap battle?! Lol... All things that I didn't hear any reactor point out the first time around. 😂",1,0,2024-05-13T03:13:00Z,2024-05-13T03:13:00Z
Ugy9W1HqxiKhYl-6uX14AaABAg,@Lebronworshipper12,No one tweaking over the famous line,0,0,2024-05-06T23:27:10Z,2024-05-06T23:27:10Z
UgzJKLUn-llEECP0Yy14AaABAg,@BDAV50,I think u made his point he was saying he too famous if he was really out here messing with little girls he would have been caught like those other celebrities you named,0,0,2024-05-07T04:27:19Z,2024-05-07T04:27:19Z
Ugx9zEFdtl3x05uvt8R4AaABAg,@alenaa6075,"Drake’s been messing around with underage girls that were  just getting started in the industry for years now. 

As weird as it is that a 30 something year old man has any interest in texting underage girls “I miss you”.. for some reason it’s not weird when it’s Drake doing it 🤔",0,0,2024-05-07T01:27:18Z,2024-05-07T01:27:18Z
Ugz-uP7HOL_H2tBU0ep4AaABAg,@tshilidzimuhali2969,You should be a lawyer,0,0,2024-05-07T12:07:48Z,2024-05-07T12:07:48Z
UgxsKtIPfsMz_ISyIcV4AaABAg,@Pinxels,At this point Drake just needs to apologize 😂,0,0,2024-05-12T14:53:54Z,2024-05-12T14:53:54Z
UgywqNBBvT3zegaoeN54AaABAg,@SolomonBeckett-wi4rb,"So when Kendrick Lamar made squabble up, is that song about Drake or is that song about someone else? Because if that song was about Drake Kendrick wouldn’t have waited six months to respond he would’ve responded right then and there after the heart part six by Drake so I feel like squabble up has got to be about someone else in my opinion.",0,0,2025-04-13T04:09:19Z,2025-04-13T04:09:19Z
UgyE15P43ucZxNRofpN4AaABAg,@fancyreyes4962,KDOT for the win. Drake played himself 😂.,0,0,2024-05-09T12:34:16Z,2024-05-09T12:34:16Z
Ugz38RLUWr7FVPx6K4N4AaABAg,@JustATruckDriver1,drake sounds stressed af !!!,0,0,2024-05-06T22:44:12Z,2024-05-06T22:44:12Z
UgybdblCJfx2vZ_ajjd4AaABAg,@yetitheeduardo,"A trouble with the stuff with Drake. Is that even if he's telling the truth about feeding Kendrick information, there's still a whole lot of stuff that he can't just talk his way out of.

The free the slaves line from Family matters, The I'm way too famous line.. he could say whatever he wants but he's pretty much defeated himself at this point",0,0,2024-05-07T12:21:40Z,2024-05-07T12:45:41Z
UgzUbR6Zjht_9uwgpN94AaABAg,@MeRacko,so he is saying his frinds are clowns if he feed Kendrick stories but Kendrick heard stories from clowns Drek be stupid like that,0,0,2024-07-04T12:43:19Z,2024-07-04T12:43:19Z
Ugx7IQ2xFtQ1hpsjxK54AaABAg,@rookinumbers,B sharp doesnt even exist 😭,0,0,2024-05-07T13:14:34Z,2024-05-07T13:14:34Z
UgyHPd0y6MoybGJX6Ht4AaABAg,@aliciadelgadomoreno1629,"Can you please react to RM's new single ""Come Back To Me"" out on Friday May 10th. RM is a rapper and member of BTS",0,0,2024-05-08T21:08:35Z,2024-05-08T21:08:35Z
UgxcIdVfnD-w1KmIaPJ4AaABAg,@joshuaswann-ui3ev,Kendrick  won,1,0,2024-05-07T02:42:56Z,2024-05-07T02:42:56Z
UgwJXJ7VGRIR-TdbF6h4AaABAg,@SneakyturtleZ,"Feels like his ghost writers left him hanging so he had to ""get thebpen out"" and wrote a tangled mess of confusing lines in the same straight forward simplistic flow he has in every song. 

Imsgine telling a compton blood AND rick ross youll ""see em later"" as a Canadian child star from Degrassi. 

Bro what?",0,0,2024-05-08T07:06:52Z,2024-05-08T07:06:52Z
UgwO0xbaX58C0Qgw3cN4AaABAg,@mintesinoteurban6966,Drake bout to diss Knox next cause he completely dismantled this track 😂,0,0,2024-05-06T22:34:18Z,2024-05-06T22:34:18Z
Ugx3EBV-ppV1Bbg5Xa94AaABAg,@montyafro,I agree with your analysis that Drake needed to actually show receipts to prove his fabrication of events. Anthony Fantano mentioned the same thing in his analysis of the song.  Drake coulda actually won this round if he hadn’t come up short with his proof of concept and fumbling his objections to the accusations brought against him; bro should never represent himself in court EVER!,0,1,2024-05-08T21:13:12Z,2024-05-08T21:13:12Z
UgwIdEiFEEBLdtyU4754AaABAg,@xolaningubane3014,He should've called it no heart part 6 cause the boy ain't got no heart,0,0,2024-05-13T18:45:22Z,2024-05-13T18:45:22Z
UgwVna2-x8HEWVvNAB54AaABAg,@ryanm839,"In my opinion, there’s no coming back from the “I’m too famous to be a pedo” bullshit… He’s insane for that",0,0,2024-05-07T23:05:31Z,2024-05-07T23:05:31Z
Ugzs23RYtIf7FyTHrxl4AaABAg,@jaysnipez2522,Drake is full of shit. If he did feed Kendrick that info he wouldn’t have posted that defensive insta story and if he actually had proof he would have used it by now. He’s backed up against a wall it was his only play but its not working and now he just looks more guilty,2,0,2024-05-06T22:56:30Z,2024-05-06T22:56:30Z
UgwuwemHDcJXR4v9unZ4AaABAg,@michaelrichter273,Drake😢 don't buy this man's merch.,0,0,2024-05-06T23:50:27Z,2024-05-06T23:50:27Z
Ugx_9z6KTmsYAKKnFgh4AaABAg,@bmac698,I wanna know how you fact check that someone has a hidden kid.,0,0,2024-06-26T15:29:19Z,2024-06-26T15:29:19Z
UgwOzhiKeO2XzoiAobR4AaABAg,@ddramos956,"You missed the parts where drake said ""the people you getting your stories from are clowns"" then a few bars later he said ""we plotted for weeks and fed you the information""

So, by that sense, drake and his camp are clowns",0,0,2024-05-07T17:42:49Z,2024-05-07T17:42:49Z
UgwcluVVRq76Zp72ovh4AaABAg,@2000yearzold,I had never hear of Drake before this ... Drake is a very sick person...  Drake never hear of ice cube saying check yourself before you wreck yourself 😜🤣 to late now ...in my opinion he done wrecked himself all by his self 🤔or was it his ghost writers ?,0,0,2024-05-08T04:58:51Z,2024-05-08T04:58:51Z
UgzjhUyREB0wH7HwidV4AaABAg,@rajirwilliams2610,"Nah, kendrick said he wanted him dead. Nothing is off limits atp.",0,0,2024-05-13T02:18:42Z,2024-05-13T02:18:42Z
UgwAyFmrlsxuWuccA9N4AaABAg,@DavidMSIGNALM,"He missed a trick saying you’ve got to “see sharp” being two steps ahead. C# is two whole steps above A. This is a terrible track, so many misses. Just all “nope, nuh uh prove it”. Weak 💀",3,0,2024-05-12T07:42:55Z,2024-05-12T07:42:55Z
UgzFxC0RZ1kV1PP0BTF4AaABAg,@MarieEstime-o4i,He said the person you got the information from was a clown…then said he fed Kendrick the information.  Is he calling himself and his people clowns?,0,0,2024-08-07T22:20:39Z,2024-08-07T22:20:39Z
UgyQJ5NkDMHIh64V5JR4AaABAg,@sjsflyer33,Drake saying he’s too famous and would have been caught when there’s people like R. Kelly and Diddy out here. And plenty of others that have been famous. Lmao bro,0,0,2024-05-06T22:23:32Z,2024-05-06T22:23:32Z
UgyNKzId3dEF0JmzZup4AaABAg,@ApollosAdventures,Thanks for a unbiased breakdown!,1,0,2024-05-06T22:48:17Z,2024-05-06T22:48:17Z
UgzfPpQZ9ZjcP2ObBVp4AaABAg,@MapleclawGD,I hate that this song is so shit because I love the beat,1,0,2025-02-25T23:44:34Z,2025-02-25T23:44:34Z
Ugx7TAqLAXbVX0xms3l4AaABAg,@sethwatkins5909,Drake said the person he got his information from was a clown and then said he was the person he got his information from and then said he was too rich to be a pedophile he'd never see Drake's name on a list well obviously his name's Aubrey,0,0,2024-05-07T09:22:08Z,2024-05-07T09:22:08Z
UgzlPuyIDHIIdI8cOOt4AaABAg,@jbm2094,Drake playing defense,0,0,2024-05-07T08:59:32Z,2024-05-07T08:59:32Z
UgwlN7Af2MCdBWHlFnp4AaABAg,@JoeyDecay,Drake is not the type for battle. He don't have that in him.,0,0,2024-05-06T23:54:57Z,2024-05-06T23:54:57Z
Ugz6fs1iq0pAC3Vj1w14AaABAg,@TMac-g8p,This fool pdrizzy needs investigation,0,0,2024-05-07T00:03:15Z,2024-05-07T00:03:15Z
UgzIT4OmgKpz4DB9lel4AaABAg,@Seattle_Kiwi,The 11 year old girl allegations are in the media from years ago. Names are attached from years ago. Not new. Allegedly. Drake isn’t telling truths.,0,0,2024-05-07T01:27:20Z,2024-05-07T01:27:20Z
Ugx1LX9acKr7OFMG-vN4AaABAg,@Coraaaaay,His ghost writer set him up…😂,0,0,2024-07-04T22:40:28Z,2024-07-04T22:40:28Z
UgyWBo_CHQbPzR0_5Vd4AaABAg,@welra3376,the heart part 6 was not good,1,0,2024-05-06T22:10:50Z,2024-05-06T22:10:50Z
UgwzIe9TuEi3n4LpP1p4AaABAg,@deconteeko7446,Drake said the one who fed you the information are all clowns. Then he said we plotted and feed you the information. Is Drake calling himself a clown 🤷🏾‍♀️?,0,0,2024-06-02T04:26:11Z,2024-06-02T04:26:11Z
Ugy505LSRKBaEMIPpHN4AaABAg,@EvanD9590,"Only point i disagree with is the Mother I Sober part. When i heard the song i felt like it was a grieving/denial piece imo. It felt like he implied that everyone else delt with abuse issues from said abuser and they didn't believe that Kdot was the only one not abused, no matter how many times he said he wasn't. Which makes the track feel like a ""please believe me"" record, because either it didn't happen or he feels like admitting it will bring on the trauma he sees everyone else dealing with.... So for me Drake was presumptuous at best and exploitative with the twist at worst. But to me it wasn't just ""he misunderstood/didn't listen to the record""",0,0,2024-05-08T16:30:25Z,2024-05-08T16:32:39Z
Ugyev3NIAqOYmtuKvrd4AaABAg,@thitngon5736,"Someone fill me in here, didn’t all of the people Knox listed for being pedos got arrested and charged for it? Some of them even have more influence than drake.",1,1,2024-05-11T03:29:46Z,2024-05-11T03:29:46Z
UgzrzEZbIkfxgz-0CM54AaABAg,@NOBLENATION,I can tell your feeling a certain way with drake. Like he's urkin you,0,0,2024-05-06T23:22:02Z,2024-05-06T23:22:02Z
UgyrbWCnG4MPdzYmNbV4AaABAg,@stephonhenry379,"I feel like people are misconstruing what drake is saying about I'm too famous to be a child molester. What he's saying is if this is true if he was doing those things someone would have spoken up about it considering how many people hate this man. No one is really on Drake's side now you might say what about the other people it took them a while to get found out. The last time I checked they weren't as hated as drake is. Bill Cosby was a beloved person, r Kelly was a blonde person, all of those names are people that most of us looked up too. Now Drake on the other hand most people don't look up to him.",0,0,2024-05-06T22:51:56Z,2024-05-06T22:51:56Z
UgyhXrpVUIwbUvGG2Hd4AaABAg,@gallem7029,Naming people way less famous than Drake who all got outed is proving drakes points lmao,0,1,2024-05-07T23:16:11Z,2024-05-07T23:16:11Z
UgzQSdJMJCPCHd41n8V4AaABAg,@AllTheArtsy,"if drake actually planned to bait kendrick, where is the proof lol its an obvious lie",1,0,2024-05-07T07:27:44Z,2024-05-07T07:27:44Z
UgzE7k3eLtkAZvIdxnd4AaABAg,@brian_moseti,Drake's ghostwriters are tired,0,0,2024-05-07T19:34:58Z,2024-05-07T19:34:58Z
UgzAj3GeBCv3DZTmJUR4AaABAg,@Starrythefroggy,"Drake: whoever told you that is a clown 🤡 
Drake: I feed you those lines its all fake 🤡",0,0,2024-05-06T23:36:31Z,2024-05-06T23:36:31Z
UgyP8TWbN6959phkL854AaABAg,@XolderHD,"This is such a hard reply but the media is so kendrick biased its insane, drake says he tricked kendrick, that kendrick beats women etc etc he needs proof, kendrick says ANYTHING its automatically true",0,0,2024-05-06T23:19:18Z,2024-05-06T23:19:18Z
Ugw5abzAU-tC3VHQxkt4AaABAg,@dtrueg,"Drake claims Kendrick is searching tik tok and got misinformation in rebuttal to: “They be streamlinin' victims all inside of they home and callin' 'em tinder. Then leak videos of themselves to further push their agendas” ..But in Drakes album Dark Lane Demo Tapes, Drake admits outright that his buddy Chubbs does go out to find him women! - “All good, Chubbs will look around, Find one that seem my type. That my dawg and he know what I like. He done found me plenty in my life.”",0,0,2024-05-06T23:31:13Z,2024-05-06T23:31:13Z
UgwFSV72DRUjkWc3wU94AaABAg,@jamieritchey7969,"I like the angle that Kendrick is projecting the abuse onto Drake that his mother protected onto him... Not sure if that was Drake's intent, it def works tho.",0,0,2024-05-06T22:46:04Z,2024-05-06T22:46:04Z
UgzCy-wKMPJ0pMBPZBx4AaABAg,@asidionprimus1226,"Kendrick never said drake should have his music pulled, he said he should die..... Drake aint gotta point on that one",0,0,2025-06-03T06:01:18Z,2025-06-03T06:01:18Z
Ugzetlfi7LV3P88bRBl4AaABAg,@brockjensen2473,Drake thought he ate on this track but low key he just set himself up 💀 Kendrick is about to destroy him 😂,1,1,2024-05-06T22:27:54Z,2024-05-06T22:27:54Z
UgzvC5GcIrEcjj1aAXN4AaABAg,@tilikataylor928,"KENDRICK LAMAR HAS OFFICIALLY REMOVED ALL copyright from 
Content CREATORS REACTION VIDEOS!! 
That allows all content creators to make money off of their content!!
 He’s the goat 🐐",0,0,2024-05-07T19:15:13Z,2024-05-07T19:17:19Z
UgxKviAJfN4tT4_TuJ94AaABAg,@sclasspromo,Naw u reaching he said u tryna leave D (Drake) flat but D maaaaajor (made ya),0,0,2024-05-06T23:42:40Z,2024-05-06T23:42:40Z
Ugy5i2O0MkOkqVzg0Nl4AaABAg,@999highoff_life,"ig the only ""mistake"" was that im way too famous line but then again how would you defend yourself from these allegations. but still tho i think even if he said it ""better"" the people's mindset wouldn't really change",0,0,2026-09-04T18:46:23Z,2026-09-04T18:46:23Z
Ugwp9H0UAh8GKyoXfXt4AaABAg,@sclasspromo,I believe Drake when he says Kendrick has bots because I see the same comments on every reaction video 😂 unless all the K dot Stans are in a cult and brainwashed,0,0,2024-05-06T23:24:31Z,2024-05-06T23:24:31Z
UgzdGHZWGfSA2V7h__Z4AaABAg,@ArizonaAngelEyes,"""I'm too respected."" If that was the case you wouldn't have half of the culture angry at you.",0,1,2024-05-08T00:00:05Z,2024-05-08T00:00:05Z
Ugxhh76cmBDOMSOT9S54AaABAg,@OffCam-1,"See, I listen to family matters and was thinking he was actually calling kdot a predator. “We know the GIRLS you actually like, your darker secrets are coming to light.” I still feel he continues it here. Also saying it stimmed from kdot being abused.",0,1,2024-05-18T06:54:37Z,2024-05-18T06:54:37Z
UgxmQ3ZrKsO1YQ1DrJl4AaABAg,@deenice5444,"I had to take my comment back, earlier I thought Drake did good but I  moved to fast, he actually gave Kendrick and others more ammunition. I’m just going to listen to the whole video first next time. Drake messed up.",0,0,2024-05-11T03:51:37Z,2024-05-11T03:51:37Z
UgwYeGoGoE6qsXxnpIR4AaABAg,@MikeDaKnighT,He’s lyrics are conflicting one minute oh we fed you this shit but the next bar oh youre lying. Huh?!?!,0,0,2024-05-07T12:44:50Z,2024-05-07T12:44:50Z
UgyMLVhOxQTL_xJj0t54AaABAg,@nscdiver,Kendrick made me a drake fan,0,3,2024-05-10T02:48:06Z,2024-05-10T02:48:06Z
Ugw9KUjTjk_vB37Mumt4AaABAg,@Zanerken_X,Hey look drake's first and last dedicated kendrick diss.  So he's all done now?,0,0,2024-05-06T23:51:19Z,2024-05-06T23:51:19Z
Ugw3wi8wyJYMBD_fGuF4AaABAg,@goldenfishes3695,I was under the impression that rap is supposed to rhyme????,0,0,2024-06-04T07:02:19Z,2024-06-04T07:02:19Z
Ugy824S2OGSOQ0R89Xt4AaABAg,@FC-km7tl,He meant he’s way too famous as in he can get any legal age girl he wants lol,0,0,2024-05-07T07:09:34Z,2024-05-07T07:09:34Z
UgwgNQghglguKvo8a_d4AaABAg,@michaelsullivan9601,"Top didn't say they were going to pull their music because of R Kelly...it was if they pulled XXX's music. Not much better if we're being honest but very different and Drake, once again, not getting his facts correct.",0,0,2024-05-07T17:14:19Z,2024-05-07T17:14:19Z
UgytSAwkPidkLezfYJR4AaABAg,@luckisalady1,Anyone buyin' that shit? LMAO,0,0,2024-05-07T03:09:52Z,2024-05-07T03:10:45Z
UgzSqvyscghlFAz42rd4AaABAg,@julianavarela4936,Yeah tell him to not bring mariah into this because wtf,0,0,2024-05-06T22:59:58Z,2024-05-06T22:59:58Z
Ugy17IJDUtZ4JAjkNfJ4AaABAg,@christeasdale1910,"Look I won’t call anyone a nonce without evidence. I’ve heard things about drake hear and there aye but it’s all hearsay. Same as a lot of the shit he’s saying about Kendrick. All I will say is if it is true, it will come out eventually. 

The other thing I would say if it is true, I personally, would be taking what I know to the police myself.  not writing a song about it. But I suppose Kendrick’s street code stops him from grassing on nonces. Coz he’s not a snitch apparently. 

I’m in no way defending drake here btw. For any Kendrick stan wanting to say shit. To tell the truth, I’m not a fan of either one of them. That’s why I’m enjoying all the disses coz I’m not on anyone’s side.",0,0,2024-05-07T02:29:59Z,2024-05-07T02:29:59Z
UgxNRPDVhy8hNY2nXTB4AaABAg,@pascalvonk4066,C u later crip vs Bompton,0,1,2024-05-07T11:16:14Z,2024-05-07T11:16:14Z
Ugx-BLk0mIiARUGDIRN4AaABAg,@ÇrówFR-WWM,bro kendrick took it there already yall give him a pass all the time,0,0,2024-05-07T01:00:54Z,2024-05-07T01:00:54Z
UgyeWtHEN4sP2Gb44a54AaABAg,@mantic_minotaur,so drake went from dissing everyone but Kendrick to dissing himself,0,0,2025-05-15T10:47:54Z,2025-05-15T10:47:54Z
Ugw6oFnqBeCiLbKQNmt4AaABAg,@DisclosureTV1,Drake is proving himself to be socially unaware.,0,0,2024-05-06T22:24:01Z,2024-05-06T22:24:01Z
Ugzgl7jZgZUv8PGA-J54AaABAg,@timeout9026,"The molestation line wasn't even a mockery if you actually listened to Drake's delivery, he was sad for him and he thinks that was why he took his pedophile allegations so serious

YOU KENDRICK FANS CAN'T BE THIS SLOW!!!",0,0,2024-05-07T16:54:12Z,2024-05-07T16:54:12Z
UgzxrfBJ5pSnBTacDrF4AaABAg,@tiffyshs,How is calling the police after getting robbed snitching??? 😂😂,0,0,2024-05-06T22:08:49Z,2024-05-06T22:08:49Z
UgxecTeC6YVn-0TWstp4AaABAg,@elbruces,"Things only a predator would say:

1. ""The only reason you would care about predators was if you were a victim.""

2. ""I'm rich and famous, I would have been caught by now if I was a predator.""

3. Kendrick: ""You're a pedo and you have a daughter.""  Drake: ""ah ha, you fell into my trap: I DON'T have a daughter!""",0,0,2024-05-07T04:26:44Z,2024-05-07T04:48:11Z
UgyPlhPy5zvJtCoWXPt4AaABAg,@TheBeautifulUglyTruth,"At first, I was happy Kendrick won the beef, but it sucks to see Drake go out like this. He’s a talented artist, and although there’s no excusing his actions, we can't fully grasp what fame and money do to people. It can turn into a virus, and Kendrick Lamar almost fell for those same traps. But he chose a different path. Drake didn't. It’s the yin and yang of two titans under the influence of wealth, where Drake’s desires and ambitions were his downfall.",0,0,2024-05-09T05:49:22Z,2024-05-09T05:49:22Z
Ugw7Ls_Eobmj5A2HhxB4AaABAg,@PlxelGuy,Imagine feeling so confident with this song and releasing it just to get no response. Then go and do a sexxy red and that awful Delilah song. Dude lost.,2,0,2024-06-05T03:45:24Z,2024-06-05T03:45:24Z
UgyolnvJka7a2RxBc5t4AaABAg,@LA-xc4tc,Drake sounds mentally exhausted,0,0,2024-05-06T22:23:20Z,2024-05-06T22:23:20Z
Ugx4gn7xAXz64zQmYph4AaABAg,@TellitLikeitIs214,"Drake dumb

His ghost writers tryna make him look mad I think it’s that line that 20 of em want you as a casualty😂",0,0,2024-05-06T22:52:55Z,2024-05-06T22:52:55Z
UgzDhH00mqwqL35mkWN4AaABAg,@christina2322,This response doesn't even come close to helping his image the way Kendrick ripped him apart. All he really addressed was having a daughter and the underage stuff. So he's admitting everything else Kendrick said is true? And taunting him to prove it 💀,0,0,2024-05-07T11:54:46Z,2024-05-07T11:57:13Z
UgzfLvuJnJ3NPpa1XpV4AaABAg,@ran_witit895,Kendrick madethe Kelly statement bcuz the victims wouldn't get paid royalties,0,0,2024-05-07T14:56:47Z,2024-05-07T14:56:47Z
Ugwi49C4dzz-MzSaBgh4AaABAg,@atiredcliche,Its really weird to start a song demanding evidence when the sort of evidence you have is who liked an instagram post. This is hardly investigation or fact checking.,0,0,2024-07-13T07:44:43Z,2024-07-13T07:44:43Z
UgwEwHp3dMcV-xAh_ot4AaABAg,@goleafsgo9999,All the mans you named were discovered lol. It's the perfect angle. Get a clue.,0,0,2024-05-06T23:15:31Z,2024-05-06T23:15:31Z
UgzmQCb96-90LATpA3B4AaABAg,@Takedown10158,B sharp isn't a key..,0,0,2024-05-06T23:28:50Z,2024-05-06T23:28:50Z
UgypgOczTK-pd7b0YKp4AaABAg,@zspauldds,"if your drake and your innocent there isn't many things that you can say that would show innocence for such an allegation, not saying that his comeback was great but what would you comeback with if this lie was sprung on you.",0,0,2024-05-07T02:56:00Z,2024-05-07T02:56:00Z
UgwOhqJaidnpgCkBkYt4AaABAg,@nuajbo4693,"lol drake really dug his own grave on this one, or if that was a ghostwriter then they wanted drake to fail ha, he misquoted mother i, he didnt understand it. then said he is even second guessing responding, then gave a horrible defense for the pdf allegations. i think he wants out",0,1,2024-05-07T08:18:58Z,2024-05-07T08:18:58Z
Ugysml1TgoxI2oRMLAF4AaABAg,@mindchess6995,So he wants us to believe he planted the information but the people he used are clowns 🧐😭,0,0,2024-05-06T22:23:53Z,2024-05-06T22:23:53Z
UgwnHndGC3uC_rqbKHx4AaABAg,@mohammad44-z6f,"Knox u hv to react to Macklemore's new single ""Hind's Hall"". It goes hard 🔥🔥🔥🔥!!!",0,0,2024-05-07T12:59:46Z,2024-05-07T12:59:46Z
UgzoTiPjpQ23YgsdS7F4AaABAg,@oric4281,"Drake dropped a damage control song and waving the white flag. 
I don’t even believe he planned it
He just running with the twitter narrative. If he really planned it where’s the text thread, where the picture or video evidence, why didn’t he name drop the ‘mole’? 

Also this song felt rushed  like he wrote it not his ghost writers",0,0,2024-05-07T07:40:09Z,2024-05-07T07:40:09Z
UgwDsVoeyadn3Oqwpql4AaABAg,@radioethiopiate,Thanks for acknowledging how messed up this response from Drake is. Most reactions I've seen so far seem to think this is fire. It's honestly disgusting. Keep up the great work.,0,0,2024-05-06T23:51:04Z,2024-05-06T23:51:04Z
Ugz5B5tZAVN0dZoF7bV4AaABAg,@rapnation5631,"Drake's war general line is corny as hell, sounds like any average artist would say to respond, implying he is some kind of veteran in the battle rap without having the record to show for it.
Also how is he doing this while we know for sure he is not writing this shit. Strange times we live in lol",1,0,2024-05-07T09:35:28Z,2024-05-07T09:35:28Z
Ugz255BuCSy2O6fhx2R4AaABAg,@factor2634,hate him or love him drake is no punk,0,0,2024-05-07T03:34:35Z,2024-05-07T03:34:35Z
UgxbBauZ5R3_EUI-re54AaABAg,@eddiemasitise1037,Why is Deake speaking like he has proven the shit his saying,0,0,2024-05-07T04:30:24Z,2024-05-07T04:30:24Z
UgztHOtCJToT6EHL2ep4AaABAg,@Avio_,Aint no one winning this beef until we get reciepts from either side now cause all these allegations ain't really hitting anymore. what happened to just bars and i'm a better rapper??? twitter ruined this beef,0,0,2024-05-06T23:02:24Z,2024-05-06T23:02:24Z
UgyBo9EkOYyw5KcpiD54AaABAg,@Kuzler,yeah you can tell Drake wrote this one 🤣🤣,0,0,2024-05-06T23:12:53Z,2024-05-06T23:12:53Z
Ugwz3ECLSr4OQf5BU694AaABAg,@lexio9913,"No one misinterpreted mother I sober, that song is written by Kendrick about denial of a rape that happened to him. 

Now obviously everyone likes kendrick so we don’t want to see him getting cooked for being molested as a child by Drake but hey it’s beef, Kendrick took it to pedophilia first. It’s his fault the battle went here.",1,1,2026-06-16T13:35:41Z,2026-06-16T13:35:41Z
Ugw87ckME0zAohxs9ql4AaABAg,@calvinmccullough9499,"So you made a video about the van, but couldnt make one showing you were tricking Kendrick with fake info and dropping it right after meet the graham's...stop the cap",0,0,2024-05-06T22:23:53Z,2024-05-06T22:23:53Z
UgxBzoFE5GVeBsnh-MF4AaABAg,@nrvous309,Drake is on the defense right now. Obviously he's gonna make a track denying everything Kendrick talkin about. Where's the receipts BRUH!?,0,0,2024-05-06T23:39:34Z,2024-05-06T23:39:34Z
Ugx-Zr9UTpvBckK9yHJ4AaABAg,@ThatGuyFromMaine666,Drakes flow and voice just sounds like azz when it comes to diss tracks he sings like it's still a love song 😂,0,0,2024-05-07T15:30:36Z,2024-05-07T15:30:36Z
UgyjHC4qZDqwrW94vJF4AaABAg,@dz562,"Don’t forget, Drake also called those who gave Kendrick the info clowns but yet according to Drake, he fed them the info. Soooo did Drake just call himself a clown?",0,1,2025-04-16T23:38:02Z,2025-04-16T23:38:02Z
UgwuKUjI8Pyhzw32XR14AaABAg,@funsahw,"instagram is a marketing tool, not a way to keep up with the person you're in a relationship with.   Why would the wife follow Kendrick on instagram? she never has.  I don't follow my family on instagram either.. they sleep in my house or call my phone.",0,0,2024-06-03T21:35:48Z,2024-06-03T21:35:48Z
Ugzbw-9mAJMWLuF8HGh4AaABAg,@T_Vk1327,Did drake really karl malone this shit? How old was the mom 11 years ago?,0,0,2024-05-06T22:27:25Z,2024-05-06T22:27:25Z
UgxUXjAIOjPfqGxgg5R4AaABAg,@dre_manzi722,Listening to this after some time. Drake is grasping at straws. He got cooked and he knows it. This is a flop. 💯💯💯,2,0,2024-08-07T20:10:07Z,2024-08-07T20:10:07Z
Ugxs8PmPqhCu392UndN4AaABAg,@danavodoucreole,This will not age well.,0,0,2024-05-06T22:04:58Z,2024-05-06T22:04:58Z
UgyXDemsnuRCEngHzFZ4AaABAg,@K.YAPHI.INGA.2,"Thinking about it now.....Its either both artists are fuckin crazy for making all this up....Or one of them is actually a really terrible person and should be locked up,and also a crazy person for making all what he said up....😕",1,0,2025-04-28T10:19:06Z,2025-04-28T10:19:06Z
UgxG4ivH3WMiVMJVZKZ4AaABAg,@mainmain282,i actually like the mother i flip. maybe drake purposely say he got molested to trigger that trauma from her mother saying that to him + no one believed him when he said he didnt get touch so drake didnt believe him either. gaslighting 100 lol.,0,0,2024-05-10T04:18:23Z,2024-05-10T04:18:23Z
UgxxeISL09UNbwJbh4x4AaABAg,@Diogisan,Drake is always gonna be wheelchair Jimmy,0,0,2024-05-06T22:26:52Z,2024-05-06T22:26:52Z
UgxcPhx-iNNE1qVTSjx4AaABAg,@san-ti7np,Kendrick is making Drake a better man but Drake is not making time for that. He’s not reflecting too busy deflecting.,0,0,2025-02-16T11:26:36Z,2025-02-16T11:26:36Z
UgwtCJ8pxS0lbe-C3Ux4AaABAg,@NoranekoLyrics,that outro was the most cringy ass thing ever,1,0,2024-05-15T08:12:11Z,2024-05-15T08:12:11Z
Ugwt8IYrCAq-rE0C9QR4AaABAg,@Blockidk-i1n,The winner of this beef is J Cole change my mind,0,0,2024-05-06T22:54:24Z,2024-05-06T22:54:24Z
Ugz7l_KN4ZTHiBRymgl4AaABAg,@mothernature5828,"Master manipulator 
K said wein stein
Doo doo man said ep stein
Is he telling on himself 
Kaceno have the paperwork..oopsie",0,0,2024-06-03T23:44:09Z,2024-06-03T23:45:19Z
Ugzf1kLUt0ToEo6A8xl4AaABAg,@ConmanGam1ng,"Are the sources clowns, or your set up plan? Gotta decide drake.",0,0,2024-05-07T22:31:08Z,2024-05-07T22:31:08Z
UgzBUPM8Uu4-jBPWOYh4AaABAg,@kriaz9916,"drake has some good angles with the baiting but everything else is done so shitty this fails as a diss track overall, if drake is lying about the baiting its over so quick, and even if he isnt because of this track itll give him an advantage but he def isnt gonna win right away. idk man drake is scrambling",0,0,2024-05-07T03:51:33Z,2024-05-07T03:51:33Z
UgxsRFJmlsnmBJj2DHV4AaABAg,@mellochello77,“The ones you getting your stories from are all clowns” then turn around and say “we fed him the information” later. Drake is lying! If so he just admitted him and his whole team are clowns,0,0,2024-05-08T13:08:07Z,2024-05-08T13:08:07Z
UgzF8KSFY_pDGd7a8gJ4AaABAg,@GhosteyLIVE,"there are a lot of holes in this song that make zero sense. when did Kendrick call him a snitch? When did Kenrick compare him to Epstien? When did Kendrick mention MBB? Drake ""wrote"" this trying hard to dig himself out of holes and it just pushed him further into holes. this whole diss was a ""nuh uh!"" and a ""stop being mean"".

Also, Whitney has never followed Kendrick. Never. So why would she now? He hasn'tr seen his kids in 6 months because he lives in New York and they're in LA with their mother. Kenrick is living in New York to work on pgLang with Dave Free.

One more, Kendrick never said he was pulling his music for R Kelly. He said he would pull his music if XXXTentacion's music was removed like they threatened.",0,0,2024-05-08T22:36:06Z,2024-05-08T23:06:41Z
UgwmQ3fYURqsYReVCfx4AaABAg,@czar82ro,His Team Doesn’t Fvxks With Him Just Uses Him That’s Why All His Black Friends Didn’t Speak Up On This Or His Plan Of Attack,0,0,2024-08-24T12:20:31Z,2024-08-24T12:20:31Z
UgyB0zleuD6omMr3V_x4AaABAg,@terrenceparker7241,Yt boi think he part the culture 😅😅,0,0,2024-05-26T15:06:27Z,2024-05-26T15:06:27Z
UgxLGzMdkhdsDdFAemZ4AaABAg,@itzsparks8519,Freudian slip by drake? lol,0,0,2024-05-06T22:54:11Z,2024-05-06T22:54:11Z
UgyOeOX8lTBBpXtDZPZ4AaABAg,@Dchap-vw9hv,Kendrick hasn’t responded 😂,0,0,2024-05-07T07:04:30Z,2024-05-07T07:04:30Z
UgzuwgdFIYTgqagh7M54AaABAg,@zo81677,Epstein?? Kendrick said Harvey Weinstein,1,0,2024-05-11T01:32:15Z,2024-05-11T01:32:15Z
UgyV5XukF4yiDxMRi8R4AaABAg,@jdthegreatone2757,"People sayin that drake was ducking kdot cuz it took 2 days to respond but they forgot it took kendrick almost 2 weeks to respond after push ups dropped, I swear the only thing that made this beef weak is that there will.never be a unbiased opinion about it because nobody has the balls to say if they think drake won to just say it, they have to say kendrick won because who are u to go against everyone else and have your own opinion and say what u really think?",0,2,2024-05-07T05:08:24Z,2024-05-07T05:08:24Z
UgwVBH9jJlrhearRL2Z4AaABAg,@fjabuildings,"Drake commited quite a few mistakes in this song, how do you tell someone to fact check stuff and then not fact check what you're saying?!!! can't be dumber than that 🤣🤣🤣🤣🤣🤣 him feeding info to kendrick is even worse 🤦‍♂🤦‍♂🤦‍♂",2,0,2024-05-06T23:24:06Z,2024-05-06T23:24:06Z
Ugz29vaODcWw19solf54AaABAg,@ran_witit895,"Drake didn't think his fans or Dot fans would actually listen to his pre school lyrics...horrible reply, like he made his case worse. DOT don't even have to drop anything, online is killing Drake from this song to the old pedo stuff",0,0,2024-05-07T14:39:39Z,2024-05-07T14:39:39Z
Ugy1WD8kpa-fQ2S86HF4AaABAg,@Tquidtv,Those aren't even the chords he is saying they are.,0,0,2024-05-07T18:12:00Z,2024-05-07T18:12:00Z
UgwLnFMIWy8yo358ikd4AaABAg,@abiggurl,"and you caught the next bs! Nice! I thought it was funny he used the ""haha you were molested"" as an aha moment and then follow up with ""I'm not a molester"". the irony",0,0,2024-05-08T14:19:53Z,2024-05-08T14:19:53Z
Ugx6GYbfNZcuJ5ofDPp4AaABAg,@Matts-gv6nz,Too famous to be a PD file,0,0,2024-05-06T22:35:48Z,2024-05-06T22:35:48Z
UgwzZmF8RJvMt2OHdpl4AaABAg,@Bryson1989,We all know drake hasn't got receipts of him sending kdot up because its bullshit to cover up the paedophilia. His rebuttal to being called a paedo is 'ha I don't have a daughter'...............yea out of the 2 things mentioned I'd rather he addressed the underage sex allegations 🤦‍♂️,0,0,2024-05-13T08:06:30Z,2024-05-13T08:06:30Z
UgzEFtaXj5L6w13PiZF4AaABAg,@noeyb976,"Or.... Im way to famous to be doin that dumb stuff and risking my money, life and freedom.  Thats how i took that bar.",0,1,2024-05-07T04:53:58Z,2024-05-07T04:53:58Z
Ugxhe7n_aQAl0ffcOkZ4AaABAg,@GastroFork,"16:32 should be the only reaction to this track.

🤡 response, Drake.",0,0,2025-03-28T15:37:45Z,2025-03-28T15:38:37Z
UgwUJOMFhsLQWBkRWBh4AaABAg,@Friendletstalk,"The reaction channels, you guys have got to be tired. This has been nonstop and I don’t think it’s over yet.  This particular diss from Drake to me is very weak and almost making him look even worse.  OK Kendrick I know you’re something.",2,0,2024-05-09T04:18:58Z,2024-05-09T04:18:58Z
UgzfPC0gn13gdDlUORJ4AaABAg,@JoannWhite-sr9in,It’s a nice rap by Drake but Remember. It’s said “Drake is a liar” 😂😂😂,0,0,2024-06-01T19:56:56Z,2024-06-01T19:56:56Z
UgyP6kVI8vgddix00lp4AaABAg,@samuelhunter7748,"You make a lot of good points, but you miss the mark on some more obvious bars as well. 
ie the “fight a woman beater” bar. He’s saying that Kendrick’s nature is that of a bully because he picks on the weaker sex. And bullies are usually that way because they’re getting bullied by someone bigger. Drake would be feeding Kendrick’s bully nature towards women if he bullies him anymore with this battle. 

Keep up the good work.",0,0,2024-05-07T22:35:28Z,2024-05-07T22:35:28Z
UgxIt31CrbWAYLoibiR4AaABAg,@fruitlandgrizzly,Kendrick fans are odd. If Kendrick says something it has to be true but if drake says something it can't be true and needs proof. I'm not a fan of either dude but if Kendrick got set up to make a song about a fake daughter then Kendrick loses. That's embarrassing as hell,1,1,2024-05-07T00:14:12Z,2024-05-07T00:14:12Z
UgzepvG15t96DqiHstt4AaABAg,@diplexplays,Knox I’m confused as to how these allegations being true would change your outlook on drake but you’re not considering the beating allegations on Kendrick? If either of these are true it’s horrendous,0,0,2024-05-07T11:50:38Z,2024-05-07T11:50:38Z
Ugz9GRBZ84qblC84Kb54AaABAg,@christaylor6654,Like Diddy wasn’t respected,0,0,2024-05-06T22:04:10Z,2024-05-06T22:04:10Z
UgzaSieNBo6SUTDzQn54AaABAg,@gloking7094,I don’t think he clowning him for being a victim .. he only saying he know why kdot accusing him .. kdot fans saying what they want it to be instead of what it is .. that’s a fact he is to famous to be doin what kdot say he doin somebody would definitely know .. how come kdot can cross lines but Drake can’t .. I got Drake winning the war kdot winning the back and forth .. they both win 🤷🏿‍♂️,0,0,2024-05-07T00:36:32Z,2024-05-07T00:36:32Z
UgwbBdEd6R-hD6ILlUx4AaABAg,@user-hv9cw8sc4t,LOL I'm insulted this the best excuse Drake could come up with. Too rich and famous? Please.,0,0,2024-05-07T05:11:31Z,2024-05-07T05:11:31Z
UgxuqPzWTAGYe8_iDcx4AaABAg,@kgema89,"Drake did all this just for his #1 fan Akademiks to even admit the items used in the cover art was Drake's 😂

Also, Drake is involved in a court case with the Epstein affiliated Mark Hotel because he wanted EbonyPrince from Twitter to return those items 😂",0,0,2024-06-09T16:46:20Z,2024-06-09T16:46:20Z
UgyyQ5VMMHMuIOfiN4p4AaABAg,@cher545,Why would someone set themselves up to be a pedo. I dont believe drake,1,0,2024-05-07T05:43:59Z,2024-05-07T05:43:59Z
UgwTihNawgO_dHJAufF4AaABAg,@TooChillery,So drake needs proof of things ? But kdot don’t ? Wtf,0,1,2024-05-09T12:59:13Z,2024-05-09T12:59:13Z
UgxTLPTuHZ0_BTSkfHJ4AaABAg,@jayef10,Why would drake feed him fake info THAT extreme for another influencer to discredit him that bad? people are gonna think of drake in a different way now why would he help taint his name? The fake mole excuse seems bs tbh and drake saying he doesn’t mess with kids because he’s rich and famous even though the rich and famous are the main people who are involved in trafficking BECAUSE THERE RICH FAMOUS AND POWERFUL. his rebuttals about the kids stuff was kinda vague too…,0,0,2024-05-06T23:44:16Z,2024-05-06T23:44:16Z
UgwmAickRwO71JTkZ0B4AaABAg,@Bman.95,"I mean, bill cosby and r kelly were too famous and got arrested. Drake has not been arrested 🤷‍♂️",0,0,2026-04-25T02:12:36Z,2026-04-25T02:12:36Z
Ugx27dklj9elebKzrTV4AaABAg,@dwight4694,Drake lost. Its clear this battle has him exhausted and if Kendrick drop another bomb it will be too much for him to realistically come back from. He already has to listen to Not Like Us for the next 2 months everywhere he goes,0,0,2024-05-06T23:40:36Z,2024-05-06T23:40:36Z
UgxLVEy2--eZt0MLkqV4AaABAg,@jedidiahnero9391,Yea... Yea... But his cousin was accused for abusing Kendrick!!!!!!!  He admitted that it affected him as he was growing up...🤦🤦🤦... He also said he is healing... Come on mehn...,0,0,2024-05-07T14:46:31Z,2024-05-07T14:47:21Z
UgwPSsCtVm4jo9VQHRp4AaABAg,@dixie_2_spice,"I’m sorry, while I appreciate the breakdown and I agree with some points raised, this “diss” is anticlimactic. 🤷🏼‍♀️",0,0,2024-05-06T23:45:44Z,2024-05-06T23:45:44Z
UgzhqHVo8qNFZXnTLGt4AaABAg,@lesialewis8990,Drake walking away bc he wants to handle it another way !!???? More like walking away because he has nothing else 🤷🏽‍♀️,0,0,2024-05-06T22:48:50Z,2024-05-06T22:48:50Z
UgxxkBxWDgUQvOIQ0814AaABAg,@aryenarunath84,"That ""Haaaaaaa??"" .....was a loud disappointment.",0,0,2024-05-07T12:49:02Z,2024-05-07T12:49:02Z
UgyMjpo0PV0d5nMvP4N4AaABAg,@Majic_Alien,Yeah Drake basically victim shaming. Should have just shut down the allegations with a single line and moved on. Hung on it for too long.,0,0,2024-05-09T18:43:25Z,2024-05-09T18:43:25Z
Ugxg3YDhWPdvDr22wzN4AaABAg,@demarcusking8908,"D= Drake 
So try to leave Drake flat Drake major.",0,0,2024-05-07T15:38:00Z,2024-05-07T15:38:00Z
UgztfX4Qf7HB_oh0JSt4AaABAg,@laurie711hopes6,Interesting angle for Drake to take on r Kelly when he s/o Chris brown in the last song not to mention his support of Tory. Hypocritical,0,0,2024-05-06T22:07:59Z,2024-05-06T22:07:59Z
UgyEcvF3sR87Y3BAnz54AaABAg,@liangyugao2178,wtf is with al these drake bots in the comments,0,0,2024-05-07T21:30:18Z,2024-05-07T21:30:18Z
UgxGYWshTy41oiny-Gh4AaABAg,@jimmypark6759,Meh.,0,0,2024-05-07T00:28:58Z,2024-05-07T00:28:58Z
UgxHSKTsLq7U9hWsQU54AaABAg,@GoldenKingdom-kp6dt,Ghostwriter definitely set drake up with these bars.......sad.......,0,0,2024-05-07T03:47:09Z,2024-05-07T03:47:09Z
UgyUX3t1pP1P2Pyij9l4AaABAg,@rbaisey8628,"Compared to TNLU , this response is weak, I await K - Dots response.",0,0,2024-07-11T01:28:35Z,2024-07-11T01:28:35Z
Ugye4e9n5xJy4bkVryt4AaABAg,@kingrickbobbi_8506,He’s parroting what he read on fans posts and retweets. He didn’t feed them the info.,0,0,2024-05-06T23:34:14Z,2024-05-06T23:34:14Z
Ugz2Y-_uq-CNM7o2h954AaABAg,@JoannaNFPS,EMINEM IS THE GOD OF DISSES...KENDRICK IS A KING BUT Y BE A KING WHEN U CAN BE A GOD?,0,0,2024-05-10T18:29:08Z,2024-05-10T18:29:08Z
Ugw7HV8oVrCmNaJ1x4R4AaABAg,@Benar_,Knox I did not expect you to be so biased on this one. Crazy how your telling everyone not to believe what Drake is saying without proof but you want everyone to believe what Kendrick is saying without proof,0,0,2024-05-07T03:39:16Z,2024-05-07T03:39:16Z
Ugz19YuJceiIm5Ce4lZ4AaABAg,@douglasmijangos3327,Drake sounds sad on this track 😢😂,0,0,2024-05-06T22:09:22Z,2024-05-06T22:09:22Z
UgyvypA9bEZXDQPXggB4AaABAg,@TheDiegopaulo10,Drake literally made a track begging kendrick to respond and now he throwing disses on him he call him a clout chaser ???? Wtf he is smoking,0,0,2024-05-07T00:57:15Z,2024-05-07T00:57:15Z
UgydJhX5BeGUduw-G814AaABAg,@BrokeBoiRacingClub,This was one of the worst diss responses of all time imo,0,0,2024-05-07T02:19:20Z,2024-05-07T02:19:20Z
Ugy7K1J-sNFfENgjZVJ4AaABAg,@Fragmented_sins,This is probably the first of the disses that he actually writes so that is why its so bad and unlogical.,0,1,2024-05-07T01:13:56Z,2024-05-07T01:13:56Z
Ugx2wAQHIyUkt6Mo84l4AaABAg,@Rare.hafsa91,Who would wish to call themselves pedophiles in their right mind? Drake is lying 😂,0,0,2024-05-07T13:04:38Z,2024-05-07T13:04:38Z
UgwWLFWQlRe7bKMhh2B4AaABAg,@hirwv,"why Drake isn't providing receipts to his claims? He has none. He took info from Kendrick's Mr Morales Ep and totally got it wrong, Kendrick was talking abt his mom being abused, not himself lol. Meanwhile , dirt on Drake being creepy with young girls is flooding internet and his crew members having court cases on trafficking and prostitution. Kenny out rapped Drake lyrically, flows, switches, beats, hitting charts.  And Drake did weak damage control attempt waving white flag and digging himself further. Game over.",0,0,2024-05-07T13:27:38Z,2024-05-07T13:27:38Z
UgyNmeJBqRenQAyB0Gt4AaABAg,@goddrikhyde4990,"I don't understand the angle of drake being like, ""nah you gonna be in this battle"" and then being like, ""why you clout chasing?"" Where is the logic?",0,2,2024-05-07T00:07:06Z,2024-05-07T00:07:06Z
UgzfwaMUCEAXfGVE4_t4AaABAg,@OldSoulNewLife,This beef is Drake haters vs Drake fans 🤣🤣 this is so embarrassing,0,1,2024-05-08T21:27:35Z,2024-05-08T21:27:35Z
Ugzg2OnRkRUlCNJRJSR4AaABAg,@bytemoney5655,"You were scoffing at some of the things that drake was saying in this song but not when Kendrick was saying on those things that he said about drake's family kinda comes off as biased 

You did good job of downplaying drake's writing in this whole beef because you are white and drake is light skinned and didn't what the black people unfollowing it's that or you hate drake 

But solid breakdowns",0,0,2026-05-23T10:20:47Z,2026-05-23T10:59:14Z
Ugx6YWJbHoKCiwF4SvZ4AaABAg,@-ns-8972,"Hear me out for a sec guys! 
If kendrik is saying drake's a pedo and he knew all this then why the fuck isn't he reporting to police or why the fuck isn't he trying to aim at collecting evidence ? I mean he's saying this in a DISS track with conviction then he shouldn't have any problems going to the police with it. Isn't it ?",0,1,2024-05-07T06:00:46Z,2024-05-07T06:00:46Z
Ugy8dztOk5SDFz89Y6t4AaABAg,@PhilosopherFromMontreal,"Even if we put aside the weak writing of the song, the delivery is also incredibly boring. He's just talking over boring music.",1,0,2024-06-19T14:48:22Z,2024-06-19T14:48:22Z
UgyGqrS96Kw4OyqCU4F4AaABAg,@CloudslnMyCoffee,This is some narcissistic projection. Ita giving “Oh you have proof Im cheating?! Well you shouldnt been thru my phone! You cheatin!”,0,0,2024-05-07T06:58:46Z,2024-05-07T06:58:46Z
UgyNl4h9g0lkshyqgEh4AaABAg,@mylesayres6060,"Even Fantano said it, One might wonder if one of Drake's ghostwriters is on a T.D.E payroll secretly... His take on this is awful, plus taking the title out Kendrick's mouth, thinking that was smooth. I mean come on... At least try and fight back... 
P.S. Hey Drake, what happens to a body after Rigormortis, D flat turns into D major.",0,0,2024-05-08T02:30:59Z,2024-05-08T02:42:51Z
UgyqaI6nu1GDzecpxI14AaABAg,@tiabecca-mason,Drake’s 👻 are clearly tired. This is just Drake on the defensive and gaslighting. Drake has no paperwork.,0,0,2024-06-30T16:44:34Z,2024-06-30T17:08:37Z
UgzmNZe9i-CGck_X5D54AaABAg,@Mgidynasty,"Drake fr sounds like that kid who get so caught up in the issues he created that he goes around saying it was all planned 🤣. 
Oh wow take the allegation made against himself and used them against Kendrick?? Lmao this who song was a “no you”",0,0,2024-05-06T22:24:18Z,2024-05-06T22:24:18Z
UgzRGcuU1gKqeHv5GXt4AaABAg,@just_pierre4728,Imagine smoking yourself on your own song thinking you’re the shit… only BBL Drizzy man,0,0,2024-05-07T11:50:10Z,2024-05-07T11:50:10Z
UgyjbvNPCNGUGA4hJiZ4AaABAg,@queenparrismoore8378,Drake is a lier he likes them young 😢,0,0,2024-05-08T01:16:43Z,2024-05-08T01:16:43Z
Ugz9JnTs6S7069mlP0h4AaABAg,@vendetta314dagoddess,Drake is lying his ass off about setting him up and it could be proven that he lied 🤣🤣🤣🤣,0,0,2024-05-06T23:42:22Z,2024-05-07T00:22:04Z
UgyQHOWF2KZydQCqul54AaABAg,@xanderskaggs5537,Gonna be honest i enjoyed meet the grahams and i will be listening to it again as i love when artists tell stories in music,0,0,2024-05-19T14:50:28Z,2024-05-19T14:50:28Z
Ugy5lk6p7BIi5scgUzd4AaABAg,@livingregularly,Look at all these people trying to hate drake drake never touched younger girls you do realize the entourage picks fans out in shows not the artist yall should also realize drakes not really even trying you do realize this mans a veteran as a artist look kendricks good lyrically. But thats about it drakes got more variety i will always put him and jcole above kung fu kenny cole drake then kenny im sorry kendrick is not better then jcole. as a artist? better then drake lyrically yes but drakes has better career better money maker,0,1,2024-05-07T04:54:24Z,2024-05-07T04:54:24Z
Ugzzxo8abyt_w9Iw9uB4AaABAg,@wolfmoon6360,If Kendrick was lying then Drake can sue him for defamation so...,0,1,2024-05-13T13:52:30Z,2024-05-13T13:52:30Z
Ugwxo9UoNRxLYhkLu4J4AaABAg,@amanSpawn00,"I really am confused
If we talking the real? What Drake said about Whitney is REALITY
If we gonna check Drake over kiddy shit, Kendrick should be checked over Domestic Violence",0,2,2024-05-11T14:01:34Z,2024-05-11T14:01:34Z
UgzmbM_fQfWO68HEkTZ4AaABAg,@jaysnipez2522,Who’s back after drake deleted this track from everything. Absolute clown 🤣🤣,2,0,2025-03-08T22:33:01Z,2025-03-08T22:33:01Z
UgwV1_mUcCrvgSPPUlJ4AaABAg,@klmn4346,They all got caught...drake is too famous,0,0,2024-05-07T12:54:11Z,2024-05-07T12:54:11Z
UgxEz0-xthX5d6RJJJZ4AaABAg,@isaacmor1248,He played himself out being too famous lol. Drake is all ego and it got him right there.,0,0,2024-05-07T03:31:28Z,2024-05-07T03:35:06Z
UgwIhlehq9DFWnWogM54AaABAg,@Kjellegren,drake is afraid thats why,0,0,2024-05-07T07:40:40Z,2024-05-07T07:40:40Z
UgzHRH9Wagr3v6vtEwl4AaABAg,@marcushoffpauir5240,I'm not a fan of Drake or KDot...but I wanted to say Kendrick put himself in a lose lose situation in my eyes. If you know someone is a pedo...you report them or handle it. To hold on to that and use it for rap makes you a shitty person...and if you're just accusing someone of it just try and win a rap beef...still makes you a shitty person.,0,0,2024-05-07T16:38:12Z,2024-05-07T16:38:12Z
Ugzri8oiSHmN_ZUVeqN4AaABAg,@dubzzzmacq8658,"Being unbiased, Drake is looking really suspect. He contradicted himself multiple times. Kendrick is being methodical with the titles, drop times and lyrics. I dont buy someone like Kendrick risking his career from whispers. He probably has proof. Like Kendrick said, he has lied about 5 other things, so why should we trust him?",0,0,2024-05-07T00:19:08Z,2024-05-07T00:19:08Z
Ugw-jSPbZJY3uapEyIh4AaABAg,@justsayin8700,"You must be misunderstanding Drake cos I saw it a whole different way. He’s saying he’s never messed with any underage girls, and the reason Kendrick is obsessed with it is cos he’s a victim of  SA as an underage 🤷🏾‍♂️",0,1,2024-05-08T10:00:25Z,2024-05-08T10:00:25Z
UgwPjQwD8i7_44E-ll54AaABAg,@larson8,It's over. Drake lost,1,0,2024-05-07T03:40:34Z,2024-05-07T03:40:34Z
UgzVIV2ejrxna9_xiQ94AaABAg,@7LAMPSofFIRE,"Drake succeeded. Knox Hill, break down the pyramid stones but can't breakdown the energy Drake putting out? 
Drake is bodied & buried. 💀⚰️🪦",0,0,2024-05-06T23:48:39Z,2024-05-06T23:48:39Z
UgyLH8iJGlzoDyOcQEN4AaABAg,@waytooneedy,No drake said and meant exactly what he said about the mother I sober stuff…he purposely said he was molested because Kendrick kept saying over and over he wasn’t and nobody believed him. He’s picking at his trauma and it’s a very low blow.,0,0,2024-05-08T00:18:40Z,2024-05-08T00:18:40Z
Ugw6x6rRQLz2p2uFHD14AaABAg,@B8226,"Drake lost.....pure and simple.
Drake lost from the very beginning we all know it. Kendrick is evil with the pen",2,0,2024-06-23T04:25:26Z,2024-06-23T04:25:26Z
Ugym87xPpfcxVcYM3lZ4AaABAg,@LaSlattance,"Mocking a supposed molested kid is horrible but its even worst when you know that his mentor, Lil Wayne, was introduced to sex by Birdman when he was a minor. Drake is shooting at Lil Wayne without even knowing...The Heart Part 6 might be the worst diss ever",0,0,2024-05-07T15:43:18Z,2024-05-07T15:43:18Z
UgzGWvOLRGXEDF2xV6h4AaABAg,@khymberlee,WTF is this ABC style rhyming????? It’s definitely evident that Drake’s writers actually ghosted his a** and he wrote this himself. I have a 9 year old neighbor with better bars!!!! 😂,3,0,2024-06-10T01:17:20Z,2024-06-10T01:17:20Z
UgzVMXNpVt7dhUdHry94AaABAg,@riss1024,Drake:🏳️🏳️🏳️🏳️🏳️🏳️,0,0,2024-05-07T04:56:29Z,2024-05-07T04:56:29Z
UgzRXrQoGeM071Yv9Ql4AaABAg,@colorshigh782,You not saying anything anout the fact kendrick did all these diss tracks n still haven't reply to his bby moms n dave situation..thats 1. Two whts up with drake saying he the one who called tupac estate kendrick still no replies to these whn drake answers to everything kendrick claims.sounding a bit bias my boy...you all keep talking about this young girl thing dude he's right not everyone is puffy or epstein fam stop being bais fam i love your breakdowns but anyone watching you can see u a kendrick fan ..,0,0,2024-05-07T01:51:35Z,2024-05-07T01:51:35Z
UgxoKtop67SeRzQY6ZF4AaABAg,@unclesgames,"I honestly find it weird that Drake will be looked like a peado because he was accused yet totally neglect Kendrick being a woman beater. If any of these allegations are true, they are both wicked. But am starting to realise it's not at all about what is being said, people just want Kendrick to win.",0,0,2024-05-07T02:07:01Z,2024-05-07T02:07:01Z
Ugw9VPFFBPw2Xr-Y4xB4AaABAg,@YO-AIZEN,To be honest i am not drake fan but the way rap community meat ridin Kendrick from day one and Drake's music is always weird I don't fuck with it but this time he putted efforts and it was good too but all reaction  channel are so baised they don't give a shit about drake part and when they hear Kendrick breathe they be like omg killed i mean atleast do it being unbiased only one channel i saw was being reasonable and breaking down stuff noticing details was knoxx hill shout out to him but yeah man at the end of the day it's music we should appreciate not worshiping the person makin it weird asf imo,0,1,2024-05-10T16:20:48Z,2024-05-10T16:20:48Z
UgyhJrS8VJzH0w3ntKd4AaABAg,@19999pine-apps,"Let's see. 

One Artist, who's never really cared for the limelight or the numbers or the other Artist, whose whole image is built upon prestige and the numbers and the limelight and social media.

Which one is using bots to boost their numbers?

Yeah the using bots bar is lame as fuck. No trolling or memes on social media will ever change the fact that Drake got destroyed in this rap beef. The NLU music video just dunked on all of Drake's angles. It's a god damn homicide.",0,1,2024-07-09T00:17:24Z,2024-07-09T00:17:24Z
Ugx9Dxmsgt5BsVt9I2Z4AaABAg,@avlnv,"Nice unbiased reaction! I think people overreact to everything Drake says because a lot of them already wanted him to lose. Kendrick threw serious allegations without proof and people accepted them just because it’s Kendrick. The Heart Part 6 is over-hated… the beat and flow are solid and Drake actually responds to the claims even though there’s flaws. The “too famous” bar isn’t saying he can’t do wrong, it’s saying he’s under a microscope and if those things were true, something concrete would’ve come out by now. A lot of this debate feels driven more by bias and narrative than by what was actually said, especially when people frame it as just Kendrick vs Drake while ignoring that Drake was dealing with multiple artists at once and nonstop public pressure on social media.",2,1,2025-12-17T05:28:02Z,2025-12-17T05:28:02Z
UgzTR5XeyWmXJps5PUB4AaABAg,@cushc,I really like your channel and your analytical breakdown of each lyric and song.  First class!  My only critique is you are team Kendrick and it shows in your view and reviews.  I am Kendrick fan also but I refuse to D ride.  Throw out an allegation that someone is a child molester is a serious allegation that before you throw it out you need to be sure that is the case because there is no coming back.  You didn’t address this in any of your reviews because you are team Kendrick but Drake fired back @knoxhill  to offense.  I know it’s hard not to ride for your team but be careful to be fair across the board.,0,0,2024-05-06T22:34:13Z,2024-05-06T22:34:13Z
UgxXV-gjmNu_nF2Hzmt4AaABAg,@scottmartinez8699,Can someone please tell me how kdot won if we still haven't heard a response after this??????????????,0,1,2024-05-16T22:58:23Z,2024-05-16T22:58:23Z
Ugwymy4mdC-g4rGiroZ4AaABAg,@dominicpalladini7290,"I just cant understand the angle of Drake... He just confirmed that he is a master manipulator, like K dot said... That track is going backward. He want to be out of it cuz the steam is going up for hiss as*... Oh.. and Montreal said to Drake to stay in Toronto... we do not acknowledge is connection!",0,0,2024-05-06T22:22:35Z,2024-05-06T22:22:35Z
UgzFdYCcn19Gt6to9a54AaABAg,@jedidiahnero9391,"You.missed most of the plots, build ups & wordplays.....🤦",0,0,2024-05-07T14:39:06Z,2024-05-07T14:39:06Z
UgxzdTnfULKHyA2EXx54AaABAg,@zhulJOJO,Drake:🏳️,0,0,2024-06-09T00:04:47Z,2024-06-09T00:04:47Z
UgzPKmOtRL2_jprJVBd4AaABAg,@DAANYAHU,"I just realize something…. Didn’t Dot defend RKelly and said if they take down his music , take down his music to??? 

Ain’t RKelly a pedo ? 👀‼️

Drake did say everything he said was facts

Also, woman in the background saying, “Prove It” is nasty work 😮‍💨

Drake the Boogyman now ‼️👀",2,1,2024-05-06T23:05:23Z,2024-05-06T23:05:23Z
UgwPJo9Y3fWisb6-bdV4AaABAg,@YBLjapanman,"Drake said ""if i was fucking young women id have been arrested"" but in poetic justice he literally mentioned a ""young east african girl"" 😭",1,0,2024-05-22T20:15:37Z,2024-05-22T20:15:37Z
Ugx_vweB-XTvFI_PgJB4AaABAg,@MS-wz9jm,"This is the problem with this garbage. They say a lot of shit with zero proof of anything. Kendrick calling drake a pedo, how does drake prove he's not - its just stupid. Drake is right though, he too famous and more importantly got too much money, if it was true they would have come for his cash by now.",0,0,2024-05-07T02:09:37Z,2024-05-07T02:09:37Z
Ugwmxi0iVmGhZWL3yVJ4AaABAg,@JordanLester-h8d,I like the comment someone else here meant calling this a “defense track.”,0,0,2024-05-23T15:56:29Z,2024-05-23T15:56:29Z
Ugxm_oHP1_TwP9Ni2k14AaABAg,@tbolt720,This shit was lame. Just Drake being all nu uh. Claiming he can't be a pedo because he is famous is hilarious,2,0,2024-05-06T23:20:56Z,2024-05-06T23:20:56Z
Ugz0Y4iv6ZUofij9yGl4AaABAg,@digems123,"Knox. First time comment, long time watcher. I understood the Political correctness of your break down but, your head nod changed as a father when listening to the Drake bars. No need to respond.",0,0,2024-05-09T08:41:15Z,2024-05-09T08:41:15Z
UgzpZ740jQXxE-K2X-Z4AaABAg,@Legend93x,"Drake slowed down his flow, and matched Kendricks other songs that were elevator music,  and he did it better, voice more raspy, love it. But kendrick fans saying drake sounding tired? Lol your artists whole catalogue is elevator tired sleepy music. Sit down. Drake won this",0,0,2024-05-07T18:10:30Z,2024-05-07T18:10:30Z
Ugw_ZNhprKHiiMNY_C14AaABAg,@ong3408,"It feels like he just gave up. ""It is what is it"" are you serious 🤣, and the allegations I feel like he doesn't address them very well. You way too famous most people who do shit like that are too famous. And what you don't feel like dissing him anymore. ""I see you when I see""",0,0,2024-05-07T00:01:30Z,2024-05-07T00:29:00Z
Ugypvp0hCYpkLbP82EV4AaABAg,@danielhernandez2575,"I'm happy you're calling out the im too famous to be a pedo line but no way you think the b sharp bar is good, it's so corny",0,0,2024-05-10T20:13:18Z,2024-05-10T20:13:18Z
UgwcfIThQfbIUiLBXuh4AaABAg,@denzelherrin3674,I came to the conclusion Drake could’ve never won Dey want to see him lose like seein Jordan Lose all his jawn have been hotter if he came out lying ppl would want to see advice there has been no advice for KDot but Drake spittin truth n no one cares truth always triumphs lies,0,1,2024-05-09T19:27:11Z,2024-05-09T19:27:11Z
Ugw17E8F4TQpNgA4nEh4AaABAg,@Areus019,"""fed you the information"" *gets blindsided by MTG and started asking for receipts on the child on insta* Idk man doesn't look like you fed that information or any info at all. Staying silent from then until this dropped would've set this up better but nah this is just an convenient excuse. All thos medals on his jacket might've been participation medals lmao😂",0,0,2024-06-25T14:37:24Z,2024-06-25T14:38:01Z
UgyhA2xBzVY8_EMk2Cl4AaABAg,@EarthTraveler3087,"Groomer, loves the early bloomers - drakie",0,0,2024-06-29T16:27:30Z,2024-06-29T16:27:30Z
UgyJszeKWV_g6J3VvpV4AaABAg,@Zack-vi7is,"Drake loses simply because this song literally can't be rapped out loud. Imagine being in public rapping along to ""you won't see my name on no sex offender list"". Anyone who heard that is calling the cops immediately. And if you're making a song that literally makes you sound like a sex offender when rapped out loud you bodied yourself.",0,1,2024-05-07T04:20:42Z,2024-05-07T04:20:42Z
UgwpIFuARj_F_sBj98Z4AaABAg,@Flatsquirrelnapsack,"I understand your point of view Knox, but innocent until proven guilty, right? Kendrick fans just look at it as guilty until proven innocent. Anyhow, appreciate your breakdowns as always. Just a bias opinion from a loyal fan. #TeamDrizzy",0,0,2024-05-06T22:06:46Z,2024-05-06T22:06:46Z
Ugwhgedsp1IjeSwBmlZ4AaABAg,@osmincrespo1354,"Know, you are not Knox hill certified since you said drake is Knox hill certified after all this bs he got exposed for",0,0,2024-05-14T22:42:51Z,2024-05-14T22:42:51Z
UgxoS1crhF8ohNeCV3p4AaABAg,@LaSlattance,"Kendrick NEVER defended R Kelly. He was against Spotify deleting his music, like its for the people to boycott, Spotify or others cannot decide for us.

PS: I disagree with him there bc R Kelly was mainly sexual in his songs soo ewww but he got an innocent family, if they can leave in peace with his money I mean 🤷🏿‍♂️ . And lets not just focus on R Kelly here. Imagine a world where streaming applications start deleting Tupac music bc he was gang affiliated or Jay-Z's bc he waa selling drugs back in the day. Who wants that?",0,1,2024-05-07T04:50:13Z,2024-05-07T04:50:13Z
UgzFo8baMdEhnSSNCnp4AaABAg,@justnolawe3889,Drakes got an iq of a 7 year old,0,0,2024-05-07T20:16:09Z,2024-05-07T20:16:09Z
UgzTcirb4wayJXiT4q54AaABAg,@NaybaHOODTherapist,This shit was garbage he sounds defeated,1,0,2024-06-18T02:51:33Z,2024-06-18T02:51:33Z
UgwaUyNeLtDdphBkDB94AaABAg,@Jack_of_al_tradez,You all were happy to see Drake lose smh…criticisms you didn’t have for Kendrick is crazy,0,0,2024-08-16T02:09:24Z,2024-08-16T02:09:24Z
UgzftXcaryHPZKD-HCV4AaABAg,@jacquelinerandle5152,That's why people's not reacting heart part 6  Drake.  because it was full of lies. one straight up fact check we see  he's lying.,0,0,2024-08-25T23:42:24Z,2024-08-25T23:42:24Z
UgyyD5qKK3X7TpSIUaF4AaABAg,@garnikhakobyan5786,"Nah man, if Drake feed Kendrick that false information, it is an L automatically because ther would not be reason to believe in the rest he said. So, Kendrick needs to address it quickly.",0,3,2024-05-06T23:28:48Z,2024-05-06T23:28:48Z
UgwjFUGvuDQNuHu4t-J4AaABAg,@GloriaKiss-y3p,"The only thing we get about Drake's dis track is 
that he's mirroring 
Mr.Lamar on piano bits and tabloid info that was found to be second hand gossip. But when he got found out about his daughter that was true and the under age girl you kissed on stage 
well her mother is public about not being to happy with you. 
And news is out about your party at your house that your father had when he invited young girls and women to your house and had car services to pick them up 
But when he didn't feel he was being showed a good time, your father had them leave but they had to go and there was no Uber service way out there. Well the girls are mentioning it on social media 😮.
Why didn't you just 
hire an escort service for your father?",1,0,2024-05-25T18:13:08Z,2024-05-25T18:13:08Z
UgwTqvHdkn121nXGY_V4AaABAg,@lamesteal9410,Even sayin im too famous to be fucking Young Girls sounds crazy why you say it like that lol,0,0,2024-05-06T22:13:03Z,2024-05-06T22:13:03Z
UgzDFyvowVO29XIzVHh4AaABAg,@loulounana8690,Drake is low😂,0,0,2025-06-09T21:42:29Z,2025-06-09T21:42:29Z
Ugwr7WcpnF5CUeM0NNZ4AaABAg,@Kiritopa_Hokena,How can you take Drake seriously when don't even write his own sh#t 🤷🏾‍♂️,0,0,2024-05-07T14:16:06Z,2024-05-07T14:16:06Z
Ugz9uOXmdD7EQy85Q7R4AaABAg,@AZ-tt1lw,"No disrespect to you, but this vid only got half the views of your ‘Not Like Us’ react cause we really don’t give a fuck bout him saving face after being obliterated.",0,2,2024-05-08T07:47:36Z,2024-05-08T07:47:36Z
UgyVHzJznStzdlmcPtZ4AaABAg,@oluwatamiloreray3186,Don't understand why yall treat kendrick like this holy black messiah....all i see is a hypocrite how can someone have so much hate....he literally said he wants another human being to die ....i like the way drakes is backing out ...he dont gat reply no more ..he said his peace..,1,0,2024-05-06T22:49:56Z,2024-05-06T22:49:56Z
Ugw2w0jBd6K5ElF6b0d4AaABAg,@JackickA,"Im sorry but i don’t respect drake what so ever because one of his ghost writers probably wrote this, and compared to kendrick’s diss tracks this is no where near as good in my opinion 💀",0,0,2024-05-07T02:51:31Z,2024-05-07T02:51:31Z
UgxGdOjRPr66fBkxRLt4AaABAg,@JordanLester-h8d,“Montreal connects” is usually code for “I have ties to hell’s angels”,0,0,2024-05-23T15:55:42Z,2024-05-23T15:55:42Z
UgwAlgf1xGapx1D9L2d4AaABAg,@stefansmyname215,"19:00
a really bad take ngl. He didn’t ”clown” him for that, he used that story to show why Kendrick is so obsessed w that pdf angle.",1,0,2024-08-14T02:32:36Z,2024-08-14T02:32:36Z
UgzmCbp75TCmfUi9MPh4AaABAg,@JP96626,Cole would smoke Kendrick & Drake. 7minute drill harder than all of these back&forth tracks… might delete later,0,0,2024-05-09T22:25:12Z,2024-05-09T22:25:12Z
UgzK_i9E7lPo5grwNnJ4AaABAg,@robertace1703,If Kendrick responds to this it’ll be a decapitation. Bc Drake won’t respond back either.,0,0,2024-05-06T22:45:54Z,2024-05-06T22:45:54Z
UgyDYQnbS1Q6v1ji5_N4AaABAg,@livelovelifefoundation7,Yall so lost,0,0,2024-05-08T03:08:33Z,2024-05-08T03:08:33Z
Ugy2Tepx3V9kokUv25N4AaABAg,@dominiclovato14,Drake did it. He won damn! 😳,0,1,2024-05-10T00:37:43Z,2024-05-10T00:37:43Z
UgzN2tlvPE1O5HEuYZ14AaABAg,@Dynbear,drakes trying to divert the masses then realized he lost that power than showed his true delusion subtly waving with white flag.,0,1,2024-05-07T18:46:47Z,2024-05-07T18:46:47Z
UgzYUyQRiQfQFkt4HQZ4AaABAg,@briannagagliastre2679,"Drake is Wayne's creation...think about this what if drizzy is being fed by wayne so logical right... Drake is weezy a.i.
This like not Drake! He can't spit like that",0,1,2024-05-07T23:18:05Z,2024-05-07T23:18:05Z
Ugy8UfyimwljU5UWfGl4AaABAg,@Bdavis2475,I was a big drake fan in the day. But i gotta say compared to the last couple Kendrick tracks this one just did not hit,0,0,2024-05-08T15:11:41Z,2024-05-08T15:11:41Z
UgxfntgIYSlDg-GUT9h4AaABAg,@miguelyt2415,"You know he didn't write any of these, it sounds like he's reading a book... what a shame.
If he wrote this, you would feel his emotion, but there's none of that... Drake sucks",0,0,2024-05-07T04:22:59Z,2024-05-07T04:22:59Z
Ugytu0NQJyKZ4wRoxJF4AaABAg,@SarafromtheCity,EVERYONE IS going to be listening to DRAKE in the summertime and Kendrick is going back to his little room 😂😂😂😂😂 drake wins,1,0,2024-05-07T00:58:46Z,2024-05-07T00:58:46Z
UgwrZKm62QWieQvxLFp4AaABAg,@aliciasirena8104,"Drake is weird... I listened to his diss tracks through you, and this guy is weird. I think he feels that he is protected and he can do whatever he wants and nobody is coming after him. On the other hand Kendrick seems straighforeward on what he says; Drake has something very shady in there... If he keeps going, he is going to end up worse than MGK when he messed with Eminem.",0,0,2024-07-21T21:50:43Z,2024-07-21T21:51:24Z
