comment_id,author,text,like_count,reply_count,published_at,updated_at
UgwAkt_0DNIspn4ThaJ4AaABAg,@KnoxHill,What else should we react to? 🤔 Comment below! Also if you like the shirt I'm wearing grab yours & other merch direct from me now 🤟 https://www.knoxhillmusic.com/shop/gotta-catch-em-all-longsleeve-tee,678,116,2024-05-04T15:03:01Z,2024-05-04T15:03:01Z
UgxfWGcPfFP8KyRUARt4AaABAg,@KnoxHill,To all the “you’re late” comments. I am a father and have a family to raise. It’s the weekend. Chill. Family Matters 😉 Enjoy the 50 min breakdown 🤟,9035,382,2024-05-04T15:20:10Z,2024-05-04T15:20:10Z
Ugy3KT2AqsQX2t_pTqZ4AaABAg,@giddy5210,Y’all better give this guys his flowers. The way he breaks things down is crazy. Hats off to you.,2460,15,2024-05-04T16:14:52Z,2024-05-04T16:14:52Z
UgzUAI_tdy40tcHBlzt4AaABAg,@ADITYAKUMAR-gl4gj,"J Cole doing house chores, singing ""No Such Thing as a Life That's Better Than Yours"" 😂😂",1963,33,2024-05-04T15:29:24Z,2024-05-04T15:29:24Z
Ugyx3r0GpbUPdvqg2154AaABAg,@Iamrichsosa,36:36 fast forward he was right lol. They gave him the grammys 😂,117,2,2025-08-21T14:43:25Z,2025-08-21T14:43:25Z
UgyePA-DjlW0918_KVp4AaABAg,@X2Musashi,"3 diss track in one day from Drake and Kendrick is insane, what a historic day in hip-hop.",1769,42,2024-05-04T15:06:06Z,2024-05-04T15:06:06Z
Ugx4DpneBrwyZqVfVlh4AaABAg,@Verycursed,Drake releasing family matters and then Kendrick immediately dropping meet the grahams really proves that Kendrick wasn’t lying when he said “I can predict your angles “.,2552,173,2024-05-04T15:07:51Z,2024-05-04T15:07:51Z
UgzncbDbEFlP9G20Ar94AaABAg,@Killsquad2,Nobody breaks down bars like Knox. I'ma 35 yr old father and I don't keep up with celebrities. NO OTHER reactor does this level of breaking down bars,989,17,2024-05-04T17:14:34Z,2024-05-04T17:14:34Z
UgxRj7FVXZhl0buivwR4AaABAg,@goblebrotherracing5525,"This song was so underrated imho 

I thought this was one of the better ones out of the battle honestly.",118,4,2026-05-21T03:26:42Z,2026-05-21T03:26:42Z
Ugzx5iL-7yziiRTswbJ4AaABAg,@djee475,"Cole looking like Nostradamus right now probably somewhere singing kumbaya
(Edit: wish he could've foreseen that awfull Grippy shii as well tho')",1114,10,2024-05-04T15:02:32Z,2024-07-08T06:53:23Z
UgzmGxmzUnBiZsWetcp4AaABAg,@KnoxHill,Adding to the breakdown: the obvious bar PC - for protective custody. Sometimes I skip past the obvious lines and start looking for the doubles/layers to explain and then forget to come back to the original. Tired brain FTW,1528,29,2024-05-04T15:53:17Z,2024-05-04T15:53:17Z
UgwcIyYkEClLe5dosF54AaABAg,@JackVolpeOfficiel,"Not hating on other reaction channels but man, you can't compare... knox is actually breaking things down, he's not jumping around screaming ""oh no you didn't! oh no he dead! Oh no it's over ma boooiii!"" This right here is gold, take all your time man ;) family matters indeed eheh",721,15,2024-05-04T17:29:54Z,2024-05-04T17:29:54Z
Ugw40DHcJIw68ntu2oN4AaABAg,@Dan-qh6me,Man I love how non biased you are. And I love how educated you are when it comes to breaking down bars!!,200,0,2024-05-04T21:17:30Z,2024-05-04T21:17:30Z
Ugx0wA7k6OMT3_Sqez94AaABAg,@thatbigblackguychannel2576,"You missed one. Michael Jackson has a darker skinned  brother named Jermaine Jackson, who he didn't want in the limelight.",829,11,2024-05-04T19:34:18Z,2024-05-04T19:34:18Z
UgzkilvFBr3rE9BO6x94AaABAg,@Tachudda,Aged so so well🥶,24,2,2026-05-30T21:13:41Z,2026-05-30T21:13:41Z
Ugx83GSI2T4jwMn4mn14AaABAg,@MrAntoineglenn,"If I didn’t watch you, I would miss 70% of these bars. Best reaction and breakdown on YouTube!",193,0,2024-05-04T18:31:30Z,2024-05-04T18:43:23Z
Ugwp3PXk90reQi2dvp14AaABAg,@TheLogicalist3000,"Let’s be real: J. Cole backed out, and everyone laughed at him for it, but it was probably the smartest move of his career. Dude saw the writing on the wall.",900,33,2024-05-05T21:10:46Z,2025-09-27T20:44:45Z
UgxrrZcPdtMK6CYJgc94AaABAg,@dandeve,It’s impossible to watch any other reactors after one hears Knox breakdown a track. PhD level reactor right here!,128,0,2024-05-04T17:25:42Z,2024-05-04T17:25:42Z
UgwQ6PwvyFmuz98ZNRh4AaABAg,@shhdusjs,Bro has to work overtime because of this beef💀,793,13,2024-05-04T15:01:40Z,2024-05-04T15:01:40Z
UgyhCKCjK6-9GyEAtP14AaABAg,@karms1500,"you missed the Jermaine double, cos he's talking about how Kendrick is Michael, and that he wanted Jermaine to stay out of the light. Jermaine meaning J Cole, but also Michael's brother Jermaine Jackson.",247,8,2024-05-04T16:18:59Z,2024-05-04T16:18:59Z
UgzaBUDyDj00FWsS3H14AaABAg,@garykudzaishe493,That dark light Micheal Prince bar was sick,4,0,2026-05-24T08:18:44Z,2026-05-24T08:18:44Z
UgxdF-qWTyG9OFdOWbB4AaABAg,@ABornEqualizer,"Basically… Like that was a strong jab, push ups was like a roundhouse kick, euphoria was combinations, 6:16 was a slap like “ok stop playing” family matters was the gloves coming off but meet the grahams was “Kenny had a knife the whole time”",537,28,2024-05-04T18:37:02Z,2024-05-04T18:37:02Z
UgxYEpEkXS4_70daY-R4AaABAg,@CocaCoca44,Who's here to pass time until Knox drops his meet the grahams reaction?,616,35,2024-05-04T15:07:09Z,2024-05-04T15:07:09Z
UgyUDvt0t9i9qYVKnMl4AaABAg,@queenofpents3442,"He's not late, chill out! These mf literally dropped at the same time around midnight on a Friday.  It hasn't even been a whole day! Do your thing Knox!!",73,0,2024-05-04T16:19:11Z,2024-05-04T16:19:11Z
UgwgmFKCeTvwvR3occh4AaABAg,@Grand-906,"An actual breakdown, unlike most of the other reaction channels",14,0,2024-05-05T05:09:06Z,2024-05-05T05:09:06Z
UgzKkGnOfJDRcMjJ3Zp4AaABAg,@TheMopar181990,"To all these people claiming you're late, not that you need to be told but bro ignore them. You're by far the best break down channel on YouTube, Knox. Us real ones don't mind to wait for the best 🙏🙏",259,7,2024-05-04T15:44:22Z,2024-05-04T15:44:22Z
UgzvPqT3NToelurPSc94AaABAg,@zmogray,Barology PhD Knox working overtime! Appreciate the hustle my dude!,166,2,2024-05-04T15:02:29Z,2024-05-04T15:02:29Z
Ugzhc1FtwOlQed1YaFF4AaABAg,@DreamOfZaine,Rap hasn't been this fun in years i'm so excited,136,2,2024-05-04T15:06:25Z,2024-05-04T15:06:25Z
Ugx-57lQBWVFOs51ZTJ4AaABAg,@JBC33,The car in the 2nd beat is a hearse. Because he's killing him. After he literally destroyed Kendrick's van in the 1st part.,31,0,2024-05-04T22:07:17Z,2024-05-04T22:07:17Z
UgwLAb_-iPCHiVqX60Z4AaABAg,@daltonstivers5397,I like how knox says we'll save the pg allegations for another day. Nah. You'll address them in an hour 😂,301,9,2024-05-04T15:37:15Z,2024-05-04T15:37:15Z
UgytNzYKmCfUuV-Qjdp4AaABAg,@MarcoJuniorFLA,"J cole knew what was going to happen. He has the lyrical capacity to compete with Drake and Kendrick Lamar, but the consequences to be in this beef could lead to damages that are irreparably!",343,18,2024-05-04T15:39:01Z,2024-05-04T15:39:01Z
UgxacboKJpDPRvfhox54AaABAg,@labelmethis530,I didn't want to watch on Drakes channel so I waited for this. Thank you for all your hard work,20,0,2024-06-18T11:51:32Z,2024-06-18T11:51:32Z
UgzbcJdM8x13I0uqUop4AaABAg,@Yoyoyoitsdatboi,"LOL 4:50  ""I was really trying to keep it PG.""   Knox: ""You still got those other PG allegations, but that's for another day.""",124,2,2024-05-04T15:08:41Z,2024-05-04T15:08:41Z
UgzmAs6Tt3Wmbig5bcl4AaABAg,@aimwrld3970,The fact that Kendrick dropped right after it’s fucking crazy,11,0,2024-05-04T16:06:53Z,2024-05-04T16:07:40Z
UgxrSfoUg1qCf83x9YN4AaABAg,@neutronmusic1512,Finally been waiting on your reaction since last night. Hip hop is nice and active. Tuning in from Jamaica 🔥🔥🔥🔥,194,7,2024-05-04T15:01:57Z,2024-05-04T15:01:57Z
UgwgnrHrDrRp2Z3wk_t4AaABAg,@iam_chinchillaa,the pendant at the beginning is not a snake.  It's a replica of the 50 Cent G-Unit spinning pendant that jeweler Johnny Dang made for Drake.  That ties in with Drake's earlier diss track Push Ups that starts out with the DJ Whoo Kid tag. Whoo Kid is a G-Unit affiliate.,118,4,2024-05-06T06:08:34Z,2024-05-06T06:08:34Z
UgwzFAxsJtC4IuH2IAF4AaABAg,@ricky_ryda,"I thought knox was gonna drop 2hrs videos merging ""family matters"" and ""meet the graham"". I've been refreshing my feed like crazy for this",43,0,2024-05-04T15:27:27Z,2024-05-04T15:27:27Z
Ugw7btvzMXPATRvxnMV4AaABAg,@SocomRenegade,As a black man I appreciate how you tow the line respectfully brotha,218,9,2024-05-04T17:00:49Z,2024-05-04T17:00:49Z
UgwElCMA_xtWt_nEF514AaABAg,@fatherlost,PC= Protective Custody,24,0,2024-05-04T15:08:24Z,2024-05-04T15:08:24Z
Ugw_AB5W8-TS7A5u4214AaABAg,@Meohmyh,"As a busy mom dying to know all the lore and disses, this is perfect 😂",8,0,2024-05-05T18:35:30Z,2024-05-05T18:35:30Z
UgyYONVbEJGb90vDZHh4AaABAg,@glennwilliams1611,"That line with “think you bishop in juice” is so much deeper. The crew was cool until bishop got too outta pocket and started offing what he considered to be competition for his position as “leader”, only to be offed by the one he underestimated most…",69,2,2024-05-04T16:58:44Z,2024-05-04T17:02:06Z
UgxLaNa-dF_Z1bkJEI54AaABAg,@da0701,Knox is the only reactor i seen so far who caught the Uncle line first listen. Knox Hill Certified stuff,19,0,2024-05-04T17:47:08Z,2024-05-04T17:47:08Z
UgwTsyAXVRSiD8WVned4AaABAg,@oBarbinha,"Knox can't take a break, dude. He's just throwing an hour of his day to give us this amazing breakdown and those 2 keep birthing new disses every 10 minutes ",93,2,2024-05-04T15:50:19Z,2024-05-04T15:50:19Z
Ugx-LOpgenTtRRTMjR94AaABAg,@adamelsea7151,"Dude!! I've been following ALL the rap music reviewers on YouTube (Scru, Shaq, etc.) religiously for years now! How the Hell did I not run across a video of yours until this morning? For the past 12 hours I've been on your page and I felt a compliment was well deserved. Thoroughly impressed with your knowledge and ability to explain things better than any other reviewer on here, that I've seen, is very impressive! That's just covering your reviews and they aren't even what you're best at. But anyways, I'm going to go watch some more of your reviews now. I just had a strong feeling after I watched your last review and disses on Scru that I needed to show my respect. #NewFan4Life",41,1,2024-05-18T01:57:40Z,2024-05-18T01:57:40Z
UgzQNYx9FGfeM_Zh1d14AaABAg,@JasonKing8113,This is fitt'n to be one of if not the best rap beef to date,28,0,2024-05-04T15:05:59Z,2024-05-04T15:05:59Z
UgzGfNO_XbOq5RyBP4Z4AaABAg,@mSantsnj,16:45 ALSO a Draco is literally a smaller AK-47! Another good part to that bar!,39,1,2024-05-04T16:10:09Z,2024-05-04T16:10:09Z
Ugy5vNAATCsgs-Uodjl4AaABAg,@TaylorNicole1267,"I'm late to the show, but damn I appreciate all your reactions because there are actual breakdown that dig into the context and message of songs rather than just being hyped over the beef and catchy bars. As someone who isnt in the know with a lot of rap but is a huge Kendrick fan, its great for my understanding of the depth of lore.",7,0,2025-02-18T16:14:21Z,2025-02-18T16:14:21Z
UgxaQIJtIQyhBAX7h1N4AaABAg,@mossazukimi2955,"In the beginning when drake says ""PC"" it's not politically correct.. its protective custody.. that's where snitches in prison get moved to.. but he called him a civilian in PC so he's saying ur a nobody and ur protected by people around you",80,5,2024-05-04T20:47:06Z,2024-05-04T20:47:06Z
UgxG3a98Hb9Cat8toRt4AaABAg,@ryanfrancis9134,"Bro, I stumbled on your channel since this beef started and Ever since I ONLY look forward to your reactions. Keep being the best.",68,1,2024-05-04T15:15:00Z,2024-05-04T15:15:00Z
UgxlDptcFZ-Gf9CTtE14AaABAg,@joeltl25,Great breakdown. One of the few that actually understands bars🔥,14,0,2024-05-04T16:58:01Z,2024-05-04T16:58:01Z
UgzcqhHt54kjXqmypqB4AaABAg,@travisevans6178,I like the fact that knox shows no bias through this...hes breaking them down equally and not showing any one favortism...guys like stevie and ernest clearly have a favorite and their bias surfaces and that makes it tough to listen to cause they write shit off from one guy but not the other...knox doesn't do that and thats dope....GOAT,40,1,2024-05-05T12:44:02Z,2024-05-05T12:44:02Z
Ugy89adfJXo_z0C0k0B4AaABAg,@punchabunchofbuttons214,5:50 PC is protective custody,4,0,2025-01-11T22:53:17Z,2025-01-11T22:53:17Z
UgyQAtuThy3iEoAOALB4AaABAg,@GlitchDude,"""You already got those PG allegations"" that's what I was thinking bro, he's talking bout ""tryna keep it pg"" when that's the whole issue.",152,17,2024-05-04T15:09:41Z,2024-05-04T15:09:41Z
Ugw1C7d31yohl4E5rXB4AaABAg,@lehkow_za,"Tbh knox hill you be really breaking down all these diss tracks like no other man, weldone to you man.",15,0,2024-05-04T16:22:51Z,2024-05-04T16:22:51Z
UgygWDjfYVhonxem6oN4AaABAg,@briang6815,Drake also uploaded an audio version that Kendrick can listen to where it edits the N word but not sh*t and other words lol.,15,0,2024-05-04T16:45:32Z,2024-05-04T16:45:32Z
Ugwt313VZo1hykE5ytV4AaABAg,@marcusweir5747,29:10 BRO what the hell😭😭😭😭😭🤣🤣🤣,15,1,2024-10-21T20:55:18Z,2024-10-21T20:55:18Z
UgyTCLArQdXoK-6E9Vd4AaABAg,@t4ngnam671,"50 min of breakdown is CRAZY 
Thank you for your service 🙏",16,0,2024-05-04T15:12:26Z,2024-05-04T15:12:26Z
Ugyd_xdZzSOicepAUDh4AaABAg,@vipershutendoji2415,"Anyone complaining about Knox being late needs to watch Best of Myself, Knox had enough going on and actual fans know he will get to it when he has time, keep it up Knox, fam comes first, always",10,0,2024-05-05T15:11:53Z,2024-05-05T15:11:53Z
Ugwi4ZRCQkj1qAJWvHV4AaABAg,@Unstressing,"Cole saw the smoke, talked to both people. And said hellll nahhhh i'm out you got this one Drake I can't help you fight this one",11,0,2024-05-04T16:31:17Z,2024-05-04T16:31:17Z
UgyYwlzaQVxMym36DJZ4AaABAg,@johnny_bravo_six_nj,"12/5/2024 that cease and desist rebuttal aged like milk, that shit is cheese now 😂",3,0,2024-12-05T15:54:33Z,2024-12-05T15:54:33Z
UgywWVFH6LcUOf8n0Pp4AaABAg,@joekokala8602,"You missed the reference when drake said "" we get it you think you're bishop in juice"" he rebuttals the k dot line when he said "" i pray they are my friends if not im ynw melly""  remember bishop in juice tried killing all his friends.",15,0,2024-05-04T17:24:47Z,2024-05-04T17:31:35Z
UgwZaGfOrk7b-zpmBWV4AaABAg,@daitomino,Drake responding in the only way drake would 😂... Drake with the Melody 😂 I LOVE ITT!!!!,5,0,2024-05-04T18:45:58Z,2024-05-04T18:45:58Z
UgyyKbVaxeouoAs7x9J4AaABAg,@Wugazii,DP is disciplinary procedures and PC is protective custody,15,0,2024-05-04T15:51:54Z,2024-05-04T15:51:54Z
UgyY3Ug14yZgmKoDMkx4AaABAg,@Avk_.44,knox the only reactor that really gets a lot of the bars. best breakdowns 💯,10,0,2024-05-04T15:57:24Z,2024-05-04T15:57:24Z
UgzJfloz2ZYHNn8AQcJ4AaABAg,@Avetarx,"Youtube reactors eating good this month, thanks to Drake and Kendrick!",8,0,2024-05-05T01:47:44Z,2024-05-05T01:47:44Z
UgwJOV-0Du6P8M8JGzh4AaABAg,@_TimeRaider_,"Finally, the GOAT dropped. Talking about Knox here ofc.",6,0,2024-05-04T16:10:48Z,2024-05-04T16:10:48Z
UgxJpgtUeIB7RiCEoNp4AaABAg,@maddmaxx92,"That drake line on Kendrick being Mike and the Jermaine line
He also referring to MJ and his brother Jermaine and him blocking him from shining",9,0,2024-05-04T17:44:31Z,2024-05-04T17:44:31Z
Ugz00a5dUpSP9omCghZ4AaABAg,@dustytruthpoker,“ back against the curb “ damn man he ain’t that short lol this is a roast battle,3,0,2024-05-05T15:24:29Z,2024-05-05T15:24:29Z
UgyarcEM3V4_G7ruTfx4AaABAg,@Smoothie654,Man memories one of Drake's best Rap ever.,1,0,2026-03-18T20:01:27Z,2026-03-18T20:01:27Z
UgxIQZCoLDJTwEVoiLx4AaABAg,@Verycursed,I’ve been refreshing my feed nonstop all day waiting for this video to dropppp,16,0,2024-05-04T15:06:10Z,2024-05-04T15:06:10Z
Ugyl3NGHXQxDNg74TUR4AaABAg,@Lastav_,Brother u got ANOTHER KENDRICK DISS TO WORK WITH,51,1,2024-05-04T15:04:16Z,2024-05-04T15:04:16Z
UgyuIeXVXqx8z6oqXZd4AaABAg,@StuiClips,Best breakdown channel. Truly. And what a time for hip hop. Craziest back to back diss drops I’ve ever witnessed,16,0,2024-05-04T17:58:11Z,2024-05-04T17:58:11Z
UgzZ5CupRv0nvNAtg8N4AaABAg,@Kritacul,Knox making faces I’ve never seen him make before.,2,0,2024-05-04T21:05:56Z,2024-05-04T21:05:56Z
UgzE1dVzVjvcbDGUtjJ4AaABAg,@Navigata1,Let's go Knox!!!! The only one catching everything without lyrics or a chat in the background to help! AND STILL DIVES DEEPER 💪🏾🔥💯,14,0,2024-05-04T15:50:11Z,2024-05-04T15:50:11Z
UgyMi90ayjqM8yAhvNR4AaABAg,@abritishgod1144,And kendrick dropped another one,8,0,2024-05-05T02:10:03Z,2024-05-05T02:10:03Z
UgzmijYPtgojSoqiwrN4AaABAg,@danielbarnes8459,"I gotta be honest, this diss hit 100X harder watching your breakdown than when I rushed through it originally trying to get to dot’s",3,0,2024-05-05T05:14:19Z,2024-05-05T05:14:19Z
UgymlI6KC12h_GWdkjl4AaABAg,@alinaeij7340,they weren't building a car during that second verse... it was a Maybach hearse,5,0,2024-05-21T04:56:04Z,2024-05-21T04:56:04Z
UgxyTt1ry20G3pBX6N94AaABAg,@runningchief,"You guys laughed at J. Cole, but he about to drop the hardest Bliss Track of the summer!",7,0,2024-05-04T15:58:34Z,2024-05-04T15:58:34Z
Ugx6H8i36g-c-bVetd14AaABAg,@ChristosFTW,This is my go to channel to understand wtf is going on any time anything happens in the rap world 😂,4,0,2024-05-08T14:26:46Z,2024-05-08T14:26:46Z
UgzwF7OiZmjrY13xead4AaABAg,@BDiddy010,This was the game winning track. K Dot had to drop a pop song. 😂😂,95,18,2026-05-19T14:49:27Z,2026-05-19T14:49:27Z
UgxeBHZRUwesUwjpyRR4AaABAg,@Jazzii.P.O.V,"29:20
Also he could be saying the last thing rocky dropped was a kid, when Riri had her kids. Dropped a kid not just music",1,0,2026-06-25T04:09:12Z,2026-06-25T04:09:12Z
Ugy-ChnGL1xb3G0wPYh4AaABAg,@C_McL,Just listening to these back and it occured to me that Kendrick never addresses the physical abuse accusations that Drake puts out there.,5,0,2024-08-08T17:31:53Z,2024-08-08T17:31:53Z
UgwsR46iLl7ZuW08AeF4AaABAg,@SUperDEvil137,This is what I was waiting for. I literally waited for like 10 hours for your reaction. And one hour break down. That's exactly what I wanted. Thanks Knox hill.,19,0,2024-05-04T15:26:05Z,2024-05-04T15:26:05Z
Ugy77hkatn3F_h3C8L94AaABAg,@ChillBillMcGill,"Love your videos man. No exaggerated overreactions (we like those too ofc), consistent pauses and restarts with no dead air, and of course great breakdowns. Keep up the good work, bro. You're one of the best on YouTube.",19,0,2024-05-04T15:29:09Z,2024-05-04T15:29:09Z
UgxvwjFw6b7GLCPiXEh4AaABAg,@nokavideos7210,the uncle bar was a great flip,1,0,2025-11-16T00:54:20Z,2025-11-16T00:54:20Z
UgyuLKGU7CM0NPDD0eh4AaABAg,@zealoussseraphim,IVE BEEN WAITING FOR UR REACTION OMLLL,21,0,2024-05-04T15:03:32Z,2024-05-04T15:03:32Z
UgzAm3s8GgufZfDTi6t4AaABAg,@adhemibrahim1929,Drake like Family Matters Kenny is like aight let’s meet ‘em.,10,0,2024-05-04T18:10:09Z,2024-05-04T18:10:09Z
UgxK4NksPHbQyn_e5cR4AaABAg,@CapriconRisingSA,"Knox, we are grateful for all the work you’ve done in this diss business between these two. It’s okay, you can take a break. Much appreciated.",8,0,2024-05-04T15:29:38Z,2024-05-04T15:29:38Z
UgwivqdyEeD3ep7Q4Np4AaABAg,@mysticmonamct,This is my fave reaction/breakdown. You felt ALL THAT shit LOL. You cant deny this one was good. 🔥🔥,2,0,2025-03-17T21:46:28Z,2025-03-17T21:46:28Z
UgxyTsQR6jEK-G73wPt4AaABAg,@iandude44,"36:40 i think a big point you missed here is how on kendricks diss, he says drake is the boy because he's not a man, so I think that bar was a response to that part",3,0,2024-05-05T00:03:44Z,2024-05-05T00:03:44Z
UgzIcll22KIsBOWwHxJ4AaABAg,@Zreal14,Hour long breakdowns on a Drake song is something i didn't expect,12,0,2024-05-04T16:45:48Z,2024-05-04T16:45:48Z
UgxE2Rt7Ivrnzzx1fzN4AaABAg,@JD_Z10,"Regardless the time you take, no one out there can breakdown the lyrics like you so, everyone else is actually behind schedule when it comes to reactions!!! Keep it up Knoxx",8,0,2024-05-04T15:50:36Z,2024-05-04T15:50:36Z
UgysbNnUZYCwVFSzMdx4AaABAg,@Muntu.2.0,The most overlooked moment in Hip Hop this decade.,0,0,2026-02-10T10:19:52Z,2026-02-10T10:19:52Z
UgyGULbVYGv8arB2S5l4AaABAg,@kekagiso,"Knox, at 48:45 i think you missed the 'features' connection with what kendrick said when he was asking 'how many black features till you feel black enough' im paraphrasing here but drake flips it here as on another level he's saying 'your features make you look whiter, while youte saying im doing features yo feel blacker' which fits in with the Michael Jackson line...",5,0,2024-05-04T21:52:47Z,2024-05-04T21:52:47Z
UgxyKLEzjduHwX0atCV4AaABAg,@recipesinreallife5291,That line about going on vacation and timing it right.....I think that's a throwback to everyone saying Drake too so long to respond to Kendrick in the beginning because he was on tour.,3,0,2024-05-06T16:33:06Z,2024-05-06T16:33:06Z
UgzMFwdBiCF-OFn5xlF4AaABAg,@NAGI892,"I heard those diss many times but without your breakdown it was incomplete,,,w    knox   ❤",21,1,2024-05-04T15:12:33Z,2024-05-04T15:12:33Z
Ugxt_VHx4xToY1yJeU14AaABAg,@pensolarsystem,Drake the type to talk about someone family and once they attack back he wants to say oh you want to bring family in to it,134,15,2024-05-04T16:09:14Z,2024-05-04T16:09:14Z
UgzjS75NP1nTH01m3GJ4AaABAg,@ShadowPatriot12,"What blows my mind is that, off the bat the song starts with Drake's mother warning him. 

Kendrick then addresses her directly in Meet the Grahams. 

He. Knew. way ahead of everyone else.",282,34,2024-05-04T15:09:27Z,2024-05-04T15:09:27Z
UgxwEhhgFbXsuqKg12R4AaABAg,@kanyachoudhary8431,Knox is worked up I've seen an insta story and am waiting for a kdot reaction,7,0,2024-05-04T15:08:15Z,2024-05-04T15:08:15Z
Ugw2u-N0QHLfy8L38Jx4AaABAg,@batukarabulut7743,"i think he also meant Kendrick while saying ''let that shortie breathe'', since he loves dissing Kendrick for his height.",2,0,2024-06-16T11:40:32Z,2024-06-16T11:41:06Z
UgyUsjx0SmeWU25W-gt4AaABAg,@Jay-b0mb,"I was going to say something about the whole, “you’re late” comments but Knox got it covered. I’m waiting patiently with anticipation and excitement for the Kendrick reaction! Much love to you Knox and your loved ones! #girldad",7,0,2024-05-04T17:51:36Z,2024-05-04T17:53:40Z
UgwouVyypSXQeNLszgR4AaABAg,@elliottmoney,Let’s go! Been waiting on this!,15,0,2024-05-04T15:02:40Z,2024-05-04T15:02:40Z
UgyY23OpP1a4hEdT0WB4AaABAg,@CaKoshie,Give this a week to marinate and people will realize this is one of the hardest songs drake has dropped,183,16,2024-05-04T18:05:41Z,2024-05-04T18:05:41Z
UgxnbjBe-cH4_c6PQrF4AaABAg,@mirageknight8070,49:42  also it refers to MJs brother who's also named Jermaine iirc,1,0,2024-05-09T13:02:20Z,2024-05-09T13:02:20Z
Ugy6SqY-46NxwNDe9ct4AaABAg,@seunitabiyi5419,@knoxhill nobody catches it like you do on 1st listen. You the best,9,1,2024-05-04T15:57:05Z,2024-05-04T15:57:05Z
Ugz7FKn7Aq1XyGHVsWZ4AaABAg,@jakesmall3454,I avoid all other breakdown videos until Knox drops his!!! 🔥,3,0,2024-05-04T19:34:17Z,2024-05-04T19:34:17Z
Ugy7pPQuOG0hRpfM_n94AaABAg,@MyrvirZoldyck,Even b4 this beef i never really like that pdf file music so boring and shallow but im grateful because i got to know kdot more as how great of artist he is ❤,3,0,2024-07-10T14:38:42Z,2024-07-10T14:38:42Z
UgzY3kubw49sjuUMeCh4AaABAg,@Celtrixin,"Gotta respect trying to be pc, we love it here 37:01",2,0,2025-01-23T22:25:31Z,2025-01-23T22:25:31Z
UgxyTvZDyPLHvgcdmtV4AaABAg,@ameenation,"finallly ? i was waiting for u. english is not my mother language , so all song went over my head like my hair line",47,7,2024-05-04T15:02:39Z,2024-05-04T15:02:39Z
UgzVCDvxyC6aTaU6MJ14AaABAg,@nikco12345678,I've watched a couple of reactions but still waited for Knox. 🤣🤣,4,0,2024-05-04T23:12:19Z,2024-05-04T23:12:19Z
Ugxqjpk5pxaPBELRkih4AaABAg,@dfromnc1,"I haven’t made it to the end, but if you didn’t notice that is 50’s G-Unit chain. He is further playing up the line from Push Ups that he is 50",16,3,2024-05-04T16:38:58Z,2024-05-04T16:38:58Z
UgxFYOIEGdgF7mO3G554AaABAg,@Su6aw0lf,I dont think ive ever seen Knox's face stuck like it was in the beginning of this video 😂,1,0,2024-08-09T05:56:03Z,2024-08-09T05:56:03Z
UgwnllYIIWyYGfLRgWB4AaABAg,@J4YDE3_0,AT LAST!!! BEEN WAITING FOR YOUR BREAKDOWN!! 🔥,8,0,2024-05-04T15:04:45Z,2024-05-04T15:04:45Z
UgwaOd0D23Q7ReFCOdB4AaABAg,@ADigsMedia,Finally!  I've been refreshing my YT waiting for this 😂,5,0,2024-05-04T15:16:45Z,2024-05-04T15:16:45Z
UgyBHoXvodlMX2hJ-Lt4AaABAg,@tommurphy4770,"Woke up this morning to back to back records from drake and Kenny.
Been waiting all day for this video 🔥",4,0,2024-05-04T15:23:56Z,2024-05-04T15:23:56Z
UgxfhlJytfnv9yWGIfR4AaABAg,@rodneyroeroejackson7938,Omg this diss track is 🔥 and that beat switch is crazy. WHAT A TIME TO BE ALIVE!!!,2,0,2024-05-05T05:11:08Z,2024-05-05T05:11:08Z
Ugwputah9Xyu_qHwkZR4AaABAg,@bmb1455,"50:34 there's also another layer to the Jermaine thing. Michael's brother was Jermaine Jackson and Michael allegedly wanted him to stay out of the light and Michael  quickly overshadowed him. It was a very public thing, his brother even dropped a diss track towards Michael 😂",6,2,2025-03-16T15:17:40Z,2025-03-16T15:17:40Z
UgytudDWdVkKRo-TOKx4AaABAg,@Mbusowethu,Here in South Africa 🇿🇦 and the the rest of the the continent are behind Kendrick,24,0,2024-05-04T17:25:03Z,2024-05-04T17:25:03Z
Ugzs2Wcm8XQKqwVpIhF4AaABAg,@sovereigness3758,K dot dropping “meet the grahams” WAS THE RECEIPT 😩 how tf he drop 20 minutes after drake serves “family matters”?! The themes….Aubrey definitely has a mole,10,1,2024-05-04T16:26:27Z,2024-05-04T16:26:27Z
UgywudRwHZpM6uJAIs14AaABAg,@hilarycoyote,"""I was really trying keep it PG"" is a reference to RDC1 World Skit.


It's funny as hell! Them brothas timed it right. Go watch it.",2,0,2024-05-04T20:59:12Z,2024-05-04T20:59:12Z
UgzYOGD-IAvVdoTWLXV4AaABAg,@matthewengle9554,Thanks Knox for covering this shit. You one of my top 5 reaction channels I respect and like. Keep them up man,5,0,2024-05-04T21:58:25Z,2024-05-04T21:58:25Z
UgzBTzYY1vDfsrQpX6R4AaABAg,@1988Stateofmind,So glad I found your channel. You probably the only one ACTUALLY breaking down these lyrics and do it unbiased and with respect too. Love it ❤,4,0,2024-05-05T00:14:12Z,2024-05-05T00:14:12Z
Ugw_hEjrMpPCFGqQO2R4AaABAg,@charlesbenson3876,Best breakdown as always! Been waiting on this <3,6,0,2024-05-04T16:07:17Z,2024-05-04T16:07:17Z
Ugwbc630EJ3EGWNB5rl4AaABAg,@alynettegsu,Your commentary at 8:50-9:20 is spot on!,1,0,2024-06-05T17:22:06Z,2024-06-05T17:22:18Z
UgxJt2QKg-wsv7zDusx4AaABAg,@4x4adventurezone,"Everybody be saying Kendrick is winning not seeing how drake is biffing with 5-6 person alone 
We all have to salute drake",3,0,2024-05-14T14:46:24Z,2024-05-14T14:46:24Z
Ugxi3ljdhNI0euOwUAN4AaABAg,@mrlaybackvevo264,"The money trees referenced was how Kendrick not signing any artist from the west coast, he donating fish to his communities but he’s not recruiting fishermen he want to be the sole messiah",22,11,2024-05-04T16:36:16Z,2024-05-04T16:36:16Z
UgznAQfvepwrhwYCb994AaABAg,@liset1383,The best diss track off all time! 🔥,4,1,2025-04-16T16:07:25Z,2025-04-16T16:07:25Z
UgxRVgEoMQr4-FtMTgR4AaABAg,@TrusClearSkies,“Shout out to my Karens” pls Knox😂😂😂,1,0,2024-05-05T03:13:41Z,2024-05-05T03:13:41Z
UgwYNqXtAFc9ddiEEzl4AaABAg,@obi-two-kenob1,When is Meet the Grahams coming I am an asian and had been waiting all day for Family Matters and Meet the Graham breakdowns. Listening to diss tracks without Knox’s breakdown doesn’t feel normal anymore.😂,6,1,2024-05-04T16:10:20Z,2024-05-04T16:10:20Z
UgxVsKR5gdlH9tiYPj94AaABAg,@oxBLUNTxo,The end was absolutely mind blowing 🤯,7,0,2024-05-04T17:55:26Z,2024-05-04T17:55:26Z
UgzSYBSji1rOVUKZuTN4AaABAg,@xyzain_1827,I like that you're giving this a fair shake cause this went HARD. Don't even lie. Don't lie. Drake went at everyone hard. But man I can't wait to see your face when you see the kendrick reply. If drake has nothing more then it's over I guess,17,1,2024-05-04T15:15:04Z,2024-05-04T15:22:21Z
Ugw4VJ9FhjsAcwmvTTt4AaABAg,@XDrewcifer2023,Kendrick just opened his mouth... lol. 5 Grammys later is a wild premonition,2,0,2025-02-22T01:22:42Z,2025-02-22T01:22:42Z
UgwrbAoLdh-4wVGyx1B4AaABAg,@Cutman3030,"The thumbnail for Meet the Grahams is fucking insane after listening to this track, and knowing it was just cropped for 6:16 lmao",6,0,2024-05-04T17:57:42Z,2024-05-04T17:57:42Z
Ugw6IBCrUnbuWjsEZuh4AaABAg,@un_iquex,"You know, you gotta give drake some credit for standing on the frontline by himself. Tons of people are dissing him, Kendrick’s hitting him hard, his own circle is switching up on him. But dude is still dropping and raring to fight, even though he’s heavily outnumbered",90,4,2024-05-05T15:28:47Z,2024-05-05T15:28:47Z
UgxW5WmcK9jWaa5iNjZ4AaABAg,@Pflows,"When you put your hands on your girl,
Is it self defense because she’s bigger than you,
Your back is up against the curb,
You digging for dirt should be digging for proof.

This right here can tarnish a man’s reputation.",73,7,2024-05-04T18:34:59Z,2024-05-04T18:34:59Z
UgyRrnavwADZllh9XkJ4AaABAg,@angrygun7826,your back is up against the curb is actually so funny 🤣,1,0,2024-05-04T20:48:02Z,2024-05-04T20:48:02Z
UgyFO7_tGn8VhGNSqNh4AaABAg,@PorkChopXpress4385,Wonder if drake and Kendrick be listening to knox to make sure they didn't miss anything?  🤔,50,4,2024-05-04T16:22:33Z,2024-05-04T16:22:33Z
UgyJro-nt6KVKBU4SkN4AaABAg,@RonnieM90,"I saw this on Complex.

The “Family Matters” music video is full of symbolism. It opens with a shot of Drake spinning a vintage G-Unit spinner chain as lyrics to the song flash on the screen, which is a callback to his bars on “Push Ups” about how his opponents have him “talking like [he’s] 50 [Cent].” He’s also wearing FUBU in the video, which is his way of responding to Kendrick’s bar on “Euphoria” about how the Black-owned brand “was never in [Drake’] collection.” 

Then we see what appears to be Kendrick’s mother’s Dodge Caravan, which was featured on the cover of Good Kid, M.a.a.d City, being driven through the streets of Toronto before it’s dramatically crushed in a junkyard. When the beat switches, we see inside a Black Mercedes Benz hearse, shot through a fisheye camera lens. Drake rapped about this specific type of hearse on “You Broke My Heart,” and it all symbolizes his plan to bury Dot.

Next, the video shifts to a few different locations, including New Ho King, the restaurant in Toronto that Kendrick mentioned on “Euphoria.” Then we’re transported inside one of Drake’s properties, where he flexes all of the jewelry he bought from Pharrell’s collection in auction and shows off Tupac’s ring (which has been a running symbol in the beef) alongside what looks to be a certificate of authenticity. Later, we see two cakes that have the words “Happy Divorce” and “Happy Co-parenting” on them, which is Drake’s way of implying that Kendrick has separated from Whitney due to infidelity.

In the final portion of the video, there are scenes of Drake recording in the studio, a shot of a Michael Jackson action figure that focuses on the words “Black and White” while Drake raps about Kendrick’s lighter-skinned child, and a closing shot of Drake wearing a chain with a ring on it, which some are speculating might be the engagement ring that Kendrick gave to his longtime partner Whitney Alford nine years ago.",33,8,2024-05-04T23:47:17Z,2024-05-04T23:47:17Z
UgwksFU7wVlGwGFqqjl4AaABAg,@ArtIsLifeninty,These tracks aren’t meant to convert Drake fans into Kendrick fans and Kendrick fans into Drake fans. I think each group is pretty set on who they like. But it is interesting seeing comments calling out Drake for being surface level. Like has he ever not been surface level? They’re very obviously two different artist who express in different ways.,41,9,2024-05-04T19:12:34Z,2024-05-04T19:12:34Z
UgzIhGOh9zjrVJwv3j14AaABAg,@jakesmall3454,This whole back and forth beef is fucking amazing for us fans lmao. Crazy,0,0,2024-05-04T20:00:55Z,2024-05-04T20:00:55Z
Ugy-kO3Xa-N_ScXyGB54AaABAg,@JayVicky007,"As soon as I saw the sexy chicken, I was like ""camera died"" 😅",5,0,2024-05-05T04:34:21Z,2024-05-05T04:34:21Z
UgzL6cf1pv4tGcwkGvl4AaABAg,@nathancostello3990,"The ""hands on your knees, shake that ass for me"" is in reference to a Sexy Redd song. He's flipping what Kendrick said",15,2,2024-05-04T17:42:21Z,2024-05-04T17:42:21Z
Ugy4_A4AbP3n4pdoG3B4AaABAg,@anOnymOuSs_Mystic,Kdot is savage .. TKO with meet the grahams 😂,1,0,2024-05-04T21:43:47Z,2024-05-04T21:46:56Z
UgzmzzHz33Y6rXlGU6B4AaABAg,@ajuister,We all waiting on Meet the Grahams,8,0,2024-05-04T15:29:25Z,2024-05-04T15:29:25Z
UgyBsLw7cJxLfAYoSa14AaABAg,@travismiles3426,"The letter with the 2pac ring is signed by Pablo Escobar with his fingerprint. And the guy in the red bandana is Drake's neighbor, he got a bunch of money from being wrongfully imprisoned for drug and gun charges and something to do with the Hells Angels in Toronto.",17,1,2024-05-05T07:46:19Z,2024-05-05T07:46:19Z
Ugw-PFkwXVikSWlG7Fx4AaABAg,@Pillar_jb,The hardest diss track in the beef,6,2,2025-07-18T14:00:02Z,2025-07-18T14:00:02Z
UgygmnvuJSyoHvgK2yl4AaABAg,@GraveyardTV,Bro I love the breakdowns . So many reaction channels don’t even know what the bars mean or what they talking about . So MANY bars on drakes disses but they all focused on hating him fr lol,1,0,2024-07-16T08:23:02Z,2024-07-16T08:23:02Z
UgwmKMU5l42HW--f0KN4AaABAg,@nuncio21,"Drake’s face is bleeding with his fists up like, “i can do this all day” 💪🏼",5,0,2024-05-04T15:59:57Z,2024-05-04T15:59:57Z
UgzPZxTqsyMrprw3PoJ4AaABAg,@Pillar_jb,Kendrick didn’t rebottle anything the whole beef,3,0,2025-07-18T14:04:34Z,2025-07-18T14:04:34Z
UgyFwTnoRWUhDx6nFK54AaABAg,@KellyTanner-s7r,"Man looking back, drake did fight his ass off, i know it's cool to hate on him now but i at least respect the fight, especially after Cole bitched out",3,0,2026-03-04T19:24:53Z,2026-03-04T19:24:53Z
UgzCH_GxxjQ6wYivYxN4AaABAg,@gabriellaroxann,transitioning is the term they use hahaha I laughed so hard when you said transforming😂,1,0,2024-05-04T21:17:17Z,2024-05-04T21:17:17Z
Ugw1mnJbIKescHbv1594AaABAg,@ghost8726,"What a week from Kendrick. 3 diss tracks. The set up, the bait and the kill shot. All written to paint a story. Kendrick is another level",35,11,2024-05-04T15:49:08Z,2024-05-04T15:49:08Z
Ugz_C0cXE6YShL3OAm54AaABAg,@bytemoney5655,It was fun shitting on drake during the beef and all but Maturity is realising this was the best diss track of the whole beef lmao,43,21,2026-05-23T00:19:37Z,2026-05-23T14:41:20Z
Ugwv4f8GOAT12WpAXph4AaABAg,@mattg9601,pc == protective custody,3,0,2024-07-31T18:56:08Z,2024-07-31T18:56:08Z
UgydGdC7Elz01mEsYcR4AaABAg,@ManuelCastro-eg8mp,Yo this is Manolo from So cal the term PC is protective custody. I’ve been through the system here in Cali and just walked down seven in the feds snitches go PC.,2,0,2024-05-06T00:18:57Z,2024-05-06T00:18:57Z
Ugw9rn3EagOhaDyBe4x4AaABAg,@Jay-eg9mv,"The fact that Cole is getting respect for backing out like damn. Being a good person always comes back around, remember that people",5,0,2024-05-04T18:43:31Z,2024-05-04T18:43:31Z
UgwyYEX0FJtVkJmU2jd4AaABAg,@JayK_24,damn kdot really hated on cole,3,0,2024-05-04T23:45:02Z,2024-05-04T23:45:02Z
UgzGCjvvRQ0rR2t4t3N4AaABAg,@pedroazevedo6324,I get why Drake was so cocky. This was very good. He just wasn't ready for K Dot's immediately response. Don't mess with the boogeyman,128,28,2024-05-04T15:37:06Z,2024-05-04T15:37:06Z
Ugw_V_dH_qWhT8GyCGN4AaABAg,@bmb1455,"Looking back at this beef in 2025, this track might have the biggest number of jabs of any other track in the entire beef. Even though kendrick got the biggest W out of it, i gotta give this track credit where its due. We all knew dot was gonna lyrically cook drake but he def held his own in this whole scheme... especially for so many ppl coming at him all at one time. I still enjoy listening to content from both of them, keeping it on just on a musical level",2,0,2025-03-01T01:16:09Z,2025-03-01T01:16:09Z
UgzAqS87l5ydzPDep4B4AaABAg,@anthonymyers3708,Drake missed it he wasn't talking about their color he was talking about their age and some of their professions,13,5,2024-05-04T15:20:40Z,2024-05-04T15:20:40Z
UgxCStVplPEMgeUhFf54AaABAg,@menopally,The fact that Kendrick's even had more views even from reaction videos on his song that came after this. Really shows Drake has bots on Twitter,65,21,2024-05-04T15:13:42Z,2024-05-04T15:13:42Z
Ugz3Rks3pnlr9vCTly54AaABAg,@ginborgho,it’s refreshing to have no bias reaction,8,1,2024-05-04T16:11:49Z,2024-05-04T16:11:49Z
UgyZ_PFLHmeQ_Zb2Nix4AaABAg,@gooutsidekids8824,THE CHAIN AT THE START IS A G-Unit spinner chain…Referencing 50 Cent as a savage when it came to dissing people.,1,0,2024-05-07T07:24:20Z,2024-05-07T07:24:20Z
UgxMIgb4cfecBfOxPi94AaABAg,@achievmntstudios,"This was dope for about 20 minutes. 
RIP Drake.",71,10,2024-05-04T15:14:05Z,2024-05-04T15:14:05Z
UgyV0vafDmqur-DZ1xJ4AaABAg,@sundown308,Family Matters aging beautifully in my opinion haha enjoying it now more than ever.,10,3,2025-01-07T16:55:26Z,2025-01-07T16:55:26Z
UgyG6Ch1WtwDfkNTUh54AaABAg,@Scuffbda441,MEET THE GRAHAMSSSSSS 🥁🥁🥁🥁🥁🥁🥁,131,12,2024-05-04T15:02:22Z,2024-05-04T15:02:22Z
UgyN39kEO0n-klG_Hwt4AaABAg,@nickanand8087,PC is a reference to protective custody I beleive.,1,0,2024-05-05T19:13:03Z,2024-05-05T19:13:03Z
UgyiRqinYOSMZIbtyRN4AaABAg,@fharoe,"One critique is I don't believe he ever came at Drake for being mixed, he came at him for being corny 😅",4,1,2025-03-02T07:33:24Z,2025-03-02T07:33:24Z
Ugx_JCAEL0yDRStsKB14AaABAg,@Z.Saleem3,"The beginning wasn't a snake chain. It was the G-UNIT PENDANT !!! They were on interscope records, same label kendrick was on !",14,13,2024-05-04T16:04:08Z,2024-05-04T16:04:08Z
UgxPG6AkggHnA2XzKG54AaABAg,@kylejantjiesauthor,"Kendrick dropping Meet the Grahams same day just took ALL the attention off of Drake's diss. 

I thought Drake won round 1 but this was genius.",92,21,2024-05-04T15:42:17Z,2024-05-04T15:42:17Z
UgzppekuZtB0FU0GtHd4AaABAg,@chefvenom,Bro!!! He dropped again,1,0,2024-05-05T01:43:42Z,2024-05-05T01:43:42Z
UgzlWFXzM4sRzW6ioe14AaABAg,@Darlene-dono,You better start posting the Kendrick response soon after,22,8,2024-05-04T15:01:46Z,2024-05-04T15:01:46Z
UgyhZhS0trMQpzRQzRl4AaABAg,@deeply_devine,Kendrick isn’t surgical. He’s an assassin 🥷,61,5,2024-05-04T15:11:01Z,2024-05-04T15:11:01Z
UgyxmZ3IZKVOdeH4RqN4AaABAg,@Macktube,"There's never been a beef like this with so many people involved, it's one for the history books.
Drake's definitely up, this one was crazy😮",6,1,2024-05-04T18:02:54Z,2024-05-04T18:02:54Z
Ugwwu3oOdJc0KRalfsV4AaABAg,@Haddonfield63,This is hip hop history we’re witnessing right now.,1,0,2024-05-05T03:05:30Z,2024-05-05T03:05:30Z
Ugw8WSxDBwoazQ7h1Fh4AaABAg,@joshuabrandenburg8308,"Man I always saw Drake as like an R&B club music singer that brought shit out for women and heard few times he had ghostwriters but when I heard family matters I was like Oh shit, Drake is straight bodying my mans.",8,0,2025-09-27T14:13:20Z,2025-09-27T14:13:20Z
UgwaJ8em53T2-XlIvUB4AaABAg,@AnthonyDoyle32,Where Kendricks diss he dropped under an hour after drake we need it 😭 its the most calculated  thoughtful and methodical diss track ive ever heard im a Eminem stan and thought he was king of diss tracks but i stand corrected,13,6,2024-05-04T15:26:17Z,2024-05-04T15:26:17Z
Ugx63Y-M_ZxQPYGuOld4AaABAg,@AboveAllGiveaways,Drake really bodied 20 people no cap 🧢,4,0,2025-02-17T06:28:00Z,2025-02-17T06:28:00Z
UgxdrLPKyI13ZkOzo6h4AaABAg,@voiceofreason4399,The depths on these bars are insane,1,0,2024-05-05T01:16:37Z,2024-05-05T01:16:37Z
Ugze41mzhGt3khqxGmB4AaABAg,@tatintigas,Beef got these reactors working overtime😂,11,1,2024-05-04T15:01:37Z,2024-05-04T15:01:37Z
UgyXMVwH1emvOzW8Kf14AaABAg,@AngellUCeemoN,"Hearing this song again 
I am still gon' say this...
Drake won by a landslide, but Drake so good that this song went over everyone's head
I bet y'all coming back to this song and realizing y'all are not so good when it comes to hip-hop 
Hip-hop is not for the less intelligent so please don't rush to take sides and please listen and don't just vibe. Thank you",20,3,2026-06-01T19:20:06Z,2026-06-01T19:20:06Z
Ugwg59dFFTty0YULO6J4AaABAg,@potawatomimko6108,"Drake really tryna make a ""vibe"" kendrick tryna help drakes kids.",34,4,2024-05-04T15:55:02Z,2024-05-04T15:55:02Z
Ugx-aVE0tKwGXKwjS314AaABAg,@nicholassalazar2051,I thought the same thing about the Rakim line when i heard it 🤣🤣,1,0,2024-05-05T06:13:51Z,2024-05-05T06:13:51Z
UgxFsd1rSi8IexHnxwR4AaABAg,@misterexclusive8282,Drakes ghostwriter on fire rn.,4,0,2024-05-08T03:08:13Z,2024-05-08T03:08:13Z
Ugzs2kQguZqGrIwXq7x4AaABAg,@TheSithai,Drake said nothing you can say would bother me and few months later trying to sue over what was said about him lmao😂😂😂😂,3,1,2024-12-17T17:43:19Z,2024-12-17T17:43:19Z
UgwXJ5WHpPf0W6RB7tJ4AaABAg,@sabrinawynter,Kendrick playing chess and drake playing snake and ladder,19,6,2024-05-04T15:15:37Z,2024-05-04T15:15:37Z
UgwGwmeMAjZPhpWgm354AaABAg,@SpiceItUp_5150,I love it here. Your reactions are🔥,2,0,2025-02-15T04:10:09Z,2025-02-15T04:10:09Z
UgxRWrwHNBocSThD4LZ4AaABAg,@JesseWinford69,Me personally round 1 was push ups/Taylor made vs euphoria/6:16 I gave it to Kendrick. Round 2 family matter vs meet the Grahams im giving it to drake. Its 1-1 and round 3 will decide it. Im not down playing either side I think all of them were awesome,10,0,2024-05-04T16:01:57Z,2024-05-04T16:01:57Z
UgwKivGUYdQ1Lrv9Cql4AaABAg,@avinav007,"5 months after the beef, i think the 3rd part of this song is the BEST stanza among the ENTIRE drops. In terms of bars, beat & cadence.",4,0,2024-10-15T20:18:10Z,2024-10-15T20:18:26Z
UgwgHqfy599x5-egcWF4AaABAg,@Edserr1,"We need to keep in mind, this was not just a Kendrick diss he was going so many people. So for people to discredit this song after listening to meet the grahams. Kendrick’s song was nightmare on elm street horror.",18,14,2024-05-04T15:44:19Z,2024-05-04T15:44:19Z
Ugx6meSqMN1LRT9EDQF4AaABAg,@AdamTheTruthSeeker,Drake taking on the world. Line'em up.,2,0,2024-05-05T03:07:50Z,2024-05-05T03:07:50Z
Ugw-Zg9CDoD9aIKAQAt4AaABAg,@charlieboyreacciona3471,"So here's a theory:

Drake already had this track almost ready if not completely ready when he dropped Push Ups. Kendrick references Sexyy Red on Euphoria and also mentions New Ho King restaurant on his Diss and also says "" we can do this right now on the camera, Crodie"" like he'd seen this video and listened to the song already and was warning Drake not to drop it. 

What I find interesting is that Drake dropped it anyway knowing that Kendrick already had seen it before. Does Drake have something up his sleeve ? Has he been baiting Kendrick all along?  🤔
 If this is the case then 🤯🤯🤯",10,8,2024-05-04T15:56:45Z,2024-05-04T15:57:19Z
Ugw6dQbmG7VlBZ1lF954AaABAg,@JoeyDecay,"Drakes flows are so weak. He doesn't ever change it up. That's why his music has bored me for the last 12 years and he was just trying to sound like wayne at first, which was the first reason i didn't like him. This is the most I've listened to him in the past 12 years. He's always just been a performer. Hes not like this in real life. And i know im talking about this 9 months later, but I'm speaking on how i felt when this was dropping. What a fun time. Waking up every day to a new diss for a week. So much fun.",5,2,2025-01-30T06:55:52Z,2025-01-30T06:55:52Z
UgybGiqOEft2BMvXgTx4AaABAg,@iceyroo,"People hate on Drake but this song is lowkey genius, and it’s insanely catchy",5,0,2024-05-24T15:44:29Z,2024-05-24T15:44:29Z
Ugx8bGFoJgb-rxBVKch4AaABAg,@JoeyDecay,Bro i had to watch this in three sittings and you are taking an hour to break it down for us. Keep climbing brother Knox. 🙏,2,0,2024-05-04T23:53:17Z,2024-05-04T23:53:17Z
Ugzh7-AQdjxOrNI-DsF4AaABAg,@lusvardioficial,"Drake stans be like: the flows and beats are great, DRAKE WON!",38,36,2024-05-04T15:21:09Z,2024-05-04T15:21:09Z
UgzsW8BDyFva1l9Lnmp4AaABAg,@michalus09,Give Kendrick these beats and lyrics and he'll turn them into a club hit.,3,0,2024-06-07T17:21:34Z,2024-06-07T17:21:34Z
UgwYjofDLIIbtrsn5fJ4AaABAg,@rahindawjee7616,"There's another layer to the Jermaine line, referring to Jermaine Jackson, Michael Jacksons brother",1,0,2024-05-04T23:18:30Z,2024-05-04T23:18:30Z
UgwGVIliOlTGu68w3sJ4AaABAg,@Son-of-Malice,"em was right, "" Drake, they're gonna turn on you one day too / And the more you win, the sooner they do""",2,0,2024-05-07T12:22:10Z,2024-05-07T12:22:10Z
UgxFpqroecHWBj3P9Fl4AaABAg,@jaysnipez2522,This track aged like fuckin milk bruh. Drakes a clown 🤣,5,1,2024-09-20T23:12:47Z,2024-09-20T23:12:47Z
UgxYKgnLigxagyplsVJ4AaABAg,@ESGsoccer,So Kendrick is raising a son who isn’t “his” and somehow that’s a burn lol. Meet the Grahams was needed.,28,7,2024-05-04T18:04:45Z,2024-05-04T18:04:45Z
Ugxo1USGgWjJlNx6xf94AaABAg,@badbunny2107,The ring drake shows at the end its Kendricks proposal ring he too petty lol,4,0,2024-06-03T07:48:06Z,2024-06-03T07:48:06Z
Ugybh1iWsTXzBp46XCx4AaABAg,@Kharizmah,"I’m not a huge rap fan, but ended up invested in the drama after hearing a few of Kendrick’s diss tracks. Now I’ve been listening to Drake’s retorts, but I have to say he’s boring. And a lot of his insults are childish at best.",5,1,2024-05-24T17:46:46Z,2024-05-24T17:46:46Z
UgzWtMHtBEF8nAfW8iZ4AaABAg,@ThePimmy11,"If that van is even the actual van and it was soooo important to Kendrick today, Drake wouldnt have been able to get his hands on it. It would be sitting in a garage somewhere in Kendrick's name.",2,0,2024-05-26T16:30:44Z,2024-05-26T16:30:44Z
UgxtsXL-p78nQMqYdDR4AaABAg,@AskRealtorCynthia,It's not about him being mixed. Ice T is mixed with a white wife nobody is revoking his black card. Drake is an Upper Middle class Canadian Actor trying to get clout from the hood and act like he is about that life. We all know that is a front... Additionally K-Dots kids have their father who's black encompass them in African American culture from jump. On the other hand Drake was raised by a Jewish family in Canada. Which is probably why he said he felt some way about him saying the N-word.  I think K-Dots proposed statement is where did Drake cultivate the African American culture from? Drake isn't from the hood or even the US and he wasn't raised in it.  In a sense he is saying Drake is Cosplaying black culture. That he is a culture vulture with the audacity questions Kendrick's character on top of his lyrical prowess. It would be a good doctoral thesis paper.🤷🏾‍♀️,17,2,2024-05-04T18:56:15Z,2024-05-04T18:56:15Z
UgykRl__3pYz5imFAr14AaABAg,@Thekarmic,I got KDOT. Drake came hard because the catchiness. Drake basically denied lies and made more of them. Kendrick on another level most might not be able to understand.,4,3,2024-05-05T01:36:37Z,2024-05-05T01:36:37Z
UgyIQp8gM0aAGoovYZZ4AaABAg,@astorm1515,am I the only one who thinks Drake is just chillin and has SOOOOO much more to say. and hes just dropping a little bit more with each diss and hasnt fully gone all in?,8,0,2024-05-05T00:39:31Z,2024-05-05T00:39:31Z
Ugw9jmWFc3BePCNOB8V4AaABAg,@ZaihDoT1047,"No sir, Mr. Knox... ""you civilian gang in red like you pc"" =Protective Custody",1,0,2024-07-29T06:14:08Z,2024-07-29T06:14:08Z
Ugzkz-QTuYyDwM_R8Jh4AaABAg,@tinymooselette,"This is the first time I’ve listened to Drake’s song at all, because I just don’t enjoy his voice or tone or lyrics. It seems though that many of his lines of attack are based on physical characteristics - he is tall and a Kendrick is short, he has the ‘big D’, etc. Where Kendrick’s tracks seem to target moral and individual characteristics - the stuff we can actually change through our actions. Those matter far more to me than any physical stuff..",2,1,2025-03-09T08:16:33Z,2025-03-09T08:16:33Z
UgwWxPQ7UhEfFk6cV6R4AaABAg,@BigFan-x9z,Drake was rapping his ass off here idc wat anyone says.,7,0,2025-09-27T04:08:47Z,2025-09-27T04:08:47Z
UgxGU0EyhCQO0DnZeG14AaABAg,@timeanddrive5811,"10:58 this is NOT a solid rebuttal. It misses Kendrick’s entire point - it is NOT about Drake being bi-racial, it is about Drake faking the culture he grew up in. It’s why Kendrick hates him saying the N word, but not Cole even tho Cole is bi-racial, Kendrick’s wife is mixed, Drake’s son is mixed but Kendrick addresses him as a black king on Meet the Grahams, ect. It is not about race, it’s about cultural upbringing",8,1,2025-08-27T08:46:19Z,2025-08-27T08:46:19Z
UgyCgHyxdrhizi7yEU54AaABAg,@coyote.kakakaway,"PC also doubles up as ""Protective Custody"" in prison up here in Canada. 

Theb kendrick comes back and straight up calls him out for being a ped.... Ahem. 😂",2,0,2024-10-03T14:30:11Z,2024-10-03T14:30:11Z
UgxQy7TQ-fxrXTNALp14AaABAg,@xensuko,WRONG DISS 😂,9,1,2024-05-04T15:01:26Z,2024-05-04T15:01:26Z
UgxV6uPtkWv5GW7V3QV4AaABAg,@DeadlyDoz,This record didn’t age too well.,3,2,2024-09-18T17:39:18Z,2024-09-18T17:39:18Z
UgxzVF0fhBcqq9QhSel4AaABAg,@The.light.king.,Drake is winning,11,5,2024-05-04T16:07:01Z,2024-05-04T16:07:01Z
UgzMq8ibm9AogFcXGQ54AaABAg,@akouwrap,"“Money trees” is a Kendrick song from the album Good Kid M.A.A.D.  City,where three van is from.",1,0,2024-05-04T20:13:43Z,2024-05-04T20:13:43Z
UgzU24g8q3qFw96g4Cp4AaABAg,@Anonymous-yw7uj,I don’t care if all the Kenny lovers get riled up but Drake won this beef,9,12,2024-09-20T03:40:45Z,2024-09-20T03:40:45Z
UgyWXrB1Two1HRqKUG14AaABAg,@TechE-m7y,"The more I listen to this song, the weaker it gets. I tried but its boring. Also why have a Hell's Angel in the video? Is he promoting racist?",5,2,2025-01-18T22:05:29Z,2025-01-18T22:05:29Z
UgyFyQXKzET9cbs1j294AaABAg,@brianstoltz2838,"He talkin', but he ain't got the bars. This is so average.",4,0,2025-01-01T09:42:39Z,2025-01-01T09:42:39Z
Ugx_NInZ7cKTAi8KAkh4AaABAg,@EwakeMagoo420,Knox love your content. Virtually every camera has a power adapter you can buy to plug it into the wall. No more chickens necessary.,1,0,2024-10-13T11:14:53Z,2024-10-13T11:14:53Z
UgzQYKao7LKJVUH0oS94AaABAg,@kevincouto350,I dunno why people sleep on Drake? Dudes keeping up with Kendrick on these battles!!!!!,5,0,2024-05-04T22:31:15Z,2024-05-04T22:31:15Z
UgwbLDr_CyVB1lnQnuh4AaABAg,@reindeercrossing,"I really tried to suffer through this because I want to support you, but I hate this song. Drake gives me the creeps",5,0,2024-05-06T04:33:45Z,2024-05-06T04:33:45Z
UgzXZcbxZRLoh7w4eSN4AaABAg,@omnibussound,The issues with ALL of Drakes Diss songs are that there is a very good chance he did not write them... so reacting as if HE wrote family matters has a huge Asterisk.  Now the Heart 6??? You can tell Drake wrote it because it was an ass when you compare that song to be last three. The first part sounds like Nicki Minaj Mixed with Wayne... especially when he says Freeeeeeee.,3,0,2024-06-07T20:26:19Z,2024-06-07T20:27:24Z
UgwilNL3n34FtPn85MV4AaABAg,@janzenweyi3536,"Anytime I need a proper breakdown, your channel is on a speed dial 😂 🇳🇬🇳🇬🇳🇬🇳🇬 much respect from this side 💯 ........ Please do not mind scru...... We have manners over here",1,0,2024-05-29T18:40:58Z,2024-05-29T18:40:58Z
UgxChkxxPKPJugVZhwx4AaABAg,@kylejantjiesauthor,"Two months after this beef is over I have now concluded that Drake won this battle. Here's my official ranking:

1) Push-ups 8.5 - Catchy, shots fired at everyone. Names mentioned. I can't think of anything bad about it.
2) They not like us 8 -  Catchy, used to cover up that nonsense he spoke about in Meet the Grahams about a kid. Got everyone singing against Drake.
3) Taylor Made - 7.5 - Artistic, literally everything angle Kendrick took against Drake, he already mentioned here.
4) Family Matters - 7.5 - Hard, catchy, but a bit repetitive. Points out the self-righteous hypocrisy of Kenny.
5) Meet the Grahams - 7. Was a good diss, especially for the fact of how soon it was released after Drake dropped. That was genius. Just bad that he spoke nonsense about an 11yr old daughter.
6) 6:16 - 6 - Shots fired but not memorable.
7) Euphoria - 5.5 - Trash, literal trash. Dude was moaning and groaning about how much he hates Drake saying everything Drake said in Taylor Made.
8) The Heart Pt 6 - 5.5 - A let down after They not like us. Also, its too defensive.",3,3,2024-06-17T00:24:33Z,2024-06-17T00:24:33Z
Ugy_4qBB-I5S0WItf2R4AaABAg,@Part61Pilot,Best song from the beef noones playing kendrick in 2025,4,0,2025-08-27T04:28:05Z,2025-08-27T04:28:05Z
UgzqQIpJneJ2Q_qijrV4AaABAg,@kashsenseii3393,"Not once, did I hear Kendrick rebuttal anything Drake said, and yet somehow he won the rap battle  smh 😂",3,0,2025-12-29T12:26:56Z,2025-12-29T12:26:56Z
UgyKMkKbir-TGSPCHY14AaABAg,@az2ca,The Asian guy in the video isn’t the owner of New Ho King. It’s one of Drake’s associates from Toronto. He’s been on tour with him too,1,0,2024-05-04T20:21:27Z,2024-05-04T20:21:27Z
UgwxPBuLbj-9iQUJcA14AaABAg,@myMelodyMelodymy,"8:45  I think many ppl are missing kdots point including Drake.  It's not that Drake is light skinned. It's HOW he was raised. The culture he was raised in was NOT the culture hes imitating. That's the issue. Whitney might be mixed, but she was raised in compton with that culture. She's not pretending to be something she isn't.",3,2,2025-03-30T01:32:45Z,2025-03-30T01:32:45Z
UgxEhkYzg-bpxruiMd94AaABAg,@ArdynSol,"I’m going back to this and man, I really hate Kendrick “won” without really rebutting much. Just made a bunch of outlandish accusations over a hot beat and shoved songs down peoples throats. This was an epic beef but I was more impressed with Drakes rapping than Kendrick overall",3,0,2024-09-11T22:54:54Z,2024-09-12T18:37:01Z
Ugzh5CLFh-arEDgjS5x4AaABAg,@eidorozen,Drake won bro,5,0,2025-08-17T12:12:27Z,2025-08-17T12:12:27Z
UgwZnTmHmfsbudG7RBB4AaABAg,@WARSTALGIA,That co-parenting cake just hits different.,1,0,2024-05-04T23:05:20Z,2024-05-04T23:05:20Z
Ugyp4KJYHrl11ltoq6V4AaABAg,@heetseeker8017,"Knox, you are a TREASURE to the community brother! We appreciate you✊",1,0,2024-05-04T19:55:30Z,2024-05-04T19:55:30Z
Ugz_Es6fSq7PZS1L2ER4AaABAg,@tiabecca-mason,"8:02 KDot dropped a concert and united the west coast on Juneteenth as a rebuttal. BBL Drizzy proving KDot right, asking for that b-slap. “You’re not a colleague, you are a colonizer.”",1,0,2024-07-02T01:44:27Z,2024-07-02T01:44:27Z
UgyE1NozNfd1NdAPwhN4AaABAg,@SheLsPeaker,You should label this Family Matters van explained because that’s what everyone is wondering. Excellent dissecting📍,1,0,2024-05-05T00:15:39Z,2024-05-05T00:15:39Z
UgwrOUnYgNnfI9Sl5B14AaABAg,@jamesmorris6992,Here in  2026 because the was a generational rap beef that will never be forgotten 💯,0,0,2026-08-13T22:00:34Z,2026-08-13T22:00:34Z
Ugw2AkNjYTLLWkJstEx4AaABAg,@winilebhekiswana,That chicken still comes unexpectedly😂😂,0,0,2024-05-06T11:54:38Z,2024-05-06T11:54:38Z
Ugxp7B5nk4xfly8y0z94AaABAg,@phillipodom3769,PC can be protective custody as well,1,0,2026-03-15T17:15:41Z,2026-03-15T17:15:41Z
Ugw9v-jVtqn6p1OmEtN4AaABAg,@TLSXX,"You missed what the second vehicle was, it wasn't a new vehicle being built it was a HEARSE 😮",1,0,2024-05-05T21:25:21Z,2024-05-05T21:25:21Z
Ugy-HahRxIck5wxicUx4AaABAg,@BigCookee,Holy shit I’m in the middle and Kendrick goes to poetic but drake for me just hits! The length and switches on this one! W drake on this one,1,0,2024-05-04T19:27:58Z,2024-05-04T19:27:58Z
Ugx1WKhlMnihWSyWJaN4AaABAg,@MessagesFromAurora,19:50 i thought he was saying peachy. not pg 😂,1,0,2026-03-23T22:31:34Z,2026-03-23T22:31:34Z
UgzqdOHq74bp6u9bVoZ4AaABAg,@TELLITLIKEITIS,The King of Breakdowns,0,0,2026-05-29T05:12:47Z,2026-05-29T05:12:47Z
UgyxcKifCLchUD3vW0d4AaABAg,@ErinJeanette,Ahahaha the way you bobbed back and forth and said what the f*ck is going on 😂😂😂,0,0,2024-05-04T20:43:27Z,2024-05-04T20:43:27Z
Ugxlm-DHtremSTeCMz94AaABAg,@JRBK416,You earned a sub from this one bro,2,0,2024-05-07T19:53:58Z,2024-05-07T19:53:58Z
Ugx9teRyCH7MJnuLsZ14AaABAg,@reubenpowell5898,This song will age very well,1,0,2024-05-17T21:53:24Z,2024-05-17T21:53:24Z
UgwbOeb_TGaUIU3yOpF4AaABAg,@DN-ps4bn,I love how YG performed it at the pop out,1,0,2024-06-24T02:30:42Z,2024-06-24T02:30:42Z
UgwYHNtGijGFeC-cXUZ4AaABAg,@theyonlycomeoutwhenitsquiet,"Hey Knox, you’ve been putting in overtime for weeks. Yes we appreciate the stuff you give us, but don’t let anyone push you about this when you need to look after your family. Present parents are more important than social media clicks, everyday of the week.

Funny, there’s some rappers who could learn that lesson.",1,0,2024-05-04T20:54:08Z,2024-05-04T20:54:08Z
UgxBl9ag4SbtFEbsju14AaABAg,@dararupert7199,The way you break things down so I can then explain them to my husband who couldn't care less is much appreciated 😂,0,0,2024-05-17T02:16:30Z,2024-05-17T02:16:30Z
UgzzQojFHObckKdP_tJ4AaABAg,@lilbrix509,Thanks for putting in so much work so everyone else can keep up with the game,1,0,2024-05-05T18:16:05Z,2024-05-05T18:16:05Z
UgyOaXNsBCZJVOckeOh4AaABAg,@InZodW3Trust,Knox's facial reaction when he saw the van.. then the verbal disbelief ... I'm dusted 🤣🤣🤣🤣,0,0,2024-05-06T11:21:42Z,2024-05-06T11:21:42Z
Ugzx-oGCUqgPzSXR_UV4AaABAg,@SamirWasHere101,I’m surprised that you missed the continuation of the Michael Jackson scheme with the “you say your brother Jermaine but you wanted him to stay out of the light” connection. That scheme was insane.,1,0,2024-05-07T09:49:06Z,2024-05-07T09:49:06Z
UgxXSWVRXbwZoB4mNyp4AaABAg,@_Aluc4rd_,"9:09 after lsitening to ""Not Like Us"", Knox called it",0,0,2024-05-05T04:21:06Z,2024-05-05T04:21:06Z
Ugzrkzno2FSckI0V7bV4AaABAg,@jakegerber9931,Best break down yet!!! Drizzy the Goat!!! 20v1 and bodied them all!!!,1,0,2024-05-10T03:02:18Z,2024-05-10T03:02:18Z
UgysMW58JCmdMTbwYDV4AaABAg,@tracyr1468,So funny to go back and listen to this a year+ later😂😂😂😂,0,0,2025-06-17T17:18:50Z,2025-06-17T17:18:50Z
UgwMmqlBP1X6h73QYxt4AaABAg,@janc6219,Canada is cracking down on the gangs right now. I Wonder if they can use this in court to prove they were all in gangs lol,2,0,2025-03-05T03:57:27Z,2025-03-05T03:57:27Z
UgyjMbjcRZXYGKYVXHt4AaABAg,@Mantoc_K,"the line : ""wheres your uncle at?  cuz I wanna speak to the man of the house""   is such an overlooked line.    knox you're one of the only reactors to catch that and break it down with knowledge on the subject.  unbias opinion... Kendricks winning.  but Family Matters is the best of the lot",1,0,2024-05-13T20:18:19Z,2024-05-13T20:18:19Z
UgzGMDfBjdSRL1SUIQh4AaABAg,@michaeledwards1865,"The PC reference was for  what they call in prison Protective custody. I like  your show Brotha, you do good. ✌🏾",0,0,2024-12-30T08:06:41Z,2024-12-30T08:06:41Z
UgwkeCIe8_j2EqEd7PF4AaABAg,@lbigga728,Not the race draft 😂🤣🤣. I'm weak.  Loved that skit.,0,0,2024-05-04T19:53:31Z,2024-05-04T19:53:31Z
UgyjF71xeNSGs-VdFGN4AaABAg,@jesseporter3397,"I love your reactions bro. I'm getting pumped like this shit just dropped again. I think at a lyrical rap level, drake did better than the internet would have you believe",0,0,2025-01-18T02:04:48Z,2025-01-18T02:04:48Z
UgzWjzuHUy2lk_FY4aB4AaABAg,@KiddJordan251,Broooo I burst out laughing when you said transformer 😂😂😂😂 it’s all good Knox but damn I thought I caught everything but you the goat man you catch EVERYTHING!!,0,0,2024-05-05T01:03:29Z,2024-05-05T01:03:29Z
UgxOQznqZ9NaByiDRTJ4AaABAg,@ardenworld,"you're the goat bro, the knowledge is incredible.",0,0,2025-03-19T05:21:44Z,2025-03-19T05:21:44Z
UgyTK5YpIYs73I8YBDN4AaABAg,@matthewwilliams2294,Imagine being in Knox’s head. I”m over here bopping my head and Knox is like “WHAT IS GOING ON HERE!!!” 😂,0,0,2024-05-24T16:55:58Z,2024-05-24T16:55:58Z
Ugw8oI2rgbyP95WIcjB4AaABAg,@Macktube,"You also miss the breakdown of Jermaine Being your brother as in Michael Jackson's brother being Jermane, but not wanting him to be The Star like Cole",1,0,2024-05-07T08:42:09Z,2024-05-07T08:42:09Z
UgwoQ_I-hM3W8J43NFJ4AaABAg,@Jais7,Drake is cooking this dude K,1,0,2024-05-04T19:48:29Z,2024-05-04T19:48:29Z
UgzVX2qF9ewbBchb62t4AaABAg,@nickshepley2566,"I literally wouldn’t be able to appreciate hip hop without Knox Hill and explaining the art, I’ve learned so much ❤",0,0,2024-05-04T20:10:30Z,2024-05-04T20:10:30Z
UgzwRdFT3q_8KcEuPv94AaABAg,@juancompian9666,I’ve been watching all the different diss reactions n no one thoroughly breaks down the bars the way Knox does… Early or late you’re always the FIRST to dissect these tracks comprehensively …. Props white boi 😂👍,0,0,2024-05-04T22:13:08Z,2024-05-04T22:13:08Z
Ugx82Y_lsIhj-Z7IfTx4AaABAg,@tehlitepker,I've also seen on twitter that the ring shown at the end is actually KDot engagement ring to his girl BUT take that with a grain of salt.,0,0,2024-05-04T19:52:16Z,2024-05-04T19:52:16Z
Ugyaf__G_WircLbpMRx4AaABAg,@TheEbonyMystique,I've been waiting to get off work all day for this. 😊,0,0,2024-05-04T20:27:26Z,2024-05-04T20:27:26Z
UgyUgQAX-6egUwYaylN4AaABAg,@theredpoweranger,No one else breaks down these lyrics like you for real bro,0,0,2024-06-01T08:06:07Z,2024-06-01T08:06:07Z
UgxTV2igMaixDceDa1B4AaABAg,@Xzaveonfilms,"""You still got those other PG allegations, but that's for another day"" Cue the LITERAL next day😃",1,0,2025-01-26T05:05:39Z,2025-01-26T05:05:39Z
UgwBgy769AEbnXE3KA14AaABAg,@ghostpicksbenny,I ended up awake til 7am following all this stuff. 7:12 in PA,0,0,2024-05-04T20:54:43Z,2024-05-04T20:54:43Z
Ugy7f2hzdwQJL5c7k314AaABAg,@salmbaze,The most neutral breakdown channel on YouTube 🔥🔥,0,0,2024-05-05T15:32:04Z,2024-05-05T15:32:04Z
UgxyLQAwBDDBHQexS554AaABAg,@khetwagausi2358,This song is hard till date🔥🔥 I'm glad Kendrick won but this was DAAAMN,1,0,2026-04-10T17:30:05Z,2026-04-10T17:30:05Z
UgzrRF1m_G52MRXeqKp4AaABAg,@Just_Rndm_Sht,No one breaks them down like Knox. So I don’t listen until Knox drops his video :)),0,0,2024-05-05T03:35:38Z,2024-05-05T03:35:38Z
UgzteGlwSQXbyBCHnph4AaABAg,@caronslingers3950,"The 'the slaves have been free a min' react is wild sir. So once that paperwork was signed, we were all good. TPAB",0,0,2024-05-04T19:47:41Z,2024-05-04T19:47:41Z
UgxJczWmbGDdwopWdq54AaABAg,@ionepawpaw,"The master, back at it again!",1,0,2024-05-04T23:22:40Z,2024-05-04T23:22:40Z
UgzWUIfGVrz6fOkxWZl4AaABAg,@snacklinreviews9210,Man.  This dude is the best.  He literally broke down everything. Big shout-out to you homie,1,1,2025-01-31T02:13:41Z,2025-01-31T02:13:41Z
UgyMvgc1_pByob3B7ih4AaABAg,@mopnem,This is the best song of the diss by far to me & the vid just makes it even better,0,0,2024-05-06T21:28:39Z,2024-05-06T21:28:39Z
UgxK0JTvv3WnQRQL09J4AaABAg,@airpic-m1423,I love how you breakdown everything.  Dope reaction brother,1,0,2024-05-04T19:34:10Z,2024-05-04T19:34:10Z
UgyMO2LsbEL1vm1snb54AaABAg,@hanan.goldfarb,"@KnoxHill - great breakdown, the best in the game. I think this was the hardest and darkest response we could hear from Drake. If he comes out with another, it's really going to be a ""Scary Hour""",1,0,2024-05-04T22:48:35Z,2024-05-04T22:48:35Z
UgwKCiKTTh7SZgFhNEV4AaABAg,@Tmoney-f7d,"You can be as late as you want, we still gonna be here for this real breakdown into some good tea.",0,0,2024-05-05T03:30:44Z,2024-05-05T03:30:44Z
UgxjZUvMyvDMhMtL23p4AaABAg,@smoove2432,Everybody seemed to miss the other half of that Jermaine out of the light bar. That was probably the best one 🔥🔥🔥🔥,0,0,2024-07-09T01:03:03Z,2024-07-09T01:03:03Z
UgwhmMyNf0yp-18qHmd4AaABAg,@DTRIGGS,"At 46:56 the back against the curb line could be a reference to Kendrick's Mortal Man, where in the last verse he says ""But tomorrow, put my back against the wall"". That song questions if you can still hold someone in high esteem if troubling news or alligations come out about them, with Michael Jackson being the ultimate example at the end of that same verse. Seeing as how Drake was trying to flip the  Drake/Kendrick and MJ/Prince comparisons, it would be a subtle way to reference to do that.",0,0,2024-06-08T15:32:43Z,2024-06-08T15:32:43Z
Ugz0fXf8e3CulXr_bMV4AaABAg,@Domthgreat,"First videos of yours I’ve watched and the amount of shit you caught in the first listen that took me several is immensely impressive. It’s sad that the comments are filled with biased ass “oh this doesn’t matter, react to MTG” what a breakdown, got a sub outta me",0,0,2024-07-14T00:26:34Z,2024-07-14T00:26:34Z
Ugwl9qXW4K8KL44m0nJ4AaABAg,@grahamatkinson1635,The smoothest break downs as always  …. Scary hours 🦉,0,0,2024-05-04T19:40:45Z,2024-05-04T19:40:45Z
UgzYRGaBnkp9wGa96NB4AaABAg,@wowsquirrel,The most clear and non biased review. What a quality bro.,0,0,2024-05-13T14:40:41Z,2024-05-13T14:40:41Z
Ugzmh2MRgjVInGDLEkB4AaABAg,@tonbaraajakaiye5517,Believe it! I also thought the same when I heard the Rakim name drop. You should’ve seen my face 🤣🤣🤣,0,0,2024-05-07T11:20:24Z,2024-05-07T11:20:24Z
Ugwaf3GL4ZpCYx5LNyN4AaABAg,@fatbowls6297,Awesome breakdown man,1,0,2024-05-17T08:04:29Z,2024-05-17T08:04:29Z
UgwVh7nzNqFgWYvj_Sx4AaABAg,@JoseMendoza-nj9hx,This is what hip hop enthusiast were waiting for! I'm just here for the diss tracks and break downs ....😎👏,0,0,2024-05-04T23:38:30Z,2024-05-04T23:38:30Z
Ugw7YDTG5FldsTlDRC54AaABAg,@chrisrickels8271,Bro you break shit down further than anything I’ve ever seen. You’re a dope ass bar breaker bro. Keep it up,0,0,2024-05-08T11:59:20Z,2024-05-08T11:59:20Z
Ugycon4sSGnW3BE7cOp4AaABAg,@GoTfan108,The GOAT of bars breakdown!,0,0,2025-01-18T02:35:07Z,2025-01-18T02:35:07Z
UgyT5rw8SOLuzYZ1Mw14AaABAg,@Rizzlas1337,"Don't mind brainless people Knox, you're top tier on breakdowns and it doesent matter if it takes 1 day or 10 days, people will still wait for your breakdown cause there's none else that does it like you do it. Don't ever lose quality time with your family! ❤ it's time you'll never get back so it's more important then explaining bars to people that doesn't got knowledge to understand them themselves 😊 thanks for a great breakdown as always! Much love",0,0,2024-05-04T22:40:51Z,2024-05-04T22:41:26Z
UgxWREqfO5h7BF13BqZ4AaABAg,@thatdivinedemon,These are my favorite faces I've ever seen 😂,0,0,2024-05-09T14:28:29Z,2024-05-09T14:28:29Z
UgyusUZ3bfN6KkNS2_54AaABAg,@gaonosikeoemetse1252,The best reaction channel in youtube...he is always fair,0,0,2024-05-06T09:34:22Z,2024-05-06T09:34:22Z
UgxZZ1iBgZK3l-NXFnh4AaABAg,@Kantilvih,"Not really a part of this scene, but decided I wanted to see what the fuss was about.

You broke down a lot of their history in a great, digestible way. Thanks Knox",0,0,2024-05-26T16:09:22Z,2024-05-26T16:09:22Z
UgwIwo31eFMUGXlu9HR4AaABAg,@primofx2sport,Man idc if you’re late on these you’re dissecting of the bars is the best I’ve seen with all these reactions!,0,0,2024-05-05T20:12:33Z,2024-05-05T20:12:33Z
UgwcMvKc_b-QwmjD19d4AaABAg,@IDrag123,Ladies and gents the best breakdown channel!,0,0,2024-05-04T23:22:05Z,2024-05-04T23:22:05Z
Ugz_nX6VK6MnhlCHgQZ4AaABAg,@Syedvissionz,"your one of the few who caught the lyrics on initial reaction (who he's referring to, etc)",0,0,2024-05-06T22:52:32Z,2024-05-06T22:52:32Z
UgwfDesyOPtaCSMl_iV4AaABAg,@rooflessrecords1420,The facts that uk about the culture is what tells me you’ve been to the cookout! Salute 🎉 🫡,0,0,2024-05-04T21:27:21Z,2024-05-04T21:27:21Z
UgzpTVz2q-Zq6Sq_h8x4AaABAg,@twostonedactual2541,"I came in on this whole beef with the euphoria reaction. This shit got real, real quick.",0,0,2024-05-05T00:22:51Z,2024-05-05T00:22:51Z
Ugzk4ElOsDjknVMsCtx4AaABAg,@11youngone11fj,"""Wtf i heard rick drop""
Rick ross fell and it made an earthquake 😂",1,0,2024-07-06T22:09:24Z,2024-07-06T22:09:24Z
UgzIih-vgBnUxNWY7Rd4AaABAg,@bonsalaygay6297,I always watch knox hill when it comes to rap/diss. He's just too good at it.,0,0,2024-05-12T06:44:54Z,2024-05-12T06:44:54Z
UgxBbxHoQIq-vBjE4-d4AaABAg,@Ovie-br7ce,Nah @knoxHill you got nothing to apologize for! Family ver everything! We’ll be here to watch the breakdowns whether you’re late or not!,0,0,2024-05-05T08:58:20Z,2024-05-05T08:58:20Z
UgxyHRi9DZMxif-lmy94AaABAg,@Kaydence_mc24,"The strings on the third beat switch sound like they sample the ""Thong Song""",0,0,2024-09-25T01:51:06Z,2024-09-25T01:51:06Z
UgxGEhmQMlYaTR-2vLl4AaABAg,@wallaceherndon4884,I'm right there with you Drake abd K dot both on demon time not sleeping.,0,0,2024-05-04T19:53:16Z,2024-05-04T19:53:16Z
Ugx7I3--BZxaBWOPlwJ4AaABAg,@LeonKareem,"Word my gee, That Jermaine bar a triple layer, J Cole double layer, and also Jermaine Jackson!!!!!!!!!!!!!!!!!🔥",0,0,2024-05-05T09:19:32Z,2024-05-05T09:19:32Z
Ugwqh9Fn4s8lQehi-Ht4AaABAg,@DEKOY82,"Knox also, 50:40 Jermaine is Michael Jacksons brother that was kept out of the spotlight so Michael could shine.",0,0,2024-05-06T18:02:38Z,2024-05-06T18:02:38Z
Ugw9EoRHV3ERMjj47DJ4AaABAg,@darknessbrotherjc,Also the “putting them in bars to rock” line is a reference to Drake having Kendrick on tour,0,0,2024-05-10T05:53:24Z,2024-05-10T05:53:24Z
Ugxc3Yr4NLg3fQ5NqbV4AaABAg,@evanmoore6170,Best break downs by far. Cant sneak one by Knox.,0,0,2024-05-26T22:54:48Z,2024-05-26T22:54:48Z
UgxEKrqaZIrU4XXMeY14AaABAg,@neomeister94,Thts literally the Van Knox🔥🔥😂😂😂😂,0,0,2024-05-04T21:47:57Z,2024-05-04T21:47:57Z
UgzyZFJGpusUtmSgQv94AaABAg,@WillieRips,I wonder if 3 switches also refers to the 3 different beat and flow switches on Family matters if there was a leak maybe not tho,1,0,2024-05-05T03:02:59Z,2024-05-05T03:02:59Z
Ugwd6vwixFvPKjATWUN4AaABAg,@wandilembhele4095,Your reactions and breakdowns are the only ones that matter,0,0,2024-05-04T20:47:58Z,2024-05-04T20:47:58Z
UgwO888g-ARg_6SmT6x4AaABAg,@paulbrinkley2664,knox is the best barologist of all the reactors,0,0,2024-05-04T20:31:07Z,2024-05-04T20:31:07Z
Ugxp32kA1rq2I-5X2WV4AaABAg,@dddrrriiivvveee,"That ""souvenir out of gift shop"" line makes much more sense once you take into consideration that his Management guys are not from city they rep and Weekend is just a souvenir from Canada.",0,0,2024-05-04T19:54:13Z,2024-05-04T19:54:13Z
Ugwd-DJQySNX-edqBVR4AaABAg,@proshielder60,"The second beat’s/verses visuals are a Mercedes hearse closing its rear hatch where the coffin goes, and the hatch closes fully exactly when the verse ends, implying he killed everyone mentioned in that verse and they’re done.",0,0,2024-05-20T14:04:06Z,2024-05-20T14:04:06Z
UgzdguBHZ23J16bqUJ54AaABAg,@itsyaboyz680,Knox is the goat!!,1,0,2024-05-04T20:53:41Z,2024-05-04T20:53:41Z
UgwHtIm8SLPFDeQZVaJ4AaABAg,@JordanWashington-if5eu,Hey knox hill I'm Jordan Washington i think your best reaction channel ever you do great break down the bar and lyrics it amazing  your one of my in top 5 favorite rapper of all time,0,0,2024-07-25T15:40:40Z,2024-07-25T15:40:40Z
UgyEZz4qiMGumfJXM0R4AaABAg,@ProFudgey,"Thanks for the better understanding, Been busy today but as soon as I got home, Knox Hill on",0,0,2024-05-05T00:32:06Z,2024-05-05T00:32:06Z
Ugzki7hJai4GbF0favZ4AaABAg,@mindworm7689,"Imo drake was always behind in this battle, he’s obsessed with gkmc era Kendrick towing the van, money trees, buried alive,  etc he still trying to son Kendrick like it’s 2012",2,0,2024-07-21T05:37:53Z,2024-07-21T05:37:53Z
Ugx2i6G6f2JCMObERV14AaABAg,@LvUpRED,Knox been having it rough these last two weeks lol this has become my favorite react channel.,0,0,2024-05-04T21:27:13Z,2024-05-04T21:27:13Z
UgwkJGgspdz5NfxMjw14AaABAg,@beezus255,Bro you are the best reactor when it comes to hip-hop. No doubt,0,0,2024-05-04T20:26:17Z,2024-05-04T20:26:17Z
UgwF1wXbngFAm8r0Jwt4AaABAg,@jasonhunt2561,One of the more knowledgeable reacts I have seen there was no “wait who is that he is talking about” dude understood and explained all of the subtle sneaks and disses,0,0,2024-05-11T22:32:15Z,2024-05-11T22:32:15Z
UgzNspuYV_99lwFje-V4AaABAg,@StreeterTurner,CB said I wouldn’t even come out the house if I was you.,1,0,2024-05-07T16:33:05Z,2024-05-07T16:33:05Z
UgzwbfvIJiefycHNHe94AaABAg,@MB24890,Best reaction breakdown,0,0,2024-10-19T01:38:07Z,2024-10-19T01:38:07Z
Ugxrav6GufinbhRyMOB4AaABAg,@HadidSag,Drake came back much respect 🎉🎉,0,0,2024-05-04T19:56:42Z,2024-05-04T19:56:42Z
UgwzXvn6FAH5FQSPhjJ4AaABAg,@karnes0311,The 🐐 never miss a breakdown,0,0,2024-05-04T19:29:41Z,2024-05-04T19:29:41Z
UgxvaZmOunLUJxfNO794AaABAg,@noxstarks,"amazing breakdown my ""G"" Brazil support KH ! hell yeah!",0,0,2024-07-16T14:48:27Z,2024-07-16T14:48:27Z
UgzC3Gs7w-2vmdAvpcN4AaABAg,@sierrasmith3653,I come str8 to you for the break downs on what I don't comprehend lol..Thank you,0,0,2024-05-04T20:45:46Z,2024-05-04T20:45:46Z
Ugx1vF4E0BRQIx4nSsR4AaABAg,@D3gentv,"Keep doing these breakdowns, drake might jus sign you as a ghostwriter",0,0,2024-05-08T03:42:58Z,2024-05-08T03:42:58Z
UgxJ8rfY8iSHjTho-H94AaABAg,@5000fast,Awesome breakdown. Good job 👏,1,0,2024-05-09T11:12:04Z,2024-05-09T11:12:04Z
UgxcnIVMwulAdrjDElZ4AaABAg,@czar82ro,I loved you breaking this down… I wasn’t going to watch your drake response but I said let me see what you do… This shows Everyone around him is just as Kendrick said…. They just yes men & don’t give 2fvxks about you Drake!!!!!!!,0,0,2024-08-24T09:57:42Z,2024-08-24T09:57:42Z
UgygySWuqi5zTuetCvB4AaABAg,@zspauldds,Knox the goat of breakdowns,0,0,2024-05-07T01:51:30Z,2024-05-07T01:51:30Z
Ugwtwu7TWRfdK-6d7Yh4AaABAg,@HadidSag,Your break downs is sick thank you 🎉🎉🎉🎉🎉🎉🎉🎉🎉🎉 k .H.🎉🎉🎉😮😅😅,0,0,2024-05-04T20:27:11Z,2024-05-04T20:27:11Z
Ugz0W9J56AxdxSFBEgV4AaABAg,@Blooming_blossomm,Shot out to the DMV. I’m home grown from DC.  Great breakdown. New subby.,0,0,2024-05-05T19:55:07Z,2024-05-05T19:55:45Z
Ugz4SDoxyTow3i0B1TZ4AaABAg,@jonathanhobbs4561,Drake be doing his thing haters gonna hate. Nox killing breaking down this shit much love,0,0,2024-05-04T20:22:53Z,2024-05-04T20:26:02Z
UgxV02LGNmUNjqDoOHh4AaABAg,@DAM13N996,Maybe it's referring to N95 when kdot is in the background taking about this shit hard,0,0,2024-05-04T23:07:07Z,2024-05-04T23:07:07Z
Ugy5XEP1gBrVQcnCL5h4AaABAg,@the_big_kid,The way you just broke this downnnn.,0,0,2024-05-04T22:33:04Z,2024-05-04T22:33:04Z
UgzwXawUOjPU-C0My-R4AaABAg,@Jonathan_GT,Bro you are legit the G.O.A.T.,0,0,2024-05-04T21:10:03Z,2024-05-04T21:10:03Z
Ugzl2go8tLYTfuY3Sr94AaABAg,@Lolitaa1345,At this point I need a timeline of videos because lordddd!!!,0,0,2024-05-06T15:59:28Z,2024-05-06T15:59:28Z
UgygRQChicIHOmst_zJ4AaABAg,@acrylic8684,"@knox the part where you said, I didnt even know what went on there is he building something, its a hurse since at the end of that part of the diss drake said body after body, the video shows them lowering the hurse as if putting in a body.",0,0,2024-05-08T09:53:07Z,2024-05-08T09:53:07Z
UgzLHkJJCoY-kF0vgaB4AaABAg,@vrd555,Ye who knew it wud get this heated!😮,0,0,2024-05-05T00:04:05Z,2024-05-05T00:04:05Z
Ugx7kwYgkB8y9i5FJ5h4AaABAg,@erichammer7072,Your reactions are the best hit us with them like this drake beat,0,0,2024-05-05T02:34:34Z,2024-05-05T02:34:34Z
UgxQ9Uzg3lNd_kSjcVR4AaABAg,@lukekershaw1911,@KnoxHill amazing breakdown again my man. Another point from keeping Jermaine out of the light after the Mike Jackson bars is MJ tried to kee his brother Jermaine out of the light because they both wanted to be the star,0,0,2024-05-12T22:34:56Z,2024-05-12T22:34:56Z
Ugx1Y8n58DSAbRKK0lV4AaABAg,@RickRizzler7,Always waiting for your breakdown when a diss track drops 😎 KH you know what you do 👑,0,0,2024-05-05T13:51:16Z,2024-05-05T13:51:16Z
UgxtQeREXheeGvZ-Xax4AaABAg,@Kaybee-rr3wy,"4:35 He Is Also Referencing PG LANG, Kendrick's Label.",0,0,2024-05-12T16:22:29Z,2024-05-12T16:22:29Z
UgxumtS9dU3MDLf5Tet4AaABAg,@themtutuj,Hey @knoxhill i just watched your reaction on Not like us and came back to this...this shit fire,0,0,2024-05-05T20:01:09Z,2024-05-05T20:01:09Z
UgxIZc1713OrR_Tgjgh4AaABAg,@Miguel_G_,"Excellent breakdown as usual just missed the very beginning. When Kendrick said, ""we don't wanna hear you say ... No more"" he addressed it by saying it immediately as the song began.",0,0,2024-05-04T20:22:03Z,2024-05-04T20:22:03Z
Ugwcc1q1BVPrnEzf_zN4AaABAg,@justicereborn8296,Just waiting for Knox to debut in CSI 😂😂,0,0,2024-05-04T22:34:25Z,2024-05-04T22:34:25Z
UgyE9BaZbcdPDZO1Yp14AaABAg,@dvsbeats7402,Kendrick fans hear this one many times! Many many times 😂,0,0,2024-05-04T21:09:32Z,2024-05-04T21:09:32Z
Ugz2pDQOsLBoGRUD1ox4AaABAg,@MNYHRSE91,I enjoy your breakdowns Knox! Watching all the way in North Dakota. 🫡,0,0,2024-05-05T15:31:03Z,2024-05-05T15:31:03Z
Ugw7BJxBMf_-vwWr2G14AaABAg,@_RanaR_,Knox’s face when the GKMC van pops up 😮,0,0,2024-05-04T21:16:27Z,2024-05-04T21:16:27Z
Ugzykfz3zLQ_hPL-D_F4AaABAg,@BvDyck101,"Yo! KH's channel is the first one i look for whenever the boys drop a diss. 
so I had to sub bro.",0,0,2024-05-05T07:23:02Z,2024-05-05T07:23:02Z
UgyAQ5f9LokySNCTeJx4AaABAg,@K_BotGNX,"So uhhh, we just gonna act like Drake doesn't use Ozempic? Even though his perscription for it was in the ""Meet The Grahams"" cover art? 🎭😂😅",2,0,2025-01-09T05:14:22Z,2025-01-09T05:14:22Z
UgxJNgu-Bw4ihIkZB4d4AaABAg,@0lD1rtyMustard,late but its the best breakdown done since they dropped.,0,0,2024-12-17T19:39:09Z,2024-12-17T19:39:09Z
UgwgdhpnEb1anbJbJ054AaABAg,@DishyLemon,When the beef is over I want them to reveal they kept dropping tracks just to keep Knox glued to his computer 😂,0,0,2024-05-04T19:44:33Z,2024-05-04T19:44:33Z
UgxiJX0AFs_NfHU6GYZ4AaABAg,@dynamic9016,Thanks much for this reaction..,0,0,2024-05-05T02:31:22Z,2024-05-05T02:31:22Z
Ugyn6GM8awbQbF_rsCh4AaABAg,@cillahmillie5239,🔥🔥🔥🔥🔥🔥 breakdown and Merch,0,0,2024-05-05T07:32:07Z,2024-05-05T07:32:07Z
UgxCl3LwIeYqIxgB6XB4AaABAg,@Zerohero_007,"So this was the moment the red buttons were pushed in this feud, amazing!!!",0,0,2025-02-17T22:11:36Z,2025-02-17T22:11:36Z
Ugw_WV7GO7F6gj0gdnN4AaABAg,@ehuckleberry,Thanks you are awesome Knox.,0,0,2024-05-04T22:03:07Z,2024-05-04T22:03:07Z
UgwYJy4VM3iZoaU_XN14AaABAg,@redzonemusicghost4077,Also picture of him and his son in the back ground is Drake showing Kendrick that he does have a connection with his Kid.,0,0,2024-05-04T20:54:43Z,2024-05-04T20:54:43Z
UgzpL-ZFPV7yhzi_Kcd4AaABAg,@itz_chesco,got you from a react video loved ur breakdown sub,0,0,2024-05-18T08:41:52Z,2024-05-18T08:41:52Z
UgwdhKJmVfcvnbzToHp4AaABAg,@senshai1267,Drake is really good with memes and punching with the memes,0,0,2024-05-05T06:31:04Z,2024-05-05T06:31:04Z
UgyQAvzQufOkx51oYJF4AaABAg,@tradeforcharity,Dang kH break down is Street PhD level...HipHopHistorian Class Level 501,0,0,2024-05-04T21:44:03Z,2024-05-04T21:44:03Z
UgwCASB8defQ-oyprnR4AaABAg,@mustafasamiwala1442,"Hey Knox! Love your breakdowns! have been your fan since MGK- Em beef… am starting late on this Drake-Kendrick feud and your breakdowns are absolutely fire 🔥 
however, i noticed that the rims on the minivan being crushed in the Family Matters video is different from the one that was on the GKMC minivan.. there are chances that it was a replica instead.. and this is me not having heard any of the later diss-tracks or other breakdowns.. i am still on halfway into yours 😂",0,0,2024-05-09T07:08:31Z,2024-05-09T07:08:31Z
Ugx0O5EgbSmVi1pkDsR4AaABAg,@stuartmurray9885,"That spinner chain is a G Unit spinner, im guessing hes showing it as 50 cent is pretty much backing Drake in this battle.",1,0,2024-05-05T10:23:33Z,2024-05-05T10:23:33Z
UgyIGJzUMXgQuoJpgPl4AaABAg,@skyurt6328,The necklace you saw at the end is the engagement ring from whitney that drake bought from her,0,0,2024-05-06T23:03:14Z,2024-05-06T23:03:14Z
Ugw1McZ5U0XJRNY7m3Z4AaABAg,@B.realxo.92,I think PC was meant to mean PC like protective custody,1,0,2024-05-05T02:55:45Z,2024-05-05T02:55:45Z
Ugx57XLrRVJNuL1ks8J4AaABAg,@litenyng,That Knox IQ 🥶,0,0,2024-05-04T20:20:36Z,2024-05-04T20:20:36Z
UgzSC5hYSXBV8eT-pAJ4AaABAg,@Junier-Hussein,My G Knox ♥️,0,0,2024-05-04T21:08:18Z,2024-05-04T21:08:18Z
UgyFb-bvtcwJfbzW7TB4AaABAg,@WebbanationX,Damn near an hour?! Bwoi what are you tryin... Im still finna watch it tho,0,0,2024-05-05T02:44:53Z,2024-05-05T02:44:53Z
UgwTwCg2KQqiL2myP6d4AaABAg,@TheColdrush22,"LOOOOOOOOOOOOOOOOOOOOOOOOOOOVE THIS!! I can't stand Drake, but this is fire. It is truly killing me how brutal this is. These guys would be great attorneys.",0,0,2024-05-05T07:55:16Z,2024-05-05T09:17:17Z
UgwZiztbK3yV-0WUf5p4AaABAg,@younggod3906,Let’s Go 🔥🔥🔥🔥🔥🔥🔥🔥,0,0,2024-09-23T18:26:14Z,2024-09-23T18:26:14Z
Ugwgo7azRVFqwYYGU5d4AaABAg,@Gbanfa,nice breakdown,0,0,2024-05-05T09:13:44Z,2024-05-05T09:13:44Z
Ugz1XZc_j0DSdT2ANPJ4AaABAg,@mixedvibes1879,Classic Knox camera death,0,0,2024-05-04T19:37:04Z,2024-05-04T19:37:04Z
UgwPxlRjjF9nN6uSYZ14AaABAg,@greatone1939,"Even after hearing Kendrick's follow up to this I still think this is the most entertaining diss track from all of them. However, Kendrick dropping that last one taking away Drakes steam AND it being a bop/club type song, really was a masterful move as far as moving people's perception of who is ""winning"". Regardless what we are witnessing right now is historic. This is like watching a straight up brawl in boxing round by round and they just keep coming out swinging. Sure you can enjoy technique and masterful moves but everyone loves to see combatants just go for it.",0,0,2024-05-05T04:49:24Z,2024-05-05T04:49:24Z
Ugx8ALqxFffh5IrOyAh4AaABAg,@noahthompson4098,"What you said at the end, with thinking there was something said to Cole to stay out of it and him apologizing afterwards, I’ve been saying there’s no way he just apologized out of the blue like that. Something was done behind the scenes.",0,0,2024-05-04T20:08:34Z,2024-05-04T20:08:34Z
Ugw8peqCjiAFpl-Iryx4AaABAg,@Foxtrot254,Drake killing it,0,0,2024-05-04T19:39:54Z,2024-05-04T19:39:54Z
Ugwc7zYIo2SiJylq6mF4AaABAg,@Dracioarmagia,21:49 is the stress gulp lmao,0,0,2024-05-21T23:18:30Z,2024-05-21T23:21:20Z
Ugx270XGs3w4MIGF1WJ4AaABAg,@demesama07,It's aight G appreciate the good work love your break down❤❤❤,0,0,2024-05-05T03:40:37Z,2024-05-05T03:40:37Z
Ugw46pvWkHm7PFLO_vR4AaABAg,@bam973,This man catches everything 😭I doubt that kendrick caught all these,1,0,2024-05-05T09:41:46Z,2024-05-05T09:41:46Z
UgxEt7rPy5FKoBPpjl54AaABAg,@jordanre1294,Nah man…this song is next level 😮,0,0,2024-05-04T22:34:20Z,2024-05-04T22:34:20Z
UgylplxoyDCsnWRv6Fl4AaABAg,@danielcrane-hatcher6775,22:24 this was referring to when the vid came out about his hammer few months ago wass all over socials,0,0,2024-05-05T03:21:50Z,2024-05-05T03:21:50Z
UgzX58TuFDIcMfEZC2p4AaABAg,@hilaasual9948,Thank you!!!❤,0,0,2024-05-04T20:40:23Z,2024-05-04T20:40:23Z
UgywdeVxlMIdwTa1pp14AaABAg,@JaamesOsborne,Mike's brother is also called Jermaine so he continued the Kendrick being Mike bar further,0,0,2024-05-05T00:27:22Z,2024-05-05T00:27:22Z
Ugy6AnvjmE2edVSrdUl4AaABAg,@LastGaius,The Jermaine line also refers to MJs brother,0,0,2024-05-05T17:35:46Z,2024-05-05T17:35:46Z
UgzIThKGy2RgBucolW94AaABAg,@tamiladasise,😂😂 he shout out CB and CB picked Kendrick side 🔥🔥🔥,1,0,2025-02-12T16:52:44Z,2025-02-12T16:52:44Z
UgzSV1PXo6rtdX9PKRt4AaABAg,@princehenryakplor3344,You're reactions always on point 🔥 🔥,0,0,2024-05-04T22:34:13Z,2024-05-04T22:34:13Z
UgyV3uqwPMysLmj1QBd4AaABAg,@a_powers674,I don’t even think Kendrick will catch as many bars as Knox 😂 good god brother you’re top of the food chain,0,0,2024-05-04T19:50:01Z,2024-05-04T19:50:01Z
Ugyl8Pt_yYVfBD4Wmqp4AaABAg,@Jonathan_GT,Na your van symbolism breakdown was crazy. G.O.A.T,0,0,2024-05-04T21:25:25Z,2024-05-04T21:25:25Z
Ugx7waBhdKu0TjcRpvx4AaABAg,@StillFly469,I love your breakdown!,0,0,2024-05-04T20:13:56Z,2024-05-04T20:13:56Z
UgwTQiNk7Ch-ZsrnaPl4AaABAg,@Spencergirl67,You’re good I just subscribed 😊,0,0,2024-05-08T14:06:23Z,2024-05-08T14:06:23Z
UgwSscP5gx8Og3buBYd4AaABAg,@fonz_g_160,PC means Protective Custody opposed to GP which means General Population which are prison slang terms.,0,0,2024-05-04T23:28:22Z,2024-05-04T23:28:22Z
UgxA-4oVkxJNqDzooIh4AaABAg,@AleaKat,29:48  yeah but Asaps performance on SNL was incredibly good this year,0,0,2026-08-07T01:05:58Z,2026-08-07T01:05:58Z
UgypfKL6wp-eOo8whDd4AaABAg,@ZragsZer,Never imagined Knox would do 50 min breakdown...for a Drake track 😶,0,0,2024-05-05T20:27:15Z,2024-05-05T20:27:15Z
UgxMyQbV9P8q4PV0kLh4AaABAg,@emmaobande_,We’re still waiting on Kenny’s receipts,1,0,2025-07-20T21:56:41Z,2025-07-20T21:56:41Z
UgyA3FjpKvW6kxRc1Qx4AaABAg,@fork6057,Who’s here after Kendrick dropped AGAIN?,1,0,2024-05-05T00:47:55Z,2024-05-05T00:47:55Z
UgwkYnXvQvWDhmYdTlZ4AaABAg,@gintoki_sakata__,Knox seems like the only dude that gave this track a chance,0,0,2024-05-05T05:53:30Z,2024-05-05T05:53:30Z
UgwFLApv6xNjUQxH1ER4AaABAg,@un1qu3n4m3,No YouTube reactor can dissect bars like you bro. Just when I think I know everything you go and point something else out that I missed lol,0,0,2025-07-13T02:14:29Z,2025-07-13T02:14:51Z
UgwB5uF4DVg6Lr0EimR4AaABAg,@eddieterrell5457,For all the people who didn’t know that’s not the actual van look it up and Knox that’s the gunit spinner chain lol,0,0,2024-05-15T15:51:53Z,2024-05-15T15:53:21Z
UgyihfQ2jQILlcbsHpl4AaABAg,@Twoseconds001,What a good time to be alive,0,0,2024-05-04T19:43:54Z,2024-05-04T19:43:54Z
Ugzd4V73Xm1wGCQZ3FJ4AaABAg,@creative_mindsrus1541,"Knox ""you're not late, you have more than You Tube on your plate"".",0,0,2024-05-04T22:29:04Z,2024-05-04T22:29:04Z
UgwvioJOFim4zkASvHN4AaABAg,@Whereyahidin,17:16 NOOOOOO 😂,0,0,2026-03-04T23:11:22Z,2026-03-04T23:11:22Z
UgxpB65nO2ZFey4kOLt4AaABAg,@A-TownRundown,Just shows you how deep Drake’s bars go. Nobody wants to talk about that though. Gotta show this breakdown to all the Kendrick sloppys,1,0,2024-05-10T13:42:54Z,2024-05-10T13:42:54Z
UgxlamciPt2yHplyGqF4AaABAg,@maxroymcdonald,"Aubrey aka Drake is like the character, Jean-Baptiste Clamence in the book, The Fall, by the French philosopher and author, Albert Camus. Kendrick saw this in Drake and Albert Camus has a definition that describes Drake. It's really interesting.",0,0,2024-05-09T03:42:13Z,2024-05-09T03:42:13Z
UgxNzy23JqWWPHj4ZFN4AaABAg,@Philly300,baby keem i believe said in a interview or something that he helped his cousin with music aka kendrick and when he said your brother jermaine but you wanted him to stay out of the light as in j cole and micheal jacksons brother and at the end the diamond ring is the ring kendrick proposed with,1,0,2024-05-11T05:51:59Z,2024-05-11T06:11:58Z
UgzHOmz4ZRO84JgXJvh4AaABAg,@dajunghanproducer,808 kick so huge,0,0,2024-06-14T18:12:54Z,2024-06-14T18:12:54Z
UgyEhz5GaeeovzHjRuN4AaABAg,@DeuceTreyz,"50:10 Jermaine Jackson, Michael's brother.. I thought would also be part of the play on the whole Mike section",0,0,2024-05-05T08:58:21Z,2024-05-05T08:58:21Z
Ugy2uC46mrGgXZ7gf_R4AaABAg,@evanscarter8668,Hip hop is alive,0,0,2024-05-04T22:07:42Z,2024-05-04T22:07:42Z
Ugy6hNtADlnTMVRX_lJ4AaABAg,@luisperalta6107,Thats the g unit chain in the beginning not a snake,0,0,2024-05-05T21:47:03Z,2024-05-05T21:47:03Z
UgxbTXslJCrxQPuvLL94AaABAg,@timeanddrive5811,9:38 thank you for calling this bullshit out,0,0,2025-08-27T08:42:40Z,2025-08-27T08:42:40Z
Ugx7_7w_r2XhbISd4DV4AaABAg,@gentilexpressionsinvites2895,"I agree. I think Aubrey's post-beef antics have affected how the audience sees him.

That said, I did go to Tyler's brand's website. His stuff really does look better (especially on the jackets). That OVO owl is too big on the front of the jacket.",1,0,2024-12-14T17:17:13Z,2024-12-14T17:17:13Z
UgxryNEscHv59mFpLCB4AaABAg,@codyschwartz1,"The second part of the video has a Hearse. When he goes after ASAP, Ross, Weeknd, etc.",0,0,2024-05-04T22:01:50Z,2024-05-04T22:01:50Z
UgxZ57Wrq1spcUqQvFR4AaABAg,@Aiyangar321,🔥🔥,0,0,2024-08-04T14:20:41Z,2024-08-04T14:20:41Z
Ugzcx2D9Hn43tNPH9fR4AaABAg,@Blackgeezus773,3:14 that’s the g unit chain bruh! 🙏🏽,0,0,2024-05-10T20:26:01Z,2024-05-10T20:26:01Z
UgwvgBdlVOs2UbjCNuB4AaABAg,@jaylenfields2532,that second scene of the song was video shots of a hearse,0,0,2024-08-03T11:35:15Z,2024-08-03T11:35:15Z
UgxT7UrabtWP_kYKC5V4AaABAg,@just_jay7078,"IT would be really cool if someone could string up all those diss tracks, in order, in one video.",0,0,2024-05-04T23:04:50Z,2024-05-04T23:04:50Z
UgyQ-uywuiOPAX1jF_R4AaABAg,@adriahogue,The pride bar was also about Kendrick's song pride... I think.,0,0,2025-01-22T23:08:45Z,2025-01-22T23:08:45Z
UgwaXaLzk5enUBQJIDV4AaABAg,@CancelFGC,What the fuck was that random chicken when the camera died lmfao,1,0,2024-05-13T19:40:05Z,2024-05-13T19:40:05Z
UgySmhHGOVgeFybGKRV4AaABAg,@poggiespogpogpogpogpoggies7278,"“First person shooter better come with three switches”
Or whatever he said on like that, I don’t think it’s a coincidence that 2 disses now have had three beats",0,0,2024-05-04T21:48:14Z,2024-05-04T21:48:14Z
UgwrTVdUTPieA-otUn14AaABAg,@roudyhambone3365,"Let that girl breathe line might be reference to the movie ""Waiting to Exhale"" which starrred Whitney Houston. 🤓",0,0,2024-05-05T09:08:15Z,2024-05-05T09:08:15Z
Ugxc06Pxg-yNIbGhGxt4AaABAg,@rcj5410,29:10 dayum that shirtless pic 🥵🔥,0,0,2024-05-05T16:49:42Z,2024-05-05T16:49:42Z
Ugy3COo7FBeWkjfDu3J4AaABAg,@RochelleWilliamsreads,"In about 20 years, there will be some kind of broadway adaptation of this rap beef, either stated explicitly or in some sneaky unofficial way.  This is dramatic as hell.",1,0,2024-05-06T02:54:07Z,2024-05-06T02:54:07Z
UgzwBWn_McN2lvtw7Bl4AaABAg,@craigsoanya2688,The line about overlooking and staring straight can also be seen as Drake saying he’s bigger and naturally exists at a height that Kendrick simply doesn’t. It also ties back into the line from Push ups where he says he had to hike down from the mountain to talk to him. Also Drake later goes on to say Kendrick went number 1 only b/c of him and should give him the loot b/c again Drake sees himself as bigger and better.,0,0,2024-05-06T03:46:33Z,2024-05-06T03:47:24Z
UgwMs74goIxDP9yxYwB4AaABAg,@OG187phxaz,Lol that's the G unit spinner. Not a snake 😅,1,0,2024-05-04T22:03:31Z,2024-05-04T22:03:31Z
Ugxf7wyAwh3m_-hbNyd4AaABAg,@dudewheresmycar8506,And also the Jermaine line cause Jermaine is Michael Jacksons brother so he went crazy with those mj bars. This beef is insane,0,0,2024-05-04T19:48:04Z,2024-05-04T19:48:04Z
UgygKIlAtgjGtibG5Ph4AaABAg,@TDOTMUSICNERD,Drizzy droppin BOMBS,0,0,2026-04-15T19:05:26Z,2026-04-15T19:05:26Z
Ugy8GF-LLBzh17xCecB4AaABAg,@tomercohenpma,Drake's family matters Clearly is the best song of the whole beef,0,0,2024-05-15T17:38:32Z,2024-05-15T17:38:32Z
UgyRjW0Tg0p2extF1e54AaABAg,@andreleonthompson3899,Drake stated his bigger in  LA than Kendrick and he's backing it up by highlighting who is banging bigger sets both shows and gang affiliation in LA Chuck T & YG & CB,1,0,2024-05-04T21:44:14Z,2024-05-04T21:44:14Z
UgweXwBEB6tr9WrshHx4AaABAg,@bernardgoldstein5161,I think that van has to be a replica because years ago Kendrick posted that his boy still has the van and it looked a lot worse then the van in drakes video,0,0,2024-05-16T03:49:01Z,2024-05-16T03:49:01Z
Ugx9iyEZtY43_Cw1Cax4AaABAg,@alexnewell8580,the mercedes van is an open side hearse.,0,0,2024-05-05T21:08:32Z,2024-05-05T21:08:32Z
UgzvLpgF2BrV1pOU6qx4AaABAg,@nathanielnamso4261,Family matters diss really hit hard fr.. Kdot is just a monster to come up with meet the grahams.. that shit was harder cos it’s didn’t even take up to 20minw before be drops 😁. Kdot is the boogie man!!,0,0,2025-02-22T00:24:04Z,2025-02-22T00:24:04Z
UgypxFb6P6MBdbchoux4AaABAg,@MattyGeneric,#KnoxHillGang🤟🏼👍🏼🚬🅱️🚩🔴🫀,1,0,2024-05-04T20:07:43Z,2024-05-04T20:07:43Z
UgxGdRIi08vPcN_avO94AaABAg,@EVO_X_303,Shit hard,0,0,2024-06-24T03:46:16Z,2024-06-24T03:46:16Z
UgzYHU34-XV4Vmh_F9R4AaABAg,@May-or-May-not,People complaining that he's late and me just now discovering this three weeks later 😅,0,0,2024-05-29T22:18:42Z,2024-05-29T22:18:42Z
UgzZQ7PRZ97LAEAo82F4AaABAg,@Yeshuadaughter727,We were signed permanently in 2019,0,0,2026-02-15T00:34:46Z,2026-02-15T00:34:46Z
UgwO_3p2mz1b1tEoDjt4AaABAg,@ShottaJD,Let the horse ride = Ferrari AND The Kentucky Derby today. LMFAOOOOOOO,0,0,2024-05-04T19:56:21Z,2024-05-04T19:56:21Z
Ugx-kPXKewqdi9KckSl4AaABAg,@RonnieM90,"I saw this on Complex.

In the opening seconds of the song, we hear Drake’s mother Sandra Graham asking her son not to open the track with “n----,” but he does it anyway, as a way to respond to Kendrick’s line on “Euphoria” when he said, “I even hate when you say the word “n----.” Then Drake references Dot’s “friendly fade” line, saying that he’s ready to press the red button because Kendrick mentioned his son. When Drake says he’s “emptied the clip over friendlier jabs,” he could also be referring to the Twitter rant from Meek Mill that prompted him to drop “Charged Up” and “Back to Back” (or one of many other petty feuds over the years).

Drake is using Kendrick’s partner’s biracial identity to make him look like a hypocrite for his racially charged disses on songs like “Euphoria” when he’s married to a mixed-race woman. Then Drake uses a Bobby Brown and Whitney Houston reference as a double entendre to imply Whitney and Dot have a strained relationship while potentially hinting at physical abuse. He also insinuates that Dot has been unfaithful with white women, something that has already been revealed by Kendrick himself on Mr. Morale & The Big Steppers’ cut “World Wide Steppers.”",0,0,2024-05-04T23:56:27Z,2024-05-04T23:56:27Z
Ugzm9OUni9dnQ2irjRl4AaABAg,@Elceeofficial,Am I the only person that recognises the chain at the start? The old G-unit spinner chain 🔥,0,0,2024-05-05T10:51:24Z,2024-05-05T10:51:24Z
UgzbX9vCLjxYNB9qvzF4AaABAg,@MikeJones-jy7cp,"He's saying he won,calling it right!TRUTH IS IF KENDRICK DIDNT RESPOND TO THIS HE STILL WON",0,0,2024-05-04T22:46:22Z,2024-05-04T22:46:22Z
Ugy2CiWyYhn691rCcz54AaABAg,@dtk_jay8414,I think 6:16 was more of a rebuttal to this than Meet the grahams. Because he was telling him I wouldn’t have done this if you hadn’t lied and dragged decent people into this. He even tried to dissuade him by giving him breadcrumbs about information he may be getting.,0,0,2024-05-04T23:00:24Z,2024-05-04T23:00:24Z
UgxKJbpvIGKJgTQEs6J4AaABAg,@tiabecca-mason,Drake pulled the boogeyman out of the shadows. Thanks Drizzy for pushing Kungfu Kenny to giving us  a big win for hiphop and the culture.,1,0,2024-07-05T22:10:39Z,2024-07-05T22:10:39Z
UgzkuFpYKUcWFcKSnKx4AaABAg,@barcatable8781,This still the best song of the fued 👌🏽,0,0,2024-05-09T14:34:52Z,2024-05-09T14:34:52Z
UgxVMO4lGS_a4TmNold4AaABAg,@kaylevon5039,The what the fuck is going is hard 😂😂😂😂,0,0,2024-05-04T20:35:52Z,2024-05-04T20:35:52Z
UgwqKx4Hp2BnX4AT3dF4AaABAg,@XBaDgEerLX,When he said keeping it PC that means protective custody from prison. The snitches or trans yard which changed to SNY yard in California prisons.,0,0,2024-12-22T05:19:28Z,2024-12-22T05:19:28Z
UgykS1QQlSnFKIDeQp14AaABAg,@tradeforcharity,"Everytime KH drinks water, it makes me thirsty. Anyone else feel that way LOL",0,0,2024-05-04T21:46:03Z,2024-05-04T21:46:14Z
UgyahUUhSvkEC5i51KB4AaABAg,@SxpremeXO,Man I'm so intrugued as to what that visual means at the end when Drake is talking to the blood at the house,0,0,2024-05-04T19:43:08Z,2024-05-04T19:43:08Z
Ugwt4rTJjuSiBGU5cfB4AaABAg,@Nico-Naidu,👌🔥,0,0,2024-07-30T19:14:01Z,2024-07-30T19:14:01Z
UgxXg3RGNc31PKgtv3B4AaABAg,@Lela_east,Most unbias reaction  thanks,0,0,2024-05-05T00:16:52Z,2024-05-05T00:16:52Z
UgyYbWP-3HQaMC4Tk7h4AaABAg,@sinisterbinky9413,"Brother, that’s not a snake on the spinner, THATS THE G-UNIT SPINNER!",0,0,2024-05-04T20:06:02Z,2024-05-04T20:06:02Z
Ugxht6G0nDXKqRvHD1F4AaABAg,@BinturongGirl,"Him saying ""gotta go bad"" at the start really sounds like he's getting into a role, like he's just been given notes from his director. ""Oh, this is the scene where I turn mean and badass, and then I win, right? That's the script""
No authenticity.",0,0,2025-07-17T09:34:01Z,2025-07-17T09:34:01Z
UgwQDiVp3pqHdhXjm3x4AaABAg,@glennramsey9327,Whitney introduced Bobby to the hard drugs. Look it up.,1,0,2024-08-25T18:47:19Z,2024-08-25T18:47:19Z
UgxUD8vZ50QSaYP6WXR4AaABAg,@squirrelbirther,Wonder if the part where he talks about not having to bring the kids into it and then talks about bobby and whitney is also about the whole bobby millie brown situation.,0,0,2024-05-04T19:40:54Z,2024-05-04T19:40:54Z
Ugwj6cdhXOaRRfM3L6h4AaABAg,@JUSPLAYTHEGAME,@knoxhill kdot bot was slobbering over Iceman,2,0,2026-06-29T04:53:41Z,2026-06-29T04:53:41Z
Ugzp3USTO5RpF7h3Lt94AaABAg,@juliusyapo1181,"Even though kendrick is winning, you can't deny everything drake drop for the diss is instant hits.",0,0,2024-05-05T20:21:39Z,2024-05-05T20:21:39Z
Ugy6oM2yheSLCZ8sHlh4AaABAg,@seriousone44,"Fuck it who the hell could expect Drake to go this far w Kendrick jab for jab, idc who wins this shit but well done to Aubrey he did something unexpected in this whole beef, and yeah Kendrick might be winner at the end of this all but maaaan Drake did some work",0,0,2024-05-04T20:00:23Z,2024-05-04T20:00:23Z
Ugzn5IomBKcUpfsVTUJ4AaABAg,@ICT_raps,Drakes writers been cooking,0,0,2024-05-04T19:57:52Z,2024-05-04T19:57:52Z
UgyDmnnT-QNhnz9-aVh4AaABAg,@zeroburn52,Knox goes full DeNiro 2:12,0,0,2024-05-05T17:31:40Z,2024-05-05T17:31:40Z
Ugx6DNmyXwqJWpr5Xap4AaABAg,@biblesummaries12,It looks like they made it into a coroner van that pick up bodies because I 👀the stop bar and the place where you lock the Gurnee in place so it doesn't move as you ride😮 didn't see it til you said they reconstructing the van at around 34:24,0,0,2024-05-04T19:50:24Z,2024-05-04T19:50:24Z
UgxOl7dJ_XCe2kPwuAd4AaABAg,@matthewengle9554,Love how drake drowns out freeeeeeeeee so long he laughs and rolls it right into a laugh so smooth. That's talent idc what anyone says. To make that not sound bad would be difficult and it sounded hard AF imo,0,0,2024-05-04T21:48:39Z,2024-05-04T21:48:39Z
UgzrVObBKSQ1MAr7uyt4AaABAg,@dopethescopevideos4438,Yo Knox was that the G-Unit chain in the beginning??,0,0,2024-05-04T19:50:20Z,2024-05-04T19:50:20Z
Ugy-6-JEGl1QYeP0CKl4AaABAg,@dfrentertainment3339,Amazing review just subscribed.. Drake won with this one he stained Kendrick good guy image. 😱🔥🔥🔥🔥,0,0,2024-05-04T23:01:46Z,2024-05-04T23:01:46Z
UgwaONcSKQo66P4iZFp4AaABAg,@Neko4president,"Kendrick won the war but drake was spitting on this…especially in the middle with the beat change, yo he went nuts",1,0,2024-06-08T04:27:57Z,2024-06-08T04:27:57Z
UgzU4OfhGeB-D1JMgiJ4AaABAg,@i7zColorman,Bishop killed his friends too,1,0,2024-05-09T23:49:53Z,2024-05-09T23:49:53Z
UgwGOKYDU4AtuTYoQnJ4AaABAg,@ajrochester9364,The spinner chain is a replica of 50 cents g unit chain . BTW..,0,0,2024-05-20T22:44:57Z,2024-05-20T22:44:57Z
UgyYB519czLW8ca9EX54AaABAg,@sherin957,Yo knox wat drake means at 22:20 is tht he gets active at war time thn talks about not droping d  mainly referring to missile's droped during war....cuz uk lol and thn it is also a call back to the previous bella haddid bar,0,0,2024-05-06T04:18:27Z,2024-05-06T04:18:27Z
UgwYSTsezVhDLdvm6Kd4AaABAg,@greggwright9640,Save the stick talk is also a reference to a Future song so he’s doubling down on the future metro feature…,0,0,2024-05-23T16:06:25Z,2024-05-23T16:06:25Z
Ugw-ZZlB13okwl1bRKJ4AaABAg,@Jay-kw5ui,"He said ""transforming into"" like if they were a pokemon or some😂",0,0,2024-07-26T21:03:42Z,2024-07-26T21:03:42Z
UgxN-gMlF1tWc-kY7u94AaABAg,@4Bashment,"Knox you capped on Bobby he never beat Whitney and Whitney did drugs before they hooked up , he just got her more of a connect.",1,0,2024-06-28T13:19:23Z,2024-06-28T13:19:23Z
UgwUeMbKsFWLTLYDqo94AaABAg,@joncalcote6073,Pc can also mean protective custody when you locked up,0,0,2024-05-05T04:29:23Z,2024-05-05T04:29:23Z
Ugwj52eKn2-03431m9d4AaABAg,@JDB303,man am i the only one who caught the pablo escobar signed and finger printed authenticity? lol that was a shot at rick ross. a HARD shot.,0,0,2024-05-05T03:32:40Z,2024-05-05T03:32:40Z
UgznK1AthV-6AJRsGM94AaABAg,@akayokalumba5151,"DRAKE first top charting artist to feature an african musician,  has helped several black artist with their first banngers, gives miney ouut to communites constantly, helped kendrick lamar to his firs t 15000 strong audience, when he was only used to 2000, gives out hundreds of thousadns of dollars evertime his is on stake.",0,0,2024-05-05T00:33:43Z,2024-05-05T00:33:43Z
UgyBq9cdUqHDQaHg1nR4AaABAg,@Sickoloko24,Drake is cooking,0,0,2024-05-04T21:30:21Z,2024-05-04T21:30:21Z
Ugyf10lA-fua0-9ZnUJ4AaABAg,@KahinWalaMajnoon,30:07 Bro noone has mentioned the Pluto bar yet. He talking about future because it was futures nickname that drake called him but also Pluto is a dwarf planet and he is saying metro influenced future but he said Pluto on purpose in regards to kendricks height again and he's saying metro influenced Kenny to also turn on drake. That's where this whole thing flamed up again.,0,0,2024-08-20T23:07:26Z,2024-08-20T23:08:43Z
Ugw257Opt8uSR0_u4Gd4AaABAg,@jaimeebrown9537,"someone break down that clip, bc is that 50's chain, Whitney's engagement ring?, what's the story with those glasses, what property is that that Drake is at in the end! I've been looking but everyone is so blown away by everything I can't find the receipts yet.",0,0,2024-05-04T20:55:47Z,2024-05-04T20:55:47Z
UgxQ_kueW6C--dJpmkt4AaABAg,@TxGhost24,"""Kendrick just opened his mouth, somebody go get him a grammy right now"" 😂😂😂",0,0,2024-05-04T23:46:15Z,2024-05-04T23:46:15Z
UgzHR3oKrssHqUlMXC14AaABAg,@patrickrk44,38:40 did you miss what was under that ring though? Pablo Escobars letter... dig into which one and what it says,0,0,2026-08-26T23:14:36Z,2026-08-26T23:14:36Z
Ugxot76bfG5aB8fzBOh4AaABAg,@tyrelllogan7896,My guy be deep diving lol,0,0,2024-06-28T21:08:25Z,2024-06-28T21:08:25Z
Ugw_1xMZWPuFN4nmQsp4AaABAg,@nickstout222,"Yooooo Drake's ghostwriter ""Daylyt"" dropped a diss on Drake!",0,0,2024-05-06T11:33:28Z,2024-05-06T11:33:28Z
UgxVVkzywihCuxX0RvV4AaABAg,@maxspeed3319,"Yo Belly, I know Abel is your boy. PLEASE GET DRAKE. I'd love to see Belly compete",1,0,2024-05-05T02:08:03Z,2024-05-05T02:08:03Z
UgwMOXzJBDjC1c6OkFp4AaABAg,@Chumchum339,‘Make sure you bring protection when you’re dealing with drake’ 😂😂😂,0,0,2024-05-05T01:43:21Z,2024-05-05T01:43:21Z
UgxPWd7sIiL2v2JUmhZ4AaABAg,@cookingwithlou7197,"Hey Knox, idk you but you brought up Ray rice in the elevator. Are you a fellow ravens fan???? I need to know🤣",0,0,2024-07-21T01:14:43Z,2024-07-21T01:14:43Z
Ugy6u3Lr2v_niXcvV-x4AaABAg,@ph0kused,"5:24 just a bar i think you misinterpreted, PC is prison/jail protective custody. ‘Put you in PC rather than gen pop’ - or general population yard. Any way, minor entendre by drake. Lol at keeping “it PG” ya… that doesnt hit like you thought it would diddy drizzler😂",1,0,2024-06-01T03:59:02Z,2024-06-01T03:59:20Z
UgwxEB-1hzBcqjXgib94AaABAg,@BoldDreadman,"Kendrick just opened his mouth, somebody give him five grammys right now...",0,0,2025-02-15T00:52:59Z,2025-02-15T00:52:59Z
Ugzx_8KdLSqEnBi8_xJ4AaABAg,@challengerSTS51L,That Bobby reference wasn't for Whitney it was for Bobby that girl who does podcast and how the husband claims she messed with drake. 12:00,0,0,2024-05-05T05:48:19Z,2024-05-05T05:48:43Z
UgyUuTfgjOHbnnlN-Ml4AaABAg,@8Phoenix8,"42:24 
“You know it isn’t an EPIC RAP BATTLE OF HISTORY without a D$&@ joke” - Knox Hill 😂",0,0,2024-05-04T21:25:11Z,2024-05-04T21:25:11Z
UgwJmh0qZOFoELAkHvt4AaABAg,@king3650,I think the in between scene with the black and white car is a Maybach hearse (coffin carrying vehicle) trolling Rick Ross and his dead rap career,0,0,2024-05-04T19:33:23Z,2024-05-04T19:33:23Z
UgzqkhD9mUZ4NSxBANx4AaABAg,@matthewwilliams2294,“Put that Vanilla Crème in Starbucks. Shout out to my Karens”. In dead bro.,0,0,2024-05-24T17:03:07Z,2024-05-24T17:03:07Z
UgzxGgiSKVXXxbFay0p4AaABAg,@THEYDONTKNOWMESON111,"Leland Wayne, aka metro boomin name sounds like lil wayne, Your Influence = K Dots influence is lil wayne, so nice scheme there",0,0,2024-05-05T21:23:54Z,2024-05-05T21:23:54Z
UgzlXQ35EAkmZLKmX-l4AaABAg,@andreleonthompson3899,The question you should ask is how much millionaires from his block has Kendrick made not giving away backpacks and doing charity work surface works looking like a Hollywood tax write-off,1,0,2024-05-04T21:51:19Z,2024-05-04T21:51:19Z
UgzZ_Ib9S1JaohOg5Kh4AaABAg,@DMorgMtown,That's the G-Unit spinner necklace piece,0,0,2024-05-10T06:20:19Z,2024-05-10T06:20:19Z
UgzcFIQ4dOiJPsHWdAl4AaABAg,@theredpoweranger,"""And wait you say your brother Jermaine, but you wanted him to stay out of the light"" is a part of that triple entendre cause Michael has a brother Jermaine Jackson who was the lead singer in the Jackson 5 until Michael outshined him and took the lead. Drake won bro I don't care what anyone says.",1,0,2024-06-01T08:46:55Z,2024-06-01T08:46:55Z
UgyS36dus2u2r7wrpLJ4AaABAg,@manasmandole7090,What's the van in the video ?,1,0,2024-05-06T06:29:28Z,2024-05-06T06:29:28Z
UgyBQygW-09d9T7FuEJ4AaABAg,@jasonbarnes4245,What you think about the Kim line?,1,0,2024-05-05T01:44:34Z,2024-05-05T01:44:34Z
Ugz5Y3Ol5_zxwxHeCAB4AaABAg,@Chris12987,Algo,0,0,2025-01-20T02:38:10Z,2025-01-20T02:38:10Z
UgxcJBuSsxLvo-4kTTN4AaABAg,@coltongottman,If either one of these dudes wants to end it bring Em and 50 on for a feature. Game over,0,0,2024-05-07T00:24:40Z,2024-05-07T00:24:40Z
UgzNw9s5BKaw6BuVZgp4AaABAg,@HeyBigVick,That chain remided me of the G Unit chain.,0,0,2024-05-04T19:50:35Z,2024-05-04T19:50:35Z
Ugyn-g-d6NAJiUxChuN4AaABAg,@HadidSag,🎉🎉🎉🎉🎉 heĺl yeah real bars drake,0,0,2024-05-04T20:04:27Z,2024-05-04T20:04:27Z
Ugy0-lXrWpkP7rilWHF4AaABAg,@federalgodson,Lowkey Drake is winning this thing and people are feeling it.,0,0,2024-05-05T01:06:30Z,2024-05-05T01:06:30Z
UgzPs6Hxvr_K8lnsv414AaABAg,@xxzoomzoomxx,Best reactor. You don't miss anything,0,1,2024-05-05T17:21:53Z,2024-05-05T17:21:53Z
Ugy2q2VQmHmGcxJZlX94AaABAg,@crayye,"Baby Keem is KDot’s cousin! For example, on N95, keem is credited as a writer but has no appearance.",0,0,2024-05-09T04:11:47Z,2024-05-09T04:11:47Z
Ugzsj6PanooqVQMBvLV4AaABAg,@KoolKaliKev,"I wish people would know the history of  RB and black music before they speak, bobby brown was 3 or 4 years younger than Whitney Houston and Whitney Houston was already addicted to cocaine when they got together, word on the street is this she turned him on to drugs when he was just a team and knew it",2,0,2024-07-14T07:54:32Z,2024-07-14T07:54:32Z
UgypyidnWfoNSvC9U514AaABAg,@AlwaysBeSmiling,🔥🔥🔥🔥🔥🔥🔥🔥🔥🔥🔥🔥🔥🔥🔥🔥🔥🔥🔥🔥🔥🔥,0,0,2024-05-09T05:00:26Z,2024-05-09T05:00:26Z
Ugznh0HSS5EYYiLZRXt4AaABAg,@bradb4157,The P.C line he's also saying he would be in PC as in protective custody in prison,0,0,2024-05-04T22:03:05Z,2024-05-04T22:03:05Z
UgxRQCiOnG0k7fxErMh4AaABAg,@jacobbeheler324,The PC is also a bar on real vs computer generated,0,0,2024-05-04T21:37:29Z,2024-05-04T21:37:29Z
UgxxJMwVYJsrfFq5k994AaABAg,@nellydude255,Kdot can drop an entire Diss album and it aint beating this.,0,0,2024-05-05T13:58:14Z,2024-05-05T13:58:14Z
UgzhhEbbUAhOKuCodFV4AaABAg,@JohnWick6Dee6,5:45 PC Protective Custody,0,0,2026-03-01T20:29:04Z,2026-03-01T20:29:04Z
UgzEvX9RbhkqHPxxyBR4AaABAg,@Kalenarnold,54 minutes is crazy,0,0,2024-08-14T00:42:49Z,2024-08-14T00:42:49Z
UgyqrKpDPB1DPB-AdCZ4AaABAg,@domcagney2352,"Kendrick has had more content but if you really listen to this track, this shit is diabolical. That last beat is definitely the hardest out of the whole shit imo too…it’s gonna be tough to convince the public that Drake is even with Kendrick bc of the volume and the strategy Kendrick employed when dropping…but I think this track hits as hard and is as twisted as at least 2 of those Kendrick tracks combined",0,0,2024-05-05T00:52:46Z,2024-05-05T00:52:46Z
UgwWn2EKAcECJg621Gt4AaABAg,@sugastick30,DRAKE THA GOAT MAN.......HIS  ISSH HIT DIFFERENT...... DRAKE IS HIPHOP.....KDOT A MAD SCIENTIST,0,0,2024-05-04T19:37:03Z,2024-05-04T19:37:23Z
Ugw561S6k79lZSQQZ754AaABAg,@anonymouscypher2919,ay,0,0,2024-05-06T03:55:44Z,2024-05-06T03:55:44Z
Ugz9FY7PXPgO5Q3lIH14AaABAg,@xavier-lopez34,"Did Drake write this song or did he have one of his ghost writers do it for him?  Interesting stuff on both sides, only time will tell how this is impactful in a few in a couple years.",1,0,2024-07-09T08:38:15Z,2024-07-09T08:38:15Z
UgwTJkaeRUhtCO3MkEB4AaABAg,@TheOne-tc2xr,7:48  Metro homie took Metro Main Squeeze,0,0,2024-05-04T19:57:42Z,2024-05-04T19:57:42Z
UgzMW6WS1llpnTyQJQx4AaABAg,@danielsartor7530,lol Knox is hurting from breaking these bars down,0,0,2024-05-05T00:20:06Z,2024-05-05T00:20:06Z
Ugzo_bAxK87KbZD5mVJ4AaABAg,@iamworthy1302,"Not the gunit chain being a ""snake""",0,0,2024-05-21T02:00:42Z,2024-05-21T02:00:42Z
UgyXg6VDw-X4MbhtAxt4AaABAg,@c-breezy307,Dude this may be Drakes best track in a lil minute,0,0,2024-05-07T07:50:14Z,2024-05-07T07:50:14Z
UgyoJd_yJlWe0XHW15R4AaABAg,@Gonzo1_1,"i love the vids and all the breakdowns, but can we please stop the Thanos talk thanos has a whole team also lol,",0,0,2024-05-04T21:06:20Z,2024-05-04T21:06:20Z
UgxbC76kYgQK3mwJPGZ4AaABAg,@LamontWelch-gd4fh,You also missed the brother of Michael Jackson is Jermaine Jackson and they were always feuding.,0,0,2024-05-07T05:11:30Z,2024-05-07T05:11:30Z
UgxWmMMFqvI53CJHD754AaABAg,@Animeniac77_Teemo_G0ne_Wild,Drake cappin' hard 🎉😂🎉 He paranoid.,1,0,2024-05-05T07:10:31Z,2024-05-05T07:10:31Z
UgyPo3nAmGPDzS1LpR14AaABAg,@caitlazers46,19:56 the pg line also sounds like he is saying “peachy” at the same time which would work. I hate Drake but some of his songs can be clever!,0,0,2024-06-03T19:02:16Z,2024-06-03T19:02:16Z
UgyIvsVmzuYDeFwIPEV4AaABAg,@solaragejosh1310,The way Drake ended his diss.. you dead.. feels like he dropped all he had.. if Kendrick responds I hope he has something to say,1,0,2024-05-04T22:34:17Z,2024-05-04T22:34:17Z
Ugw_m8FLPojp8n4G-V94AaABAg,@ShaneJao,Pretty sure that’s Drake’s G-Unit spinner chain - channelling 50 Cent (similar to Whoo Kid at the beginning of Push Ups)🤷🏽‍♂️,0,0,2024-05-10T00:34:04Z,2024-05-10T00:34:04Z
UgzL0DUkYhh_2TDegWp4AaABAg,@ghezlitarik4915,How com knox is the only youtuber whouse camera dies in every vudeo,0,0,2024-05-04T19:31:33Z,2024-05-04T19:31:33Z
UgzP29-PW2_kveN3wzx4AaABAg,@HorrorGamer94,if not like us wouldn't have dropped so close to this this one would've taken it,0,0,2025-01-29T08:24:20Z,2025-01-29T08:24:20Z
UgzNN7fhfLxWHHqebNl4AaABAg,@GoofyNewfie13,21:43 did knox let it slip lol?,0,0,2024-05-05T05:51:33Z,2024-05-05T05:51:33Z
UgzCcuPpKL3_gK20DVF4AaABAg,@tommyhenderson8985,Dot did it again,0,0,2024-05-05T00:43:34Z,2024-05-05T00:43:34Z
Ugx-ZGzLz46qJTBDzal4AaABAg,@TheBdawg15,He got the G Unit spinner chain on,0,0,2024-05-04T21:14:33Z,2024-05-04T21:14:33Z
UgxHPWbipKRSJX5N_jN4AaABAg,@kwazirich8447,On the second part of the song Drake wasn't building anything. That's a HEARSE bro! He was showing us the inside of it and being closed.,0,0,2024-05-06T10:36:50Z,2024-05-06T10:36:50Z
Ugwnr0WL9YNqLe0y8l54AaABAg,@NelajKilam,You should do a reaction to Look over your Shoulder by Busta Rhymes Ft: Kendrick Lamar,0,0,2024-08-31T02:46:36Z,2024-08-31T02:46:36Z
UgxWim2FwPRrbLHniWF4AaABAg,@Mia-62-b8m,Knox said no don’t keep it PG 😂,0,0,2024-05-05T16:52:07Z,2024-05-05T16:52:07Z
UgynTFhJ9EtXp3lRgot4AaABAg,@wh1skeyj4ck,Drake is a monster,0,0,2024-05-04T20:31:17Z,2024-05-04T20:31:17Z
UgzZ6wcNI90VnolxNjR4AaABAg,@PumpkinJack31,"@46:05 Drake talking to bloods putting a contract on K-Dot…showing a “crypt"" in the background shot? While saying “you’re unalived, you’re unalived” @51:17 and flashing his downpayment @51:18",0,0,2024-05-04T20:27:43Z,2024-05-04T20:27:43Z
UgxEliiYjHpFp2IkVpx4AaABAg,@JeffMyers409,Knox kinda missed the Jermaine line. That it was a continuation of the comparisons to MJ.,0,0,2024-05-04T20:27:12Z,2024-05-04T20:27:12Z
Ugx-M6Xcnp5PZk-gd8l4AaABAg,@weldonangelos4703,Protective Custody is what PC stands for. It’s what we call people who are scared. They go to PC when they hit the prison yard.,0,0,2024-05-08T05:41:49Z,2024-05-08T05:41:49Z
UgwI5aQGDT7hn_BGKJt4AaABAg,@doubleddollar,The last beat is from thong song,0,0,2024-05-06T09:08:26Z,2024-05-06T09:08:26Z
UgyIrzGijSru0OoAXrl4AaABAg,@PEEPSnationOfficial,Thats definitely a G-Unit chain dawg lol,0,0,2024-05-06T17:42:10Z,2024-05-06T17:42:10Z
UgyVX0CvHtcpQboWgm14AaABAg,@itsjustwest4811,The pendent wasn’t a snake it was a G unit spinner… Dp in gang slang means disciplined… mean you’ll get jumped by your own homies… PC is jail slang for protective custody… mean Kendrick pay for protection,0,0,2024-05-06T00:59:15Z,2024-05-06T00:59:15Z
Ugzvbbftn2XqxerDwFd4AaABAg,@tylerdog3,Wait hold on... 3rd beat... is that not Johnny Dang with all of pharrels chains on? Pretty sure it it is...,0,0,2024-05-07T04:47:11Z,2024-05-07T04:47:11Z
UgzG0TBY6H1mi_-brSJ4AaABAg,@SeeNoEvil98,👍🏼👍🏼,0,0,2024-05-04T19:58:36Z,2024-05-04T19:58:36Z
UgxU-gsflABXGcnnIal4AaABAg,@adotcdoy,Metro put the cease and desist email up,0,0,2024-05-06T02:13:55Z,2024-05-06T02:13:55Z
Ugx9exkXA08LfnHnNw14AaABAg,@geot245,Drake is homelander,0,0,2024-05-04T20:25:50Z,2024-05-04T20:25:50Z
UgxvCd5jNWLFsEu-LQB4AaABAg,@TheKris519,Save your tears for another day! The weekend 😂😢😢😢,0,0,2024-05-05T01:00:14Z,2024-05-05T01:00:14Z
UgzCQInhED2VauHlOF14AaABAg,@jesseporter3397,Bro. Concerned as fuck for the minivan in real time. I felt that. Still too. Why drake squishing vehicles out here? My 2008 jeep Cherokee is about to shit the bed,0,0,2025-01-18T02:17:56Z,2025-01-18T02:17:56Z
UgyK-CDYdfZaTA0A2qt4AaABAg,@robertdover5185,Drake paid his ghosts overtime for some of those bars.,0,0,2024-05-05T20:23:36Z,2024-05-05T20:23:36Z
Ugy4LZSc6K4jPlP-pol4AaABAg,@stcoks,Could you do a reaction to why g from Toronto,0,0,2024-05-05T19:56:34Z,2024-05-05T19:56:34Z
UgxqO7rM_eluxXnWGqZ4AaABAg,@trueheatbeats,That looks like the g unit chain to me in the intro. Am I seeing things? Lol,0,0,2024-05-06T06:39:34Z,2024-05-06T06:39:34Z
Ugy5nAeaSr6Q_wpi1ul4AaABAg,@imSellingg,The pc in real life bro I took it more as drake saying you’re in protective custody in real life like how people in prison go into PC,0,0,2024-05-04T20:35:03Z,2024-05-04T20:35:03Z
Ugys34pltx9pZeqEPNF4AaABAg,@datruth9876,He sounded like Future on that keep it PG,0,0,2024-05-04T20:06:29Z,2024-05-04T20:06:29Z
UgxwyQIlQvp5Ei_FrvZ4AaABAg,@shoppure3396,That’s the gunit chain,0,0,2024-05-04T23:08:25Z,2024-05-04T23:08:25Z
UgyEqw8eS0xeubKqbLx4AaABAg,@seeker_107,"How drake started the song ""nnnnnnninja..."" and the second segment of this diss track where he says ""ninja"" more times than he ever has probably, could be a response to ""we don't wanna hear you say ninja no more"" on euphoria.",0,1,2025-06-26T17:23:11Z,2025-06-26T17:23:11Z
UgxJImlgC1yFCVz_gGt4AaABAg,@saddamkohistani816,he talking about future not the weekend at 21:15,0,0,2024-05-09T00:13:40Z,2024-05-09T00:13:40Z
Ugy6sgLR3bShI8kz0HB4AaABAg,@TheThisosMeta,The chain wasn't a snake it was the G-Unit chain that Young Buck always carried.,0,0,2024-05-06T01:00:28Z,2024-05-06T01:00:28Z
UgyS2xTwl5DONXKfer54AaABAg,@Ragingbulls33,That’s not a snake chain that’s the G-Unit spinning chain,0,0,2024-05-04T21:40:39Z,2024-05-04T21:40:39Z
UgxVECuibaLsNg39tu94AaABAg,@thtcaribbeanguy,"THESE BEEF 110% pure ANGUS BEEEEFFFFFF
WILL WITH BARSSS",0,0,2024-05-04T21:04:19Z,2024-05-04T21:04:19Z
Ugz1TU_g8J-_jTLFMDd4AaABAg,@effortlessx8326,"This reminds me of Rap Devil, how MGK just found a dozen ways to call Em old. How many short jokes do you need to make to fill out a song??",0,0,2024-05-09T07:16:10Z,2024-05-09T07:16:10Z
UgxQNZqtcboTyg1K9T94AaABAg,@Voidzdomain,What in the díck hard...happening right now? -Knox Hill 2024. 🤣🤣🤣🤣,0,0,2024-05-12T23:56:06Z,2024-05-12T23:56:06Z
UgyJf5Efu4syaLlS_sN4AaABAg,@sammichmanjr,IT'S A HEARSE!,0,0,2024-07-19T04:15:19Z,2024-07-19T04:15:19Z
Ugw4MyfE3oNWlz2TsiN4AaABAg,@ShantelRoddey,Your breakdown is emaculately better than the black reactions Good job‼️,0,0,2024-05-04T21:39:53Z,2024-05-04T21:39:53Z
UgzHHnVuIe7QwiC6zoh4AaABAg,@nickanand8087,Jay COle ain't losing any sleep right now.,0,0,2024-05-05T19:14:17Z,2024-05-05T19:14:17Z
UgzPz1NaJoPwEZW5thJ4AaABAg,@le_nubian957,""" but you civilian gang n real life, you PC""=Protective Custody",0,0,2024-05-05T05:08:58Z,2024-05-05T05:08:58Z
UgyNilQUGCGwAGRiXZl4AaABAg,@zoeakosua5843,"My God, all these people complaining about Knox pausing to much. And then there’s me worried when he doesn’t pause after 30 seconds cause im scared i will miss and won’t understand an important bar.",0,0,2024-05-10T16:21:04Z,2024-05-10T16:21:26Z
Ugzx_LF-53Rd2nXQ5Qh4AaABAg,@ThaStrategist,@34:30 its a hearse,0,0,2024-05-05T01:10:32Z,2024-05-05T01:10:32Z
UgyjXC_HL25C1sRidBZ4AaABAg,@TheMeatDon,PC is Protective Custody 😂,0,0,2024-05-05T23:20:40Z,2024-05-05T23:20:40Z
UgxHNJwDfPB-JZGgoKl4AaABAg,@JustCommentingHere,@KnoxHill who you think wins the battle not after SB show.,0,0,2025-02-13T02:39:37Z,2025-02-13T02:39:37Z
UgxDGTACNN1vzb9CUIJ4AaABAg,@kuzivahwata131,Wagwan Delilah,1,0,2024-06-07T20:58:44Z,2024-06-07T20:58:44Z
UgzM-25CHwnR2rerb1J4AaABAg,@offsides7.7.7,I aint been this excited about a rap beef in a looonngg time and i love it! They both came with the heat but I feel like Drake had to address too many people at once which took away from the potency of his response. The only way i can see him coming back is if he drops a response just for Kdot leaving everyone else out of it and he proves kdot lied on him.,0,0,2024-05-05T00:09:14Z,2024-05-05T00:09:14Z
UgwiN3vfju9irYZmIRt4AaABAg,@Labz83,Lol snake emblem is still hilarious,0,0,2025-05-06T01:28:51Z,2025-05-06T01:28:51Z
UgzNiU0tM_JoQKprYEN4AaABAg,@cjaypaz9842,Who knew by i gotta go bad he meant that Sexxy Red track and that Delilah thing cuz he went bad for sure like spoiled milk,0,0,2024-07-19T18:17:08Z,2024-07-19T18:17:08Z
UgwIzscLjaQQzSP62Qx4AaABAg,@mariocontreras3543,Jermaine is Michael Jackson’s brothers name too,0,0,2024-05-08T05:42:57Z,2024-05-08T05:42:57Z
Ugzau9F2_435bkbw-uh4AaABAg,@kingjamesmayo8232,No cap Drake killed  this track   🔥 Dope Content  Knox,0,1,2024-05-05T17:10:20Z,2024-05-05T17:10:48Z
UgwEf4VrcZ2txGG_Xf14AaABAg,@LaKeshaHicks-h5x,It’s funny that Rhi Rhi can’t stand him?!?!🤣🤣🤣,2,0,2024-06-13T08:23:58Z,2024-06-13T08:23:58Z
UgzbVPEN0BsmcwxDZER4AaABAg,@Areus019,"DRIZZY JUST OPENED HIS MOUTH🎶🎶
GET ALL YO KIDS AND HIDE RIGHT NOW🎶🎶",0,0,2024-06-25T05:52:27Z,2024-06-25T05:52:27Z
Ugxxf2j_pZDfeBt0oRh4AaABAg,@lamardavis688,ONCE AGAIN THE GOAT GIVES TO US!! WE MUST THANK HIM!! THANK YOU FOR THE BEST BREAKDOWNS KNOX,1,0,2024-05-05T19:06:29Z,2024-05-05T19:06:29Z
Ugyvpu3g6_2yPIDyaCB4AaABAg,@ericroper9477,"It’s not a snake bro, it’s the GUNIT SPINNER CHAIN",0,0,2024-05-04T20:47:45Z,2024-05-04T20:47:45Z
UgwpaJ21mtdGrNLPS414AaABAg,@mumzytrip488,49:06 😂😂😂😂,0,0,2024-11-28T06:00:37Z,2024-11-28T06:00:37Z
Ugx3E6jqPm0MBstbRbt4AaABAg,@itsyaboylucky,"to this day, there’s so many questions i want answered like who’s bra was that in the video and does drake really have a daughter",0,0,2025-06-17T01:46:06Z,2025-06-17T01:46:06Z
Ugzqbad1t8o6jxWQ_hF4AaABAg,@krooks210,Drake a genius bro said he wanted to keep it PG im shure he was 😂,0,0,2024-05-05T23:51:04Z,2024-05-05T23:51:04Z
Ugz_GxFfA78WGXoJjdZ4AaABAg,@indignify_11,HOW DO YOU TURN A 7 MINUTE SONG INTO A 50 MINUTE VIDEO,1,0,2025-12-10T11:06:20Z,2025-12-10T11:06:20Z
UgzWxs6AL68QTPMqUyt4AaABAg,@andreleonthompson3899,Ghost got him on Church Street For his AP but he didn't Go to court on the 🥷🏾 so the boy never ratted point blank.,0,0,2024-05-04T21:41:17Z,2024-05-04T21:41:17Z
Ugw8oTjFxjmIL872QHB4AaABAg,@albertinodebritobarros8041,Kendrick’s is a lyrical genius but drake is rhythm genius damn. Kendrick got the lyrics but overall drake’s track hits hard 🔥.,0,0,2024-05-06T01:05:02Z,2024-05-06T01:05:02Z
Ugx8qE1x4jq2rsr-4nh4AaABAg,@Jeremy.3124,I think the black and grey part is a hearse,0,0,2024-05-04T22:10:00Z,2024-05-04T22:10:00Z
UgwLBSvfWkJ7fMREO0Z4AaABAg,@tylermcconnell1996,"Reactors like you are getting popular because of rappers having beef with each other!
Facts!",0,0,2024-05-05T01:59:41Z,2024-05-05T01:59:41Z
Ugx6RKO-SM1lTGBt-6t4AaABAg,@francineserwili4674,"You actually was among the few that didn't just skip over that ""slave"" offensive aproach!! 
We appreciate you💯",0,1,2025-02-19T08:40:39Z,2025-02-19T08:40:39Z
Ugx33z1iyj_H7yzDVMF4AaABAg,@tehlitepker,"Also there's actual news on the web about KDot beating his girl at a Hard Rock Hotel in Vegas, where he had a performance around that time or was attending some kind of party/awards. I saw someone posting the thing on twitter.",1,3,2024-05-04T19:43:09Z,2024-05-04T19:43:09Z
UgwbK9V3znsOLwJwINh4AaABAg,@HanginAndBanginBrother,"Its never been about ""can drake rap"". The issue with him is how much of this did he actually write. Which i dont really care about if you're going in to make an album, but is kind of important when you go in to make a diss track",0,0,2024-05-31T06:37:24Z,2024-05-31T06:37:24Z
UgyVb37JMDa7Jnm34SF4AaABAg,@dudesonismyhero,"The next step is Drakes face on a milk carton, and Kenny’s face on a wanted poster.",0,0,2024-05-04T22:16:58Z,2024-05-04T22:16:58Z
Ugy3u0_6tgAwu50mLxR4AaABAg,@terrenceshort7996,its a good thing you didnt react to this when it dropped straight away. imagine doing a hour long video for this then looking on twitter and seeing kdot had already replied. stress,0,0,2024-05-05T00:14:15Z,2024-05-05T00:14:15Z
UgzCFETqQujaKZrjkDF4AaABAg,@AdrianG33013,Transforming into … 😂😂😂😂😂,1,0,2024-05-14T06:38:39Z,2024-05-14T06:38:39Z
Ugz5tcVdnHzuPCi-fR94AaABAg,@AriesGirl77,They’ve shown proof of the cease and desist. Drake lies.,1,0,2024-05-08T00:29:23Z,2024-05-08T00:29:23Z
UgziZwqFyfvBC5yhu_x4AaABAg,@Madridlover1902,When was the line With the Slaves can someone help me,0,0,2025-03-15T15:55:32Z,2025-03-15T15:55:32Z
UgzeQYTS_qG6eIiFDQB4AaABAg,@vibenoise7953,"""Maybe you Michael and I'm Prince---> you say Jermaine is your brother""... Michael Jackson's brother is Jermaine",0,0,2024-05-05T20:24:20Z,2024-05-05T20:24:20Z
Ugxg-f4iXuP08foj-kB4AaABAg,@craigsoanya2688,Wasn’t the Kim line directed to Ye?,0,0,2024-05-06T04:01:48Z,2024-05-06T04:01:48Z
UgytLxVpY_Sudf1cWFd4AaABAg,@KingOmar018,"22:53 ""he's going viagra on the track"" 😭😭",0,0,2024-08-26T15:37:14Z,2024-08-26T15:37:14Z
Ugwdxlh7mHIl1xKOHL54AaABAg,@johnpitsi2984,"He Said Rakim 
I really thought he was going after My God MC",0,0,2024-05-05T08:29:14Z,2024-05-05T08:29:14Z
Ugy1LLraTA0wlm3g1o94AaABAg,@user-os1bk9yi7p,The new whip is a coffin car i think???,0,0,2024-05-04T20:48:55Z,2024-05-04T20:48:55Z
UgyFxvhRFw-jskDBkNR4AaABAg,@vvstyyy,wasnt a snake pendant. its a g unit logo,0,0,2024-05-10T10:08:36Z,2024-05-10T10:08:36Z
UgyobHauZ4Q06k6-CUh4AaABAg,@Bigmoee10,My brain isn't braining anymore ohhh OMG wtf is going on😮😮🔥,0,0,2024-05-06T11:43:31Z,2024-05-06T11:43:31Z
Ugx8dmqtlnniidmVL3N4AaABAg,@carnagegaming8748,Kendrick dropped a response 25 minutes ago... reactors working overtime this year 😂,0,0,2024-05-05T00:25:08Z,2024-05-05T00:25:08Z
Ugyu-LjYQosBiksiH0V4AaABAg,@emmanuelmakoba6085,That Michael Jackson scheme was hard,0,0,2024-05-06T07:40:06Z,2024-05-06T07:40:06Z
UgxE2kN3i7O4yfZ48zB4AaABAg,@RonnieM90,"I saw this on Compslex.

On “Show of Hands,” ASAP Rocky implied that he was intimate with Drake’s baby mother first (“I smashed before you birthed son, Flacko hit it first son”) and The Boy responds by insinuating that he was still dating Rihanna when that happened. Drake says that the only thing Rocky has going for him is his family and his fashion career (not bad at all), and that he should have included him on “Push Ups.” Then he brutally uses the old nickname he had for Rihanna (Fring) as a way to warn Rocky to leave him alone.",0,0,2024-05-05T00:07:47Z,2024-05-05T00:07:47Z
UgzpxDMUNaPM6UW_OyZ4AaABAg,@Fumiuvit,imagine getting mad at someone for not making a video as soon as someone drops something like everyone else,0,0,2024-05-05T17:18:02Z,2024-05-05T17:18:02Z
UgzXQv5RinIYk_eg2Xx4AaABAg,@blackpharaoh5561,What is the van situation?,0,0,2024-05-05T18:35:13Z,2024-05-05T18:35:13Z
UgzAWiV4a6dKV-m2GJ54AaABAg,@TheSuburbiaJonesEffect-wn4so,Protective custody,0,0,2024-05-09T03:38:38Z,2024-05-09T03:38:38Z
UgyvlyxGWWMC5nIgLBp4AaABAg,@Jumpingwalnut,Man Kendrick Ross drake and everybody else planned all this out months ago they get together and tell each other what they gonna say lol,0,0,2024-05-04T19:26:38Z,2024-05-04T19:26:38Z
UgzVVAMNpUvhI1lf5O94AaABAg,@b27969,You missed the fring bar - gus fring breaking bad too,0,0,2026-02-08T00:23:32Z,2026-02-08T00:23:32Z
UgyqhzEBp7eSfr6PjMp4AaABAg,@RAPsubliminal,"Why is Drake saying if you really affiliated with a gang??? Meaning Drake connected??? Yes. Yes he is. He’s connected to Chicago Crips, to Houston’s J Prince and the TENZ, and the 29ers. Go back through all his tracks and check out all the references.",2,0,2026-04-08T18:27:08Z,2026-04-08T18:27:08Z
UgxGibJ90ZhWkiXpn8x4AaABAg,@hooptastic_hippie8522,Its not the same van it just looks similar..the one on kendricks album has a dufferent trim on it,0,0,2024-05-05T12:59:10Z,2024-05-05T12:59:10Z
UgxNay3t8uFtuEdz5Zd4AaABAg,@Iamher1981,Karens are not Vanilla Queens. Vanilla Queens are the real yt women,0,0,2024-05-04T20:52:26Z,2024-05-04T20:52:26Z
UgwaBUf7xNNSCi9Awxh4AaABAg,@lozylux4242,I wonder how long drake's gw took to write this one,0,0,2024-05-04T21:28:36Z,2024-05-04T21:28:36Z
UgylQxRNvWhksxGPHJN4AaABAg,@aaronbrinkley6760,Drake was really moving different back then.😂,0,0,2026-02-03T19:03:10Z,2026-02-03T19:03:10Z
Ugzxw9aJu1-lYskefhp4AaABAg,@JJay-zb2zz,P. C. Protective custody,0,0,2024-05-06T19:12:19Z,2024-05-06T19:12:19Z
Ugw58KVngmB2i8Eh4wV4AaABAg,@PristineSelf,Who is drake visiting at end the white guy with the red bandana?,0,0,2024-05-07T01:19:09Z,2024-05-07T01:19:34Z
Ugyn6NAZJkvIqB4jvZB4AaABAg,@sugastick30,Tha DEAD 😅😂,0,0,2024-05-04T19:38:10Z,2024-05-04T19:38:10Z
UgymwB4p6NFp1cwLOHR4AaABAg,@jessedecoteau4318,You and Shaq the only guys that can break down barz,0,2,2024-11-02T01:10:48Z,2024-11-02T01:10:48Z
Ugw6_01osBUGahqgtCR4AaABAg,@Lifeafterjunior,@knoxhill u really thought this was a snake spinner? lol its the g unit spinner from wanksta,0,0,2025-11-16T07:38:02Z,2025-11-16T07:38:02Z
UgxqbvVwV8ZikI9YpGp4AaABAg,@ericbagetis1721,Best overall diss of them all..meet the grahams was already in the bag..kendrick didnt have 1 rebuttal against drake and u need that in a diss..this was fire,0,0,2024-05-05T12:43:31Z,2024-05-05T12:43:31Z
UgxalaWrW5iHPMu2bhx4AaABAg,@MyrvirZoldyck,Keep it pg because u know 😭he just revealed himself so sp2d,0,0,2024-07-10T14:29:23Z,2024-07-10T14:29:23Z
Ugz1m1UBezl-K-b0cwZ4AaABAg,@GraveyardTV,Miranda Right Ross 😂😂😂😂😂,0,0,2024-07-16T08:52:02Z,2024-07-16T08:52:02Z
Ugz8YrPYLd2E-reZeRR4AaABAg,@llbrn80,"It was not Bobbys fault, Whitney always been getting 'High!'",0,0,2024-05-05T09:35:48Z,2024-05-05T09:35:48Z
UgygcfoVUaRB2fmLvTl4AaABAg,@josephramsell128,PC = protective custody when you in prison and you ask the cops for protection it's called PC up,0,0,2024-05-05T21:15:54Z,2024-05-05T21:15:54Z
UgwBRPaCqTEuplQhK8d4AaABAg,@mutotaofficial4969,"After watching your reaction i now understand Drake angle in this song more, and i now prefer ""Family matter"" to ""meet the graham"". I think Drake's family angles are so much exhausted now. K-Dot angles about drake family is dope but its not new. 
""FAMILY VAN"" winning over ""MEET THE GRAHAM""",0,0,2024-05-04T19:39:23Z,2024-05-04T19:39:23Z
UgyQRs-WmTT6hzX2_dB4AaABAg,@crazyflo1,PC- protective Custody,0,0,2024-05-04T20:52:23Z,2024-05-04T20:52:23Z
Ugw4ax6CF9FBQpKGEQ94AaABAg,@mukwesamwanza1511,The chain is a G Unit Spinner,0,0,2024-05-04T21:44:19Z,2024-05-04T21:44:19Z
UgxhlWqYo_dVmrx2lGV4AaABAg,@thomassmith4826,Casper claps back 😂,0,0,2024-05-16T10:30:51Z,2024-05-16T10:30:51Z
UgwzVzANdfjyjn6c0wx4AaABAg,@PeterrAudio,I thought the car in the second one was a hearse...,0,0,2024-05-05T12:27:50Z,2024-05-05T12:27:50Z
UgydFqeNr6XcOKTnWcJ4AaABAg,@camerontucker9633,PC means protective custody just for informational purposes…,0,0,2024-05-07T08:43:56Z,2024-05-07T08:43:56Z
UgyTzfG74eNaqWH8uqR4AaABAg,@luqman221,Isn’t Rick Ross from florida?,1,0,2026-05-24T19:52:13Z,2026-05-24T19:52:13Z
UgzA8PhJ_31TdjScfLB4AaABAg,@MarvexPrime,"That chain is the G-Unit chain I think, he also wearing FUBU lol bro Drake trolling.",0,0,2024-05-04T19:34:37Z,2024-05-04T19:34:37Z
Ugw9lq7N_b_Z61dFXVt4AaABAg,@priscilla-js4ue,Bruh after Eminem reactions. Ain’t shittttt make me say oooooh bars. I wish Eminem would intervene and just make a diss about their diss. That’ would be next level shit like a different dimension. A new canvas for Eminem,0,0,2024-05-08T07:58:03Z,2024-05-08T07:58:03Z
Ugzru2RICcnPPUZhdNZ4AaABAg,@eazee421,G unit chain i think.... not a snake,1,0,2024-05-10T22:36:46Z,2024-05-10T22:36:46Z
UgwZBb6a0GX-i9jvfjF4AaABAg,@0x5urya4,"Bro, can u put at least a automatic subtitles? I am not English native speaker, so its lil bit hard to heard without subtitles",1,0,2024-05-05T04:31:35Z,2024-05-05T04:31:35Z
Ugxml9woAaqPdVxgu-d4AaABAg,@nathandennison3710,Pc mostly means protective custody. Like you need pc.,0,0,2024-05-06T01:35:13Z,2024-05-06T01:35:13Z
UgwRZ5eymxpaAgNCHrV4AaABAg,@1990vm,"Fun fact, that Chinese restaurant is where Drake had his AP robbed at ( aka why Kenny brought it up) the person who robbed Drake ( who was a Toronto rapper) bragged about it years later after the incident. That rapper is dead now 🤫 Drake is heavy on saying mob ties this and Mob ties that . The man in the video is hells angels president ( from Montreal ) he even has 81 tatted on him lol so when people call him soft I remind them that Pac was ballet dancer before he got thug life tatted on him lol . The only difference is Drakes a little smarter and doesn’t dirty his hands 🥷",1,0,2024-05-21T02:28:27Z,2024-05-21T02:28:27Z
UgyyvvisZ4yzNtjssth4AaABAg,@brendanpirt7740,Sorry couldn't make thur this video.I'm lying in bed thinking shit I'm listening Drake this is wrong 😂,0,0,2024-12-06T07:45:27Z,2024-12-06T07:45:27Z
Ugyv0hrpoiQjJjvUAid4AaABAg,@divineagenda1921,Know an industry plant when I see one,0,0,2024-05-05T02:42:48Z,2024-05-05T02:42:48Z
UgzZi5dv_0mfa9xSy5N4AaABAg,@HoopPoe91,Jermaine is also Michael Jackson's brother,0,0,2024-05-08T17:18:18Z,2024-05-08T17:18:18Z
UgwjcjtdyA6B3ONAFd54AaABAg,@Chowderr2raw,🦉,0,0,2024-05-04T20:39:37Z,2024-05-04T20:39:37Z
Ugzfty_9d5_ZMT2AcPN4AaABAg,@ayeeye5567,I think you missed the fact that Michael Jackson has a brother named Jermaine! and they would compete for the lime light in the Jackson 5!,0,0,2024-05-05T19:01:12Z,2024-05-05T19:01:12Z
Ugw1O9aCeu7ws5iunI94AaABAg,@svtwj3fan,He said “ vir gin ia juice” not gin and juice !!,0,0,2024-05-16T20:15:10Z,2024-05-16T20:15:10Z
UgypGgdCLHazzsolhtR4AaABAg,@cainification,29:11 chicken 🐔🍗,0,0,2024-09-04T15:26:08Z,2024-09-04T15:26:08Z
UgyOLeudl1kBqCMfXxx4AaABAg,@joekennonmagnetizedmindz2233,Pc in hood term is protective custody,0,0,2024-05-04T21:37:29Z,2024-05-04T21:37:29Z
UgzKJSLSZOwdguFqGRt4AaABAg,@TaylorOwen,Drake is really going to drop a snake when we all know Taylor is coming out with Reputation (Taylor’s Version) featuring Kendrick Lamar one day soon…,1,0,2024-05-06T02:06:39Z,2024-05-06T02:06:39Z
Ugx1TaxU7o0SA3443Ah4AaABAg,@Zyyklon,good thing its not evenb the same make and model van as the gkmc van,0,0,2024-08-15T22:20:58Z,2024-08-15T22:20:58Z
UgwzYz8lpLZAH6Y3Am54AaABAg,@karemmaparker5494,The ring is kdot engagement ring to Whitney,0,0,2024-05-04T23:53:14Z,2024-05-04T23:53:14Z
UgxF-VoBbdzGfMLgtQ94AaABAg,@flacko_jody2130,"50 cent, gillie, cam, mase, and Daftpunk about to team up to diss Kendrick 😅",0,0,2024-05-04T19:52:57Z,2024-05-04T19:52:57Z
Ugwdzce9uKdLaF_QDR14AaABAg,@dopeartistry6528,PC stands for Protective Custody in jail,0,0,2024-05-09T11:16:46Z,2024-05-09T11:16:46Z
Ugz967uxToX9fTLwK-14AaABAg,@LukasKraggle,“goin viagra on the track” is craaaazyyy,0,0,2024-05-05T13:41:50Z,2024-05-05T13:41:50Z
UgzL19oNDxb7Twvl3SV4AaABAg,@donaldolafaurie,It’s over for Kendrick,0,0,2024-05-04T21:10:33Z,2024-05-04T21:10:33Z
UgxY4PrVjnw5mYgRUYt4AaABAg,@JohnHarris-MyHie,CB is Snoop Dogg not Chris Brown lol,0,0,2024-05-10T23:44:59Z,2024-05-10T23:44:59Z
UgyqrH39Z31i3b9hBhJ4AaABAg,@jollymolly2521,ROTFLMAO. This shizz is hilarious to me. My money's on Kendrick. Drake is about as threatening a newborn kitten. Who he knows with gang affiliations is moot because Drake is going to be on a flight to Canada to hide at his mama's house IF the guns come out. Or a yacht in Ibiza. LOL! Thanks for the laughs.,1,0,2024-05-05T00:47:16Z,2024-05-05T00:47:16Z
UgzVMEGgF60Hpy1Ytel4AaABAg,@tommyhenderson8985,I think the best one I've heard is Honkey Kong,0,0,2024-05-05T00:35:13Z,2024-05-05T00:35:13Z
UgwcpG_F1NegV_RDMrJ4AaABAg,@DAM13N996,I think that was a sexxy red reference,0,0,2024-05-04T22:48:07Z,2024-05-04T22:48:07Z
Ugyhtv2agB_XNxkeMxx4AaABAg,@christina2322,You saying transforming instead of transitioning took me out 🤣🤣,0,0,2024-05-05T18:02:43Z,2024-05-05T18:02:43Z
UgzDeRA3Cih3JmA3cUl4AaABAg,@coldclimax736,Jcole posted a pic of him at some restaurant or someone took a pic of him trying their restaurant 😂,0,0,2024-05-05T07:37:29Z,2024-05-05T07:37:29Z
UgwOOBB6URGFc1wzSJ94AaABAg,@minister-finance,Jermaine is J.Cole name and Michael Jackson's brother is Jermaine Jackson.,0,0,2024-05-04T19:58:30Z,2024-05-04T19:58:30Z
UgzoT9p6MaM6kEIStqp4AaABAg,@MissMy5.0,PC is protective custody,0,0,2024-05-04T19:35:33Z,2024-05-04T19:35:33Z
Ugw6Wa2v9SvyoA1xRsZ4AaABAg,@brainsick9531,PC is protective custody,0,0,2024-05-04T21:47:20Z,2024-05-04T21:47:20Z
Ugz8mCCdLL3BHBRrE3V4AaABAg,@WaltersIsWhite,PC is protective custody,0,0,2024-05-05T06:52:37Z,2024-05-05T06:52:37Z
Ugy-mi0-kUwW748Fht94AaABAg,@MoniseJai,PC is protective custody,0,0,2024-05-06T03:07:36Z,2024-05-06T03:07:36Z
UgwE__q_p4LGvZF-hn94AaABAg,@all.my.amginary.friendpeop6635,Life shaq is the best bar breakdown on the net m,0,0,2024-05-05T20:08:43Z,2024-05-05T20:08:43Z
Ugz0l1OYEqcyJvnIi7p4AaABAg,@GraveyardTV,Either this dude is super smart at analyzing on the first listen or this is a good breakdown video 😂😂😂 cuz there’s no way this dude is just for shadowing every bar lol,0,0,2024-07-16T08:32:00Z,2024-07-16T08:32:00Z
UgwOkV-1bFsQaX0nR9R4AaABAg,@rashaundaily5438,Kendrick Lamar engagement ring he bought,0,0,2024-05-04T21:43:07Z,2024-05-04T21:43:07Z
Ugz3ZGtOU9oG429HGQ94AaABAg,@EstaraTshirai,"Yeah, remember that 30 minutes when it looked like Drake was in the fight? Good times! XD",0,0,2024-05-12T21:43:21Z,2024-05-12T21:43:21Z
Ugyc6A0E61wWnlXt1114AaABAg,@itsdatboyjo,You should react to Bezz Believe- Fuck the Rap Game 2024,0,0,2024-05-05T18:04:28Z,2024-05-05T18:04:28Z
Ugzxr4FQhXEbDWLVRxF4AaABAg,@therealandreangel,"Kendrick Lamar admitted to hitting his girl in ""His Pain"" by BJ The Chicago Kid feat Kendrick Lamar",0,0,2024-05-07T01:53:06Z,2024-05-07T01:53:06Z
UgwFGVjl653gWSR_n-Z4AaABAg,@RonnieM90,"I saw this on Complex.

Drake makes a joke about how The Weeknd dissed him in a hilariously melodic way on “All to Myself,” singing like an angel instead of coming after him in a rap verse.

Drake is replying directly to The Weeknd’s line on “All to Myself” where he sung “they shooter making TikToks,” which might have been a reference to Drake’s former bodyguard and OVO member Baka Not Nice. Drake jokes that he can’t listen to tough-guy shots that are fired in a falsetto tone, before pointing out that The Weeknd is never in Toronto and seemingly referencing rumors that the singer has beef with him because of a past relationship with Bella Hadid. The Weeknd and Hadid dated on and off from 2015 to 2019, and Drake previously name-dropped the Hadid family on Sadra’s Rose in 2018, rapping, “My house is full of supermodels just like Mohamad Hadid.” It’s unclear if that’s the woman that Drake is referring to here, but it now seems confirmed that their beef is tied to a past romantic relationship.

Drake makes gay jokes about The Weeknd and his crew, before calling back some of his bars on “Push Ups” where he claimed that the singer’s management blows his money. The next few bars are Drake’s way of highlighting how he has enough influence to put any new Toronto artist on, like he did for The Weeknd, and he’s willing to do so to get them away from XO.",0,0,2024-05-05T00:05:42Z,2024-05-05T00:05:42Z
UgyESva_qG9szMpxPP14AaABAg,@TraceKoz,"So Drake says Kendrick is Michael Jackson right? So the Jermaine line (where he clearly implies is J. Cole) could also fit the Michael Jackson lines before since MJ has a brother named Jermaine. Pretty sure they always said Jermaine was jealous of MJ's success. He left the Jackson 5 to try to be solo, then they became The Jacksons, and then I think he joined back eventually.",0,0,2024-05-04T21:16:26Z,2024-05-04T21:16:26Z
UgykF6FGTBuMvV082U94AaABAg,@Default_username007,"Just when you think you all caught up, Kendrick drops ANOTHER 1 😂😂😂.",0,0,2024-05-05T00:02:37Z,2024-05-05T00:02:37Z
UgyOFH3qLrB_XS_vVY54AaABAg,@Miz215,That’s a  g unit chain broski,0,0,2024-05-04T20:07:01Z,2024-05-04T20:07:01Z
UgyQLbOfWissoacj6Kp4AaABAg,@RLtheWhisperer,"I feel like Kendrick was gonna drop another one, but Drake dropped before he could, that why Meet the Grahams came out so fast……",0,0,2024-05-05T01:33:02Z,2024-05-05T01:33:02Z
Ugzc7RdgOzi34YY2Bqt4AaABAg,@czar82ro,"He was In corporation with the Police When being robbed in New Ho King But Then He Stopped, But The PDF File Is Bigger Than Gunna Actions",0,0,2024-08-24T09:55:25Z,2024-08-24T09:55:25Z
UgyYdJwuLpV6KPvEsO54AaABAg,@tehlitepker,"That pay the price line before the flow switch couldn't it also be because allegedly Drake's label sent an email to the other label to not play ""Like That"" on the radio? Like, if you going to speak on me, you better watch out.",0,0,2024-05-04T19:27:44Z,2024-05-04T19:27:44Z
UgwdczyeVA-2gc3Xr5t4AaABAg,@KittKatt83Pscesszn4evr,Jermaine Jackson u missed the flip,1,0,2025-08-05T07:25:12Z,2025-08-05T07:25:12Z
UgyeBonfZpZFDPygBWV4AaABAg,@thekenzternet,"not to mention, the beat in the 3rd act is definitely J. Cole'ish.. like, very J. Cole'ish... with a hint of lavender town lol",0,0,2024-05-04T22:42:27Z,2024-05-04T22:42:27Z
UgwB45okH1tPO-RVyW54AaABAg,@Kaviman503,That’s clearly a g-unit chain lol,0,0,2024-05-18T15:17:42Z,2024-05-18T15:17:42Z
UgyikaekFXj3xxYPCvF4AaABAg,@AdamBrown-r8t,"I might be reaching but you might have missed a double. When he said let me talk to your uncle the man of the house, he might also have been taking it back to Taylor Made where he referred to Snoop as Kendricks Uncle. We all know Snoop is the man of the West Coast house.",0,0,2024-05-04T20:47:14Z,2024-05-04T20:47:14Z
UgyCCGtrVsR1iGW7TF54AaABAg,@relldahell5,Pc= Protective custody,0,0,2024-05-04T22:59:29Z,2024-05-04T22:59:29Z
Ugx45NDjdagW02n8qOR4AaABAg,@TrusClearSkies,Rhianna listening to this like htf did I get in this?😭,0,0,2024-05-05T03:36:05Z,2024-05-05T03:36:05Z
UgxWLr3lmdj8Gqh3ljl4AaABAg,@charlespendley6360,I'm seriously thinking all the top rappers got together and said we need to do something. Hip hop is dying. Then Cole decided he just didn't want no part of this.,0,0,2024-05-04T23:48:35Z,2024-05-04T23:48:35Z
UgypyQnnh0c4udqvvaN4AaABAg,@eg9574,You can hear an argument in the background too… is that a real recording?,0,0,2024-05-05T00:15:08Z,2024-05-05T00:15:08Z
UgzANhVqCbpTcOy5atN4AaABAg,@Yeshuadaughter727,Every rap beef is Cain vs Abel rituals,0,0,2026-02-15T00:44:09Z,2026-02-15T00:44:38Z
Ugwf7ZZoRkRffYhCjTx4AaABAg,@seangust9025,Rick Ross got roasted to perfection,0,0,2024-06-20T14:07:53Z,2024-06-20T14:07:53Z
Ugzz3TF-wnKGssG2rBF4AaABAg,@mansano28,"""Cant be rapping bout no ratting that we can't read"" the way he says ""ratting that"" to me (non natural English speaker) sounds like he said retina, like can't read because you can't see without a retina, am I reaching?",0,0,2024-05-06T12:50:36Z,2024-05-06T12:50:36Z
UgywMP-JQxz_wp3XIyF4AaABAg,@mikeruggi6473,Was the g unit chain,0,0,2024-05-04T23:28:20Z,2024-05-04T23:28:20Z
UgxD1uu4zT_BGGgcrKV4AaABAg,@koacht1718,PC= protective custody lol,0,0,2024-05-04T21:12:10Z,2024-05-04T21:12:10Z
UgyYJZZHPLQMJY6LULB4AaABAg,@fabianramos7316,Thats a g-uni spinner,0,0,2025-01-06T05:34:50Z,2025-01-06T05:34:50Z
Ugzq8_rCvbSDeI5r8P54AaABAg,@mr3000gtman,Idc bout k dot drop. This was hard for drake.,1,0,2024-05-05T23:12:57Z,2024-05-05T23:12:57Z
Ugys1l53Z7HgB6xFM_54AaABAg,@Lela_east,PC= PROTECTIVE CUSTODY,0,0,2024-05-05T00:04:01Z,2024-05-05T00:04:01Z
UgwO0SvsuZMRCkvvCT94AaABAg,@JDB303,friday did too blacker the berry,0,0,2024-05-05T03:37:18Z,2024-05-05T03:37:18Z
UgwKu8rO54cB4Ao9ETp4AaABAg,@mannyman0423,"When you hear Kendrick’s meet the Grahams, you’ll be agreeing why J Cole tapped out of this beef",0,0,2024-05-04T19:29:20Z,2024-05-04T19:29:20Z
Ugy4rMNwlKAPWF9idzp4AaABAg,@redzonemusicghost4077,Say what yall want man but this here is a fight for the ages of hip pop. Drake is giving Kendrick a tough fight... Love Both Guys and I truly thought Kendrick had shut him down when he did the dis before the Graham but dam drake hitting back hard too... Smh would much rather see them on a song together but if it's war then is war...,0,0,2024-05-04T20:26:18Z,2024-05-04T20:26:18Z
UgzEhRUEfmAD7uGCtXl4AaABAg,@nickhill4510,Anyone catch menonite candle light bar or is that a reach,0,0,2024-05-15T01:03:17Z,2024-05-15T01:03:17Z
UgyF1hDg11_f_Qs-CTp4AaABAg,@mikeruggi6473,get a ton of team kendrick vibes from you,0,0,2024-05-04T23:36:00Z,2024-05-04T23:36:00Z
UgwDYcZB2h5qM6rNmZV4AaABAg,@hymnisphear,Pc is protected custody,0,0,2024-05-05T05:24:27Z,2024-05-05T05:24:27Z
Ugyd4mVoZ5ybYm4C4sx4AaABAg,@albreezy317,But is he writing this?,1,0,2024-05-05T01:57:47Z,2024-05-05T01:57:47Z
Ugz7RIdCM2sSnvhGBJ94AaABAg,@SacredSecret11,34:01 Correct me if Im wrong; I think that's a Hearse. Watch it again.,0,0,2024-05-05T20:28:43Z,2024-05-05T20:28:43Z
Ugwlx0u-4vAO11irUtd4AaABAg,@shawnpeterson1834,Drake please 😂😂😂😂😂,0,0,2024-05-19T17:03:07Z,2024-05-19T17:03:07Z
Ugyb3y7IcV9Isv_M5GR4AaABAg,@50ShadesOfGr3y,That’s a G Unit chain not a snake,0,0,2024-05-16T20:50:48Z,2024-05-16T20:50:48Z
Ugy7d4g3w8U-p3UJjSZ4AaABAg,@EnchantedMagna,"Drake: “2 light skin kids, that shit’ll be cute”. Pause",0,0,2024-05-12T14:54:58Z,2024-05-12T14:54:58Z
UgyipI5d7QxhD2zDWMR4AaABAg,@ljutko7,Haha Drake 🐐 for this ooooneeeeeeeeee 😉,0,0,2024-05-04T22:20:02Z,2024-05-04T22:20:02Z
Ugw4kB-izc-_aizq12l4AaABAg,@Zechariah_Gomez,You missed the ring at the end it’s Kendrick’s fiancé’s ring,0,0,2024-05-05T14:43:14Z,2024-05-05T14:43:14Z
UgxGs5g0Ehbo3BrUQ1R4AaABAg,@christophernugent9879,PC is also Protective custody… oh yeah you mentioned it my bad bruh! Yeah Kendrick winning tho,0,0,2024-05-04T21:14:04Z,2024-05-04T21:14:04Z
UgzL9Bl6n-mJDm49Tyh4AaABAg,@bigross0318,"it sounded like he said "" but you civilian gang, in real life you PC (snitches, chomos, etc go to PC in prison- Protective custody)",0,0,2024-05-07T06:36:18Z,2024-05-07T06:36:18Z
UgyhJ36voJQ4hd1ltOp4AaABAg,@jermalhughes9285,You ain’t catch that stunna an Wayne like father like son was shots at lil Wayne,0,0,2024-07-16T04:09:24Z,2024-07-16T04:09:24Z
UgzQr6EGp22kw_Ru8oN4AaABAg,@firebilah,G unit chain..,0,0,2024-12-22T23:42:13Z,2024-12-22T23:42:13Z
UgylTxEf13_dfYDFSHN4AaABAg,@NathanuealLewis,The ring looks like Whitney’s engagement ring,0,0,2024-05-04T20:28:48Z,2024-05-04T20:28:48Z
Ugwn8K6_EeEmOmD3JIh4AaABAg,@ROKmadness,PC also protected custody in prison,0,0,2024-05-05T01:01:19Z,2024-05-05T01:01:19Z
Ugwy_hWfDt79zBiabi54AaABAg,@PhenDosSantos,Does no one know Kendrick was in New York to film on Power season 5?,0,0,2024-05-04T21:58:56Z,2024-05-04T21:58:56Z
UgxjVPh_bj6dGQBsEGR4AaABAg,@barrybarry1157,you missed the jermaine jackson flip. damn! mike didnt want jermaine to get any shine.,0,0,2024-05-07T11:12:22Z,2024-05-07T11:12:22Z
UgxaHwIJWEnR1jLgvYt4AaABAg,@kaylevon5039,Bro bro bro dahmmmmmmmmmm what did I just witness w t f 😢 if this fact Drake talking about nah nah nah. K dot please I know you dropped that that hitting hit people and all that but it kinda shows your hurt type shit ever the time phrase too soo it really touched you or I'm gased up idont know. But I still shout out K Dot. 🦉,0,0,2024-05-04T20:50:19Z,2024-05-04T20:50:19Z
UgwjTbMiuthxydSZpIx4AaABAg,@freedomofspeechpurist,PC = protective custody,0,0,2024-05-05T02:01:19Z,2024-05-05T02:01:19Z
UgzZcFSSJqPcQOPiwel4AaABAg,@disciprine,that's not a new whip bro... that's a hearse,0,0,2024-05-07T22:29:16Z,2024-05-07T22:29:16Z
UgxjhI57Ayu8ZJ_ROt14AaABAg,@Brojoejojo,"I might be reaching.. but family matters was a tv show. That could be a subliminal.. referring to Carl Winslow as Rick Ross (fat cop) and calling Kendrick urkel … “where is your uncle at, I need to speak to the man of the house” maybe 😅😅",0,0,2024-05-04T20:07:47Z,2024-05-04T20:07:47Z
UgyiEmM9Fkh7AvrKOap4AaABAg,@GemmaMR818,No PC like ya he’s going to get PC’d,0,0,2025-02-13T15:35:38Z,2025-02-13T15:35:38Z
UgxnRzaWa9xhggDGF1V4AaABAg,@mattmattflolife,money trees is a kendrick song,0,0,2024-05-05T03:38:24Z,2024-05-05T03:38:24Z
UgxUpA0sHdp8aBt01fV4AaABAg,@realboy24,You should become a full time rapper bro....fr though,0,0,2024-05-26T17:07:40Z,2024-05-26T17:07:40Z
UgwdMOV-dKkBchdAlhd4AaABAg,@rudolphwilkens4665,Bobby never fueled Whitney’s addiction. Some people need to remain out the culture that they don’t understand or respect,0,0,2024-05-04T19:27:47Z,2024-05-04T19:27:47Z
Ugw604ZT0Cw6zRbnKxp4AaABAg,@loranzo310,"Im back here after rocky dissed, mannn drake still clearing him here man like im not tryna be funny at all",1,0,2026-01-17T12:08:07Z,2026-01-17T12:08:07Z
UgwuKsb0ReXQbkhxPyN4AaABAg,@kiranuqw12,Where is subtitles 🤦🏻,0,0,2024-05-07T10:01:39Z,2024-05-07T10:01:39Z
UgxiuyJoilPkHdqhS7l4AaABAg,@charlespatterson9138,Welp i.seee he got that there now lol,0,0,2024-05-04T20:31:39Z,2024-05-04T20:31:39Z
Ugy9n8iUwJc3KJ13ngx4AaABAg,@theruggedindoorsman,"3:15 That’s 50 Cent’s legendary G Unit chain, not a snake. 5:34 PC is when someone is locked up in protective custody. 6:45 Set is the  sub group of a blood or crip; nothing to do with a show. 9:51 A diss doesn’t have to be factual. 11:34 Kendrick was speaking on the character of the women. 22:35 He’s talking about sleeping with people’s girls. 24:28 Rick Ross is from Miami. 25:33 No he means crying laughing. 26:04 No he’s telling Kendrick to slide. 27:12 He’s suggesting about CashXO. 34:15 It’s a hearse. 38:07 Kendrick inherited Pharrell’s beef not Pusha. 38:27 No Drake got robbed leaving New Ho King. 
43:19 That a reference to Kendrick’s son’s lighter complexion; it’s a common saying. 44:07 REACH it’s just a West Coast reference. 50:56 Kendrick said in Euphoria “extortion’s my middle name as soon as you hop off that plane”.",0,1,2024-05-08T01:15:41Z,2024-05-08T01:15:41Z
UgzixBeSomQh9YXSKF14AaABAg,@ThandaNgcobo-sq2lk,Drake said he melted those chains on meltdown…but here there are…lair lair 😅,0,0,2024-05-05T20:06:10Z,2024-05-05T20:06:10Z
Ugxb_d9nC_w9RGzOu514AaABAg,@52BLUE,"People still gonna act like this track is trash even though it requires an hour long breakdown. Nah man. This was Drake going all in. This was a good punch that connected, however Meet The Grahams and Not Like Us were the hook and uppercut. KO.",1,0,2025-02-08T16:05:46Z,2025-02-08T16:05:46Z
UgxtbVmcUG0VbaLPPd94AaABAg,@ichegonicc,There were allegations about Kendrick beating his girl but he wasn't found guilty,0,0,2024-05-26T06:03:48Z,2024-05-26T06:03:48Z
UgzFoxkKX2NQG6IHRQZ4AaABAg,@ChristinaHaughton,DRAKE ETHERED KENDRICK,0,0,2024-05-07T03:41:09Z,2024-05-07T03:41:29Z
Ugy55aJzZtBy8SlZGQt4AaABAg,@HavokTheorem,"I gotta give it to 'em. Aside from the mid wannabe gangsta chorus and a lot of filler noises, Drake's writers really did a number on this one. I love that drill beat in the middle (although the transition leaves something to be desired).",0,0,2025-01-16T10:16:48Z,2025-01-16T10:17:06Z
UgzKpKCGHA4fveUR45B4AaABAg,@Blackgeezus773,"22:32 it’s a black thing bro, he mean I ain’t even did nothing yet fr we just scratching the surface in yall terms",0,0,2024-05-10T21:00:45Z,2024-05-10T21:00:45Z
Ugy-zWvUhOjmKL3ztFV4AaABAg,@benjamintaylor8665,pc is prison for protecrive custody. where they put snitches and others that may face repurcusiions from other prisoners. dp is a west coast term for gang discipline for when a member violates a gang rule,0,0,2024-05-19T14:30:17Z,2024-05-19T14:30:17Z
UgwjJi6tCfh_Lp9Ux-Z4AaABAg,@JDB303,i also took the van as another visual meaning. that he is killing kendrick's family. minivans represent family.,0,0,2024-05-05T03:05:51Z,2024-05-05T03:05:51Z
UgwcPXZe-xvnpOSS8g94AaABAg,@slopernafti902,28:07,0,0,2024-11-22T20:28:32Z,2024-11-22T20:28:32Z
Ugxb7ZpHYWAjqlZ1TbR4AaABAg,@jarule275,Bro 50 minutes... 50!? I can't. I want to.. But I can't. I have a family lol😂 👇👇,0,0,2024-05-17T04:10:32Z,2024-05-17T04:10:54Z
UgxMJkpKIM6SrI3W4l14AaABAg,@Dvcrypto269,For recap,0,0,2024-05-04T19:29:07Z,2024-05-04T19:29:07Z
Ugzizq-HFLiFTdSF41F4AaABAg,@michaelwilliamson70,Man yall tripping getting mad at this man for putting his family first.,0,0,2024-05-04T19:33:51Z,2024-05-04T19:33:51Z
Ugz40R62K6LGMUhHCx14AaABAg,@djdazed1,That's not the van.,0,0,2024-05-04T22:39:10Z,2024-05-04T22:39:10Z
Ugx5VqYuvrZ_xmqaEjF4AaABAg,@wolfmoon6360,@knox hill transitioning,0,0,2024-05-12T15:16:22Z,2024-05-12T15:16:22Z
UgxjZgCECWww0KKgZnF4AaABAg,@czar82ro,Bird Man Robbed All Cash Money & Especially Wayne,0,0,2024-08-24T10:27:33Z,2024-08-24T10:27:33Z
UgxKI0c13eBA8CHDaWR4AaABAg,@slay_369,"the beginning is my ending cuz he said ""I've emptied this clip over frendlier jabs"" and I know it's all allegations but.....X...?",0,0,2024-05-04T21:15:37Z,2024-05-04T21:15:37Z
UgwnhNqxlNK2lTLV2al4AaABAg,@EngineerStu,"Confused white guy here. If this was the ""Kendrick v Drake"" beef, and Drake said it was 20 v 1 (I have others lining up with me), why does he spend half this song dissing seemingly everyone except Kendrick? Props to Knox for explaining this so even I get it.",0,0,2026-03-26T16:19:42Z,2026-03-26T16:19:42Z
Ugz1980tlnD-saKPacV4AaABAg,@X23DJ,Why has drake got the G Unit Chain?,0,0,2024-05-05T17:36:18Z,2024-05-05T17:36:18Z
Ugyaaw5cBteC4N0qQCJ4AaABAg,@jtomreactions,Ey let me get you another view so you can monetize off of it lol,0,0,2025-01-23T03:35:40Z,2025-01-23T03:35:40Z
UgzIJ9HMpaxFf8Mx2D94AaABAg,@amarmangaonkar7682,Damn drake really fired old writers and hired new ones 😂,0,0,2024-05-09T08:35:25Z,2024-05-09T08:35:25Z
UgzTE9VD6fTASqGrP0p4AaABAg,@GraveyardTV,Cole stopped cuz he knows Drake N knew it was gonna get real personal . 6God fears no man 🦉🦉🦉,0,0,2024-07-16T08:26:21Z,2024-07-16T08:26:21Z
Ugz_t7WMwP-h2MlGOTZ4AaABAg,@un1qu3n4m3,Wonder how many people wrote this tho,0,0,2024-05-06T16:08:15Z,2024-05-06T16:08:15Z
Ugxt6SAh8kkkZeClcJl4AaABAg,@andrewzhu6514,"Always great breakdowns! But, in terms of diss records, 👻 or not, drake just don't have bars to match K Dot, line for line.",0,0,2024-05-05T00:59:11Z,2024-05-05T00:59:11Z
Ugyu4SoRZhUMSV3qnHh4AaABAg,@Idontbang,Pc = protective custody,0,0,2024-05-04T20:15:14Z,2024-05-04T20:15:14Z
Ugx6VEOJSdJP3ZPpSvl4AaABAg,@7maarten,"Kendrick won for sure, but this track is still fire!!🔥❤🔥❤🔥❤🔥",1,0,2025-02-07T08:08:19Z,2025-02-07T08:08:19Z
Ugxke_mowymgYoQnLJR4AaABAg,@Dnias_x,K dot showed those rat receipts on the cover for his diss 20 min after this came out.,0,0,2024-05-05T14:13:51Z,2024-05-05T14:13:51Z
UgySQ8b697q2BGhT0vx4AaABAg,@Braysixx,Love watching youtubers that arent being paid by Kendrick and UMG giving actual props to how good of a song this is and actually listen to and understand the song,2,0,2025-10-03T06:32:55Z,2025-10-03T06:33:08Z
UgwvSb_pwSOPNr9UgPR4AaABAg,@MassMade617,Who took this battle 🤔,0,0,2024-05-08T23:28:48Z,2024-05-08T23:28:48Z
Ugy3sxrQjUeV9OGVWlh4AaABAg,@truthseeker8970,Drake won💯 🔥,0,0,2024-05-04T21:33:44Z,2024-05-04T21:33:44Z
UgxFYOySwuEF9b2yH-Z4AaABAg,@TheObservationist-00,Snake? you mean the letter G? It's a G unit pendant mate..,0,0,2024-05-05T21:57:02Z,2024-05-05T21:57:02Z
UgwCmwYsewDjpCLoPQ14AaABAg,@adelinamarie7555,"I’m ngl, i always thought Kendrick’s daughter looked just like Dave too",0,0,2024-05-04T21:49:44Z,2024-05-04T21:49:44Z
UgwmWO-A9rPqjnYQJNd4AaABAg,@waynemears1870,1thing though.......if drake has any writers giving him material (writing his verses)  these disses then in my book has no value. If it's not him originally then it's a team which is not a rap beef (1 on 1).........?????????...anyone agree....it's still dope to hear all this.....,0,0,2024-05-04T19:42:46Z,2024-05-04T19:42:46Z
UgwiaC12_RWNuKwgwE54AaABAg,@onetakewillie8890,PC protected custody,0,0,2024-05-05T08:43:48Z,2024-05-05T08:43:48Z
UgwUS_40U-oKc8WBgS14AaABAg,@waynemears1870,"There both non-stop......nd both come up with great verses.....kinda hard to choose I'd probably say it's tie as of now it all depends on Kendrick; but If I had to choose it may be 55% kdo.....45% drake with what's been put out so far.....but very entertaining just need to keep it in the studio & song disses
nothing past that.......",0,0,2024-05-04T19:31:03Z,2024-05-04T19:31:03Z
Ugyqy63OqXOsbduu84h4AaABAg,@Icee736,You didn’t get the 3 switches thing,1,1,2024-06-25T06:43:16Z,2024-06-25T06:43:16Z
UgxUrnIdgWyFXzr8jAR4AaABAg,@matthewengle9554,Yeah Drake cooked on this one,0,0,2024-05-04T21:49:39Z,2024-05-04T21:49:39Z
Ugzdi6OfolP3ykt1BTd4AaABAg,@blooddune335,He said what rdcworld said hahahahha,0,0,2024-05-04T22:55:10Z,2024-05-04T22:55:10Z
Ugx7rEl9wXj_2hgay4V4AaABAg,@LuxuryHagama,"One thing i was expecting you to point out is his EXCESSIVE use of the N-Word in this, after kendrick had just said that he hated it because he didn't have the right to say it.",0,0,2024-05-06T16:05:21Z,2024-05-06T16:05:21Z
UgyHU-Il8b1DPLxTAdt4AaABAg,@TheWorldAccordingToMe00,"The Game will drop a diss, he'll say something about Eminem and Em is going to respond - just a theory",0,0,2024-05-04T21:37:06Z,2024-05-04T21:37:06Z
UgyGnDM9qoptBthDuqR4AaABAg,@JDB303,"how is drake being called into question. whether he wins or loses he is the one who put kendrick on, kendrick is on record saying it. he put ross on, he put future on, he put metro on, he put all of these people on. without him they woudlnt exist.",0,0,2024-05-05T02:56:49Z,2024-05-05T02:56:49Z
UgwtSpzRdX-HBvl6jNZ4AaABAg,@matthewjones2710,"Drake has came a long way throughout the years, he's got bars, he can spit, I fw both of them, its crazy but i had both drake and kendrick CDs, good kid madd city, and drakes nothing was the same. They both legends but Kendrick on the 💯 is gonna chew em up and spit him out, hate to say it..",0,1,2024-05-07T05:34:51Z,2024-05-07T05:34:51Z
UgznV9HkJ8VowGEEY2B4AaABAg,@JMGLA007,I hope this was Kendrick van lol,0,0,2024-05-05T00:02:41Z,2024-05-05T00:02:41Z
UgzKDUkyuT6Ye-QGlgR4AaABAg,@Animaul7,They not like us. X4 flow! West coast we rip this guy! TOLD MY PEOPLE KENNY GOIN END BRUH,0,0,2024-05-05T02:42:07Z,2024-05-05T02:42:07Z
UgzyvXMFLoIVvUwueJl4AaABAg,@erichammer7072,Is CB Chris Brown lol thats grate facts tho,0,0,2024-05-05T02:32:29Z,2024-05-05T02:32:29Z
Ugyk5MQuIUmqzgsiylp4AaABAg,@donovanwilliams4545,Haha this song was the best song out the beef! Not touching Drake then or now and I’ll go bar for bar with anyone on any Kendrick song!,2,0,2026-06-24T15:55:54Z,2026-06-24T15:55:54Z
Ugykm41rN1v9xsWinQd4AaABAg,@luisaramos8884,"Remember kiddos, Kdot v 20",0,0,2024-05-04T21:40:55Z,2024-05-04T21:40:55Z
UgzSjd1rVpc_Qrbhvj94AaABAg,@jokasemaloka1447,Bruh 😅 I like ur breakdowns they are so unbias n accurate the way u break everything down but they are too long😅,0,0,2024-05-04T19:58:06Z,2024-05-04T19:58:06Z
UgxHpen2Jhk5o_sop_t4AaABAg,@IBRollinPapers,A drako is a mini k,0,0,2024-05-05T15:27:00Z,2024-05-05T15:27:00Z
UgyHKtUosUWpawjhHEN4AaABAg,@Levelupchanger,Ngl drake did good but Kendrick is on whole another level,0,0,2024-05-05T11:05:06Z,2024-05-05T11:05:06Z
Ugx9fIgHb2AFvSw3Qxx4AaABAg,@journeytohealingwithb7470,Credit to his ghost wtitters....maybe Wayne helped him.,0,0,2024-05-06T01:02:27Z,2024-05-06T01:02:27Z
UgzXJp_tI8_FYAjEe8l4AaABAg,@MoneyDLuffy-dh3ye,Rims are different not the same one,0,0,2024-05-05T16:40:17Z,2024-05-05T16:40:17Z
UgzgmPSYj4j56FU0lIB4AaABAg,@TrizzyTreySuperstar,Lol put that in ya Starbucks 😂,0,0,2024-05-04T22:39:54Z,2024-05-04T22:39:54Z
UgwM5R0pW82v0C7aF-l4AaABAg,@mourns_,It looks like he turned the van into a hearse?,0,0,2024-05-05T13:19:40Z,2024-05-05T13:19:40Z
Ugxh-cn80AybvDx5On14AaABAg,@djstackademikz,Jermaine Cole and Jermaine Jackson,0,0,2024-07-07T07:47:01Z,2024-07-07T07:47:01Z
UgwBox381vhrp0uR49Z4AaABAg,@glassface9953,2nd vid is an empty hearse for dead kenny,0,0,2024-05-04T22:14:22Z,2024-05-04T22:14:22Z
UgzweWl_XaWu_dLZHhB4AaABAg,@bk0333,I do dislike how people clown him for short bars that go crazy. Kendrick has had some corny ones too “it’s just big me”.,0,0,2024-05-05T00:36:24Z,2024-05-05T00:36:24Z
UgxqoBQmA7Og5inZhjJ4AaABAg,@fredmason8937,Drake calling out Game like he is anything…,0,0,2024-05-05T01:58:29Z,2024-05-05T01:58:29Z
UgzgLAedvJ6SBFAN2zB4AaABAg,@GraveyardTV,Ima Drake fan but I don’t think it’s the van . The bottom part doesn’t look the same as the album cover van,0,0,2024-07-16T08:25:08Z,2024-07-16T08:25:08Z
UgyLBPFMzCILINtxdkR4AaABAg,@Bromz519,Pc- protective custody,0,0,2024-05-05T03:29:43Z,2024-05-05T03:29:43Z
UgwRcPujtjNAbGzE4SB4AaABAg,@GrandPapaCap,Hold on a snake? You don't recognize the g-unit chain? 😮😂,0,0,2025-02-22T19:38:02Z,2025-02-22T19:38:02Z
UgzaKIqXU9Dqu8JPUx54AaABAg,@davidbussey8942,Late kdot just dropped again lmao the boogieman comes out at night,0,0,2024-05-05T13:23:06Z,2024-05-05T13:23:06Z
UgxwlhfIjVQSQ2UxdKJ4AaABAg,@debbielesley1523,Dam this beat go stupid tho,0,0,2024-05-04T22:44:43Z,2024-05-04T22:44:43Z
UgxvPE8LEa_cA8HA_Pp4AaABAg,@IanElliottCarter,I want to say Drake is one of the greats but I never know if he wrote it or not,0,0,2024-05-04T20:16:28Z,2024-05-04T20:16:28Z
UgyJ5BWaUlyuzHOmmQF4AaABAg,@purethis9ownz,But Kendrick the reason someone shot at your house not this 😭,0,0,2025-02-01T00:29:52Z,2025-02-01T00:29:52Z
UgxJFOvfI7qgJgin-dx4AaABAg,@artmck3975,"54:26 You missed it on most of the line....smh
He called Kendrick Michael J 54:26 ackson and said that K. Said that Jamain is his brother.... JCole/ Jamain Jackson....
Michael internationally blocked Jamain out of the light... He's accusing Ree Ree and Asap of having babies back to back as a promotion for his music because that the only way it will sell",0,0,2024-05-04T20:33:48Z,2024-05-04T20:35:59Z
UgxRD1xZ0iYZXxkdDvB4AaABAg,@kennethcook3127,Stop the cap. Whitney was on drugs before bobby,2,0,2024-12-14T15:32:42Z,2024-12-14T15:32:42Z
Ugwg-ZEetn6mqxYalpt4AaABAg,@fossilYouth,Those strings sound like Beatles Eleanor Rigby … didn’t Michael Jackson buy the rights at one point ?,0,0,2024-05-06T05:09:11Z,2024-05-06T05:09:11Z
UgzahdYldjTNzi0kR0t4AaABAg,@andersonusamah7788,That last beat is a nice one...not a fan team kdot over here west/Texas 2 p's Funky town Stop 6,0,0,2024-05-05T17:39:26Z,2024-05-05T17:39:26Z
UgzLMRZ_xEJoZJG45AJ4AaABAg,@pilapila183,I hate that today people are rewriting history like drake was getting washed the whole time. He was going toe to toe until the very end.,2,0,2026-03-22T20:06:20Z,2026-03-22T20:06:20Z
UgzNOYASTx8i0keQBqx4AaABAg,@mizzIN4M,"49:25 The Light - Common. Both J Cole and Kendrick interpolate  ""The Light"" by Common in new music only weeks apart from each other....🤔",0,2,2026-03-11T14:47:09Z,2026-03-11T14:47:09Z
Ugy9sShBc5tZCuDcQzR4AaABAg,@andrewbrann6231,Kendrick just dropped another one again 😂 like 30 minutes ago,0,0,2024-05-05T00:18:26Z,2024-05-05T00:18:26Z
UgzkbGiGbU1MK0MPOrt4AaABAg,@artbykoa,Let Us Not Forget... This reaction did NOT make you take off the headphones and almost leave the room. #nuffsaid,0,0,2024-05-04T21:41:50Z,2024-05-04T21:41:50Z
Ugyd5i2TeFboxaQ7hwV4AaABAg,@AthleticBone,What is dp,0,1,2024-05-10T19:00:27Z,2024-05-10T19:00:27Z
UgzacYxrF4zc6ZMGbLx4AaABAg,@jordankashuba3467,"😂....""PC"" means protected custody in jail. Basically a cell block with sex offenders and snitches. Could be a double auntandra for Policitally Correct  but prison cop doesn't make sense",0,0,2024-05-12T18:51:57Z,2024-05-12T18:51:57Z
UgwAJFxjPCGlf-Q1iyV4AaABAg,@JustCommentingHere,"That isn’t the same can, different wheels and the pinstripe doesn’t match.",0,0,2025-02-13T02:32:48Z,2025-02-13T02:32:48Z
Ugz0BFnXTNuXcD3PGSh4AaABAg,@adamb5419,Honestly wasn’t a fan of either drake or Kendrick but to me Kendrick better i actually remember his lines from his disses drake just feels like he sounds like everyone else Kendrick just different and original like a 90s early 2000s feel where everyone had there own style,0,0,2024-05-05T15:12:51Z,2024-05-05T15:12:51Z
Ugxju3yGa9Yuw4D641h4AaABAg,@DADbodGOD74,"PC is protective Custody in prison, like he calling him a bitch and scared nothing to do with political correctness or prison cop",0,0,2024-05-06T12:50:33Z,2024-05-06T12:50:33Z
Ugz36MVM4B1R3qH7eoF4AaABAg,@onetakewillie8890,And what's Snoop Dogg's government name,0,0,2024-05-05T08:44:18Z,2024-05-05T08:44:18Z
UgxQRvTJBwimkuo_-R54AaABAg,@koacht1718,gunit chain bruh,0,0,2024-05-04T21:09:46Z,2024-05-04T21:09:46Z
UgwsnMmV91VPGW2Nov54AaABAg,@Thwagger,Whats with Drake flashing that G-Unit chain multiple times in this video? Is that something I didn't pick up on?,0,0,2024-05-04T22:06:12Z,2024-05-04T22:06:12Z
Ugx30KlzsKfpt6gImjp4AaABAg,@Zion-x5w,Why this is future flow?,0,0,2024-05-04T20:22:10Z,2024-05-04T20:22:10Z
UgygaUTH8NsR4cio-w94AaABAg,@mingomane1,Nah that’s a g unit necklace,0,0,2024-05-05T02:23:38Z,2024-05-05T02:23:38Z
UgwpxzM__CF6qEjueDR4AaABAg,@michaelanderson9947,"dot stans really out here pretending like drakes diss tracks arent fire and that he isnt saying nothing, just goes to show people are in their opinions and in their bias. because yall clearly are letting drakes bars go over your heads being to busy trying to slurp on dot. kendrick is clapping back with fire tracks too, but stop trying to say drake tracks arent fire too. youre just lying to yourselves. if they werent good dot wouldve stopped responding.",1,0,2024-05-05T16:37:55Z,2024-05-05T16:37:55Z
UgwbmXiUHBrMuhAGjF94AaABAg,@MatteoBuk,"For me this is the best diss from the whole conflict. Best sounding lyricaly and production vise, great punchlines and 3 different beats and flows plus the visuals are amazing and meaningful.",2,0,2025-08-03T23:37:26Z,2025-08-03T23:37:26Z
UgxqQIt5PO4YZsPGHGB4AaABAg,@andreleonthompson3899,POV. Two civilian gang you PC is double on tundra for  politically correct & protective custody for you information.,0,0,2024-05-04T21:31:25Z,2024-05-04T21:31:25Z
UgxcF-P9sXb-UsqVKSN4AaABAg,@adotcdoy,You got the Bobby and Whitney wrong. He didn’t beat or supply the drugs!,0,0,2024-05-06T00:39:02Z,2024-05-06T00:39:02Z
UgzYVivv2Jr4PNN_zBZ4AaABAg,@Ahmed_forL,if this the hardest that drake could pull kendrick will end him in the next move,0,0,2024-05-04T19:32:13Z,2024-05-04T19:32:13Z
Ugy8BzyPpsHw_iuRjxF4AaABAg,@JaxAttax1969,"This might be reaching, but does anyone else remember the video for “Look What You Made Me Do” by Taylor Swift? And her connection to Kendrick?

Might be a call back to Taylor Made.",0,0,2024-05-04T22:09:48Z,2024-05-04T22:09:48Z
UgxJAgoCzM2Don0m6Kx4AaABAg,@sonjunya,It's the g unit chain bruh. Snake?😅,0,0,2024-05-05T00:27:46Z,2024-05-05T00:27:46Z
Ugw4MMfR06UsSP8Y_6l4AaABAg,@larryh1071,"He was trying to keep it pg. That's kids, he doesn't even realize he's telling on himself",0,1,2024-05-06T17:10:06Z,2024-05-06T17:10:06Z
UgwUiD1rUGCqA4l6EUp4AaABAg,@alenaa6075,"Never been a huge fan of Drake.. Although I’m impressed, I’ve personally never heard him rap like that or drop lyrics that hard 🤔 ngl never been crazy about the auto tune sound Drake uses but he made up for it.
I know Kenny definitely going to take his ass down in the next couple tracks tho, haven’t even heard em’ yet 🤷🏼‍♀️😂",0,0,2024-05-06T09:25:17Z,2024-05-06T09:25:17Z
UgwO7j57dZDf7rvXFht4AaABAg,@JustInOutDoors78,"""Protective Custody""
PC

He soft and needs to be kept safe from the killers",0,0,2024-05-14T21:04:11Z,2024-05-14T21:04:38Z
Ugx_zZikY4DyAcFFSkx4AaABAg,@beautyistifanus8794,"Drake winning frfr like barz crazy and kendrek too direct with punch like that aint connecting, everything drake says connecting",0,0,2024-05-05T04:51:25Z,2024-05-05T04:53:03Z
UgxRt9HBwsQRWILrL4l4AaABAg,@kinkaly,"Honestly, against any other rapper, Drake wins. Kendrick brought some fucking art into the battle though! Ain't no coming back from Meet the Grahams...",0,0,2024-05-04T22:41:46Z,2024-05-04T22:41:46Z
UgxlX4WtVKbiOh3fQkV4AaABAg,@toonie568,that's what Diddy said to drake... clap back,0,0,2024-05-04T23:28:43Z,2024-05-04T23:28:43Z
Ugz94PjIQTGmV1RD49l4AaABAg,@Deedee19479,The vans like Drake....a fake 😂,0,0,2025-03-11T18:34:58Z,2025-03-11T18:34:58Z
UgwdT4WyyZDL6rXf6UZ4AaABAg,@DAM13N996,It's not the exact same van,0,0,2024-05-04T22:35:59Z,2024-05-04T22:35:59Z
UgwSD-iz-tDjYKGXrSB4AaABAg,@antoniaa.3760,So nice to go back and see how hard he poked the bear. Been getting his azz kicked since then. THEY NOT LIKE US… 😂😂😂,2,0,2025-03-15T23:09:06Z,2025-03-15T23:27:11Z
UgwV-qwSiqXWhn_N6zN4AaABAg,@bobbykoss7365,This is murder.,0,0,2024-05-04T20:47:54Z,2024-05-04T20:47:54Z
Ugx8VsUuoCtQGuWm8Tl4AaABAg,@JBC33,"That bar ""Weeknd music getting played in all the spots where boys got a little more pride"" he's saying you talking about my music but yours is getting played at gay clubs.",0,0,2024-05-04T21:57:47Z,2024-05-04T21:57:47Z
UgzBs1xAP0RzDc76NFd4AaABAg,@ess210s5,PC protective custody.. lol,0,0,2024-12-07T18:33:09Z,2024-12-07T18:33:09Z
UgyRo_2aXKv5OOrojw54AaABAg,@InterGalactic1998,How Drake can be taken seriously using AI Tupac. No creditability.,0,0,2024-05-07T10:52:00Z,2024-05-07T10:52:00Z
UgxwIABFRbTmvWT98bJ4AaABAg,@ljutko7,And he still shooting all of them vs kdot just him 🤷,0,0,2024-05-04T22:28:26Z,2024-05-04T22:28:26Z
UgxE2FmeQgoM81dwrJV4AaABAg,@WillieRips,That activism shit is Politically  Correct,0,0,2024-05-05T02:20:30Z,2024-05-05T02:20:30Z
Ugwjy4VBY_Nq-9Me1Fx4AaABAg,@Snow.._..codm_MMM,"I'm bout to have my own beef with these mfs saying knox is late, go break it down by your self since you aint got a life outside hip-hop.",0,0,2024-05-04T20:10:20Z,2024-05-04T20:10:20Z
UgwPIsjOgQLibsZ1C614AaABAg,@dfrentertainment3339,Jermaine is also Micheal Jackson brother and we all know Micheal outshined his brothers which Kendrick purposely does with Cole by holding him back ..,0,0,2024-05-04T23:20:42Z,2024-05-04T23:20:42Z
UgxBJugPKzzUKzuMhcd4AaABAg,@Kazifu_Gaming_1997,"Drake should've dropped that last verse after not like us, it would've been a different outcome.",0,1,2025-06-04T12:16:40Z,2025-06-04T12:16:40Z
UgwPMl6tbQf-iX1bUqB4AaABAg,@mohammadzare8998,"as a non-native English speaker, and a hip hop fan, your breakdowns are ""chef's kiss""",1,0,2024-05-04T20:26:10Z,2024-05-04T20:26:10Z
Ugz7zNLuuoCeGE6O9dF4AaABAg,@nyeeezy,Also birdman “ robbed” lil wayne,0,0,2025-10-15T09:32:26Z,2025-10-15T09:32:26Z
UgzQ4zMMpGwbPkeHjAB4AaABAg,@bossaint6798,G unit spinner man lol not a snake,0,0,2024-05-15T12:35:01Z,2024-05-15T12:35:01Z
UgyywFWH9aDKhedh2wV4AaABAg,@sandradee8093-4,"Dtake must have pillow talked with Chris Jenner. He out out that D- tape to beef up publicity.
I was wondering why for the passed few months Drake was attacking people more intense, wow he was feeling like he was drefting away. Well he could have drefted away respected and not rejected, um but know he needs something stronger that Dreft to wash this diss away.",0,0,2024-06-14T19:09:32Z,2024-06-14T19:09:32Z
UgxrCGBE48drwD-LpJB4AaABAg,@Futikecske,Bro made a hour video out of a 7minute song,1,3,2025-01-02T20:51:02Z,2025-01-02T20:51:02Z
Ugz4LyTxQEEl1gc68vx4AaABAg,@LaKeshaHicks-h5x,The DARKER THE BERRY; the Sweeter the Juice.  The Darker the Flesh; the Deeper the Roots…,1,0,2024-06-13T08:39:35Z,2024-06-13T08:39:35Z
Ugwmr6EkACcrdlqFxnB4AaABAg,@AleaKat,What Drake fails to understand is that it’s not really about color it’s about culture.,0,0,2026-08-07T00:43:35Z,2026-08-07T00:43:35Z
UgwWWislwPiUSgkQ3Qd4AaABAg,@34blackula,"Maybe I was misled about that line by KDot, or is Drake once again misleading with his response. KDot was not talking about him being mixed at all, he was referring to Drake being from the suburbs of Toronto, Canada. Outside of America I doubt if a black man goes somewhere he's going to be called ni**a in another country. He's hinting at Drake being Canadien and not associated with the plight of American blacks and living on the outskirts of that reality and turning around and using the word like he was raised in that environment. I mean there are a ton of mixed black Americans using the N word, nobody has said anything about that. No matter what other race their mixed with.",0,0,2024-05-04T23:00:44Z,2024-05-04T23:00:44Z
UgyrPah5emCxNLpfZJl4AaABAg,@RAPsubliminal,"29ers is a gang, the motorcycle gang who the ex leader is in at the end. They tried to abduct my wife’s friend.

Ssssnake but it’s both.",0,0,2026-04-08T18:25:32Z,2026-04-08T18:25:32Z
UgyOC-Z1rqM4mEZ_CEJ4AaABAg,@Rose.and.nevermore,After the petitions and possible lawsuits comin back to this feels..bad..like drake was kinda tryin too cook and then we saw it was k.dots year,0,0,2024-12-15T01:15:20Z,2024-12-15T01:15:20Z
UgwsoQQMBEF5j5koj214AaABAg,@michaelkoetsise67,Kendrick lamar dropped again 😅😂😂,0,0,2024-05-05T00:15:02Z,2024-05-05T00:15:02Z
Ugz0rRxvQnX0ogJym6d4AaABAg,@tedsanity,Imagine being Drake thinking you dropped a nuclear track only to find out after a few minutes that Kendrick dropped Meet The Grahams. Lol. I'm pretty sure he was so bummed when that happened,0,1,2026-01-26T11:02:35Z,2026-01-26T11:03:12Z
UgwhMnlfzAYQJ6qiw2V4AaABAg,@robertvincent4042,All that talk and that BTC got the nerve to sue? Nobody should rock with Drake after this!,0,0,2025-05-20T14:16:41Z,2025-05-20T14:16:41Z
Ugx8k502muVkuIiW6Rd4AaABAg,@hasooniwoow,Is it still brutal 😹🤣,0,0,2025-03-04T19:35:06Z,2025-03-04T19:35:06Z
Ugxcc59dSZCbjZvKhnp4AaABAg,@jacksonprinter5792,Cleary Lil Wayne wrote the 3rd verse.  😅😅😂,0,0,2024-05-04T20:07:11Z,2024-05-04T20:07:11Z
UgwHc6pW9pla8S9F7214AaABAg,@bkprincessfeaturingbigdadd248,👻👻👻👻👻👻👻👻👻,0,0,2024-05-05T03:54:08Z,2024-05-05T03:54:08Z
Ugx2qoZwaVBsMmQMat94AaABAg,@hoodpeara5466,"Nuked while in flight, it's not Drake's May.
K wrapped him up with a dot - the end.
Family Matters maybe the last song of distress.
Owl shot out of sky, is signaling Mayday.
Drake getting dropped by 50 -0 instead,
Mayweather's hook, now 5 + 5 = 10 count. Hey Drake?",0,0,2024-05-05T15:29:17Z,2024-05-05T15:29:17Z
UgwUvkoBP3aBH0X4lHB4AaABAg,@NEVERANGRYBUTIRIE,You showed your side cfwu but irie.,0,0,2024-05-05T18:06:47Z,2024-05-05T18:06:47Z
UgwKycfQJeg8EsMqWFV4AaABAg,@StreeterTurner,His house got shot up didn’t it?,0,0,2024-05-07T16:36:37Z,2024-05-07T16:36:37Z
UgxcJ7IxnMGBVvquJgZ4AaABAg,@jodygrimmett3745,Drake got mopped,0,0,2024-05-05T00:09:36Z,2024-05-05T00:09:36Z
UgwGDrjORquTbC834Bl4AaABAg,@N2mndgames,* Can someone get him… Kendrick had another one. NO! It’s #4.,0,0,2024-05-05T00:16:38Z,2024-05-05T00:16:38Z
UgybCjukefzePv1kpdJ4AaABAg,@kadenlang8979,the van isn’t even the right model😂,0,1,2025-02-22T03:23:56Z,2025-02-22T03:23:56Z
UgwRXYwenpTKRc3DpXl4AaABAg,@sprinklemeserb,Wheelchair jimmy really fucked up when he dropped this 😂😂😂,0,2,2025-12-23T18:24:49Z,2025-12-23T18:24:49Z
Ugz7fjFdcUNR4ECOmnl4AaABAg,@jackcoles5120,Do you remember mathmatical disrespect by lil mabu hmmmm 🤔🤔🤔😂😂😂,0,0,2024-06-10T06:41:24Z,2024-06-10T06:41:24Z
UgzOpmKd9meX56kKpkZ4AaABAg,@Boss2739,I don't say things like this very often but you shouldn't speak on certain things if you don't know the actual story.  Whitney Houston got Bobby Brown started on drugs she was a heavy addict before they even got together it's been documented,0,0,2025-03-15T23:13:55Z,2025-03-15T23:13:55Z
UgzYaM4H0HFyXpPfIPl4AaABAg,@Frankogoin,Em must of helped drake on this!!!!!!,0,0,2024-05-04T23:49:48Z,2024-05-04T23:49:48Z
UgzQKTAs78NdIOVE5lR4AaABAg,@cloraasmr762,Who care what drake says! Might as well say he has a quantum group of ghost writers cause it ant just coming from him and probably a vault of rap songs ready to Proof Read 🤣,0,0,2024-05-04T21:26:47Z,2024-05-04T21:26:47Z
Ugyz-978FUO2dNj_o494AaABAg,@daraiusjoseph2370,48:12 Implying Kendrick is too dark to be white so he has to mix his genes to be for his kids to be lighter is crazy.,0,0,2024-05-04T20:55:08Z,2024-05-04T20:55:08Z
UgyjZp8PfU_9O30UL_B4AaABAg,@donnyrhames1847,You obviously don't know much about Whitney and Bobby. Whitney introduced Bobby to the harder drugs Whitney was hooked on cocaine way before she got with Bobby. She introduced him to crack and heroine,0,0,2024-05-04T21:41:39Z,2024-05-04T21:41:39Z
UgxJEH0YN-ITTtTXeax4AaABAg,@soo_zee_q,There is nothing about Drake that appeals to me. Musicianship or otherwise.,1,0,2024-08-17T00:01:01Z,2024-08-17T00:01:01Z
UgzFRkd9-TJarO8Bqp94AaABAg,@andreleonthompson3899,Abel serenading line is another on tundra for abel being a female get 4play thats why Drake is reaching for his waist 😅😅😅😅,0,0,2024-05-04T22:23:43Z,2024-05-04T22:23:43Z
Ugzoi10b7_Lk2H1zlW14AaABAg,@GraveyardTV,"Cole definitely stayed out of it . Cuz now look at all the hate Drizzy getting . Big OVO tho for life . This beef will forever damage Drake tho smh , as a true hip hop fan smh . But I’m still a fan",0,0,2024-07-16T08:42:57Z,2024-07-16T08:42:57Z
UgzAi-wXVnUMvIsepEt4AaABAg,@yannlaviolette8742,"“You digging for dirt, she’s digging for proof” divorce might be costly if you’re wife can prove infidelity… hardddddd",0,0,2024-05-04T22:03:43Z,2024-05-04T22:03:43Z
UgzVaNYkxGlS2A7zsCZ4AaABAg,@Panheadmonkfish,Looks like drake should of kept the van,0,1,2024-05-04T19:59:41Z,2024-05-04T19:59:41Z
UgyDKDIBa6xQ1YwXFu94AaABAg,@Iuploadthemostrandomstuff,1 hour for a 7 minute song,0,0,2026-07-22T07:33:02Z,2026-07-22T07:33:02Z
UgxYcSHoDnFnNUpg0TF4AaABAg,@clouttok14,Nahhhh Whitney put Bobby on the dope,0,0,2024-05-05T20:01:51Z,2024-05-05T20:01:51Z
UgxBPRU6nlapQmKAk4Z4AaABAg,@djkillermemestar1265,Ehhhhhh🤷🏻‍♂️,0,0,2024-05-05T07:16:55Z,2024-05-05T07:16:55Z
UgyNo2Ctj8HRAV_Hpbt4AaABAg,@AndreMiller-nl5pc,Sounds like weeknd to me.,0,0,2024-05-05T00:58:53Z,2024-05-05T00:58:53Z
UgyxtcW1zpkwmnn5cLp4AaABAg,@Glide_TV,Drake dropped less than an hour after Kendrick dropped Meet the Grahams. Wtf is going on😂,0,0,2024-05-04T19:27:17Z,2024-05-04T19:27:17Z
Ugx7N4zWqeWbbqAoGJt4AaABAg,@Chip_off_tha_block,Best diss track of entire beef by far,2,2,2025-01-09T03:17:48Z,2025-01-09T03:17:48Z
Ugwt40N37D2fs1QfI1t4AaABAg,@THEYDONTKNOWMESON111,"Baby Keem = hes saying only kdots x baby keem songs go hard, not other kdot songs, bcus baby keem songs with kdot sounds like baby keem songs and not kdot songs and kdot goes hard only on those (his words not mine)",0,0,2024-05-05T21:25:21Z,2024-05-05T21:25:21Z
UgwJzhcI_ub2szkyZAB4AaABAg,@PeaKock-be,"He low key dissed birdman too, cuz he robbed lil wayne, that's why wayne and birdman had their fallout, an wayne left CM",0,0,2024-05-04T22:33:55Z,2024-05-04T22:33:55Z
UgyirknnhA3ElAhc34d4AaABAg,@ThaDogfather_YT,"PC Like protective custody, as in youre soft, gay, scary, or a snitch type ish....",0,0,2024-05-04T19:37:57Z,2024-05-04T19:37:57Z
Ugxlaa70u6WSm-cOfe94AaABAg,@YO-AIZEN,Tbh no offense to nun i am not drake fan at all but tbh Kendrick Lamar's diss sounds very dead compare to him he got catchy beats and words like like that was very catchy and nice sounding,2,0,2024-05-08T22:37:54Z,2024-05-08T22:37:54Z
UgzTdPpf0BhOGFtlj6p4AaABAg,@cryst3l,I feel like this one did not really get to be enjoyed because everything dropped so fast.,0,0,2024-12-30T18:00:55Z,2024-12-30T18:00:55Z
UgxmEhyG3vQYRTQvf1x4AaABAg,@terrinyc29,It has nothing to do with light skin darkskin or biracial. Its culture. Drake is part Black American butbhe was raised only around his white Jewish family in Canada. There are many light skin rappers but they don't get that critique.,0,0,2024-05-05T18:18:18Z,2024-05-05T18:18:18Z
UgxVaZdGj73yhvLNErh4AaABAg,@liarliar1105,Best song of the beef.,1,0,2025-01-11T08:22:59Z,2025-01-11T08:22:59Z
Ugwrdt2FwMc88K1vV9d4AaABAg,@liamadams4691,Drake has lines... but he ain't a killer,0,0,2024-05-05T18:09:14Z,2024-05-05T18:09:14Z
UgwX9Cu6dumyPGl845d4AaABAg,@nickmiller48234,PC protective custody. Prison term,0,1,2024-11-05T13:17:07Z,2024-11-05T13:17:07Z
Ugx5Ug6K_EoYXeGzNf14AaABAg,@manningjrkenneth,Was that the engagement ring 💍 at the end… if so… no way y’all saying Kendrick won… if he crushed his momma car and got his finance wedding ring 💍 🤦🏽‍♂️,0,0,2024-05-10T02:23:21Z,2024-05-10T02:23:21Z
UgxaVmymYTThHMqRQC94AaABAg,@theemostrizz,Don’t make it Dave Free,0,0,2024-05-16T20:29:34Z,2024-05-16T20:29:34Z
Ugwx11lsP2Gn_1cs0it4AaABAg,@StephenThantsi,"Yeah it is but except that it is the same model as Kendricks, the towed one is not really his.",0,0,2025-11-29T19:13:33Z,2025-11-29T19:13:33Z
Ugww__3Uo2us5Hq83_d4AaABAg,@Katriya-y3v,Too bad it wasn't even the same model lol,1,0,2024-09-18T09:51:33Z,2024-09-18T09:51:33Z
Ugy5-3EGV0RFhp6pILB4AaABAg,@cliffordsmith8230,"This is just getting to be too much now, I guess it's great if u like either of these 2 rappers but how many disses does one drop before one is called a winner? Also, any diss that Drake drops I'm always going to be asking who wrote it? Until he can prove that he doesn't have/had a ghostwriter it's always going to be asked. Yeah, he can rap and all that, but did he write what he rapped about?",0,0,2024-05-04T19:56:41Z,2024-05-04T20:48:46Z
UgyWd1XY_sMCQEZkPMV4AaABAg,@mac7742,DRAKE IS ON FIRE!!  🔥🔥🔥 Indeed brutal bars  ... DRAKE THE GOAT!  Winner 🏆,1,0,2024-05-10T20:53:34Z,2024-05-10T20:53:34Z
UgxF4pQ8ImEz3vwgtXh4AaABAg,@petraalexander9269,The accusations that kdot was beating his woman so she had a kid with his friend on the low…. Yikes!,0,0,2024-05-05T08:23:26Z,2024-05-05T08:23:26Z
Ugx2E3yjik0zOeNcRSB4AaABAg,@JJFN-zm3ky,"Idk how this beef started but honestly, you have to be an idiot if you think Drake or Kendrick would have soloed Cole..Cole just don’t find no point…",1,0,2024-06-07T03:48:35Z,2024-06-07T03:48:35Z
Ugwj6BVgUNv4tgSVXz54AaABAg,@tinydarkjewel,"It wasn't the actual car, it wasn't quiiiite the same brand of that one. Or something. Lol. But it wasn't the actual mad city one. So, he even failed on that. Poor Aubrey. 😂",2,0,2024-09-12T21:34:18Z,2024-09-12T21:34:18Z
Ugy8JcykoCW4Et5vD_14AaABAg,@EddieLove,"When Drake is gone people will finally realize we will never get anyone like Drake ever again…

Drizzy is the GOAT 🐐",2,0,2024-05-05T20:39:08Z,2024-05-05T20:39:08Z
Ugw13bWJqtfbQq9T0b14AaABAg,@sincerechulo930,PC. JAIL TERM IS PROTECTIVE CUSTODY.,0,0,2024-05-08T13:10:52Z,2024-05-08T13:10:52Z
UgwE5BVeSWmxIcCMiwh4AaABAg,@JoanaDelaurantis6949,Famous last words before the slaughter/massacre/ carnage 😂,1,0,2024-12-18T19:21:39Z,2024-12-18T19:21:39Z
UgywOPEvGxtYEDNFKft4AaABAg,@bigdubt2003,Bobby didn't  do nothing to Whitney. She brought the heavy drugs to him. Get it right,0,0,2025-02-22T12:51:44Z,2025-02-22T12:51:44Z
Ugxw0pn8k-JgBypilBN4AaABAg,@alexiscarney66,Y’all can’t have drake in the race draft lol im sorry to have to inform you.,0,0,2024-05-06T01:23:12Z,2024-05-06T01:23:12Z
UgxPZBlRKePlDtWP86B4AaABAg,@Quantum_stardust,That Dave Freeeee was really cringe 😬,1,0,2024-11-01T06:48:43Z,2024-11-01T06:48:43Z
UgyAe2tOOv9WiBVk6op4AaABAg,@cheikhtidianecisse5064,I see some reactions that skip some drake bars on purpose 😅. They hate the boi so much. That’s why I side with him.,0,0,2024-05-04T22:19:10Z,2024-05-04T22:19:10Z
UgxRH4iv-BaEENhtDaB4AaABAg,@tysondsouza7983,"THATS NOT A SNAKE CHAIN. 

It’s the G UNIT CHAIN! 💥💥 

It’s 50 cents when he was beefing everyone in the game! 

Get that in check. lol Drake the 🐐",2,0,2024-05-05T04:02:00Z,2024-05-05T04:02:00Z
UgwLcETXE0SkeuwTVi54AaABAg,@ren3gadeviews274,Anyone actually scared of drake for him to be making threats? Kermit the frog more a g than him. Cmon,0,0,2024-05-05T13:03:50Z,2024-05-05T13:03:50Z
Ugx5Xv8eoXln-u3WxSV4AaABAg,@nuel3007,"Coming back to this reaction, I see how biased dude was, he was so defensive for Kendrick throughout, trying to explain every shit LOL but just took Kendrick’s words for it during Kendrick’s dissed, the whole battle was rigged",1,0,2024-06-18T07:49:28Z,2024-06-18T07:49:28Z
UgxOOMGkpvLreNFGQox4AaABAg,@brainsick9531,i think Drake is pulling stuff out of his ass hes talking bout receipts he needs some receipts,0,0,2024-05-04T22:33:29Z,2024-05-04T22:33:29Z
UgxT3I-2shQ1mPDlnNl4AaABAg,@Wyatt_o7,The short joke bars were lame filler imo.,2,0,2024-05-30T23:46:11Z,2024-05-30T23:46:11Z
UgybDVjALX2mkFiWnMt4AaABAg,@terrencetysor9956,Crazy people forgot about this great diss song. And kdot didn't have to rebuttal this because Stan's covered their eyes and mouths. This to me was a better rap diss than not like us. The new generation likes it because of the dancing beat .,1,0,2025-03-04T22:27:43Z,2025-03-04T22:27:43Z
UgyP_kBfWX2YisqI92p4AaABAg,@bendova99,Drake won its joe over,0,0,2024-05-06T01:29:06Z,2024-05-06T01:29:06Z
Ugwv__ZK4b-iJcQ7Qmd4AaABAg,@MidageMidaim,They are calling him.The white boy and the white boys the best in the game.That's what is referencing is referencing eminem you wanna call me the white boy okay,0,0,2024-05-08T23:48:51Z,2024-05-08T23:48:51Z
UgyJlYndRkW_ZEqmoBd4AaABAg,@techpanther051,"Drake killed



Himself",0,1,2024-05-04T19:44:08Z,2024-05-04T19:44:08Z
UgyCaUiiqohYniLNDi94AaABAg,@childiishtyrant3484,GREATEST DISS TRACK OF ALL TIME🔥,2,0,2026-03-01T08:52:06Z,2026-03-01T08:52:06Z
Ugx3kk3hqca93mUm5Oh4AaABAg,@JustCommentingHere,"Sorry but after hearing Kendrick, Drake isn’t even on the same level, sorry. Kendrick wins this battle.",2,0,2025-02-13T02:20:21Z,2025-02-13T02:20:21Z
Ugz5Yd-Lf32BPNs6lD54AaABAg,@Tyttix,Sayin Kendrick is mid is a low key from Drake. Drake is the one mid from those two,0,0,2024-05-06T16:24:28Z,2024-05-06T16:24:28Z
Ugz7or5wAPmT-pjco6x4AaABAg,@ALIUS_EDC,"I am confused. I've seen Kendrick at BLM rallies. Also been well documented Kendrick has donated Hundreds of THOUSANDS of dollars to the Compton Unified School District's music, sports and after-school programs. He also have 50,000 to his highschool's music program. And didn't he bring a group of highschoolers from his old school to the Grammys back in 2016? Additionally In a video message called “Pay It Forward,” Lamar spoke about being a role model and a mentor. He emphasized the importance of mentorship, particularly for young boys and men of color, in support of President Obama’s My Brother’s Keeper Initiative????????????????????

I am not sure Drakes lines on questioning if Kendrick didn't plant ""no money trees"" really hits. The ""trees"" Kendrick hits is the youth. To help them stay positive and be a postive influence rather than have the youth stay in the streets...",0,0,2024-05-05T23:10:10Z,2024-05-05T23:10:10Z
Ugz538yWThBbU769tPN4AaABAg,@christina2322,Drakes response is good but he'll never be able to match the heat and venom Kendrick  has in his bars. The only bar that gave me even a fraction of the reaction i had to kendriks was the one about dave free and then flipping sexy reds verse back on him,0,1,2024-05-05T16:55:34Z,2024-05-05T17:35:11Z
UgxM6iD05dZm_cxJs6N4AaABAg,@DIONNE621,Drake is done,0,0,2025-01-07T16:28:24Z,2025-01-07T16:28:24Z
UgzFafif72NUjswhAMB4AaABAg,@BlackRazer37,to me drake has already lost the battle kendrick is just a level ahead everytime yes its true that he hasnt been droppin often like drake does but when he does oh man the whole world is awake,0,0,2024-05-05T21:26:59Z,2024-05-05T21:26:59Z
UgxA4QIEOShhUK-Lket4AaABAg,@mikest8758,You cant sleep? Must be j cole,0,0,2024-05-04T21:17:15Z,2024-05-04T21:17:15Z
Ugw8MgJy_htMVaSQA6J4AaABAg,@DStreet515,We already know Drake had a team to make this corny shit so fast. It's not even good,0,0,2024-05-05T02:00:34Z,2024-05-05T02:00:34Z
UgyDEKELATJrciebXKd4AaABAg,@jamalrobinson2159,You soon found out how connected Dot is in LA…,1,0,2025-03-19T12:40:49Z,2025-03-19T12:40:49Z
UgzpzG69pL6Il9QokIp4AaABAg,@sprix3610,"I made it to the end but sorry I can’t subscribe 
I subscribed 2 months ago so I can’t do what you told me to do
Sorry bro",0,0,2024-06-13T22:42:24Z,2024-06-13T22:42:24Z
UgzS_Ho9DOfN14fUf_J4AaABAg,@EpicTalez,I am black and I think Kendrick is fake woke.,1,0,2024-05-05T02:49:17Z,2024-05-05T02:49:17Z
UgyX_3Xbn12GIr-cEQ14AaABAg,@stevedavis7677,Didn’t Kendrick say find your own style your Canada style n stop taking our culture style 😂 while you using the drill style to get at Kendrick,0,0,2024-08-08T00:23:30Z,2024-08-08T00:23:30Z
UgzzaLF3KBlH9d76Wll4AaABAg,@MattRandomnumber,It's not too late to change that title and thumbnail. This track was never brutal it was always trash.,1,0,2024-10-19T08:44:05Z,2024-10-19T08:44:05Z
Ugzwajt0pwzuIN6Rmht4AaABAg,@RayRayRTC,This shit was fire 🔥  meet the graham's was wack as fuck the beat is trash and doesn't compare to this at all,1,0,2024-05-04T22:44:05Z,2024-05-04T22:44:05Z
UgxsIVoddHWamjMsYjZ4AaABAg,@markasof,Drake still lacks the substance that Kendrick brings. Both lyrically and musically. There's no comparison.,2,0,2024-11-18T00:22:00Z,2024-11-18T00:22:00Z
UgyGOAxlnhDmXLCfgXZ4AaABAg,@schwarzi95,Can't really feel any track of drake bc who knows who wrote it for him 😂,0,0,2024-05-05T12:44:31Z,2024-05-05T12:44:31Z
UgysqFYJeCQ2GDLpY5t4AaABAg,@robertkelly3421,This ain’t harder than euphoria,0,0,2024-05-04T23:36:16Z,2024-05-04T23:36:16Z
UgzCe8bZGsuhX7T1qO94AaABAg,@TheBeelzboss,"The second half of this in the beginning was probably the best Drake has ever rapped on a track...

The short jokes are cringe as fuck.",0,0,2024-05-06T00:32:38Z,2024-05-06T00:32:38Z
Ugy5LMV4Xh6B0jkDFSR4AaABAg,@TheGrimShape,"Drake is winning at this point, I understand all these random pop up songs from Kendrick but them shits garbage for real.",1,0,2024-05-05T03:29:46Z,2024-05-05T03:29:46Z
Ugy1XD9PXR-wyG82mt54AaABAg,@Not2Legit,In terms of keeping the light on Drake Kendrick was fucking smart but the false intel brings the hype back down. Slight edge by a hair,0,0,2024-05-04T19:26:59Z,2024-05-04T19:26:59Z
Ugx5pdxHaMISY3P7wsp4AaABAg,@rad-719,Does anyone believe drake actually wrote this?,0,0,2024-05-05T15:30:01Z,2024-05-05T15:30:01Z
UgyaUMyzQTw8nFiqIoV4AaABAg,@theinsaneunknown,"Drake gave zero love to Crooked I , best West Coaster to do it.",0,0,2024-05-04T23:46:52Z,2024-05-04T23:46:52Z
UgzotQkiwHFtiHqz6xJ4AaABAg,@jurassic8597,Kendrick fans would believe the earth is flat if kdot said so,1,0,2024-05-05T00:32:11Z,2024-05-05T00:32:11Z
Ugw1E8_Q2NOsImzNmix4AaABAg,@94nolo,"""fabricate stories on the family front because you heard Mr. Morale"" Kendrick predicted this",1,1,2024-06-11T01:52:49Z,2024-06-11T01:52:49Z
UgwgjQbWKen1BvrUY0Z4AaABAg,@MikeJones-jy7cp,"Kendrick doesn't have to respond anymore!stans and groupies won't understand,but the world knows ke drink left earth on drake every time,but he hit him and warned him baiting him to say candyman,and drake did,thinking the lying club shit would work,and it didn't 

Drake is like danger from get rich or die trying,but his ghost writers and battle rappers from url are more talented writing this hit lies to the club beats!",0,0,2024-05-04T22:46:29Z,2024-05-04T22:46:29Z
UgyRA65VdWh1GUfnpdd4AaABAg,@carsoncline6597,Bro the 92726 pauses are so annoying,0,1,2024-08-12T21:30:53Z,2024-08-12T21:30:53Z
UgyWi-tv3y0-7mNS-BR4AaABAg,@dev-truth,"Family Matters... the verse that references the weekend and rick ross, felt a bit out of place... 🧐 

Why Calculate? your not as calculated😂

Mins later... 

Meet The Grahams",0,0,2026-03-25T20:03:40Z,2026-03-25T20:03:40Z
Ugz5JPWGYQ1kGIQnvVp4AaABAg,@MSWes922,Bobby never gave Whitney drugs or beat her she said it herself dont spread lies,0,1,2024-05-05T17:14:34Z,2024-05-05T17:14:34Z
UgzF8Zepf4AlWbHCu1l4AaABAg,@Namluss420,is this attack of atl gonna upset The other famous rap artists From there??? T.I. Killer Mike Savage Luda Gucci Lil Jon Rittz and many others....,0,0,2024-05-05T02:00:37Z,2024-05-05T02:00:37Z
UgyaF8JdbfJ1aCL5Azt4AaABAg,@YungPapiBr,Not like us hard bt family matters go crazy,1,0,2025-06-29T22:32:58Z,2025-06-29T22:32:58Z
UgyOya7R_4lKSOFe-xR4AaABAg,@myMelodyMelodymy,"So pretty much the only disses drake has is kdot is short, is super smart and some bs about his wife that likely aren't even true. The short jokes are especially dumb. Who tf cares what someone's height is.",2,0,2025-03-30T01:42:12Z,2025-03-30T01:42:12Z
UgyQixHhmm-_eYvcKXl4AaABAg,@Wyatt_o7,"This is cool, I just can't stand how monotone drake is all the time.",0,0,2024-05-30T23:47:05Z,2024-05-30T23:47:05Z
Ugxe7lXgOiKMbciJWMl4AaABAg,@ikbsybau,Naw Kendrick said black women look like men.definitely did.but interpret it however you want of course,0,0,2024-05-04T19:29:53Z,2024-05-04T19:29:53Z
UgxNN3QZ4YEDsKxmCAt4AaABAg,@JimmyJustJoking,Your late😂,0,0,2024-06-02T14:43:05Z,2024-06-02T14:43:05Z
Ugy5tnjL1pQCAE5BcYB4AaABAg,@ibrahimal.bughdadi225,ngl.. i dont really listen to k. or drake.. but this flow is boooring,2,1,2024-06-29T08:17:06Z,2024-06-29T08:17:06Z
UgxCPkzlVrvrXyf6Syl4AaABAg,@garciagarcia3309,DRAKE=don't rap against Kendrick ever,0,0,2024-05-05T04:35:19Z,2024-05-05T04:35:19Z
UgwzIHqWbdWBB73P-EF4AaABAg,@VMCLN,"That's the problem with hip hop today... reactors lmao the young fellas can't think for themselves... they need a guy who makes money just telling them what is the meaning of a song, unfortunately most of these reactors cant even know what is really hip hop",0,0,2024-05-04T20:35:37Z,2024-05-04T20:35:37Z
Ugzh-9KGykhRndItcWF4AaABAg,@brianmonroe94,Man’s talking abt “Hip-Hop” but calls the G-Unit chain “a snake” and then proceeds to break down symbolism that’s invisible and out of context. Pls culture yourself before thinking you are a fan of the music.,0,0,2024-05-05T00:27:12Z,2024-05-05T00:27:12Z
UgxalAF7Bj7Bh1VFevt4AaABAg,@iversa__274,Listening back to this whole beef again I won’t lie Drake smoked Kendrick,0,0,2026-07-15T12:15:46Z,2026-07-15T12:15:46Z
UgzUh8GGqOJKdtpopvZ4AaABAg,@KoolKaliKev,You stop to much,0,0,2025-02-10T18:57:08Z,2025-02-10T18:57:08Z
Ugzo6gF9xF5hL3fvuep4AaABAg,@adinrowson9467,Drake doesn't deserve Pacs ring. It should belong to Pacs family or kendrick if anyone maybe snoop but that's it,0,0,2024-05-06T00:28:29Z,2024-05-06T00:28:29Z
UgyUjqlE8OxlBh_xijd4AaABAg,@Zion-x5w,The flow is copied reheated,0,0,2024-05-04T20:09:37Z,2024-05-04T20:09:37Z
UgwDWTcZmsXkYIA7wXp4AaABAg,@Eleanorisfree,The colorism is not a good rebuttal. It’s not about complexion.  Black people come in many shades. Kendrick is not that shallow.  Drake simple doesn’t relate to black Americans.  He would know not to reference slavery so casually.,0,0,2024-05-05T22:48:58Z,2024-05-05T22:48:58Z
UgzQB_Vo0HQERx5Qck54AaABAg,@all.my.amginary.friendpeop6635,He is not the break down king 😅😅,0,0,2024-05-05T20:06:50Z,2024-05-05T20:06:50Z
UgyJSfMJ66R_cPRBKAF4AaABAg,@shockwavebboy,Who's here after a year? This aged liked milk in Arizona heat on the concrete.,1,1,2026-01-05T05:50:54Z,2026-01-05T05:50:54Z
Ugymal5JJlDvBpZzVB14AaABAg,@52BLUE,"dude...
what the fuck is with the chicken at 29:09?",1,0,2025-02-08T15:54:03Z,2025-02-08T15:54:03Z
UgwraNUMEqQ5DPTfs3R4AaABAg,@B8226,"We all know kendrick the better rapper, better with his word play. This was a reply.... Didn't slap back just replied",1,0,2024-06-23T03:11:07Z,2024-06-23T03:11:07Z
Ugz-m0znAB3lkJd2Kxh4AaABAg,@iamlegend4376,Lmfaoooo u sound like nolifeshaq no sleep and can't let u be a father lol😅😅,0,0,2024-05-04T21:18:42Z,2024-05-04T21:18:42Z
Ugzohfze4tJX5l2PCOB4AaABAg,@pat_n_black7563,"I don’t mind Drake but my problem isn’t the lyrics,  all his songs sound the same to me.  It feels like copy and paste.  Which is weird considering how many different sounds and cultures he’s tried to do.",0,0,2024-05-04T20:24:02Z,2024-05-04T20:24:02Z
UgwQ2HPi94HNds9JTMF4AaABAg,@rlighten,NAH This track was nasty Dawg🔥🔥🔥🔥,0,0,2025-07-14T15:19:11Z,2025-07-14T15:19:11Z
Ugw-tB-7hz_fI308Lfp4AaABAg,@costasgeorgiou5015,drakes  voice can't be as hard in a diss just don't have the voice for it,0,0,2024-05-27T03:19:40Z,2024-05-27T03:19:40Z
Ugysd_AtWhWdnF7wg-V4AaABAg,@Mgidynasty,"Weird for Drake to mention Kendrick being with a mixed queen… but… he’s a mixed queen too?? Drake crushing the van was the worst part of the video, not even drake’s writers “bars” didn’t also that hard. Like man is out here making sorry short jokes 😂😂. Oh sick diss, a short joke. Tell u what, Kendrick is taller than drake’s body guard rn 😂
Ohhh no Rick Ross is out of his city? Who is pretending to be a hard in a whole different country???? Lmao",0,0,2024-05-10T19:10:00Z,2024-05-10T19:15:02Z
UgxyrSpnxYYoz-8Qe9t4AaABAg,@PHUNNYGUY2,Kendrick just dropped… again I think he’s baiting Drake again,0,0,2024-05-04T23:56:47Z,2024-05-04T23:56:47Z
UgwcZEVW4sbQA1aKH0F4AaABAg,@xavier-lopez34,"Drake is not my cup of tea.  He’s not someone I support, he okay n that’s it.",0,0,2024-05-04T21:20:09Z,2024-05-04T21:20:09Z
UgwXx9OjWCJS4tl-g4d4AaABAg,@grimreaper5157,This is a fire disstrack but kendrick is still outplaying him,0,0,2024-05-06T10:43:09Z,2024-05-06T10:43:09Z
Ugy9aKw6IY0RD5PdHdh4AaABAg,@voiceofreason4399,OVO forever,0,0,2024-05-05T00:50:05Z,2024-05-05T00:50:05Z
Ugw5lsu-94ypFW0OiJx4AaABAg,@6mystique12,Drakes flow is like listening h.s. student except for when he's singing.,0,0,2024-05-25T04:11:50Z,2024-05-25T04:11:50Z
UgwiwGJjKPa-h8pIpk14AaABAg,@PhrankJWhite,K dot the definition of try hard sweaty but yet can't drop a good album or hit songs nothing memorable  pfffttt that's yall goat Lames,0,0,2024-05-06T07:14:51Z,2024-05-06T07:14:51Z
Ugx7LPrITkh93R_5SIZ4AaABAg,@lrod8692,Let’s revisit this cease and desist 😂😂😂😂,0,0,2025-04-28T20:55:34Z,2025-04-28T20:55:34Z
Ugy1TVqDm12KdBPY_mJ4AaABAg,@MikeJones-jy7cp,"Let's be honest drake doesn't write his battles!He didn't write back to back

Writers and url battle rappers write.his raps

Kendrick killed him",0,0,2024-05-04T22:48:38Z,2024-05-04T22:48:38Z
UgyXZovV0uU0XS5RpcJ4AaABAg,@DStreet515,Did Drake clap back or did his team clap back. In my opinion Drake is automatically never included. Once proven to use writers you can never prove you don't.,0,0,2024-05-05T01:58:38Z,2024-05-05T01:58:38Z
UgwPNv67heHcG8HSynN4AaABAg,@timeanddrive5811,"34:34 this part is the worst of the whole song - 1. Kendrick’s aunt being trans means nothing at all 2. He still has Pharrell’s auction purchased chains after claiming he melted them down?? 3. Cease and desist is for hoes? Drake literally sued over losing this battle 4. Kendrick’s dad did NOT get robbed by Top, the actually were friendly towards each other - Drake just didn’t even fully listen to the song Duckwrth 🤣 5. Kendrick got 5 Grammys while tap dancing on your grave 6. Kendrick’s kids are NOT light skinned bro have you even seen the pictures on the front cover of Mr. morale??? 😂😂😂 this is ASS",1,2,2025-08-27T09:13:36Z,2025-08-27T09:13:58Z
UgwLEnD-6di9MwUKRCJ4AaABAg,@ren3gadeviews274,This response was weak,0,0,2024-05-05T12:34:37Z,2024-05-05T12:34:37Z
UgxNrn1ACCOsOPmZMNJ4AaABAg,@Bmg9bmg9,"Yeah this does’t make sense. You are not providing an authentic first reaction to this song, THERE IS NO WAY someone can figure out the weeknd is the one Drake is talking about in the beginning of the second verse unless you looked it up. My guess is he listens to the song first, does research on it and prepares a script, then films it. That’s not a bad thing just tell us beforehand.",0,3,2024-05-05T10:11:35Z,2024-05-05T10:12:53Z
UgyQrhgKXfY1Ygw2W4Z4AaABAg,@MitchMeetings,"Beay rap diss in history with worst ending,  well lamest ending. So is it still best beef, i mean so many tracks,  back to backs, releaseing one after another. Then lead to biggest diss song that won 5 grammys. Just because drake showed his true colors doesnt mean wasn't great battle.",0,0,2025-02-05T01:14:10Z,2025-02-05T01:14:10Z
UgxLIj7-qWDdhZ11aCF4AaABAg,@LaKeshaHicks-h5x,Whitney H got Bobby hooked ⁉️⁉️. You will soon see…Drake is a STR8 liar.  Drake is having a flash back of getting his PANDA EYES⁉️⁉️,0,0,2024-10-04T21:03:48Z,2024-10-04T21:03:48Z
UgzL2uYw82M6E6LCeYh4AaABAg,@chandlera326,This track was boring I was trying to feel it but it was hella boring……shit did not let my mind wonder at all,0,0,2024-05-04T19:35:13Z,2024-05-04T19:35:13Z
UgwcmbUvCyKwFtz7Etd4AaABAg,@Braysixx,"Looking back besides all the fake bots and everything, people are going to be way more impressed by Drake going after 20 fuckin top rappers and bodying them all. Fan of drake but Family Matters is just top tier and def won the beef",2,0,2025-10-03T06:31:40Z,2025-10-03T06:32:01Z
UgwMNwTj-H4yqvvdrLh4AaABAg,@thegeneral8133,"Im with Drake on these beefs because he got everyone teaming up on him and he AINT scared. He want all the smoke. The readon why they are all teaming up on Drake is because of Jealousy. That kid ftom Canada Drake on top and they hate it!!! His pockets are deep. He winning  awards, album of the year  and he doing numbers. He killed that album with 21 Savage. He would kill the game if he did an entire album with The Game or Chris Brown.",0,0,2024-05-06T01:05:09Z,2024-05-06T01:05:09Z
UgywTzpociwSrSU2jJZ4AaABAg,@JoannaNFPS,WTF IS THIS??',0,0,2024-05-06T09:09:41Z,2024-05-06T09:09:41Z
UgwrAfknCATygsuI2K54AaABAg,@Wisco_Nick,Drake is reaching…,0,0,2024-05-04T21:46:11Z,2024-05-04T21:46:11Z
UgzdwRrdM5Jld8Toqg14AaABAg,@TxGhost24,If Drake is telling the truth Kendrick is dead...🤷‍♂️,1,0,2024-05-04T23:34:58Z,2024-05-04T23:34:58Z
Ugzho-mHNaK46hmmXlV4AaABAg,@RonnieM90,"I saw this on Genius.

This may also be reference to Kendrick literally hitting his fiancé, Whitney, who Drake refers to as vanilla cream as she is lightskin. Drake explicitly claims that Kendrick hit Whitney later on this track.

Drake also claims that Whitney slept with and had a child with Kendrick’s manager and childhood friend Dave Free later in this song.

Experiencing infidelity can cause tremendous damage to one’s self-esteem. Drake may be claiming that Kendrick hit Whitney in an attempt to bolster his self-esteem and seek vengeance for this supposed betrayal.",0,0,2024-05-04T19:33:05Z,2024-05-04T19:33:05Z
UgydtM7Ifxa1jZLU7-l4AaABAg,@kennzahkennzah5482,Lame indeed,0,0,2024-05-05T03:50:26Z,2024-05-05T03:50:26Z
Ugwbp1DumGMPnUe8G6J4AaABAg,@ivancrespo5300,Snake emblem? That’s the g-unit chain… trash breakdown,0,0,2024-05-12T12:52:52Z,2024-05-12T12:52:52Z
UgytE7T9d4uIbGqokSF4AaABAg,@jmarie3041,"Come on Knox, he’s so corny",0,0,2025-12-01T06:57:04Z,2025-12-01T06:57:04Z
UgyGCIKZmXuxxfgyE1d4AaABAg,@hellbend23,"I like ur breakdowns but you are totally missing the point on the lightskin/biracial issue. It has less to do with Drake's skin color and more to do with his consciousness. A great example is that ""Tryna free THE slaves"" line.  We get what Drake is saying but he delivers it like a person from OUTSIDE the culture, its small nuances like that that American Blacks pick up on.",0,0,2024-05-05T00:54:05Z,2024-05-05T00:54:05Z
Ugy-9Mhb7gMm2NYR7fh4AaABAg,@reborn500,honestly......drake should quit.....,0,0,2024-05-05T14:50:40Z,2024-05-05T14:50:40Z
Ugwmbx75fccHJX0rwzl4AaABAg,@GLBizzie,50 cent shooting against Diddy for being a diddler but siding with Drake over Kendrick. F 50 lol,1,0,2024-06-04T12:32:31Z,2024-06-04T12:32:31Z
UgxO6vxy23l_yokdXZ94AaABAg,@matthewgoetter3127,"Drakes song is so disrespectful, to women, to blacks, to Kendrick, 
I’m glad kung fu Kenny put him in his place",1,0,2025-03-10T18:58:24Z,2025-03-10T18:58:24Z
UgxZFzIydcNTqUmwiYV4AaABAg,@kennzahkennzah5482,"This is not worth breaking down, lame 

My response diss track would be title ""Wack wack wack, wack wack wack""",0,1,2024-05-05T03:52:50Z,2024-05-05T03:52:50Z
Ugzfg86O9LNtcaVieVh4AaABAg,@RYOkEkEN,when is drake gonna come out of the closet?,1,0,2025-09-07T18:14:38Z,2025-09-07T18:14:38Z
UgyLtzKGlVJt8MxKYwx4AaABAg,@JoannaNFPS,THIS WAS SO PETTY AND WEAK,0,0,2024-05-06T09:25:33Z,2024-05-06T09:25:33Z
UgxG_aOWoysTpKcjZcd4AaABAg,@TechOutAdam,I think it was weak af for Kendrick to pull out the race card with Drake because Kendrick is subtly leaning into that Lord Jamar bs with Eminem. And then the “I got a son to raise” is your duty as a man. It’s weird to put that in a diss like you’re doing something special. Shouldn’t you be a good father? I get the reference but still this can turn on Kendrick really badly. Well see.,0,0,2024-05-05T00:45:30Z,2024-05-05T00:45:30Z
UgzXMPWlWvFrlElyKUp4AaABAg,@itsmeturo8746,trying to keep it pg.  k dot label.,0,0,2024-05-05T09:56:10Z,2024-05-05T09:56:10Z
Ugz-Y3rQeSPa15urCKF4AaABAg,@jamevolve8380,"The song is cool, the diss is trash",0,1,2024-05-05T05:10:49Z,2024-05-05T05:10:49Z
UgwVTxB5XYnDv_Ttu7N4AaABAg,@gd6210,"this song is the epitome of ""aged like milk"".",1,1,2025-10-22T18:52:05Z,2025-10-22T18:52:05Z
UgwLmRrYZMyIDZCBV7B4AaABAg,@Doxiemama16,Drake always using auto-tune is so annoying.,1,1,2025-03-21T21:09:32Z,2025-03-21T21:09:32Z
Ugx3BMfdN9hpa7Kofrl4AaABAg,@KandreaHopson,It was the actual van Drake was disrespectful 🤣 Drake won Kendrick had a bop that’s it he will never top it either Drake a Goat,2,1,2024-10-22T23:48:08Z,2024-10-22T23:48:08Z
Ugy824VUv4GHjQ7OqWp4AaABAg,@kayliemccarter-fg,"One reason i dont listen to drake much is he likes to stick to one rhyme for too long and very monotone at times. The me ,queen,cream, dave free, etc. Dude literally talking bout theres only big D and theres video proof. Then followed it up with talking bout kids going to the park. Thats just weird. 37 yo dude leaking a video of himself. Thats cringeworthy. Especiwlly when u keep teenage girl friends. Not a good way to move. Especially when u almost 40.",1,2,2024-05-15T11:40:09Z,2024-05-15T11:40:09Z
Ugwa4ieK0cICkHppQzJ4AaABAg,@0Heeroyuy01,iv seen better rapping from youtubers compared to drake.,0,0,2024-05-04T19:46:46Z,2024-05-04T19:46:46Z
Ugx2WCCOivcdNETwi-h4AaABAg,@MrTrueCaller619,"These Kendrick riders are pathetic, don't be annoyingly bias like kids arguing over candies, even if he is winning don't act like it's not even close .",0,0,2024-05-04T20:20:00Z,2024-05-04T20:20:00Z
UgyrD9WXmkYvv46eGiN4AaABAg,@Wdyrockstar,lol bruh had literally nothing to say at Kendrick so he gonna go after everybody else,1,0,2025-09-17T03:02:03Z,2025-09-17T03:02:03Z
Ugy0vqOLAwOm-lUO8pZ4AaABAg,@poeticcolors,"im not gonna lie this is the first time ive skipped your video....drake lost 3-0 man.,.. questionable lines..light bars...Drake has a battle rap entourage and he disappointed url tv",0,0,2024-05-05T06:02:42Z,2024-05-05T06:02:42Z
UgySZgVRcC4j7UKQczR4AaABAg,@This_Guy-,This drake track is the weakest,0,0,2024-05-05T04:18:07Z,2024-05-05T04:18:07Z
Ugxe03kzTdr6p3-BB854AaABAg,@ProblemsNeverEnd,"Drake just proved Kendrick's point with his lines about ""slaves freed"" and ""actin' like an activist.""

Kendrick has, is, will continue to make rap music about the social injustices inflicted on Black people in America. The word ""slave"" may not be used in modern day but the mentality, the oppression IS in still very much alive in America. So in Euphoria, Kendrick is telling him he's imitating American heritage, he's not creative, doesn't have originality, and can't acknowledge the social injustice around the world.

Kendrick smacked Drake upside the head in ""Not Like Us"" with the line that Drake is not a colleague but a colonizer.

So if Drake can only comment about Kendrick's height and girlfriend/fiance/BM. Like that's low hanging fruit. No originality and nothing creative. Since he can't replicate Kendrick's skill level, he'll try to take it and try to put a twist on it and claim it as his own... kind of like what the colonists did to the indigenous and enslaved people in North America in the 1700s/1800s.

Drake may have made more money, but Kendrick has something money can't buy and it's that natural born talent that, in rap, Kendrick wins.

If this is a diss track from Drake towards Kendrick, why is Drake bringing in SO many other artists?

This has been a very interesting weekend, historical making days for rap music.",0,1,2024-05-07T00:42:31Z,2024-05-07T00:42:31Z
Ugwpq0HFbXaMrkAXICN4AaABAg,@Laytonp,Ur a Drake hater,0,0,2024-08-22T16:10:02Z,2024-08-22T16:10:02Z
UgzwcHKg2_iXmTEpsUB4AaABAg,@wingwang99,sorry but this song is ass… and he went at kendrick for one verse lmao,0,1,2024-05-05T04:37:06Z,2024-05-05T04:37:06Z
