comment_id,author,text,like_count,reply_count,published_at,updated_at
UgxWPvDxELlM7JmA9l94AaABAg,@KnoxHill,What else should we react to? 🤔 Comment below!! Also if you like the hat that I'm wearing grab your limited edition now 🤟https://www.knoxhillmusic.com/shop/chaos-kh-flex-fit-hat,220,65,2024-04-14T17:34:38Z,2024-04-14T17:34:38Z
Ugy4-3r7qX7JTbtII454AaABAg,@orionh5535,The real winners of all these disses are all the breakdown youtubers,4195,57,2024-04-14T17:50:16Z,2024-04-14T17:50:16Z
Ugy9WPHvzi8w1AtF1QN4AaABAg,@Outtathewoods1,This is not a reaction channel. This is a break down channel. My man levels above these reactors.,1590,22,2024-04-14T19:21:42Z,2024-04-14T19:21:42Z
Ugx7T4CuM8KzX8b9e2V4AaABAg,@MrThankman360,11:47 Don’t forget Michael Jackson’s oldest son is literally named “Prince”. That’s a tough bar.,2111,55,2024-04-14T17:52:00Z,2024-04-14T17:53:22Z
UgzEwPmdGmaSmzMqw8Z4AaABAg,@chaitanyakhot3842,"""Drake, they’re gonna turn on you one day too
And the more you win, the sooner they do""
- Eminem, Zeus
Bruh Em literally saw this coming!",1196,32,2024-04-14T20:58:32Z,2024-04-14T20:58:32Z
Ugw-NseuMnyBBtK6abJ4AaABAg,@fujibosco,The genius of Drake's response is he responds to everyone equally meaning he regard Kendrick as just another guy which is a layered disrespect.,462,19,2024-04-15T16:31:36Z,2024-04-15T16:31:36Z
UgyGAJb95U7Z0Evgqyh4AaABAg,@isssavibe,J Cole gonna drop a song called “Can we all just work this out?”,1998,51,2024-04-14T17:38:48Z,2024-04-14T17:38:48Z
Ugz-oTqnhTU8EmqjplN4AaABAg,@mariocontreras3543,“Drizzy Chip ‘n’ Dale” is crazy cause Chip & Dale were known for constantly outsmarting PLUTO in the TV show,170,6,2024-04-16T04:43:46Z,2024-04-16T05:04:50Z
UgwdKBVpICwEq0l7ThF4AaABAg,@mvc2177,"NoLifeShaq: best funny reactions
Knox: Breakdown king 👑 
Stevie: bias glizzy king",1653,156,2024-04-14T18:08:38Z,2024-04-14T18:08:38Z
UgxFSMKAP0rvWHTPYWB4AaABAg,@PapaSeniorrr,"Even if you don't vibe with Drake, you can't deny this is a banger diss track 😂",355,16,2024-04-16T08:04:09Z,2024-04-16T08:04:09Z
Ugxx7vkc6xOGLJxnMDF4AaABAg,@gchilly358,"""I be with some bodyguards like Whitney"" is the coldest bar in the song.

It's a triple. Kendrick obviously has bodyguards for his family. Whitney Houston starred in the movie ""The Bodyguard"". Kendrick's wife's name is also Whitney and she allegedly cheated on him with his own bodyguard.",225,11,2024-04-16T00:16:40Z,2024-04-16T00:16:40Z
UgzbmtineZy7jW9hy594AaABAg,@gatumiano,"FINALLY....even if ive watched other reactions already, this is the final and best one ...b4 I even click",763,28,2024-04-14T17:35:08Z,2024-04-14T17:35:08Z
UgzHUhyLlVbzhnIbW194AaABAg,@Jay-eg9mv,Never ever i imagined Drake would go harder than Cole,277,16,2024-04-14T18:41:31Z,2024-04-14T18:41:31Z
Ugz4225SsqPlQ9_ra5l4AaABAg,@nuncio21,"“Heavy is the head who wears the crown.”

Drizzy sticking his chest out to all challengers… by himself. RESPECT",137,0,2024-04-14T18:48:43Z,2024-04-14T18:48:43Z
UgyHK7K_r9cTUHQ4SyZ4AaABAg,@nalabatch,Toronto is also called ''The 6ix'' for the peoples who didnt know,23,0,2024-04-16T05:34:25Z,2024-04-16T05:34:25Z
UgzCWprfR68TF9MJCBB4AaABAg,@sabe3415,how does he catch all this without even looking at Genius,69,5,2024-04-15T01:50:31Z,2024-04-15T01:50:31Z
UgxHXrbSu-Fa3MbYTg94AaABAg,@onnovkerkhof,"I’m European and English my 2nd language. If I really want to understand a rap song, and in this case a whole battle, I always go to you Knox. Thanks again for this reaction.",629,12,2024-04-14T17:47:43Z,2024-04-14T17:47:43Z
UgwO2uaxnf5LJnFiZyl4AaABAg,@Chance_Reznor,Respect to Drake for actually naming people. All these subliminals feels weird whenever you’re acting tough and you won’t even say the other dudes name,363,16,2024-04-14T17:57:30Z,2024-04-14T17:57:30Z
Ugxc38fvPK2HSlHj6vN4AaABAg,@Eduardedb,"20:14 The bar ""Drizzy Chip 'n' Dale"" references the cartoon Chip 'n' Dale, who are two chipmunks that fight with the character Pluto and usually beat him... obviously we all know Future calls himself 'Pluto'.",32,1,2024-04-15T00:51:15Z,2024-04-15T00:51:15Z
UgxUOxgQEd56W7Geh2J4AaABAg,@victorthequick,The fact that he was all about the smoke and responded is enough for me to give him mad credit. Now let’s see what the retaliation is. Such a great moment to be a hip-hop rap,133,1,2024-04-14T23:11:26Z,2024-04-14T23:11:26Z
UgwCKNoSEcSio8UVe5J4AaABAg,@izzynycemusic,You broke these bars down better than anyone thus far. You earned a sub from me gang,13,0,2024-04-16T23:44:00Z,2024-04-16T23:44:00Z
Ugwu8LATMOnLoC9keQB4AaABAg,@CaZuaLDeMoN,Wonder how Eminem is reacting to all of these Drake disses since he respects basically everyone on both sides.,79,3,2024-04-14T23:24:06Z,2024-04-14T23:24:06Z
Ugx7ZSLgXQK3Z4VEURh4AaABAg,@qachampion4572,Drop and give me 50 is something drill instructors say to new recruits.  It's also called getting smoked! 😂 He bodied them in this one! 💯,49,1,2024-04-17T01:15:03Z,2024-04-17T01:15:03Z
UgxG56HrrqKhXOB0Eht4AaABAg,@mercisadiki,"Fuck, I can finally stop refreshing my YouTube to see if Knox dropped the reaction💪🏾",213,9,2024-04-14T17:44:42Z,2024-04-14T17:44:42Z
UgxgHdphy7XVEDhuYhh4AaABAg,@DavidKrappenshidtz,"“You not f*ckin’ creepin up”

Metro and The Weeknd had that hit song “Creepin” last year too. This song is riddled with subs",8,0,2024-04-15T05:13:58Z,2024-04-15T05:13:58Z
Ugx-Msje7X-fO75ZdSZ4AaABAg,@williegreen5543,Michael Jackson's son is named prince so that bar goes even deeper because michael was sonning prince by naming his own child after him during there beef making this line the PERFECT way to rebuttal kendrick,112,0,2024-04-14T20:29:21Z,2024-04-14T20:29:21Z
UgzbEb7F-ktxHncWt1B4AaABAg,@mvc2177,"This is why I subscribed to you Knox. No bias, no 10+ rant video about why this diss is trash without breakdowns, and no glazing. Simply doing what a breakdown channel should be doing. Respect Knox 💪",387,10,2024-04-14T18:19:33Z,2024-04-14T18:19:33Z
Ugynoslv4JK2u_ESiqp4AaABAg,@Funk_1991,"Prince is the name of Michael Jackson's son, Michael Jackson is called the King of Pop, another layer to 'whats a prince to a king? he a son' line.",228,12,2024-04-14T18:21:02Z,2024-04-14T18:22:41Z
UgyTpXnPLdL9ouWv8nN4AaABAg,@maxrabensteiner5936,For me personally that as been the best rap performance of Drake for a while now,37,0,2024-04-14T18:50:43Z,2024-04-14T18:50:43Z
UgzoUuQ4HGQ95XHDbeF4AaABAg,@robertmatthews9650,I just noticed that’s Biggies “What’s Beef?” tune in the background. 10:19,1,0,2026-07-28T18:59:09Z,2026-07-28T18:59:28Z
UgzGA8ptSRWr0LIrYVN4AaABAg,@JJFM1982,😂 That line telling metro to shut his ass up and make some drums had me straight rollllllllllin'! 🤣🤣🤣,16,1,2024-04-20T02:40:22Z,2024-04-20T02:40:22Z
Ugy-mF75aBae1MqZUMF4AaABAg,@YoungElGuappo,“Cornball your show money merch money fee to us” his bag different,95,2,2024-04-14T18:34:10Z,2024-04-14T18:34:10Z
UgyFSVUqoTi_pVZ9NsZ4AaABAg,@LAWST1,It’s hard not to be rooting for drake cuz he got jumped on that album and still responded you gotta respect that,260,20,2024-04-14T17:37:12Z,2024-04-14T17:37:12Z
Ugxf15gOJh0faKLi8Wl4AaABAg,@KDeShawn,Nobody is fully catching “the way you doing splits yo pants might rip” Kendrick likens himself to Prince as Drake does with MJ. Prince was notorious for hitting splits during performances. Of course your pants can rip like that but the Prince cut out pants in the back pockets also comes to mind.,78,0,2024-04-14T18:52:23Z,2024-04-14T18:52:23Z
UgwhYM_SRXUbuesheYB4AaABAg,@TDOT_Kyri,That one bar about the bodyguard and Whitney was tough.... Rumor was Kendricks's wife Whitney got slid on by a bodyguard so throwing that in but as the movie reference was smooth.,7,0,2024-04-15T13:09:11Z,2024-04-15T13:09:11Z
Ugxnle8QJURXGAwWph94AaABAg,@GoatSince1997,Some ppl said this was weak. This was f*ckijg hard as a respond. Come back King Kenny!!!,7,0,2024-04-18T14:23:07Z,2024-04-18T14:23:07Z
UgwITTore3CMjrAaTvt4AaABAg,@Ciervo78,Triple entendre withe the Prince line because Michael Jackson also has a son named a Prince!😮,29,0,2024-04-14T19:07:30Z,2024-04-14T19:07:30Z
UgwiENUxP3YCt6usDiJ4AaABAg,@charlieeggy9004,"I'm not that big of a drake fan but i have to say: Drake cooked. I don't give af what anybody says. Drake. COOKED.!
He thanosed on everybody. 
KDot has to come back HARD on this one.
God, what a great time to be alive. 
It's a fiiine tiiiime for hip hop! 🔥🔥🔥

Great breakdown as always, Knox 🙏 you're the goat 🤜🤛 keep creating greatness, brother!",45,0,2024-04-14T18:49:31Z,2024-04-14T18:49:31Z
Ugyk3Vw76LT95DhHLUh4AaABAg,@gozi31399,the prince line is also a reference to michaels son 'Prince' Jackson,19,0,2024-04-14T18:27:11Z,2024-04-14T18:27:11Z
UgzNbXqkT6ek3_JJ6_94AaABAg,@TheQuestionsssssssss,8:09 I’m tripping or the beat on this part sounds like the intro to the Goosebumps show 😂😂😂,4,0,2025-06-17T17:57:01Z,2025-06-17T17:57:01Z
UgzAW8pirNr2ncEwOU14AaABAg,@Eddierath,No one has mentioned where the strings in this beat are from. He really saying Godfather.. Every thing about this diss track is COLD ASF.,5,0,2024-04-16T15:44:03Z,2024-04-16T15:44:03Z
UgxU1Hv2uxxX8WA_Hq14AaABAg,@ProFudgey,"Omg Eminem did call it, he said they gon turn on you too in his Zeus song😮",29,2,2024-04-14T18:19:54Z,2024-04-14T18:19:54Z
UgzWBx3_U7KS10HN-M14AaABAg,@hassansabri6637,Kendrick said he had to do 3 beat switches so he did,10,0,2024-04-14T18:51:37Z,2024-04-14T18:51:37Z
UgwlQoLNsI1mmMLRBtR4AaABAg,@BD_Smiley,Nah your song on the opening is a BANGER! Definitely checking it out after this,236,5,2024-04-14T17:33:20Z,2024-04-14T17:33:20Z
Ugw8-4pRIXcngweDxUZ4AaABAg,@guy_viewer2,"I can’t be the only guy who caught the “you not fuckin creepin up” line could also refer to Creepin by Metro Boomin, The Weeknd and 21 Savage?",5,0,2024-04-14T20:31:54Z,2024-04-14T20:31:54Z
UgzPkfB_OvpwUPLTEx54AaABAg,@Shadow_Blazer,Eminem knew what was coming for Drake even Jay-Z made this prediction on light up with the Barzini meeting line,1,0,2026-06-09T16:31:40Z,2026-06-09T16:32:46Z
UgxIMUVC-9ETM7zAqY14AaABAg,@emmittbishop4783,Drake did his thing. I don't like him but I stand on business so I can't take that from him. He went in.,6,0,2024-04-25T04:09:19Z,2024-04-25T04:09:19Z
Ugw-rgM26FAJiw5aeoN4AaABAg,@jackiechan5081,19:28 i think it’s a double shot at Abel and future. Both have a song called Wicked. And he went at Cash XO lol,3,0,2025-07-31T13:57:05Z,2025-07-31T13:57:05Z
UgxRvJdRGLLLeSjClYl4AaABAg,@monteellis4436,"Kiss and Tell also a Future diss, because Ciara, Future's baby mama has a song called ""Kiss and Tell""",23,0,2024-04-14T20:53:58Z,2024-04-14T20:53:58Z
UgwEL3WAGmo2hmxyGt14AaABAg,@teepssenju3411,Drake in battle mode is a beast,4,0,2024-04-14T23:05:27Z,2024-04-14T23:05:27Z
UgwN_biqDRGf3AoalAd4AaABAg,@dannylipscomb7838,Chip & Dale always out smart Pluto. Rescue Rangers bars.,4,0,2024-04-16T10:14:40Z,2024-04-16T10:14:40Z
Ugz2TlwGgKG3ieORLdZ4AaABAg,@datboiwildin,the kiss and tell line was also implying Future’s ex BM Ciara who made a song called “Kiss and Tell” so it was actually a Future Diss!,8,0,2024-04-17T16:06:06Z,2024-04-17T16:06:06Z
UgzOEVqMWcKjvZXo1ut4AaABAg,@Randomness87,I haven't even watched yet but I want to say THANK YOU!!! NOBODY better than Knox with the reaction,73,0,2024-04-14T17:52:07Z,2024-04-14T17:52:07Z
UgztJBwo9-a2s8sHwrp4AaABAg,@actavisprime514,"I’ve been incredibly out of the loop of Hip Hop for awhile so a lot of these bars went over my head. You broke it down better than anybody on this platform bro. Thank you, you’re doing great work here on this platform.",27,0,2024-04-15T04:44:53Z,2024-04-15T04:44:53Z
UgzjArI1mTMUV4M48Bx4AaABAg,@nurrei14,"Drake out there collecting everybody girl like Thanos with Infinity stones, to get some info to stand on.😂😂",3,0,2024-04-17T16:52:59Z,2024-04-17T16:52:59Z
Ugy82rqeZ85SYDF5gVJ4AaABAg,@tinydarkjewel,"Metro was boomed off to make some drums. So he did. 😂😂😂 I loved that he did that, the humour!😂",3,0,2024-09-12T19:18:44Z,2024-09-12T19:18:44Z
UgyD64hv4eGOxxG7bN14AaABAg,@Blade12323,"I've watched a bunchh of these reaction videos and this is easily the best breakdown out of all of them , by farrrrr",10,0,2024-04-15T17:03:58Z,2024-04-15T17:03:58Z
Ugy5ObsvnSgP7UV-hFJ4AaABAg,@flocabularris3609,Thanks for being a real reactor with no bias! Hate one sided reactors during diss tracks. Ross reaction next?,36,2,2024-04-14T18:02:22Z,2024-04-14T18:02:22Z
Ugy7pX1XDWSKlhv72UZ4AaABAg,@NoAppellation,Oh my what I’ve been waiting for. Knox,164,2,2024-04-14T17:30:35Z,2024-04-14T17:30:35Z
UgyMr5cr9XgBjjAukmp4AaABAg,@dfwherbie8814,Best break down lyricist on YouTube. It’s impressive bro,3,0,2024-04-15T13:25:35Z,2024-04-15T13:25:35Z
UgxjVlGfRuxDxDTAjEx4AaABAg,@calvinmccullough9499,"""Im at top of the mountain so you tight now"" hard to breathe (tight chest) from the Drake elevation....and ""just to have this talk with yo a×× i had to hike down""😂",2,0,2024-04-16T20:02:52Z,2024-04-16T20:02:52Z
UgyKZJg7RL7MFnOiKqx4AaABAg,@matthewfowler95,Im pretty sure that piano sample in the beat is from the movie World War Z. It sounds just like it and would make sense with the whole theme. Shits hard,48,0,2024-04-14T17:53:04Z,2024-04-14T17:53:04Z
UgzsDttmRwkfgCdV3ud4AaABAg,@Culperistic,Much respect for Drake he came out swinging.,12,0,2024-04-14T18:59:39Z,2024-04-14T18:59:39Z
UgxRhHec_RRk8Zk-QTt4AaABAg,@strapzz_1591,This legit the best breakdown I’ve seen of this. I’ve been lurking the internet for every breakdown and this literally clears!,27,1,2024-04-14T20:59:14Z,2024-04-14T20:59:14Z
Ugwxb2mZNcnGpDbQdq14AaABAg,@sirashley2355,"11:50 drake told the producer ""aye, drop the instrumental, i gotta tell this drumkit guy to shut up and get back to work""

i want that jd animation guy to do a video of drake rapping at all of them but with his back turned to metro and right when he says that line drake turns and backhand slaps metro then goes back to rapping on the other guys like he's not even there again.",2,0,2024-04-14T20:37:08Z,2024-04-14T20:39:37Z
Ugxy3FM3i2Dk7DYBb4h4AaABAg,@Kevinbrvo,Knox was the most educated reactor on this diss track out of all the YouTube reactors.,2,0,2024-04-16T04:21:46Z,2024-04-16T04:21:46Z
UgxbJLPFG69ykH64aa94AaABAg,@SterlingSanders,Finally someone that is actually catching most of the bars.,3,0,2024-04-15T00:26:41Z,2024-04-15T00:26:41Z
UgzQL-IHRtSiH5dHA9d4AaABAg,@CertifiedSampleFairy,"Hi Knox, thank you again for your unbiased reaction to breaking down the song and explaining the lyrics. Since it's been a while since the video was posted, I wanted to catch you up on what's happened before sharing the clean version of the lyrics I created. First, Drake has finally made this song available on streaming services like Spotify, with cover art showing a label for a shoe with a seven. However, this might not be Kendrick's shoe size. A sneaker boutique called RIF LA tweeted that Kendrick's shoe size is 8.5 and that they gave him many free shoes. They even said that one time, he squeezed into a size 9.5! So, if this is true, and Drake is being dramatic, it shows that in battle rap, you can say anything to make your opponent mad at you. Anyway, here are the lyrics to 'Pushups,' cleaned up by me: 
[Intro]
(Whoo Kid)
Ayy

[Verse 1]
I could never be nobody number-one fan
Your first number one, I had to put it in your hand
You fools can't get booked outside America for nan'
I'm out in Tokyo because I'm big in Japan
I'm the hit maker y'all depend on
Backstage, in my city, it was friend zone
You won't ever take no chain off of us
How the heck  you big steppin' with a size seven men's on?
This the bark with the bite, sucka, what's up?
I know my picture on the wall when y'all cook up
Extortion baby, whole career you been shook up
'Cause Top told you drop and give me fifty like some push-ups, huh
Your last one bricked, you really not on it
They make excuses for you 'cause they hate to see me lit
Pull your contract 'cause we gotta see the split
The way you doin' splits, boy your pants might rip
You better do that dumb show inside the bity
Maroon 5 need a verse, you better make it witty
Then we need a verse for the Swifties
Top say drop, you better drop and give 'em fifty
Pipsqueak, pipe down
You ain't in no big three, SZA got you wiped down
Travis got you wiped down, Savage got you wiped down
Like your label, boy, you in the scope right now
And you gon' feel the aftermath of what I write down
I'm at the top of the mountain, so you tight now
Just to have this talk with you boi  I had to hike down
Big difference between Mike then and Mike now
What the heck is this, a 20-v-1 sucka?
What's a prince to a king? He a son, sucka 
Get more love in the city that you from, sucka 
Metro, shut your mouth  up and make some drums, sucka 
Yeah, I'm the 6ix god, I'm the frontrunner
Y'all  sucka  manager was Chubbs lil' blunt runner
Claim the 6ix, and you boys ain't even come from it
And when you boys got rich, you had to run from it
Cash blowin' Abel bread, out here trickin' (Out here trickin')
thing  we do for girls he doin' for suclas (What the? )
Jets, whips, chains, wicked, wicked, wicked (Wicked, wicked)
Spend it like you tryna smash  boy, you trippin', boy, you trippin'
Drizzy Chip 'n Dale, probably got your girl Chanel
I just got 'em done, boy, don't make me have to chip a nail
Rolling Loud stage, y'all were turnt, that was slick as hell
it'll probably change if your BM start to kiss and tell
Hugs and kisses, man, don't tell me 'bout no switches
I'll be rockin' every body  chain I own next visit, ayy
I be with some bodyguards like Whitney
Top say drop, your little midget-ass better  messin 
[Chorus]
Ayy, better drop and give me fifty, ayy
Drop and give me fifty, drop and give me fifty, ayy
Suckas  really got me out here talkin' like I'm 50, ayy
Suckas really got me out here rappin' what I'm livin'

[Verse 2]
I might take your latest girl and cuff her like I'm Ricky
Can't believe he jumpin' in, this sucka  turnin' fifty
Every song that made it on the chart, he got from Drizzy
Spend that lil' check you got and stay up out my business
igga shoutout to the hooper that be bustin' out the griddy
We know why you mad,igga  I ain't even trippin'
All that lil' heartbroken Twitter thing for it
I ain't even rappin' after this, I'm way too busy
This for all the top dogs, drop and give me fifty, drop, drop
And that dumb song y’all got did not start the beef with us
This  just been brewin' in a pot, now I'm heatin' up
I don't care what Cole think, that Dot thing was weak 
Champagne trippin', he is not even easin' up
Iggas calling Top to see if Top wanna piece it up
""Top, wanna piece it up? Top, wanna piece it up?""
Nah, bro , now you on your own when you speakin' up
You done rolled deep to this, it's not messing  deep enough
Beggin' Kai Cenat, boy, you not even  beatin' us
Numbers-wise, I'm out of here, you not even creepin' up
Money-wise, I'm out of here, you not even sneakin' up
Cornball, your show money merch money fee to us
I'ma let you  suckas work it out because I seen enough
This ain't even everything I know, don't wake the demon up
This ain't even everything I know, don't wake the demon up
Drop and give me fifty, all you dumb suckas teamin’ up

[Interlude: DJ Akademiks]
What top five you smokin' on, Kendrick?

[Outro]
Hm, hm, yeah
Drop, drop, drop, drop
Drop a fifty bag for the mob in the spot
Drop a fifty bag, twenty-nine for the thot
Uh, I was really, really tryna keep it PG



[Verse]
What? What?
Teamin' up with all of y'all, fallin' like some dominoes
Bros turnin’ hates , dog, like I ain't got enough of those
I can't wait to see how far you suckas  get to reachin' now
This the closest thing you  suckas gettin' to a feature now
Backpedal gang 'cause a few of y'all been reachin' out
Y'all drew the line, what the heck  we gotta speak about?
Get your head tapped, you  suckas get to peekin' out
You had a song for four years, drop that and shut your mouth

[Outro]
Shut your mouth, sucka
It's me twice in my Big Three, I had to leave you out
You real dumb sucka",4,0,2024-04-27T02:21:01Z,2024-04-27T02:21:01Z
UgwCxb944djGOBRuSS54AaABAg,@LususxNaturae,"""Jets, Whips, Chains. Wicked Wicked Wicked"" - Cash bought Future an XO chain. Also, reference to Wicked Games by The Weeknd.",3,1,2024-04-17T04:19:33Z,2024-04-17T04:19:33Z
Ugyxr9w29enjbAchEdB4AaABAg,@tackyzack8693,"Your pants might rip, references to KDots workout video 😅😅",4,0,2024-04-15T12:30:30Z,2024-04-15T12:30:30Z
Ugy1pVyyEW3JM8aGBT54AaABAg,@Ablair1000,"After the Rick Ross' response, I realised Drake is in a difficult situation 😅.

The Weeknd, Kendrick Lamar, ASAP Rocky (Rihanna by default), Future, Metro, and those are just the ones we know of.

Maybe it is jealousy, or maybe there is something going on behind the scenes that we do not know, but having this many people flip out on him at the same time is insane.",178,63,2024-04-14T17:41:39Z,2024-04-14T17:56:03Z
UgyfY68M_gIaPsusOnF4AaABAg,@Alex-nv1ep,Bro is actually insane at breaking down lyrics like it’s borderline genius 🤣,4,0,2024-04-14T19:35:03Z,2024-04-14T19:35:03Z
Ugw1QMNXGqGlkK3m_lR4AaABAg,@MrAntoineglenn,"I had to spend the block on this video, after hearing Kendrick’s response. This breakdown is top tier!!!",3,0,2024-05-01T03:37:00Z,2024-05-01T03:37:00Z
UgwgFTKHqN-8etyFIlF4AaABAg,@beautyistifanus8794,Michael is the king of pop and his son name is Prince 😊 DRAKE WENT CRAZY ❤️‍🔥 😂,2,0,2024-04-16T23:27:55Z,2024-04-16T23:36:09Z
UgzhC3y3Bk_-w-rmV8t4AaABAg,@madelinegreen8932,The Japan line is a more layered diss. Tokyo was Future’s assistant who Drake is rumoured to have hooked up with 🇯🇵,2,0,2024-05-31T19:12:45Z,2024-05-31T19:12:45Z
UgwArFGNOeOrBNBPX0F4AaABAg,@Hector-jq5bz,Never really been a Drake fan but boy o boy... Drake is on 🔥 with this shit 🔥🔥🔥 can't wait for the Kendrick response 👀🔥,4,0,2024-04-14T20:13:15Z,2024-04-14T20:13:15Z
Ugy10Svqd1ZsT33cA3N4AaABAg,@jayc5756,"That Mike & Prince line is a triple cause it has another meaning too. MJ son name Prince. That and the Whitney bar goes over a lot of people's heads...but im sure Drake wrote it like that knowing this...knowing that its for who its for, that they will get it.",9,1,2024-04-14T21:04:54Z,2024-04-14T21:04:54Z
UgyecPfiMrcdba8qfeJ4AaABAg,@thehorrorfamilyllc,This ain’t drake this Drizzy 🔥,3,0,2024-04-14T21:50:47Z,2024-04-14T21:50:47Z
Ugx5aCDGNxEB7tOynQd4AaABAg,@yohanlove11,Thank you for actually understanding this diss record better than anyone.,2,0,2024-04-16T03:16:00Z,2024-04-16T03:16:00Z
Ugz9OGlEDEmPO5AeUQ54AaABAg,@avinav007,Still rocking this. What a song 🔥🔥,2,0,2024-09-17T19:07:30Z,2024-09-17T19:07:30Z
UgwVJLiYWXlP-SX-b-94AaABAg,@rusaldlaloshi1768,"I've seen a few, and this was the best breakdown yet. Great catches. 👍",13,0,2024-04-15T00:18:26Z,2024-04-15T00:18:26Z
UgwbZ5_fp0i2jjPt_-h4AaABAg,@JT_ALFORD10,"Bro, you deserve an award for this breakdown! Fire 🔥 content",11,0,2024-04-14T18:30:54Z,2024-04-14T18:30:54Z
UgxvnmGtbHj4qK0i-CZ4AaABAg,@I3atosai,Metro boomin bout to start rapping 😂,10,1,2024-04-15T05:38:53Z,2024-04-15T05:38:53Z
UgxnDMnHoYkCYJL4_594AaABAg,@simonscherer2821,The metro diss aged sooo well😂,2,0,2024-12-26T02:35:23Z,2024-12-26T02:35:57Z
UgxC1d6ySz5rHA8Bb2Z4AaABAg,@nikkib.6005,"“Hey, pot, I’m kettle. How are you?” Brilliant!!! 😂",2,0,2024-04-17T05:20:40Z,2024-04-17T05:20:40Z
UgzXqNVvsyh4r-v0PGt4AaABAg,@palo828,It’s here. Been waiting. Let’s dig in🙌🏾,24,0,2024-04-14T17:31:31Z,2024-04-14T17:31:31Z
UgyYp-Y4mdcCg3I9QzJ4AaABAg,@Average_White_Bryan,The fact that metro made bbldrizzy is wild,5,1,2024-06-11T19:36:43Z,2024-06-11T19:36:43Z
UgxJ1TLuYelpE2916Jl4AaABAg,@AquilaEye,This is bigger than rap fam. All these peple are not just turning on Drake for no reason.,8,1,2024-04-14T19:47:22Z,2024-04-14T19:47:22Z
Ugxs35gjPwj_cUNXF3R4AaABAg,@laateenreactieachter,"8:53  kendrick dont say he the messiah.... kendrick says people see him as the massiah...kendrick actually tells us that ""he is not our saviour""",2,0,2024-04-15T06:42:41Z,2024-04-15T06:42:41Z
UgzeriIRWVZMuQ4VaOl4AaABAg,@Majoka_02,"Knox need to be given his flowers boy, this dude  a GOAT at breaking down bars. That's on FACT!",2,0,2024-04-15T08:30:42Z,2024-04-15T08:31:58Z
UgwhA5JIsXDWdC2YPh14AaABAg,@Alloyd876,😂😂the Ms hit different when baby divides the pie 😂😂 drake silly iykyk,6,0,2024-04-14T18:34:50Z,2024-04-14T20:47:38Z
UgwqX5lfxVSTnWjDGT54AaABAg,@EatMyPropwash,"Drake never asked for the smoke, yet they’re all coming after him. Em spits bars YEARS ago “I’ll take all you MF’ers on at once, you wanted Shady you got it!” yet nobody came after him. Crazy times.",3,0,2024-04-14T22:03:43Z,2024-04-14T22:03:43Z
UgyVXVMRXfqsE8CJ7kx4AaABAg,@rodneymcclurge859,BEST BREAKDOWN!!!! He made it feel like a story the way he broke this diss down….,4,1,2024-04-15T10:05:16Z,2024-04-15T10:05:16Z
Ugyv0NjDfsn24zK7z-94AaABAg,@kambonmason8387,This is the most intelligent breakdown. You truly understand music bro. You just got a subscriber.,2,0,2024-04-20T21:04:12Z,2024-04-20T21:04:12Z
UgyhkZIkB7XJWIk7DW94AaABAg,@madhatter3559,Knox Hill you are the fucking goat man. Straight solid breakdown without bias opinion. Best channel writer.,2,0,2024-04-15T13:58:49Z,2024-04-15T13:58:49Z
UgxTH56lfltRoSgY8K54AaABAg,@HexJr5,"Been waiting all day for this, knox is the best of the best",17,0,2024-04-14T17:35:44Z,2024-04-14T17:35:44Z
UgydVqvigW0Ohv2omQR4AaABAg,@kylejantjiesauthor,Still my favourite diss track of the entire beef,4,1,2024-12-03T20:32:14Z,2024-12-03T20:32:14Z
UgxPt9eiKO7kyRJatcF4AaABAg,@crazizzle85,"I'll always respect drake, for all his girl songs, because he can bring it in a beef.",8,1,2024-04-14T18:31:10Z,2024-04-14T18:31:10Z
Ugzp4j53bqxW0tF8mNd4AaABAg,@marcaguilar9313,Chip and dale was an old school cartoon featuring two chipmunks chip and dale that often would mess with and beat a dog named Pluto- he was telling future don’t make me smack you again 🫡,1,0,2024-04-16T03:37:31Z,2024-04-16T03:37:31Z
UgxbXjsM-5j_921zrxV4AaABAg,@shannonjeffers2864,The part where he say he big in Japan future mess with a girl name Japan lol tht why he say he big in Japan lol,2,0,2025-11-19T20:15:44Z,2025-11-19T20:15:44Z
UgwGfHnmLTtaELSuT0B4AaABAg,@hall0ws9,I’m just gonna say it now: there is z nobody reaction-wise that comes close to Knox when it comes to these breakdowns. You’re in your OWN league with this shit,59,6,2024-04-14T18:05:37Z,2024-04-14T18:05:37Z
Ugx719EmYZ4RJa_0cvl4AaABAg,@carbon2798,"you know your facts .... you make me enjoy the break down .
keep it up",9,0,2024-04-14T21:47:54Z,2024-04-14T21:47:54Z
Ugzu-ocWCws0jbWOfrF4AaABAg,@theogofguitar,"This is all just a reminder that Cole just should of chilled. Drake, and I’m not a Drake fan but he killed this. He went and responded, didn’t even sound stressed. Cole…’you was conflicted’ it’s a shame because MAN havin feature Cole on a side on the war path sigh…but we’re here. Kendrick it’s your move now. Please don’t make me wait 4 years and mysteriously drop on like September 18th at 4pm in a Tuesday. Kendrick has to reply at this point. We are watch the MCU of modern mainstream rap happen. Stay on record and just LET US GET SOME GREAT BATTLE SONGS.",3,0,2024-04-15T05:34:44Z,2024-04-15T05:34:44Z
UgwKZjCT1rQnNEAF16J4AaABAg,@thenewbreedpodcast,This diss gets better as you listen its whole vibe bruh 😂😂,1,0,2024-04-15T09:56:20Z,2024-04-15T09:56:20Z
UgzQwMSyII-z1-GoYod4AaABAg,@DIABLOS2324,"At 1:06 the beat drops to ""Whats Beef"" by BIG.   Absolute 🔥.",1,0,2024-04-18T19:16:34Z,2024-04-18T19:16:34Z
UgzWkiaeGPwfunW2GFJ4AaABAg,@lulws4940,Looking back on this whole beef drake really was going 20v1 and putting up a crazy effort,4,2,2026-04-21T19:37:59Z,2026-04-21T19:37:59Z
UgwohnebKoHxcxVwhjB4AaABAg,@Dtin,Bro I had this on repeat all morning and I’m SO happy you’re on the reaction today big ups Knox 💪🏻🙌🏻,13,0,2024-04-14T18:15:02Z,2024-04-14T18:15:02Z
Ugzr6ChtL173jOBndbN4AaABAg,@Dimarine,Whenever I need to understand a song you the man,8,0,2024-04-14T18:32:09Z,2024-04-14T18:32:09Z
Ugwha4h-7F68x9DzkzF4AaABAg,@robertpawlowski4548,"Took yo sweet ass time, with you reacting it’s like the final infinity stone is in place 😂",2,0,2024-04-14T21:17:06Z,2024-04-14T21:17:06Z
Ugy0BNN6wJ5GCR_1PyJ4AaABAg,@justfinck1,Knox you missed that MJ son is Prince as well,2,0,2024-04-14T23:15:28Z,2024-04-14T23:15:28Z
UgwhaZrMepkY3LrFN6t4AaABAg,@greg6924,Drake versus the industry.  🔥,4,0,2024-04-14T18:27:16Z,2024-04-14T18:27:16Z
UgwTOwkDzgMTCRVZdy14AaABAg,@lazacosta2696,I been watching reactions all morning you the best at it by far bro… Keep grindin💯💪🏽 2024 Hip-Hop Standup!,11,0,2024-04-14T18:17:15Z,2024-04-14T18:17:15Z
UgyDRThXwz4sVkzm2ZB4AaABAg,@marcrodriguez2756,The main channel I wanted this reaction from !! Thank you 🙏,12,0,2024-04-14T17:47:17Z,2024-04-14T17:47:17Z
UgxfVev_JgS3F2Vmyo94AaABAg,@IsakOnni,"1:06-1:39 in the song is some of the hardest rapping I’ve ever heard, the disses are so hard and creative at the same time, and the beat is just incredible",1,0,2024-04-20T13:28:06Z,2024-04-20T13:28:51Z
Ugxb6_3bUlUN4Kn4EaV4AaABAg,@jaketaylor5754,Drake has some good writers.,2,0,2024-04-15T09:00:49Z,2024-04-15T09:00:49Z
Ugzj9ADwniikP56o_P54AaABAg,@samazika8656,Knox hill thank you I have been waiting your reaction since Morning... much love all the way from South Africa  🇿🇦 DRC,9,1,2024-04-14T19:26:41Z,2024-04-14T19:26:41Z
UgyYXgrbr79W5MOGRml4AaABAg,@kylejc1994,Love the videos. Congrats on the music and these killer features! Mad respect😂 Drizzy dropped BOMB,15,0,2024-04-14T17:31:19Z,2024-04-14T17:31:19Z
Ugz-YXvUEaqks3tF6UV4AaABAg,@skeeeeeeuuuup1593,Love you man you the king of breakdowns nobody else catching all that bars and the meaning behind em,6,0,2024-04-15T02:22:57Z,2024-04-15T02:22:57Z
UgygW7HBR8mHqzVX6eZ4AaABAg,@dionnesimpson6183,The piano is reminiscent of the Exorcist or Poltergeist sound track...,1,0,2024-04-15T09:21:22Z,2024-04-15T09:21:22Z
Ugy-5x-epFBTllrRCjp4AaABAg,@baqi007,"How Knox not have over a mil views on this yet?, he the most unbiased reaction channel covering this beef",1,0,2024-04-16T09:32:25Z,2024-04-16T09:32:25Z
Ugzy4G9uakrbeY9CIWZ4AaABAg,@ryoguy3236,Lets go Knox! You about to go viral on diss one 😅,4,0,2024-04-14T17:44:43Z,2024-04-14T17:44:43Z
UgzyHLiv8uSMqzeZ8AJ4AaABAg,@Jjay-tw1yy,i always thought drake would come back with something pretty good. everyone thinks he’s just r&b but he can rap,4,1,2024-04-14T18:28:09Z,2024-04-14T18:28:09Z
UgyydVmQRrF8hpqFfFl4AaABAg,@Iamjflo,I’ve been waiting on your reaction..An unbiased one that appreciates all of the fire disses,5,0,2024-04-14T19:03:13Z,2024-04-14T19:03:13Z
UgwjsbW4tI73-K2YBrJ4AaABAg,@brooklunwalter8122,“I’d never tag no in I’d rather get you myself” 🗣️,1,0,2024-04-15T09:25:11Z,2024-04-15T09:25:11Z
Ugw6-9Sv9Eg_15AvgY54AaABAg,@seriousone44,"Tbf Drake killed with this one, and I’m so happy to see Knox reaction and go through comments bcs your fans are the realest, no glazing at all. And yeah props to Drake credit where credit is due, he didn’t let us down although almost nobody expected that fire from him 🔥",2,0,2024-04-14T20:58:29Z,2024-04-14T20:58:29Z
UgzEksRU1kvY8TXyqI14AaABAg,@spencerbrashear,Been waiting for the GOAT to react,9,0,2024-04-14T17:40:15Z,2024-04-14T17:40:15Z
UgzbWerJd8-rwgEjGWx4AaABAg,@nurikrimaa,"That’s why Drake always be #1 how he treat people he knows
He help them to be top and out of nowhere they switching sides now 
I know Drake is not a saint he known as player  but again Drake is being a Drake but when in this industry he is big af he is the real artist he could rap, sing and dance so basically they jealous of his success cause he been on his prime for years cause he been consistent with making music 🐐💯",18,1,2024-04-15T04:33:19Z,2024-04-15T04:33:19Z
Ugwrc6nJz3b0mq6vKOl4AaABAg,@RayVenger,I’ve been checking for this all morning,10,0,2024-04-14T17:50:14Z,2024-04-14T17:50:14Z
UgzWjgbB9TYcbDBT1yd4AaABAg,@Dra3000,Chipindale is referring to male dancers😂,1,0,2024-04-16T10:44:22Z,2024-04-16T10:44:22Z
Ugw_riemniXXJe8g7x14AaABAg,@I1da-around,"Anyone else notice that when the beat switches up, you can hear samples of “What’s Beef” by Biggie? Even the beat is on point.",1,0,2024-04-17T08:11:03Z,2024-04-17T08:14:12Z
Ugz1IulYS4JS0E_-LQ14AaABAg,@Nohledge,We were patiently waiting for your breakdown Knox,7,0,2024-04-14T17:44:31Z,2024-04-14T17:44:31Z
Ugy0bq9SRMJ73qdR28V4AaABAg,@declin_ro3823,drake did what everyone wanted and more. big respect,8,0,2024-04-14T18:26:41Z,2024-04-14T18:26:41Z
Ugx2YBUOOP7hR_1K5jB4AaABAg,@_Frank_Simile,Knox Hill and ScruFace are my only notifications turned on this week 🔥,10,0,2024-04-14T18:31:50Z,2024-04-14T18:31:50Z
UgxEe8ib5sX2E--FWgF4AaABAg,@Kevinbrvo,YouTube reactors are those friends we use to plug in the cd and break down songs with,1,0,2024-04-16T04:02:35Z,2024-04-16T04:02:35Z
UgyEsBmHUvHy6q5b79R4AaABAg,@868CHR15,This a good year for rap fans😎,2,0,2024-04-14T23:42:06Z,2024-04-14T23:42:06Z
Ugz7z5H7sCk9V8zrJXF4AaABAg,@cardbuddy4988,I was waiting for your reaction to this!,9,0,2024-04-14T17:31:10Z,2024-04-14T17:31:10Z
UgxInSn7byfi-X1hGxF4AaABAg,@Chat-With-Rashelle,Not a drake fan but this definitely full-on bars. Shout out to whoever wrote them. I don't blame him for going solo on this - who can he trust.,86,18,2024-04-14T18:44:08Z,2024-04-14T18:44:08Z
Ugxj9inzAmiMWpWkMQd4AaABAg,@AnimeCheff,I HAVE BEEN WAITING FOR THIS!!,11,0,2024-04-14T17:38:08Z,2024-04-14T17:38:08Z
UgwjOLZrT3f8QuuB01R4AaABAg,@theruggedindoorsman,FINALLY someone who understands the bars!!😂😂 These other reactions are all over the place.🤦🏾‍♂️,1,0,2024-04-15T21:47:32Z,2024-04-15T21:47:32Z
UgzIVvq90mkG_3F_AaZ4AaABAg,@decio_santana,"""Even the adlibs dissin'""
😂😂 Yesss",1,0,2024-04-15T10:48:31Z,2024-04-15T10:48:31Z
UgwbW18S03KEk7RksER4AaABAg,@alive4thenight297,"I will say, a lot of people are missing the entendre that “Top” bar had. “Top” is also what we call our 1SG’s in the Army. If top tells you to drop, you do it on command. So he’s kind of big stepping him in a sense, saying he’s gonna listen to “top” regardless.",3,0,2024-04-15T09:41:07Z,2024-04-15T09:41:07Z
UgxnNXy6sfB7_gbEoGl4AaABAg,@DISHYMESSIAH,"I really do appreciate u bro because when I first heard this I thought it was mid, but after listening to u breakdown the meaning behind a lot of the bars, I now see how good this is.",7,1,2024-04-14T19:02:02Z,2024-04-14T19:02:02Z
UgwiIbnTLyiVfZp6gdd4AaABAg,@cardbuddy4988,You do amazing breakdowns!,8,0,2024-04-14T17:37:01Z,2024-04-14T17:37:01Z
Ugy7sw1wxOpJ8-HLD8B4AaABAg,@DeeJayKush,Chip and dale the cartoon they always out smarted pluto the dog but future also goes by pluto also,3,1,2026-04-26T11:13:33Z,2026-04-26T11:13:33Z
UgyauF-X3w9cCDyaPMF4AaABAg,@borimitchell1932,your breakdown is immaculate,1,0,2024-04-16T01:01:01Z,2024-04-16T01:01:01Z
Ugy20LZDE1TF-lndvOd4AaABAg,@DJKronikCam710,I think he chip and dale line was more leaning towards the gay male dancers and not the cartoon in this context 😂😂,1,0,2024-04-20T14:01:12Z,2024-04-20T14:01:12Z
UgyKQWcorNQ2Zjmzygh4AaABAg,@VillaWolf24,Love the detail & specifics in the Reaction..Subscribed!,5,0,2024-04-17T00:54:08Z,2024-04-17T00:54:08Z
UgyU8C2tB6NgjI0DkqB4AaABAg,@AssembleAA,"Drake aced this diss track. This was IYRTITL/""Her Loss"" Drake.

Future got dissed.
Kendrick Lemar, his management, ""Slient Hill"", his ""Like That"" verse, his contradiction of Drake's commercial music when he's done the same when his label told him to do it, & his label itself got dissed.
The Weeknd & his management got dissed.
ASAP Rocky got dissed.
NBA Youngboy got dissed.
J. Cole's apology was mentioned.
Metro Boomin was dissed.
Metro's & The Weeknd's ""Creepin'"" cover was dissed.
Rick Ross was dissed.
Ja Morant was dissed.",114,19,2024-04-14T18:28:25Z,2024-04-14T20:08:30Z
Ugx2xqriSQFD1MBTltl4AaABAg,@TheAster24,Who's watching this Post-Drake-Decimation?,8,3,2024-05-17T07:02:45Z,2024-05-17T07:02:45Z
UgzDDatQ-6gYMJZShKV4AaABAg,@kevinwantings9527,Knox is the 👑 of breakdown’s. Man’s elite,2,0,2024-04-15T05:47:44Z,2024-04-15T05:47:44Z
UgxGOAB9jgSfu9kXsy14AaABAg,@drutak,Now we just need the 👑 of breakdowns to give us that Rick Ross reaction so we will be all caught up.,1,0,2024-04-14T23:37:07Z,2024-04-14T23:37:07Z
UgxpolVjzHUmdsgN7bx4AaABAg,@StevensFuller2403,I'm adding that new fire hit of yours to my playlist too. Its good to see you caught Drake firing back at them all too. Keep putting in the work Knox. I will be collect those hats soon too.,3,0,2024-04-14T20:39:59Z,2024-04-14T20:39:59Z
UgzypA0QprVH0L-NdsF4AaABAg,@dynamic9016,Thanks much for this reaction.,5,0,2024-04-14T17:47:03Z,2024-04-14T17:47:03Z
UgxqkUvdNIrduKX8Hdd4AaABAg,@GalileoYT,"Someone said J Cole is writing a response called ""can't we all just get along""😂😂😭",38,3,2024-04-14T18:10:33Z,2024-04-14T18:10:33Z
Ugx9t-6x1SgwiId-7pN4AaABAg,@Jpizzle4,U missed to where he said “got me talking like I’m 50”.   50 cent,1,0,2024-04-15T00:24:06Z,2024-04-15T00:24:06Z
UgzbHG8Enq2cmANnHPV4AaABAg,@OzzyMyles11,They sample a beat from Notorious B.I.G. Life after death Album. “What’s Beef “ track.,1,0,2024-04-20T01:17:09Z,2024-04-20T01:17:09Z
Ugxe-sW5q-W3tyue-HJ4AaABAg,@NeesOcean,Been waiting anticipating on this one,5,0,2024-04-14T18:16:12Z,2024-04-14T18:16:12Z
UgwqBblXzzy0jrsFvQp4AaABAg,@SwampDuH,Been waiting for your reaction knox 🔥🔥🔥💪🏼💪🏼,5,0,2024-04-14T17:52:40Z,2024-04-14T17:52:40Z
Ugx0vdJFWVTf_XpFC0F4AaABAg,@simonadams8770,Great reaction but you know the one we really waiting for. C’mon Knox it’s GOD MODE time surely :),8,3,2024-04-14T17:41:05Z,2024-04-14T17:41:05Z
Ugw3J-mwuHu-DXx2W-R4AaABAg,@joelsambrano6356,Wow Drake's ghost writers did an excellent job on this one 😂,2,0,2024-04-14T22:26:55Z,2024-04-14T22:26:55Z
UgwNWabKXB_R0oKY74h4AaABAg,@lvexzil,The chip and dale from the cartoon always beating up on pluto the dog thats what i got from that line so basically drake saying he gonna save the females,1,0,2024-04-17T00:26:00Z,2024-04-17T00:26:00Z
Ugx5etIaz6HS-cTvA6B4AaABAg,@symountamed7607,Been waiting all day for this,5,0,2024-04-14T17:34:24Z,2024-04-14T17:34:24Z
UgxGarXS6yIjQKxJlU94AaABAg,@YoungCarlosTupacShakur,I WAS WAITING FOR THIS,6,0,2024-04-14T17:33:39Z,2024-04-14T17:33:39Z
UgxghEA6SxleyrLG8x14AaABAg,@philiphugghis4416,Don’t forget “top” is military slang,6,2,2024-04-14T18:23:05Z,2024-04-14T18:23:05Z
UgwX1wjpJheOqfIqx7p4AaABAg,@lamaria2308,He just talking ish and not saying anything to make me say ahhh😂,1,0,2024-08-07T07:56:12Z,2024-08-07T07:56:12Z
UgwbOY-5N7ZX6kFYnGB4AaABAg,@BladeRunner90,I love this Drake in Battle mode,1,0,2024-04-14T21:52:39Z,2024-04-14T21:52:39Z
UgxRWOC2jlHlnvxe7JR4AaABAg,@Anthonymendoza92,Love your reactions 💪🏾🔥,4,0,2024-04-14T18:22:37Z,2024-04-14T18:22:37Z
UgzZtVvwO_YM6F6OV3x4AaABAg,@kingjamesmayo8232,Love your Content  Bro  Respect 💪 and your music  is fire bro real talk,5,1,2024-04-14T17:47:56Z,2024-04-14T17:48:42Z
UgyIr00fFi6qzqjTVvB4AaABAg,@126Johnj,Man what a great time in rap!! It has been a while since I've actually heard artists be artists. It reminds me of the 90s,1,0,2024-04-17T19:30:09Z,2024-04-17T19:30:09Z
UgxKIyhC87w3X4j5tXB4AaABAg,@sonioCarp,"""Hey pot I'm kettle, how are you?"" - bars by KnoxHill",1,0,2024-04-25T02:48:45Z,2024-04-25T02:48:45Z
UgxDxJE9ZuoLr5MDlVR4AaABAg,@franktorres6067,"This is a solid diss. However, I definitely don't think it's enough to take Kendrick down. Also, so many people hated on MGK for his bars about Em being short and they now praising Drake's several bars about K-Dot being short. Hmmm...",3,0,2024-04-15T06:46:14Z,2024-04-15T06:46:14Z
Ugwt90OqW2E2zUsvmA14AaABAg,@thealjohnsonshow2188,"Rick Ross responded, btw.

Please react to it (""Champagne Moments"")???",27,8,2024-04-14T17:32:26Z,2024-04-14T17:32:26Z
UgxjYwZK3uHYVN-zOnl4AaABAg,@maryhales4595,This was Drake's biggest mistake. Because Kendrick is going to give him 50 diss tracks,7,1,2024-05-09T20:50:21Z,2024-05-09T20:50:21Z
Ugwoofp526f5udMV4Jl4AaABAg,@dominickjones2836,Your byyy far the best at breaking down the lines,2,0,2024-04-14T23:04:03Z,2024-04-14T23:04:03Z
Ugz18IVT5xkDDUn7iFx4AaABAg,@sincerelyspazz,This man Knox knows a lot of shit about a lot of shit😂 insanely tapped in,1,0,2024-04-14T22:59:04Z,2024-04-14T22:59:04Z
UgwesQhG4uBnu_gUQ8l4AaABAg,@cristianrincon1313,Rick Ross responded to this a few hours later “champagne moments”,39,10,2024-04-14T17:39:35Z,2024-04-14T17:39:35Z
UgzhwiVJTZi1Csct2H54AaABAg,@friedrichn7767,"I think the last song I did personnally listen to from Drake is God's plan.

But this whole situation had me to put big respect on Drake's name for :

1. He is a bigger selling hip hop artist right now and don't had to respond but he is doing it. And this is soooo hip hop.

2. He jumped solo on a track to respond to all of them.

3. People that he put on/helped are now stabing him, that's tough buddy (with Zuko's voice)

4. They had to gang up in order to take him down, that means their are admitting that he is the King of this ish. 

5. Cole is just à running mouth dude with a good Pen and even Kdot comes with a killer diss, it won't hit the same like this one. Drake battling à whole gang, something Kdot never even tried to do when people came after him after the control verse.

So I guess, there's no big 3 huh😂



Ps: now Kdot's fans gonna come after me huh 😂 I'm just à hip hop fan guys, I give crédit where it's required 🎉",13,5,2024-04-14T18:00:10Z,2024-04-14T18:00:10Z
UgyT0dnxXWIDQ4C5v414AaABAg,@johnbriscoe9022,Drake is Thanos in this rap beef right now 😂😂,9,3,2024-04-14T17:42:09Z,2024-04-14T17:42:09Z
UgwPql-5fT4zq2gKjJZ4AaABAg,@RonRJones,Bro????!!! Every 2 seconds.....u interrupted...We get it!!!,1,0,2024-04-15T14:46:59Z,2024-04-15T14:46:59Z
UgxLCX4t1tYSAuiVyZp4AaABAg,@AboveAllGiveaways,The chip n dale bar was too hard they always tricks Pluto Pluto is also future 😂,0,0,2025-02-17T06:37:08Z,2025-02-17T06:38:31Z
UgxUy598dWmJGM6P0-h4AaABAg,@manuelvarela7903,"Drake vs  everybody  
Drake fire rap everybody 🔥🔥🔥",4,0,2024-04-14T19:19:31Z,2024-04-14T19:20:03Z
UgyBtexJqEXZ8_BzukR4AaABAg,@naturallyintelligentproduc9790,"Drizzy talking splits when he was signed to, Young money - Cash money - universal/Motown, 360 to 720",10,4,2024-04-14T18:14:31Z,2024-04-14T18:14:31Z
UgyftqWkSy2viY3uDrR4AaABAg,@Adamasgambit678,Drakanos is about to use the infinity gauntlet.,3,0,2024-04-14T22:43:54Z,2024-04-14T22:43:54Z
UgyOgjwhyB-gHpQeBoJ4AaABAg,@jayproductions5322,The BM kiss and tell I think is a rick ross diss because she went on live and told drake to hit her up she need to tell him some stuff,1,0,2024-04-16T05:33:24Z,2024-04-16T05:33:24Z
UgyJcE3G3k4WT2WQ1x94AaABAg,@JonathonDavidQ,Give drake his 💐 he’s goated. He’s the clear winner in all categories. 🔥,7,6,2024-04-14T17:32:02Z,2024-04-14T17:34:13Z
Ugwx099hktbtkL-0QsN4AaABAg,@KUDZAIMakota,Kendrick is watching this video right now to also break down the bars 😂🤣,6,0,2024-04-17T05:58:07Z,2024-04-17T05:58:07Z
Ugy2OQPHysSFu-3S8fN4AaABAg,@princess4joonnjk,DRAKE ATE YALL HATIN,15,3,2024-04-14T17:41:26Z,2024-04-14T17:41:26Z
Ugwx0NBydygA9Ee965F4AaABAg,@josequinones2251,Prince is also mj sons name. Fire bar,1,0,2024-04-14T22:42:01Z,2024-04-14T22:42:01Z
UgzrwatB35BfwcAM2_x4AaABAg,@victoriapritchard8775,Kendrick Lamar is 😘 chef kiss on lyrics Kendrick writes his own,1,0,2024-05-05T04:23:57Z,2024-05-05T04:23:57Z
Ugz0RTdZMNtvdRDuLI54AaABAg,@AdmiralEpfsix,It was good…Kendrick’s was just better. Plain and simple.,5,0,2024-05-01T20:45:58Z,2024-05-01T20:45:58Z
Ugz1WHW_h82DmFrhCsR4AaABAg,@AmySquirrel2008,Drake’s ghostwriters finally finished the track!,4,0,2024-04-15T06:25:28Z,2024-04-15T06:25:28Z
Ugxp2h9BQnTEC963Dhp4AaABAg,@beaspecter,One word: Euphoria,4,0,2024-05-04T02:03:00Z,2024-05-04T02:03:00Z
UgxaRYJwxN50opkJAb94AaABAg,@kgothatsolelaka6235,"Backstage bar is directly at Kendrick because of his song as well. With the bars that come directly afterwards, yeah, definitely confirms it.",1,0,2024-04-14T21:11:59Z,2024-04-14T21:11:59Z
UgyjcSh9If8nWTnveA14AaABAg,@thanhphung1786,I have to said you’re are the goat of breaking down bars. Seriously none of the other reactors know what the hell they’re talking about lmao 😅,1,0,2024-04-15T14:39:51Z,2024-04-15T14:39:51Z
UgzNLUQ_1uJqlvmdi8B4AaABAg,@Kickinthescience,Ppl talk about how bad Kendrick’s last album was but it was the highest grossing rap tour ever off that album. Interesting,6,6,2024-04-14T18:11:51Z,2024-04-14T18:11:51Z
Ugz1v55KN6UFAd0zFyN4AaABAg,@veterankid179,Shit was ass. All he did was call kendrick short. Like mgk calling em old,3,0,2024-05-01T19:48:58Z,2024-05-01T19:48:58Z
UgwXdpgfsQ6qACjDU3B4AaABAg,@mr.216dnalevelc,Ti gave Future his 1st #1 With Magic.... but Drake gave Kendrick his #1 with poetice justice,5,7,2024-04-14T17:48:07Z,2024-04-14T17:48:07Z
UgxlYe4bCUIsFVQ750h4AaABAg,@sodahead4108,Chip N Dale also got at Pluto the dog all the time if I'm not mistaken. Future refers to himself as Pluto right? Slick line.,1,0,2024-04-26T18:18:56Z,2024-04-26T18:20:50Z
UgzESWjA-oGeGk2xVIx4AaABAg,@dnice3414,Breakdown = solid!; Analysis on point = SUB!!! 🦾,1,0,2024-04-16T02:59:56Z,2024-04-16T02:59:56Z
UgzRgzbBgUihmGMW9dd4AaABAg,@themangohub,"😂😂""even the adlib dissing"" - knoxhill2024",1,0,2024-04-15T10:20:29Z,2024-04-15T10:23:20Z
UgyCLpFlnTMpwZ9PDLh4AaABAg,@ClyDIley,"This shit shallow af.... Took two whole minutes for knox to find a reason to pause, two minutes! Took him 20 mins just to get to Euphoria's 2 min mark. Let that tell ya something",3,2,2024-05-04T05:32:46Z,2024-05-04T05:32:46Z
Ugyee33_kLp7nCSb20R4AaABAg,@NastyNate18B,Drake won round 1,12,2,2024-04-15T15:06:42Z,2024-04-15T15:06:42Z
UgzuW5t7va0siuATmFt4AaABAg,@johnsnowwww,Drake plus 10 ghost writers lol,3,0,2024-05-06T19:20:46Z,2024-05-06T19:20:46Z
UgymZNzxxkHbzJzBlNd4AaABAg,@mannysantos6381,"Keep in mind, Prince and kendrick are geminis. They have birthdays in june that are 10 days apart. Prince rapped on the song 'my name is prince' where he mention why be a king if my name is prince! this could be a small shot to mj. Thats how kendrick too got the inspiration. They also performed together before. Furthermore, prince lived to 7 years after mj",1,0,2024-04-15T08:40:38Z,2024-04-15T08:40:38Z
UgwbhpVvQtnNnVV5mNJ4AaABAg,@maullvelous7240,"There is just no one touching you when it comes to these reactions. Its even more clear when you're ""late"" to a drop and we get to see what we and everyone else missed.",0,0,2024-04-14T23:43:28Z,2024-04-14T23:43:28Z
UgxCQXc8cageQRe486R4AaABAg,@karandhattarwal1811,Drake won period,6,3,2024-04-30T15:02:10Z,2024-04-30T15:02:10Z
UgyNZh0SFYDeBswL7iN4AaABAg,@vaughnceollivierre2005,Man...Drake won..,4,1,2025-12-01T19:41:21Z,2025-12-01T19:41:21Z
UgwSQryrOnOoHLjKsWR4AaABAg,@hontarcodm,My girl and her friends can rap almost every line on this song😢. And am a Kendrick fan🤦🏽‍♂️.,1,0,2024-04-16T08:45:38Z,2024-04-16T08:45:38Z
Ugw_envi7SURXzKaLaF4AaABAg,@TheCanorVoidwalker,"Dang, didn't expect drake to drop such a hard diss",1,0,2024-04-18T07:21:18Z,2024-04-18T07:21:18Z
Ugyu8Tadlfa5YvW2QVB4AaABAg,@kristianpomida8259,"Jesus Christ Drake calm the fuck down. I never expected yhat among the three to make a diss, Drake's would be the most cold blooded",1,0,2024-04-16T10:28:50Z,2024-04-16T10:28:50Z
Ugxia4pqPw8znC0Gnmx4AaABAg,@infinit0137,Drake is holding his own and he's doing it all by himself.,1,0,2024-04-18T14:51:58Z,2024-04-18T14:51:58Z
UgybA50MvUyUybpc_mp4AaABAg,@876realityreviews8,The best break down 💯✊🏽,2,0,2024-04-16T04:54:05Z,2024-04-16T04:54:05Z
UgyYeAVvw7SHtSKh_VN4AaABAg,@StevenSwaim,"I just wanna say ur the only reactor I want to see break down JID - Stars ft Yasiin Bay (aka Mos Def). U already know they’re both great MC’s (being a well studied one urself) but YB reeeaaaallly delivers here. Possibly best verse ever recorded!! Seriously!! Sorry I searched for a way to push a request for a broke boy who loves rap, so I figured this was my best rout. Anyone who believes Mos Def should b more talked about in the top 5 pleeeeaase like this and get Knox attention!! Thanks in advance!",1,0,2024-04-15T12:31:20Z,2024-04-15T12:32:16Z
Ugx0K0toaZxDBm7QU314AaABAg,@rb0460,I've never seen him go so long without pausing 😂 he was intrigued with this one,1,0,2024-04-20T18:46:51Z,2024-04-20T18:46:51Z
UgyCVtH-6WNri31vhS94AaABAg,@funvick2018,Knox you’re the best bar break down on YouTube hands down,1,0,2025-04-12T21:34:19Z,2025-04-12T21:34:19Z
UgxxTFijlQCa_mJtMe54AaABAg,@LuisMesa-r2s,Song still hits,0,0,2026-06-25T02:35:31Z,2026-06-25T02:35:31Z
Ugzr6DfEP42Qqkh5eoN4AaABAg,@epicmainHQ,"Never have I ever respected Drake this much my entire life. He was witty, good beat nice flow and man it's just facts in there.",2,1,2024-04-20T04:42:08Z,2024-04-20T04:42:08Z
UgxxtR5KiuvFp4hqZoZ4AaABAg,@kylphelps13,Eminem called it  3:58,1,0,2024-04-15T19:33:21Z,2024-04-15T19:33:21Z
UgxC9JGcZhWH3SoQJHF4AaABAg,@ppagibbo5328,I don’t know if anyone has said it yet but the Whitney bodyguard line was drake saying he be with body guards like Whitney who is Kendrick’s wife who allegedly cheated on him with a bodyguard but also the Whitney Houston flip,1,0,2024-04-15T13:09:30Z,2024-04-15T13:09:30Z
Ugx5vbEejPS9C0jG8_54AaABAg,@chrislouis5743,"Wait till you find out all these disses were AI and all the actual artists are cool with each other 
And we’re the ones bickering back and forth 
I digress ✌️",1,0,2024-04-17T23:53:47Z,2024-04-17T23:53:47Z
Ugx1tk8QQI9GMs2P53x4AaABAg,@jmorontamusic,Good reaction & break down! Did ya’ll realize what he meant with the “ Kiss & Tell “ line? It was towards Future & Ciara got a song titled kiss & tell 🤔 Slickkk one.,1,0,2024-04-15T19:23:43Z,2024-04-15T19:23:43Z
UgwDgQEcPr2r_Z6bzpl4AaABAg,@JuxChi,"Just like Eminem, why KnoxHill aint your top5 hiphop breakdown youtuber of all time is wild. This channel is the best! ❤",1,0,2024-04-15T03:07:59Z,2024-04-15T03:07:59Z
UgxN65eWu1Rynrs909J4AaABAg,@anythingandeverything2808,This guy is amazing at his job 😭😭😭 bro is breaking down stuff I never would’ve guesed,1,0,2024-04-19T20:53:28Z,2024-04-19T20:53:28Z
UgxtMk9NRawLVNm2qLl4AaABAg,@PotatoAimNr1,"Drake saying: ""What I write down""

Everyone knows all he writes down is: ""Hey bro, can you write me song please?""",1,0,2024-04-15T10:52:20Z,2024-04-15T10:52:20Z
UgwgiQeTnUij-GViUs14AaABAg,@kyleingram603,Ok I was lowkey rootin for kendrick but this is my favorite diss track of all time so far,1,0,2024-04-15T15:13:58Z,2024-04-15T15:13:58Z
UgywY-RBfgMRg6q7Q514AaABAg,@pistolpalmer45,"I was waiting on you Hill, but you didnt catch it nobody else did either. When the strings came in on the song it was from Biggies whats beef! This was a classic response!",1,0,2024-04-15T14:38:25Z,2024-04-15T14:38:25Z
Ugz1ziS3BLoqK4pctw94AaABAg,@sharpwhits0167,Someone call up Push. 😂,1,0,2024-04-16T11:46:52Z,2024-04-16T11:46:52Z
UgzxrrCqJtWJkWKyjHV4AaABAg,@fliptout86,Ghostwriters doing ot double time,0,0,2024-04-14T21:19:37Z,2024-04-14T21:19:37Z
UgxUYS2RoETQfhXsTEh4AaABAg,@EBrooks856,Kiss & Tell is a song by Futures BM Ciara,1,0,2024-04-14T22:15:48Z,2024-04-14T22:15:48Z
UgydinUs8mcj3SKx7JV4AaABAg,@teriktapera1828,@knoxhill you missed the whitney bar he meant kendrick's wife might need bodyguards coz hey will come for her,1,0,2024-05-01T07:43:06Z,2024-05-01T07:43:06Z
UgxhehCxKKaQN06QMeV4AaABAg,@WTF-zs8cvWT,"btw knox ""tokyo"" is apparently also the name of the girl that future and drake are beefing about LOL",1,0,2024-08-31T11:22:44Z,2024-08-31T11:22:44Z
UgwVQaklY1JKlITemBZ4AaABAg,@KaspRoc,"Knox, asap rocky took a shot at drack- that kiss and tell line was related to drake and rianna; if rianna kiss and told asap rocky about her and drake",0,0,2024-04-14T23:10:03Z,2024-04-14T23:10:03Z
Ugy9jTIBNtYLE9LjouF4AaABAg,@Fieldofcarsza,"It's like when Eminem said, you need to get on my level, coz I have to get a shavel and dig through dirt to get yours "" 😂
On killer remix",0,0,2024-04-14T21:23:24Z,2024-04-14T21:23:24Z
Ugw36q6Eys7w9KAeK7B4AaABAg,@mcthang3072,My man didn't miss mentioning Em😂,1,0,2024-04-15T12:59:44Z,2024-04-15T12:59:44Z
UgyrFueiFhXmddvt6o14AaABAg,@Flatsquirrelnapsack,I agree with Drake deserving respect for going in by himself. Plus you can’t throw everything out there unless you’re Em since he never runs out of things to say. We saw h out that worked for MGK. I would love to hear Wayne’s and Em’s opinions in the feud itself.,1,0,2024-04-15T14:46:32Z,2024-04-15T14:46:32Z
UgxMvPGYH29BGZOIxDh4AaABAg,@merajuddeen9263,The kai cenat line was a diss on kanye.,1,0,2024-04-15T23:34:06Z,2024-04-15T23:34:06Z
UgySedHPgOcim5DmJwh4AaABAg,@HolyParsival,Future has a song named wicked. Thats the wicked wicked wicked part,0,0,2024-04-14T22:34:53Z,2024-04-14T22:34:53Z
UgwBU8dkoH7Svx1ZpC54AaABAg,@AyrtonMartinez-g7k,What’s a prince to a king he’s a son is a triple entendre.Michael Jackson’s son is named Prince so he’s sonning him too,1,0,2024-04-22T14:14:12Z,2024-04-22T14:14:12Z
Ugz6Z1JlBk4Eu4RTunF4AaABAg,@Autumn_Orion,"10:55 this beat is a sample from Biggie ""What's Beef?"" so it fits.",0,0,2024-04-15T00:52:52Z,2024-04-15T00:53:04Z
UgxeNIeMg168V-_mHqZ4AaABAg,@remarcablemc,"This Drake diss is hard, best heard out of him in a while",1,0,2024-04-14T21:55:35Z,2024-04-14T21:55:35Z
Ugw0wE-JaLCW0c3_zxR4AaABAg,@jakesmall3454,Drake don’t fucking miss. This shit went crazy,1,0,2024-04-15T00:39:29Z,2024-04-15T00:39:29Z
Ugy0S7eV0fqB-p0Kail4AaABAg,@nikanika1957,Drizzy cooked here 🔥🔥🔥🔥🔥,1,0,2024-04-14T20:34:58Z,2024-04-14T20:34:58Z
UgxrYxWYZIUQ7aLEeDp4AaABAg,@Chingona916,"Without a doubt, the BEST and most knowledgeable is KNOXHILL!!!!👑🏆🥇. Thank you for clearing up so much for me🤪.",1,0,2025-02-27T16:50:24Z,2025-02-27T16:50:24Z
UgxQ71gFN0OqeztHew14AaABAg,@lusvardioficial,"As a brazilian with english as a second language, a lot of the bars went over my head. The translation videos do they best, but theres a lack of context, and this diss is way more complex than it looks like. Thanks man, now we are all waiting for Kendricks response and of course, your breakdown! Much luv from Brasil!",1,0,2024-04-14T20:36:25Z,2024-04-14T20:36:25Z
Ugy-vEdhDnCG16Dhxg54AaABAg,@marcusdresback,"taking out that rick ross ""worry about what you got going on with ""puff-rick ross voice"" was tragic haha that line is a body bag",0,0,2024-04-15T20:47:58Z,2024-04-15T20:47:58Z
UgxN8P_I-HWabPzQ11x4AaABAg,@redline8314,Man dem Benzino ghostwriters are putting in work for all drizzie! Lmfao,0,0,2024-04-14T21:07:34Z,2024-04-14T21:07:34Z
UgyQkDrfrtENQon0wB14AaABAg,@N0w3ll23,Stevie knight needs to see this reaction …lol,0,0,2024-04-14T22:49:06Z,2024-04-14T22:49:06Z
Ugw8jt8qA9IxyiibaFF4AaABAg,@MsKaletha1,"To know that Katt Williams said 2024 is gonna be the year that everyone ""deviants"" will be exposed. We're experiencing history in the Rap/ Hip Hop scene. I'm here for it. LFG🔥🔥!!",0,0,2024-04-14T21:44:02Z,2024-04-14T21:44:02Z
UgxgRk_y5ndwLEdwlkh4AaABAg,@dims04699,"Since Kendrick's verses on ""Like That"", the only reaction I've been waiting for is from this channel. Tbh

Anyway, have you reacted to ""Show of Hands""?",1,0,2024-04-15T12:51:58Z,2024-04-15T12:51:58Z
UgzXof5bL5YtCPKFgIx4AaABAg,@redzonemusicghost4077,"The Line where drake sounded like he made a reference to Kdots wife may be the reason they fell out. Yall remember in the track Kendrick did with baby keem family  ties, at the end of it one of the Lines he use was and I quote "" Number 2 Dming my bitch it's cool i am that's why"" and in the Big three who is normally concidered number two. It's normally, Kendrick, Drake and Cole. So yall put two and two together but it would seem Drake messed a around Whitney.....",0,0,2024-04-14T22:28:48Z,2024-04-14T22:29:27Z
UgwGdV5Ir18dU0EEiV54AaABAg,@nathan_armoed,The part where drake said Rick Ross gets his hair cut in wallmart had me rolling😭🤣🤣,1,0,2024-04-14T22:57:58Z,2024-04-14T22:57:58Z
UgxmuXY9CS1oi17b6aZ4AaABAg,@brandonpendergrass2592,A lot of aggression and effort for 1 minute of Kendrick's time from Cole and Drake lol,1,0,2024-04-14T22:33:38Z,2024-04-14T22:33:38Z
Ugxz2yaABEX3_NXXCBV4AaABAg,@ace.jer0me,That boy from Degrassi done leveled up🔥,1,0,2024-04-14T23:34:50Z,2024-04-14T23:34:50Z
UgzdvjmZCmJDr_2qbhJ4AaABAg,@mustapham.kallay5246,This is not a reaction channel. This is a breakdown channel. ✌️💙,1,0,2024-04-15T11:50:24Z,2024-04-15T11:50:24Z
Ugx0bkWAnkahWHjfDFZ4AaABAg,@bankstwenty,"You behind pimpin.  Symba diss J. Cole, and Rick Ross diss Drake 😂",0,0,2024-04-14T21:35:51Z,2024-04-14T21:35:51Z
UgwpcQGnzeYxVKrPxoR4AaABAg,@zetch420,"Three beat switches kendrick saying ""hope you came with three switches""",0,0,2024-05-10T15:31:24Z,2024-05-10T15:31:24Z
UgzCBKJaVC7Ow4au77J4AaABAg,@AleaKat,I’m more of a Kendrick fan but yeah this was good.,1,0,2026-08-06T21:44:50Z,2026-08-06T21:44:50Z
UgwJYvPHsUgjop7tN7R4AaABAg,@soularprimestudios5930,Michael Jackson had a son name Prince......let that sink in Drake was clever woth that one....😂,0,0,2024-04-14T21:01:47Z,2024-04-14T21:01:47Z
UgwcI456Ov38RjG_GBp4AaABAg,@SupershowSleek,Knox says shout out to Drake for standing up and going against 20 motherfuckers right now that's lit bro 😂😂😂😂😂😂 like that 😂😂😂😂,0,0,2024-04-14T21:05:59Z,2024-04-14T21:05:59Z
Ugyfn9wK6TKMnFV4u8h4AaABAg,@TheRealPrimeOne,The part where Drake goes “uggghh” could also be a reference to Pusha T. He was mentioning “push-ups” right before that and Pusha’s signature ad-lib is “yuuugh.”,0,0,2024-04-16T14:05:18Z,2024-04-16T14:05:18Z
Ugz1YPAKCpaQav1nRKx4AaABAg,@owlinken,"imagine eminem being in this beef :)
i miss when he was always there
he is bigger than that tho but yk it's be cool af to see him beef with good rappers at this age cus he would still kill",1,0,2024-04-15T18:08:45Z,2024-04-15T18:10:26Z
UgyCjRiNQh5w9Q8FD8F4AaABAg,@okertom212,"the only guy who breaks every bar, its more than a reaction channel. shout out to u",0,0,2024-04-15T09:48:26Z,2024-04-15T09:48:26Z
UgzMbuTpzB16E389sA54AaABAg,@xBR000KSx,The chip n dale line was more playing on the “he’s doing stuff for guys” scheme cuz chip n dales was like a magic mike kinda thing.,0,0,2025-01-22T09:14:18Z,2025-01-22T09:14:18Z
Ugy4f1hsBUkxmaZ41U14AaABAg,@GGRIMKRE3P3RR,That ugh!!!! Was the tone Kendrick used on silent hill 🤦‍♂️,1,0,2024-04-14T21:22:58Z,2024-04-14T21:22:58Z
UgxWuNdGm-y2OiCdRDN4AaABAg,@Marcusmillionsgaming,Micheal Jackson son name is also prince 😂,1,0,2024-04-16T06:33:30Z,2024-04-16T06:33:30Z
UgwjsT5RNQ6KOsuE35N4AaABAg,@ashleyhaney56,Your knowledge on the matter is impressive,0,0,2024-04-25T00:56:02Z,2024-04-25T00:56:02Z
UgxNQN9aD6vrrLmULSR4AaABAg,@txmade2102,Drake ghost writer's finly finish the diss track 😂😂,0,0,2024-04-14T21:42:58Z,2024-04-14T21:42:58Z
Ugz1BBiwVWCb8H6CW9V4AaABAg,@JerryAnsahAyim,"Pusha T: The M's count different when baby divides the pie
Drake: Talking splits

Drake is learning from his master.😅",0,0,2024-04-14T20:58:31Z,2024-04-14T20:58:31Z
UgxEqhqFnKQ90otUMeN4AaABAg,@HolyParsival,Clapping at kendricks wife whitney is crazy😂,0,0,2024-04-14T22:33:23Z,2024-04-14T22:33:23Z
UgzPNxXxE-jIG5sNspJ4AaABAg,@jamescabasaan1519,Lol this just like jjk they jumpin on drake😂,0,0,2024-04-14T21:13:42Z,2024-04-14T21:13:42Z
UgwZvucBQQPMmE3DcFN4AaABAg,@SantiagoSanchez-xz3nl,I'm mad J.Cole back track cause that respond slap,0,0,2024-04-14T22:11:59Z,2024-04-14T22:11:59Z
UgzR52AoDNVZpiULlZB4AaABAg,@fire_clips7405,"I've never seen u laugh this hard bro, love it🤞😂",1,0,2024-04-14T21:30:13Z,2024-04-14T21:30:13Z
Ugzi5Z4AGCwzgR6EkFV4AaABAg,@TheHighNerd,Damn Drake let ya know about umg incentivizing Kendrick to diss him with better percentage and ownership on his new contract that was signed before Kendrick dissed him on like that,1,0,2025-09-18T23:02:52Z,2025-09-18T23:02:52Z
UgwuMOKrfkXYlWZtKo14AaABAg,@DarwinAugustin305,I like how Knox Hill breaks down every songs 💯,1,0,2024-04-15T00:17:06Z,2024-04-15T00:17:06Z
UgxDm6UwQFJ6Lgue_l14AaABAg,@MaxxWatt,Eric b piano sample at 16:20. key changes too. keep up people.,0,0,2024-04-18T20:07:50Z,2024-04-18T20:07:50Z
UgwUY6WdmAfqJylukxp4AaABAg,@haydenboos658,Chip n Dale line. Its chip n dale from Disney where they often are running circles around “Pluto”(future),0,0,2024-04-19T14:48:34Z,2024-04-19T14:48:34Z
UgyOtNbeuFEv7Z0yB5l4AaABAg,@theReal_KingK,This has to be the longest time I have seen you go without pausing from the start of the video. The bars were from start to finish😂,0,0,2024-04-17T13:31:51Z,2024-04-17T13:31:51Z
Ugy9kPRezjGIaWNektB4AaABAg,@TCole-eb4wx,"Okayyy... This is what a reaction should look like... When it comes to dots, you line dem up and start connecting em.",0,0,2024-04-14T20:56:32Z,2024-04-14T20:56:32Z
UgyJWZmO6IkSGvSjgMV4AaABAg,@LvUpRED,I only been subbed to you for a week and you're already my favorite breakdown channel. Your persona is genuine. I was watching Queenzflips reaction and he was yelling non stop like a child. Then he thought Drake was dissing Prince in his reaction 😂,0,0,2024-04-15T04:43:19Z,2024-04-15T04:43:19Z
Ugzxxpa5hUc9j4OuCQt4AaABAg,@DJKronikCam710,"For the past week i been thinking he said ""metro shut your whole ass up and make some DRUGS"" but after what you said im trying to see if he said DRUMS (bc he makes beats) but it still sounds like DRUGS to me lol, amazing breakdown as always, im not a drake fan like at all but this one on my daily driver playlist, he snapped on this! I don't like how he used AI Tupac on his new one tho, kinda dumb lol",1,0,2024-04-20T13:59:24Z,2024-04-20T13:59:24Z
Ugwy6y4GQl4-n-1hJ3B4AaABAg,@Philomath324,I was looking for your reaction. Love your breakdowns! 💯 iDC what anyone says Drake did his thang on this track. It’s on repeat.,2,0,2024-04-14T20:26:50Z,2024-04-14T20:27:34Z
UgzLfHxg-OOXw4L3Adx4AaABAg,@J.CashDro,Toughest part about this diss track is 1of the bass-lines sounds like Whats Beef by Biggie🔥💪🏼@10:18,0,0,2024-04-14T21:12:54Z,2024-04-14T21:12:54Z
Ugz9OSnOkwMThCrEBW14AaABAg,@laateenreactieachter,10:34 what a suprise😂,0,0,2024-04-15T06:45:00Z,2024-04-15T06:45:00Z
UgxAGMf6GKTWp-GLf3d4AaABAg,@kerohowgee,"knox the best breakdown channel, he's not only breaking down the bars, but is giving relevant information about other things that's not even in the song.",0,0,2024-04-16T08:11:10Z,2024-04-16T08:11:10Z
UgzRo7NjDWeEnHvA7X14AaABAg,@pxrish2410,One thing i like about Knox hill is that he explains every bar to bar and i love you for tha brotha.,0,0,2024-04-15T07:16:46Z,2024-04-15T07:16:46Z
UgxctspQiZke92CvAtN4AaABAg,@victorreveles6925,That piano give me some Halloween michael myers vibes.. as in he killin em sheesh,0,0,2024-04-14T22:14:28Z,2024-04-14T22:14:28Z
UgyIZyP3lzZudEAc49J4AaABAg,@j0xh_1,I love how bro just looks around his room in shock when rappers do sum crazy,0,0,2024-04-20T23:33:48Z,2024-04-20T23:33:48Z
Ugx34qnb_Xh2GSUtLjZ4AaABAg,@frogskta5150,#BBLDrake 😂who nose?,2,0,2024-04-15T02:19:55Z,2024-04-15T02:19:55Z
Ugyf1SQgCyJ-VAB41xB4AaABAg,@robertashton8533,Anyone over these diss tracks?...create a memorable song ffs😊😊,1,0,2024-04-15T09:18:32Z,2024-04-15T09:18:32Z
UgxDWPsVFWUdZ6-2IwZ4AaABAg,@johnsonaxel8784,That boy got Rick Rolled!,1,0,2024-04-15T18:16:04Z,2024-04-15T18:16:04Z
Ugyth-mfWWqI5jr-MX94AaABAg,@tayo17923,"I like when Knox looks to the left in shock sometimes, 😭",0,0,2024-04-15T02:57:09Z,2024-04-15T02:57:09Z
Ugx7Xi8juYPcCsm-w8d4AaABAg,@N0ne_Saitama,"I am glad to be music fan right now what an era to be in...

PS:- I hope drake watches this reaction and smile  while being like finally a youtuber who caught all my references",0,0,2024-04-15T17:23:08Z,2024-04-15T17:23:08Z
UgxsajdAVHtuf1GbCk94AaABAg,@davidcarter5504,Knox knowledge is insane! Best break down of this diss on social media,0,0,2024-04-21T06:04:26Z,2024-04-21T06:04:26Z
Ugzls7qZXDbZGAc7FwB4AaABAg,@scottpearce771,Knox is the final boss of reaction and break down videos!!!!,0,0,2024-04-15T22:07:08Z,2024-04-15T22:07:08Z
UgxgVYGsbEX3zlvSdKR4AaABAg,@harolddd3,Knox got me crying wit his facial expressions after every bar 😂😭,0,0,2024-04-14T23:04:01Z,2024-04-14T23:04:01Z
UgyccCXzLtBNO0skm2B4AaABAg,@tavoymoore7981,Hands down the greatest reaction and breakdown to this diss track in the UNIVERSE!🎉 Great job KNOXX!,1,1,2024-04-16T13:41:35Z,2024-04-16T13:41:35Z
UgzsZEUmPkH_gSO_tIN4AaABAg,@BargedIn,I love how you shouted out Caskey on this!,0,0,2024-04-15T06:38:50Z,2024-04-15T06:38:50Z
UgxGnPgXUfmq-NhcIM54AaABAg,@TheRealNagato,Tbh I almost think the “top wanna piece it up?” Is a reference to YB’s verse in “Fuck the Industry” NBAYB also goes by Top. Drake also says “now you’re on your own when you speakin up” alluding to YB being one of the few who speaks out on how the industry clicks up and targets whoever’s on top.,0,0,2024-04-18T22:27:54Z,2024-04-18T22:27:54Z
Ugzm0qoAbas21MJdJZ14AaABAg,@miggyy69,The fake laugh about the metro bar😂 d riding ahh reaction,1,1,2025-02-04T23:35:48Z,2025-02-04T23:35:48Z
Ugy3-5vhouSGkQoimeV4AaABAg,@aboogie8,Even the adlibs dissing 😂😂😂 that’s a bar,0,0,2024-04-15T02:11:02Z,2024-04-15T02:11:02Z
UgwQseMnTpdjtfS1DXp4AaABAg,@iceman6846,"That shout out for Ja, references to the gun issues he got.",0,0,2024-04-15T04:16:08Z,2024-04-15T04:16:08Z
UgxlQtax0ZO3NgjkLzd4AaABAg,@AnOvergrownPomsky,I definitely been waiting for this one because I don’t know any of the references because I don’t listen to drake or Kendrick or j Cole or the others.,0,0,2024-04-14T22:11:00Z,2024-04-14T22:11:00Z
UgxZlsKVHrTG6j2jt7h4AaABAg,@andychintapalli4806,"There's a triple entendre with the Prince bar too, Michael Jackson's son is named Prince Jackson",0,0,2024-04-15T01:24:57Z,2024-04-15T01:24:57Z
UgzTWYNTL5gTgkP1hih4AaABAg,@XIII76448,Emasculate with the full breakdown so people understand just how hard he went. You’re the goat of your craft Knox.,0,0,2024-04-17T18:33:26Z,2024-04-17T18:33:26Z
UgzRGQQHQxElefnM8lZ4AaABAg,@jessedavis1741,"Listen knox is the king of real breakdown I like no life shaq, but that dude should duck when he walks cause there’s bars everywhere over his head!",2,0,2024-04-14T22:02:30Z,2024-04-14T22:02:30Z
UgwcIzkQqzyTOVKR8rJ4AaABAg,@Ej6Garage,and a top is another word for first sergeant in the army  so the push up line is tough,0,0,2024-04-15T00:25:57Z,2024-04-15T00:25:57Z
UgxFiGfqup8y608Rz6d4AaABAg,@losnamerales3403,"Them low strings on the beat is the same string riff from Notorious B.I.G's ""what's beef"" just in a lower octave 💯",0,0,2024-04-15T14:39:09Z,2024-04-15T14:39:09Z
UgzUSwgRJ7fKjcoJ_g94AaABAg,@sykosocial,"You should check out Conscience - Til the hearse come

Trust.",0,0,2024-04-14T23:05:32Z,2024-04-14T23:05:32Z
Ugz8spLg4wzqZF7N-A94AaABAg,@tradeforcharity,This was a great break down....KH even broke down the adlibs....respect 🔥🔥🔥,0,0,2024-04-15T01:32:22Z,2024-04-15T01:42:57Z
Ugz_VUCv5yOO0IORJhR4AaABAg,@pertreyu9579,"I'm back in a reaction mood lately, and I really like this new style of reacting from you. Listening through a chunk then breaking it down after.",1,0,2024-04-20T21:29:38Z,2024-04-20T21:29:38Z
UgzjrVOSb2C1DmW5rrZ4AaABAg,@ThelitTv1,"Best breakdown so far 
They should be an award section for video reactions",0,0,2024-04-18T10:30:19Z,2024-04-18T10:30:19Z
UgwXpOB47eNPhYeCGIt4AaABAg,@Static.Display,"There is alot of great reactors on youtube, but you are definetly one of the big three",0,0,2024-04-15T06:47:52Z,2024-04-15T06:47:52Z
UgxzlyVPHMqbOgYI-kZ4AaABAg,@Mattt_17,Knox Hill the GOAT YouTube reaction. I thought this diss track was weak af until you broke it down for me. lol,0,0,2024-04-15T01:03:19Z,2024-04-15T01:03:19Z
UgxTHDS7j2vkXR4AX7d4AaABAg,@straightouttazambia2835,"28:53 Kai Cenat bar was probably for Kanye, he's the only one I can think of that recently had interactions with Kai Cenat",0,0,2024-04-15T14:12:13Z,2024-04-15T14:12:13Z
Ugx-SKWM7eE9RpRI0YZ4AaABAg,@NovaaktheKING,Nobody has noticed that the chords in the back are the “What’s Beef” from BIG THATS COLD AF,0,0,2024-04-18T20:51:10Z,2024-04-18T20:51:10Z
Ugxj37AWB99lmH_DWkJ4AaABAg,@rodneyroeroejackson7938,Knox you are by far the best bar breakdown you tuber 💪🏾,2,0,2024-04-14T23:53:41Z,2024-04-14T23:53:41Z
UgwEPfENuRHAEGh8Djd4AaABAg,@kyrabanks6699,I can honestly say that you are the best rap reaction channel on YouTube hands down 🙌🏽🙌🏽🤌🏽💯🔥 I can really tell that you know your shit.  You cover EVERYTHING and don’t cut any corners. I respect you a lot for that 👏🏽👏🏽👌🏽💯,0,0,2024-04-15T00:02:31Z,2024-04-15T00:02:31Z
Ugxk3efpfdDr2GEZvPZ4AaABAg,@terryboyd3277,Also Michael Jackson name is Prince,0,0,2024-04-14T21:17:50Z,2024-04-14T21:17:50Z
UgxJ8mbA4lMt19eLZTV4AaABAg,@GameBreakerGod,Okay you sir have earned a PHD at breaking down BARS! here KING hold this CROWN!,0,0,2024-04-15T13:26:51Z,2024-04-15T13:26:51Z
UgwJaOo-9orG59wzjVx4AaABAg,@alejandroescalera8179,Next: J. Cole appearing on Red Leather dissing Drake,0,0,2024-04-14T21:37:14Z,2024-04-14T21:37:14Z
UgyxBNya3y8nIjL9bVx4AaABAg,@ryandierks9061,I love all this! Hope It just pushes everyone to level up and just solidify identities. Everybody wins when they own their losses. It’s like a mc deep dive to sharpen their dull points. So long as no one drops out. Keep firing cause I’m starting to see the cracks and beauty of all these characters. Best reality show ever for hip hop 😅,0,0,2024-04-15T07:12:42Z,2024-04-15T07:12:42Z
UgydQh4sLi20Q2Ju7-F4AaABAg,@coreyruff8104,Also violins that come in are from Bigs “What’s Beef” just lower but it’s the same melody,0,0,2024-04-15T07:21:48Z,2024-04-15T07:21:48Z
Ugx9LKWH1znMLpEIob54AaABAg,@tomasinasau3309,the beat is nightmare at elmstreet type beat not literally but you can hear him walking down like he stepping down the streets,0,0,2024-04-15T14:41:55Z,2024-04-15T14:41:55Z
Ugy6mgH0KD7vqwb-QnN4AaABAg,@zeineboerebih6724,Knox is defo the therapist friend hes a really good listener. He's catching bar after that fly over my head. Love u man,0,0,2024-04-14T20:33:38Z,2024-04-14T20:33:38Z
UgwPS1q3xJgxMSjOsFJ4AaABAg,@beauty4ashes1112,Best diss reaction/breakdown I’ve seen! Salute 🫡,1,0,2024-04-15T05:31:12Z,2024-04-15T05:31:12Z
Ugxt_EMOssEhgJHupnt4AaABAg,@allovertheplaceoriginals,"Knox, you are the real king. Thank you for making breakdowns, the real breakdowns.",1,0,2024-04-14T22:21:33Z,2024-04-14T22:21:33Z
Ugz1tQ7EzTzDx1cjbXp4AaABAg,@westbronco9066,Knox the 🐐 breakdown YouTuber,1,0,2024-04-14T23:16:32Z,2024-04-14T23:16:32Z
Ugyy2RZTbJGsUTe3W4p4AaABAg,@zavieretherton8226,The chip and dale bar was for future main characters name is Pluto,0,0,2024-04-19T12:49:13Z,2024-04-19T12:49:13Z
Ugx3-PYePepFtTHCL_J4AaABAg,@Mii1BETTA,. WAYNE WROTE IT..ARBRI READED IT.....JAPAN BAR @ROCKY😅😅😅😅,0,0,2024-04-14T21:26:36Z,2024-04-14T21:26:36Z
UgzmG-n9eQtZPfp2qLF4AaABAg,@cjb788,The big in japan is also a shot at the weekend. Cause the weeknd has a album called weekend in japan. He letting abel know straight out the gate to start listening.,0,0,2024-04-15T06:49:46Z,2024-04-15T06:49:46Z
UgzzBPrN_veKtgV9E354AaABAg,@MAN-Q,@KnoxHill is the best when it boils down to breaking the bars down... NO CAP!!!!,0,0,2024-04-14T23:01:05Z,2024-04-14T23:01:05Z
UgzSP1AFxoh8uRz_LqJ4AaABAg,@angeljmccoy,Dang...the song fire on its own...with this breakdown this shyt dam near genius!! Much respect to you and I give Drake some dap b/c he came hard and went in against many...solo. 💯,0,0,2024-04-15T04:08:08Z,2024-04-15T04:08:08Z
Ugx4xdY-ZxK70JQ1aup4AaABAg,@Flooma_1,Fun fact about the Rolling Loud line and the BM line supposedly the lyrics from RL and the released version of Like that is different (from Akademics),0,0,2024-04-15T12:35:54Z,2024-04-15T12:35:54Z
UgzNX5flT5OYjGavNZR4AaABAg,@25WestOfficial,Bro “the way you doing splits your pants might rip” doing splits like splitting his revenue that’s hard,0,0,2024-04-17T06:29:53Z,2024-04-17T06:29:53Z
UgzqUKgYdmywqJdfua54AaABAg,@ksb5325,"What he said is exactly what I was thinking. On another reactor channel, they covered the diss. I ain’t gonna say who, but he tried to downplay that shit.",1,0,2024-04-14T21:52:09Z,2024-04-14T21:52:09Z
Ugz12DPMO_hC3iYNV6Z4AaABAg,@Itsrafael,I love the way you break every lyrics down better than genius fr,0,0,2024-04-20T20:52:20Z,2024-04-20T20:52:20Z
UgxN6msYImDE0rG3McJ4AaABAg,@tropical9913,"This is going in the history books of hip-hop diss tracks, and who knows what Kendrick and Drake are gonna drop next because music wise it will be nuclear ☢.",0,0,2024-04-14T22:33:02Z,2024-04-14T22:33:02Z
UgxCTo4yHKSR_g1Hp2N4AaABAg,@andrewconselyea7,"One more i alsp thght at the end he said ""peachy"" i was like thats weak hahaha how soft but im glad u cleared that up..",0,0,2024-04-17T21:14:54Z,2024-04-17T21:14:54Z
Ugx-mLhqEb5F0O-Z82t4AaABAg,@mariusconstance6497,Just discovered your channe today.this about the 6th reaction iv'e seen to this song and this the best breakdown .love the way you listen before pausing over the song..i'm officialy a fan..keep it up ❤🤝🏾,2,0,2024-04-16T16:24:43Z,2024-04-16T16:24:43Z
UgxaA96iNTcRLjk52Xd4AaABAg,@PuffyPandaOG,"I swear, you and every other reactor are working overtime. 😂",0,0,2024-04-15T03:57:20Z,2024-04-15T03:57:20Z
UgyMrMleot5AZZd4Fup4AaABAg,@SaraAndJunesAdventures,"I feel like some people miss this one as well. I did it first but I saw someone catch this and I had to share it. 
""Drizzy Chip n Dale, probably got your 
 b!tch Chanel.""
Chippendale were known for constantly  outsmarting Pluto in the tv show
(Future's nickname is Pluto if anybody's wondering but I'm sure most know)",0,0,2024-04-15T16:19:42Z,2024-04-15T16:19:42Z
Ugx1B6ePgb8TIEtBs654AaABAg,@BrandonMcKinnon-h1p,"dude - you're the best in the review game, well done man. #647",0,0,2025-04-04T17:42:56Z,2025-04-04T17:42:56Z
UgwOT8zm3jh_mZTbJhl4AaABAg,@phildegregorio7119,THIS era of drake is the one I been waiting on👏🏻,0,0,2024-04-20T14:09:28Z,2024-04-20T14:09:28Z
UgyKFJbXtG2oHDW8oJ94AaABAg,@sharpwhits0167,"I'm not even a Drake fan, but homeboy talkin that shit. I'm feeling it.",0,0,2024-04-16T11:48:36Z,2024-04-16T11:48:36Z
UgyDmvm7ADAV46LN91V4AaABAg,@joeymims5852,"Who else was waiting for him to say something about Diddy, with all the iddy lines around 2:00 mark??",0,0,2024-04-15T21:57:59Z,2024-04-15T21:58:21Z
UgyV_7Z3fJ5wP495sJh4AaABAg,@scoot5342,No one breaks down a diss and also knows the history like ya boy Knox. Have to get this analysis,0,0,2024-04-14T21:02:58Z,2024-04-14T21:02:58Z
UgzC-5s5uPv_mG_IZS94AaABAg,@ronunusi,By far the best breakdown so far about this diss track💯,0,0,2024-04-14T22:23:44Z,2024-04-14T22:23:44Z
UgzSwr6y1XQqcqjRhbd4AaABAg,@guthrie_michael003,I love your breakdowns. You the only one who give us knowledge and information on every bar. My only problem with drake tho is I can't be sure he wrote this and didn't have a team on ghost writers.,0,0,2024-04-15T08:23:45Z,2024-04-15T08:23:45Z
UgwxW3i-4FenjZRxNf14AaABAg,@scotthopecarithers433,"Knox I literally only listen to you break these bars down . 
I truly enjoy your insight ! Keep being you",0,0,2024-05-07T00:56:09Z,2024-05-07T00:56:09Z
UgzetSqN3Wtfx-JWX3V4AaABAg,@CTownBlack,Drake and Dot clouting everybody up 🔥🔥🔥🔥🔥,0,0,2024-04-15T00:50:05Z,2024-04-15T00:50:05Z
Ugzru-9aK3Z7ZHTVqJp4AaABAg,@ludwigrinehart9941,"Another great listening recommendation shall always be eminem's vintage biterphobia, but it really doesn't matter. Everyone knows you will murder any breakdown with exact precision.",1,0,2024-04-15T05:41:00Z,2024-04-15T05:41:00Z
Ugwf-eo7gnWBcPd0fXp4AaABAg,@abdullahrauf2,bro knox has one of  the best breakdown channels 🥵,0,0,2024-04-15T02:52:30Z,2024-04-15T02:52:30Z
Ugy7qZD6dunRkXlmar94AaABAg,@HIMWIH,This is the best breakdown I’ve seen on this! Subscribed 👌,1,0,2024-04-16T11:03:03Z,2024-04-16T11:03:03Z
UgyuTZ2ueQHk5_xPzg54AaABAg,@chrisg6986,"Knox best breakdown of all, Shaq best hype 😁 Stevie hated too hard on this one 🤣",0,0,2024-04-16T01:36:42Z,2024-04-16T01:36:42Z
UgwM3A5RLJrrtEGeR-x4AaABAg,@JrCardistry,I been following Stevie for awhile but he is like wearing blinders whenever kendrick is involved. Like not even trying to break the bars down. It was like night n day watching this after his.,0,0,2024-04-15T03:01:52Z,2024-04-15T03:01:52Z
Ugx9fvWrrc_nYfJPaY94AaABAg,@layzie_6546,"I love watching your reactions, you always break down every bar and have knowledge of Hip Hop in general",1,0,2024-04-16T23:57:35Z,2024-04-16T23:57:35Z
UgwZpmGLepf693p4Sd54AaABAg,@litingwakelesia,"I watch other reactions for jests. But when I am on this Hill, it's education and facts, fatten my trivia for arguments out there.",0,0,2024-04-14T22:15:16Z,2024-04-14T22:15:16Z
UgzOG0gIE0LpK-6Oc9N4AaABAg,@joecrum3712,Knox Hill is Knox Hill certified! Lol Breakdown King!,0,0,2024-04-15T00:55:58Z,2024-04-15T00:55:58Z
UgwNvQQ8m7Xd-t5r_RV4AaABAg,@donovanwilliams4545,Your like the only reaction who know what he’s talking about right off rip! Good shit my guy!,0,0,2024-04-14T20:58:39Z,2024-04-14T20:58:39Z
Ugw36-WOghdHX9HJSVB4AaABAg,@Vik8a,Bruh. You KILLED this breakdown! Like KILLLEDDDD THIS,0,0,2024-04-15T06:10:39Z,2024-04-15T06:10:39Z
Ugz_jOUVPIHkRZRIOpF4AaABAg,@GGRIMKRE3P3RR,The first number one wasn’t from certified lover boy. That was from a collab from some 2015 track.,0,0,2024-04-14T21:20:03Z,2024-04-14T21:20:03Z
UgxrnzSI0y1ykavEE6N4AaABAg,@tuacakellypoet,Toronto came with it. KH Broke it down. Standing Ovation Nephew!,0,0,2024-04-15T14:46:04Z,2024-04-15T14:46:04Z
UgwKg9pGydvyikAfblt4AaABAg,@Weldad,"When he said cuff em like I'm Ricky, right before that he said they got me talking like I'm 50. Remember 50 did a skit in jail, and photoshopped rick face on the CO and called him officer Ricky. Man a genius.",0,0,2024-04-18T22:17:15Z,2024-04-18T22:17:15Z
UgyqZ4Qf-EpshIdbmLl4AaABAg,@dgrock2484,Nobody breaks it down  like this man,0,0,2024-04-18T03:51:13Z,2024-04-18T03:51:13Z
Ugy0L8yEiQZt8CoFLJt4AaABAg,@graphic_titan,Ive watched a dozen breakdowns and this is the best by far,0,0,2024-04-15T18:05:26Z,2024-04-15T18:05:26Z
UgxBKBxjKLumUU40G6d4AaABAg,@Benjammin863,Early drake much better but also could be bias bc of those were some times pivotal times in my life that I resonated with,0,0,2024-04-14T21:30:14Z,2024-04-14T21:30:14Z
UgyKZJooz4mrQm-YtGF4AaABAg,@AndyBtattoos,Still waiting on them Pusha T shots!👂🏼😂 Pusha needs to hop on this metro boomin album,0,0,2024-04-15T03:37:08Z,2024-04-15T03:37:08Z
UgyFAv0FK5s7IGogHCV4AaABAg,@checkpointthelabel1125,Chip n dale rescue rangers always outsmarted Pluto (future),0,0,2024-04-18T17:21:18Z,2024-04-18T17:21:18Z
UgwgFf-ULid3sFHTrIN4AaABAg,@Kishi10,Best breakdowns on the internet,1,0,2024-04-15T01:14:52Z,2024-04-15T01:14:52Z
UgwlTygdib0gWaoZ0uF4AaABAg,@DangerCat-l2n,Knox hill gotta get more credit for these breakdowns 💯,0,0,2024-04-14T23:32:36Z,2024-04-14T23:32:36Z
Ugy0aWTtMrPZOCcpU894AaABAg,@TheLurch11,"The ""hope they Michigan"" and whatever the Boston one was lmaoo reached so hard he fell over that almost seems like satire it works so poorly",0,0,2024-04-16T13:57:41Z,2024-04-16T13:57:41Z
Ugy2qhoqf750dgiTOfp4AaABAg,@thefashionablyfitlife7676,Also when he said prince is the son to a king. Remember Michael's son's name is also Prince,0,0,2024-04-22T21:53:18Z,2024-04-22T21:53:18Z
UgyJbcJXiDy1ZwVmplR4AaABAg,@cmac4625,The Prince-King line is even more insane bc Michael Jackson’s oldest son is named Prince🤯,0,0,2024-04-15T04:46:52Z,2024-04-15T04:46:52Z
UgzY7tSZb43WHfTuKEB4AaABAg,@thepearlswirl,This is the best break down I've seen so far. You crushed this🎉 first time here❤,0,0,2024-04-18T16:59:11Z,2024-04-18T16:59:11Z
UgwXs-p637BYzQZAScd4AaABAg,@Slicksta,Drake in a 20v1 and still winning lmaooo,1,0,2024-04-14T21:14:22Z,2024-04-14T21:14:22Z
UgyqKg2G_Ejg5rkKchd4AaABAg,@kazrko,The piano is giving me horror movie Halloween vibes,0,0,2024-04-15T16:58:25Z,2024-04-15T16:58:25Z
UgwY9KHQLYYGaL75KEx4AaABAg,@jacobl.s.9467,"Drake absolutely cooked all the cast offs 😆🔥

Great breakdown mayne ✅️",0,0,2024-04-14T23:41:24Z,2024-04-14T23:41:24Z
Ugxlmp1hDSr3u6AjuP14AaABAg,@Crevoriris,Bro fr your the best rap reaction breakdown 🏆 YouTuber on YouTube really impress this why stick since 2022 you got a loyal fan always breaking things classic 😌🧠,1,0,2024-04-15T02:33:42Z,2024-04-15T02:33:42Z
UgyOSFfuXao8HnlGq3t4AaABAg,@AnOvergrownPomsky,I definitely been waiting for this one because I don’t know any of the references because I don’t listen to drake or Kendrick or j Cole or the others.,0,0,2024-04-14T22:10:31Z,2024-04-14T22:10:31Z
Ugw9kkO_cK_UuYjWj-h4AaABAg,@jayconvo,"Me, Waiting for the Tom MacDonald - ""God Mode"" Reaction, but also trying not to force a reaction 😇",0,0,2024-04-14T20:39:50Z,2024-04-14T20:39:50Z
UgzFqAQsTwRpZIQcsL54AaABAg,@KiddJordan251,Knox I haven’t even watched the vid yet but OMG that intro song was BAR HEAVY!!!,0,0,2024-04-15T05:27:11Z,2024-04-15T05:27:11Z
UgzFMkpPBbPu0ciC1654AaABAg,@Rowebott,Chip N Dale is an old cartoon and their rival is Pluto. “drizzy chip n dale”,0,0,2024-04-16T12:07:41Z,2024-04-16T12:07:41Z
UgwoDNupaKV_xqPEPCV4AaABAg,@BrothermanDeservedforFree,"Best breakdown channel, u caught alot and the knowledge and explanation is immense. Thank you Knox Hill. Really think u need more subs and views on this 🤝🙏",1,0,2024-04-18T12:46:26Z,2024-04-18T12:46:26Z
Ugxl6OPR05gwsk2B_Dl4AaABAg,@AlexPerkins252,I gotta give him this one. I don’t even like Drake but he came way harder than I was expecting.,0,0,2024-04-15T16:04:33Z,2024-04-15T16:04:33Z
Ugxwi65pKwARUnGSfKt4AaABAg,@Isaidit932,Omggg!!! who are you? I just subscribed🙌🏽✨💕🔥  You broke THE 🐐’s BARS DOWNNN!!!! ❤🔥🔥🔥🔥🔥,0,0,2024-04-16T00:34:33Z,2024-04-16T00:34:33Z
UgzW7gq_HNdfXJFynH94AaABAg,@salmah.r9606,"please I would love to see your reaction on this "" Ahmed Mekky - Wala'na"" its so crazyyyyyyyyyyy",0,0,2024-04-14T22:54:16Z,2024-04-14T22:54:16Z
UgwHKtZfT-rlwdJcYyp4AaABAg,@brunosantos4902,Waiting for your breakdown on Rick Ross response. I'm loving every minute of this shit.,0,0,2024-04-15T00:36:23Z,2024-04-15T00:36:23Z
Ugx_qeESk2l9wxP3WmZ4AaABAg,@heathanders86,"I think he's saying ""he's Chip and dales"" like the famous women's dance club. He saying all their girls will run to see him, like running to see other dudes at the strip club lol.",0,0,2024-04-14T22:08:29Z,2024-04-14T22:08:29Z
UgxuDz594TiRDTU-7LZ4AaABAg,@JohnDoe-nw6nr,This might be the best break down I've seen. Have you also seen the Chip n' Dale related to the cartoon related to Pluto in reference to Future?,0,0,2024-04-16T12:44:14Z,2024-04-16T12:44:14Z
UgwuHDHIEg4cza1W6P54AaABAg,@Geeberino,DRAKE SNAPPED LIKE A MF ON THIS ONE 🔥,0,0,2024-04-15T00:24:39Z,2024-04-15T00:24:39Z
Ugw99S1jTQs07H3zZbZ4AaABAg,@TheRedBlueBlur2,Breakdown Master 🙇🏻‍♂️🙇🏻‍♂️,1,0,2024-04-14T23:00:27Z,2024-04-14T23:00:27Z
Ugxo1lkUjw0VytYCraZ4AaABAg,@thedistortedguy,Thank god we have knox to explain. From India❤❤,0,0,2024-05-05T20:52:40Z,2024-05-05T20:52:40Z
UgyyWqQs0Vc_8WjilOR4AaABAg,@Levelupchanger,Kendrick cooking full course meal nxt,1,0,2024-04-15T05:43:27Z,2024-04-15T05:43:27Z
UgxJJty32npNMEtcnzp4AaABAg,@ronakbhanat1096,"Love your reactions Knox hill bro , thanks for being honest & unbiased lots of love ( & yes always appreciate the detailed break down of every line , keep it up bro ✨❤😄 ) .",1,0,2024-04-16T14:58:03Z,2024-04-16T14:58:03Z
Ugx42xoCiCwIRtYq-XF4AaABAg,@dakprescottsattorney7906,The chip and dale bar might be….the main villian in chip and dale was “Pluto”…….future is Pluto lol,0,0,2024-12-18T01:33:55Z,2024-12-18T01:33:55Z
UgwqPSVlxa_v5eEjkiZ4AaABAg,@jessicamurray3940,How does this video only have 179k views?? Great job love your breakdowns. ❤,0,0,2024-04-16T12:48:42Z,2024-04-16T12:48:42Z
Ugz3R5UEsSGjnD4Q1zR4AaABAg,@ActionXStudios,"The beat also samples Biggie Smalls beat "" what's beef"". That in itself is a subliminal shot by Drake, like what's beef. This ain't beef but light work.",0,0,2024-04-15T05:12:10Z,2024-04-15T05:12:10Z
UgzEfZwRrxUwNHxjNL54AaABAg,@CherryWaffles02,"what a good breakdown, favorite one so farrrrrrrrrrrrrrrrrr",0,0,2024-04-16T02:04:33Z,2024-04-16T02:04:33Z
Ugx6Q-vtjdVf5bJuNZF4AaABAg,@flickertit,Piano reminds me of No Apologies,0,0,2024-04-17T16:52:37Z,2024-04-17T16:52:37Z
UgxE0Pu4W_YK8pF4w6R4AaABAg,@MitchMeetings,Been waiting for this to get all back ground,0,0,2024-04-15T01:51:46Z,2024-04-15T01:51:46Z
UgzeL-jmmEN6-6Bij2x4AaABAg,@nuance7183,damn i really appreciated the production breakdown! dope beat,1,0,2024-04-14T21:11:31Z,2024-04-14T21:11:31Z
UgzAYpUV57XZBlJbGjN4AaABAg,@gwmd1337,"""I'm out in Tokyo because I'm big in Japan"" is such a slept on good line. Obviously recognising the worldwide status of drake, but also the leaked video of him handling is meat. ""Big In Japan"" play on words for ""Big in my pants"" etc. + kendrick being short psychologically saying kendrick not packing meat LOL.",0,0,2024-04-18T14:13:28Z,2024-04-18T14:13:28Z
UgyrlLnygwy90XDjaHp4AaABAg,@AmmosB,feel like we need 50 to come back rn😅,0,0,2024-04-14T21:06:29Z,2024-04-14T21:06:29Z
Ugxq0yErGn7BpWdEO0Z4AaABAg,@Zezzurp,"Drizzy chip n dale, refers to chip n dale show always out smarting Pluto from Mickey Mouse.",0,0,2024-04-16T14:58:49Z,2024-04-16T14:58:49Z
UgyanKWi9ClKg-CAsxx4AaABAg,@halo2bullseye922,You broke this down well.  Thanks for this!!,1,0,2024-04-16T04:08:05Z,2024-04-16T04:08:05Z
Ugy4iSs6oU7QJQ7dK7J4AaABAg,@kendracyr1952,"Anyone else see the similarities between this song and “money in the grave”,? Especially the first flow",0,0,2024-04-15T01:26:09Z,2024-04-15T01:26:09Z
Ugw8mVGBKpo1X5PDaOh4AaABAg,@Giftcard.8,These breakdowns are amazing. I appreciate this in a whole new way now,0,0,2024-04-15T06:20:14Z,2024-04-15T06:20:14Z
UgxsmepYXmXNbN-aH8Z4AaABAg,@Mii1BETTA,If THEY RAID THE STUDIOS THEY WILL FIND A WAYNE REFERENCE FOR DRAKE BEEF SONGS 😅😅😅😅😅,0,0,2024-04-14T21:37:16Z,2024-04-14T21:37:16Z
UgxSDuCmn6TOhf6UT-x4AaABAg,@jakesmall3454,Always come to Knox for good breakdown videos 🫡,0,0,2024-04-15T00:29:46Z,2024-04-15T00:29:46Z
UgzZ29vBnEtVtdN6b894AaABAg,@FukemKeepGrindin,You’re the most solid with the breakdowns of the bars!,0,0,2024-04-17T13:41:27Z,2024-04-17T13:41:27Z
UgyNlTyqUx4CpYfNzV94AaABAg,@internetrecap5565,God Damn Knox Hill Break Down #1,0,0,2024-04-16T11:33:21Z,2024-04-16T11:33:21Z
Ugzh36E0YHRZPeoq4oV4AaABAg,@SpeckNV,"Knox, you are masterful with the breakdowns. Top dawg",1,0,2024-04-18T14:08:53Z,2024-04-18T14:08:53Z
UgzDS7AuO4Yn1jzDpq14AaABAg,@PDro11,"Mad i only just recently found out about Knox channel. But glad i did. Best breakdowns out there. Not over the top screaming. Straight to the point.

Good on you for saying its solid. I said the same Saturday when i heard it. Not the best, but in the trade offs currently, its right behind 7min drill. Drake is letting it be known play time is over. His last bar of the song is him saying he knows where the skeletons are buried, dont force his hand. But i have a feeling it will go there given he's up against a few people.",2,1,2024-04-16T06:20:20Z,2024-04-16T06:43:59Z
Ugxf-0hBANQeVP0Go4p4AaABAg,@oldedsladies,You and No Life Shaq are the best at this ish,0,0,2024-04-17T06:52:25Z,2024-04-17T06:52:25Z
UgwboTlPyWxZ1YMu__V4AaABAg,@tackyzack8693,That BM kiss and tell shot was at ASAP,0,0,2024-04-15T13:04:03Z,2024-04-15T13:04:03Z
UgwwOhCl5uIwzBkKkaN4AaABAg,@brainirritated,when the diss dropped i immediately checked knox for a breakdown,0,0,2024-04-15T19:54:05Z,2024-04-15T19:54:05Z
UgxZgIoMthbBIv0qJmN4AaABAg,@moniqueashleigh,The best break down i’ve ever seen. BRAVO 👏 👏,0,0,2024-04-15T01:29:13Z,2024-04-15T01:29:13Z
UgwPQyYfrOD6L79XQcR4AaABAg,@JaamesOsborne,"OMG i've been waiting for someone to say it reminds them of caskey's flow! listen to Mcqueen fiend from like 42 seconds in and then listen to the drake diss again and you'll definitely hear it

especially this bit  ""This the bark with the bite, what's up?
I know my picture on the wall when y'all cook up
Extortion baby, whole career you been shook up
'Cause Top told you drop and give me fifty like some push-ups, huh""",0,0,2024-04-14T22:53:40Z,2024-04-14T22:55:23Z
UgyYO2Hvz0krgaF98pN4AaABAg,@crisisconverted,You a real one Knox,1,0,2024-04-15T02:13:34Z,2024-04-15T02:13:34Z
Ugx2yUSNPxwTU7gL8B94AaABAg,@juse4507,"I cannot wait for kung fu Kenny to go super saiyan. The control verse, the bet cypher, family ties, and like that were all just warnings in response to little sneak disses. Now he’s got a direct target. If this man don’t respond soon the argument is over tho.",0,0,2024-04-17T21:34:36Z,2024-04-17T21:34:36Z
UgzqIXlNpcYEDPgbkEl4AaABAg,@suesee4855,"Knox, this can't touch your last two songs. But I did like the Swifty bar.  Looking forward to your next song. Much love ❤️ Sue",0,0,2024-04-15T02:06:57Z,2024-04-15T02:06:57Z
Ugz6cKaZJSGfUdSeeyN4AaABAg,@dallasteichrob62,"never thought id want it, but i need an EM & Drizzy song in ems new album",0,0,2024-04-16T19:43:33Z,2024-04-16T19:43:33Z
UgzxPLTBHVs9VHz3m7d4AaABAg,@Thehouseoftatum,I just found you and you are the goat at breaking these bars down.  You're appreciated 😂,1,0,2024-04-14T23:13:05Z,2024-04-14T23:13:05Z
UgxNDDUruBjBQ5LhZCR4AaABAg,@itsyaboylucky,who here 1 year later? 😂,1,0,2025-06-16T22:13:43Z,2025-06-16T22:13:43Z
Ugwt_xWzfP7kCgXLd4R4AaABAg,@melanatedhoneyb2084,Ciara has a song called Kiss and Tell(a baby by Future)...also Travis bm is Kylie Jenner...it's long-rumored that she had a thing with Drake.,0,0,2024-04-21T18:52:54Z,2024-04-21T18:52:54Z
UgwD5ET3LzZbXLOftml4AaABAg,@beautyistifanus8794,DRAKE WINNING THE WAR WE WAITING ON THE WAR ❤️‍🔥❤️‍🔥❤️‍🔥❤️‍🔥❤️‍🔥❤️‍🔥❤️‍🔥❤️‍🔥❤️‍🔥❤️‍🔥❤️‍🔥let the war begin,0,0,2024-04-16T23:13:53Z,2024-04-16T23:43:26Z
UgzrgejYWTE9MTn-wAt4AaABAg,@ambition1066,"Absolutely ruthless by drake, banger",0,0,2024-04-18T14:22:13Z,2024-04-18T14:22:13Z
UgwP6ZEgI01P4eaNQkd4AaABAg,@aljerohasselmeyer9860,When a heard the aong i was like. I dont like it much but im sure there are some hard bars there. Now you break i mean DAMNNNnn. Now i get what 50 was saying.,0,0,2024-04-15T10:41:52Z,2024-04-15T10:41:52Z
UgwGIt2EWh13_6gP1mN4AaABAg,@HybridFitCT,I was waiting on you Knox!!! Good shit my g!!,1,0,2024-04-15T00:58:24Z,2024-04-15T00:58:24Z
UgzJ3Vj7pI-MFAesaJd4AaABAg,@MaNaZaKi11,Yoo that Intro song is crazyyy!,0,0,2024-04-14T21:48:21Z,2024-04-14T21:48:21Z
Ugx-LCaqi5A0y7lnF7V4AaABAg,@malanderson8292,"Hey Knox!!! Keep up the great work!!!! Love your breakdowns!!!! Also, with the from the 6 and running from the 6 line. Future is from Zone 6 in Atlanta.",0,0,2024-04-15T01:02:06Z,2024-04-15T01:02:06Z
Ugxl2wBD-vQGL9kNyM54AaABAg,@keananpetrus353,Knox u are the best at breaking these bars down,0,0,2024-04-14T20:59:25Z,2024-04-14T20:59:25Z
UgyX3LDYU7Mk7201IMl4AaABAg,@patrickhamning1734,Real talk I do not give a damn if Drake had a ghostwriter for this. This delivery is bonkers,0,0,2024-04-14T21:13:50Z,2024-04-14T21:13:50Z
UgzBiy2OXy2oZC5gHYV4AaABAg,@deebee4206,"My goodness, i f**kin loved the breakdown, my guy! A def new sub for me. 🤙🏽",0,0,2024-04-15T03:40:25Z,2024-04-15T03:40:25Z
UgzHFBoi9zJLsiWFUUZ4AaABAg,@emmamarriott,Knox is the breakdown. King 🤴,0,0,2024-04-16T13:08:29Z,2024-04-16T13:08:29Z
UgzuELU6600t9Gy83N54AaABAg,@JohnnySVO,"Instant follow, I’m fw the breakdown and vibes ✊🏾",1,0,2024-04-15T16:11:40Z,2024-04-15T16:11:40Z
UgzQ-phsmJVqKJB9h4x4AaABAg,@JeremiahBrown-c4d,Drake is on some vybz kartel isshhh!! Killing everybody,0,0,2024-04-15T04:35:27Z,2024-04-15T04:35:27Z
UgyK-J_bxCsg9Nepbyh4AaABAg,@rodelite6129,That Metro line 😂😂😂,0,0,2024-04-15T00:30:52Z,2024-04-15T00:30:52Z
UgxgPxiMFBK7aZE-9a94AaABAg,@savagemike8472,The hooper doing the Griddy line is for Brooks,0,0,2024-04-15T14:06:45Z,2024-04-15T14:06:45Z
UgxVDCegNDsOs2nuivh4AaABAg,@ludwigrinehart9941,J. Cole fire squad has a great rap performance from him. He comes off as truly intimidating like listening to dooms jjgovener,0,0,2024-04-15T05:36:07Z,2024-04-15T05:36:07Z
Ugz5YtjWFBe1zefciSF4AaABAg,@G.H.M.,"Imma be honest, my respect for Drake has gone up after this song dropped. I haven’t liked most of his recent stuff cuz he’s sounded like he doesn’t care, but in this track, I could hear the passion. Man has talent, just wish he would show that more",0,0,2024-04-14T20:48:46Z,2024-04-14T20:48:46Z
UgxHbOdk_T4VX61FZgp4AaABAg,@SwagGodly,I think the “If ur BM start to kiss and tell” was targeted towards ASAP Rocky and Rihiana,0,0,2024-04-14T22:57:41Z,2024-04-14T22:57:41Z
UgxFNksqaEtaMqxnpKt4AaABAg,@AblestAsain,This breakdown in insane 🙏🏽 good shit Knox💪🏽,0,0,2024-04-15T00:25:47Z,2024-04-15T00:25:47Z
UgydNG6bosRYSak_fYd4AaABAg,@elainatramill72,"I’m ready for all out war Wayne Eminem, NAS,red man Luda, busta,jada, even Tip let’s go everybody let’s see who’s the best",0,0,2024-04-14T22:50:16Z,2024-04-14T22:50:16Z
Ugz5siPDmjk8osM_aLF4AaABAg,@Keep_It_THORO,Hands down best bars breakdown 🫡,0,0,2024-04-15T00:42:25Z,2024-04-15T00:42:25Z
UgwGgLL0PXjGKrcfJqp4AaABAg,@hibernate8517,Your intro was fire 🔥🔥,0,0,2024-04-15T02:53:57Z,2024-04-15T02:53:57Z
UgxNwi0c6mcj-rVzDPt4AaABAg,@showmeboy3807,Best break down reaction,0,0,2024-04-15T03:24:16Z,2024-04-15T03:24:16Z
UgxY5OXZV2Ab044fg7B4AaABAg,@Handleth1s,He just said what j cole said about Kendrick down to the switch up ghostwriters be busy 😂😂,0,0,2024-04-16T05:29:46Z,2024-04-16T05:29:46Z
UgyuP_depSR5XFUyXjV4AaABAg,@TheEdwardAlchemist,"Thank you for appreciating the flip Drake is doing with the rapping pop & Swift lines. Fantano & Pat Cc acted like he aint have a leg to stand on wit that, but its obviously the point. Drake gets flak for songs that are sonically ""too pop"" or ""could play at H&M"", but he's never gone and done a blatant pop feature like TS or Maroon 5",0,0,2024-04-18T05:21:48Z,2024-04-18T05:21:48Z
UgwqRE08Taz6nVqWULR4AaABAg,@brandonwegner-xr6tm,The piano giving Jason vibes,0,0,2024-04-14T22:20:25Z,2024-04-14T22:20:25Z
Ugz4r02hFVhghwo9pkF4AaABAg,@Trypdacrypt,bro i couldn't wait sh!t cuzz. 100 loc all luv,0,0,2024-04-14T23:33:07Z,2024-04-14T23:33:07Z
UgwRWIsxS1MGr7P-kfx4AaABAg,@antuanbeard6090,Been waiting for this!!!!!!!!! Never clicked so fast ‘,0,0,2024-04-14T22:03:12Z,2024-04-14T22:03:12Z
Ugxah5Zxgiulaab-McB4AaABAg,@patlap2282,Great breakdown as usual! Thanks!!,0,0,2024-04-14T21:04:34Z,2024-04-14T21:04:34Z
UgzLQVy-QfVGAcv_kPZ4AaABAg,@rachelisaacson4269,"Great reaction. Alright Drake, truth gonna hurt ❤",0,0,2024-04-16T02:57:29Z,2024-04-16T02:57:29Z
UgxOtk2xSK0mpJl5bHV4AaABAg,@jmil021,"Is the “Japan” line not talking about “Tokyo”, the girl Future was with? And the “pushups” line about “Top dawg” controlling Kendrick? Love your content, man!",0,0,2024-04-26T05:39:59Z,2024-04-26T05:39:59Z
UgwC7JRKM8VL_2Os-E54AaABAg,@empirebbk,PGCPS stand up 😂 facts on facts on fax...💪 ak level breakdown,0,0,2024-04-15T16:27:05Z,2024-04-15T16:27:05Z
UgzjXfToSvdA_GJ9edZ4AaABAg,@rl3045,Best reaction I’ve seen 👏🏽,0,0,2024-04-16T15:01:54Z,2024-04-16T15:01:54Z
UgxSmFjWyDC7NODuLZ94AaABAg,@jremylee9264,Mad respect for no subliminals.,0,0,2024-04-16T19:00:54Z,2024-04-16T19:00:54Z
UgyYRs41VoP3H3QwpLR4AaABAg,@wisbenshazel148,Keep cooking bro. Always appreciate your breakdown,0,0,2024-04-15T13:29:24Z,2024-04-15T13:29:24Z
UgyTY84k0O_aHaciusJ4AaABAg,@tuacakellypoet,"I'd like to see one special podcast conversation with you and @@NoLifeShaq discussing this confluence and constellation betwixt Drake, Duckworth, Cole and the old school culture distract .... There's a psychology to it that I'm sure you two will elucidate in a very Knox / Shaq delightful way. Can this happen on a live, please? :)",0,0,2024-04-15T14:51:08Z,2024-04-15T14:51:08Z
UgxVQShHBWhUGjXC1zN4AaABAg,@MexterCLIPS,I like your minecraft stone block sweater knox,0,0,2024-04-16T04:10:31Z,2024-04-16T04:10:31Z
UgzLJ8hJx8yhG5FOghV4AaABAg,@Jaycee-j6k,What about the bar where he says” got me out here talkin like I’m 50 (50 cent)… out here really talking how I’m living”… sounds like a shout out to 50 cent to me.. maybe I’m wrong..?,0,0,2024-04-16T01:19:07Z,2024-04-16T01:19:07Z
UgyJ6lGI7ULyQGS3fC14AaABAg,@baqi007,That intro song hard !,0,0,2024-04-16T09:36:25Z,2024-04-16T09:36:25Z
Ugy2uTBTiPhVpF02In54AaABAg,@tptozngwadi5874,South Africa 🇿🇦 on the Belding,0,0,2024-04-14T21:09:07Z,2024-04-14T21:09:07Z
UgzOuJVUwxFelrZ_z3B4AaABAg,@HaikesXO,Wicked wicked wicked is the reference to Future track.,0,0,2024-04-15T14:19:06Z,2024-04-15T14:20:19Z
Ugw9BCuuKdCmiqe0eg54AaABAg,@matthewhader8370,Since it's beef season I'd like to see Knox react to Piggy Bank by 50 Cent. It seems like Drakes track is inspired by that one.,0,0,2024-04-15T01:37:29Z,2024-04-15T01:37:29Z
Ugx5WWId27-sGjqOO0V4AaABAg,@Leo125Trigger,I like the song in the intro dude 👊👊👊🎉,0,0,2024-04-14T20:48:50Z,2024-04-14T20:48:50Z
UgwCa00kdkN6BnxAs2B4AaABAg,@sabasafo9586,You doing the most... I've been educated on this now lmfu,0,0,2024-04-26T22:31:40Z,2024-04-26T22:31:40Z
UgzHD8c51T0FruAtjLZ4AaABAg,@Drillah,Whats beef! sample playing nicely in background,0,0,2024-04-15T06:02:08Z,2024-04-15T06:02:08Z
UgxevN8C01ybIXmPDQx4AaABAg,@badenriley4379,"This beef is crazy and has given me a lot more respect for these artists, showing they can really rap, not just hit the pop shit. It's getting a bit old now though and I would love to see you break down an independent artist who could use the eyes, Ekoh has a new track out with LO Spirit called Good Things,  it's phenomenal and I think you would really enjoy breaking down ekohs bars. (Day 3)",0,0,2024-04-16T16:27:00Z,2024-04-16T17:46:25Z
Ugz3llIiPgeRUCzIEQF4AaABAg,@damiankelly-i8i,Brilliant breakdown my bro!u have gained a fan...,0,0,2024-04-15T02:03:55Z,2024-04-15T02:03:55Z
Ugz6YJVCgvgdeSalyQ14AaABAg,@SaraAndJunesAdventures,"Yeah go watch ""vibe villa"" reaction on this. They also are really good at catching stuff. Knox hill is the goat at catching bars but these guys are good as well if anybody's interested❤",0,0,2024-04-15T16:14:28Z,2024-04-15T16:14:28Z
Ugw1pEBelo2pdmNjQfh4AaABAg,@eltrinogomez777,"You are tha best, vibevilla next, shout to you knox🎉",0,0,2024-04-15T00:07:27Z,2024-04-15T00:07:27Z
UgwqPLkett7L1U938l14AaABAg,@Big_Carl_,Hey Knox don’t know if you caught this but the Big In Japan is also a nod to Alphaville also could be Drake calling himself the Alpha along side of their worldwide success,0,0,2024-04-15T17:58:57Z,2024-04-15T17:58:57Z
Ugz_RzrYiEaxurCORaZ4AaABAg,@sabermadol6597,Took too long but I’m here for it,0,0,2024-04-15T02:03:53Z,2024-04-15T02:03:53Z
Ugy06_X2tIYmXuJqvm94AaABAg,@Isaidit932,DRAKE WENT CRAZY ON THOSE HATERS!!! SO MANY BARS N  METAPHORS AND PUNCHLINES N DISSES!!!!❤🔥 Drake 💩 on 🥷🥷🥷🥷🥷🥷’s !!!!!!  🙌🏽❤️✨🔥,0,0,2024-04-16T00:37:31Z,2024-04-16T00:37:31Z
UgyeN9T2Kye-g7AZ2e14AaABAg,@jakefansler9951,Please talk to Stevie bro he's tripping,1,0,2024-04-15T00:12:51Z,2024-04-15T00:12:51Z
UgyJDol8ZMiHXsCjY3l4AaABAg,@eddyvargas5735,This shit so good I bet Cole regret saying sorry 😂,0,0,2024-04-15T17:53:42Z,2024-04-15T17:53:42Z
UgxS1_FIn6GrTo00sip4AaABAg,@jp.thecameraman,Solid diss. Well done to the ghost writters,0,0,2024-04-15T23:29:37Z,2024-04-15T23:29:37Z
UgywtV9r-i2b0n3y8X14AaABAg,@suupso1,NEW GLORB SONG CRAZYYYY 🔥🔥🔥,0,0,2024-04-15T13:26:23Z,2024-04-15T13:26:23Z
Ugxbklu6cQMuABvV_lR4AaABAg,@tapiwanashekanyandura4709,Hill you smart the analysis is dope,0,0,2024-04-16T22:27:37Z,2024-04-16T22:27:37Z
Ugy3sXIB9Zud8MQcLHt4AaABAg,@hippopotatomoose,"B.O.B did a song with Swift, too.",0,0,2024-04-15T04:18:22Z,2024-04-15T04:18:22Z
Ugxjl7Cj4veN-h9KCvh4AaABAg,@OriginRed,Bro you went crazy ⚡️🔥🔥🔥,0,0,2024-04-18T03:27:29Z,2024-04-18T03:27:29Z
UgxwdpSyx5NFO6hJ0fd4AaABAg,@Inmate2901,Nailed it.,0,0,2024-04-15T00:11:28Z,2024-04-15T00:11:28Z
UgzhnE9MZ2pglxGVcgZ4AaABAg,@flowstatelabs,Beat is hard af,0,0,2024-04-14T23:22:28Z,2024-04-14T23:22:28Z
UgyoNVM6fdXxpGdRUIx4AaABAg,@bryanduran7,top tier reaction! ngl,0,0,2024-04-15T16:42:09Z,2024-04-15T16:42:09Z
Ugwbzg9Gs5UihuQDTvx4AaABAg,@travisgentle3175,Best review everrrrrrr,0,0,2024-04-15T19:08:03Z,2024-04-15T19:08:03Z
UgyjtXEOo1W7_C75CIZ4AaABAg,@KeiRuneArt,So the interscope aftermath lines kinda makes me feel like he got em in que for a big clapback,0,0,2024-04-15T02:17:47Z,2024-04-15T02:17:47Z
UgwtlcFQY9SILiapkvN4AaABAg,@chasingstoke,Eminem - Solider type beat,0,0,2024-04-14T22:59:42Z,2024-04-14T22:59:42Z
UgzrWLH6CmNDVteb44l4AaABAg,@FukemKeepGrindin,@knoxhill kendrick Lamar dropped the new diss call Buck Buck To that!!!,0,0,2024-04-17T14:15:51Z,2024-04-17T14:15:51Z
UgzKDbiJagsxZpulV9t4AaABAg,@sadeeptamang3997,Knox is solid 🫡,0,0,2024-04-15T19:40:09Z,2024-04-15T19:40:09Z
UgywgYi5bqVF726HCQF4AaABAg,@gemini3399,Best breakdown,0,0,2024-04-15T00:57:47Z,2024-04-15T00:57:47Z
UgyXgU8sny8a63SEgw14AaABAg,@alanmurphy1937,Knox you should break down elevator by em. Underrated song in my opinion,0,0,2024-04-16T12:50:06Z,2024-04-16T12:50:06Z
UgwnEvbdIqbS7jntkDx4AaABAg,@ericwilliamson23,The best reaction video!,0,0,2024-04-14T23:33:10Z,2024-04-14T23:33:10Z
UgyeTkUtgMp0mN_b7sJ4AaABAg,@JoseGonzalez-lp6nj,Great breakdown!,1,0,2024-04-14T21:02:19Z,2024-04-14T21:02:19Z
Ugw4V9ZWAJEk9xcjxyd4AaABAg,@ymi9787,"the prince and king bar hits even harder when you know michael jackson has a son named prince, so the prince is actually the son of a king, as michael jackson was always named king of pop and is the father of prince..",0,0,2024-04-14T21:00:25Z,2024-04-14T21:00:25Z
UgzGsvhIqLTPXJ7cQ3t4AaABAg,@amthekc,Bro i dont understand how u r able to break all these bars down at one listen.,1,0,2024-05-11T13:46:51Z,2024-05-11T13:46:51Z
UgxR07DkORJFspnXlTR4AaABAg,@ThelitTv1,Body guards like wtyney is two centered diss cause he was saying that you can't take the chains off me cause i got bodyguards like wtyney the movie and also making reference to Kendrick wife,0,0,2024-04-18T10:33:11Z,2024-04-18T10:33:11Z
Ugzbz53f0d0kFXP8QEZ4AaABAg,@willow_that_girl,I hear what’s beef by biggie in the strings that come in,0,0,2024-04-15T16:33:54Z,2024-04-15T16:33:54Z
Ugw4Fc40d2KjjaMNVRl4AaABAg,@Acelife135,Good break down family💪🏿💯💪🏿,0,0,2024-04-15T03:59:13Z,2024-04-15T03:59:13Z
UgxKvwt60DBsPEo6KzR4AaABAg,@organicrobot0101,Awesome breakdown!,0,0,2024-04-14T21:27:17Z,2024-04-14T21:27:17Z
UgywMzYFiMwYqxCUf_B4AaABAg,@evanscarter8668,You break it down great,0,0,2024-04-14T23:02:10Z,2024-04-14T23:02:10Z
Ugzl5QhAKWhamEiA-nx4AaABAg,@LORDSSEVEN,"Metro Boomin is from Saint Louis Missouri, not Atlanta or Georgia.",0,0,2024-04-14T21:41:43Z,2024-04-14T21:41:43Z
Ugx4iiAIzWwSCJfVzEp4AaABAg,@michaelfampers2237,You are the King!,0,0,2024-04-15T02:05:03Z,2024-04-15T02:05:03Z
Ugx-OSyoOnt3XeaKYLl4AaABAg,@jw2par,Excellent break down,0,0,2024-04-15T09:07:17Z,2024-04-15T09:07:17Z
UgyVlpyCKRAilS8wQPt4AaABAg,@slav7221,Drakes soo sassy and accurate it’s crazy 😂,0,0,2024-04-15T06:23:48Z,2024-04-15T06:23:48Z
UgwSGoVlHsopu24pLEN4AaABAg,@LionsDen313,Best breakdown 👏,0,0,2024-04-14T21:25:45Z,2024-04-14T21:25:45Z
UgzCSrbYeVCFOZZexKp4AaABAg,@andrewconselyea7,And my first thght when i heard the name to meeee drop n give me 50 also means drake is saying hes the general or above kendrick n this war an k dots just a soldier under drake,0,0,2024-04-17T21:08:03Z,2024-04-17T21:08:03Z
UgxGj6lYQ6vtGf3Gyr54AaABAg,@Jaymastia,I hope Kendrick responds.,0,0,2024-04-14T23:13:47Z,2024-04-14T23:13:47Z
UgzGvBoH2wocDPaTOdd4AaABAg,@suxshil,Drake's Ghostwriters done a pretty good job 👍🏼,0,0,2024-04-15T06:17:19Z,2024-04-15T06:17:19Z
UgwoTEkd7ywKdZmQ8E94AaABAg,@nurikrimaa,"Drake telling the truth, they hurts cause truth hurts 💯😂",0,0,2024-04-15T04:20:35Z,2024-04-15T04:20:35Z
UgyOJmeVL7c1FtdK2SV4AaABAg,@Toothless4life,Yes. Drake and his ghost rider gonna stand on business all by themselves 😂😂😂,1,0,2025-03-20T20:59:46Z,2025-03-20T20:59:46Z
UgxsRDff_aCKmBAkjDZ4AaABAg,@IpostRandomVide,Where have you been man,0,0,2024-04-14T22:39:08Z,2024-04-14T22:39:08Z
UgxXgOSy8P-JY6hFVyJ4AaABAg,@kdess001,You got to react to Rick Ross diss track that dropped in 2 hours after Drake's. It's on fire😂🔥🔥,0,0,2024-04-15T11:39:01Z,2024-04-15T11:39:01Z
UgzJgemxStq6IZkxBpB4AaABAg,@StevensFuller2403,Might be Another one Knox hill,0,0,2024-04-15T09:10:22Z,2024-04-15T09:10:22Z
Ugxn7orcETSNo2gafCB4AaABAg,@p90p90,forreals kendrick and future got hit with some lines but goddddamn Metro got BOOOMED~!,0,0,2024-04-15T00:32:02Z,2024-04-15T00:32:02Z
UgwQrBBmAB3ebao8A7Z4AaABAg,@cliffordsmith8230,"I guess the next question would be, which ghostwriter wrote this for Drake?",1,0,2024-04-15T04:55:59Z,2024-04-15T04:55:59Z
UgxLjfWrMuZQvIOjEBR4AaABAg,@dirtyg7256,Michael Jackson also has a son named Prince so it’s a double entendre,0,0,2024-04-23T03:21:58Z,2024-04-23T03:21:58Z
UgwjaOTjm1KPDjNbzBp4AaABAg,@jaydeeC09,breakdown rick ross's response to drake. champagne moments,0,0,2024-04-15T11:18:48Z,2024-04-15T11:18:48Z
UgyAVatmPN92rogEUyd4AaABAg,@danieljenkins5534,"And, Drake, they're gonna turn on you (You) one day too (Too)
And the more you win, the sooner (Sooner) they do
They'll be calling you a trash bin
Sayin' that your new one isn't better than your last and
Even if it is, once they start to turn their backs
They ain't never comin' back",1,0,2024-04-19T23:44:31Z,2024-04-19T23:44:31Z
Ugzc2sR8KCnZqfcbkwV4AaABAg,@bangENT,"""Metro boomin just got boomed"" 😅😂
Thats hard",0,0,2024-04-15T02:37:10Z,2024-04-15T02:37:38Z
Ugy-R3ZiZT1fN968Ju94AaABAg,@PhrankJWhite,6god always watching  . Better Check in OvO,0,0,2024-04-15T02:56:45Z,2024-04-15T02:56:45Z
Ugw5ltvR-VQdMdUxGJx4AaABAg,@Jais7,Drake 🔥🔥,0,0,2024-04-15T22:59:48Z,2024-04-15T22:59:48Z
Ugzc8eYGbJhiu-_AcGl4AaABAg,@DjVtheJESUSsouja,How Drake making a more hard and listenable song than the actua lyrical guys is beyond me bro ... this shi slaps,0,0,2024-04-15T11:19:45Z,2024-04-15T11:19:45Z
UgwPDn5i8X600LMyCMt4AaABAg,@jameslove7911,Forever drake 💥,0,0,2024-04-17T10:03:24Z,2024-04-17T10:03:24Z
UgwTgoqgMTwSsHczhy94AaABAg,@vince2383,French Montana and Rick Ross threw shots at Drake 2 MONTHS AGO with LIL WAYNE on the track  too?! Splash brothers,0,0,2024-04-14T21:39:13Z,2024-04-15T01:59:10Z
UgzD0BQ51sHPhaKHEYV4AaABAg,@CanonMouz,Nobody understands this shit like KH.  Fr,0,0,2024-04-14T22:26:06Z,2024-04-14T22:26:06Z
Ugztf8HsoTgwSaezil54AaABAg,@tiliyanmandari1871,Nah the break down made it even crazier,0,0,2024-04-14T21:28:10Z,2024-04-14T21:28:10Z
UgyV21Yyllkf42tC64B4AaABAg,@andrewconselyea7,"Also that 20 v 1 line was i think a shout out to that new fad people r doing 20 females vs 1 rapper like he turning down all the ""bitches"" u know?",0,0,2024-04-17T20:54:29Z,2024-04-17T20:54:29Z
Ugy9mDoRUR7ZxbV8T-x4AaABAg,@dwightbrown1841,I f with how u break it down.,0,0,2024-04-15T06:59:48Z,2024-04-15T06:59:48Z
UgyJ9ohR8gHEXW65zrx4AaABAg,@StevensFuller2403,He said their merch money feeding us he's mentioning his good business decisions and getting paid by their work of saling merch that's king pin talk the runners are getting the king pin paid from their work,0,0,2024-04-14T21:17:47Z,2024-04-14T21:17:47Z
UgylLwABAP76rktCbwt4AaABAg,@samuelelias9395,I wondering if the line “Give’ EM 50” has an even deeper meening that goes to Eminem and 50 cent just.,0,0,2024-04-16T18:24:56Z,2024-04-16T18:24:56Z
UgwwnXu4TntPO5jPEI94AaABAg,@ryandierks9061,I will say though all these diss tracks should reveal of  the whole production ledger to see who got paid what. There’s just a feel missing when It’s mathematically perfect.  sounds like a team of HBO writers and researchers scripted it. Whoever come on top better demonstrate something bigger than just perfect rhyme schemes,0,0,2024-04-15T07:22:11Z,2024-04-15T07:22:11Z
UgxbG2Eg0aVv-p7bVj94AaABAg,@theglp1athlete,"""Candy man"" on the way...",0,0,2024-04-15T10:54:00Z,2024-04-15T10:54:00Z
Ugw_4VLUFMiGv8UfVoZ4AaABAg,@oalkie,Great job,0,0,2024-04-15T02:45:12Z,2024-04-15T02:45:12Z
UgyCuAW0EuOr74gYJ_d4AaABAg,@IsaiahLewis-dp3uy,Man U smart I love this one,0,0,2024-04-15T12:28:03Z,2024-04-15T12:28:03Z
UgxEJNJSn5Ir_mNednp4AaABAg,@mixedvibes1879,Not a Knox reaction if the camera ain't dying.,0,0,2024-04-18T16:15:56Z,2024-04-18T16:16:08Z
Ugzr9DJyyOa2BxJ1nCB4AaABAg,@Edgardo_Gonzalez,Love the vids Knox,0,0,2024-04-15T03:20:49Z,2024-04-15T03:20:49Z
UgzUCH3p5X73yH0c2Jx4AaABAg,@jayc5756,🔥🔥🔥,1,0,2024-04-14T20:52:50Z,2024-04-14T20:52:50Z
Ugy_Sju7iv3K9mguysl4AaABAg,@lostmic,"Kendrck said he would crashout though... so if you willing to do that then you fighting someone who has nothing to lose if I understand that bar correctly... so we will have to see, man I think kendrick is going to break the internet again. Wack was saying some stuff about Drake being scared on that video in LA and he had to find him because he was hiding somewhere, so I think there is more to the story with that 2 Ts line. Also Drake, started the whole team up thing so him going aginst the world start what you finished, shooters... but this drake clap back flame on. That make some drum bar wasfunny as heck. Man this is what I been missing since the MGK cooking party, love it. We got to talk about Rick thought that 7 hour turn around clap back at drake! or how ever long it was! Nothing but bars sounding like a mob boss everytime he speak... shoutout too.... if you know you know!",0,0,2024-04-14T23:47:33Z,2024-04-14T23:56:33Z
Ugwi-z4h8Sr366XdaCJ4AaABAg,@prod.willcorbin,You are a good one.. subbed 💯,0,0,2024-04-17T17:35:01Z,2024-04-17T17:35:01Z
Ugy5YhLS9oPAu2nYIS14AaABAg,@michaelbaker2841,Are going to do Tom McDonald new video,1,0,2024-04-14T21:34:54Z,2024-04-14T21:34:54Z
UgzIrkgjbhwRX31y9M94AaABAg,@kassdremusic,“It’s nice. But it’s NOT enough”,0,0,2024-04-14T22:08:34Z,2024-04-14T22:08:34Z
UgyFFl2O8PzR0-0QO7R4AaABAg,@sirisaac8266,Drake the typa guy to say 'the way you doing splits your pants might rip',0,0,2024-04-16T06:12:10Z,2024-04-16T06:12:10Z
UgzZOfhclml_e4ebrTp4AaABAg,@tomferguson7641,Itll never happen but can you imagine if metro sent back 💀,1,0,2024-04-14T20:34:49Z,2024-04-14T20:34:49Z
Ugy0Z_yCeAj5ujWQykx4AaABAg,@appatight,Actually you pointed out something about the push up and huuuh but you missed a side of that. Kendrick has the song Silent Hill with Kodak where they say “push these niggas off me like huuuh.”,0,0,2024-04-15T06:59:14Z,2024-04-15T06:59:14Z
UgzK1gbgsB75cm-J3WF4AaABAg,@jerrisivan320,"Still anticipating the upcoming Em’s album with these beefs.

Then imagine Forever Part 2, Zeus remix? or something like that with Drake, Lil Wayne, J. Cole or Big Sean?

Idk, must be a reach but who knows? 🤣",0,0,2024-04-16T16:33:34Z,2024-04-16T16:33:34Z
UgwKg1C_CqJT_MIXa5B4AaABAg,@letsgetyamindright7707,"Did you catch that the beat is ""what's beef"" from biggie",0,0,2024-04-26T05:29:09Z,2024-04-26T05:29:09Z
UgyRuOzSc3mGWe_-qsx4AaABAg,@chrisrickels8271,This shit is fire,0,0,2024-04-15T13:59:17Z,2024-04-15T13:59:17Z
UgxkCFQSjNLH-b_Q-_t4AaABAg,@WhatExitSign,"""Your show money merch money fee to us"" - He's saying that the money that they make off a show is equivalent to the FEES that Drake has to pay on the merch that's sold at his shows. 

For those that don't know: Most large venues, especially the LiveNation venues that they would be in, have a merch team that handles sales during shows and artists pay a percentage of the gross merch sales to the venue to cover that service. He's saying he pays them out more on the fees than anyone else makes on the show itself. That shit is so cold 😂",1,1,2024-04-15T20:49:44Z,2024-04-15T20:49:44Z
UgwelQDkvfNJ-mSruFV4AaABAg,@justinhart5124,Random but since you mentioned chip...you should react to shotty horror chip diss song,0,0,2024-04-18T20:34:53Z,2024-04-18T20:34:53Z
UgzVahV6gr0TJkYn_Nt4AaABAg,@irun360,when Drake was talking about not being from the 6 he was talking about Metro not being from Zone 6 of Atlanta,0,0,2024-04-15T04:47:06Z,2024-04-15T04:47:06Z
UgxgsG_dlZbF_y3Ntp14AaABAg,@Goteckss45,I find it interesting that we all know that Drake uses ghost writes yet Drake is Knox Hill certified so with that same clarification Benzino would also be Knox Hill certified from his song Rap Elvis seeing it was also written by a Ghost writer. @KnoxHill doesn't like Benzino that's why he didn't get the Certification like drake just did 😆,0,0,2024-04-14T23:16:11Z,2024-04-14T23:16:11Z
UgwtKpifClDELLFxbhd4AaABAg,@Sephiroso.,It's crazy what's going on right now and i completely forgot Eminem did call it out on his album when he said people were gonna turn on Drake when he got big enough. Drake literally out here like Thanos vs the whole Avengers. Makes me hate what J Cole did even more tbh. Not even just the apology but hopping on a song with Future is wild given the current times.,0,0,2024-04-14T20:37:04Z,2024-04-14T20:37:04Z
UgzZa2440Y7kYS1vuHR4AaABAg,@5uck3rfr33,That bar “this the bark WITH the bite” is 🔥 basically don’t talk about the shit you going to do.…then not do it. Kendrick taking too long to respond after kicking the shit off. At least Ross had something chambered already.,0,0,2024-04-15T14:49:50Z,2024-04-15T14:49:50Z
Ugxh8SFHlLrmdxVtpsB4AaABAg,@rodelite6129,Finally! 🔥🔥🔥,0,0,2024-04-15T00:20:37Z,2024-04-15T00:20:37Z
UgwmOcdQwl4z-3xLtvx4AaABAg,@iMrAsono,Prince is also the name of one of MJ’s  kids,0,0,2024-04-15T20:08:02Z,2024-04-15T20:08:02Z
UgxTJAZDlfF-hqn9yLh4AaABAg,@taylena1235,Finally Kendrick got some smoke lets see how he responds to this going to be really disappointed if he doesn't win this one Kendrick is the top guy keeping hiphop i love alive,0,0,2024-04-14T23:53:23Z,2024-04-14T23:53:23Z
UgyFu1mGC1uhI-WpFZh4AaABAg,@trinsetta100,Nice song,0,0,2024-04-15T06:40:22Z,2024-04-15T06:40:22Z
UgzQg7spSyn8c4Ai60x4AaABAg,@typicalfoxx2023,Blessings Knox that hat is fire how can I get one all the way from Harlem ny,0,0,2024-04-16T21:24:57Z,2024-04-16T21:24:57Z
UgxT1jLxcrw1Nyn0d8d4AaABAg,@KrillData145,No one can touch drake lmao this happens every time someone disses him dude is just #1 people gotta cope,1,0,2024-04-15T13:57:48Z,2024-04-15T13:57:48Z
UgzH5P4d-iCxGVaahOZ4AaABAg,@shresthbhati7233,the bm line could also be for asap rocky,0,0,2024-04-15T04:17:13Z,2024-04-15T04:17:13Z
UgwRLI0CafrTqWGLXTB4AaABAg,@eyaelasrat5343,"Hey Knox, please react to Tom Mcdonald's new song ""God Mode."" Love to see your reaction and breadowns on it. And Just wanna say... you're honestly the best top music reactor out on YouTube keep up the good work!",0,0,2024-04-15T08:28:05Z,2024-04-15T08:28:05Z
Ugwgw-Ng0gn9RfczJhF4AaABAg,@itsartline,Pleeeeease do Rick Ross - Champagne Moments next 🎉❤,0,0,2024-04-15T00:19:03Z,2024-04-15T00:19:03Z
UgxRiXMQ-tvWytF9r_R4AaABAg,@NoahJonesNews,but who wrote it though? Drake will forever have an asterisk next to every song he releases due to the Ghostwriters.,1,0,2024-04-15T03:44:27Z,2024-04-15T03:44:27Z
UgwxGUYnshaKNXH12qJ4AaABAg,@panman2632,Rick Ross time!!!,1,0,2024-04-15T00:31:36Z,2024-04-15T00:31:36Z
UgxqTDPRxU2iEjNJ8RJ4AaABAg,@herculesmclovin,"4:48 also ""y'all de *penned on* "" copied? 🕵️",0,0,2024-04-14T21:21:41Z,2024-04-14T21:22:01Z
UgywvswYIRGTCI6sRXV4AaABAg,@dionnesimpson6183,❤'d this!,0,0,2024-04-15T09:06:41Z,2024-04-15T09:06:41Z
Ugxy8WIWkl6d2dOa3CJ4AaABAg,@NickyNightHawk,This could be a reach but he might be sneak dissn em with that big in Japan bar.. big in Japan like Godzilla ems fastest rap.. and em  throwing that 2nd best first verse on forever line with doomed pt 2.. but I know em and Drake supposedly tight so idk😊,1,0,2024-04-15T02:52:08Z,2024-04-15T02:52:08Z
Ugw5n9NlxlIJmsp_TT54AaABAg,@Mii1BETTA,Let me know if you want to HEAR A MIXTAPE OF OVERLOOKED 🎵 🎶 🎵 BY K. DOT,0,0,2024-04-14T21:28:44Z,2024-04-14T21:28:44Z
Ugw4YU4Gox_xdxNb1OR4AaABAg,@genewilson6262,"The haters drinking hateoraid by the 12 pack 
Em told him what was coming mad respect to Drake 🫡",0,0,2024-04-14T23:45:12Z,2024-04-14T23:45:12Z
Ugx_IxgpW55HdR4k1mV4AaABAg,@JarrydTIme,"The ""huhh"" is a pusha T adlib",0,1,2024-04-14T22:25:26Z,2024-04-14T22:25:26Z
UgwFMW0pJuoeueKwrt94AaABAg,@Ganesher0,You should react to glorb mob ties,0,0,2024-04-15T16:50:15Z,2024-04-15T16:50:15Z
Ugy__IfZmi8Ge8K9lbl4AaABAg,@AlCapwndYou05,Kendrick was also on a Taylor Swift song too,0,0,2024-04-16T18:57:21Z,2024-04-16T18:57:21Z
UgxAGw03M6fzZTEKkrF4AaABAg,@bmccoy2487,What if Drake get Eminem to get at them on a feature 🤫,1,0,2024-04-15T01:45:08Z,2024-04-15T01:45:08Z
Ugx7IByXilJUrVJFn3t4AaABAg,@hardcorebronco,Where is the Tom MacDonald video?!?!?,1,0,2024-04-14T21:54:41Z,2024-04-14T21:54:41Z
Ugwlgx_7M__tMjW2Okx4AaABAg,@jessicacastro7824,Hey everyone,0,0,2024-04-15T14:11:57Z,2024-04-15T14:11:57Z
UgwksmSstmKn_e2xP114AaABAg,@The_One_In_Black,"I've been thinking a lot about ""The Takeover"" with this beef, and this thought came to mind during your bye breakdown: Do you think there's a difference between Jay grabbing the Roc crew or Em grabbing the Shady crew and doing a diss as a boss, vs squadding up with people on your side but who move separately on a diss? Like a track like ""Hailey's Revenge"" is all about Em and how he moves, even though he's barely on it. That hits differently from a solo diss or a feature diss.",0,0,2024-04-16T20:29:37Z,2024-04-16T20:29:37Z
UgziKJ72M_z_6ax6olN4AaABAg,@michaelmascolo3161,"Maybe it's me but when you dissect these hip hop tracks, you should wear a lab coat.  I get that scientist voice from you sometimes. Keep rocking on.",0,0,2024-07-25T00:57:09Z,2024-07-25T00:57:09Z
Ugzc6ij3XfUWfiXAfSR4AaABAg,@Dfinest1,Michael Jackson also had a son named prince,0,0,2024-04-15T04:43:10Z,2024-04-15T04:43:10Z
UgwrYhh7sXePy-RfGDN4AaABAg,@octobersveryown3816,👑🦉,0,0,2024-04-16T03:05:20Z,2024-04-16T03:05:20Z
UgzzVvlp4p6x2TcQB5J4AaABAg,@UNR3ALCAK3ST3R,MJ also has a son named Prince,0,0,2024-04-15T18:16:14Z,2024-04-15T18:16:14Z
UgzHN0pLvsLBaZoFZNF4AaABAg,@AdrianMorgan-t9m,Drake is the Alpha of this beef right now,0,0,2024-04-17T00:01:48Z,2024-04-17T00:01:48Z
UgxUKTyyqXrHyD2tomN4AaABAg,@TrentonHart-x6j,I want to see you break down the Rick Ross clap-back.,0,0,2024-04-15T02:17:34Z,2024-04-15T02:17:34Z
Ugyr3hRImgKXYLLWW-t4AaABAg,@gursimrankhaira5918,"As a kendrick fan, Drake just gained some respect.",0,0,2024-04-15T11:34:30Z,2024-04-15T11:34:30Z
UgzZkRxclLBOd8ukZ_N4AaABAg,@vasuthakur5583,Em already told us this was gonna happen and he was absulotely right.,0,0,2024-04-17T17:18:22Z,2024-04-17T17:18:22Z
UgyWHMfULzRuDiri2ml4AaABAg,@jjmmat133,Drake own 20 rappers. I didn't know that,0,0,2024-05-05T08:16:35Z,2024-05-05T08:16:35Z
UgyLSIWrmTzkUvD2KX14AaABAg,@musicbyronic,"I probably watched 20 reactions before yours, and i just subscribed cause you have the best bar for bar breakdown 🙏🏻🔥💯.",0,2,2024-04-20T00:38:31Z,2024-04-20T00:38:58Z
UgwB3iva7oEfglUEwsJ4AaABAg,@mumzytrip488,30:48 ❤🐨🇦🇺🦘🪃,0,0,2024-11-28T03:07:09Z,2024-11-28T03:07:09Z
UgzcU1WDBHHm3oz8zsR4AaABAg,@robbyworldwide4740,"Whitney is also Kendrick's wife name,damn 🔥🔥",0,0,2024-04-15T07:45:26Z,2024-04-15T07:45:26Z
UgzXdnngIr2Pz_n133p4AaABAg,@ArtLifePictures,"Is he wearing that Blaire Witch project hat,lol ,that star of David or Tree Triangle in Blair Witch movie",0,0,2024-04-17T11:55:45Z,2024-04-17T11:55:45Z
UgwwLgulvBAGn8M22514AaABAg,@Xander3270,I hope people from the comments of your Kendrick vs drake explained are listening. Drakes always on top🤫,0,1,2024-04-15T15:28:14Z,2024-04-15T15:28:14Z
Ugxl_Z7es56utWZs7M54AaABAg,@thulanimpanyane896,The question is did he really single handed handle this or ghost writers did.,1,0,2024-04-15T04:44:45Z,2024-04-15T04:44:45Z
UgxC14PiYcfO-urvJjV4AaABAg,@Ertwas17,You’re doing tricks on it,0,0,2024-04-15T01:38:29Z,2024-04-15T01:38:29Z
UgwW_IUBnud4pYODDwd4AaABAg,@kub1naFL,Eminem told drake back in zues that this day was coming.,0,0,2024-04-14T20:49:51Z,2024-04-14T20:49:51Z
UgzJ6ORLTZ3ByIdJVKd4AaABAg,@TheKidAusten,19:05 😭😭😭,0,0,2024-04-16T12:22:37Z,2024-04-16T12:22:37Z
UgwJgkU8H5l_AaGdnZJ4AaABAg,@kh7688,It ain't a diss track until we get a Knox Hill breakdown.,0,0,2024-04-14T22:54:30Z,2024-04-14T22:54:30Z
UgwNrbvTvQq4g1NIfOJ4AaABAg,@HK-sg8wg,#team #jcole,0,0,2024-04-14T22:27:41Z,2024-04-14T22:27:41Z
Ugwio8_E4aMmUnb1PeB4AaABAg,@manfish6183,Actually wild he was able to stretch this out 30 mins,0,0,2024-04-19T12:33:34Z,2024-04-19T12:33:34Z
UgwH4H-diLuACkmHdDN4AaABAg,@XxDeexSmithxX,Michael Jackson son name is also prince!,0,0,2024-04-15T15:41:12Z,2024-04-15T15:41:12Z
UgypgBYapsdDMYDoxWR4AaABAg,@fard031877,Bro can you React to Eminem Días Benzino/Cassidi,1,0,2024-04-18T05:39:36Z,2024-04-18T05:39:36Z
Ugyo0fClGYII3xH509Z4AaABAg,@MAN-Q,may You respond to Rick Ross response,0,0,2024-04-14T23:02:07Z,2024-04-14T23:02:07Z
UgzzoouxrhracTTJG_h4AaABAg,@BackupPlan-e9m,This his no joke and sixman flow,0,0,2024-04-15T10:38:06Z,2024-04-15T10:38:06Z
UgwfH6i6QE3sD6ApqPp4AaABAg,@Stay_Proper,"They fucked up by all ganging up on him with an album. It comes off as a classic jumping them scenario, so now everybody already rooting for drake cause even though he the biggest in the game he basically getting surrounded and beat on and he aint laying down and taking it like a punk but instead swinging back. So they turned the biggest name into the under dog  for allot of folks, even folks who dont mess with drake heavy, are now rooting for him because of it.",0,0,2024-04-15T06:29:46Z,2024-04-15T06:29:46Z
Ugz3B97MNSXRSHwgIFV4AaABAg,@Levelupchanger,Nah YouTube recommend you like that after that 😂,0,0,2024-04-15T11:00:06Z,2024-04-15T11:00:06Z
UgwP-NuMriS8cmb8vch4AaABAg,@rodgerssompeni911,The boy Didn't I come to play,0,0,2024-04-15T08:34:07Z,2024-04-15T08:34:07Z
UgzQvfMejL9cAc8ZzTt4AaABAg,@rethabilephume.5133,"When Drizzy says ""I don't care what Cole thinks but that DOT shit was weak af"", does he refer to DOT's ""Like That"" diss track or the fact that Cole had apologized to DOT?",0,0,2024-04-17T06:22:35Z,2024-04-17T06:22:35Z
UgwDSN0ByoBqBt3qMxt4AaABAg,@jbflyinglow,Damn and a 2 hour rebuttal from Rick Ross,0,0,2024-04-14T23:45:47Z,2024-04-14T23:45:47Z
UgymZi2_dh36BAyEsLV4AaABAg,@CodyEllmer,Whitney body guard is from a rumor that Kendrick girl cheated on him with on of his body guards,1,0,2024-04-16T07:07:19Z,2024-04-16T07:07:19Z
UgykaxRbcV_QpwAkU5R4AaABAg,@Michael-vw4cg,The fact you didn’t stop to analysis the first couple bars like you usually do is a good indication that drake was “talking that shit” 😂😂😂,0,0,2024-04-14T21:41:42Z,2024-04-14T21:41:42Z
UgxQz4W6IT7nsJMGb554AaABAg,@dispholidus1290,Why did it looked like try not to pause video at first 😂😂,0,0,2024-04-15T14:28:42Z,2024-04-15T14:28:42Z
UgyXTyBuLjStc5FCNKl4AaABAg,@dylanandrew1122,Best drake song I’ve ever heard. Nice bars,0,1,2024-04-16T18:08:20Z,2024-04-16T18:08:20Z
UgxDsTeWu9rR3GiNp_14AaABAg,@TexasKen,Ghost writer working OT.,0,0,2024-04-17T01:49:14Z,2024-04-17T01:49:14Z
Ugz0i1o-OMoxaflPWFZ4AaABAg,@leomightknow,Wth the BM line I thought he was talking to ASAP and Rihanna 🥶,0,0,2024-04-16T20:24:59Z,2024-04-16T20:24:59Z
UgxuVpFsxFi0bVzmudZ4AaABAg,@lesbarroga6837,Also Mike’s son’s name is prince. Triple 🤯,0,0,2024-04-15T07:06:27Z,2024-04-15T07:06:27Z
UgwoB0fXuCk2KVw9ulV4AaABAg,@marcosgin777,Finally tho fr,0,0,2024-04-15T01:51:39Z,2024-04-15T01:51:39Z
Ugzv5GVg3YDM-aRcwSR4AaABAg,@stevekaufmann8109,Im just here seeing all these terribly aged comments,1,0,2024-07-13T22:38:29Z,2024-07-13T22:38:29Z
UgxGBKC5GmEQ6WIYtR94AaABAg,@why6th,"j cole to drake: im sorry big homie, it didnt feel right in my soul..

Drake: drop and give me fiftyyyyyyyyyy",0,0,2024-04-14T23:28:25Z,2024-04-14T23:28:25Z
UgyL7LfTcopZYmr_KO94AaABAg,@jessicarichter6436,Pls react to Fayemiss Nicki minaj diss next it’s brutal,0,0,2024-04-15T00:42:55Z,2024-04-15T00:42:55Z
UgzrfrhJ02xbZEZB3cd4AaABAg,@El_Diplo.,Drake is king 😂😂,0,0,2024-04-15T11:49:32Z,2024-04-15T11:49:32Z
Ugx6aT1w3YKlU-n_XGV4AaABAg,@rahinfinite9855,When the beats drop…those strings are from Biggie Smalls what’s beef🔥🔥🔥,0,0,2024-04-15T16:46:14Z,2024-04-15T16:46:14Z
Ugzu78SoXbAoo0aYhcl4AaABAg,@ShermanElder-n6y,He's the new jahrue,0,0,2024-04-14T23:51:47Z,2024-04-14T23:51:47Z
Ugx4-Rm_qUDzrHe_-894AaABAg,@geraldfishel1563,"I ain't gonna lie. I'm not a Drake hater, just not a fan of his usual style. But this is 🔥",0,0,2024-04-16T14:59:48Z,2024-04-16T14:59:48Z
UgynG81aDJEptvj1Kpp4AaABAg,@ootvtoo6677,Mike also has a son named prince,0,0,2024-04-15T03:03:57Z,2024-04-15T03:03:57Z
UgzMfKAK9H2YFfxUDV14AaABAg,@Sadowsky95,Watch Metro make the greatest diss track ever in Braille,0,0,2024-04-15T08:53:39Z,2024-04-15T08:53:39Z
Ugyy6F7Gz05xWfRGc9d4AaABAg,@Sickoloko24,I’m inside todyo is a double on tundra futures girls name is Tokyo,0,0,2024-04-17T19:00:04Z,2024-04-17T19:00:04Z
Ugw1XlEduPb0U3-p6u14AaABAg,@Sticky_9_,"Drake has a crew, his ghosts writers 😂",0,0,2024-04-16T16:23:47Z,2024-04-16T16:23:47Z
Ugw5l8ifvbe0Ul9XyrR4AaABAg,@focavr3097,I never expected drizzy to actually go WAY harder than cole on a diss,0,0,2024-04-15T17:24:33Z,2024-04-15T17:24:33Z
UgwgbP8iVu4egx0XjXZ4AaABAg,@MexiRambo,I feel like we probably won’t hear a reply from kdot for a while or in another feature lol,0,0,2024-04-16T21:16:40Z,2024-04-16T21:16:40Z
UgyH6MiK3ybdNTDKRe54AaABAg,@Haezard,Lmao i dobt speak enrish bit i love YOUNG DRACO😊😊😊😊😊,0,0,2024-04-15T01:55:39Z,2024-04-15T01:55:39Z
UgwsD_KHfXdTzX7R0Y94AaABAg,@garrykemble1332,One thing about he knows everyone that knows everyone in the if you get what I'm saying so I don't doubt when he's raping about the contract splits/fees he would or know some1 that does because drake has littlerly made a song with almost every artist in the game,0,0,2024-04-15T14:37:32Z,2024-04-15T14:37:32Z
UgwCtyBnbIP0HJ1-T154AaABAg,@anetteandersson2778,❤🎉😊,0,0,2024-04-14T21:42:52Z,2024-04-14T21:42:52Z
Ugw-VaeyTdRv7H31PnB4AaABAg,@FusionD85,Remember most people used to say drake was an r&b singer. That r&b singer just killed everyone that diss him by himself.,0,0,2024-04-15T12:04:52Z,2024-04-15T12:04:52Z
Ugx938lswrYW2dgg8LR4AaABAg,@GM-ve2ne,Michael Corleone took out all the five families at once!,0,0,2024-04-15T18:04:34Z,2024-04-15T18:04:34Z
UgxeVjWohEsqsc3iRId4AaABAg,@pauldaddy284li,"@jessielee tell me I'm lying (only if you watch &pay attention to the entire video!)
& give you a big blue Ben!!  😂",0,0,2024-04-15T09:40:43Z,2024-04-15T09:40:43Z
UgwbnTB_32sFh2LvYpR4AaABAg,@falconsfan1999,last time drake name dropped another rappers bm the story of adion dropped,0,0,2024-04-16T16:20:53Z,2024-04-16T16:20:53Z
Ugze6N15w34bAJHcUuV4AaABAg,@carl-filipquick5936,if drake didn't already have the majority of supporters before he sure got a few more now ;) that metro bar had the whole team silenced for 1 min with the crew trying not to laugh in the background,0,0,2024-04-15T08:28:58Z,2024-04-15T08:28:58Z
UgxnJQNecYt5s8Lnf8J4AaABAg,@danieljenkins5534,PaPa EM would be proud 😢,1,0,2024-04-19T23:44:23Z,2024-04-19T23:44:23Z
UgwYr0LRDpmhqE_ifGV4AaABAg,@spacecrash,Could “top said drop and give me 50” be a reference to billboard?,0,0,2024-04-15T12:21:39Z,2024-04-15T12:21:39Z
Ugy01CKjXiBkSyhioVJ4AaABAg,@michaelbush1180,Damn. Drake really put those ghost writers to work.,0,0,2024-04-15T01:42:28Z,2024-04-15T01:42:28Z
UgywZxgwtYt5GFZWESl4AaABAg,@yj9668,"The best line even tho its mad disrespectful 
Is the the ""i be wit some bodyguards like whitney"" kendrick wife name is whitney also the flip of whitney Houston was in a movie called the bodyguard
I aint mad no more cole, i feel like you knew. This ish getting messy😬",0,0,2024-04-14T21:31:16Z,2024-04-14T21:34:14Z
UgylLQWhWAV-_4NYU8d4AaABAg,@MarvexPrime,"Crazy how this dudes breakdown is exactly like TheThirdErnest and NoLifeShaqs, like every reaction and breakdown.",0,1,2024-04-16T10:57:33Z,2024-04-16T10:57:33Z
Ugz3boY5nnMUA5jXaL94AaABAg,@tronharrison1171,Micheal Jackson named his son Prince.   Prince is literally MJs son.,0,0,2024-04-14T23:56:24Z,2024-04-14T23:56:24Z
UgxzlW_K-gkKECvXIVR4AaABAg,@josesantiago9216,That brick line is to Rick Ross.,0,0,2024-04-16T16:41:23Z,2024-04-16T16:41:23Z
UgxPMx39QdVDGBU0R514AaABAg,@cocobeebe,This song is not on Amazon music!! Where is it?,0,0,2024-04-15T16:48:57Z,2024-04-15T16:48:57Z
Ugytc5aTWXLd03W_oSt4AaABAg,@AFDMedia88,Cries in Grammies and Pulitzer Prize,0,0,2024-04-15T02:48:50Z,2024-04-15T02:48:50Z
UgxVG6ITXjvublQWv4l4AaABAg,@firefighterphi149,Part of the reason Drake went in alone is because Kendrick accused Cole and Drake of cliquing up... What better way to fire back than to go in alone,0,0,2024-04-14T21:10:14Z,2024-04-14T21:10:14Z
UgwT4LHMVsDk7vs-6794AaABAg,@TWJCole,I feel like Drake probably got people who collects dirt on people for him for this exact situation😂,1,0,2024-04-14T23:07:19Z,2024-04-14T23:07:34Z
Ugy5Gtzs0wy1LSMsltN4AaABAg,@natesaint1443,Maybe Cole realized that this is deeper than HIPHOP. Bro ASAP ROCKY said that he didn't want to keep it HIPHOP and that he wants blood. Everybody got real beef with drake (THIS IS DEFINATELEY DEEPER THAN HIPHOP) 🥲,1,0,2024-04-15T03:45:38Z,2024-04-15T03:45:38Z
UgzrVSV2tCwDdRrbz654AaABAg,@KittKatt83Pscesszn4evr,They took a picture...And you can see how short kendrick is ijbol 😂😂😂😂,0,0,2024-04-15T18:03:06Z,2024-04-15T18:03:06Z
Ugwy4NpbADffhoRE1Mt4AaABAg,@bmob7371,This is gonna get messy till one of them shut it all down,0,0,2024-04-14T20:48:39Z,2024-04-14T20:48:39Z
UgyTySp5CsPocOXWoOF4AaABAg,@andrewconselyea7,And the griddy isnt a morant thing i mean could be but ja marr chase got it from his teamate at lsu i know his last name davis but anyway the griddy is just a dance everyone is doin but the best players in their sport mainly,0,0,2024-04-17T21:12:19Z,2024-04-17T21:12:19Z
UgzsQNe9rv3gmsMiCHR4AaABAg,@AdamHartman-dm2hx,The Micheal Jackson bar has more depth cause one of his sons is actually named prince.,0,0,2024-04-15T01:47:07Z,2024-04-15T01:47:07Z
UgzR5nNNhU3aN1IEQC54AaABAg,@nickcarr2232,Pretty sure the BM line was for Travis saying he knocked down Kylie,0,0,2024-04-15T15:34:48Z,2024-04-15T15:34:48Z
Ugy_v0fqrbFY749TeMt4AaABAg,@bmob7371,I’m curious if em is gonna respond,0,0,2024-04-14T20:44:34Z,2024-04-14T20:44:34Z
Ugzp5Mr9nXOyR_0nEht4AaABAg,@ArthurWasTaken,Kendrick isn’t with TDE though?,0,0,2024-04-14T22:25:12Z,2024-04-14T22:25:12Z
Ugz-cFLlPzQ-hs4jGuB4AaABAg,@stephenmiranda8262,Love your channel you eat sleep breath hip hop great video! Drake went hard as fuck he did the unexpected but I’m still interested what Kendrick has cooking time will time my man,0,1,2024-04-15T10:03:45Z,2024-04-15T10:03:45Z
Ugzh2RHNZkmOgbfbeE94AaABAg,@souIsynapse,When the hats coming back?,0,0,2024-05-07T21:12:48Z,2024-05-07T21:12:48Z
UgylDkGddUhm7uoDwyN4AaABAg,@Sephiroso.,"About the Whitney bar, i hear someone else say there's rumors that when Kendrick succumbed to temptation he cheated on Whitney and so she retaliated by getting with one of his bodyguards.",0,0,2024-04-14T20:26:45Z,2024-04-14T20:26:45Z
UgyMCfZ6N2UXhSTQNmF4AaABAg,@Shadygamez,"Drake isn't battling anyone on his own, you forgot about his team of writers",2,1,2024-04-15T03:44:06Z,2024-04-15T03:44:06Z
Ugz5_8txfnbJp09fpJR4AaABAg,@Alex-Sans_TheCreator,Please react to God Mode by Tom MacDonald,0,0,2024-04-15T09:48:19Z,2024-04-15T09:48:19Z
UgxwZLx8nUrCw1svQQB4AaABAg,@virtuehardy6553,That chip and dale line is so sneaky cause in the cartooons they used to always mess up pluto the dogs plans. Also after telling metro to shut up and make drums he raps over drums for a couple bars. And the Whitney line was a shot at kendricks wife who is  rumored to have cheated on him when he stepped out the marriage as well.,0,1,2024-04-16T06:41:13Z,2024-04-16T06:41:13Z
UgzIPJUWYqK2rITKBtl4AaABAg,@BillieJoe17,Drake hire Cassidy too???,1,0,2024-04-15T20:18:39Z,2024-04-15T20:18:39Z
UgwaryGa3DTeQQEJBM14AaABAg,@jhorse6968,Worst reaction.. Stevie Knight. Best reaction.. Knox,1,0,2024-04-15T05:36:38Z,2024-04-15T05:36:38Z
UgywyTvDEZNG5d6eEOh4AaABAg,@apexmind38,Now do the new Rick Ross disses Drake,0,0,2024-04-15T00:23:23Z,2024-04-15T00:23:23Z
Ugxd9Co5qoQBUZcfu894AaABAg,@ShadyMcKnight,The breakdowns are great but I hate how this dude pretends like he's never heard the song before and then proceeds to basically read Genius at us,1,0,2024-04-17T03:04:41Z,2024-04-17T03:04:41Z
UgyYLNvb3uQ9nj6zTdd4AaABAg,@coco_munroe,I thought the BM line was about Kylie because of rolling loud.,0,0,2024-04-14T20:28:25Z,2024-04-14T20:28:25Z
Ugx6bAb3p3Zfolgup-B4AaABAg,@NicolePisces23,Dude you  should listen tom mcdonald god mode believe me it's you'll love it,0,0,2024-04-15T16:23:25Z,2024-04-15T16:23:25Z
Ugyclgq7JLp8yVQko0t4AaABAg,@misskatie_111,"""PIP SQUEAK""...that's my daughter's hamsters name,go figure!!🐹 👈 ""Pipsqueeeeek""😊",0,0,2024-04-15T10:28:49Z,2024-04-15T10:28:49Z
UgxNdirbn22fJtrEVZp4AaABAg,@abdulmalikumar5838,You break all the bars more than any other Youtube reactor and thats why I dont even watch any of their stuff anymore and can watch urs even if its 30mins.,1,0,2024-04-14T22:50:02Z,2024-04-14T22:50:02Z
Ugz3O1121DRfbcEoE1R4AaABAg,@1269fishnuts,Mike jack bought the company after ‘em diss him. He is coming at the camp,0,0,2024-04-20T06:56:26Z,2024-04-20T06:56:26Z
UgxwgGWh-5P7uvbfIdN4AaABAg,@iEtthy,I wanna see a drake ft eminem diss vs all these people 😂,0,0,2024-04-15T13:40:49Z,2024-04-15T13:40:49Z
UgyrkXP3bKvz9Z4Lc2t4AaABAg,@kobeduhomie,I think he said “chippendales“ the gay bar. And the got rich and ran from it might also be a shot on kdot,0,0,2024-04-15T20:00:21Z,2024-04-15T20:00:21Z
UgwDvcVBKg1ThX3S7wN4AaABAg,@alexhaynes7220,I wonder how and what Eminem thinks and feels of and about this ❤😂🎉😢😮😅,2,1,2024-05-01T19:42:13Z,2024-05-01T19:42:13Z
UgwapVV5fiXu3DHuCJV4AaABAg,@emphazur7066,if you think he didn’t write you did not listen to red button,1,0,2024-04-16T16:00:38Z,2024-04-16T16:00:38Z
UgwfjoKm-IxtEd8uLy14AaABAg,@BornKing93,"No matter what Drake sings, diss or not, it's gonna be a catchy song. Drake ain't no lyricists, but this is good",0,0,2024-04-18T15:44:38Z,2024-04-18T15:44:38Z
Ugy36l1PO_Fc9PP-fi14AaABAg,@BoldDreadman,Comment sections are aging so well😂❤,0,0,2025-02-14T18:05:12Z,2025-02-14T18:05:12Z
Ugw_o_9OHohaOdVnj3N4AaABAg,@scottyscorner7502,Can u react to Rick ross response please 🙏 thanks,0,0,2024-04-15T03:49:46Z,2024-04-15T03:49:46Z
Ugx12tQk14mYbp7MJiZ4AaABAg,@deebee4206,Im just waiting on Big Soulja to  insert himself in the beef 😂,0,0,2024-04-15T03:41:42Z,2024-04-15T03:41:42Z
Ugzf-qYekmU66_gflh54AaABAg,@DijyowLee,"11:15 Drake: To be in the top 3, you need to be putting out numbers
Kendrick: *releases GNX*",1,1,2025-05-14T08:09:29Z,2025-05-14T08:09:29Z
UgzT7rKurQZxKSe0vbN4AaABAg,@1theonezman,"Knok….. your breakdown is crazy. If everybody watched this, they would have a different view of how crazy Drake really is.

Respect",2,0,2024-04-18T03:02:23Z,2024-04-18T03:02:23Z
UgzNz23g4lZsK6XLH894AaABAg,@ConnieDana-n6n,Garcia William Miller Robert Thomas Jason,0,0,2024-09-09T16:46:45Z,2024-09-09T16:46:45Z
UgweELmJ-Bq5fTTGi2V4AaABAg,@alexanderlindane1780,He also fired shots at J. Cole when he said something about number 1. Cause Drake make J. Cole's first number 1,0,0,2024-04-15T21:05:14Z,2024-04-15T21:05:14Z
Ugx0Z6TUsJ60IHk8vR54AaABAg,@DaTank-li4vh,Who from KOTD wrote this,0,0,2024-04-14T21:24:41Z,2024-04-14T21:24:41Z
Ugzbczi2jvXWyfqBay94AaABAg,@HelloDapp,Cole riding his bike to the studio now tryna get another track out,0,0,2024-04-17T23:05:19Z,2024-04-17T23:05:19Z
UgzSbzSovbj5LETm2o54AaABAg,@Azer182x,All this is irrelevant. Knox is the real 🐐,0,0,2024-04-18T14:17:15Z,2024-04-18T14:17:15Z
UgzrnK35MynebVZ0OFt4AaABAg,@williamdaniels4013,THIS IS WHAT J.COLE COULD OF KEPT DOING BUT HE CHOICE PEACE AND HIS OWN PERSONAL SPIRITUAL HUMILITY.,2,0,2024-04-16T09:28:55Z,2024-04-16T09:28:55Z
Ugz4WhU1kIlVA-ht0GB4AaABAg,@unkownentity,This guy is doing free community services..,0,0,2024-04-28T05:34:14Z,2024-04-28T05:34:14Z
UgwF3pGF-90ZDWgf0o94AaABAg,@anjarsinatra,The only one who can help drake is deadpool,0,0,2024-04-17T07:11:32Z,2024-04-17T07:11:32Z
UgxZBdQKlYVvtg60BYR4AaABAg,@JamesPakele,Back after the lawsuits wondering where this drake energy went... 🤷🏽 🤣 🤣,1,1,2025-01-17T16:04:00Z,2025-01-17T16:04:00Z
UgxdiPH49EpKY8Ii_L94AaABAg,@senseiweez5413,Everyone drake going at sales just dropped 50%🤣,0,0,2024-04-14T23:54:23Z,2024-04-14T23:54:23Z
UgxBR32RB7o3f_Nvh-V4AaABAg,@LocalGrizzly,I’m riding with Drake! I was with Cole but Cole turned the car around and went back home 😂,0,0,2024-04-15T13:32:12Z,2024-04-15T13:32:12Z
Ugx6WAGDV8bH6hzdIlJ4AaABAg,@FrancisAbeelen,#Algoboost,0,0,2024-04-15T00:42:36Z,2024-04-15T00:42:36Z
UgzEBPYjXZGVK0UdbGB4AaABAg,@jessmartinez6492,You should react to Rick Ross dropping the diss track back to Drake in less than 10 hours lol 😂😂,0,0,2024-04-15T15:50:32Z,2024-04-15T15:50:32Z
Ugxfy6WBM3s7OyAupA94AaABAg,@HandycapFelon,can you do a reaction to the upchurch diss tom mcdonald made. someone said he reacted to it and killed it but i want to watch it here. here first. 🔥🔥🔥.,0,1,2024-04-15T01:18:27Z,2024-04-15T01:18:27Z
Ugz_Tie74UKe311p_zF4AaABAg,@joshuadavis9260,Whitney the name of Kendrick Lamar wife,0,0,2024-04-14T22:05:09Z,2024-04-14T22:05:09Z
UgyuyHMHh8WO1c2KOoJ4AaABAg,@RushBoys-e6v,Brown Brian Robinson Jennifer Hernandez Joseph,0,0,2024-08-27T05:52:11Z,2024-08-27T05:52:11Z
UgySE-1Wti_lTADqCFJ4AaABAg,@oliverjackson5070,Rick Ross responded 2 hours after Drake dropped this.,0,0,2024-04-14T20:33:20Z,2024-04-14T20:33:20Z
Ugz9GPS4rgrL_aDq8Up4AaABAg,@JoeyDecay,"Was I seeing stuff, or didn't the OG white cap used to say , ""fvk fast fashion? """,0,0,2024-04-19T03:04:23Z,2024-04-19T03:04:23Z
UgzRopCoy-TveqbDYkd4AaABAg,@spinningredchair8092,Metro: I was gonna make some beats anyway dog like... liek i was already gonna do that like that dont mean shit bro i was already on it,0,0,2024-04-23T13:58:13Z,2024-04-23T13:58:13Z
UgwEOejP0zwoVQ65tE54AaABAg,@fujibosco,Round 1: Drake. Let's see it kendrick.,0,0,2024-04-15T15:52:44Z,2024-04-15T15:52:44Z
UgwcwmZK2U7Ifk6AqxZ4AaABAg,@sergemananga9076,"Eminem was right, everybody will turn against Drake, i think Drake was prepared for that situation. J Cole has felt the wind turning. 😂 One vs All",1,0,2024-04-15T13:02:47Z,2024-04-15T13:19:41Z
UgyXbd7_bpR3O6gwDNN4AaABAg,@toonie568,nursery ryhme drake 😂,0,1,2024-04-14T20:48:16Z,2024-04-14T20:48:16Z
UgyvQ_qlnYA5Os7NZsR4AaABAg,@Mr.C.88,Em.showing he really is a fortune teller......,0,0,2024-04-15T07:11:28Z,2024-04-15T07:11:28Z
Ugy1B9cIXbYQ4mbBmr14AaABAg,@marayac_617,Gotta listen to the other version more bars,0,0,2024-04-15T11:56:52Z,2024-04-15T11:56:52Z
Ugxt8yl-Q9eFH8wkf3h4AaABAg,@youngbizz007,Isn’t Michael Jackson’s son name Prince too? Or am I wrong? I haven’t heard 1 person mention that yet 😮,0,0,2024-04-15T22:44:36Z,2024-04-15T22:44:59Z
UgzcAZsA31XR8IaMrEl4AaABAg,@SirBackPack,Imagine making people so pressed they make two albums about you 😂,1,0,2024-04-15T12:18:45Z,2024-04-15T12:18:45Z
UgyblP7NFMezGbRDlVZ4AaABAg,@GRAYHAMNEGGS,Micheal jackson son name .. is prince you missed that too bro,0,0,2024-04-20T20:55:35Z,2024-04-20T20:55:35Z
Ugxp8C0infGvzj6Mpld4AaABAg,@emmanuelsarpong5441,man ...whos intro track in your video is that  !!!!,0,0,2024-04-15T07:11:14Z,2024-04-15T07:11:14Z
UgyP68pBRI7z5NjQ3T94AaABAg,@mylifeb4u,This guys brain needs to be studied. The best reactor ever,0,0,2024-04-15T14:41:23Z,2024-04-15T14:41:23Z
UgwdmjifeWP6YT4P6VJ4AaABAg,@youtubepunisher8695,Knox I love your videos but 30+ minutes are some damn long videos,0,0,2024-04-14T21:07:03Z,2024-04-14T21:07:03Z
UgxO9AZCWljbYwup1rl4AaABAg,@Margaret-g7w,Martin Karen Martinez Paul Taylor William,0,0,2024-09-15T19:25:44Z,2024-09-15T19:25:44Z
UgzQZ8I5i16VehnQkot4AaABAg,@tedhu262,Ghostly,0,0,2024-04-16T05:08:58Z,2024-04-16T05:08:58Z
UgwBOeD5BzGrhvLWLfV4AaABAg,@tedhu262,Ghostly,0,0,2024-04-16T05:08:30Z,2024-04-16T05:08:30Z
UgzIJebzQwzeBRxR4V14AaABAg,@kattscratchgranny563,Could the difference between mike then and mike now also be referring to mike tyson? Alot of people are speaking on tyson like that too.,0,0,2024-04-15T00:11:36Z,2024-04-15T00:11:36Z
Ugx0hsAk-eveMD-zYR94AaABAg,@Amy_loves_music,"Why not take a break from the diss, and show Tom MacDonald some love.  He dropped the number 1 song trending on YouTube...God Mode.  Really thought you were on top of this.  Been waiting.",0,0,2024-04-14T20:37:49Z,2024-04-14T20:37:49Z
Ugx68x_vlAyYLAb7Jql4AaABAg,@isaiahjames278,All metro can do is cook up another beat after that slap 😂👨🏽‍🦯,0,0,2024-04-15T19:57:20Z,2024-04-15T19:57:20Z
UgwtQiwz7vIj0UCyqHB4AaABAg,@CapToon420,Damn folks easily impressed 😂! He said oh this got whoo kid on it! Dude do you even know who whoo kid is lol?,0,2,2024-04-15T00:34:47Z,2024-04-15T00:34:47Z
Ugz7KsrlW4uE4PnP5bR4AaABAg,@damiankelly-i8i,Michael Jackson sons name is  PRINCE!,0,0,2024-04-15T01:38:05Z,2024-04-15T01:38:05Z
Ugw-3QkLyS5HlcLQpF54AaABAg,@xHavokFTWx,He's got a few good lines in here but i feel back to back is a way better production beat and verse wise.,0,0,2024-04-14T23:36:23Z,2024-04-14T23:36:23Z
UgzLHMAGpCAxqXwUJaF4AaABAg,@kyleingram603,"I think that how tf you big steppin line was even deeper, roastin his height/shoe size but his announciation ""how tf u big steppin w/a size (sides) 7 mens (mans) on bc he like 8 v 1'ing these cats",0,0,2024-04-15T15:07:41Z,2024-04-15T15:07:41Z
UgxWzpaWUik_Eqdu6T54AaABAg,@soularprimestudios5930,If I was Kendrick Id drop a diss called 50 bars lol 😆,0,0,2024-04-14T21:15:01Z,2024-04-14T21:15:01Z
UgyxgQi1Ync8gaHXV894AaABAg,@GregoryRooibaadjie,Knox where is k Dot?,0,0,2024-04-15T23:38:58Z,2024-04-15T23:38:58Z
UgyxAX_Y8bvHT7LT30t4AaABAg,@VeronicaMusariri-e8p,"13:56  Knoxhill Bro your the Reaction Goat but how the fck am I in Zimbabwe and born in 05 but even I can fact check and do my research (watch ET lifestyle). Michael Jackson never freaking bought Em is catalog, it's a freaking false narrative written by the Guardian  for cash back in 2007. Just watch ET lifestyle to get more facts, info and the actual history.  MJ did a music deal with Sony after Sony got Famous LLC music. Famous LLC music only earned percentage ownership of only 2 Em songs 😂(The Real Slim Shady and The way I am) and they could not even get Ownership of the Em song that had Michael Jackson jokes, Just lose it. Em himself said he didn't make the jokes to destroy Michael and he was shocked that Mike Jack heard Just lose it and Mike Jack even after saying artist shouldn't Diss each other (though we know that's not Hiphop) said his never met Mr Eminem but he admires him. Throughout the whole  music deal, Em was mentioned once in the actual signed document and Michael got music from artists like Shakira and Boyac etc. The whole music deal only got him 2 Em songs for a while before they were fully owned by again. You can literally check Sony ATV is database all the way from 2007 (where the lie started) they only had 2 Em songs (The Real Slim shady and The way I am). Just watch ET lifestyle pls.

Em must have wrote the Simpsons, from Zeus , Bad guy, Without me, Killshot, Fuel, Fuel Remix, even Kendrick is clean sweep at the Grammies etc. Marshall is packing prophecies and predictions. Love from Zim",2,0,2025-05-12T09:17:16Z,2025-05-12T09:17:16Z
Ugzib8vFD6GHewtH5H14AaABAg,@brandonlopes7642,Also micheal Jackson's sons name is prince so what's a prince to a king? A son 💯,0,0,2024-04-15T03:51:27Z,2024-04-15T03:51:27Z
Ugwj7utajWTpyKotmxd4AaABAg,@10joJoe,I think also Mike was peaceful he woundnt go attacking and talking down to someone. Did it in the shadows by buying stuff up lol Drakes like that’s the difference between the king then and now. I do go on the attack,0,0,2024-04-25T18:23:35Z,2024-04-25T18:26:47Z
Ugzx_poGkfTMb-MARzN4AaABAg,@davidschuster7223,Triple for tokyo japan line tokyo is a female,0,0,2024-04-25T02:34:35Z,2024-04-25T02:34:35Z
UgzpLoa0ok1WBNBJXXh4AaABAg,@Mygoldandsilver,"For all that think that Drake won “Say, Drake, I hear you like 'em young
You better not ever go to cell block one”",1,2,2024-08-04T03:20:37Z,2024-08-04T03:20:37Z
UgxeQ-VfVUNm6dXZS5N4AaABAg,@PyroTechTV,"""Top 3"" talk is All fun and games until Lil' Wayne, King Los, and Eminem start to feel disrespected.",2,1,2024-04-14T22:05:09Z,2024-04-14T22:05:09Z
UgyAD9-WP00SUV71_rR4AaABAg,@sergeyaksyutin26,"I got a monopoly, catch me on my boardwalk",0,0,2024-04-17T18:25:40Z,2024-04-17T18:25:40Z
UgxdnxlSzNmb1h00PHV4AaABAg,@FreemanCoral,Lewis Anthony Thompson Timothy Williams Ronald,0,0,2024-09-06T15:19:25Z,2024-09-06T15:19:25Z
Ugx3SY5SOtVcrwct20R4AaABAg,@xkapade_official,When he says “got me talking like I’m 50.” I think he’s speaking on how 50 cent is sprinkling dirt on the 🌈 stuff going on with Diddy and Meek. Like Drake is holding back on spilling details on these artist coming at him. ?,0,0,2024-04-16T09:45:19Z,2024-04-16T09:45:19Z
UgxRnD6MIv73jqGGe-d4AaABAg,@hathbeenslain,"Pushing this narrative that even Kendrick has had no choice but to play the music industry game to get to where he’s at is very smart by Drake. Drake is unabashedly a pop-rapper but he feels that doesn’t take away from the quality of his rhymes. By pointing out that Kendrick isn’t as authentically anti-system as he seems, he’s neutralizing, or at least mitigating, any future attempts by Kendrick to mock Drake’s output of pop music. 

I have to say, I admire Drake’s aggression, especially as it’s aimed at multiple people within this single track. It reminds me of Eminem lashing out at various targets within the same track lol. I really hope Kendrick responds and he goes nuclear because that would necessitate a response from Drake (lest he take a significant blow to his rap credibility) and *that* song is the one I’m most interested in listening to.",0,0,2024-04-16T06:15:40Z,2024-04-16T06:15:40Z
UgwsVg8y_XjNsVkfu3N4AaABAg,@trinsetta100,Talking about your song,0,0,2024-04-15T06:40:42Z,2024-04-15T06:40:42Z
UgzFRNpCNHhsjfxXhzV4AaABAg,@frankie123456ization,I wonder if Drake and Eminem will collab when he wakes the demon up,0,0,2024-04-18T15:01:49Z,2024-04-18T15:01:49Z
UgxjcWtes9wL-Bg5ycJ4AaABAg,@foxr8947,facts🫡🔥💯,0,0,2024-04-16T16:13:21Z,2024-04-16T16:13:21Z
UgxGBP8zKNq3Ieam-IF4AaABAg,@tysweet8367,Prince Jackson is Michael Jackson’s son…,0,0,2024-04-28T11:29:53Z,2024-04-28T11:29:53Z
UgzVzwvT2WAkSkyeneN4AaABAg,@DAANYAHU,"You think this isn’t fair…. Wayne and Nicki still in the clip 🙂‍↔️🙂‍↔️🙂‍↔️

This is a real Cold War 💎",0,0,2024-04-14T21:15:25Z,2024-04-14T21:15:25Z
UgxgmTgNRJLlvrgYGVh4AaABAg,@Jpizzle4,Rick Ross dropped a diss to drake within a couple hours,0,0,2024-04-15T00:20:37Z,2024-04-15T00:20:37Z
UgzMB4RDniFrtdTtouZ4AaABAg,@iralewis5469,Do a reaction to rick ross diss to drake,0,1,2024-04-14T23:31:55Z,2024-04-14T23:31:55Z
UgxRt1fhyQTSBNs_m9J4AaABAg,@suicyco6,"14:50 .... 20v1, you said Drakes the only one in this on his side.... that we know of... cause who's to say this wasn't just another ghostwriter? K Dot can wash this whole thing with ghostwriter bars",0,0,2024-04-15T15:48:29Z,2024-04-15T15:48:29Z
UgxVfoEz6jqUCbXAZrF4AaABAg,@IhiechukuEnyinna,"Knox Jackson didn't buy any Eminem catolog. yes, there are some artists he bought almost theirs but that of Eminem was just few songs which ain't even up to 5 songs if am not mistaken. 
Don't believe all those bullshit haters been spreading around the internet.",0,0,2024-04-14T20:51:48Z,2024-04-14T20:51:48Z
UgwXQtLbJa0FMitwW_V4AaABAg,@neildevlin2464,Where em at 👀😂😂,0,0,2024-04-15T14:32:45Z,2024-04-15T14:32:45Z
UgzrSBugthcLkLYFXnx4AaABAg,@YK_ItsB1Polar,God mode?,0,0,2024-04-15T01:38:23Z,2024-04-15T01:38:23Z
UgxFAiq7D98fxMcjjT94AaABAg,@livinginwestgeorgia5679,😂😂😂🎉🎉🎉,0,0,2024-04-19T00:11:16Z,2024-04-19T00:11:16Z
UgzFe94gMlHd0lgdaZ14AaABAg,@antoniomiguel9093,"4:35, the weekend sells more than drake outside of the US and travis also sells out so I dont think that this take was very accurate imo 
Loved the react tho",0,0,2024-04-15T02:04:05Z,2024-04-15T02:04:05Z
UgwVZVv66P6ingS68-t4AaABAg,@internal_life,react to yelawolf new me,0,0,2024-04-15T16:15:26Z,2024-04-15T16:15:26Z
Ugx1fyQLFIEhzLqXa7R4AaABAg,@4TyMazReal,This is how you know we actually on a ww3,0,0,2024-04-15T11:06:25Z,2024-04-15T11:06:25Z
Ugz82jBILLA5f8lGeRN4AaABAg,@curtiswarren3519,Answer in 2 hours,0,0,2024-04-14T23:18:14Z,2024-04-14T23:18:14Z
UgwpnkGFRVJ7p8G4RTx4AaABAg,@cam2krazy689,Pusha:🧍🏾‍♂️,0,0,2024-04-15T02:14:44Z,2024-04-15T02:14:55Z
UgzyL9jrUDEFLNsffcx4AaABAg,@Paranghelie89,Chippendales were a male stripper band :)),0,0,2025-03-23T23:37:49Z,2025-03-23T23:37:49Z
UgxvqKRK5dW8i0RaQRV4AaABAg,@Al3XBY3,React ro Ross answer,0,0,2024-04-15T02:04:49Z,2024-04-15T02:04:49Z
Ugxojl2IJ0AUQbCHOhJ4AaABAg,@racingtegnsilver8909,Do rick ross reply. Replied so quickly with a great verse best so far imo. Only thing drake had to do is reply quicker. Everyone gonna call this drake song ghostwritten cause it was a slow reply and his pass history.,0,0,2024-04-15T02:09:26Z,2024-04-15T02:09:26Z
UgysEq-dgnxtQaWg-ZB4AaABAg,@slrmoonbeam,How did you make this 30+minutes,0,0,2024-04-15T03:57:09Z,2024-04-15T03:57:09Z
UgymbEacCFEseMiQ4Bh4AaABAg,@ABekongIke,There is a guy called Eminem that sells out arenas globally.. there is fifty cent… 🥱,0,0,2024-04-16T06:04:28Z,2024-04-16T06:04:28Z
Ugy-kEPLDjMj1m11GW14AaABAg,@MAMBAleyva87,Plea😢se do GOD MODE review please 😕😕😕😕😕😕😕😕😕😕😕😁😁😁😁😁😁😁😁💯💯💯💯💯💯💯💯💯💯💯💯💯💯💯💯💯💯💯💯💯💯💯💯💯💯💯💯💯💯💯💯💯💯💯💯💯💯💯💯💯💯💯💯💯💯💯💯💯,0,0,2024-04-15T08:57:35Z,2024-04-15T08:57:35Z
Ugwb7fvvqMcr3JkZ7Tx4AaABAg,@jasonewing8693,Drake reminding people why wayne signed him,0,0,2024-04-15T15:53:08Z,2024-04-15T15:53:08Z
Ugxet5A92bJVilhEXVB4AaABAg,@josesantiago9216,Michael Jackson son is name prince.,0,0,2024-04-16T16:48:35Z,2024-04-16T16:48:35Z
UgwCeOWn9OL8mV203uF4AaABAg,@zombielife1712,"I really hope j.cole just get back into this shit, and drop some heat, but ik tht aint gone happen",0,0,2024-04-20T01:39:56Z,2024-04-20T01:39:56Z
Ugxfd-LdfFLX34euow14AaABAg,@Chowderr2raw,Ovo,0,0,2024-04-21T11:53:20Z,2024-04-21T11:53:20Z
Ugzqwd8pUY7IBaqytKN4AaABAg,@LuisRamirez-xq9cd,“Big in Japan” is Bic in ya pen? @knoxhill,0,0,2024-04-15T05:03:58Z,2024-04-15T05:03:58Z
UgxwQXH7MR-pyjzY9V14AaABAg,@DaveHill-ik2bj,Whitney movie bodyguard domestic violence ref there,0,1,2025-05-26T21:01:57Z,2025-05-26T21:01:57Z
Ugyur6E_TQmW0Fxb7_N4AaABAg,@emanuelmcmillan4391,Is this a No Vaseline tactic,0,0,2024-04-14T21:32:24Z,2024-04-14T21:32:24Z
Ugx9HDzXOGjuo-fklX94AaABAg,@Boooshtacka,Eminem seen the future.,1,0,2024-09-04T01:30:00Z,2024-09-04T01:30:00Z
UgygCVBxFERSj9jQBVt4AaABAg,@Oceangate-Titan,First day of asking for a reaction too ghostemane,0,0,2024-04-15T06:21:29Z,2024-04-15T06:21:29Z
UgxCEMVEeR2-mwBhZfR4AaABAg,@thedevilsrockstxr2309,"Knox he did not buy Ems entire catalog he got a back catalog containing 5 songs and just lose it....plz research bro, good video",0,0,2024-04-14T20:27:14Z,2024-04-14T20:27:14Z
UgzbEVXA_VPR2KFVlAR4AaABAg,@xRedacted_,Drake may say some hard shit but Kendrick gonna put Jimmy back in the chair,0,0,2024-04-15T21:24:18Z,2024-04-15T21:24:18Z
Ugw9H9_9Zv6Q5SZvYI54AaABAg,@arnav5680,19,0,0,2024-04-17T04:39:08Z,2024-04-17T04:39:08Z
Ugw9V71B3Zj4dL2BUS54AaABAg,@katahar7317,Drake bringing back the og days. I hope he gets a collab with Nicki and Cole and just rip through the industry firing shots all over. 😅,0,0,2024-04-15T03:55:43Z,2024-04-15T03:55:43Z
Ugz7anLtEtvee3B2f4B4AaABAg,@richbenno6144,Kendrick wife name is Whitney,0,0,2024-04-17T17:10:42Z,2024-04-17T17:10:42Z
UgwDStWZ9kMKeG8Nv3V4AaABAg,@thesulty15,I think drake was who J. Cole was talking about in that 7 minute drill chorus. He on bullshit he itching.,0,0,2024-04-16T17:48:29Z,2024-04-16T17:48:29Z
UgwldRsHXRZbjvAU0954AaABAg,@Cultee,"This feels like it’s giving off rap devil vibes. The song and diss sounds good but we seen what happened when killshot dropped. 

And fuck it they should drag Eminem into this 😂.",0,0,2024-04-15T17:59:39Z,2024-04-15T17:59:49Z
Ugxb_WSqaRLyVPJyBO54AaABAg,@Sidrouf,"not hating but is it jsut me or does knox pre-watch this shit? how dfq does he have all the references on lock? i dont understand. he knows almost everything about every bar, the amount of knowledge this guy has is unbelievable. its not just that too, even obscure shit and even his reactions on nerdcore, he also has the references, almsot like its pulled up on the other tab. if it aint prewatched and preresearched, this man has a  humongous brain fr",0,0,2024-04-15T08:59:53Z,2024-04-15T08:59:53Z
UgzorOBEXyQud8XMmb54AaABAg,@lokeshsarkar27,Drake is not solo....a bunch of ghost writers ✍️😂,0,0,2024-04-15T12:02:04Z,2024-04-15T12:02:04Z
UgzuM5h4-N8Azt8kIUR4AaABAg,@tayeelshaikh9228,I think this is part AI part Drake,0,0,2024-04-18T15:06:56Z,2024-04-18T15:06:56Z
Ugx0lEMGqFP2qAEYEt54AaABAg,@undisputeddespicable,Imagine someone drags Eminem into this shit that'd be total destruction.,0,0,2024-04-16T04:40:49Z,2024-04-16T04:40:49Z
UgwlaT5T_Q_i91_NbK54AaABAg,@stretchycheeeze,u sound like Eminem sometimes lol,1,0,2024-04-15T21:22:25Z,2024-04-15T21:22:25Z
UgxFpyX9WkI3PopZTGx4AaABAg,@TrevorSeabolt,When you gonna react to Tom’s song “God mode”,0,0,2024-04-15T13:54:55Z,2024-04-15T13:54:55Z
UgymGfVl2d8EL7IFtNZ4AaABAg,@ryanttorres3071,Imagine dropping an entire album and calling all your friends just to diss the goat of Drake didn’t respond they still would look corny as hell now this track just kills then all a diss track that’s gonna be a hit record that’s gonna be played all summer good job guys you poked the bear,0,0,2024-04-16T19:35:53Z,2024-04-16T19:35:53Z
UgwKllru4S_QQOy_N0R4AaABAg,@Kingkillainc,Who’s the ghost writer,0,0,2024-04-14T20:38:21Z,2024-04-14T20:38:21Z
Ugz_kk_ZdGEVSVHVMnt4AaABAg,@ChouricoPapi,"Drake needs to make a song not even a diss track just a song and get eminem, jay z, lil wayne. And just call it like ""the 1 %""  or just something along the lines of the others nit even in that club",0,1,2024-04-16T12:01:08Z,2024-04-16T12:01:08Z
UgzdDhvZOIrihhahhbl4AaABAg,@MoviesInAminute.,Who wrote it?,0,0,2024-04-15T11:44:50Z,2024-04-15T11:44:50Z
UgwmI2kwT2PTk5On7mJ4AaABAg,@robarce-capricornrising,Cap 🧢 is fire 🔥,0,0,2024-04-16T21:40:38Z,2024-04-16T21:40:38Z
UgzCfwk9_ng8YmlRNol4AaABAg,@mackanbar2375,"Everyone is talking about they were ganging up on Drake when he’s the one had Jcole to diss Kendrick! He did that first! Anyway Kendrick will response to this, finally we have something to keep up with here….",0,0,2024-04-15T06:09:47Z,2024-04-15T06:09:47Z
Ugzcf3IPrVfI3YLjJzp4AaABAg,@parkersgarage4216,if anybody is a drake fan not sure why you would be tbh. maybe you forgot but i dont know how. google drake gets caught going through his photos. be sure to have a puke bucket next to you though. when he accidentally slips up on stream. DO NOT FORGET THE BUCKET. you can thank me later for the bucket advice.,0,0,2024-04-14T21:55:09Z,2024-04-14T21:55:09Z
UgyKliZZbqK2KLe7xfF4AaABAg,@sethmartinez6231,"If youre short. Aka under 5""10. Sittttt down.",0,0,2024-04-24T18:56:00Z,2024-04-24T18:56:00Z
Ugzyi83q0oGXrDG80Tt4AaABAg,@ArthurWasTaken,Just wait until they start talking about drakes underage text.. everyone forget about that shit??,0,0,2024-04-14T22:31:34Z,2024-04-14T22:31:34Z
UgwY9o1zuIsHKlUHQJd4AaABAg,@VelterZ,Mj actual son is called prince,0,0,2024-04-16T17:34:02Z,2024-04-16T17:34:02Z
Ugy9GuybXNhyceMK2D54AaABAg,@richbenno6144,"The  ""shit would probably change if ya bm kiss n tell"" was about asap rocky cuz drake used to mess with her",0,0,2024-04-17T17:08:04Z,2024-04-17T17:08:04Z
Ugzb889j7CeAw7FxKTt4AaABAg,@Nawnotreally,"Fun Fact Mr Morale Sold 177,000 pure album copies vs Honestly Never Mind which sold 16,000 Dot also sold 1.06 Million equivalent vs 700k or drake both released in 2022",0,4,2024-05-07T23:26:04Z,2024-05-07T23:26:04Z
UgwgzEzT2V0I6hNQ_ct4AaABAg,@devonjones102,Ross next Lmaoo,0,0,2024-04-15T05:04:13Z,2024-04-15T05:04:13Z
UgzSoQrcpoxc8FFBdAt4AaABAg,@TheBohizzel,Dude plz do Tom MacDonald godmode reaction,0,1,2024-04-15T03:47:32Z,2024-04-15T03:47:32Z
Ugwr-EUxsftgtoq0Xql4AaABAg,@WallahNein,"You just have to imagine Drake going as hard as you can ""20v1 ,cmon fight my you cowards😠""

Meanwhile Metro and Future with sunglasses in their spaceship
""We still don't trust you🥱""",0,0,2024-04-14T20:25:59Z,2024-04-14T20:25:59Z
UgyZosS6eGvL6xioR9t4AaABAg,@vmoya96,Imagine if em joined drake 😳,0,0,2024-04-18T06:31:39Z,2024-04-18T06:31:39Z
UgwUygGcNdBsXk_IHuh4AaABAg,@sharky5129,He don’t want it with school boy,0,0,2024-04-25T23:55:47Z,2024-04-25T23:55:47Z
Ugx0X_XoMvOI_7tbgJJ4AaABAg,@sabian.,"bruh j cole shouldn’t have apologized, but i kinda see why he did now cause this shit really was supposed to be drake vs kendrick lol",0,0,2024-04-20T19:19:12Z,2024-04-20T19:19:12Z
Ugzf-BxtzkafW4SnE694AaABAg,@richardunderwood5737,"One mention of HAILIE JADE and they all RIP 😅
FACTS!",0,0,2024-04-15T04:34:56Z,2024-04-15T04:34:56Z
UgwmeaJheeIO593iymB4AaABAg,@ItsJaden1,Drake is winning,0,0,2024-04-15T01:59:14Z,2024-04-15T01:59:14Z
Ugw-oVO8tBMu7SFfB8t4AaABAg,@T.Baugh-Mr,He prolly dissed 50 persons on this one lol,0,0,2024-04-15T16:01:45Z,2024-04-15T16:01:45Z
UgxGINArxc8IW_uVi1x4AaABAg,@pauldaddy284li,"Idk Abt y'all but as a ""grew up in the 90's  in Detroit Michigan"" REAL hip-hop head.. ight!..wit that said... like real talk...(My God I can't BELIEVE I'm about to say this).... Like....... hear me out y'all......

.......this might be the greatest diss song of all time 🤔😮😳 like think about it, it's a phuckin PERFECT diss song 😮'iont know y'all 💁",0,2,2024-04-15T09:23:42Z,2024-04-15T09:24:39Z
Ugxb3vOuYsgKyXxLs3F4AaABAg,@mavbotmusic,"Yo Knox, tell your biased guy Stevie to control his kendrick stan feelings",0,0,2024-04-15T04:37:39Z,2024-04-15T04:37:39Z
UgxKPFuNG0jwBZ9tyHV4AaABAg,@JoeyDecay,Who wrote this for him?,0,0,2024-04-14T23:19:06Z,2024-04-14T23:19:06Z
UgzByk_EVezml9G3eyt4AaABAg,@love2-t2h,"I'm the hit maker, Y'all depend on(the pen down)",0,0,2024-04-15T05:46:28Z,2024-04-15T05:46:28Z
Ugxcl1NC3eIFeT8vMs94AaABAg,@44LillPuffin,"Hmm, chippendales used to be a thing years ago, male dancers, strippers, that wore bowties. Right?",0,0,2024-04-14T23:21:47Z,2024-04-14T23:22:59Z
Ugy-u6NcT08wgVKurYN4AaABAg,@destinyohilebo1064,"Rick ross dropped too, we waiting on that.",0,0,2024-04-15T06:06:59Z,2024-04-15T06:06:59Z
Ugzrrrvl8IXGcRvXrH54AaABAg,@Jaedon1981,"But, Drake talks about MFS splitting money in their contracts.... He sounds like Cole. Everyone on TDE Kendrick bigged em up and they all blew up. Drake is literally the only mf who is making any money performing under ovo. Everyone let's him talk shit and get away with talking slick. Sounds like an angry J. Cole.",0,0,2024-04-14T23:14:23Z,2024-04-14T23:14:23Z
UgyB52cL2dULOg6JDKx4AaABAg,@mitchpascal1071,👦🏼,0,0,2024-04-17T07:13:04Z,2024-04-17T07:13:04Z
UgxGMXzUSxysVIJ5dUJ4AaABAg,@dionnesimpson6183,Joe Budden may be right when he speculated Drake is getting a percent off all these artists.,0,0,2024-04-15T09:16:48Z,2024-04-15T09:16:48Z
UgwlSEFQXjPukzmoAWx4AaABAg,@jasondreamsrealty9687,That would be fantastic if Eminem jumped in this battle with Drake,0,0,2024-04-16T17:36:05Z,2024-04-16T17:36:05Z
UgzhvxXme07Pyy-ze2Z4AaABAg,@MaxxWatt,string melody copied from bury the evidence by Tricky. keep up people,0,1,2024-04-18T20:21:15Z,2024-04-18T20:21:15Z
Ugzkb1rQGgI-tPYnXJB4AaABAg,@lunalily220,They all used Drake to get into the mainstream and now they want to attack him.,1,0,2024-04-16T14:57:34Z,2024-04-16T14:57:34Z
UgwnNhgEMSWvK_KLx2V4AaABAg,@Benjammin863,Future putting out way before drake. Repping atl throwing out mix tapes  back in early 2000's,0,0,2024-04-14T21:32:20Z,2024-04-14T21:32:49Z
Ugy1FdZ7ATOj3vbOhGh4AaABAg,@hannanounou3153,Please react to RM. RM of BTS will release his new album RIGHT PLACE WRONG PERSON on Friday May 24th 2024.”,0,0,2024-04-26T18:13:22Z,2024-04-26T18:13:22Z
Ugy9A1v37BfSvC5Rjfd4AaABAg,@B.Bshortform,"Celeste
Zkts",0,0,2024-04-19T23:54:47Z,2024-04-19T23:54:47Z
UgytaJ49RQuWPG2rL-h4AaABAg,@lolzee-_-loll,Rick Ross response when?,0,0,2024-04-15T02:54:44Z,2024-04-15T02:54:44Z
Ugxm9AUIZfyPp6PsWhd4AaABAg,@jaymayhem8346,"Shit sounds like a club song with chicks twerking and dropping down and giving dudes 50! Drake is MGK trying to go at a true lyricist like Eminem (Kendrick) in this case, pretty good for him but this isn't going to cut it and you shall soon see. Pretty good for Drake and thats probably the best he will do.",0,0,2024-04-14T20:54:58Z,2024-04-14T21:15:25Z
Ugyiy_qG5Wm41xvSiKd4AaABAg,@derekthemountaindawg467,I don't even like Drake but he just bodied all of em,0,0,2024-04-14T23:01:30Z,2024-04-14T23:01:30Z
UgxscMgkECFBjvpFx8Z4AaABAg,@waejae3802,Like I said before….Drake may not be as lyrical but can’t nobody touch his sauce on a beat rn,0,0,2024-04-15T11:11:30Z,2024-04-15T11:11:30Z
UgxKRy_C44PGK7rKsp94AaABAg,@johnsimpson9859,I thought he was saying drop and give me 50 like leave the label and bring 50 cent back,0,0,2024-04-22T21:01:54Z,2024-04-22T21:02:40Z
UgwSHlBNQVqSK-5SeDh4AaABAg,@alanlacosse8850,"I like how he said ""what is this a 20v1?"" ...eh nah more like a 20v10 or however many ghostwriters you got",2,0,2024-04-16T01:15:07Z,2024-04-16T01:15:07Z
UgwmZnIx6fMVvBk-5FB4AaABAg,@Mrwavey123,Kendrick is affiliated with the Westside Pirus who are part of the Bloods,0,0,2024-04-15T16:23:28Z,2024-04-15T16:23:28Z
UgwfWKBmbkawbVi2enN4AaABAg,@josha2366,"If drake wasn’t a pop rapper he would be done, his fans need to wake up",0,0,2024-04-17T16:40:30Z,2024-04-17T16:40:30Z
Ugy6SQIZp3IJTIPQnhJ4AaABAg,@jeroldortiz,You gonna say Cass wrote this 😆😆😂,0,0,2024-04-15T14:24:09Z,2024-04-15T14:24:09Z
UgwcfQtWMeE_Z9B8mFp4AaABAg,@obitosrinagone9966,I dont keep up with hiphop at all but didnt eminem call this about people turning on drake.,0,0,2024-04-24T03:42:35Z,2024-04-24T03:42:35Z
Ugw9rMyfibDSM9goKDx4AaABAg,@BackupPlan-e9m,K dot girl cheated on him with body guard,1,0,2024-04-15T10:37:29Z,2024-04-15T10:37:29Z
UgybZe1DJYjo0sK_6Ux4AaABAg,@ravenmacabante1946,Eminem predicted that one day people will turn on Drake,0,0,2024-04-15T10:37:09Z,2024-04-15T10:37:09Z
Ugxw86lr8iSkWqMHpdV4AaABAg,@cbascomb,The bodyguard line was a double for the movie and Kendrick's chick had affair with one of her bodyguard. Like in the movie as well.,0,0,2024-04-15T12:30:06Z,2024-04-15T12:30:06Z
UgwBFJs8zv0ZYFSIKZt4AaABAg,@tomlidlum4348,"Bro, the timing.  Figure it out!",0,0,2024-04-16T03:53:58Z,2024-04-16T03:53:58Z
Ugxc-IzcIPY3hg0I_3h4AaABAg,@nate.hanlon,what did michael jackson buy of eminem’s?,0,1,2024-05-01T18:21:35Z,2024-05-01T18:21:35Z
UgxCyNSw7ex1goy33nF4AaABAg,@lazkycs,I thought KDot left TDE?,0,0,2024-04-14T23:43:43Z,2024-04-14T23:43:43Z
Ugz4EH8EBgk5NaRrX_F4AaABAg,@maxpalmer3212,I’m a future fan so I was siding with Kendrick during this beef,0,0,2024-05-21T14:21:06Z,2024-05-21T14:21:06Z
UgzNDgC9F3W-8bEwi9t4AaABAg,@kapembwajamessikazwe608,mgk setting the trend on beat switches,0,0,2024-04-16T07:13:05Z,2024-04-16T07:13:05Z
UgxBR4ROqmM9xG2CA6x4AaABAg,@dylandisher6450,You are greedy greedy with all these ads 😂,0,0,2024-04-19T21:27:02Z,2024-04-19T21:27:02Z
Ugw1i-umvvCZ1GgatHp4AaABAg,@GrandSport_Jue,It’s only 20 v 1 cus drakes teammate apologized 🤣🤣 let’s not forget about that,0,0,2024-04-16T16:33:54Z,2024-04-16T16:33:54Z
UgyfXx-L4bLx3OwADgx4AaABAg,@orestracki6617,I wonder who wrote this for Drake,0,0,2024-04-17T20:44:59Z,2024-04-17T20:44:59Z
Ugy2y6xSa5PZsJbKGZF4AaABAg,@AimThatSameAGame,Taking 20 guys at once is such Drake thing to do...😏,0,0,2024-04-15T20:42:52Z,2024-04-15T20:42:52Z
UgzYlz7v0JevQpyLwh54AaABAg,@ochacal7794,"JAY-Z warned Dake

Drake, here's how they gon' come at you
With silly rap feuds, tryin' to distract you
In disguise, in the form of a favor
The Barzini meeting, watch for the traitors, uhh",0,0,2024-04-15T17:52:29Z,2024-04-15T17:52:29Z
UgxdkjfmShJZnwMb22p4AaABAg,@tha1andonly836,"To lazy to read all the comments, but Prince is also Michael Jackson's son 👀
Had to stop the video so I didn't lose my train of thought 🤣
Also, I was kinda biased on the song cause it wasn't enough for Kendrick, but now (so far) in this break down.. This is a legit diss for everyone, but EVERYONE is waiting for the ""Gen Z HIP HOP GOAT"" to respond 💯🙏🏽",0,0,2024-04-15T06:07:03Z,2024-04-15T06:07:03Z
Ugy93k9_UC1a_elmzvZ4AaABAg,@loveatris,"doesnt seem like he owns up the track if he had to ""leak"" it 😂😂",0,0,2024-04-16T04:23:27Z,2024-04-16T04:23:27Z
UgyfGk-Av6SK3wMwEqp4AaABAg,@NoShillBill,You had an extra day and still got the leaked version 🤦‍♂️,0,0,2024-04-15T00:43:25Z,2024-04-15T00:43:25Z
UgxCe5YQ-U5iBQHo6Yp4AaABAg,@koyanator7,"Hello. Can you please react to RM's new album ""Right place, Wrong Person"" out on Friday May 24th. RM is a rapper and member of BTS.",0,1,2024-04-29T07:57:29Z,2024-04-29T07:57:29Z
UgxC-Yn5c9TJvCoZtdV4AaABAg,@RottenEntrailsCrazy,Eminem warned Drake about this long ago,0,0,2024-04-15T17:33:04Z,2024-04-15T17:33:04Z
UgyL8xjSpwsNB3QYrB94AaABAg,@She_EZz,Rappers can diss any rappers except EMINEM ❤️❤️❤️,0,0,2024-04-16T20:22:26Z,2024-04-16T20:22:26Z
Ugy2fW3n0s-wPgiChIh4AaABAg,@andreferreira1304,"In reality, the last project of Drake did roughly the same numbers as Mr Morale, so its a mid bar at least, cause if he saying that Mr Morale bricked than so did For All The Dogs. And talking about ""Travis wipped down"" when Utopia did miserably is not even factual these bars",0,0,2024-04-15T12:35:31Z,2024-04-15T12:35:31Z
UgxYMT71wejLoQ2mcoR4AaABAg,@misskatie_111,i'm late!! forgive me!!😆,0,0,2024-04-15T10:26:20Z,2024-04-15T10:26:20Z
Ugy_tfzUtZDdbzajej14AaABAg,@jaybean006,This Drake or a few ghost writers?,0,0,2024-04-14T22:47:15Z,2024-04-14T22:47:15Z
UgyUzirp7pHcBuEUfol4AaABAg,@nsrvtca,He didn’t need them on the track because they wrote it. 😂,0,0,2024-04-15T16:50:40Z,2024-04-15T16:50:40Z
UgxjXrA60iXXWXsxU0p4AaABAg,@onika28,"imagine this being orignal authentic pov/opinion, feeling & reaction. then turned around join industry collusion/agenda/scheme... now the not of the culture, culture vulture, cant/never write, opportunistic, no & or trash bars, everything he said were lies (all kdot's factual), horrible track including EVERY other double standard, moving goal post, boundary lines, accepted & unacceptale etc",1,0,2026-01-16T06:52:40Z,2026-01-16T06:52:40Z
UgyC-PoFmWLlZhjSMvR4AaABAg,@Andros666,"Real losers of this beef are the fans, we probably won’t ever be getting “What a time to be alive 2” or the JCole Kendrick album 💿",0,0,2024-04-19T06:30:24Z,2024-04-19T06:30:24Z
Ugxlnzv9-HPqIuiFK2F4AaABAg,@khornebloodgod2137,"I mean, i agree, kendrick looses points for not doing it dolo... but how many writer's did drake have?",0,0,2024-04-16T16:30:05Z,2024-04-16T16:30:05Z
Ugxha_PRdcFHjzVhYJR4AaABAg,@TheHalfBloodPrince,Drake won and he hasn't even started.. he's been better,0,0,2024-04-20T05:23:35Z,2024-04-20T05:23:35Z
UgzPsatJHyp8lNmlvDx4AaABAg,@LetEmWork,I had a feeling drake and kendrick beef was over kendricks wife. Seem like all this beef is over girls,0,0,2024-04-15T02:52:29Z,2024-04-15T02:52:29Z
Ugzdn4dgFS9XZtt9NpV4AaABAg,@jordanwiebe160,Who ghost wrote this?,0,0,2024-04-14T20:28:26Z,2024-04-14T20:28:26Z
UgxzpnmUbea9GJICaxN4AaABAg,@bradsilcox642,after watching everything drake washes like 4-5 ppl and then got murdered by kendrick,0,0,2024-05-27T01:04:24Z,2024-05-27T01:04:24Z
UgwoVmK0XyGpybigqRZ4AaABAg,@aj9730,"7:04

😂",0,0,2025-03-07T00:57:28Z,2025-03-07T00:57:38Z
Ugyu9akkF8IoUYLd7IZ4AaABAg,@jaymonument2860,"Eii! So all this in one song?... 😅 fairytale is a real thing. People are curious and hooked to fairytale ""break down"".",0,0,2024-04-17T20:47:16Z,2024-04-17T20:47:16Z
Ugw96ge9pOaRpbaiy_p4AaABAg,@wesleyshafer6310,Did he say something about 50 cent talking about Diddy? Is chip n dales a gay club?,0,0,2024-04-18T09:41:17Z,2024-04-18T09:41:17Z
UgzpCzQDKjlAuw2D8WZ4AaABAg,@the_austin_howard7498,"Let’s be honest, this isn’t a 20v1, drakes ghost writers gotta count right? Sounds like an even 20v20 to me",0,0,2024-04-15T12:55:44Z,2024-04-15T12:55:44Z
UgyBOAn1b_6FAhtoWyZ4AaABAg,@straightouttazambia2835,"""Peepsqueak pipe down"" is a super trash line 😂😂😂",0,0,2024-04-15T13:26:38Z,2024-04-15T13:26:38Z
UgwW3e140Ux3umrRgNh4AaABAg,@JoannaNFPS,EVERYONE COPYING THE REAL GOAT: EMINEM,1,1,2024-05-06T11:16:17Z,2024-05-06T11:16:17Z
UgycOEM_kpyOAnDSyJh4AaABAg,@Cheeseypoofs85,imagine being a dude named aubrey from canada and trying to talk smack. lol..... has this man wrote his own song yet?,0,0,2024-04-16T00:39:33Z,2024-04-16T00:39:33Z
UgzTi9FWMybKKKB-x9B4AaABAg,@nickmatteo733,Low-key Metro cooked drake with the beat on like that,0,0,2024-04-16T19:44:56Z,2024-04-16T19:44:56Z
UgxTay7lF-GkMHD-R4F4AaABAg,@brookeboe245,I like Drake but I loved how DMX hated him lol,0,0,2024-04-15T06:41:06Z,2024-04-15T06:41:06Z
UgwViPjWuBqINQhogEV4AaABAg,@stanz0105,Sorry bro but every time I hear Drake song all I hear is Ghostwriters 😂😂,0,0,2024-04-15T02:16:27Z,2024-04-15T02:16:27Z
UgxDF5fItQBov1HfvEh4AaABAg,@cedriczie989,"You mean Drake is alone on the track ""vocally"" .. but as for writing I'm not so sure about that",0,0,2024-04-15T03:20:55Z,2024-04-15T03:20:55Z
UgyCK0bIZV4NRfGIwHp4AaABAg,@aaronaiysen7534,He don’t even write his own shit so how can you take him seriously 🤷🏾‍♂️. I do like the beat though,0,0,2024-05-07T19:03:07Z,2024-05-07T19:03:07Z
Ugzy-FimSaetAbQ7B5V4AaABAg,@amosseyama8219,Who created this triangle beef? I guess it's P Diddy 😂😂😂,0,0,2024-04-14T20:27:30Z,2024-04-14T20:27:30Z
UgxCkZjwlpBJMYsNenl4AaABAg,@Tiggy843,You can tell drizzy paying this dude,0,1,2024-04-15T22:43:24Z,2024-04-15T22:43:24Z
UgxkJmhpAV3qVNFNIJ14AaABAg,@kevinvercauteren3729,Rick Ross diss track next?,0,2,2024-04-15T09:13:02Z,2024-04-15T09:13:02Z
UgwfmjglYkbqVapeacV4AaABAg,@lilmac442,"Yeah drake is the only one on this song, doesn't mean he wrote it himself tho",0,0,2024-04-15T21:52:02Z,2024-04-15T21:52:02Z
UgzfZbIOvWWnoESVYsl4AaABAg,@williegreen5543,Can you please talk to yo boy Stevie knight this dude is completely dismissing everything that drake has said in this diss. This song isnt ether but its definitely not a garbage.,1,0,2024-04-15T00:03:31Z,2024-04-15T00:03:31Z
Ugy_1t87dqwiCc8nH194AaABAg,@zacharykennedy7922,Kendrick is setting him up baiting him to compare himself to Mike Jack bc of the pedo accusations,0,0,2024-04-17T19:52:23Z,2024-04-17T19:52:23Z
UgykozQP4xQqrGVh9_V4AaABAg,@shadowbandz4972,Great breakdown,0,0,2024-04-16T02:58:59Z,2024-04-16T02:58:59Z
Ugy6Wd-4StB3eYfY8kF4AaABAg,@shiottamusic,"Body shaming for being short and talking about business multi millionaire shit that nobody cares about and how Drake breaks records and Kendrick doesn’t do great numbers. The only serious diss here to Kendrick is talking Whitney. The sonning Kendrick thing doesn’t work cuz who gives a shit, that doesn’t mean drakes better. It doesn’t mean drakes not better either. It just doesn’t really matter to the listeners.",0,0,2024-04-15T05:34:45Z,2024-04-15T05:34:45Z
UgxZ65wk-f9aCG9uUsx4AaABAg,@goldenbearfitness9297,Other than the short jokes what did he really say to Kendrick Lamar 🤔 I’ll wait 😂,0,0,2024-04-15T03:34:23Z,2024-04-15T03:34:23Z
UgzAJDaroxKkvXFtefV4AaABAg,@noemichavez4296,How can Drake think so highly of himself when he clearly isn’t on Kendrick’s level. 17 Grammy’s and a Pulitzer Prize. Come again Drake cause you ain’t gotta it like that. Like Wayne said “just make Canadian music or whatever it is you do”.,0,2,2024-07-14T05:57:45Z,2024-07-14T05:57:45Z
UgwcGOxLNuDGcpgTGM54AaABAg,@Addy13087,It would be dope if Drake wrote it. But we know he didn't.,1,0,2024-04-16T08:29:35Z,2024-04-16T08:29:35Z
UgyD7Hew2b1wvo49gSt4AaABAg,@michaelwou1667,This whole beef of 20 v 1 against Drake is attempt to just sweep Diddy’s legal issue under the carpet. Trying to get the public’s attention away from Diddy.,1,1,2024-04-15T20:21:12Z,2024-04-15T22:52:50Z
UgwRmNbaeyDlwhyh4S14AaABAg,@matheuslpnambahu9032,This isn't real reacting he already saw all the people video jusy listen he apparently knows everything,0,0,2024-04-21T13:00:47Z,2024-04-21T13:00:47Z
UgxvVVpf94Oni-zrqLZ4AaABAg,@MrWhovian14,"I'm not the biggest fan of Drake anymore, i prefer Drakes older stuff. But this beef is getting good, this diss was so good, and it was better then J Coles diss. At least Drake wont be a bitch and delete it later like Cole",0,0,2024-04-15T21:21:24Z,2024-04-15T21:21:24Z
UgxGAjVyVmqThq3zne94AaABAg,@stos5363,Pusa the only one to win,0,0,2024-04-15T18:28:20Z,2024-04-15T18:28:20Z
UgzWWMrVZQl8H5MovgB4AaABAg,@Manos_kalitsos,I didn’t understand…Drake has problem with J.Cole too?,0,1,2024-04-14T22:06:00Z,2024-04-14T22:06:00Z
UgzabDFJ94umVzPId4l4AaABAg,@Noekeeuh,"Nobody wants to go against Kendrick with him, thats why he's alone on the track",0,0,2024-04-19T14:10:34Z,2024-04-19T14:10:34Z
UgypY9teem6MtRVE82B4AaABAg,@Cinder-g2o,"i'm not even a Drake fan..  but he cooked all those dudes.   Metro and Future been irrelevant, but they just showed up DOA,  Officer Ricky having 50cent flashbacks, and all of them hoping Kendrick can save them.",0,0,2024-04-15T17:29:11Z,2024-04-15T17:29:11Z
UgwSD1yMBo6BaDNwj-N4AaABAg,@giftchimanishachanda7853,Drake definitely didnt write this himself 😂,0,0,2024-04-15T02:21:39Z,2024-04-15T02:21:39Z
Ugyss1c8wo1ddxyaWo54AaABAg,@Smoke_Nat,Me personally I like Kendrick diss better,1,1,2024-04-17T22:19:35Z,2024-04-17T22:19:35Z
UgwgLHf4vbQFc1BZ9cx4AaABAg,@kathleenreilly828,This goes hard but did he even write it🤦‍♀️,0,1,2024-04-15T00:00:03Z,2024-04-15T00:00:03Z
Ugz2gocozwfaBFFi0Ut4AaABAg,@tdmidas289,Mmmm cole backing out looks better each day. Drake mentioning kdot wife is hella disrespectful. This beyond who has better bars,0,0,2024-04-14T22:04:16Z,2024-04-14T22:04:16Z
UgyH1VZZuoxpsGs3fWN4AaABAg,@Eddyboy309,"Screw Drake brother , been waiting on the Tom Macdonald reaction. 8 minutes of heat for you to break down",0,1,2024-04-15T00:31:40Z,2024-04-15T00:31:40Z
Ugw66Z3Q3q6yNybNoXp4AaABAg,@tril3on,"Scru and Knox are by far the best at this, though Shaq is just positive vibes all the time :)

I lost a lot of respect for Stevie because he's way too biased. Probably because, unlike Knox and Scru, he doesn't actually Rap so he doesn't get it.",0,0,2024-04-14T21:40:27Z,2024-04-14T21:40:27Z
Ugxav8eK_0iHHqbPX6t4AaABAg,@veganerchickennugget,bro wtf is that sweatshirt,0,0,2024-04-15T14:14:33Z,2024-04-15T14:14:33Z
Ugzua7sX2ndGr5iXDfF4AaABAg,@ill_faded_na9510,alone?ghost writers on holiday?🤡🤡😂,0,0,2024-04-15T12:22:21Z,2024-04-15T12:22:21Z
UgwAlSq7tA1pNk0Ipal4AaABAg,@EmpTyBrdcaGe23,I don’t think he’s taking shots at Kai they’re good friends. More or less think he’s saying he’s doing Kai cenat numbers and they’re doing everyone else since Kai’s been streamer of the year 3 years straight.,0,0,2024-04-15T00:39:07Z,2024-04-15T00:39:07Z
UgyZuWPmyaLS0RQvCmR4AaABAg,@shakyrob6512,"When you are done with these lamestream rappers manufactured beef as a means of reinvigorating the public's interest. Real artists Adam Calhoun, Brodnax and Tom macdonald all dropped new songs last Friday.

I get it though, the TMZ stuff brings views too. Much ❤",0,0,2024-04-15T12:12:25Z,2024-04-15T12:12:25Z
Ugx5P3uePm_l2yj68GN4AaABAg,@tackyzack8693,"Prince was a beast, you hear me!!!! 💯 BUT he was in NO WAY MJ, commercial or selling wise EVER!!!!!!!!",0,0,2024-04-15T12:58:13Z,2024-04-15T12:58:13Z
Ugx3Vw4f_u65yZGXbCJ4AaABAg,@jkrak1320detailing,Who wrote this for drake?,1,1,2024-04-21T15:00:38Z,2024-04-21T15:00:38Z
UgwNKik8zQzsKpxSKx94AaABAg,@Nightmareplays77,Ia the even real?,0,0,2024-04-15T13:47:50Z,2024-04-15T13:47:50Z
UgxlmOCUEXDpYMHdmYF4AaABAg,@WRX.Richie,That interscope/aftermath bar has been used so many times. That shit was wack AF.,0,0,2024-04-15T02:48:15Z,2024-04-15T02:49:00Z
UgzXerXXNPTC0Te786l4AaABAg,@santosfigueroa6915,But did he write it cause he be using ghost writers .,0,0,2024-04-15T02:07:29Z,2024-04-15T02:07:29Z
Ugxz0AsIYXIRzfbWj3F4AaABAg,@victoriapritchard8775,Man  Drake is like Taylor Swift 🤦 his. Numbers are high because hes more pop then tap yes this diss track is hard but did he actually write it 🤔🤔🤔,0,0,2024-05-05T04:22:28Z,2024-05-05T04:22:28Z
UgxdXaetwqBiCL508SR4AaABAg,@codyleearmel,It's been almost 2 weeks and Kendrick never respond back to the diss. If he don't respond soon he's going to be taking a L,0,1,2024-04-23T13:45:30Z,2024-04-23T13:46:09Z
UgxZWtHWiffgYJMEt1R4AaABAg,@angelrobles3301,They all got fk by diddy and drake and now they mad 😂 so let diss each other to distract.,0,0,2024-04-15T12:07:25Z,2024-04-15T12:07:25Z
UgzE1WEQZOG8zbQPZK14AaABAg,@justinbchr,Did we ever confirm this leaked diss was legit?,0,1,2024-04-15T01:27:40Z,2024-04-15T01:27:40Z
UgzW46eRbSZVZtUBX4d4AaABAg,@MegaNene666,But i heard this is a AI 🤖 not really drake though….?? Can anyone elaborate on that?,0,1,2024-04-15T07:13:23Z,2024-04-15T07:13:23Z
Ugxs56ypY5VAO9sJYjd4AaABAg,@andy5204-m2u,What's the dirt doing better breakdown,0,1,2024-04-20T11:10:21Z,2024-04-20T11:10:21Z
Ugy7n3EmXhnMC5gVzfp4AaABAg,@BrianRountree-u7p,"we all know that Drake's ghostwriters get the credit here.

drake just reading his script",2,1,2024-04-15T08:58:49Z,2024-04-15T08:58:49Z
UgwF2IwTYezY71OtfM54AaABAg,@thesteadfam,"Yeah, but who wrote this for him?😂",0,0,2024-04-16T16:25:47Z,2024-04-16T16:25:47Z
UgzJme8L_3Dp537MaEl4AaABAg,@VirgoDrew,How Drake own his master's when Lil Wayne sold Drake's and Nicki's for 100mill,0,0,2024-04-15T05:05:14Z,2024-04-15T05:05:14Z
Ugx4gM8T33LeXItLxoF4AaABAg,@chrisvandeventer513,"Bruh...Drake clowned himself...
I'll say this...
Kendrick just gotta say something about the 50 ghostwriters he read the lyrics of.
When Kendrick does a track with a pop artist...that ain't the same as being a pop rapper...
The metro beat is a sneak diss...
Hard body with Wayne...
Drake claimed to be non gang gang...",1,2,2024-04-19T02:53:34Z,2024-04-19T02:53:34Z
UgyR41pEW8ff8s61Eq14AaABAg,@MrIAgreeToDisagree,Can someone diss Em? I want him to get in on this LOL,1,0,2024-04-16T15:07:47Z,2024-04-16T15:07:47Z
Ugzx0W78yDMFg2rUeTN4AaABAg,@daddywalker6133,Underdraker,0,0,2024-04-17T06:48:57Z,2024-04-17T06:48:57Z
Ugx-zkZJ4nU26MxUqdB4AaABAg,@michaelcookson9021,Can anyone name a single song drake wrote by himself ?,0,8,2024-04-15T23:29:35Z,2024-04-15T23:29:35Z
Ugy8AQ4oF-8_U2PTVOR4AaABAg,@sir_prize_ma_the_farcar4547,"So who wrote all the lyrics , Drake ain't got it in him.😂😂😂😂😂😂😂😂",1,0,2024-04-15T14:44:34Z,2024-04-15T14:44:34Z
Ugz_dh0u-TbnZ_Zj1Sh4AaABAg,@Jecone,10:59 to 11:03 is so unnecessary,0,0,2024-04-22T14:59:16Z,2024-04-22T14:59:16Z
Ugyd2yFIC1afMDs8ydB4AaABAg,@dominic150,"Eh, was pretty boring as far as diss tracks go",1,0,2024-04-16T12:34:27Z,2024-04-16T12:34:27Z
Ugz2RcE0cZETmfbQZ6h4AaABAg,@kennyw907,This dude knows too much about these bars…I’m starting to think he’s one of the ghosts that helped write this response 🤔🤔,0,0,2024-04-19T03:45:43Z,2024-04-19T03:45:43Z
Ugx97w3N-2bMAHV6jkR4AaABAg,@Treesan,"The track was OK and all, but we know Drakes ghosty whipped that up for him lol.",0,0,2024-04-16T00:56:50Z,2024-04-16T00:56:50Z
UgwMqdAaL1-TNE3H3Vt4AaABAg,@haraheartless4717,I couldn't find anyone talking about this. Chippendales is like a male strip dance group 💀 I think that's what he's saying? He's what women want?,0,1,2024-04-17T13:45:19Z,2024-04-17T13:45:19Z
Ugw2GO8_ctH5J7coYMJ4AaABAg,@Toxicdemon2,"Now lets find out who wrote this diss track fro him.
And lets not start about his WACK delivery",0,0,2024-04-15T16:57:18Z,2024-04-15T16:57:18Z
UgxtghzXHSMUXxtYR6x4AaABAg,@EJayeee,"I ain't gonna say Drake is better than K dot, cos he ain't. But Cole is better than both of em, why did he have to wimp out man.",0,0,2024-04-23T03:45:08Z,2024-04-23T03:46:08Z
UgzCQVM6N6cUzNyNV_Z4AaABAg,@jesselund360,Kenny 1 Drizzy 0,0,0,2024-04-16T05:44:54Z,2024-04-16T05:44:54Z
UgwyopYB0twYCSARjMt4AaABAg,@BigFan-x9z,1 of the most non biased reactors,2,1,2025-09-26T04:01:55Z,2025-09-26T04:01:55Z
UgwE0aK1lhin-ybxkK54AaABAg,@bawling4soup,"nobody comes close to you with breaking down bars, theirs no laziness to your videos",0,0,2024-04-15T00:46:06Z,2024-04-15T00:46:06Z
UgzyInYbnZ8IZbPb2RZ4AaABAg,@kyleingram603,the metro line is SO FUNNY bc he's not a rapper so he literally can't do anything to respond except make some drums and then he's doin what drake told him to do... he gotta move out the country now,0,0,2024-04-15T15:15:24Z,2024-04-15T15:15:24Z
UgyDstH3iegOSZGmENp4AaABAg,@jeffreytully6883,You hyping this up Knox’s its nice but we have to sit back and wonder who wrote this we all know it wasn’t Drake!,1,1,2024-04-15T10:00:44Z,2024-04-15T10:00:44Z
UgxNF1EcU8VbuDYN41l4AaABAg,@wicked_syndicate,Great reaction but weak diss,0,0,2024-04-14T21:21:07Z,2024-04-14T21:21:07Z
UgwBSfwHnZDzqr3OShp4AaABAg,@BigDaveO369,We really gonna act like drake can hold a candle to Cole or Kendrick?  The real ones don’t care about sales and money. This ain’t hard. Oh and did he even write it?  FOH.,0,0,2024-04-15T01:03:07Z,2024-04-15T01:03:07Z
Ugzg-wwZeXEKr37SPMJ4AaABAg,@Pamela-3256,Can’t be a winner if ya didn’t write it 🙄,0,0,2024-04-19T13:01:23Z,2024-04-19T13:01:23Z
Ugwgm4uVzKgghZnP9GN4AaABAg,@brandonspiesman2627,Drake the GOAT been saying for years. Respect his pen. Look back to before he was even signed.,0,0,2024-04-15T01:26:05Z,2024-04-15T01:26:05Z
UgxVTKS_VYTEKnYFxVd4AaABAg,@rogerm4a1,Wasn’t this an Ai generated rap? Come on I don’t believe anything anymore.,1,0,2024-04-15T08:44:10Z,2024-04-15T08:44:10Z
UgyftBzjqIL8OwyH8gF4AaABAg,@Bowmansprays,Do you study the lyrics before reacting? No way this guy can decipher the lyrics and go into it this deep just from listening to it for the first time off the whip. Lol,2,0,2024-04-16T15:05:49Z,2024-04-16T15:05:49Z
UgzpUU6mg7rDViN05TV4AaABAg,@8DMatthew,Headlines: Anti-Semitic hate speech has spread to hip-hop 😂,0,0,2024-04-16T13:02:25Z,2024-04-16T13:02:25Z
UgxV8seDRNb5BnR-vEl4AaABAg,@Fliegz89,drake still a bish. but his ghost riders went hard on this 🔥🔥,0,0,2024-04-15T05:29:42Z,2024-04-15T05:29:42Z
UgwBOSXEUxTTWHA3jcp4AaABAg,@harlanochoa,Drizzy paused their careers low key…,0,0,2024-04-15T05:23:48Z,2024-04-15T05:23:48Z
Ugw99inh5thwlE05dtZ4AaABAg,@michalus09,7:25 Drake owns his masters?,0,1,2025-08-31T01:21:36Z,2025-08-31T01:21:36Z
Ugxh4hYN_dN0yK_o0Od4AaABAg,@Diego-eo3qx,Drakes ghosts writers going crazy 🔥🔥🔥🔥🔥🔥,0,0,2024-04-15T02:24:10Z,2024-04-15T02:24:10Z
UgzWLxp7N7_fmUpd5zB4AaABAg,@dustingonzales5118,Need to do “Owl Hunting” 🔥 Kendrick buried drake💯,0,1,2024-04-18T04:24:50Z,2024-04-18T04:24:50Z
UgxAD3hphIE4-Sq7cPt4AaABAg,@TimS1,I dont like how many different people this went at. Really takes away from the diss track level. Plus kendrick isnt on tde so the main kendrick diss is irrelevant now no?,0,0,2024-04-15T03:22:47Z,2024-04-15T03:22:47Z
UgxADiz6lJLzenMFQsp4AaABAg,@Jecone,That intro whack,0,0,2024-04-22T14:42:21Z,2024-04-22T14:42:21Z
UgzbBfJKGQEAmbcbfs54AaABAg,@lukagetsadze824,no matter how good this diss is its aoutomatic 0 because he did not write this stuff,2,0,2024-05-01T10:48:44Z,2024-05-01T10:48:44Z
UgwoatU2BmA7MeYmLdZ4AaABAg,@Tru2it2024,Ross sit down you are out of your league,0,0,2024-04-16T19:52:01Z,2024-04-16T19:52:01Z
UgxsNutQTL6k9kzPRMt4AaABAg,@zippodad,Good job not reacting to the rapper better than any of them  🙄🙄,0,0,2024-04-14T23:15:10Z,2024-04-14T23:15:23Z
UgxkD6Gy9_8EopD3b3p4AaABAg,@SCDeerAddict,Wont none of these bums diss eminem so we can forever LMAO at all them,0,0,2024-04-16T16:58:56Z,2024-04-16T16:58:56Z
Ugw9WN7ELp7ESQ-Kf4J4AaABAg,@terranmoore4924,Kendrick is affiliated,0,0,2024-04-15T03:39:04Z,2024-04-15T03:39:04Z
UgyIYquje2daYfSzxW94AaABAg,@hunglo9917,"Kendrick basically already rebuttaled most of what Drake said. “A lot of goofys with a check”. Drake was basically just bragging about how rich and famous he is which hold no weight in a rap beef. Shit is irrelevant. Definitely some nice jabs in there though for sure. Just cut the bragging out, Drake, nobody gives a shit.",0,0,2024-04-15T21:35:45Z,2024-04-15T21:35:45Z
Ugx3u52ycOlA5Zp272B4AaABAg,@PalatialSlumlord5183,Shyt was trash lol and the way yall was reacting is funny yall need yall hip hop card revoked for a few.,0,0,2024-06-26T14:39:25Z,2024-06-26T14:39:25Z
UgyDP3iz7TXAousED554AaABAg,@dee89.,Looks like the new eminem album drop will be on hold as he won't want to take all the attention away from this beef ( and the world knows he dropped it tomorrow no1 would talk about this beef eminem knows it aswel and he's all for this kind a shit so be a few months till we see his album drop when this beef is finished or at least fizzles out ) this is 🔥  🚒 few solid hard bars defo puts drake ahead down to u now kendrik and anyone else that wants to reply as this was drake inviting them to come say something,0,0,2024-04-16T03:53:48Z,2024-04-16T03:53:48Z
Ugze43fEvFFnBoUJIdB4AaABAg,@christeasdale1910,Yeah I really don’t see what the big deal is about Kendrick Lamar. IMO he’s totally overrated. There must be something I’m missing because I just don’t get it.,1,0,2024-04-14T21:22:29Z,2024-04-14T21:22:29Z
Ugwsoi__kTMtayqKwTN4AaABAg,@i_am_gohan9232,Dog you are pausing and rewinding way too much damn.,0,0,2024-04-14T23:45:35Z,2024-04-14T23:45:35Z
Ugw7j8zQEnukjX-W2vR4AaABAg,@Comedy.tunes.battier,Drake just doesn’t do it for me.. feel like Kendrick is going to kill this,0,1,2024-04-15T17:03:37Z,2024-04-15T17:03:37Z
Ugx4CRyvtCfsltJo17x4AaABAg,@dispholidus1290,"Bro i cant wait for kdot drop the diss, your reactions gonna be 2 fcking hours long",0,0,2024-04-15T14:36:03Z,2024-04-15T14:36:03Z
UgyjRx6bTe6Ge-JFZZd4AaABAg,@zacharykennedy7922,Unpopular opinion if u dissing on someone’s physical appearance when u have to change urs with plastic surgery ur discredited and makes this whole thing irrelevant,0,0,2024-04-17T19:45:42Z,2024-04-17T19:45:42Z
UgwD2Ydy5EVAgUJA2g14AaABAg,@queenanastasha,I feel like Knox understands the lyrics more than Drake himself lol,0,0,2024-04-17T01:55:17Z,2024-04-17T01:55:17Z
Ugy9GM6RD4ZoqOty6XF4AaABAg,@davidcraig9538,Drakes numbers terrible in Japan that’s not the bar look deeper,0,0,2024-04-19T08:49:09Z,2024-04-19T08:49:09Z
Ugw5Jm0NZSNfq5EW4g14AaABAg,@queenanastasha,I feel like Knox understands the lyrics more than Drake himself lol,0,0,2024-04-17T01:54:50Z,2024-04-17T01:54:50Z
UgwNVx6IF8l1nT58eH94AaABAg,@dustinbeamer1332,Lol I still think the 2 minutes Kendrick did was better than this and he won't be able to hang with Kendrick if he responds,0,0,2024-04-15T21:30:25Z,2024-04-15T21:30:25Z
UgzceTznSCxhpadFuiZ4AaABAg,@cameronwinnick2307,Drake said big different swing Mike Tyson then and Mike Tyson now like Kendrick kinda was scary in the Past but he washed now .....Yall welcome,0,0,2024-04-15T07:41:00Z,2024-04-15T07:41:00Z
Ugz70Bno6Jw3RsF916F4AaABAg,@Pralaeh,Kendrick is worldwide cuz I'm from India....n drake ain't nowhere  near him.,1,1,2024-04-16T15:43:28Z,2024-04-16T15:43:28Z
Ugw7ngm-kD-0EVVNUJN4AaABAg,@ACRmw3,"as drake fan this was ""light a pack"" worse thing he said about king kendrick was the midget jokes & the big steppers was bad album but why u still mentioning it ? cole already said it and so did everyone else. cant come up with anything bc kendrick exposed himself with that masterpiece . nahh kendrick didnt even drop a song he had 30sec verse and destroyed drizzy. this was weak in my opinion. kendrick claps back with a full song youll be hiding behind ur ghost writters. cant wait till kanye jumps into the beat and rips drizzy apart. this is what hip hop fan wanted  for a long time. letsss gooooo",0,0,2024-04-15T16:31:15Z,2024-04-15T16:31:15Z
Ugym38naZm17XjETJjN4AaABAg,@OffbeatLiteracy,Damn drake really does suck,2,0,2024-07-06T07:11:37Z,2024-07-06T07:11:37Z
UgzIUvQxlSWKNNJ57cN4AaABAg,@johndaniels3316,"I think it's absurd that you don't mention how racist Ross has been, hurling the ""white boy"""" as an insult.

I'd like to see you actually grow a set and mention how racist that is. Imagine if a white entertainer started throwing around a ""black boy"" insult at a white guy. You'd be up in arms.",0,0,2024-04-15T21:00:44Z,2024-04-15T21:00:44Z
UgyIVUNNIXFLv0uzekl4AaABAg,@WarWolfeX,"Not impressed wi th t he Metro line at all. So let me ge this straight the only one you call out directly is a producer?? Weak lol. Also we get it Kendrick is short, and no it isn't the pot calling the kettle because drake is the pot and the kettle lol. He mentioned my mans wife in the song so its up now. I feel this beef is going to turn ugly starting with Kendricks reply and Cole saw this coming thats why he backed out. Its about to get real bad lol",0,0,2024-04-14T22:01:38Z,2024-04-14T22:01:38Z
Ugz0SdDICiqdsvRjciV4AaABAg,@TSteele718,Kendrick is not even signed to Top Dawg anymore. Make it make sense?,1,3,2024-04-16T14:51:20Z,2024-04-16T14:51:20Z
Ugzadu52S3saJHpu-wl4AaABAg,@jimmyk0147,Kendrick kinda washed up already he had his run,0,0,2024-04-14T20:44:08Z,2024-04-14T20:44:08Z
UgyHzonB5DClqb4nDGx4AaABAg,@PotatoAimNr1,"He thinks he's Eminem after naming all these people? Don't think it comes close to anything Kendrick would write in a whole song. Also, 20v1 sounds a bit weird when it's probably 20v20 with all the writers he has.",1,0,2024-04-15T11:06:01Z,2024-04-15T11:06:01Z
UgxkOovRdbvy7Wmhphp4AaABAg,@CJRSA-CT,Im sorry these rappers aint spitting bars bro. They just rhyming 😂 ... Aint no fire in the booth,0,0,2024-04-16T14:04:51Z,2024-04-16T14:04:51Z
Ugzxq4-M-4dWhTutiJB4AaABAg,@PotatoAimNr1,I think this diss is pretty mid.,0,0,2024-04-15T10:43:03Z,2024-04-15T10:43:03Z
Ugw790DDrx_DPSI99YB4AaABAg,@RaaW350z,"What would Kendrick do with this beat? I can’t even imagine…. Drake energy gone now, got hyped down 😂",0,1,2025-02-04T14:12:05Z,2025-02-04T14:12:05Z
Ugyf9mF7NA5mGg--xkh4AaABAg,@polonolen2,🗑️,0,0,2024-04-14T22:50:59Z,2024-04-14T22:50:59Z
UgzfLb9bpSJGWiQWO5x4AaABAg,@Fragmented_sins,That 20 vs 1 bar got me thinking  drake had 19 ghost writers just to make this track 😂😂,0,0,2024-04-15T04:39:16Z,2024-04-15T04:39:16Z
Ugwftag7mb-mRAKhFOR4AaABAg,@MattRandomnumber,"The fact that he thought this was a winner against Kendrick, heard Euphoria, and then thought ""nah I'm on top of this just wait"" just to drop the hot turd family matters blows my mind.",2,2,2024-08-15T23:28:16Z,2024-08-15T23:28:16Z
UgzKCBvX1X8u_CFHQt94AaABAg,@BlvkColossus,So many cringe bars,1,1,2024-12-23T15:05:13Z,2024-12-23T15:05:13Z
Ugxi4OD-7jrLgS-TfEZ4AaABAg,@homebroo71,australian here - drake diddy jayz kanye - not international. eminem 50 cent kendrick - their music travels. outside of the little echo chamber of the US rap scene - who tf is drake?,1,0,2024-04-16T06:00:14Z,2024-04-16T06:00:14Z
UgzTKAAhqKgrYFR8o1Z4AaABAg,@BigdadiSixty9GTC,"If we actually be real about this, Drake lost because the Pedo bars killed him. Nothing else. Nobody can respect that. Both guys were lame at the beginning of their career. Stylist and publicist help mold their image. If kendrick said drake needed all these people to pop. Then why did he need the same people to pop out lol dumb highschool beef. Prom King Battle 😂",1,5,2025-04-13T17:59:33Z,2025-04-13T18:27:50Z
UgxoRgGabkyZdFNBPyt4AaABAg,@yofiolo,i cant stand all the hate on mr morale and the big steppers. its such a good album. cole hate on it despite it selling more than the offseason and drake hating on it like its not better writing than anything hes ever made,0,0,2024-04-17T05:19:35Z,2024-04-17T05:19:35Z
UgzTT_B-8C6MxmkTLV54AaABAg,@tecc28,🗑️,0,0,2024-04-16T21:53:54Z,2024-04-16T21:53:54Z
UgxJ2qQEpJePjDBcPyl4AaABAg,@gunnaman6559,Knox u need to copyright the react vids other suck compared to you stuff,0,0,2024-04-15T16:50:47Z,2024-04-15T16:50:47Z
Ugwm1hmmpdARCyGK8Np4AaABAg,@lyndellbrown1169,"I find this diss track to be weak as hell and if it wasn't Drake, i wonder if it would get this hype....
He did nothing original....his diss to Metro is similar to Ice Cube when he told Dre stick to producing....no vaseline....talking about Kendrick height is elementary as hell.....many artist on their first contract get the short stick....if it was happening now after his contract with TDE ended , that would be a different story but this diss was too basic pkus his fliw is weak as hell",0,0,2024-04-15T14:29:54Z,2024-04-15T14:29:54Z
Ugy10QFCsQMG66DyS-Z4AaABAg,@Philawsofee,"Drake straight trash, bars was 50 out of 100",0,0,2024-04-14T21:08:40Z,2024-04-14T21:08:40Z
UgyZPvcCHoUOJj-opiN4AaABAg,@kingkoach3369,Drake is considered pop music though,0,2,2024-04-16T14:56:27Z,2024-04-16T14:56:27Z
Ugz0xp8DZ4aajR7YaT14AaABAg,@mmddhh34,Drake is not evena real person,0,0,2024-04-16T07:35:10Z,2024-04-16T07:35:10Z
Ugxz1R_KVxW2_-LPPBp4AaABAg,@cleo_de_nile_from_da_nile,"Kendrick and bbl boy dont even compare but soley as a music fan, this song slabsssssss!!! Not as a diss but in general as a song he borrowed from them ghostwriters, this is a fun song",1,0,2024-06-03T07:11:54Z,2024-06-03T07:11:54Z
Ugxa7q2boAcyN6Un1994AaABAg,@RoderickSquadDMcCloud,Idk why but this just feels ghost written.😬,2,1,2024-04-26T06:53:10Z,2024-04-26T06:53:10Z
UgxGil94oIzhBrKondh4AaABAg,@TwentyThree-hn5fs,Drake used a ghostwriter for this diss. They just recorded it through an AI Drake filter then sent it to Drake to rerecord. He can't even write his own disses,0,0,2024-04-14T21:06:38Z,2024-04-14T21:06:38Z
UgxhaQthAUAXk4BKy8R4AaABAg,@mikethebreeze,Solid MGK level diss 👍🏽,0,2,2024-05-02T13:41:52Z,2024-05-02T13:41:52Z
UgyaCVilQWyxEma1wwt4AaABAg,@angelohak3325,track is killer but pts for a diss 2 wks later? after you know he paid up for some dirt...haha,0,0,2024-04-15T17:31:06Z,2024-04-15T17:31:06Z
Ugw7PGDVvFVMy80eIER4AaABAg,@TheQuestionsssssssss,I still fw this but the bars are so basic compared to Kendrick 😂,2,11,2025-06-10T20:33:09Z,2025-06-10T20:33:09Z
Ugxrnm4kntgeGNfAurx4AaABAg,@ChillDADDY14,This is such a weak rap beef.. someone step to em.. your careers gone and you know it..,1,0,2024-04-16T08:33:33Z,2024-04-16T08:33:33Z
UgzyfK4yrp7Zp3AeQL14AaABAg,@Treyy0872,I dont think he will but if eminem swooped in to defend drake everyone would shhhhhhhhhh lol,0,0,2024-04-16T05:18:43Z,2024-04-16T05:18:43Z
UgyQ783RSFPKT0npoiB4AaABAg,@AeliosArt,He comes off as a high school gossip girl. Most these disses petty as hell. I think most these artists like Future and Rick Ross are trash too...but this was gossip shit.,0,0,2024-04-15T07:36:27Z,2024-04-15T08:00:42Z
Ugy16m7SX4d-SMq-CjV4AaABAg,@TheDazeez,"Might be ….from a Bar, beat, and cadence/flow standpoint… the best diss I have ever heard… and I’m a fan of Kendrick but Future(one annunciation away from being a mumble rapper) is straight garbage so I hope future gets all the smoke",0,0,2024-04-16T04:09:02Z,2024-04-16T04:09:02Z
UgxEShC4f_E1uCs1APZ4AaABAg,@CYB3ROP7iX,"Weak. Literally had nothing to say but ""KeNdRiCk ShOrT.... duuuuur"". Get better ghost writers drake. Saying Travis, 21, or syza are better than Kendrick is insaaaaane. Bunch mumble rapper trash. And grammy winning album bricked? Lol, ok",0,0,2024-04-14T22:00:36Z,2024-04-14T22:00:36Z
UgzspIJFA0DducTGCwV4AaABAg,@nicholasgialenes6458,This song was boring compared to Kendrick and Cole,0,0,2024-04-17T04:29:37Z,2024-04-17T04:29:37Z
