comment_id,author,text,like_count,reply_count,published_at,updated_at
UgxhO4v_Xo6pTb3CKuZ4AaABAg,@KnoxHill,What else should we react to? 🤔 Comment below! Also if you like the hat I'm wearing grab yours now 🤟https://www.knoxhillmusic.com/shop/chaos-kh-flex-fit-hat,130,64,2024-04-20T12:31:27Z,2024-04-20T12:31:27Z
UgwbXucxQns_0Uxr06t4AaABAg,@KnoxHill,Hold up hold up. We moving the goalposts now?! Yall called J. Cole weak for apologizing and said it wasn't hip hop. Now you're trying to tell me Drake's diss doesn't count cuz it's too disrespectful?! There are NO rules in a battle! Disrespect is the point to get under your enemy's skin!! You guys gotta keep that same energy - not change the narrative from one person to the next just bcuz you don't like it 🤟,3745,327,2024-04-20T13:05:20Z,2024-04-20T13:13:39Z
UgwijUCbItkwMtqcHph4AaABAg,@Cconkyy,"""quintuple entendre.. something I dont even understand""

Knox: ""Dont worry Ill understand it""",1478,15,2024-04-20T13:15:19Z,2024-04-20T18:02:39Z
Ugx9gnD3Lf1CKcDQ9Sh4AaABAg,@shahzaibx1998,"The way Knox caught Swiftyy bar ahead of when Drake actually discussed it in Tupac's verse, speaks volume about this guy's talent.",1250,27,2024-04-20T12:50:38Z,2024-04-20T12:50:38Z
UgyiZhS4Yq2zkyLt2iN4AaABAg,@Iam_bossman,"""You better have a mfckin quintople entendre on that shit, some shit I prob wouldn't even understand"" Drake is hilarious😂",448,6,2024-04-20T14:19:20Z,2024-04-20T14:19:20Z
Ugy2jJf8ugfuFXGr2Hh4AaABAg,@mainmain282,Feel like drake showed this to cole and cole said im out 😂😂,1034,23,2024-04-20T13:03:48Z,2024-04-20T13:03:48Z
UgzLDMhx7SENZVy3pdR4AaABAg,@Addictiveme333,"""I'd love to be a fly on the wall and see Kendrick's face when be hears this"" 😂😂😂😂",411,4,2024-04-20T13:53:41Z,2024-04-20T13:53:41Z
UgwmkY0l-TDAD1Uk2L54AaABAg,@JaRHeaD326,Bro this dude is legit THE NICEST Reactor in that lane…💯…he does his Homework,190,2,2024-04-20T17:15:13Z,2024-04-20T17:15:13Z
Ugz8kSyuJ2idERTZbV54AaABAg,@DJAjamu,I like the Taylor Made title as a play off of “tailor made” since it’s a diss that’s been custom fitted specifically for KDot. He mentions no other rappers in the song. Boy made a damn suit for KDot. Clever as hell. 🔥,543,20,2024-04-20T13:17:38Z,2024-04-20T14:14:17Z
Ugwk7GNsk6ghM0K7KYd4AaABAg,@alexham28,"""Show that Owl whos boss"" is a pretty cool play on words. Owls make a who sound when they talk",428,26,2024-04-20T13:12:47Z,2024-04-20T13:12:47Z
UgxB4GBBaICjwJNod7Z4AaABAg,@rafaelaraujo7012,Drake is literally writing for ghosts 😭beating the ghost-writing allegations,275,1,2024-04-20T13:53:11Z,2024-04-20T13:53:11Z
UgxP7PT32Sbw5K3ObYp4AaABAg,@connagh11,Snoop said WTF I’m going back to bed 🤣,579,23,2024-04-20T12:55:46Z,2024-04-20T12:55:46Z
Ugy7JljIs_wBfSiqlyZ4AaABAg,@iamsaaddar,The most wild thing is that 2pac listens to Joe Budden Podcast from up their,102,5,2024-04-20T12:49:06Z,2024-04-20T12:49:06Z
Ugwy7PwuJZok52e9y4Z4AaABAg,@JayVicky007,"Drake made my day with this diss. I had no idea that Chris Brown was also gonna blow shit up too😅
What a week!",309,7,2024-04-20T13:04:51Z,2024-04-20T13:04:51Z
UgylRtC1dGN3sTE-1oZ4AaABAg,@mwbt42511,"I'm not even waiting for K-dots diss at this point, I'm waiting for the second reply 😂",28,0,2024-04-20T13:56:51Z,2024-04-20T13:56:51Z
UgwUwAnA6Ozruma1kTR4AaABAg,@thetruth2509,I actually think any rapper using AI in a diss track after this will be considered corny by the fans. This only works ONCE and Drake got to it first.,394,28,2024-04-20T14:44:48Z,2024-04-20T14:44:48Z
Ugx92SUEQEg1zDO5ccB4AaABAg,@preet4378,Drake taking tips from 50 🤣😭,445,20,2024-04-20T12:32:03Z,2024-04-20T12:32:03Z
UgzxuuilLxjEpS3Nyrx4AaABAg,@kulturezm,Kendrick didnt think Drake was this  prepared,627,40,2024-04-20T13:05:29Z,2024-04-20T13:05:29Z
UgxMmfznAynqts6eJNF4AaABAg,@Sathis_20,"I’m driving home from a night shift, clocked in 78 hours this week working in EMS. What a great way to end it 😎",383,16,2024-04-20T12:37:36Z,2024-04-20T12:37:36Z
UgzE0NEb_pqSB3GBDKp4AaABAg,@bighasosayandae,Hardest shi about this whole beef… when Snoop come on like nephew!😅😂😂,6,0,2024-11-18T03:59:16Z,2024-11-18T03:59:16Z
Ugwh3Uu9n1WjSQIwOZJ4AaABAg,@tobycall,Man Knox u were so locked in u predicted almost everything good shit my man,7,0,2024-05-11T10:16:46Z,2024-05-11T10:16:46Z
Ugz85yeUbR2SzwUpB-l4AaABAg,@LocalGrizzly,I was really really trying to keep it PG 😂😂😂🦉🦉🦉🦉🦉🦉,15,0,2024-04-20T12:59:06Z,2024-04-20T12:59:06Z
UgyQU_HhKp8Cq15ipwB4AaABAg,@Kishi10,Drake is a menace lol 😂 ain’t seen a rapper since 50 take on half the music industry lol,152,6,2024-04-20T14:28:32Z,2024-04-20T14:28:32Z
UgwLSF3pro8Vwuojqxd4AaABAg,@netanelbenyoseph1498,"The funny thing is, on the heart part 5 Kendrick was rapping through other people’s faces. Drake just said let me rap on this MF through others voices lol",73,5,2024-04-20T14:49:42Z,2024-04-20T14:49:42Z
UgwGFDPDxr5caQHJkHB4AaABAg,@sergemananga9076,"This instrumental, my god it's FIIIIIIIIIRE ! 🔥",16,0,2024-04-20T13:53:14Z,2024-04-20T13:53:14Z
Ugzw6c6HP7Z5FGpvMn54AaABAg,@ApostleRashad,That beat is definitely a West Coast beat. Very nice,16,0,2024-04-20T13:14:26Z,2024-04-20T13:14:26Z
UgzSAwQlfNaiUOAQ_mZ4AaABAg,@Nic.1991,Finally! Left the last reaction I was on to come here 🤷🏼‍♀️,170,7,2024-04-20T12:33:48Z,2024-04-20T12:33:48Z
Ugz7t5zvlL4QNWgE7BF4AaABAg,@Aybrohatatata,Drake wildin bro😂😂😂😂,95,5,2024-04-20T12:44:45Z,2024-04-20T12:44:45Z
UgzJEpkWPWP5qPsq_dt4AaABAg,@VIPER5921,"Whether u like Drake or not, u got to give him his respect, this is hard",159,3,2024-04-20T13:22:23Z,2024-04-20T13:22:23Z
UgwJy54J4RP5lg1Kiat4AaABAg,@EJayeee,"Anyone else think of Gen V when he said ""head popped in a crowded room""?? 😅",2,0,2024-04-22T10:42:24Z,2024-04-22T10:42:24Z
Ugxt-KaUz4vPJ4_EH7l4AaABAg,@preet4378,Knox saying Taylor gangster before drake is too funny to me,23,5,2024-04-20T12:59:58Z,2024-04-20T12:59:58Z
UgyHMSoUoFLYeFoucRh4AaABAg,@jimmyjamesgarage3290,This shit just made me like drake that much more😂. Guy is funny af,4,0,2024-04-22T10:51:01Z,2024-04-22T10:51:01Z
Ugwzou7WnIq9aYjf9Wh4AaABAg,@FatherFirst,I've got to admit. These last 2 drops from Drake has changed my whole view of him. He needs to stay in some BEEF because he's really good in this lane.,219,21,2024-04-20T14:51:56Z,2024-04-20T14:51:56Z
UgxGI7TW4a0kO3HcuO54AaABAg,@Skux720,Drake the type of guy to use Kendrick AI to reply to himself 😂,5,0,2024-04-20T18:59:03Z,2024-04-20T18:59:03Z
UgwYo3W82ZPp9IjUhc94AaABAg,@l8Os,I HAD NO IDEA DRAKE WANTED A BATTLE THIS BAD!!!! I fucking love it. He been DYING for someone to diss him holy shit this is insane,70,2,2024-04-20T19:00:03Z,2024-04-20T19:00:03Z
Ugy3JC9StRrLqQnm-4V4AaABAg,@Jen_K,"I think Drake rapped the verses and they just used a voice changer, not necessarily AI in the way many ppl are thinking.",6,0,2024-05-02T02:50:58Z,2024-05-02T02:50:58Z
UgyLAicLG93iD6GAAi54AaABAg,@sologamingvideos1539,"You gotta react to ""weakest link"" (Quavo diss)",79,6,2024-04-20T12:37:08Z,2024-04-20T12:37:08Z
UgwKjfxNbzGK7R3Nc154AaABAg,@Sanchez68420,"Drake being the one to come with all the smoke wasn’t on my 2024 bingo card, but I’m more than happy to have missed one.",43,0,2024-04-20T14:43:19Z,2024-04-20T14:43:19Z
UgxDsBkQX1UWoKn8zQN4AaABAg,@RampageYI,Best drake song in the battle. All aspects 🔥!,5,0,2025-06-17T09:18:36Z,2025-06-17T09:18:36Z
Ugzv9ZclcUMYMBrYaCt4AaABAg,@n0vatrix,"Knox really has a PhD level of rap breakdowns, no one does it better.",7,0,2024-04-20T13:51:51Z,2024-04-20T13:51:51Z
Ugxbe9OaJPynWvNNpsZ4AaABAg,@evansturgell3042,"This is the smartest chess move I’ve seen. Drake is one of the first people to do the back to back disses before the other person responds. Now he does another first. He uses AI and not only AI, but goes further with it. Kendrick had a song in the past talking to Tupac. He turns that around by taking Tupac to not only diss Kendrick but does it in a 8mile way to make Kendrick’s punches not hit as hard. He also does it with Tupac and Snoop because they are the biggest names from Compton like Kendrick. It’s genius. Like Drake or not, that was clever as hell baiting on a master troll level. Drake has some serious dirt to want the smoke this bad. Can’t wait!!!",240,23,2024-04-20T13:01:11Z,2024-04-20T13:01:11Z
UgyK0SdSg2ED8ZfrzEV4AaABAg,@maniacjax,"Well...everybody thought K-Dot was the Boogeyman and everybody was scared of him including some of the most deadliest lyricist we've ever heard..but the ""pop rapper"" is bringing all the smoke and doesn't give af..as much as everyone calls Drake sensitive and hates on him, over the years when have y'all known this man to be scared of a battle? Win, lose, or draw.. Low key, he's a battle rapper 😂 this is insane",154,19,2024-04-20T14:42:30Z,2024-04-20T14:42:30Z
UgwsThhxNzqD-2NXv8B4AaABAg,@donev_,"He is trolling him really hard, also Kendrick said that 2pac and Snoop are in his top 5 😂",51,1,2024-04-20T12:43:13Z,2024-04-20T12:47:09Z
UgwJT7J4Q9PIsKkNGQF4AaABAg,@PrinceVoid7,This aged like warm milk,27,6,2024-05-19T04:53:56Z,2024-05-19T04:53:56Z
UgwtPnRCas7u8GTAOtR4AaABAg,@StylzGTNT,"This is real mental warfare. PAC and Snoop are K Dots idols, so using their voice to diss him in a song is DIABOLICAL and definitely gon touch K Dots heart. Drake is a menace for this, and you gotta respect it.
Edit: FYI I am a Cole fan and think Cole is better than Drake and K.Dot combined. So don’t bother calling me a Drake stan ,but you can call me a Cole stan all day , don’t care 🤷🏿‍♂️",296,34,2024-04-20T12:56:02Z,2024-04-20T15:07:35Z
Ugw1Wi8PxrxSChYJy2R4AaABAg,@patrykpryce,I like this drake... different energy and feels he is fired up. I hope it doesn't fizzle out 'cause this is getting fun.,8,0,2024-04-20T16:26:56Z,2024-04-20T16:26:56Z
Ugxk7Az4tiB-4CWg70l4AaABAg,@koacht1718,Geezus! This dude really smackin dude around now..,41,3,2024-04-20T12:45:54Z,2024-04-20T12:45:54Z
Ugw8f1rk0gZB3Hex3sV4AaABAg,@heathstory9655,"I thought this approach was genius 😂 Let’s go KDOT, get busy!",84,5,2024-04-20T12:51:25Z,2024-04-20T12:51:25Z
Ugxgo2BfhVMe_DyzIkN4AaABAg,@leumaix,"Funny drake said talk about liking you girls 
Kendrick be like ok ama talk about it 😂",4,1,2024-07-08T17:51:50Z,2024-07-08T17:51:50Z
Ugxm_0ks0csnwFc3kzx4AaABAg,@Lily_Of_The_Incas,"Well, the young girl lyric backfired 😂😂😂",17,0,2024-05-11T16:37:16Z,2024-05-11T16:37:16Z
Ugwj_n1Rok1RzA_g1vJ4AaABAg,@rodelite6129,"When Drake asked Kendrick for a line with a quintuple entendre, I lost it. 😂",28,2,2024-04-20T14:01:45Z,2024-04-20T14:01:45Z
UgxkM_It-pBRdw5U9H94AaABAg,@TheMenty,"“But still you gotta show this Owl
Who’s Boss on the West”

What a slick double entrandre for the sound an owl makes and also referencing Drake as OVO.  🔥🔥🔥",31,1,2024-04-20T15:12:47Z,2024-04-20T15:12:47Z
UgzcVYRd9bcLhgdRqyV4AaABAg,@ImNotDior,using his 2 idols to mock/taunt him is the craziest thing i’ve ever seen😭,23,0,2024-04-21T06:29:27Z,2024-04-21T06:29:27Z
UgzTffBDN_KTZJ-zLaJ4AaABAg,@cesarorellanaaa,"love this format so much better Knox, full verse listen then the breakdown 🙌🏽 keep up the good work 🔥",34,1,2024-04-20T14:21:53Z,2024-04-20T14:21:53Z
UgwEM6BqDRpbTQTkmJ54AaABAg,@willrachal3987,Drake in Thanos mode,83,0,2024-04-20T13:00:44Z,2024-04-20T13:00:44Z
Ugzw5r_LPybT6K7nbTZ4AaABAg,@tukon4062,Drake pulled a Heart Part 5 on Kendrick with the AI voice changer. 😂,9,0,2024-04-20T13:37:13Z,2024-04-20T13:37:13Z
Ugxluqckh0LIQfWqzih4AaABAg,@UncommonCurtis3,"Drake looking like the one who’s been ready and waiting for years for this, not Kendrick.",234,22,2024-04-20T13:47:26Z,2024-04-20T13:47:26Z
UgzVPFQeFSQjUSqDcAd4AaABAg,@cardbuddy4988,"You know I never followed much with rap until I happened upon your channel. When you break it down like you do, I appreciate the work taken by all of you rappers. 💕",19,0,2024-04-20T12:58:34Z,2024-04-20T12:58:34Z
Ugy2SBuGWyqx6TPgAgR4AaABAg,@sanjaybailey835,I've listened to your breakdown for a minute now and im surprise I've never subbed so im correcting that right now cuz you really enjoy what you do and its unbiased and purely a deconstruction of every words said in each songs which majes a newbie ynderstand whete things are coming from  or who cant really comprehend these intellect,11,0,2024-04-21T05:05:12Z,2024-04-21T05:07:41Z
UgyQ1HmhMtQaIbLooYV4AaABAg,@navygirl9182,"I feel like the Machiavelli line is also a play on the 'Prince' references from before, but a different Prince... Machiavelli wrote The Prince, 16th century Italian philosophy/instruction for new princes that basically says ""immoral acts are justified if they can help achieve political glory.""",2,0,2024-04-24T03:54:26Z,2024-04-24T03:57:18Z
UgwkLyscqrHcNryAp454AaABAg,@jamahlray2537,It’s the fact that he is trolling Dot with A.I. and also trolling A.I. drops at the same time 🫢,4,0,2024-04-20T13:33:56Z,2024-04-20T13:33:56Z
UgzjTgMIn_CpE8ElFwV4AaABAg,@psychodike,I been refreshing your channel waiting for this bruh 😂,19,4,2024-04-20T12:35:39Z,2024-04-20T12:35:39Z
UgxGqCfPBtm4hRwxiOx4AaABAg,@forbesmo15,This is Drizzy not drake 😂,91,4,2024-04-20T12:32:02Z,2024-04-20T12:32:02Z
UgwWs4jpX7xqtD92Mwt4AaABAg,@manathisa2991,Drake definitely has my RESPECT🙌👏...No matter if he lose the battle,16,0,2024-04-20T12:34:13Z,2024-04-20T12:34:13Z
UgyokW9iLjGerVtxsQF4AaABAg,@popoffsquadent5012,This is his way of showing he's writing his own raps 💪🏾🐐,2,0,2024-04-21T05:09:07Z,2024-04-21T05:09:07Z
UgwbonnFc1ciO-uUy754AaABAg,@Helmer54,Drake as Pac told Kendrick to talk about Drake liking young girls and that lead to the A-minor line. Pac telling Kendrick how to win somehow feels right.,2,0,2024-09-05T01:47:10Z,2024-09-05T01:47:10Z
UgwYjojoScJPE8Z6Fxt4AaABAg,@Avidgamer19,"Yessss finaly knox reacted 🎉🎉🎉
Was waiting for times like this ❤❤❤",16,0,2024-04-20T12:55:01Z,2024-04-20T12:55:01Z
UgworT8ojE7bSekG16R4AaABAg,@laurenbagley5998,I'm more surprised that Drake wanted to smoke from the swiftie fan base. Dayummmnnn,3,0,2024-05-10T05:09:05Z,2024-05-10T05:09:05Z
Ugw-k-Uk8Ljqg9RElhF4AaABAg,@LocalGrizzly,1st person shooter was not a diss and didn’t start it.. no one was saying that until Kendrick rapped on like that,70,5,2024-04-20T13:09:25Z,2024-04-20T13:09:25Z
UgxgZRD2YMrAt-k9zlp4AaABAg,@FXM3,To put into context that “Howard Hughes” bar Mr Hughes was an aerospace engineer.,1,0,2024-04-20T17:29:28Z,2024-04-20T17:29:28Z
Ugw3VZY3IDyQKhTsUzF4AaABAg,@BlueSeedW,"Knox I watched 20 reactions back to back  urs was by far the best, I really appreciate the way u let the music play before cutting and going into details, ur knowledge in the matter is outstanding well done. I can't wait to see ur reaction  when 6am in Compton Drop lol",7,0,2024-04-21T03:46:20Z,2024-04-21T03:46:20Z
UgxvXF-Esd3cv_g1kyR4AaABAg,@LocalGrizzly,THE OWLS ARE OUTSIDE AND ITS PITCH BLACK! Come outside and play KennyBoy… 🌑🦉🌑🦉🌑🦉,49,1,2024-04-20T12:51:13Z,2024-04-20T12:51:13Z
UgyuP7ofNpufnLPd1up4AaABAg,@arslankhan6227,I was waiting for your reaction to drop 🔥,16,0,2024-04-20T12:49:06Z,2024-04-20T12:49:19Z
UgzsfRlQZubEDU2sQnt4AaABAg,@dereomiebi977,DRAKE IS CRAZZZZZYYYYYYYY.. I'M NOW AND FOREVER A DRAKE FAN.. This is Hip Hop,7,1,2024-04-20T20:16:01Z,2024-04-20T20:16:01Z
Ugz6DvcOO29yyGz1Y1F4AaABAg,@furrypossum1498,"Can you imagine the booth when they cooked this track up. It must have been a party😂😂😂. This shi is so funny, you know they had a good time.",2,0,2024-04-20T19:00:31Z,2024-04-20T19:00:31Z
UgzAFoUUZDj5AgG028Z4AaABAg,@stevensong8618,My friend told me about this kid  in 2007 ... this Degrassi actor that started rapping. He told me he was the real deal and would take over the industry. I laughed because i thought it was a joke. He promised me this man was viscious .... was backpack drizzy always ready for war. HE WAS VALID AND SO IS DRAKE. 😂❤,11,0,2024-04-20T13:40:22Z,2024-04-20T13:40:22Z
UgzpfaLFbI7Y19avLjd4AaABAg,@basilbruce9165,The flow and concept is genius. But it’s disrespectful to the legends,5,0,2024-06-23T03:05:42Z,2024-06-23T03:05:42Z
Ugz501mMX_rOrGXP5Tt4AaABAg,@LionheadSiblings,You gotta do that Chris brown quavo diss it’s a nuke lol,30,3,2024-04-20T12:35:50Z,2024-04-20T12:35:50Z
Ugze5Qc_9kKIE94yv_R4AaABAg,@i2mee,"Dude your channel is great man!! I  really appreciate your detailed and knowledgeable breakdown songs, especially rap. Keep doing what you do bro. We need you. #FutureGOAT",13,0,2024-04-20T13:19:37Z,2024-04-20T13:19:37Z
UgzcG4jpt_xBgiWpns14AaABAg,@henryzorrilla5711,😮 have i been away for that long? 1.1 million??,1,0,2024-04-21T06:19:21Z,2024-04-21T06:19:21Z
UgytzKkZSWclkP9PUJZ4AaABAg,@RodneyReactions,Diabolical 😂💀💀💀,15,0,2024-04-20T12:43:25Z,2024-04-20T12:43:25Z
UgxLe2BNvEpwI0Muhed4AaABAg,@the_weeb224anime4,Snoop alr posted on his page and was like “mann im going back to sleep” but he may speak on it later,10,5,2024-04-20T12:53:36Z,2024-04-20T12:53:36Z
UgzmYFXMhpmcbY11fVB4AaABAg,@RoryTobias_,BRO UNDERSTOOD THE DECODE ASSIGNMENT. SUBSCRIBED FOR LIFE!,5,0,2024-04-20T20:07:55Z,2024-04-20T20:07:55Z
UgxuyriWSnPO2jIGaVh4AaABAg,@cheapskatedamack,"BOY SAID ""NAHHNAHHNAHH 😂😂 damn!!",1,0,2024-04-20T16:41:37Z,2024-04-20T16:41:37Z
Ugyw_azL1UPfIz8VXV54AaABAg,@andreaaprico1704,"I’m team Kendrick but this was really clever and funny AF

Also…I think there’s a low key Cole diss when AI Tupac says “unless this where we find out this is not really you”….cos Cole backed out of the beef saying it wasn’t the real him to get involved",11,0,2024-04-21T04:08:56Z,2024-04-21T09:41:18Z
UgyWv5H0nVXquvDolWd4AaABAg,@falcoblaze8364,Ngl this beat fire AF!!,6,0,2024-04-20T13:25:32Z,2024-04-20T13:25:32Z
UgzDkvua5ClVB-2I1I54AaABAg,@the876ceo,"For all his faults, Drizzy Drake keepin it HipHop 4 real",5,0,2024-04-21T05:47:16Z,2024-04-21T05:47:16Z
UgwLHDmFytUdOEgnDoZ4AaABAg,@truth_4L5222,You the best at breaking the bars and catching the bars. You the goat. Thank you! 🔥 🔥,6,0,2024-04-20T14:02:19Z,2024-04-20T14:02:19Z
Ugw_2g3zSH7UIl96U_t4AaABAg,@coooooolguy87,The avengers and thanos snap was slick lol,2,0,2024-04-20T14:52:19Z,2024-04-20T14:52:19Z
Ugz6HxIqQBpQtNPn_pN4AaABAg,@SamGoodyVet1989,"What No one has brought up in any vids, aside from the obvi, is howDrake tied diss 1 and diss 2 together to rebuttal “Fck the big 3, it’s just BIG ME!” >>>BIG ME?? nah Size 7, pipsqeauk, 5’5” literally you Not BIG at all.",2,0,2024-04-24T05:14:59Z,2024-04-24T05:14:59Z
UgyM6bYVAoRbiUQg4M54AaABAg,@fokiss187,kendrick answered and also gave aubrey and his family a family therapy session 😂😂😂,11,1,2024-07-10T08:38:56Z,2024-07-10T08:38:56Z
UgwQqpZXdg1tLF0DR8N4AaABAg,@kevinkassinger4832,Always come to Knox for the best breakdown. Appreciate you Knox!,5,0,2024-04-20T12:51:06Z,2024-04-20T12:51:06Z
Ugyx8F0M6fIB_6Acynx4AaABAg,@AJUSA1,Drake went Shang Tsung Final boss soul snatching and shapeshifting on his enemies.... Drake gotta bring out the 2pac coachella hologram this weekend.... Drake brought Rap back from the dead... writing for ghosts... LFG,10,0,2024-04-20T12:54:19Z,2024-04-20T12:54:19Z
Ugxm-CtA3GaKv5-TLrp4AaABAg,@fredsemuntu1533,"That piano beat is so nice on snoops verse, metro don't know how to use the keys 😂",1,0,2024-04-20T17:03:27Z,2024-04-20T17:03:27Z
Ugy07UAedQYZuSigVfB4AaABAg,@bushidobot8251,"Snoop will do a feature for anyone, even Corey Feldman. He probably will think it’s one he doesn’t remember doing",2,0,2024-04-20T15:28:40Z,2024-04-20T15:28:40Z
UgwqXCu4UH7lyVnufux4AaABAg,@loneranger7535,"Would have been such a line if he said-  high up in the sky like Zeus instead of Howard Huges. And that's the same song in which Em warns Drake- ""they're gonna turn on you""",5,1,2024-04-20T14:24:17Z,2024-04-20T14:24:17Z
UgxulBtXyrrHQF6e_Ol4AaABAg,@Artizm_Music,"Drake didn’t have to use AI Snoop Dogg for this. If he paid Snoop enough money, he’d have NO problem dissing his own label mate. 🤣",73,11,2024-04-20T12:59:32Z,2024-04-20T12:59:32Z
Ugy39eUNrrMlO7tLe-R4AaABAg,@sisenri,"Fire, another fire video bro love it❤",13,0,2024-04-20T12:31:15Z,2024-04-20T12:31:15Z
UgyLC2hHXJp1QsJx-Rt4AaABAg,@nickofalltrades5303,"Lmao, Drake keeps dropping a diss every week until k dot drops, we get a whole album lol I’m down",2,0,2024-04-21T03:00:26Z,2024-04-21T03:00:26Z
Ugz1PE5nPHsprUu2MwR4AaABAg,@Cultee,"We need a undebated west coast victory. 
😂 aged like fine wine.",0,0,2025-02-04T00:12:08Z,2025-02-04T00:12:08Z
UgwAZv2S3GigGz8sUih4AaABAg,@Pun_78,"Bro, you the best reactor on YouTube and number 2 ain’t even close!!! Between you and 3rd Earnest and Lost in Vegas, the other reactors can retire✊🏾💯",3,0,2024-04-20T13:21:53Z,2024-04-20T13:21:53Z
Ugyu2XwFjNb56QBuIBV4AaABAg,@onlyobi9623,Drake gets a “W” for the creativity and applying pressure on Kdot! True chess move and battle rap tactic. He is controlling the narrative at a top tier method. #Drake #Goat,43,0,2024-04-20T13:08:12Z,2024-04-20T13:08:12Z
Ugxy0lCTHL0x7u6Oh3h4AaABAg,@jayvanni7944,He also used pac because they said he had ghostwriters so he took it literally and wrote for a ghost. 10/10,3,0,2024-04-22T07:32:57Z,2024-04-22T07:32:57Z
Ugx73BOcu5pvAhCooLd4AaABAg,@felipeterrazas317,lol Drake is just having fun with it. Gotta respect that.,2,0,2024-04-20T14:39:36Z,2024-04-20T14:39:36Z
UgzD_ZGK22IOMAz8muB4AaABAg,@ctlhenderson,Chess world championships going on right now in Toronto too.,1,0,2024-04-21T05:26:15Z,2024-04-21T05:26:15Z
UgxRJsUZuoSo4MTugWN4AaABAg,@giddy5210,The level of genius on this is on another level. Drake always accused of having ghost writers. So he uses Tupac(Ghost) and write from his perspective. This is some surgical stuff. Respect to Drake,6,2,2024-04-22T10:26:46Z,2024-04-22T10:26:46Z
Ugx7k9olpHi3viA6crJ4AaABAg,@multard,"This AI shit is gonna ruin a lot of things. This is clever on Drake's part, but the AI shit is troubling to me.",7,0,2024-04-20T13:43:09Z,2024-04-20T13:43:09Z
Ugzy-6ak9tdjBcXIRvx4AaABAg,@nandantawargeri6158,Bro . PLEASE DROP THE VID ON CB TRACK. THAT BEEF IS REAL TALK . THAT SHIT WAS FUCKING CRAZY,25,3,2024-04-20T12:39:08Z,2024-04-20T12:39:08Z
Ugxkk5dqZRpHeZZ39Yh4AaABAg,@DJDaBarberStarks,Howard Hughes is the main character of the bio-pic The Avatar. It’s all about Hughes’ aviation dream making him build the Sproose Goose. And how he owned a bunch of airplanes… stuff like that,1,0,2024-04-21T03:56:09Z,2024-04-21T03:56:09Z
UgxaA_OllirChJtAxJR4AaABAg,@terrencetysor9956,Can't believe drop and give me 50 is in rotation on main stream radio and the club lol.,1,0,2024-04-20T17:00:50Z,2024-04-20T17:00:50Z
UgzgyNjZwBS0LEIJRhx4AaABAg,@EmanCipated919,"The intro music is fire, you’re getting better with every song 🙏🏾❤️",12,1,2024-04-20T15:03:00Z,2024-04-20T15:03:00Z
UgwXYnXUtm4fWoCXA8F4AaABAg,@StefunnyStrange,"You just know he’s in a luxury condo in NYC but Drake has a way with his words that I imagined Kendrick in a broken down small apartment. 😂😂 Like I’m up here feeling sorry for Kendrick. Dude is diabolical. Drake, stop! This pains me as a Kendrick fan.",105,6,2024-04-20T13:33:03Z,2024-04-20T16:56:01Z
UgxO5Jk2SckPshsPqFR4AaABAg,@TLynch-pf3ek,"Shouldn't be awake- Long, bad night. West Coast. Just watched Cliff and immediately clicked 😂",8,0,2024-04-20T12:36:54Z,2024-04-20T12:36:54Z
UgwxNTV4ZyhW4UKXf6d4AaABAg,@loganryan1317,This reminds me of 50 cent mindset i love it. Troll n diss at the same time this is perfect,1,0,2024-04-20T16:18:09Z,2024-04-20T16:18:09Z
Ugwyd1rlzftiPjWoVFd4AaABAg,@Thebuzz12,"Drake isn’t only referring to control when he says not this time, he talking about the song with baby keem verse and the cypher and the control verse Kendrick been doing this type of thing every 3/4 years for a while",2,0,2024-04-20T14:05:00Z,2024-04-20T14:05:00Z
UgwxJZrVTM86FN_uH0J4AaABAg,@2G_OfficialMusic,"using ai to be dissatisfied with Kendrick is SO SRS😭 
dats like using ai of nas on J.Cole",30,1,2024-04-20T12:36:11Z,2024-04-20T12:36:11Z
UgxmPOtfTJnYw6EkgCR4AaABAg,@mwbt42511,"Even without the AI, just the Drake verse he went crazy on. I couldn't even believe push ups when I was hearing it, and this is next level crazy. Kendrick would blow me away if he managed to win this",21,1,2024-04-20T13:48:51Z,2024-04-20T13:48:51Z
UgzxDVzJtCtdVUzKbW14AaABAg,@joeldunn5397,Been waiting for this reaction...let's go,7,0,2024-04-20T12:55:54Z,2024-04-20T12:55:54Z
UgyJJXqzLqX3CqcozUp4AaABAg,@dhirenrai3409,Drake a maniac for this 😅🤣😂,2,0,2024-04-20T13:46:11Z,2024-04-20T13:46:11Z
UgwW-Jll-IUSVr13NaR4AaABAg,@mkg2145,Where would i be without this channel.  👍🏽👍🏽😋,1,0,2024-04-22T04:57:12Z,2024-04-22T04:57:12Z
Ugxmma95OavbuC6rGHN4AaABAg,@LvUpRED,Kendrick has been taking shots at Drake for 10 years. He gotta do something,49,8,2024-04-20T12:34:45Z,2024-04-20T12:55:38Z
UgyBIiVZdd7JiyaurgV4AaABAg,@t.jtipsarmory9092,"Man ... Real talk it's been so dope that u got a video out everyday lately, it the only channel that I get lil excited when your channel pops up,, truly admire your craft, actually think your a master at your craft breaking down bar!!! Keep up the great work,, truly appreciate pray .. 🎉",3,0,2024-04-20T14:46:19Z,2024-04-20T14:46:19Z
Ugw8HHxuxxYMXf_IXqB4AaABAg,@jennifergwishiri8326,"""we need an undisputed west coast victory"" Drake asked and Kendrick delivered 🤣🤣",24,0,2024-05-06T12:12:26Z,2024-05-06T12:12:26Z
Ugy69_ICpolSX8brsWd4AaABAg,@xchxmpagnepxpix,SOON AS U GET THE COURAGE TO DROP IM OUT ON THE LOOSE 🦉,2,0,2024-04-20T12:55:21Z,2024-04-20T12:55:21Z
UgxmHBsITRvgLZzS8Ih4AaABAg,@ShadzVibez,Best reactor in the game. Completely unbiased and just judges the bars and calls it how it is. I am a fan of all of these guys and I enjoy the competition and I cannot stand when people meat ride one rapper or another 😂,1,0,2024-04-20T14:43:29Z,2024-04-20T14:43:29Z
Ugw9JC6yXVARu1ut9n54AaABAg,@burkhartlaw1,22:00 he’s begging Kendrick to engage. Begging him. Goading him. And now he’s suing?  I can’t think of a public crash out bigger than the one Drake is having in January 2025.,3,1,2025-01-17T22:19:19Z,2025-01-17T22:19:19Z
Ugw9v5kkPHt9-ee4Fuh4AaABAg,@Mrcampfire679,Big fan bro ❤❤ much love ❤❤😊,5,0,2024-04-20T12:31:38Z,2024-04-20T12:31:38Z
UgyrRd_vk2wBK4gBqst4AaABAg,@alrighthen,"Daaaaaamn, back when Knox was all honest in his reactions",13,3,2025-07-18T21:49:58Z,2025-07-18T21:49:58Z
UgzSg2MT9AXBnzZJ39B4AaABAg,@andreklugel6846,"""High up in the sky, like I'm Howard Houges"", doesn't refer to Howard Houges's money. It's a reference to his relationship with aircraft. Did you see the movie, The Aviator, with Leonardo DiCaprio? That was about him. I mean, it may have been a double entendre, but I do know that that line was referencing the fact that he was always designing, and flying airplanes, back in the day.",0,0,2024-04-21T14:34:55Z,2024-04-21T14:35:58Z
UgzVduJlHTFNgUP4UWh4AaABAg,@BBDiamondz,Knox is a lethal weapon now! What intro did i just hear! Holy Jezz,1,0,2024-04-22T16:09:22Z,2024-04-22T16:09:22Z
UgzA71rnizcP5yLE2sN4AaABAg,@BeforeThisNovember,"All I know is, Kendrick better come with something earth shattering or nothing at all.

Considering his style doesn’t really translate very well to “battle raps” I can’t see him being that effective.

But more than happy to be proven wrong!",40,11,2024-04-20T13:53:45Z,2024-04-20T13:53:45Z
UgwII2WCQy9s7RIIF_x4AaABAg,@rnblex,your reactions are the best <3,4,0,2024-04-20T14:45:42Z,2024-04-20T14:45:42Z
UgwPiSd1X0kkMOYix814AaABAg,@alangudino97,"If drake drops a 3rd one, idc. It’s over. Drake wins unanimously",3,0,2024-04-20T17:15:54Z,2024-04-20T17:15:54Z
UgxsL_z8cAdoO2dZYap4AaABAg,@GoalInspiredCareerCoaching,It’s brilliant. For those ppl in the back saying he should not use Ai. He demonstrated versatility. The is the work of brilliance and cuts across age ranges. One for the books. I love your analysis.,1,0,2024-04-20T18:46:32Z,2024-04-20T18:46:32Z
UgxpUDLz0DBCqj7jNRR4AaABAg,@rickame7,"Drake and ghostwriter gives whole another meaning with Pac
writing for a ghost/dead shiett",0,0,2024-04-20T15:12:07Z,2024-04-20T15:12:07Z
Ugwk7cG3mH-E0NDcss14AaABAg,@elite4916,Shit too hard drake won,8,0,2024-04-20T13:20:25Z,2024-04-20T13:20:25Z
Ugxmv4jhbXcmNLHnbr94AaABAg,@jaydeeC09,Was waiting for this,5,0,2024-04-20T12:37:56Z,2024-04-20T12:37:56Z
UgyKEz1treYVqdZdu6F4AaABAg,@FitFlowFusionHub,Knox you the best man ✊🏾✊🏾🙌🏾🙌🏾,19,1,2024-04-20T12:34:30Z,2024-04-20T12:34:30Z
Ugz9ZWOyVYJQXqMRYGt4AaABAg,@rickd438,Drake is a legend.,2,0,2024-04-20T14:42:54Z,2024-04-20T14:42:54Z
Ugw6MT3HsHb8l1xGGbV4AaABAg,@raymondandsweetheart7150,The way drake is talking. He has to have something  diabolical.,1,0,2024-04-20T17:03:43Z,2024-04-20T17:03:43Z
UgzaWFdf85GNwiZ_87B4AaABAg,@BeforeThisNovember,"I like his outro line. He’s still kinda keeping it “friendly” in a sense he knows this a sport and he kinda acknowledges Kendrick can write.

Idk, I know he’s got heaters in the vault, and I think (hope) they’re both gonna come with a bunch of dirt on each other and come for each other necks, but I still like the fact that there’s sort of a mutual respect for the talent.",17,6,2024-04-20T14:18:04Z,2024-04-20T14:18:04Z
UgyajcBNNNGiRrBB3jd4AaABAg,@AKSon-4,Was just listening to it. Drake really ending Kendrick's boogeyman persona,41,2,2024-04-20T12:32:50Z,2024-04-20T12:32:50Z
Ugzg_y9FavNktQWM8PV4AaABAg,@skingboy123,Drake destroyed Kendrick and not just because of his bars but the creativity to think of some shit like that. Kendrick fans gone deny it but we all know the real,74,13,2024-04-20T13:45:09Z,2024-04-20T13:45:09Z
UgxstCahootT87t9GFh4AaABAg,@p0w_art,"Nah drake cold for thia one thats crazy🔥🔥, kendrick needa respond to this",1,0,2024-04-21T00:31:41Z,2024-04-21T00:31:41Z
UgwI65XKXCg_05scCal4AaABAg,@_aly_cat,I love the mad respect Drake has for Taylor 😂🙌🏻,1,0,2024-04-21T03:26:56Z,2024-04-21T03:26:56Z
UgyVce6WbsAIPM9aJhV4AaABAg,@ClinicalASPD,"This was so disrespectful, and I’m here for it! Kendrick has to respond, I love Kendrick, but saying nothing in this situation is worse than apologizing.",57,13,2024-04-20T13:33:47Z,2024-04-20T13:33:47Z
UgxXzh0wve3mteDLg4R4AaABAg,@achievmntstudios,Bro thank god for your videos. Love your breakdowns. I hate these other reaction/click bait videos that literally don’t break down anything😂,6,0,2024-04-20T12:56:41Z,2024-04-20T12:56:41Z
Ugz_l2BGzTOsEi95rwx4AaABAg,@xlegacyfusion8915,Drake is the GOAT.. no debate,3,0,2024-04-21T03:42:45Z,2024-04-21T03:42:45Z
Ugzz2R5BlbSUOZQP7BN4AaABAg,@bigzGillett,"I noticed that frl, you can still tell that was Drakes flow",1,0,2024-04-20T14:57:10Z,2024-04-20T14:57:10Z
UgzsENlKN9HoGtsuv694AaABAg,@NotExplicable,Why is Dot in the NYC?? he should be on the West coast Cali 😂😂,0,0,2024-04-20T16:37:33Z,2024-04-20T16:37:33Z
UgwI2XNfTG9HTfn3a3h4AaABAg,@crampton16,this track should be in a museum of all-time worst decisions lmao,22,1,2024-05-21T17:08:42Z,2024-05-21T17:08:42Z
UgwNLYln6RAjEoJraxl4AaABAg,@BeforeThisNovember,I still think “drop and give me 50” is the hardest bar in the whole battle so far,14,8,2024-04-20T14:02:21Z,2024-04-20T14:02:21Z
UgwtyEgiGkB2J9J3U9B4AaABAg,@ericfranck4473,I have a hard time watching anyone else react cause you the only one that 3/4 the bars don’t go over your head 😭,0,0,2024-04-20T13:32:47Z,2024-04-20T13:32:47Z
UgxRBBX6BvUdjnnyVUJ4AaABAg,@jayc5756,"Very Genius & Very Creative. Mann, Drake on his neck FR. Dude really is winning this battle so far by playing it so smart here. Mann. Crazy! 🔥🔥🔥",1,0,2024-04-20T18:39:17Z,2024-04-20T18:39:17Z
Ugxq3bTdQIPtz8BR_Rt4AaABAg,@brine..,Knox made us wait for so long,6,4,2024-04-20T12:37:11Z,2024-04-20T12:37:11Z
UgzGHowjgZCYgemoDfx4AaABAg,@The_One_In_Black,"Drake is like ""Let me rap in a monotone so you remember how much there's no Pac in me.""",5,0,2024-04-20T13:32:06Z,2024-04-20T13:32:06Z
Ugwz6I2Mntx6J5BO98l4AaABAg,@blacklabelcollects,Using ai.. weak,3,0,2024-04-20T15:26:42Z,2024-04-20T15:26:42Z
Ugye2RrRUDQP7-rnThV4AaABAg,@rebel2191,Hella creative with this diss and the Tupac and Snoop voice,1,0,2024-04-20T15:23:18Z,2024-04-20T15:23:18Z
UgwAbS-UAAVdwKUThm94AaABAg,@lyonkennedy4892,17:17 He called it football 🥲,1,1,2024-04-20T19:24:55Z,2024-04-20T19:24:55Z
UgxhZpQ0pazF0c1n9F94AaABAg,@skurt2752,Drake wouldn’t be pushing Kdot this hard if he didn’t have hard dirt on him. This is crazy,3,0,2024-04-20T13:11:01Z,2024-04-20T13:11:01Z
UgwaPK_9Qhxom62xhQ14AaABAg,@passtheenergy8464,"Knox I think even if Kendrick  drop , it's not gonna hit, he took to long. Drake won game over",9,0,2024-04-20T12:48:37Z,2024-04-20T12:48:37Z
UgyV74x618wUJMuY8SB4AaABAg,@lafleursamuel7616,Drake went from this to waving a white flag when he couldnt take it anymore. 😂😂😂,10,0,2024-05-08T11:47:19Z,2024-05-08T11:47:39Z
UgzqBmd7lw-7pYZYcOl4AaABAg,@Lobit0TV,Drake is a punk for sueing but regardless this Diss alone is what ticked off Kendrick 😂 & the fact Drake got sued for this is pathetic. Crazy to throw Drake down for sueing but yet not throwing Pac's estate for sueing on this track being aimed at Kendrick. That's pathetic & hypocritical. Rap Beef is Rap Beef even Pac wouldn't have done that punk bs to sue for this diss track.,4,0,2025-06-11T17:53:29Z,2025-06-11T17:53:29Z
UgykGc9YAe5f4XJpn7t4AaABAg,@kyleclarke5764,"back for a revisit, and it was this time last year when i found your channel.... and tbh, last year, i avoided clicking ya vids because, i mistakenly thought you weren't tapped in enough to properly speak on this battle and within the first few moments, i realized how dead wrong i was... you happen to be more tapped in than some of the black reactors who had me laughing, while you had me thinking! #knoxthegoat",2,1,2025-06-11T16:30:57Z,2025-06-11T16:30:57Z
Ugxv6-oFzCLlg2OHbI94AaABAg,@DragonRyuken777,You gotta tell this Owl « whos » (OVO) Boss,1,0,2024-04-23T18:09:34Z,2024-04-23T18:09:34Z
UgwEkcUoJgJm2ct_KfR4AaABAg,@RLucasReviews,"He made Pac sound horrible, if he wrote creative bars he wouldn't need silly gimmicks. This and Euphoria are not even in the same galaxy.",9,1,2024-05-01T01:46:47Z,2024-05-01T01:46:47Z
Ugzf1fOEDMoMENeEqdh4AaABAg,@noctairedorvoxin0,I hate the AI shit. I think this is a clever rebutted but he's a rapper. How can we trust he's not using AI to help write shit for him?,5,13,2024-04-20T13:06:19Z,2024-04-20T13:06:19Z
Ugw8SMGAAWR5Hzv_wah4AaABAg,@Iamrichsosa,Now when you listened to it “TAYLOR MADE “ was one of the best song of the battle because he predicted everything dot was about to say,9,4,2025-05-20T14:04:16Z,2025-05-20T14:04:16Z
UgxMaaHBp9fuj1Xdr1h4AaABAg,@ravisarin10,Honestly makes perfect sense why Cole walked it back. This seems like it’s gonna get intense,1,0,2024-04-20T16:31:00Z,2024-04-20T16:31:26Z
UgySEMDvadl7KQZG5Bx4AaABAg,@Marmaryum1109,Best breakdown on the internet,0,0,2024-04-21T17:59:40Z,2024-04-21T17:59:40Z
UgybMDOOFNZry0k8SQ14AaABAg,@KP-ue8rq,"I wanted Kendrick to win but he’s done now. Drake has outdone him and, the way it sounds, if Drake drops the next diss I think Kendrick will never recover",7,0,2024-04-20T13:56:19Z,2024-04-20T13:56:19Z
UgxkFQ-zAqtuRGmFIHx4AaABAg,@EddieLove,Drake won 🏆.,3,0,2024-08-24T00:22:27Z,2024-08-24T00:22:27Z
UgyuSl7XGB28X6chQJt4AaABAg,@unkleEL,Punch TDE also tweeted out 2pac lyrics yesterday..and then this drops. I’m just happy they’re finally battling without sneak dissing,1,0,2024-04-20T14:35:05Z,2024-04-20T14:35:05Z
UgyHVql4hAsARUfH4LJ4AaABAg,@kwandom7098,Drakes got my respect no matter who wins it,1,0,2024-04-20T14:39:49Z,2024-04-20T14:39:49Z
UgyN_s12Ji9ALYJyFeV4AaABAg,@Lobit0TV,This diss was force deleted. Drake went apparently to far with using Pac😂😂 Kendrick ik for a fact got pissed at this. Plus he did what AI Pac said to do. Call Drake a pedo😂😂😂,4,1,2024-06-21T20:42:09Z,2024-06-21T20:42:09Z
UgyGEpMobaRViBVhV7N4AaABAg,@NitroMonkey95,"After the beef, obviously kenny with the W, but i will say drake did predict 90% of what Kenny would say.",5,3,2024-09-17T16:02:02Z,2024-09-17T16:02:02Z
Ugy6LMD4gxzCENm8jER4AaABAg,@xman04228,Drake 2-0🦉😂😂,18,1,2024-04-20T12:40:53Z,2024-04-20T12:40:53Z
UgxZJ8RJWNtV0ymzmaV4AaABAg,@Primordial_one,"Drake studies the art. He’s been supporting  the battle scene he knows tactics, never been super fan but can’t deny his elite status",0,0,2024-04-23T14:15:52Z,2024-04-23T14:15:52Z
UgxQlUNNcI5Og66wtZl4AaABAg,@mattrainey4724,Knox knw his shit yo u invited to da cookout gang anytime if u knw u knw,1,0,2024-04-20T19:42:02Z,2024-04-20T19:42:02Z
UgxfNPylQgdEhxSrbJl4AaABAg,@robbers12345,"coming back to this, kendrick won the whole thing for sure but man, this is my favorite track from the beef. Drake really got under his skin and did a great job with this track underrated af tbh",6,2,2025-03-28T07:00:46Z,2025-03-28T07:00:46Z
UgxF4cS98OKudVjGbOJ4AaABAg,@PicksCentral,Lookin back Drake buried dot tbh,8,2,2024-10-08T01:42:23Z,2024-10-08T01:42:23Z
Ugwz2Vz8DXJ7WPQoRdJ4AaABAg,@1theonezman,This isn’t a battle. It’s a beat down. Drake won this a month ago because he already had everything planned out. Same thing you did to me but on a crazy even higher level. This ain’t chess versus checkers. This is chess verse 20 chess boards and Drake playing all 20 v1 at the same time.,3,0,2024-04-20T14:34:14Z,2024-04-20T14:34:14Z
UgyI_F6eXIR_9FYrXBF4AaABAg,@euneadventure3112,That beat is simple but so majestic at the same time !!!,0,0,2024-04-23T13:16:26Z,2024-04-23T13:16:26Z
Ugy1IkvN3WOLkupE4dB4AaABAg,@brettl2312,Calling Kendrick the instigator is wild,2,0,2024-04-20T13:34:04Z,2024-04-20T13:34:04Z
Ugyz8Ju1P_7MhKvkH494AaABAg,@siun2012,I was off social media last year when all of this was going off and I’m watching all the reactions now and it’s so funny to see everyone saying Drake was winning haha this is so corny,3,1,2025-02-19T14:03:36Z,2025-02-19T14:03:36Z
UgzgFuB-a-JeOSIAI4J4AaABAg,@noemichavez4296,"You can’t use someone’s voice to fight your rap battle…that’s whack! Drake knows he’s finished for this that’s why he deleted it. Also, Tupac would never rap that softly. FOH with that 😂",4,3,2024-07-14T06:19:56Z,2024-07-14T06:19:56Z
UgwRw-P7igoQH2yAdzB4AaABAg,@christianlopez1323,This diss aged worse than milk 😂,22,0,2024-05-11T21:03:58Z,2024-05-11T21:03:58Z
UgwrXouJOZNBBjb-xJh4AaABAg,@Hecanhit1979,"Drake may have to write a modern version of Sun Tzu's ""The Art Of War"" This is diabolical battling (Without even mentioning his plane)!",0,0,2024-04-20T15:46:29Z,2024-04-20T15:46:29Z
Ugy5rlWFHYxRlwX5pDp4AaABAg,@PapaSeniorrr,I can't help but think something terrible is going to come out of this. Hope everyone stays alive,0,0,2024-04-20T18:32:42Z,2024-04-20T18:32:42Z
UgwNVZm5eN56Nvi7QX94AaABAg,@easycheddy,Too bad this backfired and now getting sued by the Tupac estate,6,1,2024-05-01T05:01:17Z,2024-05-01T05:01:17Z
UgwDUu3ggqH3uIx0ZyR4AaABAg,@joncacosta23,I’m so mad that you certified drakes corny one syllable rhymes and stealing the voice of other people. Lyrically drake cannot touch Kendrick and this diss track proves it,3,3,2024-07-01T22:23:48Z,2024-07-01T22:23:48Z
UgxXmjZ_MgzY2A9KpSl4AaABAg,@PMMagellan,Ya.  Using AI with drakes garbage writtens is just disrespect.  Drake a clown for this,4,6,2024-04-20T12:44:45Z,2024-04-20T12:44:45Z
Ugxpii5vi8HxoMljB_B4AaABAg,@codellt.k5620,Watching all of this after Kendrick responds and boy oh boy did he wake up the bogeyman,2,0,2024-05-05T19:15:48Z,2024-05-05T19:15:48Z
UgzYPjwc8FobiRH9iCp4AaABAg,@nuthinbutbusiness,Clever angle from Drake! Gotta give it to him!! 🔥🔥🔥,1,0,2024-04-20T14:20:01Z,2024-04-20T14:20:01Z
Ugz8AxhOuP11x4Ryqxh4AaABAg,@mtawali13,Drake won this battle 😂,12,1,2025-11-24T10:08:59Z,2025-11-24T10:08:59Z
UgzIOng8yIzAbbpWP5x4AaABAg,@JT_ALFORD10,Drake putting y'all's 'goat' in a coffin. Boogie man taking a big 'L',4,0,2024-04-20T17:40:51Z,2024-04-20T17:48:02Z
UgzIdxgX4bDa5CnS8Bh4AaABAg,@HimothyMcHimenburg,"I don’t care what anyone way, Drake won.",5,1,2025-07-10T15:47:53Z,2025-07-10T15:47:53Z
UgwIdzb-U4yysRL4AbF4AaABAg,@noahnasr5511,"Like that needed 3 responses, man  😅 iconic song",1,0,2024-04-20T13:17:29Z,2024-04-20T13:17:29Z
UgzNAruJDefT7t_7Uf54AaABAg,@CraigAndersonn,i was not expecting that,1,0,2024-04-20T16:09:09Z,2024-04-20T16:09:09Z
UgxGkJvVywZQCKvCZDt4AaABAg,@EddieLove,Drake won 🏆.,3,0,2024-08-24T00:22:27Z,2024-08-24T00:22:27Z
Ugw0NuexaZZih0fnkHt4AaABAg,@douglasshareef7413,You broke this down better than anyone I watched today. Everybody else just wildin out😂,0,0,2024-04-21T02:20:04Z,2024-04-21T02:20:04Z
UgxPSPMwa-CiaD-YaGV4AaABAg,@Soliinu,"i never really followed drake but i like this side of drake, full on aggression.",1,0,2024-04-20T18:15:26Z,2024-04-20T18:15:26Z
UgxgirSlReRbhHdN93t4AaABAg,@Keygamin13,You gotta check out the quavo diss that chris brown dropped,2,0,2024-04-20T13:14:38Z,2024-04-20T13:14:38Z
UgzuRrawikq4mzC-NJp4AaABAg,@zeroChannelJJ,"This is so damn clever... Geeze, its like an 8Mile Eminem battle but personal in the Sense of the WestCoast Connect... 

Drake be Making use of Technology a way nobody thought of using... And with all A.I tracks coming out, he rode this train in a way that is literally unthought of.

Not to mention, he literally kinda made it seem he Ghost wrote the lyrics for Snoop and Pac... Get it? 

Drake Doing Rap beefs in 2050",2,0,2024-04-21T15:10:22Z,2024-04-21T15:14:49Z
UgyNR7Yp0Feacvj3NEB4AaABAg,@wallaceherndon4884,The fact you can put out content at this rate is crazy.,0,0,2024-04-21T15:12:30Z,2024-04-21T15:12:30Z
UgxYc020hLQWkjJWSqx4AaABAg,@Erock503,"it's such a fun time to be a rap fan. Between this and Breezy's diss, my face hurts from the ""Ohhh sh%t"" face!",0,0,2024-04-20T18:30:47Z,2024-04-20T18:30:47Z
UgwjghcnWE4eGjUmdDh4AaABAg,@pain56789,"This is mainstream battle rap, and I don't think people were ready.",0,0,2024-04-20T13:13:53Z,2024-04-20T13:13:53Z
UgzmRoOmQ6BU9qmZ-zh4AaABAg,@rodelite6129,Let's go Knox! Drake cooked; i can't wait what's Kendrick gon' do!,2,0,2024-04-20T13:18:07Z,2024-04-20T13:18:07Z
UgyHRaUHn71yW-vOGk54AaABAg,@JoshuaGrahamJr,Knox your breakdowns are insane! Love the work bro! I was clueless to the subliminal messages by rapping as 2pac and Snoop because I had no fucking idea 😂. Keep up the good work bro! Love the content!,1,0,2024-04-20T16:38:18Z,2024-04-20T16:38:18Z
Ugwu9N8Wex70wYOyXth4AaABAg,@TheFreshQuality,"Idc what anyone says, this diss track is drakes hardest track I’ve heard since nothing was the same came out",2,0,2024-04-20T15:10:16Z,2024-04-20T15:10:16Z
UgzETA_ezFu05OG7qNB4AaABAg,@superman3455,This is the best reaction breakdown I’ve seen on YouTube.,0,0,2024-04-22T06:14:37Z,2024-04-22T06:14:37Z
UgxQpy9WOkFCRMl9W7N4AaABAg,@joshrine8876,Love your break downs man anytime a song drops or there’s beef I’m here to get the meaning behind it all best in the business 💯,1,0,2024-04-20T22:05:41Z,2024-04-20T22:05:41Z
Ugw0VBXUffyK6zmlpjV4AaABAg,@TheUltimateTerran,Your track snippets in the beginning have been fire lately. 🔥🔥,1,0,2024-04-20T15:26:31Z,2024-04-20T15:26:31Z
UgzGWZZ2uyNRPddZCRJ4AaABAg,@KiloKast-,Top in the army also refers to a 1st Sergeant which makes the drop and give me 50 hit even harder.,0,0,2024-04-21T17:24:50Z,2024-04-21T17:24:50Z
UgyIoLWLchi-TXm6bnN4AaABAg,@itainteasychat,KENDRICK IS GETTING COOOOKED,2,0,2024-04-22T04:05:57Z,2024-04-22T04:05:57Z
UgxfvsfxkxYyRBUkVFd4AaABAg,@Radjunglemc,We appreciate you breaking down the bars so we clearly understand because I definitely don’t have the time to break it down!,0,0,2024-04-23T18:36:06Z,2024-04-23T18:36:06Z
Ugy5rehW3GiXHvJ9K7F4AaABAg,@clarkpetion305,It's the fact that he rhymes the sound 'u' from 'It was on the Budden Podcast so it's gotta be true' fron Pac till the end of his verse.,0,0,2024-04-20T17:57:08Z,2024-04-20T17:57:08Z
Ugz1vc2CX35Mg-ToF1l4AaABAg,@zany824,Drizzy and Breezy really stepped TF up coz wow 😂😂😂,0,0,2024-04-21T15:40:06Z,2024-04-21T15:40:06Z
Ugw9eaGk-xrCj95wAx94AaABAg,@rosestone5091,Fire was lit!🔥Knox Hill you warned about the consequences! Kendrick still on fire in 2025!,1,0,2025-02-09T01:09:52Z,2025-02-09T01:09:52Z
Ugy3V3oLnC6u80CQhl14AaABAg,@imanimani2x,“You gotta be you” could also be a play on Kendrick’s song “U” 😭😭,0,0,2024-04-21T23:27:53Z,2024-04-21T23:27:53Z
UgyZTZqW_G7HruWXoSJ4AaABAg,@KyleJones-u2r,"Yo when he said ""you better have a quintuple antondra"" I lost it that shit was so funny. Also btw Knox if u could maybe react to some schoolboy Q's new blue lips album that would be great. Ik that ur tryna focus on the beef rn but it would be cool to see",0,0,2024-04-21T16:54:24Z,2024-04-21T16:54:24Z
UgyfdyghdYvTdz5aIQx4AaABAg,@DannyLynch123,"Im just happy to hear ""pac"" again!!",0,0,2024-04-20T14:34:48Z,2024-04-20T14:34:48Z
Ugw2dnyPlxpPo-AI6OR4AaABAg,@gbbenner9382,Need this song on Spotify.,0,0,2024-04-20T13:28:01Z,2024-04-20T13:28:01Z
UgxTCXFh6br5E2COxzt4AaABAg,@armandokoshena5133,We have to wait like 4 or 5 years for Kendrick to drop something,1,0,2024-04-20T22:27:48Z,2024-04-20T22:27:48Z
UgzHCGKpWkcENnC3bxh4AaABAg,@ArthurGreat-v6t,Like is still number Kendrick ain’t gotta drop nothing,1,0,2024-04-20T13:28:22Z,2024-04-20T13:28:22Z
UgwpRLTLpbtNPg6SFvN4AaABAg,@johnsantavicca5016,Taylor Made.  The first Golf club Set I was gifted by My Step Daddy.  No my Swing needs Calibration.  Lmao,0,0,2024-04-20T14:31:50Z,2024-04-20T14:31:50Z
UgyH71n6qmW2op3EK2N4AaABAg,@LifeEnergi,King of all break downs Knox best in game,0,0,2024-05-02T08:09:33Z,2024-05-02T08:09:33Z
UgznFpnpjGKva0Xskv94AaABAg,@WhatTheWHAT524,Always a great watch!! Love your break downs my man!! Thank you for sharing your talent with us!!,2,0,2024-04-20T13:27:04Z,2024-04-20T13:27:04Z
UgyScYT25b2DDXmYnWB4AaABAg,@hamzahbassam5051,This is toughh,2,0,2024-04-20T12:59:48Z,2024-04-20T12:59:48Z
Ugxmk0fHLi1YjeVch1d4AaABAg,@monsterjake.91.26,9am KH out here for the people  love this channel,0,0,2024-04-20T13:09:29Z,2024-04-20T13:09:29Z
UgxDJXdL0koFqGwDYxl4AaABAg,@johna_than,"""team suiiiiii vs TEAM WORLD CUP"" i love it😂😂😂😂",0,0,2024-04-20T16:02:57Z,2024-04-20T16:02:57Z
UgxMB8OgyHjyt--Vy1V4AaABAg,@romualdkoudou7487,"Drake an’t playing fair man 😂😂. Damn Kdot, now you got to drop something before Monday! Damn damn damn",0,0,2024-04-20T20:09:09Z,2024-04-20T20:09:09Z
UgylNSj5Gz6wG8ICV2V4AaABAg,@omarw007,React to chris brown-weakest link (quavo diss),2,0,2024-04-20T19:44:58Z,2024-04-20T19:44:58Z
UgzXI9yppGNlIfUqE9R4AaABAg,@evanscarter8668,Knox you breaking it down smoothly,0,0,2024-04-21T00:20:55Z,2024-04-21T00:20:55Z
UgyPMIoSvgLBuWDzqg94AaABAg,@alexjaytona,😂🔥🔥🔥🔥incredible lyricism,0,0,2024-04-21T03:47:38Z,2024-04-21T03:47:38Z
UgzDbvgIsr7zc9J2G0B4AaABAg,@frankdatanksr6922,I woke up and saw a post from Complex. Where did I go next??? Right here. I knew you wouldn’t let us down.,0,0,2024-04-20T13:21:05Z,2024-04-20T13:21:05Z
UgxPPuSY4ime-4vLsNx4AaABAg,@LocalGrizzly,"Man the AI stuff is cool, it’s funny and people are having fun.. it’s also an opportunity to show your writing skills and possibly earn an opportunity to join someone’s team",1,0,2024-04-20T13:05:32Z,2024-04-20T13:05:32Z
UgwFLBRm58Wkt-FnwAZ4AaABAg,@SolitarioPulseMX,The interesting thing is what Cliff said is cooking behind the scenes. Drakes got alot more in the tank.,0,0,2024-04-20T15:32:46Z,2024-04-20T15:32:46Z
Ugw95R0eHlRs2XT7eGB4AaABAg,@EL-em3mn,"I am not much into drake but i with this little made for TV beef, i actually like his disses. I think this was a superb hit job.",0,0,2024-04-20T15:13:54Z,2024-04-20T15:13:54Z
UgzCpLfZg-00xvHQ13V4AaABAg,@christophergeorge-jerry3716,"Knox gonna break down that ""quintuple entendre"" for Drake",0,0,2024-04-20T19:14:55Z,2024-04-20T19:14:55Z
UgxKfc_pVnFG4d6-oKp4AaABAg,@theenatashasheree,3:22 no Drake said lemme talk to em like his idols😩,0,0,2024-04-20T18:09:28Z,2024-04-20T18:09:28Z
UgxyDVFSNJw9brEFgih4AaABAg,@ImNumb-il8hp,That intro was hard. WTF was that I NEED it,0,0,2024-04-20T16:55:57Z,2024-04-20T16:55:57Z
Ugxsa6RfKKevHhwS5IZ4AaABAg,@DaGoatBM824,Howard Hughes was an aerospace engineer. Literally designed and constructed planes.,0,0,2024-04-20T21:03:35Z,2024-04-20T21:03:35Z
Ugzibe510qV8AAYoQSx4AaABAg,@Dezzyyx,"""show this fuckin' owl who's"" - Owl noise > Hoo. Also as in the Kdot AI joint ""Owl hunting"". 

""You're new top"", as in sexual innuendo of top sexual position, meaning she dominates you

I feel like even without Taylor in the picture Kdot wouldn't have responded by now, and I'm not sure he will. What he is known for is
taking forever to drop something. He also usually likes to dictate by taking shots at people, not responding to others. It's like he sees himself
as above everyone else. That's why I see it this way.",1,0,2024-04-21T21:26:34Z,2024-04-21T21:26:34Z
UgwjZ-PW59bMgs0mRDt4AaABAg,@StevensFuller2403,Keep doing your thing putting in the hard work once I get a couple of those hats I will change my photo and show the new drip honoring you.,0,0,2024-04-20T18:25:03Z,2024-04-20T18:25:03Z
UgxlcqlH-JiOlyL0uqV4AaABAg,@qachampion4572,💥💥💥💥💥💥💥💥Goooootdayum!!!! That was fcn FIYA! 6-god just bodied em! He might win another Grammy for this one! 😂 🤣 💯🙌🏾,0,0,2024-04-20T14:28:09Z,2024-04-20T14:28:09Z
UgzHVdE-QuD2rd_6oSF4AaABAg,@4x4adventurezone,Tanos vs avengers,1,0,2024-04-21T15:04:14Z,2024-04-21T15:04:14Z
UgzplIYq4Cb7NSCW-Rt4AaABAg,@qui_X,You have to show this OWL Whoooo..,0,0,2024-04-20T15:54:35Z,2024-04-20T15:54:35Z
UgwggoluDr8mAnsLMhV4AaABAg,@WhatIThinkSpace,You are the best ever at this man,1,0,2024-04-20T17:03:10Z,2024-04-20T17:03:10Z
Ugz5r4tHlTfpYADRIyx4AaABAg,@coolinwiternest,No goal post moved it is what it is,1,0,2024-04-20T14:49:15Z,2024-04-20T14:49:15Z
UgwAt3YJiFi7zdL2nMN4AaABAg,@Tishanb,Beautiful morning waking up to this❤,0,0,2024-04-20T14:31:21Z,2024-04-20T14:31:21Z
UgypdrRmhvzWddCyxhp4AaABAg,@panman2632,Drakes on another level!,1,0,2024-04-20T13:29:14Z,2024-04-20T13:29:14Z
UgzBDSYapvgZo7fezBF4AaABAg,@StilliRise45674,We been waiting on you‼️,0,0,2024-04-20T13:35:08Z,2024-04-20T13:35:08Z
Ugy3wwHAi3xn-1g4cAd4AaABAg,@maxedoutmotivation8430,"I was 😂😂 waiting for you, my boy",0,0,2024-04-20T14:40:06Z,2024-04-20T14:40:06Z
UgznfZcK-AXwHDAS7Pd4AaABAg,@trevon444,You got a new sub I like the energy and I can tell your a hip hop head for real,0,0,2024-04-20T15:18:19Z,2024-04-20T15:18:19Z
UgyhD1FbqnyH8RDPIHV4AaABAg,@Brainflowz,"Ol' Krispy Kreme Knox, sellin a hot glazed dozen...",0,0,2024-04-21T14:34:03Z,2024-04-21T14:34:03Z
UgxlRPvUgCIPAQIuZn14AaABAg,@hell1s,You have the best breakdowns Knox!,1,0,2024-04-20T15:17:45Z,2024-04-20T15:17:45Z
Ugx7nFGhfgfK0RGii_14AaABAg,@noelnatera3429,The beat even a troll sounding like a dre production  🧌,0,0,2024-04-20T16:03:18Z,2024-04-20T16:03:18Z
Ugz5R4JVxaOc5l0QEWF4AaABAg,@DaTank-li4vh,I need that step up to the plate shirt in dark gray,0,0,2024-04-22T03:58:52Z,2024-04-22T03:58:52Z
UgywLOoY1wdFUI0mgRp4AaABAg,@hereditarysinz,"Also the ""get ya head popped in a crowded room"" maybe in regards to migos artist and how drake is tied in with those guys",0,0,2024-04-20T14:43:54Z,2024-04-20T14:43:54Z
Ugylf98RbLBi6xNFiIl4AaABAg,@JaySie3180,Another immaculate breakdown Knox!! 💪🏼👏🏼👏🏼👏🏼🤙🏼🤙🏼😎😎,0,0,2024-04-22T03:45:31Z,2024-04-22T03:45:31Z
UgypJt_Mz1yljanKqOB4AaABAg,@mialean127,"As someone who listen to both genre, here my take on relationship Drake-Kendrik-Taylor like a double edge sword, or 5 edge sword 

1. And fall back to home girl who runnin' numbers up? I woulda refused:
 *Spotify most stream album in 24 hours feat,*
1. The Tortured Poets Department – *Taylor Swift*
Streams: 313,747,178
2. Midnights – *Taylor Swift* 
Streams: 184,695,609
3. 1989 (Taylor’s Version) – *Taylor Swift* 
Streams: 176,170,759
4. Certified Lover Boy – *Drake*
Streams: 153,441,565
5. Nadie Sabe Lo Que Va a Pasar Mañana – Bad Bunny
Streams: 145,925,845
6. Un Verano Sin Ti – Bad Bunny
Streams: 145,811,373
7. Scorpion – *Drake* 
Streams: 132,384,203
8. Utopia – Travis Scott
Streams: 128,501,459
9. Speak Now (Taylor’s Version) – *Taylor Swift* 
Streams: 126,378,176
10. For All The Dogs – *Drake*
Streams: 108,677,977
11. Mr. Morale & The Big Steppers – *Kendrick Lamar* 
Streams: 99,582,729
[Source: https://inmusicblog.com/2024/04/20/the-most-streamed-albums-in-a-single-day-on-spotify/]
*My translation:* From Drake's POV, he only compare himself with Taylor in term of number

2. Fuck these industry relationships, she not in your shoes: 
Taylor *leaves her label* and re-record all her old music. This makes her olds song depreciate in values as fan/movie studios will likely stream/buy new album with Taylor Version on it. Movies like MEGAN 2023, Pixar Animation's Migration 2023, Amazon Prime's Wilderness etc. all using Taylor's new version.
*My translation:* Taylor got more balls than you did

3. But now we gotta wait a fuckin' week 'cause Taylor Swift is your new Top
Universal Music removes all their artist from TikTok in February 2024 except Taylor. You gotta hv star power to pull that one.
*My translation:* Taylor has say in Universal Music as if she the Top management while you don't

4. The title, Taylor Made Freestyle is a perfect homonym as in tailor made freestyle = specifically directed at KDot

5. Finally, they are friend in real life (was, not sure now lol). Drake include Taylor in Red Button, Push Ups
*My translation:* From Drake's POV, can you take a guess who the least successful out of us 3 ? lol",2,0,2024-04-21T12:53:30Z,2024-04-21T12:53:30Z
UgylfudaQ7WJkCee7sB4AaABAg,@adrianburris7351,Both the first and second verse are double entendres in and of themselves.. both open to two interpretations… the concern of both Pac and Snoop acts as Drakes provocation and criticism simultaneously.. this is brilliant!,0,0,2024-04-20T21:28:09Z,2024-04-20T21:29:29Z
UgwznN8H1q_jM2qzG494AaABAg,@AdotUnfiltered,Luv the breakdown dawg u got a new sub fosho,0,0,2024-04-20T15:09:23Z,2024-04-20T15:09:23Z
Ugxt770KbtnGCjK5co94AaABAg,@_ogzay,Why is nobody talking about how every bar in the last 3 minutes of this track rhymes,0,0,2024-04-20T16:21:39Z,2024-04-20T16:21:39Z
UgwcTfnhvnxkqIjB8554AaABAg,@jzeus6179,"💯💪😎 I haven't been watching for a while, but I'm glad you keep doing your thing 💪😎💯",0,0,2024-04-24T13:27:57Z,2024-04-24T13:27:57Z
UgwyB5IpopErwyCU5xN4AaABAg,@BabydollKimala,Damn Knox you up 1.8m views heck yeah.,0,0,2024-04-20T16:56:15Z,2024-04-20T16:56:15Z
Ugw_XX-k1Uv_YRi6Nmd4AaABAg,@21catarino,🐐 of breakdowns,0,0,2024-04-21T11:44:08Z,2024-04-21T11:44:08Z
Ugxd_vHfHku4TFcGXId4AaABAg,@CircleSquaredProduk,🔥 fire 🔥 fire 🔥 fire 🔥 am glad to be alive for this... love the beat love the content 👌 💯 killing  it Drake 💥,0,0,2024-04-20T23:47:34Z,2024-04-20T23:50:56Z
UgxJKcDaLi0MeD_IBIt4AaABAg,@SantiagoSanchez-xz3nl,In Knox I trust 🙏🙏,1,0,2024-04-20T22:57:46Z,2024-04-20T22:57:46Z
Ugyss_SlZ6a8aIPzC5h4AaABAg,@kkchen2,This is 50 Cent level TROLLING. 😂😂,0,0,2024-04-20T14:15:16Z,2024-04-20T14:15:16Z
Ugyzmbr8iuYnf7bA01F4AaABAg,@sjd2-6,"Drake is a pure genius. I guess he said if you can’t beat AI, join AI! Looks like he’s having fun.",0,0,2024-04-20T14:18:08Z,2024-04-20T14:18:08Z
Ugx84_VuWkxDZF1N40B4AaABAg,@backroadgeneral,"Yo Taylor Made also means tightened up and fabricated, he ended it with "" im out on the loose "" thats sum tuff stuff there 🥵",0,0,2024-04-20T14:27:08Z,2024-04-20T14:27:08Z
Ugz2tVyxIZrINJ9Jy_54AaABAg,@So9Sean,"nah You aint catch how “snoop” said its “the homies” that’s empowering you while drake was questioning his street cred. Its a reference to The Art of Peer Pressure. Kendrick talks about how every thing he did was peer pressure from “the homies”. “Thats Ironic cus ive never been violent, until im wit THE HOMIES.” - Kendrick Lamar",1,0,2024-04-20T23:55:16Z,2024-04-20T23:56:02Z
Ugx8ifxarhZuXP0e68V4AaABAg,@DJSteezy,"Knox, I feel you on the AI comment. I’m shocked that most people can’t tell by the lyrics when something is fake AI.",0,0,2024-04-20T16:42:48Z,2024-04-20T16:42:48Z
UgzByEKoCqWeV6VbUm94AaABAg,@bighasosayandae,This shi is epic.... 🔥🔥🔥,0,0,2024-04-21T21:15:51Z,2024-04-21T21:15:51Z
UgwnA2mVFnm5yH7qjVJ4AaABAg,@crossbladesak9013,My  Fav Reaction channel 🤙,1,0,2024-04-20T20:26:29Z,2024-04-20T20:26:29Z
Ugwy5O0O6JFXQbyPuth4AaABAg,@Linaj617,Genius move 💯🔥🔥,0,0,2024-04-20T13:34:44Z,2024-04-20T13:34:44Z
UgzDNocGBX74yskp29h4AaABAg,@iyctthgootk,""" i cant believe you've done this "" 🤣🤣🤣 if u know u know.",0,0,2024-04-20T13:14:52Z,2024-04-20T13:14:52Z
Ugzryk-JjX92VHpbAU54AaABAg,@joselonguenda4291,We didn't see that coming 😮 Bravo Drake!!,0,0,2024-04-20T18:45:23Z,2024-04-20T18:45:23Z
UgzMhZuTDQUghc77gC94AaABAg,@fedond1133,Perfect breakdown thanks. Banger,0,0,2024-04-27T06:25:33Z,2024-04-27T06:25:33Z
UgwjdfLmWGSGDOFNJ4l4AaABAg,@ItsDoctaD,Nahhhh bruh we need dat C breeezy 😭😂,0,0,2024-04-20T17:42:20Z,2024-04-20T17:42:20Z
Ugy5rFCNoR_89ohoI6x4AaABAg,@marchristopheradkins,"Wow, the most creative dis I've ever heard.  Drake is nice af.",0,0,2024-04-21T09:57:40Z,2024-04-21T09:57:40Z
Ugy3oHevKD54BGTE9Kl4AaABAg,@LlFE,6th Law of Power,0,0,2024-04-20T16:31:03Z,2024-04-20T16:31:03Z
UgyMpn0ApS0kZ5UcLE94AaABAg,@KXNG-20-25,"""Westside when we riiide, come equipped wid game..😈""",0,0,2024-04-20T13:22:08Z,2024-04-20T13:22:08Z
UgwMVOuhcvEgLJgXFZ54AaABAg,@Chris1LFC,"Drake standing out here on his own, got to respect that..",0,0,2024-04-20T16:16:42Z,2024-04-20T16:16:42Z
UgwCZ3hxwLWbrebyPrh4AaABAg,@nuance7183,i love this rap beef and these diss tracks. People gotta stop wanting to flat out hate anyone that remotely disses their favorite rapper. this is hip hop lol,0,0,2024-04-20T18:39:49Z,2024-04-20T18:40:17Z
UgzD_9V9ef4dKHpk9NZ4AaABAg,@QAYDius,Ngl. Drake Rapping Rapping.... Been a WHILE.,1,0,2024-04-20T14:30:28Z,2024-04-20T14:30:28Z
UgykcSEUocwKAoAmIy54AaABAg,@lamby_17,I loveeeeee this drakeeee,0,0,2024-04-20T14:58:45Z,2024-04-20T14:58:45Z
UgzJaIsQxHiLIDgB8Il4AaABAg,@ojayojeda,This version of Drake is untouchable! Like when he came out with the charged up and Back to back!,0,0,2024-04-20T17:35:41Z,2024-04-20T17:35:41Z
UgzbudM9UQaFbBoWd1V4AaABAg,@joshuafrancis101,Okay 😮😂 shit bout to hit the fan ☝️🤣🔥,0,0,2024-04-20T13:02:19Z,2024-04-20T13:02:19Z
UgyZCG9cedH3WsPIIp54AaABAg,@robertmack2396,I ordered my hat on Friday,0,0,2024-04-21T01:55:48Z,2024-04-21T01:55:48Z
UgwvR_cjsSHrdbfq6Oh4AaABAg,@JohnD-oe,"we need ""Taylor"" to approve Kenny response ASAP!",0,0,2024-04-20T14:25:37Z,2024-04-20T14:25:37Z
Ugyc0LDU8oTN1csF1D94AaABAg,@amerhaddad4229,K Dot needs to respond in Lil Wayne's and Drake's AI voice and diss Drake with his Idol and himself dissing himself. 😂😂🔥🔥🔥,0,0,2024-04-20T14:29:19Z,2024-04-20T14:29:19Z
Ugw4aZOXOBogIChxGXB4AaABAg,@MichelleSanGiorgio,Good chess move there.....now tell me something I don't know 😂,0,0,2024-04-22T10:54:56Z,2024-04-22T10:55:56Z
Ugyc94f7OjvxGGcNPHJ4AaABAg,@fedond1133,Great break down song goes hard,0,0,2024-05-01T22:41:03Z,2024-05-01T22:41:03Z
UgwphtlWBkkD6OXGKiV4AaABAg,@edsondepina8430,KNOX back AGAIN,0,0,2024-04-20T13:26:33Z,2024-04-20T13:26:33Z
UgzR2IizaXPD92oNCtZ4AaABAg,@emmanuelchikashi4032,That bile line,0,0,2024-04-20T13:16:28Z,2024-04-20T13:16:28Z
UgztNdZHgQllYhQdy3t4AaABAg,@sammyasiedu4718,"U be guy man, u on top of breakdown bruh.i f with u 🤗",0,0,2024-04-20T18:48:26Z,2024-04-20T18:48:26Z
Ugzw_YhK_01mqXUh7Tx4AaABAg,@dr_nick1992,I love snoops reaction to seeing the video or atleast the title. He pretty much just laughed and said he was going back to bed 😂,1,2,2024-04-20T15:59:50Z,2024-04-20T15:59:50Z
Ugwgbzv0zoBUxJ-HUXZ4AaABAg,@tebelloenoch1724,I love your reactions dawgen,0,0,2024-04-21T09:28:59Z,2024-04-21T09:28:59Z
UgynY2b4wGVoXOY-ccN4AaABAg,@ishmaelHB,The beat is dope ASF,0,0,2024-04-20T17:14:01Z,2024-04-20T17:14:01Z
UgyKtS9DW4bTDpm5P5h4AaABAg,@primofx2sport,"Ok why I clicked on ur reaction last, ok honestly it was cause you white. But man big respect! The best reaction and breakdown I’ve seen and I’ve seen at least 10 of em lol. Subbed!!!!",1,0,2024-04-24T03:51:30Z,2024-04-24T03:51:30Z
UgxjKbbA5NGh8KUyxzt4AaABAg,@TheHalfBloodPrince,"also a little detail i've seen a lot of people miss: ""now you gotta show this owl (who)'s boss"" owl.. who.. yeah just a light one but still fun",0,0,2024-04-20T13:21:53Z,2024-04-20T13:21:53Z
UgwJRdDE-YQYLJ2JTwd4AaABAg,@jahile,Here from 2025 lmaooooo. It’s dope Knox predicted so much from this song though.,0,0,2025-02-18T04:01:57Z,2025-02-18T04:01:57Z
UgxibJhYA2RM8_s5pud4AaABAg,@baklivak,Love the react,0,0,2024-04-21T16:52:02Z,2024-04-21T16:52:02Z
UgyhPqRgZCET9jYeOrN4AaABAg,@quintonrichardson8245,Did you ever do a reaction to Kendrick’s TDE freestyle? It happened the same year as the control verse and was going at Drake then as well.,0,0,2024-04-20T21:44:34Z,2024-04-20T21:44:34Z
UgxfGEdOyfGnmPQPQX94AaABAg,@TheMopar181990,The amount of knowledge this man has about the rap game is shocking. Is their anyone better?,2,1,2024-04-20T13:06:36Z,2024-04-20T13:06:36Z
Ugy5AEvw9J69MJVao-54AaABAg,@Narikvp,The “new top” could also be a double because he’s implying bedroom dynamics with that line too.,0,0,2024-04-20T17:00:49Z,2024-04-20T17:00:49Z
Ugzof5b_n97XZoJH_FN4AaABAg,@thechosenmortal,"You ain’t cut from the cloth if you’re talking about this being too disrespectful.
Thats how to say you’re not about the real art.",2,0,2024-04-20T13:49:14Z,2024-04-20T13:49:14Z
UgwkMacfvbuVV4_UC3l4AaABAg,@Jjay-tw1yy,i’m not surprised drake doing all this! everyone expected him to just sit and take it when he’s one of the biggest artists out there!,0,0,2024-04-20T17:45:33Z,2024-04-20T17:45:33Z
UgwCMJFkOyPy0YNmWX14AaABAg,@yubbed,Gotta give it up this was very creative use of AI!,0,0,2024-04-26T04:11:08Z,2024-04-26T04:11:08Z
Ugz0ytMpO8H1ANtsAvR4AaABAg,@diquailsimpson8250,Love ur channel 🎉,0,0,2024-07-06T14:52:06Z,2024-07-06T14:52:06Z
UgwoKM3lMyHcfDyw7t94AaABAg,@Tee_shirt_chris,Revist these songs now with the aftermath,0,0,2024-12-15T20:20:54Z,2024-12-15T20:20:54Z
UgxeTlJhzT1YYhCB9tZ4AaABAg,@ZeroCash91,"Drake also cleverly showed how he does, in fact, write. Dont kill me, Kendrick cronies 😢",0,0,2024-04-20T16:15:15Z,2024-04-20T16:15:15Z
Ugw8w082K--4viY7KWB4AaABAg,@mrsmith6674ify,"Firstly these tracks have been fire 🔥🔥. Thanks for the break downs. 

I'm wondering if using AI is a clever way of comments about ghostwriting",0,0,2024-04-21T03:18:31Z,2024-04-21T03:18:31Z
UgxI1TH4JTAyXCDliw14AaABAg,@Theunassumingidiot,Oh man I love this beef! Kenny can take his time though f the pressure,0,0,2024-04-20T14:49:54Z,2024-04-20T14:49:54Z
Ugw67mtNYuiSIyhVpCR4AaABAg,@darthmack1178,That eclipse done got these light skinned brothers power up! 😂,0,0,2024-04-20T20:11:16Z,2024-04-20T20:11:16Z
UgwyDq_ttKtPKXSidXt4AaABAg,@nickshepley2566,New top 👕,0,0,2024-04-20T17:19:07Z,2024-04-20T17:19:07Z
UgzqbqqaPuXylfI-cr94AaABAg,@milkiway2012,"Yo , I really like that hat .",0,0,2024-04-20T16:21:52Z,2024-04-20T16:21:52Z
Ugyed7yuTUTY93sYiOd4AaABAg,@MitchMeetings,My drake respect went up making sure the beef continues even though there is alot of thing to make fun of him about but he is not afraid. Cole backed out leaving him alone and still he wants it,0,0,2024-04-20T16:46:38Z,2024-04-20T16:46:38Z
Ugw5r4JcreCe6yibZ4Z4AaABAg,@Lillianeee,Sheeeeeeesh,0,0,2024-04-20T22:18:59Z,2024-04-20T22:18:59Z
UgzHWJR5NSs-EWIw3fJ4AaABAg,@shellibass6599,Aubrey Petty Boots! And I’m loving it!!! 🥰,0,0,2024-04-20T19:12:46Z,2024-04-20T19:13:19Z
Ugy4xPMEv2c8QH2lHxd4AaABAg,@leonardozambito2262,Boom 💥,0,0,2024-04-20T21:31:50Z,2024-04-20T21:31:50Z
UgyARB1m54I4C-H_VGt4AaABAg,@dionnesimpson6183,Drake is having a Super Bowl movement... he's the shiiit...,0,0,2024-04-20T17:46:56Z,2024-04-20T17:46:56Z
UgwVCrNFgTSLRpwFmr54AaABAg,@pilman85,"Funny how you called out the heater behind him, when Cliff said he heard a sample of another diss. You both seem to know another one is coming. Cliff is up on game like nobody else",0,0,2024-04-21T03:56:17Z,2024-04-21T03:56:17Z
UgzCnxslhTO0d8SmcIh4AaABAg,@StevensFuller2403,There you go Knox. I see you be sure to check out the Chris Brown Weak Link Quavo Diss too that one is crazy Brazy in other words for show.,0,0,2024-04-20T18:23:17Z,2024-04-20T18:23:17Z
UgwNEopyWJb-Z6X56mF4AaABAg,@beautyistifanus8794,Incredible thought by drake❤️‍🔥❤️‍🔥❤️‍🔥❤️‍🔥❤️‍🔥❤️‍🔥❤️‍🔥❤️‍🔥❤️‍🔥❤️‍🔥❤️‍🔥❤️‍🔥💥💯🔥,0,0,2024-04-20T20:09:35Z,2024-04-20T20:21:38Z
UgwhIHCOkXrU4Imxn7V4AaABAg,@JSilv3r,I think the “bowel moves” line is Drake getting in front of his stomach issues he said he’s been having. It would most likely come up in a response,0,0,2024-04-21T17:33:22Z,2024-04-21T17:33:22Z
UgzTS3FYNVIR-itGbbd4AaABAg,@xadrez1348,Intro song 🔥,0,0,2024-04-21T12:23:45Z,2024-04-21T12:23:45Z
UgxqhPS2Vzi5lfAi9xJ4AaABAg,@dailyvlogz3833,knox you should really react to weakest link by cb,0,0,2024-04-20T13:19:06Z,2024-04-20T13:19:06Z
UgzshyJcKCOeAZGn9zF4AaABAg,@phoenixproject9393,"Tbh never been a drake fan, but this shit was fire",0,0,2024-04-20T15:36:12Z,2024-04-20T15:36:12Z
Ugzs4Pc67-IZ3uH6iFh4AaABAg,@sethtrahan76,T Swift made a diss track for Kim K. She is the man,1,0,2024-04-20T13:55:46Z,2024-04-20T13:55:46Z
Ugwr-O33VW9wwXAXQf14AaABAg,@ThexAlien,Would be hilarious if snoop fires at Drake for using his and Pacs voice.,2,0,2024-04-20T13:32:16Z,2024-04-20T13:32:16Z
Ugw92-PQ2a9j_zxo5KN4AaABAg,@EthanT333,Bro no way this happens but imagine Drake dropped a whole album and he’s got a track for each person that’s dissed him,1,0,2024-04-23T00:06:39Z,2024-04-23T00:06:39Z
UgwVaV6T3_4yn2WxjpJ4AaABAg,@ContemplatedChaos,"Man, Drake has literally sponsored battle rap events with both Smack and Organic, respectively. I hope K. Dot is prepared for a long, turbulent ride.😬😮‍💨🔥🔥",0,0,2024-04-20T19:12:21Z,2024-04-20T19:12:21Z
Ugzfo1O_oMH0euPsU194AaABAg,@AmyGillett-e6v,❤❤❤,0,0,2024-04-20T12:57:18Z,2024-04-20T12:57:18Z
UgyoMSR7kSkbLxq4aN54AaABAg,@tat.fl0cker,🔥🔥🔥⚠️,0,0,2024-04-20T17:27:54Z,2024-04-20T17:27:54Z
UgzUi7Xe0vwnA-ebRy94AaABAg,@godspeedhero3671,I saw the Pac angle coming from a mile away. I even wrote some potential diss bars Drake might use. I did NOT expect him to put an AI Tupac voice on the track though! Dude is out here wildin'.,0,0,2024-04-20T18:16:28Z,2024-04-20T18:16:28Z
UgzsuhXH1RFN_0SJzn14AaABAg,@themilkman1942,chris brown's disstrack against quavo went crazy🔥,0,0,2024-04-20T13:09:05Z,2024-04-20T13:09:05Z
UgyR7j3743exBj_zgOR4AaABAg,@Slicksta,"Snoop really seen this shit and said ""I'm going back to bed, goodnight"" LMAOO",0,0,2024-04-20T21:55:00Z,2024-04-20T21:55:00Z
UgyJK3ql4Tzvnld7SDR4AaABAg,@LlFE,Drake feedin all the streamers now!,0,0,2024-04-20T16:23:11Z,2024-04-20T16:23:11Z
Ugx27wxTGCDaPCzXHLh4AaABAg,@Shaurya_Pant,Also do Cris Brown Diss,0,0,2024-04-20T13:01:11Z,2024-04-20T13:01:11Z
Ugz8TADay_Spxk55h594AaABAg,@manlissen85,You gotta react to Chris Brown Weakest Link (Quavo diss),0,0,2024-04-20T13:43:17Z,2024-04-20T13:43:17Z
Ugw3zKj2EyRAUf5f0Q54AaABAg,@thisisseven7,"“Drake step back up to the plate, Let’s see what you got.” (Biden commercial) 😂😂",0,0,2024-04-21T05:02:38Z,2024-04-21T05:02:38Z
Ugw525_D2rzH6TjiPn54AaABAg,@zipperdragongaming,"""quintuple entendre.. something I dont even understand - KDOT DROPPED - Kdot 2 - Drake 0",2,0,2024-04-30T19:18:23Z,2024-04-30T19:18:23Z
Ugwn6K4uNwmMdMZqxMZ4AaABAg,@wilfredbwalya6451,Drizzy was like fine cole  ...i will do it my self ..😅💀,0,0,2024-04-21T22:02:47Z,2024-04-21T22:02:47Z
UgwIYCtWVH-DuZ6pOM54AaABAg,@joab757,Always thought look what you made me do would be a great diss track,0,0,2024-04-20T15:10:38Z,2024-04-20T15:10:38Z
UgwfiW77rTwFrpT5STh4AaABAg,@Knight93King,Drake is a straight up menace the fact that he got a West Coast legend giving a motivational speech to Kendrick is insane,0,0,2026-07-06T19:45:51Z,2026-07-06T19:46:28Z
Ugz7P3Rk1JZ6AF0yXT54AaABAg,@digitalcreation907,"Drake probably hit up Cole after he dropped his diss and was like ""hell yeah boy, thats what im talking about, let me show you what I got cooking up"" and Cole heard this and was like ""nah, im out!"" 😅😅😅",0,0,2024-04-20T16:16:43Z,2024-04-20T16:16:43Z
UgxcXKsCFkkDxAP2sU54AaABAg,@drewraff4436,Were in golden era of hiphop 2.0,0,0,2024-04-20T18:44:58Z,2024-04-20T18:44:58Z
UgwwtGgZ_e5R8vtGIgl4AaABAg,@Link_hope,5 foot 5 this gotta be you🤣,0,0,2024-04-20T13:30:22Z,2024-04-20T13:30:22Z
UgyO12FzQBLPQRNb32B4AaABAg,@lrod8692,Yup....he was Thanos........a broke mans Thanos,1,0,2024-05-09T01:04:51Z,2024-05-09T01:04:51Z
Ugx-6Ct7iJRRKrBkiih4AaABAg,@keyonclay3908,We need  you to do weakest link it is the most disrespectful diss this year by far,0,0,2024-04-20T16:31:30Z,2024-04-20T16:31:30Z
Ugx9WMhmpsC8SltXZTB4AaABAg,@muradaqib9843,Drake took the ghostwriters to another level… hes now making ghosts rap 🔥🔥,0,0,2024-04-20T18:23:37Z,2024-04-20T18:23:37Z
Ugy25RPE8a4mbXpDmpN4AaABAg,@NotExplicable,You talking about me like I'm not in the room. Drake saying he hearing things.,0,0,2024-04-20T16:34:58Z,2024-04-20T16:34:58Z
UgxVyW1PBqjWHmXGQR54AaABAg,@darlaharrelson6487,Knox Hill was the first to do a double feature.,0,0,2024-04-20T15:42:32Z,2024-04-20T15:42:32Z
UgypiL2z96PoolUCgJR4AaABAg,@RoyalNatangwe,"kendrick said ""You're racing against the tortoise, pace myself it’s important""",0,0,2024-04-20T17:11:30Z,2024-04-20T17:11:30Z
UgxAw3WesexOV8weun14AaABAg,@fredsemuntu1533,"A bloody masterpiece, and snoops rap was on that beat so good. God gave us the last greatness in modern era, Drake and his music is God sent.",0,0,2024-04-20T17:01:17Z,2024-04-20T17:01:17Z
Ugz4MsypsblULlzyUmV4AaABAg,@nelly-dn5re,React to Chris brown diss on quavo,1,0,2024-04-20T12:55:03Z,2024-04-20T12:55:03Z
Ugzq1jIectKRkurp0gB4AaABAg,@koreyhilley8796,I’m not a big Drake fan but this is brilliant,0,0,2024-04-21T18:39:58Z,2024-04-21T18:39:58Z
UgxZuzrD3RCejPD65SB4AaABAg,@momjeansasmr,Part of me thinks they are all playing us with this. They know how badly we all want to see a battle. 😂,0,0,2024-04-20T14:18:58Z,2024-04-20T14:18:58Z
Ugzja4Nca-TuSJCZDs94AaABAg,@BoldDreadman,From Machoman to Bitchyqueen in 9 months... Damn,1,0,2025-01-27T12:02:19Z,2025-01-27T12:02:19Z
Ugx56jcTXI_srS9xWxJ4AaABAg,@sandman808,"Kendrick said ""Get up with me"" Well, Drake is up 😂",0,0,2024-04-20T16:02:05Z,2024-04-20T16:02:05Z
UgzahnAVHI-2aod2uxh4AaABAg,@hadidaiyoub8762,"knox can u react to rakim's R.A.K.I.M??
 its a criminally underrated song...please",0,0,2024-04-20T22:57:59Z,2024-04-20T22:57:59Z
UgyZCyC85dclc4IuCIx4AaABAg,@InspireImpactHQ,My respect to drake went up to 💯 after this response,0,0,2024-04-20T15:33:18Z,2024-04-20T15:33:52Z
Ugy6OWh86WQCKXOQ2It4AaABAg,@Tyler_Prob,imagine getting a lecture from the previous west side king who's dead... straight dis respect!,0,0,2024-04-21T16:15:34Z,2024-04-21T16:15:34Z
UgywGADyfXvWx-2TWat4AaABAg,@MillionTheKid,Yo Knox you should check out weakest link by Chris brown he snaps for real,0,0,2024-04-20T14:05:17Z,2024-04-20T14:05:17Z
UgwkkoepgS5SE7e2Qtl4AaABAg,@FlipLifeMedia,I was about to sub after watching but I had to double check you're not a Tom Mac fan first 😂🚩,0,0,2024-04-20T15:02:55Z,2024-04-20T15:02:55Z
UgxIL_AN0NcMps-Uf7R4AaABAg,@SpudHippo42,Please listen to the new Twenty One Pilots songgggsss,1,0,2024-04-20T13:48:29Z,2024-04-20T13:49:37Z
UgywsNvJvfz7yN0Qa2l4AaABAg,@66Spartacus99,"KFLOP response ""my confections of convictions of contraptions of depictions with prescriptions """,0,0,2024-04-20T17:13:45Z,2024-04-20T17:13:45Z
UgybvmYR7XxSdk-dtMZ4AaABAg,@7jaysomessiahson,He got a song I think it’s called with the homies I think Drake is kinda referring to that in snoop verse,0,0,2024-04-20T15:23:02Z,2024-04-20T15:23:02Z
Ugy-h8BXoqJUnMvbqcN4AaABAg,@itzcookingseason8071,"I like the concept. Using other voices artificially does take away from the diss. Pusha didn't need that when he defeated him. I get it, its a battle.",0,0,2024-04-20T15:01:24Z,2024-04-20T15:01:24Z
Ugw_AIftweVlL5fiJ0B4AaABAg,@xx1CRU,"This shit was kinda bananas😅 I'm also really interested in what Snoop thinks about Drake using his and Pac's voice in a battle. I wonder if Drake had to clear it with Snoop or if there is some different rules with the whole AI public domain thing..🤷‍♂️ But does this whole thing heating up make the Cole apology look even worse? If I remember correctly the shots were pretty much all at Drake, just some strays that included Cole.. Idk.. But I am loving the energy right now and I'm dying to hear the KDot response, whenever that comes, hopefully soon. But Drake is right, the longer we wait that shit better be nuts!!😅",0,0,2024-04-20T15:33:24Z,2024-04-20T15:33:24Z
UgzowHCnmA8DEBYxouB4AaABAg,@MultiBranden123,"Alright that was the news at 10, coming up next: Weakest Link by Chris Brown (Quavo Diss)",0,0,2024-04-20T13:30:45Z,2024-04-20T13:30:45Z
UgzeFvcCl_oh7Ew3nEx4AaABAg,@madelenejackson1542,The snoop AI voice didn't hold up all the way through. Interesting take.,1,0,2024-05-06T16:51:10Z,2024-05-06T16:51:10Z
Ugy1Kn3xaGLCkJYGeMd4AaABAg,@WARSTALGIA,Whats with the Death Row cosplay in the thumbnail? I guess he's not going full on MySpace duck lips for the diss track...,0,0,2024-04-20T17:01:23Z,2024-04-20T17:01:23Z
UgyUdOT2Y1QqmrWl5Hp4AaABAg,@alexanderv4631,Duuddeee You Have to React to Weakest Link By Chris Brown,0,0,2024-04-20T18:17:45Z,2024-04-20T18:17:45Z
UgzOCQ3YnwIYukcc-Xp4AaABAg,@Alloyd876,"We waiting on you ""me and my ghost writers""😂",1,3,2024-04-20T14:52:52Z,2024-04-20T14:52:52Z
UgyGKotEwhjHidadRfN4AaABAg,@ryancoffey9910,Wish cole came back with this determination 😭,0,0,2024-04-22T23:26:32Z,2024-04-22T23:26:32Z
Ugz71Sgc-FCQ2P8BZiN4AaABAg,@chivo2102,Okay THIS is a response,0,0,2024-04-20T15:22:07Z,2024-04-20T15:22:07Z
Ugye2z0njdhLx2waNJt4AaABAg,@rachardlogan5201,That moment Snoop hears of this and decides to join the fight...,0,0,2024-04-20T13:26:44Z,2024-04-20T13:26:44Z
UgwmfgR6RCkZOjmmmUJ4AaABAg,@runningchief,"Kendrick fans clutching pearls - in a rap battle, C'MON",0,0,2024-04-20T22:42:33Z,2024-04-20T22:42:33Z
Ugz7ktYCA9codPYwiVZ4AaABAg,@tinymooselette,"This remains one of the most stunning things in the battle. The pure arrogance of Drake, and the fact that he didn’t get immediately booted from the industry",1,0,2025-04-16T06:05:58Z,2025-04-16T06:05:58Z
Ugw_jkc3R7NfgyPOf4Z4AaABAg,@BrothermanDeservedforFree,Bring battle rap back 🤙,0,0,2024-04-20T13:32:22Z,2024-04-20T13:32:22Z
Ugx_CXCRbDOk2nQyM1t4AaABAg,@oresteperez8615,"Ok if this was done by drake, this dude got me turning my head on some you just gonna stand there like you don’t know what he doing",0,0,2024-04-20T15:02:06Z,2024-04-20T15:02:06Z
UgwE6Qv11EwLXcb997J4AaABAg,@bykyto,drake could drop a whole album of diss tracks at this point,0,0,2024-04-22T17:04:27Z,2024-04-22T17:04:27Z
UgybE3FEKHtac4Al2KJ4AaABAg,@jasseralvarez3107,Please break down the CB diss to Quavo!!,0,0,2024-04-20T17:14:18Z,2024-04-20T17:14:18Z
UgyCs0Vyqn0X5Coxtv54AaABAg,@reynaldogonzalez940,You gotta react to the Chris Brown diss to Quavo,0,0,2024-04-20T17:32:00Z,2024-04-20T17:32:08Z
UgyX2A2PpcCEUgTK1NN4AaABAg,@sixraider3344,Am I watching Johny Sins Having 40kg less weight 🌹,1,0,2024-04-20T13:38:58Z,2024-04-20T13:39:17Z
Ugylel_49Xmnj4sPgIh4AaABAg,@cheetos586,Are we going to ignore how hard the Snoop Dogg AI part was?,0,0,2024-04-20T15:18:32Z,2024-04-20T15:18:32Z
UgwfhbkwA-cfaLRhCIV4AaABAg,@marcosgin777,What a bad IDEA,2,0,2024-05-03T16:48:09Z,2024-05-03T16:48:09Z
UgyFin7PCtm1g9mQUDZ4AaABAg,@silverninja481,This shit is fun! Respect to Drake,0,0,2024-04-20T17:27:03Z,2024-04-20T17:27:03Z
UgyExvHH2_eN9Jtl0NV4AaABAg,@mpumelelodube9919,W for calling it football,0,0,2024-04-20T13:05:00Z,2024-04-20T13:05:00Z
UgwKlnC4xCelMkOWCS94AaABAg,@Lucifer-vf9sy,Ay Man U also need to react to dababy freestyle,0,0,2024-04-20T15:08:16Z,2024-04-20T15:08:16Z
Ugya9dqKfDaL9vkI_Zd4AaABAg,@whoiswakkie,"Hope the battle ends with music and not violence, these artists are too musically gifted to lose over some dumb shit.",1,0,2024-04-20T19:09:14Z,2024-04-20T19:09:14Z
UgyVknpbCylz_ilXVHd4AaABAg,@brytsness,Will you check out Breezy's diss to Quavo? Please do if you can,0,0,2024-04-20T13:20:28Z,2024-04-20T13:20:28Z
Ugyhrtlmc9MM8_bEGXB4AaABAg,@the.don__lu,Know please react to the quavo diss track by chris brown,0,0,2024-04-20T14:29:10Z,2024-04-20T14:29:10Z
UgygZXHcfX-DrJu2S1N4AaABAg,@owencopper789,My theory about why kendrik hasn't dropped a dis is because he might be on one of the songs In eminems new album and he might fire back on one of ems songs because they are in the same label,0,0,2024-04-21T19:52:55Z,2024-04-21T19:53:33Z
Ugy_hJpymAkFD-4W2Od4AaABAg,@michealcthompsonjr,"""I think Drake just cut in line.""  lol",0,0,2024-04-20T21:59:28Z,2024-04-20T21:59:28Z
UgzXqkKIxBy0h4FqV3d4AaABAg,@senseitionalgamer,Hilarious Diss,0,0,2024-04-21T00:02:21Z,2024-04-21T00:02:21Z
UgwZaffAthgxqEsHand4AaABAg,@crisisconverted,Knox I don't think you understand how respected you are in the culture.,0,0,2024-04-20T15:58:12Z,2024-04-20T15:58:12Z
Ugz15paUvkrsroeO_IN4AaABAg,@unkownentity,He is redefining the whole ghostwriter concept.. he is writing for 2pac's ghost.. 😉 smart,0,0,2024-04-22T16:36:13Z,2024-04-22T16:43:08Z
Ugwhzk-qVS5nragvZtx4AaABAg,@obi-two-kenob1,"I listen to all genres of music but I would call myself a metalhead, Hip hop is interesting to me and man I like Kendrick a lot because of the lyricism and rhyming schemes. I also don’t think Drake is on that level, you can call me a casual but these last two disses damn I gotta admit Drake is on the  lead with this one.",0,0,2024-04-20T14:27:21Z,2024-04-20T14:27:21Z
UgzpqLq9dyhTjYCWl5R4AaABAg,@untitled-u5v,"Drakes best diss will be the first one he wrote, I'm calling it! The nuke he's got was penned at the same time as Push Ups, maybe even before",0,0,2024-04-20T15:21:51Z,2024-04-20T15:21:51Z
Ugx6e93t1OhcvsOlANh4AaABAg,@evanscarter8668,Drake is on too something 😊,0,0,2024-04-21T00:20:06Z,2024-04-21T00:20:06Z
UgyqYiODzJMByhUsLB94AaABAg,@vxenb7091,"Knox check out CB's diss track to Quavo, it's hot!",0,0,2024-04-20T14:35:54Z,2024-04-20T14:35:54Z
Ugx7d9GW5qGnEI8GUyJ4AaABAg,@davidwisemanjr9286,Wow!,0,1,2024-04-21T09:41:30Z,2024-04-21T09:41:30Z
UgyQR54LxFqbATanhlV4AaABAg,@curtiszyr,NEH FI YOU ! 😂,0,0,2024-04-21T12:09:35Z,2024-04-21T12:09:35Z
Ugxm4kSOXOrvoHzNW0F4AaABAg,@pauldesrosiers5710,"Im canadian, but I'll keep it 100 i've never really vibed with Drake but I haven't really given him a fair chance after these diss tracks I'm amped to see what comes next from both sides as long as everyone keeps it on wax and don't let their egos get so hurt they do something stupid and reckless.",0,0,2024-04-20T23:27:50Z,2024-04-20T23:27:50Z
UgyFxZ3PDwbeOQrSgfl4AaABAg,@alexbeaudoin6678,you gotta react to chris brown weakest link,0,0,2024-04-20T13:54:45Z,2024-04-20T13:54:45Z
Ugwtz6NQFJJ66TjsS1x4AaABAg,@donev_,You have to react to Chris Brown's diss towards Quavo he just went in.,0,0,2024-04-20T14:45:50Z,2024-04-20T14:45:50Z
Ugx4hR9ZFk0QqcIZ5FR4AaABAg,@gagestone9489,React to a bar song by shaboozey,0,0,2024-04-20T13:17:24Z,2024-04-20T13:17:24Z
Ugy-76oDDlqbw5oT-nd4AaABAg,@slimreaper4937,There's no rules until someone gets hurt.,0,0,2024-04-20T14:30:45Z,2024-04-20T14:30:45Z
Ugwoml0RjOhfqIIfI6J4AaABAg,@Charles-qm3mo,Pac and Snoop are idols of Dot and the beat is a Dre type of beat who Dot was sign to. Genius,0,0,2024-04-20T19:17:51Z,2024-04-20T19:17:51Z
UgxENpMrDI07salhBAx4AaABAg,@kwasihill7233,“First one only took me an hour or 2” but it took you 2 weeks to drop. Plus you had to leak it first to check the temperature 🤣  He’s just trying to guilt kdot to drop off his schedule 🤷🏾‍♂️ Respect tho to the tactics  The tracks were dope af tho!,0,0,2024-04-20T16:28:55Z,2024-04-20T16:28:55Z
UgxWzTfQwzj0mDMmaZF4AaABAg,@baileyjones1854,It's obvious why cole didn't want to be a part of this. He loves these guys,1,0,2024-04-20T13:25:14Z,2024-04-20T13:25:14Z
UgwHj_8kOfga-LjG4oB4AaABAg,@frankdatank1972,Knox did you hear that the game wrote  the diss track .,0,0,2024-04-21T04:56:20Z,2024-04-21T04:56:20Z
UgxPCcm-IE_20rSmwBp4AaABAg,@thaaabs_,I wonder what snoop is thinking. Because this is like a feature you know?,0,0,2024-04-20T13:31:20Z,2024-04-20T13:31:20Z
UgyUPLvGwBAz2qQ3iFl4AaABAg,@Jjay-tw1yy,kendrick it’s time to come out and play!! or can you 😂,0,0,2024-04-20T18:07:47Z,2024-04-20T18:07:47Z
UgyT6-T-S38-ZtC5wWt4AaABAg,@christianjakobsen5249,"Uhh I was lucky to get 2 of the black limited edition caps, the white flex-fit cap was sold out, I was to slow, the black I will wear and a new second in stock for a later time, with the white Butterfly Effect sweatshirt as the top of the Blue Nike (side pockets) special version long leg fitting perfect together with the white Butterfly Effect sweatshirt with the best cap, I hope a later just as cool flex-fit cap is released the time the new album is released, I got the 2 latest special edition signed collectors albums, I hope the Chaos Theory will be released in a CD limited edition signed collectors album as well, we are some people with 30.000$+ sound systems, real entry high-end sound and we are the ones still collecting the artists we just want the better sound and we like to have the full collection of the artists we can feel and the album's is so cool to have, I might get the white Butterfly Effect hoodie as well, I just bought the caps and sweatshirt yesterday and I choose a hoodie when I know what one to buy 🤩🤩🤩",0,0,2024-04-20T16:58:20Z,2024-04-20T16:58:20Z
UgxjMvRkZ9Z1EeNb9fh4AaABAg,@godemperorofmankind3578,I think them breadcrumbs for how to diss Drake are subliminals for what he know about Kendrick,0,0,2024-04-20T15:02:06Z,2024-04-20T15:02:06Z
UgwpIq9XFO90jGhmTZ54AaABAg,@jasoncutts9866,Lil gwane Chopper check it out,1,0,2024-04-20T12:54:05Z,2024-04-20T12:54:05Z
UgzJLxevKrXigtwr6GZ4AaABAg,@jessicacastro7824,Hey everyone,0,0,2024-04-20T18:14:11Z,2024-04-20T18:14:11Z
UgwkqlOB1t4WnKd_Y3x4AaABAg,@licclodagreat,This was creative angle to take in this battle ...it's new and never been done before. Kendrick might be finished before this shit getting started foreal,0,0,2024-04-20T22:35:45Z,2024-04-20T22:35:45Z
UgynW4D-1fYGaxa_6uV4AaABAg,@resurrectedpa,No lie the only way Kendrick is winning this is if he drops another TPAB and just show that Kendrick is simply the better rapper.,2,0,2024-04-20T13:41:49Z,2024-04-20T13:41:49Z
UgxMYVLW6_Fbh4sVZdx4AaABAg,@NandeNgxola-ol8ur,React to Chris Browns diss to Cuervo cause others don't break it down to fully understand and appreciate like you do.,0,0,2024-04-20T19:54:57Z,2024-04-20T19:54:57Z
UgxaR_EhJgWVFDBKwSZ4AaABAg,@elpablo5463,"Kendrick better be cooking up some career ending , innovative , a ""yuck face"" maker track , exposing , bared out layerd diss 😤 cause Aubrey doing too much now 🔥 💀!!",0,0,2024-04-20T13:29:55Z,2024-04-20T13:29:55Z
UgzMUaReYyRy61Aggfd4AaABAg,@tylerloveless9293,We need Chris Brown - Weakest Link,0,0,2024-04-20T13:05:51Z,2024-04-20T13:05:51Z
Ugzm3xezEgx4QNMe8jN4AaABAg,@CertifiedSampleFairy,personally I like the Tupac AI,1,0,2024-09-17T19:21:52Z,2024-09-17T19:21:52Z
UgxOINdSAvPoimVjuo14AaABAg,@mzbrown6969,Snoop gonna be like how the f I get in this,0,0,2024-04-20T14:42:15Z,2024-04-20T14:42:15Z
UgyCYJ2ZWdVUHh4-bVJ4AaABAg,@debsworld9530,Baby when I tell you don't nobody want it with Taylor Swift. The Swifties don't just hand out bracelets😂 Them tweens be like that😂😂😂😂,2,1,2024-05-12T02:09:17Z,2024-05-12T02:09:17Z
UgxKaLpdsUZfa0i_Qal4AaABAg,@thebaidiereacts7649,Bro we been waiting for you,1,0,2024-04-20T13:01:16Z,2024-04-20T13:01:16Z
UgweIDwNykTuXNvnj_R4AaABAg,@BUSTAFELLA300,Waiting for Pac and Snoops reaction on this. Drake really killed it and mf is fearless af,0,0,2024-04-20T18:32:05Z,2024-04-20T18:32:05Z
UgycXyh3rDZ66Q38_kp4AaABAg,@TheNeonNinja,"um, I think KDOT scrapped his track after he heard that Whitney bar, then after this new clip for Drakes now THIRD diss coming out. He took it to, we fighting on sight bars.",0,0,2024-04-20T13:15:34Z,2024-04-20T13:15:34Z
UgyR-lX6KCGRLc5cs2N4AaABAg,@rb666-33,Hes using the 8 mile approach of self dissing to take all his ammo away,0,0,2024-04-20T15:04:52Z,2024-04-20T15:04:52Z
Ugy1WqzbaNgBEay4v0B4AaABAg,@TheGuitarislove,"Drake is playing 4D chess. He’s been ready for this, he was just waiting for Kendrick to send a direct shot. Interested to see what Dot has in the chamber",0,0,2024-04-20T20:45:57Z,2024-04-20T20:45:57Z
UgyYu7mLmKsQjO2Ar_F4AaABAg,@anthonydelarosa6015,Hill it’s 5:30 AM lol go head then.,0,0,2024-04-20T13:33:39Z,2024-04-20T13:33:39Z
UgyKAniZff1Rx0m84R14AaABAg,@leonardredwood1704,This is 🔥 i dont like the use of A.I. but damn this is 🔥 drake you are knoxhill certified 😊,0,0,2024-04-20T17:31:21Z,2024-04-20T17:31:21Z
UgwJjRauhmbVNrkrl8p4AaABAg,@Your_Average_Gamer_Fabo,Not a Drake fan but he's earned my respect unlike J fold,2,0,2024-04-20T15:28:02Z,2024-04-20T15:28:02Z
UgzRlm-mgQzQgJxqXG94AaABAg,@workoutwarrior3118,"This has got to be one of the most creative diss tracks ever… too disrespectful? Nah! It doesn’t bother me that he used Ai because he had a strategy.. I think this was brilliant… Drake using everything at his disposal.. 
This is what a diss battle is, KDot definitely needs to come in hot or it’ll be another soldier (JCole) down needing a medic..",1,0,2024-04-20T14:00:06Z,2024-04-20T14:06:21Z
Ugx8ZDu3pzFf56iqrmh4AaABAg,@melanatedhoneyb2084,KENDRICK HAS TO PUT XXX ON THE DISS...ASKING DRAKE THOSE HARD QUESTIONS...its the only way to move now!!!,0,0,2024-04-21T19:15:25Z,2024-04-21T19:15:25Z
Ugygr38vzk76erA92nF4AaABAg,@HenryAdule,I feel Kdot will reply when he wants to. He is actually saying I'm in control of this diss game and I'ma reply when i so want.,2,5,2024-04-20T12:56:44Z,2024-04-20T12:56:44Z
UgxKAZ0BKU9LsUa377R4AaABAg,@Fragmented_sins,"It's 420, so snoop is probably going to be like, "" Was i so high that i entered a rap battle😮?""",0,0,2024-04-20T20:50:19Z,2024-04-20T20:50:19Z
UgyITC3m2cVPS-gbvGJ4AaABAg,@mdpeterson23,K. Dot did not need to respond this week as Drakes diss song officially dropped two days ago and T. Swifts album dropped this week...however if he does not drop next week then dots strategy is off,0,0,2024-04-20T13:28:22Z,2024-04-20T13:28:22Z
UgwtykjeWA7AHVHYOmJ4AaABAg,@gelosky_nereo,I think Knox should have a good race as a rapper,0,0,2024-04-20T21:37:34Z,2024-04-20T21:38:08Z
UgwLXR7jbonH2oHZk6l4AaABAg,@theonlycolby,"Would be hilarious if drake had an inside man telling him what Kendrick was saying in his response, then this being the rebuttal to that so kdot has to rewrite lyrics. Most likely kdot is making an album tho, man is mia big time, probs working OT, gotta get them album sales.",0,0,2024-04-21T19:02:28Z,2024-04-21T19:02:28Z
UgxWYIBWAXVrzArAq954AaABAg,@jalenking2605,Anybody think Drake is sending slick threats with the mention of Kendrick wife on last diss and his location on this diss 👀,0,0,2024-04-20T15:36:29Z,2024-04-20T15:36:29Z
UgyVtc5FWXJiUYgLwdx4AaABAg,@SageTrader007,Snoop acting like he doesn't know what's going on on IG 😅 He already knew.,0,0,2024-04-20T20:38:43Z,2024-04-20T20:38:43Z
UgzIVTLOvidpfnMKPAd4AaABAg,@JustTravellingRound,"Unless this a moment where you tell us this not really you....


Hey j cole?? Lol",0,0,2024-04-20T13:23:55Z,2024-04-20T13:23:55Z
UgzX8HGKNhzImYxbO-h4AaABAg,@edllpattetson5043,They did dis with cyphers hill and ice cube😂,0,0,2024-04-21T22:51:17Z,2024-04-21T22:51:17Z
UgyMNJdVNGdxfjg4Gch4AaABAg,@nguyenthanhhai6725,"Nah, King K dot I am waiting for your comeback",0,1,2024-04-20T14:24:29Z,2024-04-20T14:24:29Z
UgwjIVCNpfTPrC8OQ-14AaABAg,@HyroTsugi,"If you think about it Kendrick looks up to pac and snoop Drake literally flipped the whole thing into a “pep talk” TROLL LEVEL 1,000,000,000",0,0,2024-04-20T13:54:16Z,2024-04-20T13:54:16Z
UgyWHpHiZfEXqLKXIKp4AaABAg,@hiddenvalleyranch775,Drake been callin' Dot's bluff!  Not even a Drake fan.  Where you at K?,0,0,2024-04-20T20:12:08Z,2024-04-20T20:12:08Z
UgynDrJanmdWYmRqow54AaABAg,@TxCstevo,From alleged ghostwriter to an actual ghost rapper,0,0,2024-04-20T14:34:04Z,2024-04-20T14:34:04Z
Ugzuhv-AV1fSCJwdDYl4AaABAg,@JoshuaZayas-ot3gr,"Feel like he has an insane diss track and he's using these runner up disses to get a response and as soon as gets the response he'll drop his ""secret weapon"" 😭",0,0,2024-04-21T01:05:47Z,2024-04-21T01:05:47Z
UgyK4IqgT5wh300wRxl4AaABAg,@siatha_lee3793,I wish he sent shots on Ross too and how the boss would have responded 😂,0,0,2024-04-20T17:19:53Z,2024-04-20T17:39:46Z
UgydTj7MVPGSv31X8Ol4AaABAg,@williamsummerson1204,"Kendrick went live and told drake to leave him alone, which tells me that kendrick isn't going to respond. I still can't wait for drake's next diss track. Knox is the professor for a reason. 🔥🔥",0,0,2024-04-20T21:52:44Z,2024-04-20T21:52:44Z
Ugzz3RKr7GGJPFHwep14AaABAg,@tiabecca-mason,"Rewatching all of these breakdowns. IMO, Kungfu Kenny gave Drizzy a running head start so it didn’t feel like a one-sided beat down. Little did we know the boogeyman was moving on another level. 

This use of AI just proves KDot’s point that Drake is appropriating West Coast culture without understanding it.",2,1,2024-07-05T22:01:18Z,2024-07-05T22:01:18Z
Ugy0es_0LLn_i3MT0rZ4AaABAg,@MrThankman360,"He used PAC and Snoop to not only slyly diss Kendrick, he used their voices to diss himself a few times as a way to preemptively declaw some angles of attacks Kendrick could use towards him in a diss later on. He pulled a B-Rabbit.",0,0,2024-04-20T15:37:54Z,2024-04-20T15:37:54Z
UgyPoKll97J5Gd7FKlp4AaABAg,@SatoruKiko2025,Imagine if J. Cole never backed down... Man this could've been a history in the making. And i wonder how K dot gonna respond to 2 giants in a game sandwiching him? 🤔🔥🔥🔥,0,0,2024-04-20T15:19:50Z,2024-04-20T15:19:50Z
UgzCk2JMSe3wU-KkdWF4AaABAg,@shaneoneil894,K Dot got picked out of a crowded room of Drizzy jumpers and got his head popped,0,0,2024-04-20T17:54:38Z,2024-04-20T17:55:07Z
Ugw0Xk4yyZiGCWgAGNZ4AaABAg,@curtiszyr,“talking loose like I’m not in the room” nah drake has something  for Kendrick fr fr 😂,0,0,2024-04-21T12:19:05Z,2024-04-21T12:19:05Z
UgyC-dloRXybcMs29Nd4AaABAg,@BIGdawg963,What was the intro song btw 🔥,0,0,2024-05-02T03:57:06Z,2024-05-02T03:57:06Z
UgzrZCaMDIwUGgpEHg94AaABAg,@srousell82,"I met drake in 06 in Edmonton Canada was free styling and handing out cds. Drake can rap and battle rap don’t take him for granted. He just stayed in his lane to
Make $$$$",0,0,2024-04-21T02:28:29Z,2024-04-21T02:28:29Z
Ugy6xOA3dXW00Xtztix4AaABAg,@GUNDAMWOLFPROJECTS,"Drake Became Shang Tsung on some MK shit.. Flawless Victory... This is GAME ( THE FUCK ) OVER...
CHECK MATE",0,0,2024-04-20T14:48:29Z,2024-04-20T14:48:29Z
UgxaFuzgeAKvYUP14kx4AaABAg,@jaydawg1213,"Its crazy how no one is catching ""shitting on you niggas from a whole different Owltitude(Altitude)"" bar. Drake actually spitting",2,3,2024-04-20T16:41:05Z,2024-04-20T16:41:05Z
UgyTTfG9yod8e8kD20F4AaABAg,@Thehouseoftatum,I’m a newbie here but I’m curious for you to touch on Chris brown and quavo Chris Odied Him. And Niki m since you mentioned Taylor does she have beef with Kim K?,0,0,2024-04-21T03:55:47Z,2024-04-21T03:55:47Z
UgzfS_7QYMv2g0DG1Mh4AaABAg,@pierrepastel,TOLD YALL TO STOP PLAYIN WITH DRIZZY 😤🤧🤬🔥🔥🔥🔥🔥,1,0,2024-04-20T15:54:26Z,2024-04-20T15:54:26Z
UgwdUFUPd5cDS_gPz514AaABAg,@Simply_Majestic,Ghostwriting for ghosts is crazy,0,0,2024-04-20T15:31:20Z,2024-04-20T15:31:20Z
UgwvA5fZA5K-KwbJYHZ4AaABAg,@MitchMeetings,"Funny thing is some of this may been true about Kendrick not having power to tell the industry i do what i want but after this beef he does, i bet anything he has torn of any chains restricting him, if they ever existed in first place.",0,0,2025-02-03T01:11:49Z,2025-02-03T01:11:49Z
UgxbCQMpzNiDShwKUxx4AaABAg,@rquiles4881,React to chris brown diss to quavo,0,0,2024-04-20T13:17:46Z,2024-04-20T13:17:46Z
UgzV1eMUvLUngW-NyB94AaABAg,@aubreysellssofl,Drakes flow in PAC’s AI voice is insane,0,0,2024-04-20T19:35:05Z,2024-04-20T19:35:05Z
UgwANs5dq0v9qZQjbwx4AaABAg,@numberthr333,I wonder what Snoop thinks about this track 🤔,1,0,2024-04-20T14:07:03Z,2024-04-20T14:07:03Z
Ugxu-uaesi1vsHGJJNd4AaABAg,@jeffstephen354,🤣🤣 drake took the K out the dot with this one,0,0,2024-04-20T16:08:45Z,2024-04-20T16:08:45Z
Ugyk5me8s8cgMZyk5hB4AaABAg,@mciranDV8,Rockness Monsta said it best. This is VEGAN BEEF 😅,0,0,2024-04-20T21:16:05Z,2024-04-20T21:16:05Z
UgzksYxli6mYUiPskxp4AaABAg,@kulturezm,Kendrick shook he scared to reply it’s over😭🤷🏽‍♀️,1,0,2024-04-20T13:01:06Z,2024-04-20T13:01:06Z
Ugy3aBYbxFegVm5vYet4AaABAg,@sirmakhoba1556,Drake is a prophet.,1,1,2024-06-11T19:27:49Z,2024-06-11T19:27:49Z
UgxC0tmUPd05y9C2CVt4AaABAg,@i_am_gohan9232,"Am I the only one who never needs a lyric breakdown, but just wants to see peoples reactions? Everyone thinks they know Hip-Hop so well.",0,0,2024-04-20T21:01:45Z,2024-04-20T21:01:45Z
UgzMKKdkJcz7wOP_gk94AaABAg,@This_Guy-,Ai of others i didn't like but drake is killing this rap shit I ain't no drake fan but am impressed,0,0,2024-04-24T07:58:00Z,2024-04-24T07:58:00Z
Ugz0KmTTmRLjUTuDtMV4AaABAg,@Jeffery911turbo,KDot palms are sweaty knees weak knees arms are heavy😂😂😂,0,0,2024-04-20T14:30:29Z,2024-04-20T14:30:29Z
UgyNlKaboT5wxIsNj-t4AaABAg,@markbalentine-w6d,"[Outro: Drake]
Yeah, shoutout to Taylor Swift
Biggest gangster in the music game right now

this is also related to this 

2 of Amerikaz Most Wanted by 2Pac

Track 6 on All Eyez On Me 
Featuring

Snoop Dogg attacking Kdots street crediability by saying he ain't gangster hes just moves when he told to move by his homies atleast thats how i intercept this line from Drake. also since its A I snoop dogg can be dissing him as well saying hes has no MC bars/verses hes just a wanna be rapper.",0,0,2024-04-20T13:18:01Z,2024-04-20T13:18:01Z
UgwjHneQVhjt92Bigqt4AaABAg,@josephsmith3785,He thought he wanted a response. LOL,0,0,2025-03-25T06:10:58Z,2025-03-25T06:10:58Z
UgyUasSB1erCy6MCP6N4AaABAg,@EDubbz17,Drake dropped again which is crazy but Chris brown and quavo beefing again too! Hip hop is amazing rn!,0,0,2024-04-20T13:42:40Z,2024-04-20T13:42:40Z
UgxzEuR9LXzu6Q_aukx4AaABAg,@jhinramgaming,And remember Kendrick had pac on mortal man at the end of the track and drake got pac at the beginning,0,0,2024-04-20T12:56:03Z,2024-04-20T12:56:03Z
Ugx07ffpWUtltZdJ7W94AaABAg,@nathandiggs9062,"IN MY EMINEM VOICE ""WHY TF I NEVER THOUGHT TO DO THIS""",0,0,2024-04-20T14:30:00Z,2024-04-20T14:30:00Z
UgzLRXfMQqVQdQqGm494AaABAg,@TheNeonNinja,"if Snoop cease and desists this through a lawyer, it would be a bit weak - but it would be also hilarious",0,0,2024-04-20T13:14:01Z,2024-04-20T13:14:01Z
Ugzc3hFsgr3qUu_xLwZ4AaABAg,@bruceleeroy2050,Drake is going full Art of War lol !,0,0,2024-04-20T21:02:06Z,2024-04-20T21:02:06Z
UgxwkSJrRlx_AIMfN8J4AaABAg,@justinsoto3329,Her and bad bunny,0,0,2024-04-20T15:31:58Z,2024-04-20T15:31:58Z
UgwDbkKwGAPaUIkD-fp4AaABAg,@ArtIsLifeninty,"Facts Knox. No Vaseline -  Ice Cube, Hit’em Up - Tu Pac. Do y’all homework.",0,0,2024-04-20T14:13:55Z,2024-04-20T14:13:55Z
UgyL7H8R2YkjYZw8JQZ4AaABAg,@3JohnJoker,🤣🔥🤣🔥🤣🔥🔥🔥🤣🤣🤣🤣🔥,1,0,2024-04-20T13:16:57Z,2024-04-20T13:17:15Z
UgyTx4nROXAw_LE1sqp4AaABAg,@nuthinbutbusiness,DRAKE cooked him!!! Wooooow 🔥🔥🔥🔥🔥,0,0,2024-04-20T14:30:31Z,2024-04-20T14:30:31Z
UgxhiUtqyRCGG0MAbm94AaABAg,@anaizbaugustin4056,"New respect for Drake, now i see why they put him in the top 3",0,0,2024-04-20T22:29:33Z,2024-04-20T22:29:33Z
UgzH7tlpgrUDfJQY4VV4AaABAg,@sven7037,Say what you want Drake is genius for this lol,1,0,2024-04-20T15:43:33Z,2024-04-20T15:43:33Z
UgxStyMek7-R4eidWtt4AaABAg,@kamus365,"What's crazy is Drake don't even like Pac like that... anyone remember the line: ""I didnt cry when Pac died, but I probably will when Hov does"" .. master level trolling here",1,0,2024-04-20T13:23:03Z,2024-04-20T13:23:03Z
UgxdoM6wieoaPXhb_eR4AaABAg,@0g_str8up,Y’all gotta give drake his props for this,0,0,2024-04-23T11:42:11Z,2024-04-23T11:42:11Z
UgzaWhgsHYSnLSBD17J4AaABAg,@calebhenderson6507,All the other people that diss drake: We still exist!,0,0,2024-04-20T13:40:21Z,2024-04-20T13:40:21Z
UgxV4MXoBgjqZs8Qem54AaABAg,@Not2Legit,Drizzy can care less about anything rozay say or do 😂😂😂,1,0,2024-04-20T13:31:07Z,2024-04-20T13:31:07Z
UgxI27JX6tj0ddu5fTx4AaABAg,@mukwesamwanza1511,"“Your arms might be too short to box with the God, who lives his life without the presence of a constant facade…” Pay attention to that last bar.",0,0,2024-04-20T23:20:18Z,2024-04-20T23:20:18Z
UgzIOLYWm6tHQ_yCxn14AaABAg,@lostmic,"See the thing is kendrick a smart dude there's no way he would've challenge J. Cole and Drake without knowing that he could win, he already said that he would kill his career to end both of them.. soo either Kendrick made a whole album distract on Drake or he got Eminem, Jay-Z, Nas on his track..... nah, knowing Dot.... nope... Kendrick broke the Internet last time, drake has still yet to break the Internet.....  all in all Drake my boy got Kendrick cooking in the microwave, like a frozen dinner heating it up right now.... cuz this sht🔥Let's Go.... Flame On Kendrick... Flame on, and cook this foold....🔥...🔥.🔥",1,0,2024-04-20T18:41:46Z,2024-04-20T18:47:52Z
UgwQThI_iyevLewNLJF4AaABAg,@marioavila4997,"I think Drake has been at the top for so long that at this point, we know he won’t ever be poor again in this life time and I have a feeling that pushing 40years old he wants to really put a dent in this hip hop shit forever. I’m from South central so KDOT is always gonna be #1 in my opinion but this is DOPE",0,0,2024-04-20T17:23:09Z,2024-04-20T17:23:09Z
UgxXIbEeN7MxgYuaMI54AaABAg,@FthC-ie4kg,Let them keep dissing each other the is only one winner 🥇 we gonna find it out.,0,0,2024-04-22T09:07:13Z,2024-04-22T09:07:13Z
UgwixNZXh5Rx9uMufNN4AaABAg,@mrs.g9825,Now you have to do chris brown 😂,0,0,2024-04-20T12:55:48Z,2024-04-20T12:55:48Z
Ugw9SEVY8p2wsiIF7HV4AaABAg,@abuwadie3,"There is no longer a  battle brother. In rap. Once you let your ops respond twice, you lost.",1,0,2024-04-20T15:06:37Z,2024-04-20T15:06:37Z
Ugw3k_qIq0MPKW2m2pF4AaABAg,@nadirnomad4589,I admit this was clever but lackluster. People keep forgetting Kendrick’s catalog and the heat he bring. Why would I rush to respond when your opponent is desperate for a response 😂,1,0,2024-04-20T15:49:08Z,2024-04-20T15:49:08Z
UgwQLfSUOxibb97jmap4AaABAg,@AdotUnfiltered,Now I’m not that mad that Cole left this shit finna get deep someone’s career is gonna get fucked fosho 😂😂,0,0,2024-04-20T15:06:29Z,2024-04-20T15:06:29Z
UgzZFQazTHgz-OkEklJ4AaABAg,@Gh0st-Kn1f3,Drake is forcing Kendrick to make a decision. Absolute power move,0,0,2024-04-20T16:23:45Z,2024-04-20T16:23:45Z
Ugy4ybTdl_JdvEGT44h4AaABAg,@eddyvargas5735,Kanye tried to warn them boys Drake strategy is like War,0,0,2024-04-21T18:22:25Z,2024-04-21T18:22:25Z
UgxmGWXUEqY2_4VKUzl4AaABAg,@siyann-dale22,"And now, we wait......",0,0,2024-04-20T18:56:19Z,2024-04-20T18:56:19Z
UgwZs4DL14sGTLyxild4AaABAg,@xolaningubane3014,Did he respond to Ross,0,0,2024-04-20T14:28:32Z,2024-04-20T14:28:32Z
Ugz8O6Mne01YFb7CPL94AaABAg,@wizooby,Taylor might be a double entendre . The games last name is Taylor and he officially passed on the TORCH to Kendrick after spearheading west coast for 7 years straight .,0,0,2024-04-20T13:32:24Z,2024-04-20T13:32:24Z
UgyEDXZBhHEwT931gm54AaABAg,@A_Hamoud007,"Why do I feel like this back and forth between Kendrick, Drake, and several other rappers is something planned?
Mentioning the names of companies, publishers, and producers suggests that it is something agreed upon between companies with the aim of increasing sales and interest, especially since the hip-hop market has been in recession for some time.",0,0,2024-04-20T13:14:37Z,2024-04-20T13:14:37Z
UgwuxJJWGtlbz6cw8BN4AaABAg,@tasikiwiki2024,Taylor made = tailored freestyle. Double meaned that.,0,0,2024-04-21T17:14:48Z,2024-04-21T17:14:48Z
UgyqA94jNXOCdU6SEKh4AaABAg,@DRGreenThumb127,Kendrick going to wait for Ryan Garcia to lose tonight and come out with a diss track called Devin Haney.,1,0,2024-04-20T13:09:39Z,2024-04-20T13:09:39Z
UgzuocKvA6ySeUoY9rB4AaABAg,@SH-iz6ig,This is much more potent than Push Ups. Rooting for K dot but Drake is really handling this beef excellently so far,0,0,2024-04-20T21:57:43Z,2024-04-20T21:57:43Z
UgzU4tm_Y8AZUvp_mbh4AaABAg,@RUTHunterr,"Even tho it's ai , it's really great to hear pac",0,0,2024-04-20T17:29:24Z,2024-04-20T17:29:24Z
Ugy8BmQbxZMi_wxiVHd4AaABAg,@WishTheBeat,Knox still refusing to say Dotta's name,0,0,2024-04-20T13:35:12Z,2024-04-20T13:35:12Z
UgwnuskMxbjEY1_Mn_F4AaABAg,@saint4958,"I’m a cole fan, and when he bowed out we all took the L that Kendrick fans were ready to give us but looking at them trying to cope because they couldn’t imagine drake out playing their guy is just funny 😂😂😂I guess drake is really the BIG ME",0,0,2024-04-20T15:21:02Z,2024-04-20T15:21:02Z
UgwfyYA6dIUryQIBCst4AaABAg,@TheNewDaPhonz,"You said it took drake a week to respond. 

It took him 3 weeks bro to repond to like that. Then when he dropped push-up, he didnt claim his work. He put 3 different versions. He just put out officially yesterday or the day before.",0,0,2024-04-20T19:31:16Z,2024-04-20T19:31:16Z
UgznC-hlMGAgqzx6GTB4AaABAg,@Theunassumingidiot,"Funny to me that Drake referenced the Messi and Ronaldo LV chess game picture. Drake dissing Cole also since Cole was so quick to say it's just him and Drake but now Drake is like it's just him and Kendrick in that picture and I'm sure he thinks he is Ronaldo and Kendrick is Messi. However,  Messi ended up winning the world cup so I don't think Drake wants to make that comparison",0,0,2024-04-20T16:22:55Z,2024-04-20T16:22:55Z
UgxXCcntRY-1w88BRdN4AaABAg,@KixMusaid,Lmao you can tell it’s Drake flow that’s what makes it so funny,0,0,2024-04-22T03:39:16Z,2024-04-22T03:39:16Z
UgwPhd9JJG-FI2729md4AaABAg,@nuncoart6000,Lol Kdot used a feature to start this battle and Drake used two songs that took 3 weeks to respond. I have to give credit to Drake cause this is creative by him. He learned how to battle after getting bodied by Pusha T.,0,0,2024-04-20T18:56:14Z,2024-04-20T18:56:14Z
UgziMC21qTj_iLXv7Xp4AaABAg,@nikolaytodorov7270,listen to the Ye REMIX KNOX  great video,0,0,2024-04-21T09:24:29Z,2024-04-21T09:24:29Z
UgyZVJuHO80QQF3WRMt4AaABAg,@josephodighibor2456,He is king of the dot 😂,0,0,2024-04-23T18:38:46Z,2024-04-23T18:38:46Z
UgwOTWvzhvOTWzv9xlR4AaABAg,@kenzo_lee,"This was heat 😮‍💨 … Quick question tho, who tf listening to Taylor ? I’m genuienly curious 🥹",1,0,2024-04-20T14:18:03Z,2024-04-20T14:18:03Z
Ugz9vPxAE0TSYcMgQHF4AaABAg,@coreyg638,"Drake the ultimate troll, they say he has ghostwriters so he writes for a ghost!",0,0,2024-04-25T01:54:29Z,2024-04-25T01:54:29Z
UgwBWH4FuWfkyud01I54AaABAg,@danteroyster5761,This is Drake's version of 8 Mile...He is making it harder for K. Dot to attack.  Self Depricating himself leaves fewer ways for Kendrick to attack,0,0,2024-04-21T20:56:27Z,2024-04-21T20:56:27Z
UgyMqO6FoDaRXVwC97F4AaABAg,@KungFuKevvy,Gotta give it to Drake. I didnt really like Drop and give me 50 but this is well made. Wonder if Snoop okayed this or if he has an opinion on this,0,0,2024-04-20T16:09:14Z,2024-04-20T16:09:14Z
UgxQQ4isC1mS3reKqHR4AaABAg,@teepssenju3411,This why we watch you Knox. You the goat,0,0,2024-04-20T13:15:17Z,2024-04-20T13:15:17Z
UgzyfZb4W0X8dLhVRpx4AaABAg,@JoeYo77,I was like football? Brady and Montana played chess?,0,0,2024-04-22T21:54:06Z,2024-04-22T21:54:06Z
UgxLHJZIJuRuq6Ws_yR4AaABAg,@jamesinlow5430,The bow move means everyone will bow to drake but he also shitting on them,0,0,2024-04-20T13:21:17Z,2024-04-20T13:21:17Z
UgwAhfwFYqM1z9Hf1CN4AaABAg,@Plotamor,"Yo Knox, I was wondering if you could address the current situation where everyone suddenly after Drake's a** after Like that.

Do you think it might have foiled Kendrick's plan in a way?",0,0,2024-04-30T12:35:29Z,2024-04-30T12:35:29Z
UgyAyNMl7xIJ7A2_njx4AaABAg,@realitycheck12em,"Now that I’ve heard this a couple times, I just realized he brought in Taylor to have Kendrick say something about her, which would lead to more possible drama for the swifties, dayum this fool really making business moves to have another fan base attack him “IF” he says something that sounds like a shot at Taylor.. wow. 🤯",0,0,2024-04-20T14:38:00Z,2024-04-20T14:42:07Z
UgzEhFvUOZ7PjGCjRnd4AaABAg,@johnnywishbone974,THIS 💩 DIDN'T AGE WELL 😆😂🤣😂🤣😂🤣😂🤣😂🤣 Even had Knox lookin' like a rider! 😭😭😭😭,2,3,2025-03-31T22:27:15Z,2025-03-31T22:27:15Z
Ugz26x4TMBNMWVSqxjl4AaABAg,@remster00,Cole looking like the genius,0,2,2024-04-20T13:26:22Z,2024-04-20T13:26:22Z
UgzPW_khMsHd1DvUVnB4AaABAg,@epenies,"Putting K against a wall and making him blow a gasket might just awaken the real kraken after all. K can take all the time he needs in my book, as soon as the wait is worth it and he comes back with that mastered Ultra Instinct.",0,1,2024-04-20T17:05:13Z,2024-04-20T17:05:13Z
Ugx3EhzSnY8lAfiSk0Z4AaABAg,@vamp_blox09,"I do not agree with the use of AI in this fashion at all. However,  the bars are hard af. Even just implying Pac and Snoop could say this is mental warfare. Drake knew exactly what he was doing.",1,0,2024-07-22T14:45:26Z,2024-07-22T14:45:26Z
UgyuyIYWz8DLDrCanFJ4AaABAg,@dallasj8851,"Then watch everyone jump back of drakes pause, when Kendrick drop.",0,0,2024-04-21T02:07:36Z,2024-04-21T02:07:36Z
UgxsFcjNd7B-AJ3-aVd4AaABAg,@brandonwhite6988,Drake done created something new for rappers to start doing AI,0,0,2024-04-20T15:53:11Z,2024-04-20T15:53:11Z
UgwwSw3kf7qr0vZOk2N4AaABAg,@HeyHype86,Drake is showing why he's the Goat!! Drake Haters will have to acknowledge Him as the Goat after this is over.,0,0,2024-04-20T18:35:17Z,2024-04-20T18:35:17Z
UgzixrcfNAABHqnwXXF4AaABAg,@KripThaDon,Why are these disses not uploaded to thier official artist page🤔🤔,0,1,2024-04-20T19:40:24Z,2024-04-20T19:40:24Z
UgzlWfIuGUCSSG4K5ZJ4AaABAg,@Hustlnhitman,YOOOO DRAKE ON HIS SHITTTTTT 😭😭😭😭😭,0,0,2024-04-20T15:51:25Z,2024-04-20T15:51:25Z
Ugyqg1RfrRSW4X9R3JV4AaABAg,@Jjay-tw1yy,owl AI,0,0,2024-04-20T18:03:47Z,2024-04-20T18:03:47Z
UgxMh_TxdMmT3u4iXOh4AaABAg,@disponiblehudson,"I know k dot  going use one stone kill 3 birds, First the owl which is Drake and the 2 dis track drake drop. 😂😂",0,1,2024-04-20T15:34:17Z,2024-04-20T15:34:17Z
UgzRD2oektpUgCpIiw94AaABAg,@Willdreynolds870621,This beat is so damn nasty. GYAT!,0,0,2024-04-20T13:57:38Z,2024-04-20T13:57:38Z
Ugxr-uSSyToycUHD5CB4AaABAg,@Namluss420,Wait for it. Snoop is about to drop a hard diss on Drake. for Drake using his voice.,0,0,2024-04-28T18:32:16Z,2024-04-28T18:32:16Z
UgxF00BVW0rsbt8Ac-h4AaABAg,@Malix-Farwin,Some ppl who do not understand how AI voice works think the lyrics and everything were done through AI however thats not true. The lyric and verses were all rap'd by drake and all he did was mask his voice with the voices of 2pac and snoop. Think autotune but on a bigger scale.,2,1,2024-04-22T13:06:06Z,2024-04-22T13:06:06Z
Ugw_g8WhE5vm97JM5Dd4AaABAg,@Deltaaaaaaaaa,I always thought it was funny that West Coast Jesus is a dude that grew up squarely on the East coast.,0,0,2024-04-20T19:55:29Z,2024-04-20T19:55:29Z
UgwUaR9NfqPsoQHtZA14AaABAg,@alraywilson3325,Man if it's coming to this I think  J. Cole will be looked at different once this is all over. Because believe me it's going get much serious now.,0,0,2024-04-20T14:35:36Z,2024-04-20T14:35:36Z
UgwmTGB7RTOp9k5cFPp4AaABAg,@Dark0niro,"Drake is legit going on a full on campaing lmao. He sent a small marching band in front of a club for Metro, invited Rick's Ross Ex to one of his concerts and copying merch style of A$ap Rocky. This man wants war",1,0,2024-04-20T13:34:08Z,2024-04-20T13:34:08Z
UgyrCA3QobuN3IoUB9J4AaABAg,@Birdperson65,Y’all ain’t heard bump heads or Halie’s revenge from Eminem yet,0,0,2024-04-20T21:20:22Z,2024-04-20T21:20:22Z
Ugw9mLxaq2Y8f5yDd1V4AaABAg,@Bhard510,Whatever y'all think of Drake He's Definitely not Running and hus wordplay has always been top tier and clever He's showing everyone He's wants ALL THE SMOKE,0,0,2024-04-20T17:40:59Z,2024-04-20T17:40:59Z
UgxnFsE8A_yUZCUHQK54AaABAg,@theoriginalkilox7592,KDot is a sucker for not responding.,1,0,2024-04-20T13:46:42Z,2024-04-20T13:46:42Z
UgyzDng1QdM8318QYxd4AaABAg,@theThaly,I feel like it also goes further cause Snoop also used AI to bring back Tupac before.,0,0,2024-04-20T23:54:31Z,2024-04-20T23:54:31Z
UgxxeJYdLPf7ykx6n7h4AaABAg,@aakashbrahmbhatt294,Great chess move by Drake. Now if kendrick team were thinking of leaking the diss track like drake they now have to acknowledge the track beforehand. Because AI tracks have muddied the water.,0,0,2024-04-20T12:55:58Z,2024-04-20T12:59:48Z
UgxUUo4nhMbWQbFg-C54AaABAg,@pabloescobar4029,Nah Drake got my respect forever now,0,0,2024-04-20T17:41:41Z,2024-04-20T17:41:41Z
Ugwa2RSQQh4JwyxlvEB4AaABAg,@vegetabletube7061,Drake going to use Michael Jackson A.I. next😂,0,0,2024-06-27T06:13:05Z,2024-06-27T06:13:05Z
UgwbdDZtxTnRUxcJBeR4AaABAg,@madhatten5123,Drake is a diabolical genius.  He has evolved to 50 cent levels of petty and I’m here for it.,0,0,2024-04-20T23:04:15Z,2024-04-20T23:04:15Z
Ugz3AOdUf-cCS8n2ZKJ4AaABAg,@Jjay-tw1yy,drake kinda looks like jinder mahul in this pic,0,0,2024-04-20T18:02:23Z,2024-04-20T18:02:23Z
Ugwq5MWRoWE5YwcW9zp4AaABAg,@MrLiverpool424,CAN HE EVEN DO THAT LEGALY??,1,0,2024-04-20T23:37:42Z,2024-04-20T23:37:42Z
UgxqhNMvQhKPwf3tVpd4AaABAg,@tributesmediaco,Drake wrote  as Tupac ghost writer lol,1,0,2024-04-20T17:05:18Z,2024-04-20T17:05:27Z
Ugy3h2CkrbccAsRGlkV4AaABAg,@itzhaearu109,drake definitely hidin something he too confident lmaoo and the fact that he technically did 3 switches that dot is talkin about what a troll lol cant wait for DOT response in 2028,0,0,2024-04-20T14:10:47Z,2024-04-20T14:11:45Z
UgwQ5VD6JILwbLHXJyd4AaABAg,@kdess001,"Kendrick: I'm the second coming of Pac. 

Drake: Ok, hold on quick. 

Man this trolling is on another level🤣🔥🔥",0,0,2024-04-20T20:29:33Z,2024-04-20T20:29:33Z
UgwBxNa8mtcVmRmXfNh4AaABAg,@tarledamanley2832,"I don't think he stole Snoops flow that ""Right"" was reminiscent of his flow on Problems ""You know you only do that for me. Right. Right? Double checking on ya""",0,0,2024-04-20T13:56:05Z,2024-04-20T13:59:31Z
Ugzuopnu-Q-7Fou0wtF4AaABAg,@cool_boi777,i’m sorry bro the part where he said that Tupac just left the hospital and he still alive that shit got to be real funny RIp 2puc,0,0,2024-04-20T18:21:19Z,2024-04-20T18:21:19Z
UgyuKFl8F5XVxmunV6d4AaABAg,@unkultured88,Remember when rap beefs were decided in the streets and not college dorms?,0,0,2024-04-20T15:21:21Z,2024-04-20T15:21:21Z
Ugyq7hLebmwHj487dmB4AaABAg,@Culperistic,"I didn't even catch the basketball meaning until just now. Post up without an idea on what to do. Posting up in basketball is having the ball wth your back to the hoop. If you're sitting there like that it's just boring the audience. And in basketball there's also a shot clock so it's wasting time and risking a turnover without shooting your shot.

But Drake says he's going around the lane and shitting on people from a different altitude. He's taking about driving through the middle of the court and dunking on people. 

It's kind of a metaphor for Drake's double response to Kendrick and Kendrick's silence so far.",0,0,2024-04-21T17:53:45Z,2024-04-21T17:53:45Z
UgxZW6fpffl2MYLaaXd4AaABAg,@ErinJeanette,"The ""sensitive"" dudes are going the hardest I guess because they have emotions and REAL passion.",0,0,2024-04-23T23:26:44Z,2024-04-23T23:26:44Z
UgyEpazITOQiYHt3KuZ4AaABAg,@dopeyrelaxingsounds8607,"I think the biggest gripe amongst Kendrick fans and Hip Hop fans with this whole beef is, and I can't speak for everyone, but the J Cole/Kendrick ""beef"" was from a place of competitiveness. Show me in a clever way that you're a better rapper than me, punchlines, metaphors, similes, entendres. However, the Drake/Kendrick BEEF is not about the competitive element of Hip Hop as much, it's more about getting personal and disrespectful, and Drake made it that. I thought this was J Cole's fault, but Drake was going to reply with something like this regardless of what J Cole did. I still think Kendrick is going to destroy Drake, but I also don't want to see this BEEF being taken outside of rapping. I don't wanna see one of my favourite rappers getting hurt over some petty shit, but Drake took it there and now here we are. Waiting for Kendrick's response.

P.S. And Drake's diss is Hip Hop, it's just 70% personal 30% competitive over 100% competitive.",1,1,2024-04-20T16:24:40Z,2024-04-20T16:26:46Z
UgxC-sgOgth9PtcLsFt4AaABAg,@Mr.C.88,Props to drakes ghost writers,0,0,2024-04-23T07:59:50Z,2024-04-23T07:59:50Z
Ugzx7o8fdJ5ZGSEXIll4AaABAg,@racingtegnsilver8909,I don't care for Drake but I like diss tracks and this was great.,0,0,2024-04-20T19:08:33Z,2024-04-20T19:08:33Z
UgyGLsZgd_zeMDqtRap4AaABAg,@Champ1up,This one more meh than the 1st track.  But Drake getting points for trolling tho 😂.  Kendrick we need ya,2,0,2024-04-20T13:06:40Z,2024-04-20T13:06:40Z
UgxgcyhEe8EP3Xybp3J4AaABAg,@Evan-dm3si,Drake scared for his life dropping all this shit so damn fast. Kendrick is a wordsmith can yall mfs pipe down and wait on it,2,2,2024-04-20T13:49:33Z,2024-04-20T13:49:33Z
UgxbafUOYTsT48B-a8x4AaABAg,@TatumIsSports,"“Taylor swift is your new top” is that a triple? Top boss, top dawg and in a relationship with two men, the top does the work in the bottom.",0,0,2024-04-20T21:01:14Z,2024-04-20T21:01:14Z
Ugx8JN9su3FYqI4Uo854AaABAg,@charlieeggy9004,"I'm saying that as a huge Kendrick fan: Drake is COOKING KDot, he is bullying him, dissing him and disrespecting him in a very smart and direct way 🔥 absolutely FIRE, that was a genius move! 
It's a fiiiiine tiiiiime for hip hop! Gaaaawwddaaaayum!",0,0,2024-04-20T16:48:15Z,2024-04-20T16:48:15Z
UgypZkh9W9y2DMt0XIp4AaABAg,@satriabagaskara4198,"this the guy that did the ""do yo thang 21"" right? am i hearing right?",0,1,2024-04-20T13:27:51Z,2024-04-20T13:27:51Z
Ugz3MivMfZj1xuEABqJ4AaABAg,@xxac3zn8zxx87,I feel bad for the Kendrick fanboys because they really think he boughta go off against Drake but he most likely gon duck and hide like he BEEN doing since the first time he really tried to start something like this💀,2,1,2024-04-22T19:00:44Z,2024-04-22T19:00:44Z
UgxCfDfYyuMryBJC2UB4AaABAg,@luisnava5416,How much did drake pay to use tupac and snoop likeness and essence?,1,0,2024-04-20T14:44:33Z,2024-04-20T14:44:33Z
UgwsEeH94GYHAUbzZiZ4AaABAg,@reno_flow,Bruh Drake's next beef he boutta start writing a diss a day like it's a 9-5,0,0,2024-04-21T00:02:46Z,2024-04-21T00:02:46Z
UgxQZHrCHPiqku8oX2x4AaABAg,@ccbaker88,"Drake like “why am I paying for ghost writers, when I can have AI write and record for me” 😂",0,0,2024-04-20T16:54:37Z,2024-04-20T16:54:37Z
UgyrJ_-YMZGffOlhiG54AaABAg,@joyboy_eon5932,Kendrick better go crazy 😅,0,0,2024-04-20T13:18:37Z,2024-04-20T13:18:37Z
Ugwl5oh9F_QoJS4O_aN4AaABAg,@MoJoNinjaGarage,"Yo Knox, please tell me you will react to the Chris Brown Dis!!!!!????",0,2,2024-04-20T16:47:59Z,2024-04-20T16:47:59Z
UgxudRW80Q7_clzQxbB4AaABAg,@spandanleuva,"In first AI pac verse he's saying ""me and snoop in house of blues"" and in the second verse snoop saying he was with kendrick so i think drake did something there

(Hope you guys get what i am trying to say here)",0,0,2024-05-04T19:44:41Z,2024-05-04T19:44:41Z
UgzFWgnURdyDRLGdqgp4AaABAg,@knighthawk12341,He’s also making fun of that whole ai narrative. That’s why he posted it on his Instagram and Twitter so there was no question it was real. Also it’s not on DSP’s,0,0,2024-04-20T19:40:18Z,2024-04-20T19:40:18Z
UgzqlPPQPgwNR_CENJJ4AaABAg,@michaelyoung1423,But snoop is still alive we need to hear from snoop,1,0,2025-03-30T22:23:05Z,2025-03-30T22:23:05Z
UgwDesQaS4h5M5u2kEF4AaABAg,@camronrandles6588,Hey Knox you didn’t react to Kendrick’s owl hunting,0,1,2024-04-20T16:48:40Z,2024-04-20T16:48:40Z
Ugxo6EdYm-m4655cJgp4AaABAg,@B1V5Y3S2,"Meanwhile Breezy just blew Quavo away,pun intended. what a week",0,0,2024-04-20T14:36:19Z,2024-04-20T14:36:19Z
UgxJdxcZxzvKiBDnsVJ4AaABAg,@Markerman_642,I guess I think all this stuff is kinda stupid but I’m not really in the game of Rap. But I just really like Knox he is so entertaining about his knowledge that I just want to hear what he has to say. Even though I don’t give 2 F’s what the Artists are doing or saying.,0,0,2024-04-20T23:16:19Z,2024-04-20T23:16:19Z
UgyLZ-QX2Dh0lpqKD7x4AaABAg,@marcust6479,Kendrick need to enlist the services of Quinton miller.. sorry i mean the ai Quinton Miller,0,0,2024-04-20T18:49:16Z,2024-04-20T18:49:16Z
UgwbtecPXj8jugtrtHN4AaABAg,@user-mjc,Imagine if snoop decided to actually hop on a track with someone. That would be a moment.,0,0,2024-04-21T03:38:20Z,2024-04-21T03:38:20Z
UgwGyUCJYX1XPyESaph4AaABAg,@ErinJeanette,It's still so incredibly ridiculous to me that kendrick said he's the second coming of Tupac because he came to him in a dream.,0,0,2024-04-20T14:16:55Z,2024-04-20T14:16:55Z
UgzwEntHSV8rDBSfi_l4AaABAg,@armandovanas,Kendrick still not reply wtf no men,1,0,2024-04-26T16:07:48Z,2024-04-26T16:07:48Z
Ugw4W0lEu9zp1VOMVKl4AaABAg,@Aadil_Maky,Listening to these diss gotta miss how hard MGK and Em went.,0,0,2024-04-20T13:11:12Z,2024-04-20T13:11:12Z
UgwKg4u3G-0vUaNCt9p4AaABAg,@WesleyParksTTV,If snoop doesn’t come out and say something to Drake then Drake really might be more loved out there in LA .,0,0,2024-04-20T13:47:34Z,2024-04-20T13:47:34Z
UgyMTHVWH6G5ke96rV14AaABAg,@redline8314,The AI of Pac isnt even Pac. Pac had so much emotion when he hit the mic. Never to be duplicated. The only one close was DMX! Us Pac niggas know when Pac speaks.,2,7,2024-04-20T14:58:42Z,2024-04-20T14:58:42Z
UgybOFjl6YdvrcaXs3F4AaABAg,@vickiemotley5509,"DAMN DRAKE YESSUH 🔥 🔥.  N I like Kendrick, but Ken, u shudda left him alone.",0,0,2024-04-21T18:25:12Z,2024-04-21T18:25:12Z
UgxSgrSZsiZHF7kn4Up4AaABAg,@stevenbutler6936,Damn...Drake must've hired a slew of new ghostwriters to pull this off 😂😂,0,0,2024-04-21T22:02:55Z,2024-04-21T22:02:55Z
UgxJFp8-zytOR3PQsc14AaABAg,@StevensFuller2403,God oh mighty we in the hologram now Kanye just remixed like that,0,1,2024-04-21T01:23:45Z,2024-04-21T01:23:45Z
UgzaIh-R9qCKCnQEhEJ4AaABAg,@WesleyParksTTV,Pac and Snoop in Kendrick top 5 lmao but besides that I have a very strong feeling that Kendrick will respond with a music video/short film… after Swifts first week sales are n the books,0,0,2024-04-20T13:42:12Z,2024-04-20T13:42:12Z
UgyrQYLuCPCOSNrkTYZ4AaABAg,@ChrisOthniel,people talk like drake has never had a battle... kdot is a great rapper but don't count drake out...,0,0,2024-04-21T15:09:29Z,2024-04-21T15:09:29Z
Ugz-43LcsgFZzC9kgB54AaABAg,@OK25000,Drake calling other people corporate industry puppets😂😂😂what a self-own,0,0,2024-04-20T18:11:24Z,2024-04-20T18:11:24Z
UgxuYSHc7VpkdAqHP5N4AaABAg,@depthspektre,This diss track was in 5D,0,0,2024-04-20T20:20:22Z,2024-04-20T20:20:22Z
UgzCsSXoNbzjAfF1lhh4AaABAg,@EddieBrozKY,I want to apologize cuz I get your angle now,0,0,2024-05-01T19:09:33Z,2024-05-01T19:09:33Z
UgyvEo1YNOdVR9rEcCd4AaABAg,@magilas8485,Ghost writers AND rappers 😭😭😭,0,0,2024-04-21T01:23:27Z,2024-04-21T01:23:27Z
UgyDwWe2y2WWXIZ_pbh4AaABAg,@phantaowl8907,"My favorite part about this diss is that he is flipping Kendrick's The Heart part 5, but instead of the face changing its the voice. Lethal",0,0,2024-04-20T15:28:30Z,2024-04-20T15:28:30Z
UgwPXbfx6x8ncVtvnzF4AaABAg,@xolaningubane3014,Drake spamming the taunt button,0,0,2024-04-21T09:14:49Z,2024-04-21T09:14:49Z
UgyjV8_HsvtRkM2d_jN4AaABAg,@johnsantavicca5016,"Is your DRYER in that room?  A groundlift for your Guitar Amps in the separate room.  In Hindsight,  I told you my swing needs calibration. 24:41 line your heels up!",0,1,2024-04-20T14:54:44Z,2024-04-20T14:54:44Z
UgyqJ8DJfMUfIvibrwJ4AaABAg,@_mellowwriter_,"Team world cup, sneak diss on 7😂",0,0,2024-04-20T21:25:32Z,2024-04-20T21:25:58Z
UgxrJIWB_sytVHoB8MV4AaABAg,@Chowderr2raw,Ovo krew thought I told you,0,0,2024-04-21T11:32:25Z,2024-04-21T11:32:25Z
Ugy9S0d2AU771sU_Clx4AaABAg,@bryannov9068,"that “taylor is your new top” also kinda sounds like Drake is saying Kendrick is a bottom, which is funny especially when the top is Taylor Swift",0,0,2024-04-20T22:48:30Z,2024-04-20T22:48:30Z
UgyjKQtF0k3CZeoh4id4AaABAg,@djkillermemestar1265,This shit broke my heart. Fuck this whack ass track.. rip to the goat,1,0,2024-05-02T17:52:28Z,2024-05-02T17:52:28Z
Ugz6ew-ULwfGbugrz4p4AaABAg,@douglasshareef7413,Maybe this is what made j cole doubt this whole beef😂😂,0,0,2024-04-21T02:04:37Z,2024-04-21T02:04:37Z
Ugx1VvJ43KEKcmkg46F4AaABAg,@Michael-vw4cg,Man I know a rapper is talking that shit when you’re speechless for the entire verse 😂😂😂😂,0,0,2024-04-20T22:52:37Z,2024-04-20T22:52:37Z
Ugxj9J5KmVpBtY4o3zN4AaABAg,@ldelandro,Game didnt anoint him lol,0,0,2024-04-20T15:34:23Z,2024-04-20T15:34:23Z
UgzeXZXyx-bCMjhJRGZ4AaABAg,@FusionD85,Has drake been getting pointers from marshall and 50 about dissing people? 😂What a time to be a rap fan.,0,0,2024-04-20T15:17:24Z,2024-04-20T15:17:57Z
UgzXYRbTtCZ6MS6aOkF4AaABAg,@United_Wings,Gg,0,0,2024-04-20T14:13:00Z,2024-04-20T14:13:00Z
Ugzp20Zdj5NcHcOQyJN4AaABAg,@nickmatteo733,Drake is getting out all the bots for this one,0,0,2024-04-20T15:38:20Z,2024-04-20T15:38:20Z
UgwADv630HAkiuOWAKd4AaABAg,@mahlatsemorapedi9076,"If Kendrick wins this battle I will respect him forever, Drake is playing 4D chess",0,0,2024-04-21T14:34:31Z,2024-04-21T14:34:31Z
UgxLh-aDLhxM-pjH8ct4AaABAg,@TheHalfBloodPrince,seeing Drake's demons take over is so crazy 😭,1,0,2024-04-20T13:14:51Z,2024-04-20T13:14:51Z
Ugx4vNtaS7wWMTE9dwp4AaABAg,@Pure-Preview,Drake sounds like Benzino.,0,0,2024-04-21T16:40:22Z,2024-04-21T16:40:22Z
UgwiDe-rzCVmdcGEI-N4AaABAg,@blownstallone,I love how everyone’s mad. 🤣🤣 Kendrick better come hard or I’m throwing all my albums away. PS I’m not waiting till 2040 either. 👏🏽👏🏽👏🏽,0,0,2024-04-20T15:42:20Z,2024-04-20T15:42:20Z
UgzU0aApIEEcqu2fofJ4AaABAg,@Marie-Dr3amz,Have u heard Chris Brownd diss track??? 🔥,0,0,2024-04-20T15:56:50Z,2024-04-20T15:56:50Z
UgwPp7jZtH-XahC-S7R4AaABAg,@OUTBOXMENTALITY,Thank God this has nothing to do with sexy redd 😭😭😭,0,0,2024-04-21T00:51:35Z,2024-04-21T00:51:35Z
UgzMqZ38yeXEOM6Lo754AaABAg,@me7659,"Everyone thought Drake had Pusha destroyed, then Push did what he did.",0,1,2024-04-20T14:04:46Z,2024-04-20T14:04:46Z
UgwIvCguMGACMKKzijl4AaABAg,@Wugazii,"Brilliant 8 mile move by Drake, anything Dot says now won’t hit the same",0,0,2024-04-20T13:57:57Z,2024-04-20T13:57:57Z
UgzJJxMwhBl9RxzoSGR4AaABAg,@tinymooselette,Funny how back then the kissing of the 17yo was misremembered..,1,0,2025-04-16T06:08:14Z,2025-04-16T06:08:14Z
UgwZszquB-EjWuJoUNF4AaABAg,@IsidroDelossantos,"This is what you guys think is better than ""Not Like Us""?",1,2,2025-01-29T01:02:41Z,2025-01-29T01:02:41Z
UgyvMdtcsM7iqVlU1614AaABAg,@theyonlycomeoutwhenitsquiet,"Boy. This was probably Aubrey’s best moment in the beef. It was all downhill from here, and that’s not saying much. Everyone sounds like they have the advantage before their opponent gets to talk.",0,0,2025-01-16T02:11:51Z,2025-01-16T02:11:51Z
Ugz_KEPKuAjyoR4om954AaABAg,@shotgunsedative6369,Quavo diss plsss,0,0,2024-04-20T16:19:02Z,2024-04-20T16:19:02Z
UgxxNPshpeUo5qq8XVR4AaABAg,@TheWorldAccordingToMe00,"Drake writin' Kendrick diss, it's a bold move
But I ain't playin' along, I got nothin' to prove
They both kings in the game, no need for the feud
But Drake got his pen out, tryna set the mood

He's throwin' shots, but K-Dot stays unfazed
Got his own style, can't be easily phased
Two legends in the game, we should celebrate
Instead of creating drama, it's time to elevate

So put the pen down, let's focus on the art
No need for disses, let the music restart
Drake and Kendrick, both holdin' the crown
Let's show some love, and shut the negativity down",0,1,2024-04-21T10:25:17Z,2024-04-21T10:25:17Z
UgywNmtZyRNpody7PgF4AaABAg,@barberciscobarberfranky6354,"Would it have been crazier if he added Big, Nas, & Jay???  I fuck with snoop but he kinda would kinda not belong",0,0,2024-04-25T17:01:36Z,2024-04-25T17:01:36Z
UgxMsJFkeFx_y52-yqV4AaABAg,@MichaelTurner3220,Listen to I don’t die Joyner Lucas,0,0,2024-04-20T20:35:07Z,2024-04-20T20:35:07Z
UgysWapRQOjA2DEcxhV4AaABAg,@joshuajones5273,Thay man Drake must be stopped. 😆😆😆,0,0,2024-04-21T03:23:34Z,2024-04-21T03:23:34Z
UgycOOWyVB7PIEaFhKV4AaABAg,@surjux6271,"Twitter is full of coping Kendrick fans saying 16 bars warranting 2 responses means Kendrick is in the lead LOL. True fan of neither, but Drake has been cooking",0,0,2024-04-20T16:15:36Z,2024-04-20T16:15:36Z
UgyB9yW9jbiVhqm6SH14AaABAg,@stoneyshepard5806,"I really think that Kendrick is using the same tactic that Drake talks about... patience. Burning him out of all the disses and insults will have him nothing left to say. He's already down to nothing left to go at, but his height at this point. I agree, this might show how he could be nervous about what could be said. Kendrick is playing chess 🤔",0,0,2024-04-25T10:43:43Z,2024-04-25T10:50:10Z
UgxvsZxi1Mj8XNtqoCt4AaABAg,@Paul19877,"Drake’s playing the odds now and putting Kendrick in a position where there’s more negative outcomes than positive ones:

1. Kendrick drops a hard hitting diss which hurts Drake and we see how it plays out

2. Kendrick drops late and Drake’s got the win with the “industry baby” take

3. Kendrick doesn’t drop and his credibility and standing suffers because of the pressure applied by Drake

4. Kendrick drops a weak track only talking about what Drake’s already talked about himself.",1,0,2024-04-20T16:10:39Z,2024-04-20T16:10:39Z
UgxUXf_l2bo3J_wDcl14AaABAg,@reaper_is_unavailable,"Drake's been calling Taylor the biggest ever since that whole Kanye ""You gotta schedule right"" rant against her.",0,0,2024-04-20T18:39:24Z,2024-04-20T18:39:24Z
UgxMC3vl4HOxVPj0vGF4AaABAg,@ShadzVibez,"Kendrick won and I know it’s popular to hate on Drake right now, but I actually thought this song was creative and a good diss track",1,0,2025-02-02T19:41:59Z,2025-02-02T19:41:59Z
UgzOW9-mB1RjpjT_dOJ4AaABAg,@Jpizzle4,Chris brown diss to Quavo is hard AF,0,0,2024-04-20T14:04:30Z,2024-04-20T14:04:30Z
Ugz2P8Vyi5lKSD__z7N4AaABAg,@Gmacc75,How do y'all feel about this now after Euphoria?,0,3,2024-05-01T22:48:08Z,2024-05-01T22:48:08Z
Ugy1RxD1zPxIkZiURo94AaABAg,@cashavemundo617,"Idk what y’all think makes a great artist but it’s intelligence. Drake is highly educated so if you think he doesn’t come up with ANY of his bars, you’re trolling😅",1,0,2024-04-21T11:02:29Z,2024-04-21T11:02:29Z
UgzAdvrq0799tPIwGOx4AaABAg,@manqobasbo8082,Kendrick called out drake what did he expect 😂,0,0,2024-04-21T03:58:12Z,2024-04-21T03:58:12Z
UgwQIcP6OqTku5gZa4t4AaABAg,@blurpledragon2779,How dare Drake do this crap to 2 Pac . Then he doesn't have Pac's flow so it sounds so weird.  Also Knox my darling Tupac left the hospital in the 1st shooting.,1,0,2025-01-22T06:23:12Z,2025-01-22T06:23:12Z
Ugxm84cQOej1Qmp0rNN4AaABAg,@soularprimestudios5930,Kendrick need to to get out the wolf cave and hunt for the beef already.......,0,0,2024-04-20T21:15:34Z,2024-04-20T21:15:34Z
Ugx5PHOEXofb1XOHqTd4AaABAg,@vitolucania432,Machiavelli never faked his death. Where do y’all get that from?,0,0,2024-04-20T13:51:34Z,2024-04-20T13:51:34Z
UgxFc08GZ7uNBgTh0_14AaABAg,@johathanrobinson571,So Disrespectful🔥🔥🔥🔥🤣,0,0,2024-04-22T01:22:04Z,2024-04-22T01:22:04Z
UgyeXIO6iREacr89DLd4AaABAg,@OwamiNotyhawe,"The next kdot track will be like ""bro stop it, we all know you aight black so stop using Tupac as you, coz you aight price neither""",0,0,2024-04-20T15:52:57Z,2024-04-20T15:52:57Z
UgyClY29paMY_SluT2x4AaABAg,@dr_nick1992,I was just really hoping J Cole stayed in the battle and didn't back out.,0,0,2024-04-20T15:41:14Z,2024-04-20T15:41:14Z
Ugwdk_bwlU52CO6bYMd4AaABAg,@ozoneomega1983,Yo notch you said it and I've been saying it Drake watch this s*** He's about to hold his own and then some and we just called him Thanos but we missing something this is Thanos with the gauntlet and it's full of stones baby!!!!!! Yo I'm telling you right now Cliff beats was not playing and I can tell you right now based on what he was saying Drake has a clip or a few clips and they are all loaded. The john wick of hip hop,0,0,2024-04-20T17:27:54Z,2024-04-20T17:27:54Z
UgwhCA7GkhHLgEG-aPV4AaABAg,@trogon_mansa9,drake about to make kendrick fan not want to ear not one noum or verb from this🥷,0,0,2024-04-20T13:30:34Z,2024-04-20T13:30:55Z
Ugw8mNFyd_6a5HOuuml4AaABAg,@street_fighter_king,I feel bad for Kendrick,0,0,2024-04-20T13:19:14Z,2024-04-20T13:19:14Z
UgyZ1nRc8HLFwJReZXh4AaABAg,@djyaveen1681,"@djyaveen1681
2 minutes ago (edited)
sooo Drake's accusing kendrick of waiting another week to drop coz Taylor swift just dropped, but dude also admits that the only person he'd change dates for his own music to drop is also Taylor??? How's it Taylor Made when Drake says he'd do the same thing ahaha",1,3,2024-04-20T14:24:04Z,2024-04-20T14:24:04Z
UgyVB8uBROOXJr7_7mB4AaABAg,@triggaweris4216,"Kendrick let fans on Twitter,his West coast heritage and drake’s soft guy persona fool him into thinking drake is cared of him.Even Joe Budden told him “this man is not scared of you”.Drake knows the so called hip hop heads are always on kdot’s side   no matter what….and he’s ready (they’re even saying Kendrick’s silence means he’s won and drake is scarred for dropping 2 disses😂).",0,0,2024-04-20T18:46:02Z,2024-04-20T18:46:02Z
UgyukFJK6zaf5D3flrR4AaABAg,@DIPMECHANIK,After sending AI Kendrick diss... he decided to mimic 2pac&snoop...,0,0,2024-04-20T16:07:07Z,2024-04-20T16:07:07Z
UgwJXTwPm1xjIDbPEc54AaABAg,@LJDaKid91,Kendrick goonnnaa get em baddd,0,0,2024-04-20T19:33:55Z,2024-04-20T19:33:55Z
Ugzhqtj5jkNaT0TH9LV4AaABAg,@adelinamarie7555,"People forget, yes it took Drake a week but he didn’t just come after one person, Drake came after like 10 people. Why is it taking KDot so long when he started everything ? And all he has to do is make a comeback to one individual",0,0,2024-04-20T21:53:40Z,2024-04-20T21:53:40Z
UgxDvrBkbsc_lUFSncd4AaABAg,@K3andK4,"Did you notice Drake rhymes the ENTIRE song with ""YOU LOSE""???",0,0,2024-04-23T11:39:51Z,2024-04-23T11:39:57Z
UgxNrcDYwW0LXJTfZ-54AaABAg,@derekstover6549,Horesntly I think the best thing kdot could do is wait it out longer.  You can tell it’s really getting to Drake. Imagine if Drake dropped a 4th diss track before kdot even said anything. He would be looking desperate asf…,1,1,2024-04-20T14:38:41Z,2024-04-20T14:38:41Z
Ugx7fWZvFgktoXHHXSB4AaABAg,@iron1monkey,If this were the NBA finals Drake would be up 3-1. He's up 2 songs to 1 verse and Kdot hit first. As soon as Kdot drops his diss  Drake will drop his 3rd which is probably the best one.,0,0,2024-04-21T02:23:26Z,2024-04-21T02:23:26Z
UgyNZZszPGbBoi2CNbd4AaABAg,@NoDiff89,This why Cole apologized. He knew what was heading Kendricks way,0,0,2024-04-20T16:58:24Z,2024-04-20T16:58:24Z
UgzYi4kCgR7NGqwoWZZ4AaABAg,@numberthr333,I still cannot understand why and how the fuck did 2Pac and Snoop Dogg got in Drake's Kendrick Lamar diss?,0,0,2024-04-20T13:48:17Z,2024-04-20T13:48:17Z
UgyCvsc2_WH8JWNxXDJ4AaABAg,@toddbrown3532,a man who’s talking shit KNOWS SOME SHIT,0,0,2024-04-22T15:56:50Z,2024-04-22T15:56:50Z
UgzGuDEqVFeYmIY5K1h4AaABAg,@TsunaTakahiro,This is nasty. And anyone hating at this point is deep throatin kdot.. kdot did his thing in a verse but drake on both these tracks diss 50 mf on the first and did a second just for kdot like the stans wanted and two of the dudes idols and doing story telling lol this shit is nasty,1,0,2024-04-20T21:39:04Z,2024-04-20T21:39:04Z
UgwnFEESUe9TJWF3aSF4AaABAg,@iEtthy,Drake dusting everyone,0,0,2024-04-20T19:53:47Z,2024-04-20T19:53:47Z
UgwXNTurhIBbSVwJUkd4AaABAg,@eTWrek,KDot just had to scrap his whole shit and start over.. guarantee it takes even longer for Kendrick to respond now 😂 especially if he wants to avoid Taylor’s wave,0,0,2024-04-20T16:53:38Z,2024-04-20T16:53:38Z
Ugwb4Gl8JlO0YvHq91Z4AaABAg,@dkmma3312,Only time drake is sorta cool to me is when he gets in his diss bag,0,0,2024-04-20T16:35:39Z,2024-04-20T16:35:39Z
UgzJCU9EuHTywcHw2mV4AaABAg,@CrimsonZboss,"Can I just say… nobody had any faith drake would hold any weight in this, that it would be Cole v Kendrick. I thought drake would hold Cole back if he really went. Now Cole backin down like a bitch and Drake is so eager he’s going back to back… it’s scary that drake is this eager to get it. He’s ready. Too ready. 🔥",0,0,2024-04-20T17:19:08Z,2024-04-20T17:19:08Z
UgzzmPFUEC2zetfv21R4AaABAg,@Jpizzle4,At this point it’s Monday the 22nd. Is Kendrick going to respond back. I mean he comes out drops a verse talking s””” and says “it’s time for him to prove he’s a problem” so the guy he talking bout drops disses and doesn’t respond. It’s like he came out throwing rocks at everybody then hides inside.  Come on Kendrick u started this let’s finish it,0,0,2024-04-23T01:59:39Z,2024-04-23T01:59:39Z
UgzRKgnptOe7nchW84p4AaABAg,@johnsantavicca5016,"What,s on your wall above your head?  Doesn,t sound like it' Knox!  Couldn""t be a Mitsubishi air handler.  Must be a Prototype.  ""R—Type""  😅",0,0,2024-04-20T14:52:08Z,2024-04-20T14:52:08Z
UgwbGjnZ1IPNucIjyDV4AaABAg,@infinitymystery21G,Ben dropped two and em went ghost too whole shit died down too shame,0,0,2024-04-20T21:32:08Z,2024-04-20T21:32:08Z
UgzHZ7HEPr0JhcQFsv54AaABAg,@jayvibin6444,It took Drake 3 weeks?,0,0,2024-04-20T16:17:29Z,2024-04-20T16:17:29Z
UgzmkVn-KbFwJ98OmXR4AaABAg,@Ventarena45,Qwayvo and Chris Brown started beef,0,0,2024-04-20T15:47:23Z,2024-04-20T19:24:55Z
UgwUaakfC4GQtYW4KW54AaABAg,@XSenseiSavageX,Who here actually watches the budden podcast?😂😂,0,0,2024-04-20T18:23:24Z,2024-04-20T18:23:24Z
UgwuXzrcYlU59POkTwZ4AaABAg,@AdamBrown-r8t,team Drake,1,1,2024-04-22T11:16:09Z,2024-04-22T11:16:09Z
UgxhXw2fWySeMYFxved4AaABAg,@roamwell9174,"""We're not going to repeat the events after control, we're following through"" what events? after control came the BET Cypher and he was on Drakes ass.",0,0,2024-04-20T16:01:54Z,2024-04-20T16:01:54Z
UgwVVaHTYjc_J0xt6pZ4AaABAg,@tgisky7297,"Drizzy is bored hes literally just saying anything to get kdot to drop, he obviously has a nuke tucked up his sleeve. I wouldn't doubt if he has one for future, ross, metro, and rocky hes been itching for this 😂",1,0,2024-04-20T13:42:27Z,2024-04-20T13:42:27Z
UgzQnTZtdIcnJSA5nzp4AaABAg,@FthC-ie4kg,Did u hear Chris brown new song Him Dissing Quavo it’s insane 😂Drake he’s just hmm,0,0,2024-04-22T09:11:26Z,2024-04-22T09:11:26Z
UgyccCtqLroKU_7ZCFJ4AaABAg,@huh5950,Taylor Swift dropped a song when Drake dropped this😭,0,0,2024-04-20T15:33:17Z,2024-04-20T15:33:17Z
Ugw8m3GOGRIESUw4_rB4AaABAg,@laateenreactieachter,Drake didnt mention the flirting with the 14 year old though,0,0,2024-04-20T13:59:46Z,2024-04-20T13:59:46Z
UgwukrBpqbC4Qpyy9gx4AaABAg,@MattRandomnumber,This is that trailer made freestyle. Also aubrey ain't never freestyled in his life so needs to stop calling shit a freestyle.,1,0,2024-10-19T08:43:07Z,2024-10-19T08:43:07Z
UgxD_NfUdJ0-SbXhoa14AaABAg,@stlouis_314,I'm pretty sure he cleared it with snoop,0,0,2024-04-20T13:49:00Z,2024-04-20T13:49:00Z
UgzJfKGt60hUd87TMSh4AaABAg,@ironmike462,Even The Game on Drake side 🙀,0,1,2024-04-20T15:06:39Z,2024-04-20T15:06:39Z
UgwNOEXNKlnN1dPhL-94AaABAg,@iAmTheYoozurper,"Lmfao Drake took over a MONTH to respond to a single 30 second verse bruh. A MONTH. And 40% of his response is AI rapping his weak pen. Kdot responded with two songs, both calling out and responding directly to several lines from both of Drake’s tracks in just 10 days. 

Euphoria alone has more bars than both of Drake’s tracks. 

The delusion from the Drizzlers is crazy 🤣",1,0,2024-07-19T00:52:29Z,2024-07-19T00:52:29Z
Ugx3mriU5WQY_23jceN4AaABAg,@IAMU.D.,Kendrick fan so shook saying that they are using pac ai as disrespectful lol.,0,0,2024-04-21T00:50:02Z,2024-04-21T00:50:02Z
UgznkSonBWtJkxkteFl4AaABAg,@chefphil.i.p,Kendrick wanted three switches and Drake will bring the three switches.,1,1,2024-04-21T09:02:14Z,2024-04-21T09:02:14Z
Ugx6z3-WlDYq4oVzcDd4AaABAg,@princess4joonnjk,drake bodied!!!!,1,0,2024-04-22T06:24:30Z,2024-04-22T06:24:30Z
Ugy5yLVKCQDv-0It2314AaABAg,@JohnyBoat.JZ610,Thing is Drake wrote it and wrapped. It just used a voice changer,0,0,2024-04-20T17:27:32Z,2024-04-20T17:27:32Z
Ugw0Z4aHk8zjbDOeQp94AaABAg,@EJAZZSHAMID34,bro AI AI AI AI is jst a fing voice changer...,1,1,2024-04-22T03:09:50Z,2024-04-22T03:09:50Z
UgwPWHlAklJry2Cg9Y54AaABAg,@kasperkasper4068,So did Drake actually make any of this or is it all AI?,1,1,2024-04-20T12:58:06Z,2024-04-20T12:58:06Z
Ugza3HBdHk6jO5xJSQV4AaABAg,@oommaarriiss,Using AI is like using ghostwriters bruhh cmon..,0,0,2024-04-20T13:50:56Z,2024-04-20T13:50:56Z
UgxmLO0UyXoHSEZ2bht4AaABAg,@Cmanduce,It took him two weeks to respond and now that his ghost writers have put him some songs together he wants to rush Kendrick FOH Aubrey,0,0,2024-04-20T16:11:30Z,2024-04-20T16:11:30Z
UgzXKYkacxMorKnRSK54AaABAg,@Pnolaworld,This new age of dissing is so diabolical I’m glad old heads are staying out of it  like Eminem would get eaten alive right now 😭😭,0,0,2024-04-20T15:24:20Z,2024-04-20T15:24:20Z
Ugyyn9ubEPK0mLwaKqN4AaABAg,@GabrielGarcia-nb5zp,Curious what happens with Eminem and Jay Z...,0,0,2024-04-23T15:39:34Z,2024-04-23T15:39:34Z
Ugx267AKeS4TNyakIdd4AaABAg,@SocomRenegade,The next one is really bout to bring out the coward in you 😮,0,0,2024-04-24T10:15:51Z,2024-04-24T10:15:51Z
UgyIgHpL47c88xUp4jB4AaABAg,@amunra7390,"Metro started it, not Kendrick",0,0,2024-04-20T13:15:47Z,2024-04-20T13:15:47Z
Ugx2pVMMBC0GOXut1z94AaABAg,@justtodesign,Very much like what Eminem did in the 8 mile movie. Point out everything the other rapper would diss about you and put them out of content. Genius.,0,0,2024-04-22T10:05:35Z,2024-04-22T10:05:35Z
UgzNUrNPxcWxW73NvNF4AaABAg,@zxs4113,Aint no way drake called himself a pedo before kendrick had a chance to💀💀,0,0,2024-04-20T16:57:03Z,2024-04-20T16:57:03Z
UgzSxz48_lQ0lGEYuf54AaABAg,@Fusiontheory2051,Drake wrote for a ghost,0,0,2024-04-20T19:16:48Z,2024-04-20T19:16:48Z
Ugxqz9qAWutN3Tkp9Ix4AaABAg,@Kupalman1,Now where’s the Chris Brown diss reaction?,0,0,2024-04-20T15:57:52Z,2024-04-20T15:57:52Z
UgxL8EVU3mwuFhjfm9Z4AaABAg,@kevinryt4963,We have a canadian nerd disrespecting a legend. The audacity,0,0,2024-04-23T06:46:19Z,2024-04-23T06:46:37Z
UgxJmxYxOFf-8hGi-514AaABAg,@nicholasmelchor3038,Or this could end up Kendrick putting drake in a body bag for real. It’s past the point of no return they will never be cool again,1,1,2024-04-20T13:43:52Z,2024-04-20T13:43:52Z
UgyDUnBMnUlJA_91U194AaABAg,@kmart625,I said the only way Kendrick winning is if he gets Taylor Swift on his diss track rapping too,1,1,2024-04-20T14:28:04Z,2024-04-20T14:28:04Z
UgzGWeM8Cgm9mLn0Sg94AaABAg,@Trendii444,He didn’t drop because Taylor swift dropped like Drake said w the Tupac plug in..,0,0,2024-05-04T01:27:24Z,2024-05-04T01:27:24Z
UgxMh1RiqPxSF7Q-JIR4AaABAg,@dr_nick1992,I feel like if you use a word generator or AI you lose the battle 🤦‍♂️,0,0,2024-04-20T15:40:05Z,2024-04-20T15:40:05Z
UgyakosYzrTsw4X1xXR4AaABAg,@HaikesXO,Kendrick fight back PLEASE,0,0,2024-04-20T14:05:13Z,2024-04-20T14:05:13Z
UgxiP-KMlZh6EnySP7F4AaABAg,@chadbrown4918,"Yo this is check, not checkmate. Kdot has to clap back within 48 hours.",0,0,2024-04-20T18:36:11Z,2024-04-20T18:36:11Z
UgxJrdzZnXu3_XkAYfV4AaABAg,@k1utchN4k,it didnt take drake a week.......,0,0,2024-04-20T16:23:29Z,2024-04-20T16:23:29Z
Ugz5Knqo8iFNmKNJYf54AaABAg,@lukmandeanson,"Whoever win in this war will probably be the no 1 rapper, since now the crown is on Kdot and Drake want to snatch that away from him. This is good man. Really good for the genre. As for now. KDOT - 1. DRAKE - 2 . COLE - 0 .",0,0,2024-04-20T15:19:56Z,2024-04-20T15:19:56Z
UgzApxgn_Bz0bKwjflp4AaABAg,@chrisrhodes2,Drake took two weeks to respond and he's criticizing Kendrick for a week?,1,0,2024-04-20T14:19:51Z,2024-04-20T14:19:51Z
UgzwFNMQgZEheYee91F4AaABAg,@QualityRN,"Funny part to me is everytime Drake throws out a bit more, Kendrick has to start from scratch 😂",0,0,2024-04-20T16:13:30Z,2024-04-20T16:13:30Z
UgyyMQXdqtqxvZZsc5R4AaABAg,@bryanmoniteur,Even *Chris Brown* released a diss track before Kendrick 💀💀💀,0,0,2024-04-20T15:36:35Z,2024-04-20T15:36:35Z
UgyFlZ9PDQhyh7-PzZ54AaABAg,@Yassolini,"I’ll be honest. When first person shooter came out, I thought Drake was the weakest out of the top three and shouldn’t be mentioned. After Cole showed what a coward he is, I respect Drake for standing his ground. I still think Kendrick will beat Drake in a real battle but I was wrong about Drake",1,0,2024-04-21T23:59:39Z,2024-04-21T23:59:39Z
Ugzs98OcF6ShiCOZ3-J4AaABAg,@Yancris515,How Chris brown has the best diss out now?!?! 🔥🤔,0,0,2024-04-20T16:43:45Z,2024-04-20T16:43:45Z
UgzxUVHH1ls0UUYjKpB4AaABAg,@Big_Wormiie,Bro this is not drakes diss. Someone wrote these for him😂. He’s just performing,0,1,2024-04-20T15:02:58Z,2024-04-20T15:02:58Z
UgyhwdHMQaQucIPUIXV4AaABAg,@Hustlnhitman,At this point drake may have to use AI Kendrick to diss himself back 😭😭 tf taking so long,0,0,2024-04-20T19:59:58Z,2024-04-20T19:59:58Z
UgyNV6EVi92gieKeoL54AaABAg,@avinav007,"This song is so addictive !! So creative !! Kendrick fans just used tupac to show fake anger & shit on this. 
But bar for bar, music wise this song rocks 🔥🔥🔥",1,0,2024-09-17T19:29:03Z,2024-09-17T19:29:03Z
UgyUbEKsiWyyy_GWDf14AaABAg,@ehp4019,No way in hell did this man actually try to 8mile himself out of pedo allegations. 8 mile was scripted Aubrey😂,0,0,2024-09-16T10:52:10Z,2024-09-16T10:52:10Z
UgzQ7vQ0GJX82ug9vXZ4AaABAg,@MnDisease,Didn’t Drake take like 3 weeks?,0,0,2024-04-20T15:30:51Z,2024-04-20T15:30:51Z
Ugw8JRuQEEE9SjaAnw14AaABAg,@dolphinitely_bro3944,#BBLDRIZZY using BBL in music now its a shame,0,0,2024-04-20T14:56:09Z,2024-04-20T14:56:09Z
Ugzv3JM99rVArbN0YS54AaABAg,@orluboi,"The way snoop came in after pac 😂😂am done. Drake is outright diabolical, total disrespectful and despicable. This joint was very creative and entertaining with so much bars and lyric to rhyme it up. We now know the king of hip hop and rap. Kendrick u are destroying hiphop by not replying. Anyway we don’t care anymore if u drop. There is a clear winner and the crown is fitted on the boy Drake. This is bully",1,0,2024-04-20T13:55:54Z,2024-04-20T13:55:54Z
UgwObGwcdI9nE7ld8At4AaABAg,@Vuyosaysomethin,Pac alive if he watched Joe budden podcast,0,0,2024-04-20T13:32:35Z,2024-04-20T13:32:35Z
UgxVSc1r-RzbdqZB2-N4AaABAg,@christaylor6654,Drakes is diddy’s Boy he safe forever,0,0,2024-04-20T22:41:47Z,2024-04-20T22:41:47Z
UgzMb_2fU-pi_6t0GaR4AaABAg,@brandoncondon7050,You know if Drake is putting this out he has some super disrespectful shit in the chamber and im here for it,0,0,2024-04-21T14:44:29Z,2024-04-21T14:44:29Z
UgzM4-UE13HzfGsWPoV4AaABAg,@ABCam2054,I like how he dropped an AI track after Kendrick track was proven to be fake,0,0,2024-04-20T16:54:35Z,2024-04-20T16:54:35Z
UgyXf2oV6EmI0zOJlMR4AaABAg,@dawidleier5314,"Its hard to see Kendrick coming back from dissed, hes been toped, disrespected and embarrassed here. This is hard af. 
I love how he references the control verse - I i thought it was lame from kendrick to diss everyone and then just keep saying ""try diss me harder"" not answering anything (that verse was fire tho, but its cringe listening to it now)",0,0,2024-04-21T01:36:13Z,2024-04-21T01:36:13Z
UgyhOQYTI6vasphonWZ4AaABAg,@Andre-z3p,Teash disrespecting tupac would never,0,1,2024-04-21T14:44:35Z,2024-04-21T14:44:35Z
UgxeqSPvcdC1J1HdBTB4AaABAg,@multard,I told y'all to stop sleeping on AI.,0,0,2024-04-20T13:49:42Z,2024-04-20T13:49:42Z
UgxpTaNsXGH_QPEMkCl4AaABAg,@lfualau,This is not a diss!!! It is disrespectful to hip hop period!!,0,0,2024-04-20T13:01:41Z,2024-04-20T13:01:41Z
Ugwc0YDORaC_e7RY5kx4AaABAg,@blurpledragon2779,This is disrespectful to Tupac and Drake can get mad if he want to but I was around when Tupac was and Kendrick is the first MC that comes up to Pac's level !!!,1,0,2025-01-22T06:25:12Z,2025-01-22T06:25:12Z
UgzO1SELu_lm08RpXfZ4AaABAg,@Agent34life,"I don’t think Drake should’ve did the Tupac thing if anything that was a diss to him too, I mean he’s basically mocking him bro could have at least TRIED to use his flow.",0,0,2024-04-27T16:54:02Z,2024-04-27T16:54:02Z
UgwzJwNTbrHCB-kHj154AaABAg,@jhonoleverbautista9455,"that aint pac because the way he rap theres no heart and feelings
he just like reading a book using pac voice😅😅",1,0,2024-04-20T13:38:01Z,2024-04-20T13:38:36Z
UgwCECaJdErfz9sKWNd4AaABAg,@brentforte5950,I don't think I'm out of pocket by saying.... I Believe Pac would have thought Drake is a Corney wanna be from the TV.  It's like he knows Pac would have never let him serve in this Game...RIP 2PAC. Everybody Go listen to.... If eye die Tonight   Pac rips it with a Dre sample for the HooK.... should be in every rotation 🤗,0,0,2024-04-21T01:33:16Z,2024-04-21T01:33:16Z
UgwO0W5rF0m0T90mtZl4AaABAg,@haileyrhea09,Even worse is thAt he knows Kendrick has probably written the diss and now he took his material away. Make him start over from square one,0,0,2024-04-23T19:01:11Z,2024-04-23T19:01:11Z
UgyS8IUBHDa4b682exh4AaABAg,@anthonyokwedy7101,Drake was made for diss.,0,0,2024-05-03T12:19:56Z,2024-05-03T12:19:56Z
UgyFpVv0sILCWJW5O7Z4AaABAg,@epenies,My suspicion: Kendrick was going to do something similar to this and Drake got word of it and got ahead to deflate it.,0,0,2024-04-20T16:50:32Z,2024-04-20T16:50:32Z
UgykrXntObmJgvwwD8R4AaABAg,@ghostpicksbenny,How do we know drake put this out ?,0,1,2024-04-20T18:36:21Z,2024-04-20T18:36:21Z
UgyFpd3775O--TQKmvJ4AaABAg,@Jjay-tw1yy,i think drake is taunting him because he has some bad dirt on kendrick and kendrick forgot about it until after he first dissed drake imo,0,0,2024-04-20T17:53:58Z,2024-04-20T17:53:58Z
UgxUDQ2kFdRHYJQMeN94AaABAg,@Kadence-187,Would have been as impressive if he just used his own voice instead of manipulating sounds? Pac and Snoop are legends in their own right so it sells but would they have hopped on a track with Drake if he could ask them? Is it really clout? Idk its a conversation at least,0,0,2024-04-20T15:24:21Z,2024-04-20T15:24:21Z
UgzV0nylUvYy946bfcB4AaABAg,@BSdontflyroundhere,It took drake a month not a week,0,0,2024-04-20T15:38:09Z,2024-04-20T15:38:18Z
UgzJhmDBzDE2XLQkS-R4AaABAg,@uncharted7againblackking256,Drake is finished going up against kendrick lamar,1,0,2024-04-20T16:03:33Z,2024-04-20T16:03:33Z
Ugz1x1zDk2m0dRWPJHZ4AaABAg,@yaritzatorres_0621,"Im so confused cuz u said Kendrick  hasnt responded yet but i heard he did, unless its an AI generated diss. You tell me Knox! Is Owl Hunting a real diss track??? Take a listen.",0,0,2024-04-20T20:06:46Z,2024-04-20T20:06:46Z
Ugwa4GV9K7O2vIZH9YB4AaABAg,@Keheater,I feel like Drake is scared of Kendrick so he thought to try and counter what Kenny might say. So now if Kenny replies then Drake wins because he baited Kenny into replying. Now Drake put Dot in a position where he can't even reply in a week because if he does then it would mean that Drake made him do it.,0,0,2024-04-20T14:04:00Z,2024-04-20T14:04:00Z
Ugy9PyTVp8ytDnmh5w94AaABAg,@Chg128,"Seems like Drake is a glorified hip hop/rap actor… his early acting career gives him an edge for remembering his lyrics & enhancing his many personas, however I think the REAL kuddos should go to his writers, I think it’s much more impressive when the artist isn’t manufactured.",1,0,2024-04-26T04:59:52Z,2024-04-26T04:59:52Z
UgywzR5JE7xQG7a4Lsl4AaABAg,@lampard9512,"Every one said Cole is lame, but Eminem did the same with Tyler..",0,0,2024-04-20T14:01:43Z,2024-04-20T14:01:43Z
UgymXVphAqiVL02LdAV4AaABAg,@Luchi-Blk,He used a.i on purpose because of the a.i rumors,0,0,2024-04-20T18:50:47Z,2024-04-20T18:50:47Z
UgzNaWXw4UKwa9KXKXp4AaABAg,@amberpowell2609,Hes doing the same thing the fans got mad at for other artist doing in Drakes name,0,1,2024-04-20T16:42:49Z,2024-04-20T16:42:49Z
Ugwccf9Xfty5Uov3WFd4AaABAg,@Stephen_Viele,Idk I dont mess with this AI stuff get on the mic and rap. Dude is alleged to be using ghost writers now he's using ghost rappers nahhh. Im good on this.,0,0,2024-04-20T15:24:23Z,2024-04-20T15:24:23Z
Ugxbqlhm86KS7kb1eLx4AaABAg,@AllieRose1348,"Using Pac's voice is one thing, but using Snoop's is a riskier move (Snoop is still alive and well) - I'm seeing why Cole bowed out now - it's going to get MESSY with Drake pulling in and poking so many prople",0,0,2024-04-20T15:02:23Z,2024-04-20T15:02:23Z
UgwJmaZk_xCZdHM8XLx4AaABAg,@NOLABaby8732,I think Drake actually doubled down after he found out that girl was 17.,0,0,2024-06-11T14:08:11Z,2024-06-11T14:08:11Z
UgzRT7fpgBh8aE-8v4J4AaABAg,@DR4WZ,Kendrick will respond after the third diss. Gotta say Candyman's name three times...,0,0,2024-04-21T17:00:47Z,2024-04-21T17:00:47Z
Ugx5aMENg8iC6nzqkRt4AaABAg,@hendrikbangma817,Imagine Eminem's ready to drop but his peers are starting te beef and Diddy's finally getting exposed and he's wanting to address it all. Guess it's back to the lab again.,0,0,2024-04-24T07:31:38Z,2024-04-24T07:31:38Z
UgwTtSYrNb3U2SeePIF4AaABAg,@epenies,"If Kendrick is able to flip this (and I think chances are super low) and beat Drake, Kendrick shall be crowned as best of all time and second or equal only to Em.",0,0,2024-04-20T16:46:06Z,2024-04-20T16:46:06Z
UgwReYrwBDmPF96_V5d4AaABAg,@iambclues,"I’m not gon lie, this is a hard song but I don’t like how he’s promoting AI rap…kinda corny",2,0,2024-04-20T12:53:21Z,2024-04-20T12:53:21Z
Ugyy060LCklt8OtHt_V4AaABAg,@skycalderon6870,This is another AI 😂😂😂 rap genius,0,0,2024-04-20T13:41:26Z,2024-04-20T13:41:26Z
UgwOiLSoCfyzFx25fst4AaABAg,@TickTockIsrael,How dare Drake disrespect 2pac like that,0,0,2024-04-20T16:24:26Z,2024-04-20T16:24:26Z
UgwnKvS4fquWGoDyCgp4AaABAg,@ShadzVibez,"Isn’t it kind of funny that he used snoop? Everybody dog, Drake for using a ghost writer, but snoop Snoop Dogg uses them all the time. I actually don’t know what songs snoop wrote.",0,0,2025-02-02T19:40:21Z,2025-02-02T19:40:21Z
Ugwy_iewju2rlP4MaWV4AaABAg,@CanadianTy13,Drake is just bored and having some fun,1,0,2024-04-20T14:31:03Z,2024-04-20T14:31:03Z
UgyDL9puP2gPB4919Jp4AaABAg,@killachinchilla9445,"Listen up K Dot fans, you keep calling Drake an actor, and saying he uses ghostwriters.  Drake just ghostwrote for, and acted like, your fake gangsters favorite ghost 😂😂😂😂😂😂😂😂",1,0,2024-04-20T14:05:11Z,2024-04-20T14:05:11Z
UgxrAERgoouKogRF3rV4AaABAg,@cgribeiro,Kendrick already told us that he is not our savior.,0,0,2024-04-20T17:41:43Z,2024-04-20T17:41:43Z
UgwhfDtDBxBtCNm15QF4AaABAg,@RebeccaNeel,Ross needs to give up,0,0,2024-04-23T02:45:15Z,2024-04-23T02:45:15Z
Ugx0OtyYsYmS74zgiGd4AaABAg,@RichardParker2099,Drake about 2 ft. 50 for an all out execution on the music industry.,0,0,2024-04-20T14:05:25Z,2024-04-20T14:05:25Z
Ugz34n5tG4-_OTrC26p4AaABAg,@Kamikezzy12,Just like eminem did in 8 mile talk shit about him self,0,0,2024-04-21T23:22:02Z,2024-04-21T23:22:02Z
Ugz-Xo2e2oiUF_T8Azh4AaABAg,@damiangreen1973,"What about the Snoop verse can snoop be mad with? If snoop was in on this which I totally think he is, there’s nothing wrong with anything he said",0,0,2024-04-22T02:26:16Z,2024-04-22T02:26:16Z
UgwV_09woWZLv2wtWxV4AaABAg,@NamikazeIbato,"Idk how to take this...This is possibly a very good chess move by Drake. But at the same time, dude had to bring back someone from the dead to rebuttal. I know it's AI generated, but what's to say the lyrics themselves aren't AI made in the style of Drake? Meaning he used AI to create bars in a moments notice when in reality it takes more time, more thought, etc...idk again, this got me 50/50",0,0,2024-04-20T15:41:44Z,2024-04-20T15:41:44Z
UgyaXG9j1W2VUc7EH814AaABAg,@subzglv,Here's  what happened The first track drop and give me 50 was an AI Track 100% but drake  wanted the credit once it got  a good  reception this is why initially  he never directly took credit  he had to get in contact with the Person that was responsible for it pay that person  get a few NDA'S signed and put  the young  man on payroll this is why it took a full week for the song to go on streaming services...this latest  release  is using AI in our face to muddy the waters an throw us off of the scent so that if it ever  gets leaked what happened  he can say he was doing  that from the beginning  on purpose,0,2,2024-04-20T13:52:29Z,2024-04-20T13:52:29Z
UgyLMEmTkX8bzBIQm3x4AaABAg,@sonnynagy5522,Naaah naaaah naaaah,0,0,2024-04-22T15:28:43Z,2024-04-22T15:28:43Z
UgyhuSExGvuam2sTvAZ4AaABAg,@TapEoka1,This AI shit is gonna have me bow out from consuming music and youtube. If i cant trust a musician to be  real and authentic.. whats the fuckin point.,0,0,2024-04-20T16:28:34Z,2024-04-20T16:28:34Z
UgyaFxzSUHZ_VG_x-314AaABAg,@immap3253,9 minutes and not even pass AI PAC Jesus bro 😂,0,0,2024-04-20T13:56:26Z,2024-04-20T13:56:26Z
UgzTVtTQHtKzuzG8F_h4AaABAg,@lowammo,How can it be called a freestyle if it's AI,0,0,2024-04-21T00:07:05Z,2024-04-21T00:07:05Z
UgzL1E-IigiFqGVp_8F4AaABAg,@SuperJimmie21,I'm a huge fan of Kendrick but let's not act like Drake ain't playing 4d chess and has the upper hand right now.,0,0,2024-04-23T22:41:09Z,2024-04-23T22:41:09Z
UgweAuhJXv5wEGMUKJJ4AaABAg,@2faceTom31,"Sir u wrong, it took Drake 3 weeks so Kendrick should get that same treatment. I hate people tryna move the time frame just because they want hurry to hear it.",0,0,2024-04-21T08:45:57Z,2024-04-21T08:45:57Z
UgyjvXAlH3UYT8hFz1J4AaABAg,@robertveasley6660,Yoooo like I said before Kendrick better buy that either beat from Nas or whoever ever got that beat and just gooo craazzy !!!! Cause drake dissed and trolled you at the same time me time!!!!😅😅😅,0,0,2024-04-21T02:30:30Z,2024-04-21T02:30:30Z
UgzEIsiW-PmHJLqR8hp4AaABAg,@jackiearcher7738,Drake got all this smoke for Kdot but says nothing back to Ross,0,0,2024-04-23T17:08:14Z,2024-04-23T17:08:14Z
UgxiAa6UiptF99cwTWh4AaABAg,@nicklikethesoup,"I'm mixed on this. Part of me feels that using the AI is problematic, but worse, bringing the dead (GOAT) to troll feels like disrespect to the deceased and the game. Maybe I'm wrong since Knox didn't bring it up, but I feel like the use of Snoop and Tupac (without permission possibly?) feels disrespectful to the game and just undermines everything. If this is the hardness Cliff was talking about, I suspect we're going to see another Story of Adidon coming, because this just doesn't seem like a way to gain respect.",0,0,2024-04-20T15:41:13Z,2024-04-20T15:41:13Z
UgztlczPqnywJFmxGIR4AaABAg,@ramayaruk,I think TOP means that kendricks the bottom lol,0,0,2024-04-20T13:09:36Z,2024-04-20T13:09:36Z
UgzCSKOCxBvWEgTQrjd4AaABAg,@twostonedactual2541,I wouldn't be surprised if Pac really is alive.,0,0,2024-04-20T21:12:26Z,2024-04-20T21:12:26Z
Ugw5C9n9WlrUqD2nqcN4AaABAg,@jus-another-nikka,You're a great reactor as is big dawg. Stop acting like your stuff is first listen.,1,0,2024-04-20T13:03:47Z,2024-04-20T13:03:47Z
UgxUh8PYYiQmzLaRmVR4AaABAg,@Maliky4,its over Drake won!,0,0,2024-04-20T16:51:08Z,2024-04-20T16:51:08Z
UgyXB0mjbG6RuMLGXiB4AaABAg,@Not2Legit,He don’t use it but used it to clown,0,0,2024-04-20T13:27:04Z,2024-04-20T13:27:04Z
UgyfdoRU9ZGhGlXGQyJ4AaABAg,@spinningredchair8092,"I LOVE rap beef, as long as it stays on the tracks. Drake hitting a little too hard, Kendrick might snap and do something stupid",0,0,2024-04-20T17:55:58Z,2024-04-20T17:55:58Z
UgyRRRtBCaCvM960c054AaABAg,@teboholetlaka5789,"😂Nahh i don't Drake is trying to minimize ways Kendrick would use to come at him, he's way too confident for that. I think dude prolly got some dirt on KDot and just waiting on him to say something again.
I'm team KDot but this got me worried for real",0,0,2024-04-20T15:12:21Z,2024-04-20T15:12:21Z
Ugyz1LQe577w-uh1EXp4AaABAg,@BehindTheScreenz,Its hilarious to make fun of kendricks height when hes the same height as lil wayne the dude who put Drake on lol,0,1,2024-04-21T01:39:56Z,2024-04-21T01:39:56Z
UgwQdrFySbxjn9oYGmx4AaABAg,@veterankid179,"I'm from the future and kendrick drop EUPHORIA  and it killed him. 

Drake ass anyway",2,1,2024-05-01T20:22:08Z,2024-05-01T20:22:08Z
UgwZrnE_juuzV6TzKBV4AaABAg,@joab757,Funny cuz it’s obviously a drake flow w Tupac’s voice,0,0,2024-04-20T15:11:33Z,2024-04-20T15:11:33Z
UgzZCV2ccSXPk9a4ubt4AaABAg,@epenies,"This is not a rap contest but a popularity contest, and I think Drake won. Kendrick could drop Illmatic and the normies might not budge. It’s the same if Eminem beefs with another equal great (chances are Em will win doing anything at all just on popularity and love).",0,0,2024-04-20T16:43:45Z,2024-04-20T16:43:45Z
UgxtgZdTy1P5E_vaeCR4AaABAg,@llyotamokoena326,"@Knoxhill go listen to Chris Browns diss towards Quavo damn that diss is beyond me, best Diss in 2024 no cap ya'll that diss is on fire Chris just destroyed Quavos career he better not respond cause damn Breezy bodied him big time 😂😂😂😂",0,0,2024-04-20T16:10:10Z,2024-04-20T16:10:10Z
UgzcRuBnhWi8Oyy8fiR4AaABAg,@GamerzHubZA,Isn’t that Dre beat😭😂,0,0,2024-04-20T17:13:58Z,2024-04-20T17:13:58Z
UgwIU2c-rwn81SgAawt4AaABAg,@Mars_Attacks_Again,What’s fucked up is how you all are embracing AI.   Now it’s cool to use dead rappers voice?  Who getting the residuals on 2 PACs voice or is it all fare game to start impersonating other artist?,2,5,2024-04-20T13:07:51Z,2024-04-20T13:07:51Z
Ugwi9sd8RCkZb6K_4RB4AaABAg,@guilherme_ferrari,"OK this dude just crossed a line, Kendrick gonna smoke his ass up, just wait",0,0,2024-04-20T16:22:23Z,2024-04-20T16:22:23Z
UgxswfAltg_1Efug7V14AaABAg,@JonathanMartinez-mg2il,I’m here for the bar break down but you don’t have to make it seem like you know exactly everything he’s about to say. You watch it before to learn about it we get that.,0,0,2024-04-22T23:12:03Z,2024-04-22T23:12:03Z
Ugxu3vJgme5HmRjryR54AaABAg,@Kevinbrvo,Will Eminem get involved since he likes Kendrick so much?,0,0,2024-04-20T16:49:18Z,2024-04-20T16:49:18Z
UgztKtPAf8kv9OJYuix4AaABAg,@epenies,"To Kendrick’s credit, there’s near 0 percent chance he’s getting any help with the diss, but not the same can be said about Drake, and that should matter, but we know it doesn’t.",0,0,2024-04-20T16:49:41Z,2024-04-20T16:49:41Z
UgwDS_N3xD8JFLRc6xJ4AaABAg,@Royale5600,"It doesn’t count because he used iconic voices, abd he downplayed his behavior with young girls",0,0,2024-04-20T15:46:26Z,2024-04-20T15:46:26Z
UgyJjZ-0GDE7eUf909d4AaABAg,@April_knows,More distractions.,0,0,2024-04-20T20:45:01Z,2024-04-20T20:45:01Z
UgweOvx5Q7-aoZfhk5p4AaABAg,@KKOPPONG,So I’m asking for a friend. Is J Cole enjoying this beef and what’s coming? Does he really think this is some major event like he was apologising for? There’s no way he’s actually not enjoying this second guessing how weak he was😂,0,0,2024-04-20T14:29:12Z,2024-04-20T14:29:12Z
UgwVvfi1YGZzym9dIQZ4AaABAg,@a1ntcry1noveru,"Does anyone truly believe that Kendrick and Taylor’s fans overlap so much that Kendrick isn’t dropping out of respect for her?? Smh
What makes a diss good is when there is truth. This diss sucks, bc like Cole’s, what’s being said can’t be taken seriously. Like cmon",0,0,2024-04-20T17:32:41Z,2024-04-20T17:32:41Z
UgzZ-WiDigb4eEBYE1N4AaABAg,@maxpalmer3212,The disrespect for pac is unreal 😤,0,0,2024-04-20T14:48:47Z,2024-04-20T14:48:47Z
Ugza5YDonUSS_wmiMuB4AaABAg,@ghostpicksbenny,Is this real or not real ? Is this an official drake dis to Kendrick ?,0,1,2024-04-20T17:25:23Z,2024-04-20T17:25:23Z
UgwyMO-U4dCPGC0SPll4AaABAg,@AimThatSameAGame,This is literally ghostwriting.,0,0,2024-04-20T21:30:55Z,2024-04-20T21:30:55Z
UgzxvDsH5VfVMbETISR4AaABAg,@djSequence1,"Wait Darke Ai Pac with his flow???😂😂😂 OMG... 
HE did a west coast beat??? 21 v1
Boy Drake... Is on a whole other level... No wonder Kendrick needed all the back up dissing Drake... 
Problem is now.. the 20 well 19... 
Is def going to step back like Homer stepping back in the bushes...😂😂😂😂",0,0,2024-04-20T19:09:33Z,2024-04-20T19:09:33Z
UgzbckwuxVhmsYN7UOJ4AaABAg,@scoot5342,"Kdot MIA.... his fans are soo butthurt 🤣.
Love it. Just a bunch of haters. Not got much to say now, huh?",0,0,2024-04-20T16:42:05Z,2024-04-20T16:42:05Z
Ugw_of0DrVMH9LyQZjR4AaABAg,@thefourthaccountant,I don’t like what Drake has done here using AI - seems a bit lame and just adds more doubt about how much of his stuff he actually creates/writes himself,1,0,2024-04-20T13:38:47Z,2024-04-20T13:38:47Z
UgyJ5laBkrzP5J2qtwt4AaABAg,@nickgoodlock263,My only thing with this is drake saying you never done nothing violent its the homies that empower you. Did drake forget hes never been a real street dude? You cant diss someone for something that could be said to you as well.,0,2,2024-04-20T15:48:56Z,2024-04-20T15:48:56Z
Ugza1XAX4LHDI_OlvmV4AaABAg,@The_True_,"I was wanting to hear Kendrick tear Into Drake already, but now... NOW?!? Maple syrup azz sh¡tin on the whole west coast with Pac and Snoop's voices? C'mon K-DOT!!! Disintegrate this child actor! Frfr! Represent! 🎤🤬",0,0,2024-04-20T15:13:50Z,2024-04-20T15:13:50Z
UgyiI8flJaF3ciqqSeV4AaABAg,@-.-hyuga-.-882,Iron man man drake lol petty 3000😂,0,0,2024-04-20T17:08:07Z,2024-04-20T17:08:07Z
UgwOFQ6EJ0xZoZagvOp4AaABAg,@Benjammin863,If drake could hold together / control his ego abd emotions he might be a man,0,0,2024-04-20T16:09:17Z,2024-04-20T16:09:17Z
UgwaWVeMZ3QufWrQdhF4AaABAg,@marvindg070,Kendrick cant drop bcs of the swifties,0,0,2024-04-28T05:52:52Z,2024-04-28T05:52:52Z
Ugy9F04ci-ISdmR7-FV4AaABAg,@mzbrown6969,Drake is nasty work,0,0,2024-04-20T14:37:16Z,2024-04-20T14:37:16Z
Ugw5Hma_qWNNf3dh3s94AaABAg,@RevLee20,"So I'm not saying Drake can't or shouldn't have done this, but I do think it is extremely dirty to use a dead persons voice to get at someone else. Not that I had much respect for Drake to begin with but it is all gone now. I hope KDOT comes in and absolutely destroys this punk ass thinking he is untouchable. And we all know the only reason it only took Drake 'an hour or two' is because he didn't write it (that leaked track was his reference track and they used AI voice of Drake to mask whoever really rapped it) LOL I wanted a lyricist battle not petty bullshit battle, but after this I do understand more why Cole backed out . I still don't like it because he could have stayed in his own lane with kendrick and not gotten personal but it is what it is and I do respect Cole for being him I just wish he never put out 7 minute drill because the first time I heard it I knew it wasn't really what Cole wanted to do (and who knows maybe Drake pressured him to get personal).",0,0,2024-04-20T15:55:43Z,2024-04-20T16:25:30Z
UgyAZYZNrAKBdvSbto14AaABAg,@danamartinez9416,"So how much of this did Drake even write????  Is it all AI??  Half AI??  Is AI Drake’s ghost writer now???  We know AI did the voices and more than likely the beats so whose not to say AI did it all.  Jordan Peterson asked AI to write a paper for him I forget the specifics but it sent something like write me a essay using my style, with so and so”s whatever.  Jordan Person said it was scary what AI did with the information that JP gave it.  And it was all done in minutes... not hours or days... so if Drake is using that then no wonder😢 he has come backs already.",0,0,2024-04-28T19:22:22Z,2024-04-28T19:22:22Z
UgxEFvllh5dFq81Kr614AaABAg,@hugovallejo7326,2pac wasn't cool with snoop dogg when he died and that shit wack i like the first diss track,1,0,2024-04-20T13:40:11Z,2024-04-20T13:40:11Z
UgyDQJbAa6YT2cT1nQZ4AaABAg,@bobchitlin6583,"these guys need to let Tupac rest in peace. Stop using his name for legitimacy, let him rest.",0,0,2024-04-20T14:05:02Z,2024-04-20T14:05:02Z
UgzGGLKqpV8_xzxzc-l4AaABAg,@TexasKen,Seems like a fake beef a bit to give hip hope a surge... Records sakes have declined over the past few years.,0,0,2024-04-20T17:10:24Z,2024-04-20T17:10:24Z
Ugyyv-kBZhu_PO9GDg14AaABAg,@xRaptorScreamx,"Drake complains about 1 vs 20, like it was out of thin air. Then he goes against West Coast by making AI of Pac and Snoop without any approvals.
So did Drake wrote this, or the Ghost writers wrote for ghosts?",0,0,2024-04-20T14:49:18Z,2024-04-20T14:49:18Z
UgyIWRKWyflSj07oPgh4AaABAg,@danialzulkarnain1680,"Oh fuck man, i thought that the dissin' gonna be healthy but this is real low, All respect to Drizzy but fuck man, bit by bit you know why cole suddenly backed off, this shit is way too out of hand and i can't imagine how far more drake's going to take .",0,0,2024-04-20T14:50:58Z,2024-04-20T14:50:58Z
UgzRdSKJIF-UCj59f3x4AaABAg,@Dofladingus,"Drake did fine during the beef. In fact, the only reason the beef was so good is BECAUSE Drake is good enough to battle Kendrick. Ain't nobody watching Kendrick vs. Lil Pump or some shit. 

However, the way Drake reacted to losing the beef has turned him into a clown. He coulda taken that L and still been Drake, but the temper tantrum is potentially career ending.",0,0,2025-01-03T21:52:44Z,2025-01-03T21:52:44Z
UgwS3ftiMUeba3O9z_x4AaABAg,@willwatchman6076,Drake net worth $250 Million 2024,0,0,2024-04-21T00:34:02Z,2024-04-21T00:34:02Z
UgybMwdmvLX9ijfg-nZ4AaABAg,@Theunassumingidiot,"I think Drake is scared fr, wth does Kendrick have in the vault man?",0,0,2024-04-20T14:56:03Z,2024-04-20T14:56:03Z
UgxSt6CxR0ZSuYfzm-l4AaABAg,@DecryptionPlays,the pop stars like Tayler Swift want Hip Hop to have a fall and thats whats happening here just saying,0,0,2024-04-20T22:14:05Z,2024-04-20T22:25:13Z
UgykjcN_DwqNd3ttxCt4AaABAg,@azn95,"Nas took nearly a year to drop ether. Fucked up from Drake to use pacs voice in a beef drake has with another man. Using his voice without even getting any permission from family members or anything..Kdot used AI & pacs voice, but for a proper message. Drake's ending himself infront of us.",0,0,2024-04-20T20:49:03Z,2024-04-20T20:49:03Z
UgwMyCCZ5BUpF2T7sQt4AaABAg,@robarce-capricornrising,I love PAC but his shoes are to big to fill you can tell its drake! When PAC speaks its powerful has the power to blow his opponents away! The closes I heard that sounds like PAC is Dopefunk AI. I mean it sounds like Tupac is with him it’s crazy 🤯cause he write ✍️ down the lyrics to the songs although we know PAC is gone and still the GOAT 🐐 but his spirit is still here!,0,0,2024-04-20T21:53:17Z,2024-04-20T21:53:53Z
UgzyiVlCXYiQLbLyKfF4AaABAg,@robertbuenrosro8328,"This is corny, why is Drake using AI to diss K dot!?",2,1,2024-04-20T13:39:33Z,2024-04-20T13:39:33Z
UgzsBkixr7i1p21e_G54AaABAg,@avinav007,"This song is aging really well on me. This was so creative. Most people dont even realise that the song was written completely by drake. Then modulated the voice in first two verses using ai. So clever. There was NO disrespect meant here. ( Apart from kendrick 😂). Just top tier trolling.

Also, the reason he was able to do that is because tupac estate & snoop rented out their voice likeness to the ai company. 

So technically drake couldve fought this cease & desist. But wouldve gained negative publicity, so didnt. 

He kind of predicted the paedo angle too 😂😂",2,0,2024-09-17T19:27:37Z,2024-09-17T19:27:37Z
UgzvevCyrzrjCa7niO14AaABAg,@namelesshorsey,Kendrick accused him of having a ghostwriter so he literally resurrected pac and wrote for a GHOST!! top-tier trolling,0,0,2024-04-20T18:29:59Z,2024-04-20T18:29:59Z
UgzUNCs5GWT3tDzFuQd4AaABAg,@bigPiperr,I feel kendrick is not all about that..,0,0,2024-04-21T00:56:52Z,2024-04-21T00:56:52Z
UgwljwxuVzHlikARY3J4AaABAg,@drfinestklk680,Kendrick hiding somewhere,0,0,2024-04-21T00:18:50Z,2024-04-21T00:18:50Z
UgxJHUbI0B1QcHpA1qB4AaABAg,@richardsmith5260,it’s over Drake won,0,0,2024-04-20T23:21:52Z,2024-04-20T23:21:52Z
UgzCYUNeQF6uyqqS_xd4AaABAg,@rashadmabon8253,"Do u guys agree Drake approaching this Beef like 50 cent and Eminem he’s coming for Kendrick each and every way forget just bars
Ima troll u
Ima expose u
Ima use ur fame
Ima bring ur wife into it
Ima use ur idols in it
Drake had already said Aftermath in drop in give 50",0,0,2024-04-20T19:20:40Z,2024-04-20T19:20:40Z
Ugyd3sZ-XuwzoKmYbiR4AaABAg,@Whw52,Drake is a walking Marijuana leaf 😂he wants all the smoke,0,0,2024-04-20T19:56:26Z,2024-04-20T19:56:26Z
UgyQhGTXEA0p1t87Mvd4AaABAg,@Killerfang25,"This lines went over people’s head

Snoop AI:

“Passed you the torched House of Blues”
“Bark up the wrong tree”
“You the D-O-G, never doubted you”
“But right now you posted up without a clue”

That’s Blue’s Clues reference from back in the day! Daaaam",1,1,2024-04-20T14:23:56Z,2024-04-20T14:23:56Z
UgyNhMbtt3uJqOBmKMx4AaABAg,@norinac5371,Where is drake bars????,0,0,2024-04-20T15:19:27Z,2024-04-20T15:19:27Z
UgzQVvRczkhGpCUJMf94AaABAg,@Jay-eg9mv,How tf Drake is winning 😂,0,0,2024-04-20T13:29:58Z,2024-04-20T13:29:58Z
UgxfewP-pbFfq_0MGJ94AaABAg,@christine.4321,"Using 2Pac like that is disrespectful. He can't even defend himself, so gross. Sorry but Drake is starting to look like Benzino to me. RIP 2Pac 🙏",1,0,2024-04-20T13:05:50Z,2024-04-20T13:05:50Z
UgxcB8xcvyk27uolsvB4AaABAg,@WahidBailey-gl7ms,Yoooo let the shi. Play ur no rap guide breaking dwn the who jawn wtf!!!We not slow,0,0,2024-04-21T20:17:19Z,2024-04-21T20:17:19Z
UgwmC2B7f_ZkabzDrjZ4AaABAg,@joneklund581,That was an insult to Tupac style & flow. It had the bullshit Drake rap all over it.,1,0,2024-04-20T14:26:44Z,2024-04-20T14:26:44Z
UgxRn-O7n6yPkJKN1wt4AaABAg,@patricklazaro-h6n,kendrick now a beach to be honest,0,0,2024-04-20T14:12:38Z,2024-04-20T14:12:38Z
UgwDPyf2bqaxKDJD_WF4AaABAg,@lukecrossley,"this song is a W, but using the AI tupac kinda sucks, we really need greater protections in the music and film industry for protecting people's likenesses and images - he shouldn't be able to do that without clearance from pac's estate",0,0,2024-04-20T14:03:00Z,2024-04-20T14:03:00Z
UgwVNn3Kjnuy5X2BB7V4AaABAg,@Fleezy81,"If Pac was alive, Drake wouldn't exist",0,0,2024-04-20T18:17:00Z,2024-04-20T18:17:00Z
Ugwms5CRj6euZ-4ft0R4AaABAg,@brinleydavids7444,Its not a true reaction if you listen to the song first and then do a reaction video,0,0,2024-04-20T12:58:01Z,2024-04-20T12:58:01Z
Ugw87rLg2nBhsfzEyUR4AaABAg,@Billjaay,Drake killing Kendrick bro kdot scared,0,0,2024-04-20T22:07:02Z,2024-04-20T22:07:02Z
UgwSLgBfqaFHsuViKl54AaABAg,@Allstar_clip,Man you did more talking than anything,0,0,2024-04-20T13:18:55Z,2024-04-20T13:18:55Z
UgzVaVA5qfQmIdkJ1wF4AaABAg,@Rozhere4u,How Drake put his foot in his mouth 😬This didn’t age well at all.,0,0,2024-12-04T10:54:08Z,2024-12-04T10:54:08Z
UgxyT7S1Qesya3t2FJ94AaABAg,@rtjrecording,RIP Tupac this is disrespect & Week shit,2,2,2024-04-20T12:55:12Z,2024-04-20T12:55:12Z
UgwKtmCkanidpkltIz94AaABAg,@blackbeltben2775,Lol you think Drake has Kendrick pressed lol 😅😅😅,0,0,2024-04-20T15:20:10Z,2024-04-20T15:20:10Z
UgyzP88enT7WpaH-UuF4AaABAg,@disponiblehudson,Drake is afraid I can tell to how he’s pushing it,0,0,2024-04-20T15:23:39Z,2024-04-20T15:23:39Z
Ugxv_f2Nv3wQSGIC4cl4AaABAg,@JvariW,"DRAKE TOOK 3 WEEKS TO RESPOND. He knows that. Now he rushing Kendrick. Dirty tactics but ay, what do you expect.",0,0,2024-04-20T17:24:15Z,2024-04-20T17:24:15Z
UgwMws8cHzT45TntoT94AaABAg,@jamesdawute8398,Whiteboys are so happy today 😂,0,0,2024-04-20T17:13:15Z,2024-04-20T17:13:15Z
UgwHc4CJPBYTN49Zkat4AaABAg,@RB-gx4qg,"I rather classic music than this stuff that takes an hour to whip up. It paints Drake as the aggressor,  but these songs are just pokes. It's getting the crowd riled up. So a battle is inevitable. But it hasn't began. I don't love these songs. It's the warm up. Like that, is still the better song. I'll wait for Kendricks album. Drake can have the lead. But whoever makes the best music will be the winner. These songs don't win it, unless Kendrick shoots duds.",0,0,2024-04-20T20:51:26Z,2024-04-20T20:59:46Z
Ugx5QNS9pfuIbxrpcRt4AaABAg,@Backyardstones4,Should have asked PACs estate before. Now he looks corny with them threatening to sue over this diss track.,0,0,2024-04-26T00:46:25Z,2024-04-26T00:46:25Z
UgwnkgjY8gGQaQoHl9N4AaABAg,@chrislouis5743,"Yall about to look real foolish when yall find out all theses diss songs are “generated AI” 
You’ll see",0,0,2024-04-20T16:15:33Z,2024-04-20T16:15:33Z
Ugy02sFwc0ooHV8l2f14AaABAg,@ryancoffey9910,I like Kendricks music but i for damn sure don't trust anyone with a Messiah complex,0,0,2024-04-22T22:55:25Z,2024-04-22T22:55:25Z
UgwVE6WpF-FPjoKr74F4AaABAg,@mzbelladonna3,"Love your channel, Knox. Reading these comments now is a trip. Using Pac as AI is hella disrespectful and it’s crazy to me how anyone wouldn’t see that right off the bat.

Using AI is blasphemous on its own but then to add Pac in the mix is disrespectful to Tupac! Drake is supposed to be disrespecting Kendrick, NOT Pac.

This is when I realized Drake has no clue what he was doing. He soft launched Push Ups then he pulls this move, which is clever on the surface but exactly the kind of thing that someone who really loves hip hop would never do without permission at least. 

He pissed off an entire coast with this song then had to take it down. HUGE L.",1,0,2025-03-30T11:46:34Z,2025-03-30T11:47:37Z
UgyE7S3dnI8v_bgNuhF4AaABAg,@juliemcneeley8491,Drake's problem is he doesn't have the skill to rap in another rappers flow so you his AI is so obvious.,0,0,2025-02-08T22:57:55Z,2025-02-08T22:57:55Z
Ugw4L5pSsQlcAMrZbz54AaABAg,@gstacks814,"just when i think he can't get anymore corny...smh, a.i diss tracks 🌽🌽🌽",0,0,2024-04-20T13:25:03Z,2024-04-20T13:25:03Z
UgwAxYw7qpgoKdFGTux4AaABAg,@fromrussiawithpranks3056,"Welp, looks like Kendrick Lamar responded to Drake and Kendrick also used Snoop a.i and Eminem a.i. just dropped on my channel",0,0,2024-04-20T12:53:17Z,2024-04-20T12:53:17Z
UgwvI1l7ylEkpCb4Khd4AaABAg,@alenaa6075,This is completely off topic— and trust me I understand everyone is really focused on the Kendrick/Drake beef 👌🏼 I just wanted to ask if you would break down one of Doja cats’ songs from her new rap album “Scarlet”. Her Sh*t gets deep and I would love to hear you break it down ! Thanks Knox! 🤙🏼🤍,0,0,2024-04-22T10:15:52Z,2024-04-22T10:15:52Z
Ugw2EON8HEVDAGLLde54AaABAg,@AyrtonMartinez-g7k,Pretty disappointed all the bars you missed in his last diss track,0,0,2024-04-22T14:24:39Z,2024-04-22T14:24:39Z
Ugyp-LZtw9J1kxye2ap4AaABAg,@redline8314,Is Drake serious? Talking about K Dot doing a feature on a swiftie track? How many times has his soft ass been on mainstream girlie song! Give me f-ing break!!!! Thats the king of soft. Sht he was on the damn Disney Channel LMFAO! He need to tuck that diss away real quietly and quickly!,0,0,2024-04-20T15:13:17Z,2024-04-20T15:13:17Z
UgwnB-E-olJ7reBTe-R4AaABAg,@satsangjohnson4444,"🤔🤔🤔.. Using Snoop's voice.. while Snoop is still alive? .. 🧐🧐.. Not a good move in my view unless Snoop gave his blessings.. 😅
Which, I don't think Snoop would've blessed someone to use his voice.
🤨🤨🤨.. Now I gotta hear Snoop's thoughts on this",0,0,2024-04-20T18:16:48Z,2024-04-20T18:16:48Z
UgxOjkhmVXR7385d0u14AaABAg,@jamesjohnson1522,Sounds nothing like Pac though😂😂😂,0,0,2024-04-20T15:40:13Z,2024-04-20T15:40:13Z
UgzsCoOhQa3CTwRn2T54AaABAg,@veysey2243,Dont like any of drake music. Its not for me. Not a fan of people who use ghostwriters. Each to there own though 👍,1,2,2024-04-20T13:24:09Z,2024-04-20T13:24:09Z
UgxX8QNCcRvViyH5c914AaABAg,@WARSTALGIA,"Look at Drake tryin to get Taylor involved because let's be honest, if Drake is rap music... So is Taylor Swift. That clown belongs in the pop charts.",0,0,2024-04-20T16:55:49Z,2024-04-20T16:55:49Z
UgwULs3en_NzgIFo9a14AaABAg,@irinescovici,Scorpio can't fuck with Gemini.,0,0,2024-04-20T18:45:28Z,2024-04-20T18:45:28Z
Ugyv88GbVaaQy8U-HTx4AaABAg,@summersol5,All lildrama fans. Wompwomp. Try again with fabrication.,0,0,2024-05-01T22:07:00Z,2024-05-01T22:07:00Z
UgwdXf8Af5bAtSYVfLF4AaABAg,@Gr1mTh3R34p3r,Eminem will hopefully drop soon make this beef irrelevant,0,0,2024-04-20T15:21:42Z,2024-04-20T15:21:42Z
UgzWHtBUifbHsQ5sLrd4AaABAg,@tsubakichan,iunno why everyone going crazy. Who actually believes Drake wrote any of this?,0,0,2024-04-21T03:16:42Z,2024-04-21T03:16:42Z
UgxKBJYoESewdN9HFot4AaABAg,@kaiphan1346,This track disrespectful asf,0,0,2024-04-20T21:40:57Z,2024-04-20T21:40:57Z
UgwKYADvPQK2Ff1Piy14AaABAg,@angelgoplay1149,Have to admit it. This was great by Drake. Drake 2 Kendrick 1.,0,0,2024-04-20T13:32:54Z,2024-04-20T13:32:54Z
UgyO8-9P-SP2E5hYnIJ4AaABAg,@smooth-handle,"Drake was on fire with pushups
but this is blasphemous",0,0,2024-04-21T02:34:56Z,2024-04-21T02:34:56Z
UgxzJdFd3t5kJQLrSNx4AaABAg,@jayruiz4249,Drakes ghostwriters went hard on this one 🙌🏻🔥,0,0,2024-04-21T00:15:23Z,2024-04-21T00:15:23Z
UgzFG6D0i0PGO7SGgZB4AaABAg,@Pamela-3256,"He didn’t write that shit, common now smh",0,1,2024-04-20T19:38:29Z,2024-04-20T19:38:29Z
UgxzttsSVrj-joT7oPZ4AaABAg,@T62306230,Kendrick gonna lose so badly. Its not even funny 🥲,1,0,2024-04-21T16:32:26Z,2024-04-21T16:32:26Z
UgzEvnaAcwbTb29eD2Z4AaABAg,@Renejime9288,"Although I think it’s a genius move from Drake in a battle rap perspective, I feel like the consequences of using Ai will come into fruition in the music industry in the long run. I don’t like it",0,0,2024-04-20T14:18:13Z,2024-04-20T14:18:13Z
UgxQ7xamzkigKM-_1WR4AaABAg,@grittobefit4712,"Yall way too early impressed…. BBL DRIZZY begging Kendrick to respond cause Kendrick running the air waves/clubs EVERYTHING..

You nerds area joke 😂💀😂",0,0,2024-04-20T16:07:26Z,2024-04-20T16:07:26Z
Ugwz6nxIkxvEkKNCQ314AaABAg,@TheLogicalist3000,"Definitely Pac’s voice, but not his flow.",0,0,2024-04-20T16:52:02Z,2024-04-20T16:52:02Z
UgwDO0jg-ti-iP4iTOB4AaABAg,@kidfuse5x,It’s actually sad he making song after song all over 1! Verse  🤦🏾‍♂️😂 Kendrick 🥇,0,2,2024-04-21T11:41:50Z,2024-04-23T00:56:46Z
Ugyl3p2sDU83PdqcQXF4AaABAg,@oluyomifadipe5634,"Listen... if Kdot dont respond IMMEDIATELY. Its over, we calling it for Drake. This is becoming child abuse for real. Wtf.",0,0,2024-04-20T14:54:19Z,2024-04-20T14:54:19Z
Ugxpc0nICa53n3bqfhp4AaABAg,@ShadedOne_,Drake is like a needy girlfriend and her man not responding quick enough.,0,0,2024-04-20T14:53:12Z,2024-04-20T14:53:12Z
UgxkOsAVW2lo0UAi7AN4AaABAg,@Jaymastia,"You're late, bro",0,0,2024-04-20T14:13:46Z,2024-04-20T14:13:46Z
Ugyt4aY1EH82ajjRqWV4AaABAg,@brandonstory8576,This gotta be one of the most corniest reactors.,1,0,2024-04-20T13:38:55Z,2024-04-20T13:38:55Z
Ugw_1xjDrpCsDDaV6PV4AaABAg,@dude.whats.her_name,Is it just me who thinks the ai shit is weak as fuck?,0,0,2024-04-20T20:38:10Z,2024-04-20T20:38:10Z
UgxIYJ84qiBgKIJiBlB4AaABAg,@Davidvx1468,"Lol I'm done with this beef at this point...Kendrick silent as a damn mouse 😅I'm giving him one more week, otherwise Drake takes the W for spinning the block",0,0,2024-04-20T13:42:26Z,2024-04-20T13:43:21Z
UgzfVct4JRXmy26WVO94AaABAg,@seriousone44,"I don’t care AI or not, ghostwritter or not Drake smokes em while Kendrick can sit at home and do nothing about it. Respect for Drake only dog remaring from gen.",0,0,2024-04-20T15:19:20Z,2024-04-20T15:19:20Z
Ugy-laBWnqwutcdqqyh4AaABAg,@Jadaki,Using AI filters like this is corny as fuck,0,0,2024-04-20T14:42:20Z,2024-04-20T14:42:20Z
Ugz6BonIBQl9mPMUq3F4AaABAg,@icebergthegamer,I can’t be the only one that think it’s corny for Drake to use PACs voice to downplay the underage allegations? He shoulda used his own voice to discuss that at the end of the song. Super corny to me,0,0,2024-04-21T12:31:48Z,2024-04-21T12:31:48Z
UgzHG5GtlZoXsjeE8od4AaABAg,@BurningMoreXP,Drake is ruining Pac’s legacy by doing this.,0,0,2024-04-20T15:25:09Z,2024-04-20T15:25:09Z
UgwHpUcx-XgC9vS5ZWN4AaABAg,@WembyWelch,damn this shit aged terribly,2,0,2025-03-08T10:01:24Z,2025-03-08T10:01:24Z
UgwzXgSzMaY5HiamCEx4AaABAg,@hepotchka21,Man!!! This comment section aged like milk in the sun. 😂😂😂,1,0,2025-06-30T12:52:30Z,2025-06-30T12:52:30Z
Ugw2dAwdNW57FzGCxWl4AaABAg,@barcatable8781,Drake violating Kendrick again?,0,0,2024-04-20T17:26:44Z,2024-04-20T17:26:44Z
UgxAq_YoP-V06aob9QF4AaABAg,@sodahead4108,"I just realized something. 

You supposed to be the boogeyman go do what you do. Unless this is the moment that you tell us this not really you. 

WOW! Is that a Cole reference or am I buggin?",0,2,2024-04-20T22:37:38Z,2024-04-20T22:37:38Z
UgxXEggA8ijgM9tKdtl4AaABAg,@RufusWall,Drakes trying to get Kdot to rush out a response cuase Drizzy could never win against Kdot and he knows it,2,2,2024-04-21T13:38:55Z,2024-04-21T13:38:55Z
UgxHrHQvFG9u8g6MIkl4AaABAg,@smokeybowls187,"Man, this shit is so corny with the AI voices. It's not even disrespectful to Kendrick, it's disrespectful to Pac & Snoop. It wouldn't be 20v1 if Drake's goofy ass didn't alienate his peers.",0,0,2024-04-21T00:54:21Z,2024-04-21T00:54:21Z
UgyYdBcUz0VZaWMoXqZ4AaABAg,@JoCoMoreno,"Lmao. Kendrick just finished a project with taylor swift. A pop star waay bigger than drake. Like That is STILL number 1 billboard track. And drake too three weeks to respond to Like That and still hasnt responded to control from 11 years ago. Dude still gotta address that. Kdot will-smith slapped drake in that verse and the bet cypher.

Kendrick busy. Foh.

Besides. Control verse is WAAAAY harder than anything drake could hope for.

Oh and dude didnt even write pushups on his own. Everyone got on benzinos ass for not writing his trash against em by himself. Now we got drake using his sweatshop of underpaid and overworked writers pumping out made in china AI lyrics.

Im good. Yall like that corny trash, you do you.",0,0,2024-04-20T15:52:57Z,2024-04-20T15:52:57Z
Ugz5bWQO8CXhSW-8SDJ4AaABAg,@sincerelyspazz,It’s so corny man. Drake cooking him now Kendrick fans pulling the “white boy” card😂😂😂😂,0,0,2024-04-20T19:15:14Z,2024-04-20T19:15:14Z
Ugw0NkMNiOc_Gd5ezwB4AaABAg,@bonkersprevails4073,"tHIS WHAT KENDRICK WAS TALKING ABOUT... Kendrick has foresight. That is what makes him great. this reaction is why kendrick said. "" I'm what the culture feeling."" who checks this guy? outside of people who need a reaction video to say, ""Oh He knows.""......????? really? bruhhhh i like this guy,but what? maybe for clout i guess. Feel relevant? actually watch his reaction. 4real. I'm just sayin lol. Why is this dude on my f*****  algorithm. sorry bro. love your vibe but, no.",0,0,2025-01-04T08:51:43Z,2025-01-04T08:55:28Z
Ugy1SsReCfjjKgrhLgJ4AaABAg,@tommyhenderson8985,Old wheel chair Willie tring to diss somebody BUM!,0,0,2024-04-23T11:42:19Z,2024-04-23T11:42:19Z
UgygJZAEtTH9FlG9QD14AaABAg,@Wanganchiba,Just proved drake owns 20% of gamma snoop Ross French 4batz and sexy red is signed to gamma. Snoop did not clear this drake override snoop. Larry Jackson is the Dame dash drake is the jayz/rapper of gamma. This track is trash pac fell out with snoop and called snoop a snake. PAC would never respect a person like Drake. So this is just pathetic I can bet money snoop is very upset Drake did this without his approval smh,0,0,2024-04-20T13:41:38Z,2024-04-20T13:41:38Z
UgxM-jxS305B0kEs7SF4AaABAg,@davidcici11Evolution,"I liked Drake first diss I gave it a 6.5/10 this diss ain't it. 4/10
A few reasons why Drakes disses are not as good as people think because in a strange and obscure way Drake is low key sneak dissing himself so that he doesn't give Kendrick amuniciation too. 
Example the splits. 
1. Birdman is and cash money is well known for giving their artists shady and undeserving contracts. 
2. OVO Drake own label has ran a mass extinction event for all artists on that label, Drake does a horrible job of promoting his artist and all his artist have failed that have been signed under him (Unlike J Cole kudos to Cole). 
Drake references of Taylor Swift and Maroon 5 and the whole splits is not really hitting where he thinks it hits at. Given that Drake has had two collab albums with two of the hottest southern street artists (Future and 21 Savage) so he can appeal to a rap demographic he is limited in. 
Also to note Drake has made songs with pop artists like Rihanna and other artists too for his label sake and to help promote his own music. 
What I find off putting about this latest diss is 
1. Snoop wouldn't co sign this using his voice is disrespectful to Snoop. 
2. If PAC was alive, PAC definitely wouldn't like Drake and probably would be dissing him 😂 PAC been dead for almost 30 years that is disrespectful to use PAC that way. 
I like Drake creativity but Drake rapping like a rapper who is scared he alluded to Kendrick being the rap boggeyman. If you pay attention to Drake he is sneak dissing himself to avoid Kendrick smoking him. He is trying to get Kendrick to make respond quickly so that he can get Kendrick to make a mistake by not putting certain things out there about him. Drake chess moves are pretty good but these tracks aren't going to age well.",0,2,2024-04-20T14:22:10Z,2024-04-20T14:22:35Z
Ugw68afhFp2wJx2mlLR4AaABAg,@gdbrown86,Anxious and corny.,0,0,2024-04-20T14:06:12Z,2024-04-20T14:06:12Z
Ugxnp0XWBgeBNrcrajx4AaABAg,@jackiearcher7738,"Drake always using other people just like he use ghost writers, can't do ish himself. Drake is a sucka MC period.",1,1,2024-04-23T17:05:15Z,2024-04-23T17:05:15Z
UgykBS98_kRcHLQZOYh4AaABAg,@e5toro7008,Cringeworthy,0,0,2024-04-20T23:23:08Z,2024-04-20T23:23:08Z
UgwCbrtZvo-OvrUReVZ4AaABAg,@TheBookOfVessel,The disrespect of using Pacs voice tho. Sorry but no..just no.,0,0,2024-04-20T18:06:42Z,2024-04-20T18:06:42Z
UgzqO56O--bGXAQg8YJ4AaABAg,@leonwalton8029,Bro you talk way too much through the video,0,0,2024-04-20T17:32:29Z,2024-04-20T17:32:29Z
UgzaTSfe4-ybTCB8bVR4AaABAg,@SpeakTagalogNow,"this drizzy don't know what he is doing. disrespecting the west coast and the whole culture, he is not even coming from the west or east. KL is a 6an65t3r and D is an actor. one love the culture and one love the fame. one respect the culture, one disrespecting the OG's. i c a DMW. rip D",0,1,2024-04-21T16:25:01Z,2024-04-21T16:25:01Z
UgwoaKqxG_5rooLwlLh4AaABAg,@Maxxroadrash,Doo doo bars beneath it all.,0,0,2024-04-20T15:18:55Z,2024-04-20T15:18:55Z
UgwDoguiZWFMUAddXL94AaABAg,@gmbphaceofficial,That's so not Pac 🤦🏽‍♂️ Drake ran outta accents and now he's using people's voices 😑 this means his own voice is soft as hell and can't scare nobody 😂 #PlantLife,0,0,2024-04-20T21:55:22Z,2024-04-20T21:55:22Z
Ugz0J_zXly-AqGc5sZN4AaABAg,@MrBait362,"Reactors today are good for the industry. But disingenuous ones who know damn well how the industry is and how some acts move but try to push a specific narrative are the ones who mess the game up. Hyping nonsense just. After listening to Chris Brown and other Diss Records, as of the moment, Drakes diss is sub par and that AI make him look a lot worse. I am waiting for the Kendrick diss record then we can talk. Drake releases songs regularly and saturates the industry no wonder his songs are easily forgettable today, as of Kendrick, he spends his time and when he releases its it. We still talk about Like that more than Drakes diss song. Why is that? Stop messing up the industry and with useless narrative that don’t align with the way people operate. People want to cook, let them cook and serve. The rest of Yaol, do what you do best and Sit your behind down and wait to eat.",0,0,2024-04-20T13:45:28Z,2024-04-20T13:45:28Z
Ugy24dZvQuyM3gohUtl4AaABAg,@bigtomhanks12,This shit was weak.,0,0,2024-04-21T16:16:30Z,2024-04-21T16:16:30Z
UgwX7ne0tG_-uCbiKRB4AaABAg,@christaylor6654,I hate drake and I hate ai worse,0,0,2024-04-20T22:47:40Z,2024-04-20T22:47:40Z
UgyL2fffmJbt-TnK_Sp4AaABAg,@GeauxToxic,"3 major sins against hip hop. 

•Stamps Ai
•Disrespects 2pac
•Disrespects Snoop",1,2,2024-04-20T14:26:57Z,2024-04-20T14:26:57Z
Ugy3YfRM89nFOJXgpHt4AaABAg,@tsetse4327,I hate this AI shit… do your own disses… some hyper cringe shit…,1,0,2024-04-20T15:17:56Z,2024-04-20T15:17:56Z
UgweiUWNR5qGuHYnFEN4AaABAg,@stephvnwulf,"This shit was weak, who uses another rappers voice to rap, that shit is wack",0,0,2024-04-20T19:30:40Z,2024-04-20T19:30:40Z
UgxJaH7Hv1TPc00gpdN4AaABAg,@mousepad9763,This is wack using a dead mans voice when you dont know what he would do or say in this situation,0,0,2024-04-21T06:18:23Z,2024-04-21T06:18:23Z
UgxtpiMXj6ojutmBMhB4AaABAg,@AJUSA1,Kendrick has nothing for Drake... stalling... this super over.,0,0,2024-04-20T13:37:22Z,2024-04-20T13:37:22Z
UgwZyypfyjlJMj431Jt4AaABAg,@inzombgaming,Super weak using Ai in a diss song in my opinion.,0,0,2024-04-20T22:42:45Z,2024-04-20T22:42:45Z
UgyT7yF8X82ikepRMjd4AaABAg,@fatimahernandez7669,Boring 🥱,0,0,2024-04-23T17:50:19Z,2024-04-23T17:50:19Z
UgyPEXvsNnJVzWhB1sN4AaABAg,@hmm3041,"Pot calling the Kettle black, Drake says Kendrick has no street credibility but neither does Drake.",0,1,2024-04-21T07:55:46Z,2024-04-21T07:55:46Z
UgwPDw221QQw1-ViFNB4AaABAg,@matiekae0414,Absolutely not. To do this bull without getting express permission from Pac's estate/family is disrespectful to PAC. That's not how you honor someone you admire posthumously. I cannot BELIEVE you're gassing this up. Sincerely disappointed....... 😔,0,0,2024-04-25T17:06:02Z,2024-04-25T17:06:02Z
UgxuTwT-qq-F6MWMTdl4AaABAg,@fulldeckjoker3372,Actually 🗑,0,0,2024-04-20T14:49:56Z,2024-04-20T14:49:56Z
UgzL-bRzPuE4FOqihOp4AaABAg,@a1ntcry1noveru,Using AI to imitate other artist’s voice is wack af. Instant loss for that. It doesn’t even matter what he says. It’s entirely too cartoonish to be taken seriously. And it’s disrespectful af. SMH. Should have kept it at push ups,0,0,2024-04-20T17:10:07Z,2024-04-20T17:10:07Z
Ugy7wCtDHwB_Eo-yEsJ4AaABAg,@norinac5371,Drake can’t rap that’s why he using pac. Kendrick would rap circles around drake.,0,0,2024-04-20T15:18:46Z,2024-04-20T15:18:46Z
UgzqgByjRA99mmHd84t4AaABAg,@Wanganchiba,This is pathetic not only does it prove drake own 20% of gamma but this also prove drake in the future will use A.I for reference tracks no longer needing a human ghost writer. He can easily type “love” the A.I can give him storytelling about love the A.I can reference the track then Drake can just copy it paste it. Like Ross said “ your flows copy and paste”  this is a all time low for Drake making this it’s truly pathetic,1,0,2024-04-20T13:44:45Z,2024-04-20T13:44:45Z
UgztouG9zl1COWXX18J4AaABAg,@GruTubeCats,"that's just wack, using pac's voice, drake is a dial tone period, guy never was anything and never will be",0,0,2024-04-20T17:48:20Z,2024-04-20T17:48:20Z
Ugzj_sMoT0mb8ttkFhl4AaABAg,@snakecharmer3587,Your acting is bad . You knew pac AI was being used at the beginning why lie,0,0,2024-04-20T19:58:32Z,2024-04-20T19:58:32Z
Ugy2ugrJYatpxCHII0B4AaABAg,@swansmeister,"Funny how people all of a sudden are turning to Drake whilst before everybody was japping he was losing this battle when he was not. Still waiting for a daughter to pop u lmfao, Kendrick is lame as fuck.",2,0,2024-10-28T23:18:44Z,2024-10-28T23:18:44Z
UgzJq1B3Q7QpDqr2YC54AaABAg,@Aslife49,Drake is corny af for this haha. First diss track was fire though.,0,0,2024-04-20T14:17:39Z,2024-04-20T14:17:39Z
UgwK3DEtLEVsSsP5lvR4AaABAg,@goldenbearfitness9297,Bro can’t get one other person to speak against Lamar not one with a billion people on earth 😂 so he has use pretend AI voices cuz nobody real f with you 😂😂😂 sounds lonely to me,0,0,2024-04-20T14:56:59Z,2024-04-20T14:56:59Z
UgxeqImuQyXBATeCSix4AaABAg,@jeremyroulston7521,"How about remove pac and snoops voice,  see how hard it sounds.  Drakes a joke.  Radio artist",0,0,2024-04-20T19:31:02Z,2024-04-20T19:31:02Z
Ugxe3r5zsPd_DCQBfyV4AaABAg,@Philawsofee,"f Drake and this lame diss track, relying on AI means he really don’t got it",0,0,2024-04-20T14:08:07Z,2024-04-20T14:08:07Z
UgxrOoZuMRHY8DqyEcF4AaABAg,@MichelleSanGiorgio,"A I has no place in rap.  It's too impersonal. 
Ouch!!!!",0,0,2024-04-22T11:03:44Z,2024-04-22T11:07:46Z
UgzbZ_a-lcE_bfLXkLF4AaABAg,@rocknroll5725,"Another weak diss track, he needs to come out with the heat already. Everyone playing games so far, Ross so far has the only diss track.",0,0,2024-04-20T14:00:26Z,2024-04-20T14:01:57Z
Ugx06hxcT8wIUONkPxx4AaABAg,@MuthuGason,"Annoying as fuck when you pause every 10 seconds, I appreciate your other reactions where you explain the rhymes but this doesnt need any explanations, just dont explain and love what Drake did",0,0,2024-04-20T17:11:02Z,2024-04-20T17:11:02Z
Ugw-_RZmu7KDdwIMerV4AaABAg,@guthrie_michael003,This diss is dope. But he said the first only took an hour or 2. But it was 3 weeks before he said anything..? 🤔,0,0,2024-04-22T07:47:00Z,2024-04-22T07:47:00Z
UgwKRNV0WCE74qtTgBN4AaABAg,@santosfigueroa6915,Listen it don’t mean anything if he didn’t write it. He uses ghosts writers so until he proves he wrote it not paying attention to this.,0,0,2024-04-20T13:04:52Z,2024-04-20T13:04:52Z
Ugwi2xk7J0qj8rgyE7J4AaABAg,@peacheswilliams3308,"Knox, you spoke too soon and got fooled by this fake goofball!",0,0,2026-06-22T02:30:16Z,2026-06-22T02:30:16Z
UgxUQiooSp-6nTp3wWF4AaABAg,@DIPMECHANIK,"This diss track is whack... you trying hard to explain, it lacks cadence and punchlines",0,0,2024-04-20T16:12:48Z,2024-04-20T16:12:48Z
UgxW9-me5nMCv1Fjav94AaABAg,@Kryssthealien,"Question. Do you think Tupac would be supporting Drake?
This is so fucking disrespectful to Tupac. 
Let the guy rest in peace and don't use his voice to settle YOUR score.
(btw, there is no battle. Kendrick just said how he felt in 3 sentences and everyone is doing backflips, diss tracks and video essays, lmfao)",2,0,2024-04-20T14:06:25Z,2024-04-21T18:29:37Z
UgxF_Effjoc5MrmBaqR4AaABAg,@strangerde2709,"Listen, all's fair in beef. Drake using pac and snoop to get under kendricks skin is brilliant. But fuck, if you can just do this with AI and NOT face any reprecussions for it...just feels gross.",1,0,2024-04-21T05:00:20Z,2024-04-21T05:00:20Z
UgxtRVA0kR9uGGZXRzJ4AaABAg,@brownberry6662,Kendrick is just a liar. Saying Tupac appeared to him in his dream is a  big lie.,0,2,2024-04-20T14:46:06Z,2024-04-20T14:46:06Z
UgxMzehsx5jEKKd0PC94AaABAg,@heybravo23,Kendrick should release an AI diss track using Drakes voice dissing himself and praising Kendrick.,0,0,2024-04-22T10:09:09Z,2024-04-22T10:09:09Z
UgxW8juQf_LWvnxx7954AaABAg,@slimreaper4937,"Drake is isolating himself. Even if he wins this, he ultimately loses. Who's working with him after this",0,17,2024-04-20T14:35:29Z,2024-04-20T14:35:29Z
Ugy7mfBpMYI4ey5FmAB4AaABAg,@Discworld-Edge-Witch,"How did Drake think that an AI Tupac voice was a good idea? 

It just proves the culture vulture allegations. 

When I hear the AI Tupac voice, I can't help but think of the scene in the ""It: Welcome to Derry"" season finale where Pennywise uses the school principal's body like a hand puppet. 

It's just ghoulish. 

Then, in Family Matters, Drake has the nerve to accuse Kendrick of intervening with Tupac's estate to get the song taken down. 

I don't think Tupac's estate needed much convincing on that front. If any.",0,0,2026-01-26T16:07:32Z,2026-01-26T16:07:32Z
Ugyvo1JiDuYIx4aoT3t4AaABAg,@Prince__Major,Drake is tryna bully Kendrick into dropping some bs …. Drake took a 2 weeks to respond then he took another week to claim it … but he capping talkin bout it took him a hr or two to write it … this is the same route he took in the meek mill beef … drop back to back disses so the fans can clown meek into dropping some bs,1,2,2024-04-20T14:24:40Z,2024-04-20T14:24:40Z
Ugy4uX2hVLgUYRRPVRx4AaABAg,@NSeal1120,"I love Tupac too much for this clown to do this, this is disrespectful to PAC’s legend.",2,0,2024-04-20T13:11:16Z,2024-04-20T13:11:16Z
UgxCHmpYEwUjY4GODC54AaABAg,@coolpandas8375,Would have been great if Drake could write. You all get your head out of your asses y’all and stop this gaslighting. You all claim K-dot started it and should respond immediately. The greats don’t respond to the mediocre,1,3,2024-04-20T13:01:56Z,2024-04-20T13:01:56Z
UgxE_DDRMplVF65F2sV4AaABAg,@Slayer-kx5fz,"Yo, this is trash!! Even his dis was trash. Come on, man!!! WEAK!!! Kendricks verse is still worth more. Ross's diss still better!!! Not even a fan of both, but to say this is brilliant is laughable at best!!!",0,0,2024-04-20T14:22:09Z,2024-04-20T14:22:09Z
UgwANPeklZ3RJD-IRm14AaABAg,@coolpandas8375,"How long did it take Drake and his flange/ congress of ghosts on NDAs to respond to just a 20 seconds verse from Kendrick? After two weeks of coking up in an attempt to get their creative juices flowing, they came up with a subpar full diss track that was no way on the same level as the 20 seconds K-dot verse on Like That. That’s some mediocre shit. And now the likes of King Akademiks, better known as Eunuch Akadrake and Papa Rochus (father of uncle Rochus-Boondocks) and others are calling for an immediate response from K. That tells me they scared af. K doesn’t need to respond to mediocrity and low level competition. And if he does deign to respond, he’s earned the right to respond whenever he wants to. He too big to be pressured by fake wannabe snowflake hiphop wannabes and self proclaimed internet experts. Are you all seriously considering that K-dot is running scared of Drake? Really??? That’s probably the most delusional shit I’ve heard in a long time. And if you all truly believe that, then you know nothing about hiphop. A real hiphop artist, probably on the same level as Pac scared of a rapper that gots no penmanship, no wordplay, no lyrical ability and depends on a flange of ghostwriters? A wannabe rapper that’s the stooge of corporate America? Nah! This shit is unbelievable. 😂",0,0,2024-04-20T14:31:07Z,2024-04-20T14:31:07Z
UgwlpGFnX85lRZ3SIdZ4AaABAg,@dforreallogup5683,This lame only nerds think this cute,2,0,2024-04-20T12:59:18Z,2024-04-20T12:59:18Z
Ugzcyg0JM6vBMZESY_Z4AaABAg,@idkoshr,I don't see a way Kendrick recovers from this. Kendrick's first diss was already pathetic because he had to join forces with a bunch of other artists. Now Drake is calling him out for being a puppet of the music industry and Kendrick isn't responding because of Taylor's album.,0,0,2024-04-21T13:33:00Z,2024-04-21T13:33:00Z
UgzhfTTHBWBlLA5Vwz14AaABAg,@aiolosfritzalas2468,ai is kinda lame ngl,0,0,2024-04-22T14:45:12Z,2024-04-22T14:45:12Z
UgzKe_8lWhSbR3-9GTl4AaABAg,@Aaliyahbaby19,That’s Why Drake got his ssa beat so bad! DONT EVERRRRR DISRESPECT THE KING 🤴🏾 OF HIP HOP !,1,1,2025-04-15T00:44:32Z,2025-04-15T00:44:32Z
UgxsYfsoA8B7786LhYl4AaABAg,@stevenwilliamturner638,"Drake aka elevator music is trying to bait Kendrick into realising his track this week, so the impact it will have in the music industry would be overshadowed by Taylor Swift new album. To use Tupac voice is a little disrespectful to his family, to use a dead persons voice to diss someone is low, I am sure if Afeni Shakur was alive she would be furious.",0,0,2024-04-21T04:54:38Z,2024-04-21T04:54:38Z
Ugwi3cv_gI9jlncXdsR4AaABAg,@Nightjak,KENDRICK responded to Drake with OWL HUNTING...  Where you at with the reaction,0,0,2024-04-22T18:41:01Z,2024-04-22T18:41:01Z
UgzdwtuR9FK0nv3QED54AaABAg,@Nightjak,KENDRICK responded to Drake with OWL HUNTING...  Where you at with the reaction,0,0,2024-04-22T18:41:29Z,2024-04-22T18:41:29Z
UgzMQkkSrYUxUXI0Jwl4AaABAg,@jeffreytully6883,Knox in your honest opinion do you think Drake actual wrote this? I don’t really care about this battle but once he’s admitted to having ghost writers to me you r done! If you’re asking me he didn’t write this shit! And Taylor swift runs the whole industry Drake included 😂😂,0,1,2024-04-22T09:47:50Z,2024-04-22T09:47:50Z
UgyH7fCY09-jxSBPGGh4AaABAg,@Nightjak,KENDRICK responded to Drake with OWL HUNTING...  Where you at with the reaction,0,1,2024-04-22T18:40:57Z,2024-04-22T18:40:57Z
UgyHV5HjlwMmUwAf3sV4AaABAg,@peacheswilliams3308,"Most rubbish track, only heart fart 6 beat it ... sorry, but this definitely not a decent track...cringe AI crap. , sorry NOT HIP HOP...Just drake the Fake watering down hip hop as usual. Stop hyping this fool!!!!",0,2,2026-06-22T02:25:34Z,2026-06-22T02:25:34Z
UgxmSGmT6xumvNsW-DZ4AaABAg,@chandrithasenanayke3683,Kendrick already lost bruv. That Taylor Swift line is genius!,0,0,2024-04-25T00:39:08Z,2024-04-25T00:39:08Z
UgxfdAi2v16z4x4LFBd4AaABAg,@Tebogo.Mash91,Kendrick is just frustrating the F outa Drake and I like it. Kenny told you he's not one of them but the ONE!! Drake is going for public favor and Kenny doesn't give a F. He's illusive AF,0,1,2024-04-22T09:46:07Z,2024-04-22T09:46:07Z
Ugw8C61XffqKFVHa-CR4AaABAg,@leeurbaniak6324,I'm just curious which ghostwriter wrote this shit for Drake!? How are you going to try and diss anybody that writes their own shit?! Sad bro!,0,0,2024-04-22T06:04:11Z,2024-04-22T06:04:11Z
UgxH97KVmwi043AVRNl4AaABAg,@frederichabsalonsen,Ahah this is just an ai generated track 😅,0,0,2024-04-21T13:00:53Z,2024-04-21T13:00:53Z
UgwAVjKgM3bjPUcH4sN4AaABAg,@michaelsullivan9601,"You’re the GOAT of reactors but this one seemed weird man. It’s not as hard as you tried to make it seem? The AI shit is corny AF and weird considering most artists hate it but Drake decided to use it? And it’s not disrespectful to KDot, it’s disrespectful to the ppl he used. The Taylor bars are trash cause Drake said he’d move his shit anyway so 🤷🏻‍♂️ and at what point does it become sad that Drake is begging Kendrick to respond? He really is the boogeyman considering Drake can’t stop saying his name",0,1,2024-04-21T13:12:41Z,2024-04-21T13:12:41Z
