comment_id,author,text,like_count,reply_count,published_at,updated_at
UgyLSD6wAA_bR-1MBhB4AaABAg,@TOMR3D,“First time he sounded comfortable” nah it’s the first time YOU been comfortable.,6313,79,2024-05-07T09:49:21Z,2024-05-07T09:49:21Z
UgxbYMt7ZDUjfFXhUEJ4AaABAg,@xo4l34,"“hey drake they’re not slow” 
did NOT apply to ya’ll 😂",3199,27,2024-05-09T15:11:11Z,2024-05-09T15:11:11Z
UgzTUZXRFZGvWYIb32N4AaABAg,@darrellwilliams9168,Ngl yall hyped up Drake filler bars but judge Kendrick’s bars on a different standard💀,8012,195,2024-05-07T05:54:46Z,2024-05-07T05:54:46Z
UgxmIilU7OuSxjEL1oZ4AaABAg,@swesh26,"The ""you guys disliked the vid before you even watched it"" is so ironic lmao",1679,17,2024-05-07T05:47:34Z,2024-05-07T05:47:34Z
UgyiTfDEuZ4aECK0U9l4AaABAg,@The_Dusk_Sage,"They say Cole touches your heart, Kendrick your soul, and Drake your kids.",4327,81,2024-05-07T12:56:00Z,2024-05-07T12:56:00Z
UgweEC_kLvriSLsth914AaABAg,@caciblackler3277,Meet the Grahams wasnt made to be lyrical. It was deliberately made to be disrespectful and to the point,6010,212,2024-05-07T05:12:23Z,2024-05-07T05:12:23Z
UgwSFT3SgCdDEjaxzDB4AaABAg,@theburgerofficial1,"The funniest thing, is that Kendrick literally said that unless he was rapping on a club beat, none of the drake stans would give a shit about what hes saying and it'd fly way over they heads. Look what happened.",1498,25,2024-05-21T05:44:30Z,2024-05-22T11:45:30Z
UgwQqjU-y-gD3vD0fyB4AaABAg,@ashinyespeon,"Kendrick : “Drake, your fans aren’t slow”

This channel : hold my beer",721,5,2024-05-16T05:08:08Z,2024-05-16T05:08:08Z
UgzLGeeW7srJTByknIl4AaABAg,@l.aguilar1,"the fact they were referring to this dude as ""the bald one"" had me rolling.",3086,28,2024-05-07T07:22:22Z,2024-05-07T07:22:22Z
UgzrtJPyRj_mR0upoQt4AaABAg,@wojek2209,"""5 percent will comprehend but 95 is lost.""",2103,19,2024-05-09T15:02:18Z,2024-05-09T15:02:18Z
UgwRe-YCRn4Oy67jdLh4AaABAg,@ImMe-hp7jn,“ Finally a witty double entendre…” ummm have we been listening to the same songs lol he’s been delivering them. The A minor bar has been his most basic one… lol.,2110,46,2024-05-07T05:23:24Z,2024-05-07T05:23:24Z
UgyOIWmILG-MP6IbXt94AaABAg,@BrothaGoodReps,yall missed the whole bird motif “that PREDATOR move in FLOCKS”,82,0,2024-05-23T16:02:10Z,2024-05-23T16:02:10Z
UgzkFdXO76KQZLO_WW94AaABAg,@Philiqification,These dudes wouldn't think a joke is funny unless you literally explain the punchline 💀💀💀,1318,7,2024-05-09T19:12:04Z,2024-05-09T19:12:04Z
Ugz8lxE8fktYD1ckLTV4AaABAg,@edg810,"""The bald one hates Kendrick"" 😂",2019,18,2024-05-07T16:36:05Z,2024-05-07T16:36:05Z
Ugz9Wbvl3FxgUOSuI4J4AaABAg,@AmorTheSaint,“Let’s strip the beat away for a minute “ from these guys is crazy after all the other reaction😂,1277,22,2024-05-07T16:29:51Z,2024-05-07T16:29:51Z
Ugy3sl-riOtEpVaqTTp4AaABAg,@afansperspective8093,Re-watching this as ‘not like us’ goes #1 on the billboards 😂😂😂! Man y’all fumbled this review forreal lol,336,12,2024-05-16T07:20:41Z,2024-05-16T07:20:41Z
Ugz9rPfuwAD0Y16yK2x4AaABAg,@key8056,The whole speech at the beginning 😂 “it’s all about bar work” yet yall can’t dissect them smh,1136,18,2024-05-08T00:32:30Z,2024-05-08T00:32:30Z
Ugx5b8S1JnnHf7FyZhN4AaABAg,@q.waiters6666,“You guys are rapping for him” English class literally taught us how to use context to make inferences from the text.,1184,18,2024-05-08T03:36:50Z,2024-05-08T03:36:50Z
UgxPY0QfjnPQd10aVMV4AaABAg,@_headsheeran,those shiny bald heads reflecting the bars away from your brains fr,2272,39,2024-05-07T13:40:28Z,2024-05-07T13:40:28Z
UgzN7LfwfMPY5BEPM4x4AaABAg,@DTRJR97,"If you’re missing this much and not using genius you’re trying to stick to your confirmation bias. As someone who found this channel for the bar breakdowns, I’m pretty shocked how much you didn’t even try to comprehend.",93,2,2024-06-11T16:17:20Z,2024-06-11T16:17:20Z
Ugy6AN3y9PhH9y6m7yR4AaABAg,@monicac2834,"""I just got my nails done, dont make me chip a nail"" -Drake

These fools: his crayon is unmatched",750,9,2024-05-07T16:57:33Z,2024-05-07T16:57:49Z
Ugz3LfkskxTJcIhS5c54AaABAg,@MindAtLarge010,Baldy trying to teach kendrick how to rap is funny ngl,74,0,2024-05-11T08:20:37Z,2024-05-11T08:20:37Z
Ugy6vfbzMiwhpGkX7wx4AaABAg,@rationaltexan,"These boys exaggerating the head nod to keep the dislikes down 😂

I don’t think y’all hate Kendrick I just think y’all were totally ignored a huge amount of context of these guys circling each other going back a decade and the strategy of when each song dropped. Drake absolutely killed Family Matters and Kendrick wiped it off the earth within 30 mins. He totally stole the moment. If the tactics and optics don’t count for anything they might as well just done a few rounds in an underground cypher and got it over with.",1874,45,2024-05-07T06:42:41Z,2024-05-07T06:42:41Z
Ugy4Xt0F2aSgtdOOxR94AaABAg,@wicho.4747,Bros played drake at the end on a Kendrick reaction 🤡🤡🤡🤡🤡🤡🤡🤡🤡🤡🤡🤡🤡🤡🤡🤡🤡🤡🤡🤡🤡🤡🤡🤡🤡🤡🤡🤡🤡🤡🤡🤡🤡🤡🤡🤡🤡🤡🤡🤡🤡🤡🤡🤡🤡🤡🤡🤡🤡🤡🤡🤡🤡🤡🤡🤡🤡🤡🤡🤡🤡🤡🤡🤡🤡🤡🤡🤡🤡🤡🤡,193,4,2024-05-19T03:06:42Z,2024-05-19T03:06:42Z
UgzaVZ5UCtFxzVNYGeR4AaABAg,@ijamorris,Slavery line was my favorite. Drake said dot raps like he's trying to free the slaves and dot flipped that to give a little history lesson while explaining how Drake was the one that went through atl colonizing. Genius,1613,40,2024-05-07T06:10:27Z,2024-05-07T06:10:27Z
UgzLUVZjYgrIy5FDDZJ4AaABAg,@MrAllDay77,You pick up Drake bars because he raps more simplistic....its like paint by numbers.,537,5,2024-05-10T22:18:20Z,2024-05-10T22:18:20Z
Ugz689hJmJR5AiwObY94AaABAg,@AHB9191,"Kendrick literally brought up the issues with the OVO crew one by one and specifically mentioned Baka and his SEX TRAFFICKING CASE and these dudes said there's nothing there. A drought, no bars. Ya'll stink.",748,18,2024-05-08T12:58:40Z,2024-05-08T12:58:40Z
Ugwk9SszKPZs1pvyzDB4AaABAg,@Kcon462,This video is an incredible glimpse into the psyche of defeat. The forced smiles. The excuses. The strained head nods. All of it. Fascinating.,389,8,2024-07-08T07:11:55Z,2024-07-08T07:11:55Z
UgxAnfUvoMkoxsbQbl54AaABAg,@CufflinksAndChuckles,They also missed on the Malibu's Most Wanted bar. That was a movie about a white guy deep in the gangster rap persona.,360,10,2024-05-07T20:47:39Z,2024-05-07T20:47:39Z
Ugwmmoam6nFH1tEwsFt4AaABAg,@robertp3596,Y’all complaining about “he didn’t SAY it” but then ask for double entendres? All the meanings of an entendre aren’t explicit. Lotta double backing in your own words.,1070,17,2024-05-07T05:58:46Z,2024-05-07T05:58:46Z
Ugy3Ve6vRp9eUKGCZ694AaABAg,@sk8rjason,"It wasn't hate because you didn't agree with us, it was hate because 2.5 seconds into Family Matters Ryan says it's going to be an annihilation. Then y'all start in with the bullshit that Kendrick didn't understand the assignment. Petty shit. I don't care if you agree with my take on a song or not, but whether it was lack of sleep or whatever your bias was clear from jump.",1452,29,2024-05-07T06:17:52Z,2024-05-07T06:17:52Z
Ugxz_HZiDrsq9ZNpfIF4AaABAg,@V369A,"Can’t stop bopping their heads, laughing at every clever bar, pauses it, then say “where are the bars?” 😂😂😂",10,0,2024-09-11T06:42:34Z,2024-09-11T06:42:34Z
UgwcRapSynemMl4UlCd4AaABAg,@Sungoku47,The fact it’s not your first listen waters the reactions down a loooottt,309,6,2024-05-08T04:28:01Z,2024-05-08T04:28:01Z
UgwUF_bs8M0QcjehBNV4AaABAg,@thedashstorm,This is a good depiction of society. If you not making us dance and laugh they don’t wanna hear it. Even from guys like this that’s supposed to be a deeper analysis of BARS…,54,0,2024-05-10T19:50:46Z,2024-05-10T19:50:46Z
UgxvNl6aT-UoLcM7EJx4AaABAg,@FantasticFatality36,Kills me that they understand the John Stockton bar but refuse to believe Kendrick thought we could make the connection its just really funny,1398,43,2024-05-07T06:37:39Z,2024-05-07T06:37:39Z
UgyLCdEg6nil-TrNTIV4AaABAg,@zanelenkomonde21,Here after 2 hard 4 radio😂❤,62,3,2026-05-17T01:14:37Z,2026-05-17T01:14:37Z
UgwyR6Vw-tjSlHSsGqR4AaABAg,@prisonmike2980,THE BARS STILL GOING OVER YOUR HEADS WOW.,36,0,2024-05-07T13:39:25Z,2024-05-07T13:39:25Z
UgyDsv69YIpReaeuwrZ4AaABAg,@thomasmussambewe,You guys forget who Kendrick is. Kendrick is a story teller. He is not a one liner or short scheme rapper. He is a story teller.,3081,145,2024-05-07T05:44:53Z,2024-05-07T05:44:53Z
UgysZkt-5aX-c9odGAd4AaABAg,@hklone,Plot twist: EUPHORIA ACTUALLY HAD THE MOST DOUBLE ENTENDRES OUT OF THIS WHOLE BATTLE. HE WAS IN POCKET THEN AND IN POCKET NOW.,703,22,2024-05-07T09:13:06Z,2024-05-07T09:13:06Z
Ugw_zsmyG1OPW0io04F4AaABAg,@kilind2352,"I don't think you hate kendrick.

I just think you can't dissect bars for shit.",767,24,2024-05-15T07:26:51Z,2024-05-15T07:26:51Z
Ugy5ih0b1EfYGbOBiY14AaABAg,@Luisdez4744,I am so glad the comments won 😂😂😂😂 bro I was boiling after that last react 😂😂😂,334,5,2024-05-07T16:24:37Z,2024-05-07T16:24:37Z
Ugzn3NtAuiDeXJTKdyB4AaABAg,@utlopt,"Lost in Vegas ""he didn't say Malone explicitly so you cant assume"" also Lost in Vegas ""its too straight forward he is just calling him names""",639,21,2024-05-07T15:02:57Z,2024-05-07T15:02:57Z
Ugz1yiRdWBKBcSAV0sN4AaABAg,@luismartins7130,"Regardless of your opinion on Kendrick the range he shown in less than 48hrs is crazy. 6:16, Meet the Grahams and Not Like Us are completely different songs in terms of mood, structure, he used different flows, different rhyming complexity… this is insane, and the fact that he did this song in less than a day makes me think that he can do this type of records with the ease",870,20,2024-05-07T06:39:16Z,2024-05-07T06:39:48Z
UgwhzsUuX_ARLCOal5V4AaABAg,@m4everyones,They tried to contain the situation with that intro 😂,16,0,2024-06-04T20:24:00Z,2024-06-04T20:24:00Z
UgzwQdOTXvQLcHbkRX14AaABAg,@jand7070,Cmon guys the Stockton Malone connection is plain as day wasn't an accident,538,20,2024-05-07T13:34:15Z,2024-05-07T13:34:15Z
Ugyn0dcYurH00gaen854AaABAg,@AnthonySmithFAITH,"HIP HOP IS not just about bars. Its about bars,content,metaphors and similes,flows,tone,truth etc. Every line doesn't need a double entendre for it to actually be great.",742,27,2024-05-07T14:51:37Z,2024-05-07T14:51:37Z
UgxUvleUHC3Ht5JZ7NZ4AaABAg,@isaacashmore8420,WE DONT WANNA HEAR YO OPINION NO MOOOOOOOORE,967,15,2024-05-09T18:24:48Z,2024-05-09T18:24:48Z
Ugz1O0AVawoawAm2UdJ4AaABAg,@Joeyclubbin,This is the silliest review of all time...unsettling really,29,1,2024-07-06T05:04:22Z,2024-07-06T05:04:22Z
UgzC8o3Adpb0FZyd5wx4AaABAg,@josephcabrales3776,They out here sounding like Drake on “The Heart Part 6” trying to explain themselves and shit,76,0,2024-05-11T19:37:59Z,2024-05-11T19:37:59Z
UgwQQh8vBiKZ3RvubVl4AaABAg,@ButterflyNoa,Kendrick is removing copyright from reaction channels with his diss tracks. Everybody eatin' 🤑🤑,620,11,2024-05-07T11:48:05Z,2024-05-07T11:48:05Z
UgzHEFn61-zmdYZM6sZ4AaABAg,@janaejohnson2365,Euphoria was full of double entendres. Y’all just slow. Lmao,1061,12,2024-05-08T09:11:43Z,2024-05-08T09:11:43Z
Ugzg5521w9MqjyVJV114AaABAg,@jamesjackson8866,"It's okay to be a drake fan, but don't sell yourself as none bias.",94,0,2024-06-15T20:03:10Z,2024-06-15T20:03:10Z
UgyhtP2yVgxQUuukNnJ4AaABAg,@MRSOLO2ify,This reaction is like the Heart part 6. All defensive 😂😂😂,80,1,2024-05-07T06:08:06Z,2024-05-07T06:08:06Z
UgyeX56I-oBRtt-Z_Rh4AaABAg,@oscarkadafy,"These the same dudes who said Kendrick was taking to long to aim at Drake in 6:16 in LA, when he literally started the track saying “Off-White sun-seeker at the marina” and they thought he was talking about yachts 😂🤦🏽‍♂️ that line probably has like 5 or 6 entendres",220,10,2024-05-09T02:47:11Z,2024-05-09T02:47:11Z
Ugx9eQNHffwD6cOWUz14AaABAg,@k.n.o522,Yall better redeem yourselves after that meet the grahams reaction. I’m a long time fan but that was rough 😭😭,1970,176,2024-05-07T05:03:10Z,2024-05-07T05:03:10Z
Ugwl6tb5zFtsewSDA1l4AaABAg,@youngsam1054,Yall the realest 😂😂😂,6,0,2025-09-08T01:26:57Z,2025-09-08T01:26:57Z
UgzMghMZKg9j1pe8xQJ4AaABAg,@chriscole4892,The sweet chin music bar is so fire because Shawn Michaels biggest opp was Brett Hart(Canadian),59,1,2024-05-07T05:42:59Z,2024-05-07T05:42:59Z
UgxRScmaRKHcBRLDRyB4AaABAg,@baller3030,They made sure to listen to this one first before reacting 😭,67,0,2024-05-07T21:14:16Z,2024-05-07T21:14:16Z
UgxwfNcqCmyN0S5ZFJp4AaABAg,@bustedrav,"He literally said ""pass on this body, I'm John Stockton"" Stockton got most of his assists to Malone who is also an accused pedophile, it's not that hard to see the correlation smh",180,6,2024-05-13T14:16:09Z,2024-05-13T14:16:09Z
UgwC2P6owXd_AoVjj014AaABAg,@Juana4ev,Comment section doing what needs to be done I see. Clearly many of us are on the same level. Glad people calling them out,8,0,2024-05-28T04:02:13Z,2024-05-28T04:02:13Z
UgxooUNY-c-TMWfoN5h4AaABAg,@OstasJr,"""How epic of a shitfest that video was"" is hilarious lmfao. At least yall taking this on the chin (no diddy) though",228,5,2024-05-07T05:25:43Z,2024-05-07T05:25:43Z
UgzBalpiQtdxkH00_mZ4AaABAg,@tatedottech,I couldn't even finish the meet the graham review. LOOOOOOOOOOOOOL.  PLEASE COME IN HERE CORRECT THIS TIME. LOL,49,0,2024-05-07T12:57:37Z,2024-05-07T12:57:37Z
UgztjpD7M1c6dcutdVZ4AaABAg,@JukeboxWithJay,"“No one has looked out for us”

*Kendrick allows you to monetize your videos* 😎",758,21,2024-05-07T05:53:04Z,2024-05-07T05:53:04Z
UgzSA6yS0Bprp8oBvo94AaABAg,@thelordwapi,I wonder how these two feel after this song just set the globe on fire.,12,1,2024-07-10T01:48:17Z,2024-07-10T01:48:17Z
UgzgQOPoYgiciylq8PZ4AaABAg,@monsta6501,"Respect yall for embracing the hate, but we all still know it's yall's attempt to save face. Our issue wasn't you stating a different opinion from ours. It was you, an ""unbiased"" channel that has shown history of understanding lyricism, completey overlooking Kendrick's wordplay, cadence, and theme and treating it as a lame, noncomplex, and untraditional diss track. That's a major point of this beef. Drake and Kendrick showing you, the old culture, that today's culture requires much more creativity and unorthodox methods to dissing that resonate on multiple levels. First it was basic attacks, then personal attacks, then emotional attacks, then accusatory attacks. What's a bigger diss than addressing a man's family members personally as if in conversation with them and mentioning any and all flaws of said man to them? Yall downplayed that heavily and only chose to desire a club bop. This isn't a battle for best bop-star, it's a battle for best rap-star.",697,46,2024-05-11T00:55:14Z,2024-05-11T00:57:35Z
Ugwt7wtDcwUr3OHIXhp4AaABAg,@DaveL79312,"to these two Kendrick can never deliver enough, ...",347,4,2024-05-07T18:41:56Z,2024-05-07T18:41:56Z
Ugwh3e836jSGOwHyqdB4AaABAg,@wakaman94,not gonna lie to yall  man this feels like damage control,246,5,2024-05-07T23:18:35Z,2024-05-07T23:18:35Z
UgwvVd-At5IgKIsl7zF4AaABAg,@kielbenton2504,"The fact they said euphoria is okay, tells me every bar went over their head",158,9,2024-07-03T19:55:14Z,2024-07-03T19:55:14Z
UgzoR2IgAkAFn8KjFix4AaABAg,@kylemoore861,Y’all will say Kendrick is just saying shit without being clever but then play push-ups and be like “I’m the hit maker y’all depend on” like that isn’t drake just saying shit that’s not clever? Huh?,67,0,2024-05-07T07:23:14Z,2024-05-07T07:23:14Z
UgxvuOw9R7Ox6_7Oon94AaABAg,@uphittem,"I think most of us were annoyed because you weren't able to see passed your angle of a rap battle. throughout this beef, Kendrick has exploited 50 ways of coming at drake different.  He's done crazy metaphors, story telling, straight disses, different bar set ups, cold old school beats, where hip hop originates from, and beat drake at his own ""pop"" game. He literally did what you guys have  been talking about, but in a artistic way, and we can obviously say works, because it did. He set up narratives, demonstrated mad word play and when he delivered meet the grahams we knew exactly where he was coming from and it hit harder because we didn't need to hear all the fancy word play.",281,8,2024-05-07T06:59:20Z,2024-05-07T06:59:20Z
UgzpSplrFTUu58eBYsp4AaABAg,@nbadraft08,"Brothers…how can you not give him the Stockton bar?  You’re not making sense.  These words don’t just randomly generate.  They’re choices made by the artist.  He needs to spoon feed every connection?  He has to name drop Malone in order for it to count?  No, YOU are the ones reaching here claiming he didn’t mean it like that.  We’re not rapping for him, we’re correctly perceiving the message he’s sending.  Again, it’s not like that means drake is a predator and should go to prison and it’s all definitely true.  It’s just in the battle Kendrick has been hammering this point home the whole time that this isn’t a stretch to make that Karl Malone association as the audience.",560,13,2024-05-07T06:10:48Z,2024-05-07T06:10:48Z
UgwOvHsrAlaPXOKBHdB4AaABAg,@tizzo2222,Song of the summer 😂💥,8,0,2024-06-21T18:12:34Z,2024-06-21T18:12:34Z
UgxfWpi6uuW4XsFntpp4AaABAg,@Kickinthescience,It’s ironic Kendrick made a club record that’s played more than any Drake disses he had at Kendrick,1174,36,2024-05-07T05:16:49Z,2024-05-07T05:16:49Z
UgzR272L-kznDqHcZLF4AaABAg,@tyizzle80,"These dudes just keep moving the goal  post around, but they dont hold Drake to these strict guidelines being hypocritical. Drake really only made one diss song about Kendrick. All Kendricks songs been about Drake. If anybody has filler bars its Drake.",175,6,2024-05-07T20:46:53Z,2024-05-07T20:49:51Z
UgwCR_kGCkvZ_QPCerB4AaABAg,@lreez977,"I get why it’s hard for y’all to appreciate Dot. It’s cuz y’all are usually looking for set-ups and punchlines or double entendres like battle rappers similar in the way Drake does them. Which is fine, but Dot writes differently than Drake. Dot writes more like a songwriter so it helps to look for themes and metaphors.

For example, even starting off the track with “I see dead people” is a multiple entendre and a call back to Euphoria. (Dead because he killed them after MTG, Dead because of the 6th sense reference from the AI/6th sense bar/Dead because album art is looking at a vantage point of sex offenders gathering at the Embassy)

Y’all missed so much prior to the A-minor (Stockton, Teezo touchdown, Dee-bo).

Also, with the A-minor bar it’s also a call-back and rebuttal to Drake’s Family Affairs where he stretches “Dave Freeeeeeeeee”.

You also missed the Malibu most wanted extended metaphor.

Y’all evaluate Dot from the lens of battle rap which is why it’s hard for y’all to appreciate him. It’s also why y’all didn’t appreciate MTG. Moreover, it’s why there’s a disconnect between y’all, other Drake fans, and Dot fans.

You have to look at his raps more so through a songwriter lens to fully appreciate them. It’s just different styles. 9:24


ADDENDUM:
—————————-
Trust, I get it, I’ve seen a lot of super fans try to explain outlandish stuff. It can get comical (like the 6:16 in LA title lol), but I wanted to share that I’ve been listening to Kendrick since 2010, it’s almost like having a trained ear and knowing what to look for because he’s done similar things consistently over the years. Which is why I liken his approach to a song writer. It’s literally how he builds his albums, and I believe he approached this beef in the same way (literally listen to all tracks in order and it’s lowkey 
an EP)

And I am both a Kendrick fan and a Drake fan, I appreciate Drake’s bars he’s a very clever and witty rapper, been a fan since 2009. So I know how to listen to him too.

Every rapper has their signature styles when you listen to them enough you notice their patterns.",417,59,2024-05-07T05:33:18Z,2024-05-07T06:38:00Z
UgyHaqNNC3ZbQkRhhyZ4AaABAg,@kd-zq5oq,THESE GUYS ARE NOT LIKE US ....,205,3,2024-06-06T01:08:44Z,2024-06-06T01:08:44Z
UgwzDt-kVdZA4uJXTHV4AaABAg,@idrissmerahi4040,"“How many stocks do I really have in stock? - 1,2,3,4,5 + 5”  
(Stock-ten aka Stockton)
You telling me he ain’t saying clever shit throughout this whole thing🔥",393,28,2024-05-07T06:09:21Z,2024-05-07T06:09:21Z
UgyLIY7sFQ2yPT7lsvV4AaABAg,@ItsClout_,"Saying Kendrick hasn’t done anything for this channel but he removed copyrights from all his disses so all the reactors could eat is crazy! 
😭😭😭",681,24,2024-05-07T05:54:20Z,2024-05-07T05:55:39Z
UgyPdLQ8oQmwXZDG1YV4AaABAg,@willmaticbeats,"“Ya last one bricked, You really not on shit”

- Ryan 🤯🤯🤯
-George 🤯🤯🤯 “He ain’t taking no bars off”",249,16,2024-05-07T10:22:51Z,2024-05-07T10:22:51Z
UgwvECVhlxyvXqDoHsl4AaABAg,@marlonkeesee8238,The west coast doesn’t speak in riddles. We walk the conversation down!,3,0,2025-01-06T20:09:53Z,2025-01-06T20:09:53Z
Ugzp82E2LHA9ijfLs_d4AaABAg,@TKOTDtvMusic,Lmaoo i legit thought they bowed out reacting to this beef,527,19,2024-05-07T05:02:33Z,2024-05-07T05:02:33Z
UgxloDunbSwbkhfrqq14AaABAg,@datdude1021,"The “sweet chin music and i wont pass the aux” is a BAR! If anybody knows wrestling Shawn Michaels finishing move was the sweet chin music, where he kicks the guy on the chin for the knockout blow. So he’s saying he got his foot on drakes neck and he’s not letting up",70,14,2024-05-09T05:04:22Z,2024-05-09T05:04:22Z
Ugzk-v02LjCwNVwniGd4AaABAg,@shalbj23,"Drake - “This the bark with the bite” ayeeeeeeeee

Kendrick -“let your core audience stomach that, then tell them where you get your abs from, v12 it’s a fast one” *crickets",111,16,2024-05-08T00:39:22Z,2024-05-08T00:39:22Z
Ugy_3CNKgTZ32gULrJt4AaABAg,@countrytodd4614,Yall should change your name to Lost In Hollywood with how comfortable you were with the pedo accusations,93,2,2024-05-18T03:15:33Z,2024-05-18T03:15:33Z
UgztskqGLVYUCSeaIhl4AaABAg,@robertjohnson5794,"I don't know man, for me the word salad is the complete opposite. Drake throws a lot of bars out there that feel like filler and every line from Kendrick feels intentional and with purpose. ""Rabbit hole is still deep, I can go further I promise"" → ""Ain't no law boy, you a BALL boy, fetch Gatorate or somethin'"" → ""Get a wedgie, be flipped over your boxers"" → ""What does OVO stand for? The Other Vaginal Option?"" Rabbit hole can go deeper sets the stage, BALL boy is a double entendre, flipped over your boxers leads into the next line, what's on the other side of your boxers? The Other Vaginal Option. He's implying he knows another secret about Drake. Between that and ""pass on this body like John Stockton"" (who did John Stockton pass the ball to?) I truly think these bars are just going over your heads. He doesn't need to mention Karl Malone, he used a double entendre that people picked up on.",651,38,2024-05-07T06:38:36Z,2024-05-07T06:38:36Z
UgzVccOUXlpETLYxQW94AaABAg,@VZNARY,yalls battle rap standards absolutely kill me,363,8,2024-05-07T17:18:27Z,2024-05-07T17:18:27Z
UgzJyEjUNExnKb-5bI94AaABAg,@flyingfrogofdeath9616,"The biggest Diss in this track is that its a club banger. Kendrick is getting the public at large to sing and dance to a song calling Drake and his entire OVO crew/brand PDF files... how are you guys missing this?  That's the real Diss. He's outdone Drake in that aspect. Especially with Drake dropping that bar about having the whole club singing his Diss track.

The point of this track was to take the last thing Drake had, the numbers. (Of course not overall but in terms of where each is at NOW) Not Like Us is literally breaking records. In fact, it broke the record of the most streams in a single day... A record Drake held until today... That's the diss. Its bigger than bars.",186,3,2024-05-07T16:39:35Z,2024-05-07T16:43:51Z
UgyHKPZnQ7Gbs5zsXGV4AaABAg,@shrbmr,Lol. They admit they can’t comprehend what they listen😂😂😂😂,7,0,2024-06-15T14:43:38Z,2024-06-15T14:43:38Z
UgxbJEDHh-X7-6EnLhl4AaABAg,@LangHues,one thing that people aren’t realizing is Kendrick has made 4 songs that are completely about Drake. Drake has made 1 official diss (The Heart Pt. 6) that’s only about Kendrick. he’s had the benefit of filling space with bars about other other people. Every word Kendrick’s written has been for Aubrey.,322,29,2024-05-07T05:44:34Z,2024-05-07T05:44:34Z
Ugy4SqKCdQkRmIy5GMh4AaABAg,@GoogleVideoMan,I think the way Kendrick dropped these diss tracks was genius. It showcased all his layers. It showcased how versatile and skilled he is with the pen and tongue. It wasn’t just to show who can ‘rap battle’ better but who’s the better artist period.,26,0,2024-05-07T12:37:48Z,2024-05-07T12:37:48Z
UgynwkuxhvOufgfglq54AaABAg,@teeanq778,Man this shit look painful for them to act like they like it 😂. I think all ppl wanted was to not show bias but as humans that’s a natural trait .,218,25,2024-05-07T06:08:46Z,2024-05-07T06:08:46Z
UgyXnZQ-dPd__Rqx0m54AaABAg,@khreon27,oh you know they were burning behind those smiles LMFAO,4,0,2025-06-24T00:04:08Z,2025-06-24T00:04:08Z
UgwrbYPU1W1UbcSX6D54AaABAg,@seanmccreary4157,"Kendrick was dissing and using movie references and punchlines, responding to Drake's AI voice of Tupac, and dissing him. Dismantling his responses and glasses said he wasn't saying anything clever  😂",279,12,2024-05-07T06:03:40Z,2024-05-07T06:03:40Z
Ugxp8tgmY9WnCllSjLF4AaABAg,@alyssag1983,they were on y'all ass especially Ryan lmaoooo,45,0,2024-05-07T14:42:28Z,2024-05-07T14:42:28Z
UgzjMepy4-VwYFmwxH14AaABAg,@howiemandelsassitant,crazy y’all said he had no bars before A MINORRR the first verse hard asf,50,1,2024-05-07T18:34:46Z,2024-05-07T18:34:46Z
UgwE6R72kzvra4PEY_B4AaABAg,@Stevem9521,They missed about 3 doubles before they caught one and acknowledged it,5,0,2024-05-14T18:18:56Z,2024-05-14T18:18:56Z
UgzqJgWvlIyQ-eZDzjl4AaABAg,@adamstetteh2203,"It’s ok guys, everything went over y’all heads. You can’t get it all right 😌",191,5,2024-05-12T23:25:43Z,2024-05-12T23:25:43Z
UgzvVRgVmFafpDh3wXV4AaABAg,@Diogenes-p4l,They bopping their heads like kendrick standing behind em,17,1,2024-05-07T10:23:22Z,2024-05-07T10:23:22Z
UgyVCNMh8toewwbGH7F4AaABAg,@jroameverywhere,"""A drought in bars"" is all I need to hear. I thought you all were kinda smart enough to catch bars but ""how you big stepping with a size 7"" is BARS for these two.",263,22,2024-05-07T08:27:31Z,2024-05-07T08:27:31Z
Ugy2-OPItJkgK9ZPIiV4AaABAg,@IndoorvoicesPod,They really ended this video playing Push Ups 😂. Insane  bias,29,0,2024-05-20T22:13:48Z,2024-05-20T22:13:48Z
Ugxu4S81PN_YgApSaEh4AaABAg,@Sharrayzen,Saying Kendrick's lyricism isn't dense? That is actually wild.,72,1,2024-05-08T20:55:32Z,2024-05-08T20:55:32Z
UgzsF0HYIMwCnmyXGwx4AaABAg,@jonathangomez5141,These guys are the 95 percent Kendrick was talking about.,490,10,2024-05-07T10:52:41Z,2024-05-07T10:52:41Z
UgzxiX4rUeAtkez0PHt4AaABAg,@Fulminatus,"-""I'm out in Tokyo because I'm big in Japan""
-""Bars""",552,28,2024-05-07T13:05:36Z,2024-05-07T13:05:36Z
UgyOvZsDKIr3QG3ksc54AaABAg,@Soledoubt,"""A minor"" a chord played on only the *white* keys on the piano",16,3,2024-06-14T09:35:38Z,2024-06-14T09:35:38Z
UgwCWz59Aph0isFqy514AaABAg,@dejones803,"Y’all aren’t hip hop heads like you use to be, y’all would rather have club hits. Can’t believe how much we’ve watched y’all change.",580,23,2024-05-07T11:55:43Z,2024-05-07T11:55:43Z
Ugx0ldCi_hLv0a0ttcZ4AaABAg,@ColdJoeGaming,"this why I love you guys.
yall dont get butthurt about the shit you guys took and are having fun with it.",482,28,2024-05-07T05:07:00Z,2024-05-07T05:07:00Z
Ugy1Af_IcPojqUZWhIx4AaABAg,@trillthaking,If it’s beef hold them to the same standard!! That’s where all the hate is coming from. Not sure what’s hard to comprehend.,10,0,2024-05-10T08:43:37Z,2024-05-10T08:43:37Z
UgyLF22CAwDiEy9yPO54AaABAg,@kathrynpearl3326,Love the commentary. This Channel has the best reactions,1,0,2026-01-06T23:24:21Z,2026-01-06T23:24:21Z
UgxVc7lUpsxN4e7q6P54AaABAg,@brendondonoho270,That Hitmaker line ain’t the same now that Kendrick has like 5 of the top 6 songs. Lmao,14,0,2024-05-07T06:53:36Z,2024-05-07T06:53:36Z
UgwXAs5daOXjh6rPmkR4AaABAg,@Lil_Ruthless,I respect addressing our reaction to your reaction. I still respect your opinions. And I know you said Drake and Kendrick don’t do nothing for y’all but kendrick pulled all copy rights from his diss records specifically for reaction channels which is pretty admirable of him.,30,0,2024-05-07T06:26:26Z,2024-05-07T06:26:26Z
UgxDQ2ZJh92wH7q3-ct4AaABAg,@williamvaughn4418,The John Stockton bar go together because he pass the body !! Karl Malone was who he passed the ball to for most his assist … you have to kno the sport to get the connection,74,12,2024-05-07T06:13:07Z,2024-05-07T06:13:07Z
Ugw8ngvaGl-NQwxrINN4AaABAg,@dramaboi7855,All respect lost in Vegas after that reaction to MTG. Especially baldy,1,0,2024-07-14T20:29:46Z,2024-07-14T20:29:46Z
UgzJibKU3y-KXUWIWWN4AaABAg,@j-darcher5552,He said “fucc a caption want action” because Drake sitting there posting and just saying shit on his post instead of sitting there and writing some raps! How do you only get the polished bar every word in that line was bars!,14,0,2024-05-10T21:55:50Z,2024-05-10T21:55:50Z
UgyiyvrIl73B1pULOdx4AaABAg,@genedios4473,Man of all the react community coverage of this yall have had the most smooth brain takes. Enjoy the engagement 🙄,49,3,2024-05-11T06:01:35Z,2024-05-11T06:01:35Z
UgySH-5dtvBBUmhdASF4AaABAg,@slumpjones,"The “sweet chin music” line goes pretty hard too considering the wrestling angle. That was Shawn Michaels’ finisher and he had a rivalry with Bret Hart, who was Canadian.",18,0,2024-05-07T11:59:57Z,2024-05-07T11:59:57Z
Ugyixzqn661DwUkmoz54AaABAg,@beequal23,Almost regret giving yall a view.  Actin like yall never heard of a setup line,90,2,2024-05-25T14:19:11Z,2024-05-25T14:19:11Z
Ugx_hj7Xxm2wqSvUEg94AaABAg,@Soul_Shifter,"I can not watch these guys anymore, everything flys straight over these dudes",280,12,2024-05-08T00:00:07Z,2024-05-08T00:00:07Z
UgzDDz4DLDszeiUyDNZ4AaABAg,@yoyoyoajm109,Simpletons. Drake fans have been exposed and it all makes sense now,29,0,2024-05-13T18:17:00Z,2024-05-13T18:17:00Z
UgxCapGiqeXbOnEY8Y14AaABAg,@MarioBanG5,He been dropping hella double entendres through all his tracks especially in euphoria. I just feel meet the grahams was a lot more disrespectful and strait to the point,17,0,2024-05-07T23:37:07Z,2024-05-07T23:45:00Z
UgziDsjFgku25IvJjW54AaABAg,@oceanboy___5460,Dropped the ball on a couple of things is crazy. You dropped the ball on everything,3,0,2025-12-20T03:55:54Z,2025-12-20T03:55:54Z
UgxYqRqUsfMX5U5owM94AaABAg,@tylerrbh9769,Look at these goofs vibing after they ripped meet the grahams,17,0,2024-05-07T23:38:13Z,2024-05-07T23:38:13Z
Ugzler_ux1tcZMiKwBN4AaABAg,@joshuamartinez1847,Kendrick really came at him in all angles during this beef. First was a warning. Second was like okay no warning. 3rd was a therapy sesh. 4th a banger.,32,0,2024-05-07T05:49:09Z,2024-05-07T05:49:09Z
UgzJMixnO4h8MCVbnSp4AaABAg,@WavesDeep,I only seen one person dig into that sweet chin music line correctly.. yall missed it but i did too the first time lol. Shawn michaels famously beefed with a canadian.. and gave him that sweet chin music lol,11,0,2024-05-07T23:32:09Z,2024-05-07T23:32:09Z
UgwDbrwjJlNZl0MEjTJ4AaABAg,@E-vanstyless,COMPROMISED IN VEGAS.,3,0,2024-07-10T17:19:04Z,2024-07-10T17:19:04Z
Ugxlq7HkVLlyRDXv4T14AaABAg,@Denekaaa,"Lost in Vegas logic: if it sounds good in the car, it’s a good song",385,16,2024-05-07T05:15:21Z,2024-05-07T05:15:21Z
Ugx2-hQIOzcgjaA6mYR4AaABAg,@saminbasir4664,These guys the ones Kendrick should’ve copy righted 😹,60,0,2024-05-09T16:51:27Z,2024-05-09T16:51:27Z
Ugz7fKESKumZbMJxkEZ4AaABAg,@robertjohnson5794,Not them shouting out a random Drake fan at the end 😂 they set bro up to get crucified,26,0,2024-05-07T06:10:45Z,2024-05-07T06:10:45Z
Ugwb5vKWDUBbSl5P4pV4AaABAg,@thearchangelg1825,Waiting for the retraction!,2,0,2024-06-27T13:39:21Z,2024-06-27T13:39:21Z
UgxFn7IwK_dP4MqtKXd4AaABAg,@BryanCounts,I thought these guys were legit prior to this beef.,19,0,2024-05-11T17:57:35Z,2024-05-11T17:57:35Z
Ugy4CwazyQF-565dNOd4AaABAg,@senor3261,"Been a long time fan and I’m one of the hate comments because you guys really made me feel a certain way even though I fw you guys.

I never dropped a hate comment when you reviewed killshot, that reaction actually made me respect you for standing your ground and being authentic.

But meet the graham reaction was some other kind of energy, you guys were just hating and unwilling to even listen to it.",24,4,2024-05-07T05:35:08Z,2024-05-07T05:35:08Z
Ugw_44uekpPYPRP77c54AaABAg,@dgf6592,"when ever i watch your reaction this goes through my mind.

""Do you fools listen to music or do you just skim through it?"" -JAYZ",143,7,2024-05-07T05:54:31Z,2024-05-07T05:54:31Z
UgxIyn_s1rUXpwOwpLR4AaABAg,@kashia9002,LMAO THE EGGPLANT EATING IS A MASTER CLASS!,0,0,2024-06-17T11:25:39Z,2024-06-17T11:25:39Z
UgxWuw7d64lP3AHHqjx4AaABAg,@DesperadoBloo,"About the John Stockton bar,  he literally said ""I'm finna pass on this body""... do y'all want him to spell it out? He could've referenced so many other players.",259,31,2024-05-07T05:18:03Z,2024-05-07T05:35:57Z
Ugz8ztRmhs4xmXaTf214AaABAg,@jroc1919,"Long time hip hop fans will appreciate what both artists tried to do. People were entertained, many complained, but at the end of the day. Many were paid.",9,0,2024-05-07T05:55:51Z,2024-05-07T15:01:49Z
UgwohL3BvgUTYswoEQN4AaABAg,@JonZam83,"Euphoria was his Thesis Statement. If you listen to all his disses, they are all elaborations of everything that was mentioned on Euphoria.",125,11,2024-05-07T05:19:54Z,2024-05-07T05:47:59Z
Ugwdy9FCWOzNGvz8O-R4AaABAg,@TheCivilStranger,"I come back every week so that i can be dumbfounded by how these dudes break down lyrics and said that Kendrick has ""droughts"" in his bars 😂😂😂😂",3,0,2024-06-24T01:57:26Z,2024-06-24T01:57:26Z
UgxAutUZqYMwE3svnWt4AaABAg,@sam.patton,"no matter what at the end of the day no matter what yall say i love yall, i’ve been a fan for years. even when i disagree i always love to click and watch y’all’s vids",31,0,2024-05-07T05:08:13Z,2024-05-07T05:08:13Z
UgyJ9zsRRc1Yyxa8SlR4AaABAg,@mohammedalaisari3991,Is this a Club hit for you now crodie?🤭,222,27,2024-05-07T05:03:59Z,2024-05-07T05:03:59Z
Ugz_ziiewOUz6HmQ1VN4AaABAg,@marcusfaze,"Let’s see how “unbiased” this is

Okay they’re addressing the criticisms that’s a good sign",516,41,2024-05-07T05:01:58Z,2024-05-07T05:02:41Z
Ugwm3A4oHMHbP0zxr0R4AaABAg,@joses9779,"If you were up on the details of the history of any of this, you would know there are several slick lines. This one went above yalls head.",2,0,2024-06-13T14:19:21Z,2024-06-13T14:19:21Z
Ugxbmg97nOyFGkpwQ_R4AaABAg,@imansherman1766,When I say yall have disappointed me throughout this entire beef.,213,7,2024-05-08T17:34:13Z,2024-05-08T17:34:13Z
Ugz92Rmktr9AyhNL8vJ4AaABAg,@Westcoaststyling,"It's funny that the Drake battle rap record yall like has 7 credited songwriters, credited..",60,2,2024-05-07T16:59:58Z,2024-05-07T16:59:58Z
UgwyIPUO3uMgJmWwJfl4AaABAg,@Yoface44,"No, he put it out because a lot of Drake fans were like that’s too hard. We don’t understand those bars so he dumped it down and gave you a superficial club song with bars in it so you could relate. Glad y’all loved it.",70,7,2024-05-07T05:22:42Z,2024-05-07T05:22:42Z
Ugy3ZxSx0z9hoHfGBk14AaABAg,@St.Khutso,Bro just blood&crip walkin' 🚶 on bis sh¡t❤,1,0,2024-05-21T17:42:39Z,2024-05-21T17:42:39Z
Ugwr-R0X8myJdqvyOOV4AaABAg,@bryantdegroot9269,"MTG was put out to the public but it wasn’t for the public, that was a legit letter to drakes family. Kendrick been playin chess, drakes been dropping singles. If you listen to every one of Kendrick’s disses in succession you can spot all the Easter eggs and the plot he orchestrates",74,6,2024-05-07T05:20:57Z,2024-05-07T05:20:57Z
UgyTQ7yFS_Q-m2isLoF4AaABAg,@517am,"how yall aint know most your audience is real hip hop heads who acknowledge kendrick’s skill?

edit: I thought this was a hip hop channel, seem more like pop fans reacting to rap. Which makes sense why theres so much bias to Drake. You guys should study hip hop more to appreciate what Kendrick is doing. In less than a day, he wrote a song full of double/triple entendres, flow switches, and complex rhyme schemes. No other rapper doing this. Kendrick is a rapper’s rapper, give him his props.",162,11,2024-05-07T10:40:19Z,2024-05-07T20:34:25Z
UgwAMwfJmMVie4Qsh7Z4AaABAg,@solod2854,"Don't twist the comments. We really thought you guys were nonbiased. Like i said, i watched an hour plus reaction on black thought and i thought to myself ""Finally some brothers that are on my lyrical break down mentally"". Like Michael told Fredo... ""You broke my heart Fredo. You broke my heart"".",45,4,2024-05-07T22:51:45Z,2024-05-07T22:51:45Z
UgyyK9Sur0ttRoYM0m54AaABAg,@OranColgan,Yea youse guys are crazy 😂😂,2,0,2024-05-16T21:16:07Z,2024-05-16T21:16:07Z
UgyqDXW8jIy5sGAgMtN4AaABAg,@SilverFox_69,God blessed Kendrick for removing all copyright claims for reactors.,22,0,2024-05-07T07:47:13Z,2024-05-07T07:47:13Z
UgyFKQyLv2ymPQmBmpp4AaABAg,@studiorose11,This shit got my viewing in shambles. I didn’t even realized this was just posted lol,11,0,2024-05-07T05:12:00Z,2024-05-07T05:12:00Z
Ugx5ek7y6tUwZzxB7H14AaABAg,@olliwest7341,"Also.... Because y'all missed it: the ""OVO"" bar is SICK!!! Here's why...... He says after that bar ""Straighten up ya posture"".... Now... Imagine a person bent over, wearing underwear..... Now look at ""oVo"" again..... Even the ""did Cole foul (fowl)"" line is loaded.",24,3,2024-05-07T12:23:40Z,2024-05-07T12:23:40Z
Ugxm5CD86rXIHvFIh914AaABAg,@jpsaraceno,10:50 come on man... He is saying PASS ON YOU like John Stockton. Most Stockton assists were to Karl Malone. The double/triple entendre is very clear IMHO,11,2,2025-02-12T02:16:07Z,2025-02-12T02:16:07Z
UgyL0uHUA61POSAyGml4AaABAg,@thenotoriouszsj,No such thing as filler with Kendrick he’s reinforcing the ideas but y’all are choosing to overlook it,245,12,2024-05-07T05:41:04Z,2024-05-07T05:41:04Z
UgwxkkhQtN1e8XuWmgJ4AaABAg,@alescolamar1945,"I won't stop being a fan of this channel but what you did on "" meet the Graham"" is unforgivable",106,11,2024-05-07T18:17:42Z,2024-05-07T18:17:42Z
Ugx-AoJYKXaXCSwvXtB4AaABAg,@AngelGarcia-177,Diss aside this bangs,79,5,2024-05-07T05:01:59Z,2024-05-07T05:01:59Z
UgxDl7Q_51-LZoVhdj54AaABAg,@arianataylor3646,Best review ive seen lol,0,0,2024-06-11T21:37:05Z,2024-06-11T21:37:05Z
Ugw-qUmRTG0AnV0c6pJ4AaABAg,@JayyBanks,They played push ups. And a lot of those bars aren’t anything special 😂. Yall were having the time of your lives listening to that song. Yall are bias. It’s okay to Admit guys.,198,10,2024-05-07T05:59:53Z,2024-05-07T06:07:37Z
UgwTc2XRBXt9xrQxHRp4AaABAg,@Broozyr,"6:47
""There was pedo shit, and a minor, that was hot!"" 

Not the best look out of context lol. All love though.",29,0,2024-05-07T05:12:12Z,2024-05-07T05:12:12Z
Ugyje4ptSNA4nlhZ9PF4AaABAg,@seanmccreary4157,"Fans aren't rapping for him. He's insinuating in as few words he's John Stockton passing the attention from the media like a ball to Drake like he's Karl Malone for his under age relationships. Wtf was the point of researching it, then dismissing it? 😂",23,3,2024-05-07T05:52:55Z,2024-05-07T05:53:17Z
UgwDSkhahDezA6da8-F4AaABAg,@cdon796,The fact yall played Push Ups afterwards is crazy 😭,2,0,2025-10-19T12:56:54Z,2025-10-19T12:56:54Z
UgwzzTTLQHMUitnk8zt4AaABAg,@OverhaulTV,"Theres a bar in the beginning saying “nail em to the cross, he walking like Teezo” just look up Teezo touchdown and you’ll catch on based off his hair style
Since you said you didn’t hear any bars in the beginning.",17,5,2024-05-07T05:38:48Z,2024-05-07T07:06:20Z
Ugz4lnoVbdVPH4D5k1x4AaABAg,@piratealeks6865,Clicked immediately,237,8,2024-05-07T05:01:45Z,2024-05-07T05:01:45Z
UgzdbQHRUsZfmgdFJDd4AaABAg,@applejacks6237,"They are saying that “A minor” bar is what they been waiting for? Kendrick has been the most lyrical throughout the entire beef wtf 😹

33:26 Oh my god they doubled down on Euphoria not being lyrical while literally saying the “you wear size 7 shoes” hit hard….. my fav reactors are cooked 💔",185,16,2024-05-07T05:26:25Z,2024-05-07T06:04:16Z
UgxGzcYjPCWG1yAKC894AaABAg,@shhhaua9426,Where’s the POP out concert review ? Wanna hear your take pls,7,0,2024-06-21T06:27:50Z,2024-06-21T06:27:50Z
UgxIQhQAv9PPNTEx89Z4AaABAg,@Shabeast,This is why I love yall. They KILLED yall. Me included. And yall standing on what you said and keeping it about the topic at hand. Keep it up.,32,0,2024-05-07T05:15:30Z,2024-05-07T05:15:30Z
UgzXO20z7xxmT_56d4t4AaABAg,@ryanfrazierboy,Meet the Grahams was dope too tho,21,4,2024-05-07T05:06:34Z,2024-05-07T05:06:34Z
UgwdMtY0LIZhsdngna14AaABAg,@DarrylEllisonJr.,"Kendrick Lamar New Album Title Announcement :

RAID THE EMBASSY .

5/10/24 .",14,1,2024-05-07T05:13:10Z,2024-05-07T05:13:10Z
Ugxyro98LILwdiY8qqx4AaABAg,@usrt08,"Yall are not lost in vegas , you’re just lost our respect",165,3,2024-05-22T06:47:45Z,2024-05-22T06:47:45Z
Ugza2pG57KC0fAeNu9x4AaABAg,@anonymousnobody153,I was waiting for yall because every review channel was spot on On meet the Grahams yall missed on that one fam Its all love for yall still just cus u guys love Logic 💯👍🏻🙂,10,0,2024-05-07T05:03:46Z,2024-05-07T05:03:46Z
UgyMvvHNR9EcfpttpFx4AaABAg,@ImJustAnNPCBrothaMan,It was nice to have that laugh in the intro after the prior criticism 🤣 y’all handled that well,91,0,2024-05-07T05:09:28Z,2024-05-07T05:09:59Z
UgwiVRGhsIoeVkPNVBp4AaABAg,@Dizzy_Dev,😂 😂 😂 Look how they switch,11,1,2024-05-07T05:06:35Z,2024-05-07T05:06:35Z
Ugw4q6sz70yw_nKTOWp4AaABAg,@jfeliz5882,Here after the 🧹 🏆🏆🏆🏆🏆 Grammy 2025,2,0,2025-02-04T23:58:59Z,2025-02-04T23:58:59Z
UgygRZZOVom4AnVSqAh4AaABAg,@Ipredictdeeztingz,"Saying Kendrick was only flowing with no hard hitting bars is crazy my favorite Drake line was “so much splits that your pants might rip “ in push ups and last vid you were rambling about how Drake was spitting because he said “if you want attention just say plz” Drake hardest hitting bars were towards other people, one of the worst reaction channels.",13,1,2024-05-07T05:48:38Z,2024-05-07T05:48:38Z
Ugx20FiT6p2BYIEV_7p4AaABAg,@sakaistaxxssmith8166,"Aw shit, here we go again.",8,0,2024-05-07T05:02:04Z,2024-05-07T05:02:04Z
UgwvYKi5kJ3TbvqPD8t4AaABAg,@salutemeboi2126,Ain’t no way y’all was asking for MORE double entendres…did y’all actually listen to previous songs😭,36,0,2024-05-07T05:16:41Z,2024-05-07T05:16:41Z
UgzL4FvZit9W5vTJL4x4AaABAg,@Strangefruit_1,They deserve a oscar for what they did here...,1,0,2025-02-08T19:52:59Z,2025-02-08T19:53:24Z
Ugz4CBQxrrF0erKvi3B4AaABAg,@HesedABanda,"Issue with your Kendrick reactions is you guys just seem out of touch with the whole situation so coming to you guys to shed light on bars is meh. Cause random tiktok white girls have better breakdowns of both sides than you two just for this situation. Everything else you’ve done, I got no issues but your critique of this monumental beef is the most meh content you’ve done.",302,16,2024-05-07T07:23:42Z,2024-05-07T07:23:42Z
UgyCl44Ml7oPRKo8iuB4AaABAg,@maxriches4437,I fvck with drizzy.. but nah mehn.. Dot ate this up like light work,76,5,2024-05-07T05:25:32Z,2024-05-07T05:25:32Z
UgxzclKJmOaGsBVLQvx4AaABAg,@attajacob,The bald one is was hating hard,44,0,2024-05-07T05:11:42Z,2024-05-07T05:11:42Z
UgwMITo5Ru0wmjuU7il4AaABAg,@thembelihlesigweje,Just came here to laugh😂how’s life been baldy ?🤣🤣🤣,4,0,2025-02-11T20:05:34Z,2025-02-11T20:05:34Z
UgydfjzYtwtxugP7fyR4AaABAg,@Vexarou,"Glad you guys are addressing things, y'all missed some stuff but always appreciate the unbiased reactions.",31,1,2024-05-07T05:07:27Z,2024-05-07T05:07:27Z
UgwimiHBkOCaFreQ9Ld4AaABAg,@lgreenbey6392,almost didnt come back but i been here for years I'll give it another shot,214,26,2024-05-07T05:03:19Z,2024-05-07T05:03:19Z
UgyAdhfAtONsJBcKioJ4AaABAg,@angelaRsims22,It's clear y'all just wanted a club song! So much goes over y'all head 😂,109,7,2024-05-07T15:33:50Z,2024-05-07T15:33:50Z
UgwbTEq8a50KZKHraZN4AaABAg,@masonroy1948,Fun Fact: A Minor only consists of all white keys 🎹 😬,8,0,2024-05-24T19:16:43Z,2024-05-24T19:16:43Z
UgxDEWnsQKMBE3m1gtR4AaABAg,@coltonslavey,"Y’all realize when you say these artists havent done nothing for you personally, that’s just not true cause without their music, your channel would be meaningless. Been a fan for a long time, not going away anytime soon but just think about that! Kendrick is the main reason new channels pop up every 2-3 years cause his albums/songs garner more attention than any other artist.",89,1,2024-05-07T13:55:22Z,2024-05-07T13:55:22Z
UgzPAielG277zHU5cWN4AaABAg,@lihlengxaza9846,"😂😂Man they are getting on my nerves I swear

A ""weak line"" that's said by Drake they say its funny

But when Kendrick does it it's not creative

You can't make this shit up, I can't wait to see the gas on your next Drake reaction.",71,3,2024-05-07T06:46:58Z,2024-05-07T06:46:58Z
Ugy7ebeghWwibVphVbZ4AaABAg,@iso_hezzi,Kendrick’s disses are pure art! And at this point I’m convinced y’all can’t comprehend a real hip legend like him,130,10,2024-05-07T09:06:51Z,2024-05-07T09:06:51Z
UgwXIEkBTA7hWOFRPjZ4AaABAg,@quiet7632,I'm glad y'all aren't pretending to have heard it the first time. Much better.,2,0,2024-05-21T17:57:26Z,2024-05-21T17:57:26Z
UgzgxQ9Ap_BUQRCtycR4AaABAg,@snapmike5156,"I’ve never been more disappointed in reviewers before. The plea copping for that bs on the meet the grahams review, the skipping over the bars on this record, this is not hip hop. I’m just disappointed.",7,0,2024-05-10T18:07:30Z,2024-05-10T18:07:30Z
UgwvH9CHPbxi3SrK-HJ4AaABAg,@dmoney247ivy,Wait…he just said “I’m like drake now I’m glad I can motivate yall to comment…wouldn’t that suggest that he already listened to the heart part 6 ????,33,5,2024-05-07T10:45:03Z,2024-05-07T10:45:03Z
UgwqIsEOLB3ov1VNzBl4AaABAg,@cmoneynotaOVHO,Lmfao your last one bricked you really ain't on shit y'all was jamming to that like it was hard AF and said bars 😂,30,0,2024-05-07T14:00:47Z,2024-05-07T14:00:47Z
Ugz-FEKT5tndacq79y94AaABAg,@smartavo97,"""Unbiased reactions""",2,0,2024-05-29T21:45:24Z,2024-05-29T21:45:24Z
UgxCJu_mMT4j79X0L6V4AaABAg,@MPCreates,"What you missed about Meet the Grahams is the story telling. How many actual bars were in Sing About Me I'm Dying of Thirst? You don't go into How Much a Dollar Cost looking for word play, but that doesn't mean it's a bad song. In my opinion, his approach in Meet the Graham's was 1000x more effective because it attacked Aubrey's CHARACTER. No matter what specific situation or allegations are denied, you can never escape your own character. LETHAL KILLSHOT",37,4,2024-05-07T16:16:40Z,2024-05-07T16:16:40Z
UgzEAihse1TkTzDNSf14AaABAg,@cmbrock1,This is chess not checkers. Y’all looking at each individual song as something to vibe with and add to the playlist. If you’re using that then I can understand your critique but Kendrick isn’t trying to out rap Drake or out hitmaker him he’s trying to end this man by exposing him chipping at his character bringing Superman back to a mere mortal. Kendrick knew exactly what he was doing from the like that record saying all your dogs getting buried he was letting Drake know that he was coming for everything.,7,0,2024-05-07T06:26:11Z,2024-05-07T06:26:11Z
Ugwsai90Xw5MhaGmrV14AaABAg,@thatointake8314,We don’t care if you like Kendrick or not just get your points and facts straight.,115,7,2024-05-07T06:51:14Z,2024-05-07T06:51:14Z
Ugx2wPb3QRHmKc5HfNV4AaABAg,@kylejantjiesauthor,Here 2yrs later and the comments were crazy 😂 the bots were upset,3,1,2026-06-24T21:02:03Z,2026-06-24T21:02:03Z
UgxW_zwphD5usBvPJdJ4AaABAg,@eat4esh,Bros had to adjust to save their lives,17,0,2024-05-07T05:47:26Z,2024-05-07T05:47:26Z
UgxoSrJQTimmuQZ3aYN4AaABAg,@RealEyesRealizeRealLies83,I bet George has a MGK and Drake poster hanging over his bed,26,0,2024-05-10T03:33:52Z,2024-05-10T03:33:52Z
UgyLpohWduyvfPz3z_l4AaABAg,@Joey.9,That Cali impression is on point!,14,0,2024-05-07T05:06:43Z,2024-05-07T05:06:43Z
UgzfrSJUM7n_r_kg9tl4AaABAg,@jarshall2,Toronto knows Kendrick is quality,0,0,2024-05-16T04:30:55Z,2024-05-16T04:30:55Z
UgwjnmSFCKhj3HnJVqZ4AaABAg,@NickMintz,Man shout-out to Kendrick for releasing all copyrights for music reaction channels.,12,0,2024-05-07T09:22:17Z,2024-05-07T09:22:17Z
UgwDdPZMODgP9muh8u94AaABAg,@timbeatty8411,"It's amazing how you can be so articulate about rock, country, metal and when you talk about rap not only do you sound uneducated about it. You very are extremely biased. Almost like you are just hating to hate. Keep up the good work I look forward to seeing you two at the Player Hater's Ball later this year.",13,0,2024-05-11T07:39:48Z,2024-05-11T07:40:45Z
UgyYo-5HcQGmMOMx5ol4AaABAg,@OsheanaASMR,ready for The Heart Part 6 reaction 👏🏾👏🏾,24,15,2024-05-07T05:08:41Z,2024-05-07T05:08:41Z
UgxtNzpc6O2VbU4Bsw54AaABAg,@kapari6443,You can see the pain in their eyes 😭😢,1,0,2026-02-27T09:47:29Z,2026-02-27T09:47:29Z
Ugyi6x0VM04gB-tWl-54AaABAg,@FreshReviewYT,"Kendrick disses
Like That - Challenged Drake to a duel
Euphoria - Shot Drake Degrassi style
6:16 in LA - Told Drake “I will shoot you again” if you think about shooting back
Meet The Grahams - Dumped the whole clip on Drake
Not Like Us - Crip walked over Drake’s dead body",72,1,2024-05-07T05:19:44Z,2024-05-07T05:19:44Z
UgwOt2EYeCYVR9t5BZZ4AaABAg,@lewisday5810,They reacted to this based on the comments form the last video - fake reaction,12,0,2024-05-10T10:20:09Z,2024-05-10T10:20:09Z
UgwnfvjZSbCL3Ls-dvR4AaABAg,@AlexNur07,You 2 are like my last 2 braincells fighting to survive 😂,8,0,2025-02-12T20:03:13Z,2025-02-12T20:03:13Z
Ugxdf5wM8Fn0X5QtU2l4AaABAg,@BraceDeville,Best diss track since No Vaseline.,3,0,2024-10-13T02:53:26Z,2024-10-13T02:53:26Z
Ugyi7S7bNRQZ5GPamk54AaABAg,@anonymousnobody153,If u guys go back and listen to all 4 tracks  i say it was Kendrick showing He is versatile and can out rap drake in every aspect of rap even in Drakes most comfortable lane the Club trendy Songs absolutely murked him in every aspect bro even the album art was sending clever inside jokes to drake,32,1,2024-05-07T05:11:56Z,2024-05-07T05:14:54Z
Ugxgj8tL9qH67ebiSNR4AaABAg,@blackwhale7347,I am glad the true subscribers reacted to the wack way you guys  reacted to meet the grahams,29,0,2024-05-07T05:40:33Z,2024-05-07T05:40:33Z
Ugzicu9Cz9qqbH-Tqd94AaABAg,@thghost-ig4re,Anybody else cruising by after the Grammys just to have a laugh at how bad this reaction was?! 😅,29,3,2025-02-03T03:58:06Z,2025-02-03T03:58:06Z
UgzbMF6o-2LpG5Ha6394AaABAg,@kgaogelomonareng5087,"ayy, it's easy to see when bars fly over someone's head, but the hate and pretense are evident here😂😂😂😂",6,0,2024-06-06T20:16:21Z,2024-06-06T20:16:21Z
Ugyyw_V5p5xWL9olO714AaABAg,@marissachanelle,Also an “A minor” when played on the piano has no black keys,49,3,2024-05-07T20:16:02Z,2024-05-07T20:16:02Z
UgzwzM449V4K4sQGHXV4AaABAg,@AFilthyCasual_1,Even if I disagreed with you on Meet the Grahms I still respect you guys for being honest.,26,0,2024-05-07T15:49:24Z,2024-05-07T15:49:24Z
Ugy67Z_m0bm6cWbLXqZ4AaABAg,@Cameo96_,Y’all hurt 🤣,8,1,2024-05-08T06:22:06Z,2024-05-08T06:22:06Z
UgxtB5xb6EXImsihlOd4AaABAg,@aphexavier3849,"Y'all are the equivalent of what Rza said in the Disc 2 intro of Wu-Tang Forever ""Man it takes years for this you Cat in the Hat ass rappers, you Dr. Seuss, Mother Goose, simple minded""",2,0,2024-05-23T11:47:06Z,2024-05-23T11:47:06Z
UgwCnU6y2V00Tj-kknR4AaABAg,@Apaca1ypze,"Ngl, these boys comments aged like milk",25,0,2024-07-05T14:40:37Z,2024-07-05T14:40:37Z
UgxSHuIazYC5pjnjzNp4AaABAg,@masruby8718,"Ya work for OVO, if not getting paid it’s your fault",7,0,2024-05-12T20:52:18Z,2024-05-12T20:52:18Z
UgzwPLth3GkpdKsxP_F4AaABAg,@X3MAntics,My favorite Kendrick haters 🔥🔥🔥,345,19,2024-05-07T05:03:50Z,2024-05-07T05:03:50Z
UgwGuRpTVk1lYPR80Ul4AaABAg,@Illiayvenzovaux,Bro blowing bubbles on it,1,0,2024-07-12T04:33:30Z,2024-07-12T04:33:30Z
UgybYR_U4vkt8zfwpdx4AaABAg,@musiclyfer,It's even more funny watching this review after the Not Like Us video dropping lol,12,1,2024-07-06T23:19:59Z,2024-07-06T23:19:59Z
UgwaQMadB6m3FDEoiDN4AaABAg,@nirvana13a,"One moment, that’s not clever, next moment if he doesn’t hand the meaning it doesn’t count. Of course it’s about Malone and the 13 y/o. Drake deleted his pic with Malone like come on",8,0,2024-05-07T12:39:12Z,2024-05-07T12:39:12Z
UgwFAE6blI86lbOa34l4AaABAg,@IncanTek24,"Meet the Grahams will be a classic.

Stamp.",57,3,2024-05-07T20:32:33Z,2024-05-07T20:32:33Z
Ugx4pQfqBbBUXbVYvrV4AaABAg,@007Dirtysouth,Damn use to be one of my fav reaction channels. It’s so important to remain unbiased in these moments tho. You risk losing all your credibility if not.,2,0,2024-05-23T17:10:23Z,2024-05-23T17:10:23Z
UgyTKmr6EUV3wQ8SyQp4AaABAg,@clayedwards7191,"The jon stockton bar is 🔥🔥🔥🔥 . Biased again, he said pass to this ""body"".",11,0,2024-05-07T05:26:13Z,2024-05-07T05:30:47Z
UgxIkrOsRTM_e6zUZFl4AaABAg,@FreeBandz658,I wonder how many subscribers y’all lost(i was one),16,0,2024-05-08T13:41:43Z,2024-05-08T13:41:43Z
Ugyv2b5Y854EcCtIRIN4AaABAg,@conradm8401,Just like Dot said the audience ain’t slow. This video still feels unauthentic and yall just apologizing because you saw how much hate the last video got.,26,2,2024-05-07T19:17:15Z,2024-05-07T19:17:15Z
UgxvZ1CF4Xu6OPTjX3d4AaABAg,@TeamEmperor,SoCal is back on the map,1,0,2024-05-31T10:09:01Z,2024-05-31T10:09:01Z
UgwgEd7I132evNZwF294AaABAg,@khalidoshoke,The biggest indictment on both of you is how WE see the bars go over your head. Your inability to understand the bars you claim to want is why we can't take you seriously.,8,0,2024-05-16T13:06:27Z,2024-05-16T13:06:27Z
UgyUygVyyeAwQ8QIunt4AaABAg,@joneserik98,"Smh, I thought they were finally understanding that they have it backwards. I was mistaken 😂👎🏾",45,1,2024-05-07T13:48:55Z,2024-05-07T13:48:55Z
UgyVQcTpelcslwSDS8x4AaABAg,@hunterjones6512,I hope y’all heal that hating fr yall hating on Kendrick so much frfr! And I’ve always been more of a Cole fan over both of them but Kendrick bodied him,12,0,2024-06-15T04:45:59Z,2024-06-15T04:45:59Z
UgyfLoPtztppAa948p54AaABAg,@chrisohreally,"Lol in any reaction video to any of Kendrick's tracks I've seen, whenever somebody says: ""See! That's ALL I ASKED FOR"" one can immediately assume they're watching a Drake Stan",2,0,2024-07-08T02:17:39Z,2024-07-08T02:17:39Z
Ugzd00KssCI7mIHilK14AaABAg,@itube316,The goofiness of these two is sobering. Asking for double entendres in this beef is like asking for water in the ocean.  6:30,10,0,2024-06-19T02:24:31Z,2024-06-20T07:48:55Z
UgzcPj2TFfB8uZA_RU54AaABAg,@Jakobyyyy,"People switch up so fast if something doesn’t Align with their opinion, wild.",90,13,2024-05-07T05:43:44Z,2024-05-07T05:43:44Z
UgyNOORDqEIinz76EKd4AaABAg,@hamishcallander3130,"As a Drake fan, this comment section has me rolling over a year later lmao. It’s funny how most reactors were on the side of Kendrick and finally, a needle in the haystack, a reaction channel that that didn’t fall into the propaganda and just went with what they believe in and the hate they’re getting is crazy. Like damn, if you wanted to be apart of a Kenrick loving echo chamber, literally go to any other channel that was reacting to this feud.",11,3,2025-12-23T09:04:57Z,2025-12-23T09:04:57Z
Ugw-3Xn-LJO75OELcRl4AaABAg,@crampton16,you need someone to force you to read through the genius annotations,2,0,2024-06-06T21:38:26Z,2024-06-06T21:38:26Z
UgzwRCppdcBky9NR3iV4AaABAg,@joshlightner5370,You can tell they already listened to Heart Part 6 before recording this even tho they claimed not to lol,56,4,2024-05-07T05:16:00Z,2024-05-07T05:16:00Z
UgzTz2sneMQy2MZWQoB4AaABAg,@Twoer_22,Damn been a fan for years looks like it’s not even worth me listening to the reaction lol the comments are brutal in here . How do you not see the genius in this song ??? Like you know Kendrick can rap like 20 different voices and styles he clearly chose to act this way and make a banger on this song 😂 I’m confused how that could be lost on yal,8,1,2024-06-21T07:24:07Z,2024-06-21T07:26:08Z
UgzYvylXi3EjAbpyssR4AaABAg,@mewingskibidinursery,UNSUBSCRIBE BUTTON,100,0,2024-05-22T11:00:44Z,2024-05-22T11:00:44Z
Ugy-bQ9dHwbL24cpADF4AaABAg,@mrdollarndream,Holding Kendrick to a different standard is a wild,0,0,2024-05-15T02:26:27Z,2024-05-15T02:26:27Z
UgwsJE9DXMzqwZsBBll4AaABAg,@lolodoez,Ya’ll compromised😭,9,0,2024-05-08T20:14:23Z,2024-05-08T20:14:23Z
UgwRR7I9i5lC0WB-6gh4AaABAg,@D0olzBeatz,"Y'all gotta check out the video of Drake kissing a 17yr old girl at his concert. Asking her why she look the way she does, then proceeds to kiss after finding out how old she was..",9,0,2024-05-07T20:56:47Z,2024-05-07T20:56:47Z
UgxQ5_UH5mqrcvTRUVF4AaABAg,@momame8258,"31:40 the way they overhyping the start of Push Ups ( which is the worst part of the track ) is the funniest shit ever, that bite/bark line got Ryan excited lmaoo",7,0,2024-05-07T06:51:26Z,2024-05-07T06:51:26Z
Ugxkk_d_lzIce3Wcp714AaABAg,@tmazor1575,"The AUDACITY of playing Push ups right after Not like us, should be studied in criminology classes.",3,0,2024-07-10T08:04:56Z,2024-07-10T08:04:56Z
UgwpmoK_ibjZY5VM5_R4AaABAg,@time5432,"I feel yall have every chip on lyricism, but nothing on story telling and sending a message. 

Also yall so cap on this. If your saying you need things to be more clever you cant say drake taking ""no bars off"" there are a couple of slick lines in all of his songs otherwise its just the message of what hes saying that yall like",16,1,2024-05-07T07:32:26Z,2024-05-07T07:32:26Z
UgwlIn7CRH6rmZ65dgR4AaABAg,@jefferyhigh245,"The thing is, we Come her for lyrics and then you Was hating on the lyrics and wanted a hit. Now you got a hit so I hope y all Happy. Still appreciate the reactions from 2017.",10,3,2024-05-07T05:07:19Z,2024-05-07T05:07:19Z
UgzCqV7cKd_tXfMkUAp4AaABAg,@JJ721999,"As a long time fan, the thing that pissed me off the most was the condescending tone yall had about the whole situation. The ""take some deep breathes"" shit ain't as funny as you think it is and just points out the lack of self critique yall have. Still love you guys and will continue watching but there is a level of respect I lost for yall.",15,0,2024-05-07T05:22:47Z,2024-05-07T05:22:47Z
UgxZwW--4kzKtn4R5Rp4AaABAg,@nah92,This song played at the SUPER BOWL btw 😂. THE SUPER BOWL. Y’all something else,2,0,2026-08-23T07:00:05Z,2026-08-23T07:00:05Z
Ugz5kSdRlEPqjutCjGh4AaABAg,@Bp-rg3oj,"Fym “that was it, that’s all I asked for” 6:12 💀 ya’ll old heads stubborn asf",52,3,2024-05-07T05:13:35Z,2024-05-07T05:14:00Z
UgxEy48eJz2j2duQfuZ4AaABAg,@Fr33man215,Kendrick won 🥇 it’s over,191,20,2024-05-07T05:02:45Z,2024-05-07T05:02:45Z
Ugxkw4yaUsKYD3HPV3F4AaABAg,@vFazah,2:50 is crazy considering Kendricks allowed all reaction channels to fully monetize their reactions of his tracks this past week 😂,24,5,2024-05-07T07:49:43Z,2024-05-07T07:49:43Z
UgwyCu6wWDyHNlJM0Ul4AaABAg,@josevelazquez4879,Are you guys gonna get an award for glazers of the year? Aubrey would be proud,0,0,2024-05-14T14:58:10Z,2024-05-14T14:58:10Z
UgyPuEbPm0nFpvbwZL54AaABAg,@Bigtank1012,Kendrick Won 100%,164,14,2024-05-07T05:01:58Z,2024-05-07T05:01:58Z
Ugxz6bsDWXsaoBKTGI54AaABAg,@romeda5156,Y’all trying to save a lot of face on this one 😂,31,0,2024-05-07T05:46:44Z,2024-05-07T05:46:44Z
Ugxf9IDXLpAbs7z81h54AaABAg,@ramontmc,"Hit Em' Up wasn't lyrical, Callin' Out Names wasn't lyrical, No Vaseline wasn't lyrical. Maybe we just like our diss tracks different, which is cool, lol.",8,1,2024-05-07T05:58:24Z,2024-05-07T05:58:24Z
UgyXBzt8QEAyeNLiBVJ4AaABAg,@goodbudz420,If yall take them ovo kneepads off yall would hear the bars,4,0,2024-05-20T01:50:02Z,2024-05-20T01:50:02Z
UgxRg9c0IbT9XVoiu194AaABAg,@rrogers2370,these dudes don't know as much about music as I thought.,24,0,2024-05-07T23:39:42Z,2024-05-07T23:39:42Z
Ugwi_0UsiQUSJzIqYAR4AaABAg,@RunningwithLB,"I feel like y'all are in damage control the longer the video goes. ""Not clever, your just calling him a pedo"" I feel Kendrick whole diss-ography has gone over y'all's head",7,0,2024-05-18T10:27:17Z,2024-05-18T10:27:17Z
Ugw4KD273saUSPpQugt4AaABAg,@brendondonoho270,"11:08 I’m with you about Kendrick fans reaching too much but Karl Malone is not that much of a reach, IMO. That’s a super well known thing about Malone. If someone said one black glove or white Bronco, you’d know it means OJ even if he didn’t say it.",11,0,2024-05-07T05:56:44Z,2024-05-07T05:56:44Z
Ugz0mzrZkgpTT-YsM294AaABAg,@AmericanMale5.56,"Honestly, I respect your negative and brutally honest takes, but I was in total agreement with you guys on that Meet the Grahams reaction. That ""diss"" track wasn't horrible lyrically, but it was an absolute snoozer for me, I couldn't sit through it lol! George, you said it sounded like he was fresh out of therapy and, you hit it on the head with that comment.",2,0,2025-11-13T07:47:10Z,2025-11-13T07:47:10Z
UgwTm6CIGSV1tJTkkjZ4AaABAg,@robstark9274,These guys have no idea what he was talking about,8,0,2024-05-07T22:55:29Z,2024-05-07T22:55:29Z
UgyDliCdchU8KiUgDlV4AaABAg,@Truid,Ya’ll act like dudes rolling out of bed with double entendres every day. Saying this is what you ‘expect’ from Kendrick to be on par with Drake’s filler bars means ya’ll OVO hype boiz. Kendrick on another level and ya’ll channel shows it.,17,2,2024-05-07T10:53:05Z,2024-05-07T10:53:05Z
UgzHbgEYuRSAL8rjk5h4AaABAg,@Cezzthemomentvods,Homies makin fun of us like we ain’t the ones supporting them,33,1,2024-05-08T20:14:36Z,2024-05-08T20:14:36Z
UgzzaZ3Eu-IUTdWqAGN4AaABAg,@Ic3Ki11z,I wanted all of these in order can’t keep going holy shit,0,0,2024-09-21T22:41:42Z,2024-09-21T22:41:42Z
Ugx0PfDWgt-yqPJ5nwl4AaABAg,@miltonsaramunda,"I'm concerned that your recent reactions seem to favor one artist over the other. It feels less like a balanced reaction and more like a search for flaws in one artist's work.

Here's an example: You mentioned the clarity of Drake's delivery and even took more time reacting to his videos, all praises for Drake during the reaction. Even though people can understand what Drakes is talking about as he is rapping, the lyrics are too surfaced and basic to understand. 

However, the complexity of Kendrick Lamar's work, often requiring deeper analysis, wasn't considered. Most of what he raps about takes days to fully understand what he’s talking about, but what’s surprising is that you don’t take too much time to react to his own videos, it’s like you trying to end the reaction as fast as you can. Just as you started reacting, you were now saying, well. I haven’t heard anything yet besides the A minor bar! Really? What was Drake saying in his own songs that got you so hyped up about him? Coz everything he was saying was so basic to understand even for someone who doesn’t listen to hip hop.

A more balanced approach that explores the strengths and weaknesses of both artists would be appreciated. As of now, I must say I’m really disappointed in your recent reactions.",51,3,2024-05-07T08:21:04Z,2024-05-07T08:21:04Z
UgzJ6NOcXPnrvJF7JeF4AaABAg,@Ofer--gi3kx,So these guys didn’t hear them other bars in them other songs cmon now man ?,25,2,2024-05-07T05:11:16Z,2024-05-07T05:11:16Z
UgwOfiPRJB0G_06w37d4AaABAg,@xRoTiZx,Ya two clowns brah 😂,36,1,2024-05-07T17:34:08Z,2024-05-07T17:34:08Z
UgzKbcUaAfGhKeYk9hR4AaABAg,@brewkbaby,On the left..  your laugh is CONTAGIOUS,0,0,2024-05-15T13:42:20Z,2024-05-15T13:42:20Z
Ugy5vrQbQZvhP_UYnf94AaABAg,@AnthonyfromtheD,Yall let the rap fans that followed yall for yearssss down because it felt like yall were just shitting on it just to shit on it i feel like lol.. felt bias af,63,2,2024-05-07T05:23:02Z,2024-05-07T05:23:02Z
UgzUn23CXNF3aGaZXrt4AaABAg,@upvoter8163,"So basically yall think a diss has to be a dance/vibey song? Lol smh 

Meet The Grahams and Not Like Us are A+ diss tracks. Yall been brainwashed by the industry.",63,3,2024-05-07T05:25:53Z,2024-05-07T05:25:53Z
UgwqIun6bje8EzCYHjx4AaABAg,@youngrob4231,Yall trying too hard to discredit Kendrick. Crazy lol,12,0,2024-05-07T23:00:48Z,2024-05-07T23:00:48Z
UgyQzOp0UK_7JzPprRd4AaABAg,@jessicafaulkner5696,"This was on point, I swear. When I saw it on Superbowl Sunday I was like 😲",0,0,2025-06-13T23:07:24Z,2025-06-13T23:07:24Z
UgxylaE0mohzaM3O81d4AaABAg,@xoxo_keianna,Kendrick has had whitty double entendres throughout the whole battle. Y’all was just too focused on the beats.,16,0,2024-05-07T06:08:36Z,2024-05-07T06:08:36Z
UgyaZixnEh22BGE3BYJ4AaABAg,@acewebb6024,"To be real I liked meet the grahams but I do understand why they didn’t like it, they the type of people who like bars and slick word play in there raps and it didn’t have that. 
So fair enough it’s called an opinion for a reason",10,1,2024-05-07T05:44:07Z,2024-05-07T05:44:07Z
UgxmxqvpZZOVi9fjrYh4AaABAg,@fdonjay,5 GRAMMYS LATER ......,8,2,2025-02-03T14:20:11Z,2025-02-03T14:20:11Z
UgyVpOu9eMmR85_NGXt4AaABAg,@alexanderwurm8577,They said it’s “solid as a diss” 😂,2,0,2024-07-02T17:38:28Z,2024-07-02T17:38:28Z
UgwddGqsTas2BneH-Fx4AaABAg,@riffhousestudios96,Let me here you say OVHOOOOOOO!!!!,8,0,2024-05-07T05:14:23Z,2024-05-07T05:14:23Z
UgzUPhdaJwT3JBvFK4J4AaABAg,@LunaWhiteROBLX,"MEET THE GRAHAMS was intentionally made as a PERSONAL LETTER for Adonis and the PARENTS... Writing a DOUBLE/TRIPLE/QUINTUPLE ENTENDRE on a  PERSONAL LETTER to NON HIPHOP people doesn't make any sense, specially to adonis who will be listening to this song in 2036 by the time his 18. 🙃

READ BETWEEN THE LINES on how he ended the song.",22,11,2024-05-07T05:40:57Z,2024-05-07T06:07:36Z
UgyUNj1fwm7f04yy2BV4AaABAg,@theurbanexperience2020,"The end of this video made me cringe. This is a perfect example of how people don't listen to an artist enough to understand the route that people go through. Anybody who listen to Kendrick at all knows he never takes bars off. Literally never. Until he got into a situation where he needed to stray away from going bar for bar. (Which sometime confuses people because he's too deep for them), and go a much simpler route and just tear him down as a person in a much easier standpoint so that the average consumer could understand it a little better. This is me giving credit to lost in Vegas for stating the obvious but not understanding the situation. He could have did a mother sober. Or be humble. On this track. But his goal was to let every single person hearing it not have a issue with understanding his specific disdain toward the person that he was going toward. Which was Drake. Understand it's not about how he was saying things. It was exactly what he was saying. I recommend Lost in Vegas. Review more Kendrick. I know you done a few songs but you haven't done enough from mixtapes to albums. He has over 16. Do your research. Pick any from young to old and dissect it them. And you'll understand how he has more bars than Drake does on a regular compared to Drake on a regular. I know y'all just wanted to prove your point that y'all noticed that he was not as detailed bar for bar as he normally is in his rhymes. So that he can make everybody understand how bad Drake really is in a more clear standpoint. Because what you won't deny is Kendrick was more clearer with everything he wanted to get out in his messaging than Drake was. Drake might have been more slick but Kendrick was more clear. And That's facts!!",14,1,2024-05-07T08:43:51Z,2024-05-07T08:49:05Z
UgwxPQw4V-eJ6KyiQO54AaABAg,@sachinbuhadia9423,Bald one's head so slippery that Dot's shit just slid over that. 🛹,2,0,2024-07-09T20:38:17Z,2024-07-09T20:38:17Z
Ugxa_RT-eo0po_MDHxB4AaABAg,@Yoface44,"He’s been giving you double triple entendre, and witty bars you sound so crazy. And disingenuous so the other four or five songs he’s dropped he didn’t give you that right wow . Oh, I get it you part of those non-talented people that like to embrace people really not being  talented. You guys don’t like real talent.",23,2,2024-05-07T05:20:06Z,2024-05-07T05:20:06Z
UgzZcW_suAW7cMHy4zh4AaABAg,@tahdigmacaroni,Kendrick fans cryin in the comments,10,2,2026-02-10T01:21:22Z,2026-02-10T01:21:22Z
UgxLF36KjV45Cy0eOdp4AaABAg,@obeyamark,"Time has made you guys look like the clowns you are for your reactions. 

Took a side in the beef and was pretending like you were being honest. While Kendrick had the best part of the battle.",9,0,2024-07-05T08:23:50Z,2024-07-05T08:23:50Z
UgwwH6L7JMypASvGNUZ4AaABAg,@APPALACHIANmonstar,"yall wildn.  meet the grahams was a come sit down, let me tell you bout your self",3,0,2025-07-23T02:03:04Z,2025-07-23T02:03:04Z
Ugy3h5RrsbVSdk9lcXJ4AaABAg,@kunfukenny139,"U know you were wrong about ""meet the grams"" even drake stans know",77,5,2024-05-07T05:12:33Z,2024-05-07T05:12:33Z
UgxSgHHRodlBhgmG14h4AaABAg,@Self55,3:03 Kendrick just removed the copyrights from the reactions video so y'all can make the bread from it 🥂🥂 Kendrick a legend,7,0,2024-05-07T06:45:56Z,2024-05-07T06:45:56Z
Ugy7CE221lGzV4O5axV4AaABAg,@Splackavellie85,"Taking pride in ignorance. For a couple of old guys, you have really adopted the Gen Z mentality.",14,1,2024-05-09T04:42:19Z,2024-05-09T04:42:19Z
Ugw-bEC_KQ7KE5tAxoV4AaABAg,@nickphaux,"9:49 Geroges face for the next 10 seconds has me dead 😂 ""Here they go again.. 😐""",0,0,2024-08-20T18:40:02Z,2024-08-20T18:40:45Z
UgzZrb0IaZyI2WRM7LB4AaABAg,@dannykal,"This better be good man.

Kendrick smoked BBL Drizzy",25,0,2024-05-07T05:02:59Z,2024-05-07T05:02:59Z
UgwgREng7Bq0U2yNuHN4AaABAg,@whoochimama,This is the first time he sounded COMFORTABLE? the glazing is egregious at this point.,8,4,2024-05-07T13:06:45Z,2024-05-07T13:06:45Z
Ugy7581slQG5sx29ndZ4AaABAg,@Vas8307,Y’all on the wrong side of history 😂,6,0,2024-07-14T22:14:12Z,2024-07-14T22:14:12Z
UgxI3pVg-glIdzeWYBN4AaABAg,@michaelm210,Imagine thinking Not Like Us is so bad that you’re literally embarrassed for Kendrick that he’s so bad at this… and then he has a room full of Drake’s peers and the biggest names in music all singing together in calling him a pdf file as he’s walking up to accept his fifth Grammy for the song lol.,4,0,2025-02-08T20:52:19Z,2025-02-08T20:52:19Z
Ugwpucp2E9VlMxkdkFN4AaABAg,@Jerb1992,Real talk no matter how you feel about Drake's latest shit it's gonna get 50k dislikes....AS IT SHOULD 🗑️,9,0,2024-05-07T05:43:49Z,2024-05-07T05:43:49Z
UgwGgNlLhgWR2FuZTLN4AaABAg,@251648,These old dudes lost lmao,8,0,2024-06-11T12:46:22Z,2024-06-11T12:46:22Z
UgzB-mZNju4Hzbl003x4AaABAg,@aitsuki3538,yall some 🤡🤡🤡🤡🤡,15,0,2024-05-08T08:05:25Z,2024-05-08T08:05:25Z
UgydekCMbo0uokoz-Uh4AaABAg,@oneikamoore6881,Even Dr. Dre said Kendrick is a forever artist. He can come out every 5 years and still bring it.,0,0,2024-05-21T00:44:36Z,2024-05-21T00:44:36Z
UgwihPnF4ZX3S2jl6O14AaABAg,@ELXVIE,Kinda lost a few subscribers,16,0,2024-05-16T20:26:53Z,2024-05-16T20:26:53Z
UgzniVNTM3CFOkG6W414AaABAg,@illmattrhymes9708,Don't make it seem like people are getting at you guys cuz there kendrick stands it was just so amazing how meet the ghrams went over your heads. It was to great of a song to say it bombed. Also lyricism far exceeds a metaphor punchlines etc. Kendrick cerebral writing of that song was immaculate. More impressive then any So called punchline you guys are looking for. literary devices are not limited to puns it far exceeds that but obviously you guys are not aware of that,7,1,2024-05-07T05:16:05Z,2024-05-07T05:26:40Z
UgwvyGbq3o0LD96BxFx4AaABAg,@TheSaggyBag,your welcome for the dislikes. Next time maybe don't come into a reaction with your own biases. that obviously will immediately change and affect your experience,18,2,2024-05-07T05:14:28Z,2024-05-07T05:14:28Z
UgwzQkjVWcNPKFcNmnx4AaABAg,@tunenuel1894,I see pain in ur laughter 🤣🤣,1,0,2024-06-09T21:26:11Z,2024-06-09T21:26:11Z
UgzVUYjYIwUeuqJOEuV4AaABAg,@bmagny,Very clear drake out-rapped this dude,6,0,2026-05-20T00:42:16Z,2026-05-20T00:42:16Z
UgwoIYjObiIlnl6Jt7t4AaABAg,@dramaboi7855,Not lost in Vegas. JUST LOST,18,1,2024-05-20T21:25:05Z,2024-05-20T21:25:05Z
UgwjLUD_rJOrV5tOzYR4AaABAg,@GunShineSunShineReviews,"I unsubscribed, and I can’t trust anything these guys say anymore",11,0,2024-06-15T22:35:30Z,2024-06-15T22:35:30Z
Ugxy64qrvGthv8MWSDx4AaABAg,@northtarh1,These guys cannot last that much longer,1,0,2024-05-28T15:38:47Z,2024-05-28T15:38:47Z
UgzI7Yb09D5943tRWHl4AaABAg,@BoboKoyo,"People love meet the grahams bc its pure hate, no sugar coating hiding meaning behind bars, just pure direct hate. Also I think you guys are too narrow minded when defining what lyricism is. Lyricism isnt just witty bars and double entendres, being able to paint a picture is also a part of lyricism. being able to convey a certain emotion and atmosphere with your words is also a part of lyricism. I think you guys are looking at this as a traditional rap beef where its a display of who writes better bars, this is beyond that, which kendrick even stated in meet the grahams and euphoria. Kendricks intentions with Like That was a rap battle but on push ups drake mentioned kendricks wife turning it into more than just that. Kendrick mentions on euphoria this is about love and hate, they hate eachother so they are having a battle of who can garner more love while making the other hated by the culture. Its a battle to see who the culture loves more.",8,3,2024-05-07T06:16:56Z,2024-05-07T06:20:21Z
UgwgUjRo3TKGsLRzUkF4AaABAg,@jjs_cookin,The last video was so bad because yall seemed be consumed by your energy towards kendrick's fans,22,0,2024-05-07T05:06:02Z,2024-05-07T05:06:02Z
Ugyh_hf-S-xGP3i7pNh4AaABAg,@RideFaster-EatPasta,"I’ve lost a lot of respect from you guys in this video. You got roasted because you missed the points in the “Meet the Grahams”. You’re too focused on “big hitting bars” you missed what he was actually saying.

To come out at the start of this video saying you’d let OVO sponsor you shows that you didn’t listen because if you had any level of decency, after listening to Meet the Grahams properly, you wouldn’t want anything to do with OVO. I’m pretty disappointed with the two of you.

Having your opinion on who wins the battle is one thing but not taking anything from either side on board is disappointing to say the least.

You’ve definitely lost a fan in me after saying you’d associate with known sex offenders. I can’t say this review has been unbiased.",15,0,2024-05-20T18:13:14Z,2024-05-20T18:13:14Z
UgzxheJBgRlWy6Svjyt4AaABAg,@officialkellzwest,Yall made us from Vegas look crazy on meet the grahams if yall not from Vegas we request you take us out yo name,0,0,2024-05-22T14:12:47Z,2024-05-22T14:12:47Z
UgzHwcEbf3GvjYrFw-V4AaABAg,@papiojays2146,"If drake had done such a song as ""Not Like Us"" or ""Meet the Graham"" he would be STRONGLY seen as corny AF...goes to show u the level of bias...""1 2 3 4 5 + 5😭😭it's Prime glazing",7,2,2026-01-13T23:56:59Z,2026-01-14T00:03:28Z
Ugzh_6uDYA8kybCQjEZ4AaABAg,@Alex-gb7sm,"Go back to Smashing Pumpkins or whatever y'all usually listen to.  ""Lost in Vegas"" indeed.  Smh",8,0,2024-07-06T03:55:32Z,2024-07-06T03:55:32Z
UgwPGNJJx-jMJwIzdDd4AaABAg,@adamnickerson6683,Just stop being haters and people won’t unsub. Be fair.,8,1,2024-05-07T05:05:17Z,2024-05-07T05:05:17Z
Ugz8BlHjfA-O_6JxQkl4AaABAg,@Cmar24,Complaining that there isn’t enough entendres when there’s literally double and triple entendres in front of their face is crazy work,5,2,2025-04-05T14:32:07Z,2025-04-05T14:32:07Z
UgwJSk4R-riRXMcc22t4AaABAg,@Tucker-rv6vu,"I used to love you guys. Mostly for the genuine reactions to rock music you hadn't heard before.... Watching you meat ride for Drake has been truly embarrassing. Missing obvious word play, diminishing bars. Trying to undersell the genius of Kendricks lyrics, and GAS tf out of Drake's? This is sad. Grown men defending to this degree someone who at the very least, is a very trash person in Drake. At worst...well you know.",26,9,2024-05-07T23:05:02Z,2024-05-07T23:07:02Z
UgxJQCiKW0plUZD-zk54AaABAg,@chosenelite762,Yall still compromised 😂,15,1,2024-05-07T13:46:28Z,2024-05-07T13:46:28Z
Ugz0uUleq2CPZWjDuap4AaABAg,@VelvetySharkToast,this is why i unsubbed like 4 years ago,6,0,2024-06-14T23:27:26Z,2024-06-14T23:27:26Z
UgzV8W7rH0NGfh3HZdh4AaABAg,@scorpion2626,So many kdot d-riders,3,0,2024-08-06T11:49:27Z,2024-08-06T11:49:27Z
Ugx30eEnwSKAkvJ6-6p4AaABAg,@lexio9913,The Kendrick Defence League fighting for their king in the comments 😭😭 Never seen a rapper use his fanbase to help him win a beef before,10,3,2026-03-07T18:05:27Z,2026-03-07T18:05:27Z
UgwhVKQMcVvXvPJlv7V4AaABAg,@TeeWillExplore,These dudes are wack man,9,0,2024-06-23T07:01:00Z,2024-06-23T07:01:00Z
UgykQJJyQIJdc9u-B054AaABAg,@Msani_88,"Next time, don't bother to react. Stevie Wonder can see how ""unbiased"" you are.",14,0,2024-07-06T13:07:29Z,2024-07-06T13:07:29Z
UgzEYfh53CRKfNpDYOR4AaABAg,@JakeOberg-n5n,i remember when you guys actually honestly respected bars. now you guys want to be first take,3,0,2024-06-15T07:31:08Z,2024-06-15T07:31:08Z
UgzLxkA8wqH-5IiNc_54AaABAg,@brooklenfarley8062,"unsubscribing is not enough, i need to tell y’all how disappointed i am in this channel over this beef. it’s not because you disagree with the charts, the culture, and the people. it’s because you act dense and refuse to PULL UP GENIUS AND SEE WHAT THE LYRICS MEAN!!! jesus! the integrity is lost!",15,2,2024-05-17T00:02:09Z,2024-05-17T00:02:09Z
Ugz8dJl9I7QoIi7TMyR4AaABAg,@OBAIBANAII,"The way y’all judging k dot, y’all don’t do the same for drake.",8,0,2024-05-07T10:50:52Z,2024-05-07T10:50:52Z
UgzNvqiW5_olYqII5Vh4AaABAg,@cmichael2623,"Man coming back to this video and seeing the comments about how y’all “missed the bars” is cringe, I can’t believe people really were this delusional about the “rap battle” if that’s what you can even call it by their standards, I can’t imagine drake and Kendrick standing face to face saying their lines to each  other, everyone would be going crazy over drakes lines, Kendrick would just sound like he’s talking shit 😂",7,0,2026-05-26T18:15:35Z,2026-05-26T18:15:35Z
UgzS7M8FVg_OCJTUONx4AaABAg,@HimFM904,The amount of subs and traffic that decreased since these vids is sickkkkk,0,0,2024-08-01T04:45:49Z,2024-08-01T04:45:49Z
UgziKg3-vYqBRZ40dB94AaABAg,@kmall87,These guys are losing mad respect,8,2,2024-05-07T23:12:14Z,2024-05-07T23:12:14Z
UgzkhtR4XtVgf7ad7vN4AaABAg,@NaturalLogs,"lol lost in OVO right here man, probably the most garbage reaction I’ve come across",19,0,2024-05-16T22:01:38Z,2024-05-16T22:01:38Z
UgxR1R-eXDZR8j5oI-p4AaABAg,@anidea5646,"These comments is hilarious 😂 Dudes can’t have an opinion? If they ain’t like the song, they ain’t like the song.",6,0,2026-04-22T22:22:33Z,2026-04-22T22:22:33Z
UgxQubDb3KbcENGoXht4AaABAg,@bradleydavis1984,The numbers are dropping since you guys favored that drake bop shit,4,0,2024-07-08T06:52:51Z,2024-07-08T06:52:51Z
UgyeAPqVJnrLhkhzcvh4AaABAg,@malcolmjohnson3959,yall fake. I used to respect y'all.,9,2,2025-02-16T23:18:03Z,2025-02-16T23:18:03Z
UgyfceN5nnt5_XoxD294AaABAg,@africantae2583,"Now you're FAKING your response to this video, it's so obvious...even my 11yr old picked that up. Just STOP reacting, you lack SINCERITY. YOU LOST SUBSCRIBERS😢😢😢",6,1,2025-02-25T21:04:20Z,2025-02-25T21:04:20Z
Ugx2-CAdBeUzFRoqyMd4AaABAg,@jimmyneutron9140,Yall are corny,12,0,2024-05-08T02:11:36Z,2024-05-08T02:11:36Z
Ugx3lzhRt13RQRo04nx4AaABAg,@FredHaro,"Passing on a body/Stockton is a triple entendre.Stockton lead the league in assists, and he rolled with Malone that married a minor.",1,0,2024-05-27T14:58:39Z,2024-05-27T14:58:39Z
UgyoJDqwLFuomRM-WNZ4AaABAg,@MbaliBhekiNkomazana,Worst reaction ever 💔,6,1,2024-06-22T18:57:39Z,2024-06-22T18:57:39Z
Ugx1L3bhgqXzQV7t4j14AaABAg,@Ssyymmetryy,Still can’t believe this review was so bad it made me unsubscribe 💀💀,8,0,2024-06-20T12:49:10Z,2024-06-20T12:49:10Z
Ugz3HPkTRNMx8bcj0Ad4AaABAg,@andrewerdman7633,"This reactions honestly worse than ""the grahams""🤢",10,0,2024-05-07T22:54:35Z,2024-05-07T22:54:35Z
Ugz3rUHFASK_3_vLZMp4AaABAg,@jarvismack5570,"Coming back to this reaction and Meet  the Grahams...
Yall failed us by not being objective and
obviously bias....
The two who cares so much about bars and this was such a back handed reaction on both...",3,0,2024-07-30T06:01:26Z,2024-07-30T06:01:26Z
Ugxqt0NzRX7MdLIOquZ4AaABAg,@maxcloud6964,once a lame always a lame.. you are  definitely lost in vegas and not like us.,7,3,2024-07-04T06:30:42Z,2024-07-04T06:30:42Z
UgzMCPsm93ZiugqNZrt4AaABAg,@benjaminwilke2581,Y’all terrible for real,8,1,2024-07-04T03:28:00Z,2024-07-04T03:28:00Z
UgweAJjAKWfhQXBXeu54AaABAg,@Bansheeboys7839,Cant wait to hear The Marching 101 play this.,0,0,2024-05-18T06:32:54Z,2024-05-18T06:32:54Z
UgzT43I8KvDD4xNOPUt4AaABAg,@ThrillBeenSpoke,“Beat your ass and hide the Bible if god watching” saying that’s not hard hitting is crazy lol,3,0,2024-07-02T02:39:36Z,2024-07-02T02:39:36Z
UgwCNuRQ_wKphrxhpH94AaABAg,@trhunt9663,Bald guy …… oh the change up is welcoming,5,0,2024-07-04T18:34:30Z,2024-07-04T18:34:30Z
UgxCqVGob_P6K-k3ISZ4AaABAg,@zacharylacy2439,A-Minor on the piano is also all white keys.,0,0,2024-05-14T18:05:43Z,2024-05-14T18:05:43Z
UgxFnuunkuv7UiVAyrR4AaABAg,@henokmekonnen824,I have never seen you laughing and enjoying this hard... Thanks to K-Dot! 🤣🤣🤣🤣🤣🤣🤣,0,0,2024-08-18T09:09:10Z,2024-08-18T09:09:10Z
Ugwy5CXxpzjIti5by714AaABAg,@ItzAJBrodie,"going back and watching their meet the grahams reaction and this reaction reminds me of the outkast quote ""Y'all don't want to hear me, you just want to dance""",0,0,2026-08-28T21:00:01Z,2026-08-28T21:00:01Z
UgwW3uU_9rRfanijV954AaABAg,@tvlogs7364,That went about as well as I thought it would,0,0,2024-05-17T15:57:14Z,2024-05-17T15:57:14Z
Ugxoy4pjNdTRH4oeAmB4AaABAg,@kenox66212,I think you guys need to do an overall review. 🤷🏽‍♂️Especially after the beef has ended.,1,0,2024-06-09T21:36:57Z,2024-06-09T21:36:57Z
UgzuCGtdgz9a9eQOTb94AaABAg,@tanzolo4487,"Don’t know if you guys can tell, but something about the way the lighting is set up reflects the greenscreen it’s very noticeable on the guy on the left (the bald head makes it look like he’s got green hair) just fyi !",2,0,2025-02-13T06:49:42Z,2025-02-13T06:49:42Z
UgziybR_KNaqfl4hXy14AaABAg,@rohanpeart2651,Do you guys have a Death of Slim Shady album review coming?,0,0,2024-07-19T15:00:38Z,2024-07-19T15:00:38Z
UgyhVQICemIiYrlISv54AaABAg,@JenniferFinchum,"Aight I m still here lol, I was so mad after the Meet the Grahms I had to log off. Glad ya'll cleaned your ears out. Maybe that Drake check bounced lol jk 😂",1,0,2024-06-18T03:50:50Z,2024-06-18T03:50:50Z
UgwaRM7z4JZRVMpHA694AaABAg,@troyardiecapistrano9374,Can't believe fantano did more justice on this beef analysis.... Can't believe that,0,0,2024-06-18T06:25:02Z,2024-06-18T06:25:02Z
Ugx4haoRBVf43kArIKl4AaABAg,@lafonnabojorquez1748,I agree completely,0,0,2024-05-27T19:35:08Z,2024-05-27T19:35:08Z
UgykPiO9C2IJVcsNfh14AaABAg,@jefferyburton4557,"Y'all are great! Loved your R.A.M. reactions and that's where I discovered you guys. 1st, I'm NOT a rap aficionado by any stretch so take my questions/observations with that in mind. 2nd, On DRAKE: been a fan since ""Take Care"" but he lost me with his last 3 outings. The subject matter seems juvenile and shows a lack of growth for me as a human being. I'm probably looking too deep. 3rd, what's your take on the allegations of him using ghost writers AND is that part of the whole ""appropriation/fake"" diss from Kendrick and others? I get caught up in that allegation when I listen to everything that comes out of him since 2018's Scorpion, including PUSH UPS. I also acknowledge that in terms of sales and popularity, he can do no wrong. Even when critics trash his releases, people still but it! 4th, on KENDRICK: Not Like US is absolute FIRE! I totally agree with the commentary here about your slight (I said SLIGHT) diss/critique of him on this and your need to compare it with PUSH UPS. All I got - don't hate a dude for it!",0,0,2024-05-15T15:20:09Z,2024-05-15T15:20:09Z
UgxEVlntXUuoBreLCqt4AaABAg,@rparqer,I missed when this channel was authentic,0,0,2024-07-21T06:29:52Z,2024-07-21T06:29:52Z
UgxdqlY8_s4d5d_M1y14AaABAg,@johnckoo,These guys are legendary Drake glazers. Bravo! The commitment and passion is commendable.,0,0,2024-06-05T14:24:33Z,2024-06-05T14:24:33Z
Ugw5DtFJ6uBl78lORrl4AaABAg,@bepro3212,Bet they won't react to kdots new video.  Not like us 😂,3,0,2024-07-06T02:22:46Z,2024-07-06T02:22:46Z
UgyI4a_HhATUXUJxwcF4AaABAg,@anthonybalderas2236,Don’t know why everyone is so surprised these dudes aren’t holding drakes bars to the same standards as kendricks. It was obvious from the jump they were team Drake as much as they claim to be unbiased. Although they did miss a LOT of lines on Euphoria which is unusual of them.,2,0,2024-06-07T19:11:03Z,2024-06-07T19:11:03Z
Ugx_03nphVy6-_ng2PJ4AaABAg,@mamiemagdeline,"Y'all, these guys? They not like us.",3,0,2024-07-01T16:43:23Z,2024-07-01T16:43:23Z
UgxqLVmmmQ-PSXQTw054AaABAg,@asiamalive,OVHOES,3,0,2024-07-06T10:49:45Z,2024-07-06T10:49:45Z
UgyTdStIAOR1Aoj3QN94AaABAg,@PYMGUS,Run everyone is cooking these two shiny heads😭😭😭💀💀💀,0,0,2024-05-15T04:38:15Z,2024-05-15T04:38:15Z
Ugy5S4iHN3oIfVQU0614AaABAg,@DonEasy,We deserve an apology. Drake got SMOKED. Do the music video reaction.,3,0,2024-07-10T00:41:19Z,2024-07-10T00:41:19Z
UgxzwMAEVfwBDGq8nHx4AaABAg,@Seizure1993,This was straight up a Drake fan boy review of this song 😂,3,0,2024-07-02T18:32:00Z,2024-07-02T18:32:00Z
UgyUDwhz2-LAjGth0e14AaABAg,@evarene07,Aww…bless Ya’all 95% lost souls,0,0,2024-08-11T00:44:45Z,2024-08-11T00:44:45Z
UgxLhAp5HXbVjtxAJ9B4AaABAg,@NikkiStikks,"Denial
noun
de·​ni·​al
psychology : a defense mechanism in which confrontation with a personal problem or with reality is avoided by denying the existence of the problem or reality.",1,0,2024-07-17T17:48:28Z,2024-07-17T17:48:28Z
UgzCFiOlWXzgpoiSfVl4AaABAg,@Johnonealofficial,I'm here...listening to the justification tour...bout to start the reaction...if yall don't bop to this it OVhooo,0,0,2024-08-02T02:39:26Z,2024-08-02T02:39:26Z
UgzuvTdJZPPB2gR5srp4AaABAg,@aruanqueiroz,"My man really said ""you're just calling him a pedophile""",1,0,2024-05-22T03:44:13Z,2024-05-22T03:44:13Z
Ugy9hLvOSa1LfHcjfjN4AaABAg,@pcaz23,These guys went down in flames with drake .. it's what the culture feeling,1,0,2024-07-14T03:00:22Z,2024-07-14T03:00:22Z
UgwL55_nkQJpDBgL1BV4AaABAg,@loganellis9867,"Oh shit, I love these guys I’m sure-
*opens comments* 
Ahhhh shit.",0,0,2024-07-16T04:20:55Z,2024-07-16T04:20:55Z
UgxEGIVDsTJBzIk1b4J4AaABAg,@TheGeminiProject6525,"“Hey Drake, they’re not slow”

You guys then say, you have to say it in order for us to get it.  You just proved Kendrick’s point.  You’re slow cuz you’re a stan.  Congrats",2,0,2024-11-09T07:37:48Z,2024-11-09T07:37:48Z
UgzzEEgf-bt2vvr54NF4AaABAg,@amineha6096,Supreme riders 💀💀,1,0,2024-08-01T12:16:27Z,2024-08-01T12:16:27Z
Ugw_KczL2pSVLV8ha8V4AaABAg,@prod3gyy,Whis here after the grammys😂,1,0,2025-02-05T02:15:33Z,2025-02-05T02:15:33Z
Ugyq6DqN48fXbkvl2-54AaABAg,@EarnedSamsung29,4:12 start of reaction,2,0,2024-05-21T15:58:29Z,2024-05-21T15:58:29Z
UgwPQa4zna2EN7j9S0x4AaABAg,@mustafajr3248,I used to be a fan now im an air conditioner,1,0,2024-05-23T23:00:47Z,2024-05-23T23:00:47Z
UgwpWdHnetMZu5rlScZ4AaABAg,@boni_slinger,This is obviously the reaction channel for the guys at the back😂,0,0,2024-06-03T23:32:10Z,2024-06-03T23:32:10Z
UgxDidUdvrgGQbacJut4AaABAg,@odinsarrow1343,Woww you broke that down real nice for the casuals. Interesting opinion about Drake’s substance 😮,0,0,2024-06-30T01:46:23Z,2024-06-30T01:46:23Z
UgyxtoWTpU_Pv6797tt4AaABAg,@NovaSS72,You can’t hear all the disses cause you a fan you a fan you a fan,1,0,2024-07-11T08:24:56Z,2024-07-11T08:24:56Z
UgwH-AY737LhAsjktZZ4AaABAg,@HairyJay-Jay,Bro must be taking that drake money,2,0,2024-05-19T10:45:00Z,2024-05-19T10:45:00Z
UgwZ3msh9Nic1Rr51dR4AaABAg,@theonlyone-xc3pu,"Kendrick Video, Out, Now!",0,0,2024-07-05T00:21:54Z,2024-07-05T00:21:54Z
UgyJI8gp7pTCenECYx94AaABAg,@KingZuey,"These are the same guys That said cannibus beat ll cool j like hell no bro, Kendrick won",4,0,2024-06-20T09:06:24Z,2024-06-20T09:06:24Z
UgwaBTCPxBm6vS_6XJN4AaABAg,@rhinousmc8052,"Ya'll just dont catch the bars and cleverness. ""How many stocks do I really have in stock. 1,2,3,4,5 + 5 = Stock (5+5). StockTen",3,1,2024-06-15T14:35:43Z,2024-06-15T14:35:43Z
Ugy4tC0YMoeKuYiVSPJ4AaABAg,@afroogs2354,It's okay. We can agree to disagree 😂😂😂,1,0,2024-06-22T19:49:24Z,2024-06-22T19:49:24Z
Ugz2XhDnF31wx_hkDUR4AaABAg,@musicgaad4000,"you deff sir,,,",0,0,2024-05-17T04:53:45Z,2024-05-17T04:53:45Z
Ugz1SagbzSyDRgP9nS14AaABAg,@lakeithcomicguyart9811,Whoa!!! DRAKE RHYMED JAPAN & HANDS. .HE A GENIUS.....👀,1,0,2024-06-30T15:42:45Z,2024-06-30T15:42:45Z
UgwyhKnYU26Cw4GlAeJ4AaABAg,@Dondeez,One thing that is part of the battle is the art and swagger....the way he's talking is part of the  art as well. ...I feel like the artistic versatility in his overall collection through this whole thing is a an aspect you all down played.,0,0,2024-05-15T00:05:43Z,2024-05-15T00:05:43Z
UgxeriMl5dGrh4Ptuhl4AaABAg,@FirstChain_Prime1Nce,6:21 he's been doing that since like that tf 😂😂,0,0,2024-05-15T23:22:05Z,2024-05-15T23:22:05Z
UgzUdBs4SktAFYxrQFx4AaABAg,@dosuno7544,Omg they hating and sick riding so hard 😂😂😂😂😂😂 I wonder if they will react to the music video,4,2,2024-07-06T15:04:23Z,2024-07-06T15:04:23Z
Ugw7cnQFrF0sJPcAg2N4AaABAg,@Trinton,I just want to know what bar on Push Ups was that fire to y’all?,3,2,2024-06-16T13:43:10Z,2024-06-16T13:43:10Z
UgzKXzHi1Etfbr8AX1B4AaABAg,@MsDreaXnNY,Certified lover boy. Went all the way over their head.,2,0,2024-05-29T02:40:53Z,2024-05-29T02:40:53Z
UgwW8oTs8FZ-odV4fgF4AaABAg,@Ty-vm9sx,"Damn these bars going over these dudes heads so easy. No wonder they think drakes shit is so hard. Cuz they actually understand those dumbed down, watered down bars",3,0,2024-06-16T13:11:51Z,2024-06-16T13:11:51Z
UgzWuhK_ciEH8offK7J4AaABAg,@vGEMZv,“Up until the A minor bar I didn’t hear nothing” lmao wtf this dude was singing the whole song lmao,2,1,2024-09-07T21:46:44Z,2024-09-07T21:46:44Z
UgxGyFXUFBCfzBECHdd4AaABAg,@JT1234-w3r,That shawn michaels sweet chin music line!!!,0,0,2024-12-13T14:39:52Z,2024-12-13T14:39:52Z
UgwDkT3CqEgijQN2JT54AaABAg,@samueldavisdavisbossqc4172,yall don'T understand that family matters was completely destroyed by meet the grahmas even if meet the grahams is a tough listen it served as a show stopper and it worked perfectly,1,0,2024-08-03T02:15:27Z,2024-08-03T02:15:27Z
UgxLNRUm0t5f3H-0-d14AaABAg,@geniusx9055,"What was the punched on HIT EM UP please?  I want to know, I’m so mad.. how did I end up seeing this video?",0,0,2025-01-02T19:34:21Z,2025-01-02T19:34:21Z
UgxR3tnB2kAeBzrBhbt4AaABAg,@MarimbaRingtones,Lost in Vegas was my go to bar breakdown channel. Their reaction to this beef was confusing to me. They were uncharacteristically bias.,3,0,2024-07-11T01:15:57Z,2024-07-11T01:15:57Z
Ugz2H2vp52S1Mm4mEaN4AaABAg,@Supsup0514,Kendrick is just too poetic and metaphorical for you guys!!!,0,0,2024-07-31T10:05:50Z,2024-07-31T10:05:50Z
UgxfgISLp0buQbX-MV54AaABAg,@hvjcv,"THEY DON'T HATE ME, THEY HATE THE MAN THAT I REPRESENT - this bar is for you crodies",1,0,2024-10-12T15:18:44Z,2024-10-12T15:18:44Z
Ugyjf5aNKxWYop1gNi54AaABAg,@PuckTheFenguins,Lol I can't get over the fact that the bald one's head is green,4,1,2025-02-14T01:03:33Z,2025-02-14T01:03:33Z
Ugy2ZSNK7fx-4YsS-rJ4AaABAg,@metaphoriaofficial,36:00 well damn if that’s actually true that’s even more genius,0,0,2025-02-20T14:05:25Z,2025-02-20T14:05:25Z
UgwxDWka99TES0aQpIR4AaABAg,@barca.corner2352,"advice to you guys, watch knox hill 🤦‍♂",3,0,2025-05-07T12:06:58Z,2025-05-07T12:06:58Z
Ugx1QiOIu3yiEsWaatF4AaABAg,@GRABA85,You should move your channel to Canada.,1,0,2024-06-26T10:37:55Z,2024-06-26T10:37:55Z
Ugw9fbSDw3vMMYkGDix4AaABAg,@MuscleNMarriage,These the same dudes that won't say anything bad about JayZ music no matter what but claim to be unbiased everybody not 100% all the time and it's ok to say that when reviewing ALL artist… this is exactly why I came here to see how y'all was gone act about not like us and still just couldn't say Kendrick got the WIN… Kendrick right y'all not like us 🙏🏾💪🏾❤️💯✌️,2,0,2024-07-01T07:51:15Z,2024-07-01T07:51:15Z
Ugy1Q763poVbuGG_yl14AaABAg,@seanbrent8294,"They not like us… the real knockout punch is that Kendrick built the narrative throughout the beef that he’s stamped anywhere. Then the bounce/hook in the chorus invites the listener to get behind him. When I hear it, I see a crowd of people standing behind him gang singing the vocal and they’re all just gradually shufflin drake back over the border into pop/rap.",1,0,2025-09-11T19:41:55Z,2025-09-11T19:41:55Z
UgyvFHz8XghuqJw0aJh4AaABAg,@u-town3233,"Maybe you should do a video on KDOT’s Not Like Us video? You just may change your mind on who won. Everything Drake said was basically a lie. KDOT said it best, Drake is a manipulator and was able to get ya’ll to believe he won the battle. His shit was all false. Since this review, he has done a dope concert bringing all of LA together on Juneteenth and now a video on the 4th dispelling everything Drake said. Mic drop if you ask me. Some people just like caping for their favorite. Kind of like thinking Nas’s’ ETHER isn’t a classic.",3,0,2024-07-06T00:38:10Z,2024-07-06T00:38:10Z
UgyeLvopa7iEchJojat4AaABAg,@juaniarussi3118,They choose to not understand Kendrick but every Drake bar they get 😭😂,1,0,2024-05-23T21:46:05Z,2024-05-23T21:46:05Z
Ugz-szgXsq90xyfJjFt4AaABAg,@Dinoco43z,George straight choking,0,0,2024-07-28T11:11:44Z,2024-07-28T11:11:44Z
UgzmisjvskoaQz_XvH94AaABAg,@nitheshsuresh8584,trying so hard to get back from the last one lol,2,0,2024-06-09T02:50:33Z,2024-06-09T02:50:33Z
UgzhAMgK5rz0-f5HE9d4AaABAg,@EduardoPerez-jt7cp,The need with the hat acting like he knows bars,0,0,2024-07-28T17:20:26Z,2024-07-28T17:20:26Z
UgwfFH5uPeZe-yKxzQN4AaABAg,@Laurentiu1999m4,Kendrick fans bruh😂😂😂 just read the comment section from an unbiased pov and tell me u not toxic,3,0,2025-12-18T13:03:03Z,2025-12-18T13:03:03Z
UgwmTKnGdgwUfucAy-Z4AaABAg,@mattsmith3049,"""Kendrick needs to come more direct"" ""All I wanted was some double entendres this whole time"" 

Literally quotes from back to back videos.",1,1,2025-01-01T08:11:32Z,2025-01-01T08:11:32Z
UgwVVUhJJKKYwYWO-kN4AaABAg,@ombligodeagua,DEATH GRIPS WHEN,0,0,2024-06-21T15:29:33Z,2024-06-21T15:29:33Z
Ugyp6JNF8N0c3LNMlAV4AaABAg,@BoxHog,This song was meant to be a club song so it was played perfectly. IF Drake had've song the same song with the same beat everyone would've been straight praising it like it was the best song ever.,1,0,2024-06-13T17:42:39Z,2024-06-13T17:42:39Z
Ugypb6CjfEK96Q5Mt8t4AaABAg,@davidemery4759,"I didn’t watch their Family Matters reaction, but just on shear history, they have shit on tracks that made me feel some kind of way, but it was their real opinion and they’ve always seemed critical and had a high standard for bars, which I appreciate. And it sounds like they are admitting to the popular opinion. But Kendrick got this all the way. Westsiiiiiiiide!!  😂",0,0,2024-05-19T23:17:19Z,2024-05-19T23:17:19Z
UgwFCQLW21_qGD2MrOZ4AaABAg,@andreamarie1347,❤ this song 🎵 👌 😂😂,0,0,2024-06-05T15:17:47Z,2024-06-05T15:17:47Z
Ugz2ciurZjiMPJTGi_B4AaABAg,@mauricegrant4106,Also your are wrong about Kendrick’s last dis,3,0,2024-05-20T06:58:26Z,2024-05-20T06:58:26Z
UgzNk-GXeSyaFASK3vN4AaABAg,@Xcddffres,The guys act like they have credits lmaooo,3,1,2025-04-09T23:55:01Z,2025-04-09T23:55:01Z
UgyudI-b91Rp1-GComl4AaABAg,@farukruns,It’s funny how they are acting unbothered lmao when they are,2,0,2024-11-25T07:04:19Z,2024-11-25T07:04:19Z
UgyEJi6X1qlQkBs7GkJ4AaABAg,@Realest_Avenue,"You even played push ups at the end and gassed up light bars, nothing Drake said was really hard. 😂",3,0,2025-02-25T20:35:19Z,2025-02-28T19:53:15Z
UgzS5v5woEK-P0gCGrB4AaABAg,@SageTrader007,"Despite Kendrick's neo rap tendencies, which I hate. He finally came through with this one. He humiliated Drake to a bop. He won that.",3,0,2026-06-06T00:24:39Z,2026-06-06T00:24:59Z
Ugzjz_DtBZWPf7RJN954AaABAg,@mauricegrant4106,Boo what happen to y’all all  you’ve done become HATERS. Y’all is to be the voice of the streets!,2,0,2024-05-20T06:48:18Z,2024-05-20T06:48:18Z
UgznYCWrtekTq9YBhqN4AaABAg,@LKnight32,Mad how you gave props to drake at the end when he sounds like he’s struggling to rap his super simple flow and let’s be honest we all know he didn’t write any of it!,3,0,2025-02-13T21:16:43Z,2025-02-13T21:16:43Z
Ugy-uIpStohm5JbsLpt4AaABAg,@lupeezyy,16k bibles were hidden as a result of this video 😂😂,3,0,2024-08-01T00:24:12Z,2024-08-01T00:24:12Z
UgzIMIpLc1ZeFhoH_-d4AaABAg,@Дамир_Валеев,Them green-ass heads😂,1,0,2025-01-14T12:08:31Z,2025-01-14T12:08:31Z
UgzyWEia7-Z52fT4yN94AaABAg,@JDAWG2greedy032,He’s a 69 god,0,0,2024-05-14T15:36:00Z,2024-05-14T15:36:00Z
UgxOY8YwV4RdKmCr3md4AaABAg,@rogercyuzuzo9819,I know i'm watching my last video of these guys,0,0,2025-01-23T06:57:11Z,2025-01-23T06:57:11Z
Ugxgn6w65kjl1pelJM14AaABAg,@manceraalex27,It’s always hard to listen to someone critique something they them self can’t come close to creating. It’s even harder to listen to 2 haters critiquing a genius at work.,0,0,2024-05-15T06:03:32Z,2024-05-15T06:03:32Z
UgxW5HvgJu8Pae429-14AaABAg,@GRAVY91,The rabbit 🐇 hole 🕳️ gets deeper B rap and he’s Malibu most wanted tf B-Rabbit form the movie 🎥,1,0,2024-08-11T16:04:13Z,2024-08-11T16:04:13Z
UgzEeKSdEo_ONjN3ue14AaABAg,@LovedByYou,They loved the heart part 5? I’m confused what happened lol,1,0,2024-06-01T07:25:42Z,2024-06-01T07:25:42Z
Ugzu_cAPkgzGbl5uEmB4AaABAg,@Motivation_..Nation,This came up in my feed. Im surprised men this age aren't as saavy as their younger peers in reviewing this rap battle. It's odd. They let whole verses go without stopping once with analyzing. I'm sorry i watched. I need my time back. Is this a review channel. Its like two people who never heard a rap.,3,0,2024-05-20T15:38:37Z,2024-05-20T15:38:37Z
UgwqbGHP6RGcd-Vpkwx4AaABAg,@laural9551,Next time watch the video in real time not I watched before and now this is  my reaction,0,0,2025-11-19T18:33:17Z,2025-11-19T18:33:17Z
Ugy7Kt7-zrWK6jnn4u94AaABAg,@wojerwabbit,"EDIT: Man, I can see where it all went wrong. Ya'll were too invested in your subscribers' or comment reaction. You started getting defensive because of the push back by Kendrick stans and I can see why that is but man, you deprived yourself of fully enjoying a once in a lifetime beef and the victor very clearly had the better overall songs. Never do that again. ALWAYS remain unbiased regardless of the push back. 

Man, came back to this just to see if there was anything redeeming about it but nope. Not a damn thing. The worst part is ive been listening to these guys since pre-Covid days and respect a lot of their takes. 

Theyve even given Kendrick his flowers in the past and have dissected his music multiple times. Which is what makes this reaction/review baffling to me. Its like their dislike of the stans' opinions overshadowed their critique of the music. They just wanted to stir the pot and attack the fans instead which is totally not what I expected from them. 

I mean i know its not that serious but for a channel of your reach and stature, I would have thought you'd have given it the genuine treatment it deserves. Also, from strictly a music POV, literally none of Drake's albums are classics in the true sense of the word. Nothing that has impact with substance. Just impacts the charts.",2,0,2024-07-16T15:30:16Z,2025-07-04T22:36:47Z
UgykD69pJeI6X3EpXZB4AaABAg,@Locolulu87,"I sincerely hope you react or at least listen to Daylyt addressing Drake. He straight up says he was a ghostwriter and HE WROTE Back to Back and God's Plan. ""Your best work is LYT PACK"" -KDot.",1,0,2024-05-28T19:02:46Z,2024-05-28T19:02:46Z
UgzyG_vHvu1-qM6-jIB4AaABAg,@Sasha2Sassy,And also A minor is the only minor chord played with all white keys.,0,0,2024-05-19T17:16:56Z,2024-05-19T17:18:04Z
UgxMSW5Q7tQVPBMr2s94AaABAg,@snowfall919,Seeing this reaction right after meet the Grahams feels weird 😂,0,0,2024-08-08T23:39:45Z,2024-08-08T23:39:45Z
Ugw7o9rMwh_QD6FJgM94AaABAg,@matthewmiles4040,Another great song gets ran thru and ruin by social media,1,0,2024-06-01T09:31:55Z,2024-06-01T09:31:55Z
UgwwCyZ5NtypUyiJOYZ4AaABAg,@countrytodd4614,"Ive got an idea, in Drakes next song he should mention Kendricks height, something fresh and new",0,0,2024-05-18T03:07:36Z,2024-05-18T03:07:36Z
UgySzeLWHhfN5jcST-54AaABAg,@benten-plus,"Well, cant win em all gentlemen",1,0,2024-06-22T18:21:47Z,2024-06-22T18:21:47Z
UgwcQ7cqMoqJOUSzN4t4AaABAg,@Ineluki_Myonrashi,Y'all definitely took an L on this.....makes people question if you are for the culture or FAN's...,6,0,2024-07-17T13:43:12Z,2024-07-17T13:43:12Z
UgwNIHMeoVsd_VjPiXF4AaABAg,@ayejay4093,I feel like they are looking for a specific type of rapping that they just aren’t getting from Kendrick and that’s fine but to sit here and talk as if Kendrick wasn’t saying anything up to this point with triple and quadruple entendres especially in euphoria … is crazy… I feel like they should just say Drake is easier on the ears for them so they prefer it … Kendrick is unorthodox so you either gona like it or you’re not … they failed when they were making it seem like he wasnt rapping and this was the club record so he didnt have to do any crazy rapping on this frfr but hey 😂,4,0,2024-06-07T13:15:32Z,2024-06-07T13:15:32Z
UgyCQsK3uvTA2T0nJwx4AaABAg,@unconditionalbrother1328,I had to exit in the middle of the speech at the beginning,0,0,2024-05-15T21:09:20Z,2024-05-15T21:09:20Z
Ugy0N2XToDUXrX5HfQZ4AaABAg,@Huncho8ave1744,I love yall boys I came back to revisit this just to show how well this aged! Kenny did not beat the boy!!,0,0,2026-01-24T04:50:12Z,2026-01-24T04:50:12Z
UgwFWadfgFmUlQA7t_p4AaABAg,@GiovanniRacine-fu7rt,Those dudes put on a masterclass on Drake glazing. They just showed the rest of glazers how to properly glaze. Gassing up filler bars but dismissing Kendrick’s bars. Take everything Drake says as facts but needs receipts for Kendrick,1,0,2024-05-14T15:39:54Z,2024-05-14T15:39:54Z
Ugwoy3Pr1RvdRWdIh9B4AaABAg,@sadonewillow5792,Everything went over your head like y’all put butter on first.,0,0,2024-08-05T23:47:34Z,2024-08-05T23:47:34Z
Ugyu1FcyxetuJ7_2P114AaABAg,@alfonzojordan8395,Southside vic on the radar freestyle react now,0,0,2024-08-23T16:42:01Z,2024-08-23T16:42:01Z
UgxtrSxQjiG14Eq8qVJ4AaABAg,@DapperPolo,“Nail him to the cross like Tezo” was a bar they missed if they think A minor was the first bar they heard.,1,2,2026-05-17T15:02:06Z,2026-05-17T15:02:06Z
UgxQAMvM7VX09S11JVZ4AaABAg,@andychavez7596,Just wondering… who do y’all think won the rap battle now?,1,0,2024-06-27T07:39:44Z,2024-06-27T07:39:44Z
UgwK0MSzx30RXZKLBY94AaABAg,@JustNotEverybody_,John Stockton... Most assists to Karl Malone .. just historically is right there in NBA stats...,1,0,2024-07-12T01:02:47Z,2024-07-12T01:02:47Z
UgzHKUnq0Z9D3KJwgWB4AaABAg,@robertshaw5174,Norman sann-Cavaliers. I promise you guys will agree that this song is fire,0,0,2024-05-23T15:46:43Z,2024-05-23T15:46:43Z
UgxAIfpBI7h0AdWUY8Z4AaABAg,@MovingSignals2112,"Really like their reviews for the most part. This review I didnt agree with when it first came out... after watching Kendrick filling a stadium chanting this song, this review definitely aged poorly",5,0,2024-06-24T05:57:07Z,2024-06-24T05:57:07Z
Ugx_113LWjElJBEu8TR4AaABAg,@DanteKobayashi_,"It’s makes me sad to see y’all miss on this entire beef when it comes to the Kendrick side of things. You’re entitled to your own opinions but, you all tend to contradict yourselves every time you make a point of criticism so, to us as viewers it just comes off as either blatant hate or bias towards Drake. 

Claiming it’s a “drought” and asking for more “double entendres” yet, saying that he needs to spell out the bar for you doesn’t make any sense. The A-Minor bar for example wasn’t even the first double entendre you hear in the song lol. (which btw, it’s actually a triple entendre; A Minor is the only scale in music that uses no BLACK keys. Kendrick has consistently talked about Drakes need to “feel” or be “black” so, he’s double dissing him there) I don’t know if y’all just don’t know the full situation/sides for both parties involved in the beef so it was harder for y’all to pick up on some of the initial bars but, you missed so much in this song. 

This song is bigger than just shots/allegations about Drakes pedophile claims. He’s literally standing up for the West Coast image and his roots! He’s essentially telling Drake that he has NO identity in the rap game with his sound. All these different rappers are constantly giving him credibility and falsifying this personality that he now calls “Drake” or “Drizzy.” He consistently steals from other sounds to create his music while never garnishing his own personal sound. (i.e Chicago style, Detroit, West Coast etc) It’s the whole reason the West Coast essentially plays this shit likes it’s their ANTHEM because Kendrick is one of this generations leaders in the West Coast sound and when you are able to have VALUE and IDENTITY within a culture/group of individuals you evolve into something more than just an artist. Drake has NEVER had that his entire career.

I can’t stand Drake, but, when he dropped Family Matters I had to respect that he went off like crazy and it looked like he took a lead in the beef but, Kendrick literally went nuclear on this song and it’s so disappointing as a fan of you guys from the OG Logic mixtape days to see y’all’s takes on this be so horrible and bias.

TLDR - I’m disappointed because I’m an OG of this channel and I feel like you guys missed EVERY part of this song and every other Kendrick song and constantly under appreciate him.",3,0,2024-06-09T09:22:05Z,2024-06-09T09:22:05Z
UgxSm8ht6aO3eDAk6NF4AaABAg,@NoAnimalLeftUnfedInc2015,There is nothing wrong in being an intelligent and cerebral battle rapper. We all don't enjoy simple,0,0,2024-05-16T01:49:45Z,2024-05-16T01:49:45Z
UgxRLzad5fgINa3GgY94AaABAg,@twobirds01,"I will say when y’all were doing the Eminem mgk beef, you talked about how yeah em’s lines were funny but they didn’t hit as hard cuz they didn’t have substance, now ur saying the funny lines are what wins rap battles? Love you guys but thought that was just funny to point out😂",3,0,2024-06-11T21:13:21Z,2024-06-11T21:13:21Z
UgwMsBLWzaZcDxTmtD14AaABAg,@alvinedingtonjr.3145,Y'all are interesting,0,0,2025-08-05T01:53:58Z,2025-08-05T01:53:58Z
UgywlwasvPb9Klma92l4AaABAg,@Godoverclout,My old heads disappointed me 😂😂😂,1,0,2024-05-22T20:11:06Z,2024-05-22T20:11:06Z
UgxTkAd6Jqo3dkoruaR4AaABAg,@sicoby,drakes ghost writers are very naturally talented i agree :),0,0,2025-01-03T21:40:18Z,2025-01-03T21:40:18Z
UgxX15z4caG8pctUz494AaABAg,@dubalmighty,"Or and hear me out here, Drake is just more simple, Simple minds like simple punches, something easy to catch.. No real thought needed ....No bar drake said was better than the AI bar kendrick said, but he did have a lot of jabs that hit quick, so you like it more ..",2,0,2024-06-01T21:27:19Z,2024-06-01T21:27:19Z
UgzOaF3en3pAC-_qYQ94AaABAg,@bbblll000,Is it just me or the “MinoRRRR” part sound like Nicki Minaj 😂,1,0,2024-05-22T15:29:47Z,2024-05-22T15:29:47Z
Ugy_F_0NMIJs3dJ0yEl4AaABAg,@TigerBrat,also double diss with A-Minor.  when u play A Minor you never use a black key on the piano....,1,0,2024-05-28T17:56:32Z,2024-05-28T17:56:32Z
Ugx9ig3asCycHnopqMZ4AaABAg,@elilandrum2017,LMFAO love yall reactions been watching since high school,1,0,2024-05-15T00:42:32Z,2024-05-15T00:42:32Z
UgxcCUrQterCulOv3-54AaABAg,@Slaheir,"Yup, this my last one. I’m not watching these bad takes anymore 😂✌🏽",1,0,2024-05-27T02:30:21Z,2024-05-27T02:30:21Z
UgyqexTAD61HSyaJwcR4AaABAg,@AdamBCane,Kendrick won 5 Grammys from diss song lol!,2,1,2025-02-06T22:05:19Z,2025-02-06T22:05:19Z
UgxYX38UtA80PIcBQ8x4AaABAg,@FijianFala88,"We have 2 drake sympathizers here,Hi haters😂",4,0,2024-07-09T00:03:59Z,2024-07-09T00:04:18Z
Ugz7v5h_daEoLAkzDKp4AaABAg,@jeramyo-h-i-o4743,It’s like they only liked the song K-Dot dumbed down to  just make a Club banger just to show can do that simple shit too.,1,0,2024-05-28T21:42:14Z,2024-05-28T21:42:14Z
UgwZZtkZ8_Y23D5bxfx4AaABAg,@UTxMansonKnowz,"Disagree Drake was more ""clever"" and had no fillers, but even if it was true, you all ignored that he uses ghostwriters, though.",3,0,2024-06-11T11:10:01Z,2024-06-11T11:10:01Z
UgziKEYNqd30-5Ol4pJ4AaABAg,@loljman,Yall make music?,0,0,2024-05-14T19:22:09Z,2024-05-14T19:22:09Z
UgwIh-bJrvD6u5DImv54AaABAg,@El_Gordo_Loco,These guys wanna carry Drake's kids.😂😂😂,2,0,2024-10-29T02:11:23Z,2024-10-29T02:11:23Z
UgwdlJhhl3EPh-wM3DR4AaABAg,@jessebrown7158,"Wish yall talked in these comments more, or at all. Be nice to have some back and forth to clear some of this up. My issue with this whole battle was the claim yall make of “no bias” this battle felt extremely bias towards Drake. I get it, everyone has their favorite guys, but to even think for a second Drake was close after meet the grahams is absolutely crazy. Kendrick went in on dude and from what I keep seeing, it isn’t over yet. Drakes gonna come back with something. Drake stayed in it with family matters, but lost it with meet the grahams. Hopefully he comes back with somethin as tough as push ups was.",3,10,2024-06-13T23:47:41Z,2024-06-13T23:47:41Z
UgwHyIgYVealCZ7sUwd4AaABAg,@indyfreeman7172,There was like 4 doubles before the a minor line what they listoning too 😂,0,0,2024-05-23T07:57:05Z,2024-05-23T07:57:05Z
Ugw9IuZIEB2wuMT7lsF4AaABAg,@DaftPunk1716,Yall should have just bowed out like Cole,1,0,2024-05-23T14:33:56Z,2024-05-23T14:33:56Z
UgwfTuGdiZnVGoiAWhJ4AaABAg,@cashkideven,17:40 😂😂,0,0,2024-06-19T10:49:15Z,2024-06-19T10:49:15Z
UgxNVdKSnQuhj5AedTd4AaABAg,@Meca.Teniaa,Definitely seems like yall critiquing Kendrick different than Drake. Yall missing everything he saying and the overall body of it in how he did it… 😂 yall want a bunch of metaphors and double triple entendres BUT he did give that while also being very blunt.,1,0,2024-05-14T18:50:20Z,2024-05-14T18:50:20Z
Ugw6TYLZENzJ1CMmtbx4AaABAg,@Soffolk1,Yo does anyone know what the album art is on the album? Like who’s house with the pins on it lmao,0,1,2024-06-11T03:15:37Z,2024-06-11T03:15:37Z
UgxZRsXrAdH3PEm1f2p4AaABAg,@bytemoney5655,"After Kendrick had this narrative that drake a culture vulture and he wasn't black enough he was just tryna fit in 
Also had everybody and social media gassing him up about this angle 

Drake just went on and said ""Our children should go play at the park, 2 light skinned kids the shit gon be cute""",1,0,2026-05-20T18:49:27Z,2026-05-20T18:49:27Z
Ugz1oVoa_U0FaE_AIAZ4AaABAg,@foxhattrick,Just reminder these the same guys who thought MGK beat Em,1,0,2024-05-28T17:36:12Z,2024-05-28T17:36:12Z
Ugwy9YWKpwznN30Yy3p4AaABAg,@Joeyclubbin,Please gp through Drakes bars for Kendrick like you did for the 3rd verse,0,0,2024-07-06T05:00:32Z,2024-07-06T05:00:32Z
Ugz52pEfLCG0QG2Cx494AaABAg,@michelangelotroccoli7748,You guys gota do the Joe Budden - Control ...verse from back in 2014 when he aired all these average dudes out,0,0,2024-06-15T01:54:36Z,2024-06-15T01:54:36Z
Ugx3wtE28qWm-079oPB4AaABAg,@lakeithcomicguyart9811,Wait....they said push-ups was harder than like that now they back pedaling F.O.H!!!,1,0,2024-06-30T14:54:13Z,2024-06-30T14:54:13Z
UgyeZck0F1QOImnpa6t4AaABAg,@pakONEoh,"Did they catch the ""hey hey hey"" bar?",0,0,2024-07-24T07:14:24Z,2024-07-24T07:14:24Z
UgysvUljkUZkSMs8uHp4AaABAg,@Prolific1of1,The way they’re getting cooked is funny as hellll respect for holding down your wrong opinions though 🫡,0,0,2024-05-17T13:58:04Z,2024-05-17T13:58:04Z
UgwGeF030zIZz91NYbV4AaABAg,@Brian-tl3ch,He a Drake fan gnl,0,0,2024-08-11T05:03:34Z,2024-08-11T05:03:34Z
UgwkC36mgS-eWtpwAFl4AaABAg,@chrisohreally,"You asked for a double entendre, and then when talking about the Karl Malone/John Stockton bar, are pontificating about how he MUST say Karl Malone for it to be good. Kendrick c-walked—alongside the world—over your heads.",1,0,2024-07-08T02:25:13Z,2024-07-08T02:27:49Z
UgwlbyNlHKNm7agG9RV4AaABAg,@SteamPoweredSmurfette,I really hope y'all didn't pull a muscle with all this backpedaling you did in this video 😂,4,0,2025-04-08T07:43:02Z,2025-04-08T07:43:02Z
UgyUstUpj1nKBQWfjY14AaABAg,@JoeLunsford-e8c,Da FUQ?????? Glazing level 2K!,0,0,2024-05-24T00:46:04Z,2024-05-24T00:46:04Z
UgyURAF8AiX9Z_Z8Epl4AaABAg,@jimmyramos5337,Lost in Vegas is compromised damn,0,0,2024-05-23T22:51:59Z,2024-05-23T22:51:59Z
UgznJrPf6T4VAf0VGUR4AaABAg,@standinonbidnes66,why k bots so mad,2,0,2025-08-26T17:25:27Z,2025-08-26T17:25:27Z
UgxYv9UOtLVIpgpG41F4AaABAg,@mauricegrant4106,I’m done I can’t listen to y’all anymore I am going to give y’all a break for awhile GROW UP!!!!!!!!,3,0,2024-05-20T07:06:56Z,2024-05-20T07:06:56Z
UgzusURNlPJhz2wFXn54AaABAg,@CarlosSanchez-qd9ho,Now I see how many people don’t know what A minor means with the keys.,0,0,2024-05-30T03:04:09Z,2024-05-30T03:04:09Z
UgzNqe06sKzFuWI1JFV4AaABAg,@Danatureroy,Man y’all used to be knowledgeable about this rap shit. Idk what happened but hopefully y’all can turn it back around,1,0,2024-05-15T22:13:07Z,2024-05-15T22:13:07Z
UgyufgySEMpSKl0ybpJ4AaABAg,@italo_scemo9202,"Guys, you can’t just act like this wasn’t CONSIDERABLY better than Meet the Grahams. I get it that it is direct, but it’s a fraction of the SONG that Not like us is",0,0,2024-06-16T09:33:15Z,2024-06-16T09:33:15Z
UgyC8TH7zZAXcTvieot4AaABAg,@bonafidevigi,Im out from south african; Rhodes university( situated in the eastern cape grahamstown) student from Johannessburg,0,0,2024-05-14T14:09:51Z,2024-05-14T14:09:51Z
UgxKMcQxijpD9pZpZ8R4AaABAg,@deancalder8799,A minor is also a musical note.,0,0,2024-06-26T18:55:33Z,2024-06-26T18:55:33Z
UgzTxkKWvDjZFmRCFbp4AaABAg,@anihdollar3294,How are they doing today. Guess their being biased cost them a lot,2,0,2024-07-07T16:40:04Z,2024-07-07T16:40:04Z
UgwwbRO-OcswHx5HlJt4AaABAg,@chriswatson5772,I like their take on this..they right drake didnt waste no bars,0,0,2024-08-04T00:54:16Z,2024-08-04T00:54:16Z
UgwBD4IHagUOUa9hebt4AaABAg,@AaronBurr24,Funny thing about the points George is making sounds a lot like what he argues against Eminem about in the Killshot diss. So the things that’s Drake say big boy wise aren’t the same as what Em said? Need consistency.,0,0,2025-02-13T19:34:01Z,2025-02-13T19:34:01Z
Ugyyj20wkMmvOF4QtMp4AaABAg,@bzetu,"Your ""We are not biased"" stance is mute🤷‍♂️. The title is 'Not Like Us Review' but you both managed to slide in ”Pushups"" for you to relive the ""Euphoria"". Hopefully one day you get to ""Meet the Grahams""  because clearly you are ""Not like Us"".",3,0,2024-06-30T12:40:51Z,2024-06-30T12:40:51Z
UgzW9hNsBGTqkf1cFn14AaABAg,@Nuga_naruel_magado,Hi can u pls react to 'lost'  and 'domodachi' from the album 'right place wrong person' by RM.,0,0,2024-05-26T04:23:39Z,2024-05-26T04:23:39Z
Ugwhx6hIQ-gnS7lvr6F4AaABAg,@ZendayaG,damn 26k dislikes vs 16k likes is crazyyyyyyyy lol,0,0,2024-07-14T14:56:20Z,2024-07-14T14:56:20Z
Ugwk-dT6B2bWAc0WnDl4AaABAg,@Mr_Boyer,The whole call and response part at the end put the nail in the coffin of this beef for Drake. People are going to be singing a song about him being a pedophile in the club all summer. That's some shit that I don't even think Drake will be able to come back from all the way. He'll still have his hits but I think his superstar facade of being untouchable is gone for good. Push put a few cracks in the armor and Kung Fu Kenny hit him with the coup de grâce,0,0,2024-05-18T04:28:36Z,2024-05-18T04:28:58Z
UgzUEXt_Rr27FLUV6w54AaABAg,@cornerkidsofficial,"I’ve seen yall breakdown bars for other videos but the biases comes through crazy on these Kendrick vs Drake battle. Either y’all don’t know, do show or care about what Kendrick said in the hood lol but nah fr, yall high key hating on K dot",3,0,2024-07-27T23:56:15Z,2024-07-27T23:56:15Z
UgyC_imL0QYyrxvFV754AaABAg,@enricoanthonie6247,"It's so sad to see them finally being free. Because these are my guys I love this channel. But come on, it's obvious for everyone to see, I don't know if there were money involved or something but come on. But on this track you can see. They finally back to their old  self's.",0,0,2026-03-30T08:42:30Z,2026-03-30T08:42:30Z
UgyZ3uwh_ZZaXT1bscB4AaABAg,@FredHaro,Kendrick is using WWE strategy in this song. He lets it cook for awhile before a finishing move.,0,0,2024-05-27T14:59:32Z,2024-05-27T14:59:32Z
UgzyWDICuA53y6kKQW54AaABAg,@VLC2260,"""AI IS THE BEST BARS!!""😂😂😂😂😂😂😂😂😂😂😂😂",0,0,2024-07-14T11:40:59Z,2024-07-14T11:40:59Z
UgyJEIddPmYP3YK77J54AaABAg,@blacklight6416,"Shld have dissected the song right from ""i see dead pple""",0,0,2024-05-17T14:16:53Z,2024-05-17T14:16:53Z
Ugw3laHuUMED_gtSkbF4AaABAg,@gnittegdellort,Watching the reaction to the Drake song at the end is just tragic...,1,0,2024-12-31T08:13:39Z,2024-12-31T08:13:39Z
UgxGuO7dqzxzMgrfMz54AaABAg,@Dejydidiah,Baldy,1,0,2024-07-12T16:18:15Z,2024-07-12T16:18:15Z
Ugwmv7xMN_xpnJQ80TN4AaABAg,@DaddyDayKare88,These guys are slow Kendrick. You LIED *meet the grahams voice*,3,0,2024-07-07T05:19:51Z,2024-07-07T05:19:51Z
UgzIiYvCzcymtAcXtsN4AaABAg,@ghostassassinxpx,Baldy!,0,0,2024-05-20T06:12:52Z,2024-05-20T06:12:52Z
UgwN6U97nBh3XPoOB3J4AaABAg,@yolnkhaliahino6419,"Their real time takes on the beef were wild, but a year later and after Drake unanimously lost the battle in the booths AND the battle in the suits? Diabolical! They bet on wrong horse based on simple rhyme patterns, playground insults and completely unfounded lies over a good sounding beat. They ain't said a single word about that damn lawsuit though 🤣🤣🤣. I get it, y'all are leaders of free thinkers. Y'all wanna go against the grain, and that's fine. However, do keep in that sometimes going WITH the grain prevents you diving head first off of a cliff.",4,2,2025-10-11T02:10:28Z,2025-10-11T02:12:09Z
Ugyta6U8p0-lZSSR7R14AaABAg,@MusaLeony,"Baldy relies too much on Glasses ,Baldy ain't that smart glasses on the other side ain't the sharpest tool in the box🤣The Blind leading the Blind🤣🤣",0,0,2024-06-05T21:50:37Z,2024-06-05T21:50:37Z
UgxNW_WYa4VC2wa8TgZ4AaABAg,@josevelazquez4879,"Ryan really acting like kendrick only gave him one double entendre when hes literally the only one of the two who gave triple and quadruple entendres, he just never understands them, or doesnt want to understand them. Ryan Glazer, owner of Manchester united lmao",0,0,2024-05-14T14:59:24Z,2024-05-14T14:59:24Z
UgxWd1_Sn3v0GnXQLRJ4AaABAg,@patrickwood5499,I’ve been a fan since day one with you guys but your Kendrick hate is crazy. Like craaaaaazy,2,0,2025-11-23T09:03:48Z,2025-11-23T09:03:48Z
UgzA4ZsCSWWXlqzePJ14AaABAg,@PomoDodio,"So, y'all did not get the lyrics of this?😂",2,0,2024-06-12T09:43:52Z,2024-06-12T09:43:52Z
UgyAnz1RrfPk3O4uOuh4AaABAg,@riplordfinesse2191,Mfs came back glazing Lmaoo thats wild 🤣🤣,0,0,2024-05-16T00:06:32Z,2024-05-16T00:06:32Z
UgwqfFgdlD9H32XUOU94AaABAg,@caiocostalouback1866,No one will ever touch the assists record by Stockton,0,0,2025-12-18T17:53:04Z,2025-12-18T17:53:04Z
UgxEPoRKOs5seQGlxUB4AaABAg,@meza76522,.... Just say you don't get it. Plenty of double and triples in all these disses 😂 all this studio equipment can't hide that what Em said on The Ringer,3,0,2024-07-06T17:42:09Z,2024-07-06T17:42:09Z
Ugw6zYvzDiPXWmyCbeR4AaABAg,@WadesNoMechanic,Since Y'all favored Drake in this beef you guys absolutely HAVE to react to his feature on Sexy red's new song! Its a banger! Definitely won the beef with that one.,0,0,2024-05-30T11:05:54Z,2024-05-30T11:05:54Z
UgxYGrbn5pWuxfgoIpJ4AaABAg,@AaronCondiff-eo8xb,So y'all like intricate bars but when he gives intricate you hate thin you say you like jumpers when he gives you that you hate. Sounds like y'all part of the 95%,2,0,2024-09-16T22:11:52Z,2024-09-16T22:12:41Z
UgzLZh_iUFztv7JnsLd4AaABAg,@23raid,So true. He didn’t really said anything other than calling someone a PDF. Its a catchy song though. I think Drake won lyrically.,2,3,2024-10-20T01:58:20Z,2024-10-20T01:58:20Z
Ugxha66foJXFd2Ho-yl4AaABAg,@jadiva23,Kendrick been in pocket and providing the 4 different meanings that drake asked 4. I'm late though so maybe it was addressed in another video😊,0,0,2024-06-06T07:16:07Z,2024-06-06T07:16:41Z
UgxNyJj1-mYQAa1k96d4AaABAg,@calvinngnini,narh..yall need to get  caged with the owl ...,1,0,2024-07-09T17:55:05Z,2024-07-09T17:55:05Z
UgzIfB1f79cprRMcRgR4AaABAg,@shakebake4042,"lmao all i see is ""Drake glazer"" comments from the same people defending Kendrick, the irony in unreal",1,0,2024-07-08T07:23:06Z,2024-07-08T07:23:06Z
UgxDAqkFwwcotuAhLRx4AaABAg,@northtarh1,"When you ask am I trippen, these are all filler words, yes you are trippen homie",0,0,2024-05-28T15:29:41Z,2024-05-28T15:29:41Z
UgykHEKcUM-NmzMc0h14AaABAg,@MaudBoyd-p8y,Taylor Donald Martinez Daniel Anderson Charles,0,0,2024-09-14T08:09:28Z,2024-09-14T08:09:28Z
Ugx24d96OiDlsXJD2V54AaABAg,@NeedingDucting-t4y,Anderson Shirley Lee Charles Taylor Scott,0,0,2024-09-14T10:02:26Z,2024-09-14T10:02:26Z
UgzmDyees9GUX2nB_B94AaABAg,@tracyhubbard1769,"Kendrick is like F the subliminal,  I’m getting straight to the point😆😆😆😆",0,0,2024-05-25T07:31:44Z,2024-05-25T07:31:44Z
UgweNtOUKiSo2_DA0yd4AaABAg,@El_Gordo_Loco,I was gonna subscribe but probably not 😂😂😂😂,2,0,2024-10-29T02:12:36Z,2024-10-29T02:12:36Z
UgwP1cAL_1SkXkzvPcx4AaABAg,@wndrbomb,"How is the karl malone, teezo, not substance up until the A minor line. Yes he was referencing karl malone.",0,0,2024-07-20T08:44:15Z,2024-07-20T08:44:15Z
UgwlfoN9DdGz4yuLaw54AaABAg,@yolondascott562,Your bias,0,0,2025-04-07T06:14:05Z,2025-04-07T06:14:05Z
UgzFrVbGSw2BR9fOgXR4AaABAg,@tonypage9302,tryin to strike a chord also as in trying to respond & strike accordingly,0,0,2024-08-11T02:47:24Z,2024-08-11T02:47:24Z
UgwLEK-tgvXHBJpFGDR4AaABAg,@gonzalesthomas9064,your bias is still showing,2,0,2024-05-18T18:05:01Z,2024-05-18T18:05:01Z
UgzT1c8_nW1jFzr3OJV4AaABAg,@kathywright5091,"I love coming back to watch this as Kdot was declared the winner by the vast majority of hip hop. You two guys played yourselves on a level I did not expect. You ended up on the wrong side of history because you refused to see any other angle. You came in saying this is what I want to hear instead of trying to listen to what the artist was trying to convey with a non bias ear. 

In your mind Ryan Jay z beat nas, but they say "" You got ethered"", not ""You got takeovered"" because Ether had greater IMPACT. In your mind Ryan, Cannibus beat LL Cool J but Cannibus joined the armed forces, talked about being depressed from the battle and stop making music for a long time that is called IMPACT. Now Drake won even though NOT LIKE Us is the number 1 song in the country and has 4 times as meany streams as The Heart Part 6. Is being played everywhere from nba finals games, to soccer games over seas with 30 thousand people calling drake a certified pdf file.  At one point Dot had Not Like Us, Euphoria, Like That all in the top 6 while Family Matters dropped out of the top 12 and none of drakes other disses were even top 25 anymore. That is called IMPACT. Truly that word is lost in translation with you. Just say it's what you prefer because clearly you not talking about actual impact of the songs to the world and culture.",3,0,2024-06-12T17:24:56Z,2024-06-12T17:24:56Z
UgwLLJUJQoflV5u-NnJ4AaABAg,@desmondkaczynski8190,These guys just love Drake……,2,0,2025-03-28T04:34:17Z,2025-03-28T04:34:17Z
UgyhniEGGqVm-Gh6iQB4AaABAg,@velmawilliams1809,I can't take y'all serious,1,0,2024-05-29T20:08:12Z,2024-05-29T20:08:12Z
UgyfwsZRd2neWFeu4pF4AaABAg,@mrpierce1026,Crazy y'all said this was the first time Dot sounded comfortable. He was walking Drake down the whole battle. And I don't understand how people thought a Canadian would beat an American wheh it came to anything involving hip-hop culture,0,0,2024-07-30T23:19:27Z,2024-07-30T23:19:27Z
UgzrXF56ujuZOAb94oh4AaABAg,@jennifernikole7508,I think these guys secretly hate Lyricist's cause nothing else makes sense 😂😂😂 Drake fans are down bad rn😂😂😂,2,0,2024-07-07T23:15:09Z,2024-07-07T23:15:09Z
UgxgP-0KWwphAnwlEiR4AaABAg,@ColemfG33,Good ass content! ignore these Kendrick stans lol Yes Kendrick won cause he won the people. And they were banger songs! But overall love the opinions and the reasons why.,3,0,2024-08-31T04:27:47Z,2024-08-31T04:27:47Z
UgymGP9oA5zipK0q7Hx4AaABAg,@billyartsy,"React to Busta Rhymes feat Kodak - Homage. Its a cool song, hope you like it.. if you see this.",0,0,2024-05-31T17:45:55Z,2024-05-31T17:45:55Z
UgzfsrcapswEViVaYId4AaABAg,@Sole650,Why make a reaction when you already heard the song,3,1,2025-02-13T11:40:49Z,2025-02-13T11:40:49Z
UgwAV9O7C42knpt1QzN4AaABAg,@englishlit0171,RIP drak,0,0,2024-05-14T09:45:06Z,2024-05-14T09:45:06Z
UgySe8hs1c3H35_xLop4AaABAg,@timmyle8741,Teezo bar was a stray but that shit was hard,0,0,2024-05-19T17:01:06Z,2024-05-19T17:01:06Z
UgzmNyHfGmTRQXZJ68V4AaABAg,@pmoney42,Biggest joke ever is their channel says unbiased reactions. 🤣🤣. They lied (in kdot voice).,2,0,2024-05-23T20:13:39Z,2024-05-23T20:13:39Z
UgwQtNcmN11M2KhErG94AaABAg,@DaVontaeHogan,Kendrick fans fighting hard in the comments trying to defend their boy 😂😂😂 i only wish Cole didn't apologize 😫🤷🏾‍♂️💯🤦🏾‍♂️,1,0,2024-09-06T18:21:00Z,2024-09-06T18:21:00Z
UgykKMkA9suwm_h-Ed94AaABAg,@CogitoES,"Nothing against y'all at all. I enjoy your content a lot and I'm all for everyone having their own opinions on what they like or dislike, but trying to say a faster tempo beat and some extra entenders makes it a ""rap battle/beef song"" is nonsensical. No offense at all when I say this, but you aren't artists performing for millions of people, you don't get to decide what makes something a ""rap battle/beef song"". If the artist(s) decide to release a diss track in a different format then that's their choice, but it doesn't make it any less of a battle/beef song.",2,0,2025-08-05T08:52:14Z,2025-08-05T08:52:14Z
Ugz6mcK-1ZzKmQzSyAh4AaABAg,@HitmanGil,Drake and Karl Malone had a picture taken together C’mon Ryan get it together,1,0,2024-07-02T23:05:22Z,2024-07-02T23:05:22Z
Ugz1MABwRtzI4GlRJyd4AaABAg,@heathercollins1719,🤣🤣🤣🤣lacking in bars??!!!  Y’all crazy!!!,1,0,2024-07-14T21:50:47Z,2024-07-14T21:50:47Z
Ugz4RsR1uQybhggWTIx4AaABAg,@AChannelforstuff,Bro yall gotta understand these old heads just don’t understand disses past the 1990’s they’re lost in the past,6,0,2024-06-05T09:36:53Z,2024-06-05T09:36:53Z
UgycwHA4HmJqW3QMnqh4AaABAg,@GeneralX-s3m,Dudes trying to tell Kendrick how to win a rap battle 😂,1,0,2026-03-02T03:09:06Z,2026-03-02T03:09:06Z
UgzRvcgj2TM3r_AFYwF4AaABAg,@ericmccaskilljr208,Did these Kings 🤴🏽🤴🏽just play the push-ups track from Drake after listening to The Grammy Award winning and Superbowl  not like us by Kendrick Lamar?😂😂😂? This is my first and my last reaction ever watching them. They need to continue to be lost and not found in Las Vegas. 😂😂😂,1,0,2025-03-17T01:27:59Z,2025-03-17T01:27:59Z
UgyQSMp-CumdmGf8hCd4AaABAg,@metaphoriaofficial,Yuk done it in the Luniz,1,0,2025-02-20T13:25:03Z,2025-02-20T13:25:03Z
UgwYVlRNs1RchqbBmTZ4AaABAg,@Patnoblefella,Someone please respond to this. Do these two believe Drake won the beef? Anybody knows their judgment at the end of the beef?,1,2,2025-07-26T17:55:40Z,2025-07-26T17:55:40Z
UgwlSMFUgA8G5SMI-xd4AaABAg,@Drake-ThePredator,*I’d unlike this BS Review 6 times if i could the nerve to say a guy who can’t survive without a ghostwriter is a better battle rapper the fake energy behind them forced smiles so viewers dont hurt their channel🤦🏾‍♂️😅 just watching how they was bumping so hard to basic ssa Drake at the end said it all they look even more like fools knowing how easily k-dot came out on top of this funeral*,5,0,2024-06-03T08:57:22Z,2024-08-03T15:33:17Z
UgwFkKMQDqNhfY1lOI94AaABAg,@lohunsoundz,"It is well with you lot, hopefully you've grown smarter than this",1,0,2026-09-16T21:39:25Z,2026-09-16T21:39:25Z
UgyfLDSgRE5Z3k1YbHZ4AaABAg,@roysotelo2210,Drake fan boys…,4,0,2024-06-02T16:55:36Z,2024-06-02T16:55:36Z
Ugzr8P-ZFIqZAyoZtf14AaABAg,@Dior84,These the same guys that say TPAB is wack,1,0,2024-06-09T14:02:33Z,2024-06-09T14:02:33Z
UgyCojAm_ZQPNydO3514AaABAg,@Contagiouslaughter-v7l,We can see when their moods change and have to pretend to be happy.,1,0,2025-02-24T04:56:18Z,2025-02-24T04:56:18Z
Ugx91gCe5vi8Z8ET3kt4AaABAg,@amandajakubowski7931,"if u actually look into ALL THE EASTER EGGS tht Kendrick majestically hides ever straight out the gate, Bruh! What  drought ? Even in his video 😂",0,0,2024-08-14T19:14:36Z,2024-08-14T19:21:46Z
Ugx-s9uZNSqIHG2s11R4AaABAg,@iamcuriousjustin,Cornballs!,0,0,2024-05-23T21:32:51Z,2024-05-23T21:32:51Z
UgzLl1eJWKXFHhQefbV4AaABAg,@YGSTAN06,Orrr.... yall dont undrstand his lingo😂 or the meanings of his bars.,2,0,2025-02-20T19:53:45Z,2025-02-20T19:53:45Z
UgwEOYrzLziBzIp9fzt4AaABAg,@jprtrs1998,"silly silly boys, didn’t understand a damn thing",2,0,2024-07-11T06:03:15Z,2024-07-11T06:03:15Z
UgxZYTEU7l8_YBrdD3x4AaABAg,@djwright86,"its ok, just say yall wanna diddy bop thats all😂🤣🤣",1,0,2024-06-08T23:56:31Z,2024-06-08T23:56:31Z
UgyydSrIKVqr5r74EWN4AaABAg,@janc6219,Maybe you should use genius lyrics,0,0,2024-07-22T18:35:20Z,2024-07-22T18:35:20Z
Ugxu0rtPhtcRq85ZsbN4AaABAg,@crystalnguyen5023,"Dam, apparently some people are in fact slow 💀",0,0,2024-05-27T19:21:37Z,2024-05-27T19:21:37Z
Ugy0yaU6i-wDkvnBFW54AaABAg,@FLYphAkAthwAyo,Iceman is the best,1,0,2026-06-10T22:24:06Z,2026-06-10T22:24:06Z
UgxUsuXFdWK9H_T_RL14AaABAg,@DonEasy,Love ya’ll but ya’ll got this one wrong. Shit happens.,3,0,2024-07-10T00:38:13Z,2024-07-10T00:38:13Z
UgxDa2lcFfMhsz8I0VV4AaABAg,@jbad1642,Ive gone from wanting to hear your view on music yo not wanting to hear your view. Straight black and white. And not hating i appriciatte your grind but these drake vs kendrick videos shows alot. And you tube is easy money. You need to earn that easy money.,3,0,2024-06-15T01:09:32Z,2024-06-15T01:09:32Z
UgxWcRUAFk_qpl2XwT54AaABAg,@CeeCeeMarie.,I live in Vegas and we do not claim these two fools.,0,0,2024-07-18T07:51:41Z,2024-07-18T07:51:41Z
Ugz0CRBDkwwOO4haqgl4AaABAg,@angelagarrett1290,"So you guys are delirious I agree euphoria is my favorite out of kendry diss tracks however this is my favorite as far as speaking for the culture every black person hip hop band will bang this for the rest of their lives perioT 

P. S. Drake; I'll wait",0,0,2024-08-18T01:48:01Z,2024-08-18T01:49:06Z
Ugz5tRBSd6r0_GNh1eV4AaABAg,@jaywallin,"If drake uses a writing team of ghostwriters, it disqualifies his standing as a “battle rapper”.  Kendrick is writing his shit, and performing far more dynamically.

Drakes flow and intonation is too monotonous.",3,1,2024-08-30T00:29:02Z,2024-08-30T00:29:02Z
UgwcglFjxh4dx4xCSYl4AaABAg,@geoffhusted3246,"Certified pf is clever because an album with lover boy in it is sus to begin with. Battle rap isn’t all about clever bars, it’s about angles that are hard to counter",0,0,2024-06-01T03:05:23Z,2024-06-01T03:05:23Z
UgzyRH6aQGVmzYe3xMx4AaABAg,@Fessa432,I bet it’s gonna be some comments on here that get more likes than the actual video itself,0,0,2024-05-15T11:13:23Z,2024-05-15T11:13:23Z
UgzABL_-DIwHt4sEIBp4AaABAg,@JaxJJax,The fact that kendrick bars had to be so dissected .. enough said,1,0,2025-04-04T02:40:51Z,2025-04-04T02:40:51Z
UgwOs7GaF3nAU0VPh5l4AaABAg,@ChaoticEnigma92,Ya'll call yourselves hip hop fans and THIS is your take? Wow.,2,0,2024-06-18T06:51:38Z,2024-06-18T06:51:38Z
UgzOWa3fqbNPC6FTk-h4AaABAg,@damusic50,Minor cords all white keys,0,0,2024-05-15T15:54:29Z,2024-05-15T15:54:29Z
UgzHXVfzn1JGNaIldlJ4AaABAg,@ernestoplata2528,I would never expect you guys to miss the point. But you did. Smh,1,0,2024-07-21T04:25:48Z,2024-07-21T04:25:48Z
UgwD6C787CsgZwtn7rF4AaABAg,@TiffTiff_80,Thank goodness yall not rappers,4,0,2024-08-15T02:44:38Z,2024-08-15T02:44:38Z
Ugy_FtIPCYsuVF6Drv54AaABAg,@Astrologylvr,"I really respect yall because I know music is different for yall, so yall know how to actually respect the art and how hiphop has changed over time. But yall have forgotten that Drake don't write his own bars and he's a culture vulture playing like a tough guy when he's a wimp",0,0,2025-04-02T00:16:46Z,2025-04-02T00:16:46Z
UgzDJXGXKXUg02Q2EWN4AaABAg,@frechodachso1230,Insane to see how hard those Kendrick stans fought for him in the comment section. Y’all took the battle way too serious.,0,1,2025-08-08T19:43:52Z,2025-08-08T19:43:52Z
Ugzd3IUNIX4r3lawGjR4AaABAg,@kevink020,You guys were so off with these beef reactions,2,0,2025-02-04T22:34:16Z,2025-02-04T22:34:16Z
UgwrsKP7tfhTeyvdgwN4AaABAg,@truenoae8689,More bars went over their heads than strands of hair,0,0,2024-06-05T01:39:29Z,2024-06-05T01:39:29Z
UgxAWZYjiWAya0dKRw94AaABAg,@dbandrews1987,I came back to this. As a drake fan dot went off,0,0,2026-08-27T09:43:02Z,2026-08-27T09:43:24Z
UgzVcmA-I-OiFLfrr-t4AaABAg,@BB-lv4nd,As good as family matter was it was also a whole bunch of filler that didn’t apply to Kendrick I would say like 60% of the song is pointed towards other people. But family matters is still one of the top songs in the beef,1,0,2024-11-27T20:56:22Z,2024-11-27T20:56:22Z
Ugy39J4NVdofXg62i-Z4AaABAg,@azaldeenmohamed4818,"They're not slow, wasn't talking about those 2😂😂😂 hey how you feeling after bbl drezy lost",0,0,2024-05-30T22:20:50Z,2024-05-30T22:20:50Z
UgyOpGVb2peU9ferLE14AaABAg,@anthonyburn1010,Tip my hat to the smoking ruin formerly known as Drake. Thanks for riling my man K-Dor to these heights,0,0,2024-05-21T14:47:40Z,2024-05-21T14:47:40Z
UgzF7MdPlFK9NJNJydx4AaABAg,@SlaterHill,Kendrick fans just happy they got a radio hit and something not political to listen too,0,5,2024-07-18T03:35:19Z,2024-07-18T03:35:19Z
UgxdBekjebk79_D2Oq94AaABAg,@THROWEDSAMMY,they wouldn't dare watch the concert 😂 they both might have a conniption fit with that one lol,0,0,2024-08-03T20:02:03Z,2024-08-03T20:02:03Z
UgykHEXSlSDhTdZC2yF4AaABAg,@jbad1642,How they miss that? Lol id fee teenagers would of got that,1,0,2024-06-15T01:04:03Z,2024-06-15T01:04:03Z
Ugzc9VJHM3rHlPnE0ZN4AaABAg,@LiLpenny773,Comment Section Is Just As Entertaining As The Reaction 😆! 💯,0,0,2024-05-18T20:39:18Z,2024-05-18T20:39:18Z
UgzohXwZrzn4c29lSix4AaABAg,@ChaucerInLove,"Karl Malone didn’t marry a 13-year-old, but he did impregnate a 13-year-old girl, admitted to it, and the only reason he wasn’t in jail is because his legal team successfully argued that he couldn’t support his child while in prison. Also, Utah.",1,0,2024-06-15T07:29:37Z,2024-06-15T07:29:37Z
UgwORBJDpdfplkTEGG14AaABAg,@michaelsonsaintil3560,"A few months later 
Drake lies

Whitney an Kendrick.being separated cuz of DV

Dave Free and Kendrick fall out over cheating

Baby Keem writing for Kendrick 

Top Dawg and Kendrick not seeing eye to eye cuz of money

Bars filled with Cap",3,1,2024-07-15T17:56:22Z,2024-07-15T17:56:22Z
Ugwhjy_Sy-dMNRXyZGF4AaABAg,@2real4tv70,People forget that if you dont like the reaction you can go and make your own reaction channel. Simple,0,0,2025-08-12T10:58:09Z,2025-08-12T10:58:09Z
Ugy3JI6JWsul1AKW_1V4AaABAg,@ryanrivers1259,"These are interesting times... 

Interesting times indeed 😂😂😂 it's a joke when I hear Drake has beef with Kendrick, he's like an ant on the road compared to him",1,0,2024-05-31T05:51:00Z,2024-05-31T05:51:00Z
UgyA2O9GSQXAx0o9KPd4AaABAg,@Vanityonayjones444,Y’all ain’t reacted to Chris brown diss yet??,0,0,2024-06-07T21:13:51Z,2024-06-07T21:13:51Z
UgytDUTaxCnRWV_budV4AaABAg,@vaughnceollivierre2005,I respect this REAL ass reaction. The song has to be the most overrated piece of music in a whileee.,5,4,2025-05-02T02:31:16Z,2025-05-02T02:31:16Z
Ugz93njg-LEjLij1w7d4AaABAg,@RJeter,Why do yall read read the lyrics? Seems counter productive. Takes you out of just feeling and appreciating the track organically.,0,0,2024-05-23T06:28:38Z,2024-05-23T06:28:38Z
UgzcheO8RiWKT1B8Mgd4AaABAg,@henrymcisaac,"Apparently accusing someone of pedophilia is ""silly""",1,0,2024-05-21T17:55:07Z,2024-05-21T17:55:07Z
UgxQCwDKdmyNIEKTbrl4AaABAg,@Mandawgthebeastkill,Yall have to go deeper and this isnt URL rap battle... dissecting bars has always been a part of rap amd rap battles... hey thats what makes it fun... i have more producers beat choices flow  ad libs all make a diss... good luck fellas,0,0,2024-06-22T09:27:37Z,2024-06-22T09:27:37Z
UgzBeYsStGqfhEGWMLV4AaABAg,@matthewestrada8864,Kendrick ended that career,1,0,2024-07-09T03:20:07Z,2024-07-09T03:20:07Z
UgwtYVCnEekEyT2RRYx4AaABAg,@westcoast_ninja11,gang these old heads FOH. I'm was born and raised in Compton and yall seem like haters gang.,2,0,2024-06-19T23:17:52Z,2024-06-19T23:17:52Z
UgzT_XTET1N66cHs2hF4AaABAg,@burbgreen4806,It’s the fact y’all called everything filler but if somebody was rapping ts to me I would feel very disrespected and paranoid. I bet Drake gets way more private from now on,1,0,2024-07-03T18:34:44Z,2024-07-03T18:34:44Z
Ugw2DOvX3B2ykb4GAB14AaABAg,@yolondascott562,You like his bop. You are bias,0,0,2025-04-07T06:14:39Z,2025-04-07T06:14:39Z
UgwVBc7yfrSJk_6lrwd4AaABAg,@creatorscornertv4706,Ryan and George yawl my boys but yawl were tripping this whole beef. Dot lost his mind on all of these joints. But hey yawl have yawl unbiased opinion it’s respect though but in my opinion it’s Dot 4-0,2,0,2024-05-20T15:58:47Z,2024-05-20T15:58:47Z
UgzSzrTmvUfUIKDsmNB4AaABAg,@andreamarie1347,Doesn't Drake use Ghost writers? Just asking because I've seen other rappers accused him of lots of stealing js,0,0,2024-06-05T15:30:49Z,2024-06-05T15:30:49Z
UgxBdltr2vift7mcDMh4AaABAg,@jakeleeoberg,cmon guys...,0,0,2025-03-09T09:53:45Z,2025-03-09T09:53:45Z
UgzhlIUFrW5jfAU_Im14AaABAg,@mazzah6625,Hasn’t Kendrick allow you to monetise from these reactions by not copy writing the reactions 🤔,0,0,2024-05-23T19:37:05Z,2024-05-23T19:37:05Z
Ugzw_HAz50j-Vq_itxV4AaABAg,@sodahead4108,I'm confused! When did Kendrick walk Drake down and up the score with him?,0,0,2025-03-23T02:44:20Z,2025-03-23T02:44:20Z
UgzSNWedgrSiquf9qZZ4AaABAg,@eloiseharris2014,"Couldn't even finish watching your Meet the Grahams reaction. Wanted to keep your numbers up, so I went back to find it so I could dislike it.😂",1,0,2024-08-28T15:45:52Z,2024-08-28T15:45:52Z
UgyuCoNxYCeT2W2MoAx4AaABAg,@L3070r,What’s funny is the bald one thought Like That was the hardest song ever but he thought push ups was better,0,0,2025-02-05T08:24:16Z,2025-02-05T08:24:16Z
UgwfZ124C76p-BKUSVV4AaABAg,@PhilipTombs,"You know what's super interesting is that I know more about heavy metal than you do objectively, I also know more about reggae, and I also know more about the blues, but what's crazy is I know more about hip hop than you as well, it's fun for people to see you guys discovering music and really liking the music that they also like, but come on it's been many years you guys need to learn more about music, especially hip hop when you say that you come from a hip hop and r&B background I don't see that, I'm not trying to start a beef here or anything but how do you guys have a channel?",0,0,2024-07-15T22:12:30Z,2024-07-15T22:12:30Z
UgzJpDlrkkaE9Fm4IpR4AaABAg,@mrain1032,Drake fans???? A minor only bar!! Fall back!,2,0,2024-06-15T10:45:24Z,2024-06-15T10:45:24Z
UgzxBBQXkutQ7XEmD8h4AaABAg,@avrilmolefe6504,drake is simple no entantres,1,0,2024-08-11T23:16:28Z,2024-08-11T23:16:28Z
Ugy7QmoDelLnrl5-QiB4AaABAg,@Tassadar-Ang,9:10 that’s you showing you didn’t understand the bars. wow!,0,0,2024-06-10T09:07:51Z,2024-06-10T09:07:51Z
Ugyd-AFZQDNW8UOgyXx4AaABAg,@make-it-happen3552,I wonder how these guys feel now that since this track things been bad for their lover boy 😂😂😊,0,0,2024-05-20T16:17:14Z,2024-05-20T16:17:14Z
Ugx_h8q3NeOHypPHvGN4AaABAg,@VUYOGETBEEZEE,"Came back to see yall trying to save face, how did you out all people fck up so hard.... I guess you not like us",1,0,2024-06-19T04:16:42Z,2024-06-19T04:16:42Z
UgwCzQwBMNP0-hTnn1t4AaABAg,@reneablack7954,Exactly. If it’s not a catchy hook like drake it’s not hitting for y’all. Kendrick lyrics is all about using y’all brain to understand what he is saying on a deep level. I don’t even like Kendrick and I can tell he is tearing Drake up. Like give the man his props.,2,2,2024-05-14T17:25:47Z,2024-05-14T17:25:47Z
UgyETDGkB46EsnZHBVl4AaABAg,@WalterWilliamse-i3s,Smith Nancy Hernandez Robert Johnson William,0,0,2024-08-29T13:56:38Z,2024-08-29T13:56:38Z
UgzNeG_G45eKu1rCfX94AaABAg,@ecausor,KDOT bodied Drake,4,0,2024-06-13T05:33:35Z,2024-06-13T05:33:35Z
Ugwt3uDtFn9zJ5mX7xZ4AaABAg,@skills6060,U r part of the 5%,5,0,2024-05-16T22:56:52Z,2024-05-16T22:56:52Z
Ugz7fa07f-2eBijV_SJ4AaABAg,@GrownNGrowing,😂😂😂😂,0,0,2024-07-14T21:43:45Z,2024-07-14T21:43:45Z
Ugzklmqcv_yhAXMQuYB4AaABAg,@BlessNgwira,you were very wrong,2,0,2024-07-09T08:09:42Z,2024-07-09T08:09:42Z
UgxvTSEq9wmDA0jJCnB4AaABAg,@M6ixx,The only way these guys would lift a finger to listen to your rap is if you had double entendres in it💀,0,0,2024-05-27T15:53:04Z,2024-05-27T15:53:04Z
Ugx_sfHJmCooiym4LZB4AaABAg,@LILRJDJ,"A year later in the ‘Diddy’ climate…. No rape, pedo, assault, or hidden kids have appeared. Kenny won on strategy and narrative but Drake won the rap/bar portion of the battle.",2,2,2025-05-20T13:45:39Z,2025-05-20T13:45:39Z
Ugzcsx-YoAbA8I8xjU54AaABAg,@BrianCraig-u9s,Victory Lap....LMFAO..,0,0,2026-01-22T00:33:33Z,2026-01-22T00:33:33Z
UgzkgS_8c-l316tKTX94AaABAg,@enzogonzales3038,wtf......you all on the Akademics glaze kick,0,0,2024-08-05T19:05:08Z,2024-08-05T19:05:08Z
Ugxlx9UbynKwpfVMOTR4AaABAg,@13YoJest13,Man they missed so many bars on this one it’s crazy. They Fallon off hard if the think A minor was the only bar.,0,0,2024-05-15T02:41:33Z,2024-05-15T02:41:33Z
Ugyx7opqY4hXgVVJ4oJ4AaABAg,@kolbeyfreeman2380,Drake and his writing crew a better battle rapper than K Dot? lol stfu,5,0,2024-05-16T18:44:32Z,2024-05-16T18:44:32Z
UgxcIgdKzjYnkndGSRB4AaABAg,@dondewan,As a viewer. Disappointed. Every bar that you said was filler to you was very hurtful to drake as stated in the lawsuits 😂,3,0,2025-02-16T15:56:45Z,2025-02-16T15:56:45Z
Ugwpb02reNX1LpSoJO54AaABAg,@eldridgeturambi1359,Says they’re unbiased. Plays Drake at the end of a Kendrick song review 🫥🫥,1,0,2024-05-27T07:25:38Z,2024-05-27T07:25:38Z
Ugyo8Ponpp-ouiYKHTZ4AaABAg,@Kimbobutterfly,"I love you guys! I needed to laugh today and you both always put a smile on my face. Ya’ll be taking a lot of heat but handling it like a champ, love it. This was a talk shit anthem, but honestly was not a bar fest - it still hit hard tho and I love this beef because Drake needs to step his game up!",0,0,2024-06-25T03:36:41Z,2024-06-25T03:36:41Z
Ugw7oU_-os7DM5F5dw94AaABAg,@KillJoy945,"I swear these guys be so biased on songs. Main reason I stopped watching them that much.

Kendrick fkin murdered this...",3,0,2024-05-19T19:43:11Z,2024-05-19T19:43:11Z
UgzIFqj_U8lKlZgwQ0t4AaABAg,@NovaSS72,"They both G’s 2
Drake - Gotgot
Kendrick-Godgod",0,0,2024-07-11T08:20:12Z,2024-07-11T08:21:10Z
Ugz15XkzNdjQ9DzdOhh4AaABAg,@marlew6629,These guys are the Drakes of reactors. They have no idea what the f they are talking about.,1,0,2024-12-04T17:06:35Z,2024-12-04T17:06:35Z
UgwwUiayWuLtPHr66mR4AaABAg,@Ccmar-r77,You not getting again still fav drake,0,0,2024-08-03T19:19:23Z,2024-08-03T19:19:23Z
UgyMuklkE1y8Nbrgg7d4AaABAg,@rosapasteldeodio,"Eu assisti alguns drake fans mais novos que tinham mais cerebro que esses dois caras, parece aqueles tios que so querem serem chatos e criticarem tudo serio?",1,0,2025-01-01T18:43:09Z,2025-01-01T18:43:09Z
UgwLzoDjLBY7d0dudgp4AaABAg,@RayZzyt,Lost in Vegas going down with Drake hate to see it,0,0,2024-05-15T19:41:54Z,2024-05-15T19:41:54Z
UgwzqSKKqGVPStRQldd4AaABAg,@edwincarmona8387,Yall prayed before doing this review huh 🤣🤣🤣🤣🤣🤣,1,0,2024-12-20T06:59:57Z,2024-12-20T06:59:57Z
UgyMkPAiZwiwcVEpCU14AaABAg,@ismaelgm13,I like hiw Drake critique Dot on non repping gangs  when Dot was born in the slump and made friends with  the gangsters without joining but he has been trying  so hard to sell the idea that he has mob ties or something  like we don't  know his upbringin 😂,0,0,2024-05-28T02:53:38Z,2024-05-28T02:53:38Z
Ugy1kIHvu_piEWzOxtB4AaABAg,@anthonymartinez8854,"the first ever video i watched on your channel was J Cole KOD review and i loved the breakdown. This video is horrible, completely delusional. It is universally accepted that Kendrick killed this song, even 9 months later. And yall just try to discredit him",3,0,2025-03-04T15:45:29Z,2025-03-04T15:45:29Z
UgyFBoh7ILWL5mMa2ad4AaABAg,@rollin60z,"You were spot on with the Meet The Grahams opinion to me 😂 100% agreed, ive agreed with most of them2 takes. Kendrick is dope, but that song  was  weak",0,0,2024-05-15T00:34:11Z,2024-05-15T00:34:11Z
UgzdBcEVz1Nq66kLPA14AaABAg,@tonistarks2874,That dude on the left was hating on KDot low key when this all started and now he trying to slide in the group n be cool TfOH!!🙄dude on the right didnt get it at first and now got it 😂...,1,0,2024-07-12T19:44:19Z,2024-07-12T19:44:47Z
UgxdXXzvkepMPaaBKOt4AaABAg,@buddingtonuniversity2245,"Kendrick made this song for y’all, don’t think too hard 😂😂😂😂😂😂😂😂😂",1,0,2024-05-14T15:52:11Z,2024-05-14T15:52:11Z
UgzWCEZq50VjQhX5sjd4AaABAg,@lostmymarbles5850,lmao…I’m a 63 yr old white grandma and I understood more of Kendrick’s bars than you did.,1,0,2024-06-06T02:39:52Z,2024-06-06T02:39:52Z
UgwM9V2Hjx4fM6pwVdt4AaABAg,@marciabrown7368,I think you all just pretending because of the backlash from the previous songs . 🤷🏾😡,2,0,2026-03-31T13:52:11Z,2026-03-31T13:52:11Z
UgwdVGXZBpVeQ0Y9K8F4AaABAg,@YNWA101,"Whoa whoa who, ain't no one brought your ""PERSONAL LIVES"" into this except you just now😂😂😂😂😂😂! Cmon just move on and review, ain't no hate here, just banter. 😂",2,0,2024-07-06T23:59:41Z,2024-07-07T00:00:09Z
Ugx9RRSkUFYTtxLLWup4AaABAg,@nazareneoftheway3936,"Ngl, if youre judging by club bangers, Drake was winning til not like us just off sheer virality.

But this isnt a club diss battle, this is a serious real life one.

And yeah yall got fried, cause it's clear to pretty much all of the music industry in all genres that kendrick annihilated drake.

Cause most people know this isnt an exhibition, someone would get hurt or killed if those two met rn.

Kendrick won and won hands down on every single front from that perspective, and thats pretty much the perspective everyone including Kendrick is doing this to convey.

This is not just rap stuff anymore.

The reason hes not as focused on the bars is because he wants HIM to hear him, cause these songs are not mainly to us, its to him, and they know what they know about certain topics",0,0,2024-09-26T07:50:57Z,2024-09-26T07:57:40Z
UgyAhcHAdCDTYI3OrHR4AaABAg,@Sharkbait702,I think comparing Drake to Ali G in Malibu’s most wanted is hilarious 😂,0,0,2024-12-28T10:51:59Z,2024-12-28T10:51:59Z
UgyjkmQRjVK0uNRKB6V4AaABAg,@sven7037,Yall switch yall tune now lol K dot won,3,0,2024-06-08T23:54:42Z,2024-06-08T23:54:42Z
UgwX9F0OVtFaVd0Th6x4AaABAg,@4zy03,These are east coast heads for sure,1,1,2025-02-20T06:27:14Z,2025-02-20T06:27:14Z
UgzxGFuBge8_VEWllmJ4AaABAg,@bethodom2894,Wait you said like that lost to Drake diss song push ups.  Remember?  You should look at your 6:16 when you rated like that against push ups.  6:16 against drakes song that was removed due to Tupac estate,0,0,2024-08-14T04:23:52Z,2024-08-14T04:25:06Z
Ugyk2s9DGu3LgEjg8-t4AaABAg,@magoofulh8811,Y’all missing some bars Fs,2,0,2024-05-24T12:28:05Z,2024-05-24T12:28:05Z
Ugybhl6k8lLm9izhdSt4AaABAg,@aminsameti,"dude you guys are great! I don't agree with you on the final tally but I've always respected your opinion, on the rock side of things too.  Just wanted to give some love in the midst of all the hate cmnts.
But after the show and the music video it's kid of hard to say Drake's still winning. There's gonna be Not Like Us T-shirts and shit out soon for sure.
Keep doing your stuff guys!",1,0,2024-07-06T21:43:25Z,2024-07-06T21:43:25Z
UgwXSpKJjakoTq_vWTR4AaABAg,@Dc9127-d9d,It a rap battle beef. I judge by can i listen to it when theres no beat. Punchlines. Bars. Drake up big in that case. The issue is. Kdot and Drake haters have united.,0,0,2024-05-15T17:00:49Z,2024-05-15T17:00:49Z
Ugzh678bG8iinUv8ygR4AaABAg,@leena7682,Y'ALL ARE HATERS WHO HONESTLY WHAT'S TO HEAR TWO NON FANS OF DOT,2,0,2025-07-02T07:35:55Z,2025-07-02T07:35:55Z
UgxYhXeMFaCmQb_StPB4AaABAg,@guillermozertuche9066,"How many “SHORT JOKES” did Drake throw out there???? Talk about dry spots….,",1,0,2024-05-26T19:39:43Z,2024-05-26T19:39:43Z
Ugxfh2fV3WXVM7pKaE14AaABAg,@ChrisWilliams-kq9qq,This video is 37 minutes long are you serious,1,0,2024-06-02T03:15:25Z,2024-06-02T03:15:25Z
UgxXaink-fPAMlHf1It4AaABAg,@leebone4860,Just watched 3 of yall videos maybe more but im sorry yall boys are lost Kendrick is barring yall boys up but you can’t hear them,1,0,2025-02-08T09:29:06Z,2025-02-08T09:29:06Z
Ugxe0rOMQVZyAF_115V4AaABAg,@sonakshiawasthi,"Hey plz react to RM of BTS's new album right place wrong person, especially Domodachi , LOST! And groin r my favorites. Would love to hear ur reaction to it.

This is coming from an alternative freak. Everyone has to check this album out without the boyband or BTS prejudice.",0,0,2024-05-26T06:14:55Z,2024-05-26T06:14:55Z
Ugxj0qklpDB01LiejYx4AaABAg,@GB-gk9my,I love the drake hate fuel to the flames yall haters just keep drake boosted up keep up the good work 😇💯👍🏼,1,0,2025-08-03T04:25:40Z,2025-08-03T04:25:40Z
UgxwJ2mvyb-wwPEHmnx4AaABAg,@Painlesszm,Never heard of these ninjas before this beef... and the video i stumbled upon them was there reaction to meet the grahams... other than Ak (who is compromised) these guys have the worst takes on yt,3,0,2024-06-13T19:42:27Z,2024-06-13T19:42:27Z
UgwVRAjFQR3AAvuG0iV4AaABAg,@Dazaiii-g4x,why does everybody have problem with drake putting nailpaint on.....i freakin love it .....i don't care what yall say...get rid of ur toxic masculinity bruhh....,0,0,2024-07-25T13:56:50Z,2024-07-25T13:56:50Z
UgwKriiTZ1i6M5FjTzR4AaABAg,@Mr_Boyer,"You guys will never stop taking Ls over this beef. ""But I don't think it's written well."" Yeah and your reactions fell off three years ago.",3,0,2024-06-15T00:53:19Z,2024-06-15T00:53:19Z
UgyO_VJV4ywJ1LhQr0x4AaABAg,@corbelan4,KBots spiraling in the comments 😂,1,4,2024-07-22T16:31:22Z,2024-07-22T16:31:22Z
Ugyw2KUiIFCSuc2VLDZ4AaABAg,@FoxtrotXero,"There's no hate here because there's no point in that. Just wanted to ask why you couldn't do like a full album reaction to Tool or some of the old bands from the original days of the channel? I've seen 3 or 4 videos of Kendrick, or Drake etc in one week. I don't have a problem with these videos, but it would be good to see the same love for some of rock/metal bands again. I think I speak for a lot of the viewers here when I say I miss that.",0,1,2024-06-03T20:39:32Z,2024-06-03T20:40:12Z
UgzPvZ2Sn6pQ117S5y94AaABAg,@DarrenSimpson____,These the same guys who said meet the grahams is shit lol,1,0,2024-05-26T01:29:10Z,2024-05-26T01:29:10Z
UgyV2hS8stGLtMgE6AV4AaABAg,@L3070r,4:30 you could feel the hate through the screen,9,0,2025-02-05T08:25:56Z,2025-02-05T08:25:56Z
Ugyi5YDgj9GO7EGMsd94AaABAg,@jadiva23,Oh no. Yall must be new to this.  Thie was the perfect beef and ysl are a little slow lil imo,1,0,2024-06-06T07:19:49Z,2024-06-06T07:19:49Z
Ugy2qrhd15ZAESfBqWt4AaABAg,@benedictjulius9199,Restarting the song and taking a sip of water to drain the potato stuck on they throats🤣🤣,0,0,2024-05-25T16:24:21Z,2024-05-25T16:24:21Z
Ugw88X7OkuASIJa4u2h4AaABAg,@LBS3-t2u,"Dude on the left, please stop. You don’t get it and that’s ok. Each song had a different sound and style for a reason. I see why this channel has low views for such a major beef. Y’all talk too much and don’t take everything into consideration. You just want clever bars and double entendres. Meet the damn grahams wasn’t meant to be ‘witty’",4,1,2025-07-26T05:46:17Z,2025-07-26T05:47:03Z
UgwEGDwClRv8MkqID0l4AaABAg,@kendricklamar4660,You lost a sub. 👋,4,0,2024-06-09T16:07:04Z,2024-06-09T16:07:14Z
UgzF8sTeOnw6Yp6Sk9d4AaABAg,@deesavage5198,These guys had steam until they tried to break down this song.,0,0,2024-06-28T19:32:37Z,2024-06-28T19:32:37Z
UgwDJj_g_R_OY2yWde14AaABAg,@Dhruv035,Podcast people on industry payroll they part of the machine no faith in these 2 anymore,0,0,2024-05-19T09:16:33Z,2024-05-19T09:16:33Z
UgzsNr5dZ_7MDruqrK54AaABAg,@tunenuel1894,Baldness really making the bars pass over ur head,0,0,2024-06-09T21:21:35Z,2024-06-09T21:21:35Z
UgwL8GscF6zIp5Gbfjx4AaABAg,@Shaheed.W33,What happen to yall 🤦‍♂️,1,0,2024-05-30T05:51:33Z,2024-05-30T05:51:33Z
Ugz0aYd9wYIMerV8nhx4AaABAg,@Rain-ys7fb,"You can break down the bars and explain your thoughts and why you feel the way you do about the project, but they still making excuses for him because they hate to see Drake lit 😂",0,0,2024-06-28T15:56:45Z,2024-06-28T15:56:45Z
UgwvdfO2Z6UIn88us9t4AaABAg,@Mr_Mashall,"It’s wild y’all talk about scathing shit and walk past Kendrick songs and disses. It’s hard to be unbiased up in here when y’all hittin on drakes small shit and just downplayin the other side. I’m not for either side but you can’t claim unbiased now. Unfortunate.

Should be :”Super Biased Fake Reactions!” 

Y’all telling me you couldn’t get to Kendrick’s shit in time but got to drakes stuff in time and did a real reaction? Wild.",1,0,2024-05-16T01:26:06Z,2024-05-16T01:28:08Z
Ugw2tqLtZAmN7NYoUbB4AaABAg,@sdl2393,"The song is ok. Social media and people who do not like Drake love this song and also gassing it, radio too... K. Dot has way better track than this. But truthfully. Drake killed him but because they're trying to destroy and get Drake out of here...everyone is going to say K. Dot killed him. On allegations, mind you.",3,1,2025-03-24T12:55:49Z,2025-03-24T12:55:49Z
UgyqQSRn0DNWxKVKX3l4AaABAg,@miguelavila-morales1978,who gave these guys a platform?,4,1,2024-09-07T06:08:49Z,2024-09-07T06:08:49Z
Ugxt-RCdAf-bdqZ2Pn14AaABAg,@PSincer,I used to love this channel.,4,0,2024-12-06T19:27:12Z,2024-12-06T19:27:12Z
UgyNTEHK_m9GLieJuL14AaABAg,@sandral.7633,"Drake didn't write those bars.  Drake even colonize his writers, they get no credit.",3,0,2024-05-21T23:54:28Z,2024-05-21T23:54:28Z
UgwVP9e0V5IBOh-0BrZ4AaABAg,@oneikamoore6881,"If you didn’t hear anything up until A minor, you just disconnected frfr. Every line had a double entendre.",0,0,2024-05-21T00:50:49Z,2024-05-21T00:50:49Z
Ugyjppe5yluUnXzlpRx4AaABAg,@Meredith126,"Oh, i get their views on this battle. Drake's fans need SIMPLICITY. Being a Drake fan takes a ""Special"" kind of person. Child like mentality, if u will. Ae soon as Kendrick dumbed it down & gave a club beat, the crazy bounce came in. Wow!!! Drake fans move in flocks.😎😎",4,0,2024-08-30T01:20:58Z,2024-08-30T01:20:58Z
Ugw8QuVLbPtLOsOw3ql4AaABAg,@NunYaBizzzy,Man I really don’t think your comprehension skills are this low. You guys have to be compromised.,4,1,2024-05-19T02:58:05Z,2024-05-19T02:58:05Z
UgztALq-FKRtp8tloJN4AaABAg,@danielseraphim9962,This didn’t age well did it 😂💀 all good,1,0,2024-07-27T17:45:45Z,2024-07-27T17:45:45Z
UgwqWA3yHg-_G-sHKOl4AaABAg,@Winnie_1024,"y'all are basic 🤣 that's why you're so impressed with drake ""bars""",5,1,2024-07-03T15:57:52Z,2024-07-03T15:57:52Z
UgxDgM_kIjwluC1QkBN4AaABAg,@VLC2260,Dam these dudes were great Until they chose a side they lost their objectivity. Staying neutral pays!! Bless up fellas. Kendrick won.,1,0,2024-07-14T11:38:14Z,2024-07-14T11:38:14Z
Ugy6tEBuAJBER_pex2F4AaABAg,@PaAce88,They wee wee tuggin Kendrick in these comments 😂,0,0,2026-03-06T07:32:50Z,2026-03-06T07:32:50Z
UgyHE8yK4dxu8_G_MNd4AaABAg,@sangitapradhan7450,What a sad reaction,1,0,2025-03-21T18:37:21Z,2025-03-21T18:37:21Z
Ugx12b3s4dYcB1UaZ654AaABAg,@HahahaClinton,5 grammys and your guy is struggling to sell tickets in Australia,0,0,2025-02-04T04:46:08Z,2025-02-04T04:46:08Z
UgwRezZzGez-9w5kkQx4AaABAg,@fauxpression,"Malibu’s Most Wanted… 2003 film where the senator’s son was faking being a rapper and hired the black goons for street cred.

You're welcome!",0,0,2024-05-14T12:40:02Z,2024-05-14T13:02:48Z
UgyFpTglhQT0mD9nM5x4AaABAg,@mjkoaho7833,"lol, it’s diabolical how y’all closed off “Kendrick’s reaction” with Push Ups. Drake’s too nice man 😁",0,0,2025-08-23T12:00:41Z,2025-08-23T12:00:41Z
UgzOzowH5sx_icB83DJ4AaABAg,@lindombatha7314,"Am nt even American but these guys missed a whole lot, no disrespect",1,0,2024-07-10T18:02:19Z,2024-07-10T18:02:19Z
UgzyjS4PBGx0dPfOyXF4AaABAg,@honest89,ignant everything went over y'all head,0,0,2024-07-08T23:48:01Z,2024-07-08T23:48:01Z
UgxVU7KQUQZZACOj3aN4AaABAg,@basilchaka1683,Guy in the glasses is a HATER!,1,0,2024-09-16T07:56:42Z,2024-09-16T07:56:42Z
UgzX7ipqtCUrMP9EnE94AaABAg,@druzkeez,Drake had two other writers on push ups,0,0,2024-05-14T08:26:17Z,2024-05-14T08:26:17Z
UgybU1TY0FSbo3tg8id4AaABAg,@DDoig1,Why so many dislikes? Drake fans?,0,0,2025-03-19T18:01:22Z,2025-03-19T18:01:22Z
Ugy8a72OknLg0buuPHB4AaABAg,@RunningwithLB,"I've lost respect for this channel in this beef. Y'all either miss Kendrick bars or down play them. Meet the Grahams was a very calm massacre.  Just because you can't dance to it don't mean anything in a 2024 rap beef, maybe 1984",2,0,2024-05-18T10:20:25Z,2024-05-18T10:20:25Z
UgzcLE3fJj7cF9PJ8td4AaABAg,@BubbaTheChemdog,You're lying. You dont like kendrick. You wouldn't be holding drakes lines to a higher standard than his if you actually liked Kendrick. You're actually on an OVO contract to be talking like this about Drake. How do you listen to and break down so many rap songs but still don't understand bars... You only care if you can bop your head. The beat is only half the song. It takes both to make a great rap song.,3,0,2024-07-15T18:52:04Z,2024-07-15T18:52:04Z
UgzdFg-jreotA89YQfh4AaABAg,@jay83,Yeah brothers i definitely prefer your metal and hard rock reviews this wasn't it,1,0,2024-07-18T08:52:30Z,2024-07-18T08:52:30Z
UgxIF3Dyx4-54x_lu2V4AaABAg,@symochi8560,"Yep. These guys have lost the plot. Looking for double/triple entendres in a diss record, really? Kendrick paints a picture justifying everything culturally, historical behavior/modus operandi. Why is Hit ‘em Up the biggest diss record? Why is Ether greater than all JayZ disses? Where are the double entendres in those diss songs. If there is one or two that’s enough. What warrants a great diss is believability. Who managed to convince the audience to believe regardless of whether it’s a lie or not. Kendrick did that in sterling fashion. That’s why almost all rap critics are giving Kendrick the trophy. He won and I see it’s so difficult for you to swallow to the point you start the reaction to Not Like Us with a great deal of pretension. Fake acknowledgment about how you like both rappers and shit. OVO is paying you it’s so evident🤔",2,1,2024-05-14T13:05:23Z,2024-05-14T13:05:23Z
UgxFbucQlvb_ickUJ0t4AaABAg,@shawnriggins5946,"Lol, these dudes try to act like they are neutral and are clearly Drake stans. Drake got dragged and the whole world was here for it.",1,0,2024-05-25T19:39:55Z,2024-05-25T19:39:55Z
UgxAt2TgugouOxd-knF4AaABAg,@FlexLuther123,These same guys gas up ether where Nas calls Jay Z “ ugly and makes fun of him for taking karate class”. Just keep the same energy,0,0,2024-06-02T15:45:01Z,2024-06-02T15:45:01Z
UgyLtDkqOVjPf77O6554AaABAg,@NettaBoo9,If he wrapped that it wouldn’t be a clever bar. 😮 Karl Malone. I don’t see how y’all missed that.,0,0,2024-08-15T13:12:28Z,2024-08-15T13:12:28Z
UgzHF_8gv0b31eyGwYp4AaABAg,@mauricegrant4106,What the hell do you mean as a song it is good but as a dis it is solid. Your assessment of things is wrong again. You need to go back to rap school. Can you do it meaning rap no then this battle was a little bigger than rap y’all need to get up on the culture then maybe you will understand. Slow walking and stuff,3,0,2024-05-20T07:04:50Z,2024-05-20T07:04:50Z
Ugy6gX972XE-3zQnOMx4AaABAg,@tebzasoulmusiq,"Kendrick's fans are so emotional, damn🤣🤣🤣🤣🤣🤣🤣🤣🤣🤣🤣🤣🤣🤣🤣🤣",2,0,2024-05-16T14:07:06Z,2024-05-16T14:07:06Z
Ugw--U_-P6HwPwvJEvh4AaABAg,@mario.spencer,Damage control…,0,0,2024-05-23T20:26:54Z,2024-05-23T20:26:54Z
UgxxrS8XVOCsREJct5N4AaABAg,@stevepmp,"If I can't figure out a cultural reference, I come here to get the story.",0,1,2025-03-17T15:42:38Z,2025-03-17T15:42:38Z
UgwopksZlGbYkg__xtF4AaABAg,@eddieterrell5457,Yall mfs hating lol everything drake said yall was on his 🥜 but Kendrick? If this or that is true then the line hits hard? WTF 😂 yall can't hide that hate bro but he got the job done,1,0,2024-12-24T14:09:10Z,2024-12-24T14:09:10Z
Ugwh2hoLP43Oy3MiyK14AaABAg,@nickburg2267,So many Kendrick fanboys in here mad as hell😂😂😂,0,0,2024-05-20T03:54:02Z,2024-05-20T03:54:02Z
UgwNo-iIFJKlukGaLcd4AaABAg,@mass3r3ct1,"Kendrick stans in the comments bawlin’ like they just found out Santa fake 💀. Y’all can’t handle a lil truth without writing a college thesis on “artistic depth.” Newsflash: dude been mid for years, and the only thing deep is how far his fans gotta dig to find meaning in them weak bars 🤣. The coping levels in here are legendary.",1,0,2025-10-06T23:18:56Z,2025-10-06T23:18:56Z
UgzhgcPbl2T76nEp9Lx4AaABAg,@truenoae8689,Still one of my favorite reaction channels but man these guys are mad biased even delusional when it comes to Drake. They even reacted stronger to Duppy Freestyle than Story of Adidon. Drake is their BOY,1,0,2024-06-04T07:26:32Z,2024-06-04T07:26:32Z
UgwhHccDamHYTf5l0dd4AaABAg,@ThePhilly501,“A drought in bars” 🙄 These boys are weak.,2,0,2025-03-21T14:57:41Z,2025-03-21T14:57:41Z
UgxogGOtQhxyTvWwK_l4AaABAg,@justinshampeau9504,A minor has no white keys as well,0,0,2024-05-27T14:07:50Z,2024-05-27T14:07:50Z
UgxSmvT1kYWlQkV10c14AaABAg,@ajsimpson7955,Smh yall comparing one man to a room full of writers 20+2v1 indeed,0,0,2024-05-24T05:58:41Z,2024-05-24T05:58:41Z
Ugy_NSzCd3fqptkTBW54AaABAg,@malcolmjohnson3959,Yall biased AF!!!!,4,0,2025-04-06T12:31:10Z,2025-04-06T12:31:10Z
UgxsEOy5F1drRVTGRRp4AaABAg,@OptimisticFletcher256-g1r,Yall hating.,0,0,2024-05-25T23:33:01Z,2024-05-25T23:33:01Z
UgyNpZflS-AE9Ebqa2F4AaABAg,@justbenny9067,"These two lost fr, its time to go",3,0,2024-06-15T06:18:39Z,2024-06-15T06:18:47Z
Ugyy_O4nwzApHYibLPt4AaABAg,@lakeithrowland900,Yall didn't hold them to the same standard.,0,0,2024-06-04T15:42:24Z,2024-06-04T15:42:24Z
UgzQ_Vpjz_pLaz7BS3x4AaABAg,@sirtoby2070,"The problem is these guys are only looking for witty punchlines and jokes, while Kendrick is fully assassinating Drake's character.",3,0,2024-05-23T17:40:54Z,2024-05-23T17:40:54Z
UgxG0mcsLatoqW7xc-Z4AaABAg,@gaggs233,It’s a diss track! U need ppl to understand,0,0,2024-06-02T10:17:40Z,2024-06-02T10:17:40Z
Ugx2g4XFc3QCV_IySzp4AaABAg,@asherk420,People in the comments tripping cuz they ain’t reacting how they wanted them to react 😂,5,0,2024-08-27T18:16:53Z,2024-08-27T18:16:53Z
UgwkObWMKaAzvgobDh14AaABAg,@traviswalls3607,Aubrey is a great actor and his best character is Drake.,0,0,2024-08-14T17:43:46Z,2024-08-14T17:43:46Z
Ugzz2r40slhbv2Ej5vl4AaABAg,@samfordjour3465,He dumped it down for u!,0,0,2024-08-02T13:13:04Z,2024-08-02T13:13:04Z
UgzIBIbNhLcdX54QIsZ4AaABAg,@tonymcelveen1107,It’s Bar wars! Club music is for the CLUB! If you want to battle with club songs then just make recordings for clubs! We done got lost in the SAUCE! The essence is being out Bared Drake lost when he said I gotta go bad now deal with his DAD! That was extremely Corn Dog-ish!🤔😊,0,0,2024-05-26T00:31:17Z,2024-05-26T00:31:17Z
UgwkoxUSfoZRipN2vRN4AaABAg,@toggtlas7099,"Almost all of Kendrick's bars are double or triple entendres going over your head, yet your criticism is that his bars lack depth? Hm.
The fact that the three most shallow surface bars are the ones you like is a self-report.",1,0,2025-12-29T21:36:22Z,2025-12-29T21:36:22Z
UgwU45_KmBddzHThbGh4AaABAg,@rollin60z,"Damn right! I liked this song too, but the drought of bars was a disappointment. Fun song overall, but people are overhyping it ((mainly i think bc drake is the bigger artist, so he automatically has more haters)).",0,0,2024-05-15T00:52:33Z,2024-05-15T00:52:33Z
Ugz95CPLnlnE2_mDJXZ4AaABAg,@sheluvharvey7758,"So the name shit Drake was saying they was hyping it up in Kendrick was speaking facts and giving us bar after bar but they said the only thing that they like that he said was minor🤔, think about it people😮",0,0,2024-05-30T06:31:04Z,2024-05-30T06:31:04Z
UgxVQiJysUxLKDtOzyd4AaABAg,@VLC2260,"""OVO AND OVARIES😂😂😂😂😂😂😂😂😂😂😂"" LAME!!! GLAZING!!!",0,0,2024-07-14T11:39:45Z,2024-07-14T11:39:45Z
UgyhzR7MvtMLGQ7J2jl4AaABAg,@carlosrangel2684,If you’re saying that you’re looking at what kendrick is saying you must not be hearing what he saying lol Drake sounds nice but not even close to what Kendrick did,1,0,2024-05-18T17:31:42Z,2024-05-18T17:31:42Z
UgxoqvAKHa-Dn-jegAJ4AaABAg,@W3WSSS,Well this gone be part 2 of the meet the grahams video as well cause these bars hit yall on the head and yall still ain’t get it .,0,0,2024-05-17T12:52:56Z,2024-05-17T12:52:56Z
Ugy84bigqbvQ3cOxUpV4AaABAg,@northtarh1,Simple minded dudes,2,0,2024-05-28T15:36:11Z,2024-05-28T15:36:11Z
UgxKqg8xNotRl0bbZxV4AaABAg,@malcolmjohnson3959,"4 bars that hit???

Drake a better battle rapper????

Drake, What bars 2 hit.  Filler Filler Filler.  90% of the song is filler cause it’s not directed at Kendrick.  What are you talking about???",2,0,2025-04-06T12:36:39Z,2025-04-06T12:36:39Z
UgwSwG0DWZ_NUDE2QOV4AaABAg,@Raymondthesecond,I like how Kendrick ended up doing something for you by letting you get paid off reacting to his song,0,0,2024-08-07T19:53:37Z,2024-08-07T19:53:37Z
UgwxIMWJH5Cf56bjKyV4AaABAg,@crums2brikks,We don’t do R. Kelly but we Loooove R. Kelly 🤔,0,0,2024-08-19T03:03:11Z,2024-08-19T03:03:11Z
Ugzft8q1ARAsFeyGond4AaABAg,@andreajeff8628,"If it’s true that Drake doesn’t write his own music, then how can he be a better battle rapper? It would mean he’s good at karaoke.",0,0,2024-05-19T01:39:20Z,2024-05-19T01:39:20Z
UgwqTU-BAmxSqmETiGF4AaABAg,@chiokehart-kelly3481,"This is the most terrible take. Kendrick did not waste a bar. The surface level bars were simple and efficient and Kendrick delivered them hard. Now if yall need someone to connect the dots on the from the layered bars, I can understand. But making it seem like the John Stockton bar wasn’t laced is wild to me. We all thought of Malone as soon as Kendrick spit it. Who do you think Stockton was passing to? I’m not going to pretend that I get all of Kendrick’s bars(even after multiple listens) and some interpretations may be a stretch. But that’s how art works. You take the blatant meaning from it and then your own interpretation of it. This was like a classic movie with Easter eggs and all that.",5,0,2024-05-21T20:16:22Z,2024-05-21T20:16:22Z
UgzQMSFi9hmQkwAXAC14AaABAg,@FFlash127,He’s saying so many bars that hit hard you guys just don’t got the information to actually notice them like literally the entire diss🤦‍♂️,0,0,2024-05-14T08:10:51Z,2024-05-14T08:10:51Z
UgwZ-_VVTVTMeQLFhQx4AaABAg,@themadpants781,"I know I am late, but damn, the bias towards Drake is freaking wild. Hahaha. Kendrick destroyed the boy. Drake is a better battle rapper? Him and his ghost writers? Y'all making yourselves look silly.",2,0,2024-11-11T16:44:12Z,2024-11-11T16:44:31Z
UgxPXBDi1SP0wdM93Ih4AaABAg,@FO-w1n,They can’t do both,0,0,2024-10-21T08:13:21Z,2024-10-21T08:13:21Z
UgyJ-ZOSSU1QKLUO-Ch4AaABAg,@Timeshiftbaby,Hell nah.,1,0,2024-07-05T16:22:50Z,2024-07-05T16:22:50Z
UgzpilEVEYSCfRxrpqd4AaABAg,@consciousdee2075,Lost mad respect for y’all in this battle sounds very inexperienced at this point…,3,1,2024-07-09T05:19:14Z,2024-07-09T05:19:14Z
UgyjhEwopSM5aZiiKzZ4AaABAg,@GlobalGreenBook,"John Stockton, I think you got it all wrong. Drake has a 1000 oops and he s trying to fight them all. So Kendrick is going to pass the ball and let them slam dunk him. Which is how John played.",0,0,2024-07-10T13:22:10Z,2024-07-10T13:22:10Z
Ugy3lAaJ20fJ4tcGfRN4AaABAg,@Cmar24,Bruh the reason you don’t think he’s saying anything clever in some sections is cus you don’t get the lyrics,1,0,2025-04-05T14:30:51Z,2025-04-05T14:30:51Z
Ugzn0V7nHUhbS-fydsd4AaABAg,@AhsanWasim,Joe Budden had the best take on this beef,0,0,2024-08-08T05:38:01Z,2024-08-08T05:38:01Z
UgyUe1rdBaskhK9clW94AaABAg,@ismaelgm13,"They missed the most witty bars 

Like the amberlamps one",0,0,2024-05-28T02:48:47Z,2024-05-28T02:48:47Z
UgxOetFQI4GZJOr-IoZ4AaABAg,@lenorechapman9937,"Oh....I thought this was a 1st reaction, it's clear you guys already heard this.",0,1,2026-07-16T06:37:50Z,2026-07-16T06:37:50Z
Ugy1NTE2cjO6Un5ZrPF4AaABAg,@901kel8,Why make a reaction if you already heard the song 😒,1,0,2024-07-12T09:38:48Z,2024-07-12T09:38:48Z
UgzGUfItotun72Pp60N4AaABAg,@omfggabriel46,"ohhhh i see, y’all were faking the reactions to ragebait comments and engagement. makes sense.",0,0,2025-02-01T07:01:13Z,2025-02-01T07:01:13Z
UgySu_YhKksH-0kNJzF4AaABAg,@thatboylije7892,Why would he have to rap the Karl Malone part??? Yall can’t put the pieces together??,0,1,2024-07-22T16:40:17Z,2024-07-22T16:40:17Z
Ugy9it5hf8aUszT1F9x4AaABAg,@FVBEATZ,why react to a song that you already listen to?,0,0,2024-07-25T01:00:09Z,2024-07-25T01:00:09Z
Ugzx4k43eUApCRNi3qR4AaABAg,@keithwhite1974,So if you have 20 ghost writers you might not take many bars off. K-Dot writer his own lyrics soooooo your points are not great.,1,0,2025-03-02T20:01:47Z,2025-03-02T20:01:47Z
UgyOlKHefvr4P43Hhjx4AaABAg,@elitelokkz,“I do want to make a point”…. No point being made.,0,0,2026-03-15T05:42:13Z,2026-03-15T05:42:13Z
UgzFLMq81PGFmCmLh1N4AaABAg,@C4rdoofficial,Complaining but bars going all over yall old heads lol😂,2,0,2025-08-28T17:46:13Z,2025-08-28T17:46:13Z
UgweEDwuwrR0tWn-Qg94AaABAg,@nathancilley153,Drake is cooked.,1,0,2024-07-01T21:59:50Z,2024-07-01T21:59:50Z
UgzGilSqxFJz21KQPDt4AaABAg,@hermenegildodasilva9575,Nah these suckers are drake Fan - DJ Akademiks pay then to do a review in Drake favors…,2,0,2025-07-26T12:10:25Z,2025-07-26T12:10:25Z
UgzdX1Wrn17DLQejZUh4AaABAg,@wycliffeorwa7061,"I like lost in Vegas but their commentary for the beef have aged badly. This shit dominated, won Grammies and Drake Karened out by suing",2,0,2025-02-07T22:42:29Z,2025-02-07T22:42:29Z
Ugw2WfR9q-2mSdLEAX54AaABAg,@LuchoH838,Love how yall got exposed and now you’re pretending to enjoy KDot 😂,2,0,2024-05-18T03:45:37Z,2024-05-18T03:45:37Z
Ugzy1SyD9g8CGuhBa7N4AaABAg,@King-mc1yd,"Push-ups is full of filler bars, it came and went",1,0,2024-07-13T03:18:44Z,2024-07-13T03:18:44Z
Ugx8Laou4zQ2beZLIkt4AaABAg,@anakinsensei6922,Best reaction channel ever! Thank you ❤,0,0,2024-07-06T16:56:44Z,2024-07-06T16:57:00Z
Ugyauu_zVz4i2T-W3WZ4AaABAg,@boynatey44,you 2 are the most bias reviewrs ever if you think drake won this in any way,2,0,2024-07-11T17:31:49Z,2024-07-11T17:31:49Z
Ugy6-5L7gyY0C2j2ptN4AaABAg,@jordancornell1416,You wanna talk about bars and y’all ain’t Eminem fans…react to Lucifer 😉😉,0,0,2024-07-16T07:06:34Z,2024-07-16T07:06:34Z
Ugzcg_68U5yCH-kB_Il4AaABAg,@dannyk640,That fake laugh almost all the time becomes just annoying. Haters gonna hate...,4,0,2025-02-27T21:56:39Z,2025-02-27T22:00:08Z
UgyBxfxFJv1_LUfWQst4AaABAg,@bottomeyeview2767,"All those thinking this reaction is bias should go watch Stevie Knights reaction to Drakes Family Matters, that was bias AF",0,0,2024-05-23T22:18:15Z,2024-05-23T22:18:15Z
UgxLdnvhU-h_ep7aKYx4AaABAg,@madviks7,Channel ded. Smh. From one of the best to one of the ded.,3,0,2024-06-24T18:05:09Z,2024-06-24T18:05:09Z
UgwxPxycG8AHgi5zj1N4AaABAg,@Kuyick,"Lol, you guys are funny. Now you picking on KENDRICK for not giving double entendres😀😀????",0,0,2024-05-17T20:42:27Z,2024-05-17T20:42:27Z
Ugw2jwGIGrxQPhk53JV4AaABAg,@MDHart-m9s,Yall So … just…🤦🏾‍♂️,2,0,2025-03-18T23:57:16Z,2025-03-18T23:57:16Z
UgwQmTaBjeb8DSUXAEJ4AaABAg,@Siga-San,You guys look like u're not getting the bars you expected from Kendrick,0,0,2024-06-18T09:43:15Z,2024-06-18T09:43:15Z
UgzqDlJovZB0Dcx_fHl4AaABAg,@lakerraider100,"You guys didn't just miss the boat on these last two, you slept past through the alarm and never made it to the port. 2 of the sorriest reactions I have ever seen. You missed SOOOOO many bars I think your ancestors are ashamed.",1,0,2024-05-16T06:16:23Z,2024-05-16T06:16:23Z
UgxNKwHJXBX3KcPiWgF4AaABAg,@LrgPicture,Does Drake write his own lyrics…,0,0,2024-05-17T18:30:22Z,2024-05-17T18:30:22Z
UgzCdTMo7-iYYkERVUt4AaABAg,@karmmy365,These brothas are corny and slow,5,0,2024-06-03T04:42:17Z,2024-06-03T04:42:17Z
UgzXf2KxKvvuP_qe0KF4AaABAg,@boitumelotlali5490,Lona le bua Lerete fela. No wonder been off your reaction hobane le bua 69 fela.,0,0,2024-05-30T07:37:55Z,2024-05-30T07:37:55Z
UgxF_CxisWX2y5abrch4AaABAg,@maloneyboloney9377,"I’ve noticed a similar bias against Eminem in their reactions I used to be a big fan of the channel, but it’s stuff like this that makes them seem disingenuous. The only reason I’m saying something now is because you all can repair it by admitting your biases and learning to set them aside for future vids. You don’t have to be a fan if an artist to recognize their skills. If you don’t like it then give some more well articulated reasoning as to why. We can accept that it just isn’t your thing, but you don’t have to trash the artist because if it. Maybe you can make a disclaimer that you are not able to be objective with certain artists.",0,0,2024-05-17T01:57:38Z,2024-05-17T01:57:38Z
Ugzme1BGOJDs85dTrWp4AaABAg,@electricman68,"Let me guess, they don’t like this one too.",0,0,2024-05-15T11:03:14Z,2024-05-15T11:03:14Z
UgwrMXfiYirBwjP_pPN4AaABAg,@bryanjones4683,I respect yall opinion but I disagree whole heartedly,1,0,2024-05-15T19:33:03Z,2024-05-15T19:33:03Z
UgykC9YPHHkgKxwXa8h4AaABAg,@larrywoodard2639,Drake is garbage. Yall crazy in this battle.,5,0,2024-05-21T22:01:04Z,2024-05-21T22:01:04Z
UgxWH8noJNxz-AaFuSJ4AaABAg,@TDizz202,Yall don’t know bars bro😂😂🤦🏾‍♂️🤦🏾‍♂️.. yall named like 10 different bars and called them “dry”,1,0,2024-06-18T14:23:51Z,2024-06-18T14:23:51Z
UgwSX0BO-qtVdMgYV2l4AaABAg,@sparkssmith2533,yall seen his music video....lets hope youll react on that and see what both of you missed during this reaction how disappointing.....unfollowed,3,0,2024-07-05T14:42:34Z,2024-07-05T14:42:34Z
UgybiOgMD4v30B1oUQd4AaABAg,@professionallyamateur5991,"Come tf on, how did you guys miss this?
Just admit you're Drake stans. Glazing harder than Ak, here.
The 2:3 Like/Dislike ratio is deserved. Get outta here.",3,0,2024-06-16T05:27:38Z,2024-06-16T05:28:31Z
Ugw_i2qx5_1oruwCdxV4AaABAg,@liamace1107,Yall fucked up your community reputation so bad so quickly and consistently,3,0,2024-06-13T06:25:22Z,2024-06-13T06:25:22Z
UgzqDZ7_iNJO-br-1OF4AaABAg,@Morganung,Drake took an L and just gotta accept it,1,0,2024-06-08T10:13:57Z,2024-06-08T10:13:57Z
UgzM8OvzgoppXz8t5Xt4AaABAg,@eriksolano2091,Y'all losing hella credit,1,0,2024-05-14T15:23:25Z,2024-05-14T15:23:25Z
UgzIRiONaT6eMGIUy4p4AaABAg,@northtarh1,Y’all definitely like drake more stop the cap,1,0,2024-05-28T15:33:57Z,2024-05-28T15:33:57Z
UgyQv8s9xVi6lzfcMU94AaABAg,@EricnotwithaK,"Up until A minor you don’t hear anything? You guys aren’t breaking down the depth well ….. 

Did you pick up on KL’s poetic brilliance on some of the words ?!? 
Probably the best example is when he drops the word “pedophiles” ….. but KL doesn’t say that word. 
He says “Pedifowls” …… Fowls as in birds…… As in owls 🦉 ……. As in Drake and his entourage. 
2nd example is when KL drops “A minor”. Which on the piano the “A minor” piano keys are the white piano keys !!! ……..
KL is such a brilliant lyricist that with some of his bars they’re on such a level that most people won’t ever pick up on the depth unless they get it explained to them. 🔥🔥🔥",0,2,2024-06-26T18:14:43Z,2024-06-26T18:14:43Z
Ugwj_iQhzXZjz66nXYJ4AaABAg,@michellemccool5755,But yet Drake ain't said shit........,0,0,2025-01-03T13:04:59Z,2025-01-03T13:04:59Z
UgyZ-XIJxQgfTVDjj3h4AaABAg,@jamesbradshaw3925,Feel like you really didn't go deep on  drake being a pos.,1,0,2024-10-18T03:25:47Z,2024-10-18T03:25:47Z
UgzfHyIk6CVZ2B6M1Ql4AaABAg,@barca.corner2352,"10:57 you say he has to rap it and say it, then you say he just saying and talking no double entandre. pick a lane",1,0,2025-05-07T12:08:40Z,2025-05-07T12:08:40Z
UgxUgrpZg6tosxMfiNZ4AaABAg,@samistofsam,Hope the humiliation fetish was worth it,1,1,2026-04-21T03:20:02Z,2026-04-21T03:20:02Z
UgxAWH7e0aw-S5sdpih4AaABAg,@funsahw,Prime examples of who cloned Tyrone … this is what happen when you listen to stuff that pacify you.  Ur not intellectually challenged so you are slow and basic,2,0,2024-06-13T01:28:57Z,2024-06-13T01:28:57Z
UgwR2pEvSeKIv0gVWRp4AaABAg,@marysimonk,"These people are really slow. I can't believe two, supposed intelligent adults were talking trash.",0,0,2024-12-15T00:26:04Z,2024-12-15T00:26:04Z
UgzsZwa1Xr25ZFCp3AR4AaABAg,@JoshuaBonifaz,I feel like this song isnt that great....but that A minor punch line..whhheeeeeeeeeeeeew lmaooo that won it for me. Cause honestly the songs kinda meh but you cant come back from that,0,0,2024-06-19T12:15:40Z,2024-06-19T12:15:40Z
Ugy-EGWRTs1v0H5hMFJ4AaABAg,@SharonSmith-xw5xy,I’m so glad I DID NOT SUBSCRIBE TO YOU GUYS…. I’m 68 years old and could have better job than this!! Listen to your commentaries and learn something from them!!!🙏🏾🙏🏾🙏🏾🤔,3,1,2024-06-15T23:42:28Z,2024-06-15T23:42:28Z
Ugxu8dfoUFXVNGA_u554AaABAg,@camdonking1919,"I think alot of it has to do with them obviously being drake fans and more familiar with his associations and lore, so that they can catch a lot of the innuendo and hidden messages in drakes lyrics. there by making them think that they are better.",1,0,2024-05-21T20:15:24Z,2024-05-21T20:15:24Z
UgxpMWeTMOlmZ4GMdQh4AaABAg,@garysmith3991,Lmmfao core stomach abs lol y'all lost,0,0,2024-08-12T21:44:14Z,2024-08-12T21:44:14Z
Ugwlu5Y8XzrK8-Fgl8R4AaABAg,@TheBoyM-crae,There was so much lines they miss,0,0,2024-05-22T17:08:36Z,2024-05-22T17:08:36Z
UgzZBvViX80DSu09K214AaABAg,@bigmo1172,"A minor! Wow, they missed that in a A melodic minor scale, all of the notes are white. Haha  sorry, english i my 3. language.",0,0,2024-05-28T00:00:16Z,2024-05-28T00:00:16Z
UgxZd0-zwpVY0GXIxEV4AaABAg,@teamkbratulyt4538,Those laugh was really fake😂😂😂😂😂😂,2,0,2024-06-24T15:26:34Z,2024-06-24T15:26:34Z
UgydyMrmlg2hL6Wwowp4AaABAg,@RealRap619,The fact y’all listened to this and went back to push-ups at the end sums up why so many people disagree with y’all on this. Called Kendrick short like 3 different times. “Pipsqueak pipe down” like really 😂. It’s just disappointing given previous reactions that y’all really believe Drake outrapped him like that.,0,0,2024-06-06T04:07:15Z,2024-06-06T04:07:15Z
UgxdI1q-u7gqXSSqZId4AaABAg,@Paxthetruth,This guys are crying till today,1,0,2024-06-04T05:21:51Z,2024-06-04T05:21:51Z
UgzCUDgEc0bjvxo4Fch4AaABAg,@sportsbillyjr,Kendrick ain’t saying nothing but “splits and pants rip” was bars huh? “How you big stepper withSize 7 mens on” is bars too huh?,0,0,2024-06-27T14:33:05Z,2024-06-27T14:33:05Z
UgwR8EE42etuD8JJSd54AaABAg,@Meowmeowninja,Stopped watching this channel years ago coz of the whack reactions. Came back but quickly leaving again.,5,0,2025-04-30T05:52:47Z,2025-04-30T05:52:47Z
UgxPRyLIj9Mch0mok6h4AaABAg,@rayianpennycooke8391,Bar after bar after barrrrrr just flyin over yall  bold heads somebody google Karl Malone and pedi 🤔 an dem look up who passed him the damn ball lol,0,0,2024-05-17T13:30:14Z,2024-05-17T13:30:14Z
UgyQGRYFjbjz1x6xcJh4AaABAg,@englishlit0171,This isn't about bars or whatever this is about our culture & it's worring you lot can't see it mad!!!,0,0,2024-05-14T09:58:31Z,2024-05-14T09:58:31Z
UgzEidPnM5K71eLQckh4AaABAg,@bishophouston8181,"Thats your opinion.. we think some of those bars are hard.. because u don't, don't mean they not, they just going over your head.. u think u this bar master but your opinion is just that.. I use to like yall back in the day but I can see how yall just say shit for clicks.. im gone.. no more clicks from me",2,0,2024-06-02T17:28:19Z,2024-06-02T17:28:38Z
Ugy9cNIhg3CbrM3-gdN4AaABAg,@boswindle9050,Well it's the #1 song in the world. So he don't know shit,2,0,2024-06-01T22:38:45Z,2024-06-01T22:38:45Z
UgwJFnoLp51rxRvnWsd4AaABAg,@chriswatson5772,I appreciate these guys honesty,1,0,2024-07-29T22:10:50Z,2024-07-29T22:10:50Z
Ugw6aI-iGTR9j3QjWxZ4AaABAg,@marlonkeesee8238,Two grandpas,1,0,2024-11-27T01:16:50Z,2024-11-27T01:16:50Z
UgxV4jPETz_yuFDPn5V4AaABAg,@mvilla235,These guys stopped developing after 5th grade.,0,0,2024-06-28T19:36:51Z,2024-06-28T19:36:51Z
UgzrmJSomKJ2VNTOiHp4AaABAg,@2faceTom31,I’m sorry but yall tryna make it like push up was a better bar for bar better than not like us is ridiculous. This is one yall of yall worse series of reaction no lie fam. And I look to yall for the top tier lyric break downs,2,0,2024-06-10T00:02:55Z,2024-06-10T11:30:02Z
UgxamIDbtsiCVycze2l4AaABAg,@trevorhoudek7577,Kendrick not only tanked drake's career but y'alls as well. You're not coming back from this. Best of luck.,1,0,2024-06-05T08:35:13Z,2024-06-05T08:35:13Z
UgxTbtoaG1Q2lWQ-93B4AaABAg,@classic1557,Lol. Comments show how miserable ppl are,1,0,2026-07-10T02:34:47Z,2026-07-10T02:34:47Z
UgyizH3OQDuW5scLj6R4AaABAg,@stefanostubbsten,So Kendrick has to say it for y'all because you're not smart enough to interpret okay good to know,2,0,2025-01-11T16:11:02Z,2025-01-11T16:11:02Z
UgyabYb3Jj1lS369wmh4AaABAg,@questionable-ethics,"Literally almost every bar on this is a double entendre or a punch line.. I just don’t get it 😂😂

He literally said I’m gonna pass on the body I’m John Stockton.. the whole song is about drake and OVO being pedos.. and you think he didn’t mean the Molone reference?? 😂",0,0,2024-05-18T11:56:13Z,2024-05-18T11:58:23Z
Ugy2Z39DxwAT48QvtXN4AaABAg,@YNWA101,Cmon get on to review stop trying to play it off😂,0,0,2024-07-06T23:58:05Z,2024-07-06T23:58:05Z
UgzQX5nm0Icg_5EBAHt4AaABAg,@matthew33333,Respectfully these dudes are just wrong this time unfortunately.,1,0,2024-07-26T03:19:36Z,2024-07-26T03:19:36Z
Ugy8_sBFNH1wMoz_Vsh4AaABAg,@biancasowesscoast6465,"“He can’t hide what God created him to be…..” -Doubt  
Crazy… Yall are okay at hiding it.. but not really kuz some stuff you do naturally that you can’t hide, like smooth skin, hiding your smile, touching your face.. Ouuwee 😂😂 but I feel like if it was caught IF it’s not out and you’re still in that pantry scared in 2025, it would be like, very dangerous for the witness/observer…. 😅😅😅 Kenny is GLAD yall think Drake won… we all are tbh smfh!  😅😅 wessssssss",0,0,2025-09-05T09:07:28Z,2025-09-05T09:09:56Z
Ugw9TDeTW0Qc-J76TcZ4AaABAg,@Daygostylz,"Y’all kinda embarrassed yourselves with this one 🤦🏽‍♂️ I’ve seen y’all break down bars before. So I can’t give you the benefit of the doubt that you just didn’t understand them. It seems like you came in just hella biased, but are pretending to be unbiased. Bad look y’all.",1,0,2024-06-30T17:33:26Z,2024-06-30T17:33:26Z
UgwXOeVezhncB7n11Yl4AaABAg,@fredrickanellon9633,"Why are y’all explaining yourselves in regards to Kendrick Lamar? Not everybody like him, I don’t. As a matter of fact, it’s a lot of people that don’t like Kendrick Lamar. It’s no biggie.",0,0,2024-07-26T00:33:37Z,2024-07-26T00:33:37Z
UgwKqVuiENuHCeHnsU54AaABAg,@desmondkaczynski8190,Bar drought? U guys are deadass slow,2,0,2025-03-28T04:37:26Z,2025-03-28T04:37:26Z
UgzLq66AbT2a_JXhu6x4AaABAg,@benson5750,I still rock w y’all man idgaf🤣🤣,1,0,2024-06-03T05:25:47Z,2024-06-03T05:25:47Z
Ugy55HkEQmN4nMhkF5J4AaABAg,@ssicari,you know theres more to bars than a double meaning 😂 cmon now,0,0,2024-05-21T11:53:12Z,2024-05-21T11:53:12Z
Ugw4mHj-7EOMQe35pvZ4AaABAg,@leratonkobo7789,The Meet the Graham review/reaction made me unsubscribe. Just came to check this out and im still unsubscribed,2,0,2024-08-13T09:44:34Z,2024-08-13T09:44:34Z
Ugy8eQZvEa9RTUkyHGF4AaABAg,@firstlighttruther,I lost all of my respect for you guys,2,0,2024-07-11T20:53:33Z,2024-07-11T20:53:33Z
UgwRilj_RYeq_a462uB4AaABAg,@michaeljordanvlogs9965,These guys are so blind lmao. Kendrick said what he really wanted in all his other disses. This song was made so people have something to listen to for years and his diss doesn't get forgotten like so many others,0,0,2024-08-12T17:40:01Z,2024-08-12T17:40:01Z
UgzM_jLVdqX14UfhU8l4AaABAg,@johnwick8516,Kdot mega fans can’t handle others opinions ! Nothing hip-hop about them !,0,0,2024-05-21T07:55:26Z,2024-05-21T07:55:26Z
UgxcJM4c-ygLmvZP9dF4AaABAg,@Yaseen47,"14:47 Yep I've heard enough. LOL. Lost me with ""i thought Euphoria was okay"".....lmfao baaaaahahahaha ok good night.",2,1,2024-05-24T09:41:39Z,2024-05-24T09:42:43Z
UgxcEql9kaa6uf7twb54AaABAg,@Quicknick777,Agree that it's mostly filler and a few punches. KD really don't know how to battle rap. Glad y'all recognized the difference,3,2,2024-05-14T16:13:41Z,2024-05-14T16:13:41Z
UgwyZfOHoPjAKeAAL254AaABAg,@ShawnBaker-d3h,Dude they calling for doubles and stuff like Kendrick hasn't been dropping that the entire time. Also talking down to your audience like we aren't intelligent isn't a good look. Just saying. Hell you all probably got Drake winning this. 😂😂😂😂😂😂😂,0,1,2024-05-15T11:53:56Z,2024-05-15T12:01:40Z
UgyCapURc08kfvDIKi14AaABAg,@soulmobmedia2471,I've lost respect for you two after this battle,2,0,2024-07-09T19:01:37Z,2024-07-09T19:01:37Z
UgyiMtMTBCqea-c8zaF4AaABAg,@MrDrooty,"Ya’ll two seem to just like a club banger type of song, regardless if it’s a diss track or not….which is sad.  You don’t have to tell us to go back to your old reviews on whatever non club type song for anything because something changed with your reviews lately.  I used to respect ya’ll 2 and loved your videos for a while but nowadays, you’re both at the bottom of the pile of reactors for me at least because I don’t see a ton of unbiased reactions lately.",0,0,2024-05-17T20:01:24Z,2024-05-17T20:01:24Z
Ugxvlbo7-wV4F2NWWXl4AaABAg,@jarshall2,Toronto knows Kendrick is quality,0,0,2024-05-16T04:30:52Z,2024-05-16T04:30:52Z
Ugzcq7VbhuIODnalZZR4AaABAg,@shrek9703,Yall were right about mgk putting out the better diss but on this one yall are just being controversial for the sake of it.,0,0,2024-08-10T15:48:53Z,2024-08-10T15:48:53Z
Ugznwm_MuOtCOxJ2aJJ4AaABAg,@jobe1888,Lol for the first time I think our interpretation of what bars are is different. I think you're looking for punchlines mostly. Kendrick is a writer and his themes and metaphors are totally lost on you. Your lens is definitely limited. Disappointing.,1,0,2025-01-09T10:40:30Z,2025-01-09T10:40:30Z
UgyGvfH2jZrZGi8H9Ox4AaABAg,@jonnysendit,Ya'll lost me,0,0,2024-05-14T13:15:27Z,2024-05-14T13:15:27Z
Ugzs2nB2DI-gLMGGtJ14AaABAg,@Alisha1686,A MINOOOOOOOOOOOORRRR was the heavy hitting bar they'd been waiting for?!😂😂😂😂. Okay 😕. Wow 😂,1,0,2024-10-13T14:05:59Z,2024-10-13T14:05:59Z
UgyY-VdzP5WozFtDRYF4AaABAg,@KeloCee93,Y’all lame as hell for the Kendrick reviews 😂. Crazy how yall been cool till this beef happened 😂,2,0,2024-12-21T09:09:21Z,2024-12-21T09:09:21Z
UgzNuFo9NMUOwUe3bGl4AaABAg,@chazbrown5800,Yall like Kendrick but LOVE Drake. Meet the Grahams is Either on a different level.,0,0,2024-05-14T08:53:52Z,2024-05-14T08:53:52Z
UgxNCc45NiArBFzGpQB4AaABAg,@benmoreton4979,"You guys missed so hard on these reactions man, its a shame. One of the first decent reactors to show uk love with the avelino reactions ect now yous just let bars fly over your head. Bias as they come",2,0,2025-03-26T17:24:03Z,2025-03-26T17:24:03Z
UgzYTJJvxCcpTLeCkMd4AaABAg,@dotdot2903,"So many kendrick stans is crazy bruh 😂 mfs be bias as hell drake won kendrick with his alien shit voice lost 😂😂😂😂
Kendrick be moaning on that like that record and this bots be like why you didnt dissect the bars where he says
Aaaah aaaah aaaaa aahhh😂😂😂😂",0,0,2024-06-20T17:19:37Z,2024-06-20T17:19:37Z
Ugww00RWRCnHktMPuhJ4AaABAg,@keithkirby7376,Nah. Meet the grahams was the best diss in this saga. Hip hop is about people listening to what you are saying. Not who comes up with the most clever entendres.(which was still kendrick lmao),0,0,2024-08-09T02:00:05Z,2024-08-09T02:00:46Z
Ugzwvot7bJuqTYelq2N4AaABAg,@qwncowboysports4189,He doesn't have to rap that whole thing about Malone because he already brought it into our minds who he thinks Drake is. Why repeat it again. Rolling 🙄,0,0,2024-07-13T13:58:16Z,2024-07-13T13:58:16Z
UgzJ_Ro1UcwGLFmuA1p4AaABAg,@AmericanNegro81,Do they have any idea how GOOFY THEY LOOK? 😂,0,0,2024-05-15T23:24:41Z,2024-05-15T23:24:41Z
UgxjR_iM_IkmGgExWGF4AaABAg,@Masm22,Y’all on Drake’s……,0,0,2024-05-18T01:54:20Z,2024-05-18T01:54:20Z
UgwvOLMomi6EOLSWTet4AaABAg,@aerobertson,Theses dudes don’t know music how is any thing Drake says in the beginning of the song is bars? All he doing is rhyming. These guys are comical.,1,0,2024-05-16T08:09:10Z,2024-05-16T08:09:10Z
UgwT_MNeXTwtIVobzo14AaABAg,@AmericanNegro81,This battle DEFINITELY exposed who the INDUSTRY PLANTS ARE...can't trust these guys opinions ANYMORE,0,0,2024-05-15T23:10:41Z,2024-05-15T23:10:41Z
UgyTDz87OnTSOejswOh4AaABAg,@freedomsmith8991,Sad.  So much respect lost.  Your videos will not age well.  It’s like you handling Drake with kids glove!!  Crazy!!!!  Like some type of light skin/dark skin stuff.,1,0,2024-11-02T20:55:56Z,2024-11-02T20:55:56Z
UgyOURyD0Hp37z90FiZ4AaABAg,@alekey9495,The bald one is terrible,2,0,2024-07-20T11:18:18Z,2024-07-20T11:18:18Z
UgzV_tPl9mYcdaQWbM14AaABAg,@joelanderson5615,Malone got a 13 yr old pregnant,0,0,2024-05-21T12:18:52Z,2024-05-21T12:18:52Z
Ugwo3tGb4WxRQKvfOul4AaABAg,@thedeceasedband,It's not hard lol. It's just dad joke after dad joke,1,0,2024-05-22T15:52:40Z,2024-05-22T15:52:40Z
UgwnidvufabZkI9Wtb54AaABAg,@tyreacts2396,You can tell these dudes love Drake. It’s hurting their soul to bop to a song that that destroyed their favorite artist 😅.,0,0,2026-01-05T00:35:18Z,2026-01-05T00:35:18Z
UgzyRJ3oxu81EKaps994AaABAg,@unspokenrespect,I'm glad these kendrick stans are mad enough to unsub. Goodbye to the trash,1,0,2024-05-23T21:51:48Z,2024-05-23T21:51:48Z
Ugz3R1hHMdBUCWzetHp4AaABAg,@utopiandream69dm,Are you really trying to school Kendrick on how to rap?😂,1,0,2026-02-03T07:20:45Z,2026-02-03T07:20:45Z
Ugw-qyuUwx6_oaMzL7B4AaABAg,@Nmah-l6m,Nah you lot reviewing this like children that need every bar explained.,0,0,2024-06-26T08:00:09Z,2024-06-26T08:00:09Z
UgxZmxDOmV_Q_Z1VHK14AaABAg,@laquanthedon1,Ain't no way yall talking about saying nothing in between hits and then praising ramily matters😂😂😂 i can't lie yall had me out here struggling to stay a ran of yall 😂😂,0,0,2024-05-16T00:06:39Z,2024-05-16T00:07:23Z
Ugw8d7wYrQZ1m0Od8314AaABAg,@Ccmar-r77,"I don’t think you get kdot genius rap scale, 5%er .",0,0,2024-08-03T19:32:27Z,2024-08-03T19:32:27Z
Ugw0Y5T64yoNIc-6MtJ4AaABAg,@mudkipmateo,"Drake literally called himself cert lover boy
PDFile is a boy lover 
Play on words on his brand 
Seriously didnt see that
I give both sides their flowers, most reactors reacted well to both
Yall max compromised",0,0,2025-01-12T02:01:25Z,2025-01-12T02:01:25Z
UgwK0lxGdMDPaZMtazl4AaABAg,@kevindavis3977,Y'all corny AF. I'll skip this channel moving forward.,5,0,2024-09-16T20:49:35Z,2024-09-16T20:49:35Z
UgwDaDDs9Co14RzjD4V4AaABAg,@TheGr8kingdarius,If u go by their reaction the best disses in history don’t have “bars”. No Vaseline is just all personal bars. Nothing really witty about it. Same with hit ‘em up,0,0,2024-05-29T07:15:11Z,2024-05-29T07:15:11Z
Ugzh8lMwCt-mC-qwNcR4AaABAg,@theelooneygangrsa9057,Nah drake paid y’all,1,0,2024-07-03T10:43:40Z,2024-07-03T10:43:40Z
Ugz1uXgeE1l25egSOet4AaABAg,@PurpleReign28,"2 years later, it's clear Drake was never out-rapped in this beef. Simple as that. Drake is clearly the better MC.",6,0,2026-04-02T23:39:50Z,2026-04-02T23:39:50Z
UgwzUwKtuqpTsL3EUmF4AaABAg,@Kuyick,"Yo Ryan, a diss song has no manual, what Kendrick did on Meet The Grahams, was unprecented maybe for you, but a diss track is a diss track, you want bop all through and thats okay, but thats lazy. 6:16 in LA wasnt a bop so what are we even talking about. You dont like creativity??",0,0,2024-05-17T20:51:57Z,2024-05-17T20:51:57Z
UgzpwgabBzDRm8Bj2sh4AaABAg,@trowlaso,yall fell off so hard jesus christ,3,1,2024-07-02T05:19:33Z,2024-07-02T05:19:33Z
UgzRX9-zxWMuphzU5QZ4AaABAg,@boynatey44,Real disappointed in all your takes on this beef,1,0,2024-07-11T17:34:01Z,2024-07-11T17:34:01Z
UgxdFX2VOA1mM_Qlekh4AaABAg,@wassimbenfatma9901,I think they expected more from Kendrick but they forgot that not everyone will get the bars Kendrick had to aim down as he said,1,0,2024-05-16T13:01:25Z,2024-05-16T13:01:25Z
Ugz8Gql6bO8WcxBYatJ4AaABAg,@ericmccaskilljr208,They said Drake is a better rapper than Kendrick Lamar?? how about Drake’s lawsuits 🤣🤣🤣.,0,0,2025-03-17T01:32:06Z,2025-03-17T01:32:06Z
UgyoOnH16get5LBfoJ14AaABAg,@jazzyjakeen9469,"As someone who used to follow this channel, I'm disappointed. It is no longer unbiased and definitely cannot be about bars. There are bars - double, triple, quadruple entendres - all throughout every single track he's dropped during this, his flows are all sliding, the character assassination on Drake from an identity, personality, desire standpoint, how y'all allow Drake to present himself as something we know he is not because we've seen with our own eyes where he came from/how he came up to now, and how he does not value those who is supposed to love like his parents, child(ren), mentors, friends, himself. 

Anyone who knows anything about lyricism and rap can say without hesitation that Kendrick is a better rapper than Drake. Can Drake flow on a beat, have good production, the backing for visuals and to push his work? Absolutely. Is he an actual part of the culture, does he switch flows and styles to fit in, does he rely heavily on others to write for him and give him a persona and swag? Absolutely. None of Drake's disses were better than Kendrick's. Taylor Made was trash and disrespectful, coming from someone on the west coast - Family Matters was the best of the bunch but still was elementary when it comes to lyrics. Drake a better battle rapper is comical at best. You playing Drake's clip saying they were all hard hitting is a blatant lie, he is just flowing well and not saying anything scathing. A size 7 man's on hits hard? Come on guys. Drake is a plant and makes music for the masses to be lost in average. 

6:16 in LA was probably the lightest of them all from Kendrick, with the most layered meaning for the title alone. There was no universe where Drake was going to out-rap or have better lyrics than an award winning writer. Is there all kinds of video and photographed evidence of Drake acting strange towards young teenage girls? Yes. If you choose to ignore that then say that. To say you care about these types of allegations then say the only hard hitting lines don't include those bars is crazy. There is a lot more of this within these industries than any of you acknowledge, and it is the biggest thing we should be focused on. Between the allegations, Drake as a man, as a father, as a rapper there is a lot more meat to the diss than Drake saying he's short and allegedly hit his woman (less proof of that than of Drake being inappropriate with minors). To say Drake has more bars and less filler than Kendrick is insanity. Y'all are known for loving a beat even if the lyrics are mediocre. Perfect example is Like That (without Kendrick). The beat was amazing, Future's lyrics were a joke outside of the chorus",4,10,2025-01-13T19:16:21Z,2025-01-13T19:16:21Z
UgxNiuERSovt07zDuMJ4AaABAg,@GbuUglycamp,"These dudes are not educated on a lot of things about drake and Kendrick 
Almost like listening to some old guys reaction 
They tried tho",1,0,2024-06-13T08:56:41Z,2024-06-13T08:56:41Z
UgzsoDtdpcdInMLQDHN4AaABAg,@ecausor,Yall missed alot within your reaction. And Kdot ain't got a team of ghost writers helping him lol! Drake lost... again,1,0,2024-06-13T05:43:46Z,2024-06-13T05:43:46Z
UgzXyFojhtJMEQCqmSF4AaABAg,@CrazyGoose321,Man this Channel fell off so crazy,3,0,2025-01-27T07:36:18Z,2025-01-27T07:36:18Z
Ugz0ePQ-lzf53GYEB6l4AaABAg,@emjaysleezy,Worst take on a Kendrick song ever.,3,0,2024-10-09T11:33:15Z,2024-10-09T11:33:15Z
UgyXXS4imjSezwxawNJ4AaABAg,@TB_Bennett,"This is crazy out of all your reactions this is crazy biased in these reactions to the point yous have forced yourselves to genuinely not like or properly break down the good music Kendrick produced. Ive been a fan fir years but this isn't what you guys are known for and i don't even think it was deliberate, you guys subconsciously came in wanting him to disappoint you and held him to standards no one could reach. He won for a reason and please tell me you guys believe drake lost because there is no way that he didn't get washed in the grand scheme of things. Drakes reputation in hip hop numbers aside has been tarnished for ever",1,0,2025-01-24T15:14:41Z,2025-01-24T15:15:30Z
UgwsvOAbIxiFb2RLVsR4AaABAg,@BlessNgwira,you guys dont ever know what you are saying,0,0,2024-07-09T08:10:34Z,2024-07-09T08:10:34Z
Ugz3vp3Ji1NqLMotHj54AaABAg,@nyfbie,"I don't think this is some greatest ever diss track. Some very good bars, a lot of nonsense. But I have to say Drakes song was nothing but trash. At least Kendrick is clever with some of his bars, maybe I haven't heard enough of Drake but what I have heard, his bars always comes off as corny as hell.",1,0,2025-04-01T14:22:19Z,2025-04-01T14:22:19Z
UgyROl39qX6BeOQ5UO14AaABAg,@TimMadrid-vf2dv,you talk like a drake fan,1,0,2024-11-25T11:30:07Z,2024-11-25T11:30:07Z
UgxknHrSbyGipG2RGe54AaABAg,@andresmunoz1096,Real talk how many followers yall lose after this L ass take 😭,2,0,2024-07-07T23:21:57Z,2024-07-07T23:21:57Z
UgygeUFufe4jnZ4xd9h4AaABAg,@blacsheep19,"These two lost soo much respect... This video has aged horribly.. not like us is one of the biggest songs ever

Biasness was your downfall .... We won't forget",3,0,2024-06-26T15:47:39Z,2024-06-26T15:48:23Z
Ugy9e4VAz7WED8tdtTx4AaABAg,@bigbird7448,Backwards i tell ya...,0,0,2024-05-30T14:55:33Z,2024-05-30T14:55:33Z
Ugw2mR_GUt7RAmFlw8B4AaABAg,@hadiyah1127,"trying to save face .. whatever 
YALL NOT LIKE US 👎🏾☹️👎🏾",1,0,2024-05-15T04:06:56Z,2024-05-15T04:06:56Z
UgwZxDfar3BNAfm_VTV4AaABAg,@Eyesonthesky1,"I been watching reactions videos all day to add subscriptions and your reviews were terrible. This is what happens when you’re bias, it doesn’t age well. You guys like rap that pacify you, Kendrick is way over your heads, too lyrical and witty for yall. 300M streams and counting on this song, a summer anthem and this is your review 😂😂🤦🏽‍♀️Not subscribing, terrible reactions on all your reviews for this battle. This was so hard to watch, I gave yall a chance 🤷🏽‍♀️",3,0,2024-06-11T05:06:26Z,2024-06-11T05:27:38Z
UgwmIoDXdlDGnojjLHd4AaABAg,@El_Gordo_Loco,You guys don't have any idea what your talking about 😂😂😂😂😂😂😂,1,0,2024-10-29T02:26:33Z,2024-10-29T02:26:33Z
Ugz69Molu6oQfJqoNWl4AaABAg,@MrEpalmer1,Coming here’s well after the back and forth is over…… in my opinion family matters was the best diss but this was the best song,2,1,2024-08-20T19:52:22Z,2024-08-20T19:52:22Z
UgwnmjuU2FnGpXZr-Y94AaABAg,@williamko2128,"Used to like watching you guys, but after seeing the extremely biased Drake glaze, subpar lyrical analysis, and the amount of bars that flew over your heads, I have unsubscribed and refuse to watch any of your further videos.",2,0,2024-05-16T12:56:23Z,2024-05-16T12:56:23Z
UgzQ2JnNUusoHsRT5y94AaABAg,@camerondan7062,You guys clowns 😂,2,0,2025-06-26T00:41:18Z,2025-06-26T00:41:18Z
Ugze-iFDpk6QOBFiJTF4AaABAg,@reakaydavis7508,You guys are terrible at hearing lyrics seriously 😂,3,0,2025-02-20T17:38:02Z,2025-02-20T17:38:02Z
UgxZc5uOqJ6N8_fhhdZ4AaABAg,@JstPF-93,"People are way to hard on y'all, acting like you cant have a different opinion.  However I do feel like Drake got absolutely smoked beyond belief.  Yall can have an opinion though and ill always respect it because y'all are phenomenal at reactions.",2,0,2024-12-12T12:07:48Z,2024-12-12T12:07:48Z
UgzwSCzBTgq9Wk_a66d4AaABAg,@VdWindt,Watching this after 8 months makes me cringe even more looking at what is happening to drake. What a biased and BS reaction this was,2,1,2025-01-22T12:26:42Z,2025-01-22T12:26:42Z
UgwzOWXw_rJD6DxmlT94AaABAg,@Sims_Online,You guys listened to this track coz you expected it to be trash. You keep on saying but you're unbiased but for a reaction channel you are a disappointment,1,0,2024-06-10T00:48:38Z,2024-06-10T00:48:38Z
UgwXm9R19cg1ERYRoFl4AaABAg,@rodolfomeraz2896,"I been watching y’all for a long time and I like yall but gang, yall waaaaaay off. Everything flew over y’all’s head faster and higher than a SR-71 blackbird.",1,1,2025-02-11T04:14:46Z,2025-02-11T04:14:46Z
UgxGYWdvDHf-9NNKknZ4AaABAg,@MfihleloHarmans,You guys disappointed me you team OVO,0,0,2026-08-26T22:05:12Z,2026-08-26T22:05:12Z
UgxjhMF7Jh8TKwwNvVV4AaABAg,@AmericanNegro81,"Broo, yall THREW ALL CREDIBILITY AWAY😂😂😂😂😂 FOR DRAKE! I hope he paid you WELL. Because yall have NO CREDIBILITY LEFT.",0,0,2024-05-15T23:09:50Z,2024-05-15T23:09:50Z
UgzuTMr73HoCw1rstk54AaABAg,@yashgood4481,used to follow u clowns lowkey hatin on Dot.,0,1,2024-05-14T22:00:55Z,2024-05-14T22:00:55Z
Ugxw_b4454H_CXrQvzh4AaABAg,@sibabalwepaul1984,gladly heating the unsubscribe button,2,0,2024-07-02T22:43:53Z,2024-07-02T22:43:53Z
UgzzuwP6SeJm9Sv0tel4AaABAg,@johnnydrama8709,He saying a lot but i would never listen to this on a regular basis.,0,0,2024-05-31T03:10:01Z,2024-05-31T03:10:01Z
Ugy5-damkXvIP86Wcbx4AaABAg,@petergalindo6867,You guys gave credit to Drake for some just pretty mid bars and then because Kendrick didn't specifically mention Karl Malone all the sudden that John Stockton doesn't hit as hard that seems inconsistent to me just being honest anybody who knows who John Stockton is knows who the bulk of those assists went to,0,0,2024-08-04T21:28:52Z,2024-08-04T21:28:52Z
UgyCPfm3yFkFBOj6Pex4AaABAg,@s.maw.818,Former go to guys for bars,1,0,2024-08-26T16:18:09Z,2024-08-26T16:18:09Z
UgytN9BTq_Y3xSKbegB4AaABAg,@TiffTiff_80,Yall to old to be liking a FAN😂😂😂😂,0,0,2024-08-15T02:43:40Z,2024-08-15T02:43:40Z
UgwZgan1AXRuSXaZ_BR4AaABAg,@TiffTiff_80,Yall to old to be liking a FAN😂😂😂😂,0,0,2024-08-15T02:43:28Z,2024-08-15T02:43:28Z
UgxJtfut-k3Urpzusnt4AaABAg,@VivBrodock,Drake fans really do only be liking music made for the club huh?,0,0,2024-08-02T18:13:45Z,2024-08-02T18:13:56Z
UgxdfR8nwTTwkzhb4g54AaABAg,@MetalRufo,"Well, clearly not ""unbiased"" like you say you are... I'm not a rap guy, I was following you because I liked how you were discovering rock and metal: objectively, even if you didn't like it, but sadly here you show your true colors... what a disappointment.",2,0,2025-11-24T13:23:52Z,2025-11-24T13:23:52Z
UgyMPFYm-J2efUB7nCF4AaABAg,@redvisioned,"Its literally on your side tho y'all look at it in a negative way i can see it on your fake smiling faces, y'all want club bangers not used to goofy beats where he is trying to say he doesn't give a shit, you guys want catchy lyrics meanwhile there is literally a whole hidden wordplay behind it.",0,0,2024-08-07T20:59:25Z,2024-08-07T20:59:25Z
Ugyl1l9jexBxQcZUzD54AaABAg,@HaLo-,"Dang man, just watched the drake beef with pusha t reactions and yall talked all that good shit and showed up here thinking yall where gonna be a good reaction for this.

Never been more dissapointed 😭🙏",1,0,2024-08-26T08:59:04Z,2024-08-26T08:59:04Z
UgwmdAFQsZo11U9W6xx4AaABAg,@makubeofficial,"George said throughout this entire beef there's been a ""lack of bars"" from Kendrick...whaaat? You've got to be kidding me?? If you’re unable to dissect Kendrick's bars just say so in the most honest way possible, you’ll get more respect for that than saying he ain't been spitting hard enough smh...

Yeah, it's time to hit the Unsubscribe button on Lost In Vegas. Its been real, take care fellas. Love✌🏽",3,0,2024-09-13T07:32:50Z,2024-09-13T07:38:07Z
UgykH47Zyjj-4sd9aRd4AaABAg,@garysmith3991,Drake will never be looked in the same way ever again this video was lame,1,0,2024-08-12T21:47:37Z,2024-08-12T21:47:37Z
Ugz8DO4HAsH79bQR24J4AaABAg,@AmericanNegro81,Yall opinion dont mean NOTHING. They making FUN of West Coast dudes.,0,0,2024-05-15T23:17:09Z,2024-05-15T23:17:09Z
Ugx0cpW_8tyNpVjQgHZ4AaABAg,@soul-o8012,Just funny how all these comments are from when this video released.  Go watch family matters and people are STILL commenting. Thats whats important,1,0,2026-01-12T19:43:37Z,2026-01-12T19:43:37Z
UgxB9HP_3qvCIIXmuxh4AaABAg,@tegmusicofficial,"hip hop community want kendrick to win buh thats not hip hop bar for bar the guy died ,drake is bringing bars after bars thats what battle rap is about, now with kendrick on the last diss he made  a catchy song with catchy rhymes",2,2,2024-06-11T00:39:46Z,2024-06-11T00:39:46Z
UgwKd_v8so7L0jfDChZ4AaABAg,@elitelokkz,After playing all the reactions….too much glazing. Yall rapping them basic ssa Drake bars like they really hit. Ya’ll ain’t fool nobody.,1,0,2026-03-15T05:44:34Z,2026-03-15T05:44:34Z
UgwoD2R-gLtKkzJwYFd4AaABAg,@YungEch,Meet the grahams is better,0,0,2024-05-25T04:04:31Z,2024-05-25T04:04:31Z
UgwPc-mCJGNfqHONcMN4AaABAg,@jaywalk65,I agree with kendrick having arguably more filler than drake,0,0,2024-05-17T21:13:04Z,2024-05-17T21:13:04Z
UgzjhV6K8Yny7pDNXSR4AaABAg,@VABoyAllDay6,"These videos aged terribly lol, I had to come back to watch the delusion lol.",1,0,2024-07-28T01:10:58Z,2024-07-28T01:10:58Z
UgxoRRfUlnG8iFLzU4J4AaABAg,@kanekisosa7186,Meh,0,0,2024-05-24T17:50:15Z,2024-05-24T17:50:15Z
UgwAgw0cS7nqsWcCQYR4AaABAg,@thebeatmajors_yt,Imagine giving the WORST SONG of the diss (heart part 6) an hour long reaction but this only gets 30 minutes. Fake af,1,0,2024-06-12T20:43:34Z,2024-06-12T20:43:34Z
Ugxy96oEaEB69gBlTyB4AaABAg,@RobinHood-wjs,"🙄drought bars,they just went  over your head😂",0,0,2024-07-20T19:11:54Z,2024-07-20T19:11:54Z
UgzuTIsUfkzgN9j4hcl4AaABAg,@mrstatum6047,Y’all wanna dance.  Moving different from meet the grahams. 👎🏽 kdot the goat,1,0,2024-07-10T03:25:12Z,2024-07-10T03:25:12Z
Ugy9TqnhBEEPkPYq4vh4AaABAg,@Phil_mckraken9287,We dont think you hate k dot... we think you are biased when you claim not to be lol,4,0,2025-05-09T03:38:40Z,2025-05-09T03:38:40Z
UgxZE7F8R-R4myV04C14AaABAg,@JackSRobe,i subscribed and unsubscribed to these dudes in the same night lol,0,0,2024-08-03T07:21:04Z,2024-08-03T07:21:04Z
UgzmUEn5YOuya-RJg2t4AaABAg,@Charles-sx9cc,The lean line went over yall head u acknowledged Shawn Michael but brush pass it .drake is a better battle rapper than kendrick yall must be on some serious drugs . There is no  level of rap can drake see Kung fu Kenny,1,0,2024-06-28T23:21:11Z,2024-06-28T23:21:11Z
UgyHbLFRt9IdFvv3zrh4AaABAg,@apadgitt1799,A special note- You all are my only reviewers. I saw the war. I heard the songs. And I wanted to see honest response about a song. Good or bad. Thank you for reviewing songs😊,2,0,2024-08-28T08:23:06Z,2024-08-28T08:23:06Z
UgwhfU2ItXa9YGdeHAZ4AaABAg,@angel-fj5sb,You guys couldn’t even hide your biased opinions lmao 🗑️,3,0,2024-06-13T03:14:25Z,2024-06-13T03:14:25Z
UgwgTv1ENMyh00VjftR4AaABAg,@profitg15,I use to like u guys…. Smh,0,0,2024-08-10T17:57:29Z,2024-08-10T17:57:29Z
Ugw-bpCM6-piansiNYJ4AaABAg,@thahighestcaliber,This a disgusting review. The whole situation grotesque,2,0,2024-11-18T23:11:24Z,2024-11-18T23:11:24Z
UgyQEWAliFnvkPr1vFh4AaABAg,@miguelfagan7923,Too many bars went over both of your heads. Go research every line to understand,0,0,2024-05-18T21:41:33Z,2024-05-18T21:41:33Z
UgzEve9RFxmyfwnxvRJ4AaABAg,@carlosfernandes6535,"For all the Kendrick Stan’s I’ll tell you a secret… Kendrick is no one outside of the US, no legacy no nothing, no one knows 3 songs from him. Drake is known and appreciated in every corner of the world",0,3,2024-08-12T13:40:50Z,2024-08-12T13:40:50Z
Ugy_GsMJeVFiT1QsT5l4AaABAg,@franghan,Enjoyed your AIC reactions. But this is way to cringy. Bu-bye.,1,0,2024-06-07T20:13:36Z,2024-06-07T20:13:36Z
UgwegRG4pSSXwU4TTPB4AaABAg,@alexrodriguez6152,"Yo, I genuinely enjoyed quite a few of your videos through the years, primarily the lil dicky reactions. But throughout this beef, you guys have been judging from a very biased standpoint. At every turn you guys have been riding Drake. No wonder you guys haven't been trending. I'm disappointed in you two. Do better guys.",1,0,2025-04-07T09:21:14Z,2025-04-07T09:21:14Z
Ugx6ft2rT56R0p6_Nsl4AaABAg,@sxuuxp,disappointing,1,0,2024-05-29T05:03:06Z,2024-05-29T05:03:06Z
Ugyl8VFBcmT5HJLOtex4AaABAg,@olufemidavies2135,"Nah bruh, these guys are done, first and last comment …. 👎🏾👎🏾👎🏾",1,0,2024-06-12T13:02:44Z,2024-06-12T13:02:44Z
Ugx0vGKTGeY8xerLspN4AaABAg,@lorenzojoseph2011,Wow still hating on Kendrick 😢 bad for your channel and play Drake on top it. YOU ARE DRAKE FANS THAT SUPPORT SIMPLE STUFF AND NOT THINKING ABOUT THE MEANING OF KENDRICK VERSES. THEIRS PROOF BEHIND DRAKE ALLEGATIONS 😂😂😂 WEIRD CHANNEL NOW,1,0,2024-06-30T21:09:15Z,2024-06-30T21:09:15Z
Ugx_-HGxPE5U9dyx4Rh4AaABAg,@AmericanNegro81,So these guys totally OVERLOOK Drakes GHOSTEWRITERS. But are supposed to be some lyrical purist? Drake must have gave them A MILLION DOLLARS 😂,0,0,2024-05-15T23:24:10Z,2024-05-15T23:24:10Z
Ugw2n7JhEDQ76gE2lu94AaABAg,@nuhuney,Uhm since u just keep missing bars watch Knox Hill for the references you clearly missed...over & over again.,0,0,2024-06-05T23:21:25Z,2024-06-05T23:21:25Z
UgxEHXOv_0lNZKEkwad4AaABAg,@hollywoodsonny5071,Bro this is the most overrated diss track in history,8,0,2026-05-24T09:01:34Z,2026-05-24T09:01:34Z
UgzCIfqKY0tGuK5tkWR4AaABAg,@YoBarbados,Whole bunch of nerd tears in the comments section lol it’s dead not that serious,1,0,2026-04-06T16:16:01Z,2026-04-06T16:16:01Z
UgyQEUGESyzoef25wfB4AaABAg,@Charles-sx9cc,Yall slow n a litter older alot went over yall head,1,0,2024-06-28T23:22:23Z,2024-06-28T23:22:23Z
UgwOC_Xg-1d-3dRd6I14AaABAg,@ooogotchaa,These takes did not age well,4,0,2024-09-15T17:13:12Z,2024-09-15T17:13:12Z
UgxiP25ugbysze6Luox4AaABAg,@erintongabriel4819,bros I been a fan till this. y'all clearly dont have an appreciation fa real musicianship. y'all want hits. a month from now y'all will review the songs and actually learn what consciousness looks like. which is exactly why drake lost...,0,0,2024-05-16T02:09:12Z,2024-05-16T02:09:12Z
UgytRlhX3ku6k4YsLU14AaABAg,@Spicytamale02,Y’all are so mean in the comments lol. Y’all keep expecting these old heads to understand a young n*gga’s bars lol. They did their best!! Give them credit for that,0,3,2025-02-22T05:40:48Z,2025-02-22T05:40:48Z
UgyWjZpJWv_eJYBol654AaABAg,@madelinegreen8932,I totally agree with all of your opinions on this beef.  Dot fans are seriously glazing and it is largely coming off as Drake hatred. And I am a Dot fan.,1,0,2024-05-23T14:12:19Z,2024-05-23T14:12:19Z
UgyeAZKbgFX9srYKjWZ4AaABAg,@JustaGirlAtlanta,Sorry…. Kendrick… does not have to say Carl Malone…. With John Stockton  his fans are always looking for what he means…. Drake is the just rap and easy to figure out bc it’s simple… Kdot has got bigger intellectual lyrics he never wants to rap like Drake… too simplistic… Kdot is different,0,0,2025-09-30T21:31:05Z,2025-09-30T21:31:05Z
Ugx9Vr2LEbV-wACx-U94AaABAg,@luthermarks8110,U just lost a subscriber,1,0,2024-07-11T07:51:56Z,2024-07-11T07:51:56Z
UgzYZevgHo1TaJIr58J4AaABAg,@SportsAccording2U-uw9pl,So Drake battles real MCs and Kendrick only battles pop stars with pink finger nails,0,1,2025-01-02T13:41:37Z,2025-01-02T13:41:37Z
UgwWUTRihJUR6Qx5Ny54AaABAg,@williamgarner-j2t,Hate is real,0,0,2024-05-21T01:04:43Z,2024-05-21T01:04:43Z
UgzNF6cAet25G5psJ9l4AaABAg,@yolondascott562,You don’t & you are bias.,0,0,2025-04-07T06:13:50Z,2025-04-07T06:13:50Z
UgxOtFVrQgRLDGQITvV4AaABAg,@yolondascott562,They are too old to just want to hear a bop. They should want to hear rap with substance.,0,0,2025-04-07T06:12:18Z,2025-04-07T06:12:18Z
UgxlK9pNASFb3RNQEHZ4AaABAg,@tjtampa214,"What a miscarriage of justice - your channel reacts to music & you missed putting this one on for your first listen?? Major ""L"". Very disappointing.  Why?",2,0,2025-06-07T20:31:15Z,2025-06-07T20:31:15Z
UgyUyz0Il8InSZhiYaN4AaABAg,@shaneparncutt741,"Mad how many people seen you fall off because you not genuine or  you just slow , rip.",1,0,2024-06-08T11:35:08Z,2024-06-08T11:35:08Z
Ugwkh-RauOR6W20y2Yx4AaABAg,@GodDamnFireStick,"Yeah it's been a good ride, but ya'll kinda missed on everything in this beef and I don't trust that you guys can really interpret and understand music. Some fuckin wild misses here lads, truly baffling",0,0,2024-08-06T08:38:54Z,2024-08-06T08:38:54Z
Ugwhpqz9R09YCAIyatl4AaABAg,@danieljensen4590,This the first time in probably a year I watched this channel and immediately realized why I stopped watching. I personally hate Kendrick’s music just something about his voice can’t stand but this review of his song is crazy. I don’t know if they’re delusional or maybe if drake took advice from the chiefs and paid them off but both got stomped at the Super Bowl. Kendrick’s lyrics and ability is top notch and to act like he just used filler especially in this song is ignorant or paid for.,0,0,2025-02-11T05:47:38Z,2025-02-11T05:47:38Z
UgwZkfAjOOvs9RbIT0t4AaABAg,@d3adpresidents,These are the same guys who said  Rap Devil is better than Killshot lmao clowns,0,0,2024-05-15T11:30:42Z,2024-05-15T11:30:42Z
UgztvWHm4vmu9-ln6kV4AaABAg,@Tonysuglio,You just aren’t good at dissecting bars if you missed,0,0,2024-05-14T12:19:51Z,2024-05-14T12:19:51Z
UgyFVPLJ40mVGOP4-9l4AaABAg,@zeratul78,"Oh these guys are bought out by Drake

That sucks, been a fan for some time

They were bopping for the whole song and they say he didn't have lines until A Minor?",0,0,2024-05-17T12:35:48Z,2024-05-17T12:38:13Z
Ugyl4_KrUr1aPyaIOW94AaABAg,@ZendayaG,Can I add more dislikes? 😂 they on 22k dislikes vs 15k likes 💀,1,0,2024-05-31T19:37:05Z,2024-05-31T19:37:05Z
UgwK7CZLHuXYNCo8OmJ4AaABAg,@Jillsingle-g5r,I don't like these guys at all,2,0,2025-08-05T07:44:19Z,2025-08-05T07:44:19Z
UgzZxeto8QB9VHDWWvB4AaABAg,@Cliff-Bliss97,Psss guys come on!!! Lamar? He ain't for y'all and its understandable but stop sleepin on the guy bro!!!,0,0,2024-05-26T10:46:02Z,2024-05-26T10:46:02Z
UgxLgzR1uMSmrttOrbx4AaABAg,@vernealeaton8830,"You talking about double entrandes, he gave quadruple + entrandes previously😪 Y'all whack and by tbe way I'm not a youngin, I'm 50+.",0,0,2024-05-16T01:07:50Z,2024-05-16T01:07:50Z
UgySmDj6vimEhY0C6254AaABAg,@svavars.kjartansson1012,"You lost alot of listeners with this reaction, cause either you are that slow, or you made a  ""reaction video"" without really reacting to anything, but rather  fronting for something.",0,0,2024-05-14T23:38:37Z,2024-05-14T23:38:37Z
UgxJhd_r_4KNBrthk8V4AaABAg,@Him_Downstairs36,ppl keep bringing up that Wayne chick. Wayne literally laughed about it,1,1,2024-12-04T22:10:49Z,2024-12-04T22:10:49Z
Ugxgu3Y2y5ih-ev427J4AaABAg,@desmondkaczynski8190,U guys need to reevaluate your Brains deadass,3,0,2025-03-28T04:31:03Z,2025-03-28T04:31:03Z
UgyzGpg-me2wa19uZ6R4AaABAg,@jsiick,Yall saying that these dudes are hating but they are giving credit to Kendrick lol if they were hating on Kendrick they wouldn’t be giving the slightest praise to him. I bet yall click off the video and make a comment as soon as they make the smallest criticism about your boy.,3,0,2024-05-15T21:46:49Z,2024-05-15T21:47:26Z
Ugx9eZFU9aH7kfCtNUl4AaABAg,@markcamron12,I see Kendrick Stans and Eminem Stans are the same lol,2,0,2024-06-06T17:40:44Z,2024-06-06T17:40:44Z
UgwJSnabK3RCXXG6LGx4AaABAg,@NanoAndro,Thank for the review. Great as always guys.,1,0,2024-06-03T11:53:53Z,2024-06-03T11:53:53Z
UgwzCV_NAX5vc4TJWpd4AaABAg,@jrrizz0563,Yall fell tf off lol,3,0,2026-07-18T22:44:27Z,2026-07-18T22:44:27Z
UgxnQyLryjSgByJaFoN4AaABAg,@baltimore465,Easily the most overrated song in this. Drake KILLED bro in Family Matters.,5,0,2026-03-22T04:59:12Z,2026-03-22T04:59:12Z
UgyuAjfzwtZncKNl8Od4AaABAg,@Stevem9521,Y’all missing some shit in all these songs if you were waiting for doubles from kendrick😂,0,3,2024-05-14T18:13:34Z,2024-05-14T18:13:34Z
UgyTvIHpwgSMVlbfR414AaABAg,@TheInfamoushalo,Y'all spitting facts! It's 1 bar a minute while FM was spitting auto. Even 7MD had extensions.,0,0,2024-05-14T16:33:31Z,2024-05-14T16:33:31Z
UgwoIbpDm3d9dM9YvLp4AaABAg,@yolondascott562,Y’all are corny as hell. I don’t see how y’all got the views that you all have.,2,0,2025-04-07T05:59:54Z,2025-04-07T05:59:54Z
UgylQo4xZbv6CnI0tTp4AaABAg,@raqs01,Drake is 🗑️,1,0,2024-05-24T03:56:49Z,2024-05-24T03:56:59Z
UgzZc5x0p_N2kPFjhVV4AaABAg,@ledsabbath1086,Ffs.... React to R. kelly... Wtf?,0,0,2024-09-25T09:40:45Z,2024-09-25T09:40:45Z
UgzhQ0d6q72lqNsKgg14AaABAg,@latidagrace8467,SMH I love y'all but so much went over y'all heads y'all didn't touch base on 🤦🏾‍♀️,0,0,2024-05-21T16:14:12Z,2024-05-21T16:14:12Z
UgwME1yJ2tosBtUJVGx4AaABAg,@tegmusicofficial,"these guys say hip hop as it is ,ken on this song he jus made a catchy song ,no bars the song is jus nice",1,0,2024-06-11T00:16:33Z,2024-06-11T00:16:33Z
UgzExqs4dvNZDqGUPCp4AaABAg,@fixietang92,yall slow.,0,0,2024-05-31T17:17:59Z,2024-05-31T17:17:59Z
UgxQROxgTa9MxZfs-054AaABAg,@SwearsItsFair,Kendrick fans crying in the comments section of every reactor who feels Drake more🤣🤣,2,0,2024-05-20T13:10:48Z,2024-05-20T13:10:48Z
UgzItEq6JWJIrgX7Lix4AaABAg,@zoluhwa3508,Man these two critic kendrick on a strickter standard but gave drake a lot of participation point for his weak bars ....smh,0,0,2024-08-18T03:07:39Z,2024-08-18T03:07:39Z
UgxjFBj4EiApz3__dBR4AaABAg,@Twan2643,"Ya'll sound crazy y'all missed so many entendres, I'm not sure ya'll know what they mean. How did ya'll miss the one about John Stockton? Ya'll listening with a Bias ear,  or just plain hating! Furthermore how y'all giving credit to someone who not even coming up with the bars on their own? Being so meticulous about K Dot and at the same time praising someone who ain't even writing they own sh**!! GTFOH",0,0,2024-05-14T16:01:58Z,2024-05-14T16:01:58Z
UgxfWYhUzaQFptJaOwp4AaABAg,@mamiemagdeline,You all are clueless. Leave hip hop (true hip hop not some pop dude) alone.,0,0,2024-05-21T16:24:51Z,2024-05-21T16:24:51Z
UgzTsweSiowoYDB6bip4AaABAg,@heathenvegan,"The A minor bar is really just okay. The instrumentals are great, the flow is so cool, but there just isn't a ton of wordplay.",1,0,2024-07-15T21:08:09Z,2024-07-15T21:08:09Z
Ugx1KipGEgcyEhkZGEZ4AaABAg,@nestor2224,Y’all really fell off,0,0,2024-07-24T02:03:35Z,2024-07-24T02:03:35Z
UgzooFjJIhtRvhQDv3x4AaABAg,@christophercriebaldi8451,"UnSubscribed today, respected them but clearly paid reactions, Drake is clearly a modern  day canadian house ninja",1,0,2024-05-31T00:58:02Z,2024-05-31T00:58:28Z
Ugy8CuwAQn82dtPpIxl4AaABAg,@Jadaki,"I can see why you guys like Drake's basic ass bars, when Kendrick writes a metaphor or anything that requires more than the most basic of thought to make the connection you guys get mad he didn't say it implicitly.  The art of subtle and clever writing is lost on you two.  Also hilarious when you got mad for a line line Certified Loverboy, Certified Pedophile, because when he does go simple you criticize that too.  You both need a field trip outside and see what happens when that line comes on the club.",0,0,2024-05-16T01:13:27Z,2024-05-16T01:13:27Z
Ugz1zwsn_7RnkmkVIbp4AaABAg,@Ridetious,"Huh... No bars.. they from forest Hill, Canada 😂",0,0,2024-05-30T12:46:29Z,2024-05-30T12:46:29Z
UgxMWgqvbWY5_5hx3ZZ4AaABAg,@DuBR69,"Drake, with the exception of a couple songs. Drakes one of those artists you realize was good due to mind control technologies. You wake up one day realizing he was never that good and he’s another social media engineered fake artist. He’s a Kool-aid artist",0,0,2024-06-04T17:22:16Z,2024-06-04T17:22:16Z
UgzbY_M2cdV3Nl41Vzh4AaABAg,@AmericanNegro81,These dudes really think their some authority on lyrics 💀 😂,0,0,2024-05-15T23:19:44Z,2024-05-15T23:19:44Z
Ugxbxaavrz5t8JZL-NR4AaABAg,@jfutbol1105,Like to unsubscribe,1,0,2024-07-25T00:30:53Z,2024-07-25T00:30:53Z
UgxXQPswI1bCmJ5aP_p4AaABAg,@mikeysavage7575,"Lost in Canada some lames, they don't get the humor and genius of what kdots doing. Claiming k-dot barely feels comfortable 😂😂😂",0,0,2025-01-29T15:27:23Z,2025-01-29T15:27:23Z
UgxPxUeZcfBeftlFAk94AaABAg,@heathers787,"This is lost in Vegas, they are not here for you. They put we all ready know they heard it. This is the channel you come to for some bullshit 😂 Love them but they are old heads! The things y’all consider “bars” they won’t hear 😂",0,0,2024-05-20T23:23:28Z,2024-05-20T23:23:28Z
Ugz_L--AJBDaHpZMOtF4AaABAg,@tacoreaper1282,"The more I see these guys react, the more I think they are the type to just want to “pop ass” to the beat, stay away from the lyrics man lol",0,0,2024-05-15T14:56:33Z,2024-05-15T14:56:33Z
UgwaIdt3fOcPnjGGUUR4AaABAg,@dremoney247420,"He does NOT know how to ""battle rap"" foh Anybody can read a piece of paper and start rapping what their GHOSTWRITERS wrote. Bet y'all loved Wah Gwan Delilah. Aubrey is an Industry Plant and got yall sprung off his Culture Vulture BS",2,0,2025-07-11T16:35:12Z,2025-07-11T16:35:12Z
UgyBF4wZzlNoXUJ52sx4AaABAg,@tdoe911,They could never make me hate this channel.,0,0,2024-06-16T12:10:56Z,2024-06-16T12:10:56Z
UgyT9nH18BDUc7PxPhZ4AaABAg,@jambrozova,Just this one thing: Knox Hill.,1,1,2024-08-29T15:17:18Z,2024-08-29T15:17:18Z
UgxlmTIbu5t1OybvBV54AaABAg,@metaphoriaofficial,This didn’t age well ha jk,0,0,2025-02-20T13:41:53Z,2025-02-20T13:41:53Z
Ugy-Nj0yM2V3F6_tdkh4AaABAg,@nc5485,These guys corny,1,0,2024-05-20T22:57:12Z,2024-05-20T22:57:12Z
UgxbLl95bZmyKSBAdVJ4AaABAg,@manueljulio2227,Kendrick fans are delusional. 😂,0,0,2024-06-19T16:52:19Z,2024-06-19T16:52:19Z
UgxJ__-TG1--1-ypx854AaABAg,@ricardoramirez5634,"These two been extremely disappointing on this whole beef lol same guys that love a guy w pen as deep as JiD praising pop star Drake on the trash ass songs he dropping like he ever had a pen, losing credibility fr",0,0,2024-05-19T01:17:35Z,2024-05-19T01:17:35Z
UgxrKlosMQ1yH6NXM1Z4AaABAg,@solaydbak,Glad yall got shunned for that bad review. Now yall tip toeing and not giving a genuine reaction. Hahaha.,0,0,2024-06-06T06:26:20Z,2024-06-06T06:26:20Z
Ugz_h6KGC4i7C6j7jrl4AaABAg,@alishahorton23,It seems like all of the bars flew over yall heads. Disappointing reaction honestly.,0,0,2024-05-15T23:16:53Z,2024-05-15T23:16:53Z
Ugy7SAPFZjj5LLMdvI14AaABAg,@ric393,You guys lost all respect from your followers lmfaooo,1,0,2024-07-09T06:24:47Z,2024-07-09T06:24:47Z
UgyUCNkw3v3T4W4_O3R4AaABAg,@LALA-c3s4y,You guys suck,1,0,2026-01-24T07:46:42Z,2026-01-24T07:46:42Z
UgwucKt0Ogab1-FIKZl4AaABAg,@angeliniyao5224,"Need to unsub, yall old",1,0,2024-05-31T13:14:20Z,2024-05-31T13:14:20Z
UgyVhIA5dPH_hr0gTtB4AaABAg,@papa_zay.,"yeah as a longtime viewer y'all lost the plot lmao. change that channel bio cause ""unbiased music reviews"" holds 0 weight",0,0,2024-06-01T02:22:31Z,2024-06-01T02:22:31Z
UgzHnG7aywZHFj8qh8B4AaABAg,@Catch-22b,I went into this video with no idea what you guys thought of either Kendrick or Drake. Jeez you two are weak. Missed soooo many entendres and your manic laughing and head nodding is bizarre. Went back and watched earlier videos and WOW! Totally missed the mark so many times. 👎🏾,1,0,2024-06-05T18:04:49Z,2024-06-05T18:04:49Z
UgzbTnOye7wG-9wLC5J4AaABAg,@dani.phantm,yeah these dudes suck,1,0,2024-07-01T04:16:12Z,2024-07-01T04:16:12Z
UgygSjXLykWprwbC4eF4AaABAg,@tunenuel1894,"Vibe Villa is the realest hip hop reviewers.
You guys should retire",0,0,2024-06-09T21:19:07Z,2024-06-09T21:19:07Z
UgwQw8VzvCUC_1_o1Mh4AaABAg,@Quwie-86,I'm unsubscribing,0,0,2024-07-22T07:04:14Z,2024-07-22T07:04:14Z
Ugykoos8TFUlEZ52tdZ4AaABAg,@mauricegrant4106,No you don’t like Kendrick you’ve never said you like his rhymed schemes or his double intangibles this whole take sounds forced and I don’t agree with you period,0,0,2024-05-20T06:57:45Z,2024-05-20T06:57:45Z
Ugx6ApTSR0WXlJjsunp4AaABAg,@percyvolnar8010,D. R. A. K. E. = Don’t Rap Against Kendrick Ever,0,0,2024-05-17T06:54:34Z,2024-05-17T06:54:34Z
Ugzs-qo71rbO0DSdasZ4AaABAg,@malutanetshaulu7260,You guys are hypocrites. You just hate Kendrick and now backtracking.,0,0,2024-05-16T13:32:53Z,2024-05-16T13:32:53Z
