comment_id,author,text,like_count,reply_count,published_at,updated_at
Ugw_AEbfNYEwVj8sNfV4AaABAg,@astrocade9541,I love how the beat so hard it feels like a diss itself 😂,4773,36,2024-03-23T04:11:37Z,2024-03-23T04:11:37Z
UgxLMasm8JWSJcHgIPB4AaABAg,@WardaMalik-lj6yb,Metro setting the rap game on fire like it should be,43,0,2024-04-11T21:08:41Z,2024-04-11T21:08:41Z
Ugw45RAwFBnpKYRCgpV4AaABAg,@MrPhoenix357,AK is a higher caliber weapon than a 9mm. He's saying that they aren't the same caliber of rapper. It's a NASTY bar!!!,81,0,2024-04-03T14:57:29Z,2024-04-03T14:57:29Z
UgxcW0Sd0fKLcjM0oC94AaABAg,@GoatSince1997,"“B**ch my hair down, Prince live through me (I Am Prince)”

- Kendrick Lamar (Future Mask Off Remix)",1095,3,2024-03-23T22:30:25Z,2024-03-23T22:30:25Z
Ugzr_m-BOZT1xAdS67l4AaABAg,@trehernley,Metro doing us a favor. We needed this Kendrick,2318,20,2024-03-23T02:50:48Z,2024-03-23T02:50:48Z
Ugy-_YZS8WuRJFTZbVp4AaABAg,@syth6189,"metro HAS to be one of the greatest producers, his shit ALWAYS crazy",307,2,2024-03-28T07:19:54Z,2024-03-28T07:19:54Z
Ugw6yk2JNQDUGPzbOLh4AaABAg,@jumpinjackjames,Metro is the biggest instigator I’ve seen in a minute,7604,163,2024-03-23T02:18:15Z,2024-03-23T02:18:15Z
UgwZqwQ2psdWwTWTwLd4AaABAg,@jeredsanders3253,Drake bouta drop subliminals for the next 10 years😭,5438,94,2024-03-23T02:30:03Z,2024-03-23T02:30:03Z
UgxuVfQKpXgeejdhord4AaABAg,@tinotendakumbawa9359,then he went ahead  and PROOVED that he's a problem. 1. Euphoria 2. 6:16 in LA 3. Meet the Grahams 4. Not Like Us!,87,3,2024-07-11T21:14:32Z,2024-07-11T21:14:32Z
Ugw4cnb4QfYbLoJON2Z4AaABAg,@k.n.o522,We haven’t had a moment like this since control. WHAT A TIME TO BE ALIVEEE,967,16,2024-03-23T02:34:21Z,2024-03-23T02:34:21Z
Ugy2jbA3K-SowLmquVt4AaABAg,@greenbeans9388,"B-Legit, E-40, D-Shot and Suga-T were in a rap group called The Click",624,13,2024-03-23T02:42:27Z,2024-03-23T02:42:27Z
Ugxw6AawF6EOPQ-AlrF4AaABAg,@ryanlauton6268,"Mr Morale was my most played album of 2022. Loved that album not just artistically, but in the general sense of music bops that I replay.",146,0,2024-04-12T03:11:00Z,2024-04-12T03:11:00Z
Ugyb9F9fsvKOzQNugHJ4AaABAg,@Kickinthescience,That Prince line has multiple layers,3728,134,2024-03-23T02:25:16Z,2024-03-23T02:25:16Z
Ugw3IzD_ogIC4evQafp4AaABAg,@jump_3x,The way these two where so excited about the reaction they even rushed there intro to get to the song😂😂,363,2,2024-03-23T02:58:44Z,2024-03-23T02:58:44Z
Ugx9tECDG-VaGJmXDBR4AaABAg,@hdmotsadi,"Kendrick is A true definition of Art in hip Hop, changing voice, adlibs and isane bars is crazy",855,21,2024-03-28T16:44:20Z,2024-03-28T16:44:20Z
UgzZ5PEMRFy5KiMbkdF4AaABAg,@2011Marcus,"“A lot of goofies with a check “ line slept on. Drake is signed to Nike, also his last album was ‘For All the Dogs”. Goofy is a dog.",2029,44,2024-03-23T03:43:29Z,2024-03-23T03:48:43Z
UgzvDoDLBUp8NtMV_d54AaABAg,@joshuadalgarno158,Talking about Kendricks last album like it was mid when Drakes been living in the middle lane for years at this point 😂😂,925,37,2024-03-23T10:17:32Z,2024-03-23T10:17:32Z
Ugx9NUygvc7kEYabvCR4AaABAg,@goldenratiolover,"10:40 Bruh, B-Legit and E-40 were members of the group ""The Click"". Dot dropping references that even his fans won't know",4,0,2025-12-18T16:59:29Z,2025-12-18T16:59:29Z
UgwbQBomRSW-F0Slr_l4AaABAg,@BlackMarkGoldridge,Kendrick overshadowed Big Sean again😂,92,1,2024-03-23T07:20:26Z,2024-03-23T07:20:26Z
Ugx1fwerzpIjjRKPA1h4AaABAg,@thebelx89,Big Sean is punching the air right now.,529,8,2024-03-23T04:19:27Z,2024-03-23T04:19:27Z
UgxQKRJRkpwku9_Fj5B4AaABAg,@AshTrayy2025,"Best song I’ve heard in a long time….
This track is so crazy…
The Eazy E sample is so sick",21,0,2024-03-30T01:53:42Z,2024-03-30T01:53:42Z
UgzM0RKzrsdUu02Nttx4AaABAg,@Cash42,The fact that the album even has Weekend’s vocal’s at points throughout is such a crazy layer to the beef 😂,152,10,2024-03-23T14:54:45Z,2024-03-23T14:54:45Z
UgzlrRiFgA0Gkftw-F54AaABAg,@obilisk4203,"People who say they forgot Kendrick Had this in him, Don't Remember ""The Heart Part 4""",882,25,2024-03-23T20:48:31Z,2024-03-23T20:48:31Z
UgyN8JDikAi8QZIdlmJ4AaABAg,@Fog_raw,After the beef its very clear why he compared drake to michael jackson 😂😂,10,0,2024-05-11T11:35:43Z,2024-05-11T11:35:43Z
Ugy28hgIWa2eYaZbnRF4AaABAg,@jarindowning6030,"Kendrick sets the tone every time, this track is hard and album is really good 👍",231,1,2024-03-23T02:29:38Z,2024-03-23T02:29:38Z
UgzknJcGKW9_b2bpo1R4AaABAg,@nsmith3128,"The Coffin line is directed at Cole because his first line on First Person Shooter was ""We turn your song into a funeral"".",625,27,2024-03-24T04:48:32Z,2024-03-24T04:48:32Z
UgzMxLCQKsAvaKKkANt4AaABAg,@matthewsannicolas-lipscomb7784,Appreciate y’all for letting the bars play out and naturally reacting to it 💯every other channel pause every 5-10 seconds,77,1,2024-03-28T07:46:50Z,2024-03-28T07:46:50Z
UgwxEGmpge9CyuE_qV14AaABAg,@iamtinayatti,METRO IS A GENIUS 🗣️🔥,41,0,2024-03-23T03:59:20Z,2024-03-23T03:59:20Z
UgzfhVXTPVxNhpw1Qal4AaABAg,@carravaggiomikelson870,HIP HOP IS ALIVE AND WELL,145,0,2024-03-23T02:20:45Z,2024-03-23T02:20:45Z
UgxO5jjaQdGvlzosCCt4AaABAg,@VengefulPeng,"Your best work is a light pack(lyt pack), daylyt is a ghost writer for drake. your best work is someone else's work",143,9,2024-04-16T13:22:49Z,2024-04-16T13:22:49Z
Ugx0FPYwqOxKcdg8Pcx4AaABAg,@kwekunyameyie238,"E-40, B-Legit, D-shot, sugar-T together are a group called “the click.” Also that beat is a sample from a Cali group named“ Rodney O & Joe Cooley” called “Everlasting Bass.” He also added a Michel’le sample from the song “Eazy-Dus-it.”",770,17,2024-03-24T22:00:27Z,2024-03-25T01:12:09Z
UgzKf38YGu9Yf8dQV2l4AaABAg,@isaiahrholt,The eazy e sample was perfect bc Kendrick from Compton is so many hidden gems in this whole song I could keep going but naw,208,5,2024-03-23T03:21:07Z,2024-03-23T03:21:07Z
Ugx2wAWz7CdSeoPuTrB4AaABAg,@Dr3amsupr3me,I can’t tell you how much I appreciate y’all’s content. Kendrick went easy on em honestly.,11,0,2024-04-04T03:11:47Z,2024-04-04T03:11:47Z
Ugw3r9prK7YTClgsN5V4AaABAg,@jdixon1922,"""Goofies with a check ✔️ is a double that's a shot a Drake being with Nike""",399,3,2024-03-24T13:29:03Z,2024-03-24T13:29:03Z
Ugx2QYzxW2z2oE9wSjh4AaABAg,@carravaggiomikelson870,Metro n Kendrick collab would go nuke,148,0,2024-03-23T02:24:07Z,2024-03-23T02:24:07Z
Ugy9qQT09hnayCACs7Z4AaABAg,@joeyspizz,Super hot fire and his buddy did this song analysis justice 😊,8,0,2024-04-14T10:57:01Z,2024-04-14T10:57:01Z
UgxTMgduLU5V5UK6dAx4AaABAg,@MrMacadamien,"""We the BIG three like we started a league, but right now, I feel like Muhammad Ali"" (The Greatest)
- JCole - ""First person shooter"" feat Drake
(This is all Kendrick needed to hear.)",545,9,2024-03-23T03:54:39Z,2024-03-23T03:54:39Z
Ugzqdi1qjLoXAJr3wU14AaABAg,@sven7037,"Kendrick dissing Cole who is on album mode is bold, we all want to see Cole x K dot battle that is it man",1357,48,2024-03-23T02:34:46Z,2024-03-23T02:34:46Z
Ugy1KJWVo-JNhSsc6sV4AaABAg,@joshawnthabeast,This why we love Kendrick! Always stirring the pot 💯🔥,48,3,2024-03-29T06:14:30Z,2024-03-29T06:14:30Z
UgzTAf4t3O94OCJiNP14AaABAg,@PadreMortalis,Big Daddy Kane said on Drink Champs that J Cole is a problem when he praised his Cosby bar on a freestyle.,123,1,2024-03-23T02:51:47Z,2024-03-23T02:51:47Z
UgzC5_-Sc0cvVK8ma0V4AaABAg,@jayc5756,This is Definitely good for hip hop. I dont care who win...Im just gonna sit back and eat my popcorn. FR,17,0,2024-03-23T05:13:30Z,2024-03-23T05:13:30Z
Ugw1SRMrc3a9O7H6zZJ4AaABAg,@rooseveltware8651,"Rodney""O and Joe Cooley Everlasting Bass sample from the late 80'S ✌🏾💯🇺🇲",5,0,2024-04-04T00:35:49Z,2024-04-04T00:35:49Z
Ugyhv08_qugRVz4mKXF4AaABAg,@DrilonKerqeli,"I wanna see cole and dot go at it fr. And I bet they already had a phone call like "" fr brotha we doin this lol""",66,0,2024-03-23T03:56:43Z,2024-03-23T03:56:43Z
Ugyx86_nZq2tvyoVWp94AaABAg,@lordkingguru2458,E40 and then group was called The Click,31,0,2024-03-23T02:26:57Z,2024-03-23T02:26:57Z
UgyLWe8nmuqNRnYHDwN4AaABAg,@dizkrete,"The original didn't have bass like this. 

Literally a sample from ""Everlasting Bass"" by Rodney O and Joe Cooley.",5,0,2024-04-09T03:08:04Z,2024-04-09T03:08:04Z
UgwEgsPeclDDXK-zhip4AaABAg,@jaymondsampson3525,Wayne rapped on the main beat on drought 3 killed it.,11,0,2024-03-23T03:35:40Z,2024-03-23T03:35:40Z
UgxEglM0olHYPr4DvOl4AaABAg,@gtjohns220,"The Click bar went over a lot of kids heads. They were a classic Bay area group of E-40 ( also known as 40 Water), B-Legit, and Suga T.",459,14,2024-03-23T02:35:19Z,2024-03-23T02:40:58Z
UgwRzTVLdKrbPDLlv3R4AaABAg,@ethangarcia9737,"“ for all your dogs getting buried, that’s a K with all these 9’s, he gon see a pet cemetery” FIRE",1657,30,2024-03-25T05:57:26Z,2024-03-25T05:57:26Z
Ugzff9FfSwQje-mc43p4AaABAg,@yungxmayhem26,Been refreshing my YouTube to watch this!!!,63,0,2024-03-23T02:20:00Z,2024-03-23T02:20:00Z
Ugyl98xIkDv9NL-QRZB4AaABAg,@miguelqueiros2306,"3:21 - It was Logic on Under Pressure, recognized it immediately!! Dope sample, dope songs (all three).",135,9,2024-03-24T16:58:52Z,2024-03-24T16:58:52Z
UgyDBQiK2Orx8lgKGRF4AaABAg,@JanetAfi-gj9bk,Lmao just see their reaction at the end lol. They clearly had a horse,4,0,2025-08-06T03:57:46Z,2025-08-06T03:57:46Z
UgwS3L2WazaWYEfl9_B4AaABAg,@magnifyvideoco,Bigger steppers album was amazing!,38,0,2024-03-23T03:10:21Z,2024-03-23T03:10:21Z
Ugw-hCR7KyU4_zbO83N4AaABAg,@DrilonKerqeli,cole definetly responding...he on this fall off era he cant just not say antything,10,0,2024-03-23T03:53:29Z,2024-03-23T03:53:29Z
UgyqR7oJ3Nc7JfIZsIB4AaABAg,@brotharame6066,K Dot last album was clean. The concept spoke to life as a whole not just what hip hop has going on. It appealed to those who deal with language as an art on a completely different level.,359,11,2024-03-25T06:05:11Z,2024-03-25T06:05:11Z
UgyfEgEhHaTqJiKVjlR4AaABAg,@Ambitiousengineer24,Let’s go….been waiting on yall 🤣,40,0,2024-03-23T02:17:48Z,2024-03-23T02:17:48Z
Ugw2V_6Fb5YDzFT1Mp14AaABAg,@anthonyscalese6278,"i think the reason people don’t like Mr Morale is cause it doesn’t have much replay value which i agree. But that doesn’t make it bad or an L it’s still a very good, well written and well made album. Not his best album but its still a very respectable piece of work",71,4,2024-03-23T03:39:57Z,2024-03-23T03:39:57Z
UgzjYElDvIqmsY1_CmR4AaABAg,@anthonyswiinger1455,The song is called Everlasting Bass by Rodeny O and Joe Cooley,2,0,2024-10-10T11:17:36Z,2024-10-10T11:17:36Z
Ugy9Y8qTloyPLFTjWh54AaABAg,@kingthekingable,Only reason why I truly respect Mr. Morale and the Big Steppers is because that shit truly felt like I was healing everytime I listened to it. It will always be up there with good kid maad city for me,169,11,2024-03-23T04:03:01Z,2024-03-23T04:03:01Z
UgwKQQOx1H2VjYDYTwR4AaABAg,@keepushingthinkpositive3817,Everlasting Bass Rodney O & Joe Cooley,124,4,2024-03-23T02:21:19Z,2024-03-23T02:21:19Z
Ugx2NvBcDPOX9s753OJ4AaABAg,@jeremykimmel2208,"E-40 had a group before he went solo. Group members was his sister ( Suga-T), his brother (D-Shot) and his cousin (B-LEGIT). The name of the group was The Click. And B-Legit is a well respected Bay Area rapper. Has classic bay hits. So the double entendres are crazy.",9,0,2024-03-27T03:53:34Z,2024-03-27T03:53:34Z
UgwM7KdSN28ngUzEYcF4AaABAg,@dannypotts6358,"Also Cole had a direct shot in there, Cole has a song called stick and ptsd. All mentioned in the Kendrick bars.",26,1,2024-03-23T16:17:52Z,2024-03-23T16:17:52Z
UgxykHS82TQI35GuM2l4AaABAg,@MediaViralVibes,kendrick was really like that,3,0,2024-06-17T09:23:51Z,2024-06-17T09:23:51Z
UgwHsAJT2FHIVpSn5oF4AaABAg,@metalsphere7857,Ima metal muscian and this turned my head. Shits fire 🔥,2,0,2024-04-18T15:29:39Z,2024-04-18T15:29:39Z
Ugwq27sVHSx-z78iN7N4AaABAg,@salmanmazumder6148,"I came to watch this reaction to cleanse off all the hate you all are getting in the last videos of the beef. Don't necessarily agree with the points from the latest videos, but you all are still one of the best reactors out here.",4,0,2024-05-09T11:52:27Z,2024-05-09T11:53:28Z
UgzZyDo4vqScUnewNP54AaABAg,@rasfreeman1534,E 40 and B Legit were in a group called The Click,23,0,2024-03-23T02:30:34Z,2024-03-23T02:30:34Z
Ugy1mXZQDgSoAH2KVGt4AaABAg,@perfekto209,E-40 - Look at Me,2,0,2024-03-30T21:50:07Z,2024-03-30T21:50:07Z
Ugwzz4zWFN07F4lMzS94AaABAg,@BossDogg1100,That sample he used was from Everlasting Bass old school classic from Rodney O and Joe Cooley 🔥🔥🔥,14,1,2024-03-26T19:52:43Z,2024-03-26T19:52:43Z
UgywSVF1vyjbDsG1wLp4AaABAg,@jamespbrennan00,I love days like these,43,1,2024-03-23T02:20:23Z,2024-03-23T02:20:23Z
UgxtujKg4gDCs1TMYuN4AaABAg,@curnon4230,"22:28 - fact check: Mr Morale and the Big Steppers dropped in 2022 went #1, won rap album of the year at the Grammys, and had a record breaking solo rap tour at the time. Mr. Morale has 3.5 billion total streams on Spotify and gets 1.5 million daily streams in 2025. MMBS already has more total streams and daily streams on Spotify than every single J. Cole album except 2014 Forest Hills Drive. MMBS has a higher metacritic rating (85 critics, 88 users) than every J.Cole album including Forest Hills Drive.

There is no way you can say it was a bad album by any stretch or that it flopped or isn’t played. Cause it’s played today and in total more than every Cole album outside of FHD. But no one claims Born Sinner, For Your Eyes Only, KOD, and The Off Seasons are all flops… but if you compared them to Mr. Morale they have much less replay value (showed by total streams and daily streams) and much worse average critics and user ratings. 

You could only argue it’s not Dot’s best album —and a lot of ppl have it in their top 3 of his discography— but the success is undeniable and it’s actually an underrated album because the BS narrative that it flopped.",3,0,2025-10-02T19:20:53Z,2025-10-02T19:23:40Z
UgyibBtgO9Tg8hsri3N4AaABAg,@rollin60z,Holyy shitt im ab to go thru the whole beef this shit is lit😂😂,5,0,2024-05-05T11:28:28Z,2024-05-05T11:28:28Z
UgwC6aATRY7HcVcduhl4AaABAg,@KPWASRIGHT,Drake tried that with PUSHA . He tried to pay his opps for info lol,6,0,2024-03-23T03:32:48Z,2024-03-23T03:32:48Z
Ugx7P5wb3NjEK7CfDi54AaABAg,@B-Chill76,ITS UP!!! Hits different now huh!?🔥🔥🔥🔥🔥🔥🔥🔥🔥🔥🔥🔥,2,0,2024-05-15T11:10:37Z,2024-05-15T11:10:37Z
Ugxb43faRI8RHaYn5_d4AaABAg,@ZendayaG,Love how y’all got hyped of the beat ❤ respect 🫡,8,0,2024-04-26T18:17:43Z,2024-04-26T18:17:43Z
Ugy2PCtQ8qjf_PAqk0x4AaABAg,@stevencarver-fd8ii,"Eric B & Rakim from the Paid In Full album, track 7 where Rakim flowed for three straight minutes with no hook.",20,1,2024-03-23T02:56:29Z,2024-03-23T02:56:29Z
UgyylPfIZL6jNyO8ZIR4AaABAg,@Ryria901,"Your best work is a *Lyt* pack.
Your best light/easy to reproduce
Your best work is from your ghost writer Daylyt who writes all your best lines.

Super underrated bar",2,0,2025-02-15T06:35:26Z,2025-02-15T06:35:26Z
UgzAVWsEisw8SyGV7Cd4AaABAg,@mikelawryy6041,Metro a beast sampled E40 lil wayne cash money like that. That why kendrick said e4o blegit. And fps oh my killed em. For real,3,0,2024-06-28T02:46:25Z,2024-06-28T02:46:25Z
UgwvSMRytgJIe5M1SzF4AaABAg,@lankyfleeon,Logic was the other rapper that used the Eazy E sample on a song you reacted to called “Under Pressure”,95,6,2024-03-23T05:11:53Z,2024-03-23T05:11:53Z
Ugzn9sP9CqKs8Gh6lot4AaABAg,@theconcealedmistress,Rodney O & Joe Cooley Everlasting Bass,1,0,2024-04-05T02:55:37Z,2024-04-05T02:55:37Z
UgwCP5k5fNGARG95leV4AaABAg,@hlg206,"On E-40s album ""Charlie Hustle The Blueprint of A Selfmade Millionaire"" he and BG, Juve, Baby and Wayne have a song called ""Look At Me"" where they rap over this beat (s/o Bosko). E-40 and B-Legit are half of the group ""The Click"". Cole & Aubrey ""Cliqued (Clicked) Up"" and did the song ""First Person Shooter"" and are currently on tour together. Kenny is (B) legit for dolo (by himself), he don't need anybody else.",28,0,2024-03-23T03:01:59Z,2024-03-23T03:07:30Z
UgyV7xnxcnofSBbr5Ux4AaABAg,@justjeff45,Everlasting bass by Rodney O and Joe  Cooley is the sample.,7,0,2024-03-23T02:20:58Z,2024-03-23T02:20:58Z
UgzkKEOzAilFJwzXhvN4AaABAg,@bubbalynch,Kendrick murdered 😂😂😂 👏🏽,2,0,2024-04-22T03:13:45Z,2024-04-22T03:13:45Z
Ugy28gnHEfAhEvTZW4Z4AaABAg,@laateenreactieachter,"Man i really love kendrick... he always chooses to create something prolific, innovating and special, giving the people what they NEED.

But everyonce in a while he gives people what they WANT and does shit like this to say ""I can do what yall do if I want to AND   i am better than yall"" 😂

Kendrick done shook up the rap game again📍",355,10,2024-03-23T07:42:06Z,2024-03-23T08:45:45Z
UgzW3uG3oT27BZfxntd4AaABAg,@happygilmore7578,Slim Thug used this sample also. Song is called Thug 🔥🔥🔥,21,1,2024-03-23T02:36:47Z,2024-03-23T02:36:47Z
Ugy6ntU6Znxfu-OMRx54AaABAg,@Shannon_the_Dawn,Original Beat Joe Cooley “Everlasting Bass”🔥🔥🔥🔥,1,0,2024-03-29T21:27:52Z,2024-03-29T21:29:00Z
Ugxz5YqW3l0GGSIqutt4AaABAg,@trentthomas4084,"I think kendrick and drake are beefing and cole is just collateral damage, cause to come at cole like that is wild",156,14,2024-03-23T02:29:49Z,2024-03-23T02:29:49Z
Ugwe9UTHC7N7zCR6dSB4AaABAg,@naughtpointfive,"“Bitch my hair down, Prince live through me (I Am Prince)”

- Kendrick Lamar (Future Mask Off Remix)",7,0,2024-03-24T03:09:40Z,2024-03-24T03:09:40Z
Ugy_I6893eLc6yQ2vJV4AaABAg,@DetroitCoalition,"23:09 Bro, Drake never had a good chance.",5,0,2024-07-18T03:52:04Z,2024-07-18T03:52:25Z
UgyQ7UD1W5WSljegysx4AaABAg,@ajamucrittle1625,Can’t get enough of Everlasting Bass…………..,4,0,2024-03-23T03:52:48Z,2024-03-23T03:52:48Z
Ugxeb2WTpbIDivO6iXx4AaABAg,@xxsaviorxx758lf8,Logic had that sample in under pressure,4,0,2024-03-23T15:42:36Z,2024-03-23T15:42:36Z
Ugy2Tc7avSxy_eIychh4AaABAg,@traviswalls3607,K Dot NUKED BBL Drizzy's whole fleet lmao,1,0,2025-09-03T16:35:26Z,2025-09-03T16:35:26Z
UgxqeK2mQv_c0qiuRGF4AaABAg,@AnthonyAllenJr,This is the review I was waiting for.  Y'all too hilarious 😂😂😂,12,0,2024-03-23T08:06:28Z,2024-03-23T08:06:28Z
UgzT-wZEyJRhyGhDiwt4AaABAg,@tdmidas289,"Why cole catch a stay. WE WONT STAND FOR IT, COLE WORLD😂",4,0,2024-03-23T04:36:05Z,2024-03-23T04:36:05Z
Ugyczt6iWh3aaZSXBY94AaABAg,@AyoAdrianE,"J Cole feature on JID’s track STICK. J Coles last line in that verse is :

“But I’ll still treat a ride through the hood like a
Hike through the woods, got a stick that I take with me”

Kendrick says in this track “If he walk around with that stick, it ain’t Andre 3K” I feel like a lot of people missed this one!

Definitely aimed at Cole in this one!",3,0,2024-03-25T16:48:17Z,2024-03-25T16:49:22Z
UgwNPx5swxyois90GTJ4AaABAg,@officialconch,"Yall gotta stop denying the J. Cole attack. “If he walk around with that stick, it ain’t Andre 3k” That’s what we call a DIRECT SHOT",263,51,2024-03-23T03:47:57Z,2024-03-23T03:47:57Z
Ugwk8N-D3idEdLyXYRF4AaABAg,@chrishansen6910,bob gonna watch this so he can understand everything,7,0,2024-03-23T02:35:30Z,2024-03-23T02:35:30Z
UgxDC5G-S0fRckJpY-Z4AaABAg,@KyleC11,Logic used that sample in Under Pressure,1,0,2024-04-09T21:40:13Z,2024-04-09T21:40:13Z
Ugy29QU6DtEgjWJwYk94AaABAg,@Suburbannite,"umm yes it did have that much bass in it. the song is literally called everlasting bass, if you listen to the original song on a decent sound system the bass will rattle you",7,0,2024-03-23T03:47:45Z,2024-03-23T03:48:55Z
Ugy5zQwx_Jwx_IhsiT54AaABAg,@DavidBailey-zn5gz,Guess cole world just got hott 💯,7,0,2024-03-23T02:36:24Z,2024-03-23T02:36:24Z
Ugy6i4GQ0bo7cPRAhn54AaABAg,@fezile,"""if Kendrick cooks, give it up"" 

Interesting 😂",2,0,2024-05-10T12:53:37Z,2024-05-10T12:53:37Z
Ugz25JndZq1dBFYiDKN4AaABAg,@ThatBranB,"That Barry White sample is the heartbeat of the production, with a cool combo of samples mixed in 🔥",74,4,2024-03-23T08:32:27Z,2024-03-23T08:32:27Z
UgxOOZZmqWSJ9G8vRJd4AaABAg,@rgtrojan13,"The most honest and neutral review, k dot gets a lot of passes.",5,0,2024-03-23T13:52:31Z,2024-03-23T13:52:31Z
UgzC94PLOh9Kf0z-R2N4AaABAg,@jacobmcmillan7819,"Triple 6 - Ridin Spinners 
Always loved this beat",4,0,2024-04-02T13:03:01Z,2024-04-02T13:03:01Z
UgwpWiAQv8L7Rw4JNI54AaABAg,@kennyFromBuffalo,Was waiting all day for yall reaction 😂,17,0,2024-03-23T02:18:02Z,2024-03-23T02:18:02Z
Ugx-d7Am-_OxLU2KfQd4AaABAg,@MemeZworld23,Metro is goat when it comes to production. That everlasting bass sample🔥🔥Kendrick n future killed it as always. Song of the year & Album of the year,63,2,2024-03-25T00:05:44Z,2024-03-25T00:05:44Z
UgxBHH5vyfXbaEzvtA54AaABAg,@ItsMyFirstDayNumber7791,The bass line is from As the Rhymes Goes On by Eric B. & Rakim. But Metro made the bass more pronounce and added some stank on it. Dope shit.,1,0,2024-03-26T20:34:39Z,2024-03-26T20:34:39Z
Ugwk1VA47yNDclWxk9Z4AaABAg,@RickChilds-kq1ti,Metro sample this beat from 3-6 Mafia and the beat had more bass back in 04,42,5,2024-03-23T02:51:16Z,2024-03-23T02:51:16Z
Ugwx9c0kDUEqT8xu8px4AaABAg,@JanselIvan,I saw this video till the end now I understand that you picked a side for a long time ago. This is why you won't admit that your man drake took the Big *L* 😅😅😅,31,2,2024-06-23T07:46:57Z,2024-06-23T07:46:57Z
Ugx_dD6-CSLBCBSrCzd4AaABAg,@metaphoriaofficial,22:40 crazy how it ended up,1,0,2025-02-19T10:45:24Z,2025-02-19T10:45:24Z
UgwAO7kJdHG043yEUeN4AaABAg,@mziwakheyobo7478,As a South African I always wait for your reaction 🎉🎉🎉 dope reaction always 🔥🔥🔥🔥🔥🔥,42,9,2024-03-23T04:46:53Z,2024-03-23T04:46:53Z
Ugziz5c3cGz5py0B9vN4AaABAg,@Mr13allday,"Possible Cole diss: ""If he walk around with that stick it aint Andre 3k"" Cole had that song ""Stick"" on his dreamville album",97,15,2024-03-23T03:21:09Z,2024-03-23T03:21:09Z
UgzTTjan1BmrJbQyqZZ4AaABAg,@AvishaiMaynie,opening base line is from barry white as well,1,0,2024-03-26T21:28:44Z,2024-03-26T21:28:44Z
Ugzq1Md3b7OOJqTj_O54AaABAg,@papadrow5302,Drake ain't sinking shit he is not in the bag like that Drake ain't been the same since the story of adidon,35,2,2024-03-23T03:51:14Z,2024-03-23T03:51:14Z
UgyY1jv6ie-rgLp6_N94AaABAg,@Glocksig45,The Michael Jackson reference was cuz Drake said im actually Micahel Jackson on Yolo Twice and Kdot referenced Prince lives through me on Mask Off. The King back and buried them both.  Let's see roots smoke.,64,6,2024-03-23T02:57:55Z,2024-03-23T02:57:55Z
UgwZXKbvdUAHxrm8No14AaABAg,@Kickinthescience,22:26 I get what you saying but that album was the highest grossing rap tour of all time. That’s impressive,41,6,2024-03-23T02:50:49Z,2024-03-23T02:50:49Z
UgwKdH0dO0UYn8w7S1t4AaABAg,@raulako23,"I wish it was a podcast, you guys are amazing !! Thanks from Spain 🫡",15,0,2024-03-24T22:41:42Z,2024-03-24T22:41:42Z
Ugxl-SI5KbVvPxsw8XR4AaABAg,@jjggww77,"When Kendrick Said 
“I’m Snatching Chains” Yawl Know Drake Had His Chains Snatched Before. I Remember That, Look It Up.🔥",2,0,2024-04-12T03:09:28Z,2024-04-12T03:09:28Z
Ugxkpxw7Su26o7u9K254AaABAg,@AKidNamedDropout,"I would also say in terms of Mr Morale, it feels like a therapy session more than any of his other albums and I don’t wanna go to therapy all the time. That’s why I don’t return to it, even tho I loved the album, it’s a therapy session on Wax",44,3,2024-03-23T03:02:47Z,2024-03-23T03:02:47Z
UgzhuFlIl97ILGflZ0t4AaABAg,@AKidNamedDropout,"I would agree with Kendrick and J Cole being strictly competitive rapping, now Kendrick and Drake, Drake been slick poking at Kendrick for 10 years now pretty much since the control verse, and Kendrick finally went ahead and went direct. Now does Drake respond I’m waiting for that",15,3,2024-03-23T02:58:37Z,2024-03-23T02:58:37Z
Ugwh6kJjz4eNwHrkggp4AaABAg,@yaaboe310,It's a Rodney O and Joe Cooley beat from Everlasting Bass Compton legends,1,0,2024-03-29T18:50:30Z,2024-03-29T18:50:30Z
Ugx0zjbyEt_tB9FUyKF4AaABAg,@GVaughn5,"Great video, guys! Song was played out to the end with no interruptions, great in-depth analysis and loved the mini podcast towards the end.",8,0,2024-03-23T03:47:00Z,2024-03-23T03:47:00Z
Ugzo-FDFfPV-CW3Oo9t4AaABAg,@Sidd_Mnisi,Look at y'all acting like Drake didn't drop a 'Eh' album...,6,0,2024-03-23T04:24:23Z,2024-03-23T04:24:23Z
UgzNfxsu1CYNR1qys-94AaABAg,@BrotherMan1969,Rodney O & Joe Cooley - Everlasting Bass,0,0,2024-03-30T16:30:19Z,2024-03-30T16:30:19Z
UgyGpZ_A82q4p6po6Rp4AaABAg,@pebbles6650,The whole Kendrick verse has soooo many layers to it. It’s crazy. Like(love) it 👍🏽,4,0,2024-03-26T02:27:29Z,2024-03-26T02:27:29Z
UgzT_tQeEV1ggvSSOyN4AaABAg,@adtthosa,"Love your breakdowns, helps me understand the song a lot better!",14,0,2024-03-25T15:17:50Z,2024-03-25T15:17:50Z
UgzffYB7TAx0wZ8TvVZ4AaABAg,@RageOpsXPain,Logic Under Pressure,1,0,2024-04-08T03:54:00Z,2024-04-08T03:54:00Z
Ugyfzq6ifsMztCEVkWJ4AaABAg,@Atlanta_Bob,"love what ya’ll touched on at the end of the video. ppl tend to be so polarized, comparison is the thief of joy.",19,0,2024-03-24T20:42:08Z,2024-03-24T20:42:08Z
UgzmA6ExSZoXQuWCFX54AaABAg,@GiftedGentleman87,Yall are my go-to youtubers when it comes to epic moments in hiphop.,6,0,2024-03-29T03:44:27Z,2024-03-29T03:44:49Z
UgyyUKQNcMXthPG9e6t4AaABAg,@tashingachanakira628,The Game - One blood !!!!,1,0,2024-03-25T13:08:53Z,2024-03-25T13:08:53Z
UgyEunrE_U8WzB_23u14AaABAg,@sharissejohnson977,"Watching this after the beef is over is so priceless. Considering that Kendrick killed your boy, he didn't even stand a chance. 🤣",5,1,2025-04-16T01:22:25Z,2025-04-16T01:22:25Z
UgxUFj97lOJS5FWKIs94AaABAg,@ytgchzn4385,Kendrick said ain’t nobody but the mirror looking for the fall off on count me out from Mr Morale album. And Cole Actually been shooting back on his last couple songs including first person shooter,40,1,2024-03-23T03:12:48Z,2024-03-23T03:12:48Z
UgxZ-SX4Y76pepqwpJV4AaABAg,@BruceThawn83,E-40 and B Legit song called Blame ft The Click,0,0,2024-03-31T03:47:04Z,2024-03-31T03:47:04Z
Ugw_YCGCZBjsNtjeEfh4AaABAg,@bighutch2202,"To be their age and not get the ""click"" reference fot e-40 and b-legit is crazy. They had a whole group called ""the click"" with a hit called ""hurricane"" on the game related album. They couldn't have listened to West Coast hip hop in the 90s and not known this.",3,1,2025-02-02T05:46:29Z,2025-02-02T05:46:29Z
UgxbxzDgzrBFW6tSuxt4AaABAg,@skyhwkz8,his beat is sampled from the song “Everlasting Bass” Rodney-O and Joe Cooley - Westcoast Legends from LA and Compton…Hence KDoT,5,0,2024-03-23T04:27:41Z,2024-03-23T04:27:41Z
UgxmKBjwgkCyPImZVIp4AaABAg,@MikeDelossantos-j5n,They gave the beat its own verse 😂,1,0,2024-04-05T15:53:30Z,2024-04-05T15:53:30Z
UgyaWEtUAgXF7872YKh4AaABAg,@ShowNoRemorse,Been waiting for the reaction 😂😂,10,0,2024-03-23T02:18:05Z,2024-03-23T02:18:05Z
UgyjFIO01rOSAiPedEt4AaABAg,@jaimeguerrero6993,He Said diss Melly Mel because Kendrick is Cool with Em,3,0,2024-03-25T13:09:09Z,2024-03-25T13:09:09Z
UgzshjuviWeRdmW-8Gh4AaABAg,@Benit4real,"No, B-Legit and 40 Water were part of the group The Click",2,0,2024-03-25T15:08:25Z,2024-03-25T15:08:25Z
Ugy16TSPqgG0xWiJD3R4AaABAg,@Therealjaedot,Been waiting on this all day 😅,9,0,2024-03-23T02:27:51Z,2024-03-23T02:27:51Z
Ugy2CEsaUeDLi3HL4Fx4AaABAg,@user-xt4mm9iv5e,"This is the realist reaction out of all of em. The honesty 🔥🔥. No one overhyping anything, it was a stiff jab like they said , wasn't really a diss.",38,2,2024-03-23T14:38:39Z,2024-03-23T14:38:39Z
UgyN-mCjcVSYw6WonHp4AaABAg,@4everoldskool626,You don't recognize that beat because its a classic west coast beat 👐🏻 Rodney O & Joe Cooley 'Everlasting Bass' 1988... Rodney O from Riverside CA & his Dj Joe Cooley from Compton CA!,1,0,2025-06-02T16:17:39Z,2025-06-02T16:25:34Z
UgzXJ7PnLjDFcQKBEPJ4AaABAg,@ntax21,"I think Kendrick is setting his impact in Stone, In truth Cole and Drake have been the loudest collaborating in their music and all that, and he is stating that they can't count him out even if they wanted to, he is establishing himself and igniting a flame that has been flickering for years. Now it is up to Cole, whether he is going to continue being a pacifist or prove why he should be considered the ""Muhammed Ali"" of this generation of Hiphop.",28,1,2024-03-23T04:10:16Z,2024-03-23T04:10:16Z
UgzwKVeiLzf02wneflB4AaABAg,@kob4918,Excited to see where this all goes lmao,4,0,2024-03-23T02:52:21Z,2024-03-23T02:52:21Z
Ugy2oWuqT3pwYdP0pTR4AaABAg,@MnDisease,The Clicking up is in reference to E 40’s crew THE CLICK.,1,0,2024-06-29T15:54:53Z,2024-06-29T15:54:53Z
UgyN6kNID6MtxJl_L7N4AaABAg,@gramirez141ur,"I don’t think Kendrick cared if Mr. Morale connected with people. I definitely feel he did this for himself; sharing his heavy, personal stories involving his close ones after a couple albums. Im glad he took that approach. Its great when an artist puts out an album that involves something they’re thinking about in the moment of their life. Not putting out what the fans want to hear. What’s on their mind. Natural creativity",30,0,2024-03-23T02:55:52Z,2024-03-23T02:55:52Z
UgxVX03p-6mKnWBWbDB4AaABAg,@ThisIsTheSmoke,lol at yall thinking drake was gonna do something detrimental to Dot 😂,4,0,2025-01-24T00:27:14Z,2025-01-24T00:27:14Z
UgwhQAngq8urk95qj-V4AaABAg,@Haseeebo,"That beat so hard, it dropped a verse.",1,0,2024-04-26T03:24:58Z,2024-04-26T03:24:58Z
UgwRombbXVFpei3-gjd4AaABAg,@prepurstep9669,Kendrick making the 1st move for HIP HOP crown. Let it play 🏁,5,1,2024-03-23T07:44:52Z,2024-03-23T07:44:52Z
Ugy7690HK41b1XkV4vh4AaABAg,@PVRGE7,"It was Logic that used the sample as well. The song is called ""Under Pressure""",127,20,2024-03-23T02:21:20Z,2024-03-23T02:21:20Z
Ugz6DMRFfr1MzqazlAV4AaABAg,@Drillistry,the beat still hard af,1,0,2025-11-08T15:27:01Z,2025-11-08T15:27:01Z
UgzaJ7Sg0NWKMw-sGVZ4AaABAg,@kabelomoreti4792,Been waiting 😂😂😂🔥🔥🔥,7,0,2024-03-23T02:17:57Z,2024-03-23T02:17:57Z
Ugw6vCx5BdM-nTwA-7J4AaABAg,@BigsammyKJ,People missed a lot of Cole disses because Kendrick was very slick with them and the Drake disses were straight forward,21,3,2024-03-23T06:04:54Z,2024-03-23T06:04:54Z
UgzrxECVSSyZPJc4S0d4AaABAg,@ImDivineGem,Logic used this sample on Under Pressure,1,0,2024-05-07T13:01:16Z,2024-05-07T13:01:16Z
Ugx7D8vbi_WIQ8fav2N4AaABAg,@AI_KICKS,Mr.Morale and the big stepper was 🔥,95,8,2024-03-23T18:41:17Z,2024-03-23T18:41:17Z
Ugy1kYIqwYlyRVX6xfx4AaABAg,@jayc5756,I don't think Cole & Kendrick as cool as some may think bruh. IJS,26,2,2024-03-23T04:51:17Z,2024-03-23T04:51:17Z
Ugz4INC6llvf0RxswT14AaABAg,@jaethabeast,"Samples used in Like That:

Everlasting Bass by Rodney O and Joe Cooley (1998)
Eazy Duz It by Eazy E (1988)
Pop Bottles by Birdman and Lil Wayne (2007)",1,0,2024-03-26T18:13:20Z,2024-03-26T18:13:20Z
UgyME0K8rThWKO7q2Fp4AaABAg,@xzaveun,Been waiting for this!!!,24,0,2024-03-23T02:18:04Z,2024-03-23T02:18:04Z
UgwYrm_MHJ96DJSY0gJ4AaABAg,@SugarRayCole,"E 40 and B Legit was in a group with 2 other rappers called The Click. E40 and B Legit clicked up and put out an album without the other two members on an album named “Connected and Respected “ after these bars he says the Money, Power, Respect bar",4,0,2024-03-24T22:49:58Z,2024-03-24T22:49:58Z
UgyNvqnRuidDPj1mNYx4AaABAg,@1Lefthand,im new here and im loving the swear words😂😂😂,1,0,2026-01-21T07:21:28Z,2026-01-21T07:21:28Z
UgxsA0ZT1pv1ouu53vh4AaABAg,@Yahikos_Pain,Thinking that Kendrick would get annihilated in a battle with Drake is crazy 💀💀😭😭,4,1,2025-08-20T16:22:40Z,2025-08-20T16:22:40Z
UgxCfUDkxiZkI-0Gz114AaABAg,@Theydontwantthetruth,Just got to work and was like let me check for these reactions again and boom the best reaction channel finally posted much love to you brothers both!!!,5,0,2024-03-23T02:55:40Z,2024-03-23T02:55:40Z
UgwDHKwtw1O55OFZx3t4AaABAg,@B-Yule,"The beat reminds me of a version of Riddin Spinners, especially when the eazy pitched voice comes in",2,0,2024-03-28T01:31:15Z,2024-03-28T01:31:15Z
UgyG_7pczEd3G_rjD7Z4AaABAg,@thesimonsalazar,I’ve been patiently waiting for this reaction 😮‍💨,4,0,2024-03-23T02:18:30Z,2024-03-23T02:18:30Z
Ugz8xKiMfaGt-fWb66l4AaABAg,@EL_Chapo187,Marshall is on his Thanos throne just watchin / listening lol….and that Melly Mell line was in reference to when Em dissed Mell,19,3,2024-03-23T04:08:19Z,2024-03-23T04:10:33Z
Ugz9ku3VZ3r42j1BkxR4AaABAg,@Burrdmizzle,The rapper you are looking for who also rapped on this beat is Slim Thug - Thug from around the way 😁,1,0,2024-03-26T18:00:06Z,2024-03-26T18:00:59Z
UgwX_b0o772KJBiamBl4AaABAg,@isaacmeadows7774,I know this video gonna be fire,4,1,2024-03-23T02:17:51Z,2024-03-23T02:17:51Z
UgxqV1Kk9jRY6Qs7vch4AaABAg,@andiphilemlahlwa6750,I've been waiting for this reaction😎,6,0,2024-03-23T22:57:33Z,2024-03-23T22:57:33Z
UgxZnqd_winQ2czZImt4AaABAg,@xchxmpagnepxpix,"""OKAY LETS IT UP, TIME FOR HIM TO PROVE THAT HE'S A PROBLEM"" ⏰",1,0,2024-04-23T20:25:23Z,2024-04-23T20:25:23Z
UgxCFBX3XrHoeXSmNzB4AaABAg,@AustosWrld,"Love yall , been watching since the start of the logic reactions. Love the presentation, very professional fellas keep it up 🤝🏼",4,0,2024-03-23T02:27:21Z,2024-03-23T02:27:21Z
UgwyCjYGvqSWX0_RXu14AaABAg,@KingDowmusic,The King of Rap has returned,10,0,2024-03-23T02:43:31Z,2024-03-23T02:43:31Z
UgwkhNZZpEbCKqhbTsl4AaABAg,@thecoolest1980,"The b legit 40 water line was a reference to the group “ the click” which consisted of E -40 , B legit and Suga T 10:49",1,0,2024-03-28T15:36:13Z,2024-03-28T15:36:13Z
UgzjT6-5xns_Mrx0FMp4AaABAg,@Thomas-l1n5u,"Logic used the same Easy-E sample on the song ""Under Pressure"" as well. Remember you guys reacting to that years ago and also getting hyped when he used it",7,2,2024-03-24T06:05:46Z,2024-03-24T06:06:37Z
Ugx72VPihsyFL46Utl14AaABAg,@ChadnRanda,Yall stay on point.Hell yea,4,0,2024-03-26T11:44:11Z,2024-03-26T11:44:40Z
UgyMMDYbqMLhZ_F09Ft4AaABAg,@thamsanqatheophilus477,😂😂😂Got hooked on the beat at the same time..... Crazy!!!,1,0,2024-03-25T18:19:17Z,2024-03-25T18:19:17Z
UgyG194WSdqa-xpNvhF4AaABAg,@jstrong3656,"When he said the Prince line, I thought it was referring to Drake saying ""he's one away from Michael Jackson (beat it)"" 
on ""First Person Shooter"" 

Then in the music video Drake portrays himself as Michael Jackson. I like ya'lls analogy though 💯",33,4,2024-03-23T03:08:30Z,2024-03-23T03:08:30Z
Ugzamh0qM5MSvtbasdl4AaABAg,@mvc2177,"I ain’t picking sides, I enjoy cold music a little more than Kendrick’s but I just want this fire rap beef to keep going 😎",22,1,2024-03-23T04:48:17Z,2024-03-23T04:48:17Z
UgzVNVpYSzT4WfrjObB4AaABAg,@bluejournal83,It's funny watching old people break down new music lol,1,0,2024-03-28T22:19:00Z,2024-03-28T22:19:00Z
UgwFiTIXF4FHhq487q14AaABAg,@ms.thomas6405,We needed this😊,4,0,2024-03-25T04:46:04Z,2024-03-25T04:46:04Z
Ugyigh8W9jUYL_olGap4AaABAg,@Packout_25,Drake last album he was sneak dissin KDot that’s facts. Drake claims to be the  Michael Jackson of this era. That’s why Kendrick said Prince out live Mike Jacks lol. Kendrick was goin innnnnnn,43,2,2024-03-23T03:45:03Z,2024-03-23T03:45:03Z
UgzxZSv8kFjOb7z-vlx4AaABAg,@jordyyyy7533,I be replaying kdot recent album,1,0,2024-04-02T09:18:57Z,2024-04-02T09:18:57Z
Ugx3SdLaNPI3SEVkfKF4AaABAg,@HipHopTheology,The Kendrick verse gets better every time you listen to it 😅. He really jumped out the window on Drake and Cole 😂😂,9,0,2024-03-23T02:57:07Z,2024-03-23T02:57:07Z
UgzhAhIMAiY2xkbWwN54AaABAg,@Ditshwancho,"Mr Moral is not a mid at all, the album is amazing. The concept of the the album is not what other Hip Hop heads expected, but as Kendrick fans, we appreciate that album.",122,16,2024-03-23T05:31:51Z,2024-03-23T05:31:51Z
UgxVcZDOgLINITLgygp4AaABAg,@DieNasty92,Metro definitely on Mt Rushmore dude is crazy,1,0,2024-05-07T12:30:34Z,2024-05-07T12:30:34Z
UgxrkoXlVg9txSP5pTJ4AaABAg,@andreipetre2128,"When lost in Vegas wasn’t lost in Toronto 
Good times…😂",3,3,2024-12-15T15:36:52Z,2024-12-15T15:36:52Z
Ugz_rEG0pbFd1U0Idll4AaABAg,@bobomakhoro8180,6:43 This was Metro’s “verse” 😮🔥🔥🔥 this beat don’t inspire peace 😰,7,0,2024-03-23T04:13:51Z,2024-03-23T04:13:51Z
UgxQkrLIQcgjBzllmDN4AaABAg,@jg2743,E-40 and B legit had a group in the 90s called the click. Thts where the clickin up bar came from… also Mannie Fresh samples this beat in look at me by e40 ft the hot boyz,1,0,2024-03-30T21:05:24Z,2024-03-30T21:05:24Z
UgxWZKGcT_iADfeuBRp4AaABAg,@RenR70,You guys don’t know “Everlasting Bass” by Rodney-O & Joe Cooley? And don’t know E-40 & B-Legit group was the Click? C’mon!  Lol,30,5,2024-03-23T02:38:32Z,2024-03-23T02:52:08Z
UgxPlcs8Ai6zLzzirkV4AaABAg,@bdoubleu6,Metro best producer in the game right now,61,7,2024-03-23T04:16:42Z,2024-03-23T04:16:42Z
UgxkTFQdzog0wYxQQbd4AaABAg,@kennydeez..1774,"🔥🔥🔥EVERLASTING BASS!!!""(Rodney O & Joe Cooley!""",1,0,2024-03-26T18:11:57Z,2024-03-26T18:13:11Z
UgyjfhhHtOtcRzQ286p4AaABAg,@SmittyD33,Em probably sitting bacc like thats my ninja get em kdot,8,0,2024-03-24T11:10:00Z,2024-03-24T11:10:00Z
Ugx6dSV3jUOD6HPzwR14AaABAg,@SachinSharma-bi5dv,"Mr morale is an album for the real kenny fans who listen to it when theyre alone, reflecting on themsleves. Almost like an inventory. Its kot for the fans looking for pop hits or club bangers. Man MR. Morale and the Big Steppers is a banger if youre a real kung fu kenny listener and not an average fan",9,2,2024-03-23T06:31:06Z,2024-03-23T06:31:06Z
UgwnXYcyIhA-Kae3OPR4AaABAg,@ASpiritualBeing,I think george was thinking about logics under pressure 3:08,2,1,2024-03-27T23:54:13Z,2024-03-27T23:54:13Z
UgxbZ1HxpRN4g-L0bSB4AaABAg,@Doughboy1027,"I had to go listen to ""Who's the Crunkest"" after I heard this beat! Shout out Three 6, D.j. Paul & Juicy J *pause*...🔥🔥🔥

K. Dot Kendrick is not to be played wit.",14,2,2024-03-23T02:50:15Z,2024-03-23T02:50:15Z
Ugw4OpcxWN7MmTsBzpB4AaABAg,@geraldwashington4379,Wait what??? Yall saying Kendrick album wasn’t good?🤔🤔 that’s insane.,11,0,2024-03-23T04:02:30Z,2024-03-23T04:02:30Z
UgyKjLjDWnH__ECdE7R4AaABAg,@londonstackhouse4145,K Dot 🔥,1,0,2024-04-07T03:37:12Z,2024-04-07T03:37:12Z
Ugzoq_CP3JZP6zeeWJ14AaABAg,@zwelisibiya2248,We should have know right here that these guys are gonna be bias against Kendrick,4,0,2024-07-12T07:02:22Z,2024-07-12T07:02:22Z
UgyE9HLSN5Qhrf4Y9rt4AaABAg,@denzelseymour876,"That ""aw"" gone be put in  history",5,0,2024-03-23T03:08:15Z,2024-03-23T03:08:15Z
UgzshnvfjiZ-hL1Mcxp4AaABAg,@Jerj00,Wayne remixed this sample on Da drought 3- Swizzy Remix,1,0,2024-03-30T08:21:51Z,2024-03-30T08:21:51Z
UgzL_ALItIxJ2c8B9554AaABAg,@ronaldmcdonald9861,K-DOT had the best bars of this song.,5,1,2025-08-15T01:04:04Z,2025-08-15T01:04:04Z
UgyWksBzOiiGAzXuZFB4AaABAg,@thomasjames456,"Calling Mr Morale an eh album is ridiculous. Regardless of your view it won grammys, had massive critical acclaim and sold well. Your reality/opinion isn't a fact. He also had a world record breaking tour.

The way you talk about Drake (a guy who hasn't had a good album in 10+ years) vs Kendrick is laughable. You sound like stans.",6,0,2024-03-23T09:33:30Z,2024-03-23T09:47:18Z
UgxuiXa_mF0ZeFIq6J94AaABAg,@skyfarley88,B legit and E40 were in a group called The Click.,1,0,2024-04-03T17:56:03Z,2024-04-03T17:56:03Z
Ugyzcs6lPfUiP94TAd54AaABAg,@Bigbabyhutch,"K. was referencing E40, B-legit and  Suga-T having a group back in the day called The Click.",1,0,2024-03-25T21:45:03Z,2024-03-25T21:45:03Z
UgwJGBJuJNhM8_UR36x4AaABAg,@gabbyc289,Lol after the war and rewatching this..funny yall really thought Drake lyrically could compete with Kdot 😂 Dot doesn’t like the attention; he’s a humble guy and make quality music for generations to come back and listen to especially young black men in the hood.,13,0,2024-07-09T04:34:12Z,2024-07-09T04:34:12Z
UgwU276NfVGQUYhcd2F4AaABAg,@zekeycebotshetu,Man i should have seen it from this video that these guys are biased ! Kendrick dropping a verse like that ajd the first thing you talk about is the beat lmao 😭😭😭,5,1,2024-05-17T20:32:51Z,2024-05-17T20:32:51Z
UgyV-AxwGTbtVxp2Tg14AaABAg,@proposition96,The click is a group by e40,1,0,2024-04-04T00:35:19Z,2024-04-04T00:35:19Z
UgyaCJMLuEb5sGSUcQl4AaABAg,@King-hx4wn,Yall are saying that Kendrick took an L on his last album but you have to remember he just won a Grammy for the same album,261,46,2024-03-23T02:35:58Z,2024-03-23T02:35:58Z
UgxYXZcl1zAg-bJ_oZh4AaABAg,@esthervanda7401,"Big steppers was a great album. It was a different album from the rest, he wasn't scared to try something else, those rap rap shit he always do and he did really well. Drake album was trash 🗑️.",9,0,2024-03-23T03:49:03Z,2024-03-23T03:49:03Z
UgxPqOEJXsXxVHc17SB4AaABAg,@AndreaGomez-iy1nt,These shit hit HARD!!!!that beat tho 🔥 if you know you know 😎💯,0,0,2024-04-08T21:27:18Z,2024-04-08T21:28:47Z
UgyEkTKvIzRZRCBUWvB4AaABAg,@SamanthaAdderley,Wow you must be eating your words right now🤔,3,0,2024-07-21T02:18:56Z,2024-07-21T02:18:56Z
UgyRY8-d2KUfi1ZOPF54AaABAg,@YaBoy_JayDawg,"The Andre 3K is a double entendre, 
“If he walking around with that stick, he ain’t not Andre 3K”

J Cole and dreamville made a song called sticks, so that shot was at him
But then takes another shot by saying he ain’t not Andre 3K even if he does have a stick, because Andre 3k dropped a flute album but is also regarded as one of the best lyricist and best FEATURE artist


That was a wild shot at Cole",10,0,2024-03-23T12:52:26Z,2024-03-23T12:52:26Z
UgzPlb8yxCzepp-ASnx4AaABAg,@raidernation9105,"E40 first album was “ the click game related” rap group with his brother d-shot, sister Suga t and cousin b legit. Classic album you should do a reaction to a song or 2 from that album",1,0,2024-03-27T23:31:57Z,2024-03-27T23:31:57Z
UgxrD-JHYWt2nKRGp4V4AaABAg,@Duprae.,I think Kendrick is saying we get so caught up in awards and trophies and oh you wanna be mike jack; prince literally lived longer and that’s what matters.,5,2,2024-03-23T16:31:04Z,2024-03-23T16:31:04Z
UgxawpsaT6tCAVGh2r94AaABAg,@shinobi-blkops,"I thought the ""Melly Mel"" bar was for the more current YNW Melly. The reference of him crashing out by killing his 2 friends. Kendrick ""packing up"" Drake n Cole.",12,3,2024-03-23T02:42:23Z,2024-03-23T02:42:23Z
UgyXxb_cBQL_nLmCMC14AaABAg,@kendriacrockett4510,It has that E-40 Charlie hustle beat called it’s like that,1,0,2024-06-29T23:28:53Z,2024-06-29T23:28:53Z
Ugwc_oj0PzXE6tWO8454AaABAg,@alifarah3665,"Kendrick's latest album surpasses Drake's recent works, so I'm confused by the last part of their conversation",9,0,2024-03-23T09:48:07Z,2024-03-23T09:48:07Z
UgxO7ivQ0xtFI9WUR5d4AaABAg,@BaneleNgidi,"lol guys, stop dreaming, there’s no way drake is gonna win a rap battle against Dot 🤣",5,0,2024-03-23T07:08:16Z,2024-03-23T07:08:16Z
Ugyv9BaMjhYTTyFUkjN4AaABAg,@Kekana_0730,I'll never understand why Mr morales and the big steppers gets so much disrespect. That alnum is a masterpiece,1,0,2024-03-29T14:01:23Z,2024-03-29T14:01:23Z
UgwQ2ZjoJ1m7yEWiDwt4AaABAg,@amambingajobela135,Are we gonna ignore how ass future was here?,3,2,2024-09-27T18:27:18Z,2024-09-27T18:27:18Z
UgzFFFCnwRQp2vhzCTl4AaABAg,@vampy7966,You gonna do the Kendrick “not like us” Drakes funeral special at the end…? would love to see your reaction to that!!!!,3,0,2024-06-25T14:22:56Z,2024-06-25T15:31:27Z
UgxhtOMeevR_imI6GL14AaABAg,@jacobfugate9778,Swear it sounds like a Barry White bass line,1,0,2024-07-03T23:10:25Z,2024-07-03T23:10:25Z
UgzsZCfqFnkfRdtB5HB4AaABAg,@BlackCodeMath,"I acknowledge what Kendrick did here. Future represented. But the star of the show is Metro's production. Yes, he is on the Mt. Rushmore of rap producers. Kanye, Dre, Premier, Metro. Fight me.",5,0,2024-03-23T14:09:45Z,2024-03-23T14:09:45Z
UgwIcy4o48dRht-E2px4AaABAg,@_IsrealPerez,"I don’t think Drake can match him, I think Cole rn can he’s on a hot streak",11,5,2024-03-23T02:52:58Z,2024-03-23T02:52:58Z
UgxbSSEatS_1j51kYWN4AaABAg,@adnan_velic,Man Kendrick’s verses are so deep you gotta listen to this like 5 times to really get it all.,1,0,2024-03-25T16:56:06Z,2024-03-25T16:56:06Z
UgyZtXRGnjWlstthG7p4AaABAg,@Rico_Flamez,"Mike never wrote his music  prince was a genius , engineered and played every single instrument on all those songs ,  prince will forever be the purple one  remember the  rain falls on everybody",5,2,2024-03-23T04:11:16Z,2024-03-23T04:11:16Z
UgzfEHmTDqx3f52-gwd4AaABAg,@Alloyd876,😂back here after kendrick smoked drake,3,0,2024-08-02T11:08:02Z,2024-08-02T11:08:02Z
UgxpOvZCdC6THSCKKwh4AaABAg,@jturkey8937,Came back to where it all started to read these comments again and see if anyone knew what the aftermath would be lol,0,0,2024-05-10T02:31:21Z,2024-05-10T02:31:21Z
UgwH6x_bN1ZXsewpSqx4AaABAg,@HipHopTheology,I think we all can say now that Drake did indeed not sink Kendrick's ship. Kenny showed that man up. Drake has now lost two battles in a row. This man needs to learn how to approach battles better.,6,0,2024-07-11T23:19:55Z,2024-07-11T23:19:55Z
UgxjzGJrcb1PjvuPknV4AaABAg,@Aaron-ix8zh,Drake fans are mad and Kendrick fans are d riding crazy,9,1,2024-03-23T03:09:16Z,2024-03-23T03:09:16Z
UgyawU_fYyIYzgBLzOt4AaABAg,@feliciadavis881,For all of y'all that is sleep on Kendrick is a lyrical beast don't get it twisted. He is a 🐐,1,0,2024-12-16T18:41:17Z,2024-12-16T18:41:17Z
UgwBIXtOtUhshABkky54AaABAg,@stonemagnet118,Disagree with yall.   Kendrick bodied this.,3,0,2024-05-02T18:51:16Z,2024-05-02T18:51:16Z
Ugzs3Z6v5rc1JWOPPtt4AaABAg,@TRU_TV_,"Y’all seriously lost me as a fan. Talking about bars & dubbing Drake the winner. Clear indication you don’t know what a rap beef or diss tracks are supposed to be.

Diss tracks & rap battles are about which MC can dish out the most disrespect. Never about a “better song”. Meet the Grahams is the most disrespectful diss track in recorded history. And Drake is the one whose public image is falling apart.. There is no world where Family Matters is a better “Diss” track than Meet the Grahams. Nothing is. Anyway this will be my last time viewing this channel. Good luck though fellas. Stay up💯",7,1,2024-05-08T13:53:21Z,2024-05-08T13:53:21Z
UgyHD1rmrp9fqYv9NJp4AaABAg,@el_queso_fresco5240,Everlasting Bass - Rodney O & Joe Cooley is timeless,0,0,2024-03-26T00:41:25Z,2024-03-26T00:41:25Z
UgzQwJh0Q9a40Zrp3214AaABAg,@meeg2871,Wow future not saying nothing but you all nodding and not criticising his lyrics. Wow. But you criticised Kendrick in the diss track. Mek it make sense man. Try to hold everyone at the same standard as k dot.,8,2,2024-05-28T23:12:30Z,2024-05-28T23:12:30Z
UgyREGqthYxPWzXyL3N4AaABAg,@alexisaguirrevideos,"All this excitement and hype and commentary over a VERSE! It’s always over a verse with Kendrick. Control, BET Cypher, THIS! He doesn’t even need a whole song to body somebody. Shit is crazy. I can’t wait to see how Drake & Cole respond, so we can get more Kendrick replies. 😮‍💨",0,0,2024-03-26T01:00:52Z,2024-03-26T01:00:52Z
UgyJhsuCu8odF3dHjKV4AaABAg,@RichWraith,26 mins for a 3mins song is kinda krazy ngl but i still enjoy it,1,0,2024-03-30T23:37:37Z,2024-03-30T23:37:37Z
UgzhBKnLJjJrbtBWIYt4AaABAg,@OGBigStanky,This is one of the most intelligent hip hop reaction channels on youtube.,0,0,2024-05-01T18:41:04Z,2024-05-01T19:49:13Z
UgwmNALKWhp-TTdDWyB4AaABAg,@NastyMonk0,I love that if y’all vibing hard with a song you’ll just let that shit spin.,0,0,2024-03-28T15:10:05Z,2024-03-28T15:10:05Z
UgyEG6Yuw5rOxT2vyAZ4AaABAg,@oriccabo,"Triple 6 sample - Gotta touch ‘em Pt.2
Metro went crazy with the beat",0,0,2024-04-01T17:00:56Z,2024-04-01T17:00:56Z
UgyBSOYPuLq4T5BfU114AaABAg,@tuccifripp1209,The other goat you referring to is Weezy he killed this beat song called “Hard Body”,2,0,2024-03-25T14:36:25Z,2024-03-25T14:36:25Z
UgzVA8wBYZI0kdCrYMF4AaABAg,@youv6589,Metro is a producer wanting the rapper swag.,0,0,2024-03-30T22:44:55Z,2024-03-30T22:44:55Z
Ugy8hkXpTiNZzSVW4k54AaABAg,@aron822,UH aint seen kendrick get in the ring? I think his control verse would like to enter the chat.,2,0,2024-04-02T20:39:52Z,2024-04-02T20:39:52Z
UgySMlq7xLMLlhlBjjJ4AaABAg,@Raymond_Mode_In_Drywall_Mode,"As a metalhead who originally got into your channel for the rock/metal reviews, correct me if I'm wrong but at least for my generation as a millenial, Metro Boomin is probably the best rap producer ive heard. The ""without warning"" album is still one of my favorites to this day. The eazy e reference in this song alone when I heard it for the first time was amazing.",0,0,2025-11-25T05:06:34Z,2025-11-25T05:11:46Z
UgyjY575qc-fwjb9dON4AaABAg,@Dandre3172,"I Think the Mike Jack Prince analogy is because Mike is considered the King, while Prince (as in not a the king, but the prince of rap (play on words..double entendre here)) outlived the King.",0,0,2025-12-13T14:34:36Z,2025-12-13T14:34:36Z
UgxmU8vxZOnEhVzDX_R4AaABAg,@ThatWasSports,The “click” part for the E40 reference was that E40 always stated in his songs from the past as “E40 and the click”,1,0,2024-03-25T15:41:38Z,2024-03-25T15:41:38Z
UgwubVkA8iHEerB8GAJ4AaABAg,@NettaBoo9,Thank you for stopping to appreciate Future too. Great reaction. ❤❤❤❤,0,0,2024-08-15T11:34:19Z,2024-08-15T11:34:19Z
UgxIVLz4NEMJg-y_ZTl4AaABAg,@qwncowboysports4189,"Y'all earned a new sub today in me. Folks be really sleeping on your genre of guys. Brilliant minds, very articulate, and HANDSOME TOOOOO!!!!Gawdddd. Keep up the great work gents.",1,0,2024-07-13T11:24:21Z,2024-07-13T11:24:21Z
UgyKVpY70H8rLmZA-bd4AaABAg,@TeeCaTisBack,"It was logic who rapped on the sample with his best song under Pressure! I remember the video you reacted to it and Ryan called it out last time too, it’s a personal fav!",2,0,2024-03-25T16:45:37Z,2024-03-25T16:45:37Z
UgzR9rd6GzFzWBqZzZN4AaABAg,@fcbniko10,"maybe we havent seen cole in the ring per se, but he's graced us with battle rap energy on false prophets, everybody dies, 1985, snow on tha bluff - SEVERELY under appreciated gems.",0,0,2024-04-08T03:25:27Z,2024-04-08T03:25:27Z
UgxhOne6XG5WcX_r_DJ4AaABAg,@LornFortheForlorn,future heard this beat and was fs like: i have to ball out no way metro hookin me up with this GEM of a beat.,0,0,2024-04-05T03:50:29Z,2024-04-05T03:50:29Z
UgyqITfZsIE3rwd9pDR4AaABAg,@sihlebullock,the original sound is berry white....,2,0,2024-11-16T22:18:35Z,2024-11-16T22:18:35Z
UgwSX8ghuQ1PuEyRC6R4AaABAg,@maurolucasdacunha,"5:57 I find the André 3000 bar so hard because, J Cole has a song with dream vile called “stick” and at the end of his verse on that song he raps (but i’ll still treat a ride through the hood like a hike through the woods, got a stick that i take with me), he’s saying that J.Cole isn’t even on 3 stacks level of lyricism.


side note: J.COLE IS ONE OF THE GREATEST TO EVER TOUCH A MICROFONE IN RAP HISTORY!",0,0,2024-04-08T21:04:35Z,2024-04-08T21:04:35Z
UgwWr6IdwtIi0LQFaO14AaABAg,@Tinybam83,"The song is by Rodney O and Joe Coolie ""Ever lasting bass "" a West Coast Classic",0,0,2024-03-27T22:10:00Z,2024-03-27T22:10:00Z
UgynKSgIf9PUgHbTRpt4AaABAg,@ronaldbusby6384,We need coverage of that response ASAP.,0,0,2024-04-06T00:37:51Z,2024-04-06T00:37:51Z
Ugyk15zX51Mr4sWCEAZ4AaABAg,@potatoman7475,Man-man really showed us.,0,0,2025-03-23T04:38:00Z,2025-03-23T04:38:00Z
Ugy2N3IT738frKzjVd54AaABAg,@jmfpjmfp9143,Fun Fact: That beat with the added base is 1987 West Coast song by Rodney O and Joe Cooley - Everlasting Bass 💯,0,0,2024-04-12T06:54:09Z,2024-04-12T06:54:09Z
UgxOSP5_ujHWf5Okd0d4AaABAg,@ElBrujo4,"“Gotta be faster than me to get to me no one’s done it successfully” scary hours. This shit hot though, should be fun! 🔥",0,0,2024-03-27T20:28:44Z,2024-03-27T20:28:44Z
UgxNmIE4EMFSaK_F8CV4AaABAg,@jabbaweezy,This reaction video did numbers fr,0,0,2025-03-28T07:42:10Z,2025-03-28T07:42:10Z
UgylDezjxsnTs3SaiWN4AaABAg,@mason7522,The sample to the song is called Everlasting Bass it had alot of bass,0,0,2024-03-26T03:05:46Z,2024-03-26T03:05:46Z
UgwlbnKiqtjj2tT1WZR4AaABAg,@MegaRONix_YT,"The Eazy E  sample also features on ""Logic - Under pressure""",0,0,2024-03-28T10:22:56Z,2024-03-28T10:22:56Z
Ugwq3Qk6A6eIDcAGsG14AaABAg,@elliotalderson4165,"Man, the whole time they were discussing lyrics I'm still thinking how 🔥 that beat was.",0,0,2024-03-25T08:30:36Z,2024-03-25T08:30:36Z
UgwkyeGCQVklyHQVSCl4AaABAg,@Orenjiaine73,"Barry White is sampled in this too "" Loves Alive"" I believe to be the album",0,0,2025-01-24T17:44:02Z,2025-01-24T17:44:02Z
Ugz13IgT5ErNllaIkVt4AaABAg,@jamescraig7577,This was done by Rodney O and Joe Cooley. The song was called Everlasting bass.,0,0,2024-06-23T04:31:46Z,2024-06-23T04:31:46Z
Ugxc6S8DpRzRCPPRmMR4AaABAg,@goodnessadegoke01,Finally someone who recognises the whole thing outside the diss,0,0,2025-09-26T08:58:44Z,2025-09-26T08:58:44Z
UgxeVWnNHnVD01ORxKl4AaABAg,@ev2155,Crazy because weeks later we now know not Drake nor Cole is like that!!,2,0,2024-05-22T07:35:36Z,2024-05-22T07:35:36Z
UgzVOa47wleY6g8y08R4AaABAg,@kobersharp750,"Rodney O and Joe Cooley- Everlasting Bass is the Bassline, and Michelle intro off of Eazy Duz It both from 1988. Ahead of their time. Metro enhanced the beat and made it better. He is so creative. This comes from a 49 year old.🔥🔥🔥",0,0,2024-04-25T21:58:54Z,2024-04-25T22:15:57Z
UgyWl5moBMFCsodi4GJ4AaABAg,@TheCajunCamper,"“Let me take out these beads” had me dying. 😂😂😂 That’s like when Latinas say “hold my earrings”. 

Well you can’t have an ish ripping out part of your ear!! 🔥",0,0,2024-08-15T02:53:11Z,2024-08-15T02:53:11Z
Ugw_mtWV7zvwsSsFnEV4AaABAg,@Mr4L1fe,"Metro made a Cali Banger…Everlasting Bass, E-40, Michel’le he was not playing 
Shit gets even more meta with K Dot on it",0,0,2024-03-25T13:22:17Z,2024-03-25T13:22:17Z
UgzXh64fpiy2YH1Ei9F4AaABAg,@jabraillemorrison,all yall just cole fans. let’s revisit Black Friday… Dot put him in a coffin then too. he shitted on A tale of 2 cities. he never planned on that collab tape. Kendrick been steppin these necks for a decade,2,0,2024-03-25T23:27:39Z,2024-03-25T23:27:39Z
Ugwatnil-8kC5K2N6b54AaABAg,@rh4709,Crazy how this is the calm before the storm cause Drizzy came with the heat sheeeesh,0,0,2024-04-29T12:13:00Z,2024-04-29T12:13:00Z
UgwkSe5Wmm5NqK_ISzt4AaABAg,@andrewilding95,The sample that Wayne used is from Everlasting Bass by Rodney-O and Joe Cooley. Wayne's song is I Cant Feel My Face. Metro definitely worked some magic on it. Such a catchy beat!,0,0,2024-03-28T00:09:25Z,2024-03-28T00:09:25Z
UgxZrRAH9Uzi-R4_NIR4AaABAg,@Hamajaang,The sample was from “Everlasting Bass”,0,0,2024-07-27T05:10:48Z,2024-07-27T05:10:48Z
UgxSX99fdsT8ugus_1V4AaABAg,@Seasonofthesicc,The beginning of this song is from “who da crunkest” by tear the club up thugs and the rest is sampled from old 3-6 mafia,0,0,2024-04-11T03:38:32Z,2024-04-11T03:38:32Z
Ugz-WNJydLhCvoQA-rR4AaABAg,@chefenstein,The sample is from a Logic track as well. Thats what you were thinking  of. Under Pressure.,1,0,2024-04-05T00:35:03Z,2024-04-11T10:04:08Z
UgzFy-j7jlVwV3yE9kl4AaABAg,@flyingisland7583,"22;24 I had a day off this Monday and I had Mr. Morale and The Big Steppers playing literally all day. 
I had a great day",1,1,2024-03-26T19:29:24Z,2024-03-26T19:29:24Z
UgwVMCr6502YPalCHwN4AaABAg,@MoeDavinci,The beat Metro is sampling is from Ronnie-O and Joe Cooley. Classic record🔥,0,0,2024-03-24T23:08:35Z,2024-03-24T23:08:35Z
UgwH-V_3kpWfErU2IpB4AaABAg,@Slew1966,Kendrick was all about the West Coast and ATL. The sample is Rodney O and Joe Cooley Everlasting Bass. A jam from back in my day.,0,0,2024-07-16T19:45:23Z,2024-07-16T19:45:23Z
Ugw0JmqVP3oSRCO1Qct4AaABAg,@Sincerely414,"See thats the thing about Future, he played his part on his song...💯💯🔥🔥🔥",0,0,2024-03-27T17:44:00Z,2024-03-27T17:44:00Z
UgxHJO_ze3WRRfotVlt4AaABAg,@jamespearman5087,That beat is a Rodney-O Joe Cooley called ever lasting bass.,0,0,2024-03-25T11:03:18Z,2024-03-25T11:03:18Z
Ugz8XVBmty9Gw4PkVqJ4AaABAg,@likemike751,Crazy this channel hasn’t been on my feed for months,1,0,2024-03-27T22:37:40Z,2024-03-27T22:37:40Z
UgzXjJDtHdaiVW8w9Yd4AaABAg,@sammayweather8272,"This song samples a song called ""Everlasting Bass"" from back in the day",0,0,2024-03-27T21:24:18Z,2024-03-27T21:24:18Z
UgzrkzzFmTNE6wC1jZx4AaABAg,@trustysource650,🔥🔥🔥 great reaction as always and yes Wayne murdered this sample for sure!,1,0,2024-03-29T15:20:03Z,2024-03-29T15:20:03Z
UgxYVuX9gyLN-r3gPtZ4AaABAg,@hog_shepard7156,Hard body by Wayne is the song your thinking of,1,0,2024-03-25T14:57:52Z,2024-03-25T14:57:52Z
Ugz_Wha93n3F5eH8n3N4AaABAg,@joserosas6372,"Yess just have some fun with it, sit back and enjoy the show lol. 💯",0,0,2024-04-01T13:49:56Z,2024-04-01T13:49:56Z
UgwCZNxwH_27NqAUMFF4AaABAg,@bryanmoses6363,"Im 51. It's Rodney O and Joe Cooley, Ever Lasting Bass. Shit was always dope",0,0,2024-03-31T23:21:33Z,2024-03-31T23:21:33Z
Ugxt_ZGKHGoXGZhzkGp4AaABAg,@gotgreatness,"All three in battle mode, things about to get spicy 🌶️ 🥵",0,0,2024-03-28T01:34:22Z,2024-03-28T01:34:22Z
UgwGwOCy9aQGQX8-iu14AaABAg,@wanted3534,Nice to see they got all three samples n the artists from them.,0,0,2024-03-28T17:10:51Z,2024-03-28T17:10:51Z
UgzW2cHJEjlz_NpYq7B4AaABAg,@daionnetomlin7139,It also has a bit of that Barry White sample in it. It’s 🔥🔥🔥🔥🔥🔥and Ez-e 🔥🔥🔥🔥 Kdot ain’t playing,0,0,2024-06-06T16:29:09Z,2024-06-06T16:29:09Z
UgyT5qj7D7aKLQzgGRJ4AaABAg,@leagaitala5289,"E40 and his cousin B-Legit were in a group called The Click…their most popular songs were probablyWolf Tickets, Captain Save a Hoe and Hurricane",0,0,2024-03-29T04:11:39Z,2024-03-29T04:11:39Z
UgwYqPAax_y1DeE8Bpp4AaABAg,@vipgaming9189,Everytime metro brings the beat back It’s like he’s slapping tf out someone,0,0,2024-03-25T22:31:04Z,2024-03-25T22:31:04Z
UgwhOFywZ3Qa9AO9bEJ4AaABAg,@Waynimations,This song is crazy good!!!!,0,0,2024-03-28T06:48:27Z,2024-03-28T06:48:27Z
UgztK5ghbQZd01aKfVd4AaABAg,@JamesSeay-f6d,Rodney o and Joe Cooley everlasting bass beat alway slapped,0,0,2024-03-28T09:27:52Z,2024-03-28T09:27:52Z
UgxPuvwUngKVIP56EHB4AaABAg,@tsevere,"3 deep sample. 
Metro sampling ""Everlasting Bass"" by Joe Cooley and Rodney, who sampled ""I'm Gonna Love You Just a Little More Babe"" by Barry White",0,0,2024-03-25T15:18:06Z,2024-03-25T15:18:06Z
UgwGlVXU7dP6GLqzzl54AaABAg,@e.monte_s,the beginning of the song is giving me ✨2000’s✨😂,0,0,2024-03-25T03:18:01Z,2024-03-25T03:18:01Z
UgwLhsVB308Cx3n_4RV4AaABAg,@KooBee-yu5fu,My favorite part is how the Andre 3k reference was directed at Cole “if he walk around with that stick it ain’t Andre 3k”,0,0,2024-03-29T13:49:18Z,2024-03-29T13:49:18Z
UgwJDk7RwojJDcYnO4t4AaABAg,@9ers4ever,RODNEY O & JOE COOLEY: EVERLASTING BASS…..as soon as I herd the beat it took my right back to 1988😂…..🤔fkn im old,0,0,2024-04-05T13:20:12Z,2024-04-05T13:20:12Z
UgwPNoLFWM_e3IKjnMp4AaABAg,@narcissity25,"Barry White sample and Nas ""No Ideas Original"" on The Lost Tapes was the first to rap over it.",0,0,2024-04-09T13:56:00Z,2024-04-09T13:56:00Z
Ugz7cf9QjLWgaV6yESV4AaABAg,@Hecanhit1979,"I haven't read or heard anyone mention that the bass line melody sounds like a sample of an old school classic intro; Barry White's 1973 release, ""'I'm Gonna Love You Just A Little More Baby""",0,0,2024-03-28T04:13:25Z,2024-03-28T04:13:25Z
Ugx5BqnegDTgTMuivEl4AaABAg,@Deelow77,How folks don’t remember this classic beat kills me. Everlasting Bass. Rodney and Joe Cooley.,0,0,2024-03-27T01:08:17Z,2024-03-27T01:08:17Z
UgwbUpyTE32VvRnZz5x4AaABAg,@jrags717,Album is a masterpiece,0,0,2024-03-28T13:10:24Z,2024-03-28T13:10:24Z
UgxbOAzYUm39jvVXOO94AaABAg,@sammayweather8272,E-40 & B Legit was in a group called The Click. Kendrick digging deep in his bag 💪🏾💪🏾,0,0,2024-03-27T21:41:17Z,2024-03-27T21:41:17Z
UgzMJmDzdXfA3_dDJAt4AaABAg,@hirograveyard8236,The end of the beat was metro’s verse. This is deep,0,0,2024-03-25T03:29:17Z,2024-03-25T03:29:17Z
UgyJRM-T9AA-m3tSekh4AaABAg,@deshawncurry7770,"The clicking up, references e40 b legit and suga t as a group named the click.",0,0,2024-03-26T05:17:42Z,2024-03-26T05:17:42Z
UgwnTvG_uBJPg2npzfd4AaABAg,@rasun1976,Rodney O and Joe Cooley= Everlasting Bass 1988,0,0,2024-03-25T08:02:35Z,2024-03-25T08:02:35Z
UgyZI2Kstw3r3biEyER4AaABAg,@danielreed7140,"I didn't really know it until I watched Whats That Dirt?'s video about the kendrick and cole beef, but cole has a lot of subliminals towards kendrick in many songs that you wouldn't expect, even in first person shooter.",0,0,2024-03-28T12:37:05Z,2024-03-28T12:37:27Z
UgzrkmwkBUBVKjddGgF4AaABAg,@iluvdissheet,"Has anyone considered:
If Metro doesnt use the Easy-E sample, does Kendrick jump on this  🤔",1,0,2024-05-23T13:27:31Z,2024-05-23T13:27:31Z
UgwhH83FLYTqCXak7pN4AaABAg,@hdmotsadi,I came back for your reaction ❤,0,0,2024-11-16T21:21:27Z,2024-11-16T21:21:27Z
Ugzk2AgHF4DTg6hR8ul4AaABAg,@loadupinc,What a lot of people don’t realize is that sample from everlasting bass what’s the foundation to uncle Luke and the two live crew sound they adopted from the California bass music,0,0,2024-04-20T23:15:25Z,2024-04-20T23:15:25Z
Ugz5AuHfP4h4eo1hLg54AaABAg,@VIIOfficial,Love to see it in the game 😇,0,0,2024-04-01T03:31:13Z,2024-04-01T03:31:13Z
UgwJA2sNuYh0TfXyG8R4AaABAg,@asharma4490,Wayne Rapped it on the Draught 3. The track is called Hard Body. “Let me light my see thru blunt”,0,0,2024-03-24T23:44:24Z,2024-03-24T23:44:24Z
Ugx8oIjp_kqhXVldJ5J4AaABAg,@brotharame6066,"The group was called the Click 
E-40, D Shot, B Legit and Suga T
That line was hard. Because B Legit was able to hold his own without 40 water.",0,0,2024-03-25T05:50:30Z,2024-03-25T05:50:30Z
UgyVADT0j935Q4QOM4l4AaABAg,@lufefesiphutuma1187,14 December 2024. This hits differently. Coz gawd damn.,0,0,2024-12-14T09:25:31Z,2024-12-14T09:25:31Z
UgwK8vX5Dd9PpfEm1QN4AaABAg,@michaelhongg,Thank you for letting the beat rock lol,0,0,2024-03-27T21:31:49Z,2024-03-27T21:31:49Z
Ugz8DgxORh90Yc51W3R4AaABAg,@TheKingofKrank,"This is a Everlasting Bass original sample, but Metro really sampled DJ Paul's Who the Crunkest from three 6 mafia",0,0,2024-03-25T14:08:02Z,2024-03-25T14:08:02Z
UgwgZsRgvSFkzBCR3dR4AaABAg,@TC-Jack,Rodney O and Joe Cooley Everlasting Bass! 💜🤷🏽‍♀️💯,0,0,2024-03-25T23:26:12Z,2024-03-25T23:26:12Z
UgyRuUtO5CwfBhD4Ijp4AaABAg,@TeamHarrisonMachine,The bass is sampling Barry White I’m Gonna Love You Just A Little More Baby,0,0,2024-06-02T12:26:15Z,2024-06-02T12:26:15Z
UgwM-wiv5jTnV-EuJUZ4AaABAg,@Sncentsa,You guys explain it soooo clearly!!! 😊😊😊.... Its like you doing a Research ❤😊..  Big up!,2,0,2024-03-25T06:49:36Z,2024-03-25T06:49:36Z
Ugyrpm3eFJYUKcnm2Pd4AaABAg,@alexarango6677,Song of the year for sure,0,0,2024-04-05T02:51:40Z,2024-04-05T02:51:40Z
UgydGiq4wQDzrF7DjFd4AaABAg,@jonathand363,Slim thug rapper from Houston  used the sample “thug from around the way” too 💯,0,0,2024-03-29T02:12:37Z,2024-03-29T02:12:37Z
UgwZ9vps-_HkHpPzP_t4AaABAg,@oldcarguy700,Back in the day the hardest drug dealers and gangsters bumped Everlasting Bass in Los Angeles. I was a kid but my family was into some shit and I saw the lifestyle firsthand.,0,0,2024-04-15T01:20:08Z,2024-04-15T01:24:41Z
UgxzwM7nzCJCq0YzZj54AaABAg,@kingofnewyork8092,22:34 😬😬😬 Yeah Kendrick Done. As Of 4/20/24. R.I.P Kung Fu Kenny 😂😂😂,1,0,2024-04-20T06:03:28Z,2024-04-20T06:03:28Z
UgyK-oU3VSG7MicN9hh4AaABAg,@Gripvidss,"The way y’all do y’all reactions is second to none. Now some of y’all videos be a little bit to long for me but that’s ok that’s just me and my opinion that worth nothing. Now What you guys do is really different and unique it stands out how y’all break just about every bar down so accurately I love it because one of the worst things to watch (As a YouTube video Oologist 😂) is a reaction to a hot song and all the bars flying over the person head. I know I can count on y’all to really catch the bars I be catching and to see a real genuine reaction. Some of them even watch the video before and act like it’s the first time hearing it 🤦🏾‍♂️. Y’all should see some of these channels man they be so dry it’s like they dead or asleep or something 🤷🏾‍♂️ 😂😅😂 Just Keep Up The Amazing Work guys ❤.


P.s. I Think I Can Speak For All Of Us When I Say Thank You 🤲🏾 💯 ❤",0,0,2024-05-12T00:37:14Z,2024-05-12T00:37:14Z
UgwGFhu5mnGV-T4iC9l4AaABAg,@notemi4199,The trumpets are a sample from Baby Keems “naked Freestyle”,0,0,2024-03-25T05:37:46Z,2024-03-25T05:37:46Z
UgycZr3O6RVxq-l6Ulp4AaABAg,@devontayeforbes7946,The sample was used by Logic on his song Under Pressure great catch y’all 🙌🏾,0,0,2024-04-08T02:56:10Z,2024-04-08T02:56:10Z
UgzQlURrf5kC3M9RZdl4AaABAg,@IbrahimSorieYansaneh,That Easy E Sample was also referenced by Pusha T when he dissed Drake!,0,0,2024-03-29T12:19:25Z,2024-03-29T12:19:25Z
Ugx3IzNd8Szw_UnD8IB4AaABAg,@713ahernandez,YG Marley - Praise Jah in the Moonlight !!!,0,0,2024-04-04T06:02:03Z,2024-04-04T06:02:03Z
UgzJ6PL2ixUgA-gJNvh4AaABAg,@MissMy5.0,"Rodney O and Joe Cooley don't get enough credit. Used to use ""Everlasting Bass"" to gage our systems in high school 😂",0,0,2024-05-12T21:10:31Z,2024-05-12T21:10:31Z
UgyqENL-M7-C7kzQgft4AaABAg,@Spicytamale02,"The “he was once a thug, he was” was a DISS",0,0,2025-02-22T03:56:42Z,2025-02-22T03:56:42Z
UgzgIVgvbAtTtIf4tFF4AaABAg,@ryangroves7515,"That clicking up line about E40 and B-legit is that had a group called the click back in the day it was e40, b-legit, d-shot, and suga t",0,0,2024-03-24T23:28:43Z,2024-03-24T23:28:43Z
UgxCNdg02JHi2fdQnuV4AaABAg,@novakittymew,"Rodeny O and Joe Cooley making 'everlasting' beats, great job on metro FR",0,0,2024-06-04T18:43:11Z,2024-06-04T18:43:11Z
UgyLNNvf2jkipbo7_vB4AaABAg,@drove23,Can't say I agree with the idea of Kendrick's boat taking on water... Love the channel.,0,0,2024-04-10T04:09:53Z,2024-04-10T04:09:53Z
Ugw2o0NamOaImwfvyHl4AaABAg,@ralphthetxrealtor,"I think what Kendrick means with ""Prince out live Mike Jack"" is that his music and legacy will outlive Drake, not that Prince is better than MJ",1,0,2024-04-14T13:49:41Z,2024-04-14T13:49:41Z
Ugxg6URJf-LGuwKz-ot4AaABAg,@YKCincinnatiJay,It was good for a first punch but this summer is going to be crazy!!!!!! Make sure to like this to know I said it first 🔥🔥🔥🔥🔥🔥🔥🔥🔥🔥🔥🔥🔥🔥🔥🔥🔥🔥🔥🔥🔥🔥🔥🔥🔥🔥🔥🔥🔥🔥🔥🔥🔥🔥🔥🔥🔥,2,1,2024-03-25T20:56:53Z,2024-03-25T20:56:53Z
UgzBWp_5brmIVItsBYV4AaABAg,@ohreally4758,"""Everlasting Base"" by Rodney O and J. Cooley",0,0,2024-09-02T05:31:20Z,2024-09-02T05:32:53Z
UgwX2Ml4OfbW23g0AVp4AaABAg,@masilili,"The ""problem"" line is also referencing the song they're both on with ASAP and 2 chains",0,0,2024-03-25T09:19:18Z,2024-03-25T09:19:18Z
UgxcWrq0xOxpxRJU3Qh4AaABAg,@shettywap,"Its so crazy to see how unbiased they are here, vbut how it shifts completely once the beef starts. Lol

They needed to take the advice they gave at the end. 😆",1,3,2025-01-02T20:48:57Z,2025-01-02T20:48:57Z
Ugzh5GvX2KA9SWRpTJl4AaABAg,@jeremytaylor7466,Rodney O & Joe Cooley - Everlasting Bass is the sample,0,0,2024-03-25T19:07:34Z,2024-03-25T19:07:34Z
Ugw-MQe4kB1mWPzE1lp4AaABAg,@KingT_63,You guys gotta start reacting to AZs new shit,1,0,2024-03-30T03:36:00Z,2024-03-30T03:36:00Z
UgyMoeX2YpsrZ262iFp4AaABAg,@AlfredSafi-lx8is,Shout out to you guys all the way from the mother land Mossel bay this beat is from Lil Wayne's mixtape drought 3 I can't feel my face thanks for checking out our South African rappers,0,0,2024-03-31T16:19:37Z,2024-03-31T16:19:37Z
UgxLI7vg_hVQIEtRDuR4AaABAg,@Da_MDunn,If you know anything about triple 6 Mafia you can hear a little bit of that in there too with the low bass running,0,0,2024-04-05T15:05:40Z,2024-04-05T15:05:40Z
Ugyw23kPhhTCGVwBGvR4AaABAg,@bigrob9524,This song go so hard!,0,0,2024-03-28T07:14:59Z,2024-03-28T07:14:59Z
UgyGCfH6JTBnlk_f1c54AaABAg,@clickedup4christ,Slim thug rapped with the sample. On “thug” from Boss of all Bosses.,0,0,2024-03-24T23:25:59Z,2024-03-24T23:25:59Z
UgwdCUYUPnxPNn3oTpd4AaABAg,@Seanatkins024,"Everlasting  bass beat, Rodney 0 & Joe Cooley, West Coast  !",0,0,2024-03-25T06:30:42Z,2024-03-25T06:30:42Z
UgxkgKMvA0qmknxXLPN4AaABAg,@TrippedGian1,To think this was just a warmup...,0,0,2024-05-09T21:53:29Z,2024-05-09T21:53:29Z
UgyQkxsnPt9XM29u9pt4AaABAg,@erikgoodman3796,It is like Kendrick just stepped in and invited the old values of hip hop back into the house and showed what rap is 🤌🏼🔥,0,0,2024-03-27T18:49:08Z,2024-03-27T18:49:08Z
UgzLLUZl2ByNMwcbViZ4AaABAg,@MrHurtify,Thank you for listening to the whole song before reacting,0,0,2024-04-25T18:12:36Z,2024-04-25T18:20:40Z
UgyukmFk7R0n3hKhqSR4AaABAg,@LornFortheForlorn,i want to be a solid producer for my own reasons and metro is my biggest inspiration. i study his shit like its the Bible of Producing,0,0,2024-04-05T03:46:14Z,2024-04-05T03:46:14Z
Ugw838B0tEnU6tmy-wd4AaABAg,@demreylewis8381,"Kendrick dissed Cole when he said ""Lost too many soldiers not to play it safe, If he walk around with that stick, it ain't André 3K"". on the song called ""Stick"", J. Cole said ""So it's no wonder I'm walkin' with caution, I know that God got his grace with me
But I'll still treat a ride through the hood like a hike through the woods, got a stick that I take with me"" in his verse. shots fired!!",0,0,2024-03-30T04:27:21Z,2024-03-30T04:27:21Z
Ugy5CBjYB_WN0qDfacB4AaABAg,@ChefJay2066,That beat is from Rodney O and Joe Cooley. Everlasting Bass,0,0,2024-04-02T00:58:53Z,2024-04-02T00:58:53Z
UgzcnJOdyBOFsmUe0iR4AaABAg,@Benit4real,Yall missed the sub about the check... Nike is a swoosh or a check ✔️...,1,0,2024-03-25T15:07:08Z,2024-03-25T15:07:08Z
UgwfxwXxnv4T58R1NX94AaABAg,@adriannavar1114,Rodney O & Joe Cooley - Ever Lasting Bass,0,0,2024-04-02T10:31:14Z,2024-04-02T10:31:14Z
UgxnU5MVDU7CTPrlKL54AaABAg,@AvishaiMaynie,"I took the ""its time for him to prove that he's a problem"" as a shot at Cole.",0,0,2024-03-26T21:38:30Z,2024-03-26T21:38:30Z
UgwT8NS28IMiX_I5YK54AaABAg,@elijahmack,E-40 and B-Legit were a part of a group called The Click,0,0,2024-03-25T08:53:37Z,2024-03-25T08:53:37Z
Ugw-cHDJbB72ADzd6oF4AaABAg,@purpraid451,"E40 used this on his album Charlie Hustle back in '99 featuring Cash Money Hotboys. Mannie tweaked the beat too. Kinda ironic this beat and the E40, B-Legit and the Click line Kendrick used is in the same song.",0,0,2024-03-25T12:17:07Z,2024-03-25T12:17:07Z
Ugxz5k-nALu-kUWl2Hx4AaABAg,@shaheerbukhari6157,"Metro Boomin VS EVERYBODY 

Thats the next album we need. 

Not all superheros have powers",0,0,2024-04-06T20:57:53Z,2024-04-06T20:57:53Z
UgxviYjozCPQf_FqDYB4AaABAg,@jasonbrearey7284,"Logic also sampled this beat on under pressure, I noticed it right away",0,0,2024-03-25T16:31:40Z,2024-03-25T16:31:40Z
UgwmnbXF9mjdz3KjcGR4AaABAg,@nojjy2006,This beat won the battle,0,0,2026-03-08T07:06:34Z,2026-03-08T07:06:34Z
UgxyBl1VfaJKZt4_EoV4AaABAg,@JapandaaaTV,This song has a chokehold on me ! LOL.,0,0,2024-04-08T02:52:17Z,2024-04-08T02:52:17Z
Ugwrd0is-6zyZenAGI54AaABAg,@Revelacetion,Prove that he’s a problem - reference to middle child J Cole’s song,0,0,2024-03-26T06:52:33Z,2024-03-26T06:53:18Z
UgxEMmXgyaMTNVEqh3l4AaABAg,@Natistrong,"The Click is E-40's crew with B-Legit, D-Shot and Suga T. K-Dot had bars on this song!",0,0,2024-03-27T06:33:06Z,2024-03-27T06:33:06Z
UgytaQOREu17ZBGjvud4AaABAg,@FliccxBigbro,I remember the sample from three six mafia that ride spinnas song they had back when they used to play music videos on BET,0,0,2024-04-04T18:42:32Z,2024-04-04T18:42:32Z
UgzlLtbxyRX7eA9lPdh4AaABAg,@victomovkids,Three six - I gotta touchem 1 and 2 used this beat in the 90s,1,0,2025-01-15T05:05:31Z,2025-01-15T05:06:05Z
UgzUZ-2ti1cfZlejEDZ4AaABAg,@Ian-tp6mu,yeah its a shout out to the bay at 11:00,0,0,2024-03-26T11:04:13Z,2024-03-26T11:04:13Z
UgwpbfhgTu9cCH0Otlp4AaABAg,@mungulaa,Logic had this sample on his song called Under Pressure,0,0,2024-03-29T16:26:24Z,2024-03-29T16:26:24Z
UgxlW1TkLuWT5qU3TcR4AaABAg,@allanj917,"That's A K for all these 9 (AK's over 9mm) , K9s pet cemetery etc...this went over the room tempt...very good stuff...",0,0,2024-03-28T04:11:47Z,2024-03-28T04:11:47Z
UgwPsqxL3MRHYvqH4DV4AaABAg,@a3a535,B-Legit and E-40 was in the group in the late 80s called The clique,0,0,2024-04-12T18:08:15Z,2024-04-12T18:08:15Z
UgxShUseS8LJffDCiex4AaABAg,@mrdozo23,This is basically Who the Crunkest by Three 6 Mafia with an added Eazy E sample.,0,0,2024-03-30T00:33:35Z,2024-03-30T00:33:35Z
UgxREJ8EL6X9whY_A2B4AaABAg,@beejay4397,beat-  *Rodney O & Joe Cooley* *everlasting bass*,0,0,2024-04-07T12:07:43Z,2024-04-07T12:08:27Z
UgzkRtumnymh0QFl5OJ4AaABAg,@evehairbearc9175,The beat is from one of ever lasting Bass,0,0,2024-04-16T09:27:34Z,2024-04-16T09:27:34Z
UgzU7gpCAEBuYSct4BN4AaABAg,@mrvenombaba,I missed you guys,0,0,2024-03-25T11:04:50Z,2024-03-25T11:04:50Z
UgwiaqCBt9leX-8tmfJ4AaABAg,@LockedUpLarry,Beat sampled from 36 mafia “who the crunkest” and everlasting bass. But the high hat sounds like 36,0,0,2024-04-20T02:04:58Z,2024-04-20T02:11:27Z
UgyXKmwfWvyA21G6JWB4AaABAg,@Whales_nda,SEEN IT ALL reaction 🙏🏽,0,0,2024-03-27T13:23:51Z,2024-03-27T13:23:51Z
UgxnDNLWFyZDZfaOMgx4AaABAg,@Evan5519,I wish I had friends I could listen to music with.  I love this channel!,0,1,2026-04-20T22:19:02Z,2026-04-20T22:19:02Z
UgzP8TV1I0vRdFNApK94AaABAg,@user-eq5ub5rs3g,"I thought the Prince/MJ thing was a reference to first person shooter, drake saying 1 away from Michael, the dance in the video etc, plus the artistic integrity stuff, lines hard af.",0,0,2024-03-25T02:39:24Z,2024-03-25T02:39:24Z
Ugy6AwZBAOgaQB8-dMh4AaABAg,@sonofwilliam86,The beat is Everlasting Bass by Rodney O and Joe Cooley I bump that shit daily,0,0,2024-05-26T02:29:10Z,2024-05-26T02:29:10Z
UgwJVtxKK4U4bAdogJl4AaABAg,@allydaicha5621,"When Kdot said “dudes clicking up” I think he was referencing first person shooter when drake kept saying “I’m bout to click out on this s***, I’m bout to click”",0,0,2024-03-29T16:03:28Z,2024-03-29T16:03:28Z
Ugz0sH_f5laQjeMZY4x4AaABAg,@nothing_but_sports,Nas “no idea is original” rapped on that sample.,1,1,2024-03-25T03:06:48Z,2024-03-25T03:07:33Z
UgxQV9LbXXN3OonxaZF4AaABAg,@JohnBarksdale,"Logic rapped on the Eazy sample on ""Under Pressure""",0,0,2024-03-29T02:54:16Z,2024-03-29T02:54:16Z
UgyV0jLz4MFj0OpVSDR4AaABAg,@mikemartezable,That original bass part is from Barry White 1973,0,0,2024-03-27T02:32:14Z,2024-03-27T02:32:14Z
UgwFL8Gqr3wwWxoTwSx4AaABAg,@iamshawnwilliam,"E-40, Wayne & Juevy which makes the E-40 & the Click line harder",0,0,2024-03-25T06:10:32Z,2024-03-25T06:10:32Z
UgxMaMDaNho2Ev0WlCh4AaABAg,@MRAKRYTEPACKLIKE,Everlasting bass,0,0,2024-03-28T16:18:10Z,2024-03-28T16:18:10Z
UgyygPmBnKKt3LjNE6V4AaABAg,@kimbeaux916,Everlasting bass,0,0,2024-03-25T16:00:44Z,2024-03-25T16:00:44Z
Ugz9vAfkeGviJtJZJol4AaABAg,@GlutenFree-e,3:20 bro everyone has rapped with this sample fr😂,0,0,2024-04-04T18:16:31Z,2024-04-04T18:16:31Z
Ugx4SlmU3ATuEgTczQV4AaABAg,@gerbatron1351,@lostinvegas logic also used the easy-e sample in underpressure,0,0,2024-03-26T17:16:04Z,2024-03-26T17:16:04Z
UgzFRPNaX94nM7S2Ysd4AaABAg,@KeepinItSolid6040,"E-40 and B Legit were in a group called ""The Click""",0,0,2024-04-02T19:01:42Z,2024-04-02T19:02:26Z
Ugxj029ElfeqqS6igyF4AaABAg,@zeb51,"The biggest point for the pet cemetery line is that in the movie the dad has to bury his son. So I think Kendrick is also saying he will 1. Bury drake, and 2. Drake is his son.",0,0,2024-03-25T05:09:22Z,2024-03-25T05:09:22Z
Ugy03i6moSpViJBKkDB4AaABAg,@Big_Pants_,Honestly main takeaway from this is Kendrick and Cole are now about to make it very clear how high above Drake they are,1,0,2024-03-25T21:56:40Z,2024-03-25T21:56:40Z
UgwSwTFBRNJ43Q7yGzB4AaABAg,@Naquel21,Im thinking “bum” was just an onomatopoeia  for an explosion 💥,0,0,2025-02-19T11:29:43Z,2025-02-19T11:29:43Z
Ugzpdum9dY1rFFRbuL14AaABAg,@BigStan1420,One of the goats rapped on that beat. lil Wayne “ hard body “,0,0,2024-04-11T22:56:36Z,2024-04-11T22:56:36Z
UgzrFLMiJ7SM_0l6fzl4AaABAg,@SUPR3M3ALLAH7,Rodney O & Joe Cooley “ EVERLASTING BASS “ is the sample !! Compton Left Coast flavor !! Check it out,0,0,2024-03-26T00:31:21Z,2024-03-26T00:31:21Z
UgxunLqjr5HU-waH1yh4AaABAg,@traviseest,It was the Game that used the Eazy E sample if I recall correctly,0,0,2024-03-25T08:17:27Z,2024-03-25T08:17:27Z
UgwfAmpqBLGLshzE86R4AaABAg,@Mew_Market,so good!,0,0,2024-03-31T15:44:34Z,2024-03-31T15:44:34Z
Ugz_nSRL7cRDV0682iF4AaABAg,@withanelekay5673,"Gotta love direct shots, kinda reminds me of Big Foot",0,0,2024-04-08T20:18:19Z,2024-04-08T20:18:19Z
UgyJsbNZpgRQWvDUxp94AaABAg,@rickyrubio7934,I was waiting on this,0,0,2024-03-29T22:25:42Z,2024-03-29T22:25:42Z
UgzAN50NUGOXS4ClR8N4AaABAg,@TomasEndeavor,Everlasting bass sample,0,0,2024-03-30T06:08:52Z,2024-03-30T06:08:52Z
UgyRWTUenOnUkyG1y-R4AaABAg,@JGJ-420,B-Legit and E40 were a part of a rap group called The Click,0,0,2024-03-25T05:46:09Z,2024-03-25T05:46:09Z
UgyBcb2PPShO7z5-3054AaABAg,@ThisIsMyHandle008,React to: YOUNG METRO ‼️‼️‼️,1,0,2024-03-25T07:12:50Z,2024-03-25T07:12:50Z
UgywFxpLHVGogm7FaRZ4AaABAg,@HUGLIFE12,I can't give too much credit to metro with today's technology he should be able to do what he does,0,0,2024-03-25T21:11:21Z,2024-03-25T21:11:21Z
UgwhZbbKT8O7sipmt5Z4AaABAg,@taylorcruse3989,Beat reminds me of “who the crunkest” from three 6. Got that memphis crunk to it,0,0,2024-04-02T01:52:55Z,2024-04-02T01:52:55Z
UgzyxUcjWa_ovec7K8R4AaABAg,@marcusfulton8614,"Rodney O and Joe Cooley sample, Everlasting Bass!",0,0,2024-03-25T14:18:02Z,2024-03-25T14:18:02Z
UgytYx_528LAIfoTIBt4AaABAg,@adrianmorgan4722,Hope these guys hold the views they had before the beef,0,0,2025-03-11T14:31:16Z,2025-03-11T14:31:16Z
UgwsG2lJ9vIWKBy2UXJ4AaABAg,@sethlast9024,The beat was another feature 😭,0,0,2024-03-31T02:48:38Z,2024-03-31T02:48:38Z
UgxbNGvsq75VYxKhxTZ4AaABAg,@skyscraper4157,This beat is crazy,0,0,2024-03-28T23:37:08Z,2024-03-28T23:37:08Z
UgzNOboLHcPRAoD8c794AaABAg,@Avas2Sense,Rodney O and Joe Cooley Everlasting Bass and Barry White I’m Gonna Love You,0,0,2024-03-25T16:00:34Z,2024-03-26T06:01:03Z
UgyQmsAcWLlFIZXu65p4AaABAg,@OneRyLove,This shit was crazy I was hoping yall didn’t right away 😂,0,0,2024-03-25T10:04:34Z,2024-03-25T10:04:34Z
Ugy_1BjsOFTOjZhk1cx4AaABAg,@Mr_Robot11011,Need that Prince line on a T-Shirt,0,0,2024-03-29T01:47:24Z,2024-03-29T01:47:24Z
Ugw-sOuDDMNrVfmrQf14AaABAg,@ronniehorton7969,"E-40 and B legit's rap group name was "" The Click"".",0,0,2024-03-26T18:39:14Z,2024-03-26T18:39:14Z
Ugye4a5ASs3wj08-3Vp4AaABAg,@iamshawnwilliam,Rodney O & Joe Cooley “Everlasting Bass”,0,0,2024-03-25T06:09:37Z,2024-03-25T06:09:37Z
Ugwgma8KYWWOT2oE0Lt4AaABAg,@mustangs1140,"It’s crazy to come back to this video when yall were unbiased, then watch all the other reactions, and now the dismissal of the case. I really loved all y’all’s reactions before this beef and now it’s hard to come back to anything new. I’m sure yall don’t care but I wish yall the best.",1,3,2025-10-10T15:10:16Z,2025-10-10T15:10:16Z
UgytDjNplbuNOKcFEht4AaABAg,@malumeplayground,"Mr Morale was a great album, I don't know why people don't like it.",1,0,2024-03-25T05:54:59Z,2024-03-25T05:54:59Z
UgySvWfG_mgiMPQ9QzR4AaABAg,@juniorurrieta,That's everlasting bass by Rodney O. West Coast show some respect,0,0,2024-03-26T17:03:39Z,2024-03-26T17:03:39Z
UgzhJitmkIWYNsZ3tMN4AaABAg,@BUKABoloBoy,The other rapper that rapped on a similar beat was Slim Thug  @3:21,0,0,2026-06-25T03:10:52Z,2026-06-25T03:10:52Z
UgyC1rNe4KtRVVYrusJ4AaABAg,@pit4life03,Real rap takeover.......early 2000's tingz,0,0,2024-03-28T15:41:06Z,2024-03-28T15:41:06Z
UgxA2SY38Wwu5GMDzLt4AaABAg,@cluecapone5478,"Rodney O n Joe Cooley ""everlasting Bass is the song he sampled",0,0,2024-04-03T14:25:05Z,2024-04-03T14:25:05Z
Ugzkno-GFS1SifTs06p4AaABAg,@raullalionel,"Andre 3k diss is directly at Cole. Cole did the amari cover with the coat and stick/cane. Andre 3k used to love his cane in videos. Andre 3k one of the greatest lyricist, saying cole aint great enough",0,0,2024-03-25T08:26:28Z,2024-03-25T08:26:28Z
UgzRatgQEqFRL1zz2QR4AaABAg,@jaylouis7934,Rodney O and Joe Cooley “ Everlasting Bass”,0,0,2024-03-25T20:57:55Z,2024-03-25T20:57:55Z
UgywUs1Xc8-hrwqBFr14AaABAg,@BR0TH0RITY,Slim Thug has a song with the easy E sample on Thug from Boss of all Bosses lol,0,0,2024-05-07T06:24:26Z,2024-05-07T06:29:13Z
UgyVHvi5lZoejptXRaR4AaABAg,@AZ_TONY,"They got that ""gotta touch em"" beat sample by three 6 mafia in there. Look it up",0,0,2024-03-26T04:27:32Z,2024-03-26T04:27:32Z
UgyqR_jE2aFXroMaHcd4AaABAg,@RyanZifko,Big Sean-Whole Time!!!!!,0,0,2024-04-02T03:50:11Z,2024-04-02T03:50:11Z
Ugw3f8-TvdX_a5xMsXx4AaABAg,@Itsallaboutyoureactions,Rodney O & Joe Coolie (Everlasting Bass),0,0,2024-03-29T08:18:40Z,2024-03-29T08:18:40Z
Ugw42-uba52ZfFMVl3t4AaABAg,@TheTrill334,"It reminds me of the 80s heavy synthesizers hiphop like whodini, just modernized.",0,0,2024-03-28T13:12:15Z,2024-03-28T13:15:29Z
UgyFBFoRM3rTWYIryc94AaABAg,@OnyxWolf88,3:22 it was slim thug- THUG,0,0,2024-03-26T06:52:01Z,2024-03-26T06:52:14Z
Ugzgmg983otgxZzXHRd4AaABAg,@4SZNS4US,"Logic - Under Pressure 

(Uses Eazy sample)",0,0,2024-03-25T12:55:37Z,2024-03-25T12:55:37Z
UgwnZLagczBTDSU1lA94AaABAg,@rodneystephenson8532,"E-40 and the Click….is a Bay Area rap group from the 90s. B-legit, suga T and D shot.",0,0,2024-04-06T16:12:01Z,2024-04-06T16:12:01Z
Ugy3lxKvnn0eDSOQB494AaABAg,@nicolasceaser8181,The other rapper that used the eazy e sound was Logic,0,0,2024-03-26T03:39:33Z,2024-03-26T03:39:33Z
UgxXBpgsy-apyTZy4sh4AaABAg,@Upgradetay,"Rodney O and Joe Cooley, everlasting base",0,0,2024-03-29T00:00:44Z,2024-03-29T00:01:07Z
Ugx5CU96L4iv38DZ03t4AaABAg,@lamontsimmons7891,B-legit and 40 are cousins who formed a Group called “The Click” along with 40’s brother and I believe his sister,0,0,2025-01-18T11:14:31Z,2025-01-18T11:14:31Z
UgyD58-TybCpPfWV8P14AaABAg,@trev_utd,i cant listen to this without hearing Tha Alkaholiks - Handle It,0,0,2024-09-10T06:31:05Z,2024-09-10T06:31:05Z
UgwLeKgdWqL7OKdPstx4AaABAg,@LowKeyShawn2,Original song is “Everlasting Bass”Rodney O!!,0,0,2024-03-26T02:48:50Z,2024-03-26T02:48:50Z
UgxMSVMR320gRstuLgF4AaABAg,@MoeDavinci,"Wayne did rap on that this beat on Drought 3 (Hard Body is the name of the song and Tune smoked that record, that record was a diss towards Gillie) 🔥",0,0,2024-03-24T23:12:54Z,2024-03-24T23:13:18Z
Ugwqxs_Q5fP-Em_Re-p4AaABAg,@stephen3019,Please do more king los he has been going crazy 🔥🔥🔥🔥🔥💯,0,0,2024-04-02T15:03:41Z,2024-04-02T15:03:41Z
Ugz0KEqK3o17NwsO6it4AaABAg,@Isaac_Jnr_II,They Included Kendrick In The Big 3 Line And Left Him Out Using The Spiderman Meme,0,0,2024-03-25T17:19:04Z,2024-03-25T17:20:22Z
Ugw1jTmyan2aTf5XD1h4AaABAg,@warmwish0202,Love it!...,0,0,2025-03-29T14:56:01Z,2025-03-29T14:56:01Z
Ugxj-VbSmH_ys9VdHFd4AaABAg,@NotQuiteThxrsdxys,DJ Paul used that sample on Riding Spinners.,0,0,2024-03-27T22:36:07Z,2024-03-27T22:36:07Z
UgwkablrelVSrsBfTQ54AaABAg,@somedogsarecops2354,"Now that K has wrapped up his conscious shit with TD, he's free to do whatever he wants. This is just the beginning.",0,0,2024-03-27T16:45:47Z,2024-03-27T16:45:47Z
UgwDo38nICaOH1l5OOl4AaABAg,@breakingloose4267,This song is Track 6 by the way…. Don’t let that go over your head too 🔥,0,0,2024-04-10T17:16:48Z,2024-04-10T17:16:48Z
UgzeLbFoIG5ci_VRvDJ4AaABAg,@JayMorado7,"The a K with all these 9’s also goes back to first person shooter. AK is a primary gun, 9’s secondary gun. Like a first person shooter game u got both on u",0,0,2024-04-04T01:00:35Z,2024-04-04T01:00:35Z
UgzfK0ueBp7-wZNQXcB4AaABAg,@mattsmith2093,The big artist you’re talking about who you said sampled this same song is logic from his song “under pressure” shit is gas,0,0,2024-05-12T07:31:09Z,2024-05-12T07:31:09Z
UgwvZms_SF9v4bvk2rV4AaABAg,@JAD-JustAnotherDay,D1 Yappers,1,0,2024-03-25T03:53:19Z,2024-03-25T03:53:19Z
Ugw8_0zdSNQCAM4N4MN4AaABAg,@X3FBrian,"Logic - ""Under Pressure"" sampled this song too.",0,0,2026-03-09T00:38:42Z,2026-03-09T00:38:42Z
Ugy0GdEpiCH7O-C4Dz14AaABAg,@luvergod,Rodney O - Everlasting Bass,0,0,2024-03-29T01:56:48Z,2024-03-29T01:56:48Z
UgzuMVrOxMIsvxm5ifV4AaABAg,@allprogrows358,"That sample is Everlasting Bass from 1986, you gotta be a super old head/hip-hop head to have even heard that song.",0,0,2024-03-25T23:12:22Z,2024-03-25T23:12:22Z
Ugz4gWR0HXu01JZivXd4AaABAg,@dwbkmj,Lite pack ghost writer diss,1,0,2024-05-11T03:30:38Z,2024-05-11T03:30:38Z
UgzGRXioLrBfr8szJqt4AaABAg,@KamikazeSOF2,Slim Thug is the one who did the Eazy E sample (thug from around the way),0,0,2024-06-06T02:32:08Z,2024-06-06T02:32:08Z
UgzujsBzhSZ7Kd1_Gth4AaABAg,@tazz9074,E40 and B-legit was in a group called the click.,0,0,2024-03-25T00:29:01Z,2024-03-25T00:29:01Z
UgyhBMD4R1mv4dP9Q554AaABAg,@infinityxentropy7778,Love seeing mighty mouse react to this 😂,0,0,2024-03-28T00:05:28Z,2024-03-28T00:05:28Z
UgyBPK84MWLvpW8_3Od4AaABAg,@GamingWitRad,Too many legend producers to put him on the Rushmore but for this era Yes hell yes he is the forefront,0,0,2024-03-29T12:19:41Z,2024-03-29T12:19:41Z
UgzxDwtkeJDJhCSpx_94AaABAg,@Stupidshortstories,"Metro just went crazy on the beat , you can say your ABC's to this beat and it would go crazy😅",0,0,2024-03-25T05:09:51Z,2024-03-25T05:09:51Z
Ugy53Q7hZ9Q-ut9gWHB4AaABAg,@5rican2king4,Everlasting Bass by Rodney O  &  Joe Cooley,0,0,2024-03-29T17:28:42Z,2024-03-29T17:28:42Z
UgwSE3z5PT36reF5mTl4AaABAg,@allydaicha5621,Metro was dissing too with that beat 🔥 🔥😭,0,0,2024-03-29T15:49:10Z,2024-03-29T15:49:10Z
UgwE3MIKE1RdRlL4Qbx4AaABAg,@chris13607,The old school sample is originally from Barry white deeper and deeper.,0,0,2024-03-25T14:52:20Z,2024-03-25T14:52:20Z
Ugyv-pPyMAgznHeUPqR4AaABAg,@elizabethjoseph7701,Pls react to 7 minute drill,1,0,2024-04-06T00:39:11Z,2024-04-06T00:39:11Z
Ugyduk3OsE9tRejc6rF4AaABAg,@Avas2Sense,Never forget that Kendrick started as a battle rapper!,0,0,2024-03-25T16:21:46Z,2024-03-25T16:21:46Z
UgyP-DFaspSTVtTzTVh4AaABAg,@chaosTopShelf,I thought the Melly Mel line was about how Melly Mel goes at Em goat status and that’s what Kendrick is doing to Drake,0,0,2024-06-10T06:42:09Z,2024-06-10T06:42:09Z
UgyThnYMTOM5Gj6pGGt4AaABAg,@knowbeonekanobe5672,B Legit and E-40 were in a rap group called the Click,0,0,2024-03-29T19:10:18Z,2024-03-29T19:10:18Z
UgztpWzh7mqT1oBgq2J4AaABAg,@PDD873,E-40’s group was called the click and that’s what he’s referring to and be legit is his cousin,0,0,2024-04-09T18:46:02Z,2024-04-09T18:46:02Z
UgxYmRpd2O-fW46wubp4AaABAg,@zalas37,"you guys should do a serie listening to a full album sequencially (one song for episode, i dont know if putting the whole album in a video is finnancialy good for you) i think it would be cool as hell, my first recommendation would bee The dark side of the moon by pink floyd or Master of the puppets by mettalica or maybe the off season by j cole, really enjoying the channel",0,0,2024-03-30T00:30:21Z,2024-03-30T00:30:21Z
UgwMRxEsqLhm8-wcDpF4AaABAg,@jamaltaylor6374,“ it’s time to prove that he’s a problem” Cole called himself the problem child,0,0,2024-03-29T21:29:07Z,2024-03-29T21:29:07Z
UgxB97z-MU01ETF3PPd4AaABAg,@aidanalfino2386,Logic used that eazy e sample on under pressure,0,0,2024-03-26T21:40:04Z,2024-03-26T21:40:04Z
Ugzx31FFkxoSDymU8mV4AaABAg,@AndSoWeGo-,Lmao my guy said the beat so hard it had to have its own verde😂😂,0,0,2024-03-26T13:40:08Z,2024-03-26T13:40:08Z
UgxequKnSwdmX5O21rl4AaABAg,@user-vj8mw5mb5v,The click is a group that included b-legit and E40.,0,0,2024-03-26T17:03:30Z,2024-03-26T17:03:30Z
UgwOu8y5qBPwjSx4HAB4AaABAg,@eazi-bonlife7298,The “problem” part might be a reference to Big Daddy Kane’s comment in an interview where BDK was asked of who’s his favourite in this generations… and BDK referenced to Cole that Cole is the problem,0,0,2024-04-07T16:32:40Z,2024-04-07T16:32:40Z
UgzcLThKt9T9dTcSznV4AaABAg,@MarcusKeels,3-6 had a song on this beat too call who da crunkest. The around da way part is from Eazy E,0,0,2024-04-29T03:59:26Z,2024-04-29T04:00:58Z
Ugyb_qf9b_2Dfh1wBZN4AaABAg,@edwardtaylor2651,B-Legit and 40 Water E-40 have done a lot of music over they career. That’s where the clique line comes up.,0,0,2024-03-28T22:30:32Z,2024-03-28T22:30:32Z
UgyKxSp2ELUPuFesVgV4AaABAg,@ygorSilva-t1o,Que beat foda Kendrick brincou com o instrumental,0,0,2024-04-01T20:54:02Z,2024-04-01T20:54:02Z
UgyTcqlYlm-9x831O8N4AaABAg,@donw420,"E 40 ,B-Legit & Suga T is ""The Click""",0,0,2024-03-25T08:53:43Z,2024-03-25T08:53:43Z
UgzX8C4WFvUsV3UY9el4AaABAg,@eddiesheppard9544,"Fam, Metro...you gotta relax...damn!",0,0,2024-03-27T14:58:50Z,2024-03-27T14:58:50Z
Ugyu1BLrgReR-NuqAgF4AaABAg,@kike21la9,no one gonna ever convince me that beat is fire. that shit is horrendous,0,0,2024-04-10T01:56:30Z,2024-04-10T01:56:30Z
UgzTR7Q9iDg2WdgRINd4AaABAg,@Showtime26.8,Is that a rock the bells sample too? Maybe I’m tripping but that’s what that sounds like in the back. Beat is fire mixing all these samples in there.,0,0,2024-03-28T02:42:42Z,2024-03-28T02:42:42Z
Ugzx7fij4eEeienZSDN4AaABAg,@Mikepepp2,Riding music.  🔊 🔊 🔥,0,0,2024-03-24T23:10:38Z,2024-03-24T23:10:38Z
Ugy9VgFl4as1sCcyxlR4AaABAg,@b3ny3alSR,Sampled Rodney O & Joe Cooley’s Everlasting Bass,0,0,2024-03-24T23:51:49Z,2024-03-24T23:52:51Z
UgxBy_yDslY7JbVRUJF4AaABAg,@TusharRoy01,For the algorithm ✊🏾,0,0,2024-03-30T08:52:17Z,2024-03-30T08:52:17Z
Ugxbnl8lOusDyu878kJ4AaABAg,@kuzconewman12,OHIO BY SCHOOLBOY Q !,1,0,2024-03-31T04:45:50Z,2024-03-31T04:45:50Z
Ugy2PjyemgEW0QpCJk14AaABAg,@tyronepetrie,Beat…..Rodney O and Joe Cooley - Everlasting Bass🔥🔥🔥,0,0,2024-03-25T11:39:24Z,2024-03-25T11:39:24Z
UgzCwPk1_oYx0iujfy14AaABAg,@milkycannon444,everlasting bass is the og sample,0,0,2024-03-27T13:40:54Z,2024-03-27T13:40:54Z
UgzD97Uxmy6tulSsp6t4AaABAg,@highkingofmidwest,Lil Wayne and Logic both rapped on that easy e sample,0,0,2024-04-06T03:37:26Z,2024-04-06T03:37:26Z
UgyPqS88-EnlDV1VoJN4AaABAg,@kamranpilkinton,E40 and Blegit had a crew called the click,0,0,2024-03-27T23:21:38Z,2024-03-27T23:21:38Z
UgydUzn2_Y2UUBer3pN4AaABAg,@BrysonHaywood-du6qm,Wayne did rap on this.,1,0,2024-08-02T01:45:51Z,2024-08-02T01:45:51Z
UgyaTJaT5ET_2LcF_rx4AaABAg,@colepritchett6318,Logic also used that sample and If I'm not mistaken you did a reaction to that too.,0,0,2024-03-26T20:24:14Z,2024-03-26T20:24:14Z
UgxJioyGVJE5dDGWbCp4AaABAg,@Yoitsmalaki,B legit and e40 were in a group called The Click,0,0,2024-03-28T19:21:07Z,2024-03-28T19:21:07Z
UgxctT8p_Uk0Fl1ONgJ4AaABAg,@potatoman7475,I heard the song on the 23rd.,0,0,2025-03-23T05:02:59Z,2025-03-23T05:02:59Z
UgwOAUqurzw0_uHqzN14AaABAg,@hunterkun4712,eazy sample used by logic on under pressure,0,0,2024-03-25T14:37:55Z,2024-03-25T14:37:55Z
UgxtEKiLQTxaTpi1IKd4AaABAg,@haphduzn612,"B Legit and E40 were members of a rap group called the Clique. Also, the song Money, Power, Respect was produced by a producer named DOT.",0,1,2024-03-27T00:42:29Z,2024-03-27T00:42:29Z
UgxXvIW5Qm3123AeEPF4AaABAg,@nickhidalgo4737,Rodney o Joe coolies original beat it had that bass song is literally called everlasting bass,0,0,2024-03-26T19:53:48Z,2024-03-26T19:53:48Z
Ugys2-gEiDy2Q00rH0x4AaABAg,@zhakar1993,Logic rapped on the eazy sample on under pressure,0,0,2024-03-26T12:39:41Z,2024-03-26T12:39:41Z
Ugyg7GvYRhdxgAcn2GV4AaABAg,@DISHINDOTS,Logic used the Eazy E sample on Under Pressure,0,0,2024-03-26T03:24:22Z,2024-03-26T03:24:22Z
UgwUrDCgrZvV0ijoDyt4AaABAg,@MK-fi6mh,Sitting on chrome - by master ace was sampled,0,0,2024-04-08T07:25:33Z,2024-04-08T07:26:18Z
UgxdcpykoWQ744t1Map4AaABAg,@mmacardguru,18:00 Hes responding to Drake saying beat it beat beat it beat it on First Person Shooter. Drake was comparing himself to MJ during that song,0,0,2024-03-26T16:50:37Z,2024-03-26T16:51:07Z
UgwqpD31XmaNJKc0TN54AaABAg,@amawndiep,"fam! look it up Rodney & Joe Cooley had the BASS in the cut already, the cut was called ""Everlasting Bass""! y'all need to react to the original...West Coast legends",0,0,2024-03-26T04:56:20Z,2024-03-26T04:57:06Z
Ugza0xKpI8QtnN-C5ih4AaABAg,@AobakweMakesMusic,Man why my man Ryan got the Jamie foxx Velcro beard 😅lmao jk love the reactions! Keep em coming,0,0,2024-04-01T18:17:14Z,2024-04-01T18:17:14Z
Ugx5-UTpdep45LlFlhh4AaABAg,@trevormcquoid7433,It’s interesting seeing people say how he sampled eazy and even whosampled says the main part of the beat is from a song called everlasting bass. I took it as more of an interpolation of Gotta Touch Em and Ridin Spinners cause theyre both 36 mafia songs and future is from the south. Ridin spinners sampled easy duz it and gotta touch em sampled everlasting bass,0,0,2024-04-01T19:29:01Z,2024-04-01T19:32:00Z
Ugw2lonQzymzJJQ2ph94AaABAg,@kelvinusher2642,The beat was from Rodney O and  Joe Cooley,0,0,2024-04-08T02:53:19Z,2024-04-08T02:53:19Z
UgyqigQwX3OWR0uKq9J4AaABAg,@pablodelgado9299,"This joint came from Rodney O and Joe Cooley -everlasting bass
Same on the lil Wayne da drought 3 for the ones that don’t know ..de nada 😎",0,0,2024-03-27T10:04:12Z,2024-03-27T10:04:12Z
UgymoAc4IAOmEcgnNlp4AaABAg,@burgagle,E 40 used to be in a group called the Click,0,0,2024-03-25T02:16:50Z,2024-03-25T02:16:50Z
UgxuFmhjEtEBJg5EfMJ4AaABAg,@MDW82,"The click is the group of B-legit, E-40 and suga T",0,0,2024-04-08T15:10:53Z,2024-04-08T15:10:53Z
Ugz0QTszF_utqJ_NWxt4AaABAg,@Swippit,Yall need to check out megadeth songs that are targeting Metallica and/or lars,1,0,2024-04-09T23:04:12Z,2024-04-09T23:04:12Z
UgyGNA14IC1SE5JXpu14AaABAg,@Marcquez2007,Drake made a Michael Jackson reference in First Person Shooter….that Prince line was a direct shot at Drake.,0,0,2024-03-25T23:56:55Z,2024-03-25T23:56:55Z
UgxhpEOvFigdZZVoNAJ4AaABAg,@kevinwordlaw4030,The click was the name of E 40 group hot ones echo through the ghetto,0,0,2024-03-26T02:38:42Z,2024-03-26T02:38:42Z
UgyB2tEEZU6qPcUVdsl4AaABAg,@ceasarmcclain8820,That you like to walk around with a stick was a shot at Cole,0,0,2024-04-06T17:15:37Z,2024-04-06T17:15:37Z
UgyvXX-Y-yxtzKrcbPF4AaABAg,@candicegraham1519,Shout out to 3-6 on the sample Who’s the Crunkest,0,0,2024-03-25T03:21:40Z,2024-03-25T03:23:50Z
Ugx4Myz1UYdJF8gIRAZ4AaABAg,@Philisterstarling,Metro on point  with this one.,0,0,2024-03-25T07:57:08Z,2024-03-25T07:57:08Z
UgzvAai9l6my_7tboIB4AaABAg,@ZAE_LONE,i clicked cuz this beat fire and i need to know ryans thoughts 🤣,0,0,2024-04-04T04:11:38Z,2024-04-04T04:11:38Z
UgwYBaDfS7LqQFj5NHh4AaABAg,@rts.studioshq,"Prince… writer, musician, activist, artist
Mike… performer, commercial spectacle, apolitical",0,1,2024-03-26T00:05:37Z,2024-03-26T00:05:37Z
UgxlYf2uJGQhUs0Hk9B4AaABAg,@tremcdonald9748,React to everyday hustle next I really love like that but everyday hustle has had me in a chokehold,0,0,2024-04-01T07:13:07Z,2024-04-01T07:13:07Z
Ugw_VDGXhIeobk8fzQx4AaABAg,@kjen1516,Best breakdown and beat reaction 👏🏿☄️ Nas Rakim Kendrick ☄️ love Cole but 🔝,0,0,2024-03-26T06:05:53Z,2024-03-26T06:08:43Z
Ugwgzb2hA2CbWw7nDUB4AaABAg,@sierralowe989,Metro is definitely one of the best right now,0,0,2024-03-25T17:35:06Z,2024-03-25T17:35:06Z
UgxSxD3Jzjo2maTv3al4AaABAg,@TheBlobBoi,Ik it's an old song but its one I love. Can you do a video on Slickrick - Children's Story?,0,0,2024-03-26T06:43:41Z,2024-03-26T06:43:41Z
UgwOabX12odDs_DvPfB4AaABAg,@FailedNoob,You guys have to react to OT The Real -  Bars On I-95. Crazy good freestyle.,0,0,2024-04-03T20:09:23Z,2024-04-03T20:09:23Z
Ugz_X3FHDF_V70cdqfR4AaABAg,@Coyz17,fire,0,0,2024-05-25T05:26:49Z,2024-05-25T05:26:49Z
Ugw2uWC3AEORcRWObmJ4AaABAg,@everythingzimTV,🔥🔥🔥🔥,0,0,2024-03-28T22:14:31Z,2024-03-28T22:14:31Z
Ugz9BVcl2LfrSvvxY4J4AaABAg,@714craev,On point about Wayne 💯 Hard body - Lil Wayne 🔥🔥🔥,0,0,2025-07-27T01:53:21Z,2025-07-27T01:53:21Z
Ugw7fOF6QK5grkAmFyV4AaABAg,@ethanboxell1069,Slim thug used that Eazy sample too,0,0,2024-05-18T16:25:32Z,2024-05-18T16:25:32Z
Ugwo6R2x3q-ugCA2I2t4AaABAg,@elijahestrada2355,"React to ""Everlasting Bass"" next",0,0,2024-03-29T16:10:35Z,2024-03-29T16:10:35Z
UgysAnfPO5TLlIDu4Hd4AaABAg,@vinnyharrison2024,Yea Wayne went crazy on that beat,0,0,2024-03-27T13:20:53Z,2024-03-27T13:20:53Z
UgyPOMguckCSkcp3Pih4AaABAg,@crunchycho,big 3 schemin to boost sales,1,1,2024-03-28T23:37:23Z,2024-03-28T23:37:23Z
Ugw5oTKElR11gRnfAfZ4AaABAg,@GPECK83,"Lil wayne flowed on a beat like this on one of the Dedication.
Albums",0,0,2024-04-03T02:20:32Z,2024-04-03T02:20:32Z
UgwNqET1NO6NsQG6u3V4AaABAg,@thisiskenzo_,The Game and Kanye rapped on this Eazy E sample recently.,0,0,2024-03-25T12:11:42Z,2024-03-25T12:11:42Z
UgzaGcLd1Gv_X7EuoBt4AaABAg,@ThePimpin51,"Check out ""Everyday Hustle "" on the album.",0,0,2024-03-27T16:07:41Z,2024-03-27T16:07:41Z
Ugxk4ItDYZKOgq8M9ht4AaABAg,@LitWithYachty,New Kenny mason album worth checkin out fs !!,0,0,2024-03-26T19:37:34Z,2024-03-26T19:37:34Z
UgzxFyPOzUBoBvcI4YZ4AaABAg,@lhawanglama991,Just th best was dope,0,0,2024-04-08T17:53:31Z,2024-04-08T17:53:31Z
Ugy8-7IPUwYnh656SAp4AaABAg,@seanwashington8979,Rodney o and Joe Cooley Everlasting Base,0,0,2024-10-16T21:24:02Z,2024-10-16T21:24:02Z
UgyOUOrJERk1KV2FLux4AaABAg,@sickdion,Oooooh my god stop let me hop off here,0,0,2024-03-27T07:13:54Z,2024-03-27T07:13:54Z
Ugzr_4GdKk_HREJGysd4AaABAg,@madubb,"The group the click, which B legit and E-40 was a part of",0,0,2024-03-25T16:42:13Z,2024-03-25T16:42:13Z
UgzWmFWupTDDviDHF654AaABAg,@todhysteria,Drake and Kendrick been going at it since control came out. They just been shooting subs at each forever and I don’t expect it to end anytime soon,0,0,2024-03-25T13:42:38Z,2024-03-25T13:42:38Z
UgyarlMA-dpzvFMYqD54AaABAg,@forrealterrellgaming,Wayne rapped on a version of this. 3-6 did too. Classic for sure 💪🏾💪🏾💪🏾,0,0,2024-03-25T18:41:53Z,2024-03-25T18:41:53Z
UgwRuYTeshHOM6fTYs14AaABAg,@Geronimo-Yoga,Metro saved the summer.,0,0,2024-03-30T05:19:13Z,2024-03-30T05:19:13Z
Ugwye8sPA5jdL3TBKXt4AaABAg,@guider84,Everlasting Bass by Rodney-O,0,0,2024-03-26T16:00:57Z,2024-03-26T16:00:57Z
Ugx0jV7LMYwyxjyk6zh4AaABAg,@SpacegIIost,B legit and e40 is from a group back in the day called the click,0,0,2024-03-29T23:44:23Z,2024-03-29T23:44:23Z
UgzsciSv2ALg1_krq814AaABAg,@MemphisMo,"All Three 6 Mafia inspired, Tear Da Club up Thugz ""Who the Crunkest"" even the Eazy sample is from the Three 6 ""Ridin Spinners"" Everlasting Bass being the original track of course. 

I too watch sports and always say I don't have a dog in the fight, just wanna see a good game",0,0,2024-03-25T11:56:12Z,2024-03-25T12:16:43Z
UgzFaJ2M7qm6qgkYxAd4AaABAg,@222MovieMan,Do Revenge of the Zombie by six feet under next! It's a groovy death metal song,0,0,2024-03-25T17:13:05Z,2024-03-25T17:13:05Z
Ugyl6zH1lhUMmjuXcd94AaABAg,@matthewmatina3040,That’s Rodney O and Joe Cooley joint they sampled.,0,0,2024-04-05T00:34:28Z,2024-04-05T00:34:28Z
UgyIi5oNYRh0RjMX63p4AaABAg,@ShowtimeMvP93,Yall have to do Kenny Mason new project “9” … incredible!!,0,0,2024-04-02T12:11:26Z,2024-04-02T12:11:26Z
Ugzk6ka5PugkXjwtGXZ4AaABAg,@jlh468,Riding spinners is the song that used the sample,0,0,2024-04-04T15:04:42Z,2024-04-04T15:04:42Z
UgzPtonB0V8Cfds7Qcl4AaABAg,@Tiger24kicks,Cole going to come back crazy and Drake gonna have his writers writing full time.😊,0,0,2024-03-27T17:51:58Z,2024-03-27T17:51:58Z
UgyEUqLF7smB8EpeogN4AaABAg,@audioabdul,B legit and E-40 were in a group called the click,0,0,2024-03-25T09:15:56Z,2024-03-25T09:15:56Z
UgyD-hxsBmbocrr1gM94AaABAg,@ItsAkile,Metro in the clouds man fr,0,0,2024-03-26T02:12:54Z,2024-03-26T02:12:54Z
UgwjIkEckRqSlB33axB4AaABAg,@RoundNBrown,DIRTY SOUTH been reppin this beat from Slim Thug. Songs called “Thug”,0,0,2024-03-25T11:12:50Z,2024-03-25T11:12:50Z
UgzsSzyUdCGhiAVqaGd4AaABAg,@fatalnfelany,"React to ballad of a dead Soulja og version please.

Yall seem inviting
 It would be an honor",0,0,2024-03-29T20:35:25Z,2024-03-29T20:35:25Z
UgxaIo8nSih8UX8Il1J4AaABAg,@rolondod.pollard8370,"He was shouting out E-40 ,B-Ligit and the Click",0,0,2024-03-25T02:03:41Z,2024-03-25T02:03:41Z
UgyXceNg237Xvvhqf7J4AaABAg,@hot9697,Yo gotta did the sample on his song thug from around the way,0,0,2024-03-27T11:31:51Z,2024-03-27T11:31:51Z
UgzsWZKCGngUIsfmhKd4AaABAg,@christianyates2531,Wayne - I can’t feel my face. Da Drought 3,0,0,2024-04-03T02:24:01Z,2024-04-03T02:24:01Z
UgydSaDCh6jE2YRlXhh4AaABAg,@jonathanbethea4661,Lil Wayne Hard body was the other rapper they were talking about. He killed it,0,0,2024-03-25T18:06:23Z,2024-03-25T18:06:23Z
UgwYn9gAxL9GwYSLa-B4AaABAg,@ageg3572,They clicking up no b legit and 40 water is reference to E-40 and B legit first group which was called the click,0,0,2024-03-28T16:39:29Z,2024-03-28T16:39:29Z
UgwuKxZXEjmFZ0BNs5Z4AaABAg,@lehoodwink,6:08 your best work is a (day) lyt pack … damn.,1,2,2026-03-13T19:56:44Z,2026-03-13T19:56:44Z
UgxliEWybLTr5tIGtaB4AaABAg,@da1andonlygumbo706,E40 had a group with B Legit called Da Click,0,0,2024-03-27T00:42:33Z,2024-03-27T00:42:33Z
Ugyyp8uP0tuS_DzTTPx4AaABAg,@TheBiggiefan13,You guys gotta react to The sopranos by Tee Grizzley and MGK,0,0,2024-03-26T18:57:34Z,2024-03-26T18:57:34Z
UgzbtbCWFwi5ctUIGbx4AaABAg,@quan1562,Hardest beat of 24,0,0,2024-03-24T23:58:58Z,2024-03-24T23:58:58Z
UgwzvsLfRFUUIzYITUV4AaABAg,@evehairbearc9175,React to HOTT HEAD YUNGIN  (GOING BACK IN ),0,0,2024-04-16T09:30:21Z,2024-04-16T09:30:21Z
UgyX4argZCizQ6829_94AaABAg,@mrkarterhuh9830,Its Barry White sample is fire. J cole gotta use a Barry White song too.,0,0,2024-03-26T06:01:49Z,2024-03-26T06:01:49Z
Ugze0KAxHWekfiORqdN4AaABAg,@brettd9595,The Reworked Hardbody beat wild .🔥🔥🔥🔥,0,0,2024-04-04T18:40:12Z,2024-04-04T18:40:12Z
Ugy5aIW-upF-LpR6Pdd4AaABAg,@TexAnthonyTV,I also thought this was who da crunkest from three six for that sample,0,0,2024-03-26T13:22:39Z,2024-03-26T13:22:39Z
Ugwm0xsHHeN5NckAXed4AaABAg,@vanessaamesty6739,Kanye and The Game used that sample in the song EASY I believe it was released 2022.,0,0,2024-03-27T16:41:29Z,2024-03-27T16:41:29Z
UgziOT7sUQAX2ifcNK94AaABAg,@michaelv8757,B legit and E40 was in a group called The Click,0,0,2024-04-05T01:14:15Z,2024-04-05T01:14:15Z
UgzZRebyxC-A2GGrCsl4AaABAg,@ethansharer,"I think you're thinking of Masta Ace ""Sittin On Chrome""",0,0,2024-03-25T06:20:42Z,2024-03-25T06:20:42Z
UgzXZx1yNWSCktGdeMx4AaABAg,@nickhidalgo4737,E-40 and B legit group was called the click just so you know,0,0,2024-03-26T20:01:24Z,2024-03-26T20:01:24Z
UgxaShhwJX1W3QDNtdh4AaABAg,@Ibrahim-j1f7y,logic raps on that song called under pressure,0,0,2024-03-25T07:54:50Z,2024-03-25T07:54:50Z
UgwgAIreBybmo3YZXb94AaABAg,@miw9469,WAYNE -HARD BODY🔥🔥🔥🔥🔥🔥,0,0,2024-03-26T13:20:15Z,2024-03-26T13:20:15Z
UgwijkYm-070TP-Msgd4AaABAg,@Intercitypolitics,40 and beligit had a group called the click with 40 sister,0,0,2024-08-17T02:44:25Z,2024-08-17T02:44:25Z
Ugw1NZtvrVoYsYzJAip4AaABAg,@LupohM8,"Logic rapped on this a while back too. I know he isn't one of the most popular like you mighta been alluding to, but he's popular enough you mighta been thinking of that",0,0,2024-03-25T20:05:11Z,2024-03-25T20:05:11Z
Ugz0KPNgoq2useCzF_t4AaABAg,@yomommaNyadaddy,Metro is top 15 producers of all time idc,0,0,2024-04-02T20:01:44Z,2024-04-02T20:01:44Z
Ugz_DDd4aEBpucvzdPV4AaABAg,@cooppii,"LOGIC sampled and rapped on this beat on his song ""Under Pressure"" which you guys reacted to previously and called a master piece 🔥🔥 3:22",0,0,2024-03-27T00:57:01Z,2024-03-27T00:59:57Z
UgykyZvyKF0PbwH3nBJ4AaABAg,@iAmMikey816,E40 and the click b legit was in the click come on Vegas yall should know that,0,0,2024-03-26T21:19:25Z,2024-03-26T21:19:25Z
UgwwZzQcU6UN0sxGFpx4AaABAg,@ewiasejnr5709,J cole said he feels like he’s a Mohammed Ali in 1st person shooter Kendrick is like naa I’m real deal😂,0,0,2024-03-27T00:01:59Z,2024-03-27T00:01:59Z
Ugx-26zWuxzh6ZMhW494AaABAg,@Drewlarocque,logic - under pressure used the easy e sample,0,0,2024-03-27T23:26:14Z,2024-03-27T23:27:18Z
UgyA8E2CtejThYynczZ4AaABAg,@landslide14,Lil Wayne- Hard Body is the song with this beat,0,0,2024-03-25T01:35:43Z,2024-03-25T01:36:06Z
Ugxt-dExPT8pFYpficV4AaABAg,@loadupinc,E-40 and be legit were in a group called the click,0,0,2024-04-20T23:13:51Z,2024-04-20T23:13:51Z
UgxXQeVlio2WGo5w45Z4AaABAg,@KingDarius500,I play that album,0,0,2024-03-28T14:35:49Z,2024-03-28T14:35:49Z
UgwJqkqWXGXbaQTJXRl4AaABAg,@garylewisg,Everlasting Bass!!! Cali's. Rodney O & Dj Joe Cooley  You tube and like Everlasting Bass for their credit!,0,0,2024-03-29T21:14:10Z,2024-03-29T21:14:10Z
UgwugP_hENvJI2NHCL14AaABAg,@coreyfarrow5345,Rodney O DJ Joe Cooley everlasting bass original track . And it was the game who used the easy sample,0,0,2024-03-25T16:12:48Z,2024-03-25T16:12:48Z
Ugx-RUHV_oTxlc0S2xB4AaABAg,@christiansmith1389,3:23 I think you’re thinking of Logic - Under Pressure.,0,0,2024-04-03T20:10:26Z,2024-04-03T20:10:26Z
UgyD2NQTM6IMGnPbOxF4AaABAg,@johnbrooks722,E40 and b legit was in a group called the clique. The prince and Micheal Jackson line is to drake on first person shooter he said he feel like Mike,0,0,2024-03-28T04:18:11Z,2024-03-28T04:18:11Z
Ugy-LXxhgvq_dSqWA3Z4AaABAg,@MJ_Stormborn,❤❤🔥🔥🔥🔥🔥,0,0,2026-03-07T18:29:41Z,2026-03-07T18:29:41Z
Ugw8GPcHJ_VHtlsaUih4AaABAg,@noelvazquez5612,Where you guys at brother kung fu kenny dropped i need that reaction,0,0,2024-05-01T07:32:25Z,2024-05-01T07:32:25Z
UgywggU--HXEIjotxgV4AaABAg,@washinma44,BLegit is E40 Brother and they have a group called The Click he given them props while telling Drake and J Cole stop clicking up. 🤣,0,0,2024-03-26T09:09:27Z,2024-03-26T09:09:27Z
Ugz5QEo7qf_y2jsenZh4AaABAg,@nickcomer8354,The other big artist to rap on this sample was Logic.,0,0,2024-03-27T19:53:16Z,2024-03-27T19:53:16Z
Ugx101aHa6AQBmaPMAp4AaABAg,@FactCheckBot9000,Big Sean out there somewhere trying to rhyme with Big Four.,0,0,2024-03-27T16:01:59Z,2024-03-27T16:01:59Z
Ugzy1nIPq3ht70Eq0jR4AaABAg,@justinhenry3763,Do more from the album,0,0,2024-04-02T15:11:57Z,2024-04-02T15:11:57Z
UgzLBWJnUGAlV83G-pJ4AaABAg,@EZ-tino,Proverbs 18:21 explains that first bar and it's a mean mean bar. K-Dot chose violence.,0,0,2024-03-25T04:43:10Z,2024-03-25T04:43:10Z
UgyvNwAbDDZDUUGyZO94AaABAg,@TheGoldanboy,Yo just check out lil flip freestyle king from like 20 years ago. That beat is still fire,0,0,2024-05-08T12:18:06Z,2024-05-08T12:18:06Z
UgxPUQnZkj4VSEdENDp4AaABAg,@rusto3618,"Wake up, Kendrick just dropped!",0,0,2024-04-30T23:12:38Z,2024-04-30T23:12:38Z
UgzEJiY7rWQJrQOqWDd4AaABAg,@markoszapatistakis498,Guys go back to JINJER next and do Who Is Gonna Be The One Live,0,0,2024-03-28T01:53:16Z,2024-03-28T01:53:16Z
UgwboMaH9d7rPQLxjrp4AaABAg,@Brathernine,When the comments section understands better than the critics,0,0,2024-03-31T01:39:14Z,2024-03-31T01:39:14Z
Ugy8uytOC3WEAyjG98t4AaABAg,@DrGanja99,Wayne did rap on this beat. Song was Hard Body,0,0,2024-03-31T20:17:30Z,2024-03-31T20:17:30Z
Ugzu068xsT25xBJtUth4AaABAg,@NicholasDeCapua,It was Wayne who rapped on this beat on the Drought 3,0,0,2024-03-29T02:42:17Z,2024-03-29T02:42:17Z
Ugz5XvWRaC8oYxib7il4AaABAg,@leonardofernandez8018,Slim Thug has a song with the sample,0,0,2024-07-29T04:00:29Z,2024-07-29T04:00:29Z
UgysUy94q-TWd_M636N4AaABAg,@jmonsta0007,Think you guys should check out the Joyner Lucas joint too🤝 def at least “I’m ill” crazy sample,0,0,2024-03-25T03:49:23Z,2024-03-25T03:49:23Z
UgyFaQ_PesftOsl2ydZ4AaABAg,@douglasshareef7413,I'm a big Drake fan but this song was tuff man🔥🔥 listened to it like 15 times already 😂,0,0,2024-03-29T01:07:59Z,2024-03-29T01:07:59Z
UgzZxCLQA0Z3H3xsHGN4AaABAg,@joshrg1102,"E-40 had a group ""The Click"" that B-Legit was in, y'all missed that.",0,0,2024-04-06T20:57:15Z,2024-04-06T20:57:15Z
UgwUSS88s0Zd9WjhTe14AaABAg,@carravaggiomikelson870,"Black Friday, the heart part 4 etc",0,0,2024-03-25T21:05:28Z,2024-03-25T21:05:28Z
Ugx_sh911X498HD8FwN4AaABAg,@tamerikaanoriginal6581,Yo gotti did round da way with sample,0,0,2024-03-26T09:48:52Z,2024-03-26T09:48:52Z
Ugy1XbF_tjg5N6F2XVd4AaABAg,@Evelyn-pl3we,This is seriously like watching my cousins fight and I hate it!!!,0,0,2024-03-29T18:19:44Z,2024-03-29T18:19:44Z
UgwrAWji5O-DyMlWJQZ4AaABAg,@Jokah227jish,"This beat is crazy yo. 
NAS NO IDEA IS ORIGINAL!!!!!!",0,0,2024-03-24T23:50:41Z,2024-03-24T23:50:41Z
UgwAsfblr36xnYAd_kl4AaABAg,@megaray8872,Please react to touchline say it  to your self ❤,0,0,2024-04-07T12:50:29Z,2024-04-07T12:50:29Z
Ugz7Pmqn04nbMPZI45d4AaABAg,@Marxo23,All hail Barry white for the fire flow and sample.,0,0,2024-03-30T04:50:35Z,2024-03-30T04:50:35Z
UgyDoGyJWPZrIwJfbvV4AaABAg,@metaphoriaofficial,Start some beeef!,0,0,2025-02-19T10:20:11Z,2025-02-19T10:20:11Z
UgxghH3w6VCQmrnriwh4AaABAg,@LTAdkison55,In First Person Shooter Drake compares himself to Michael Jackson that’s where that bar came from.,0,0,2024-03-25T01:03:16Z,2024-03-25T01:03:16Z
UgxwuSnwqI6BhBrtLqV4AaABAg,@Psytheslasher,even the beat dissin drake and j cole lmfao,0,0,2024-03-26T21:12:47Z,2024-03-26T21:12:47Z
Ugw9H5EQGU-oX04mzEV4AaABAg,@yami_zaraki,Kanye did this bear,1,0,2024-06-06T20:49:12Z,2024-06-06T20:49:12Z
UgwwvxkPQPyZBpZHBNF4AaABAg,@0024JT,E40 and b legit  had a group called the clique,0,0,2024-03-30T07:39:44Z,2024-03-30T07:39:44Z
UgxyFWJt7WgAHiWmGFh4AaABAg,@22wjwj,Has Kendrick proved that he’s a problem 😂😂,1,0,2025-02-11T05:02:55Z,2025-02-11T05:02:55Z
Ugx-dbzuWYf7rAuA2lJ4AaABAg,@markespinosa6605,"Yo Ryan , it was Game and Ye. They flipped “Eazy” on The games last project I believe",0,0,2024-03-27T20:57:46Z,2024-03-27T20:57:46Z
Ugy8nYjYcA2dXdvAApB4AaABAg,@hmcclendon11,Yeah That Prince outlive Mike Jack bar was tough! But we all know Prince not on M.Jack status not really on the same spectrum,0,0,2024-03-28T15:04:28Z,2024-03-28T15:06:31Z
Ugw6nH96yYNhe9qlGNZ4AaABAg,@Silence_Duder_Gooder,"Guys, check out Radiohead's ""A National Anthem.""

Trust me, it's playlist.

P.S. Check out their progression of instruments... and where it leads us... those horns.

You're welcome. 😝",0,0,2024-03-26T18:45:47Z,2024-03-26T18:50:35Z
UgxRBblkg_xM9eyouz14AaABAg,@mmacardguru,"15:10

Unless you are Merab and Sterling...both in same weight class and best friends and chose not to fight each other....yep...that happened",0,0,2024-03-26T16:46:12Z,2024-03-26T16:46:12Z
Ugy_0YHGLa1THGWAbMZ4AaABAg,@highasftvchannel4209,"The b legit line is because legit E-40 suga T and another rapper, had a group called the click.That's where they started.  it's a valejo california thing. i'm a hip hop historian I know.",0,0,2026-06-19T00:25:39Z,2026-06-19T00:27:45Z
UgwRLb8CZuCtTCwS2XZ4AaABAg,@SeraphOTE,"I took the ""prince lived mike jack"" as a way of saying that Kendrick(in this case Prince) is known to be the better artist(not bigger) and more respected than Drake. Micheal Jackson(Drake) was also known for having writers while Prince did everything by himself, from writing his own lyrics to playing instruments etc.",0,0,2024-03-25T11:24:29Z,2024-03-25T11:24:29Z
Ugwa8teduaWGnvRS7Ml4AaABAg,@joshm975,"I believe the clicking up was about J Cole and Drake he mentioned their song ""First Person Shooter"" after he saying Cole you deserve stray for being associated with (opps) Drake going on tour together that's cute",0,0,2024-03-25T04:19:39Z,2024-03-25T04:19:39Z
UgzLC8su7rgLOrz4RY94AaABAg,@deepdimples909,"I think Kendrick was referring to Drake saying in a song ""I can dance like Michael Jackson"" Also Drake compared himself to MJ when he said ""I'm one away from Michael Jackson, beat it"" in which Drake was speaking about beating Michael Jackson's record if he gets another #1.",0,0,2024-04-01T04:29:34Z,2024-04-01T04:29:34Z
UgxbqnIvFPBCrVZVaXt4AaABAg,@earlwilliams3828,"This was a beat used by  the late great Barry White. Come on fellas, know your ish!",0,0,2024-04-01T01:04:31Z,2024-04-01T01:04:31Z
UgyL6KIz8hlFbB7sMdV4AaABAg,@LIL-MAN_the_OG,The beat is lifted from R&b singer Issac Hayes ...a rapper didnt make this originally,0,0,2024-03-25T01:08:14Z,2024-03-25T01:08:40Z
Ugxr4UWlqX62SsPPElF4AaABAg,@CypherDivine,"Didn't a new California rapper also sample this beat recently? I think the song was called ""spooky"" or something like that",0,0,2024-03-26T13:09:59Z,2024-03-26T13:09:59Z
Ugx6F0HJJLUmfBAUR2V4AaABAg,@isaacestabridis,"I wasn't Wayne, it was Logic in Under Pressure",0,0,2024-03-26T14:30:00Z,2024-03-26T14:30:00Z
UgwIqx2at6CtOIiZWdh4AaABAg,@clocked24,"There was a group called The Click…E-40, B Legit, Suga T and D Shot. He was saying they Clicking Up but they cannot B Legit because they don’t have 40 Water, which is E-40. E-40 was the star of that group. The Click can’t be legit without E-40. K-Dot is E-40.",0,0,2024-03-25T04:00:40Z,2024-03-25T04:00:40Z
UgzBZGg2MG7cSCUDTXJ4AaABAg,@imillnotsick420,"Pretty sure this beat is Hard Body or I Can't Feel My Face, I've seen it called both, off the drought 3 by Lil Wayne, like all the songs on there are like remixes so idk who made the original beat but it's 100% Wayne on drought 3, it's just chopped up differently here. Metro only used like the very first part of the horns. ""Hard body mother fucker got the heart of a killer, young god in the building bout to start a religion, bout to call bin laden up and order some missiles, bring em straight to your block and go to war with you bitches"" that's also the same song he kinda dissed Gillie on.",0,0,2024-03-26T19:24:40Z,2024-03-26T19:36:37Z
Ugws1vTgTNXySEqYp5R4AaABAg,@Mistadontplay89,"Rodney O and Joe Cooley, everlasting bass is the original. 

Three Six Mafia made this exact same beat like 30 years ago though...like damn near the exact same.",0,0,2024-03-31T08:01:18Z,2024-03-31T08:01:18Z
UgyqffAh5lAlCxUSgb14AaABAg,@pcfool13,"The click is a group. B legit, e40, e40 sister sugar T, and 1 more person",0,0,2024-03-25T08:09:54Z,2024-03-25T08:09:54Z
UgznA0GkYe4c2uVpTi94AaABAg,@nickfrmdahill147,Future couldn’t find nobody but Kendrick in the industry to come at both of them 😂😂,0,0,2024-03-27T09:32:11Z,2024-03-27T09:32:11Z
UgzIpnZxdVGXb5dvXex4AaABAg,@jovanbaxley5008,The click is B-legite jet D shot E40 and Sugar T.,0,0,2024-04-13T22:55:32Z,2024-04-13T22:55:32Z
UgxVpBVO8r-HiQbR9-J4AaABAg,@ttidwell1564,🙏💯💝👍,1,0,2024-08-29T18:31:03Z,2024-08-29T18:31:03Z
UgwOsTTA1Qp-hIFjvwN4AaABAg,@barrybands3897,Drought 3 bishhh..yeahhh lemme light my see thru blunt,0,0,2024-03-27T20:04:20Z,2024-03-27T20:04:20Z
UgyYAZWI3gd_zDirQRd4AaABAg,@FiguringLifeOutSA,Goofy is a harmless dog. The click is a group by E40 and B-legit,0,0,2024-03-25T21:46:17Z,2024-03-25T21:46:17Z
UgxMPwGZfx_V-GDnLLx4AaABAg,@BigdaddiZ,E 40 and b legit was in a group called “the clique”,0,0,2024-03-26T15:21:18Z,2024-03-26T15:21:18Z
Ugxak6TVXQrd3cY9lq14AaABAg,@lederriusdickerson9863,E-40 be legit group was called the click,0,0,2024-03-25T21:51:41Z,2024-03-25T21:51:41Z
UgwHuDa9dN3vrwnaPgh4AaABAg,@imillnotsick420,"I feel like this is another control verse from Kendrick, especially after his last album, which i enjoyed but i think people forgot who he is lol.",0,0,2024-03-26T19:46:27Z,2024-03-26T19:46:27Z
Ugyz52TE9aW-Ska3fyZ4AaABAg,@NaceAtanasov-b3m,Logic used that sample too,0,0,2025-02-11T20:22:34Z,2025-02-11T20:22:34Z
UgzAJ1hhZp4JQcNhneh4AaABAg,@eastsiiiide,that verse was a light pack,0,0,2024-03-30T21:12:51Z,2024-03-30T21:12:51Z
UgyISvok0iem-gAnxlN4AaABAg,@KainHerringCorey,"Dj Spanish fly beat from Memphis, Tennessee",0,0,2024-04-05T16:37:31Z,2024-04-05T16:37:31Z
Ugy8H-UWjIyVWpcaVT54AaABAg,@djinspector1,"Nobody mentions Rodney O and Joe Cooley, Dj Paul and Juicy J on the samples",0,0,2024-03-28T03:21:38Z,2024-03-28T03:21:38Z
Ugy8kGfpqWXMYehfMwF4AaABAg,@Goldentongued,"Listen, if anyone did not recognize the Barry White melody being used, you should be disappointed",0,0,2024-06-06T02:45:39Z,2024-06-06T02:45:39Z
Ugyvk1JN7rH_ic60IS94AaABAg,@michaelfoggie4258,lil wayne can’t feel my face !,0,0,2024-04-23T14:21:42Z,2024-04-23T14:21:42Z
UgwFM88Iau1OUdC2o9d4AaABAg,@GeoBeast702,Feel like I heard that sample on a logic song,0,0,2024-03-25T12:22:34Z,2024-03-25T12:22:34Z
Ugx1Xuz_qZ1Ea3NJS4p4AaABAg,@chriskjo1611,Listen to 'I ride spinners' by '3 6 Mafia' you'll see the similarities in the beat.,0,0,2024-04-08T13:30:23Z,2024-04-08T13:30:23Z
UgwbsZqftNetLoMkrOV4AaABAg,@Carrot_Khan,"Strategically if I was K Dot, I wouldn't launch the shot across the bow without  a killshot ready to go.",0,0,2024-03-26T01:10:00Z,2024-03-26T01:10:00Z
UgxSMh8PzrSg4OdbqNB4AaABAg,@Dr.Thomas_Elliot,The sample is intended to be E-40’s Look at me.,0,0,2024-04-02T17:35:37Z,2024-04-02T17:35:37Z
UgyrbcMYoq8bmcKdTi14AaABAg,@emanuelalexander2979,This a Eric.B beat,1,0,2024-03-25T12:48:55Z,2024-03-25T12:48:55Z
UgwuIS9piL231gf5Lqx4AaABAg,@ThisIsMyHandle008,🎉🎉🎉🎉,0,0,2024-05-06T09:02:13Z,2024-05-06T09:02:13Z
UgyDX7du3AIzDHsxcfZ4AaABAg,@jahbariokereke6903,The original beat rodney o and joe cooley everlasting bass 1998,0,0,2024-04-30T00:29:13Z,2024-04-30T00:29:13Z
UgzhIxHPPRNLqjTYBXR4AaABAg,@311fan666,Mike Jack was a subtle hint of where he could take it if it got dirty. Drake missed that veiled threat,0,0,2024-05-12T17:21:46Z,2024-05-12T17:21:46Z
Ugwwk2oMvFXioUssILZ4AaABAg,@AltenateRiality,Cinderella,0,0,2024-03-26T18:04:50Z,2024-03-26T18:04:50Z
UgygckbcSYY8afoaHqB4AaABAg,@Fatalxtv,Lets go guys. J Cole dropped a track.,0,0,2024-04-05T09:49:15Z,2024-04-05T09:49:15Z
Ugy9FR4lxmcUVC0JePl4AaABAg,@neptoondigital7321,"First Person Shooter - Drake song / Game Genre
""I hope they brought three switches"" - Another word for a Modded Gun / Game Console. (why specifically 3? might be because Kendrick is playing with them symbolically. however, ""My temperament bipolar, I choose Violence."" he will get violent like the line before. - Which is like the rage of losing at playing a game when others are winning and your passionate) 

I believe that Kendrick being criticized about his last album being too introspective has given him a sort of Drive to prove that he IS this generations number 1. 

another line i see people not really touch is the PTSD line.
it stands out to me because Drake came out with Rich Flex with 21 Savage

in which Drake Says 
""I'm steady pushing P, you n- pushing PTSD""

Rich Flex came out after Kendricks album dropped. about 4 to 5 months later.

just a few things that stand out./ I hope they keep it rap and I'm excited for drops regardless.",0,0,2024-03-27T14:50:36Z,2024-03-27T14:50:36Z
UgyaFbEGKLpWxWtOphJ4AaABAg,@JUANsoloATL,"Metro is not on the mt Rushmore of beats...
The beat was 3 samples, with a 808 loop that I been using since 2006.",0,0,2024-03-25T08:19:00Z,2024-03-25T08:19:10Z
UgxvSLPawOW5jr-S3AN4AaABAg,@Epdagreat,Yall must haven’t heard 3-6 mafia “Who the Crunkest”,0,0,2024-03-25T20:24:23Z,2024-03-25T20:24:23Z
Ugzw08LagktRYVa0TF54AaABAg,@SeventhPhoenix465,Isn’t the intro from Rodney O and Joe Cooley,0,0,2025-07-04T02:17:55Z,2025-07-04T02:17:55Z
UgwLa0E8tGABwxj5FoF4AaABAg,@Koristiaan14,Wayne killed this beat on Da Drought 3- I can’t feel my face I think? 😤😤,0,0,2024-03-25T20:12:54Z,2024-03-25T20:12:54Z
UgyPhqKT8vLFxeHK9pt4AaABAg,@natashastcyr6903,"I may be reaching but When Kendrick said after the big three the only big three I know about is Nicki, Drake and Wayne. Nikki reference the big three in Barbie tings This is war. My God I’m clutching my pearls.",0,0,2024-03-25T02:55:29Z,2024-03-25T02:55:29Z
Ugy1Yxqm3HK8LEl3Rld4AaABAg,@littech6889,Logic used the eazy e sample im pretty sure. On under pressure,0,0,2024-03-28T18:29:47Z,2024-03-28T18:29:47Z
UgzxlnRg9VLi6e_Lwjh4AaABAg,@MUFCist,"He’s firing directly at drake and Cole he wants Cole to prove himself pretty much, we all know Kendrick hates drake now that Cole is teaming up with him has now put his ass in the firing line. Can’t wait to see what comes from this it’s gonna be fun Cole v Kendrick can’t wait for that shit",0,0,2024-03-29T14:00:57Z,2024-03-29T14:00:57Z
Ugwut_welc5ebHWRfyJ4AaABAg,@KainHerringCorey,That’s a Triple Six Mafia type music,0,0,2024-04-05T16:36:38Z,2024-04-05T16:36:38Z
UgzbIcqG1oM2bKoGWu94AaABAg,@arobledolopez,Logic,1,0,2024-04-11T18:36:00Z,2024-04-11T18:36:00Z
Ugxnre-gemPcMnziq4N4AaABAg,@Sincerely414,Its some E40 in there too...Look at me,0,0,2024-03-27T17:49:48Z,2024-03-27T17:49:48Z
UgwTfPQhpJaJT3zp3SF4AaABAg,@treche2921,Everlasting bass is the track,0,0,2024-03-24T23:20:17Z,2024-03-24T23:20:17Z
UgwSYNi2hdJaX85dR2t4AaABAg,@professionallyamateur5991,"""Hard Body"" is the Lil Wayne track you're thinking of",0,0,2024-03-29T21:05:33Z,2024-03-29T21:05:33Z
UgxaZCW5cI0ZOVUjFzB4AaABAg,@Biggaveli413,i like these two i just feel like they be talking to us like we’re 6 year olds lmfao very elementary school level break downs which is cool i guess 🤷🏽‍♂️ keep getting to it tho 💰,0,0,2024-04-02T20:37:43Z,2024-04-02T20:37:43Z
Ugz1oGr7PAN2qIYK2S94AaABAg,@tra3y857,Wayne rapped on the beat and Slim Thug used the sample,0,0,2024-03-25T05:12:12Z,2024-03-25T05:12:12Z
UgzBDP4wvLAni5QDL8J4AaABAg,@josephtorres1588,Can y’all please do some That Mexican OT? It would be really appreciated. Thanks in advance.,0,0,2024-03-27T18:36:40Z,2024-03-27T18:36:40Z
Ugxabxpu7csxXnWkgUF4AaABAg,@sergniugini,Kung Fu Kenny 💯🔥,0,0,2024-03-29T15:24:38Z,2024-03-29T15:24:38Z
Ugy5gCBOBhafwO6TH9d4AaABAg,@cort314,Mobb out beat from st.Louis,0,0,2025-03-25T06:39:10Z,2025-03-25T06:39:10Z
Ugy1gnWQQb8HmpS7Hg94AaABAg,@usurper6and9-p3d,This  is  Rodney o and Joe coolly  beat,0,0,2024-07-29T03:13:18Z,2024-07-29T03:13:18Z
UgwKTeh33sGsEY68vQl4AaABAg,@BeefGeneral,Blows my mind that not many people are catching the 2 chainz and lil wayne diss/mention.,0,0,2024-03-27T11:09:44Z,2024-03-27T11:09:44Z
UgxKTdyHj9tzbMjowFd4AaABAg,@lavettwilson3191,Lil flip we blow endo is the other song who use this beat,0,0,2024-03-26T17:50:49Z,2024-03-26T17:50:49Z
Ugzuzlkh0cOCdKVXO2p4AaABAg,@thisisnotkevo,6:43 is when metro kicked evb out to shit on drake,0,0,2024-03-27T03:07:31Z,2024-03-27T03:07:31Z
UgysC_A96LJh6_l7wdt4AaABAg,@janmajnik6889,"What do you think about ""K with these 9's""? I think it's a triple.. you said the dog reference and imo 2nd one is ""K with all these 9´s"" means K. as K dot, he is there with all these 9/10 and him being 10/10. And the 3rd one is again him refering to himself as ""K"" and all these 9´s he probably means guns (9 mm). I'm not a gun expert but I guess it could be it. Because he follows with pet cementary, meaning he shot them? I dunno, maybe reaching on these.. pce from Sweden, love your in depth reviews. Best on youtube",0,0,2024-04-19T14:41:26Z,2024-04-19T14:41:45Z
Ugy5AdSWpDyamT3oRCN4AaABAg,@jtcollins1990,Put some respect on cube no Vaseline don’t get mentioned enough at all man is a legend and IS one of the pioneers of gangsta rap FoH,0,0,2024-03-29T22:03:13Z,2024-03-29T22:03:13Z
UgwCsUkk9YY_ILlkdgp4AaABAg,@TableSkraps21,Slim Thug rapped on part of this beat,0,0,2024-04-01T07:41:05Z,2024-04-01T07:41:05Z
UgzfenoqzF9DMLqCre54AaABAg,@miggieundsteffie803,How do you prefer to receive musical suggestions?  Is it possible to email them to you?  - - Miggie & Steffie in Texas,0,0,2024-04-04T21:05:54Z,2024-04-04T21:05:54Z
UgwKbahFqKlB4Wd6zql4AaABAg,@Ai76er87,It was slim thug he used this sample,0,0,2024-03-25T13:29:01Z,2024-03-25T13:29:01Z
UgypFr4VAFahUZUcjBR4AaABAg,@KiddyDailyClub,That big artist who rapped over this sample was Ye,0,0,2024-04-15T20:32:51Z,2024-04-15T20:32:51Z
UgxTrFatLoKQ8R1t6v94AaABAg,@TheReffellGroup,That was a triple “K” as in AK47 with all these 9’s…..9mm,0,0,2024-03-29T13:19:05Z,2024-03-29T13:19:05Z
UgycTfyS5K-Ok5YCE3x4AaABAg,@olufemidavies2135,Kanye used that sample to diss Pete Davidson,0,0,2024-06-12T09:28:04Z,2024-06-12T09:28:04Z
UgwkDuqVgRBohV0-x3N4AaABAg,@bondzo7184,Logic has the eazy Sample on a similar way,0,0,2024-03-28T01:02:46Z,2024-03-28T01:02:46Z
UgxqxGJ-n9A2JhyjXqJ4AaABAg,@ethangarcia9737,"people forget kendrick’s verse on control, nothing personal. just him letting everyone know who he is haha.",0,0,2024-03-25T05:58:03Z,2024-03-25T05:58:03Z
UgwOUFh3vXV6PvqyL9Z4AaABAg,@user-eq5ub5rs3g,Wasn’t the Eazy sample The Game and Ye?,0,0,2024-03-25T02:16:12Z,2024-03-25T02:16:12Z
Ugy9IGB1Y77WyuvtqdV4AaABAg,@joel-sj5ut,Slim thug was the other rapper that rapped on this beat,0,0,2026-01-23T15:35:09Z,2026-01-23T15:35:09Z
UgzOLd-KzDgp7tyS9-x4AaABAg,@kingdrip294,"The Mount Rushmore of the 2010s was Drake, Kendrick, J Cole and Nicki",0,0,2024-03-26T15:24:06Z,2024-03-26T15:24:06Z
UgxEQzV5woli6_xOXjR4AaABAg,@ajsaffell9354,You KNOW WHY IM HERE PennywiseCu,0,0,2024-03-25T00:41:28Z,2024-03-25T00:41:28Z
UgwYFPEf08hRKDq2JhV4AaABAg,@AvishaiMaynie,"money, power, respect. drake, cole, kendrick. thats why he said the last one is better.",0,0,2024-03-26T21:45:50Z,2024-03-26T21:45:50Z
UgwP60aVokfkJHmA1kN4AaABAg,@eeeeeee_13,the beat had to have a solo lmfaoooo,0,0,2025-07-06T01:23:07Z,2025-07-06T01:23:07Z
Ugz58t3E3t5Lb0D3X154AaABAg,@niveKOnBass,I got a rare one that you will like. Twista - Dirt on the down low,0,0,2024-03-25T01:37:21Z,2024-03-25T01:37:21Z
Ugxel4JQ-IdpHuqH42J4AaABAg,@Gregcoomber,Pretty sure it was logic that used that sample on under pressure?,0,0,2024-03-29T23:14:55Z,2024-03-29T23:14:55Z
UgzKMO4I7KHS0s6yae54AaABAg,@djinspector1,I thought he was saying BUNG... like BUNG-BUNG.... NY SLANG MEANING: LETS GET TO IT; WHATS UP..... PRINCE OUTLIVED MIKE JACK LINE WAS A DIRECT REFERENCE TO DRAKE FROM HIS LAST LINE IN 1ST PERSON SHOOTERS,0,0,2024-03-28T03:43:42Z,2024-03-28T03:43:42Z
UgwPwAvt2dZckwNg9ph4AaABAg,@bernardgoldstein5161,Prince outlived MJ is a diss when drake said im one away from Micheal N beat it,0,0,2024-03-29T17:39:58Z,2024-03-29T17:39:58Z
Ugy0O5g97Q1ArpTv17F4AaABAg,@Qdub34,"Metro x Future made it great, Kendrick made it Legendary",0,0,2024-03-25T19:39:56Z,2024-03-25T19:39:56Z
UgyrKbXGpu2IMp9xxNx4AaABAg,@osmarneto8368,"React to Forgotten Days, by Pallbearer.",0,0,2024-03-25T02:29:54Z,2024-03-25T02:29:54Z
UgxKL4A6FRUjN-bLNNF4AaABAg,@myamartinez7801,Sounds like e40 look at me beat 🔥🔥,0,0,2024-03-25T14:38:34Z,2024-03-25T14:39:03Z
Ugyt2sZtlv6A-3LqYzZ4AaABAg,@LzRmrz956,It was Slim Thug that sampled the beat.,0,0,2024-05-27T07:19:57Z,2024-05-27T07:19:57Z
UgzHVfAwq5JhoyQYDBZ4AaABAg,@metaphoriaofficial,26:00 real,0,0,2025-02-19T10:49:47Z,2025-02-19T10:49:47Z
Ugy_XJtQwUCyr1Yyd-J4AaABAg,@californiaboi510,E40 like that is the last one I believe,0,0,2024-04-02T17:42:06Z,2024-04-02T17:42:06Z
UgydJ2n0iPUiRajIQgV4AaABAg,@jinjalord,Y'all better hop on Euphoria 💀,0,0,2024-04-30T23:05:46Z,2024-04-30T23:05:46Z
Ugwx1H3WN5pHG-GijoB4AaABAg,@probiie5422,can you please do NASTY C DEAR OLIVER❤🔥🐐I BEG YOU KINGZ!🥺,0,0,2024-04-02T00:59:16Z,2024-04-02T00:59:16Z
Ugy8x6JyLb-ol0sfG794AaABAg,@jackporter9703,Logic under pressure was the song ya’ll was thinking of,0,0,2024-03-28T19:22:23Z,2024-03-28T19:22:23Z
UgwJib_7DQ9ZuHTlo6F4AaABAg,@Dorklydork,And thats when baby keem gets caught in the cross fire.,0,0,2024-03-26T21:17:13Z,2024-03-26T21:17:13Z
Ugx0g98E7k8xK-sn7y14AaABAg,@Asefalexandernoorzai,“So nasty the beat had to have a solo”,0,0,2024-04-06T14:50:47Z,2024-04-06T14:50:47Z
Ugyb-AJoCCIcKUoEu594AaABAg,@traceatroj240,Am one of the people that loved the album.... We exist,0,0,2024-04-25T16:08:19Z,2024-04-25T16:08:19Z
UgzrKU21EKmwtuM3-x54AaABAg,@ChadnRanda,"Is it sounds like fire flame a little bit with lil wayne , an birdman",0,0,2024-03-26T11:58:42Z,2024-03-26T11:58:42Z
UgzWZrLBvjXIzGwf39R4AaABAg,@robininniss8213,"By the way guys that’s not a Mel Mel sample, that’s Barry White song called “l’m Gonna Love Just a Little More Baby” for you young cats. Listen to the intro. Nothing like the classic😊",0,1,2024-03-28T21:59:23Z,2024-03-28T21:59:23Z
Ugz5nclFrpsyuOb8VF94AaABAg,@proposition96,Lil Wayne actually rapped on this beat on his mixtape before,0,0,2024-04-04T00:24:17Z,2024-04-04T00:24:17Z
UgyCJ4j391dBbwczWGx4AaABAg,@WILLIAMKINYUA,That's a 3-6 Mafia beat. Who da crunkest. Shout out Juicy J,0,0,2024-03-30T07:53:57Z,2024-03-30T07:53:57Z
UgwdpfMSHCQ7faaFYfp4AaABAg,@kissthepeter,"Please, Big Bros. The Allman Brothers Blue Sky",0,0,2024-03-30T05:57:00Z,2024-03-30T05:57:00Z
UgxYGU89XKXOmBOFDfF4AaABAg,@edwinfigueroa7010,Rodney O and Joe Cooley,0,0,2024-03-26T03:26:01Z,2024-03-26T03:26:01Z
Ugzj7kg_41zHa6GRNKN4AaABAg,@dante7450,3 6 mafia did this beat as well,0,0,2024-03-24T23:27:06Z,2024-03-24T23:27:06Z
UgxxwPbUTzXo30Lp9N54AaABAg,@dotapark,"I said this somewhere else but, is it just me or Kendrick saying “I hope they came with 3 switches” means he wanted more people on FPS song cause it had one beat switches? 😂 I just can’t stop thinking about that since the first time I heard it.",0,0,2024-03-26T09:58:36Z,2024-03-26T09:58:36Z
UgyF5qkIP4nXhmR_coZ4AaABAg,@keironhendrickson6109,You guys should do J Cole 7 minute drill,0,0,2024-04-05T14:04:18Z,2024-04-05T14:04:41Z
UgxS8J8sqhAFs5qgQf94AaABAg,@apadgitt1799,You might of been 24 hours late but i am 5 months late,0,0,2024-08-28T03:02:59Z,2024-08-28T03:02:59Z
UgxHLQaAGDo_bYzeKEt4AaABAg,@craigwoodfolk3240,Doesn’t anybody recognize the Barry White “I’m gonna love you” hook?,0,0,2024-03-29T12:56:15Z,2024-03-29T12:56:15Z
UgzK8OGIIbVqunBOOyl4AaABAg,@DaalChawal786,no way this was a first time reaction yall had a whole monologue bruh,0,1,2024-03-25T00:47:45Z,2024-03-25T00:47:45Z
UgwxOYB5b8kTMoBUgqR4AaABAg,@ProfitusMaximus,DO WE DONT TRUST YOU!!!!!,0,0,2024-03-27T15:28:38Z,2024-03-27T15:28:38Z
UgzJhZKWAArkcGN37f54AaABAg,@gabrielbuentello3378,Slim thug used that sample,0,0,2024-03-27T22:47:12Z,2024-03-27T22:47:12Z
UgyQttcd5yseZ3A25Pt4AaABAg,@CETO1973,Everlasting Bass was already a hard track. This track is a layup...,0,0,2024-03-25T20:13:39Z,2024-03-25T20:14:08Z
UgxrNNmBfr79eGFJlzx4AaABAg,@AMiLian17,Hard Body Drought 3 beat also.. Mixtape Weezy,0,0,2024-03-26T13:53:44Z,2024-03-26T13:53:44Z
UgzlC-8RC87moZ2En8Z4AaABAg,@PixlPutterMan,"Please do ""Bridge over Troubled Water"" by Jacob Collier",0,0,2024-03-29T16:21:09Z,2024-03-29T16:21:09Z
Ugwjvy5hCfDbGQRa4_p4AaABAg,@detrockcity3,You’re talkin about Hard Body right,0,0,2024-05-22T15:07:41Z,2024-05-22T15:07:41Z
Ugz-3w-cI6IxTCggjbR4AaABAg,@renecardoza45,"When George said it'd be a bad look for Kendrick to come off an ""Ehhh"" album and possibly get annihilated by Drake if they do go at it, I just don't see that happening lol.  Whether you appreciate Kendrick's last album or not.  Kendrick in album mode is one thing.  Drake would never stand a chance going song for song against Kendrick in a battle.  If he did he would have dropped a song aimed directly at Kendrick a long time ago instead of them going back and forth with subliminals for almost a decade, which started after Drake publicly let the world know he was salty about the ""Control"" verse.  Kendrick went at EVERY rapper with his ""Control"" verse and yeah we got some good responses, but not a single one came close to his verse.  The best ""Control"" response came from King Los and that's because he understood that Kendrick wasn't really dissing anybody or claiming himself as the ""king of new york"" lol.  He was reigniting the fire that was needed in the game.  King Los took that verse as inspiration and flipped that shit into something positive by name-dropping to show appreciation for some of the best rappers in the game.  He was the only one who responded and truly understood the assignment.  Kendrick is doing the same shit again with Drake and Cole.  Now let's see how they respond.",0,0,2024-03-26T08:53:55Z,2024-03-26T09:44:10Z
Ugy040rDHtYGPod4eHt4AaABAg,@M2ONU,This dis got Drake saying daily affirmations 😂😂😂,0,0,2024-03-29T17:21:57Z,2024-03-29T17:21:57Z
Ugz5KgJw5mH2mDtHRZt4AaABAg,@danielflynn4941,You gotta do Teddy Swims....... Lose Control,0,0,2024-03-26T05:30:47Z,2024-03-26T05:30:47Z
UgwQnjL7VZnZ-aWmpaZ4AaABAg,@RuGottiii,Lil Wayne - Hard body (Da Drought 3),0,0,2024-03-25T03:50:08Z,2024-03-25T03:50:08Z
UgwQKv3F1FJ5wM0GaOR4AaABAg,@walidhamouda3972,3:25 logic under pressure?,0,0,2024-03-28T17:54:32Z,2024-03-28T17:54:32Z
UgwtijgVqz-dJsWuQoB4AaABAg,@IAMBoanerges,Bun B - I'm A G got a similar beat too.,0,0,2024-03-26T02:46:46Z,2024-03-26T02:46:46Z
UgyCkH8RZNIRPnUdOy54AaABAg,@OG_O.M,"Cole and Ken should battle it out for a year, then go silent for 6months and come back with a 15track lp collaboration......",0,0,2024-04-02T09:25:01Z,2024-04-02T09:25:01Z
UgyEIbwZqtn0Zcveiyd4AaABAg,@kiliansoares9143,This is the sixth song on the album. Little nod to the “6 god”😅,0,0,2024-03-25T16:09:30Z,2024-03-25T16:09:30Z
UgwvWGxsGxNOScZPUMl4AaABAg,@shawnyglass12,I thougt he was kinda saying BAM?  LIKE A adlib,0,0,2024-03-28T14:15:18Z,2024-03-28T14:15:18Z
Ugza9797upFatbZDG7x4AaABAg,@Gunbursted,LOGIC DID,0,0,2024-03-27T17:34:15Z,2024-03-27T17:34:15Z
UgznmYYx-Pd-hV36HRV4AaABAg,@moreezy3877,Lil Flip Rapped on that beat and I think 3 6 Mafia,0,0,2024-04-25T04:51:28Z,2024-04-25T04:51:28Z
Ugz3F4QAIJxIrK-xFXl4AaABAg,@johncaldwell7778,This was a 3-6 mafia beat,0,0,2024-03-26T02:23:58Z,2024-03-26T02:23:58Z
UgzmciATBDxhgNpTtRZ4AaABAg,@Cosmixbrowniez,Y’all please react to new boogie album!!!!,0,0,2024-04-02T20:16:25Z,2024-04-02T20:16:25Z
UgxPCqD7mBbcVxAVr_J4AaABAg,@BurnsAaron,Clark William Thompson Brenda Wilson William,1,0,2024-09-06T21:05:31Z,2024-09-06T21:05:31Z
Ugx_vqQ8YENYFgPjeGl4AaABAg,@elizabethdrain2831,Alright now I'm waiting for you to listen to jcole 7 minute drill,0,0,2024-04-05T12:21:57Z,2024-04-05T12:21:57Z
UgzEiFa2b-RGdpReONp4AaABAg,@MckenzieNicolas,It was prime Wayne who rapped on this beat.,0,0,2024-04-03T01:44:46Z,2024-04-03T01:44:46Z
UgxVLrZ8FXJwP3fJtZp4AaABAg,@dillydillymanny,I think the sample is from Jim jones,0,0,2024-04-04T09:24:49Z,2024-04-04T09:24:49Z
UgyDJ9ZkqWwSaFRssU54AaABAg,@jarrettbryant8898,Was slim thug that rode that beat like a bike about a decade ago,0,0,2024-04-01T23:26:39Z,2024-04-01T23:26:39Z
Ugx_z8rPsC5k5P15o6N4AaABAg,@OfficialSiggeN,damn supahotfire aged well,0,0,2024-03-31T12:20:33Z,2024-03-31T12:20:33Z
UgxoQVGTG-2AiURdm8R4AaABAg,@Rayden444,like you said the beat was so hard it needed a solo others were saying future and kendrick was dissing drake so metro did it thru the beat lmfaooo,0,0,2024-03-25T00:05:49Z,2024-03-25T00:05:49Z
UgweLzXvrxUEroMth_J4AaABAg,@justinkouns5879,Hard body by lil wayne is the sample,0,0,2024-03-26T04:49:23Z,2024-03-26T04:49:23Z
UgwjRKYSlw0Vo75o1HR4AaABAg,@sophiav9227,Three six gets the credit here,0,0,2024-04-01T10:23:27Z,2024-04-01T10:23:27Z
Ugwng4wuDJibdFfWT-x4AaABAg,@nivardoazua1386,Dissing Drake and J Cole. The other 2 in the big 3 with Kendrick. Beat is from Everlasting Bass. Rodney O and Joe Cooley,0,0,2024-03-27T02:51:37Z,2024-03-27T02:52:20Z
UgzmvPklegvhUs98M1x4AaABAg,@ray_vmc_1204,Do a video of j Cole 7 minute drill,0,0,2024-04-05T15:49:37Z,2024-04-05T15:49:37Z
UgwKiSKZavZSCM5rMpB4AaABAg,@atxbulldawg07,Slim thug did that beat too,0,0,2024-04-16T04:28:07Z,2024-04-16T04:28:07Z
UgwaSVNqIHlFjjJdsQ94AaABAg,@BladeDaRealest,Wayne x hard body is what you’re referring to,0,0,2024-04-01T18:33:16Z,2024-04-01T18:33:16Z
UgypAIW23-aky0da-oR4AaABAg,@LORDMORB,Day 1 of asking for king park by la dispute. Come on guys let’s put them on,0,0,2024-03-29T03:24:14Z,2024-03-29T03:24:14Z
UgyVUSxKrEQdDa1wk754AaABAg,@johnmaldonado5830,People think Cole was talking to Kendrick in first person shooter could be a reach but who knows,0,0,2024-04-05T15:35:50Z,2024-04-05T15:35:50Z
UgwJwP2n7OySMMkTp9x4AaABAg,@forrealterrellgaming,Mozart Boomin was on this beat. 💪🏾💪🏾 Fr tho Metro snapped,0,0,2024-03-25T18:47:54Z,2024-03-25T18:47:54Z
UgwgeQC2KDfavT-13kd4AaABAg,@valeriaj3745,HE KNEW NOT TO MENTION NICKI MINAJ 😭😂😂😂,0,0,2024-04-01T23:50:53Z,2024-04-01T23:50:53Z
UgxDd__KhcAzTievJqd4AaABAg,@rollpoze,"The bass notes are from another beat, I can't remember what....",0,0,2024-03-24T23:09:01Z,2024-03-24T23:09:01Z
UgydzmBO-Q6pVO0vDfh4AaABAg,@1LoneStoner,Can’t call yourself a Wayne fan if you didn’t hear Hardbody when this came on 😭,0,0,2024-03-28T23:07:00Z,2024-03-28T23:07:00Z
Ugym6aX1ASwkHg2l01V4AaABAg,@tobeywalker4867,"Y’all forget. 14 Grammys and a Pulitzer. Really from the krakens lair. I like cole, not too big of a fan of drake. But I rock with kendrick 1000%. Listen to the heart part 4.",0,0,2024-03-25T13:33:32Z,2024-03-25T13:33:32Z
UgzkcRk3SyfzkcCuwFt4AaABAg,@shadrackmankaja5418,can you please react to Pdoto Sotra Cyphers,0,0,2024-03-28T18:18:43Z,2024-03-28T18:18:43Z
UgyWY0CSuAgGVpU7iTx4AaABAg,@kidii44,Yeah it's lil wayne on the dedication mixtape,0,0,2024-03-26T21:57:19Z,2024-03-26T21:57:19Z
Ugwte4-gMDiZBos6P294AaABAg,@obadiahphoenix429,"Everlasting Bass
Song by Rodney-O & Joe Cooley....Slim Thug Easy E remix....c'mon fellas catch'up!!! 🤔",0,0,2024-03-26T02:24:38Z,2024-03-26T02:24:38Z
Ugx2jV2BRZhF5UCrUzV4AaABAg,@regib1992,Kanye used the sample on a track with him and Pusha T,0,0,2024-03-31T16:47:14Z,2024-03-31T16:47:14Z
UgwB6tayrfN1g2nOHcN4AaABAg,@andreisymedina6929,I need a reaction of cardis new song “enough” bc the bars and the hooksss 😂😂,0,0,2024-04-03T03:58:05Z,2024-04-03T03:58:05Z
UgyhFn-gsnYbY67w_JB4AaABAg,@jayayrhodes,The Game ft Kanye rapped on this beat.,0,0,2024-03-27T08:30:42Z,2024-03-27T08:30:42Z
Ugyj63VqWez0w6ZKOPJ4AaABAg,@Fluxey,It was logic under pressure for the other rapper using the same sample I'm sure,0,0,2025-11-16T01:21:09Z,2025-11-16T01:21:09Z
UgxEPo4WA_bcvM05x9p4AaABAg,@uptwereibee1,About the mike jack line I think yall digging to deep when he ment it alot simpler I think he's telling drake you will die before I do in this competition thing,0,0,2024-04-08T02:13:11Z,2024-04-08T02:13:11Z
UgyLom4xRE2TDXnLVk54AaABAg,@peterpablo3306,I think he used prince and mike bc they were two of the biggest stars who had beef with each other just like him and Drake,0,0,2024-03-27T12:12:17Z,2024-03-27T12:12:17Z
UgzaRDs2Dd1bNMNC-jV4AaABAg,@sbcbaits,Well… now we know that the MJ line is because Drake is a kid toucher. 😂😂😂😂😂,2,0,2024-05-25T16:54:51Z,2024-05-25T16:54:51Z
UgyhtlAa0aUIK944p4l4AaABAg,@DiogoSilva-zz1mp,It would be awesome to have Kendrick come in the fall off with jcole,0,0,2024-04-01T07:26:24Z,2024-04-01T07:26:24Z
UgyPfN3WN6y0eA6oYYR4AaABAg,@Phaeser808,Didn’t logic use this sample for under pressure?,0,0,2024-03-25T01:07:44Z,2024-03-25T01:07:44Z
Ugw8EGrLtd7C9YQFZT54AaABAg,@robertojimenez39,Thuga from around the way i only know it from slim  thug song,0,0,2024-03-27T09:58:18Z,2024-03-27T09:58:18Z
Ugxu6WVR45J8-jNRo3l4AaABAg,@orearabetseriba5479,It’s okay by the game,0,0,2024-03-28T23:45:37Z,2024-03-28T23:45:37Z
Ugy4b1p3bHP8m2i1eXF4AaABAg,@misterdurango,"Y’all should react to Kanye’s Like that remix, just for the hell of it. Just a quick switch up",0,1,2024-05-07T17:25:49Z,2024-05-07T17:25:49Z
UgyK1TIbPCCAJ2U1zft4AaABAg,@NEWELL0320,Lil Wayne -Hardbody (drought 3),0,0,2024-03-25T07:08:44Z,2024-03-25T07:08:44Z
UgyQDfL4U_ezKZRUM6l4AaABAg,@th.nd.r,"I kinda can’t believe y’all thought Mr. Morale & the Big Steppers was just eh, that was such a good album and is my favorite hip hop album of the 2020s thus far",0,0,2024-03-31T04:37:59Z,2024-03-31T04:37:59Z
Ugy-eVGH7XSGxOt9uJp4AaABAg,@timlandersODD,Three 6 Mafia - Who the Crunkest sample,0,0,2024-03-25T12:55:12Z,2024-03-25T12:55:12Z
UgzRR0OHjxdaYuJGeEF4AaABAg,@chad77657,Did they listen to the song on here.,0,0,2024-03-30T13:02:04Z,2024-03-30T13:02:04Z
UgxOi3XzbElUx0OwMKd4AaABAg,@TT-uu2ol,That beat is a project Pat or Three 6 Mafia,0,0,2024-03-25T12:37:40Z,2024-03-25T12:37:40Z
UgyT-haLfw5B4tuWIa14AaABAg,@demyusmiller9441,Lil Wayne - hard body rap on the same sample,0,0,2024-04-06T05:21:39Z,2024-04-06T05:21:39Z
UgxhSZFuSunW_AwZbjd4AaABAg,@maxriches4437,"personally I think a lot of this is directed at Cole as much as it is Drake.. a lot of double n triple entendre in those bars.. “I think it’s time for him to prove he’s a problem” to me is definitely directed at Cole. Kdot n drake already been on their shit for a minute.. Cole always been that 2nd runner up but now feeling like the mvp, well then.. com n prove you a problem.. we all know drizzy n what he about we all know Kdot n what he all about but what you about.. com to the fore then.. all the while he smacking drake in the face as well.. I’m a drizzy n Cole guy myself.. n I’m fvckn excited for this next run. drizzy been wanting this for so long so let’s see how it goes.. time to see what Cole is really about.. he thought kdot was gon joke about his crown like drake did.. he was wrong 😅",0,0,2024-04-03T05:00:10Z,2024-04-03T05:00:10Z
UgzYBOPG1aR72RcCFnh4AaABAg,@DydellRay,40 water and the click iykyk,0,0,2024-04-06T21:06:08Z,2024-04-06T21:06:08Z
UgyFQuAF25M9sjv9xk54AaABAg,@jacobyoung5888,Kendrick talking about light pack with a mid verse like this is funny,0,1,2024-04-02T18:14:06Z,2024-04-02T18:14:06Z
UgwTwuAlyLjGPP-wlIh4AaABAg,@KNG-IS-KON,NU-Clear Rap.......Kendrick 👑,0,0,2024-04-02T21:27:43Z,2024-04-02T21:27:43Z
Ugx0hC55DNN6KMR5XeV4AaABAg,@regib1992,Drake got his ghostwriters workin round the clock after this one 😂😂😂😂,0,0,2024-03-25T02:58:01Z,2024-03-25T02:58:16Z
Ugz8kmCK67sctkxSITV4AaABAg,@Deelow77,Didn’t have this amount of bass!? The name of the og song is Everlasting Bass🤦🏽‍♂️🤦🏽‍♂️,0,0,2024-03-27T01:09:37Z,2024-03-27T01:09:37Z
Ugy0B1aczEgL7GRY3XN4AaABAg,@IzzyHitzMataz,I just want to see them react to cardi b’s new video enough 😂😂😂😂 just to see the genuine reaction,0,0,2024-03-25T20:41:08Z,2024-03-25T20:41:08Z
UgxLUgOnDw0R7QjP95d4AaABAg,@miguelfranco7217,Thought that was Mannie Fresh,0,0,2024-04-07T10:42:37Z,2024-04-07T10:42:37Z
UgxaPVTSK_HcAe3AbRR4AaABAg,@activatedcarbon158,These ninjas super glazin’ …..play the freaking song 😂😂😂🤦🏽‍♂️🤦🏽‍♂️🤦🏽‍♂️,0,0,2024-03-29T19:20:53Z,2024-03-29T19:20:53Z
UgwzbIret9KkABHCN8Z4AaABAg,@optimisticjames9664,"Stop clicking up no be LEGIT no 40 water, ghost",0,0,2024-04-01T22:30:15Z,2024-04-01T22:30:15Z
UgymAUqxcXK9TOiQO4h4AaABAg,@lucasdiaz67,"I hope Drake goes ""duppy freestyle"" on k dot",0,0,2024-04-05T12:26:06Z,2024-04-05T12:26:06Z
Ugz-w-QBtDaj6HQUHKp4AaABAg,@joevalles7683,Rodney o and Joe coolie,0,0,2024-04-21T05:57:47Z,2024-04-21T05:57:47Z
Ugx-fekKyaZftSxUbVB4AaABAg,@tyrellthompson1228,"Goofies as in goofy the Disney character,who’s a dog is reference to drakes last album for all the dogs and the check is in reference to drakes sponsorship wit Nike 

Might be a reach but idk that’s what I got from it",1,0,2024-04-11T21:32:46Z,2024-04-11T21:32:46Z
UgycPh2VVHIqxmmirkd4AaABAg,@tsfrancis1,It’s a Rodney O beat,0,0,2024-03-28T00:59:14Z,2024-03-28T00:59:14Z
UgybnsD0hkuf9bUm2rN4AaABAg,@OhGoYoHD,"K to these 9’s. In blackjack a K is considered a 10 maybe meant I’m a 10 and they are 9 , or a double I’m a K as in AK47 and they are little 9mm",0,0,2024-03-25T14:53:51Z,2024-03-25T14:53:51Z
UgxWSPHJdv9U58BeskF4AaABAg,@anthonysalcedo3740,DJ Paul must have made this beat!,0,0,2024-04-12T11:11:52Z,2024-04-12T11:11:52Z
UgzqwC31amiu3gBnBFN4AaABAg,@AmusedCornflowers-so2cc,LUPE FIASCO SAMURI CAN U PLEASE DO A REACTION ITS HIS NEW SINGLE,0,0,2024-06-08T12:45:34Z,2024-06-08T12:45:34Z
UgzejfYv9-dysVadhGZ4AaABAg,@thedoncrayguy6655,"Let’s keep it real, anytime Cole and Dot are on an a track…they on the second verse…and you’re recording another verse 😂",0,0,2024-03-25T23:32:01Z,2024-03-25T23:32:01Z
UgwvId0QGhD6OCfscbF4AaABAg,@sibusisomkhabela3119,I'm almost certain now that Kendrick will be on The Fall Off. Dot and Cole are cool. He definitely has a bone to pick with Drake.,0,0,2024-03-26T11:05:01Z,2024-03-26T11:05:01Z
UgyEtTWxWw0CMY8_J1B4AaABAg,@sizwemahokoto5009,J Cole - 7 minute Drill please react,0,0,2024-04-05T11:29:13Z,2024-04-05T11:29:13Z
UgziO3o-lvOyRpk6crZ4AaABAg,@julissagu,Here after Cole's track 😂 waiting on Drake lol,0,0,2024-04-05T21:25:02Z,2024-04-05T21:25:47Z
Ugw2QvUe_MfZyw6w2GF4AaABAg,@DR33152,Y'all needed to listen to First Person Shooter to better connect all the bars from Kendrick. These are direct responses to FPS,0,0,2024-04-11T20:57:03Z,2024-04-11T20:57:03Z
Ugx8aeqlXjdxk7AnyNx4AaABAg,@pep061775,Definitely a haymaker I don’t know what y’all talking about 😂,0,0,2024-03-25T20:26:02Z,2024-03-25T20:26:02Z
UgzdfOHjw9ejLUZdPzR4AaABAg,@lovi-zr5oo,hi! you should react to j-hope! he’s a rapper and dancer and is releasing his new album on friday march 29th called “Hope on the Street”. Main track called “NEURON” + a feature with Nile Rodgers. He also has a collab with j.cole called “on the street”! Thank you,0,0,2024-03-26T19:15:00Z,2024-03-26T19:15:00Z
UgyEoHSyUSw_-5FYn_N4AaABAg,@kelvinncube3578,Bro looks like he got on a spray on beard,0,0,2024-04-09T14:37:50Z,2024-04-09T14:37:50Z
UgzpXwk3zlNqcOIUFwF4AaABAg,@PraddaToddla,"J.I.D “WORKING OUT” I watched the Colors videos on YouTube, so beautiful hope y’all check it for your soul",0,1,2024-04-05T03:33:50Z,2024-04-05T03:33:50Z
Ugx1OhaGvqmYJpt6hu94AaABAg,@robgotti4157,It’s an e40 beat mixed ..,0,0,2024-03-28T04:42:28Z,2024-03-28T04:42:28Z
UgzOgToWN0r6ZLBB_Ch4AaABAg,@colloidal_gold,Says Bum twice... Once for Drizzy and once for Cole.,0,0,2024-03-26T11:06:50Z,2024-03-26T11:06:50Z
UgyWx_P3lFv6t_UdBmx4AaABAg,@guider84,Go listion to coco mob out that’s where he’s sampling from,0,0,2024-03-26T16:09:19Z,2024-03-26T16:09:19Z
UgyPXNiAnsgAJwPjDSV4AaABAg,@GR8LAKEMIKE,"THE CLICK IS A GROUP. E-40/ B-LEGIT/SUGA T/D-SHOT. E-40, HIS SISTER, BROTHER AND COUSIN",0,0,2024-03-27T17:33:14Z,2024-03-27T17:33:14Z
UgyHpjwUZ7NQEG5oXu54AaABAg,@kevroller4140,Melli Mel dissed him in an interview.,0,0,2024-03-27T15:05:25Z,2024-03-27T15:05:25Z
UgzUg4uywmWfq1HI-al4AaABAg,@amberpearce710,Pls react to Neuron by Jhope. If you like older style of rap you will most likely enjoy this song!,0,0,2024-03-29T20:30:24Z,2024-03-29T20:30:24Z
UgzVqMeS1YeKD_bGGxJ4AaABAg,@troyrutland8470,react to lovebites please,0,0,2024-04-04T07:12:19Z,2024-04-04T07:12:19Z
Ugwpf5v18EEGww9Cd8J4AaABAg,@TheGarciaKidd,When it comes to being direct I think more of 50 and Pac.,0,0,2024-03-26T20:27:34Z,2024-03-26T20:27:34Z
Ugy5x9Kcqj6ulV0eBN94AaABAg,@christopherrodriguez5054,Slim Thug,0,0,2024-03-26T04:02:24Z,2024-03-26T04:02:24Z
UgyCQWnZpPjkpOteJz54AaABAg,@joshuahogg9807,Hey i made I comment on your first reaction to sleep token and i wanted to make another one on a recent video. I do think you guys are missing the point of progressive metal. The crazy change ups and heavy to melody are essentially what progressive metal is as a genre. You guys can still dislike it but when you say sleep token is trying ti be like hey we can do this and this and you lose the song as an example thats just progressive metal it can be jarring but its about genre blending. Love you guys just wanted to try and inform you more on progressive metal as a genre.,0,0,2024-03-26T13:22:35Z,2024-03-26T13:22:35Z
UgxbIH_JNVN33g-wtK94AaABAg,@KeyLoLoKye,"The Prince v. MJ bar.
Prince chose Kendrick to perform with him. Drake had to pay for MJ’s recognition posthumously.",0,0,2024-03-25T16:38:52Z,2024-03-25T16:38:52Z
Ugxd2lixG7w_ePu14pB4AaABAg,@Real_Toddington,Where pusha at?,0,0,2024-03-29T02:04:33Z,2024-03-29T02:04:33Z
UgwPlGNtLUTVtYXIaVN4AaABAg,@Astronot.Official,"Day 1 of requesting ‘BOLD’ by JustPierre feat. Testimony, Urthsalt, Legit & Astronøt (me)

Love y’all’s content!! God Bless you both!",0,0,2024-03-31T15:08:44Z,2024-03-31T15:08:44Z
Ugxf7GTbZFAuqDmnXzh4AaABAg,@Ohnaaahhhhh,:),0,0,2024-04-02T15:05:07Z,2024-04-02T15:05:07Z
UgzwgRrCvDLNhnMlOH54AaABAg,@ronmarcus9324,"I could be reaching but I think that Melly Mel bar was a double entrande. It could be about what y'all covered. But I also think he's referring to YNW Melly shooting his homie. Since Kendrick and Drake was friends at 1 point. I think it's Kendrick saying I'll body a ""homie"" and take it there if I have to. All cards on the table really. Drake needs to make a move and soon.",0,0,2024-03-26T18:42:26Z,2024-03-26T18:42:26Z
Ugz1sqyOvqywZEXz-714AaABAg,@calvindanser1964,3six who the crunkest,0,0,2024-03-30T16:01:20Z,2024-03-30T16:01:20Z
UgzXMOll8VlslKsUDIl4AaABAg,@curvinredz,Lil Wayne - Hard body,0,0,2024-04-19T04:20:54Z,2024-04-19T04:20:54Z
UgxqyflddUigL3JQrzt4AaABAg,@kdotmalo2824,I don't know if lil Wayne also rapped over the eazy e girl. But remember y'all did a reaction to Logic-under pressure which is what 6ix used to make the best,0,1,2024-03-27T13:50:27Z,2024-03-27T13:50:27Z
UgxJj0s8s7LKCtwdArl4AaABAg,@frankieeefinn8798,"Cole and Kendrick been sneak dissing each other kinda for last few years, I don’t think they’re close at all anymore",0,0,2024-03-27T03:14:51Z,2024-03-27T03:14:51Z
Ugy3-u28kKynkZHOHyN4AaABAg,@dallasanddrewtv885,"Y’all thinking Logic, Under Pressure",0,0,2024-03-31T14:18:41Z,2024-03-31T14:18:41Z
Ugxz4jIfD4R8oe9bq654AaABAg,@SthabisoFZama,you should put up lyrics on screen and highlight the punch lines and rhymes,0,0,2024-03-25T16:34:27Z,2024-03-25T16:34:27Z
Ugwyzibdh0OJLc0exn94AaABAg,@franciscoballou833,Slim thug used that Eazy-E beat before,0,0,2024-04-20T22:30:08Z,2024-04-20T22:30:08Z
Ugw9YisCB83MnVjGZrt4AaABAg,@DominicHolder-nn3um,I feel like you guys didn’t go crazy over Kendrick’s bars the way I wanted you to,0,0,2024-11-27T04:55:54Z,2024-11-27T04:55:54Z
UgzjpAQQtauPdqtTFfp4AaABAg,@lavurgne,No ideas original by Nas?? I knew I recognized the beat,0,0,2024-03-31T13:42:13Z,2024-03-31T13:42:13Z
Ugz2qZRTuyF916HUTu54AaABAg,@Rayden444,yeah wayne song hard body sampled the same beat on tha drought 3,0,0,2024-03-25T00:00:27Z,2024-03-25T00:00:27Z
UgwPl6Ltz37bJfbGqUZ4AaABAg,@darmbiedw9103,logic used this sample too,0,0,2024-03-26T00:18:02Z,2024-03-26T00:18:02Z
UgxX00szT2j52ZPue1Z4AaABAg,@brettin1553,"Pls listen to Orange Juice, by Noah Kahan",0,0,2024-04-03T21:16:14Z,2024-04-03T21:16:14Z
UgyeIIZacaj69-bcQ2J4AaABAg,@simonetaylor8519,Drake producer name is 40 and Drake always said he won’t do anything without him so maybe that’s what future meant be legit no 40 water,0,0,2024-05-04T07:27:34Z,2024-05-04T07:27:34Z
UgwePPTm-oY-Y6ahZSR4AaABAg,@Drewzilla95,Three 6 Mafia props,0,0,2024-05-06T16:14:12Z,2024-05-06T16:14:12Z
Ugz7YMNxZXOoys8cYYl4AaABAg,@XxSpartan617xX,Lil Wayne on drought 3 mixtape,0,0,2024-03-28T04:06:26Z,2024-03-28T04:06:26Z
UgzJsbgmuwYRCy15Kpx4AaABAg,@chriswilcher4257,"Please look at 
Toure- gametime",0,0,2024-03-28T18:11:33Z,2024-03-28T18:11:33Z
Ugy0iizo2Wc6VXQjQsp4AaABAg,@MatadiUnfiltered,J- Cole Responded,0,0,2024-04-05T12:48:18Z,2024-04-05T12:48:18Z
UgwugZPJnBUFSAM5i254AaABAg,@LaDaeypgtien,You meant slim thug songs thug is where the he was once a thug from around the world,0,0,2024-04-19T03:41:11Z,2024-04-19T03:41:11Z
Ugx7nhhIo2I6ooKOKzN4AaABAg,@jemluvette,"kendrick: say, it's a lot of goofies wih a check
drake's album: all the dogs

goofie is a cartoon portrayed by a dog
conclusion: drake is a joke",2,0,2024-03-30T02:42:38Z,2024-03-30T02:42:38Z
Ugx5G8bdja8XJFKQnUl4AaABAg,@benaiah2119,"Please listen to more Led Zeppelin. The lemon song, I can’t quit baby, how many more times, nobody’s fault but mine, and so many more amazing songs you should react to on the channel. I enjoy your videos and hope you see this message.",0,0,2024-03-28T06:56:06Z,2024-03-28T06:56:06Z
UgzJBAnPKvQuRhUseIh4AaABAg,@anyachandorkar7587,JCOLE DID SUMN FIRST ITS OUTTT,0,0,2024-04-05T23:03:51Z,2024-04-05T23:03:51Z
UgwncrupCDgMj5MmTyt4AaABAg,@jamestran2056,Rodney O and Joe Cooley …..,0,0,2024-04-04T20:23:41Z,2024-04-04T20:23:41Z
Ugxwi4LIScV-uux90Y54AaABAg,@brandon_the_ambitious,Do J-Cole response,0,0,2024-04-05T14:10:49Z,2024-04-05T14:10:49Z
UgwI47c_cQqcOJFk7uJ4AaABAg,@HIPPS4444,Lil Wayne and H-Town Slim Thug.,0,0,2024-04-17T00:42:57Z,2024-04-17T00:42:57Z
Ugw8tgo6_bhfqt6WV2t4AaABAg,@imillnotsick420,"I didn't get the line ""got two t's with me, in snatching chains and tattoos."" What are tees or t's?",0,1,2024-03-26T19:52:54Z,2024-03-26T19:52:54Z
UgwSl3GQa7EW1nVV7Ph4AaABAg,@243entertainment9,Kendricks Verse was a response..  they been sneak dissing him for 2 yrs,0,0,2024-03-25T20:35:43Z,2024-03-25T20:35:43Z
UgwPbx_5RUlTbeecabF4AaABAg,@aforex8589,NAS - no ideas original,0,0,2024-04-01T08:16:50Z,2024-04-01T08:16:50Z
Ugx7tPVB-np6kkGMSd94AaABAg,@Nehowchu,Please react to RFA17 - FIRST THINGS FIRST x TRZL. A viral drillrap group coming out of aus. They’re fire 🔥,0,0,2024-04-09T14:14:40Z,2024-04-09T14:14:40Z
UgyiTbNDjtWWvqmf4F54AaABAg,@williamdaniels4013,MR. MORALE AND THE BIG STEPPERS WAS THE SAME DRAKES FOR ALL MY DOGS. BUT DRAKE CAME BACK WITH WITH SCARY HOURS 3 TO REDEEM HIMSELF AND THOSE 6 SONGS ARE COMPLETELY FFFIIIRRREEE ☄️☄️☄️🔥🔥🔥🌋🌋🌋 HIP-HOP NEEDED THIS RIGHT NOW. COAST CONTRA AND J.I.D IZ PURE HIP-HOP SO THIS IZ GOING TO BE INTERESTING.,0,0,2024-03-30T19:10:59Z,2024-03-30T19:10:59Z
UgyQIXV66GaH3HKcp7N4AaABAg,@YourBBQ,logic used this in under pressure,0,0,2024-03-25T22:28:45Z,2024-03-25T22:28:45Z
Ugy7K28IOfVDwY_ecNF4AaABAg,@AAA49224,it was Wayne Cant Feel My Face. respect to Kendrick but Wayne SMOKED this beat 20 years ago and it still sounds good today,0,0,2024-04-07T22:13:27Z,2024-04-07T22:13:27Z
UgyRMuCPVfPiz-9Snz14AaABAg,@christopherthomas5243,Pay attention to Prince,0,0,2024-11-22T05:48:12Z,2024-11-22T05:48:12Z
UgzqscLnKnBIhnTxKf54AaABAg,@xRastaBlack1,Lil Wayne I can’t feel my face. Da Drought 3 mixtape and before that I believe it was 36mafia beat I think not sure tho.,0,0,2024-03-31T17:51:55Z,2024-03-31T17:53:06Z
UgxWTM0zp8RENeIqEt94AaABAg,@rosaprcs,mr morale has bangers too top 3 kendrick,0,0,2024-03-25T04:16:16Z,2024-03-25T04:16:16Z
Ugwh99Pho7lcN7usLcJ4AaABAg,@ZekeTank,Didn't logic use that beat?,0,0,2024-03-25T23:34:24Z,2024-03-25T23:34:24Z
UgxQ-EqrnIHpsua6RBR4AaABAg,@H2GRudy,"Tik Tok mfs. Cole responded. Time to get in the stu for a reaction 😏 

Plz🙂",0,0,2024-04-05T07:06:08Z,2024-04-05T07:06:08Z
UgxjkFdcEC9S0U_E3c94AaABAg,@kricejr,the beat got a solo lol,0,0,2024-04-04T15:02:39Z,2024-04-04T15:02:39Z
UgySJGEnNRUPV8Ndp0l4AaABAg,@redpillcinema6560,Do yall not remember the group with E—40 and the Click ?????? Are yall serious ?????? Cmon dawg 😂😂😂,0,0,2024-03-26T01:34:38Z,2024-03-26T01:34:38Z
UgzLTX1hO53Plbd8Xx14AaABAg,@stormyweather4898,Old mix type. That is what that sounds to me.,0,0,2024-08-01T22:14:16Z,2024-08-01T22:14:16Z
UgyL75cS6ipf7OkZ0NV4AaABAg,@afrikaa5931,Slim thug sampled this beat like 15 years ago,0,0,2024-03-25T05:24:50Z,2024-03-25T05:24:50Z
UgwCV7BNzRH2eTKbibN4AaABAg,@ReagenGoodlow,How come Three 6 doesn’t get the credit they deserve for using it 2nd?,0,0,2024-03-25T12:42:05Z,2024-03-25T12:42:05Z
UgydNwVUwwaK2ojZTPF4AaABAg,@coryjackson6944,"I disagree .. I love MMATBS and I still play it to this day! As a matter of fact, you can find people singing songs off the album as he is still touring.. 🤔

He was performing in Mexico when ""Like That"" dropped..",0,0,2024-04-02T14:19:29Z,2024-04-02T14:19:29Z
UgzhvrjRwqaZO42JX2l4AaABAg,@freddieflint8134,"@Lost In Vegas,NO NO NO. It's rodney o and joe cooley, everlsting bass. The barry white sample.",0,0,2024-03-25T07:36:24Z,2024-03-25T07:36:24Z
Ugy1-8jjumqHKb6crLR4AaABAg,@B-Raw89,I’m appalled that y’all don’t realize that the beat is just a merge of slim thug- was a thug and Wayne - hardbody,0,0,2024-03-26T12:26:00Z,2024-03-26T12:26:00Z
Ugyh0Fakj-eIz8OM-kJ4AaABAg,@masudimukendi8844,"Question, after all this who won🤣🤣🤣",0,0,2026-06-27T14:27:04Z,2026-06-27T14:27:04Z
UgxYnSNvtW6ylBTfBtx4AaABAg,@ThaRiddler25,J Coles response is gonna be heavy. I don’t think Kendrick really want it Cole.,0,0,2024-03-25T08:48:26Z,2024-03-25T08:48:26Z
Ugz0TBOBHCmsFC5aldB4AaABAg,@victoraldaba4483,Lol slim thug lol,0,0,2024-03-26T04:15:52Z,2024-03-26T04:15:52Z
UgzEQIeXpQm6WyQn8354AaABAg,@livelifelove42085,Slim thug,0,0,2024-03-26T05:32:42Z,2024-03-26T05:32:42Z
UgyR1ksSZVt2YFTtndR4AaABAg,@travishardney3442,Three 6 mafia- Ridin Spinners and Who Da Crunkest! I guaranteed Metro was inspired by DJ Paul and  Juicy J,0,0,2024-03-25T03:20:04Z,2024-03-25T03:20:04Z
Ugxl0PR92_y6Z8Zt4b94AaABAg,@adamwash917,metro up there with dre,0,0,2024-03-26T17:50:07Z,2024-03-26T17:50:07Z
UgyW4w4nu6SUg0xPIh94AaABAg,@MarvinCReyes-wp8op,Slim thug,0,0,2024-03-28T04:51:36Z,2024-03-28T04:51:36Z
Ugyoy_KK5pGsZctuF-x4AaABAg,@raymondmartinez2686,And outta nowhere comes Pusha-T to RKO drake 🤣🤣🤣,0,0,2024-03-31T17:53:13Z,2024-03-31T17:53:13Z
UgwhRvDVqBO8MGqeMfN4AaABAg,@Itzdree,Please react to TYLA’s album🥹,0,0,2024-03-28T20:54:01Z,2024-03-28T20:54:01Z
UgxPQrXGJKSwCd81-QF4AaABAg,@djinspector1,B-legit E-40 and Suga T = The Clique... yall too old not to know that,0,0,2024-03-28T03:29:50Z,2024-03-28T03:29:50Z
Ugw5Q4GVnyrigVCRbyl4AaABAg,@Los_Uno1,"Kendrick Lamar on Mask Off Remix:
""She said she broke down when Prince died, bitch my hair down Prince lives through me""

I think Kendrick always likened himself to Prince, hence, ""Prince outlived Michael Jackson""

I might be reaching lol.",0,0,2024-03-25T06:55:28Z,2024-03-25T06:55:28Z
Ugw8d-Eno02U5Qmmh9h4AaABAg,@cyrilmasina1680,"Honestly im shocked  you guys are asking where is this stemming from, havent u been watching or hearing the sneak dissing btwn kdot and Drake for the past ten years?",0,0,2024-03-30T01:15:32Z,2024-03-30T01:15:32Z
Ugwtbcsn6450czQ_xmN4AaABAg,@carlcapture,Slim Thug- Thug 😬,0,0,2024-06-23T01:25:00Z,2024-06-23T01:25:00Z
UgzaMnd2JeWi76wL8yV4AaABAg,@justinmcpherson8132,It's Ghostface,0,0,2024-03-24T23:21:04Z,2024-03-24T23:21:04Z
Ugwqkf3eIb-WSmXGi314AaABAg,@byan707,Please do jhope's neuron next🎀,0,0,2024-03-30T15:58:14Z,2024-03-30T15:58:14Z
UgzoQYgNVf5fXP2Vuv94AaABAg,@MaxdoesWell,Not gonna lie this guy with a cap looks like SuperHotFire,0,1,2024-04-01T19:51:45Z,2024-04-01T19:51:45Z
UgxrPGjlH7xKZrQa8Np4AaABAg,@HeyJoe.,Why this video 26 minutes long 😭,0,0,2024-03-28T04:09:13Z,2024-03-28T04:09:13Z
Ugw0jZEZ3j4Pluww1UN4AaABAg,@Norastrawberry-do2tk,can you react to 'NEURON' by j-hope please ❤,0,0,2024-03-30T13:39:12Z,2024-03-30T13:39:12Z
UgzUitlpFO7FR-JxXUZ4AaABAg,@MikeDelossantos-j5n,"All the love in the world to Metro, but Scott storch doesn’t get enough credit unpopular opinion, but some of his old interviews with em game and 50",0,0,2024-04-14T01:50:37Z,2024-04-14T01:50:52Z
UgyNVn4mjseGASCzH-p4AaABAg,@janmajnik6889,Logic rhymed on this beat.,0,0,2024-04-19T14:21:34Z,2024-04-19T14:21:34Z
UgxVsnRITzTB5aLGkht4AaABAg,@braulio12354,Yahh late on the j cole warning shot to Kendrick too,0,0,2024-04-05T17:55:19Z,2024-04-05T17:55:19Z
UgyOUrm2WjjASzxZdF94AaABAg,@metaphoriaofficial,Kinda weird how Kendrick came back from a sebaticle before his pop skyrocketed from this Drake beef,0,0,2025-02-19T10:33:34Z,2025-02-19T10:45:40Z
UgxYjAnRa8b4sK1KXN94AaABAg,@WorsebeforeBetter,"You guys haven’t done control with Big Sean, Kendrick Lamar, Jay Electrónica- Control!  Apart of the controversy",0,0,2024-03-30T17:43:53Z,2024-03-30T17:44:09Z
UgzR4yRMTItmenlIHPJ4AaABAg,@thankgod9363,I Cole different I hope he responds,0,0,2024-03-25T02:08:22Z,2024-03-25T02:08:22Z
Ugzt1eE8dqznK_kFKgx4AaABAg,@liveat5ivestudios395,Slim Thug did this beat,0,0,2024-04-24T06:13:38Z,2024-04-24T06:13:38Z
UgxnxQt0mQrm0dzgHsN4AaABAg,@Stay_Dangeross,Mr Morale & The Big Stepper was better than Drake’s last 2 albums tho imo🤷🏾‍♂️,1,0,2024-03-25T15:14:38Z,2024-03-25T15:14:38Z
UgzToIlCln2uYAYXjr94AaABAg,@twilajohnson2313,You can’t be real hip-hop if you don’t write your own lyrics,2,0,2025-05-24T07:09:22Z,2025-05-24T07:09:22Z
Ugw9YEX6Pw2MjceVySF4AaABAg,@daughterofvenus,"The rapper j-hope has released a new song called ""NEURON', any chance of you reacting?",0,0,2024-03-29T12:04:39Z,2024-03-29T12:04:39Z
UgwTWEMbJ4BnRo8RsNJ4AaABAg,@ineedinsight7180,Wayne destroyed this beat during his mixtape days! He went much harder than K Dot and Future and wasn’t even throwing shade…just asserting his dominance.,0,0,2024-03-29T06:44:57Z,2024-03-29T06:44:57Z
UgxMobvxcOINtw0IzfR4AaABAg,@SUPERZAYAN1,"No one catches the Barry white sample, that’s the best part of the beat imo",0,0,2024-03-26T17:20:29Z,2024-03-26T17:20:29Z
Ugz3y4946k1WZNK9s8t4AaABAg,@mundovideo5022,React to Scaring The Hoes album by jpegmafia and Danny Brown,0,0,2024-03-29T15:40:35Z,2024-03-29T15:40:35Z
UgzG-VipKMsQVcKtwIx4AaABAg,@kennyhardcore2755,Logic underpressure beat,0,1,2025-02-20T15:17:32Z,2025-02-20T15:17:32Z
UgzLLWI4kWIIMqA8AM14AaABAg,@breakingloose4267,"KDot was two steps ahead of everybody… Mask Off (Remix) is what you need to know for you to understand the Prince outliving MJ bar…. Dude was literally created to rap at the highest level possible. 

Hence, why J Cole apologized 😂",0,0,2024-04-10T17:11:22Z,2024-04-10T17:11:22Z
Ugxx5B94N5kaJJ_jmkh4AaABAg,@JoseMedina-oc2nd,"Here for it , Let’s See Kendrick get in tha Ring,, not drop some lines and dip for 5 years again,,,,,,",0,0,2024-03-25T13:54:54Z,2024-03-25T13:54:54Z
UgzrVRLwQmYozCicDLN4AaABAg,@rashaudscott2170,Kanye west and game sample it also,0,0,2024-03-25T23:59:18Z,2024-03-25T23:59:18Z
Ugz8__d_0F4OphKn2Mp4AaABAg,@JosephAlexander-j7s,J.Cole Problem Child,0,0,2024-03-25T04:17:13Z,2024-03-25T04:17:13Z
UgzI21zm0KFn1xruXp94AaABAg,@Avas2Sense,Almost 7 years and Prince was older than MJ,0,1,2024-03-26T21:35:07Z,2024-03-26T21:35:07Z
UgynRU36_DJEjfuD4Hl4AaABAg,@KingDarius500,Review wuntay Timmy,0,0,2024-03-28T17:54:48Z,2024-03-28T17:54:48Z
UgyyRUY6t07_WXxgcdt4AaABAg,@ezekielpritchard1028,"Logic samples this, diss to J Cole",0,0,2024-03-29T02:10:26Z,2024-03-29T02:10:26Z
Ugwohs-d-66czdeAfQt4AaABAg,@77Sherms,"To keep it 100, I think Kendrick was also saying that Prince, also, outlives Mike jack in terms of the allegations. There aren't the same allegations against Prince as there was/is against Michael Jackson so Michael Jackson's legacy is tarnished. So Prince's legacy is/will/could outlive MJs in that regard. MJ is/has been on the verge of getting cancelled. Just my observation. When that HBO documentary came out, it created alot of controversy and most people I speak to under the age of 35, are not feeling MJ like that too much tbh.",0,1,2024-04-18T07:59:06Z,2024-04-18T08:02:08Z
Ugzft1f58wYTk0MMs5t4AaABAg,@motheo4846,"Man the amount of disrespect im seeing on drakes name with regards to his penmanship. I really hope he delivers, if he responds",1,0,2024-04-07T22:25:40Z,2024-04-07T22:25:40Z
Ugwh8KuRM8JKdgJAZKp4AaABAg,@amanuelguta1162,"the Prince and Mike line is about that, Kendrick is gonna murder Drake. He out live Mike",0,0,2024-03-28T02:02:15Z,2024-03-28T02:02:15Z
Ugz517bRLPD8P6GXpE14AaABAg,@dook_nek707,Rodney O,0,0,2024-03-28T02:13:04Z,2024-03-28T02:13:04Z
UgxvQH_BBqVl2g8SNGR4AaABAg,@prisonmike2980,A k ( Ak 47/ k dot ) with all these 9s ( 9/10s ) he gone see pet cemetery! 🔥🔥 Bro that bar can be broken down so many ways,0,0,2024-03-26T14:10:39Z,2024-03-26T14:10:39Z
UgzirphmqtT_W9taG8F4AaABAg,@fantasiaisland148,Yes it’s lil Wayne on the drought,0,0,2024-04-02T00:48:13Z,2024-04-02T00:48:13Z
UgxrAaNYscyZEfTDJ154AaABAg,@Vincybadbwoy,Bird man and lil Wayne beat he sample( I run this ),0,0,2024-04-10T14:31:53Z,2024-04-10T14:31:53Z
Ugx7UrbyGP53bdgVOA14AaABAg,@rollin60z,"“First Person Shooter"" (Drake ft. J. Cole) – October 6, 2023

“Like That"" (Future, Metro Boomin ft. Kendrick Lamar) – March 22, 2024

“Push Ups"" (Drake) – April 13, 2024 (Leaked) / April 19, 2024 (Official Release)

“Taylor Made Freestyle"" (Drake) – April 19, 2024

“Euphoria"" (Kendrick Lamar) – April 30, 2024

“6:16 in LA"" (Kendrick Lamar) – May 3, 2024

“Family Matters"" (Drake) – May 3, 2024

“Meet the Grahams"" (Kendrick Lamar) – May 3, 2024

“Not Like Us"" (Kendrick Lamar) – May 4, 2024

“The Heart Part 6"" (Drake) – May 5, 2024",0,0,2026-08-12T11:44:42Z,2026-08-12T11:45:11Z
Ugw-2oTuORUpmF49heJ4AaABAg,@beautyistifanus8794,"Michael is a mega super star, Prince is a super star,even Prince knows Michael is better",0,0,2024-03-26T03:02:22Z,2024-03-26T03:04:21Z
Ugz_6b3sDfHnqm5nC6F4AaABAg,@MattAero,People who didn’t like Mr morale and the big steppers albums literally aren’t musically literate or hip hop literate. Kendrick’s a rappers rapper,0,0,2024-03-29T20:50:33Z,2024-03-29T20:50:33Z
Ugxz6QKfBP-yIFn4Hel4AaABAg,@pmcintyre65,It was slim thug,0,0,2024-03-26T01:55:38Z,2024-03-26T01:55:38Z
UgyCe3-h--n8pm3O9Sx4AaABAg,@josephwilliammee660,It was slim thug,0,0,2024-04-08T16:51:49Z,2024-04-08T16:51:49Z
UgzcyWOCQNHOQ60rIax4AaABAg,@Latiannies,please react to HOPE ON THE STREET VOL 1 by JHOPE 🙏,0,0,2024-03-29T09:53:17Z,2024-03-29T09:53:17Z
Ugxv6VG-i0J9XmyPDzF4AaABAg,@Latiannies,please react to HOPE ON THE STREET VOL 1 by JHOPE 🙏,0,0,2024-03-29T09:53:12Z,2024-03-29T09:53:12Z
Ugw2SuoKyDN2ZmNosX94AaABAg,@MahfuzurRahman-o5k,they died on 7 minutes,1,1,2024-04-09T02:23:18Z,2024-04-09T02:23:18Z
Ugzmphizbvg3-3E7P-R4AaABAg,@Logic-Is-Uncommon,"I think Kendrick doesn't have an issue with J Cole per se, but he was offended by Cole exalting Drake as one of the elites, the top 3. That's why he felt compelled to call it out. 

Peep Kendrick has never had a problem with Cole saying he's one of the GOATs. The minute J Cole started trying to include Drake into that elite tier category of Hip Hop, Kendrick wasn't having it, and rightly so.",0,0,2024-03-26T21:24:22Z,2024-03-26T21:24:22Z
UgwVjsEM12vTSUu3BoV4AaABAg,@jinjuice4847,It was logic not Wayne,0,0,2024-03-25T21:47:05Z,2024-03-25T21:47:05Z
UgxBJovKLgTEFKyNXA94AaABAg,@zainabbakre4472,"I want Nicki to use this beat, I’ll love to hear her on it 🥺🥺🥺",0,0,2024-03-25T03:00:31Z,2024-03-25T03:00:31Z
UgxmGrFiFiBfvrseK0R4AaABAg,@tscottanw,A lot of goofys with a check is a diss to drake about his Nike deal,0,0,2025-11-24T12:28:12Z,2025-11-24T12:28:12Z
UgxhmeD29TxNxVNbxrl4AaABAg,@Kruisekontrol_,"A lot of goofies with a check is both a play on having money, and particularly Drakes recent Nike deal (Check ☑️)",0,0,2024-03-26T16:22:23Z,2024-03-26T16:22:23Z
UgzYnpHeiJp9e3Xx8hB4AaABAg,@plainsoupz,"im just happy this is happening to get some new good music.

but crazy you think this wasnt kendrick just baiting drake to respond, no way you assume drake taking kendrick head off like that. this straight up feels like kendrick want him to respond so he can go at him for real.

im ready for some popcorn if drake responds because kendrick would actually bury him unless wayne gets with him on a track",0,0,2024-03-27T17:13:01Z,2024-03-27T17:13:01Z
UgwEdceEBzPAHwsMZth4AaABAg,@Sincerelymanagement,"Drake can throw subs all day, but the moment someone says a reply .. they’re clout chasing.. laughable",1,0,2024-03-25T07:25:39Z,2024-03-25T07:25:39Z
UgwzvPjXwy7X2J0RT5N4AaABAg,@tigerroselili5765,The fact that we're acting like Future's verse was not trash and we don't just forward the song to Kendrick's verse,0,1,2025-03-22T21:33:04Z,2025-03-22T21:33:04Z
UgxCwNkF9WccLSJAhsF4AaABAg,@AWCY,12 Grammys to j Cole and drakes combined 5? Maybe 6? Kendrick about to say call me Zeus cause the bums cant stop me finin,0,0,2024-04-06T22:46:17Z,2024-04-06T22:46:36Z
Ugw20yWtVjn__WjWR9l4AaABAg,@Oxtoledo,It was logic not Wayne.,0,0,2024-04-01T09:55:41Z,2024-04-01T09:55:41Z
UgwxjikA-_-mnWMONlN4AaABAg,@44xboxer,"“Prince outlived Mike Jack” 
Dot isn’t calling Drake Mike Jack. drake has been comparing himself to MJ his whole career in his songs. So it’s more of a shot at Drake than it is for MJ",0,0,2024-03-25T21:34:27Z,2024-03-25T21:34:27Z
UgyQHQ0g2HcIt0_UHs94AaABAg,@Jklmnop12372,Wayne did use it,0,0,2024-03-26T16:34:00Z,2024-03-26T16:34:00Z
UgwcIGVXy2bRcOwZU9d4AaABAg,@fuegofitness2548,Kanye and game is who rapped on it,0,0,2024-03-28T14:00:18Z,2024-03-28T14:00:18Z
UgyI6dgG4X09RYYvC714AaABAg,@vazf2011,Whose going to write drake's diss back?,1,1,2024-03-25T13:46:00Z,2024-03-25T13:46:00Z
Ugzwva3rL3GmnDJkQvJ4AaABAg,@heyzeus6149,Kendrick need a real job out here showing his vulnerable ego,0,0,2024-03-25T00:40:52Z,2024-03-25T00:40:52Z
Ugy22KjAwuK7rY9Xbxx4AaABAg,@LowKeyShawn2,Yall don’t know this beat??? Lil Wayne killed it on drought 3 Rodney O everlasting Bass!!!,0,0,2024-03-26T02:47:35Z,2024-03-26T02:47:35Z
Ugx9mujdkdzKBWJEn9p4AaABAg,@edwardmartins9839,Remix with Nicki & lil Wayne,0,0,2024-03-29T04:28:30Z,2024-03-29T04:28:30Z
UgxYMsVcaBJ5qPiQK2x4AaABAg,@GlutenFree-e,"Everyone talking down on metro instigating. Bro ts is just business for him, why wouldnt he start beef? Its just more beats to be made and more beats and production to sell😂 yall not reading into this.",0,0,2024-04-04T18:13:18Z,2024-04-04T18:13:18Z
UgxRvuzPpv_ivDpMTi14AaABAg,@Raymond_Mode_In_Drywall_Mode,3:31 are you thinking of Slim Thug?,0,1,2025-11-29T01:41:43Z,2025-11-29T01:41:43Z
UgwLsFhd_gn07oKWXmZ4AaABAg,@cjo4211,Kanye sampled Eazy too,0,0,2024-03-27T20:48:52Z,2024-03-27T20:48:52Z
UgxF6qPDEjmmKn4tvUh4AaABAg,@EmmanuelOnyeme-c3b,"Please reaction to more King von and Lil Durk 

King von war with us 
King von Wayne's story 
🙏🙏🙏🙏",0,0,2026-08-15T11:14:03Z,2026-08-15T11:14:03Z
UgzinaOMNmr_9D5iGvB4AaABAg,@Nerd-gasm,Folks out here acting like these guys hate kendrick haven’t watched this,0,0,2026-06-02T17:43:01Z,2026-06-02T17:43:01Z
UgybcdkSCYNDaDevSYx4AaABAg,@sun5924,"Hello. I wanted to recommend some BTS to you. They have a lot of heavy hip-hop rap music. It is so good. My recommendations:

- UGH by BTS
- Ddaeng by BTS
- Cypher 3 by BTS
- Intro: Persona by BTS
- Neuron by J-Hope (BTS rapper)
- Haegeum by Agust D (BTS rapper)
- Yun by RM (BTS rapper)",0,0,2024-04-03T19:15:22Z,2024-04-03T19:15:22Z
UgxgAmt1Pg8l0-MWKnp4AaABAg,@CallMeNovaATLFootball,At this point. I really don’t understand how people like Future smh,0,0,2024-04-08T03:36:37Z,2024-04-08T03:36:37Z
UgxRd-9qsO6s868t8Zx4AaABAg,@Frankdawg316,Three 6 mafia used that beat,0,0,2024-05-10T23:27:47Z,2024-05-10T23:27:47Z
UgxKVZIa-ozEmcmc-TB4AaABAg,@schwartzchanelle5795,And yall said Kendrick loss his touch when he was just trying to behave himself in his last album,0,0,2024-04-08T07:23:13Z,2024-04-08T07:23:13Z
Ugw3KM-0gHEhkxBWhHZ4AaABAg,@ms.l7301,"March 22, 2025",0,1,2025-03-23T02:42:10Z,2025-03-23T02:42:10Z
Ugy_YVDFglNFwLJ4KS54AaABAg,@kkswain96,I don’t understand when Future turned on Drake after all the work they’ve done together,0,0,2024-04-13T21:15:39Z,2024-04-13T21:15:39Z
UgwcJ3768LM1iferakV4AaABAg,@metaphoriaofficial,That bass is harder than viagra,0,0,2025-02-19T10:22:20Z,2025-02-19T10:22:20Z
Ugzfk4qjOBJ8jtdf05Z4AaABAg,@dirtydaniel5617,Joyner needs to get on this beat and annihilate it!!,0,0,2024-04-02T22:43:15Z,2024-04-02T22:43:15Z
Ugx-NfCbLV1tODtehjd4AaABAg,@SircSev,All im seeing in the comments are people regurgitating what tik tokers told them these bars mean. They're all saying the same thing over and over lmao,0,0,2024-03-27T03:40:05Z,2024-03-27T03:40:05Z
Ugxee8xMqjw00LSq8xV4AaABAg,@joserosas6372,🐶 🪦,0,0,2024-04-01T13:32:09Z,2024-04-01T13:32:09Z
Ugwp1MNfqNiq8PmJHRt4AaABAg,@quentinjohnson46,it was lil wayne u right pham,0,0,2024-03-26T02:24:49Z,2024-03-26T02:24:49Z
UgzsM89cyB9Se-78PdZ4AaABAg,@MoooB74oooH,"It was Slim thug beat I guess, that easy part",0,0,2024-04-07T03:35:34Z,2024-04-07T03:35:34Z
UgyC2TfgyNBuQjJVJGx4AaABAg,@TK.KIRKLAND-d,Drake so jealous and insecure that he had to strike a copyright claim if the reactors has gone against him or talked ill about him when they just reacting like how a normal person do when hearing it for the first time like he wants people to 😂keep quiet even if the bar hits harder than a train😭,0,0,2024-05-21T15:03:13Z,2024-05-21T15:03:32Z
UgylTCRuopTd1ehSry94AaABAg,@AnikaVado,hi! you should react to j-hope of bts. he is releasing his new album on friday march 29th and its called “Hope on the Street”. It has features with Jungkook (from bts) and Nile Rodgers.,0,0,2024-03-27T17:03:00Z,2024-03-27T17:07:00Z
UgyRDwSj698wrectmOR4AaABAg,@Mr07121981,Three six mafia = Who the crunkest,0,0,2024-03-27T05:42:40Z,2024-03-27T05:42:40Z
UgzWSt8x9xVCdfijiLB4AaABAg,@Cotto72,If missing bars was a hobby,1,1,2026-02-13T23:10:03Z,2026-02-13T23:10:03Z
UgybhzvS2ZbftmV7FZ14AaABAg,@foothype3861,Everlasting bass.  Rodney Joe and Joe Cooley old school hip hop . Learn about it,0,0,2024-03-29T03:30:18Z,2024-03-29T03:30:18Z
UgyOsrkPsCHLgFprfsd4AaABAg,@samuellago696,"I might be high, but did I just notice that the bald guy took all of the good lines to explain and easiest, as opposed to the other guy getting the difficult ones to explain and he sometimes made no sense? Tell me I’m tripping 😅😅😅",0,0,2024-03-31T10:52:31Z,2024-03-31T10:52:31Z
UgxDQuKPrr1Scu7eZgl4AaABAg,@richardthomas7629,Slim thug rapped on that easy beat,0,0,2024-03-27T23:08:12Z,2024-03-27T23:08:12Z
UgwoeS_SqGnZQP2lOvd4AaABAg,@chrishavok3639,He said prince outlived Michael Jackson cuz drake compared himself to MJ,0,0,2024-03-26T13:26:47Z,2024-03-26T13:26:47Z
UgxRFApfG-p5-T3KJ3R4AaABAg,@JohnSmith-er5gv,Kendrick on the downfall fasho 😂,1,0,2024-03-26T07:46:54Z,2024-03-26T07:46:54Z
Ugz-XOPatk0l9Wvbgol4AaABAg,@randyrandhawa5347,These dudes didn’t catch any of the diss lines. Cmon on now,0,0,2024-03-25T01:47:32Z,2024-03-25T01:47:32Z
UgxpFE3RCCEk09CPuPJ4AaABAg,@qwizzle78,Goofys with a cheque/check also referring to Drake deal with nike,1,0,2024-03-27T16:08:52Z,2024-03-27T16:08:52Z
UgwnC7sXWmyGcBNvr-N4AaABAg,@TheXpertGenius83,Eazy-E sample and ThreeSix Mafia beat,0,0,2024-03-29T00:58:21Z,2024-03-29T00:58:54Z
UgzRVQAEToz_UHPgWe54AaABAg,@ElRealPetChicken,Three 6 mafia rapped over this beat,0,0,2024-12-21T09:37:28Z,2024-12-21T09:37:28Z
UgzIwNdwgkX_Uoytsup4AaABAg,@SKYE-kDOOM,Colossal yap fest,0,0,2024-03-31T08:56:15Z,2024-03-31T08:56:15Z
UgzaPux8iEclIoO1A8V4AaABAg,@Travelista1000,No grown man should be bopping to future. Kendrick is fine.,0,1,2024-04-06T15:21:35Z,2024-04-06T15:21:35Z
UgxbgtmWGh3YxbUpQep4AaABAg,@Qyibra,21 is missing on this one 😤,0,0,2024-04-02T11:25:33Z,2024-04-02T11:25:33Z
Ugy5lG6UXc6pn8arPd54AaABAg,@natashastcyr6903,So Drake Got Ye Mad and Kendrick Lamar he might as well retire,0,0,2024-03-25T03:12:02Z,2024-03-25T03:12:02Z
UgxeJzgK2B91a9P9LWt4AaABAg,@jameslang7868,Those are Drake's fans!,0,0,2024-03-25T19:24:29Z,2024-03-25T19:24:29Z
UgxReSwSLHkYkYUJNZB4AaABAg,@dwilkins337,3-6 mafia beat,0,0,2024-03-26T23:36:28Z,2024-03-26T23:36:28Z
UgyjQngtnYR5eFJsMER4AaABAg,@theb-show2702,No no no Cole gotta prove that his a problem,0,0,2024-04-02T15:53:02Z,2024-04-02T15:53:02Z
UgyMUBwHMHIJ6_ucwkd4AaABAg,@mrpierce1026,Wayne smoked this beat on the Drought 3,0,0,2024-04-06T20:59:41Z,2024-04-06T20:59:41Z
Ugya02Pl3FIYIWw5eVB4AaABAg,@gobucks7060,It was lil wayne.,0,0,2024-03-30T15:21:17Z,2024-03-30T15:21:17Z
UgwnBTeGDbGg7flmtfl4AaABAg,@keeferussell8169,Listen man if y'all never listen to just one single person please people I need back up the beat alone. Please Marlon craft soda club,0,0,2025-01-26T07:17:06Z,2025-01-26T07:17:27Z
Ugw6cLEUk4tg6du0MPJ4AaABAg,@thadeusdumas1846,Hard Body - Lil Wayne 🥱 Same beat harder verse,0,0,2024-03-27T03:56:42Z,2024-03-27T03:56:42Z
Ugz1dKINgpd8x-sEEQZ4AaABAg,@themadthinker,When he's speak on a check. Drake has a nike deal so he's clowing him. That's why he said is  symbolic. And you clicked up u no  b-legit or 40 water. That's love saying they not hard like the click. Know your hip hop history. Cause yall only go as far as nas and Jay z beef. Remember ice cube killed a whole crew NWA. Ijs.,0,0,2024-03-25T14:10:41Z,2024-03-25T14:11:19Z
UgyA2sXyGzYcM1lDa254AaABAg,@audreytroupe208,Just dropped in to say that the guy in the hat is fine af. That is all. You all have a great day,2,0,2024-05-31T03:41:32Z,2024-05-31T03:41:32Z
UgyivfCXxwgSvjW35kp4AaABAg,@RioLo_TLE,People keep glossing over the fact that Future is subbing Drake with the hook.,0,0,2024-03-25T11:32:28Z,2024-03-25T11:32:28Z
UgwPS4TnuH3JMPDrfzN4AaABAg,@Ngunis1000,Twas kanye west and the game on eazi..,0,0,2024-03-27T09:16:07Z,2024-03-27T09:16:07Z
Ugw6nYpg4sId4OfatQB4AaABAg,@derellturner61,Yall missed a lot of keep point,0,0,2024-03-26T22:56:52Z,2024-03-26T22:56:52Z
Ugz96QA4RRXev_aPYV54AaABAg,@dabrownone,"Mr Morale is easily Kendricks best album conceptually, artistically, and lyrically",2,0,2024-04-04T20:20:32Z,2024-04-04T20:20:32Z
UgwGUBPoqop2TUnw-St4AaABAg,@wadecounty912,Y’all would rather sit on a pedestal and get low views than review “hot” songs. I respect the self destruction,1,0,2025-05-16T01:00:25Z,2025-05-16T01:00:25Z
UgwaYr1FvdzEf9k8DhB4AaABAg,@davebovell5817,"People are overreacting because of the beat. This is one of the hottest beats I've heard in a while, but Future cant rap and K Dot was solid. Nothing special.",2,0,2024-04-15T00:03:43Z,2024-04-15T00:03:43Z
UgxyVNoKHZm1vkjV4QN4AaABAg,@hafsazahra973,"Hi! You should react to j-hope (of BTS). He is releasing his new album on friday march 19th and its called “Hope on the Street”. It has features with Jungkook (from bts) and Nile Rodgers.
Maybe you can check out the main single “Neuron”",0,0,2024-03-26T01:53:08Z,2024-03-26T01:53:08Z
UgxZ-neT1JFKkrvLbLl4AaABAg,@renecardoza45,"Kendrick coming for Drake is nothing new because they've been firing shots at each since the early 2010's (their relationship changed in 2013 when Drake publicly made it known that he was salty about the ""Control"" verse).  There may or may not be any real beef between the two to this day but I miss seeing rappers battle to prove they're #1.  I was shocked to see Kendrick taking some jabs at Cole.  I've been sitting with this verse for days and I still can't believe this shit lol.  I know that the two have love for each other so it's gonna be interesting to see how Cole responds on a track if he even responds at all.  It'd be fire to see Cole step in the ring and have some fun cause we all know he's got the bars to compete with anybody.  We don't see rappers going toe to toe for the top spot anymore and I think that that's a big part of the game thats lacking.  There's no competitiveness and no excitement in the game anymore.  Gotta appreciate Kendrick for always being the one to pop shit off and create some controversy.  Competition is the spark that's missing in the rap game and it's gonna be interesting to see what happens next.",0,0,2024-03-26T08:11:34Z,2024-03-26T09:35:56Z
UgzAZzpqcwCwHhBsssJ4AaABAg,@Jaychill85,Wouldn't be right if the beat didn't get a solo lol,0,0,2024-03-27T03:25:05Z,2024-03-27T03:25:05Z
UgwDKDQT638w-e07AB94AaABAg,@ASarma11,Drake can't come back from this K dot ended him,0,0,2024-03-26T03:12:46Z,2024-03-26T03:12:46Z
Ugx0LCO2hW2oN8Ha2WV4AaABAg,@hoc1992,Alright but is Kendrick barred up? Does kdot have more heat? Cuz Cole is in Album mode and this ain’t DAMN Kendrick anymore,0,0,2024-03-26T01:20:50Z,2024-03-26T01:20:50Z
UgxlLeVxvGKr66cNicF4AaABAg,@kibuukacarlvin5713,40 is drake's best friend,0,0,2024-04-06T17:59:08Z,2024-04-06T17:59:08Z
UgwXxVUfUQSDUuN38h54AaABAg,@austinrichard8119,Ain't no way anyone here thinks this songs fire,0,0,2024-03-25T15:04:50Z,2024-03-25T15:04:50Z
Ugwj3M_POf0C6b_SpQN4AaABAg,@BillFoster-sz1lq,"Alright dang it!  Metallica and justice for all!  If not, you never get another thumbs up from me!",1,0,2024-04-01T00:57:46Z,2024-04-01T00:57:46Z
UgzeH3_o0KgkB6ZiUrB4AaABAg,@KevinLemusCerveny,well kendrick and cole arent friends they havent been for years so he was dissing cole too,0,1,2024-03-31T07:46:27Z,2024-03-31T07:46:27Z
UgxU77pgndmTGpWnFqJ4AaABAg,@mikegreen3506,"Kendrick and J.Cole not coo anymore fellas, that ship has sales for a minute! Years even",0,0,2024-03-25T19:21:41Z,2024-03-25T19:22:10Z
UgzmI8ZgWQpC5TFhoqR4AaABAg,@antwanreallyknows,😂 kendrick has 16 grammys drake has 5 cole has 2 what we talking about they both know he a problem they dont want to address,0,0,2024-03-25T12:18:52Z,2024-03-25T12:18:52Z
UgyiXVw4H7fdMejVaUt4AaABAg,@Astronot.Official,"Day 2 of asking to you to check out ‘BOLD’ by JustPierre feat. Legit, Testimony, Urthsalt & Astronøt (me)

Appreciate y’all! 🙏🏼",0,0,2024-04-01T23:15:25Z,2024-04-01T23:15:25Z
UgwNh0IfsrLS35coIIx4AaABAg,@NalediMakhalemele-p9x,Nas rapped on this beat,0,0,2025-06-01T11:23:55Z,2025-06-01T11:23:55Z
UgwIqSgNvgF51ppmx2V4AaABAg,@G-luna1100,Let's be real Drake can't sink anybodys ship,0,0,2024-03-25T21:35:02Z,2024-03-25T21:35:02Z
Ugxl-2i7RjwaNDISCB54AaABAg,@evarene07,Nobody mentions the “bop” of this is the sample of “Teddy Pendegrass” (which is the bass of this;) beat layered on the old school hip hop beats.,1,0,2024-09-19T13:23:16Z,2024-09-19T13:24:09Z
Ugz0v7XocSDn6V13Pj14AaABAg,@ByronHouston-o3h,This reaction video didn’t age well🇿🇦,2,0,2025-04-22T20:41:22Z,2025-04-22T20:41:22Z
UgzarAJ6fN1zl9t_tZd4AaABAg,@josephatkinson5693,"Yall 100% wrong on the Kendrick assessment that last album is a masterclass 👌🏾 if you only listening to kids online to see if they understand it or even know what he's talking about then you gotta take that ""L"" with them🤷🏾‍♂️",0,0,2024-03-25T19:09:07Z,2024-03-25T19:09:07Z
Ugz_hI8bC-8-sviY12J4AaABAg,@imatyler1,"Let’s be real. Drake got bodied by Pusha, and Kdot better than Pusha. Let’s not act like this gonna be a real beef. Kdot and Cole will be tho. Drake needs to step aside and let the real minds work.",1,2,2024-04-05T18:57:28Z,2024-04-05T18:57:28Z
UgzrPEPMdFVjhjRpEdh4AaABAg,@StLaurent305,Kendrick and J. Cole has been dissing each other for the past 13 years and no one has caught it. They keep trying to throw it on Drake about J. Cole. Yes Drake caught subs but the verse was about J. Cole.,0,0,2024-03-26T17:47:38Z,2024-03-26T17:47:38Z
Ugw9thmpToK9Mt5YpYx4AaABAg,@Latiannies,"hellooo~ j-hope (of BTS) is releasing his new album “HOPE ON THE STREET VOL 1” on Friday March 29th featuring his title track NEURON 
it would be so great if you could react to it, please <3",0,0,2024-03-25T09:39:40Z,2024-03-25T09:39:40Z
Ugw37LGrk02UduCZaFF4AaABAg,@thrillwill13,Drake got a deal with nike.... goofies with a check,0,0,2024-03-31T05:03:51Z,2024-03-31T05:03:51Z
Ugycw1YXRD8i4MK0KWl4AaABAg,@ayoitzsergio,Drake couldn’t touch Kendrick lyrically let alone “decapitate” him.. K Dot is this generation’s GOAT.,0,0,2024-03-31T19:06:19Z,2024-03-31T19:06:19Z
Ugxk8-TMdQaYswI4zi14AaABAg,@VillaWolf24,I wish this song was only Kendrick & Metro..Future brought nothin..,0,0,2024-03-25T06:19:51Z,2024-03-25T06:19:51Z
UgxzmvTwRObW4vEhYdh4AaABAg,@JanselIvan,I see this video till the end now I understand you picked a side for a long time ago. This is why you won't admit your man drake took the Big L 😅,1,0,2024-06-23T07:44:59Z,2024-06-23T07:44:59Z
UgyKr6C1FVxzS3_WqOJ4AaABAg,@kamalahmed6607,"Newsflash 

Kendrick did destroy Drake 😂",1,0,2024-05-29T15:02:19Z,2024-05-29T15:02:19Z
UgzCJ002Oyu6x5NmHcJ4AaABAg,@876casmiic5,Pop bottles lil wayne and bird man,0,0,2024-03-26T04:06:20Z,2024-03-26T04:06:20Z
UgxoTGltAJc0geKBRQl4AaABAg,@darkfield2125,j cole just won,0,0,2024-04-05T23:41:20Z,2024-04-05T23:41:20Z
UgxbsfpNT9QRe7a7gix4AaABAg,@DK-yz9xk,Logic used this beat…,0,0,2024-03-30T05:12:22Z,2024-03-30T05:12:22Z
Ugwx4Y56bByxmANXdBd4AaABAg,@Astronot.Official,"Day 3 of asking to you to check out ‘BOLD’ by JustPierre feat. Legit, Testimony, Urthsalt & Astronøt (me)

God Bless y’all!",0,0,2024-04-02T22:25:14Z,2024-04-02T22:25:14Z
UgwkV_XgVRPNTd-7ZN94AaABAg,@derrickbennett6475,These fake beefs are so juvenile but guess it promotes album sales.,0,0,2024-03-29T14:23:58Z,2024-03-29T14:23:58Z
UgwbO0fecsXeZO5CPaB4AaABAg,@yhg7ygo7g7igoi,Kdot’s verse was kinda weak for his standards but also a disservice to this beat lol.,0,0,2024-03-25T16:30:16Z,2024-03-25T16:30:16Z
