comment_id,author,text,like_count,reply_count,published_at,updated_at
UgzgtXTKdZ6Chp78g4F4AaABAg,@Jestfoster,"Y’all give Drake way too much credit. All he did was call Kendrick short, and speak about his record deal with no evidence. Kendrick is actually dissecting Drakes character.",9848,597,2024-05-01T09:56:08Z,2024-05-01T09:56:08Z
UgwrsYvjIFQ_F6sbQa14AaABAg,@shadesofpink-1,"""I don't wanna call him a culture vulture. I don't think that's what he's saying."" LOL That is EXACTLY what he's saying.",248,1,2024-05-16T20:29:16Z,2024-05-16T20:29:16Z
UgztAQxO6WvwL-NNxWN4AaABAg,@VictorLawani-jt6qe,""" I love em to death, I'll explain that one in 8 bars "" 8 bars later was the YNM Melly bar 😂",5578,79,2024-05-01T07:45:00Z,2024-05-01T07:46:07Z
Ugwl2nCNZcTSWsgcVwx4AaABAg,@divadoll606,"Not a bar was wasted. This is my personal favorite. His cadences, delivery, and breath control is immaculate.🔥🔥🔥",11,0,2025-11-14T06:21:53Z,2025-11-14T06:21:53Z
UgzG0Ga0to56vGokts54AaABAg,@yeezyless6020,"“I don’t want to call him a culture vulture, I don’t think that’s what he’s saying” no, that’s what he’s saying 😂",2515,28,2024-05-01T16:32:13Z,2024-05-01T16:32:13Z
UgwBCiyruIED35jEoSd4AaABAg,@KingRamon1000,Diss tracks aren’t supposed to be for clubs. What Kendrick did was surgical and strategic.,3897,232,2024-05-01T08:26:51Z,2024-05-01T08:26:51Z
UgxPrmKGUwxW9GhkE9B4AaABAg,@michaelm210,I love how Ryan always explains lyrics by repeating the line and adding “you know what I’m sayin?”   at the end. 😂,316,7,2024-05-02T12:44:26Z,2024-05-02T12:44:26Z
UgyAXdLCFm4OndpWlTt4AaABAg,@PhilPayne313,Y'all usually be on point I'm not even kdot fan but y'all drop the ball on this one,19,0,2025-05-16T23:13:48Z,2025-05-16T23:13:48Z
UgyhkqZH7zYmyuP1Uax4AaABAg,@westcoasthavik4165,The “I hate” lines are a reference to the dmx interview RIP DMX 🕊️,297,2,2024-05-01T15:45:27Z,2024-05-01T15:45:27Z
UgxP_vQ82MILy807ckx4AaABAg,@user-rl9qi2sg4e,"The a ""i dont like the way that you talk, walk and dress"", by Kendrick is a DMX reference, where DMX clearly stated that he doesn't like anything about Drake including how he walks, talks and his haircut, so Kendrick was taking that approach and rapping from that perspective 👌🏾",1461,41,2024-05-01T08:10:54Z,2024-05-01T08:11:40Z
Ugy3T0g1Y5cJoQ9jl4x4AaABAg,@tarryls,Every line is Bar this is perfection every beat Is matched perfectly to the emotions of this track,18,0,2024-05-03T14:38:54Z,2024-05-03T14:38:54Z
UgznmEnzziiMa1NjuV94AaABAg,@keanmrnam,4:37 Lol coming back here post-law suit is wild,8,0,2024-12-15T12:02:48Z,2024-12-15T12:02:48Z
UgzYQMv9KQfxoNcP1vx4AaABAg,@Robbbyyyyy,Congrats on your OVO deal. We had no idea they signed you guys.,1315,19,2024-05-03T20:53:32Z,2024-05-03T20:53:32Z
Ugw7fdRNIi3v0QPouTd4AaABAg,@Kickinthescience,I appreciate Kendrick dropping the track on the main page without all the antics,3009,110,2024-05-01T07:33:26Z,2024-05-01T07:33:26Z
UgzdjoS3DOsJlbfNBFN4AaABAg,@gordo5762,I heard “I don’t know” way too much in this breakdown lol. Y’all know exactly what’s being said 😂 I know it’s opinion but calling Kendrick childish after man’s went crazy over the “size seven men’s” line way to dismissive on direct bars,333,10,2024-05-01T11:58:15Z,2024-05-01T11:58:15Z
UgzHX9A39JgMZIB4cYZ4AaABAg,@ElusiveJT,Ryan really lost me on this one. So many layers to unpack with Euphoria,174,3,2024-05-03T08:51:30Z,2024-05-03T08:51:30Z
UgxDGJKtBMEWqCmxMjd4AaABAg,@cronicasdebarba,This is probably the first time in years watching you guys that i watched you get this many bars over yalls head,766,22,2024-05-03T04:26:07Z,2024-05-03T04:26:07Z
Ugy3hCu-xoNmMqQclE94AaABAg,@Júlio_Machava_Jr,Kendrick literally came with 3 switches!,2161,53,2024-05-01T07:36:01Z,2024-05-01T07:36:01Z
UgyR7CgguYtqzNcEUjJ4AaABAg,@annaferguson5711,"Turns out, Kendrick really was being nice.",29,0,2024-05-04T07:40:33Z,2024-05-04T07:40:33Z
UgyW2jqb0wTDcNoK2r94AaABAg,@exclusiveviews1926,"Kendrick just dropped another, now take your time on this one unlike the last one cos y’all slept on euphoria",69,1,2024-05-03T16:23:33Z,2024-05-03T16:23:33Z
Ugxxh0sC8d9BFNzd15B4AaABAg,@PoetMisterAubs,"“whooping feet” is west coast slang meaning you finna beat someone ass so bad, they finna lose they shoes in the process😂",905,20,2024-05-01T11:27:14Z,2024-05-01T11:27:14Z
Ugy0L-qLUUks85FGDml4AaABAg,@justbambam2929,"Aubrey is a great actor, his best character ever is Drake",201,6,2024-05-03T04:09:02Z,2024-05-03T04:09:02Z
UgyRYeIjPB3HBhw8ZLd4AaABAg,@natethevoicemusic6085,"“Am I battling ghosts or AI” is not just referring to ghost writers but also “ghosts” because he used Pac’s voice in that Taylor Made Freestyle, Pac being the “ghost”.. dope ass line lol",550,13,2024-05-01T14:22:45Z,2024-05-01T14:23:05Z
UgzZyShTXe31YCi6PxZ4AaABAg,@madisonmayo,there's something woefully ironic -- sad even -- about Ryan stammering through his point on how a studder discredits an artist's  message.,22,0,2024-05-09T00:15:02Z,2024-05-09T00:15:02Z
UgzoicOMzyaExLloK3t4AaABAg,@kingrell116,For yall to not recognize the classic Teddy Pendergrass song is wild 😂,623,29,2024-05-01T11:45:04Z,2024-05-01T11:45:04Z
Ugyyvhesz3HQxg9vYEt4AaABAg,@officialandr3s215,You have no idea how many times I looked for this notification my guys Jesus!! Let’s get into this B E E F,211,0,2024-05-01T07:32:41Z,2024-05-01T07:32:41Z
Ugy0pqD6_m8_1FASvjh4AaABAg,@bacchustheromangod,"The sample on the first beat is teddy Pendergrass. ""REMEMBER!"" KDot said it like Drake said it in a song called worst behavior.",150,2,2024-05-01T08:28:28Z,2024-05-01T08:28:28Z
UgzFji70i3xBnsxG4Md4AaABAg,@charlottesmythee,Did these dudes just say this man sounds “childish”… WOW lol this whole reaction is actually kinda hilarious because they really think they sound so elevated but damn near every bar went over their heads. Obv Music is subjective but my goodness I’ve seen Drake fans react to this and they are in awe because every part of this song is musical master class.,16,0,2024-05-19T03:49:38Z,2024-05-19T03:49:38Z
UgwsP1HduJtSZ_SRELB4AaABAg,@SPXCEDXST,"“When I see you stand by Sexyy Red, I believe you see two bad bitches”💀",2724,83,2024-05-01T07:41:05Z,2024-05-01T07:41:05Z
Ugz0zrilQ8PTOKYM-Rh4AaABAg,@WhysoZen_,“I want him to be a bit more direct” bro whaat?? Are you listening?😂😂,1158,42,2024-05-01T18:43:49Z,2024-05-01T18:43:49Z
UgxcbP1nGWXFeE7C3ER4AaABAg,@furrybproductions,"I gotta say, Kendrick sounding like he's playing around on this track is dope AF imo. It's the equivalent to Ali dancing in the ring. Effortless destruction. Peak.",415,6,2024-05-01T23:13:34Z,2024-05-01T23:13:34Z
UgyvtKdMUshJtljqgDB4AaABAg,@chrismars1060,Hundred 💯  bars went over their head and they still talking like they know everything,6,0,2024-06-01T07:45:20Z,2024-06-01T07:45:20Z
UgzC1cPoIBRPrHl0Nw54AaABAg,@movielovrrr,Can't believe ya'll slept on this.. This one of the best diss tracks ever. bro said pushups is better lol smh,14,0,2024-05-16T02:32:23Z,2024-05-16T12:33:22Z
UgweBWRVCZxedGw5ljV4AaABAg,@steari,Yall are Lost in Vegas fr 😂,419,8,2024-05-16T00:49:33Z,2024-05-16T00:49:33Z
Ugzq_D2xLlmnIXoZNwF4AaABAg,@thebetterofaloneboy,"BEAM is a Jamaican Artist, he wrote Rich flex and Major Distribution which you guys reacted to and liked, BEAM works with Skipondabeat who produced Major Distribution & He also works with Jordan Hollywood who is signed under QC and he is also a ghostwriter, The 3 of them have a label called Bounce House Beats where they produce and write for artists, the label is in Broward County Florida since they are from there.",327,7,2024-05-01T08:08:35Z,2024-05-01T08:08:35Z
UgxSYheHowFmObO_RAJ4AaABAg,@themessage6114,"LMFAO

This video will FOREVER have ppl looking at their reactions differently.",28,6,2025-01-08T16:40:39Z,2025-01-08T16:40:39Z
UgxJVln10ehVLGYp7d54AaABAg,@thabisomotloheloa2655,Finally the reaction that I've been waiting for🎉🎉. All love from South Africa,50,0,2024-05-01T07:47:36Z,2024-05-01T07:48:29Z
UgxYudCilm9W_QkeBGx4AaABAg,@WestSideBarson,Kendrick gave top 10% of pg lang as a thank you for putting him on when he was young. Really grinding it out with top and literally sleeping at his house and eating his food. Kendrick showing appreciation,326,19,2024-05-01T08:14:56Z,2024-05-01T08:17:53Z
Ugwi_sigd6SVYLelodB4AaABAg,@kennyvince,"Rewatching after rewatching again the “push ups” reaction and Ryan’s dislike of Kendrick’s work is so apparent. The poker face he has throughout most of the reaction is hilarious. He only reacts whenever he sees George and only does so half assed. Meanwhile he pops off to the most minor and surface level bar from Push ups. Gives way more importance to the beat than anything in a rap battle. To each his own, guess he likes music that pacifies more.",516,24,2024-05-02T12:28:11Z,2024-05-02T12:28:11Z
Ugz10QrlfsDOgHeJ8ZN4AaABAg,@jamkick8,i knew insantly these dudes got a drake bias when they werent feeling euphoria like that. undeniably top 3 song from all of the disses,13,0,2024-05-11T16:56:12Z,2024-05-11T16:56:25Z
Ugzw2xEThvC1iMP4uZ54AaABAg,@joshuaalvarez3469,"I SHOULD be asleep, especially with a 50+ minute video… but priorities >>>>",56,0,2024-05-01T07:38:02Z,2024-05-01T07:38:02Z
UgzdCd9B9VijJhHrBLp4AaABAg,@ThrillBeenSpoke,They wanted Kendrick on First Person Shooter and Kendrick said no we got shit to address. That’s what the feature bar was about,116,5,2024-05-01T10:36:32Z,2024-05-01T10:36:32Z
UgwUgGVNWh3RXTDlxBF4AaABAg,@ajt0312,Yall old asses don’t know teddy pendergrass?😂,1663,40,2024-05-03T01:07:42Z,2024-05-03T01:07:42Z
UgwFuQug7EUmsbu8ACZ4AaABAg,@mikeoley13,"Kendrick playing 2 diss tracks at the Super Bowl was diabolical 😂 this track goes so damn hard though. 

Ryan calling the beef over AFTER this is still insane 😂 I’m still not convinced Drake wasn’t in their pockets because the shit they were saying didn’t make any sense. George has since admitted they were pulling for Drake because everyone was against him. I respect that honesty. At least it explains the reaction to this a bit more.",8,0,2025-02-16T19:42:19Z,2025-02-16T19:42:19Z
UgyOQQxpl0eZygH1CnF4AaABAg,@rickydudeXO,Yeah! Glad I stayed up to catch this on the drop.,52,0,2024-05-01T07:32:52Z,2024-05-01T07:32:52Z
UgwsvtBkxx-tX_cYRr54AaABAg,@RightStickRob,"Y’all missed something on the bar about the sixth sense. Kendrick said “it’s a 1 v 20”, “am I talking to a ghost or an AI” and “my sixth sense telling me to off him”. He’s saying that his intuition is telling him to kill him. But in the movie Haley Joel Osment’s character finds out at the end that the guy he was talking to was already dead and he was talking to a ghost the whole time. It’s a creative way of saying you’re(Drake) already dead and that I don’t even know if I’m talking to you right now or your ghostwriters.",529,22,2024-05-01T21:20:40Z,2024-05-02T04:22:43Z
UgyPpe84mMMomm8h7uF4AaABAg,@kokidoki94,"To me, rap beef will always be about the BARS and DELIVERY, i could care less about how ""good the song is""",59,0,2024-05-01T12:55:17Z,2024-05-01T12:55:17Z
UgxXK13U2yCGgdY8sjx4AaABAg,@andyzavala7286,"Guys remember, These the same guys that said the MGK headshot was better than Eminem’s Killshot because the beat was better on MGKs😂😂😂",1025,47,2024-05-03T06:35:00Z,2024-05-03T06:35:00Z
Ugw7fmbtPVgSPVFa6aR4AaABAg,@jd3127,"That reverse message at the beginning is Richard Pryor from the Wizard of Oz saying, “Everything they say about me’s true!” Kendrick is basically calling Drake and fraud that’s hiding behind a mask",556,11,2024-05-01T13:24:19Z,2024-05-01T13:24:19Z
UgzgeBt-JDaR8fRMZtR4AaABAg,@jamesthomas2410,"Bruh yall like push ups cause it sounds like an average club drake song like Kendrick said""music that pacifies"" easily palatable",35,1,2024-05-03T04:01:15Z,2024-05-03T04:01:15Z
UgxqbLisjXaAY_D1Pyp4AaABAg,@rezaagheli1873,"Bars flyin over mfs heads and then them sayin he wasnt slick with it, come on man",192,18,2024-05-01T10:52:46Z,2024-05-01T10:52:46Z
UgxO7bst-t8C11-sKRt4AaABAg,@matthewgoetter3127,"I was surprised this was the last reaction the algorithm suggested,  but knowing make sense",3,0,2025-07-02T05:37:59Z,2025-07-02T05:37:59Z
UgyipFzxH-xW8q4pqfF4AaABAg,@Mex.blanco,"Its not the song, its what you say, its what impacted the culture the most. This is one of those songs you listen to again and again find more double entendres.",582,29,2024-05-01T08:38:14Z,2024-05-01T08:38:14Z
UgwuSXUzQ6yeqfH7Jvd4AaABAg,@AnchorsDown,The dirt line is a reference to when pusha T was on joe budden podcast and played the audio of Drakes people calling trying to pay 100k to get dirt on pusha but couldn’t get anything. So he’s saying why would I do what you did I got a real life to worry about.,20,0,2024-05-01T08:23:11Z,2024-05-01T08:23:36Z
Ugz_tnX14gLpZcBufz14AaABAg,@saf6qet7,Ghana 🇬🇭 in the building. Been waiting for y'all. Let's gooooooooooo 🔥 🔥,27,0,2024-05-01T07:37:18Z,2024-05-01T07:37:18Z
UgzsZ8xv8GKEiNpUwsh4AaABAg,@Angrychef-jx8bp,Year later and we already know this won it all right here and everything else was fuel to the fire 😂😂,2,0,2025-06-29T22:59:19Z,2025-06-29T22:59:19Z
Ugx0UIsth081KQi36M14AaABAg,@Kickinthescience,The genius site breakdown provided the layers to the lines I didn’t know. Some of them references were crazy,49,0,2024-05-01T07:39:22Z,2024-05-01T07:39:22Z
UgzjHHS0FhIDCIu9eCd4AaABAg,@ReactLaughGo,"PLUS in the Sixth Sense, The kids basically sees GHOSTS. Another reference to ghost writers...",61,0,2024-05-01T08:28:55Z,2024-05-01T08:28:55Z
Ugw2uqLxYOunCP3iwGN4AaABAg,@thejoestahh,This video aged like MILK loll… “if Drake drops that would be bullying”,20,0,2024-05-04T08:19:39Z,2024-05-04T08:19:39Z
UgyWqynenK25xuoRgpR4AaABAg,@Niykee-d9v,😂😂😂😂 Kendrick always be sounding different on all his music......,3,0,2026-06-13T02:36:32Z,2026-06-13T02:36:32Z
UgyVErJg69emQ09wocZ4AaABAg,@bereaboy,Sixth sense is about a kid that sees ghosts. It's a double entendre.,8,0,2024-05-01T11:53:37Z,2024-05-01T11:53:37Z
UgyTdygZAsuM_-4t4Bd4AaABAg,@sahilshah2544,"""You make music that pacifies them, I can double down on that line but I'll spare you this time"" - Double entendre referencing Drake's pedo accusations",238,2,2024-05-01T15:23:41Z,2024-05-01T15:23:41Z
UgznI-fqLnXadlPmgHh4AaABAg,@Rodricktyrone,That’s TEDDY P! “My greatest my latest inspiration”,42,2,2024-05-01T15:10:46Z,2024-05-01T15:10:46Z
UgyDIayuGRnviYmtGFZ4AaABAg,@TheCherishe,"19:23 When Kendrick said “once a lame, always a lame” he’s playing on the two different definitions of lame. Lame can mean “uncool” but it can also mean “physically disabled, in the foot or leg, to walk with difficulty”. Drake’s character on Degrassi was in a wheelchair 🤯🤯🤯",148,9,2024-05-25T07:19:54Z,2024-05-25T07:21:20Z
UgymQ02-4D-3ITxtCFx4AaABAg,@fatimaR1499,Prime examples of mfs having their minds already made up about this “beef” before they reacted to euphoria 🧐,258,3,2024-05-02T22:10:32Z,2024-05-02T22:10:32Z
Ugx-QlXCpgoLCeUw-ed4AaABAg,@unstoppabl3kxng,😂😂😂😂I wasted my entire 56m listening to bias reaction 😂😂,7,0,2024-05-03T05:11:41Z,2024-05-03T05:11:41Z
UgxFeRNLTw4fAQbmDL14AaABAg,@HenryHooverWorld,You guys killed your whole credibility over this rap battle and you know it!,13,3,2025-03-04T09:48:55Z,2025-03-04T09:48:55Z
UgxqzzOGraqa7NbLSch4AaABAg,@BigDannyDangus,47:20 - Ryan on some bs,4,0,2025-02-16T18:17:46Z,2025-02-16T18:17:46Z
UgzfMGB74G_Q8YWXiGl4AaABAg,@solitaire789,YMN Melly bar is about his double murder charge about drake and Cole,83,0,2024-05-01T08:58:47Z,2024-05-01T08:59:02Z
UgxS2LhJsIUqcUDmkKZ4AaABAg,@MindofKefane,"DISS 101 :
LYRICS 
DELIVERY
TECHNIQUE 
BEAT 
REBUTTALS 
PUNCHLINES",181,16,2024-05-01T08:39:15Z,2024-05-01T08:39:15Z
Ugz7ldrA5qWRpwEAOLp4AaABAg,@mikelsmith4800,"I thought Benjamin was a reference to Ben, Mj’s childhood pet rat that Joe killed. Maybe Kendrick is saying he’s cleaning house of rats, he has money (Benjamin’s) and he’s Drake’s dad (Drake compares himself to mj so Kendrick is sonning him)",141,10,2024-05-01T16:15:52Z,2024-05-01T16:15:52Z
UgxDtLMSkN2IkR4vU0l4AaABAg,@mikeoley13,This song has aged like fine wine. I think it’s my favorite of all the diss tracks. Kendrick opening with Euphoria at his pop up show with everyone shouting every single word was a legendary moment in hip hop history.,3,0,2024-06-22T02:20:58Z,2024-06-22T02:20:58Z
UgwvI1NZ_dwPsP21bhJ4AaABAg,@KestraBeatz,"Drakes cat is named crodie , the cat caught strays too 😭😭😭",10,0,2024-05-01T10:36:07Z,2024-05-01T10:36:07Z
UgwwQmpW2yJ5_50Uk6l4AaABAg,@gmatic8230,"Kendrick isn’t trying to be the “streets” gatekeeper. 

Kendrick is calling Drake inauthentic from a cultural “African-american” perspective.",2377,95,2024-05-01T09:50:15Z,2024-05-01T09:50:45Z
UgxhBsQ319lJdszguzF4AaABAg,@Zenkaijuice05,"Bro said it would be a landslide if Drake responds, that just killed it for me 🤦🏾‍♂️",265,15,2024-05-02T09:02:55Z,2024-05-02T09:02:55Z
UgwB1WWolqvYCbxw6qd4AaABAg,@graylord69,"Kendrick tackled EVERY possible subject with this diss. He basically touched on all the shit Drake has on him, not leaving anything out.
Ghost writers? Check.
Racial insecurity? Check.
Weird attraction to underage girls? Check.
Bailing out of the Pusha T beef? Check.
Being a deadbeat dad? Check.
Weak ass discography that gets worse with each new record? Check.
AI nonsense? Check.

All that while still finding time to mock Drake's accent change gimmick and even say he wants the guy to be successful despite hating him, because he's not selfish. It's six and a half minutes of thoroughly dissecting, exposing and embarassing the other guy, and revoking Drake's N-word pass at the end is just icing on the cake. Honestly, I don't know what else you could expect from a diss - hell, not even just a diss, this is a masterfully written track with insane replay value, layers upon layers of meaning and clever references, that even someone who somehow has never heard of Drake could enjoy.

And yet you guys say Drake ""won by a landslide"". That is truly mind boggling.
Maybe you're better off sticking to the rock and metal reactions, because this was embarassing to watch.",221,8,2024-05-03T18:36:21Z,2024-05-03T18:36:21Z
UgwyDEdgwL3_wyWG9V54AaABAg,@thizzywest1274,The fact that its YM Nelly birthday should make that line cold cold,241,8,2024-05-01T08:01:47Z,2024-05-01T08:01:47Z
UgzNu76odjM2MYldDjh4AaABAg,@kevinjackson2122,"Hey guys, Kendrick's bar was referencing MJ's pet mouse ""Ben"".  Remember Micheal Jackson had a song about his pet mouse ""Ben"".",247,21,2024-05-01T15:02:54Z,2024-05-01T15:02:54Z
Ugw5UE0Py62vTGnuNKh4AaABAg,@Big-Bearded-Alkebulanian-Man,"Michael Jackson had a pet rat named Ben when he was a kid… in 1972, Mike’s first solo #1 hit record was titled “Ben” which was an ode to his pet rat… the song was written for the movie “Ben”",410,21,2024-05-01T08:56:55Z,2024-05-01T08:56:55Z
UgwFYtKuE45b2XKqSNl4AaABAg,@joesaunders84,Psa announcement - lost in vegas got signed by ovo,7,0,2025-01-07T13:50:16Z,2025-01-07T13:50:16Z
UgwJbJVNBayoLK8uPFF4AaABAg,@idothisforfun1300,You guys are like the best representatives of content creators that can bridge the gap between old school and new school hip hop fans. What you guys do is much appreciated,246,2,2024-05-01T07:47:21Z,2024-05-01T07:47:21Z
UgwptHsrWn6lJHpXMix4AaABAg,@robelsac,"I’m surprised neither of you are into Kendrick’s delivery. I remember a bar from common “I got 10 million ways to rhyme, choose one”. Rappers used to brag about how many flows, styles, and ways they were able to rhyme. It showed the level of their skill, how talented they are in this art form. Kendrick’s delivery is characteristically varied and emotive. The variation in tempo, pitch, and emphasis are tools he uses to show just how deep his bag is. Kendrick is giving a master class on this track.",397,14,2024-05-02T05:37:08Z,2024-05-02T05:37:08Z
Ugw1Im1ncw4s8CbdpIN4AaABAg,@noeycarti,"I just saw something on TikTok. Kendrick called Drake ""Crodie"" and Drake has a cat named Crodie.🎖🤣🤣🤣🤣",14,1,2024-05-02T11:49:43Z,2024-05-02T11:50:06Z
UgwnsOQ8WNw_92GC-JF4AaABAg,@theboat9315,Crazy how accurate the predictions in the first part of the song are.,3,0,2025-01-09T10:54:25Z,2025-01-09T10:54:25Z
UgxxYTpoMG1F-17aep54AaABAg,@BJgrand,"These duded ain't even TRY to explore that cease and desist line lmao. They immediately went to ""oh I don't think he meant that literally"". Man gtfo with this reaction. I have been watching these guys for 6 years now and I've always respected their ability to be objective but this was crazy. 

And it's not because of opinions because they have had reactions that I have completely disagreed with before. But it's the complete lack of apparent objectivity that I just can't stand. I rocked with the Drake reaction. I rate Pushups highly. But you not even gonna have the same standards across the board then what are we doing? They went hard over ""you're short"" and ""I had to hike down"" bars but you're also gonna say ""what did Kendrick say to hurt Drake?"" Nah fam.",242,17,2024-05-02T18:33:53Z,2024-05-02T18:50:58Z
UgxZTb1G51jqSqojcwd4AaABAg,@Sephirothz111,You guys need some easy ass rap bars. Kendrick is a PULTZER price winner! Bars got over your heads!,222,9,2024-05-02T14:25:33Z,2024-05-02T14:25:33Z
UgwfDit7cq3RVEsLndh4AaABAg,@100kasimpasali,Its a good diss but goddamn these kendrick stans will make you think that this is the greatest diss that has ever been dropped on earth...,9,0,2024-05-01T11:37:33Z,2024-05-01T11:37:33Z
UgwesmRy2Kl5gM2nFE14AaABAg,@313TiaBaby,The delivery is the best part.😊,4,0,2025-03-09T18:03:42Z,2025-03-09T18:03:42Z
UgzItZaSU8jUindEPxV4AaABAg,@Nova10245,"These guys were losing their minds over “you’re short bars” I’ve noticed through the years they only like punchline rap, like that’s not the only way a verse is hard if there’s loads of punchlines 😂",99,3,2024-05-03T12:23:30Z,2024-05-03T12:23:30Z
UgwbTS3e0dTVkJm9Qw54AaABAg,@nilosguimbi5059,"I felt the same way u guys felt when u heard the track the first time, the vocal changes (which isn't something new coming from Kendrick but since it's a diss track, I think a different approach was expected), some lines that didn't really hit like it should, and I was like, it's great but it wasn't really hitting me but the more u listen to it, the better it sounds and the more u understand a lot of the bars and punchlines that at first don't seem very lethal, and even though he preferred not to go super crazy this time and kinda just playing around, he still went ballistic and made it clear that the Boogeyman is still here!! And I think that from now on things are going to get very very nasty on both sides...🔥",13,0,2024-05-01T09:10:43Z,2026-07-29T12:02:49Z
UgxNIMnUdgpT_A4shtx4AaABAg,@RSV4Me11,Also Ryan says Drake is gonna go  bar heavy if he responds but to discredit Kendrick he said “it shouldn’t be just lyrics” soo which is it? You want 300 Bars or One Dance? 🤣,43,1,2024-05-01T10:29:03Z,2024-05-01T10:29:03Z
Ugy8TdD4P_HFqTw9Fp94AaABAg,@JDot-bs2db,6:16 in LA back2back by Kendrick ‼️‼️‼️,3,0,2024-05-04T01:45:17Z,2024-05-04T01:45:17Z
UgwEHDBYf6MKE2hpO5h4AaABAg,@Vijay-te6zf,"""Don't you address me unless it's with four letters""- K-D-O-T/G-O-A-T 😮‍💨🔥",311,23,2024-05-01T07:35:31Z,2024-05-01T07:35:31Z
UgxvEBLMdVCNZw0E96J4AaABAg,@waltermasoeu2303,"Finally, woke up refreshing the feed waiting on this!!!!",17,0,2024-05-01T07:33:54Z,2024-05-01T07:33:54Z
Ugzkag0U6Fh2v7UZ7gl4AaABAg,@SuperHellhawk,I have been desperately waiting for you guys just to see the reaction,13,0,2024-05-01T07:43:31Z,2024-05-01T07:43:31Z
UgzZ9XCu1-np4si-0dh4AaABAg,@Hotshotveteran,Entendres going way over their heads,5,0,2024-05-16T17:35:55Z,2024-05-16T17:35:55Z
UgymhQ-_-NqOZj3K9A14AaABAg,@jasonmccullar2770,Kendrick knocked Drake out bar for bar! This Euphoria gets better with each listen. 🔥🔥🔥🔥,341,21,2024-05-01T11:58:55Z,2024-05-01T11:58:55Z
UgxEG8hZZKUmpUvDgl94AaABAg,@hunterepsi,"He literally said, ""I hate the way that you walk, the way that you talk, the way that you dress"". AND YALL WANT HIM TO BE MORE DIRECT?????????",232,21,2024-05-01T23:24:04Z,2024-05-01T23:24:04Z
Ugz8RII2Csh9clYSCI54AaABAg,@borngeechee7621,"That ""I hate the way you walk, talk etc""... Was a throw back to a DMX interview where DMX said he hates Drake.",12,0,2024-05-01T08:49:50Z,2024-05-01T08:49:50Z
UgyqrQb6cr_jaVPcMhd4AaABAg,@wuphat,"I'm a metal fan watching these reactions after-the-fact, but at the same time, I already know the whole backstory (shout out to fd signifier for the education) and the outcome, so seeing these reactions is wild.

I love that you guys give a real, honest, react/review. 

But, man, future you is gonna be fun to watch once I get to Not Like Us",3,0,2024-08-13T22:36:47Z,2024-08-13T22:36:47Z
UgzuYxVVkDqmkoHQYXJ4AaABAg,@Jkmpinda,"""Benjamin and Jacksons in hous house"" (100s and 20s), Ben (the mouse in the Michael Jackson House ""like I'm Joe, Ok?"" Joe Jackson",84,7,2024-05-01T11:18:15Z,2024-05-01T11:18:15Z
UgwIjWuyExUkKYNU68B4AaABAg,@sabe3415,"i don't understand when Kendrick said ""we don't gotta get personal"" and then quite literally goes very personal 😂",357,20,2024-05-01T23:34:04Z,2024-05-01T23:34:04Z
Ugw5MvwwYfwaMfjXt-94AaABAg,@thulasizwekubheka2384,The streets got Kendrick winning and it's not even close.,240,7,2024-05-03T08:22:27Z,2024-05-03T08:22:27Z
UgzZZvnKqHsujImqbd94AaABAg,@josueperez8812,Never been more disappointed then I am now with this channel 🤦🏻,3,0,2024-05-04T17:19:50Z,2024-05-04T17:19:50Z
Ugx-NL2uwfsfK0dwP9t4AaABAg,@louchieano,"I appreciate Drake ,Kdot & Cole for Making HIP HOP GREAT AGAIN 💪🏾💪🏾💪🏾",69,9,2024-05-01T07:36:57Z,2024-05-01T07:36:57Z
Ugy66r19_VwBbeQFgmB4AaABAg,@luapradotiozzi3164,"You said you'd give K Dot the same vibes you gave Drake in the react; y'all lied. Either you didn't get the depth of it or you're trippin'. Kendrick hit Push Ups' views in no time, the culture crowned him, but you kept sleepin' on him... Waited forever for that react and regretted it big time... RIP Drake",31,0,2024-05-03T17:49:38Z,2024-05-03T17:49:38Z
Ugz3xAGt1NCKwZICH0t4AaABAg,@adrianbrito1821,"I love you guys but when Ryan said he is Switzerland, I nearly spilled my drink.  Just embrace your inner Stan, Ryan.  We all see it.",237,14,2024-05-01T12:33:26Z,2024-05-01T12:33:26Z
UgzD7YMr5bAkr-_V9h94AaABAg,@MenWhoPaint,Kendrick comes off like He’s attacking from the moral high ground.,4,1,2024-12-13T18:09:37Z,2024-12-13T18:09:37Z
UgyBlg9AdREYN4ltv5Z4AaABAg,@Drogos01,That hate line was a DMX quote in which he was also saying that about Drake😂😂😂🇿🇼🇿🇼🇿🇼,80,7,2024-05-01T08:10:41Z,2024-05-01T08:11:34Z
UgzG9X0hcwqwowmfwNd4AaABAg,@Lin_Out,Finally beeeen waitin 🇿🇦🇿🇦🇿🇦,12,0,2024-05-01T07:33:05Z,2024-05-01T07:33:05Z
UgyiGhjva0iwO_jC1t94AaABAg,@tetsuwanatomuu,Let me get my neck pillow. This about to be a long video.,66,1,2024-05-01T07:32:42Z,2024-05-01T07:32:42Z
Ugyqvblde_C0nj7x-C54AaABAg,@abolfazl2623,They really said a landslide for Drake after hearing this shit how bruh 😭,5,0,2024-05-03T10:37:08Z,2024-05-03T10:37:08Z
UgywClLViJ5FpxxVx8t4AaABAg,@ToineManArmy,I think yall buggin. This track went crazy. He made a whole 6 minute diss for one person.,731,67,2024-05-01T08:28:56Z,2024-05-01T08:28:56Z
Ugwhv7xphXimIop9xxJ4AaABAg,@melaar9496,"Jeffrey Osborne???? This is a Teddy Pendergrass sample of the song ""Greatest Inspiration""!!! Remember on Push Ups Drake said he knows they be having his picture hanging up when they write? Lmao, so clever of Kendrick.",80,3,2024-05-01T16:56:29Z,2024-05-01T16:58:04Z
UgxMhnwhIreT5n2lqqp4AaABAg,@SiphesihleMngoma-iu9rd,South Africa in the building I've been waiting for this reaction.,229,30,2024-05-01T07:33:00Z,2024-05-01T07:33:00Z
Ugz1BunjZS-Y6WX7uep4AaABAg,@taekook188,This dudes really had all the bars going over their heads. Like l am shook,1,0,2024-05-26T19:05:11Z,2024-05-26T19:05:11Z
UgyZtzXD1ADKtPG8wNR4AaABAg,@mikelapointe6095,Ben was Michael Jackson's pet rat that Joe Jackson killed.,410,25,2024-05-01T07:54:17Z,2024-05-01T07:54:17Z
Ugz3uBN7RPy7UYPo0dh4AaABAg,@andresrengifo9365,“Everybody wanna be demon 'til they get chipped by your throwaway” Look up Future’s middle name,195,12,2024-05-01T14:31:31Z,2024-05-01T14:31:31Z
UgwlTfTKoUBL1eAU5gF4AaABAg,@gigifontaine254,"That $500,000 dollar open case line is allegedly Drake paid off the news media about his SA case. They say it's reposted. Also, according to Joe Budden, Kendrick was supposed to be on 1st Person Shooter but turned it down. Drake felt a way about it, you can tell from his lyrics. That's why Kendrick said, I hurt your feelings? You don't wanna work with me no more?",273,21,2024-05-01T17:17:15Z,2024-05-01T20:04:53Z
UgzFopuobHpMYiolSu94AaABAg,@cm88__ny,"Ben was Michael’s pet🐀 that they had to kill and Mike was upppppset.

He has a song entitled “Ben.”

Kendrick assassinated his character on this song. I loved this song.",3,0,2025-03-07T14:56:53Z,2025-03-07T15:32:27Z
Ugx74zZlYfE2DM59cM94AaABAg,@shanemutavha3017,Ya'll defend Drake so well😂,7,0,2024-05-03T11:15:50Z,2024-05-03T11:15:50Z
UgxOmDwkHeVn_IKxSj94AaABAg,@LZALZALZALZA,George BUGGIN especially after one listen cmon dude you better than that Kendrick dropped ether,15,0,2024-05-01T09:45:02Z,2024-05-01T09:45:02Z
UgwkGZ03zrtFC1wZgCp4AaABAg,@cs_hadebe,I'll say it again. This song isn't a diss. It's a hate crime.,1657,35,2024-05-01T07:42:19Z,2024-05-01T07:42:19Z
UgzLUzkA38_7zlRgBL94AaABAg,@bernardgoldstein5161,So many lines just right over their heads,2,0,2024-05-04T16:52:45Z,2024-05-04T16:52:45Z
UgxHVYkZn9daIJchbUJ4AaABAg,@jroameverywhere,Thinking Drake doesn't need to drop a response is insanity ...,187,5,2024-05-01T09:16:06Z,2024-05-01T09:16:06Z
UgyYju8aot8VbNUH5id4AaABAg,@datboytrinidy,Been waiting for y’all to drop! KDOT Spazzed🔥,11,0,2024-05-01T07:33:18Z,2024-05-01T07:33:18Z
UgwIk9NOAPbs6zZXTX94AaABAg,@bujnnxblnk,"Firstly, thank you for your efforts in putting this out TODAY",24,0,2024-05-01T07:32:45Z,2024-05-01T15:35:56Z
Ugw1dIGgIkaLvHE9HVB4AaABAg,@YLeerTV,We need meet the grahams reaction asap 👀👀,4,0,2024-05-04T12:09:20Z,2024-05-04T12:09:20Z
UgwcdxOM3FWmmcv4FMd4AaABAg,@stephenberta629,This made me remember why I stopped watching these two,16,1,2024-06-11T04:09:18Z,2024-06-11T04:09:18Z
UgxArkEQbBLQL_kwv7F4AaABAg,@ENGARDEhoe,"2:08 seriously, that’s what it’s all about. They are giants, they don’t have to do this, so shoutout to both of them for having the balls. Giving the fans what we want.",8,0,2024-05-01T08:23:17Z,2024-05-01T08:24:55Z
UgxyV26U7bTDTrv8nXN4AaABAg,@dabwisobanda8347,Zambia 🇿🇲 out here been waiting for this reaction 🔥🔥🔥,29,5,2024-05-01T07:43:44Z,2024-05-01T07:43:44Z
UgzmfqX2CFQbE7GSadh4AaABAg,@uuuuu1111,"""Is it only about lyrics?"" - in my opinion, hell no.  How it sounds, vibe, style... these things MATTER",5,0,2024-05-06T04:23:25Z,2024-05-06T04:23:25Z
UgzdYi0faNI4y5jw27N4AaABAg,@DanielCruz-wt2rh,He actually sent a cease and desist and tried to get the record off the radio,137,14,2024-05-02T11:49:15Z,2024-05-02T11:49:15Z
UgxM8J8idzuYOEfaaR54AaABAg,@ME-gs6yn,You mention the delivery. I understand why some wouldn’t rock with it but he’s straight trolling drake while being a menace. I think it works perfectly for what he’s doing,42,7,2024-05-01T08:02:28Z,2024-05-01T08:02:28Z
UgyGorpqCFskXVmrokp4AaABAg,@BrokeBoyLucas,"Ryan is a certified Drake glazer in my eyes, and I’ll never not see it that way now",43,5,2024-05-01T13:09:38Z,2024-05-01T13:09:38Z
UgzD1JeP05HYBLHmgtl4AaABAg,@llewellynmkhize4472,"the 2nd Diss is out already ,kendrick really going back to back",2,0,2024-05-03T14:57:29Z,2024-05-03T15:52:36Z
Ugym8ZgOeRl7_kp2rnh4AaABAg,@chimunyamasenke,"Y'all just don't understand most Kendrick lines 💀
What y'all mean he didn't beat push ups ?",141,5,2024-05-02T22:46:50Z,2024-05-02T22:46:50Z
Ugwx3YUIrVYCRS3a6W94AaABAg,@edwinjesuscruzrios9638,La reacción que estaba esperando 🫵🏾,11,0,2024-05-01T07:32:46Z,2024-05-01T07:32:46Z
UgxZ7rdbHNnnkM-d3hB4AaABAg,@luistorres250,The GOATS let’s goo 😅🔥,8,0,2024-05-01T07:43:37Z,2024-05-01T07:43:37Z
UgzZH_UBB4G5WyPG7kR4AaABAg,@whitney3258,This is a wild take from y'all.,3,0,2024-05-03T18:10:14Z,2024-05-03T18:10:14Z
UgyxNpV27v4Hk7CW5wZ4AaABAg,@SPXCEDXST,“Woopin feet” = woopin someone and their shoes go flying from the impact,139,10,2024-05-01T07:59:38Z,2024-05-01T07:59:38Z
UgwiResyxaNUkcBniap4AaABAg,@DapperTillDeath,"The Ben reference could be two things; 
Referencing Michael Jackson’s song Ben. Referring to a friend going back & forth (J.Cole) while Jackson is obviously a reference to drake. Kendrick says Benjamin & Jackson are in HIS house (J.Cole & Drake in rap/this style of rap) & he’s Joe Jackson (Micheal Jackson’s father) who has allegations of physically beating them. 

“Got a Benjamin & a jackson all in my house,
Like I’m Joe, okay”

(Got J.Cole & drake in MY house, & I’m beating them like they my son & back n forth friend)

Or it’s referencing Michael Jackson’s pet rat Ben that Joe Jackson killed…",51,1,2024-05-01T08:34:52Z,2024-05-01T08:57:08Z
Ugx98Q1oNrJ6VDp26Fx4AaABAg,@darrentdodge,You guys really swung and missed with this one. Did we even listen to the same song? Kendrick killed it.,490,27,2024-05-01T13:05:29Z,2024-05-01T13:05:29Z
UgwoBl1acxpAqL8FY_94AaABAg,@daveb3330,"Back To Back,” I like that record
I’ma get back to that, for the record",1,0,2024-05-03T14:14:17Z,2024-05-03T14:14:17Z
Ugw1YxZ0LVjlwXTHabp4AaABAg,@Asiba007,Kendrick is so way ahead of his peers.,267,12,2024-05-01T11:41:34Z,2024-05-01T11:41:34Z
UgzWZKZ3DF1cicd-3KR4AaABAg,@NYCRaff,Drake winning by a landslide ??????? Stop that 😂😂😂,105,1,2024-05-02T21:53:32Z,2024-05-02T21:53:32Z
Ugzv-menEWnlcHEM4Dh4AaABAg,@luca101romano,"Producer: I have 3 beats
kendrick: perfect. appetizer, main course, dessert 💀",133,6,2024-05-01T13:00:47Z,2024-05-01T13:00:47Z
Ugy2LUVAA820J6r_lMJ4AaABAg,@EBledsoe75,"On the Breakfast Club interview, The Late DMX was asked by Charlemagne the God did he liked Drake and he said No and when he was asked why he said I hate the way he walks the way he talks and so much shit Kendrick got deep!!!",3,0,2024-05-03T16:29:36Z,2024-05-03T16:29:36Z
Ugy_cYbwBbgI4AogTWB4AaABAg,@IdocarebutIdont,"Nah Kendrick flexing fatherhood on Drake was hard. There is a difference between being there for your kid and actually raising it. Drake is either making music, touring, f*cking IG models, gambling or all this other stuff, while Kendrick actually takes time for his son.",505,36,2024-05-01T22:04:08Z,2024-05-01T22:04:08Z
Ugz6xdBQ1auSyr5Q5b14AaABAg,@johnsnowwww,"This is the best diss track of the entire battle, yall missed the entire point of this nuke.",248,8,2024-05-09T07:18:10Z,2024-05-09T07:18:10Z
Ugwm69z_RQUyeHKuX014AaABAg,@JonathanTurnerTurner,“My grandma got in a war with jayz and wrote ether”😂😂 great metaphor 😂😂😂,52,0,2024-05-01T22:36:26Z,2024-05-01T22:36:26Z
UgxLHGilhUF0x47Dar94AaABAg,@jayc5756,The feature request thing is allegedly the FPS song.,3,0,2024-05-03T05:16:29Z,2024-05-03T05:16:29Z
UgzvsNBxlb3iG0rrS6p4AaABAg,@uhh_brandon,"discourse is so garbage nowadays, you rock w one side it's dickriding or glazing and vice versa. there's no debates lmfao",492,36,2024-05-01T19:16:09Z,2024-05-01T19:16:09Z
UgyyARvHRZPI8EVuZKR4AaABAg,@jayz3272,Watching this back is all time funny . They went more crazy about Drake calling Kdot a midget then anything dot said in euphoria ….. the bias was wild,11,7,2024-08-18T01:35:53Z,2024-08-18T01:35:53Z
UgyhCvTOjYswpd20gXV4AaABAg,@DanGolag,"I think delivery matters, and I think Kendrick nailed the delivery. The fact that he made it feel like he was playing around was insulting in itself.",25,0,2024-05-02T10:58:30Z,2024-05-02T10:58:30Z
Ugz8F-CE3yjzRMAUHYp4AaABAg,@hannahsteele9864,They are so worried about how kendrick normally sounds that its sad this completely went over their heads 🤦🏽‍♀️,3,0,2024-07-30T15:53:10Z,2024-07-30T15:53:10Z
Ugx4gkh0YUE0w3Z7WPd4AaABAg,@danielricci8825,These are the same guys who thought Rap Devil was harder than Killshot,490,33,2024-05-02T10:13:13Z,2024-05-02T10:13:13Z
UgzNhQAPj0822SY3Lnt4AaABAg,@mortalsimian,"After the first beat change Kendrick is definitely rapping from the perspective of Drake in his crying voice, that decision left many people confused but it's so interesting that way.",13,3,2024-05-01T08:27:29Z,2024-05-01T08:27:29Z
Ugy272cev5N7AUe2AE94AaABAg,@vibezworldwide,It keeps getting brought up that Drake is “battle-tested” but he only won one battle and that was against Meek,84,12,2024-05-01T11:42:26Z,2024-05-01T11:42:26Z
Ugx71EpWCkrfY3pLBzZ4AaABAg,@EpsThatGuyPersonal,"All of it matters. Lyrics, beat, cadence, production. ALL!",2,0,2024-05-08T17:52:00Z,2024-05-08T17:52:00Z
UgzXcY3SO1xwVF2egll4AaABAg,@picklerick7872,"Got to give you guys credit man. You 2 really are a genuine reaction channel.

You dont hype every one up just to keep fans on side, if its sh*t or your not feeling it we can see if in your face even before you tell us, same applies if you like something you don't care how liked or hated the artist is.

I respect that greatly.",75,1,2024-05-01T20:12:07Z,2024-05-01T20:12:33Z
UgwaUtuO247fdatOu-B4AaABAg,@Hitchariide,WE ARE OUTSIDE,37,0,2024-05-01T07:47:16Z,2024-05-01T07:47:16Z
Ugz3lZCFZx_f8yYxxPp4AaABAg,@jonathanmunyi5549,Maybe you guys should have sat on this one before weighing in with your final judgment.... 😬. This isn't gonna age well.,405,21,2024-05-02T12:09:19Z,2024-05-02T12:09:19Z
UgzBcaxQLgiTtZElfQl4AaABAg,@YFGMBlogTv,This shit killing push ups,3,0,2024-05-03T11:48:02Z,2024-05-03T11:48:02Z
UgxiR8TQtZAcoL10guB4AaABAg,@tshilisananitshikovha7942,Drake wrote a diss song and kendrick wrote an obituary 😢,968,41,2024-05-01T07:45:10Z,2024-05-01T07:45:10Z
UgzRpMhykjDFbTsuUWl4AaABAg,@jaybodz9124,This is the first time that I've seen so many bars go over your heads for a US track.,156,12,2024-05-01T15:25:46Z,2024-05-01T15:25:46Z
UgwZ5FFcu3Qi4EY4n6B4AaABAg,@sbusisombhele4819,"Drake fan, but this Diss track is tight🙏🏽🔥",19,3,2024-05-01T08:27:44Z,2024-05-01T08:27:44Z
UgxVfXNVBdc2uPrAPxp4AaABAg,@jacrispyvulcano9728,George is definitely reaching this episode,4,0,2024-05-03T07:01:03Z,2024-05-03T07:01:03Z
UgynSa5hdjsO-zsLPqt4AaABAg,@calvincloete4261,Love the mature/grounded reaction. Other channels be doing summersaults after every line.,29,4,2024-05-01T08:12:59Z,2024-05-01T08:12:59Z
Ugw85B5aL5kuaE89vPt4AaABAg,@erikv7520,One of the best diss songs of all time. Too many levels deep. So smart and well written. This song will trascend in hip hop history as an all time great,23,2,2025-05-16T03:48:38Z,2025-05-16T03:48:38Z
UgxJ2XzlI5hKDgfZeB94AaABAg,@DeedieBoy,"Teddy Pendergrass is a opening song, and whooping feet is a torture tactic. Benjamin and Jackson are art pieces.",20,0,2024-05-02T12:25:27Z,2024-05-02T12:36:05Z
UgzKzZGIiCU0sm53Kcx4AaABAg,@Ach1lles55,I love that ya'll hard that conversation at the beginning about what makes a diss really good. I had the same initial reaction but then as I listened to both diss tracks more I realized Kendrick's had more substance to it. I loved Push ups and Taylor made but I think Kendrick's is simply going to age better past the initial splash both of them made.,3,0,2024-05-03T20:42:05Z,2024-05-03T20:42:05Z
UgysWZTqJX0Sj7jc7zB4AaABAg,@Joseph-ol7el,This diss track was 6 1/2 min long and they spent 50min talking and still don’t understand anything. This completely flew over their heads.  Definitely drake fans. Lol,49,2,2024-05-04T15:32:48Z,2024-05-04T15:32:48Z
UgzQAYx_fCOvqUczh4F4AaABAg,@jonathanbailey6156,Y’all always catch an L when y’all react to diss tracks bro 💀,140,7,2024-05-02T22:11:39Z,2024-05-02T22:11:39Z
UgymiE7aEkZqts2afCp4AaABAg,@trumanyoung6967,As a hip hop fan this was very hard to watch lol. Everyone has their opinions but it feels like Ryan really champions money and buys into this persona Drake has built. Which kinda feels hypocritical when you take into account his breakdowns of more lyrical guys. It's like Drake makes more money and talks about Kendricks shoe size and for Ryan nothing will change that. Kinda interesting. Still love the unbias opinion but ever since family ties yall have really shitted on Kendrick with the exception of a few tracks. Its interesting to watch.,18,0,2024-05-02T15:31:57Z,2024-05-02T15:31:57Z
Ugz417UmreuPIEHwCSx4AaABAg,@juliomartinez-mw7ml,King k just made poetic justice I’ll that sit here .,2,0,2024-05-03T05:38:12Z,2024-05-03T05:38:12Z
UgyW_1hnacPF6apiqtV4AaABAg,@HEIRorERROR,This felt like a warning shot and like he really wanted to sit Aubrey down and talk to him.,74,10,2024-05-01T07:50:09Z,2024-05-01T07:50:09Z
UgxPunvO3fhM1F-T7P94AaABAg,@dragonfly12,"These responses shows the values of each rapper.

Drake values: seeming successful 

Kendrick values: seeming intelligent

J Cole values: peace",63,5,2024-05-01T23:42:44Z,2024-05-01T23:42:44Z
UgyP-GjAtDY-09bfg0t4AaABAg,@testing_something,"I don't understand how you guys think push ups is better. He called kendrick short and made fun of his contract splits. I think push ups is fire, but kendrick literally countered the 50/50 splits stuff crazy and he had WAYYYY more disses towards him. Yall tweakin",191,27,2024-05-01T11:05:15Z,2024-05-01T11:05:15Z
UgwXGN1ID5MTZG7TEDF4AaABAg,@BigdaddiZ,YALL SO FAR BEHIND NOW,3,0,2024-05-04T06:57:15Z,2024-05-04T06:57:15Z
Ugz29Gl8r2XMbo86hyV4AaABAg,@kylebrown1581,You can't pass over the sexy red line.  He saying Drake competing against women and sees himself as a bad bitch.  That was hard....,140,18,2024-05-01T10:11:28Z,2024-05-01T10:11:47Z
Ugx2PcOXaWaLDsfhO1Z4AaABAg,@KalemEF,"Crawford being quick in his feet, but smaller.

So Drake’s diss about his foot size he’s pretty much saying even with small feet I’ll dance around you.",20,3,2024-05-01T08:09:19Z,2024-05-01T08:09:19Z
UgznHs-qodRMegGpXCh4AaABAg,@danielbp2604,"13:24 This was exactly Kendrick’s goal, if you read the parts rapped in that weird flow they also work as being rapped by Drake, Kendrick is mocking how Drake sounded on his two diss tracks to Kendrick. It’s like an extended double entendre, where all the lines in the weird voice are both Kendrick talking from his POV straight dissing Drake, and Kendrick mocking Drake’s flow, disses, and lack of street cred. He does this more explicitly later in the song with the series of lines ending in “crodie,” mocking Drake’s accents. As usual with Kendrick, you could analyze line by line and there is a lot of depth, which admittedly probably isn’t the best approach for a diss track.",91,15,2024-05-01T09:02:52Z,2024-05-01T09:02:52Z
UgzvsCp1BeHkLYLoZVd4AaABAg,@tacosaretasty,lol. This is a top 3 diss track of all time. The other two being Meet the Grahams and Not Like Us.,3,0,2024-05-28T02:39:55Z,2024-05-28T02:39:55Z
UgzK0YYQCczNMHhLXcx4AaABAg,@Rafael-nu3hs,It really sucks that Ryan wasn't unbiased,71,1,2024-05-01T13:14:51Z,2024-05-01T13:14:51Z
UgyRMrMszcc-lQPbDJ94AaABAg,@hypnosemblem8829,"Thing is, Euphoria is a warning song, its a baiting a response song to cause Drake to drop whatever ""Major Nuke"" that Drake has in store next, cause Drake been teasing there is a major one for Kendrick for a bit so yeah.",79,18,2024-05-01T09:20:15Z,2024-05-01T09:20:15Z
UgxcFejIPlV0CRSs92d4AaABAg,@lexradu,"24:11 I think what he means by  ""you get them to confuse themselves for real women"" is that he makes teenagers feel like real women, when they're just girls, kids, back to the master manipulator angle, and calling him basically a groomer without actually saying the word.",99,9,2024-05-01T09:41:29Z,2024-05-01T09:41:54Z
Ugyb1wJQKdDpQrY--GZ4AaABAg,@kingnaisha7918,"I thought the Benjamin and Jackson in my house line may have referred to Michael and his pet mouse Ben being in Joe’s house but also referring to money as well, idk if I’m reaching but that’s what I got from it",5,0,2024-05-03T16:45:04Z,2024-05-03T16:45:04Z
Ugzd2pkOibyMSi3O8bl4AaABAg,@DuceSenpai,Tommy Hilfiger was on that Donald Sterling type behavior. “I don’t want these black guys at my games.” 😂😂😂,104,6,2024-05-01T11:54:09Z,2024-05-01T11:54:09Z
UgwOmoQaQTUuJbBvoL94AaABAg,@Bevo619,Ryan looks so uncomfortable trying to rock to this 😂,28,2,2024-05-01T19:30:56Z,2024-05-01T19:30:56Z
UgyBX8EJ1ucaz8mKD9p4AaABAg,@AppreciateTheGame2200,lol kendrick doesnt sound serious but drake's monotone voice does??? foh man,304,47,2024-05-01T16:36:53Z,2024-05-01T16:36:53Z
Ugz5e_EP70G8sLOAm2N4AaABAg,@metaphoriaofficial,11:11 he is gon crazzzzzxxxxxyyyyyyeeeee,1,0,2025-02-19T12:45:49Z,2025-02-19T12:45:49Z
UgwUW-puDYzK8zVdN9d4AaABAg,@user-yv6ks1js8j,Clearly yall are lost with this one. Making us old heads look bad.,10,0,2024-06-15T07:24:44Z,2024-06-15T07:24:44Z
UgzrzUFLerQ1zC3boHl4AaABAg,@cryptoUltron,"“Tell me you're Cheesing fam, we could do this right now on a camera croadie”. That bar is so slick and the engender is executed perfectly. Obviously, he’s mocking his accent. But you “cheesing”, like say CHEESE when you’re taking a picture. Lol, he went crazy, and I still think he held back.",33,2,2024-05-01T15:15:34Z,2024-05-01T15:15:34Z
UgzMMx1nmbcVz7wy6e54AaABAg,@Oskar0424,Really appreciate this channel as I think you guys are the one of the most level-headed and objective critics out there,11,0,2024-05-01T07:55:14Z,2024-05-01T07:55:14Z
Ugy3Tg2QEo78OYumUF14AaABAg,@Kemist94,"The beat really matters bro, look at not like us 😂 had half the world crip walking 😂",2,0,2026-06-14T20:22:53Z,2026-06-14T20:22:53Z
UgwRf2wAZjaOWi-oaAd4AaABAg,@OprahSideMan,"How y’all gonna say that Kendrick exposing that drake tried to Cease and Desist the “like that” record doesn’t hurt drake ? Very obvious bias from y’all, it’s a 6 minute diss track aimed at ONE person, the amount of bars that y’all ignore is wild. Y’all want a club banger as a diss track 😂😂",539,55,2024-05-01T13:55:53Z,2024-05-01T13:55:53Z
Ugxd4exWPut7EQrHKI14AaABAg,@user-rl9qi2sg4e,Finally the only Kendrick Lamar reaction video i was waiting for 🔥🔥🔥 unbiased reaction only. And a complete breakdown of the lines that went over most people's heads 🙌🏾 Love from Zambia 🇿🇲,35,2,2024-05-01T07:51:54Z,2024-05-01T07:51:54Z
UgyUHuBk2N1Ukp9Vk1N4AaABAg,@RR-mi8ge,This was still a warning shot by kendrick. He said lets keep it face level because if you wanna get deep we can. This has just begun,29,19,2024-05-01T22:52:36Z,2024-05-01T22:52:36Z
UgxQlzMuimNQ_x3ZSDV4AaABAg,@chriswatson5772,They kept it honest i like that.,0,0,2024-07-29T20:53:31Z,2024-07-29T20:53:31Z
UgzR0ru27cb0kuHmiid4AaABAg,@bennyjetson4957,Don’t think I can take their reactions serious after this one. Old heads not catching even half of the lines is quite sad.,10,0,2024-05-18T01:57:52Z,2024-05-18T01:57:52Z
UgwUUBZ5HvwYb37wwqR4AaABAg,@pg092,"comments are hilarious, the division between fanbases is crazy. Appreciate your insights and I agree with your takes overall. Looking forward to how drake responds now.",16,0,2024-05-01T19:17:40Z,2024-05-01T19:17:40Z
UgzZ5j8TAO6NuP0aAFh4AaABAg,@presleyluis4666,"""you ain't wanna work w me no more? ok"" is a reference to drake saying he didn't wanna make any songs with kendrick after his control verse so he's mocking him. 

I dont see how you could think push ups was better, drake didnt really say shit in that besides a hand full of playground insults",40,3,2024-05-01T08:14:50Z,2024-05-01T08:50:29Z
UgwU7MI-bUYjuRNXuUB4AaABAg,@daveb3330,6.16 in LA. Kendrick dropped again,1,0,2024-05-03T14:10:51Z,2024-05-03T14:10:51Z
UgxW-8ysDItmORqUz0d4AaABAg,@jesusiracheta8570,It’s funny how I thought these two foos would enjoy bars and a real diss more lol.,237,31,2024-05-01T12:57:16Z,2024-05-01T12:57:16Z
Ugxfn9krHUKN4z989fF4AaABAg,@xColter,The comments are hard backseat reviewing rn lmao,22,0,2024-05-01T17:33:16Z,2024-05-01T17:33:16Z
Ugy_Af6d7m9q0EzBjSF4AaABAg,@Mahan1372,"Hey guys! Just wanted to say as someone who thought this was miles better than Push Ups (all the criticisms you levelled against Kendrick’s flow/delivery I have always felt towards Drake lol), I really respect and value your input. Even though you don’t like the song as much you still give credit where it’s due and you break it down bar by bar. Great video, even if I may not agree with your guys’s opinion on who’s winning!",39,2,2024-05-01T08:52:26Z,2024-05-01T08:52:26Z
Ugy7-nxiheuJvPqxFsN4AaABAg,@heyfamfam3004,This song won the battle before it started.,5,1,2025-06-29T20:15:46Z,2025-06-29T20:15:46Z
UgwMFaWp05_yWhXwOQt4AaABAg,@michialharris1850,Nah Kendrick got this on. Push ups might be a better song but not a better diss song,111,12,2024-05-01T15:16:40Z,2024-05-01T15:16:40Z
UgxaXbk-tKdpTKgJiM14AaABAg,@mainmain282,J cole still catching strays is crazyyy 😭😭 stop it he's already out,60,7,2024-05-01T07:51:36Z,2024-05-01T07:51:36Z
UgxdTZvuxkHNy1LXu4h4AaABAg,@deez_dev,"I have never seen a soul being destroyed ""like that"" this should be illegal
EDIT: well kdot has this type of delivery and I love it, I don't know why you guys don't like it!",115,10,2024-05-01T07:44:20Z,2024-05-01T07:54:26Z
Ugx327OYMnua6qX7Vnd4AaABAg,@k-cx7137,These guys related to ovo I’m convinced,2,0,2025-03-06T11:54:07Z,2025-03-06T11:54:07Z
Ugy__Ig8ATRk-hnYAlp4AaABAg,@OnAeeir,this is why u guys are the best reaction channel u dont just meat ride like all these others,11,0,2024-05-01T09:07:54Z,2024-05-01T09:07:54Z
Ugx6VaQs_U2RwB40DTh4AaABAg,@xelaldaero9339,These dudes are like two students bumped into a calculus class accidentally 😂,194,17,2024-05-01T21:48:25Z,2024-05-01T21:48:25Z
UgxhHW4-6mny74CQ4kl4AaABAg,@tmac515,I don’t take anyone’s opinion on this track or beef valid until I see you guys drop yours …. LITERALLY the two voices I trust the most on this and on music and hip hop in general. Respect brothers.,46,7,2024-05-01T07:54:26Z,2024-05-01T07:54:26Z
UgxfFPEHlF62pbm9nD94AaABAg,@JustBeNormal,"His poetry is phenomenal.

For all those who know real poetry. There's levels to this. IYKYK.",1,0,2024-05-05T10:35:20Z,2024-05-05T10:35:20Z
UgzvL8H6YGFbWTYW-414AaABAg,@snejanaceneva3455,"this to me is just another level of artistry man. i get yall don't like his delivery here but to me there is no other rapper that puts this much emotion in his track. in my opinion this went milesss above drake. just based  on class and dignity. i just have never seen drake (or whoever are his ghostwriters) write with sophistication like this.
and if im being honest, just for the fact that drake doesn't write his stuff, he automatically loses for me sorry yall...",95,12,2024-05-01T08:41:03Z,2024-05-01T08:41:03Z
UgxQtjgIcMPHorZmfsJ4AaABAg,@shannonharris5173,Props to George for always trying to keep it neutral even though he likes certain stuff. and Ryan for being unable to be unbiased lol.,12,0,2024-05-02T16:00:44Z,2024-05-02T16:00:44Z
Ugw7a7kDiwF0V6dVnrF4AaABAg,@cameronjmatthews,No one comes close to yall when it comes to these breakdowns..we appreciate yall so damn much,8,0,2024-05-01T08:12:27Z,2024-05-01T08:12:27Z
UgyfFlp-8RjbugbRIt94AaABAg,@elisavetsandoval209,Whats up with 6:16 in LA!!!!💥💥💥 Kendrick is Uuuuuppppp!!🏅🏆💥💥💥,1,0,2024-05-04T01:36:45Z,2024-05-04T01:36:45Z
UgwgEBSgiaLKUTiuWvd4AaABAg,@dholapothevibe,"Thank you, finally reactors who aren’t glazing kendrick and telling it how it is",18,7,2024-05-01T10:21:28Z,2024-05-01T10:21:28Z
UgxHavZZuCE7Ap-zVLp4AaABAg,@itsyaboybrocoli2907,You guys bias lol,20,1,2024-05-03T07:33:44Z,2024-05-03T07:33:44Z
Ugwve85X0Eh8Irwlhux4AaABAg,@JamesSmith-ce6vn,Ngl coming back to listen again this track is kinda weak and I loved this when it dropped,9,2,2026-05-22T07:26:41Z,2026-05-22T07:26:41Z
Ugy9Cuor2HSTEvlc4KN4AaABAg,@stevenandretti4126,These two went out bad 😂,0,0,2024-06-01T09:33:14Z,2024-06-01T09:33:14Z
UgxGftTga8ymsfY7lvh4AaABAg,@Putyawristup,If you think Kendrick wasn’t being direct you just can’t comprehend the bars you need to listen about 5-6 more times,141,28,2024-05-01T22:32:23Z,2024-05-01T22:32:23Z
UgyA-0K5cjhCnYzamMd4AaABAg,@Zipper8,The paying 500k line was in reference to Drake paying off a woman who accused him of SA in NZ. “Real women” is also a hit on Drake messing with underage girls acting like older women. Honestly think drake got put in a body bag by with this one.,43,1,2024-05-01T12:15:30Z,2024-05-01T12:16:14Z
Ugx0SlxCTHvTQOYkYMJ4AaABAg,@JaySquirrel,"I can’t help but feel that the expectations were so high for Kendrick’s response that there was no way he could live up to it. 
That alone speaks volumes and gives him the “win” in something “close”.",43,8,2024-05-01T17:03:12Z,2024-05-01T17:03:12Z
UgwXYbKXF2GUfu2_G_F4AaABAg,@dragonslayer7276,"That line I have a Benjamin and a Jackson is referring to Ben the "" Rat"", M.J. song Ben",2,0,2024-05-23T21:08:23Z,2024-05-23T21:08:23Z
Ugy_I7a53F67J6HnSM54AaABAg,@_TYE_,"What doubles did Drake say that hit so hard? He only had one hard line, “what’s a prince to a king? He a son”🔥 and one disrespectful line, “I be with somebody guards like Whitney”🔥 other than those 2, what was good by Drake? Midget? Pipsqueak? Size 7? 50/50 split? I’m genuinely curious as to what Drake said that was so ground breaking? And Dot needs to be more direct? Lmao Drake had a track towards multiple people, not just directly at Dot, Dot drops a track directly for Drake, and you need it more direct?😂😂",65,18,2024-05-01T22:20:57Z,2024-05-01T22:20:57Z
Ugzrz3SAK6knJRkW3914AaABAg,@kurtiswint4236,What you think push up was better? Bro your outta ya bald mind fam 😂😂😂,162,10,2024-05-01T12:55:59Z,2024-05-01T12:55:59Z
UgxOrMs8deZC7oGMnJJ4AaABAg,@freedommatrose,"“The very first time i shot me a drake(duck), the homie told me to aim this way and i didn’t aim low enough “ is diabolical 😭😭😭😭📉💔",83,8,2024-05-01T08:34:32Z,2024-05-01T08:34:32Z
UgwgIkhAEEkkU1Ubaht4AaABAg,@lakeithrowland900,I never thought I'd see the day. I can hear the bias in your voices. Yall didn't hold them both to the same standard.,1,0,2024-06-04T15:37:53Z,2024-06-04T15:37:53Z
UgycKgVsRQnyaYSIC2V4AaABAg,@colmsheahan6991,Brilliant video yet again. By far my favorite breakdown channel.,7,0,2024-05-01T20:07:17Z,2024-05-01T20:07:17Z
UgwPnzEbqwzQKa_58W54AaABAg,@coologmoredude,Ryan thinks that calling someone short with small feet and saying you have more money than them is S tier bars. It's childish.,128,9,2024-05-01T09:55:12Z,2024-05-01T09:55:12Z
UgxL5ofrACOIyrLPr0x4AaABAg,@Lost_feline613,"Basically Kendrick saying that Drake is an awful human, he has no substance as a person, he’s messing with his friends girls, switching allegiance, changing his accent, dissing women,what is Drake teaching his son morals, integrity, honest & disciple.  All Drake “raps” about is his money",159,11,2024-05-01T09:31:16Z,2024-05-01T09:31:16Z
UgzsGWw1p0e7l9hBxTF4AaABAg,@Domz12,I love how KDOT reference DMX since he never liked Drake.,3,0,2024-05-03T12:01:46Z,2024-05-03T12:01:46Z
UgyKq25w18h6gKkjD6V4AaABAg,@WestSideBarson,Kung fu kenny bodied that boy... West up,70,4,2024-05-01T07:32:41Z,2024-05-01T07:32:41Z
Ugz_QuQMfHd9RiKLEfh4AaABAg,@broregard1924,"Bro the more I listen to this song the more lines I catch where Kendrick is calling Drake out for being into kids.

“…pacify em…on that line but spare you this time…”

Bro is calling Drake out like every 8 lines",9,7,2024-05-01T08:08:03Z,2024-05-01T08:08:03Z
Ugw1VEeNaE3SLOO9ZY94AaABAg,@Mark-eb2vt,Kendrick played everyone. Made everyone wait a month for this 😂😂😂,25,7,2024-05-01T08:03:08Z,2024-05-01T08:03:08Z
Ugx09_lyXmR16SmVN0R4AaABAg,@BrandoCalrissian82,"“Very Beatable?”
Dr Seuss, elementary school rhymes (Drake style) is what you both wanted. Kendrick’s Cliff Notes are on the way for you guys. Lol",2,0,2024-05-22T16:16:34Z,2024-05-22T16:17:49Z
Ugzn-Hgzp0vgsruNw3J4AaABAg,@PlasmaBoom,"For reference, these guys also thought Pusha T lost as well.",163,21,2024-05-01T18:55:10Z,2024-05-01T18:55:10Z
Ugyw7si9Gez6Q6ruaxh4AaABAg,@sambroers4652,"The sound and delivery absolutely matters. End of the day it’s music, not poetry. I value Kendrick higher as a person and in terms of his disses, but Drake’s disses are the only ones I’m listening to in the whip, still go back to duppy freestyle every now and then just because of the way it sounds. Kendrick will lose a lot of listeners I think if he makes another Mr. Morale album with his rapping style as if he’s crying",19,2,2024-05-01T09:18:05Z,2024-05-01T09:18:05Z
UgxQvXU-6bo4lWxP0nB4AaABAg,@GuerillaUnit34,Funny part is most of these bars went above drake fan boys 😂😂,203,38,2024-05-01T07:39:45Z,2024-05-01T07:39:45Z
Ugyq4WU5c_VaFRRGuKl4AaABAg,@johany3014,"KENDRICK JUST DROPPED ANOTHER DISS TRACK, BRO REALLY WENT BACK TO BACK 😭",2,0,2024-05-03T13:49:34Z,2024-05-03T13:49:34Z
UgwLZNtSSve6Z5KjP_B4AaABAg,@aw11348,"lol I knew you guys were gonna hate on this after George's rant about Drake's greatness last video. I thought Kendrick's jabs in this track hit at least as hard as Drake's did on Push Ups, and his intense delivery is in a class of its own",42,5,2024-05-01T08:03:46Z,2024-05-01T08:03:46Z
UgzNCzG5rSNge4RY_094AaABAg,@kingsman2k,The fact y'all didn't know that first track is Teddy Pendergrass is surprising,28,2,2024-05-01T10:40:36Z,2024-05-01T10:40:36Z
UgyeggLe9PcHX6w-Wa94AaABAg,@MaxPower162,"f you dont think Kendrick won this round, the bars went over your head 😂 All aboard for Round 2 hopefully",14,1,2024-05-01T07:49:24Z,2024-05-01T07:49:24Z
Ugw3rnXZEudorWNKA6F4AaABAg,@odesangel,"It should also be noted that The Sixth Sense itself is a reference to ghosts, since that's what the movie is about.",1,0,2024-08-21T05:23:40Z,2024-08-21T05:25:14Z
UgzcZGO3ZKtwvjjKZnt4AaABAg,@pakONEoh,"These cats are compromised. And, it's not about their take on Kendrick. I believe everybody has their opinion. But, they are intentionally acting like they do not understand some of the things Kendrick is saying.",9,0,2024-07-24T06:00:38Z,2024-07-24T06:00:38Z
UgwPOsaUvDXl7GlAFWp4AaABAg,@nopreference6110,"Personally, hardest part of the diss is that kenny is simultaneously giving Aubrey advice on how to be a man, and grace, by drawing a hard line in the sand...this is what you are and what you arent. Breaking down his brand, style and character.. the things he CHOOSES to be.. not physical/material traits and stature. Im considering kendricks artistry and drakes entertainment value washing each other out. So it comes down to the execution of what is said. 

Side note: this is not painting a ""narrative"" on Aubrey, its giving the public curiosity and direction to simply Google the dark side of this idol. Itll be the masses that consume him once the pendulum swings",25,0,2024-05-01T17:35:47Z,2024-05-01T17:35:47Z
UgxlfpVkp0VTqePBY-B4AaABAg,@cantu7214,So you were hyped when Drake called Kendrick a pipsqueak but you don't rock with this? lol,64,7,2024-05-02T01:46:38Z,2024-05-02T01:46:38Z
UgyNSxzY85FLuEnxqIJ4AaABAg,@apantone68,Its crazy you guys can react with drakes nuts on your eyes,2,0,2024-06-28T15:25:48Z,2024-06-28T15:25:48Z
UgxN930P56OIElw4xFx4AaABAg,@kennyvince,Ryan coming off as Drake’s biggest stan,33,0,2024-05-01T11:46:20Z,2024-05-01T11:46:20Z
UgxIKLvdGuNq8EpQZh94AaABAg,@itscharliee6940,"I think yall missed a lot of lines 😢
“ have you ever paid 500k to like an open case” was referencing Drake paying his accused $530k to settle the case 

“Crodie” is the name of drakes cat. It’s another double entendr; crodie for the g ang, and crodie for the cat; he’s calling him a 🐱

The I hate you & biggest hater bars was referencing DMX and how much he hated Drake; saying he hated him more than dmx 

We don’t wanna hear you say 🥷🏽 no more is the same style Ye did on “ Get em high” 

Drake actually sent a C&D for the like that record 

The Benjamin , Jackson like I’m Joe line was him saying he’s sonning Drake. Drake think he mike, he saying he Joe; the dad. 


“Real women” is a double entendre; real women cause he likes women with bbls’s and real women cause he likes underage girls who aren’t  “real women”",27,7,2024-05-02T02:36:47Z,2024-05-02T04:56:37Z
Ugw_Qt-m9rJ8lUhLKXZ4AaABAg,@luismeza5189,Lost in Vegas and never found they way out,16,0,2025-03-04T18:46:57Z,2025-03-04T18:46:57Z
UgwOXYFd9NKMiFs41Px4AaABAg,@CULeeisMe,"That abs into the ""V12, that's a fast one"" line is crazy, when you realize V12 is a liposuction machine. 😂",1,0,2024-05-04T00:05:39Z,2024-05-04T00:05:39Z
UgyZ9s5Dz8C7xz3jizh4AaABAg,@dayyng,type of shit to make you unsubscribe,213,10,2024-05-05T12:54:25Z,2024-05-05T12:54:25Z
UgzTQKa1nsJpMdJvxkR4AaABAg,@espressbros7770,Ryan it's okay you're stan - embrace it. You literally had to hold your mouth shut to avoid reacting to the bars real time in the first half of the song!,45,3,2024-05-01T15:42:03Z,2024-05-01T15:42:03Z
UgwXidjvnaHqe_OqxbF4AaABAg,@gsoutside5741,Drake dissing him about height wasn’t childish?,8,5,2024-06-12T06:14:02Z,2024-06-12T06:14:02Z
UgyWE60JsnMKSfhwKuB4AaABAg,@arsonn6,You guys got alotta work to do Drake and Kendrick with disses back to back on a Friday is crazy i went out the eat after hearing Drake diss track and I couldn’t even digest my food before k dot dropped his 😭🤦🏿‍♂️,2,0,2024-05-04T05:40:13Z,2024-05-04T05:40:13Z
UgyzgEAHfSmLJDEWvht4AaABAg,@timothywaite2282,Yall usually locked in on the pulse but man this was dissapointing. Drake called him short and lied about his shoe size. Kendrick broke down the man’s character. Kendrick up,17,3,2024-05-01T21:59:50Z,2024-05-01T21:59:50Z
UgwZmUoQ_bof3KXrfCZ4AaABAg,@UnknownTemptacion,Drake comparing himself to Mike. Jo Jackson was the father of Mike. BARS,16,2,2024-05-01T15:25:30Z,2024-05-01T15:25:30Z
UgydroePEvND-a1rOGR4AaABAg,@OmenJS,Kendrick was trolling on this songs to impersonate the way drake was trying to troll kendrick,25,1,2024-05-01T11:01:44Z,2024-05-01T11:01:44Z
UgyyHgNY8u_aFJfM-at4AaABAg,@DetroitCoalition,"18:43 The Benjamin could be his Pulitzer, which is a sculpture of Benjamin Franklin.  Or Ben from the Michael Jackson song, the mouse in the house.",0,0,2024-07-18T04:18:38Z,2024-07-18T04:18:38Z
UgxqaJag4GYDORye_IV4AaABAg,@empyrealone,"You say you don't like the delivery, and I'm like ""which one?"" He had 4 or 5 cadence's, beats and voices in one song. He gave you many deliveries to choose from. You didn't like any of them?",41,5,2024-05-01T13:54:27Z,2024-05-01T13:54:27Z
UgxohoWh9jcLIcFsEwJ4AaABAg,@joecherfan2547,I believe Kendrick is still sparring for fun at this point,10,0,2024-05-01T11:33:48Z,2024-05-01T11:33:48Z
UgzqHQEYDJqpFPaBN1p4AaABAg,@LaVay418,Everyone in the comments trashing these dudes for not understanding some of the bars on first listen like y'all weren't on genius studying the shit like you had to take an exam for it.,31,6,2024-05-01T21:24:17Z,2024-05-01T21:24:17Z
UgyZdfTLYn4EGAvssoR4AaABAg,@aiamaliva73,Meet the Grahams … like immediately 😳,2,0,2024-05-04T07:35:42Z,2024-05-04T07:35:42Z
UgxxvFANdkl_buRaO4h4AaABAg,@shay4966,"I feel like yall missed the point. This was a warning shot and a message to black culture. Drake did not grow up in the culture but betrays himself like he did. Regardless if Kendrick was poor or middleclass he grew up in the culture. Experience trumps being a bystander. Drake is not hood or black culture but the masses eat him up like he hood. Kendrick is a conscious rapper that presents the culture, Drake is a pop artist disguised as a rapper trying to be apart of the culture. That is what Kendrick is saying, American Black culture hijacked by a Biracial Canadian pop star.",103,26,2024-05-01T13:27:13Z,2024-05-01T13:38:18Z
UgyY9EAPe3Up6n7plLZ4AaABAg,@MajorSilvaa,Y’all actually insane for thinking Drake is ahead here,374,22,2024-05-01T12:50:52Z,2024-05-01T12:50:52Z
Ugw8KUg3Av5Tdl8Uq3J4AaABAg,@user-do2xr9gv8k,Nahhhh Ryan I’m unbelievably disappointed,15,0,2024-05-01T14:37:11Z,2024-05-01T14:37:11Z
UgybKJWM2evkvmPAYuV4AaABAg,@samom1440,"Unc, yo head round as hell bro",1,0,2024-05-04T18:13:07Z,2024-05-04T18:13:07Z
Ugy_BbsjM2ZLXPu7sOl4AaABAg,@ThisIsMyHandle008,"Honestly, very very very shocked about this reaction. Usually i like what yall have to say, and i understand its all opinions at the end of the day. But kendrick walked on this track like crazy. Bro said a lot more than what drake said. Almost every line is a bar that has meaning lol.  Very shocked of this. I love both artists, have songs saved from both, but kendrick is definitely the better lyricist.",11,0,2024-05-03T17:56:44Z,2024-05-03T17:56:44Z
UgwK4_1ltDIwZwFvm2x4AaABAg,@taylena1235,Drake thing was more witty 😂😂😂😂😂😂  I can't believe they said that,29,0,2024-05-01T17:20:26Z,2024-05-01T17:20:26Z
UgynVu8vfiPI4w-QO6h4AaABAg,@jonathangordon4428,"You guys are being contrarians. You're holding kendrick to way higher standards than Drake, literally go back and listen to push ups. Every time I relisten to pushups its less hard and every time I relisten to euphoria its harder. What more could Kendrick have done? There's literally no track he could've put out that you wouldn't have had that exact same reaction to. And its annoying that you admit that you don't understand half the bars, or go ""I don't know whether that's true or not I'm gonna ignore that bar"" and end up being agnostic towards all the bars. And then ur surprised that there's only like 3-4 bars left that you're actually looking at. But then even though its a reaction video you start giving it a review in real time and shaping the narrative. And every other personality discussing the beef is so fake that people actually turn to this and act like its a perfect breakdown. I hope you follow up on this video after properly digesting the bars and bringing the same energy when you listen to push ups. History is clearly going to prefer euphoria.",179,16,2024-05-02T05:57:32Z,2024-05-02T06:03:23Z
UgxpPHVwDbVYvYuDtkt4AaABAg,@anthonygonzalez2296,That “ I hate the way you “ was actually a reference to Dmx lol,2,0,2024-05-08T15:28:08Z,2024-05-08T15:28:08Z
Ugz9_8wDH8xIb6M13iB4AaABAg,@Glocksig45,You're crazy Ryan DOT cooked him and Push ups or that A.I. shit combined ain't beating this. Yall gotta see through this bullshit.  He was direct the whole song.  My ear loves this.,8,1,2024-05-01T10:09:26Z,2024-05-01T10:16:35Z
UgwsdCuUsu-e39YvLCp4AaABAg,@DBZeni,"anyone who picks push ups over this needs to go wash their ears! drake said absolutely nothing, few short jokes and small feet and the michael jackson  was his best bar. The 1 v 20 line alone from kendrick shits on everything drake said.",59,6,2024-05-01T09:33:47Z,2024-05-01T09:33:47Z
UgxhVhXrTdj1i3u9VP14AaABAg,@blackpanda418,Dang we can trust these guys on every opinion except when it comes to Drake 😂,14,1,2024-05-01T13:47:26Z,2024-05-01T13:47:26Z
Ugz7Et1NyANZr2VMqDN4AaABAg,@passoutprincess,47:01 watching this and it’s currently 8/9/24 “drake winning by a landslide slide if he responds to euphoria” did not age well,5,0,2024-08-10T18:50:32Z,2024-08-10T18:50:32Z
UgwEXO-rGfrYGImUb7Z4AaABAg,@AquanPitchford,"when this first dropped, this was my favorite diss from Kendrick during the beef, even more than Like That or Not Like Us
but coming back to this in 2026 - this was so much weaker than those other two Kendrick disses

Family Matters is easily the best diss from the entire beef, the replay value on that is insane after all this time",17,1,2026-05-19T23:52:06Z,2026-05-19T23:52:06Z
Ugw0a5h9rmSEgZPbQvZ4AaABAg,@treball8230,Only reaction channel that isn’t biased,7,0,2024-05-01T08:03:10Z,2024-05-01T08:03:10Z
Ugz7ZXRsugKQXzNX1qV4AaABAg,@AceFlexFitness,It's not Joel Osteen its Haley Joel Osment.  Kendrick got those two confused 😂😂😂😂,38,9,2024-05-01T09:01:27Z,2024-05-01T09:01:27Z
UgzxoYv1eX4pOsKcFER4AaABAg,@priestbuthelezi22,Kendrick is a Goat 🎯🔥💯,1,0,2024-05-05T12:39:45Z,2024-05-05T12:39:45Z
UgwnAPEgNRKa35a-c1l4AaABAg,@nikkospops,"When they say AGED LIKE MILK, this is what the definition will be from now on😊",7,0,2024-06-12T03:13:45Z,2024-06-12T03:13:45Z
UgymwfDNTmItNnAKpsZ4AaABAg,@christianmoss7528,I question these two credibility,24,3,2024-05-01T08:52:38Z,2024-05-01T08:52:38Z
UgyFx-9MLlN9QAbAJHd4AaABAg,@andresoef,Did you seriously compare Kendrick's delivery to a grandma reading ether? 😂 I know he's unconventional but c'mon lmao,110,12,2024-05-01T22:08:51Z,2024-05-01T22:09:09Z
UgyZ_ThUa5HosBu_gpd4AaABAg,@virgosun5286,Ayo Kendrick is the LYRICAL final boss! 😂💀,1,0,2026-01-20T01:55:30Z,2026-01-20T01:55:30Z
Ugyr2qlV0jPvTsh0IHR4AaABAg,@masruby8718,Ya crazy K-DOT diss is better than pushups.,69,4,2024-05-01T12:49:25Z,2024-05-01T12:49:25Z
Ugyh-Z9n4-S8lH5QkQh4AaABAg,@reyodan4,Y’all are trippin if u say pushup is better,68,2,2024-05-01T14:55:32Z,2024-05-01T14:55:32Z
UgzbxgvQb7lXQcqZSmJ4AaABAg,@justchillin8277,Opinion coming from a highly reputable reaction channel is why so many kendricksons triggered in the comments - 13:10 is so facts,13,3,2024-05-01T16:56:32Z,2024-05-01T16:56:32Z
UgzPzZjkpUMuF1-xHFR4AaABAg,@MiaShineBright1980,Just wow on your reaction😶,2,0,2024-05-15T23:12:53Z,2024-05-15T23:12:53Z
Ugzr-QQho_p8tOfP6UB4AaABAg,@kiraparson2746,Thats wild that you dont think this is better than Drakes shit. Opinions are subjective but damn,16,0,2024-05-01T12:55:28Z,2024-05-01T12:55:28Z
Ugz20Qp08zcCPy7vLZp4AaABAg,@scholageemusic9373,"Drake is Entertainment 
Kendrick is Hip Hop",21,8,2024-05-01T23:23:50Z,2024-05-01T23:23:50Z
UgxEhpLyX7ZaSAaOGX54AaABAg,@ryhcky,the kendrick fans butthurt that they ain’t eat up this diss 😂,7,2,2024-05-02T01:36:03Z,2024-05-02T01:36:03Z
UgzCozbWfrLpBBnsd6d4AaABAg,@ChristophTheWise,"Lmao took steam off 1 kendrick bar because youve heard it before 
But went crazy over the interscope
In the scope bar 
Deadass i think ive heard that bar more than any other 😂",3,1,2024-05-24T13:25:05Z,2024-05-24T13:25:05Z
UgxqqjTvSQZLCGijl9p4AaABAg,@MrDylan102,"I feel like the delivery really threw you both off and you couldnt get past it. Saying that push ups beats this is crazy imo. I personally found myself listening back and looking at genius explanations to catch what i missed, seeing deeper meanings behinds the likes of the crodie lines chilling at new ho king for example. 

Totally fair you don't like the delivery and Drake's push ups is the better song for sure but he hasnt said anything of worth towards Kendrick imo, just slick delivery and wordplay thats easier on the ears.",35,10,2024-05-01T09:28:19Z,2024-05-01T09:54:45Z
UgxHfM5jk7MzVSIpVZZ4AaABAg,@GeneralX-s3m,They said Kendrick would get swept. Kendrick destroyed Drake 😂,7,5,2026-03-02T02:32:44Z,2026-03-02T02:32:44Z
Ugx2I-O0jsOGQRPkduJ4AaABAg,@kindabutnotreally1119,Let me keep it simple. Yall missed hella bars. Kdot is really going over ur guys head.,8,0,2024-05-07T11:42:40Z,2024-05-07T11:42:40Z
UgxxNuSyCiGrtwpSy9B4AaABAg,@RobinHood-wjs,I love this flow 🆕 to the 👂 it gives the song 🎶 character 😂❤,1,0,2024-07-20T16:21:43Z,2024-07-20T16:21:43Z
Ugy7CkG6dniV4yzXH654AaABAg,@kareem9621,"Kendrick stans steeaaaaming in the comments lmaooooo… These two are literally the most unbiased reactors on this youtube thing, no need to get hurt cos they’re not tryna stan as hard as you lot… Enjoyed both records, stop taking sides & appreciate the moment, doesn’t come around very often!",17,4,2024-05-01T21:24:18Z,2024-05-01T21:24:18Z
Ugy4_HWheC0EsFnQ6jR4AaABAg,@corvinusmchn,"I'm glad I'm not the only one who thought this diss was aight. It's solid at best, but it's definitely not as big as the rest of the internet is gassing it up to be. 💀",16,1,2024-05-01T09:19:30Z,2024-05-01T09:19:30Z
UgwpO15m0eC2uHMJflR4AaABAg,@ludbud6917,Someone said Kendrick fans are the new Rick and Morty fans and I SEE IT,13,6,2024-05-02T04:24:08Z,2024-05-02T04:24:08Z
UgzNIa44k87Jhzl0uxp4AaABAg,@harveymodiko946,wake up wake up wake up kendrick is cooking you okes are 3 songs behind,3,0,2024-05-04T07:29:07Z,2024-05-04T07:29:07Z
UgzUtVKLiF-uhSsxZYh4AaABAg,@resulor4546,It’s nice to see people that aren’t clip farming over reacting. You guys have been the only one to mention how atrocious he sounds in the first half of the song. Kendrick went wild on the back half though I won’t lie.,7,0,2024-05-01T17:31:28Z,2024-05-01T17:31:28Z
Ugy0cVicgs2I4C7so7Z4AaABAg,@money__mon27,"Ryan tripppinnnn, what exactly did he say about Kendrick in push ups? His feet are little, give me 50 push ups",10,5,2024-05-01T10:15:22Z,2024-05-01T10:15:22Z
UgxhgEcm_eVkMPs-ic54AaABAg,@Luis-vs7zd,"These guys have been pacified, my man stop the video and ask how important lyricism is",68,6,2024-05-01T12:48:51Z,2024-05-01T12:48:51Z
Ugzc0fWZupr3929HULV4AaABAg,@CW043,You guys are either completely on point and total dissect a bar or you're way off and bars fly over your heads. There is no in-between you two.,1,0,2024-06-11T14:42:30Z,2024-06-11T14:42:48Z
UgyakjHkfMTpe6eLb6R4AaABAg,@mooseg3568,"Oh I enjoy your reactions, gentlemen, but you guys  were so wrong on this, but I appreciate that you gave us the 1st reaction and I bet your opinions changed now that it's over and gave Euphoria multiple listens.",8,0,2024-05-14T15:06:15Z,2024-05-14T15:06:15Z
UgxS_-ZWmRMCwcWuJHt4AaABAg,@delejayn,How can you say he dumbed this down and then praise push ups,18,4,2024-05-01T08:19:53Z,2024-05-01T08:19:53Z
UgwNpN6OFXnG-oUT0lZ4AaABAg,@mfundomachi2772,"I've heard most of the things here from the Pusha and Ross diss, just that Dot said them differently. smh. Drake will definitely come back from this.",9,5,2024-05-01T07:36:17Z,2024-05-01T07:36:17Z
UgweuoPiWIOZXXvEsrh4AaABAg,@jimmyguapo5245,These dudes are drake stans,4,0,2025-03-11T03:08:23Z,2025-03-11T03:08:23Z
Ugwoup653lvZAaPt76h4AaABAg,@flvsh_m3,For Being Old Heads Y’all Making Us Look Bad Sit This One Out Of Just Hang It Up At This Point💯,8,0,2024-05-02T19:08:08Z,2024-05-02T19:08:08Z
Ugwq8A3MocdscXIqgSt4AaABAg,@acevan98,Goddamn y’all some old heads. Like missing bars Kendrick spit makes me sad,167,24,2024-05-01T15:57:27Z,2024-05-01T15:57:27Z
Ugw7FnREcyR9dk5nzWp4AaABAg,@SageTrader007,Probably y'all most disliked video 😅,41,3,2024-05-02T08:14:11Z,2024-05-02T08:14:11Z
UgyxaehODKK0QlSbJkN4AaABAg,@williamhenry7,"Ya'll ain't hip hop heads ,Ya'll hip hop casuals",6,0,2025-03-18T05:54:52Z,2025-03-18T05:54:52Z
UgyDiiLsxthWR7MsDPR4AaABAg,@thegreatchace,Lack of enthusiasm was crazy. What a boring watch just for y’all to ride Drake like that. Wild. Used to be a much watch. Y’all were just lazy w this.,19,0,2024-05-02T21:34:00Z,2024-05-02T21:34:00Z
UgzCGMOWP8nS_vwPXal4AaABAg,@karmmy365,Not sure these two are actually into Hip-Hop like that lol,9,0,2024-05-02T23:44:39Z,2024-05-02T23:44:39Z
UgxRdiWyc0at314Jv-F4AaABAg,@MrBradiswinning,"idk, listening to pushups afterwards, drake lost. All that ish on pushups was so surface level. Kendricks triple, quadruple entendres on som eserious deep level shit. kendrick wipes",25,7,2024-05-01T08:22:38Z,2024-05-01T08:22:38Z
UgzJXVNen1RXwjOXojV4AaABAg,@1904nmbm,always great to hear you guys,0,0,2024-05-03T21:20:28Z,2024-05-03T21:20:28Z
Ugz26FcZPvA5_izKhpt4AaABAg,@juliantorres8818,These two are drake stans,7,0,2024-05-01T20:57:57Z,2024-05-01T20:57:57Z
Ugxqj7VHid0K91_5MEF4AaABAg,@craigbarnes5237,How are you listening to that song and saying you don’t won’t to hear it again? You two arnt serious 😂,30,0,2024-05-02T22:44:34Z,2024-05-02T22:44:34Z
UgzUoNfzKg92TIZFvtZ4AaABAg,@drunkenxrage,"I can respect your opinions on the sound, but I was confused how y'all came away with this thinking it was close as far as diss content... Drake's worse diss was Kendrick's height... Kendrick dissed Drake's identity in multiple ways. That's not even mentioning all the thoughtful parts of the track people point out in the comments. Idk, Kendrick didn't seem to try as hard as he could have, as he pointed out, but still washed Drake as far as digging into one another.",8,4,2024-05-01T10:15:59Z,2024-05-01T10:15:59Z
UgyQOLYeymSF45_I2-h4AaABAg,@jordanbenson2980,The '...what the culture feeling' line was a great line,1,0,2024-05-04T13:29:24Z,2024-05-04T13:29:24Z
UgyqKWok2RHUt4XX_7J4AaABAg,@excesssa,Very dissapointing take,51,2,2024-05-03T08:11:41Z,2024-05-03T08:11:41Z
UgwYyiJjjvEkY0E_ybp4AaABAg,@1theonezman,Yall the first non biased (like y’all always say) reaction to this battle. Kendrick should’ve washed Drake because of his crazy lyricism and he’s one of the greatest ever. But he took all this time for this…,7,0,2024-05-01T20:44:53Z,2024-05-01T20:44:53Z
Ugx7-nH-11ZXdxb-EYp4AaABAg,@QualityDumi,Your coverage here guys was wack  you guys are biast as hell,10,1,2025-01-09T13:39:22Z,2025-01-09T13:39:22Z
UgzzO8hYPkhMLKS45_p4AaABAg,@RamonG-jr,10/10 track is 🔥,0,0,2024-05-24T21:53:34Z,2024-05-24T21:53:34Z
UgzIET8-hAHP3FHFiqB4AaABAg,@kevink020,Do yall ever look back at these reactions and look how off you were?,8,1,2025-01-25T12:26:48Z,2025-01-25T12:26:48Z
UgxuKbOQQF4bK7L19KZ4AaABAg,@debscom2,This aged terribly.... very very questionable...,8,3,2025-03-11T17:11:28Z,2025-03-11T17:12:15Z
UgzsVMjIJA1QKoEiiT14AaABAg,@jackiearcher7738,"Y'all lame, he bodied Drake",49,6,2024-05-01T12:53:54Z,2024-05-01T12:53:54Z
UgwLdb2zjX6tko3a23F4AaABAg,@switzerland93,Lol 25:52 I just started rewatching from Switzerland 🤣 I love yall been following yall since yall started keep up doing great work guys,0,0,2024-05-09T11:27:29Z,2024-05-09T11:27:29Z
UgzqF47OEmKmxnNL6WB4AaABAg,@scooptoot,I can’t wait for the meet the grahams reaction!!,0,0,2024-05-04T19:47:08Z,2024-05-04T19:47:08Z
UgyHIbwuQPY6shkZDs94AaABAg,@SonOFaKing68,"I’m from Oakland and the respect dot gets throughout ca is crazy, drake could never",2,1,2025-01-19T21:57:40Z,2025-01-19T21:57:40Z
UgytjBj2_6GZUwTyISJ4AaABAg,@greedo7206,Ive been listening to this song non stop its insane,0,0,2024-05-04T00:48:13Z,2024-05-04T00:48:13Z
Ugxdvz8fJNKunNZ2oQp4AaABAg,@Jkho-bb8kh,His delivery sounds hard imo he sounds very inspired too y’all trippin,1,0,2024-05-03T09:07:11Z,2024-05-03T09:07:11Z
Ugy9w7lXaVXBCQ1dCBV4AaABAg,@lez0n,"Kendrick: You give them what they want but I give them what they NEED. 
Drake is wonderfully entertaining while Kendrick has lessons to teach.",3,0,2024-05-09T04:31:23Z,2024-05-09T04:31:23Z
UgzDC8ym3yAZIv1eKFV4AaABAg,@shawnshugart9458,That's teddy P my latest greatest inspiration,1,0,2024-08-01T01:27:07Z,2024-08-01T01:27:07Z
UgzwYQNfFaNVVKrXB554AaABAg,@Manaf-Omar1,"Yall are three tracks behinf. 6:16, family matters , meet the grahams. How are you this late in a legendary time like this.",1,0,2024-05-04T11:53:22Z,2024-05-04T11:53:22Z
UgwJ5ovPFTV7wOSzR7R4AaABAg,@dmvprimefootball8283,Benjamin was Michael Jackson’s pet mouse…saying there’s a rat in drakes camp,4,1,2025-11-18T02:27:35Z,2025-11-18T02:27:35Z
UgynOl5mqmAgXgZxlxd4AaABAg,@mrblue___,"Y’all funny as heck 😂😂😂 To be a fan of hip hop and not a STAN, this is the best moment in modern hip hop",0,0,2024-05-04T19:46:10Z,2024-05-04T19:46:10Z
Ugy3YLousq-Bvq8fjHR4AaABAg,@ThaSe-lm2tj,Guess ak is not the compromised one only... The glazing 😂😂,1,0,2024-08-15T02:17:49Z,2024-08-15T02:17:49Z
UgyV0KhO0FghWQU2K8h4AaABAg,@adamjones7014,"When I 1st started listening to this beef, I immediately thought ""Man, Lost in Vegas .. where  the heck are these guys at? This is prime real estate"" 😆 Happy to finally see you guys here!",0,0,2024-05-11T07:26:14Z,2024-05-11T07:26:14Z
UgwRlXesCzeynYFmsW54AaABAg,@PhilosophicalThumbs,Yall need a part 2,0,0,2024-05-03T06:00:22Z,2024-05-03T06:00:22Z
Ugy7Kazer7xBi_atsaN4AaABAg,@austinlong1063,The realest Chanel I there with scru,0,0,2024-05-07T17:22:18Z,2024-05-07T17:22:18Z
UgxXxkfrojmLK_GqOxh4AaABAg,@iamnotthebody,"We need a reaction on ""meet the grahams"". That's THE diss.",1,0,2024-05-04T07:39:18Z,2024-05-04T07:39:18Z
Ugz6yNHWWW3sZ2WgiyN4AaABAg,@mohalematsuma,Compromised!!,1,0,2024-06-03T17:11:15Z,2024-06-03T17:11:15Z
UgzzWJP1DbMoefByeJV4AaABAg,@YFGMBlogTv,"People rally like somebody talking about push ups and pants ripping and height size kdot killed him from flow , bars, cadence",2,0,2024-05-03T11:49:35Z,2024-05-03T11:49:35Z
UgxT4cFE7dhLSHG-EvN4AaABAg,@williamrich7897,Kendrick Killin drake...,2,0,2024-05-03T06:49:36Z,2024-05-03T06:49:36Z
UgwEV45TaM5BiA2vEqZ4AaABAg,@KandyRenee,I agree wholeheartedly with this review!! 🤍,0,0,2024-05-03T07:52:06Z,2024-05-03T07:52:06Z
Ugx8Ip_dxq5V2qkdFKZ4AaABAg,@highshelf,They dont know what's up 2 days later,4,0,2024-05-04T06:54:35Z,2024-05-04T06:54:35Z
UgzlOzyYTdIRvi2eb8F4AaABAg,@reemholden9645,"That's Teddy pendergrass. My latest, my greatest, inspiration instrumental brothers. 👑 Kendrick",1,0,2024-05-30T13:16:40Z,2024-05-30T13:16:40Z
UgwX3nJS11H1esAEewF4AaABAg,@TNunnery93,Michael Jackson had a pet mouse as a kid named “Ben” in their house,2,0,2025-10-15T17:38:02Z,2025-10-15T17:38:02Z
UgyQdF4Zu2J6Yg1pP6d4AaABAg,@ZendayaG,Ryan look but hurtttttt lmaooo like he jus got it up the poooopppoooo 😂😂😂😂,0,0,2024-05-13T19:33:54Z,2024-05-13T19:33:54Z
Ugxl5Pi5RhmEPeyPTOR4AaABAg,@rachelh11492,What are ya’ll smoking onnnnnnn?!?! 🤯 this gotta be one of the best tracks of this whole beef!,2,0,2024-05-05T06:21:35Z,2024-05-05T06:21:35Z
Ugyl6HLahCsijX6PT494AaABAg,@samueldavisdavisbossqc4172,"im at 13:47 and yall absolutely crazy , this is by far the best diss of the beef",3,1,2024-08-03T01:13:47Z,2024-08-03T01:13:47Z
UgxFd2qbkOKDtUaxyeN4AaABAg,@ChrisFajardo-e3e,"“whooping feat/feet” 
he’s slapping on features
terrance crawford during his fight with Earl Spence Jr was stepping on his opponents feet since they were fighting in opposing stances. ifykyk",0,0,2026-09-15T07:45:34Z,2026-09-15T07:46:14Z
Ugw4relK9b8RiqjmCCB4AaABAg,@GeForce1080,Les gooo,0,0,2024-05-13T02:01:58Z,2024-05-13T02:01:58Z
UgzmbXy49sYrxyzzvOt4AaABAg,@VitalioTanks,That's two winners. Both tracks FIRE !!!,0,0,2024-05-03T21:36:42Z,2024-05-03T21:36:42Z
Ugw565nfJIlCuuxF-Cd4AaABAg,@keithdaniel3927,"“I can double down on that line but SPARE you this time, random acts of kindness” like HONDA commercials",1,0,2024-06-03T03:47:56Z,2024-06-03T03:47:56Z
Ugw0slfQgoJARmTTbRx4AaABAg,@t-god2439,Kendrick just dropped another one like Dj Khalid,1,0,2024-05-04T04:29:06Z,2024-05-04T04:29:06Z
Ugz4UxZB1hOnUNC-FAd4AaABAg,@Zain327,"""Push Ups"" can't truly compete. KungFu Kenny chopped him up and ate him with chopsticks.

I feel like this view is like some people saying MG Kelly beat Em because the beat was more club friendly.",1,0,2024-05-03T17:49:07Z,2024-05-03T17:53:05Z
UgyUKQK0XTM2DEqk7RV4AaABAg,@hendersongalbreath1072,"The NBA Jam ""he's heating up!"" had me rollin'",0,0,2024-05-19T20:14:40Z,2024-05-19T20:14:40Z
Ugzvia5cLdRCXu1ZkDR4AaABAg,@filip9220,the intro song kinda fire ahhaha,1,0,2025-06-25T20:10:44Z,2025-06-25T20:10:44Z
UgxdsEKwzbZ_Rrz_shp4AaABAg,@jackknox5058,"the benjamin and a jackson bar references both joe jackson and joe biden, the benjamin being ben franklin in the white house",1,1,2025-03-11T03:18:38Z,2025-03-11T03:18:38Z
UgwZmvyxDL0JNcZwP3N4AaABAg,@johnthompson4965,I remember how many Kendrick riders was mad yall had a difference in opinion 😂😂😂,2,0,2026-05-21T18:40:18Z,2026-05-21T18:40:18Z
Ugzu3ww4o6TvCNwwmgt4AaABAg,@Invisibleman-r3l,Lost in Toronto lol,2,0,2025-04-10T01:27:37Z,2025-04-10T01:27:37Z
Ugy0FM1Qu5r08LwD8_54AaABAg,@JamesOnDeck,These guys are wild,0,0,2024-05-06T20:23:43Z,2024-05-06T20:23:43Z
Ugw-2XP1-n_206R96GJ4AaABAg,@405atelier,I need you guys to do the meet the grahams,1,0,2024-05-04T11:23:59Z,2024-05-04T11:23:59Z
UgzxlFoYkZAnQVIoeRJ4AaABAg,@aceospades7,Tbh it took me 2-3 listens to really get his flows and cadences. This shit tough! Y'all just gotta listen again,1,0,2024-05-03T18:10:29Z,2024-05-03T18:10:29Z
UgzNQpU-bpcBw8cW8Jt4AaABAg,@jasonhead4280,I love how most of the comments are sh*tting all of this half-assed reaction to a painstakingly well crafted diss track.,1,0,2024-05-04T04:04:06Z,2024-05-04T04:04:06Z
Ugz39fBKzhqdrOfGeGh4AaABAg,@danpic9835,React to Meet the Grahams. It’s over for Drake 😂,1,0,2024-05-04T07:03:41Z,2024-05-04T07:03:41Z
UgxQl6K4qCpK-r0-jRp4AaABAg,@Bing-a-ling,"Wow....never watched this entire video at the time but watching Ryan's summation now is actually hilarious 😂😂😂
What happened to that Drake landslide bro ??",0,0,2024-05-29T23:41:31Z,2024-05-29T23:41:31Z
UgyiJxhoYRm6llWbsUB4AaABAg,@Noahbettin360,Drake dropped a track and immediately Kendrick dropped meet the grahams,1,0,2024-05-04T05:38:59Z,2024-05-04T05:38:59Z
UgybXiPhtGuQywkYYEl4AaABAg,@unstoppabl3kxng,You guys are biased and it very funny 😂😂😂😂😂,3,0,2024-05-03T05:10:12Z,2024-05-03T05:10:12Z
UgxQRyY6JTGaocbe8l14AaABAg,@TheSecondMorrison,"The other part of this diss...First Person Shooter, someone mentioned 3 switches. He gave you 3 beats, 3 different deliveries. 

Kendrick put him in a BODY BAG!!!",2,0,2024-05-03T06:29:27Z,2024-05-03T06:29:27Z
UgyjQ9HO1D0xlRUsF854AaABAg,@liquidpza,"The number one thing that should matter about a diss track and overall beef is who is forced to limp away in the end. It's like a chess move, where it can be difficult to judge a single move without knowing the end result. That said, I've enjoyed everything that's come out from both of them. I think that it's pulled the best out of Drake, and I believe he delivered with Push Ups, but knowing now how this thing has played out, it's a little more difficult to get hyped about Drake's wins during this fun period in hip hop. I love head nodders and old school, but I think that above all, hip hop is about telling a story. For me, a diss track is about stripping someone down through well constructed storytelling and wordcraft, executed with skill and flow. Good beat and production is a nice bonus, and is the kind of thing that can elevate it to diss rushmore status. Hopefully some of that made sense, haha. Cheers to a good rap feud!",1,0,2024-05-11T10:34:37Z,2024-05-11T10:34:37Z
UgxcK8tfGtW73Qo0ULl4AaABAg,@t-god2439,Y’all got another reaction to do lol back to back,1,0,2024-05-03T19:37:07Z,2024-05-03T19:37:07Z
UgxgAputGOtGHgALUZ94AaABAg,@meshacklavaly9768,Kendrick delivers are literally tied to his lyrics why not give him props for that and he definitely won this one ngl,0,0,2024-05-04T08:24:37Z,2024-05-04T08:24:37Z
Ugyd8RwRnzOJiz_--9l4AaABAg,@Domz12,"Crodie is Canadian slang...KDOT is indirectly saying stop using Black American culture as a costume use your Canadian culture now. Be urself.

Also that the name of Drake's cat.😅",3,0,2024-05-03T12:10:41Z,2024-05-03T12:11:49Z
UgzDGbe-hZoDXWR5IsZ4AaABAg,@fathombsjsjsjsj,Kendrick is a BEAST 🔥,0,0,2024-07-17T19:58:30Z,2024-07-17T19:58:30Z
UgxNb05XYvFIF49JO9F4AaABAg,@dcashgotem1,Dang the only reaction channel that says Drake won 😮,3,1,2024-05-03T13:55:05Z,2024-05-03T13:55:05Z
UgyhG9VqLLCQ6_SYlhR4AaABAg,@melbrown2295,“Benjamin” is a reference to Michael Jackson’s pet mouse “Ben” that he secretly had as a child. MJ even recorded a well-known song about the pet as a child.,1,0,2024-05-13T16:23:09Z,2024-05-13T16:24:06Z
UgynL7JPwhtXzJmaRgF4AaABAg,@kingRoddHumble2398,Teddy Pendergrass sample  damn yall should know that 😂,1,0,2024-07-23T16:31:34Z,2024-07-23T16:31:34Z
UgyHLmRQRJzj7-kroGx4AaABAg,@kayancunningham993,Drake just dropped this is a must,1,0,2024-05-04T06:07:59Z,2024-05-04T06:07:59Z
UgzlM_K4fYa2A1n6fad4AaABAg,@Noahbettin360,New Kendrick diss meet the grahams !!!!!!,1,0,2024-05-04T05:38:33Z,2024-05-04T05:38:33Z
UgwdR11BlQNUSvkT29B4AaABAg,@salmaanabdalla9611,I agree with y’all. I don’t understand what all the hate is. About on all the comments. Definitely with y’all on thsi,1,0,2024-06-22T21:22:51Z,2024-06-22T21:22:51Z
Ugx1KJjHAPXd1MkdbEp4AaABAg,@kywill4468,The two goats he sees hugging on stage is jay and bey.,1,1,2024-05-04T19:53:05Z,2024-05-04T19:53:05Z
UgxwYf0Qzgg63fApTjd4AaABAg,@Dom_foolery,"I think the ""I can double down on that line but spare you this time, that's a random act of kindness"" is saying he could bring up the underage stuff but won't go any further",1,0,2024-05-04T17:03:06Z,2024-05-04T17:03:06Z
UgxmtHPRXbsODZSM5bV4AaABAg,@farazshaikh259,This is the only reaction page that said euphoria isn't good so that tells a lot about this reaction like even every drake fans who reacted to this was amazed by this track but these two are on some other shit,0,0,2024-07-12T20:59:41Z,2024-07-12T20:59:41Z
Ugz-wD6kMa4fFRb6mDl4AaABAg,@stormthomas1855,If the beats matter…. Than it’s a battle between the beat makers tf😂😂😂😂😂,2,0,2024-06-29T22:39:43Z,2024-06-29T22:39:43Z
UgwdDSHpQWXuvexSKJp4AaABAg,@metaphoriaofficial,Crazy how prophetic this ended up being,0,0,2025-02-19T12:37:02Z,2025-02-19T12:37:02Z
UgyJ8Eeq0VTXV5LkajF4AaABAg,@kagisomabele4936,People getting personal over others opinions by stating their opinions to subtract on others added opinions to make the view of opinions hold more weight than others who differ from their opinions.,1,0,2024-05-08T14:13:47Z,2024-05-08T14:13:47Z
UgzibJQPdDj40LsgmE94AaABAg,@MonteCarlo8813,Yeah y’all dropped the ball the whole beef 😂 i was rocking with y’all up until this idk anymore,0,0,2024-05-17T13:46:31Z,2024-05-17T13:46:31Z
UgzUJHxhK6sWeK3Bj9l4AaABAg,@TheChakraDJ,Benjamin is the song Michael Jackson made/ “Ben the two of us”,1,0,2024-05-04T10:04:05Z,2024-05-04T10:04:05Z
UgxlAWZaNSbUyggCpht4AaABAg,@stepsister8,"They speaking facts, it’s not only bout lyrics. It has to be pleasant to the ears.",0,0,2024-05-04T13:16:51Z,2024-05-04T13:16:51Z
Ugx0OZCTyN52he9PuId4AaABAg,@kiddchaos7626,WE NEED YALL,0,0,2024-05-04T04:42:29Z,2024-05-04T04:42:29Z
Ugw1mEhWug3sX4UQ_cZ4AaABAg,@jayc5756,"Yeah, I agree. Good jabs...on both sides. They both still dancing in the ring. Nobody wanna swing hard for whatever reason. Idk. 🤔",1,0,2024-05-03T05:24:12Z,2024-05-03T05:24:25Z
Ugzfs7V313CxTHfAcNN4AaABAg,@Sephirothz111,"Drakes beat was so basic standard Drake for the club shit! This beat is insame! He went on slowley like: ""Now we can talk"" and then BAM! The Beat is INSANE, original and epic!",2,0,2024-05-03T19:33:21Z,2024-05-03T19:33:21Z
Ugx9krda2qeIiOqjyzJ4AaABAg,@Edwin-oh4sl,Drake has never or is even capable of writing a verse this hard. Y’all giving Drake too much credit. There’s levels,3,0,2024-05-03T20:08:33Z,2024-05-03T20:08:33Z
Ugxowgg5kX6y-KJ0EIF4AaABAg,@x416xmusic,Jcole said he’s Benjamin button in his song. Drake says he’s Mike. So Kendrick said he got ben and Mike in his house like Joe jackson. Saying Drake and Cole are his sons.,2,0,2024-05-03T17:49:37Z,2024-05-03T17:49:37Z
UgxWMRzuxPG0ysR0dOV4AaABAg,@rollandshabangu8726,Kendrick’s delivery is dope… he’s emotional about it. He’s just dropping bars,0,0,2024-05-04T08:52:16Z,2024-05-04T08:52:16Z
Ugxvc7hBh_GhZBVfac14AaABAg,@OngaMampofu-k2t,You should do a reaction on the heart part 2 by Kendrick Lamar,1,0,2026-02-23T20:33:32Z,2026-02-23T20:33:32Z
UgxHZxn_ihrjPm_iLUJ4AaABAg,@jackbyrne6021,"Fan of Kendrick and Drake, fan of this channel, but they just have to own being biased on this one 😂 Ryan was spinning in his chair and doing ad-libs on Push Ups and reacted to this like Kendrick was going at his grandmother",2,0,2024-05-03T08:57:01Z,2024-05-03T08:57:01Z
UgxHdPTIIyZMVEqGzQl4AaABAg,@itzStoj,"""Back To Back,"" I like that record
I'ma get back to that, for the record",0,0,2024-05-03T14:31:08Z,2024-05-03T14:31:08Z
Ugwk01BVw8Xsd7kArB94AaABAg,@fredrickmwadime1003,Just like Ak' lost in Vegas are compromised!,0,0,2024-06-01T06:55:03Z,2024-06-01T06:55:03Z
UgxFQz8wdx79MaNkRBN4AaABAg,@Ajpic1993,"It’s about punchlines, rebuttals, flips, and delivery",1,0,2024-05-03T15:51:09Z,2024-05-03T15:51:09Z
Ugz0-yAhN5_AJhCQGZp4AaABAg,@911RAY,I'm waiting on yall to react...the only reactors that matter,0,0,2024-05-04T07:34:22Z,2024-05-04T07:34:22Z
UgwGzVlwQI0Gk81XBN14AaABAg,@lamontejh,Michael Jackson made a song called Ben about a rat,1,0,2024-06-02T02:05:22Z,2024-06-02T02:05:22Z
Ugx4tMZ4LjbLwNO5ypt4AaABAg,@Aquatofanablue,"Man, I was hoping for real commentary but you guys are glazing Drake. This is from a creator of music for musicians.",2,0,2025-09-15T22:37:00Z,2025-09-15T22:37:00Z
UgxZun51WPhgc3o39OB4AaABAg,@Miguel_9779,Get back to the lab!!! Kendrick just back to backed your boy 😂😂😂,1,0,2024-05-03T19:51:10Z,2024-05-03T19:51:10Z
UgwULD-_RAxl0ZUqQip4AaABAg,@NandoGigaba,y'all will be reacting back to back.,1,1,2024-05-04T05:34:11Z,2024-05-04T05:34:11Z
UgyXTPOgI46csofskQ94AaABAg,@Release-thehounds,Yall think these guys ever figured out the DMX thing or are they still lost in Vegas?,5,0,2025-01-21T05:44:54Z,2025-01-21T05:44:54Z
UgwZK8F7jiNWyDrwUxx4AaABAg,@richardlemon7376,These takes have aged so well 😂,1,0,2024-05-05T05:26:56Z,2024-05-05T05:26:56Z
Ugx5pjvY73bL-_nG8wl4AaABAg,@HB22ABC,"The ""It almost sounds childish"" really came back for the win 👨‍👧",0,0,2024-05-04T22:31:37Z,2024-05-04T22:37:10Z
UgyaGU66CEj_rPgoUxV4AaABAg,@YFGMBlogTv,I have listened to this way more the spins tell it all,0,0,2024-05-03T11:54:33Z,2024-05-03T11:54:33Z
UgwjUuKwLd5Hml5jiZx4AaABAg,@kea768,"“I know y’all gonna be emotional, everyone has their favourites…”  🤣 pot meet kettle…🤣 this was an emotional take",0,0,2024-05-23T21:27:17Z,2024-05-23T21:27:42Z
Ugy9aFcF6kGNMrqFzEF4AaABAg,@scamuelwashington,I don’t see how yall not catching the slick lines all through out the song ? 😂,2,0,2024-05-03T06:18:04Z,2024-05-03T06:18:04Z
UgzOMYsYGWbc1iftw7B4AaABAg,@michikosmith3262,Ben…. Michael Jackson’s pet mouse…. The song Ben.,1,0,2024-07-27T00:03:51Z,2024-07-27T00:06:18Z
Ugxx1tjfDZildMo8H6x4AaABAg,@_Made_In_China_01,Yap central,1,0,2024-05-03T14:36:17Z,2024-05-03T14:36:17Z
UgxXHZj4Vpn9xIEG1rt4AaABAg,@_Corton1cz,Just cause they don’t agree with y’all..don’t mean they’re being biased lol. They got the right take here in my opinion.,1,0,2024-05-04T03:36:07Z,2024-05-04T03:36:07Z
UgxGFwyRKQV-JvRfo3F4AaABAg,@d-youtube7253,"When dissecting Kendrick's 'Benjamin’s in my house’ bars it's like unraveling lyrics woven with hidden meanings, revealing artistry. As Kendrick himself implied, this diss to Drake is for those who fail the understand the hip-hop art and lyricism.

Kendrick integrates themes of art, money, and the stigma of snitching (He refers to Gunner’s situation about snitching on Young Thug on the rico case and that he believes Drake has done worse than Gunner)

Kendrick also continues  affirming his own stature as the GOAT “MJ”  (a title Drake claimed in ""First Shooter"")—a quadruple entendre, despite Drake's jest about his lyrical prowess.

With a reference to MJ‘S song 'Ben,' by “Artist” Michael Jackson Kendrick artistically associates Drake with both snitching and being a rat, and asserting himself with Art and his supremacy akin to Michael Jackson in the music realm. It's the play on words, where 'Ben' symbolizes the pet rat and Benjamin Franklin, whose likeness compares the face of the hundred-dollar bill, representing wealth.

In this lyrical showdown, Kendrick unquestionably destroys Drake, showcasing his musical genius and elevating his artistry to unmatched heights.


* Edited for context aimed at those who don’t actually understand the art of lyricism*",1,0,2024-05-04T15:29:43Z,2024-05-04T16:09:48Z
UgwvaDUTnGAFibxPznt4AaABAg,@RisingAboveThis,"Whoopin feet is beating someone so bad they leave their shoes type shit. That’s how I’ve always heard it. Which makes sense because Crawford is a badass boxer. Undefeated type shit- 40-0. Man has 80% of his wins by knockout. 

My bro told me this other part, and I’d like to not believe it, but whoopin feet was originated from whooping the feet of slaves to make them able to walk through fields easier. Essentially saying he’s the master and Drake is gonna take these beatings so he works harder. Which kinda ties into the Crawford part saying he’s gonna kick his ass every time with these line for lines.",1,0,2024-05-04T08:58:20Z,2024-05-04T08:58:20Z
Ugy8CpA2370eYfwOfi54AaABAg,@cloutclaudiuscharles2597,Might have to unsubscribe after this reaction 😂 Daaaamn homie,3,0,2024-05-03T12:11:55Z,2024-05-03T12:11:55Z
UgzY2gnD39YPQIA4LBB4AaABAg,@damianpokora7148,Ryan my guy the lighting making yo head look green,0,0,2024-09-18T20:16:50Z,2024-09-18T20:16:50Z
UgwdxSb-sAadqj7v6nt4AaABAg,@BoozerBadAzz232,Benjamin was Mike pet rat. From the movie the Jackson,0,0,2024-09-20T06:27:58Z,2024-09-20T06:27:58Z
Ugzf_OhgSvxlv2sEqcp4AaABAg,@TheColtonStreeter,"Whooping feet is actually old school slang, not new school",3,0,2024-05-07T15:09:23Z,2024-05-07T15:09:23Z
Ugzhw7Aj4YrMlm4_tH14AaABAg,@lez0n,"Hey guys, think of his approach as seasoning and he is doing the prog rock version of rap. It’s not about whether we like it or not. It’s about asking why might he be doing that. It’s intentional communication or choice.",1,0,2024-05-09T04:35:28Z,2024-05-09T04:35:28Z
UgxRU60OiJoECvvHFxh4AaABAg,@mattl7424,Kendrick just said “Drake is hiding another child” 😂😂😂 Drake = L,5,0,2024-05-04T04:19:54Z,2024-05-04T04:19:54Z
Ugx8-BOq1vL4wbPR5it4AaABAg,@DmarkHinson,“Got a Benjamin & a Jackson all in my house like I’m Joe okay” he means money right here,0,0,2024-06-18T15:33:56Z,2024-06-18T15:33:56Z
UgwChbCXY2DIUJ2nM1Z4AaABAg,@mlindosroom,I'm so glad that this shit is 56min.. that's what it means!,0,0,2024-05-16T13:31:36Z,2024-05-16T13:31:36Z
Ugw58T-FOhTULZRyR7V4AaABAg,@Mike-ow5rh,Now I understand why I didn’t watch their reaction 😂,1,0,2024-05-17T07:54:04Z,2024-05-17T07:54:04Z
UgxtIX0dSXGkYkBkxet4AaABAg,@jayc5756,"Same. I do both Drake disses vs this....and I got Drake edging it too. But yeah, Pushups vs Euphoria, I give the edge to Kendrick.",1,0,2024-05-03T05:33:44Z,2024-05-03T05:33:44Z
Ugzo5VhoETZgAFJd1kd4AaABAg,@didisg,"Every 🤜 line reaction: ""okay"" 😐",0,0,2024-06-03T17:35:30Z,2024-06-03T17:35:30Z
Ugyxwx76YRWLjbrObtx4AaABAg,@lenorashepard1067,You so bias you appear to resent greatness 😅😅😅😅,3,0,2025-06-25T22:33:44Z,2025-06-25T22:33:44Z
UgxHlV7KzGKQyzk5oDx4AaABAg,@lylebooysen8706,"I came back to this a year later, and you know what, I'm happy this didn't sit well with you guys. It seems you are so tied up in the 'Old School' way of doing things, that you forget we live in modern times. This REACHED the audience it needed to reach, but unfortunately would never reach the mindsets you have. It's cool though. Not everyone likes to move on",2,0,2025-05-08T07:00:05Z,2025-05-08T07:00:38Z
UgyIpwBX2VuBxeBYHsR4AaABAg,@xeonschosenone,Benjamin as in Ben the mouse that the Jackson 5 sung about???,1,0,2024-05-06T18:22:24Z,2024-05-06T18:22:24Z
Ugy5ovOQ_xzZBKrfUvx4AaABAg,@FancifulSKey4468,Yo proklaim - permission sounded good,0,0,2024-05-05T15:51:15Z,2024-05-05T15:51:15Z
UgxHSPse2yTCKT3e2Ed4AaABAg,@MissCarolJWatson,Just wait….he warmin up!!!,0,0,2024-05-13T02:57:11Z,2024-05-13T02:57:11Z
UgzQaoSvQeCk4hxLW-F4AaABAg,@bezy-rx5pj,As a kid and Michael Jackson had a pet mouse named Benjamin,1,0,2024-05-03T17:26:19Z,2024-05-03T17:26:19Z
Ugwc4H6rxkJAmx7m0Rp4AaABAg,@Lrdrg3107,"Yeah, it flew right over yall heads this time. Still love the channel tho.",1,0,2024-05-03T18:32:11Z,2024-05-03T18:32:11Z
UgxLD0iW3wI51NJKDSh4AaABAg,@Intercitypolitics,Mike Jackson had a song called Ben so i got a Benjamin and a Jackson all in my house like im joe ok,1,0,2024-08-17T03:12:56Z,2024-08-17T03:12:56Z
Ugx7_jT-QP9vwOAUVf14AaABAg,@Gucciky504,Love the reaction. Comments filled with people who already don’t like drake. So whatever Kendrick says will get their love,0,0,2024-05-03T14:55:55Z,2024-05-03T14:55:55Z
Ugy7_NMl2kJl3MugfrF4AaABAg,@lupeezyy,"I've been a sub for a while, but this isn't the kind of record you can fully unpack on a first time listen like y'all normally try to do. 
So I just finished What's the Dirt's breakdown of this track. It is DENSE. Way denser than I thought on first listen.
This is a dossier, a scathing, rich, layered rehash of some things that have been brought up, true. But kdot starts framing a narrative and sets up traps for Drake played out in later tracks, it's kind of ingenious. 
While I'm sure most of us subs appreciated the quick turn on this video, can't help but feel like y'all set yourself up to miss a lot of stuff. I can't necessarily blame y'all, it's like trying to understand any dense topic like the Bible, philosophy, or physics on a first pass. You just gotta give it the time of day.",0,0,2024-07-11T09:14:43Z,2024-07-11T09:14:43Z
UgyeC03Ft-TlOOHOotp4AaABAg,@Smokenvibe92,That’s teddy pendergrass btw,1,0,2024-05-03T05:59:18Z,2024-05-03T05:59:18Z
UgzYBJi2aZ7ii5qI3Z94AaABAg,@sphsfootball29,"I know it’s late, but dance and waving my hands is a reference to minstrel shows.",0,0,2026-05-04T07:29:26Z,2026-05-04T07:29:26Z
UgzCguC0cljRSoBpCyx4AaABAg,@wholelottateo,They say they’re Switzerland with this but when Kendrick says Drake has no classics dude on the right is like “hmmmmm I don’t know about that” but in the J Cole 7 min drill vid when Cole downplays Kendrick’s albums they just laugh and agree. They’re clearly against Kendrick,3,0,2024-05-16T00:59:17Z,2024-05-16T00:59:17Z
UgzBQG_Q101rHSR8tDl4AaABAg,@worknotworking,Y'all. Don't. Miss.,0,0,2024-05-03T14:39:22Z,2024-05-03T14:39:22Z
UgyIr85G-8tcIzkWYPh4AaABAg,@HipHop-vg7cd,"Boy, y'all give Drake GHOSTWRITERS A LOT OF CREDIT😂 MANNNN, I CANNOT wait to watch the next KDOT responses now 😂😂😂 The cease and desist and ghostwriter lines and culture vulture stuff was enough to win this round FR. Never took Drake serious bc I always knew everything about him was fake and he shouldn't even be mentioned in the top 5 pen game talk. Never liked him, never will 🤷🏻‍♀️ I love the 3 switches and the creativity in this one bc it got me hype 💯🔥 Records are way different than battles too hence why I appreciate Kendrick 100 times more in this one bc he's DANGEROUS!!!",0,0,2024-06-01T22:58:29Z,2024-06-01T22:58:29Z
Ugxw0U_LoT9MZ0zKxfV4AaABAg,@imjuniorpa,"Kdot got bars, the way he delivers is... let's say it's okay",1,0,2024-05-04T03:33:56Z,2024-05-04T03:33:56Z
UgwWu69mb1_MpM82SX14AaABAg,@mikeoley13,"Coming back to this a month later, it’s insane these 2 didn’t like this track. This is straight fire. The DMX callback is so awesome.",0,0,2024-05-18T01:55:50Z,2024-05-18T01:55:50Z
UgwIdKO_lP4y2rgpWGh4AaABAg,@blacktee70,MIND BLOWN: Ben was name of Micheal Jackson’s pet mouse. “ I have a Ben and a Jackson in my house” 🤯,1,0,2024-05-04T03:10:38Z,2024-05-04T03:10:38Z
UgwwDorjpJV5mz0wh_J4AaABAg,@retrac3147,Y’all know what to react to next 😭😭😭 rip drake,0,0,2024-05-04T07:35:07Z,2024-05-04T07:35:07Z
Ugx7qDunx4h7eTRdlMV4AaABAg,@KiKi519_,"“What did he say that was really hurting him?” The whole song, wtf…..",0,0,2024-06-01T13:08:47Z,2024-06-01T13:08:47Z
UgzQc08rs5--uzsm_m14AaABAg,@headhuncho9,Ngl it’s crazy how much y’all rode the family matters but let every bar in this one go over your head,1,0,2024-05-20T16:05:28Z,2024-05-20T16:05:28Z
UgzURY36eE5tg3qSbix4AaABAg,@kudakwashegwashavanhu6725,"Fine wine? Nope, fresh milk... I can't wait to see how this ages.",0,0,2024-05-03T22:40:39Z,2024-05-03T22:40:39Z
UgyTWov3RiYL_xivebd4AaABAg,@damion_100,A 56 minute breakdown of a 6 minute song is crazzzzy. 😂😂😂😂😂😂,0,0,2024-05-20T15:25:56Z,2024-05-20T15:25:56Z
UgznANC0ozUOeE4JRaF4AaABAg,@Suavv-A,little did we know what that back to back bar was about😭,0,0,2025-02-21T23:12:41Z,2025-02-21T23:12:41Z
UgzTO2x9h2fz5IiFM354AaABAg,@Upgushig-ms8ix,Lol you guys were on OVO payroll,2,0,2024-05-03T18:40:43Z,2024-05-03T18:40:43Z
UgyvelQ3BulCt_4vMCd4AaABAg,@DavidSpreadmySheetsLombardi,So many things went over Ryan’s head it’s funny😂. He just doesn’t know hip hop.,3,0,2024-05-03T11:25:30Z,2024-05-03T11:25:30Z
UgzW1sLZiK6s82OF1Dl4AaABAg,@Mew_Market,Got his abs done from some machine called V12. Kendrick says V12 vroom vroom after. lmao so clever,0,0,2024-05-03T21:52:41Z,2024-05-03T21:52:41Z
Ugxg3Zpz0J79TBrC-MN4AaABAg,@thriftremix6183,"The intro is Teddy P, My greatest inspiration. One of my favorite songs",0,0,2024-05-03T11:56:00Z,2024-05-03T11:56:00Z
Ugw0ud-IKU6GYCXRDdt4AaABAg,@Jacob-MHR,I know drake fans when I see them 😂😂😂,2,0,2025-07-09T22:31:39Z,2025-07-09T22:31:39Z
Ugy18UDqzFKA7v1xY694AaABAg,@khayelihlenyawose1615,"It took me too long to get that ""instead of pushing P I wanna see you Pusha T"" 😂😂",0,0,2024-05-03T07:17:01Z,2024-05-03T07:17:01Z
UgyCqfhO6vGlhGx-c1V4AaABAg,@lil_unknown123,This reaction cost me 2 brain cell. 😂,2,0,2024-07-03T18:48:13Z,2024-07-03T18:48:13Z
UgwaPlJL-XIYzKMfut94AaABAg,@RisingAboveThis,"Euphoria was great. Meet the Grahams is many responses and a very narrative delivery…By far the best of the series of about 8 songs of the series (7 if you exclude First Person Shooter and include them from Like That (Like That, Push Ups, Euphoria, Taylor Made Freestyle, 6:16 in LA, Family Matters, Meet the Grahams)",0,0,2024-05-04T09:29:47Z,2024-05-04T09:29:47Z
UgxnbzsaHAxqmWxzK8h4AaABAg,@cashbyrd781,benjamin was michaels pet rat lol but it was a flip saying he got benjamins and jacksons all in his house meaning money,1,0,2024-05-03T19:18:04Z,2024-05-03T19:18:28Z
UgxRyTzCU5I04qtjcKB4AaABAg,@quilosunflower,All the comments mad that they have their OWN opinions is wild!!!! 😂😂😂😂,2,0,2024-05-05T02:22:29Z,2024-05-05T02:22:29Z
UgzPOTkzvjmW-Vl6oB94AaABAg,@hulkamaanio,flow is most important then comes lyrics and then beat,0,0,2024-08-02T16:12:12Z,2024-08-02T16:12:12Z
Ugw6doeuH54zJ9FOODp4AaABAg,@oaklandboi,Yea I hope y’all listened to the track again,0,0,2024-05-03T21:49:11Z,2024-05-03T21:49:11Z
UgwzIyZYWC8c8xE_6u54AaABAg,@eyeghelemebright6938,"After all they broke down and gave their perspective with fair criticisms ..these comments are crazy..😂, this was a dope reaction 👌",0,1,2024-05-10T16:59:30Z,2024-05-10T16:59:30Z
UgzwrCLKXk3x8VTCbh94AaABAg,@goreyfantod5213,"18:30 ""Ben, the two of us need look no more. We both found what we were looking for.""

From, ""Ben,"" the song & major motion picture about Michael Jackson's friendship with his pet rat. 

Oh, and Joe Biden too, I s'pose. Which would make it a triple entendre with multiple layers of meaning in the Joe Jackson reference.",0,0,2024-06-04T01:29:30Z,2024-06-04T01:29:30Z
UgwwdyAyYZ4CJxqrhA14AaABAg,@HarrisPilton789,It’s Teddy Pendergrass.,1,0,2024-12-15T03:18:49Z,2024-12-15T03:18:49Z
UgxpNqySMcodGd-SvAF4AaABAg,@Somethingrandomlymadeup,They just like pop music,0,0,2024-05-03T22:20:57Z,2024-05-03T22:20:57Z
UgyBG1BumpjUQ24-s6R4AaABAg,@kamootifrank7905,PROKLAIM,0,0,2024-05-03T18:52:58Z,2024-05-03T18:52:58Z
UgwQZCC2j32b9s2VZwB4AaABAg,@jamierogers7289,Or whooping features,1,0,2024-08-29T01:44:53Z,2024-08-29T01:44:53Z
UgwEDwZQahVjf9LOMJJ4AaABAg,@benscanIan,Ryan was rly on the wrong side of history with this one lol,3,0,2024-05-04T06:05:22Z,2024-05-04T06:05:22Z
UgxwonoWokIqLsPNR7d4AaABAg,@eriedmann,"Fellas.....you misses that Haley Joel Osmand's most famous line in Sixth Sense was ""I see dead people""....and the entire movie, Osmand was talking to a dead man. Whenever Osmand is near a dead person, he gets cold...Dot literally
shivered when he warned them to keep it civil.",0,0,2024-05-03T07:49:55Z,2024-05-03T07:59:34Z
Ugx0o4vOOlfPMFtett94AaABAg,@brittolegito,All the Kendrick glazers in here 😂,0,0,2024-05-03T15:52:48Z,2024-05-03T15:52:48Z
UgwJW93eLSmN7OYHsll4AaABAg,@checkle1,"dang, the reaction here explains why ya'll didn't upload the next track",0,0,2024-05-25T03:41:27Z,2024-05-25T03:41:27Z
Ugy34jK5xTRkNGT3msB4AaABAg,@spiriitualminded,DRAKE IS WINNING 🙏👊‼️,2,0,2024-05-11T19:29:46Z,2024-05-11T19:29:46Z
Ugw4KB9kt07ZH5lmb8t4AaABAg,@kasinovaXO,"Kendrick was referencing DMX when he says I hate the way that you walk way that you talk, etc.",0,0,2024-05-13T13:43:57Z,2024-05-13T13:43:57Z
UgyYwhCyJTGL0sqS5NN4AaABAg,@purpsmkr7,Ben was the pet rat remember the song ben.,0,0,2024-06-02T21:06:49Z,2024-06-02T21:06:49Z
Ugz3KGahN5uHcNKTirV4AaABAg,@DesireeNewton,"18:54  Ben, Michael Jackson's song about a mouse or a rat....
You know it,🎶 'you and i must make a pact🎶.... '",0,0,2024-05-04T03:26:59Z,2024-05-04T03:29:56Z
Ugzuek9vsuST1zt8PWd4AaABAg,@charlezw,I actually disagree the deliver for this is gold to me,1,0,2024-05-23T01:31:59Z,2024-05-23T01:31:59Z
UgzFneKM-yq3o8pqtHR4AaABAg,@RoyalNatangwe,"LytPack went over many people head, that line fire.....still mind blowing to know Daylyt wrote back2back",0,0,2024-05-04T17:07:44Z,2024-05-04T17:07:44Z
UgyOCIo4bUGO1WQoeTx4AaABAg,@estrellosadel03,"Damn, y’all rly abt the beats not the bars. This is hip hop",3,0,2024-05-03T21:27:30Z,2024-05-03T21:27:30Z
UgzoPf3uzYHoxuFfvwF4AaABAg,@BrothaDSoulRadio,That intro beat is from Teddy P...my latest greatest inspiration,0,0,2024-06-12T21:11:02Z,2024-06-12T21:11:02Z
UgxCFhy2wXG87xPFVk94AaABAg,@Catch-22b,This reaction wasn’t even in the strike zone.,0,0,2024-06-04T20:40:15Z,2024-06-04T20:40:15Z
UgzFvf73S52cI1IKjVF4AaABAg,@marlonkeesee8238,This is over the two grandpa heads 😂😂😂,1,0,2025-01-06T19:55:18Z,2025-01-06T19:55:18Z
UgymLe4n0dC4nKrL9iR4AaABAg,@T.SCarWashDetailService,"How it don't feel like a diss , was we hearing the same song .?",2,0,2026-03-23T18:42:15Z,2026-03-23T18:42:15Z
UgwAWmF2xvpu03vfAL54AaABAg,@AdamBCane,Kendrick killed this shit,0,0,2024-05-03T20:12:13Z,2024-05-03T20:12:13Z
UgzJvBdY-LdBRmmfZhx4AaABAg,@FeedWillyStyle,"Something that I learned today is that 4/30 is a minor holiday called National Honesty Day.  Euphoria dropped on 4/30/24…It’d be funny as hell if the 17 days between Drake’s disses and this is because Kendrick wanted to drop a song where he calls Drake a liar, and says if Drake’s gonna lie about him then he’s gonna spit truth about Drake, on a holiday celebrating honesty.",0,0,2026-01-06T05:36:22Z,2026-01-06T05:39:44Z
UgwNy56YHUe7Ll68omN4AaABAg,@The-Real-Why,"You misunderstood/downplayed the bars about Drake's son. Kendrick was ultimately saying that the life Drake is living, the example he is setting and what he exposes his son to isn't that of an upstanding father (morally). Meanwhile, Kendrick isn't outside like Drake chasing young women etc, he's actually focusing on raising his son properly...",2,0,2024-05-03T11:37:47Z,2024-05-03T11:37:47Z
Ugxq6qm4iElCL2JRUS14AaABAg,@metaphoriaofficial,39:00 wow great breakdown,0,0,2025-02-19T13:22:59Z,2025-02-19T13:22:59Z
UgzsH0s0T7KIPyap1xV4AaABAg,@123reletive123,That’s the OG Teddy P,0,0,2024-05-04T11:53:43Z,2024-05-04T11:53:43Z
UgwXgaQX1XP7qShu_bN4AaABAg,@SutterKain1,The intro promo song is nice😅,0,0,2026-02-14T13:40:19Z,2026-02-14T13:40:37Z
UgyoCCrzNIWRU740oOJ4AaABAg,@ariw9405,“His voice is tolerable” and Drakes is soothing right? What do y’all listen to?,1,0,2025-09-07T02:06:04Z,2025-09-07T02:06:04Z
UgzmH5Su0eLlipszNYR4AaABAg,@deityedits32,The bald wii character definitely has a bias towards drake,1,0,2024-05-07T20:55:51Z,2024-05-07T20:55:51Z
Ugyhma_VJ7LCnvsaUEZ4AaABAg,@yungseer8786,Benjamin was the mouse Mike had hidden I believe in the American Dream movie,0,0,2026-05-23T14:00:15Z,2026-05-23T14:00:15Z
Ugzhzb0V56AiEeTZ80R4AaABAg,@LittleOrbit42,“I’m Switzerland” 🧢👒🎩🎓🪖⛑️,0,0,2024-05-04T21:39:22Z,2024-05-04T21:39:22Z
UgxZQcWhSnCWOrWp6d14AaABAg,@kennyhardcore2755,Would love to see you guys on Drink Champs,0,0,2025-03-08T12:52:53Z,2025-03-08T12:52:53Z
UgxfG-oU9ts_p5RakpF4AaABAg,@mickeythebomber,"""A land slide wash""",0,0,2024-09-02T19:52:59Z,2024-09-02T19:52:59Z
UgzU5O4-9y6K9axF19t4AaABAg,@bangdkps,euphoria destroys pushups,1,1,2024-05-03T23:35:48Z,2024-05-03T23:35:48Z
UgynYbmkY4I-HHaLXyl4AaABAg,@rollin60z,BEAT FLOW AND BARS!! Top 3 things that matter inna diss,0,0,2024-05-05T12:06:38Z,2024-05-05T12:06:38Z
Ugwo1Y9dHsmuc3pPtAB4AaABAg,@hilal1767,Re listen to it. Get's better every time,0,0,2024-05-04T09:55:31Z,2024-05-04T09:55:31Z
Ugz8OK-P4R2ukkAuS894AaABAg,@GVOS24,"So I know it’s years later, but when he says “got a Benjamin and a Jackson in my house, like I’m Joe ok” Ben was the name of the rat Michael sang about. Maybe it’s that??",1,1,2026-04-06T13:29:36Z,2026-04-06T13:29:36Z
UgzSrU83BJiLbidwvi54AaABAg,@hippiexjipson,"I would love to see you react to a band called Sleep Token, people compare the technical talent of theirs to Tool, any song is react worthy! Keep up the great content!",0,0,2024-05-03T21:21:26Z,2024-05-03T21:21:26Z
Ugwhh3IPOKzjuwz04lV4AaABAg,@laguyza,“Benjamin and Jackson in my house like I’m Joe” refers to Joe Biden lives in the White House with and portrait on Andrew Jackson and Benjamin Franklin in the house.,0,0,2024-06-06T14:52:48Z,2024-06-06T14:52:48Z
UgxLdMzsnkGSWg7t_Yd4AaABAg,@skootahandle4816,Yall are reaching so hard in this chat it’s insane,0,0,2025-02-20T05:21:17Z,2025-02-20T05:21:17Z
UgzfQ-B5HPx_a6odQnR4AaABAg,@indie__93,They bob they head like yt ppl,0,0,2024-07-10T22:27:07Z,2024-07-10T22:27:07Z
UgxCftovvF2k5GsPmzh4AaABAg,@kylejantjiesauthor,Kendrick literally said EVERYTHING that Drake predicted he would say in Taylor Made Freestyle,2,2,2024-06-25T18:55:22Z,2024-06-25T18:55:22Z
UgzPkc1AED7ggFwP5fx4AaABAg,@dlt2k7,36:15 Pusha T got the line from Ludacris originally,0,0,2024-07-01T05:58:57Z,2024-07-01T05:58:57Z
UgxHD9_TfG1FfxI0ub14AaABAg,@Blanchskotsu,"benjamin refers to the michael jackson song Ben, where he sings about a rat.",0,2,2024-06-09T19:03:12Z,2024-06-09T19:03:12Z
UgzFLamlZKkFQ45vMFd4AaABAg,@SPREET5454,"""I edge Drake""
Yeah i bet yall doo 😂",1,0,2024-05-05T18:28:16Z,2024-05-05T18:28:16Z
UgxRB7_BkcaQ-q76B7J4AaABAg,@coffeechgo,could be about feet as in feature or since he's from LA it could be whooping azz too.    He's a lyrical genius.,0,0,2024-05-10T23:53:04Z,2024-05-10T23:54:46Z
UgzyFyRLlbj-NjDaMc94AaABAg,@ballingbean,"The part they missed about the ""i hate the way that you...."" Is that it's a call put to dmx interview when he said that shit about drake",0,0,2024-05-04T02:35:04Z,2024-05-04T02:35:04Z
Ugwke3WEnJvjcheXThp4AaABAg,@MrBean617,"The sample is from a Teddy Pendergrass song, “My Latest And Greatest Inspiration”…",0,0,2024-05-04T22:44:34Z,2024-05-04T22:44:34Z
Ugyk0T48tdOEgYqiQCV4AaABAg,@Kariraa,Love you guys but man you all missed so much that the reasoning/critique just ended up sounding like a Drake gawk gawk session...but hey the decision is clearly made,4,0,2024-05-03T09:04:30Z,2024-05-03T09:04:30Z
UgyZm5BwweYS6RffKRF4AaABAg,@Dr.PatrickThomas,MJ had a pet rat name Ben,1,0,2024-05-04T00:29:12Z,2024-05-04T00:29:12Z
UgzDnJm2nas9R9vrEB14AaABAg,@mkey_2545,"""Like that"" won't leave the top for a while cause that's where the beef started",0,0,2024-05-05T21:24:52Z,2024-05-05T21:24:52Z
UgzN3L_7CywAjRvDscd4AaABAg,@TroneZoneFishing,"""Ben"" is referencing the mouse that Mike Jackson had as a friend. Hence the song ""ben"" in the movie.",0,0,2024-05-03T04:40:04Z,2024-05-03T04:40:04Z
UgwrRb8by7hJ1BuNG1B4AaABAg,@legendtv495,"Been following yall for a while and it’s so evident yall gon hold Drake down, even if he’s getting his ass handed to him by Kendrick. 😂",1,0,2024-05-04T18:10:59Z,2024-05-04T18:10:59Z
UgyCWOaJy7z0LZCB3Y54AaABAg,@richProphet1,I really wanted j cole and Kendrick album but there you go,0,0,2026-05-25T21:15:34Z,2026-05-25T21:15:34Z
UgxnFe1GX5fbSD-TjaZ4AaABAg,@eugenea7886,"Listening to the music both these guys make, i don't even think this is a fair battle.  One of them is a pulitzer winner ffs.    There are levels to this artistry",1,0,2024-05-03T08:00:27Z,2024-05-03T08:00:27Z
Ugwjy-V48P4GIPruH-V4AaABAg,@brandonpierce2928,The whole olsteen bar was 🔥. Then at the beginning of not like us the I see dead people at the start is just clever,0,1,2025-02-16T14:02:18Z,2025-02-16T14:02:18Z
Ugyl4jVD0Dc3XQbE27d4AaABAg,@SobiMatsubukanye-js9rh,Please react to drake lawsuit 🤣🤣🤦🏾‍♂️🤷🏾‍♂️,3,0,2025-08-15T07:12:19Z,2025-08-15T07:12:19Z
Ugx5LlyAbkNv2jSon2J4AaABAg,@Phantom93_gaming,Birdman was signed to Universal,0,0,2024-05-14T04:55:45Z,2024-05-14T04:55:45Z
UgzAGJhzz1rwFeOzvV94AaABAg,@kevinulloa6540,Must’ve been hard for these two to put that poker face on knowing they mans was getting deep fried. You can tell when these dudes were trying to downplay certain bars,5,5,2025-01-29T07:55:25Z,2025-01-29T07:55:25Z
Ugyg7kVxs8Of0cDaRfd4AaABAg,@shadowmane979,I believe Benjamin is the reference to Ben the mouse that mj made friends with,0,0,2024-08-04T05:56:58Z,2024-08-04T05:56:58Z
UgzCEKJoO21QHmyIpM94AaABAg,@doozerman88,2 years later and yeah yall don’t get dot and that’s ok,1,0,2026-06-08T13:23:45Z,2026-06-08T13:23:45Z
UgwZS1kf6ZDtJSvQEet4AaABAg,@bengailo7835,"i still like the video even if u thought drake won, great work put in, no matter what side u on, this reaction is one of the better",0,0,2024-05-24T09:21:51Z,2024-05-24T09:21:51Z
UgxoK-8_2v8-XbsLlsN4AaABAg,@jessicameneses3766,Bodyguard like Whitney was a reference to Whitney Houston movie bodyguard,0,0,2025-04-24T15:18:40Z,2025-04-24T15:18:40Z
Ugxeb1bIL73C7e_dWkZ4AaABAg,@mikejoe9121,Know your music,0,0,2024-05-04T12:59:12Z,2024-05-04T12:59:12Z
UgyyW-D3hZTxToUIwXx4AaABAg,@seasonedsofisticate1901,It’s from Teddy Pendergrass….’Greatest Inspiration’ I think is the name of the song at the beginning.,0,0,2024-05-06T15:06:43Z,2024-05-06T15:06:43Z
Ugycf85zzyf9jLUNZvN4AaABAg,@Josh-m4j,"Flow matters in a diss track, but there needs to be a distinction between ""grandma who don't know how to rap"" and ""this flow isn't my preference"".",1,0,2025-03-16T05:26:09Z,2025-03-16T05:26:09Z
UgwUfsmFSbieYJAItXh4AaABAg,@jasperlbrimagejr4954,Ben was also Micheal Jackson pet mouse and of course Joe Jackson the father,0,0,2024-06-05T21:20:58Z,2024-06-05T21:20:58Z
Ugx669CZTqaO5Bh0LR54AaABAg,@hcdova-9y,Can’t finish this fully. Lost frfr,1,0,2024-08-04T03:15:56Z,2024-08-04T03:15:56Z
UgxcJhoB0tjRm8v6-t54AaABAg,@avemartin8186,"DRAKE - FAMILY MATTERS

Y’all need to take vacation from work until this beef gets settled. The Lost in Vegas fans are blowing up your dms over this😁😁",1,0,2024-05-04T04:34:24Z,2024-05-04T04:34:24Z
Ugzj_knrqeixWy_flw54AaABAg,@Icsis718,Drake still spiraling😂😂😂,1,0,2024-12-18T23:34:57Z,2024-12-18T23:34:57Z
UgxfUhwRe5nA_k8O-BN4AaABAg,@EddieNightTV,We are seeing Either Vs Takeover again in real time lol. I think there will always be that type of divide in these situations,0,0,2024-05-04T00:08:12Z,2024-05-04T00:08:12Z
UgxXCCsaeLN7WMmfN594AaABAg,@itstime3171,"come on george and ryan kdot 2nd diss and drakes new diss out!
where the reaction at! haha",1,1,2024-05-04T04:21:43Z,2024-05-04T04:21:43Z
UgwjU6fXSYc9-oBuNmJ4AaABAg,@johnthompson4965,I’m glad throughout all the hate yall remained unbias,1,0,2026-05-21T19:21:39Z,2026-05-21T19:21:39Z
UgzLu6RNUsYzmHZmb6J4AaABAg,@LaRONJEREMY23,"Joel Osteen is a preacher, not the kid from A.I./6th Sense. Joel Osment was who he meant. So much for one of the hardest punchlines in a 6 min diss 😅",0,0,2024-08-01T00:03:23Z,2024-08-01T00:03:23Z
UgxPKUXZjMEz3AwAXR54AaABAg,@chanelsymonne,“i stole a candy bar at the store when i was 8” 😂,0,0,2024-08-10T15:09:04Z,2024-08-10T15:09:04Z
Ugw2xVM4BJlGGGo4Ub54AaABAg,@chrisking7729,Ovo D riders,1,0,2024-06-27T02:33:02Z,2024-06-27T02:33:02Z
Ugxv5hO2eutaug-xyCF4AaABAg,@9ronzu,"the guy on the left ""personal opinion"" is so wrong  🤣🤣",1,0,2024-05-04T03:43:00Z,2024-05-04T03:43:00Z
UgwPKZu1AclcfWnM_bd4AaABAg,@thandomatebese6199,Kid in sixth sense saw ghosts. His therapist was a ghost.,0,0,2024-05-05T12:01:01Z,2024-05-05T12:01:01Z
Ugyzlc3UjsileWMbEvt4AaABAg,@LoKimLinProject,Yo Drake just dropped a new dis get it!!,1,3,2024-05-04T03:46:11Z,2024-05-04T03:46:11Z
UgxjhbRyBuH783o2cZB4AaABAg,@kunalkaul2608,"Damn I came back to this channel after years to see what yall thought of the beef n damn... I didn't expect the voice cracks to make yall miss so many bars. Drake barely changes up the character of his voice. You'll never hear him playing a character to the same level. The delivery n condescension of that ""you don't wanna work with me no more? okay"" line was way past anything drake got",2,2,2024-07-18T07:21:04Z,2024-07-18T07:21:04Z
UgyyRJQUjT7Qs55knGF4AaABAg,@susan3242,"It feels like a warning. Like ok drake, this is your last chance, or it's all coming out.",0,0,2024-05-04T15:24:16Z,2024-05-04T15:24:16Z
Ugw4V5BSuN-LLme0Qmh4AaABAg,@CamShot,"Enjoyed this.  Please do a reaction to the Ken & Friends - The Pop Out show livestream on June 19, 2024.",0,0,2024-06-08T04:12:10Z,2024-06-08T04:12:10Z
UgxY3vx6fLYRnrYFcg94AaABAg,@RattlsnakeHands,"""This is what you do Drake, you battle rap""
FUGGIN WHAT?!?!",0,0,2024-05-04T12:06:41Z,2024-05-04T12:06:41Z
Ugw8hRM1TgkVn-QR_894AaABAg,@munnymatt,Time for round 2 😂,0,0,2024-05-04T03:19:23Z,2024-05-04T03:19:23Z
UgyPLEpsTSuksQidlDx4AaABAg,@Clarencinho,"Pacify…double down. 
Drake playing BlackJack with Lil Baby
Double down…hit on 11
Millie Bobby Brown = Eleven",1,0,2024-05-03T20:41:38Z,2024-05-03T20:41:38Z
Ugyj-l_xLfUyf8NT-Rl4AaABAg,@umanomusic,"You criticize these guys for being sincere! You are wrong. They just said facts. The prove is the first part of the song and most of second part, they give credits to Kendrick the way he beefs.",2,0,2024-05-05T23:17:52Z,2024-05-05T23:17:52Z
UgzvVyLbf3t1XAUwIcV4AaABAg,@weekendstays,Core Stomach Abs.,0,0,2026-04-04T19:28:41Z,2026-04-04T19:28:41Z
UgyUOU1XGS0skmhGTg14AaABAg,@DjDjk-qu9yu,If drake dropped euphoria they would have thought it was fire lol,1,0,2024-07-31T03:43:47Z,2024-07-31T03:43:47Z
UgzuxaLgItrQ_7JsFad4AaABAg,@estebansigala-tv7py,"That was on, How to be a player movie!  Ben was MJ pet rat.",0,0,2024-07-03T08:29:04Z,2024-07-03T08:29:04Z
Ugxz5COQSgZI2_31ZwB4AaABAg,@miamac63,"So you mentioned “possibly” Yachty as one of his ghost writers, Beam another, a YT said his friend Quinton Miller writes for him and then there is Tyshane Thompson, so 4 we heard of so far. 

HAVE YOU EVER game Drake did play or rather pay:

Drake paid out $350,000 (NZ $532,000) to a woman who accused him of sexual assault during the British leg of his 2017 Boy Meets World tour.

Email was leaked that Drake’s camp tried to block radio play of Kendrick’s diss. 

Drake’s cat is named Croadie",1,0,2024-07-15T04:26:03Z,2024-07-15T04:26:03Z
UgzXaSMpX9zJ5B2zWpF4AaABAg,@lboogey21,Naw this is deeper than giving the people entertainment. They genuinely hate each other. Have for over 10 years 😂😂😂,0,0,2024-10-03T03:31:49Z,2024-10-03T03:31:49Z
UgxS19bLUXqAf0hMW1t4AaABAg,@Nephzi,Lyrics has a massive weighting but how the song sounds overall is also very important...,0,0,2024-05-10T11:03:49Z,2024-05-10T11:03:49Z
UgwXNUgnHXUv9ezSYVN4AaABAg,@THEREALTEASLEY,KDot been in the real battle ring w/ stripes....,0,0,2024-05-30T14:58:08Z,2024-05-30T14:58:08Z
UgwikpsjhJS6DaG_lat4AaABAg,@guts311,Why'd he say Joel Osteen when it's Haley Joel Osment in AI and Sixth Sense?,1,0,2024-05-07T14:31:29Z,2024-05-07T14:31:29Z
UgzuKYblhyoiFMhx5A14AaABAg,@jbad1642,I actualy thought this channel was bar breakers (love of hip hop heads) this reaction here showed me otherwise. Aint just the drake biased but everything i see them react to i thought they was hip hop. So they defo gna be pn the whole page of kendrick tearing drake apart by rap an stratedgey. I dont nnow man disspointmemt. OVHOES,3,0,2024-06-14T23:15:34Z,2024-06-14T23:15:34Z
UgyZcMO21GJ9OPASM914AaABAg,@foolishgenius,I got a Benjamin and the Jackson in my house like I'm Joe okay literally translates to money presidents😂😂😂😂😂😂 come on guys it's not that tough,0,0,2024-05-05T10:27:15Z,2024-05-05T10:27:15Z
UgxMVDSsfjCCIivL87R4AaABAg,@mopnem,These guys encapsulate my similar reactions to this song. It def was disappointingly slow & underwhelming until that hate part onward. So I also liked push-ups better although it’s not. Kdot had the better disses for sure but drakes tracks were all more sonically pleasing,1,4,2024-08-28T22:30:29Z,2024-08-28T22:51:56Z
UgwbgTIvfs7KqORnp3h4AaABAg,@JtotheDoubleL,Some serious Drake glazing going on here,0,0,2024-05-12T00:15:41Z,2024-05-12T00:15:41Z
Ugy_PzuNYxoR5v3zCnV4AaABAg,@bubbachuck5776,Ben is the Rat or Mouse Michael Jackson as a kid sings about in the song Ben,0,0,2024-05-04T03:42:25Z,2024-05-04T03:42:25Z
Ugyd9zXknfFSAjX4cU54AaABAg,@marcusbennette8454,"Benjamin might be the pet mouse ""Ben"" that Michael Jackson had the song about.",0,0,2024-05-03T22:46:42Z,2024-05-03T22:46:42Z
Ugx8as2xTHU40-i0kEJ4AaABAg,@totalparanoia1008,Yall should’ve had genuis lyrics on so you could just click on the meanings but yeah k dot definitely won this no arguments,3,2,2024-09-15T22:48:54Z,2024-09-15T22:48:54Z
UgzZc42BOp8BHEGuEkh4AaABAg,@franciscoalvarado7441,The I hate diss came from dmx on breakfast club saying he hated everything bout drake. rip dmx,0,0,2024-05-24T23:39:21Z,2024-05-24T23:39:21Z
UgwFbCvMrKmoMh_--Xp4AaABAg,@Noahbettin360,New Kendrick diss meet the grahams!!!!!!,0,0,2024-05-04T05:38:11Z,2024-05-04T05:38:11Z
Ugx6ujszJFzNonJsYpt4AaABAg,@carloscano8848,😂😂you guys trying to compete with dj akademiks!😂😂 seeing you guys twist yourselves so hard to try and downplay this track is crazy,2,0,2024-08-26T14:37:17Z,2024-08-26T14:37:17Z
UgyZLjNP7Pj5TcGiL4B4AaABAg,@tonyscrilla702,When homie said Jeffery Osborn I was like bruh.. you don’t know nothing about Teddy Pendergrass,0,0,2024-05-03T12:17:11Z,2024-05-03T12:17:11Z
UgxzH-1yL2NuTDH0BYJ4AaABAg,@thetwinkiking,Aww man where's your guys 616 reaction I'm thinking later tonight or tomorrow I'll check back,0,0,2024-05-04T00:59:25Z,2024-05-04T00:59:25Z
Ugz9RgpxXDVhOFUiWYV4AaABAg,@sbcbaits,"I finally decided to swing back and comment on the commentary. I don’t think it’s so much about what hurts Drake as it is planting seeds that follow the narrative already out there. The whole time, he was just feeding Drake rope.",0,0,2024-05-30T17:33:34Z,2024-05-30T17:33:34Z
Ugyg3uWCFAWdCfs9h7d4AaABAg,@rachelh11492,"Kdot is extremely deliberate with his tracks. No, lyrics isn’t the only thing that matters. Everything about the song is intentional and gotta be considered when evaluating this, def not just lyrics",0,0,2024-05-05T06:19:02Z,2024-05-05T06:19:02Z
Ugz50lnogNV5zc7abZB4AaABAg,@CurvaLish,The Tommy H part wasn’t a rumor. He said it directly on the Oprah Winfrey Show back in the day,0,0,2024-08-28T18:42:34Z,2024-08-28T18:42:34Z
Ugz0HSFZi2VYyVDQXuR4AaABAg,@jojikz,"wondering why their mood has changed right after ""Sexy Redd"" bar and foward 🤣🤣🤣🤣",0,1,2024-07-11T05:53:01Z,2024-07-11T05:53:01Z
UgxsTd02TsspjFj34pN4AaABAg,@negie78000,"I think for you guys it's a fair critique, your opinion is your opinion. Although, if we're talking something like Ether vs Takeover, obviously more people would bump Takeover, and say it had a better beat everything etc. But Ether was a more scathing diss overall, one of thee most some would say. But by you guys' reaction I assume you're not really into battle rap continue how much stock you put into production and how much you can bump things.",1,0,2024-05-03T10:06:31Z,2024-05-03T10:06:31Z
Ugw80xYrATjD0wcrluJ4AaABAg,@samkwaning4427,Huh? That flow is crazy af,0,0,2024-05-03T13:26:58Z,2024-05-03T13:26:58Z
UgzjPl9ZAfz0WwWCqCd4AaABAg,@lbp2ification,Shoulda known by the song in the intro what typa time they on lmaoo,0,0,2024-05-03T14:28:52Z,2024-05-03T14:28:52Z
UgyZ4HS-tA5v19B3JSR4AaABAg,@brishallano858,Bros just yapping 😭,1,0,2024-07-06T21:37:53Z,2024-07-06T21:37:53Z
UgwiKiurL9slVg1s_7l4AaABAg,@amy_anl,The fact that you’ll have the audacity say that KENDRICK’S deliverance is slow 😂😂WOW you’ll biased for real,1,0,2024-05-10T03:00:01Z,2024-05-10T03:00:01Z
UgyYnsDwcHAlpHFs5uZ4AaABAg,@richieaveofficial,"man let me set something straight .. Kendrick is from Westside Piru .. K dot is STAMPED on that side of Compton .. yall know Kendrick ""the rapper"" .. yall don't know who he was before the rap shit .. he was really in the streets like that .. just wanted to clear that up .. i can say a lot more but the internet aint the place to say certain shit 💯",2,0,2024-05-03T07:53:45Z,2024-05-03T07:53:45Z
UgxiauVBaFCNj5g24uB4AaABAg,@Da1Soloist,6:16,0,0,2024-05-04T01:34:49Z,2024-05-04T01:34:49Z
UgxgJN3m0NHuOfE8gPl4AaABAg,@youngescanor,Y'all sounding like Mase and Camron,0,0,2024-05-05T11:40:27Z,2024-05-05T11:40:27Z
UgzVLfDu5XmTyqybYy54AaABAg,@blytheskrieg,"Understanding kdot, you know nun bout that
Dissecting lyrics, you know nun bout that
Double and triple entendres, you know nun bout that",2,1,2024-05-24T03:56:21Z,2024-05-24T03:56:21Z
UgyvLBPSy-zpa86SXNd4AaABAg,@vincelarios8474,Kendrick’s new diss song just released “ 6:16 in LA” source -complex,0,0,2024-05-03T13:26:16Z,2024-05-03T13:26:16Z
UgxjOLek6gdhk4qYFDt4AaABAg,@AnimeLoreNews,Can yall react to ain’t no love in the heart of the city by Bobby blue band,0,0,2024-05-03T10:23:04Z,2024-05-03T10:23:04Z
UgzEYnwceqLX24VuVW14AaABAg,@macu_k,"Lol like Drake was surface level, you understand it immediately, Kendrick gave us depth, we still finding out days late how fire his line were 😭😭😭🔥🔥🔥 Kendrick won clean",1,0,2024-05-03T19:26:20Z,2024-05-03T19:26:20Z
Ugx8UShKJ0DWbKB6A3d4AaABAg,@Felix-bl8pv,whatttt??? pushups is not beating this 😹,1,0,2024-05-03T20:25:17Z,2024-05-03T20:25:17Z
Ugz4lxzUsvEW7Qf8xel4AaABAg,@johnnyblingg,"35:05 I think he’s subtly implying that this info that he’s getting in Drakes isn’t coming from him personally researching Drake’s business, but he’s being given this info by people in the industry and somebody in his crew.",0,0,2024-05-11T04:57:21Z,2024-05-11T04:57:21Z
UgxrDQN14P_6MpUl7ip4AaABAg,@nattywho,"At the end of the day, a diss track is about the lyrics!  The switch up in Kendrick’s voice is what makes the delivery of the versus fire…he has a different emphasis for different versus!  Now, Drake ALWAYS SOUNDS THE SAME…ALWAYS!  Hence, why I’m not really a fan of his!  If you don’t appreciate creativity, you may not like how Kendrick switches it up!  I think the beat is the least important…it’s not a requirement that a diss track be a club banger…it’s about the verbal slicing and dicing and Kendrick has that in spades…period!!  Drake could never compete on Kendrick’s level!!  Kendrick was not in a gang, but grew up around a lot of gangs in Cali!  He was always around gang life, as well as a lot of his family…in Chicago and California!  He saw his first murder at five and the next one a few years later!  He had a lot of friends in gangs, so he was always around that life!  Drake on the other hand…NOPE!",1,0,2025-03-24T14:03:18Z,2025-03-24T14:18:39Z
Ugy86FSSmAtixOKG0Lt4AaABAg,@1972Bull,"The Benjamin line and the Jackson line both ties into Joe.  Cole is Benjamin Button (Budden) of Course Jackson is Drake….  Both have the Joe connection. Joe Budden Joe Jackson,   They both Benjamin and Mike are now in my House/KENDRICK’s territory!  LETS GO",0,0,2024-05-03T09:31:48Z,2024-05-03T09:31:48Z
UgwkzCHSPuWEoi8JbwR4AaABAg,@MaybeAntonioJ,These questions they asked could be answered with a single google search….,0,0,2024-05-06T18:01:07Z,2024-05-06T18:01:07Z
Ugxv2h7VawDpN2oQ2754AaABAg,@TrueAries85,"When it comes to rap lyricism is the number one thing that matters and thats a fact prime example, rappers have rapped over the same exact beats and ppl focused on their lyrics. The beat is secondary when it comes to rap. Just like with r&b, the beat is secondary the vocals is more important. Who gaf about the beat if the artists can't rap nor sing over them?",0,0,2025-04-21T17:33:23Z,2025-04-21T17:33:23Z
UgyVVhmKGxjoaS49WCp4AaABAg,@truthseekercanada,The feature request was first person shooter,0,0,2024-05-03T23:02:14Z,2024-05-03T23:02:14Z
Ugy-ffbO3On9FE4CHGx4AaABAg,@mabelsmith8040,"Yall didn’t know Teddy P😱😱😱wow, yet okay !!",0,0,2024-05-05T15:53:18Z,2024-05-05T15:53:18Z
UgyDT0sqRa0-zFaBOyN4AaABAg,@Violets4Eva-,Jeeze. Aged like a bag of milk in the Arizona heat,6,1,2025-01-17T14:40:10Z,2025-01-17T14:40:10Z
UgwYQlj8mKTIXRMeR954AaABAg,@Sharon-bamaNana,I wonder now with hindsight if you see this song differently now?,1,0,2024-05-25T23:11:18Z,2024-05-25T23:11:18Z
UgwwWM2_4qtFlP4uQj54AaABAg,@benseghirchahinez6117,Please react to Tommy Richman - MILLION DOLLAR BABY i know yall will love it,0,0,2024-05-03T20:24:20Z,2024-05-03T20:24:20Z
UgxyMzogxLVhFBrs1M54AaABAg,@metaphoriaofficial,30:30 -31:41 listen to that again 🤯,0,0,2025-02-19T13:13:04Z,2025-02-19T13:13:23Z
UgzBhgb7vG6PB0T9SsJ4AaABAg,@elahzar,Lol,0,0,2024-05-30T14:10:02Z,2024-05-30T14:10:02Z
Ugwyu8hw4CYXkjLN0r94AaABAg,@OGDavidSpot,Wasn’t Benjamin a MJ hater? In 6:16 in LA kendrick saying ovo got drake haters tagging 😂,1,0,2024-05-03T14:29:20Z,2024-05-03T14:29:20Z
Ugyz-hW9bAKnbS8vgKR4AaABAg,@mcctusk,Benjamin I think is Andre Benjamin,0,0,2024-05-07T22:31:08Z,2024-05-07T22:31:08Z
UgzaT_2oCXf5UDI_yr54AaABAg,@chefb3432,Terrence Crawford vs boots the boxer,0,0,2024-05-04T09:09:15Z,2024-05-04T09:09:31Z
Ugx29pcCOoiiXaGvWJp4AaABAg,@Eazy-k777,Bro how are yall saying this is bad bru🧍🏾‍♂️yall let a bunch of stuff go over yall head,3,0,2024-10-01T16:53:56Z,2024-10-01T16:53:56Z
UgwUKv0rNFLzYiO65AR4AaABAg,@williamsalugao1094,Y’all better be glad yt hides dislikes. Tough watch,2,1,2024-05-03T20:00:43Z,2024-05-03T20:00:43Z
UgwMJqz1yOz9EYmACZh4AaABAg,@TeamEmperor,Jackson Pollock for sure,0,0,2024-05-29T07:27:39Z,2024-05-29T07:27:39Z
UgyC__l8JJBLdWAqyhx4AaABAg,@craigdatruth3119,Ben is the mouse unc,0,0,2024-05-03T21:06:03Z,2024-05-03T21:06:03Z
UgwG8io-2yGKGa9LEg94AaABAg,@I_Am_The_Barz,"""Thats not really hitting Drake"" this wasn't meant to hit him like that, this was lightweight, a warning shot, if you will",1,0,2024-05-04T00:24:52Z,2024-05-04T00:24:52Z
Ugy5jUSRdMjhXYiXu7B4AaABAg,@SirVonMusic,The intro beat was teddy pendagrass,0,0,2024-05-03T05:44:49Z,2024-05-03T05:44:49Z
Ugyl-eEjMmdZ9majnj54AaABAg,@MOH10492,NEW DRAKE RESPONSE,0,0,2024-05-04T03:57:45Z,2024-05-04T03:57:45Z
UgzIw2ddkmmGBUm8hR14AaABAg,@mulamula8955,Do u guys still have drake winning the battle?? I’m curious 🤣🤣,3,0,2024-06-23T20:34:07Z,2024-06-23T20:34:30Z
UgwH9WjxcGH0cW4EssV4AaABAg,@phiwokuhlekhanyi670,You guys are paid bro.,0,0,2024-05-04T23:26:24Z,2024-05-04T23:26:24Z
UgwFDztuSkyJ5pWrrAF4AaABAg,@monkeyman8537,If you guys can react to one more Black Sabbath song it’s called megalomania. It’s one of there songs that i wish was one of their tops.,0,0,2024-05-04T08:58:57Z,2024-05-04T08:58:57Z
Ugz8yUWioxSUVDjh_hx4AaABAg,@carravaggiomikelson870,Why do i feel like Ryan is low-key a drake stan. Just saying,6,1,2024-05-03T04:51:33Z,2024-05-03T04:51:33Z
UgxXy1jR_bJPVr2Oby94AaABAg,@Domz12,Y'all should have livestreamed this diss...cuz u missed alot of bars.,2,0,2024-05-03T12:08:11Z,2024-05-03T12:08:11Z
UgywPVvKL4_6RjQi7Xx4AaABAg,@keenannash2947,"Ryan is mad delusional on this one... Drake landslide? Drake is on life support rn, he needs to respond with something amazing.",3,0,2024-05-03T04:47:20Z,2024-05-03T04:47:20Z
UgwCE3pMQx8do4NCou54AaABAg,@allthingscredit922,Micheal Jackson had a song about his mouse Ben lmao,1,0,2025-02-25T21:24:09Z,2025-02-25T21:24:09Z
Ugz_FZ320ASGm_leTZJ4AaABAg,@coffeechgo,Benjamin's and Jacksons as in money.,0,0,2024-05-10T23:55:30Z,2024-05-10T23:55:30Z
Ugw6PTJIfH1kJxO6WNd4AaABAg,@matthewd5468,HYPE RYDAs…,0,0,2024-05-03T17:18:24Z,2024-05-03T17:18:24Z
Ugw9kUdCFtEIoLrkK0F4AaABAg,@markstarks6189,2 🐦,0,0,2026-03-31T00:22:37Z,2026-03-31T00:22:37Z
UgxSxaRtc7CYJHvPnRt4AaABAg,@pieflingerpt2,This ain't Ether 2 this is Hydrogen Bomb.,0,0,2024-05-05T21:27:54Z,2024-05-05T21:27:54Z
UgxpWTCwzooCEXNThYh4AaABAg,@natedogg98,Drake got bodied,1,0,2024-05-04T16:46:55Z,2024-05-04T16:46:55Z
UgzpLa7-Ywdhmr6AzrJ4AaABAg,@Majorz_Wants_Smoke,“Rick Ross in his lil diss” yea yall about as unbiased as my moms at my football games lol,0,0,2024-05-06T12:51:36Z,2024-05-06T12:51:36Z
UgzVboIv6To_028JbxN4AaABAg,@mayomenace2636,2% song 98% reaction,3,0,2025-01-02T13:23:01Z,2025-01-02T13:23:01Z
UgzFScetexQovki1Vq54AaABAg,@jayhank3606,Benjamin was the name of MJ pet mouse,0,0,2024-05-05T20:01:01Z,2024-05-05T20:01:01Z
UgzLkiXkIX4C88y6Zgh4AaABAg,@Phantom93_gaming,They said Puff dislocated Drake's shoulder.,0,0,2024-05-14T04:48:07Z,2024-05-14T04:48:07Z
UgxX2xgcxEodpetnvKR4AaABAg,@Aub-buA,"I wanna say this too one thing I really don’t understand is how they talk down on anyone with even a slightly abnormal voice on their songs, they did the same shit to Lil Yachty even when he was spitting, it didn’t matter they invalidated everything he said, because his voice and his delivery wasn’t traditional hip-hop",1,0,2024-05-03T08:51:14Z,2024-05-03T08:51:14Z
UgyAmik0ORpsbGub3Jt4AaABAg,@danielcooper2483,Yap Yap Yap I'm tired,0,0,2024-05-06T23:19:05Z,2024-05-06T23:19:05Z
UgxEJ5WYc6WQ6Qj8Mix4AaABAg,@Audio_Cartel_Ent,NORMAN SAAN! NORMAN SAAN!NORMAN SAAN!NORMAN SAAN!NORMAN SAAN!,0,0,2024-05-13T22:26:28Z,2024-05-13T22:26:28Z
Ugw72-2UlxXDQ9vKgGt4AaABAg,@andreabrantley6951,"💭I can't believe yall didn't know that Teddy Pendergrass song at the beginning of the track... (I thought yall was up on this music ish.)😐
I thought Kendrick won with this song!... 🤷🏽‍♀ js.",2,0,2024-05-28T18:07:18Z,2024-07-17T14:07:14Z
UgzjfwIFdyUGkPEiBxt4AaABAg,@DjDjk-qu9yu,"Euphoria is a short movie , push ups was a trailer .. that tells you everything you need to know .. Kendrick won and isn’t even close lol",1,1,2024-07-31T03:43:21Z,2024-07-31T03:43:21Z
UgzRypYf-c--70rnaFN4AaABAg,@itsreallyted,in sixth sense joel osmets character can see dead people so kendrick is also saying that he sees drakes ghostwriters,0,0,2024-05-03T07:12:22Z,2024-05-03T07:12:22Z
UgyKV1iMlQ1tYzIDNph4AaABAg,@collectionofaheart,"Hindsight is 20/20
How you feel now lol",2,2,2025-07-08T11:52:57Z,2025-07-08T11:52:57Z
Ugwfn2obN47z99aGoxJ4AaABAg,@ntandoyenkosidlamini6984,Nah the second song on family time wrapped this whole beef up 😂 but I won't lie Kendrick did throw some dark semi Pusha T jabs,0,0,2024-05-07T20:03:55Z,2024-05-07T20:03:55Z
Ugw_nSPpykRv0GhKG_l4AaABAg,@KingZuey,Push ups was good no doubt but this shit was deeper and Kendrick took shots at Drakes character while drake was just flexing,1,0,2024-06-20T17:38:59Z,2024-06-20T17:38:59Z
UgwqsOUa4lLze2q3zdt4AaABAg,@dude554455,"You would think the beef is between Kendrick Lamar and Pusha T with the way they keep comparing the two’s diss tracks. Its weird how Drake’s diss only needs to be better than Kendrick’s to win, but Kendrick’s needs to be better than Pusha T’s lmao. Wild",2,2,2024-05-03T07:23:38Z,2024-05-03T07:23:38Z
UgyOaY1aof4DQBHfjE94AaABAg,@jessicasharpe1676,Teddy,0,0,2024-05-31T18:54:31Z,2024-05-31T18:54:31Z
UgysK-OmkO-WDXW5UJp4AaABAg,@cookiezee8675,If you listen closely to drake x energy from a few years ago you can hear that “once was a thug from around the way” they used on like that which is why drake tried to cease and desist,0,0,2024-05-03T10:57:22Z,2024-05-03T10:57:22Z
UgwBed5DSF-BOQ3WtfN4AaABAg,@BrilliantBeyondBeats,Benjamin is Mjs pet mouse,0,0,2024-05-30T00:41:48Z,2024-05-30T00:41:48Z
UgzjpG0VTmLeReTxJsl4AaABAg,@mzamogagaimzeeza9055,Teddy Pendegrass - Greatest,0,0,2024-05-08T03:07:40Z,2024-05-08T03:07:40Z
UgyVpxaaXhZzyKvyNRB4AaABAg,@RoderickHill13,Ben is a mouse that michael jackson had as a kid and wrote a song about it,0,0,2024-05-07T14:12:43Z,2024-05-07T14:12:43Z
UgwjvxUVR3XunjmLLpN4AaABAg,@timseguine2,"The Ben line was a double reference. On the one hand he is talking about the movie Ben, which Michael Jackson wrote a hit song for. And Joe is Joe Jackson.

The other reference is Benjamin Franklin and Andrew Jackson (who have pictures hanging in the Whitehouse). And Joe is Joe Biden.

With both he is (I think) saying he is calling the shots.",0,0,2024-05-04T15:21:01Z,2024-05-04T15:23:06Z
UgyLoMbYj2DD3d8-dPV4AaABAg,@meeg2871,"😂😂😂😂😂this has aged well , you are wrong",5,1,2025-05-23T21:09:35Z,2025-05-23T21:09:35Z
UgzaYqgWV3zZ_h-FL-d4AaABAg,@leeroylazima3805,"Joe's house (White house) got portraits of Andrew Jackson ($20) and Ben Franklin($100). He saying he got money in his house.
Another meaning would also be Joe Jackson (Michael Jackson father) having Michael who had a pet rat (Ben).",0,0,2024-05-05T10:37:29Z,2024-05-05T10:37:29Z
Ugzu9cSCfGKc15vMKxl4AaABAg,@WadesNoMechanic,"at 25:23, y'all even say ""he not like that"" before the actual song dropped 😂😂😂",0,0,2025-06-23T14:39:44Z,2025-06-23T14:40:05Z
UgwN0Bb4rAPdaBLVc2V4AaABAg,@Benjyboy1990,Ben was MJ’s pet rat! Sick bar!! Rat in the house…,0,0,2024-05-09T18:11:06Z,2024-05-09T18:11:06Z
UgxIgQ5koQE0n3-woHp4AaABAg,@appatight,I keep trying to give these dude a chance but I’m done. I’m watching the lines go right over their heads. How did they get a million subs? I’m a old head too but I’m catching all those bars flying over their heads. They must have a million people in their family.,1,0,2024-05-05T01:00:53Z,2024-05-05T01:01:37Z
UgxpeU37UJmUSP79iOV4AaABAg,@noobtuber9037,"Just so you guys know, cause I haven’t seen any reactor say this yet, but the dude from daft punk was accused of being a pedo.",1,0,2024-05-03T20:12:54Z,2024-05-03T20:12:54Z
UgwXf3XMg0NtqikrFGJ4AaABAg,@andreweaton6363,"""You better off spinning again on him, you thinking bout pushin me?"" 

Pretty sure spinning is referring to a revolver, as in russian roulette",0,0,2024-05-03T04:37:48Z,2024-05-03T04:37:48Z
UgxdZvzG2NIyRgnQJYZ4AaABAg,@wozing,"Did y'all notice he says things like ""crodie"" and ends lines with ""okay"" and a few other words exactly 6 times. Cause Drake's the ""6 God"".",0,0,2024-05-04T10:57:17Z,2024-05-04T10:57:17Z
UgxEEWYdojbsay5DNYV4AaABAg,@Itchy1998,6:16 in la !,0,0,2024-05-04T00:10:56Z,2024-05-04T00:10:56Z
Ugw5E0IpqohIk00eCgF4AaABAg,@BeadeyeGroove,18:55 Mike had a song called Ben about a rat,0,1,2024-05-07T14:13:24Z,2024-05-07T14:13:24Z
UgwJp7Zz-uRIPbhtcAh4AaABAg,@JerseyNBA2kbigman,"First person shooter, Drake wanted the feature",0,0,2025-07-26T08:48:43Z,2025-07-26T08:48:43Z
UgwVse6v8w1GVQkgOTJ4AaABAg,@s.a718bk,Daylyt wrote back to back guys,0,0,2024-05-08T10:02:00Z,2024-05-08T10:02:00Z
UgyW-JYV8_IFFivRt3R4AaABAg,@ACEB_,"the benjamin, jackson and hes joe line refers to president biden, joe biden with the previous presidents as painting in the house lmaoo",0,0,2024-05-03T15:42:15Z,2024-05-03T15:42:15Z
Ugx18jzu6vdiS4llAnB4AaABAg,@CauseEveryHandleIsNotAvailable,Lmao Bin is 21 saveges Middle name😂,0,0,2024-05-07T10:47:49Z,2024-05-07T10:47:49Z
UgzhwEyP3C5af9Ejsld4AaABAg,@ventrusfontenot5518,Benjamin button Joe button,0,0,2024-07-28T07:46:01Z,2024-07-28T07:46:01Z
UgxhoH3-cFg_o1vn_O14AaABAg,@ElizabethWilliams-v4k,Whooping feet was a way of torturing people,0,0,2026-02-10T05:53:49Z,2026-02-10T05:53:49Z
UgyYjsLTLVme7H8eA9B4AaABAg,@jasperlbrimagejr4954,Tommy Hilfinger said he didn't make clothes for the African American Build that's why we stopped rocking his stuff,0,0,2024-06-05T21:16:09Z,2024-06-05T21:16:09Z
Ugzoof5gc_a-nwuS0kh4AaABAg,@kmtrece,"came back to this and was reminded of how this is easily their worst review ever lol. so many bars went over their heads, makes me wonder if they rly just wasn’t catching it or if they were just ignoring it bc of drake bias",3,1,2025-11-14T14:23:20Z,2025-11-14T14:23:20Z
UgzNDpf7uopUvk11eO54AaABAg,@Slipperypickle420,Doubling down on that line is means he wasn’t gonna bring up how Eminem (EM) said Kendrick is one of the most electrifying artist,0,0,2024-05-09T18:38:06Z,2024-05-09T18:38:06Z
UgxXnzh4U6sJ1drjE6J4AaABAg,@rivvilprodigy1776,Ben was mikes his pet rat,0,0,2024-05-05T08:58:56Z,2024-05-05T08:58:56Z
UgzJlxcyxhoDKVCXLC94AaABAg,@aswadliz2698,Kendrick went over your heads or you jus don't like the dude😂😂😂,5,1,2024-10-02T10:49:28Z,2024-10-02T10:49:28Z
UgwRooVa9pkyYH1Xqph4AaABAg,@alvinedingtonjr.3145,Wow... push ups < Euphoria calm down,1,0,2025-08-05T01:35:23Z,2025-08-05T01:35:23Z
Ugw7VDyBHp6CwOhAjqZ4AaABAg,@Phantom93_gaming,J. Prince discovered Drake.,0,0,2024-05-14T04:40:26Z,2024-05-14T04:40:26Z
Ugzg2ZiY4g13q_V3jQN4AaABAg,@hallbrawlerspodcast5091,He was saying he’s Joe Jackson. He got Michael Jackson and Benjamin was his pet rat,0,0,2024-05-05T19:29:49Z,2024-05-05T19:29:49Z
UgzukAfZBV1GnR0-pnZ4AaABAg,@billyartsy,"React to Busta Rhymes feat Kodak - Homage. Its a cool song, hope you like it.. if you see this.",0,0,2024-05-31T17:46:26Z,2024-05-31T17:46:26Z
UgyIewWj_ZxDTDilp6h4AaABAg,@JOEMCKINLEY3,Michael had a pet rat named Ben…,0,0,2024-05-28T23:33:13Z,2024-05-28T23:33:13Z
Ugw1STNQGUMVpvLUEAx4AaABAg,@elitelokkz,Yall are literally haters bro,2,0,2026-03-15T04:29:14Z,2026-03-15T04:29:14Z
Ugy9wkTW0YhOojSiPr14AaABAg,@carlosrodriguez-martinez789,THE DRAKE RESPONSE TO THIS,0,0,2024-05-04T06:50:14Z,2024-05-04T06:50:14Z
UgwviEa8bIIC8d5qNgZ4AaABAg,@sixgodjo,"Yall really disappointed me on this one. I saw yall reaction to Push Ups and yall were jumping out of yall seat for bars like “What’s a Prince to a King, you my son” 😐But anyway, I was so excited to see yall reaction to Euphoria cuz I, along with the rest of the rap community, thought that Kendrick bodied Drake on this song, lyrically, mentally etc. It seems like you guys only like punchline bars and not looking into the full dissection that Kendrick did to Drake which is a clear W for Euphoria in itself, in comparison to Pushups where Drake only had a few lines for Kendrick and they were good but not good enough to what was said on Euphoria. I also think yall really tried to discredit this song because Kendrick didn’t give the delivery that YALL wanted and what YALL feel is “hip hop” or “diss track worthy” and thats not fair. But to each is own. Now that it’s all over and Kendrick CLEARLY won this beef, I see this video not aging well to the fans.",5,0,2024-05-17T13:51:15Z,2024-05-17T13:51:15Z
Ugyl77YIx3wSFUWz9lh4AaABAg,@Shromz,"The guy on the right, (Vegas?) look just like Mason Betha",0,0,2024-05-03T06:54:06Z,2024-05-03T06:54:06Z
Ugxl8RplN3tGsSB-yFd4AaABAg,@detrockcity3,"No, it’s not only lyrics, but lyrics have to take precedence. The only thing up there with lyrics is truth. Ether slaps lyrically but it’s also packed with inconvenient, hard-hitting truths.

The rest of it is showmanship, which matters, but it doesn’t supplant the aforementioned. You kind of need a base line ability there, but if you have that, you’re good to go.",0,0,2024-05-22T15:29:07Z,2024-05-22T15:29:07Z
Ugy2tS5VWtXMFJB7RhF4AaABAg,@joserodas525,"…But let it get shaky, I’m parkin his son",0,0,2024-05-04T16:31:01Z,2024-05-04T16:31:01Z
Ugxg3usoCAMkwl3moA14AaABAg,@user-gd8xm3eb9t,"""The kids mom is the reason he was hiding him so idk about that one"" 😂😂😂😂 as if that somehow justifies it, did he not choose that child's mother??",0,0,2024-05-03T12:48:59Z,2024-05-03T12:48:59Z
Ugws3gGBvoODd9Gfxd14AaABAg,@sunstatesnipr1k759,You don’t recognize a Teddy P sample when you hear it ? Lol,1,0,2024-06-26T14:58:42Z,2024-06-26T14:58:42Z
Ugwh8c_gN3gGmPv2f094AaABAg,@rodrigotelles7626,This guys are drake riders.,0,0,2024-06-26T03:06:50Z,2024-06-26T03:06:50Z
UgxMi7w1Yf5SuuekL3R4AaABAg,@westrep,Hahahahahahahahahahahahaha,1,0,2025-05-02T14:58:08Z,2025-05-02T14:58:08Z
UgxZL6tru_QIMQPJIul4AaABAg,@freakinchris,U can say the Joe Benjamin is a triple Joe Jackson Michaels dad Michael had a rat named Ben & the president s Benjamin Franklin Joe etc also how Joe beat Michael,1,0,2024-08-14T13:19:52Z,2024-08-14T13:19:52Z
UgwDqdipnqjjbc72qzZ4AaABAg,@mikejoe9121,Teddy Pendergrass,0,0,2024-05-04T12:58:55Z,2024-05-04T12:58:55Z
UgwaBoop4dANZ8IkHGl4AaABAg,@ladyj1758,"There’s a lot I can say that y’all missed, but y’all are the ONLY ones who caught the J Prince and Draco Drake reference!!!!!!",0,0,2024-05-19T03:21:18Z,2024-05-19T03:21:18Z
UgwMl_XVRONBFAIa6gd4AaABAg,@lllink4946,Thank god I missed this reaction 😒,0,0,2024-08-10T18:43:16Z,2024-08-10T18:43:16Z
Ugx20ZL7UneSKPkIeox4AaABAg,@The-Real-Why,Truth is THE most important thing... and Drake didn't say much lol,1,0,2024-05-03T11:33:09Z,2024-05-03T11:33:09Z
UgxGu0w6m1eAyEKcrWJ4AaABAg,@EliteLeooo,"😂🤣😂 These dudes had the nerves to say that Drake has double entendres, as if Dot doesn't. They didn't even understand the Benjamin & Joe Jackson line, the JPrince/Jr. line. Smh! But on basic bar azz Drake's nutz. All Drake did was make short jokes & and talked abt some damn splits with the corniest line of this beef.",2,1,2024-06-11T09:56:44Z,2024-06-11T09:56:44Z
UgyVHwxfrJZ03h6MPf94AaABAg,@rusto3618,"Hey now, Drake also had pants ripping bars and taylor swift jokes",0,0,2024-05-03T04:31:00Z,2024-05-03T04:31:00Z
UgwLxHAlKonpM-0gn5B4AaABAg,@kojonfojoh1547,"guys please!! react to Everything by M.I Abaga, and you won't regret",0,0,2024-05-03T13:44:22Z,2024-05-03T13:44:22Z
Ugx7FjnHA2AAngXS6Mt4AaABAg,@ChannieBoo3,Half these bars went over y’all heads 😭,2,0,2025-03-27T23:19:55Z,2025-03-27T23:19:55Z
UgzimFkQMMkkSIz0wAF4AaABAg,@Greatstories-z4j,Grandmother rapped Ether 😂,0,0,2025-04-15T14:06:28Z,2025-04-15T14:06:28Z
UgwNLK9HCxkrRAg-HYR4AaABAg,@kojonfojoh1547,"guys please!! react to Everything by M.I Abaga, and you won't regret",0,0,2024-05-03T13:44:16Z,2024-05-03T13:44:16Z
Ugw13j9R7P5FEpNK0Rh4AaABAg,@aqibsayed207,Is they talking about yatchy as in lil yatchy??,0,0,2024-05-03T10:25:42Z,2024-05-03T10:25:42Z
UgxxcIPYfUZfvJBUnZJ4AaABAg,@kojonfojoh1547,"guys please!! react to ""Everything by M.I Abaga"", and you won't regret",0,0,2024-05-03T13:44:40Z,2024-05-03T13:44:40Z
UgwmxnWM2MAYhSXXVWJ4AaABAg,@Flaccccccccc,Yall be so mad in the comments about an UNBIASED reaction.,1,0,2024-05-04T02:18:18Z,2024-05-04T02:18:18Z
Ugz-rTCJ7D8D7bpm06l4AaABAg,@reactionhq86,"another diss by Kendrick just came thru, 6:16 in L.A. just saying :) appreciate y'all",0,0,2024-05-03T23:02:54Z,2024-05-03T23:02:54Z
UgzudWbiK7KS2s569Tl4AaABAg,@lovelyy9437,The song ben. Rats,0,0,2024-05-09T17:39:59Z,2024-05-09T17:39:59Z
Ugyvq7lgmfxSGq92Bd14AaABAg,@Phantom93_gaming,New Ho King is the restaurant where Drake was robbed.,0,0,2024-05-14T05:07:41Z,2024-05-14T05:07:41Z
UgymKZkG3aSxT9-vL7R4AaABAg,@edwardo00,"Agree with what y'all said at the very end of the video, Kendrick is from the US. Drake is from Canada Drake doesn't represent with US is. Me coming from New Jersey born and raised. I see what y'all talking about 🤔",1,0,2024-05-04T05:10:31Z,2024-05-04T05:11:07Z
UgwRgFLO9xGdoLssVcd4AaABAg,@blackcloud4999,Benjamin was Michael Jackson pet mouse when he was kid that Joe killed when he found it in the house!,0,0,2024-05-03T05:22:27Z,2024-05-03T05:22:40Z
Ugz-TgpR5_4avI92p794AaABAg,@Eadwulf_Skald,"Isn't the ""Joe"" line a presidential reference? Benjamin Franklin and Andrew Jackson hadboth have white house conncetions.",0,0,2024-05-03T23:01:02Z,2024-05-03T23:01:02Z
UgyFZ8o3wfv00VBPBNB4AaABAg,@ivandouwiii,"Lyrics should be added on the top screen, please 😮",0,0,2024-05-03T11:54:17Z,2024-05-03T11:54:17Z
UgyYBTqFBIIhaZhCvf94AaABAg,@jacquelinerandle5152,Those are artists he's talking about paintings homie,0,0,2024-10-15T03:47:04Z,2024-10-15T03:47:04Z
UgyWlocupujCyh_xpIh4AaABAg,@Goated1991,The Benjamin part comes from Michael Jackson pet mouse Ben,0,0,2024-05-03T09:23:18Z,2024-05-03T09:23:18Z
UgwyMcGevuowpSGFTq54AaABAg,@kingroyaltytrucking9353,Yall are some drakes lol 😂,0,0,2024-05-13T00:53:23Z,2024-05-13T00:53:23Z
UgwNMM-EVvApaYEbywl4AaABAg,@kimblake1337,"Metro boomin posted an email showing the ""cease and desist"" on twitter. No names anywhere tho.",0,0,2024-06-26T01:58:17Z,2024-06-26T01:58:17Z
UgyPyettXhsgvoaX0UN4AaABAg,@reginaldgreen5983,Yall the only ones that think this song is mid,1,0,2026-08-23T08:51:43Z,2026-08-23T08:51:43Z
Ugy2KWnoFVwMszIV_g54AaABAg,@yaboi3890,Call this the no vibe channel,0,0,2024-07-04T19:05:18Z,2024-07-04T19:05:18Z
UgxuM5lsXC2THHLbHCB4AaABAg,@seasonedsofisticate1901,"Well, Drake and Lil Wayne are always hugging on stages.  I don’t think he’s talking about J. Cole, but maybe???  And it’s known that Drake is corporate made with writers (allegedly) while others are authentically being who they are and writing there own stuff.",0,0,2024-05-06T15:25:35Z,2024-05-06T15:27:45Z
Ugx9LljGBSY7qOSOrpd4AaABAg,@mindyourbuisness8104,Wow kendrick said drake isnt as black as him who would of seen that coming,1,0,2024-05-05T22:57:07Z,2024-05-05T22:57:07Z
UgyLdwcuV8bRWhiyjXl4AaABAg,@ORIGINAL__ONE,He playing around with Drake,0,0,2024-05-05T21:30:14Z,2024-05-05T21:30:14Z
UgxOP0MFZavgrEHt53R4AaABAg,@Paxthetruth,“Y’all really uncomfortable” 😢,0,0,2024-05-04T18:26:25Z,2024-05-04T18:26:25Z
Ugwnhn4QV2QBexNyRBV4AaABAg,@metaphoriaofficial,New level of grime,0,0,2025-02-19T12:52:52Z,2025-02-19T12:52:52Z
UgwYyiK2fdDbK8E4wBR4AaABAg,@NatePeterson-eg9bs,Drake raps surface level.  Kendrick hits multiple dimensions. Listen again.,1,0,2024-05-04T10:39:21Z,2024-05-04T10:39:21Z
UgzZOnKieC-nysDJBtt4AaABAg,@MickCampbell-se1js,Im new listener to kendrick and new to their beef  ive always thought drake sucked drake is fake kendrick took this home❤,1,0,2024-08-11T21:55:14Z,2024-08-11T21:57:09Z
UgyT6g39jlOqK91SlFh4AaABAg,@williamgrey5388,Joel Osteen isnt Haley Joel Osment,0,0,2024-05-04T14:20:05Z,2024-05-04T14:20:05Z
UgzAOvIZtvSH-Pz-CeJ4AaABAg,@jerm525,GEORGE THAT'S TEDDY PENDERGRASS AND REMEMBER TEDDY WAS IN THE WHEELCHAIR ♿️ AS WELL WHICH IS DRAKE'S CHARACTER WHEELCHAIR JIMMY ON DEGRASSI,0,0,2024-05-05T01:19:48Z,2024-05-05T01:19:48Z
UgxvCB74IGBbGHzC4LB4AaABAg,@heatheradkins1258,"Michael Jackson wrote a song ""Ben"" about his pet mouse",0,0,2024-05-04T03:58:06Z,2024-05-04T03:58:06Z
Ugz2XYWA0VoPzVK3Bz14AaABAg,@lukebyrne7363,"16:44 he’s whooping feet cos he’s too small to reach anything else, but he still whooping tho",0,0,2024-05-27T20:29:15Z,2024-05-27T20:29:15Z
UgxI6mTEC34XGxDwOjd4AaABAg,@Creflo_Peso,Found Drake simps.,5,1,2024-11-20T04:14:14Z,2024-11-20T04:14:14Z
UgwxQUcpY8vMAgjjF9N4AaABAg,@mutazim__2973,These are 2 Bad Bs,0,0,2024-05-03T11:18:54Z,2024-05-03T11:18:54Z
UgxzhHqXV4Qxrupj7_94AaABAg,@AlbertoFlores-wx2pl,Damn these comments made me skip this video lol,1,0,2024-05-25T18:54:19Z,2024-05-25T18:54:19Z
UgzC8TEnNDSMkDdQOp14AaABAg,@mdlamini3982,"That Benjamin line refers to Michael's pet mouse ""Ben"". 

Kendrick is saying he's Michael's (Drake's) father (Joe). 

He's also mentioning Benjamin because Joe killed Ben and beat the shit outta Michael for having a pet mouse.",0,1,2024-05-04T08:35:42Z,2024-05-04T08:35:42Z
UgxuDlI8ibd1xGrVoit4AaABAg,@oscarkadafy,“This doesn’t feel like a diss” 🤦🏽‍♂️ we can see the hate in these dudes eyes while Kendrick killing Drake 😂,1,0,2024-05-07T04:16:36Z,2024-05-07T04:16:36Z
UgwU1rE_puj2Dy7IMzd4AaABAg,@ronnyhopkins191,"He was mentioning ""Ben"".. Michael's pet rat he made the song ""Ben"" about. So he has a Benjamin and a Jackson in his house like Joe. Plus you can see that as money. He has Benjamin's and Jackson's in his house. Hope that explanation wasn't to long.",0,0,2024-10-16T22:14:34Z,2024-10-16T22:14:34Z
UgwA0STbeg9ZwLucLzB4AaABAg,@wavonbarksdale3771,Y’all buggin lmao,1,0,2024-05-03T20:50:12Z,2024-05-03T20:50:12Z
UgxemTXqtydwR0vFd1d4AaABAg,@ladygodiva32man,Whaaaat y'all trippin on Kendrick. The first. Beat was a no brainier..how old are you...if you can't feel Kendrick you don't understand hip hop and word play or rap battleing. Lawd K is a beast at this and when you figure out the lines then you'll get how sick his pen is. Ben is the mouse Michael J had.,1,0,2024-05-03T13:55:37Z,2024-05-03T13:55:37Z
UgzP3YXYUufy5IHRBsp4AaABAg,@Phantom93_gaming,Drake is sensitive. He probably cried a bit.,1,0,2024-05-14T05:13:59Z,2024-05-14T05:13:59Z
UgxPpbuBpHR9HzogUe94AaABAg,@takundasangoya,He sued so he got ht the most,0,0,2025-08-02T10:16:12Z,2025-08-02T10:16:12Z
Ugy--x697FVMMKSAN1t4AaABAg,@thisisjustanillusion6486,How’s everything,0,0,2024-05-03T17:54:59Z,2024-05-03T17:54:59Z
UgwTDCFHeHFgPSR_W_p4AaABAg,@thedeathyouknow,all these years watching u guys videos and admiring for loosing the adimiration for you by seeing you guys listen to something like this and do so many nonsense comments is ubelieveble 😂😂😂,0,0,2024-05-22T00:33:31Z,2024-05-22T00:34:17Z
UgzIjXoIi-ueVKNzL0l4AaABAg,@JordieRobinson333,"Wait, Ben as in Ben the Rat?! 🤔",0,0,2024-05-03T16:45:30Z,2024-05-03T16:45:30Z
Ugy3PX29tBgP4NO1AUx4AaABAg,@illmattrhymes9708,It's crazy for how analytical you guys are of intricate lyrics to miss so much of not just bars but critiquing angles and identity bashing kendrick is doing on this track. He coverd so mutch ground I feel like it's almost impossible for drake to come back. I'm still looking foward to drake comeback but this was a great diss track,2,0,2024-05-03T05:13:52Z,2024-05-03T05:13:52Z
Ugz29MF8PZezA9rGGpN4AaABAg,@EsotericDeep_SA,"Wanna take another shot at it, perhaps?",0,0,2024-05-03T08:22:27Z,2024-05-03T08:22:27Z
Ugxu3YqCb486jRYUERJ4AaABAg,@Jables-7,"Joel Osteen? That’s the fake preacher dude. Haley Joel Osment was in AI and the 6th sense. 

I’m so confused",1,0,2024-06-06T09:41:35Z,2024-06-06T09:41:35Z
UgzOxF1k1P4xZ7ObNaF4AaABAg,@katarinamain7299,"diss and battle in general has one general goal, is to make yourself look better than your opponent. thats it. 
but HOW u gonna achive that is the question. is this going to be mad technique that you mastered or deep bars, whatever, the point always the same. to look better than your opponent.",0,0,2024-05-16T17:57:32Z,2024-05-16T17:57:32Z
Ugy-o-iJPqprPUiM4rZ4AaABAg,@themensquarters,Ryan I’m here to say you fucked up on this one,2,0,2024-06-20T16:54:36Z,2024-06-20T16:54:36Z
UgyO1umYw_SKcjmDaLh4AaABAg,@samhaine9167,"Kendrick slow cooked drake, yall give drake 2 much credit fr😂",3,0,2024-06-12T17:31:05Z,2024-06-12T17:31:05Z
UgwqquT6TQzCrYWSFIt4AaABAg,@1972Bull,"I’m so surprised yall didn’t know that was a teddy pendergrass sample!  Knowing the rumor and how he became paralyzed, the we hate the b****es you f*** with because they confuse themselves with real women gives a whole new meaning to that line!  

A triple entendre for Trans, Underaged girls, and plastic video models.  All who confuse themselves for being real women.

The title of the sample is LATEST, GREATEST INSPIRATION",2,0,2024-05-03T09:39:52Z,2024-05-03T09:39:52Z
Ugx00zLvRmYjkPMUC6F4AaABAg,@yourBaldUnk,"Everybody want to be a demon until they get chipped... There's a rapper from the u k called chipmunk, His brother was killed by another u k rapper named demon.. Years later, chip and his crew would have their revenge... In the entire time chipmunk was on pirate radio throwing out bars about demon... I believe Kendrick put this in the rhybecause he knows how much of U.K grime fans drake is... And it's one of those bars that if you know, you know.Also a double intandra... A hellcat can get beat by a honda with a chip",0,0,2024-05-08T02:55:33Z,2024-05-08T02:55:33Z
UgxPlduaHy2Dt30jKcV4AaABAg,@kemnetnetworkslesotho6789,I feel as if Kendrick was cosplaying the culture with their current adoration of scandal with this track - He was not serious at all - to the point where it seems like he was rapping what he he believes Drake sounds like to him... 6:16 is how he really feels.,0,0,2024-05-03T21:38:20Z,2024-05-03T21:38:20Z
UgxY_RPfu8ch_vTl2Il4AaABAg,@darrencharles,i can take cats seriously who don’t know Teddy Pendegrass off rip.  my daughter was born in 99 and knows teddy pendegrass and i’m not even a teddy pendegrass fan .  so she hit that knowledge from a granny or an uncle.  makes me think these dudes weren’t born here. or they grew up in the burbs.,0,0,2026-05-17T15:47:42Z,2026-05-17T15:47:42Z
Ugxns6TcFu62RU5mV-V4AaABAg,@orderofcaligula9716,Nah you trippin Kendrick is killing Drake right now and I'm not that huge of a fan of either of them. This diss had layers to it.,5,0,2024-05-03T14:50:12Z,2024-05-03T14:50:12Z
UgzTFE2XLEraDgpfS414AaABAg,@803nigel,Y’all trippin,1,0,2024-05-11T14:13:03Z,2024-05-11T14:13:03Z
Ugw0shgShfBCbLYwpmx4AaABAg,@MihaiLita-t2s,The pusha T line isnt hitting Drake but telling endrick that he is short is affecting him?LOL.Whats wrong with this Drake meatriders,2,1,2024-07-26T02:07:05Z,2024-07-26T02:07:05Z
Ugysx-CsV4nOLYcuREh4AaABAg,@5lineizzo,Clearly hip hop ain’t yall thing to fake a rap education is nasty work,5,1,2024-08-22T15:02:11Z,2024-08-22T15:02:11Z
UgwGnfyCaerUVygjQzN4AaABAg,@badgerpony,"This is tough because I fundamentally disagree with y’all on so many levels with this one. The production on Euphoria is way more interesting and catchy than Push Ups IMO. You guys slid over Kendrick’s take on Drake’s relationships way too quickly. Kendrick has been with his girl since high school and now they have a family together. He’s letting y’all know that Drake lacks integrity. He doesn’t take responsibility—he uses women, it doesn’t seem like he prioritizes his son over his lifestyle. Kendrick is saying rap doesn’t run his life, his family does. What’s Drake’s legacy? Nice, slick talk and #1 hits with no cohesive project, except maybe his first mixtape. Kendrick’s is his family, his art, his community, and speaking truth. They are categorically different artists. Drake is a pop star, Kendrick is a conscious poet who also has #1’s—I find that way more impressive. That said, I like waving my hand to Drake’s flow too.",2,0,2024-05-03T05:27:31Z,2024-05-03T05:27:31Z
UgyXKIM-ddMB16VD5eZ4AaABAg,@Thegreenrt,Everyone big hurt in these comments😂,0,0,2024-05-03T18:07:46Z,2024-05-03T18:07:46Z
UgxyI84xGlQpFo26iDd4AaABAg,@miltoncheelomusic,First Ryan L ever,2,0,2024-05-03T20:19:51Z,2024-05-03T20:19:51Z
Ugw4S6edBrKCeN1JCZd4AaABAg,@gregerv37,"Just catching this review. 1 point I want to get out is some people aren't fans of KDOT or Drake. I am 1 of those people, I would take Lupe over both. With that being said my point is, I don't believe Drizzy has a classic. Sorry but not sorry, so that line about him not having 1 is factual imo.",2,0,2024-06-17T10:46:04Z,2024-06-17T10:46:04Z
Ugzgj7hWhhteLrsIZbJ4AaABAg,@jayc5756,Great unbias reaction yall. Love the breakdown reaction. Salute!,3,0,2024-05-03T04:58:54Z,2024-05-03T04:58:54Z
Ugwbfpvpp9uwSfAXzh94AaABAg,@nuorigin,"""Cole and Aubrey""...listen",0,0,2025-02-05T02:37:56Z,2025-02-05T02:37:56Z
UgyA6MjHWwOoE-U_OmF4AaABAg,@matthewballard5265,Not trying to be disrespectful but I think it might be best to pull-up rap genius or something when yall are trying to decipher lyrics meaning. Might give yall a greater appreciation for these bars,2,0,2024-05-03T22:31:34Z,2024-05-03T22:31:34Z
UgwMOD6eRQ_C6_z93ex4AaABAg,@bluejournal83,"Ghost or AI
2pac or snoop",0,0,2024-05-03T14:19:37Z,2024-05-03T14:19:37Z
Ugwq-3onq_BNDMwYNSJ4AaABAg,@llewellynmkhize4472,lol you'll sound like youll d riding drake crazy,1,0,2024-05-03T16:08:13Z,2024-05-03T16:08:54Z
UgzPPUZyrJaL_6FboIh4AaABAg,@Odell-k2t,WHILE HE'S RUNNING HE STILL GET HITTING UNDER HIS FEET.,0,0,2025-02-27T22:09:05Z,2025-02-27T22:09:05Z
Ugxw6l5piURQzA0nGNh4AaABAg,@ValonHonor,Real question if y’all two don’t know what he’s talking about then how y’all determine Drake won in a landslide?,1,0,2024-05-03T20:00:35Z,2024-05-03T20:00:35Z
Ugzd3pAfiF3yhALvRsZ4AaABAg,@MrIP1988,Naw..Euphoria is better than push ups.  It has more replay value!,4,0,2024-08-06T03:40:40Z,2024-08-06T03:40:40Z
Ugzmqo9lptXRPzjaQdB4AaABAg,@tengkuamsyar2120,"I haven't watched these guys in years since I realized George has a weird bias against Eminem when reacting to one of his songs, now I feel the same weird vibe from both of them towards Kendrick. I guess these guys just don't like real lyricists in hip hop, which is bizarre since they're oldheads lmao",3,1,2025-02-22T15:49:51Z,2025-02-22T15:49:51Z
Ugxc3VZqHdTcokhxOtB4AaABAg,@onalennamoseneke128,Just grown men writing angry poems to each other as said before.  May it please end there.,0,1,2024-05-04T12:41:59Z,2024-05-04T12:41:59Z
UgzIDoBUlRz3Znbhd4l4AaABAg,@wyattetzel926,Joel Osteen?,0,0,2024-05-06T06:20:32Z,2024-05-06T06:20:32Z
UgwZtLd6MHBpiRxLyvl4AaABAg,@kobba8813,"Implying that Kendrick’s delivery, is sus……that shit is a WIIIIIIIIILD take.",0,1,2024-07-07T08:09:11Z,2024-07-07T08:09:11Z
UgzeJrnBZIV8WsBTuXh4AaABAg,@OohSoGANGSTA,There’s no comparison…,0,0,2024-05-03T19:34:46Z,2024-05-03T19:34:46Z
Ugy3v0rNbpS1FTQEZbB4AaABAg,@nikolaast,He's speaking like a child because he's talking to a child.,1,0,2024-05-03T04:24:55Z,2024-05-03T04:24:55Z
UgzNuyi8mggo8slOeR54AaABAg,@beautifuldisaster991,The rat name was Benjamin,0,0,2025-06-18T16:10:37Z,2025-06-18T16:10:37Z
Ugwaif6x-qLwtEc9rjd4AaABAg,@ThePsyclosis,Benjamin = michaels pet mouse ...yall look old enough to know this smh lol and nah it was a a cease and desist on like that from the label if not mistaken isnt metro boomin and drake both got some deals with republic records.,0,0,2024-05-03T13:13:15Z,2024-05-03T13:32:56Z
UgyknAIA8TQppaYbY1h4AaABAg,@donnellmoore1378,Entertainment ? Yall are lost! This isvreal shit not a game,3,0,2024-09-26T07:02:12Z,2024-09-26T07:02:12Z
Ugyp2c40JMIT_sLo7Yp4AaABAg,@Mark-dl7yz,"I thought the Benjamin, Jackson, Joe bar was at least partly white house wordplay where Joe is Biden and he's in the house that had the other two president's.  Not sure though",0,0,2024-05-05T01:26:25Z,2024-05-05T01:26:25Z
UgyWYe6GonNdRFSDhfZ4AaABAg,@IronArkivist,"I know I'm late to this video - I just heard about y'all today - and after watching your analyses of Drake vs Kendrick I have come to the conclusion that y'all are out of your depth with Kendrick. His flows, his cadence, his colloquialisms, etc. seem to fall very flat with you. I was hoping to see the same level of discussion that you provided under ""Push Ups"" and ""Family Matters"" but here that depth is lacking. This helps me to understand how you handed the overall win to Drake.",6,1,2024-05-08T20:32:04Z,2024-05-08T20:32:04Z
Ugw5J_Y2hkaPR6Ac-EN4AaABAg,@DriftedOnce,"Kendrick literally dominated Drake. Liking how something sounds doesn't mean the person won. Ether is not a good song btw, it's an amazing diss",2,0,2024-05-03T07:01:03Z,2024-05-03T07:01:03Z
UgxIyJVX80ZBFpBeGBh4AaABAg,@rockymcgee1,Benjamin(Ben) was Michael Jackson's pet rat,0,0,2024-09-04T05:41:42Z,2024-09-04T05:42:56Z
UgywWahh02JoM1EvvPl4AaABAg,@LowkeyDougDatGuy,benjamin was michael’s pet rat,0,0,2024-05-23T01:57:36Z,2024-05-23T01:57:36Z
UgzyW5V2L36u0WnGo-x4AaABAg,@Mglizzy,I love drake but how much OVO paying yall,3,0,2025-01-02T06:33:46Z,2025-01-02T06:33:46Z
UgxopR1dpRd8Z9H62XR4AaABAg,@slymboi261,Euphoria was fire...atp i was like yo drake u gotta come correct kenny aint playin but family matters was way too hard to me,0,0,2025-03-25T01:40:44Z,2025-03-25T01:40:44Z
UgwuGxp1hDWH3AEevtB4AaABAg,@El_Gordo_Loco,George need to clarify if he giving props to Drake or the ghostwriters.🤔🤔🤔🤔🐑🐑,2,9,2024-10-29T02:06:18Z,2024-10-29T02:06:18Z
UgzGAcdYQsP2G7ui8-l4AaABAg,@SunDevilsBack,"The hating in this reaction is crazy, “His voice is tolerable here” huh??",2,0,2024-05-03T16:19:52Z,2024-05-03T16:19:52Z
Ugx_Coj4FD37hinhx314AaABAg,@funkyfreshkid08,"I hope y'all been listsning to this record the oast few days bc pushups aint close to euphoria. 

And 6:16 in LA is much better than taylor made.",1,0,2024-05-03T18:52:31Z,2024-05-03T18:52:31Z
UgzGd0T0vtZKEUo--1R4AaABAg,@andreweaton6363,So you guys think ChatGPT and Ak beat KDot 😂,1,0,2024-05-03T05:18:07Z,2024-05-03T05:18:07Z
Ugzb5FGqK3QIglR3Lul4AaABAg,@pcaz23,This didn't agree well😅😅,4,0,2024-07-14T02:54:36Z,2024-07-14T02:54:36Z
UgyvOjMdpygwA7IudOB4AaABAg,@jon4620,"Kdot rapped this way on purpose, he even says he dummied it down becuz the metaphors were goin over drakes head thats why he did it like he was talkin to a baby...kdot doesnt make a move without reason",1,2,2025-03-03T16:30:00Z,2025-03-03T16:30:00Z
UgwVVOUbVLiDGmrrOEh4AaABAg,@200lbs3,Damn the kendrick D riders heavy in the comments 😂,0,0,2024-05-04T03:18:40Z,2024-05-04T03:18:40Z
UgwmpT6yekDTdJYmmm54AaABAg,@NotSo-Typikal,🤦‍♀️🤦‍♀️🤦‍♀️🤦‍♀️🤦‍♀️🤦‍♀️🤦‍♀️🤦‍♀️🤦‍♀️🤦‍♀️,1,0,2024-05-17T18:52:15Z,2024-05-17T18:52:15Z
UgztwR3nemQMztgctdJ4AaABAg,@higherelevationproductions6849,please drop that new kendrick react yall already late,0,2,2024-05-04T10:25:09Z,2024-05-04T10:25:09Z
UgwvJvQ3D74vN6P25054AaABAg,@ibrahim.m.bundor2881,"Dizzy with a comeback
Bigger than Real Madrid in the UCL.

Haters will bow😂😂😂",0,0,2024-05-04T00:30:10Z,2024-05-04T00:30:10Z
Ugw27m87ae5whrjb0V14AaABAg,@vinnyspezvincent2098,"I never thought they'll be a point where these guys wouldn't comprehend a bar. Safe to say they're truly lost in Vegas, weak reaction.",5,0,2024-06-05T07:00:18Z,2024-06-05T07:00:18Z
UgyPmvZJpv7XJ29rBsF4AaABAg,@Kahuna_,So much went over yall head like Kendrick dropping it on a Jewish holiday. Yall get a pass since it’s an instant reaction. Definitely need to revisit it tho,2,0,2024-05-03T07:46:36Z,2024-05-03T07:46:36Z
UgxfJWdNBpcjf6yL8Zp4AaABAg,@cagowolfe4821,"What Drake say that even compares to a single diss in Euphoria? No, Kendrick didn't go crazy, but he absolutely stomped push ups bar vs bar. Also, the whiny attitude was to mock Drack for his shit verse on fps",1,0,2024-05-03T20:01:17Z,2024-05-03T20:12:09Z
Ugzp5ftDZYDvua5g4CR4AaABAg,@Jessie-lg5oz,Y’all not gonna do Chris brown diss?,0,0,2024-05-03T11:41:42Z,2024-05-03T11:41:42Z
UgzFZ1cIPe5jalsfMzd4AaABAg,@Fr33man215,Kendrick playing with a dead body,0,0,2024-05-05T08:14:42Z,2024-05-05T08:14:42Z
UgxNnsRhqcOuza5j8b94AaABAg,@lovemyblackpeople1662,I was born in 1975 I love listen to rap lyrics I love to hear the skins and the rhymes black music make you feel some type of way but the younger generation they not listening to the lyrics they just be talking it make us old people feel like what the f**k like man you listening to what this boy talking about if Tupac was here what would y'all be saying s*** crazy to me,0,0,2024-05-03T22:27:49Z,2024-05-03T22:27:49Z
UgxsgA3FVdWU0roZUuh4AaABAg,@robinheyward3264,Shame on you for not knowing Teddy P! 😂,0,0,2024-05-11T13:28:02Z,2024-05-11T13:28:02Z
Ugz34jBBcohAep8mimh4AaABAg,@Muaaddib-u9b,"Y'all hit the nail on the head with how rap beef is about narratives. Kendrick picked one narrative: ""Drake is a lying, master manipulator"". Every diss was an example of that. Drake kind of seemed to be just shooting desperately, hoping something connected.",0,0,2024-06-23T08:39:52Z,2024-06-23T08:39:52Z
UgzheZqjlOMsLQGqAXl4AaABAg,@AlwaysBeSmiling,"wild viewpoint on Push Ups being better than this.......this was my fave in the entire series, including Not Like Us.  Different strokes for different folks",0,0,2024-09-06T05:44:19Z,2024-09-06T05:44:19Z
UgxOGbvyr7-f94tB7q14AaABAg,@SoulanniDoll,Idk about this reaction,3,1,2024-05-03T04:27:03Z,2024-05-03T04:27:03Z
UgwKJWtmtEgwYTQjhQB4AaABAg,@mjimenez4667,The  kids name was Haly Joel Osmond... Kendrick fumbled on that bar,0,0,2024-05-03T07:25:11Z,2024-05-03T07:25:11Z
UgxCpWBN_YzJ673Tsw94AaABAg,@ddave7026,"""Everybody want to be demons till they get chipped ""

Mark of the Beast.
Day of the Lord is coming 

"" Ghost writers"" ""6th Sense"" Reference
KDot can see Dead people 

ALSO FOR US OLD HEAD
Euphoria comes after ETHER",0,0,2024-05-03T18:53:12Z,2024-05-03T18:53:12Z
UgxfunUBdsbZEsPs6Hh4AaABAg,@mesut3284,"i dont even believe yall being true to yourselves, you're just trying to be on drake's good side cuz he's more related to streamers and content creators than not. y'all glazing but otherwise, thanks for reacting. it was a fun listen until y'all had to throw your biases on the table",3,0,2024-05-03T09:06:13Z,2024-05-03T09:06:13Z
UgwwSc7lKfU440IhGQB4AaABAg,@rubenbravo2921,Haley Joel Osment is the actor from the sixth sense joel Osteen is a pastor... Other then that kendrick killed on this one,0,0,2024-05-03T06:53:40Z,2024-05-03T06:53:49Z
Ugx9SwPLUQPTxjt9xwN4AaABAg,@CombatFitnessGroup,Yes he playing with Drake in his flow it’s brilliant you don’t have to be a tough guy to rap against Drake. You can make it comical.,0,0,2024-05-03T13:01:57Z,2024-05-03T13:01:57Z
Ugw77_36NCw-cyYHgT54AaABAg,@Release-thehounds,"I get that it’s their opinion and they are entitled to their opinion, but it’s just a really really bad opinion lol",5,0,2024-05-04T16:55:34Z,2024-05-04T16:55:34Z
UgyuxchMiIav4VkFvZV4AaABAg,@KY22LR,"Look at Kendrick's writing credits...he doesn't write all of his stuff. Also, the actor is not Joel Osteen...it's Haley Joel Osment.",0,0,2024-05-05T04:09:23Z,2024-05-05T04:09:23Z
UgzprzpwtP8-dCypUgl4AaABAg,@ToastGawd207,"He really uttered Pushups was better den Euphoria 😂😂😂😂😂
Worst take of 2024",2,0,2024-05-30T22:39:16Z,2024-05-30T22:39:16Z
UgylEnETIk8a6vpEcdh4AaABAg,@shaniadaniel9429,y’alls bias is showing,3,1,2024-05-03T15:14:08Z,2024-05-03T15:14:08Z
Ugwskat_UBpGpJBCnf54AaABAg,@typico8805,how do yall manage to drag a 6 minute song for 56 whole minutes?,1,0,2024-05-03T10:31:30Z,2024-05-03T10:31:30Z
UgxYqx61cR3mZBqMW5B4AaABAg,@Trigunn42385,Lol they beat him so bad he beat him out his shoes lmfao,0,0,2024-08-19T00:40:54Z,2024-08-19T00:40:54Z
UgxkFDKJFci4gdsryzt4AaABAg,@joeldraper,I’m a 44 year old white dude…and I picked up on more bars than these two!,4,0,2024-05-06T23:45:59Z,2024-05-06T23:45:59Z
UgyqRGBRc1wMqsBKFmB4AaABAg,@milkycannon444,"the whole track matters in a diss, meek got buried cause of how replayable back to back was and it was getting radio play every single day. Lyrics and bars are top priority but if mfs dont want to listen to the song then it doesnt matter.",0,0,2024-05-04T16:33:50Z,2024-05-04T16:33:50Z
UgygtUZk8ydWQLH5a6J4AaABAg,@muhammadkassim8690,"Crazy how these guys failed to get half the bars 😂😂 

How do you feel now? In hindsight",2,1,2024-10-05T15:05:48Z,2024-10-05T15:05:48Z
UgzVM-RLHXmp3YCatL14AaABAg,@ninetynine2,"Bout to be 2025 and this is still the best song of the entire battle imo. Countless flows, personal jabs, funny quotables, amazing delivery and aggression. Kendrick absolutely shined on here.",3,0,2024-12-31T08:43:16Z,2024-12-31T08:43:16Z
Ugz93j5Bz3CTSXFYK7h4AaABAg,@mckaye_za,This diss was not up to standard personally. I give it 5/10,0,0,2024-05-03T08:36:09Z,2024-05-03T08:36:09Z
UgykrDdc-2T83aS6Oxd4AaABAg,@shadesofpink-1,"Both Drake and Kendrick have sneak dissed in their songs, however, in Kendrick's sneak dissing we all still know or have an idea of who he's talking about. Drake, on the other hand, sneak disses in a way that no one knows it's a diss except for the person he's dissing. THAT'S what Kendrick means. Come on, ya'll should know this.",0,0,2024-05-16T20:26:14Z,2024-05-16T20:26:14Z
UgyglUOO3NM_YbNroLp4AaABAg,@mattyb.wrasslin3977,"Crazy looking back at this and realizing this battle is when I stopped following these guys. Claim to be hip hop, but support the least hip hop guy in Drake haha",3,0,2025-11-12T07:23:29Z,2025-11-12T07:23:29Z
UgydYTFhEtIdGGQfKs94AaABAg,@michelvc2484,"Kendrick Lamar needs his OWN MASTER CLASS. He has everyone dissecting his lyrics, coming up with anything and everything 😂😂😂 Respect for a real LYRICIST 💪🏽💪🏽Aubrey's a freaking pop guy, who doesn't write the majority of his music, he STEALS/TAKES 😡",0,0,2024-09-07T17:28:59Z,2024-09-07T17:28:59Z
UgxBq56TJ-x6IAL4fth4AaABAg,@xavierbriscoe3926,This reaction wasn't it but thanks for content fellas keep up the good work,0,0,2024-05-20T00:49:12Z,2024-05-20T00:49:12Z
Ugw3eZ5v_1KCbvIQSu14AaABAg,@englishclass9548,Yall are reactors but you two should wait 24 hours and listen to 6:16 multiple times before responding 😂,0,0,2024-05-03T23:06:33Z,2024-05-03T23:06:33Z
UgzSYAMd-CVF_hkMiad4AaABAg,@EsotericDeep_SA,Drake's disses are cheerleader bubblegum raps compared to Kendrick's,1,0,2024-05-03T09:39:53Z,2024-05-03T09:39:53Z
UgzxZ5IWFxMDJu1kekR4AaABAg,@Spicytamale02,"The Joe line is a double entendre. He is saying he got $100s & a Jackson Army gun (Benjamin Jackson) like he’s Joe Jackson, this line is also a rebuttal to Drake claiming he’s Michael Jackson where Kendrick is basically saying if you’re Michael then I’m your father aka sonning Drake. Y’all be missing the real disses to pay attention to the basic ones sometimes but I think you’re just not knowledgeable enough in the art so I can hardly fault you for missing them",2,2,2025-02-25T18:50:18Z,2025-02-25T18:50:51Z
UgxzJcfSVV8jQFyI5AJ4AaABAg,@bran_bee626,wait a minute. y'all cats at least 35. how y'all don't know a Teddy Pendergrass beat when u hear it?,0,0,2024-05-03T04:45:35Z,2024-05-03T04:45:35Z
UgxoyjMV-PhJ9C1vbnF4AaABAg,@kevinjuarez3431,Lost in Vegas huh lmao yea these 2 definitely lost Kendrick up ⬆️,4,0,2024-05-03T07:22:24Z,2024-05-03T07:22:24Z
Ugyg-OfW4UqwqoRUi-p4AaABAg,@timothypayton7623,I don't understand how drake can have an edge when everyone is admitting he has ghostwriters and that whatever drake says he didn't write?,0,0,2024-05-03T12:44:29Z,2024-05-03T12:44:46Z
UgwLeZW0Z1LSJVYiCXJ4AaABAg,@RedsonZuza,Y’all don’t like fungfu Kenny,2,1,2025-01-28T07:40:32Z,2025-01-28T07:40:32Z
UgxXsNPlpjEy2yOdo794AaABAg,@SaifAyden2020,Man I love drake and what he does but you can’t say this Kdot diss wasn’t hard. It literally demolished Drake in so many angles that even Drake got probably red hot listening to this. The lyrics were actually “gymnastics” and were delivered perfectly. I think this hurt Drake really hard but “that’s just me I guess”,1,0,2024-05-03T04:51:27Z,2024-05-03T04:51:27Z
UgwF5ipRpNXfsNAcwXF4AaABAg,@klarkekent5996,They missed mad lines,1,0,2024-05-03T17:47:16Z,2024-05-03T17:47:16Z
Ugx6rovxpfQzo3CXNaN4AaABAg,@The_One_In_Black,"You've explained why Kendrick can't be Top 10 for me. That said, I love this track.",0,0,2024-05-29T00:02:51Z,2024-05-29T00:02:51Z
UgykefS1FD9LqB6b8JZ4AaABAg,@mr.chimichanga6947,I’ve been thinking about how weird Kendrick can get with his delivery and I’ve come to the conclusion that Kendrick is the Tool of hip hop. That’s why his fans get so defensive. Myself included,0,0,2024-05-04T14:21:23Z,2024-05-04T14:21:23Z
UgwBbXnYUOCDukzKIvh4AaABAg,@tyrellhenry2973,The fans in the comments so disappointed cus you guys don’t agree with they savior lmaooo,0,0,2024-05-04T10:11:07Z,2024-05-04T10:11:07Z
UgxHMDirpdgyn7kbfjJ4AaABAg,@APJDFSONLY,lol you guys the only reviewers that didn’t like this track but you guys missed a lot lines early,0,0,2024-05-03T23:30:59Z,2024-05-03T23:30:59Z
UgwNZCScZHga1lIAZ2J4AaABAg,@professionallyamateur5991,"Nope. Veeerry disappointing in how silly y'all come off at the end. ""You're short and I have more money lol"" is apparently better than ""You're a tourist, a culture vulture, you're a deadbeat dad, you put on hip-hop like a costume, I put on FOR the culture."" Absolute lameness.",4,1,2024-06-16T05:21:22Z,2024-06-16T05:21:22Z
UgxzBv_gq-4JFMBEf2B4AaABAg,@үнштерн,these guys said rap devil was better than killshot? LMAO,0,1,2024-05-08T10:21:30Z,2024-05-08T10:21:30Z
UgyvjtDn4LHQVYCp8gx4AaABAg,@openopenclosedclosed,"i think this maybe doesn't hit because you're assuming a lot of these lines aren't true or are just like metaphors
like the lawsuit drake paid off, the cease and desist on like that and calling around for gossip on people etc - like he exposed a lot of things and for me they were proper blows..
Push Ups was a better 'song', similar back to back you can actually enjoy listening to it outside of the beef - but Euphoria is a better attack imo
Even down the the title of the song 😅😅",1,0,2024-05-03T12:19:24Z,2024-05-03T12:20:16Z
Ugyrv0sP16JqTv69QYt4AaABAg,@karenb.6402,"I'm just seeing this, and this didn't age well at all!",3,0,2024-07-19T01:07:10Z,2024-07-19T01:07:10Z
UgwUyU1b1gu1Codkkqd4AaABAg,@professionallyamateur5991,"Gonna try to stay open minded, but these comments have me thinking I'm about to be let down by y'all missing so many things.",1,2,2024-06-16T04:34:14Z,2024-06-16T04:34:14Z
UgyEvPiwl3aYuPG_h614AaABAg,@toysoldier542,bring Fubu back,0,0,2024-05-03T17:59:47Z,2024-05-03T17:59:47Z
UgzPL2KLjkh83SrXhrR4AaABAg,@eugene1leroy,This was a horrble take 😂😂,1,0,2024-05-23T08:08:02Z,2024-05-23T08:08:02Z
UgwMW0r23QLQqgBzrnJ4AaABAg,@andreismail985,"Quite surprising to see two so called specialist in Hip Hop, not being able to understand and breakdown Kendrick diss... what a disappointment of a reaction",6,1,2024-05-03T08:58:48Z,2024-05-03T08:58:48Z
UgyazsuiMSn_OHHZls94AaABAg,@TrentWilliams-l1y,Y’all reactions cool because yall are knowledgeable enough about life to dissect Kendrick’s bars but damn yall long winded af lol but good channel,0,0,2024-05-28T04:35:33Z,2024-05-28T04:35:33Z
UgwysUW-f0s3OrV6AlR4AaABAg,@nope2283,Ben was michael jacksons rat lmbo,0,0,2024-05-05T20:34:10Z,2024-05-05T20:34:10Z
Ugw6HYED3FV1MalPHJN4AaABAg,@wulaeofthetengu8336,Y'all some major haters,1,0,2024-05-07T07:21:02Z,2024-05-07T07:21:02Z
UgykSDI6DOdO0H3YQV54AaABAg,@kkristian8350,Jay Z and Beyonce are the 2 goats,0,0,2024-07-01T01:35:40Z,2024-07-01T01:35:40Z
Ugx9P56e50ybuGS63PZ4AaABAg,@anthony310h,"Kendrick destroyed Drake, but some people are such delusional, super fans or just can’t accept the person they’ve been champing is actually a weirdo",2,1,2024-08-11T04:31:58Z,2024-08-11T04:31:58Z
Ugx2Ffr8wm2A9I9I9w54AaABAg,@jayc5756,"EXACTLY. Idk why Drake did that again. Mann. Like he didnt learn his lesson. Idc if its just off pure laziness...cause we know he can write good himself, but Cmon now Drizzy. SMH 🤦‍♂️",1,0,2024-05-03T05:03:08Z,2024-05-03T05:03:08Z
Ugyqm3bN2U7djRQGWh94AaABAg,@Randomuser1081,Keep in mind Push Ups was against multiple people. Personally I give the nod to K Dot but i value lyrical rappers more.. overall Drake probably had the better DISS track,0,0,2024-05-03T19:17:48Z,2024-05-03T19:17:48Z
UgwL7rncOBp9L7erATB4AaABAg,@ORIGINAL__ONE,Kendrick has 2 other songs with Drake voice dissing himself,0,0,2024-05-03T08:30:13Z,2024-05-03T08:30:13Z
UgzTTNvKZfPv7Obzi6N4AaABAg,@LucentLeo,"Ryan losing a lot of respect over this Drake glaze, Expecting to see a lot of clean up on the ""Not Like Us"" video",2,1,2024-05-06T10:04:07Z,2024-05-06T10:04:07Z
UgxSAlwCD_idvVJgtsZ4AaABAg,@madanroblew588,"Think he might be referring to Joe Biden, making it a triple entendre lmao",0,0,2024-05-03T17:38:40Z,2024-05-03T17:38:40Z
UgwAZPxllOY541obEqB4AaABAg,@Simply_Kiramonae,Yall so biased it’s crazy 😂😂😂😂,2,0,2024-05-05T04:12:19Z,2024-05-05T04:12:19Z
UgwJ7Jf8n0QORwHSen14AaABAg,@Nephzi,Actually Joel Olsteen is a a televangelist that makes a lot of money being a pastor.... Hayley Joel Osment is the kid from 6th sense and man in AI... So Kendrick's best bars of the whole song is completely off base and a massive oversight,0,0,2024-05-10T11:45:53Z,2024-05-10T11:47:16Z
Ugwadk2KoTpDSipECPF4AaABAg,@cheezit19,Yikes lol,1,0,2024-05-03T05:03:13Z,2024-05-03T05:03:13Z
UgxXlg8vsIfeGuakNJd4AaABAg,@Nova-zk5gn,These two had their minds already made up. They are clowns,1,0,2024-05-03T19:45:20Z,2024-05-03T19:45:20Z
UgxTh0jig2_qJE1Pt8l4AaABAg,@ryanbenally8148,Is it Drake or ghostwriters??,0,0,2024-05-03T07:49:34Z,2024-05-03T07:49:34Z
UgxqVbfjwwZT9SqjxLZ4AaABAg,@wojerwabbit,"Coming back to this lol but I feel like ya'll got caught up on what constitutes a diss track. You tried to cover your bases by asking us what a good diss track was ""is it it the lyrics? Is it it the beat?"" etc etc. but at the end of the day, ALL of Kendrick's disses were foreshadowing. They are not the easily digestible, in-your-face type of hits but hits did they become. You wanted it to be an instant, recognizable hit and time has shown how much more impactful this, and all of Kendrick's diss tracks were. The fact that you expected a hip-hop diss marathon would be so easy to absorb and understand says a lot. Still love ya'll but maybe be more nuanced and think broader when it comes to these conscious rappers

EDIT: On this viewing, I can see you were actually being unbiased and what threw you and actually most people off is the voice. if all these diss tracks were delivered by someone with a deeper voice, ya'll would have thought this was the best shit on earth. Unfortunately, God decided that was too much power for one man to have. Instead. Kendrick just had to decimate everyone with his high-pitched, squeaky voice. Game's the game bruh.",0,1,2025-07-04T22:03:41Z,2025-07-04T22:15:54Z
Ugz5Uz4-Ml31RtB9g2t4AaABAg,@curiosityxx,Drake fanboys ofcourse don't know anything about rap,1,0,2024-05-26T21:44:06Z,2024-05-26T21:44:06Z
UgxzzRriKarZaBz7pXl4AaABAg,@johnnydrama8709,These Kenny stans are sad. They more in they feelings then drake.,1,1,2024-05-31T03:42:53Z,2024-05-31T03:42:53Z
Ugxf7ERI4fRfYWGnkhd4AaABAg,@donalc3281,Great commentary around the 13 min mark about the parameters to judge a good diss track. This isn't going to be accessible to anybody who doesn't live and breath rap music. You could show 'Hit Em Up' or 'No Vaseline' to people who arent into rap music and they would get it and appreciate the beat or flow or something. The quality of those diss tracks stand on their own as pieces of music aside from the diss. I dont think this diss will live on in the same way albeit very strongly lyrically,0,0,2024-05-10T11:24:08Z,2024-05-10T11:24:08Z
UgyvslgOa3AS0iXy3vB4AaABAg,@alyssamarie7704,How do you old heads not get any of these references? Y'all wack lmao,3,0,2024-05-19T21:03:24Z,2024-05-19T21:03:24Z
UgxoatXoSH03BknxTdt4AaABAg,@liquidpza,"Ohhhh, future me here. I hadn't yet realized that you just legitimately don't like Kendrick's style. Well, I'll see you guys in a few videos, and I honestly hope that you don't come out looking too silly.",1,2,2024-05-11T10:44:09Z,2024-05-11T10:44:09Z
Ugz6bKfH9oqBp2voVgR4AaABAg,@atratr7796,"Am surprised that to shoot me a Drake line you’re missed 

The first time I shoot ah Drake , I aim to high

The first time he came at Drake he put him in a higher spot that he should of

That was his mistake……aiming a Draco to high 

That was his mistake and now he’s going to aim lower at Drake because he’s lower than where he has put him.",0,0,2024-05-04T11:52:49Z,2024-05-04T11:52:49Z
UgyBGIe09oVHUYZ5IXB4AaABAg,@twentyone9983,if yall think their take on stuff isnt never makes why watch em???,0,0,2024-05-07T10:05:23Z,2024-05-07T10:05:23Z
UgxfoUO_LUHwWDvHLGF4AaABAg,@theburgerofficial1,I forgot that y'all always agree with the wrong side in rap beefs for the rage engagement bait,0,0,2024-05-21T04:51:11Z,2024-05-21T04:51:11Z
UgzVuGoH9pWaH1ZKzgB4AaABAg,@natasahalilovic5761,"When K dot started spittin' you guys lost it 🤣🤣
Kendrick won this by miles",4,0,2025-02-23T10:37:36Z,2025-02-23T10:37:36Z
Ugyv7t9HVmQXsrKZT4R4AaABAg,@jonnysimon4510,This two I think they need assistance to break down lyrics,0,0,2024-05-05T20:36:26Z,2024-05-05T20:36:26Z
UgyGLQNTSkJoxf_DVY14AaABAg,@RedTorrentMediaLLC,🔥 Geesh. Drake made a big mistake. I discovered Kendrick before fame. These guys come from 2 different worlds. Kendrick Completely destroyed him...and it sounds like he's not finished. I could see Drake pulling out the legal card.,2,0,2024-05-05T21:16:06Z,2024-05-05T21:53:33Z
Ugz2-QilyUYhaBRxGkB4AaABAg,@chriswagner8567,Everyone crying in the comments my lord lmao,0,0,2024-05-03T05:42:45Z,2024-05-03T05:42:45Z
UgwMnuExmlDQVSD9oMB4AaABAg,@DBow603,"I’m a 42 yo yt lady in NH and feel like I know more about hip culture than Aubrey. KDot is impeccable, Drake is basura.",1,1,2024-06-16T01:19:41Z,2024-06-16T01:19:41Z
UgxUCXzJTwmogxWIGNZ4AaABAg,@jasperlbrimagejr4954,Drake lost just accept it and move on please we too old for this guys,0,0,2024-06-05T21:24:04Z,2024-06-05T21:24:04Z
UgzabSOgJVa_s4uY_p54AaABAg,@labonpollock2814,Ben was a rat that was in the Jackson’s old house when they where young Michael made the song Ben by the Jackson five about that rat that’s it’s ration to Joe,0,0,2024-05-04T20:21:20Z,2024-05-04T20:21:20Z
UgxTVWg5Uu3ATDhnBtR4AaABAg,@Sowetan4Life,"Would be interesting to know their overall take on the battle, after the fact! All i see is nothing but bias here, the integrity is questionable!!!!",1,0,2024-08-01T12:48:16Z,2024-08-01T12:48:16Z
Ugy8bBx89xSjcRz0vod4AaABAg,@salmbaze,I watched this & other videos this guys reacted to & i know these dudes are the realest most unbiased reaction channel in this drake vs Kendrick beef,1,0,2024-05-09T22:27:28Z,2024-05-09T22:27:28Z
UgyiNHPP8JDtzVJxg1J4AaABAg,@kagisomabele4936,"Kendrick stans can't stand opinions that differ from theirs, acting like intellectual super heroes... Smh",1,0,2024-05-08T13:48:13Z,2024-05-08T13:48:13Z
UgxoV-79vJNiNYCi9I14AaABAg,@CaraDePapaaa,Bro Kendrick prophesied this whole beef in the first minute of the song🤣 don’t fw him. Put some respect on em.,3,0,2024-07-19T07:40:59Z,2024-07-19T07:40:59Z
UgxUjLvQ6noWPay_Y4d4AaABAg,@billiejean0274,The Joe reference is Joe Biden. He's in the whitite house where you can find the old presidents Benjamin Harrison and Andrew Jackson. He's also referring to money which Joe Biden is in charge of. I thought y'all was some older cats. You don't know your presidents or that Teddy P. sample? Kendrick's lyrics are too deep and educated for a lot of people to comprehend. I love a rapper that make me think he's Andre 2.0. This generation is too slow to get Kendrick.,1,0,2024-05-07T17:08:32Z,2024-05-07T17:08:32Z
Ugxr36cHYTznuYwiEVB4AaABAg,@jomck5325,Yall aint listening fr and it shows,0,0,2024-05-07T08:35:56Z,2024-05-07T08:35:56Z
UgwpuDagfKqMhW5q4Ut4AaABAg,@AayanPhilly,I see y’all like easy cookie cutter bars with no thought.,1,0,2024-05-09T23:31:34Z,2024-05-09T23:31:34Z
UgzeEmrvqdvZLiBCnSp4AaABAg,@tonypage9302,"i knew these guys had a hard time understanding rock & didnt get iconic bands like Judas priest & maiden so i said its cool they know about rap, come to find out they dont know shit about Rap either 😂",1,0,2024-08-11T02:27:18Z,2024-08-11T02:27:18Z
UgwW1vA6XNgVFZkj0x54AaABAg,@Swanyelovin,Huh?? Jeffrey Osbourne?? Wow,0,0,2024-08-31T12:50:39Z,2024-08-31T12:50:39Z
UgzFz2qBxU0mdlt87Ct4AaABAg,@J.Simone954,Benjamin franklins… White House. JOE Biden,0,0,2024-10-17T15:01:04Z,2024-10-17T15:01:04Z
Ugyc9cP8rQbezdYx8HZ4AaABAg,@DanNeighboryurrr,Y’all I don’t live in the rap/hip hop world and I understood these digs more than you,4,0,2024-05-03T05:41:20Z,2024-05-03T05:41:20Z
UgxMmJFzn6oaucpEqch4AaABAg,@Catch-22b,Apparently these 2 have no clue about the double and triple entendres used by Kendrick. Nor are they aware of the West Coast slang. Hilarious the way they were clueless with so many bars. This is an absolute embarrassment for them.,2,0,2024-06-05T18:13:36Z,2024-06-05T18:13:36Z
Ugx5fQy1DPFY__gOkHR4AaABAg,@LandoniDrums,DMX would’ve beat them both with no beat lol,0,0,2024-05-09T06:28:39Z,2024-05-09T06:28:39Z
Ugw6jv-QyAE_S2S5qQh4AaABAg,@turbosmom2217,Are we really comparing your grandma and Kendrick?,1,0,2024-12-20T19:23:01Z,2024-12-20T19:23:01Z
Ugzp_XE_GuYZfe5cAZB4AaABAg,@slankabank,"i feel like these stans hating on yall because they don’t come for the analysis and only go to the part where the music is playing and look at yall faces lol. i like the long breakdown of these songs, keep up the great vids!",3,0,2024-05-06T05:05:22Z,2024-05-06T05:05:22Z
UgyCoABGBIEaj5i1M9F4AaABAg,@JC-Obi,"i respect everyones opinion. In my opinion when you dissing someone you coming out swining on every level, from bars to the beat and if its something you can cranck wiouth knowing its a diss thats how you know its a killshot,  eveything about a diss track is aimed to hurt the opp you dissing in my personal opinion what yall think?",0,0,2024-05-03T07:45:37Z,2024-05-03T07:45:37Z
Ugxiv3_NXF9IOszRmFt4AaABAg,@gabrielpupila7046,Drake Lost.,3,2,2024-08-03T11:24:15Z,2024-08-03T11:24:15Z
UgzLstKQ4RycKafTVD14AaABAg,@brahimkadi5277,i dont know if you hate kendrick or just love drake but therse's no way you are rap fans but disliking kendrick's disses end praising drake's disses,1,8,2024-08-14T09:12:29Z,2024-08-14T09:12:29Z
UgxNsjQOZ3aTpt6mOz94AaABAg,@seasonedsofisticate1901,"He dum’d it down intentionally.  That was just a warning from Kendrick to Drake.  I think guy without the hat missed the mark with Kendrick’s intentions on this one.  You both missed the point about women…that was a reference to the rumor of Drake liking young girls…and wanna be women..IMO.  YEAH…I THINK YOU GUYS MISSED A POINT OR TWO OF WHAT Kendrick was doing.  Sorry for the caps..don’t feel like going back.  Kendrick is directing Drake to where he wants him to go in his response.  You guys have to pay attention in entirety I think.  And I like Drake’s pop like stuff but it’s nothing like Kendrick who is authentic.  Kendrick wins, hands down.  First time on your channel.  Enjoyed you gentlemen’s commentary.",0,0,2024-05-06T15:50:40Z,2024-05-06T15:58:55Z
UgzmkUMp1PRLCsAg1K54AaABAg,@TyTakes,Yall should be ashamed of yourselves smh.,5,0,2024-09-01T18:12:18Z,2024-09-01T18:12:18Z
Ugzd7NJDwarY8jGL1oh4AaABAg,@Malachi_Israel12,"Im 20% into this reaction, and i don't think this reaction is going to age well",0,0,2024-05-10T03:30:53Z,2024-05-10T03:30:53Z
UgzNOtAzPYZdsVo_A1V4AaABAg,@nadiiakadhemtwt9821,But stay woke lol some ppl  say the opposite to get veiws lol,0,0,2024-05-04T10:20:08Z,2024-05-04T10:20:08Z
UgzCcJm-effN2sYDb1B4AaABAg,@evanfaust6752,i’m revisiting this after Iceman 😂 but can someone explain why he says “joel osteen” ? that dudes a mega church preacher… the actor in Sixth Sense and AI was Haley Joel Osment… is there some other connection i’m missing here or did he really use the wrong person lmao,2,0,2026-05-17T19:55:30Z,2026-05-17T19:55:30Z
Ugx5a4IRzJc0mgskpNh4AaABAg,@latrecelowe8427,"Euphoria has more deeper meaning like when he says have ever walked your enemy down with a poker face, Kendrick has walked Drake down since 2011 starting at Buried alive song. He dissed Drake on that and Drake didn’t even know it. He also got Drake to diss himself on poetic justice and fking problems with Rocky. All of Kendrick albums including the diss track are all connected to that era. Kendrick has not liked Drake since that time. All the beef started back then. He also tell his listeners that he have to code his message because the industry won’t let him say what he wants, so we have to dig deeper into what he is telling us. Also he was Drake’s ghost writer. Kendrick and TDE had to sign a NDA, so he has to put the message within his music.",2,0,2025-10-26T20:39:32Z,2025-10-26T20:39:32Z
UgwRRVrosk3CVTP_rn94AaABAg,@AngelBliss420,"Let me be the first to say it. The comment about Kdot having 3 switches, 2 beats or whatever the heck is a copied comment🤭 I've seen it mutiple times on multiple reaction videos. Also the one about Drake being the producer of the show Euphoria is also copied.🤭 I'm sorry Y'all I just couldn't take it anymore🙄. Oh well🤷‍♀️ SUE ME.😂",0,0,2024-08-15T20:28:56Z,2024-08-15T20:28:56Z
Ugwrf_O_G7SQ9e3xhhJ4AaABAg,@Troyyy94,I can’t believe this dude thinks push ups is better than this lmaoooo,0,0,2024-05-04T01:45:54Z,2024-05-04T01:45:54Z
Ugyzdpag_h4emQhuLzd4AaABAg,@salmanmazumder6148,"You are one of my oldest favorite channels! Great reaction, both of you. ❤️",0,0,2024-05-03T06:56:22Z,2024-05-03T06:56:22Z
UgwtiDuWjqWw-c3V4yx4AaABAg,@BeastCoast4747,Yall are the two best reactors on YouTube but damn yall were trippin towards the beginning of the track this is classic Kdot every one of his disses were surgical asf. If anyone sounds “childish over a beat” that would be 100 percent be Drake 💀,2,0,2024-05-07T20:25:26Z,2024-05-07T20:25:26Z
Ugz6G1ApW0enXzVzOs54AaABAg,@muhammadkassim8690,Old ass heads,0,0,2024-10-05T15:07:20Z,2024-10-05T15:07:20Z
UgyYoM9gwfMLlGV2II14AaABAg,@matthewd5468,It’s nice to have intelligent conversation on lyrics and break down.. at least you don’t have to look up the definition of degenerate… 😂.. geez .. anyone can respond to lyrics nowadays… appreciate you guys,0,0,2024-05-03T17:16:43Z,2024-05-03T17:16:43Z
UgwemkqtR2DyXcMDEHZ4AaABAg,@liveat5ivestudios395,I think Joe Jackson and Joe Biden? Benjamin and Micheal both have a Joe attached? Idk lol,0,0,2024-05-03T10:15:30Z,2024-05-03T10:15:30Z
UgwFuJIlErRrN_y8brB4AaABAg,@topdrilla123,Lost most likely all my brain cells watching this reaction. You guys 100% missed the bars on purpose to get the reactions.,1,0,2025-11-23T01:52:10Z,2025-11-23T01:52:45Z
Ugxzx7xeeHnO4HkLrSh4AaABAg,@theruggedindoorsman,13:20 I’m glad someone agrees with me. I hate the way he raps since Section 80; performative and corny. To answer the question; the beat and flow matter just as much as the lyrics.,1,0,2024-05-10T04:13:05Z,2024-05-10T04:13:05Z
UgwIx2z5Ni-xGSPyUCR4AaABAg,@Wiggly-T,Calling Drake a better battle rapper than Kendrick is crazy.,5,8,2025-03-06T03:36:14Z,2025-03-06T03:36:14Z
Ugy1v0LSHweG2f2_VjB4AaABAg,@NewstacksFx,How much OVO pay y'all?? 😂😂,1,0,2024-05-05T01:03:12Z,2024-05-05T01:03:12Z
UgxBZdAgb5tLbxkyQ7J4AaABAg,@ZendayaG,These 2 Bo zooooz I can’t,0,1,2024-10-20T23:10:39Z,2024-10-20T23:10:39Z
UgyX7BnZtXiTliKMpNJ4AaABAg,@seasonedsofisticate1901,"So, what does everyone think….is this a ploy by Diddy’s team to get the attention off Diddy?",0,0,2024-05-06T16:40:13Z,2024-05-06T16:40:13Z
UgyVK9uvw8UpTT1StEJ4AaABAg,@Mikeymanguy,I feel like you guys missed a little on this one. I think the lyrics needed better dissection. You guys are entertaining as always tho.,0,0,2024-05-05T00:51:48Z,2024-05-05T00:51:48Z
UgwBkYTvC-IA4DlL2hh4AaABAg,@online_kingdomtv,"I feel sorry this song went over your heads 7 months ago , I know yall listen to it in shame today 😢",0,2,2024-12-23T23:40:06Z,2024-12-23T23:40:06Z
Ugw-T9WtwIvB5ODS0LF4AaABAg,@SQuiD_HiMSeLF,Never thought I’d see lost in Vegas be garbage,0,1,2024-08-16T16:13:59Z,2024-08-16T16:13:59Z
UgzvKc5pBNS9TYK8W3d4AaABAg,@stramyneZZ,"Soon as people have an unbiased opinion, they on ovo payroll lol. Good review lost in vegas",2,2,2024-12-23T20:53:04Z,2024-12-23T20:53:04Z
UgyrE4jeHF8O_MxPK854AaABAg,@ayoochuck,That joel osteen was wrong and im so mad because that wouldve been one of the hardest bars of the battle. The actor was haley joel osmend. joel osteen is a preacher. He couldve easily said haley joel osmend instead and it wouldve fit perfectly. SMH,0,3,2024-06-14T18:53:08Z,2024-06-14T18:53:08Z
UgwVCypt1oxGlDy-DnN4AaABAg,@tashadfowler3465,Y'all over here talking about adding and subtracting while listening to algebra and calculus lessons in tracks..but i guess you don't know nothing bout thaaaat!,1,0,2024-05-03T16:21:47Z,2024-05-03T16:21:47Z
Ugxs_hPgnbJufXwKNm94AaABAg,@unconditionalbrother1328,"Losing respect progressively

Emotional man and fanboys 

If y’all were focus on shining light or studying what is being said and done instead of being salty “comedians” or idk what y’all going on internally but is sad that it is obvious when y’all don’t like something or someone… just me thoughts after seeing that I’m not the only one being disappointed!!",2,2,2024-05-03T20:09:08Z,2024-05-03T20:09:08Z
UgyR4KhR_e3wKzVA9Ph4AaABAg,@Cloud92ki,"Not the fans schooling y’all on the lyrics , y’all learning after you released",0,0,2024-05-04T11:11:02Z,2024-05-04T11:11:02Z
Ugzao24bPzt1tPH2j_J4AaABAg,@hermenegildodasilva9575,I though those guys are smart but they are clowns that try to act smart . Kdot just Killed Drake in every song on this battle.,2,0,2025-08-02T05:42:54Z,2025-08-02T05:42:54Z
UgyjgeqhxkBEsRWJXht4AaABAg,@kywill4468,V12 is the machine you use for the surgery. The daft punk ref from when drake wore mask for the album promo,0,0,2024-05-04T19:50:50Z,2024-05-04T19:50:50Z
UgzTsN6LEnw-erxQ1ml4AaABAg,@10martj,Yea these guys are not in tuned with what’s going on. Too much talking about beats & delivery. Diss tracks were never meant to be bangers.,2,0,2024-05-03T19:57:51Z,2024-05-03T19:57:51Z
UgyPi5k1bLlSIpq4v7J4AaABAg,@bluejournal83,Another Out of touch reaction,0,0,2024-05-03T14:33:46Z,2024-05-03T14:33:46Z
Ugwv8fg-LSongSlqfWN4AaABAg,@bethodom2894,You got it wrong.  Euphoria gets better each time you listen.  No one listens to drakes diss songs.,2,1,2024-08-14T03:42:18Z,2024-08-14T03:42:18Z
Ugyr5MG-s7rqqAgWEbt4AaABAg,@justkendallll,"I stayed away from your channel's reactions of this beef because i thought you were going to be biased. Refreshing to see that isn't the case and not just following what social media is telling everyone to think about the beef. There are more ppl that just bare drake, than ppl that actually like Kendrick and that's so pivotal in how they view the diss",0,0,2024-05-08T05:30:47Z,2024-05-08T05:30:47Z
UgyqoQV7fmAwloGz7zx4AaABAg,@jasonperez7868,Ben was michael Jackson's rat,0,0,2024-05-04T02:15:22Z,2024-05-04T02:15:22Z
UgzXnFecOuZMP9ws7s54AaABAg,@SA-Cali,"I couldn't even finish your video. So much went over your heads. To you credit, y'all did say it was your first reaction and that y'all didn't understand some of the slang. Hated it!!!!",3,0,2024-05-03T18:09:30Z,2024-05-03T18:09:30Z
UgxDhtwf02-6sYJjfy54AaABAg,@starrdogchamp1,"In the history of hip hop battles. There are rules and guidelines. Lyrics of all kind like funny , hard,  factual, diss plus you must have a banging track because they go hand in hand. This track is absolutely terrible. Proof he couldn't hang with push ups",2,0,2025-02-05T02:55:31Z,2025-02-05T02:55:31Z
Ugx-vId17SoeMGIw6S94AaABAg,@AyrtonMartinez-g7k,100% agree with your guys’s take. Great reaction!,1,0,2024-05-03T11:46:25Z,2024-05-03T11:46:25Z
UgwGzE1f_tWtCfEyJVd4AaABAg,@tiffanyjohnson6677,"Kendrick literally ate Drake up, are you on OVO payroll cause this reaction is fishy",3,0,2024-09-08T10:37:59Z,2024-09-08T10:37:59Z
UgxX7D2NSbTyuMUzVX94AaABAg,@mikeoley13,"“Maybe 3 or 4 joints really hit”

Really? I think y’all missed soooo many clever clever bars on this one.",0,0,2024-05-24T00:36:35Z,2024-05-24T00:36:35Z
UgwJq2nSbtXQBjFRQBx4AaABAg,@twilajohnson2313,They say hindsight is 2020 however y’all had some spectacularly bad takes.,3,0,2025-05-24T06:00:13Z,2025-05-24T06:00:13Z
UgxqCcuauJetFcW-HvF4AaABAg,@marceliusbyrd9162,"joe biden The bar is stating that he himself in the hip-hop as the President when he just said he could sit with them Portraits, and not the leader.",0,0,2024-05-03T06:57:54Z,2024-05-03T06:57:54Z
UgzpksOx0g_U8eJV11V4AaABAg,@n.norbertoperez6593,"I was about to respect your reaction, but no. Too much credit to Drake.",6,2,2024-11-20T09:45:19Z,2024-11-20T09:45:19Z
Ugz91WYP4kWbHMOYdVd4AaABAg,@mcasse7131,"I love you guys and have been watching for years, even engaging with the rock/metal reactions. I know Ryan likes Drake more, and it's fine. But this reaction lacked objectivity. Not to be dramatic, but it kind of reminds me of when you guys liked MGK's diss more than Killshot by Eminem; it actually seemed reasonable back then. However, you simply cannot apply the same rules here. Kendrick clearly bodied Drake, not saying that Drake didn't do some work, though. But you have to at least acknowledge that Kendrick was more direct. And even the argument that Drake had a better flow and beat doesn't mean Kendrick had the ""grandma rhyme"" you mentioned in your video. I don't know, guys, I want to hear you speak more about this in a future video maybe after some more listens and reading of comments, ik you love sticking to your opinions and calling it being « real » but please consider MAYBE just MAYBE you’re wrong on this one",0,1,2024-05-04T00:14:31Z,2024-05-04T02:02:53Z
UgyXGh-8f071JkZrrLR4AaABAg,@tomcarlos7195,bro u guys are biased af,2,0,2024-09-24T18:17:16Z,2024-09-24T18:17:16Z
Ugwv1xZA45ycIQ3S8Qh4AaABAg,@yaboi3890,Isn't it hard for yall to catch a vibe by talking so much? Lol we don't need a 1hr breakdown,1,0,2024-05-15T19:28:41Z,2024-05-15T19:28:51Z
UgxSTVy6G6xb5YVGosZ4AaABAg,@ak.7274,"From the 2 of ya'll..this reaction is hella DISAPPOINTING! 😞....Kendrick ended this back n forth with this track. So many layers, 3 switch-ups, several rapping styles in between....etc.",3,0,2024-05-03T15:03:29Z,2024-05-03T15:05:36Z
UgxUxts-MdrA42tcSKd4AaABAg,@stevenkanguya5087,I use to be a follower but now 😂😂😂 you have shown me that you just two grown ass goofies,1,0,2024-07-09T01:25:52Z,2024-07-09T01:25:52Z
UgyYyI4c8X21on41-hh4AaABAg,@jasonhead4280,I swear these guys don't really like songs that require some effort to get. This is a masterfully crafted diss track. I feel like these guys shouldn't react on the first listen of anything because most stuff goes over their heads on their first listen.,0,0,2024-05-04T03:56:30Z,2024-05-04T03:56:30Z
UgxQ-ovTCuxech74hYd4AaABAg,@lucillepalmer9206,"Wow, 🫢y’all missed the meaning of so many bars, 😬GAME KEEPER, DEDUCT ONE LIFE😬",1,0,2025-06-16T18:10:42Z,2025-06-16T18:10:42Z
UgwCiRfcSZItraDfbZZ4AaABAg,@Herunikoshima,"DAAAAAMN, this is not looking good for you guys. This review is not going to age well....",3,0,2024-05-03T05:55:03Z,2024-05-03T05:55:03Z
UgxsZWG_jOj3qRjRtSB4AaABAg,@karasmith348,Let me watch the rest of the reactions... because this was bad,5,1,2025-03-04T05:58:40Z,2025-03-04T05:58:40Z
UgwXzeKqM1kB69lhESx4AaABAg,@worknotworking,Y'all. Don't. Miss.,0,0,2024-05-03T14:38:52Z,2024-05-03T14:38:52Z
UgwhMTAex_8uu0A4Vm14AaABAg,@TeaTime-tb3po,"Boy, both of your takes on Euphoria did not age well. Euphoria is a classic and its lines are aging like fine wine. More than a year later, Drake is still spiraling. Euphoria pulled the trigger on Drake. MTG unleashed a barrage of kill shots on Drake and NLU  was just pure dancing on Drake's grave.",4,1,2025-08-12T16:03:33Z,2025-08-12T16:03:33Z
UgzjBIZl65vd6CDCzsd4AaABAg,@mrrabvukwa,"The day these lot were riding and hoping Drake wins 😂😂😂
Talking about childish while the other guy literally just called the other dude short and has smal feet yeah ok 😂😂😂😂

From time to i, that ryan dude reacts to how george is reacting",0,0,2025-06-14T14:17:04Z,2025-06-14T14:17:04Z
UgzG_09qDGMXG4qHqLh4AaABAg,@h4brid992,L reaction,5,1,2024-11-22T19:31:21Z,2024-11-22T19:31:21Z
UgzTmUj3zH9cEqqyIWJ4AaABAg,@jayleon8090,His voice approach on this diss sounds odd I can't take it serious,0,0,2024-05-04T18:24:47Z,2024-05-04T18:30:13Z
UgyBiQc7LnMzOU-rLrZ4AaABAg,@logicthoughts2997,"Im only disappointed in George, Ryan always seemed to appreciate vibes more and thats cool. George usually gives great insight even if he doesnt like the song. It was nasty work by yall. Im cool with yall having Drake winning though I disagree. But it was no yin and yang or attempt to give lines that deserved credit and time any acknowledgement. Your past reactions to kendrick show the differnece in how yall approached this. Everyone saying this stuff isnt a stan, yall just showed clear bias on this but in your page details it says unbiased reviews. God bless. *NOBODY JUST A THOUGHT*",0,0,2024-05-21T16:45:00Z,2024-05-21T16:45:00Z
UgzE4VjzbBvarPm0XEh4AaABAg,@Dante_undeniable,I have lost all respect for this page😂😂😂😂,1,0,2024-07-07T12:31:48Z,2024-07-07T12:31:48Z
UgyHgexKOrnqwIfC5zx4AaABAg,@Street_passion,Theres something about using the word 🥷is specific to American BLACK culture.  I think Kendrick painted up Drake like a fake Canadian poser and hit him HARD.  Kendrick is wayyy too talented to play around with,0,0,2024-05-06T15:05:11Z,2024-05-06T15:13:57Z
UgzPsTIskKA3CgPJY0R4AaABAg,@jbonniebanks,"What are these dudes talking about, man? I've been  hip-hop fan since before. KRS  one did The bridge is over and I can tell you that Kendrick. Lamar bodied drake on this track. Drake is coming back from vacation to find out he's fired",1,0,2024-05-29T00:43:30Z,2024-05-29T00:43:30Z
UgyN2hX-19CqE2XYLQF4AaABAg,@Chacodee,You guys are not really serious about this You Tube money,0,0,2024-05-04T13:34:08Z,2024-05-04T13:34:08Z
UgwGTDxDfnCTPYArkyp4AaABAg,@KrisSlamDuncan,i had to come back to this one to remember how hard y’all closed your eyes for this. but y’all still goats,0,0,2024-06-10T22:19:22Z,2024-06-10T22:19:22Z
UgxmJ8cwAZGev7nzRAh4AaABAg,@darkdistructer,"Absolute worst breakdown in this battle, oof",4,0,2024-09-23T12:02:43Z,2024-09-23T12:02:43Z
UgxMk8SYboZkr3AASlN4AaABAg,@Jtrain2619,Agreed. This track is so mid.,1,0,2024-05-04T04:59:41Z,2024-05-04T04:59:41Z
UgxWldorEurWbBQvriF4AaABAg,@miaaaaaapiiiia,"It would be a landslide if Drake responded? Y’all are crazy. Kendrick was slick, he had quintuple entendres, much more complex than Drake’s……",0,0,2024-05-03T19:46:02Z,2024-05-03T19:46:02Z
UgzerqKlpprG5a5gZk94AaABAg,@grymeyworld,I rock with y’all but your takes on Kendrick in this battle was disappointing,3,0,2024-05-05T16:09:24Z,2024-05-05T16:09:24Z
Ugwwb55qezJhKGV-6zN4AaABAg,@ryanbenally8148,Love y’all but Knox Hill did a better reaction.,1,0,2024-05-03T07:52:32Z,2024-05-03T07:52:32Z
UgyuzTwYQ_QZ2mk__ZR4AaABAg,@ozzymar2869,"I agree on the delivery but nothing drake says has substance because one “he ain’t from that culture” it’s just a mask he puts on so why give him credit for whatever “hard” thing he says. Also, he people doesn’t even write the stuff he does says. Kendrick had more substance and brought up real topics like drake playing on American black culture, he being a dad (I believe the baby momma has the kid so he doesn’t get to wake him up and put him to bed every day) plus there’s a lot of things that will go over all our heads which will start being brought up in the coming days. This is by far better",0,0,2024-05-03T21:28:53Z,2024-05-03T21:28:53Z
UgzTNYbxsJmgnVWDHCR4AaABAg,@christophercriebaldi8451,Tell us how much they paid you to disrespect a classic. The biggest in the game of outsourcing 😂,0,0,2024-05-31T01:04:21Z,2024-05-31T01:04:21Z
UgyM608FRlzHZJbOp5x4AaABAg,@lonestarstateofmind3708,Just want to say this is probably the worst reaction I watched. Congrats,5,0,2024-05-17T19:27:59Z,2024-05-17T19:27:59Z
Ugzc_5_ICjra98gB7Od4AaABAg,@obakengserame8372,"But Bar For Bar Kendrick was exposed. Like really exposed. it wasn't even close. Kendrick really isn't a battle rapper. His story telling tendencies wastes alot of bars. he didn't need 8 bars to explain the YMW Melly Bar. The core fans stomach Bar was hard. If Kendrick battled 10 dudes, he would probably need a 30 min song.",1,0,2024-05-22T19:22:37Z,2024-05-22T19:22:37Z
UgxNQBAX6pJJCrkxJ6t4AaABAg,@GVOS24,"Nah these Guys are the better reactors on YouTube… they actually give you some more backstory behind the tracks than others. Literally every other reactor exaggerates like hell, you Kids don’t understand 😂and that’s why rap battles are dead",3,0,2025-05-01T11:16:47Z,2025-05-01T11:16:47Z
Ugw1tQ7MFdB7n-6Cscx4AaABAg,@blood9903,a lot of the silly cadence stuff is literally just to mock drake. like drake is literally a kid in a room of adults.,1,0,2024-05-03T09:15:31Z,2024-05-03T09:15:31Z
UgxMSSw2XOtHjN-hREB4AaABAg,@robfoster8356,"This video popped up on my algorithm. All I can say is that history is always undefeated lol. People are going to look back & wonder if ya'll were drunk, high, or disengenious lol. Bro w/o the hat gave away that this was probably a forced reaction. Integrity (or lack there of) will always get exposed. 

Feels like you guys may be musicians, so I will watch some more videos. But my first impression is that yall are looking very crazy 😂.",1,0,2024-12-12T18:34:47Z,2024-12-28T17:21:29Z
UgzL7VZ_KwF4FPQlWt94AaABAg,@aleksandergorczyk1582,Guys u suck about reactions since kamikaze of em so what are we talking about it here 😂,0,0,2024-05-08T23:40:38Z,2024-05-08T23:40:38Z
Ugw8FeQbldrFAM-Kwfl4AaABAg,@therealest_abstract,"Disappointed. Crazy how a lotta crazy bars went over yall heads.

I remember in that Push Ups reaction, y'all was hyped asf and promised to give Kendrick the same feedback when he stepped in the ring. Turns out that was a lie lol.

Seems to me you guys had already made your mind up about the response because Kendrick's various ""voices"" are distasteful for y'all 😭 

It's okay to like Drake more. Just be honest about it. That unbiased talk seems like a front",3,0,2024-05-03T09:52:10Z,2024-05-03T09:52:10Z
Ugy81zMrbGMX6f5L75N4AaABAg,@jojikz,weakest Aubrey's fans kkkkkkkkkkkkkkkkkkk,1,0,2024-07-11T05:36:13Z,2024-07-11T05:36:13Z
Ugwk-GhfzpphOVm-K814AaABAg,@Bruhstacean,"Kendrick is super nice with it.  I totally understand why he gets as much hype as he gets - but for whatever reason, his voice and choice of flow just doesn’t do it for me 🤷‍♂️  
But these diss tracks are hard af. 
Drake should probably just  sit down, and be humble.",0,0,2024-05-05T19:10:22Z,2024-05-05T19:10:22Z
UgzbsOQ_QCa7Iw6KR-V4AaABAg,@benbell5905,Y'all need to think quicker. Listen again and do research.,0,0,2025-04-29T12:38:26Z,2025-04-29T12:38:26Z
UgxXX0wIfO8xcVDS-KR4AaABAg,@sven7037,I'm the biggest hater!!!!!!!!!,2,0,2024-07-13T22:52:28Z,2024-07-13T22:52:28Z
Ugy376m2jhjJVZzJpvp4AaABAg,@k.terrez,"I'm damn near addicted to these beef reactions and breakdowns, yet I could not get past the first verse. Y'all really have no business reacting to this. Shame on y'all... 😢😂",0,0,2024-05-27T00:15:19Z,2024-05-27T00:15:19Z
Ugzm-onoBPGoMcMlJM94AaABAg,@cheychey_pronouncedShy-Shy,Simply…yall suck at this…just watch any other breakdown,2,0,2024-05-26T16:28:04Z,2024-05-26T16:28:04Z
Ugy_3h1V3qz-dgWiBLh4AaABAg,@Spook_5150,"This was no competition, Drake bodied Kendrick with just 2 track, Family Matters & The Heart pt 6, the A.I. track was dope also, this shit is wack, da only thing dope at Not Like Us is da title, da beat is a joke & da lyrics was kindergarten",3,2,2025-06-02T09:32:43Z,2025-06-02T09:32:43Z
Ugx8lHPoorU5bp52_Ep4AaABAg,@houdagridda2058,woah Kendrick's fans are really going crazy frr... I start to become sick of it seriously. They be coming at anyone who doesn't like Ken's delivery or songs like the dude is a god.,2,0,2024-05-05T21:56:43Z,2024-05-05T21:56:43Z
UgxptmCc-tfVUi0oos94AaABAg,@truthseekercanada,Andrew Jackson and Benjamin Franklin pics in Joe (Bidens) house,0,0,2024-05-03T22:39:35Z,2024-05-03T22:39:35Z
UgwYhfHbV28ZsdmMheN4AaABAg,@dejones803,"After rewatching this, yall are definitely biased towards Drake. To say Kendrick didn’t come DIRECT at Drake is asinine and completely wrong.",1,0,2024-05-04T01:13:23Z,2024-05-04T01:13:23Z
UgwsCreqdS4ugVWBicl4AaABAg,@Cmar24,This video is an L,3,0,2025-04-05T14:06:19Z,2025-04-05T14:06:19Z
Ugz7TRq1dghUAR9No194AaABAg,@alvinedingtonjr.3145,This take is embarrassing,5,0,2025-08-05T01:36:08Z,2025-08-05T01:36:08Z
Ugx_Jl0Q5LJLR7DCJLZ4AaABAg,@PSYCHOV3N0M,"This approach sounds childish??

Are you guys insane???

🤣🤣🤣

Kendrick is out for blood in this song.",1,1,2024-08-27T08:19:04Z,2024-08-27T08:19:04Z
Ugz8hBhlxcd7BtCimxZ4AaABAg,@OohSoGANGSTA,Boomers,1,0,2024-05-03T19:35:05Z,2024-05-03T19:35:05Z
Ugy9ZwGusvdWuu_YbvV4AaABAg,@askwhy711,"Say man,
How old are you guys?

How’d y’all miss the Teddy P sample in the very beginning.

“My latest, my greatest inspiration.”

I wonder what rappers y’all came up on and what “Old school” RnB y’all came up on?

This a sad review/reaction.
IMO 🤷🏾‍♂️",0,0,2024-05-04T06:38:04Z,2024-05-04T06:38:04Z
Ugz2AL8UwP3VfpvXm7l4AaABAg,@im_Jasper,Drake cleared this ngl,5,1,2026-05-04T00:54:36Z,2026-05-04T00:54:36Z
UgxKZQtHTf0aKS7jg9t4AaABAg,@TheKennyMas,The dissection of this track is pretty lazy to me..,2,0,2024-05-03T09:55:34Z,2024-05-03T09:55:34Z
Ugy1m8GGYibaxcK5Bu94AaABAg,@YoQuis,ngl y’all did a whole bunch of talking just for the song go over y’all’s head and y’all not understand a thing he’s talking about💀,1,0,2024-07-03T03:13:16Z,2024-07-03T03:13:16Z
UgzWbOB1RNAsUi3LglB4AaABAg,@mesgna,"i always thought Lost of Vegas has got some in-depth analysis. i admit you guys have made some fantastic reactions over the years , but on this one it seems you are looking for a punch line , which any rapper can do . This one more of analytical, too many in depth meanings . I guess over the years you guys become to comfortable and become a bit lazy .",1,0,2024-05-24T05:04:42Z,2024-05-24T05:04:42Z
UgzRHZUPt_NLjIO276x4AaABAg,@Ryan-ot1np,"""I make music that electrify them, you make music that pacify them"" as this man is mumbling over an elevator music beat lol",3,0,2024-05-11T15:43:23Z,2024-05-11T15:43:23Z
UgwYRXDGhaz2V97NGol4AaABAg,@Treesan,"Yall two are clearly one sided in this lol. As a track, yeah Drakes will sound better in a club... but if we really compare what was said and how thing's were conveyed euphoria is technically and mechanically better.",1,0,2024-05-03T11:13:19Z,2024-05-03T11:13:19Z
Ugwfa6-ICqc9LN2AkEF4AaABAg,@PhilosophicalThumbs,Drake was not slick nor witty it was surface level  idk this song has levels,0,0,2024-05-03T06:01:55Z,2024-05-03T06:01:55Z
Ugxvy_gCnfvJI3RIJ894AaABAg,@highwaytothelost,Spent a whole hour to try to say why Kendrick aint that guy. Nah,0,0,2024-07-04T06:25:30Z,2024-07-04T06:25:30Z
Ugz9sqGV2g4jKJAUkvd4AaABAg,@MHISD,kendrick's delivery not good enough for these guys ...,2,0,2024-05-15T22:51:33Z,2024-05-15T22:51:33Z
UgxeZUQLofTI-iNVRat4AaABAg,@mishaalshukaili,Drake is getting too much credit all he did was call kendrick short and wears a size 7.. we don't care about that,1,0,2024-05-04T17:23:40Z,2024-05-04T17:23:40Z
UgzHMQzU9eFw2e7NU5V4AaABAg,@50_Til_Infinity,"I can’t watch these guys, stopped at the Fubu line, ramble forever, stop at the Fubu line AGAIN, ramble. Like let it play a little bit",2,0,2024-05-06T18:28:24Z,2024-05-06T18:28:24Z
Ugx7pn_R9TY3FEwwNyZ4AaABAg,@johnwick8516,Kendrick is one of the best lyricists out there but the beats and the vocal technique he used make it less impactful than Drake’s diss ! Drake was more efficient imo but nobody killed anybody here ! It’s not easy to diss guys like that ! Everything has been said about Drake and Kendrick seems to be a good person so 🤷‍♂️ !,0,0,2024-05-03T08:44:20Z,2024-05-03T08:44:20Z
Ugz2OCM9in3zPOAjxmN4AaABAg,@JeremyE123,"I rock with yall, but saying this ain't beating push ups is crazy. A lot of what was in push ups was directed in all sorts of directions. And this is an entire track made at Drake. At the point this song came out there was only two diss tracks, one being some AI BS and the other being Push ups. I feel like yall missed a lot of bars in this an I've never seen yall miss this much tbh.",0,0,2024-05-07T18:49:59Z,2024-05-07T18:49:59Z
UgwrTXGYBqEDVAxn2DF4AaABAg,@EltonZulu-bi3pf,Nah im a bit disappointed with your reaction,1,0,2024-08-23T21:45:35Z,2024-08-23T21:45:35Z
Ugxzw5-DeAQTL9WPaht4AaABAg,@joeldraper,Joe Biden lol he’s the president.,0,0,2024-05-06T23:46:54Z,2024-05-06T23:46:54Z
UgzOXiVWTA2cBDWNjR94AaABAg,@adhamuzz,I hate bias reactions,0,0,2024-06-07T09:37:00Z,2024-06-07T09:37:00Z
UgzDeVvyTOqsHs9T9XJ4AaABAg,@TheeBlackGuy,u cant be this slow… can you?,1,0,2024-06-30T18:55:45Z,2024-06-30T18:55:45Z
UgxzFNFc_bmGdLJXu8B4AaABAg,@kakechi,"Unbiased reactions from true hip hop fans, i like this",4,0,2024-06-10T15:20:29Z,2024-06-10T15:20:29Z
Ugwl-1TsOr297TtEMkd4AaABAg,@Professorxrh17,The Joel osteen bar is terrible lol . He got his white man wrong .,0,0,2024-05-04T22:46:49Z,2024-05-04T22:46:49Z
UgxY4oHa3ZVRjd_py2x4AaABAg,@Guy-bm5wh,"Reactor: doesn't immediately scream and praise Kendrick while dismissing anything Drake

Comments: OV HO",1,0,2024-06-26T11:52:41Z,2024-06-26T11:52:41Z
UgySoksZMvVTFgwoX3R4AaABAg,@JoaoAlves-yx3rb,"This is so funny, Kendrick may be too smart for americans lol",2,0,2024-05-10T08:54:01Z,2024-05-10T08:54:01Z
Ugwgvx6gslywLmfFPzd4AaABAg,@malcolmjohnson3959,Yall so phony!!!,2,0,2025-04-06T04:45:12Z,2025-04-06T04:45:12Z
UgzXdUNBJB8NPQfIpQ14AaABAg,@LetlatsaM,Nope! Kendrick wins.,1,0,2024-05-03T18:46:03Z,2024-05-03T18:46:03Z
