comment_id,author,text,like_count,reply_count,published_at,updated_at
Ugwo9Nx2p2I1CABy12F4AaABAg,@allrapnation,Kendrick Lamar is doubling down by dropping another diss track 👀🔥,14496,280,2024-05-03T13:35:42Z,2024-05-03T13:35:42Z
UgzsJO-xNdzRJ1dk-HJ4AaABAg,@TyLethal,I still visit this tombstone sometimes,759,22,2026-08-02T23:58:22Z,2026-08-02T23:58:22Z
UgwU6usXUj21WrN8axZ4AaABAg,@Rickenewyork,Sucks it’ll never be on streaming platforms. I’d play this song alllllll the time,62,0,2026-09-04T02:09:43Z,2026-09-04T02:09:43Z
Ugy7vcddAcxFFmidcnJ4AaABAg,@mustaddseed,"Here after finding out this a reference to ""100"" video shoot.",479,29,2026-08-07T08:26:42Z,2026-08-07T08:26:42Z
UgyKgfSjy7YdEhm4SWB4AaABAg,@thatnerdnyx,Unironically my favorite song from the beef,2481,43,2026-01-29T02:56:01Z,2026-01-29T02:56:01Z
UgzCIXg5_5mNBNw8wwB4AaABAg,@TheZeroDestroyer,"Drake: lol...your short

Kendrick: God forgive me for what I'm about to do.",12577,43,2024-05-18T13:01:22Z,2024-05-18T13:01:22Z
UgxLHk6lhHz0gXngqzl4AaABAg,@wudahman1,6/16/2026 I was here 🫡✌🏾💯🤣🤣🤣,152,0,2026-06-17T02:37:12Z,2026-06-17T02:37:12Z
Ugzsq0_nce3SBuYTFtZ4AaABAg,@noahp.531,the fact that kendrick started PRAYING FOR FORGIVENESS for what he was going to do with his gift in the middle of the song is crazy 😭,7096,38,2024-06-04T09:07:56Z,2025-02-22T00:00:30Z
UgwAduygErTwlm2jGHF4AaABAg,@bptnmrphy3991,This should be a warning to everyone who likes to play both sides,62,0,2026-08-08T20:30:18Z,2026-08-08T20:30:18Z
Ugw_Hkrz0S5qrZyBUGN4AaABAg,@statikverse,You know exactly why I am here.,1830,43,2026-05-15T13:09:04Z,2026-05-15T13:09:04Z
UgwT-od9Nl3T7xsjJ3h4AaABAg,@9NinoKe,Who here for the anniversary,1826,21,2026-05-03T12:29:23Z,2026-05-03T12:29:23Z
Ugxj5IoXlKVjAA3PB0J4AaABAg,@majorknight4158,J Cole walking downtown wondering what ice cream flavor he want,20836,103,2024-05-03T15:42:00Z,2024-05-03T15:42:00Z
Ugz4gGTB_creRvaTGPh4AaABAg,@TsumeAlphaWolf,Happy 2 year anniversary everyone!!!,397,1,2026-05-03T12:22:25Z,2026-05-03T12:22:25Z
UgyugKyrPWeSHCCiBYJ4AaABAg,@brentonbogan7326,Just stopping by again to change the flowers on the grave…,9236,177,2025-04-05T06:19:46Z,2025-04-05T06:19:46Z
Ugz2H8ZSwYgHqNiJ7PZ4AaABAg,@93ohgee,3 albums of Drake released & i needed to come back here for a cleansing,1282,24,2026-05-15T12:21:47Z,2026-05-15T12:21:47Z
UgxYNUUcTsAyCnzRr-p4AaABAg,@slipperybiscuits4864,J Cole walking outside enjoying the birds and sunshine rn,43548,413,2024-05-03T14:03:33Z,2024-05-03T14:03:33Z
UgzZZrUlWD384V578Tx4AaABAg,@MDotBeats,Here after the Lawsuit dismissal - this song aged like fine wine,1936,14,2025-10-13T17:40:16Z,2025-10-14T02:14:28Z
UgwEYvA47fafpBpJGqt4AaABAg,@quintezgarcia9439,"Like that- Call out
Euphoria- Warning
616- Sharpening the blade
MTG- Murder
Not Like us- Funeral",4746,100,2024-07-08T21:49:13Z,2024-07-08T21:49:13Z
Ugy3iCUu60xB3a02cF14AaABAg,@levz360,This song got overshadowed too quick but its such a smooth killer,7598,44,2024-05-06T19:51:25Z,2024-05-06T19:51:25Z
UgzX1ap0RFrmMmYvHPB4AaABAg,@許維哲-r9d,at this point I'm just gon thank Drake that I can hear Kendrick's new music this fast,33423,279,2024-05-03T13:48:53Z,2024-05-03T13:48:53Z
Ugz9UiBbuUX9eqJSrK94AaABAg,@smokescreenFromThe6ix,Had to drop back in.  It really does get spooky in October.,719,0,2025-10-14T15:14:59Z,2025-10-14T15:14:59Z
UgyQJCDaOJBd9evwBpF4AaABAg,@caseyjohnson1862,“Somebody lying I can see the vibes on AK even he compromised let’s peel the layers back” has a whole new story 😂,3660,27,2025-01-28T04:04:11Z,2025-01-28T04:04:11Z
Ugyyex_bp0wmkxUEme94AaABAg,@bad_teammates,"""I live in circadian rhythms of a shooting star, the mannerisms of Raphael, I can heal and give you art"" what kind of man puts this poetry in a diss track???",9915,130,2024-05-11T14:36:54Z,2024-05-11T14:36:54Z
UgwlASkWMhNYgLdijwt4AaABAg,@anathinorexe8048,Cole at his crib tryna figure out what movie he'll watch with his family tonight.,6376,22,2024-05-03T17:00:14Z,2024-05-03T17:00:14Z
Ugx84jiBM450Ty9Qc_94AaABAg,@LimusTG,The sleeper hit of the battle.,121,0,2026-04-15T00:39:54Z,2026-04-15T00:39:54Z
UgwXbWQ4CTJsOKMsuut4AaABAg,@kerchstval8916,This why your parents tell you leave them quiet kids alone 😂😂😂,33821,286,2024-05-03T14:23:00Z,2024-05-03T14:23:00Z
Ugzz1_tNib9Xm-wGw7V4AaABAg,@ryanfetsch5474,“I live in circadian rhythms of a shooting star” as the synths go off in the background is such an ethereal feeling i fucking love it man ill never stop coming back to this,1007,7,2024-11-25T20:33:57Z,2024-11-25T20:33:57Z
UgyIpx4LVtF9Hl_VsE14AaABAg,@foodman561,The grave tone in “have you ever thought that OVO is working for me?” gives me chills every damn time,704,1,2025-02-16T04:44:28Z,2025-02-16T04:44:28Z
Ugyq45XNf6sfffk2wQt4AaABAg,@augustjackson-3970,Most important diss in this whole feud in my opinion.,26,0,2026-07-25T19:45:49Z,2026-07-25T19:45:49Z
UgyuUwKU6il84G905dh4AaABAg,@explodingporpise,Has no one stopped to consider the societal ramifications of letting Kendrick taste human blood,15633,107,2024-05-03T14:47:17Z,2024-05-03T14:47:36Z
Ugyr7UMTcrqSyXo0C514AaABAg,@NathanielBrown-q4h,"Easily the most underrated song in the beef. Almost no one has talked about it after the beef has finished, but I think it deserves a lot more recognition.",7172,119,2024-11-15T21:17:21Z,2024-11-15T21:17:21Z
UgxRY2xpZZDfEIpFcVd4AaABAg,@damarcusking9014,I've never heard Drake rap this good on none of his songs.,55,0,2025-12-15T03:10:55Z,2025-12-15T03:10:55Z
UgyFO3ITczYM8eN25Z14AaABAg,@Killmonger88888,If we being honest this aged to well 🍷,100,0,2026-03-17T08:21:18Z,2026-03-17T08:21:18Z
UgyI2xRGCJ8-BVmfOQh4AaABAg,@darnellbarnes1756,I’m still here for this,1609,47,2026-03-06T01:45:23Z,2026-03-06T01:45:23Z
Ugwq6OuSFik4H6walbV4AaABAg,@kayjami1996,the forgotten track....the assassin's prayer,9899,52,2024-06-02T11:29:40Z,2024-06-02T11:29:40Z
UgwCxjn8pfzN4VdO9pl4AaABAg,@Djang0Beats,Yet another song for Adonis to play when he get grounded,11277,66,2024-05-03T17:22:46Z,2024-05-03T17:22:46Z
UgxE5jAKrEIObw3bmDt4AaABAg,@Bolllocks,Regularly scheduled check in.,206,1,2026-03-26T18:31:36Z,2026-03-26T18:31:36Z
UgysAjXNhx_YgnuYZHJ4AaABAg,@jewelxxett,hate that this is the most ignored out of all the disses it’s so hard,4521,67,2024-07-01T02:16:44Z,2024-07-03T01:21:21Z
Ugxwm770ypEL4wEsXpV4AaABAg,@jamesbas1985,"J. Cole just flip the cool side of the pillow, sleeping peacefully 😅😅",5427,32,2024-05-03T14:16:25Z,2024-05-03T14:16:25Z
Ugx-bn7_YfmvAJTDNIh4AaABAg,@Juuuuulio,This is the most sonically pleasing diss record i’ve ever heard tbh,4966,34,2024-05-06T06:56:29Z,2024-05-06T06:56:29Z
UgxOIFwuzBIr7uMng014AaABAg,@fncm3421,This is when the battle ended .,17,0,2026-07-19T12:09:16Z,2026-07-19T12:09:16Z
UgwbbW-ZvTL7rxR8jMt4AaABAg,@Drixan,"J cole waking up this morning saying ""See, This is why I did what i did""",10807,189,2024-05-03T13:46:21Z,2024-05-03T13:46:21Z
UgwZ7Ckd-fNSLIzAzTV4AaABAg,@a.r.t93,"""there's opportunity when living with loss,
I discover myself when I fall short.""
A life gem of a line In the midst of a Rap battle is a very Kendrick thing to do.",192,0,2025-07-26T14:33:16Z,2025-07-26T14:33:16Z
Ugz4t498WM9ftz72bwx4AaABAg,@mormagik_gaming,It's about to be 2 years this feels like it was just last year 😭 time flies like wtf,292,6,2026-01-07T15:30:14Z,2026-01-07T15:30:14Z
UgxOaGF-90yt2iu_XVp4AaABAg,@ahmed3thousand,"“Can’t toosie slide up outta this one, it’s just gone resurface. Every dog gotta have its day now live in your purpose”🔥🔥🔥",13,0,2026-07-26T07:14:51Z,2026-07-26T07:14:51Z
UgyzAix0NhIu52BH2ZV4AaABAg,@joeyaustin6906,This was so slept on because it’s not on streaming services. I’m back here in 2026. Masterpiece !,63,0,2026-02-12T16:35:35Z,2026-02-12T16:35:35Z
UgwCJhMVuPf4DtzyDX14AaABAg,@Mxnia,"Kendrick’s prayer may have worked he got five Grammys, a Super Bowl, and five more awards after this beef 😭",260,2,2025-06-20T13:47:13Z,2025-06-20T13:47:13Z
UgxcB7TCPqcJPCPaqrN4AaABAg,@overlord6815,"I don't care what Drake or anyone around him says, I know this song got to him when it came out. He's been moving different ever since.",467,15,2026-03-12T06:59:16Z,2026-03-12T06:59:16Z
Ugzy4nxQIHn6ISqzGdV4AaABAg,@kingmarkseven17,"""If you was street smart then you woulda caught that your entourage is only to hustle you.""
I feel like his lawyers hustled him when they followed through with that lawsuit that got dismissed.",41,0,2025-10-14T05:34:51Z,2025-10-14T05:34:51Z
Ugw4VvsW2-wkF5YBsXJ4AaABAg,@Zaneandcole,The fact that this and euphoria were basically warning shots,2143,9,2024-05-04T07:57:17Z,2024-05-04T07:57:17Z
Ugzi1PhXEel0-b2Grvp4AaABAg,@ericrrdz,That conversation with God is pure poetry.,3043,17,2024-05-14T23:23:56Z,2024-05-14T23:23:56Z
Ugxb75XurcTRhIPyjQR4AaABAg,@J.D.416,That prayer was the hardest part of this entire beef.,1440,7,2024-05-28T23:22:05Z,2024-05-28T23:22:05Z
Ugw1UDSPiTJgMAEGTxV4AaABAg,@IshmellVladimir,This was a Drake AND Game diss. 🔥🔥🔥🔥🔥🔥🔥🔥🔥🔥🔥🔥🔥,7,0,2026-08-27T20:17:22Z,2026-08-27T20:17:22Z
UgxeyhZsBNhDxUnSg114AaABAg,@aabentertainmentco3786,We got more homework for the weekend,272,0,2024-05-03T15:01:23Z,2024-05-03T15:01:23Z
Ugy_H096_se4Qe1IV9x4AaABAg,@tyricehicks5944,"Meanwhile, J. Cole just received the bird house he ordered from Amazon last week and he's sitting on his backyard patio reading the assembly instructions.",3269,30,2024-05-03T18:09:18Z,2024-05-03T18:09:18Z
Ugw3TK5-pIES9WlCjwx4AaABAg,@Enwhycee,This and euphoria aged like the finest of wines.,1842,26,2025-08-14T13:42:51Z,2025-08-14T13:42:51Z
UgzqKxyxM2x4q47JdTd4AaABAg,@idiotmizu4710,still the best song of the beef,7,0,2026-09-02T21:51:31Z,2026-09-02T21:51:31Z
UgxKCmOBCOWpy6Q97Kh4AaABAg,@TheLo4Short,Monthly reminder real rap always prevails,634,5,2025-06-22T02:34:11Z,2025-06-22T02:34:11Z
UgwZ7qf3wc7sdLNNvUh4AaABAg,@hoodiejayo,This is Dot officially declaring war. The man prayed before killing someone. This isn't normal bro.,2149,28,2024-07-06T19:13:59Z,2024-07-06T19:13:59Z
UgzWFpuBKolaSAWDgad4AaABAg,@kevinriley962,J cole is standing on his porch in a robe rn just breathing in the fresh air,4053,54,2024-05-03T14:47:08Z,2024-05-03T14:47:08Z
UgzfuLi9VUbwLnZj6394AaABAg,@WakaLisa,This track aged like wine,10,0,2026-08-04T13:49:31Z,2026-08-04T13:49:31Z
UgwbSRN3m7AY2fmhMad4AaABAg,@toyobro2414,You know its bad when your opp praying for you to do better 😂,1576,8,2024-05-03T15:41:03Z,2024-05-03T15:41:03Z
UgwGI2PqYXmHl_aZmEZ4AaABAg,@zyhru,Most underrated track out of all the diss tracks,10278,129,2024-05-05T23:55:10Z,2024-05-05T23:55:10Z
UgzJKsv_EDWDi7hfg-d4AaABAg,@DaNegus,"kendrick actually giving him spiritual guidance , dissing and helping him at the same time 😮",290,0,2024-05-03T20:54:12Z,2024-05-03T20:54:36Z
UgyC899MPu9r5j2xO914AaABAg,,Best song in the beef.,5,0,2026-09-13T06:40:30Z,2026-09-13T06:40:30Z
UgxMN7i8jzhTytNB4vN4AaABAg,@Lightningsword555,"“I’m sorry that I live a boring life I love peace”


Ima start using this now",1936,14,2024-05-03T16:35:10Z,2024-05-03T16:35:24Z
Ugx4lQolfJ3ALefkW394AaABAg,@anthonymacias6004,"J. Cole is just enjoying his morning coffee, both hands on the mug that says ""#1 Dad"" as he takes the first sip, pulls back and lets out a relieved ""Ahhhhhhhh""",2642,21,2024-05-03T19:47:30Z,2024-05-03T19:47:30Z
Ugyzs-V5KVAkTw4KlLV4AaABAg,@audioplayrecords,"J Cole scrolling uber eats right now saying, ""Babe? Pepper steak or dumplings?"" as he turns to himself and whispers while doing a little dance and says, ""Why not both?!"" ;-)",2159,19,2024-05-03T22:48:34Z,2024-05-03T22:48:34Z
Ugw6eVTNLRqx4m1JTwR4AaABAg,@Zankoku11,"Came by to clean off the headstone, I also checked the casket to, those Canadian bones are still in there.",15,0,2026-07-06T14:12:42Z,2026-07-06T14:12:42Z
UgwjcsxTSdgCxd9yelZ4AaABAg,@Huzanamusic,"“Who am I if I don’t go to war?” 
-Kendrick Lamar 2024",2645,9,2024-05-03T13:40:52Z,2024-05-03T13:40:52Z
UgxJbwLd3Uf_3fidmnB4AaABAg,@Purple_Haz373,The most underrated and important song of the entire diss series!,237,2,2025-04-29T00:58:28Z,2025-04-29T00:58:28Z
UgwClI5uxRYAw-lGWgx4AaABAg,@itsjohnnyr8560,"J Cole laying back in his hammock just enjoying the morning air rn, and that mf deserves to.",325,0,2024-05-03T18:06:09Z,2024-05-03T18:06:09Z
UgytWVb9kCGQ_l0H6Pt4AaABAg,@vato32_,I don’t think people realize the layers to this song and how deep it is. This is my favorite diss. Everything is intentional.,39,0,2025-08-23T21:03:38Z,2025-08-23T21:03:38Z
UgxYB67nq6Hn1OuMQDV4AaABAg,@Bruhmoment-os8ne,"I knew it was over when this dropped, he talked to God before killing that canadian",216,0,2024-06-02T23:26:44Z,2024-06-02T23:26:44Z
UgxMnUm76MRuooLTILp4AaABAg,@TheeTrap,"""Back To Back,"" I like that record
I'ma get back to that, for the record",4515,41,2024-05-03T13:38:26Z,2024-05-03T13:38:26Z
Ugwym4KX0XmDwU8oCB94AaABAg,@RedBalloonSky2750,This is the equivalent to setting flowers on a grave. He was so peaceful with it lol,871,3,2024-05-03T17:01:25Z,2024-05-03T17:01:25Z
UgwXY8-ItX9BHbckaS54AaABAg,@Pixeldusted,Red rose white coffins,27,1,2026-08-10T14:05:03Z,2026-08-10T14:05:03Z
Ugwj7AzGin8FBlF9Hgl4AaABAg,@nativewarrior356,"""I love peace, but war-ready if the worlds ready to see you bleed""🔥",827,2,2024-05-18T05:46:41Z,2024-05-18T05:46:41Z
UgyTY8xoUpXlJagWN4B4AaABAg,@Tyler11_,“I’m sorry I’m boring I love peace” damn,5813,65,2024-05-03T13:43:46Z,2024-05-03T13:43:46Z
UgwBMoFvQ_A0FmQ-bYJ4AaABAg,@patb7805,Kendrick has been storing ammo since 2010. This type of hatred doesn't happen overnight.,787,8,2024-05-21T10:58:28Z,2024-05-21T10:58:28Z
UgxUCs_DNqS1HdFraOl4AaABAg,@rilltrill1,He broke that man mental with 5 diss songs I never seen a man get dismantle the way he did Drake For Real,42,0,2025-10-11T18:40:41Z,2025-10-11T18:40:41Z
UgzHk0nq2fdshOQOAmx4AaABAg,@gnarwhal7562,J. Cole wandering around the mall debating which colour shirt would look better on him,758,5,2024-05-03T17:01:44Z,2024-05-03T17:01:44Z
Ugz_Yii4I-JUd2kfvcx4AaABAg,@TheRoywhite,"""I live in circadian rhythms of a shooting star, the mannerisms of Raphael, I can heal and give you art""  - The hardest bar i ever heard",632,9,2024-08-08T12:15:42Z,2024-08-08T12:15:42Z
UgyCjHJYpmPJLyyFraB4AaABAg,@kekethegrizzly,"Cole riding his bike down the block, thinking bro really bought his abs.",416,1,2024-05-03T22:53:17Z,2024-05-03T22:53:17Z
UgzgGwOovP1N-RVK0I14AaABAg,@ivankaygames6341,Who is here because its a good song,93,5,2026-07-27T10:05:17Z,2026-07-27T10:05:17Z
UgwIn12tbEqKp1yTObt4AaABAg,@aaaDKaaa,How could someone listen to this and think “ I wanna rap against this person”. This dude just prayed to god before he disses you and made it sound smooth and dangerous all at once.,529,3,2024-05-21T13:55:47Z,2024-05-21T13:55:47Z
Ugz0I2HKzv9egQaISjt4AaABAg,@thanos879,J Cole just mowed his lawn and sitting in the shade drinking iced tea watching the kids play.,1254,15,2024-05-03T17:14:28Z,2024-05-03T17:14:28Z
UgyJgLkj-tp_YeNfvc54AaABAg,@rayromo2470,"So this song is basically like ""yo think about what you're gonna say in ur next drop bc  I got dirt from ppl u claim to be brothers with"" crazy 😂",2043,23,2024-05-03T15:43:02Z,2024-05-03T15:43:02Z
Ugyy--pNlBg1vJeygRl4AaABAg,@MayraCma,"""the mannerisms of Raphael, I can heal and give you art"" this man is something else...",8,0,2026-06-12T17:08:53Z,2026-06-12T17:08:53Z
Ugx2Yh50dNRlUJO_URF4AaABAg,@kingdza,Kendrick been called Ak compromised lol his songs really were like looking into the future,115,2,2026-01-28T02:04:52Z,2026-01-28T02:04:52Z
Ugwifld1w6snqhSejSh4AaABAg,@boneworksmortal8709,"This shit in my head rent free, its like a prayer before the crashout",1179,11,2024-05-07T20:40:08Z,2024-05-07T20:40:08Z
UgwgIirQoJZTW09AZe14AaABAg,@AldiAnchor,it wasnt ignored only true fans would be bumping this 7 months later. We know the Kendrick we want. *Update* Back again 9 months later to see 1k likes damn!!!,1930,26,2024-12-09T03:11:49Z,2025-02-15T06:04:28Z
UgyhBnl_gUM2tWs8xNN4AaABAg,@e.ttattoo302,i still come back to listen to this heater!,21,1,2026-08-26T16:26:37Z,2026-08-26T16:26:37Z
UgzmER2oF_eosENDrwl4AaABAg,@Angel7523,Drake couldn't get the info from the streets now he's hoping UMG will give him something. This is truly a long life battle with himself.,52,0,2025-08-15T16:07:53Z,2025-08-15T16:07:53Z
UgwksVFNDWy5VJwCNg14AaABAg,@stefavelli,Putting the V12 machine sound in the intro just knowing Drake will recognize it immediately when he hears this diss is absolutely wicked work bro 😂,1571,17,2024-05-03T21:38:04Z,2024-05-03T21:38:04Z
Ugz4jxMcAcx-mkq9iHN4AaABAg,@Centipedestyle89,That Ak line hits WAY different now,2183,18,2024-05-15T17:56:25Z,2024-05-15T17:56:25Z
UgxNtv6eWSO7kCxZxCJ4AaABAg,@MyNameHere101,"How do you hear this and not think to yourself ""Maybe I should just back out now""",38,0,2025-10-13T06:09:29Z,2025-10-13T06:09:29Z
UgxBE1OO1yTfYCa1QB14AaABAg,@Antonez01,"If someone raps about circadian rhythms, don’t mess with them",217,1,2024-05-08T01:22:01Z,2024-05-08T01:22:01Z
Ugxnx8t2xFLMSPCb9cN4AaABAg,@yuhhtrench2200,"""My left stroke just went viral, right stroke turn baby in a spiral"" 😂😂",169,0,2024-05-03T14:22:01Z,2024-05-03T14:22:01Z
UgwUUvhktnS2gRSQlIZ4AaABAg,@KinginWithJosh,This was not supposed to be that much of a diss but Kendricks apology to god for what he was about to do to KidDrizzle. 🤣,59,0,2024-05-10T10:00:48Z,2024-05-10T10:00:48Z
Ugwynruulgp_HiwHxA54AaABAg,@Grover0721,He tried saving him…,7,0,2026-08-26T05:20:59Z,2026-08-26T05:20:59Z
UgxQaSHhIZ1jg5Cui-d4AaABAg,@VinceSteel,"""God, ah, my confession is yours, but
Who am I if I don't go to war?
There's opportunity when livin' with loss
I discover myself when I fall short
Raise my hands to a fallen sky, I fantasize
Me jumpin' planets immortalized, I correspond
Three angels watchin' me all the time
Put my children to sleep with a prayer then close my eyes
Definition of peace
Tell me who gon' stop me? I come from love
Estelle cover my heart, then open me up
Remember when picked up a pen, lyrics that I can trust
Timid soul, stare in the mirror, askin' where I was from
Often, I know this type of power is gon' cost
But I live in circadian rhythms of a shooting star
The mannerisms of Raphael, I can heal and give you art
But the industry's cooked as I pick the carcass apart""

Bruh. What the fuck.",678,20,2024-06-03T20:36:12Z,2024-06-03T20:36:12Z
Ugz1PvBQov1Z-TQ2t_h4AaABAg,@trentwyatt948,"I waited so many weeks to do this and now the time has come.......

It's officially 6:16 in LA",587,3,2024-06-16T13:16:31Z,2024-06-16T13:16:31Z
UgzrpiIiJRzKz7ZCZV14AaABAg,@DAIONE007,WHEN HE DROPPED THIS SONG IT WAS NOTHING DRAKE COULD DO. I KNEW IT WAS OVER. IM HERE LITERALLY 8 MONTHS LATER TO STILL HEAR IT,277,9,2025-01-10T13:45:54Z,2025-01-10T13:45:54Z
UgwquBlM7Khs6v2TtkV4AaABAg,@NeeCee22,They don't talk about this song enough.,25,0,2025-10-28T21:37:34Z,2025-10-28T21:37:34Z
UgySCzh6prn5q9MpC-F4AaABAg,@gettbread,6/16 is canadian fathers day. genius,6430,138,2024-05-03T13:52:19Z,2024-05-03T13:52:19Z
UgxZIIAgNBMEV-Z9Uud4AaABAg,@melthework4511,All those years of sneak dissing finally caught up with drake.,596,3,2024-05-03T19:41:23Z,2024-05-03T19:41:23Z
Ugw6XjJtfCF5uArdUtR4AaABAg,@itsciissfr,"“Every dog gotta have his day, now live in yo purpose”

Mannn… that bar was cold.",1329,26,2024-05-03T18:32:27Z,2024-05-03T18:32:27Z
UgxqwKu9egBCkEEPSvx4AaABAg,@lev3845,"Somebody lying, smell somebody lying!!!!💀",15,0,2026-01-28T21:11:19Z,2026-01-28T21:11:19Z
UgwU7g87aTFp8Ahr7pl4AaABAg,@Aka326,616 today!,64,4,2026-06-16T17:01:11Z,2026-06-16T17:01:11Z
UgztpW0mTKrRyLsiYBB4AaABAg,@DJ_Faatz,Cole at the crib with his dreads  wrapped in one of them Jamaican wraps lighting up candles drinking jasmine tea lol,210,0,2024-05-03T22:53:19Z,2024-05-03T22:53:37Z
UgyJRXJuLHdqECvEA0x4AaABAg,@270_BJames,"""Can't toosie slide out of this one, it's just gonna resurface"" 🥶",741,10,2024-05-03T15:50:54Z,2024-05-03T15:50:54Z
Ugw3cKr4BFoIA5SOnsR4AaABAg,@ThatAwkwardHuman,This beef was so legendary I had to come back,88,1,2025-10-24T18:58:47Z,2025-10-24T18:58:47Z
UgwYFqcPWs7DB1RV8lZ4AaABAg,@BeastBoy557,I don’t ever wanna hear drake is a better rapper than Kendrick ever lmfao. Kendrick slapped him up with like 5 different flows 😂,689,18,2024-05-06T00:34:44Z,2024-05-06T00:34:44Z
UgwHsUoWt32K8_XqBc94AaABAg,@KennyAphayne,"""Fake bully, I hate bullies, you must be a terrible person/Everyone inside your team is whispering that you deserve it/Can't Toosie Slide up out this one, it just gonna resurface"" 🔥🔥🔥",160,0,2024-05-03T13:53:15Z,2024-05-03T18:15:29Z
UgxjDfH6B3Kgy-hUoh94AaABAg,@gmsrebukethetemper2,Old school-ass whooping with an old-school instrumental.,266,1,2024-05-03T15:00:22Z,2024-05-03T15:00:22Z
UgyPTCMf2s-rU6xtNA14AaABAg,@crimsonJapery,"""war ready if the world ready to see you bleed"" is the best line in the whole track because it's true",15,0,2025-08-14T03:10:50Z,2025-08-14T03:10:50Z
UgxopN0i-gcJ_SboNPh4AaABAg,@BeastBoy557,Kendrick really outrapped Drake in 4 different styles,808,9,2024-05-07T12:55:48Z,2024-05-07T12:55:48Z
Ugx3gw4QMQPkwVs4yrR4AaABAg,@Deazy98,"There’s a reason Eminem said “I think Kendrick is one of thee greatest lyricists, not just of this generation but of all time”",1519,20,2024-05-03T20:07:30Z,2024-05-03T20:07:30Z
Ugyo3Vh6c7QAwECwmD54AaABAg,@Death_Rave,"This beef is so damn insane that J-Cole pulling out is actually not a clown move at all, he dodged a nuke",1024,15,2024-05-03T21:16:33Z,2024-05-03T21:16:33Z
UgxOy9fgCq30lPPZrK54AaABAg,@LAL-KM,"In one of the biggest beefs of all time, bro came out rapping like his legacy was on the line…🐐",8,0,2026-02-28T01:19:49Z,2026-02-28T01:19:49Z
UgziL53AIPqEfstb4Ep4AaABAg,@ahamarwahli5856,This not a diss record it’s more of a advice record tighten up your circle Drizzy 😂😂😂,1917,25,2024-05-03T13:59:15Z,2024-05-03T13:59:15Z
UgzJEtKpu14ceOPThll4AaABAg,@sethbrass8326,Kendrick rapped like his Legacy was on the line and he delivered,672,11,2024-05-03T14:27:55Z,2024-05-03T14:27:55Z
UgzrEt5Q-kPdSPVtryR4AaABAg,@Sendnoodles2me,Drake's ghost writters aren't going home soon 😂,1055,20,2024-05-03T15:13:08Z,2024-05-03T15:20:33Z
Ugy1BcXDtJeNXVWUG9l4AaABAg,@BasketBallRapper750,Good to see this Grave again,6,0,2026-08-27T02:49:21Z,2026-08-27T02:49:21Z
UgyfTkcvJXIueyNTBA14AaABAg,@malcolmsattic,He told us in Euphoria he was gonna go Back To Back because he likes that 😂😂😂😂😂 what a fuckin legend,671,5,2024-05-03T13:47:07Z,2024-05-03T13:47:07Z
Ugzlw9ncTvG_KB-W4kJ4AaABAg,@stoneysoraclechannel7839,Still here !!!!!!  Words have never been truer!!!,147,1,2025-08-14T16:36:29Z,2025-08-14T16:36:45Z
UgyUX4fSPm3brQMN_Mt4AaABAg,@justicejustus77,"“It’s survival.” The preservation of the culture. Kendrick feels if he didn’t go to war with Drake, real rap would die!",58,0,2024-06-19T02:23:14Z,2024-06-19T02:23:14Z
UgxjY9-TNrSQyYadTaN4AaABAg,@coryjackson6944,Happy birthday 🎁🎊🎂  Kendrick .,14,0,2026-06-17T10:17:31Z,2026-06-17T10:17:31Z
UgxbVR6610V9k5XZl9V4AaABAg,@number9dreamz,"the most overlooked of kendrick's disses, but this has a different vibe. that intro, biblically weighted lyrics, the way that ominous undertone comes in at the end",195,0,2024-05-08T05:22:33Z,2024-05-08T05:22:33Z
Ugz3baJQMHgDsmVakWR4AaABAg,@LEEUHM,"This song is insane. Him praying before jumping in to the unknown, he knew for a fact his image would be tainted in the process of all of this, shit it might be even more after the fact I type this. But it’s him deciding that exposing some shit and trying to get the people back to consuming what we need and get us trending back toward valuing our values and turning the current culture on its head, I just find it to be very valiant and I remember feeling this song hit my soul when I first listened. There’s something more to take from this than a “Drake diss”

“There’s opportunity when living with loss
I discover myself when I fall short”",850,13,2024-05-09T22:55:23Z,2024-05-09T22:55:23Z
Ugw_jFitRX9CbtwbyZB4AaABAg,@BoxOfCurryos,"JCole woke up this morning with a smile on his face, danced in sunshine and rainbows, and then rode his bike around NYC in peace knowing he avoided this whole beef 😂

Update: Cole seen meditating in Times Square",1748,44,2024-05-03T13:52:04Z,2024-05-03T16:01:27Z
Ugw4YjGss8oljv4sl8x4AaABAg,@Sourcererdolphin,This is the most underrated. It set the tone and includes foreshadowing in hindsight.,47,1,2026-03-13T09:04:40Z,2026-03-13T09:04:40Z
UgzgZOW2aDfUFiG576x4AaABAg,@bIoodhaiI,I'm beginning to realize that a lot of the stuff in this beef isn't meant for us to understand. It is a coded conversation between Kendrick and Drake.,983,25,2024-05-11T20:52:41Z,2024-05-11T20:52:41Z
UgyHMqvavHKx3OaUsL94AaABAg,@neonpiranha3664,"It's actually insane how immersive and atmospheric this song is, esp with headphones. It just wraps you up and brings you right into the middle of it",227,5,2025-02-01T08:34:19Z,2025-02-01T08:34:19Z
UgxytMonxy_WPZdi2oZ4AaABAg,@PartlyCloudywithoutachance,This man Kendrick asked god for mercy before verbally annihilating Drake’s entire peace of mind. He definitely in the booth wit the strap going forward lol.,130,0,2024-05-03T23:29:42Z,2024-05-03T23:29:42Z
UgxEVbGpXhFSpc-ZnNF4AaABAg,@chbro464,"""1am in the courtroom"" sent me back here....",10,0,2026-05-14T09:35:46Z,2026-05-14T09:35:46Z
UgznLeQMJRJiwWgq1g54AaABAg,@jokasemaloka1447,"This man's lyricism is out of this world, the beginning is him tapping into Mos Def's cadence by singing",626,8,2024-05-03T19:23:36Z,2024-05-03T19:23:36Z
Ugxzl8fGVDu8n4nBVGF4AaABAg,@coltonhorstman7637,This song will get overlooked but it's solid. Need this on Spotify,629,7,2024-05-07T19:10:34Z,2024-05-07T19:10:34Z
Ugy-g73d3nk0dvQV6NJ4AaABAg,@switch8428,Drake's ghost writers about to get baptized with this one 💀,95,0,2024-05-03T16:52:25Z,2024-05-03T16:52:25Z
UgyJlSKH_2J4FByMTtR4AaABAg,@DT-lj1wr,Somehow gets better on the 100th listen,13,0,2026-04-23T02:53:36Z,2026-04-23T02:53:36Z
UgxcV95dXubYUJetVMF4AaABAg,@Chief_T0NKA,Who’s here after AK talking to a minor inappropriately??,56,0,2025-01-28T14:14:17Z,2025-01-28T14:14:17Z
UgwSORMZxNTXWJyG42x4AaABAg,@qtmade,bro just went back to back on drake,5923,89,2024-05-03T13:36:57Z,2024-05-03T13:36:57Z
UgyGQxbqAHHmzZZuQHt4AaABAg,@midwestmulisha820,This whole situation is a representation of the phrase “It’s better to be a warrior in a garden than a gardener in a war”,330,8,2024-05-03T14:54:15Z,2024-05-03T14:54:15Z
UgwvrvY13wRnx-iSDj14AaABAg,@highbrass234,"Didn’t get a plate after this funeral, anybody know who made the potato salad?",6,0,2026-08-21T23:57:04Z,2026-08-21T23:57:04Z
Ugzj0lKDTyyhL7Jr5Kl4AaABAg,@afroslacker7383,Aubrey’s mom: “I don’t want you playing with the Lamar’s kid. He’s doesn’t play fair”,608,10,2024-05-03T16:01:44Z,2024-05-03T16:01:44Z
Ugy8Y5PNrD0hPJ4SzEt4AaABAg,@Gomakemyday,This gives me chills every time I listen…,66,0,2025-02-11T12:26:43Z,2025-02-11T12:26:43Z
UgzC8fP_EqAQuxSjCwx4AaABAg,@a1ntcry1noveru,“I live the circadian rhythms of a shooting star” THIS is why this man has a Pulitzer . So effin good,396,5,2024-05-12T23:37:32Z,2024-05-12T23:37:32Z
Ugy1VF2jgyl_usoZVtR4AaABAg,@rosewayneee8781,"""I fantasize me jumping planets, immortilized. I correspond three angels watching me all the time. Put my children to sleep with a prayer and close my eyes, definition of peace"" this part was so beautiful but it felt intrusive to listen to, like listening to someone's prayer to god.",5,0,2026-07-16T14:20:55Z,2026-07-16T14:20:55Z
Ugzj-IkOs2m9tna7VRh4AaABAg,@AkwasiProductions,1 month later I'm convinced this is one of the greatest songs ever,61,0,2024-06-08T19:07:37Z,2024-06-08T19:07:37Z
UgwgatpmeJM7viBH0gB4AaABAg,@wayermane5069,Hits harder now than it did 6 months ago. Prophetic,166,2,2024-11-26T18:23:48Z,2024-11-26T18:23:48Z
UgxNgI3pWCWV8FbjOAh4AaABAg,@StayHHHydrated,"This isn't an official diss, Kdot is warning Drake to think it over with this one. This is the ""are you sure you want to go there"" music?",1087,24,2024-05-03T18:58:51Z,2024-05-03T18:58:51Z
Ugx8oiisbRDOEwZjwU14AaABAg,@jodinha,"""Have you ever thought that OVO is working for me?"" Might be the hardest line in the whole beef. I fucking LOVE it.",6,0,2026-01-02T22:43:06Z,2026-01-02T22:43:06Z
Ugw1j5tMyihMrvNlbUJ4AaABAg,@TooTrendyEnt,"As a Drake fan, this da best track we got from all the beef. U gotta sit back and give it a good listen cause this shit is 10/10 beautiful",78,0,2024-07-16T03:35:02Z,2024-07-16T03:35:02Z
Ugxw1EWbXAhyoYhLkgt4AaABAg,@ChrisJereza415,"6/16 - oj simpson trial, Euphoria air date, pac birthday, kendricks first concert in toronto, father's day. THE QUINTUPLE ENTENDRE. HE ACTUALLY DID IT",744,21,2024-05-04T01:19:55Z,2024-05-04T01:19:55Z
UgwDLw4B5ZNaVyeC5BF4AaABAg,@captainshadowfox,"1:26 I can’t stop listening to this part, literally Ethereal",48,2,2025-11-20T21:49:35Z,2025-11-20T21:49:49Z
Ugxa4ABq7wNpVwZx1cF4AaABAg,@ALynx000,Drake can’t tootsie slide out of this one 😂,1271,13,2024-05-03T13:42:06Z,2024-05-03T13:42:06Z
Ugx-Cz25TAkVR60vlot4AaABAg,@CrazynikoTV_,J Cole looking outside his window enjoying a nice cup of coffee rn,69,0,2024-05-03T16:30:32Z,2024-05-03T16:30:32Z
UgyDFItjddNaEKxyDLh4AaABAg,@edwingonzalez8761,Imagine Kendrick dropped a whole album just dissing Drake and that shiii went platinum lol,585,5,2024-05-04T01:31:57Z,2024-05-04T01:31:57Z
UgzrvWMCzcc2-lhxUId4AaABAg,@AsceBlayze,YERRRRR we back!! nice to see y’all again,7,0,2026-06-16T22:45:17Z,2026-06-16T22:45:17Z
UgzD01r-ajL6L_LM_Q14AaABAg,@randomname5706,"If Im in the middle of a fight, and they start praying to God for forgiveness for what they about to do to me... Ima just head out",139,3,2024-06-09T21:32:06Z,2024-06-09T21:32:06Z
UgwQGgLA5MvLCfZ1piZ4AaABAg,@timothyfelder437,"J Cole feeling like Francis after John Wick let him take the rest of the night off. ""Thank you, Mr. Wick""",362,6,2024-05-03T15:30:09Z,2024-05-03T15:30:09Z
UgxLhtRYow2XScG9rZB4AaABAg,@emmahinchliffe2810,"J Cole really said, “this ain’t the hill I die on” and dipped",433,7,2024-05-04T08:09:24Z,2024-05-04T08:09:24Z
UgwSzwq-oTK3GUOL4cJ4AaABAg,@Oglilchris,This the best diss song from Kendrick im surprised it didn’t get more recognition,7,0,2026-05-25T17:25:03Z,2026-05-25T17:25:03Z
UgxD7CoDKUA3uQr1_ux4AaABAg,@Sparklingrb,"Crazy, SCARY, spooky, hilarious",244,4,2024-11-29T01:56:35Z,2024-11-29T01:56:35Z
UgyTiVQiq5A32oic1KF4AaABAg,@SavageNite-gm4pj,They put K Dot in album mode..now tracks are fallin' like snow😂😂,669,8,2024-05-03T14:19:16Z,2024-05-03T14:19:16Z
UgxBHbmXs3Okfz4uv694AaABAg,@westphillysb,"Proverbs 6:16, 2pac Bday, Father's Day..... this dude thinking on a whole different level. This is deep!!!",504,10,2024-05-03T15:18:10Z,2024-05-03T15:18:10Z
Ugy70dTi0h2nO3qVDmp4AaABAg,@arizansbergerstein1860,Still can't believe this ain't on Spotify,6,0,2026-06-01T13:39:00Z,2026-06-01T13:39:00Z
Ugzi5go92fGsFhDxyvh4AaABAg,@senecafalls7110,This the typa shi you hear when the hero bodies the villain.,263,3,2024-05-03T15:40:52Z,2024-05-03T15:40:52Z
UgzePmGI13rujyrcAwV4AaABAg,@therealliveguy,Crazy thing that many didn’t notice is Kendrick dropped 4 tracks during the battle and all had different vibes on purpose to display his song making range. Euphoria was the warning shot and had modern track mechanics. 6:16 with that Rza/Madlib inspired hip hop slap. Meet the Grahams with the boom bap and Not Like Us with the west coast party/celebratory shit. Similar to how he sequenced his GNX album.,217,3,2024-12-04T16:18:28Z,2024-12-04T16:18:28Z
UgwoCG5vkNlgzdnmyQ54AaABAg,@daniellean5769,"""Before you figure that you're not alone, ask what Mike would do"". 

Not Kendrick giving brotherly advice to look at the man in the mirror. Random acts of kindness ❤",759,20,2024-05-03T18:06:25Z,2024-05-03T18:06:25Z
UgzdMh5AowbLxPvqgpJ4AaABAg,@Incroyablesytory,This song is so underrated i still listen to it in 2026 !,10,0,2026-05-12T19:31:55Z,2026-05-12T19:31:55Z
UgyajbrR8YxO0wXRxSl4AaABAg,@Lil_Ruthless,"Dropping before drake could, and insinuating that people in his own circle are compromised is probably how he “can calculate” his every angle “for the record he came back to back for the record” that’s tough.",221,1,2024-05-03T15:05:49Z,2024-05-03T15:05:49Z
Ugy6l-FncR7CqaCPmal4AaABAg,@seannotshaun,Here for the victory lap 🎉,100,4,2025-10-09T22:22:02Z,2025-10-09T22:22:02Z
UgxQA4CciD4O4mEUGyN4AaABAg,@205ministries,"Kendrick is basically saying “be careful what you say next. I got ya whole team that has hated you, and been giving me information for years. This aint cap because i know the positions they are in, and only people who are in OVO would know that, so how do you think ik that?” 
Its Bad for Aubrey rn 😭😭",457,9,2024-05-03T17:11:47Z,2024-05-03T17:11:47Z
UgxBkQSE95TbsIIzlIJ4AaABAg,@HelzHeli313,Just came here to put more flowers to Drake grave..,6,0,2026-07-25T11:21:18Z,2026-07-25T11:21:18Z
UgzORDsXgRMMrlagtUR4AaABAg,@garciav3,Today is 6/16.. the track hits even harder 👊 🔥  Happy Father's Day to the Real one's,63,0,2024-06-16T13:44:38Z,2024-06-16T13:44:38Z
UgxQN2oFgRHkxdvFCRR4AaABAg,@joeanthony7638,J Cole walking around like Peter Parker in Spiderman 2 after he gave up being spider man,133,2,2024-05-03T16:29:36Z,2024-05-03T16:29:36Z
UgxOXGU4pVW__DKV4eV4AaABAg,@1044B,ALL FLIGHTS FROM CANADA TO LAX CANCELLED,1004,16,2024-05-03T13:52:23Z,2024-05-03T13:52:23Z
Ugyr8Cav-c_deJLXDhR4AaABAg,@coltraneslaw,I think somebody lying….smell somebody lying…I don’t see no fireeeee 😏 dismissed.,21,0,2025-10-10T00:42:24Z,2025-10-10T00:42:24Z
UgwO_s8Ja5dUB4IebL54AaABAg,@winifredallen1726,Two Kendrick Diss songs in one week!!!! I feel special and vindicated.,367,4,2024-05-03T16:32:45Z,2024-05-03T16:32:45Z
Ugy454Y9D5r5P2dE4qN4AaABAg,@newwbein,this is easily the most underrated and devious song idk how people skip this,325,8,2024-05-08T15:27:03Z,2024-05-08T15:27:03Z
UgylOnorNfUVHWGe2KR4AaABAg,@LeroyLuyolo,"“ Every dog got to have its day, now live in your purpose “ is just diabolical",91,1,2024-05-17T20:14:10Z,2024-05-17T20:14:10Z
Ugxg6G6A6IZ7uPSjkCN4AaABAg,@KINGHIM17,Gang was rapping his ass off on this 😭🔥,8,0,2026-05-17T14:04:51Z,2026-05-17T14:04:51Z
UgxyWSMiIvxLlAHstrB4AaABAg,@Stopwars0809,"""Can't ""Toosie Slide"" up out of this one, it's just gonna resurface"" 😭😂😭😂😭😂",138,1,2024-05-03T14:25:16Z,2024-05-03T14:25:16Z
UgzueB1JaApmvPO739J4AaABAg,@leveler74R,' You can't toosie slide out of this one',198,1,2024-05-03T14:44:48Z,2024-05-03T14:44:48Z
UgxptYB7OXB0OMROqvl4AaABAg,@trvpxwilliz973,Still listening after GNX 😂😂😂😂,793,22,2024-11-27T00:55:27Z,2024-11-27T00:55:27Z
Ugz8h587Sebvn7RII5J4AaABAg,@BirdGang6,People are going to talk about how special Kendrick was in the Summer of 2024 for decades. Probably the most special run a rapper has ever had,9,0,2025-10-26T06:45:51Z,2025-10-26T06:45:51Z
UgwMMuefKjFLqZYSIDB4AaABAg,@proddubby,"kendrick dropping this to bait drake into dropping again so that he could have a reason to drop meet the grahams is such a villain mastermind move😭😭

Edit: can you guys stop telling me that I was wrong? Like I get it. Respectfully, please stfu now.",2050,51,2024-05-04T15:12:42Z,2024-05-06T10:44:02Z
UgwwQBhDjN5U3hz_bnt4AaABAg,@largeman1624,One of the more underrated tracks of the beef imo… this shit buttery,53,0,2024-05-07T06:43:07Z,2024-05-07T06:43:07Z
Ugyy4jeYPgfOmDA8cPV4AaABAg,@prof_snape2,"Drake cleary did not read ""the art of war""",57,0,2024-05-03T14:46:34Z,2024-05-03T14:46:34Z
UgzYje21iDWUj87X2OR4AaABAg,@310Juiceman,This song changed drakes life. Not like us changed everyone,29,0,2026-05-01T16:10:26Z,2026-05-01T16:10:26Z
UgzTM7n7h0q8GLE2w7V4AaABAg,@WisdomUnited-t1u,This not even a diss track. KDot tryna save Drake & keep him alive long enough for the lyrical slaughter.,1268,73,2024-05-03T14:43:53Z,2024-05-03T14:43:53Z
UgzzICZIDxIKrE4KUK54AaABAg,@HarmonyReptiles,"Nahhh he know some sht.. he didn’t cook him, he’s just talking to him. Like “think about this before you crash out” 🥶",711,23,2024-05-03T13:48:02Z,2024-05-03T13:48:02Z
UgxlCKBqI0-W2ivjNAt4AaABAg,@StellarAvenger,"Insert ""Stop it, he's already dead"" clip from The Simpsons",123,0,2024-05-03T13:46:30Z,2024-05-03T13:46:30Z
UgzSdmnvLaTy4ROkUtJ4AaABAg,@freetheplay,Kendrick might be the goat for real. Kanye has the greatest discography but no artist has ever showcased such mastery as Kendrick did in 2024. Insanely meticulous with every move fathomable using nothing but the purest art form of rap,9,0,2026-03-28T04:58:25Z,2026-03-28T04:58:25Z
UgwSrmBmAWWFJphEbRt4AaABAg,@kensitondo9233,"Then there is me who is still digesting the lyrics for Euphoria 😂
Being dissed twice in less than a week is insane",394,16,2024-05-03T14:58:58Z,2024-05-03T14:58:58Z
UgwIDXCmsVtl6wH1E8d4AaABAg,@Gr8tBeingPodcast,“I’m sorry that I live a boring life.. I love peace but war ready if the world is ready to see you bleed” Kendrick Lamar  OMGGG🔥🔥,372,15,2024-05-03T17:44:09Z,2024-05-03T17:44:09Z
UgzRQ1_1WGdIHitMP714AaABAg,@afroslacker7383,"“Back to Back I like that record. Let me get back to that for the record ”

-Kendrick went back to back like Drake. “Let me get back to that record”
-Kendrick dissed him on “like that” 
-He created a double entendre in two different songs 🔥🔥🔥",315,5,2024-05-03T15:57:25Z,2024-05-03T16:05:32Z
UgzyGpbBLK_2RaU10xx4AaABAg,@Grayson-d7p,Am I the only one that wants round two js to watch Kendrick work his magic again,6,0,2026-07-06T18:09:49Z,2026-07-06T18:09:49Z
UgyieSMYz0Oq5Ny5_Yx4AaABAg,@DLITGAMING,"0:01 Drake's dad's cousin, Teenie Hodges, was a guitarist and songwriter for Al Green
Teenie Hodges (Mabon Hodges) played guitar on Al Greene's ""What A Wonderful Thing Love Is""
Kendrick sampled Al Greene's ""What A Wonderful Thing Love Is"" for ""6:16""

*Taylor Swifts* producer is credited on the track. 
He took shoots at the main Drake Meatrider wAKademiks

Tupacs Birthday is 6/16
Canadian Fathers Day is 6/16
Euphoria (the tv show) first aired 6/16",402,10,2024-05-03T18:27:57Z,2024-05-03T18:27:57Z
Ugy126xPRywS17Q-58x4AaABAg,@GD0TT,JCole running through a meadow of fully grown sunflowers with his arms spread like freebird in flight and his chin to the rising sun.,152,2,2024-05-03T19:38:39Z,2024-05-03T19:38:39Z
UgzUvK9HPc71JqxZd0h4AaABAg,@djee475,J. Cole be feeling real good rn riding his bike😅,81,0,2024-05-03T13:58:13Z,2024-05-03T13:58:13Z
Ugz7cS48Kdc8gvIO4gV4AaABAg,@LikhwaMasilela,The beat had no business being this hard😩❤️,9,0,2026-03-06T16:24:16Z,2026-03-06T16:24:16Z
UgxjcbUVXVdowGDTJF94AaABAg,@otisjoi,"Dude the beat is so cool, laid back relaxed while vocals go IN, almost feels like end credits",244,1,2024-05-03T17:00:33Z,2024-05-03T17:00:33Z
Ugy5a3RbWPNurWFMlTx4AaABAg,@imrizzle83,J. Cole is watching Step Brothers and laughing at the “it’s ok that mine isn’t movie quality” line,114,0,2024-05-03T21:35:28Z,2024-05-03T21:35:28Z
UgxWLYIkS6jc8jchrup4AaABAg,@simfitness9905,I keep coming back to this track. It really hit me deep especially the part where he was literally putting his fate on God asking for his blessing to fight the war. Apparently going against Drake is literally fighting the machinery behind him and tha would come at some personal cost to Kendrick but he his willing to fight cuz he believes he's fighting a just cause for Hip Hop and culture. Much respect for this man.,478,14,2024-05-28T14:51:46Z,2024-05-28T14:51:46Z
Ugybbd5biuM-hNsLOf54AaABAg,@stackywarbucks,Happy B'day Tupac this song aged like fine wine,7,0,2026-06-16T18:10:04Z,2026-06-16T18:10:04Z
UgyJRhKpKoItqsd5E614AaABAg,@djangounchained9387,"He just dissed Ak too. ""Yeah somebody's lying, I can see the vibes on Ak""",463,10,2024-05-03T13:45:03Z,2024-05-03T13:45:03Z
UgxERb6qagJtSRitWUd4AaABAg,@BebeKatana,J Cole's apology is making much more sense now,985,35,2024-05-03T14:26:24Z,2024-05-03T14:26:24Z
UgwwcYSe5ZIwxFs2kh54AaABAg,@Jesse023,Just dropped my phone in the pool...that mf a jacuzzi now🔥🔥🔥,680,17,2024-05-03T14:48:46Z,2024-05-03T14:48:46Z
UgxDcqFGe-QkMc0MMkN4AaABAg,@damhatrebloc,"It's Surviivaal.., Survivaaal Ohh Ahh",5,0,2026-07-30T15:44:42Z,2026-07-30T15:44:42Z
UgxaBn7zoiKwl7B3Ajx4AaABAg,@tc1ent777,This the most underrated song of the entire beef,262,7,2024-05-22T05:08:46Z,2024-05-22T05:08:46Z
Ugw94KxyUYtLxvb3AQt4AaABAg,@vhuawelomakhuvha,Who's here after the Black Hippy reunion?!!! It's surviiiivaaal!!!,114,1,2024-06-20T03:35:52Z,2024-06-20T03:35:52Z
UgzOhGiiMjXtTSl2h6p4AaABAg,@harshaaa2k,"""Back To Back, I like that record. Imma get back to that for the record.""",146,1,2024-05-03T14:10:24Z,2024-05-03T14:10:24Z
UgwTkbV4P706E-SCWUJ4AaABAg,@Jay_Games4409,Honestly this might be my favorite track from the beef atp,24,0,2025-08-30T21:05:43Z,2025-08-30T21:05:43Z
UgzUrBd7juH699GB2TR4AaABAg,@TheVodic,"""They had almost a week to recover from the euphoria of tuesday's series-winning victory"" from Euphoria's thumbnail and then releasing this within a week is kinda funny.",98,0,2024-05-03T17:54:26Z,2024-05-03T17:54:26Z
UgwcXTcDcEh4sG6QgE14AaABAg,@Siris,Who’s here after Meet the Grahams and hearing the warnings of everything he said he was gunna drop. Man.. diabolical mind on K.,110,0,2024-05-04T10:02:54Z,2024-05-04T10:02:54Z
UgzdpFwJSZdpEhjq1294AaABAg,@sanfordlanham8446,Year Later 🔥🔥🔥🔥🔥🔥,78,1,2025-05-04T16:12:32Z,2025-05-04T16:12:32Z
UgzvF2759ChEpDp9SGV4AaABAg,@The4thMan28,Still a vibe in 2026,28,1,2026-05-01T13:05:14Z,2026-05-01T13:05:14Z
UgyAmZqP4E8Z1HyvoG14AaABAg,@Xx42kniW,Came back the day the Lawsuit hit…man…he really killed dude.,78,2,2025-01-16T05:28:17Z,2025-01-16T05:28:17Z
UgwCh4WryJpgdRP_VDt4AaABAg,@aze4964,real ones know this is the best song of this whole beef,356,11,2024-05-09T18:56:32Z,2024-05-09T18:56:32Z
UgwN3YsMD8o-z3VONWl4AaABAg,@soniew6037,Sliding on on an Al green sample is crazy,392,12,2024-05-03T14:49:56Z,2024-05-03T14:49:56Z
UgyyAs_gfPWHNr1x0vN4AaABAg,@untitledkg,The most important song,18,0,2025-11-06T21:05:09Z,2025-11-06T21:05:09Z
UgwOReeTkIOpsNPAlz54AaABAg,@lucasfred226,Coming back to this on 12/18/2024 to state that this is one of the best songs of 2024 and its tragic cause it isn’t streamable…,79,1,2024-12-18T13:14:56Z,2024-12-18T13:14:56Z
Ugw9jPldheYKQjH0ymB4AaABAg,@CPJ5,"Honestly this was the best diss imo.

You can hear the change in his whole demeanor and the attitude of the song @ 1:42 

Shit is so fucking sick, he baited him sooo bad.",52,0,2024-05-10T20:09:35Z,2024-05-10T20:09:35Z
UgzY7kQ6R1Wcdo9rlMJ4AaABAg,@jasmineclifford265,I need this on streaming.,54,0,2024-07-05T17:21:02Z,2024-07-05T17:21:02Z
Ugxk5xZRyah-skyc8rN4AaABAg,@notfunnyvonte,Happy anniversary to my fellow men of culture.,5,0,2026-06-16T15:21:27Z,2026-06-16T15:21:27Z
UgytxMMe2PoEE_ZKrjN4AaABAg,@dubzillaaaa,Drake and I both just realized 6:16 is also Father’s Day.,745,23,2024-05-03T15:00:25Z,2024-05-03T15:00:25Z
Ugz6LTJ5PRfWfcBG0Md4AaABAg,@EazyProductionfilms,Every person in your team is whispering that you deserve it is just crazy,141,5,2024-05-03T16:24:05Z,2024-05-03T16:24:05Z
UgzLzhbE87Ai2LceDPx4AaABAg,@Deo_wt,"Dude 6:16 proverbs, pacs birthday, Canadian Father’s Day and euphoria premiere. That’s crazy",698,23,2024-05-03T18:25:30Z,2024-05-03T18:25:30Z
Ugx-UvRqiIwLiHvZaV94AaABAg,@jazzylove763,Just stopping by to refresh the Flowers 🥀 😂,13,0,2025-08-19T22:18:42Z,2025-08-19T22:18:42Z
Ugxw8sSuSaG5to1q-a14AaABAg,@miguelcruz2932,"“It was fun until you start to put money in the streets, then lost money, cause they came back with no receipts. I’m sorry that I live a boring life I love peace” ☮️😮‍💨",420,23,2024-05-03T14:23:54Z,2024-05-03T14:23:54Z
Ugyp6ezW4BcwSqiSpuN4AaABAg,@wallszymusic,Still listening to this masterpiece in 2064. Kendrick’s the 🐐,287,10,2024-05-03T14:28:58Z,2024-05-03T14:28:58Z
UgwOkL0mo5mvxRSQ0ql4AaABAg,@Lev782,Don’t let this distract you from the fact that Drake still hasn’t even responded to The Story of Adidon and he had the audacity to go at KDot lmao,933,28,2024-05-04T00:00:31Z,2024-05-04T00:00:31Z
UgxwYgh42M7Pq-y28MF4AaABAg,@jhonatamalcantara8311,It's crazy to think this was a warning shot compared with all of the came after 😭,8,0,2026-03-16T12:59:57Z,2026-03-16T12:59:57Z
UgwKaGuc94jQRv6Zaip4AaABAg,@lokeijak,"Damn regardless if you're a Drake fan or K Dot fan, hip hop is winning period. What a time, having the top dawgs battle it out",153,2,2024-05-03T16:03:49Z,2024-05-03T16:03:49Z
UgzIggpg-8WSSKzcCnl4AaABAg,@SveltePetraGriffin,"""Yeah, somebody's lyin, I could see the vibes on Ak
Even he lookin compromised, let's peel the layers back""
Has aged perfectly",232,6,2024-05-15T17:47:50Z,2024-05-15T17:47:50Z
Ugz69YQ-lFUosByRF2J4AaABAg,@rhychess,J. Cole is watering his new  Venus fly trap plant while his coffee is brewing.,184,4,2024-05-03T19:16:25Z,2024-05-03T19:16:25Z
Ugx1a4PtRga21lx6_x54AaABAg,@H2Cwins,I discover myself when I fall short,6,0,2026-05-25T00:54:57Z,2026-05-25T00:54:57Z
UgxVSncWXyn-k65Cchh4AaABAg,@2muchlorenzo,“back to back i like that record”,108,1,2024-05-03T14:44:48Z,2024-05-03T14:44:48Z
UgyBen1Mq-whF8CMN5p4AaABAg,@Jay-xi8lc,“ Have you ever thought OVO was working for me “ 🔥🔥🔥💀💀💀,324,11,2024-05-03T18:06:45Z,2024-05-03T18:06:54Z
Ugzx07yLzTWQ9N3h_ox4AaABAg,@_s.h.a.b.s.a_,Drake should've know this ain't meek 😂😂😂😂😂,460,16,2024-05-03T13:51:22Z,2024-05-03T13:51:22Z
UgxA76BNUfcvoWaGTCV4AaABAg,@cianafontana,How this song still not on streaming platforms is baffling to me 😢,31,1,2026-03-04T16:37:49Z,2026-03-04T16:37:49Z
Ugzed_h5oilQzZaMpY54AaABAg,@bhlank,"The song title is the quintuple entendre Drake was asking for

•	⁠dropped at 6:16 AM PT

•	Clearly a play on Drake’s timestamp series (4PM in Calabasas)

•	⁠Revelations 6:16 - They called to the mountains and the rocks, “Fall on us and hide us from the face of him who sits on the throne and from the wrath of the Lamb

•	⁠6/16 is Father’s Day
•	⁠6/16 is Tupac’s birthday


:BrownJeezus603",497,31,2024-05-03T14:06:58Z,2024-05-03T14:34:36Z
UgwAzIW8pXrUX5KdGAx4AaABAg,@dilawar.singh.randhawa,"Kendrick dropped at 6:16
Tupac's birthday - 6/16
OJ's case filed - 6/16 (ref: the glove)
Father's Day 6/16
Drake asked for multiple entendres, I guess he's getting it.🔥🔥🔥🔥",534,29,2024-05-03T15:12:53Z,2024-05-03T15:12:53Z
UgypKMODl0QGsBj7QcJ4AaABAg,@adithyanr8209,Kendrick is just mocking drake with the titles now,1490,25,2024-05-03T13:38:40Z,2024-05-03T13:38:40Z
UgzmusTe3WPgbkhtMoJ4AaABAg,@AndrewJM,my favorite record in the whole back and forth.,8,0,2026-05-28T06:07:13Z,2026-05-28T06:07:13Z
UgwhxJk1TN_zgD_DG6B4AaABAg,@veeceey1073,Rap hasn’t been this exciting in YEARS I am livingggg,138,2,2024-05-03T14:54:33Z,2024-05-03T14:54:33Z
UgyHtYkFnCvOiw3xxlJ4AaABAg,@LDH777,This beat feel like I just woke up to a beautiful Sunday morning.,263,14,2024-05-03T14:41:25Z,2024-05-03T14:41:25Z
Ugxc9wYJBE-tnWYlMFJ4AaABAg,@ownself999,"This song gives me the vibe of the hero that everybody thought was gone and they lost hope, only to return to finally defeat the villain",239,6,2024-05-04T01:03:07Z,2024-05-04T01:03:07Z
Ugxgy7DFykOZ0F8MaPh4AaABAg,@sltraylor71,The fact of Kdot giving off warning shots and Aubrey wasn't listening.,8,0,2025-08-15T03:35:47Z,2025-08-15T03:35:47Z
UgyGi7k7CQpfvn0kEzx4AaABAg,@zMrMorale,The beat is so tuff. The felling i got at  1:29 is indescribable. Sounwave cooked fr fr,78,3,2025-02-25T11:26:28Z,2025-02-25T11:26:28Z
UgwIU1Kvr4ZQ0oG0MvR4AaABAg,@ashyknuckles410,He hasn't even really got disrespectful yet but when drake responds kendrick going go super crazy,490,18,2024-05-03T16:32:52Z,2024-05-03T16:32:52Z
UgydleW7gg5CO34OWg14AaABAg,@IlIllIIIlll,Who else came here to listen with new perspective after watching Whats the Dirt video 😂,419,11,2024-06-28T20:04:20Z,2024-06-28T20:04:20Z
UgxCtrnggdvdGxdQ7z54AaABAg,@no_real_names7156,"Fake bully, I hate bullies",13,0,2025-09-24T19:40:47Z,2025-09-24T19:40:47Z
UgzmOjn12UTBAIu_YER4AaABAg,@tafaraphillip,"Forget the Daft Punk helmet, at this point Drake need reinforced body armour and an underground bunker.",364,26,2024-05-03T14:43:20Z,2024-05-03T14:43:20Z
Ugx_uhcKVW7t68_spON4AaABAg,@GenzBoyss,We all got reminded how great Kendrick Lamar really is🤯🔥🔥,427,11,2024-05-03T13:42:17Z,2024-05-03T13:42:17Z
UgzB8HpRiLhrgioOqId4AaABAg,@CVTSPRODUCTIONS,This is actually my favorite one,93,1,2024-05-05T22:22:04Z,2024-05-05T22:22:04Z
UgwrsBjWNK6a2oZ5jlR4AaABAg,@SeussWRLD,0:57 - 1:41 is one of the greatest passages of any Kendrick song ever,7,0,2026-05-11T20:09:48Z,2026-05-11T20:09:48Z
UgxgBvolhNH_L9zl5WV4AaABAg,@pebadrpebad8689,This is the most slept on diss track in this battle. This is also🔥🔥🔥,82,1,2024-05-07T13:01:34Z,2024-05-07T13:01:34Z
Ugx-r6hN5vjWnca3vpF4AaABAg,@Kowjja,2:24 when the bass comes in 🔥,84,5,2024-10-03T22:24:11Z,2024-10-03T22:24:11Z
UgzHaHWhiqVVFuWierp4AaABAg,@treyglendale,He pulled a Drake on Drake LMFAO,766,15,2024-05-03T14:08:16Z,2024-05-03T14:08:16Z
UgwwsbJi87aoH1t-9NF4AaABAg,@PurestMayhem,Here again after finding out Drake was in LA June 16. Kendrick is a damn genius 💚,10,0,2025-12-13T18:16:43Z,2025-12-13T18:16:43Z
UgxZEPDKJZ-6e6zBiA94AaABAg,@BankaiFever,"2018: King’s dead 
2022: Queen’s dead 
2024: Drake’s dead",721,15,2024-05-03T14:09:31Z,2024-05-03T14:09:31Z
UgyRjKgCB-qdrUNnFrV4AaABAg,@EliteSnake,"Lamar wasn't kidding in Family Ties, bro is really burning that Hard drive right now",100,1,2024-05-03T14:45:26Z,2024-05-03T14:45:26Z
Ugy2UzWMvobIIexPwWd4AaABAg,@IN-rd9oy,"The more I listen to this, the more I realize this is where the battle should have stopped. From a prayer to “Fake bully, I hate bully…” part was very cold. This was colder than MTG to me. Imagine taunting someone and then you watch them mutter a prayer under their breadth and turn and stare right at you. Euphoria was anger. That kind of anger that can be resolved. This felt like the true definition of disgust. The final straw in any form of relationship",127,3,2024-07-26T02:32:34Z,2024-07-26T02:32:34Z
UgwhUMG1OMvCNiExJ814AaABAg,@No-kx5fj,A post lawsuit dismissal victory lap,15,0,2025-10-10T21:13:42Z,2025-10-10T21:13:42Z
UgzSgtf7TukPVbuoxDt4AaABAg,@lozerisdead999,Nahhhh sliding on an Al Green Sample that clean dissing away someone’s career is fucking insane.,235,6,2024-05-03T15:01:18Z,2024-05-03T15:01:18Z
Ugx372B8r20R1QNQOTF4AaABAg,@NthatuwaKoetje,That's why he is a king of lyricism.You have to listen more than once yo understand because this is poetic.,53,0,2024-05-03T15:56:12Z,2024-05-03T15:56:12Z
UgyK9nK637jHPsNTiYN4AaABAg,@tshegofatsonkuna547,Who else came here After the Pop out Show?😬😬🔥🥵...it made the track more Special 😫🔥🥵.......,206,5,2024-06-20T15:24:00Z,2024-06-20T15:24:00Z
UgynOVmKrhkTfge1JX54AaABAg,@T.K.21,"Today is Tuesday, 06/16/2026, and I had to come and listen to this masterpiece. Two years later and this song is still a very prophetic song.",5,0,2026-06-16T17:53:34Z,2026-06-16T23:05:48Z
Ugz7oyPbEEpem-yuSBB4AaABAg,@a1axel738,A SECOND DISS HIT THE TORONTO SKY TOWER,122,4,2024-05-03T14:37:10Z,2024-05-03T14:37:10Z
UgxLqJr0OwD4BT3_fsJ4AaABAg,@jasminekennedy4419,"‘Every dog gotta have his day, so live in your purpose’ 🔥 Drake definitely paranoid rn, camp is shaking",228,6,2024-05-03T14:08:43Z,2024-05-03T14:08:43Z
Ugyig8w1ySoFBAoGUUl4AaABAg,@Danye333,"The beef aside, this beat is nasty af. I wanna hear 3k on it.",312,14,2024-05-03T23:54:59Z,2024-05-03T23:54:59Z
UgyGkg1ilSRiroUCPiV4AaABAg,@86Sentra,Most delicate  warning in mainstream battle rap history ?,10,0,2025-08-28T03:16:45Z,2025-08-28T03:16:45Z
UgwS8IhZaSfC0UKPyDx4AaABAg,@paulngobeni5927,"""Ak acting compromised""  line was crazy",184,5,2024-05-03T13:50:15Z,2024-05-03T13:50:15Z
UgyDvUSVBPB__1ORMDZ4AaABAg,@vew1915,"Remember the diss was supposed to be 19 minutes... 6 minutes and 3 minutes just got released, there's still 9 more minutes left😭🤟🔥🔥😤💯",436,23,2024-05-03T14:57:23Z,2024-05-03T14:57:23Z
UgypN_hBeR8mLvA6i7l4AaABAg,@AyooBarto,"""God, my confession is yours, but
Who am I if I don't go to war?
There's opportunity when living with loss
I discover myself when I fall short"" 

🔥",70,2,2024-05-09T07:45:42Z,2024-05-09T07:45:42Z
UgxohUv7z_bro8KoOax4AaABAg,@Aryonwilica218,I just have a feeling we about to get something in a few weeks,6,0,2026-05-15T10:02:25Z,2026-05-15T10:02:25Z
Ugxd20zhDwHyGoMfYb94AaABAg,@shaniyoung6506,1:57 best part,88,3,2024-11-26T22:42:32Z,2024-11-26T22:42:32Z
UgwWQC-zZydzEtw0GZZ4AaABAg,@TOAST2URGHOST,His disses are heavy in replay value ...,84,5,2024-06-03T07:15:14Z,2024-06-03T07:15:14Z
UgybnRpxE_rB6UZ63Tt4AaABAg,@devonavant3497,"I didn't realize it at the time it came out, but this is the most insightful, most important song in this beef. 0:57-1:40. Kendrick is explaining why he has to go through with this battle. It's as if god was speaking through him that it must be done. We all know Kendrick is gifted as a lyricist, but he knows it too. And using that gift with his passion for peace and love, only justifies his need to expose the untruths and lies told by the industry, in this case Drake. Self-conviction and self-actualization at it's finest. 

""The ultimate tragedy is not the oppression and cruelty by those who are bad people, but the silence over that by the those who are good.",222,8,2024-05-09T17:25:18Z,2024-05-13T15:54:27Z
UgxuVM6rCZ2W0Mo45pV4AaABAg,@greekfreak384,"“Before you figure that your not alone, ask what Mike would do” that ending still gets me till this day 😂",6,0,2025-12-29T03:36:30Z,2025-12-29T03:36:30Z
Ugx_v95wSJSIw-aHK3B4AaABAg,@austinm223,This was secretly the Heart Part 6 lmaoooo 💀,70,1,2024-06-01T13:09:26Z,2024-06-02T15:53:27Z
UgxQ2OO56KLVRfYNvXN4AaABAg,@ClevelandOh216,Kendrick using a timestamp diss is GENIUS!! He prolly knew Drake would drop a timestamp diss next but he can’t now…,349,10,2024-05-03T21:48:00Z,2024-05-03T21:49:46Z
UgxWTYuLAT0WyLSRvUt4AaABAg,@noiburg,"Euphoria was Kendrick’s Ether to Drake. This track is like Cole’s 1985 to Pump, where he hardly dissed him he just talked to him like an elder would to a child",313,12,2024-05-03T15:32:43Z,2024-05-03T15:32:43Z
UgzD3NC_yRS4Qa185TJ4AaABAg,@FromOdyssey3,This aged well,11,0,2025-08-26T18:48:49Z,2025-08-26T18:48:49Z
UgwYV0rpM3Oz-ncapM14AaABAg,@TonyStarks1986,6:16 is also the date the show “Euphoria” premiered back in 2019,320,13,2024-05-03T15:56:44Z,2024-05-03T15:56:44Z
Ugzw7ALJjOcfLizExR54AaABAg,@javizy,"I like to listen to this song solely because the beginning is so angelic. He’s not diabolical, or on his demon shit, he’s straight up on his angelic shit. I want to elevate",68,2,2024-05-09T03:12:14Z,2024-05-09T03:12:14Z
UgyZx7eZ3ke4VFZzycZ4AaABAg,@OhyouknowitsLit,"I hate this isn’t on streaming, but I come back listen to it on YouTube at least once a day",69,2,2024-05-22T15:15:53Z,2024-05-22T15:15:53Z
UgybE7JTVn5Icv0ODeN4AaABAg,@joax1915,2:00 best part,25,4,2026-04-13T21:23:37Z,2026-04-13T21:23:37Z
UgxmPvuRGL_RLLCTBp54AaABAg,@NefiColumbeNoir,"Psychological warfare. Drake won’t know who in his circle can be trusted, and from the sound of it—nobody can.",396,12,2024-05-03T14:05:05Z,2024-05-03T14:05:05Z
UgwVtBVceN0J_cO8vGF4AaABAg,@Towla,Kendrick always stays true to who he is. Bro did it his way and succeeded gloriously. He got more smoke coming drakes way.,132,1,2024-05-03T18:31:53Z,2024-05-03T18:31:53Z
UgxfzCJ-ncCdDvM1XY54AaABAg,@whoisexaberri,BIG AS THE WHAT,85,1,2024-09-08T17:09:45Z,2024-09-08T17:09:45Z
UgxK4nXRB9Z-C_wgJRZ4AaABAg,@nomoney5737,This song has always sounded like the musical equivalent of a man slapping himself before he fights you😅,4,0,2026-04-30T16:11:28Z,2026-04-30T16:11:28Z
Ugwxcy8ub9lcYKA4oaV4AaABAg,@AKnuckleSammich,This isn't a diss. This is Dot giving Drake a hard life lesson.,234,4,2024-05-03T21:34:20Z,2024-05-03T21:34:20Z
UgzzhG3HzLT56BtNg714AaABAg,@nuer5959,“even  ak looking compromised “ 🤦🏾,116,4,2025-01-25T11:05:13Z,2025-01-25T11:05:19Z
UgzCNpH43B-A5evpc9Z4AaABAg,@Doughboy1027,"Back to back I like that record. I'ma get back to that for the record. 🤣🤣🤣

This nicca really is a walking double.

👑 King Kendrick. The Boogeyman himself.",74,0,2024-05-03T13:40:39Z,2024-05-03T13:40:39Z
Ugxg95Ohdvmy3tZjSwN4AaABAg,@CANDY_KAYAK,This one always feels more excellente in the summertime,6,0,2026-05-25T19:58:33Z,2026-05-25T19:58:33Z
UgzT3yDWIxSMxAPbPnp4AaABAg,@cytheolympian2706,"This track was produced by Jack Antonoff... Taylor Swift's producer. 

This track is LITERALLY Taylor Made 😂😂",722,31,2024-05-03T17:31:30Z,2024-05-03T17:31:30Z
Ugy5AQR11sT4j3pOK394AaABAg,@Real_Name_Redacted,"Drake is the hero we deserve.
If it wasnt for him taking this beatdown for us, k dot probably would have disappeared for another 3 years.

I salute your sacrifice, homie",362,9,2024-05-03T14:14:50Z,2024-05-03T14:14:50Z
Ugzv2NzUQs0I4JOkXnR4AaABAg,@ocqwet,3:08 Drake get ughh UP,57,0,2024-05-04T00:55:21Z,2024-05-04T00:55:21Z
UgzBdLnxB4nN1Yepf194AaABAg,@smos_4798,Who’s here after the dodgers won the world series,10,0,2025-11-02T18:06:10Z,2025-11-02T18:06:10Z
UgxA3cPHIpwj4bNR_NJ4AaABAg,@ddundorrean9955,Why is this the song that's trying to be forgotten? It's one of the best tracks. Every one is reminiscent of his album cycles. This is the TPAB era. Dont erase this track regardless of the fact check. I dont mind having to come back here to hear it. But it should be remembered as official.,75,3,2024-06-04T00:26:50Z,2024-06-04T00:28:12Z
UgyKcQ6kpHeGnwrw-V14AaABAg,@maxinzypas,2 months later and this is still my favourite track🔥🔥Dot remains HIM,116,5,2024-07-05T13:15:24Z,2024-07-05T13:15:24Z
Ugwfu65fBbFaW3n5bo14AaABAg,@MehrdadParthian,"HOLY SHIT. i must've heard this song 50 times by now and its giving me Goosebumps everytime. this is not just a disstrack. this is a masterpiece. Kendrick doesn't even live in the same dimension as the rest of us. he attacks you from an spiritual angle and you wouldn't even know how to dismantle what he just dropped on you, and doesn't stop until even your carcass is torn apart.

now i can see why J cole apologized.",105,3,2024-05-07T12:21:59Z,2024-05-07T12:21:59Z
UgxqF6EQZPm4AgI6aHx4AaABAg,@davidscrimmager6571,The best song out of the beef,7,0,2026-06-02T21:24:40Z,2026-06-02T21:24:40Z
UgzniUk8UZ5lpRbJgWJ4AaABAg,@BWick38,👑🔥 DAMN! He dropped at 6:16am with straight heat!,56,0,2024-05-03T13:45:50Z,2024-05-03T13:45:50Z
UgzeN-QzKq3ruLmTGvp4AaABAg,@JustinRashad634,Kendrick loves his old School Music 🔥🔥🔥🔥,137,2,2024-05-03T13:48:32Z,2024-05-03T13:48:32Z
UgwFSnIaUJ2Vd67cZJR4AaABAg,@Jasmine-jv8pv,I’m still not over this,144,10,2024-08-14T13:10:11Z,2024-08-14T13:10:11Z
Ugzj6XIytZg7YQDoe6J4AaABAg,@jaaycobra4356,"“Before you figure that ;your not alone, ask What Mike would do?”  - the answer would be “starting with the man in the mirror” 🔥🔥🔥 two MJ references in one line is absolutely astoundingly incredible.. absolute KO",8,0,2026-01-23T10:48:12Z,2026-01-24T09:47:10Z
UgyyEkOVKJYSYb4b7Hp4AaABAg,@Jenaycs-1,I listen to this song daily…still not tired of it🔥🔥🔥,92,6,2024-09-27T22:03:56Z,2024-09-27T22:03:56Z
UgwfQPiIlash0E5pHXh4AaABAg,@varus6960,Aubrey is so weak trying to pay people to dig up dirt on K Dot. Aubrey just confirmed that he is indeed “a goofy with a check” 🤣,188,5,2024-05-03T20:05:02Z,2024-05-03T20:05:02Z
UgyAMgcxeXw6wJVEXV94AaABAg,@jamjamN18,Anyone playing this vid repeatedly coz it’s not on Apple Music ?😭😭😭,76,4,2024-05-09T19:00:58Z,2024-05-09T19:00:58Z
UgwlKfpV34L9tEv5XYx4AaABAg,@Cxinner,I’m still waiting for them to clear it for Spotify 😭,7,0,2026-02-20T10:56:46Z,2026-02-20T10:56:46Z
UgyCkV10Tckww0n_vnh4AaABAg,@micaelfreire3755,"J Cole is figuring out which kinda socks he gon use today, ""Hm, high cut or low cut?""",66,1,2024-05-03T18:44:44Z,2024-05-03T18:45:05Z
UgyhafYUabtOnC9mD-14AaABAg,@edw4956,Yes Sir. K Dot spewing that divide and Conquer.   He calling Drake out out to rap for himself. He specifically telling Drake that Drakes own team spilling the beans.  K DOT definitely played the chess move.,110,3,2024-05-03T14:29:47Z,2024-05-03T14:29:47Z
UgxHICIMqWBY_fSMrEF4AaABAg,@gamingvideos3560,""" it was fun until you start to put money in the streets, they lost money cause they came back with no receipts."" 🔥. Kdot is UP 💯",246,42,2024-05-03T17:56:19Z,2024-05-03T17:56:19Z
UgxiqBSt2kU0xuSSE154AaABAg,@justtroy95,"Lol now that I know he was referencing games 100 video, 

The song sounds that much better.",5,0,2026-08-08T15:51:31Z,2026-08-08T15:51:31Z
UgzjwAkSlvgb5uqxvMJ4AaABAg,@GraceUnderhill4567,Anybody in 2026?,1562,55,2026-01-01T00:18:55Z,2026-01-01T00:18:55Z
UgztOg9BiKyV-Duys8l4AaABAg,@seven0seven0,in retrospect this song feels like a warning shot of whether or not drake wants to continue this beef. kendrick is essentially saying he KNOWS family matters is going to drop later that day and he is READY to push it further. Drake should have stopped with Pushups if he wanted to come out of this relatively unscathed.,64,2,2024-05-08T09:49:12Z,2024-05-08T09:49:12Z
UgwpMrxVfV_5Cpyjuw54AaABAg,@TheoFennel,Drake should just come out and make a public apology,55,2,2024-05-03T16:00:01Z,2024-05-03T16:00:01Z
Ugw0RyGQo7DEhBeF90B4AaABAg,@FabianSifuentes409,A daily play while I get ready for work lol,7,0,2026-03-21T21:29:51Z,2026-03-21T21:29:51Z
UgxVCV_7Fhy1KHvuEgZ4AaABAg,@BillThaPill,Who’s here after lyrics been deciphered lol,87,5,2024-06-29T20:40:02Z,2024-06-29T20:40:02Z
UgyQ__APP_uarit5VuR4AaABAg,@dfwherbie8814,That Kendrick slid on this Al Green sample. Sheesh 🔥🔥🔥,93,4,2024-05-03T15:48:17Z,2024-05-03T15:48:17Z
UgxBTxj_KlR9jR6oMpN4AaABAg,@king_joshua803,“Before you figure that “You’re Not Alone” Ask What Mike would do? “ … coldest mic drop of all the diss tracks.. it went over everyone’s heads,72,7,2024-06-26T04:41:29Z,2024-06-26T04:41:29Z
UgyP4iP82F3JOA0j4tN4AaABAg,@ateba19,“Can’t tootsie slide up out of this one” 😂😂😂😂,6,0,2026-02-12T22:02:42Z,2026-02-12T22:02:42Z
UgzT21_tWgXmGTSEULJ4AaABAg,@Jay_Boola,This is the most lyrically dazzling of all the diss tracks especially the first verses.,65,2,2024-05-08T22:57:30Z,2024-05-08T22:57:30Z
UgwFDQ6Xzno33a1MI0x4AaABAg,@nathanielmouzone1394,"My personal favourite tune in the beef so far, super strategic, so many codes, lyricism at its finest and did EXACTLY what it was meant to do.",115,5,2024-05-06T18:33:38Z,2024-05-06T18:33:38Z
UgyzFLfb585-vsErZbR4AaABAg,@yinnetteolivo,"WHAT IS HAPPENING??? I have never seen a dessert diss. Kendrick was like.... ""Euphoria"" then 4 days later... ""btw...""",83,2,2024-05-03T16:24:47Z,2024-05-03T16:24:47Z
UgyU11kLrbKXZNMHJ9R4AaABAg,@amosramnath4292,As a Drake fan this one of my favorite disses tbh,5,0,2026-05-13T14:25:31Z,2026-05-13T14:25:31Z
Ugzw3ZwKO9rZEAT1q-F4AaABAg,@tegaaonos7626,This is a psychological warfare lmfaoo,115,3,2024-05-03T14:05:35Z,2024-05-03T14:05:35Z
UgwGYFdfJ4b5xxmsu094AaABAg,@IAmLennon,"The Drake fan in me knows that’s we inin trouble 🤦🏿‍♂️
Cause this is beautiful chaos",171,13,2024-05-03T13:43:13Z,2024-05-03T13:43:13Z
UgwlXQ5-pbqQKogE1I14AaABAg,@aminekemicha8951,"“Sir, they just hit the second tower”",94,2,2024-05-03T15:29:18Z,2024-05-03T15:29:18Z
UgwphSy24wNM1EQA-4d4AaABAg,@amandayork1314,"Drake,Adin Ross and Stake just got sued.. had to come listen to the prophet..",9,0,2025-10-28T23:15:36Z,2025-10-28T23:15:36Z
UgxeBJ6p_3BLnE-B9Ap4AaABAg,@prod.MRBLOXY,"how long this did take to render, ts just dropped LOL",67,0,2024-05-03T13:38:56Z,2024-05-03T13:38:56Z
UgyKaToQmqa1q6pWeTR4AaABAg,@hasanishakur9985,"It took me til yesterday to realize dot called this man a ""OFF WHITE SUN SEEKER"" legit tears 😂",52,9,2024-05-30T20:48:03Z,2024-05-30T20:48:03Z
Ugyd9hesq0Qp91Ep-cJ4AaABAg,@cytheolympian2706,"This is the second time that Kendrick's diss track titles are multiple entendres within themselves:

1. 6:16 in LA rips Drake's timestamp record motif

2. 6:16, June 16, is Pac's birthday

3. June 16 is also Father's Day 😂",380,28,2024-05-03T14:16:45Z,2024-05-03T14:16:45Z
Ugwv6Dd1ErxB3OwqRu14AaABAg,@marloncarthy1,This track is layered...best out the lot,6,0,2026-08-06T03:40:49Z,2026-08-06T03:40:49Z
UgyVQw0unnUOylbJ2Hd4AaABAg,@damianmercan1999,"""Ask what Mike would do"" is so fucking cold",73,6,2024-05-03T16:21:32Z,2024-05-03T16:21:32Z
UgzBJj6PTb99M5oXHN94AaABAg,@francisward9812,"The sound at the beginning is the noise a Cryolipolysis Slimming V12 machine makes.. 

""Then tell em' where you get your abs from.. V12 it's a fast one"" 🔥🔥🔥

Kendrick is slow cooking this dude in front of us all",222,10,2024-05-03T22:01:36Z,2024-05-03T22:01:36Z
Ugx_CnNDhTVY8sXUIyZ4AaABAg,@AnDreasDondo,"Drake Guzzlers/ Hardcore casuals out here like “We can’t really dance in the club to this, So actually Drake wins” 🤪🤣",217,6,2024-05-03T15:50:34Z,2024-05-03T15:50:34Z
Ugw6jrZlgRRZMpeOZgV4AaABAg,@smos_4798,The most underrated diss,9,0,2025-10-08T17:49:31Z,2025-10-08T17:49:31Z
UgxUdQUX9inrQzhQdpZ4AaABAg,@frankpinkney1397,Kendrick out here running Drake through diss track clinic,138,3,2024-05-03T14:01:04Z,2024-05-03T14:01:04Z
Ugzsr6ZbZo9NySqmEvh4AaABAg,@careless_chowda,Safe to say Katt Williams set the tone for 2024🤷👀,167,5,2024-05-03T19:14:00Z,2024-05-03T19:14:00Z
UgxiFky7w-mzlN4TEkV4AaABAg,@kendrickhibbler7868,"Drake, his ghost writers, and  his AI bots got a lot of work ahead of them",112,4,2024-05-03T15:14:22Z,2024-05-03T15:14:22Z
UgyijrsBetMfaJoAnut4AaABAg,@tayshawn3366,Who’s back at the start of 2026?,12,0,2026-01-01T19:22:11Z,2026-01-01T19:22:11Z
UgztkSc1u0Pf51hiV-54AaABAg,@GdupfromtheFTup87,Beat is a masterclass in production,472,31,2024-05-03T13:38:11Z,2024-05-03T13:38:11Z
UgyW-Eq8OERpuBZGMxl4AaABAg,@kananirogers905,Anybody here after the Lawsuit ?? 😂😂😂😂,58,5,2025-01-16T13:53:57Z,2025-01-16T13:53:57Z
UgyEnXfuFF0WLW7COF94AaABAg,@Ali-yn1ko,Your reality can't hide behind wifi🔥🔥😭🙏🏾,61,1,2024-05-03T13:46:12Z,2024-05-03T13:46:12Z
UgxM2jWZowd0xflaYhR4AaABAg,@add_vancee,This was the warning shot and he didn’t listen,3,0,2026-09-01T02:22:01Z,2026-09-01T02:22:01Z
UgyhTq_d3Lv42Ex8tOx4AaABAg,@RonnieRogers79,Basically Kendrick is giving Drake heads up that he has snakes around him 💯,132,5,2024-05-03T18:33:00Z,2024-05-03T18:33:00Z
UgyAymFb90oiEcrLk_B4AaABAg,@GotFunyuns,Never seen a dude cooked well done twice in less than a week like this before. Holy shit.,54,2,2024-05-03T14:09:19Z,2024-05-03T14:09:19Z
UgyPYKo-USlUAi2-4Yd4AaABAg,@Prod.By.Barcari,R.I.P Drake 🕊️,52,2,2024-05-03T13:48:36Z,2024-05-03T13:48:36Z
UgxuaMoudROSAQRJk9N4AaABAg,@jaydagreat_253,My nigga Dot was goin crazy on this…..  I came from love….. #2026,5,0,2026-07-19T03:58:52Z,2026-07-19T03:59:08Z
UgxMS2vXZFVV7WTjT7N4AaABAg,@yungwavytone8293,"Watch da haters still say “Kendrick’s beat put me to sleep”
“Just wait till Drake drops”
Genuinely how can u come back from this 😭😭",195,27,2024-05-03T17:02:51Z,2024-05-03T17:02:51Z
UgwT2MwTNcEqSJrcgmF4AaABAg,@nadadjean-julien5755,"You know it’s funny how people say a lot of people are reaching when it comes to breaking down these lyrics, but the way I see it, at least we’re able to “reach”. Because when it comes to Drake what you see is what you get and what you get ain’t all that😂",198,25,2024-05-03T19:40:59Z,2024-05-03T19:40:59Z
Ugzf0x0q5OF4-CTfY-p4AaABAg,@YungHaynes0913,People really tried to call this trash lmao,163,9,2024-06-21T15:35:09Z,2024-06-21T15:35:09Z
UgxpTI8YqKOpJ3I1iTx4AaABAg,@thechamp3299,IT’S SURVIVALLLLLL,4,0,2026-06-27T00:23:43Z,2026-06-27T00:23:43Z
Ugz_DNGcqjiqKkltrW94AaABAg,@Q_Not_Susie,"Cole really saw the storm in the distance, got on his bike, and went home. I'm not even mad he sat this out.

Edit for the remedial class: Clearly, Cole could keep up. He obviously saw where this was going to go and felt it didn't align with what he wanted.",564,28,2024-05-03T14:44:20Z,2024-05-03T15:04:56Z
UgwqMuqLpEELjjRmEZN4AaABAg,@isaacmartinez1218,TALK TO EM GOAT,183,5,2024-05-03T13:37:21Z,2024-05-03T13:37:21Z
UgxgYI_VIQcIaVTlWRR4AaABAg,@astitva.1332,Nah 2 diss tracks in a week from kendrick is insane,560,20,2024-05-03T13:41:33Z,2024-05-03T13:41:33Z
Ugzg_N4bx2Vu3k4me7B4AaABAg,@VioletDeadZe,"Pure bars, awesome flow and the production is like peak",17,0,2026-01-16T10:39:50Z,2026-01-16T10:39:50Z
Ugy1-gAHrGe5dfdi2ux4AaABAg,@jdinkalagemorgoone7427,Drake fans will say “THIS SHIT IS ASS BRO” He dissing that goof in different styles too😂😂,362,14,2024-05-03T21:27:08Z,2024-05-03T21:27:08Z
UgyO_GfGSKrsnM0wjXt4AaABAg,@MfpMarcus,"My brother in Christ, it’s 9am. Can drake wake up 😭😭",88,3,2024-05-03T13:43:57Z,2024-05-03T13:43:57Z
UgywuIOI0UqMt0q81hd4AaABAg,@JohnWickPotter,"This is quite frankly beautiful. Using a beat that has so many meanings behind it AND wrecking it. Again. Dot. I love this version of you. I can’t wait for Drake to not respond.

Edit. He responded. But you responded to his response. Dot then doubled down. Released another just in case Drake hasn’t clearly heard the message. Bro. Bow out.",60,2,2024-05-03T23:21:41Z,2024-05-05T01:12:44Z
Ugyp7y3L3oydlDmdXlR4AaABAg,@m4magnificent4ever,Still mad this isn't on Apple or Spotify and that MJ reference at the end Chef's kiss,4,0,2026-06-24T18:10:50Z,2026-06-24T18:10:50Z
UgwEw-1QvyqNhL9LADp4AaABAg,@kay_wondersa698,November anyone?💆🏾‍♂️,221,41,2024-11-01T11:24:22Z,2024-11-01T11:24:22Z
UgxOsNzhAj5GiZGnu0h4AaABAg,@John-md2oq,"""Have you ever thought OVO workin' for me?""",76,4,2024-05-03T14:19:43Z,2024-05-03T14:19:43Z
UgwYigviz1tX5D_H0VR4AaABAg,@zicorojer2474,"J cole didn’t dodge a bullet, he dodged a RS-28 Sarmat combat missile",54,2,2024-05-03T15:17:18Z,2024-05-03T15:17:18Z
UgwAGRcATD9t2AMI_VZ4AaABAg,@LTCarrotTop,I wish this song was on apple music 😢😢😢,10,0,2026-02-17T04:52:42Z,2026-02-17T04:52:42Z
UgwslUrfpw9Pdg7K-2l4AaABAg,@Stay-Still.MP4,Anyone else genuinely enjoy the song?,104,7,2024-07-05T19:02:38Z,2024-07-05T19:02:38Z
UgzILvDnAwzcfvhStUN4AaABAg,@King-li9ko,Packed that boy up again over a soulful Al Green sample letting him know he’s uncultured 😂,118,5,2024-05-03T20:46:03Z,2024-05-03T20:46:03Z
UgwV_UzPF3xWhomaZV94AaABAg,@manzammm,WHY ISN'T THIS IN STREAMING PLATFORMS 😭😭,105,11,2024-05-05T08:44:41Z,2024-05-05T08:44:41Z
UgwQub0l4-BSvdaDig54AaABAg,@Will7.25,Psychological warfare on a beat.,4,0,2026-06-01T12:11:25Z,2026-06-01T12:11:25Z
Ugw__Xshml_6GQgMjvF4AaABAg,@ryuusaki7309,Drake -meek mill voice geTttt Up,81,6,2024-05-03T13:38:33Z,2024-05-03T13:38:33Z
UgwqkajcberY8eZrNat4AaABAg,@Acleeaa,I’m sorry.. how did we move past this song so quickly??🤔,185,30,2025-02-27T22:26:13Z,2025-02-27T22:26:13Z
Ugwhp6cfUmHnrAwSCRt4AaABAg,@RiaSoFlyy,"Who’s here on January 16,2025 👀",82,7,2025-01-16T20:31:48Z,2025-01-16T20:31:48Z
Ugz-Bc4cEVkkwQPbWAJ4AaABAg,@Bigmommajuju,"“Fake bully i hate bullies you must be a terrible person, everyone inside your team is whispering that you deserve it” 🔥🔥",3,0,2026-06-07T18:49:49Z,2026-06-07T18:49:49Z
UgwpWoKGQzkEaXWHJ4l4AaABAg,@geearethree,drake is so incomprehensibly stupid for not taking this as a warning and dropping family matters,9,0,2025-10-06T15:58:03Z,2025-10-06T15:58:03Z
Ugx-vWMoJz_UGeywv_V4AaABAg,@Megaman.Exe88,It's August 2025 and this is still my favorite track of the beef,8,0,2025-08-17T00:29:10Z,2025-08-17T00:29:10Z
UgyvhN621lu8biDjLTh4AaABAg,@trevorrichard4710,The art of war is deep in this man,4,0,2026-04-14T11:12:58Z,2026-04-14T11:12:58Z
UgyqI03RmDkUwABuq0N4AaABAg,@grantdenny842,Genuinely my favorite sound on any of the disses,8,0,2025-10-30T01:50:46Z,2025-10-30T01:50:46Z
UgzfGRfI8S-m6BMemG54AaABAg,@roderickchambliss948,When he said ask what Mike would do I saw Mike jamming to this 😂😂😂,5,0,2025-12-24T02:53:41Z,2025-12-24T02:53:41Z
Ugz1XZ54ZtO9nRlv4854AaABAg,@ohmanngawddamn7012,It’s been few hours the case was dismissed by the Fed Judge.. pull up with fresh flowers 💐,11,0,2025-10-10T05:00:43Z,2025-10-10T05:00:43Z
UgxTkdD463EmsDmUtCJ4AaABAg,@KhanGoldman,I get some type of message everytime I listen to my brother,4,0,2026-06-15T22:29:48Z,2026-06-15T22:29:48Z
UgyHELBhjmyi4Mqhj714AaABAg,@Dark_Panthera,Here again after Top 5 dissed Drake and said Not Like Us is fire 😂 2:05,12,0,2025-12-08T17:59:55Z,2025-12-08T18:01:13Z
UgwFW-rA4eM9caISt4Z4AaABAg,@middlekidd8903,"bro this song.. is a prophecy. "" everyone inside your team is whispering that you deserve it """,5,0,2025-09-06T17:30:21Z,2025-09-06T17:30:21Z
UgwxdZePM6qF1msOicV4AaABAg,@BlooWoods,Cleaning my ears after Iceman,5,0,2026-05-15T05:36:53Z,2026-05-15T05:36:53Z
UgwNzcqLw-cdjruggoZ4AaABAg,@newowanda,I always return to this track👌🏿,13,0,2025-09-22T22:27:15Z,2025-09-22T22:27:15Z
UgxEcUp9vzZfm37dbgx4AaABAg,@mjoshwil,"Damn, this song is so damn good. Euphoria, 616, MTG, and NLU are GOATED.",13,0,2025-10-15T16:39:36Z,2025-10-15T16:39:36Z
Ugx7EVF3dAh09LOh3TN4AaABAg,@ephraimvatt3281,"""Every dog gotta have it's day, now live in your purpose"" is craaazy!!🔥",4,0,2026-05-25T13:25:10Z,2026-05-25T13:25:10Z
Ugx8EQAOLpsLAxqjY1t4AaABAg,@slamdunkjuju,The beat is so good i always forget it is a diss track,7,0,2025-11-03T16:21:16Z,2025-11-03T16:21:16Z
UgwTNxuRy1NZsmpgZdB4AaABAg,@IRISH-v4v,What a time it was .,5,0,2026-04-30T08:08:47Z,2026-04-30T08:08:47Z
UgyJpOQrfHJ8GevkM3d4AaABAg,@neesha7665,If this song had a video Jordan Peele should be the director.,8,0,2025-10-19T22:19:58Z,2025-10-19T22:19:58Z
UgwU1gaecDPTaDGmh814AaABAg,@DarkClouds-v8,Here after Ak & Drake lawsuit,10,0,2026-01-04T02:13:57Z,2026-01-04T02:13:57Z
Ugwu1e1185tiKUbfvol4AaABAg,@enviousshade1770,Never gets old I wish this would be uploaded to Spotify,4,0,2026-05-11T19:04:07Z,2026-05-11T19:04:07Z
Ugw84yHUjSYgpikVd_94AaABAg,@zikamuphema7173,The most underrated song inthe whole saga,8,0,2025-08-30T09:29:31Z,2025-08-30T09:29:31Z
Ugx2ekQvBATLQJTrhwN4AaABAg,@jarrettbattle9295,"Diss was basically, ‘God, please forgive me for what I’m about to do to this man.’",6,0,2025-09-20T03:28:59Z,2025-09-20T03:28:59Z
Ugxq1wRw-DfIhUMQjpl4AaABAg,@cal_267,This historic night was exactly *two* years ago. What a night for hip-hop...,2,0,2026-05-02T23:30:20Z,2026-05-02T23:30:20Z
Ugzk6YbUKv-5BE1dCD14AaABAg,@evitatruth8755,Nothing this man says is at surface level.  He was putting us on Game the whole time!,3,0,2026-08-08T12:03:24Z,2026-08-08T12:03:24Z
UgyqtFSP-SfudpxuBQx4AaABAg,@sugarcrafty777,English teacher here. Some of the most beautiful bars I have ever heard.,3,0,2026-04-24T23:08:05Z,2026-04-24T23:08:05Z
Ugz6-a9Djiw32UHaZiZ4AaABAg,@dani1591,This was the best song of the entire beef to me.,3,0,2026-05-16T04:36:24Z,2026-05-16T04:36:24Z
UgxF7KFjX2nPQFXpvPx4AaABAg,@Y1forprez,Damn this shit went diamond on YouTube,4,0,2026-05-11T19:25:24Z,2026-05-11T19:25:24Z
Ugziug1HtifBmZwRNmx4AaABAg,@zhaquananderson1655,Best song of the beef 🔥😭,7,0,2026-01-06T02:49:39Z,2026-01-06T02:49:39Z
UgzXd6zJr0wUhXfk-IJ4AaABAg,@evantee826,Beef was around this time 2 years ago bro shit is really crazy. We need Kendrick delivering shit like this for me to cruise in again.,5,0,2026-04-27T22:17:53Z,2026-04-27T22:17:53Z
UgyQA189su6RYngUImJ4AaABAg,@bigrandy6127,He really snapped on this one,4,0,2026-04-07T19:34:50Z,2026-04-07T19:34:50Z
UgyWqp-8hsVajXfRvtN4AaABAg,@SonnyHusle,Greatest diss track ever y'all was sleeping 😴,7,0,2025-12-01T05:00:21Z,2025-12-01T05:00:21Z
UgznG5PPjuiITEYcYNx4AaABAg,@chisank,The forgotten Kendrick diss track from the beef,3,0,2026-05-13T21:35:26Z,2026-05-13T21:35:26Z
Ugw5bE_rnY2YydyiBNl4AaABAg,@wednesdaygeckok.7899,"""Fuckin with good people make good people go to bat""
Some politicians should remember this next time they wonder why half the country is pissed beyond belief",5,0,2026-01-26T17:06:40Z,2026-01-26T17:06:40Z
UgypMHJ6zAag6zHjl014AaABAg,@SebastianvanRooyen-to8nz,Kendrick is a Master of this craft,3,0,2026-06-15T09:47:19Z,2026-06-15T09:47:19Z
UgzvPofijpCbimGVFf54AaABAg,@KikiTVYT,This is my fave diss track from K Dot,9,0,2025-10-20T15:14:54Z,2025-10-20T15:14:54Z
UgxDrY3skDTwr1Son854AaABAg,@chizzymac3526,Here after finding out why it’s called 6:16 in LA🫡,10,3,2026-08-09T02:04:22Z,2026-08-09T02:04:22Z
UgyeJ1oR72Apqo8oMtN4AaABAg,@brandonp3330,"""I'm sorry that i live a boring life i love peace but war ready if the world is ready to see you bleed""
Indeed we all watched blood get spilled 😬😤",6,0,2025-11-23T07:22:01Z,2025-11-23T07:22:01Z
UgzdGGG37YjIZ2Ynb0F4AaABAg,@joelpaul7388,"Quick reminder that dot is General Iroh with all
This Iceman nonsense going down",4,0,2026-04-22T06:12:33Z,2026-04-22T06:12:33Z
UgwWepWedp1GZt2zZ4p4AaABAg,@Kaitaniwha,Here after Fantanos video on Akademiks being compromised,5,0,2026-01-29T19:33:18Z,2026-01-29T19:33:18Z
Ugxtyq3fCC4ZyGrsf0B4AaABAg,@brandonp3330,This track was severely slept on i always call this one the calm before the storm,6,0,2025-10-20T06:58:47Z,2025-10-20T06:58:47Z
UgwOsv1oPgeBcOsk_9x4AaABAg,@Belt2cheeks,This still slap till this Day 🫡,7,0,2025-10-29T22:50:04Z,2025-10-29T22:50:04Z
UgyyOMazHo6BrxrqPXN4AaABAg,@2plus7dropman,We still here 2026,18,1,2026-01-18T01:29:39Z,2026-01-18T01:29:39Z
UgxvvDW_eUJhE19nct14AaABAg,@SuperLand7,They'll never get over it 😂🙏🏾🙌🏾,6,0,2025-12-21T13:12:56Z,2025-12-21T13:12:56Z
Ugw1foAYunvAD_d7lxl4AaABAg,@Ironbanana777,“I would’ve lived in peace but my enemies brought me war” ahhh song,3,0,2026-02-27T20:46:23Z,2026-02-27T20:46:23Z
Ugw_2B8zEH57Gu0Mg814AaABAg,@rofhiwamaneta4781,Lyrically the best song of the beef. Kendrick was lining up the shot.,3,0,2026-05-09T09:49:14Z,2026-05-09T09:49:14Z
Ugxpju8Zv8QkI7vTaZp4AaABAg,@aadrick3174,This is literally the best song out of both sides of the disses but its the most overlooked???,23,2,2025-12-07T08:35:28Z,2025-12-07T08:35:28Z
UgwUZiwFjIoAFcCPmiJ4AaABAg,@tjrichez4297,MAN I CAME BACK TO GIVE GRACE ❗️and Change the flowers on the grave ……….,6,0,2025-08-26T03:53:32Z,2025-08-26T03:53:32Z
UgzwTbuMCnIeNMvLoHd4AaABAg,@morphino95,"this is better than Not Like Us in my opinion , this was the warning but Aubrey didn't listen.",5,0,2026-05-17T17:18:10Z,2026-05-17T17:18:10Z
UgxzIcQ9XmDXRAvPwpF4AaABAg,@Issh__hf,You know why I’m here..,3,0,2026-06-16T11:24:58Z,2026-06-16T11:24:58Z
UgwbbM7kYNnFAxuYaWh4AaABAg,@VisionEdits.,"The instrumental is so beautiful…(0:35 - 3:45)

 the way Kendrick just flows on the beat… (0:00 - 3:45)

the lil singing parts are incredible… (0:57)

 the fact that the first part is Kendrick rapping in Drakes POV…
(0:39 - 0:57)
 
this is the best diss track of all of em!",2,0,2026-08-18T11:38:11Z,2026-08-18T11:38:11Z
UgzIulf7pDkJoAQ-hfZ4AaABAg,@wudahman1,616  ON ARANDOM MONDAY,6,0,2026-08-25T01:18:24Z,2026-08-25T01:18:24Z
UgycHJHQJLjUqJS6pLN4AaABAg,@Molemo100,Me jumping planets immortalized. You can’t beef with someone that writes this. I don’t care who you are,5,0,2026-03-29T17:10:47Z,2026-03-29T17:10:47Z
Ugyo-4Txrrj1WmGNMWN4AaABAg,@TrakouriJackson,"Never mess with the ""quiet ones""!!!!!",2,0,2026-08-08T14:13:02Z,2026-08-08T14:13:02Z
UgytXscNd8vzWYbL86B4AaABAg,@klausblichtoten,A eulogy he spoke to that man soul,3,0,2026-05-28T16:37:30Z,2026-05-28T16:37:30Z
UgyxCblYD9-NuR3LDKZ4AaABAg,@taylorreese5868,"2:14 
Genius production when he says put ""money in the streets then lost money cause it CAME BACK with no receipts""  it seems like for a few notes the drums play Backwards when he says came back.",10,0,2025-08-25T19:13:49Z,2025-08-25T19:13:49Z
UgxhCMxfp2kq9XIgVLp4AaABAg,@KarenDover-u4k,"Why did drake think that battling this man was the move?! Id have heard euphoria and waved the white flag, but even after hearing this he thought he could win?! This song was better than all drakes tracks( push ups was the best imo)",11,0,2025-09-01T17:41:22Z,2025-09-01T17:41:22Z
UgzCMSs5kAyqp_vETYh4AaABAg,@ccmeme258,Aight so this still slaps. See ya in 3 months,5,0,2026-04-01T20:59:30Z,2026-04-15T00:05:46Z
UgwC0lC6QKbTxcx_By94AaABAg,@m_06trap89,Guess I’m the bot they talk about 😂😂😂,11,0,2025-12-29T21:01:42Z,2025-12-29T21:01:42Z
UgyGflDF5guVoxO-H-14AaABAg,@king201023,Can’t toosie slide yo way out of this one it’s just gone resurface 😭,6,0,2025-10-24T13:03:04Z,2025-10-24T13:03:04Z
UgzuWwPnSZ0_HNpXv554AaABAg,@KeepingOnPoint,"Aging like wine, his lawyer team just playing him for bread",4,0,2025-10-17T18:49:21Z,2025-10-17T18:49:21Z
Ugw9IGr0vbYcZXPH4Kt4AaABAg,@Dmcgod214,Had to come back to this crime scene,5,0,2025-12-16T10:37:37Z,2025-12-16T10:37:37Z
UgzJj5lVLFTFykzs2L14AaABAg,@johnthanjackson4856,Had to spin again … I smell somebody lying 😂,5,0,2025-10-28T14:41:13Z,2025-10-28T14:41:13Z
UgwEFcss1myWcxYoPvx4AaABAg,@magnanimousnate,“Book me some pizza” and KTW have some deeply SINISTER implications. Drake should’ve immediately stopped here,5,0,2026-02-05T00:51:08Z,2026-02-05T00:51:08Z
UgyGAx2SNRJr0A8gXhx4AaABAg,@tmbrwn,"""God, ah, my confession is yours But, who am I if I don't go to war? There's opportunity when livin' with loss…"" God, damn, he knew he was about to drop the nuke. He knew what all of this meant.",4,0,2026-02-25T23:17:18Z,2026-02-25T23:17:18Z
UgyKpq7Ht8yosNS-tGN4AaABAg,@joshmo141x,I don’t know if any single Kendrick verse is aging better for me than “my confession is yours…” to “as I pick the carcass apart” ❤,4,0,2025-09-12T21:52:26Z,2025-09-12T21:52:26Z
UgxhlnSidFKOPJw_0AZ4AaABAg,@HcbydRsyckUcbktdyrHxji,that trifecta bars was wrcazy 🔥 🔥,3,0,2026-07-03T08:57:27Z,2026-07-03T08:57:27Z
UgymYshCSP1T7M-ZOrR4AaABAg,@Klabbity_Kloots,"It is now 6:16 in LA.
Interesting thing is Larry Graham Jr. played the guitar in this sample.",3,0,2026-05-03T13:16:03Z,2026-05-03T13:16:03Z
Ugza5i_ldFQZ1EWjnFZ4AaABAg,@sadsadmee,Still a banger. It's rare for a beefrap to give chills like this one!,4,0,2026-04-24T00:42:30Z,2026-04-24T00:42:30Z
UgzNRHVyZz_buemwREh4AaABAg,@iitsjustgarrett,This was actually the kill shot low key,6,0,2025-08-29T05:58:52Z,2025-08-29T05:58:52Z
UgzbcVJGgePL26BtUg54AaABAg,@PatriziaMoro-f5i,😂...The friendliest warning to Aubrey....😂,5,0,2025-10-15T11:05:20Z,2025-10-15T11:05:20Z
UgwiSVbrypcGA8L0CoJ4AaABAg,@CollectThaBucks,This is the best song in the entire diss musically.,5,0,2025-11-17T15:22:12Z,2025-11-17T15:22:12Z
UgwCSVF0VhI9FANzd2F4AaABAg,@DontCallMeYourSlime,Who hasn’t been changing the flowers? Guess I’ll do it,4,0,2025-10-22T00:26:39Z,2025-10-22T00:26:39Z
UgxhoEBBXn49F-7dgm14AaABAg,@HcbydRsyckUcbktdyrHxji,no disrespect but this shit better than not like us,4,0,2026-07-03T08:18:06Z,2026-07-03T08:18:06Z
Ugzxz0GkDaWUsEYyJdt4AaABAg,@hiphopiznotdead,Funny how we all knew it was over when this dropped!!! I LOVE IT!!,7,0,2026-03-05T07:24:22Z,2026-03-05T07:24:22Z
Ugxac_KbOrKJBJh8MFZ4AaABAg,@theroyalclaymore3260,"Out of the entire beef, I stand by this being the absolute best that Kendrick put out, god I love it.",11,1,2026-01-12T03:10:05Z,2026-01-12T03:10:05Z
UgyR4JI7SSl4Arcz_I14AaABAg,@MvstermindMuzik,It was honestly over when he dropped this smh,5,0,2026-02-13T13:06:00Z,2026-02-13T13:06:00Z
UgwTmjI7jzXbFezDorh4AaABAg,@JohnRedcornJr,A forgotten Gem in such a Great War chest from Dot,6,0,2025-12-02T13:30:23Z,2025-12-02T13:30:23Z
UgwWsfH1AdAPnVHIP4Z4AaABAg,@Paranoxiia,I still don’t understand why people don’t talk about this song one of the best songs out of the beef fs,28,4,2025-12-24T01:55:21Z,2025-12-24T01:55:21Z
Ugy-6yncmpeVzjRqgkl4AaABAg,@hiimsherwood2085,0.57 through 1.40 is my favorite part,2,0,2026-07-24T11:23:12Z,2026-07-24T11:23:12Z
Ugw-wZJAq4Da3zrg-0p4AaABAg,@mystic7045,KENDRICK PUT THIS ON APPLE MUSIC AND MY LIFE IS YOURS,4,0,2025-10-28T16:49:05Z,2025-10-28T16:49:05Z
Ugyvy0Kp-uj6TYd-PDV4AaABAg,@per_ceive,1:08 FLOATING 🔥,4,0,2025-11-16T16:55:10Z,2025-11-16T16:55:10Z
UgwpSjEM6aaq_Z8e0Jh4AaABAg,@mikegarcia8815,See yall in the comments 2027,10,0,2026-01-22T14:56:24Z,2026-01-22T14:56:24Z
Ugyt3tzhds1IeDOJseZ4AaABAg,@bilalaboukhalil9427,"This isn’t just rap beef.
This is chess at 6:16 in the morning.

Calm voice. Surgical delivery. No screaming.
When a man is rooted in something higher, he doesn’t move off emotion.

You can restrict platforms.
You can arrest voices.
But you can’t arrest belief.

Real power isn’t loud — it’s aligned.

The industry sees competition.
The spiritually aware see accountability.

Stay awake.
🙏",3,0,2026-02-17T22:09:57Z,2026-02-17T22:09:57Z
UgzH9ZsI4_P94W4xHh54AaABAg,@caifabe,most underrated track of the whole beef. absolute banger.,2,0,2026-06-07T00:50:49Z,2026-06-07T00:50:49Z
Ugw-G4NoQ0VK8MRtFqd4AaABAg,@emoneykashh,Still here 🔥,4,0,2026-04-06T09:18:49Z,2026-04-06T09:18:49Z
UgxLBuD6CHcv11uwXNJ4AaABAg,@FatherJosh1,Who am I if i don’t go to war,4,0,2026-04-20T21:29:58Z,2026-04-20T21:29:58Z
UgzEqmmfU9dG9znSFyR4AaABAg,@alexorr2626,COOKED HIS ASS UP,4,0,2026-03-25T05:01:48Z,2026-03-25T05:01:48Z
UgwBNtigtrfC7TeS07t4AaABAg,@IMMAK1LLZOMBIES,Still not on Spotify yet 😢,6,0,2026-05-01T08:22:42Z,2026-05-01T08:22:42Z
UgxBAzaCE4qqENi5eO14AaABAg,@SupremeQueenBee,Still slaps btw❤,6,0,2026-04-21T23:09:14Z,2026-04-21T23:09:14Z
UgyI66_SxEQYK32jJ1J4AaABAg,@joshmo141x,He won the moment he asked god for forgiveness for what he was about to do,6,0,2025-09-12T21:53:03Z,2025-09-12T21:53:03Z
UgzXNyCoqtMhvlT7rB54AaABAg,@Psilo33__,"2 years to the day, dropping off flowers 💐",2,0,2026-05-03T15:51:11Z,2026-05-03T15:51:11Z
UgwogJEJmLXHrX9xWx14AaABAg,@melloe90262,I dont see no 🔥🔥🔥 😂😂😂,4,0,2026-05-15T20:36:45Z,2026-05-15T20:36:45Z
UgxjbpVW4_6aksTzN7V4AaABAg,@itsmya5855,6 16 is the smart middle child that no one gaf about... But should,3,0,2025-10-21T18:42:20Z,2025-10-21T18:42:20Z
UgzYQssf_23Y07U9vi54AaABAg,@eltonkinki4818,Out of this world,7,0,2025-10-29T05:22:04Z,2025-10-29T05:22:04Z
UgznJGQaT1II_9wYTf54AaABAg,@A-Kings-Cut,Dont.Rap.Against.Kendrick.Ever,4,0,2026-06-14T17:30:30Z,2026-06-14T17:30:30Z
UgxUV5mGSr4HV0LZmih4AaABAg,@infam0usP,1:41 well that aged perfectly,12,1,2026-01-28T01:28:54Z,2026-01-28T01:28:54Z
Ugx8a5IAc9-wY1smLT94AaABAg,@KholoMotseki,"it's 6:16 August 8, here to change flowers on this grave 🥀",2,0,2026-08-08T04:19:08Z,2026-08-08T04:19:08Z
UgzGPuBHz82tZV8ZndR4AaABAg,@CSACNEM,Real hip hop fans know this one goes crazy.,1,1,2026-09-15T03:41:35Z,2026-09-15T03:41:35Z
Ugz2ffCZwEBZryFyNRd4AaABAg,@manandebikitsha7166,Came back here after listening to Drakes mid album,4,0,2026-05-15T20:11:15Z,2026-05-15T20:11:15Z
UgxqIYhi6yuoKNG3mhp4AaABAg,@Onytashi,"this song echoes in my daily life, the first part is insane, thnks kendrick.",4,0,2026-04-18T16:03:47Z,2026-04-18T16:03:47Z
UgxwpwaGWo2u0p7SfCh4AaABAg,@YNG288,Two years already (DAMN.),3,0,2026-05-03T22:33:17Z,2026-05-03T22:33:17Z
UgxNUWVfvkeFKF9i7sp4AaABAg,@ricowoodall1,Still here Dot was TALKING TALKING,3,0,2026-05-03T16:07:27Z,2026-05-03T16:07:27Z
UgxnIauCzGYeHFoLrCF4AaABAg,@trey1669,October is the perfect time to revisit this massacre,5,0,2025-10-19T06:26:32Z,2025-10-19T06:26:32Z
UgwxZMXYwDBSCcc05qp4AaABAg,@bernstriplewon7842,2026 and still some of the best raps ever spit,2,0,2026-06-05T11:10:38Z,2026-06-05T11:10:38Z
Ugz1IsJbULSE5yEk_tp4AaABAg,@briansegoe4718,"This song will always haunt Drake, coz it made him show his hand coz he thought it was the back to back that Dot mentioned in Euphoria 😢😢",5,0,2025-08-18T19:25:29Z,2025-08-18T19:25:29Z
UgyFfEFAebofZGnUdvJ4AaABAg,@TheOneRetnuH,Today is the day,3,0,2026-06-16T14:07:47Z,2026-06-16T14:07:47Z
UgwviiztNXrBYKxtEhl4AaABAg,@edb4033,THE GOATTTTTTTTTTTTTTTTTTTTTTTTTTTTT!!!!!!!,6,0,2025-11-02T00:15:36Z,2025-11-02T00:15:36Z
UgzRKVdzJICK5ICozBl4AaABAg,@Showoutwil,This shit classic !,8,0,2026-02-01T18:51:26Z,2026-02-01T18:51:26Z
UgwL_gsWoxjH6OE7QEN4AaABAg,@kebbyradebe9020,This diss is slept on 🔥🔥,3,0,2026-05-05T01:50:15Z,2026-05-05T01:50:15Z
UgzNzsWsiaFcXs5i7Gx4AaABAg,@EddyReyes_MN,This song is literal gold. The song that officially opened the floodgates of the beef.,1,0,2026-04-06T20:52:17Z,2026-04-06T20:52:17Z
UgzbM1qQ2N1vif7x1g14AaABAg,@KingChirahuMalombo,This is the wildest gravesite I've ever seen.,4,0,2025-09-20T20:28:56Z,2025-09-20T20:28:56Z
UgwmyLowOqlbcyjTA094AaABAg,@augustjackson-3970,This 5 Pack by KDOT was legendary 🙌,2,0,2026-07-25T19:47:32Z,2026-07-25T19:47:32Z
Ugw46jvnj3s7Q68rUgZ4AaABAg,@bloodysabboth5964,Another win for the culture. We gatekeeping!!,6,0,2025-10-10T12:06:00Z,2025-10-10T12:06:00Z
UgyH33hQM5GCqs7ucZ14AaABAg,@CashmereKraisin,Find the jewels like cash hits different now,7,0,2025-09-01T17:25:07Z,2025-09-01T17:25:07Z
UgxNlbVDDw77hT4wuJZ4AaABAg,@terrancewilliams8281,On my re-run of the “battle” going on 3 years 😂🔥,3,0,2026-03-22T14:20:27Z,2026-03-22T14:20:27Z
UgzQUe8io9l-_-nYl8Z4AaABAg,@shakair,This was the beginning of a historic day. I’m so happy I ended calling off that night shift and witnessed everything in real time.,3,0,2025-10-09T19:43:40Z,2025-10-09T19:43:40Z
UgwGtvSvPaOUsPJaYWB4AaABAg,@AlexAlves-rx6jg,"That was just a throw away, bro didn't post it on his own page 😂😂",5,0,2026-01-28T13:20:09Z,2026-01-28T13:20:09Z
UgypgjqePqSHFI3-KXF4AaABAg,@stverc,11M yet so underrated,6,0,2026-02-22T08:54:57Z,2026-02-22T08:54:57Z
UgxnvM7DGDyofZq2vS54AaABAg,@valarauca1,"1:00 hits different when you realize Meet the Grahams was already recorded, and would be released later that day. 

Literally praying it will work.",2,0,2026-04-25T09:15:06Z,2026-04-25T09:15:06Z
Ugwlpc7YwBwomrQ97Np4AaABAg,@imshaun4563,Everytime I see the time says 6:16 I want to turn on this song 😂 and so does Drake bc he said👌 Thankyou after all that he realizes Kendrick was just tryna help,4,0,2026-05-28T01:21:32Z,2026-05-28T01:21:32Z
UgyEhh7BBMBu3wAqe8d4AaABAg,@MetalSonic420,2 years ago today.,3,0,2026-05-03T17:31:38Z,2026-05-03T17:31:38Z
UgyipDlJoY-dXxsD0Jx4AaABAg,@matthewsteele7601,My favorite moment in hip hop history yo I can't lie I'm 39 years old and Kendrick vs Drake did something different for us ALL man.....set a new standard....,4,0,2026-02-11T22:32:30Z,2026-02-11T22:32:30Z
UgyMP2z88WfSKFJH9pN4AaABAg,@TheLegendLeonS.Kennedy,Its currently 6:16 in La 😂,5,0,2026-03-07T14:17:23Z,2026-03-09T17:06:49Z
UgwSGTgFqRdpH7AzqpV4AaABAg,@Nelly_Riv,AL GREEN PLEASE CLEAR THIS SAMPLE!!!!😢🔥❤️,6,0,2025-09-04T21:50:59Z,2025-09-04T21:50:59Z
Ugw70j-LNoVlc7HyPi94AaABAg,@bongotm876,This is the best song to come out of the whole beef imo i love the vibes,5,0,2025-12-25T05:47:15Z,2025-12-25T05:47:15Z
UgzAJWlQ1pW8BQioYNB4AaABAg,@nocapo7658,Can't Tootsie slid out of this one 😂😂,3,0,2026-01-11T18:46:23Z,2026-01-11T18:46:23Z
UgzamSNYEDf9ZRg5f9x4AaABAg,@taeruns8875,😂😂😂 goddamn I love this fucking song,4,0,2026-01-03T06:53:39Z,2026-01-03T06:53:39Z
Ugw5KAawfM1dNtknpcx4AaABAg,@iamGRILLSY,2:24 When the beat gets darkers and he speakers with venom it's goosebumps,3,0,2025-09-06T07:19:00Z,2025-09-06T07:19:00Z
UgzZPG-d2IGT2sVPwtF4AaABAg,@cabazaingram9703,“But let me tell you some game coz I can tell you my lil homie”,2,0,2026-04-15T09:33:22Z,2026-04-15T09:33:22Z
UgycFeaUVcdP3lWSAFJ4AaABAg,@Wesleymacofficial,"Someone on Twitter said that sound in the beginning is a SONOGRAM. if so, that's DIABOLICAL.",4,0,2025-08-23T18:24:09Z,2025-08-23T18:24:09Z
Ugwt2G3qfz8cebiAHmF4AaABAg,@johnpaulchiemerie7078,I'm here to listen again... After watching Company man interview revealing why Kendrick cut Game off... Trying to connect the dots...,3,0,2026-08-06T23:13:47Z,2026-08-06T23:13:47Z
UgyQCzMBfobZiMOBED54AaABAg,@bankheadpolo,listening to this song 6.16 knowing that this was actually the date Game and Drake made the 100 video in Compton Kendrick line when he said have yo ever thought that o.v.o was working for me fake bully i hate bullies u must be a terrible person everybody inside ya team whispering that you deserve it all i thought about is Game and how he Potray that gangsta role like sum fake bully shit this Diss really hit different when u really listen this. don't forget let me tell you some game cause i can see that you my lil homie that what confirm it to me,3,0,2026-09-02T19:42:32Z,2026-09-02T19:48:03Z
Ugy853XrQE6AheaItvZ4AaABAg,@appleopps4540,Amazon music needs to add this on there already!,5,0,2025-09-24T21:57:54Z,2025-09-24T21:57:54Z
UgwlnbGnfNpBHOdNngp4AaABAg,@thvthitta3485,Every dog gotta have it's day . Now live in your purpose 😮‍💨,2,0,2026-05-26T15:40:34Z,2026-05-26T15:40:34Z
Ugw4lTe4mAClmZdErud4AaABAg,@bigtomar,"After the hype fully died down, man this song gas",3,0,2026-02-13T02:33:53Z,2026-02-13T02:33:53Z
UgxtmP1ZXwkgHQfry3B4AaABAg,@ezraprzytyk,Spiritual experience.,2,0,2026-05-11T05:48:36Z,2026-05-11T05:48:36Z
UgxAv9_EiAbc2WHxKFF4AaABAg,@rob9433,Do anyone else think of Ab-Soul when you hear this joint🔥🔥,9,0,2025-09-01T01:47:19Z,2025-09-01T01:47:19Z
UgxZwZ-VPD1JM8G7LkN4AaABAg,@SuperVillainRobb314,Listening to 6:16 on 6/16....God is the greatest. 🙌🏾❤ Blessings to everyone reading this message. ❤️,3,0,2026-06-16T18:40:58Z,2026-06-16T18:40:58Z
Ugw1GKy_MUDx5PYFiYp4AaABAg,@MikeyBuckets88,This really the best one 💪🏾💪🏾💪🏾,4,0,2026-07-23T02:03:56Z,2026-07-23T02:03:56Z
UgxkzxsjWODUI__fFrF4AaABAg,@zjs3532,this track was so overlooked. It’s a shame.,11,1,2026-01-23T15:37:22Z,2026-01-23T15:37:22Z
UgwHhH0CRUPc3dLPosl4AaABAg,@Stev-0w7vb,Aged like the finest of wines,3,0,2026-03-27T00:58:20Z,2026-03-27T00:58:20Z
UgydhMqPwV0hRFO6e9J4AaABAg,@kokosongolo4751,Glad this song is here everytime I need it 🤝🏾,2,0,2026-07-24T11:13:03Z,2026-07-24T11:13:03Z
UgzwYRZ6FFAqi6wL9rx4AaABAg,@ivanjardel270,"1:41 this aged well after Aks beef with Lil Baby , 30k 🙌🏽😂",4,0,2026-01-30T10:19:04Z,2026-01-30T10:19:04Z
Ugw5D_S1nE_zczbRFvp4AaABAg,@maidenn___1505,I’m just here to change the flowers again..,2,0,2026-04-08T15:49:10Z,2026-04-08T15:49:10Z
Ugzi8e3-Yi_HNWYGaOV4AaABAg,@cjorsomething.8031,Perfect parody of the timestamp tracks he used his flow to mock him and his greedy lifestyle in the beginning,2,0,2026-05-16T05:46:48Z,2026-05-16T05:46:48Z
Ugxisg92izCKDVGedlR4AaABAg,@MrRy84,Fiiiirrrrreeee 🔥🔥🔥🔥,4,0,2026-05-03T19:25:11Z,2026-05-03T19:25:11Z
UgztuaUfCzu06dnZPep4AaABAg,@tbrown6822,Beef aside this my fav modern Kendrick joint,3,0,2025-12-23T04:40:12Z,2025-12-23T04:40:12Z
UgyqaOX1WtfWYOlLQjZ4AaABAg,@mrb-dot6025,12-30-25 just spinning the block again to pay respects to the corpse formerly known as drake.,4,0,2025-12-31T05:36:16Z,2025-12-31T05:36:16Z
UgzGZC-K2A2Ol6Y3v4R4AaABAg,@4rmdaHillz2daWoodz,this was the real nail in the coffin,2,0,2026-05-20T17:17:07Z,2026-05-20T17:17:07Z
UgwI_0DH_ORARI4ZwjR4AaABAg,@jordandunman7042,Here pouring out a 40 for the homie that used to be obsessed with owls,4,0,2025-10-15T12:06:09Z,2025-10-15T12:06:09Z
UgyQnhj0Kzk8Ys8zeMl4AaABAg,@jmplayr6,Song will always go on at 6:16 pm. Deadass my lucky number istb 🙏🏼🙏🏼,3,0,2025-12-25T23:16:57Z,2025-12-25T23:16:57Z
UgwLfI29P0dfm3zmt7R4AaABAg,@Rittnys_Thoughtz,Happy anniversary 6:16 in LA❤🎶,2,0,2026-05-03T04:46:19Z,2026-05-03T04:46:19Z
UgxS89ZcYeOCbKV5y1Z4AaABAg,@RonaldMuthambi-r5g,3 angels watching me all the times,2,0,2026-05-15T20:05:53Z,2026-05-15T20:05:53Z
UgwMf6tmPvk56I4TAhh4AaABAg,@schafandbake3044,Buddy just tried tellin me family matters best song from the beef I didn’t even say anything just came to listen to this,3,0,2025-12-20T17:28:45Z,2025-12-20T17:28:45Z
UgyXyMyrmr8YyYY3M9V4AaABAg,@benstager4165,Somebody’s lying I can see the vibes on Ak 👁️,3,0,2026-05-10T08:16:58Z,2026-05-10T08:16:58Z
Ugz-x-yv86ITORb-d4d4AaABAg,@junglekxngtalksanime,Just here to place fresh flowers,2,0,2026-05-03T17:29:15Z,2026-05-03T17:29:15Z
Ugz08MecLQHxz_hOQNp4AaABAg,@jhydethegamer,Dismissed 😂!!!!,7,0,2025-10-09T23:12:07Z,2025-10-09T23:12:07Z
UgzVG_bZHpqN8fFirRl4AaABAg,@solo9471,Just checking in,5,0,2025-09-30T21:04:13Z,2025-09-30T21:04:13Z
Ugw3m3OqqcLzWO4OfEZ4AaABAg,@carl6982,"""ask what mike would do"" aged like a fine wine",7,1,2026-05-21T03:39:31Z,2026-05-21T03:39:31Z
UgwWasojctowBzon3SF4AaABAg,@Le.th4leditz,"Drake really copied the botting claims from here, and the alleged narrative feeding
This is Kendricks most genius track from the beef",7,0,2025-08-13T23:22:13Z,2025-08-13T23:22:13Z
UgwM1Jpw6vmlH05l8_x4AaABAg,@evilcoress9397,Revisiting and it’s more fire now than it was then.,4,0,2025-11-12T14:04:29Z,2025-11-12T14:04:43Z
UgyJw8oQ0_RPbwaOQLN4AaABAg,@LittleMarshall-8mile,Tell me who gon stop me,3,0,2026-02-20T17:16:04Z,2026-02-20T17:16:04Z
UgxUiog3M9N2NCrMlnV4AaABAg,@showme49,That Al Green in da background is HARD❤❤💙💙,5,0,2025-09-06T22:38:32Z,2025-09-06T22:38:32Z
UgxfW3FN2_NSDYMYcyV4AaABAg,@JClydeNealMusic,"The mannerisms of Raphael, I can heal and give you art is a BAR 🔥🔥🔥🔥🔥",3,0,2025-12-22T04:02:57Z,2025-12-22T04:02:57Z
Ugx0UrN8v-1IAGm_9zt4AaABAg,@theboy689,Well now this song has become creepy,7,0,2025-11-07T05:30:48Z,2025-11-07T05:30:48Z
Ugz4mLVy8lQPySsRYjh4AaABAg,@Dirtydann811,History till this day,2,0,2026-06-25T03:49:45Z,2026-06-25T03:49:45Z
Ugx0WyR7U03tGoJwd0x4AaABAg,@viperseek7512,Happy 2 years later,2,0,2026-05-03T07:46:23Z,2026-05-03T07:46:23Z
UgwE8Lvic-RQw1U7QUl4AaABAg,@JoeyPapoey,I have one problem with this song. It's not on Spotify. Surely we can get this cleared. PLEASE. THIS SONG IS SO SLEPT ON,5,0,2025-11-12T22:01:17Z,2025-11-12T22:01:17Z
Ugw7L9-MTO7ednWLzyp4AaABAg,@ThoughtsofSAND,We here,2,0,2026-06-16T11:58:49Z,2026-06-16T11:58:49Z
UgzPOe5KXI995bg9EPd4AaABAg,@tayloramoras468,"Fuck it, I’m here because I need it. Bring back magic to the earth",2,0,2026-02-12T12:21:22Z,2026-02-12T12:21:22Z
Ugy-vBAlGJKNQ-MIoJF4AaABAg,@kikibanche9074,After listening to this I knew it wasn't going to be no friendly fade anymore. This was the battle cry before the war 💥 💣 🔪 🗡️ 🛡️,2,0,2026-04-12T04:02:38Z,2026-04-12T04:02:38Z
UgxMlYtdNyWcexZ3QfV4AaABAg,@benstager4165,People sleep on this shit so much. One of the craziest warning shots ever. The delivery of “Before you figure that you’re not alone ask what Mike would do” still gives me the chills,6,1,2026-05-10T08:16:31Z,2026-05-10T08:16:31Z
UgwiVl4npSDbtDvDEIp4AaABAg,@NovaDarling13,Still the most under rated track of the whole bloody affair. Here in fall 2025 for another listen,14,1,2025-10-04T13:36:10Z,2025-10-04T13:36:10Z
UgwZpz5qlwn45KH0dTB4AaABAg,@ClumpyAuto,Beginning made me feel like 🕊️🕊️🕊️🕊️,3,0,2025-10-24T20:29:55Z,2025-10-24T20:29:55Z
Ugwbe-yKVxcJsyurY954AaABAg,@idkpeter1580,After the Dodger game 3,5,0,2025-10-28T09:15:53Z,2025-10-28T09:15:53Z
UgwnnDYrnld4kzAj9gp4AaABAg,@keanukkmab,Unpopular take: this my fave out of the beef. Hate that it was put up on DSPs,6,0,2025-08-24T17:41:27Z,2025-08-24T17:41:27Z
UgyAo5SPCjOjJukW3N14AaABAg,@hattyhat,Harder then an sat test in kindergarten,4,0,2025-10-09T23:37:33Z,2025-10-09T23:37:33Z
UgzynIgrd9bv8Egy6EB4AaABAg,@sebastianstephenson3176,Here after drake dropped 3 albums,2,0,2026-05-15T04:17:58Z,2026-05-15T04:17:58Z
Ugylk9M2jmIKvbAFXC14AaABAg,@DezArray-vk8cr,still here,5,1,2026-06-26T03:34:47Z,2026-06-26T03:34:47Z
UgzlPYjkg4WraXj-UpR4AaABAg,@jamescooley9671,the best track from the beef,4,0,2025-10-03T19:10:34Z,2025-10-03T19:10:34Z
UgzARUNSIGoJ0-ulCyh4AaABAg,@Jolu7734,This is a great song even if you take the dissing out,2,0,2026-08-11T13:45:10Z,2026-08-11T13:45:10Z
UgyaqDdCPgGIKEhhnlJ4AaABAg,@HairyHere,The REAL heart part 6,1,0,2026-06-07T06:05:10Z,2026-06-07T06:05:10Z
UgxW_MkvGjj6Psij9yZ4AaABAg,@pricklyogre,This is much much deeper than a rap beef. Long live the republic!,2,0,2025-12-13T17:06:01Z,2025-12-13T17:06:01Z
Ugy2aPa7qzdE9H5E5Vh4AaABAg,@Tinkatat84,"It's crazy that it took so long for me to fall in love with this song but it really is just an underrated bloodbath. Beautifully executed, pun intended.",2,0,2025-12-08T12:30:35Z,2025-12-08T12:30:59Z
UgxBw24JD59d2WaI4NN4AaABAg,@MrGetABigBag24,6/16/26 🎉🎉🎉. Using Drakes uncles song as a sample was diabolical. Genius wordplay.,6,1,2026-06-16T05:00:25Z,2026-06-16T05:00:25Z
UgzPqIza_bC1AqCrBUx4AaABAg,@thapelomalepa8253,This is the best one in my opinion,6,0,2025-10-12T17:06:42Z,2025-10-12T17:06:42Z
Ugw81EzfNY3qXTuL-8x4AaABAg,@nhcr60s,Now that Virgil pic going around on X.,24,3,2025-11-06T16:32:19Z,2025-11-06T16:32:19Z
UgwcJxjOaYB858JOobZ4AaABAg,@Wole-f2v,6:16 kdot the greatest. “Everyone inside your team is whispering you deserve it” 😮‍💨😮‍💨,2,0,2026-04-24T05:24:04Z,2026-04-24T05:24:04Z
UgwVQ23AZZ2cscs0iX94AaABAg,@Burst644,Genuinely top 20 kendrick imo. I have no words for the first seven bars.,3,0,2026-03-03T18:54:25Z,2026-03-03T18:54:25Z
UgzNNsWM0etYX5Cv1LR4AaABAg,@toast-uwu4649,Just one more time,2,0,2026-06-16T13:43:25Z,2026-06-16T13:43:25Z
UgwDX9ZYUWb2tSw0_Td4AaABAg,@angelisetdozier,This was my fave track during the battle. It’s brilliant. The Elohim…,4,0,2025-10-18T19:56:51Z,2025-10-18T19:56:51Z
Ugzdoysw-xQ7SkyiPqh4AaABAg,@Lukiexx2004,Best song off the beef,4,0,2026-01-27T19:28:45Z,2026-01-27T19:28:45Z
UgywF0qLw72vofEBzA94AaABAg,@BlooWoods,Time flying,2,0,2026-05-04T13:48:42Z,2026-05-04T13:48:42Z
UgyEvdpZT_ciQV9PKvB4AaABAg,@Matzune777,It's a good frequency for a diss song,2,0,2026-03-03T02:17:52Z,2026-03-03T02:17:52Z
Ugx1qP2XfBm5Vu3C2gt4AaABAg,@iwnlglobal919,I brought more flowers,3,0,2025-10-09T22:15:43Z,2025-10-09T22:15:43Z
UgzDNFdV2gXjwRxDDoJ4AaABAg,@bennyortiz6139,This is my favorite song of the feud because it's the calm before the storm and the assassin's prayer. Kendrick is begging God to stop Drake and pleading with Drake to stop as he sharpens the knife before dropping Meet the Grahams and Not Like Us.,3,0,2026-04-17T17:35:09Z,2026-04-17T17:35:43Z
UgyV3bPZTfw2Wx97uS94AaABAg,@particlejim,the rabbithole goes deeper,3,0,2025-11-07T21:58:50Z,2025-11-07T21:58:50Z
UgxPDqKFpeHVUEOaplp4AaABAg,@SammyRosado-s2z,Just paying respects,4,0,2026-01-19T16:43:16Z,2026-01-19T16:43:16Z
UgxMYBiSzzfNWyH1p5Z4AaABAg,@jjoshu_a,greatest opening bar in all of diss track history,1,0,2026-06-14T22:27:58Z,2026-06-14T22:27:58Z
Ugwi6px91evDhtrSkWl4AaABAg,@Trelliano,Most slept on song out of the beef. Timeless. Wish it was on DSPs,3,0,2025-10-22T22:07:22Z,2025-10-22T22:07:22Z
UgxnQ3cgf-VsV4nOZQx4AaABAg,@melissawade8149,“Tell me who gon’ stop me? I come from love.”,1,0,2026-05-03T22:22:48Z,2026-05-03T22:22:48Z
UgzmS_iGMb9jZFd4un14AaABAg,@jalensmith3522,Just listening to the song a year later after finding out the rabbit hole gets deeper,2,0,2025-11-07T19:33:08Z,2025-11-07T19:33:08Z
UgyaoiQEcDkuO7c_s554AaABAg,@asyeffect,So special,2,0,2026-05-12T20:51:00Z,2026-05-12T20:51:00Z
UgxUBjPf1crxZvOcyht4AaABAg,@HeyItsPlynn,Still wish this song was on streaming 😭,2,0,2026-05-04T00:45:43Z,2026-05-04T00:45:43Z
UgyduI2OWmfkoJiIXax4AaABAg,@Matteo-365,"I feel like if you return to this


Then you know ball 🤷‍♂️🤝",2,0,2026-05-03T05:21:10Z,2026-05-03T05:21:10Z
UgxPla3JIPrYNszYq1h4AaABAg,@Thee_Jackpot_King,The most underrated song in the beef,3,0,2025-10-25T21:47:42Z,2025-10-25T21:47:42Z
UgzaR03VzBWeLOsk5ul4AaABAg,@AlliSinned,"0:39 I love how part of the meaning of this line is just Kendrick calling Drake an ""off-white sun seeker"" trying to get a darker tan💀",2,0,2025-12-17T02:36:08Z,2025-12-17T02:36:08Z
Ugx5YtgQDjSTljfSq3N4AaABAg,@shakirmuhyee1990,Off white sun seeker,6,0,2026-03-20T04:51:05Z,2026-03-20T04:51:05Z
UgzuhfwyBaK2UlnlkTh4AaABAg,@KingJaffeJoeboxingforjunkies,Great rappin on display,2,0,2026-05-27T00:14:59Z,2026-05-27T00:14:59Z
UgyIKiVJgjXWZxeGIh94AaABAg,@westbankjuan9070,My gawd this track still so 🔥,3,0,2025-12-19T05:41:42Z,2025-12-19T05:41:42Z
UgzH64jOZuD8lakIrCt4AaABAg,@grimacerurcoo,"I'm never gonna stop listening to this song, such a fxcking banger",3,0,2025-10-24T00:37:45Z,2025-10-24T00:37:45Z
UgzTyVZPzy6-JH1_PDp4AaABAg,@TshepoMaile,It's survival 😂,3,0,2026-08-16T13:27:45Z,2026-08-16T13:27:45Z
Ugx50yJ9NTZ8N3YWydp4AaABAg,@bigguy2128,I love this song,5,0,2025-12-14T17:38:24Z,2025-12-14T17:38:24Z
UgwdRR1FYQpbo8aIT-l4AaABAg,@untitledkg,Remind us again King Kendrick 🎉,3,0,2025-12-13T22:06:21Z,2025-12-13T22:06:21Z
UgzicnViRMINd6ARJ9x4AaABAg,@MohdRobin-z2r,this is something to come back to forever,1,0,2026-05-04T02:55:28Z,2026-05-04T02:55:28Z
UgwFsJrkdkXRnCosLWV4AaABAg,@CallMeMikeMike,Bumping right now‼️ 8/19/25… TIMELESS CLASSIC🐐,6,0,2025-08-20T01:55:19Z,2025-08-20T01:55:19Z
UgyKYFs4DgTOgIjmBqN4AaABAg,@Bradcomments,Criminally underrated song,2,0,2025-12-25T03:22:33Z,2025-12-25T03:22:33Z
Ugxch5GLgH17GpVXRTh4AaABAg,@diamondrobinsonsr.8760,Always wondered why this wasn’t on streaming now I know why,1,0,2026-08-11T22:18:41Z,2026-08-11T22:18:41Z
UgyigSiBUMplDNgb-7t4AaABAg,@tayshawn3366,2 years later and it’s still once a day for me,1,0,2026-04-11T13:38:47Z,2026-04-11T13:38:47Z
UgxwNyT59eDj4SZjwIZ4AaABAg,@Naylor15,Here once more to pay my respects to “The Boy”,2,0,2026-02-24T12:21:40Z,2026-02-24T12:21:40Z
UgydpzSzkEQ91fmu7yJ4AaABAg,@trey1669,We need this on all streaming platforms!!,2,0,2025-10-27T17:09:10Z,2025-10-27T17:09:10Z
UgzTe2JazH7FYEdZPGV4AaABAg,@therealKBshow,Coming through to put some flowers on the grave 😊,3,0,2025-12-02T23:46:26Z,2025-12-02T23:46:26Z
UgzewTmxgklRLcV1KM14AaABAg,@garnthyst,Drop off your coats here and head straight to Meet the Grahams,12,1,2025-10-11T01:55:16Z,2025-10-11T01:55:16Z
Ugwb2U-wNShp7-LjF854AaABAg,@bellabliss1860,actually nostalgic for this even though it's only been two years,1,0,2026-04-15T05:01:12Z,2026-04-15T05:01:12Z
UgwO2q-gdKswcG4sfvh4AaABAg,@Kevellium,2 years ago,3,0,2026-05-03T17:39:05Z,2026-05-03T17:39:05Z
UgxvRwF58uHI5AIsn594AaABAg,@s7Matt,"Imagine if the ""Two tied to his lifestyle"" are Future and Metro Boomin 😱",4,0,2025-11-25T16:18:15Z,2025-11-25T16:18:15Z
Ugy2m52olTdc8-PKxzJ4AaABAg,@UgoTweets-n8i,This was the beginning of the end,1,0,2026-05-09T08:39:19Z,2026-05-09T08:39:19Z
Ugw3RA958jY6O854uTh4AaABAg,@dolladp21,Nothing was ever the same 😅😂😂😅😅😂😂😂,4,0,2026-04-19T13:34:01Z,2026-04-19T13:34:01Z
UgzEcRIraT9KO-8ONct4AaABAg,@Unclejack328,Live in your purpose.,3,0,2025-08-24T00:34:37Z,2025-08-24T00:34:37Z
UgzqRhbS-9OorIjh26J4AaABAg,@JudeBrock,One of my favorites behind euphoria,2,0,2026-04-08T04:27:43Z,2026-04-08T04:27:43Z
Ugx-C6DNG5NWoQiw_aZ4AaABAg,@Unapologetic-x9w,Happy Anniversary 🎉 6:16 LA,2,0,2026-05-03T06:35:50Z,2026-05-03T06:35:50Z
UgwJxYF322Gd38RymmR4AaABAg,@providense_6819,Need this on Spotify,3,0,2025-10-17T11:39:35Z,2025-10-17T11:39:35Z
Ugxfh0KzvJB_-nlNzcx4AaABAg,@LunganiMdletshe-r3s,This feels like walking through a battle field 🥵😵,2,0,2025-08-24T12:05:16Z,2025-08-24T12:05:16Z
Ugydx471dpALnsFTNU54AaABAg,@notmynameufuyfuyj,Still fire,3,0,2026-04-05T22:11:57Z,2026-04-05T22:11:57Z
UgyAs5DRlCxEgzTxRfF4AaABAg,@Tylyve,Aged like fine wine,1,0,2026-08-02T10:14:05Z,2026-08-02T10:14:05Z
UgyK0z5XvjMLX2gYwxB4AaABAg,@DSPHistoricalSociety,Everyone always sleeping on this one,3,0,2025-09-12T11:33:39Z,2025-09-12T11:33:39Z
UgzzgSj8tkK-_Dk6rXx4AaABAg,@AnuOnfire-r8g,"Easily the best diss track along the way, cause this hits straight to you heart. No gimmicks. Nice words. Facts. Kdot toying drake",5,0,2025-11-12T03:40:46Z,2025-11-12T03:40:46Z
UgyTaGzOtjWSHSaFrcN4AaABAg,@thedivinemessenger,2026 THIS HIT SO DIFFERENT WTFF 🔥🔥🔥,2,0,2026-01-28T02:01:48Z,2026-01-28T02:01:48Z
UgyL7AJs02sjpMmRVtJ4AaABAg,@MrRebel56,I can never play this song just once……,2,0,2026-05-15T18:38:27Z,2026-05-15T18:38:27Z
UgyXxavLH8OJbqT0CRF4AaABAg,@trampyrichards8059,Biggest slept on track from the beef,2,0,2026-01-01T17:10:09Z,2026-01-01T17:10:09Z
Ugww0ir3cb_V3ugrpAN4AaABAg,@CuongManh-s5t,Humor-driven commentary diffuses divisive subjects,2,0,2025-08-27T02:15:56Z,2025-08-27T02:15:56Z
UgwBMc_KAzzIrvy0W9x4AaABAg,@BookerD23,Who here in September 2025 changing these flowers,4,0,2025-08-30T13:40:08Z,2025-08-30T13:40:08Z
UgyGYx5Pbr7Wa0nqU_F4AaABAg,@sunbeamantonio6683,Game should’ve gotten the message. Life goes on brother,2,0,2026-08-06T12:06:28Z,2026-08-06T12:06:28Z
Ugy86TYvdXlNUniX1hN4AaABAg,@J101-g9r,Felt like this song was always the step into age of truth in general not even about the beef,1,0,2026-05-03T13:35:10Z,2026-05-03T13:35:10Z
UgyS0VIAxny4r2ELk7t4AaABAg,@marcusdallas9345,I listen to this song once a month!,2,0,2026-03-25T10:43:27Z,2026-03-25T10:43:27Z
Ugxz5WLDQzRKqNRbpg94AaABAg,@2locallforyou,2:08 that bar was fire 🔥,1,0,2026-05-11T22:24:51Z,2026-05-11T22:24:51Z
UgypiFXAjg-vI2GwuGZ4AaABAg,@Spacecowboy2071-v3i,Welp...Ak...,17,1,2026-01-29T16:52:17Z,2026-01-29T16:52:17Z
UgxJZG_Hxsg-y-CR5JR4AaABAg,@60times79,⚘️leaving these here for u drake,4,0,2026-01-22T21:49:43Z,2026-01-22T21:49:43Z
UgzcYzbqqcUdtDPVbiJ4AaABAg,@KholoMotseki,Doing my daily routine 💐,3,0,2026-07-08T04:33:48Z,2026-07-08T04:33:48Z
UgyIvRvmhsErMtGTdZp4AaABAg,@spongeaang98,"This was the song that really let people know, there are different tiers of rapping talent and songwriting here. Kendrick was steps above Drake in every regard.",3,0,2025-12-19T07:46:55Z,2025-12-19T07:46:55Z
Ugw_oTL782MmqhqRdLl4AaABAg,@TreeHumper365-d3b,2 years ago today,2,0,2026-05-03T05:09:55Z,2026-05-03T05:09:55Z
UgyX0vqVAAWHXPo37JZ4AaABAg,@BestGameHighlights,The fact that coming back to this bring nostalgia already is crazy.,0,0,2026-08-07T04:21:27Z,2026-08-07T04:21:27Z
UgxDMkws62xj81WVuwd4AaABAg,@JLTheMonster,6:16 locked in,3,0,2025-10-15T22:16:49Z,2025-10-15T22:16:49Z
UgwQpBCtTAykmZorWNR4AaABAg,@mmastiff734,Just here because it’s 6:16 rn,3,0,2026-03-08T22:16:47Z,2026-03-08T22:16:47Z
UgwUHE9C0uMWFCJ9FvN4AaABAg,@Hendawg-d6q,I remember the first time hearing the OVO is working for me line and the world being like….NANI!?!?!,3,0,2025-11-23T15:34:22Z,2025-11-23T15:34:22Z
Ugx0HGOWblRwtKYFhbV4AaABAg,@yeistheway,IT'S SURVIVAL,2,0,2026-03-11T05:33:41Z,2026-03-11T05:33:41Z
UgzkRWIhfR5uJVf9UW14AaABAg,@johnnydeep_eb,AL GREEN sample is crazy work🎉🎉,2,0,2026-01-12T22:34:45Z,2026-01-12T22:34:45Z
UgzmxsDa1PpPO22de-V4AaABAg,@smittyxlift,My fav song out the beef ngl,3,0,2025-11-21T20:36:25Z,2025-11-21T20:36:25Z
UgzI72vLIqfZzwmdtlV4AaABAg,@MNark-1,"Damn, Drake dropped another shitty song and now I gotta listen to this",11,1,2026-05-14T12:29:28Z,2026-05-14T12:29:28Z
UgzTNrNvjtypTljd6Yd4AaABAg,@Cosomicapital,No way this song is 2 years old already...,2,0,2026-05-03T21:34:35Z,2026-05-03T21:34:35Z
UgxOXcNm3fgs01mSuSJ4AaABAg,@lawalteniola1713,I keep coming back again and again,2,0,2025-08-17T15:57:51Z,2025-08-17T15:57:51Z
UgygimWmR2BTE7c91CB4AaABAg,@JackHill-j5b,Boi1da(drakes producer) = “boy wonder” al green sample😂😂,4,0,2025-09-07T03:30:21Z,2025-09-07T03:30:36Z
Ugxj6MHo5D_QD6op3_Z4AaABAg,@Rador000,"I've said it before, but truly

This song truly captures the
""Praying to god during the sunset before descended into the dark night of battle"" type vibe.

The synth and the al green sample, its like we are grouped together in a circle, praying with our own beliefs to god, before committing attrocities in the night, emphasizing that ""after this nothing will stay same"".",1,0,2026-05-19T05:29:47Z,2026-05-19T05:29:47Z
UgyPVY-xos-AgvS1LAx4AaABAg,@marloncarthy1,This guy is unreal,3,0,2025-11-07T11:52:37Z,2025-11-07T11:52:37Z
UgwR371SmbSbohgIgDJ4AaABAg,@OMARI461,"Man. The gamesmanship of this setup for what was to come…. Drake shoulda just let it go man

“Before you figure that you not alone ask what Mike would do”",2,0,2026-05-26T22:07:37Z,2026-05-26T22:09:21Z
Ugz1v4V6R5NP_ic2MX94AaABAg,@prominentsizibaprominentsiziba,I feel like this is the most underrated Kendrick diss track,1,0,2026-04-17T21:14:31Z,2026-04-17T21:14:31Z
Ugzsuy_A58Y1wEWgA394AaABAg,@Ordit229,ts song majestic💔,3,0,2025-12-03T05:34:48Z,2025-12-03T05:34:48Z
UgziYkyxvsFel0ooahF4AaABAg,@Teachdayouth,Such a underrated masterpiece his rapping was insane love the prayer before the body,1,0,2026-03-31T22:38:44Z,2026-03-31T22:38:44Z
UgxWFJjplAi6dRV6Nbt4AaABAg,@liftwithmiah8690,6/16/26,4,0,2026-06-16T14:22:40Z,2026-06-16T14:22:40Z
Ugw_xbYhiWqzqjTd9m94AaABAg,@bishopdidit,Man the sounds and the poetry are just A1 on this 🔥🔥🔥,3,0,2026-03-13T04:16:40Z,2026-03-13T04:16:40Z
UgxRUfgNPslol7VFflF4AaABAg,@turkygoble,Fav song,2,0,2026-06-23T23:51:24Z,2026-06-23T23:51:24Z
UgxZM00TtLVNSKjE7Q14AaABAg,@Stonedprods,This the most gorgeous diss track I ever heard,3,0,2025-11-19T20:27:39Z,2025-11-19T20:27:39Z
Ugz5J287A60d6Yj032x4AaABAg,@eddiesimon6779,This was the calm before the storm,2,0,2025-09-12T18:39:38Z,2025-09-12T18:39:38Z
UgwFv1BAI2lex4UMwn14AaABAg,@cebastianjones5416,2 years later 🙏🏽🖤,1,0,2026-05-03T13:13:01Z,2026-05-03T13:13:01Z
Ugy2ovN4czpsCu_pu8J4AaABAg,@Lil-Yaj,Greatest rapper of all time,3,0,2025-10-03T12:53:38Z,2025-10-03T12:53:38Z
UgwoO8mCAC1AyuTM4fl4AaABAg,@themoviecritic1092,Happy 2 Year Anniversary to this warning shot of a track... what happened next is history.,1,0,2026-05-04T01:43:44Z,2026-05-04T01:43:44Z
UgwbOJ_JG4u3YzpDLdJ4AaABAg,@702boi,Out of all the diss tracks during the beef I don't understand how this is the most underrated/less viewed one,1,0,2025-12-22T21:18:12Z,2025-12-22T21:18:12Z
UgyKO4EReYz7SLCgt9t4AaABAg,@508ctk,Aging like 🍷,3,0,2025-09-18T20:23:33Z,2025-09-18T20:23:33Z
UgwuC0fF4SBPqdB04cF4AaABAg,@MTPMGMT,Now that Top has confirmed somethings…we return to this song..Kendrick is the goat,0,0,2026-08-06T02:25:21Z,2026-08-06T02:25:21Z
UgxvA5PBI5fcAdLmGkR4AaABAg,@thewaterman7026,Kendrick broke this man down like he was giving a therapy session,0,0,2026-06-11T08:04:34Z,2026-06-11T08:04:34Z
UgzEMIPdg_4Etg6ZYcp4AaABAg,@NA1ghtMusic,I need Kenny to surprise drop another song like this one,1,0,2026-05-15T18:49:11Z,2026-05-15T18:49:11Z
Ugx_N5UPt78v9vMN_1p4AaABAg,@v6ix89,Dam after everything this song hit different,2,0,2025-12-18T00:41:09Z,2025-12-18T00:41:09Z
UgwM2XfGsEUx3rEkq9l4AaABAg,@sharontucker6515,hello it's me again 😂😂😂,4,0,2025-11-07T14:20:23Z,2025-11-07T14:20:23Z
UgxxbVCG1SZoUfj5qax4AaABAg,@mscaine2291,WHO AM I IF I DONT GO TO WAR!!! DID YOU HEAR THAT COLE 😂,3,0,2026-01-30T03:03:57Z,2026-01-30T03:03:57Z
UgwvuqoRWlaaVtFXVep4AaABAg,@LCC-d7j,2 years,2,0,2026-05-03T16:13:24Z,2026-05-03T16:13:24Z
UgziYSMrG0uf5BFZ6kd4AaABAg,@lehlogonolomotepe6708,"Every Dog Gotta Have His Day
Now Live In Your Purpose 😭😭😭😭",1,0,2026-05-05T14:18:03Z,2026-05-05T14:18:03Z
UgwyoZBME9jWIilVgYR4AaABAg,@dontmindme4197,The pockets he was in on these verses go crazy,1,0,2025-12-23T19:01:39Z,2025-12-23T19:01:39Z
UgxsqWBE2jP3fl03rNF4AaABAg,@curtis7798,Still 🔥,3,0,2026-02-05T11:11:48Z,2026-02-05T11:11:48Z
UgyJq5pEwiXqD7tCafx4AaABAg,@julianserrano8996,The sample and beat is soo good,1,0,2026-05-10T09:37:09Z,2026-05-10T09:37:09Z
UgzPwH2YVNaR_Wp0aN54AaABAg,@YoshiStorlanLucas,"Here I am again after listening to 1 AM at Atlanta, sometimes you need to clean your ears after listening straight up dogshi",1,0,2026-05-15T02:57:18Z,2026-05-15T02:57:18Z
UgwZut3DkKlsW5N3Z814AaABAg,@HassanShariff-c1d,Drake hoping Dot don't release nothing.......,3,0,2026-05-14T17:46:48Z,2026-05-14T17:46:48Z
UgxJfYpe9S0u2Rn3UAB4AaABAg,@PHATFINGAPRODUCTIONS,Hmmmmmm......I can't be the only person that thinks this man is a time traveler 😂😂😂,6,0,2025-11-08T02:31:03Z,2025-11-08T02:31:03Z
UgyxVpEbK_GUqx2bPu54AaABAg,@Needsleepmatrix,He even had streamers scared to react to this when it dropped,3,1,2026-08-23T09:07:07Z,2026-08-23T09:07:07Z
UgxoJ9j0aMY4YAsTWHJ4AaABAg,@Yungwolfo,Guys the opening sound sounds like a slower pitched down sound used in Outkast aquemini,1,0,2026-06-30T06:16:07Z,2026-06-30T06:16:07Z
UgxCg8bJqRgIj_BBXGZ4AaABAg,@MuunTheFIre,TO THIS DAYYYYYYY I still get chills listening to this song. YIKES!!!,6,1,2025-12-07T05:09:25Z,2025-12-07T05:09:25Z
UgzjeodHiFWEW7KaC054AaABAg,@Baby_Kae15,This track right here...,3,0,2025-10-19T23:38:47Z,2025-10-19T23:38:47Z
UgyjeTUOhFQuRrfAan94AaABAg,@williamsmitterson2855,I feel bad for Kendrick. He never got any real opponents in his age group. We got an apology and a defamation case.,3,0,2025-11-08T06:30:28Z,2025-11-08T06:30:28Z
Ugz1Lfg21Vu7EIAsfgF4AaABAg,@Super_st_r,This song is genuinely my favorite song in the whole beef😭🙏,1,0,2026-02-27T15:06:50Z,2026-02-27T15:06:50Z
Ugw-JgsGVELdnmt3ftV4AaABAg,@YSMofficial1,This is the most underrated Kendrick diss I have ever heard. I don’t think it gets enough love and needs to be appreciated more,4,1,2026-04-18T14:42:32Z,2026-04-18T14:42:32Z
Ugxhxc4B8-n2-vCDC0N4AaABAg,@tanygo2013,This one was always my fave out the war of 2024.. 😊,3,0,2026-02-21T01:12:01Z,2026-02-21T01:12:01Z
UgwMaxcUkM1utJQ1SJN4AaABAg,@Ttut1,What if the first bar was for the game ?? And the second was for Drake ? Remember they shot the 100 video on 6/16/15 . And game always mentions a rolls Royce and a phantom is a rolls Royce .,5,0,2025-12-14T04:27:22Z,2025-12-14T04:27:22Z
UgyVNnTgP9y8j2YyNgJ4AaABAg,@Adrian-ob9us,Underrated,3,0,2026-03-15T00:51:09Z,2026-03-15T00:51:09Z
Ugw7mevLMhEw88vNZyB4AaABAg,@ImperialSaifaMarketing,This song is sooooo crazy 😮 This aged superb 💪🏽,2,0,2025-08-17T12:25:04Z,2025-08-17T12:25:04Z
UgxvJ2vrHaa6jrC4shh4AaABAg,@assortedWCare,"Drakes first death of 4 within 2 days. Nonetheless, track is a straight up banger 🔥🔥🔥.",4,0,2026-09-12T02:45:13Z,2026-09-12T02:46:15Z
Ugy7wP4yfGopYKqfwb14AaABAg,@MTBTTF,Best track of the beef,3,0,2025-08-17T23:04:42Z,2025-08-17T23:04:42Z
Ugwcff73zx6u8v-wliF4AaABAg,@iiammoe__,This song gives me chilllls. I love it,2,0,2026-02-18T14:28:35Z,2026-02-18T14:28:35Z
UgzVENsMnKfrXqaIRMJ4AaABAg,@plushieroom44,"The MEMORY this is for me.
I was waiting for the train home from college, just minding my business.

Then this dropped.

I was in shock.
'ANOTHER ONE?!' I thought

It was a moment.
I listened to it, and I loved it immediately (crazy that JACK ANTONOFF worked on this).
Those synths were like entering another dimension.

The bars, what he was saying.
It was sooo fire.

The Toosie Slide bar GAGGED me.
I still remember having my hand over my mouth as the train stopped at Stratford, when people were getting on and off.

When I got home, some reactions were already up.
What a fun time, would love to relive that again.",1,0,2025-12-11T22:09:43Z,2025-12-12T21:00:06Z
UgzfN0tAsfsKc5ZJUfF4AaABAg,@jaywilson6113,"Definitely did that. I think KDot cleared the field, the Clipse raised the bar, and real rap is in demand. Freddie Gibbs, JID, Kiss and Beanie Siegel, etc. That mumble rap, death rap, and using rap for just a check and to describe your crimes is getting up out of here.",4,0,2025-09-07T10:42:00Z,2025-09-07T10:42:00Z
UgyGgsi4m8AFiQz2Cvp4AaABAg,@Treefection716,It’s 6:16,5,0,2026-06-16T17:30:22Z,2026-06-16T17:30:22Z
UgySR5Rb0S91uy-XoUt4AaABAg,@Sparkspluggggggggg,Lets get these numbers UP,1,0,2026-05-12T16:50:56Z,2026-05-12T16:50:56Z
Ugy4YcnZmFsFhL5xfuB4AaABAg,@marcopruvitt9809,The sight cya 😮‍💨 delivery,1,0,2026-05-17T03:27:01Z,2026-05-17T03:27:01Z
UgwLN4lcmAp9HrzeQz94AaABAg,@Chelseashares,"I have always been with God but I never knew how much he watched. I’ve fully given myself over and it hurts so much. I have to forgive myself and I genuinely don’t know how some days. When Kendrick says ‘it’s survival’ I truly feel it. I don’t know why this song gives me comfort. I think it’s maybe because I feel like he can relate to my struggle. 

‘Only God can teleport this type of Freedom, 
God, my confession is yours,
Who am I if I don’t go to war? 
There’s opportunity with living with loss,
I discover myself when I fall short’",4,0,2025-10-30T00:42:50Z,2025-10-30T00:42:50Z
UgyTG2239LRTwY7MDRt4AaABAg,@dex5727,The instrumental is incredible,1,0,2026-02-19T18:55:49Z,2026-02-19T18:55:49Z
UgxE8PQJZdVLmQfadqt4AaABAg,@Nee5O4,Dismissed 🎉🎉🎉,4,0,2025-10-10T00:33:05Z,2025-10-10T00:33:05Z
Ugyzbdeoi1_EY_vB7dh4AaABAg,@ronniefairley2388,Still here😊,1,0,2026-05-04T03:45:59Z,2026-05-04T03:45:59Z
UgykSgmrf43iB5HwCdl4AaABAg,@mondaysoffcloudg7010,"Can’t toosie slide out of this one 
it’s just gon resurface",1,0,2026-06-11T04:46:00Z,2026-06-11T04:46:00Z
UgwG-NcoJlav7wbd3i54AaABAg,@intannanne,all of songs from beef is goated,1,0,2026-04-20T12:18:57Z,2026-04-20T12:18:57Z
UgzPkuOz8hlmsEH---54AaABAg,@DaiDaiShyGal,One of the more underrated songs of the beef,1,0,2026-03-31T20:51:34Z,2026-03-31T20:51:34Z
UgzKUTH6_XgDZwYkQZl4AaABAg,@KiNGRaZoR316,My favorite track in the battle.,2,0,2025-10-18T13:33:31Z,2025-10-18T13:33:31Z
UgyaxAQC2oqzxCJqifB4AaABAg,@dorukguralp5150,This was the best from the beef.,1,0,2026-04-11T16:54:32Z,2026-04-11T16:54:32Z
Ugwa8UZyJ6DQeNWCP6p4AaABAg,@CrimesUncovered-h8x,I can see you my little homie,2,0,2025-10-25T06:02:51Z,2025-10-25T06:02:51Z
UgxBWMYfZsR9q3NpuzF4AaABAg,@coryjackson6944,"Next up in rotation for the anniversary 🎉.. 
This is my favorite song from the beef ❤️",1,0,2026-05-01T04:48:37Z,2026-05-01T04:48:37Z
UgxeZA6miEDVN2o94Ex4AaABAg,@mikefields5442,Came back! Shit too fire! 8/28/25,3,0,2025-08-29T14:07:28Z,2025-08-29T14:07:28Z
UgwTXnocZeHzmNKpPIZ4AaABAg,@Cheenayydoo,Just stopped by to change the flowers on the grave,9,2,2025-12-09T09:18:49Z,2025-12-09T09:18:49Z
UgzSiPDIGRwPAU6pr5B4AaABAg,@kikibanche9074,The fake bully is now playing victim 😂,4,0,2026-05-15T22:13:47Z,2026-05-15T22:13:47Z
Ugwr7HH_fxgV4d4aZ7R4AaABAg,@MauriceB42,“You must be a terrible person” 😂,3,0,2025-10-17T21:31:30Z,2025-10-17T21:31:30Z
UgyHWyZz85TF22DQeI14AaABAg,@dsavbpl2713,when the song came out I already knew drake was finna get a lyrical ass whooping 😭,1,0,2026-05-16T15:25:51Z,2026-05-16T15:26:04Z
UgwYSoU1ekJidQm0_oJ4AaABAg,@marcusromero8386,"Best song from the beef 
Need this on Spotify",1,0,2026-04-12T19:08:47Z,2026-04-12T19:08:47Z
UgzsPLm0TcTjZCAm46V4AaABAg,@Demonstrating33,Here again... 12/29/2025🎉❤,10,1,2025-12-29T12:14:21Z,2025-12-29T12:14:21Z
Ugx7auuK1_c_QQzjSJ94AaABAg,@tblack3886,Best rapper out 🐐,3,0,2025-11-25T13:35:41Z,2025-11-25T13:35:41Z
UgzrSS_toT9UBRrUvXp4AaABAg,@mikefields5442,🔥,5,0,2025-08-14T16:37:54Z,2025-08-14T16:37:54Z
UgwQiC95rwO7_RAy2fl4AaABAg,@idkpeter1580,B2B 🏆🏆,4,0,2025-11-03T10:15:18Z,2025-11-03T10:15:18Z
UgxnqDjcCagL_lUAG2F4AaABAg,@MissRoTheSuperstar,K Dot ❤,2,0,2026-01-09T00:53:00Z,2026-01-09T00:53:00Z
UgyWaNA-al-gQ1K_c1N4AaABAg,@eaa1193,i miss this beef,1,0,2026-08-03T21:21:59Z,2026-08-03T21:21:59Z
UgziK6Q3V5BPucEEGwd4AaABAg,@KJP_MEDIA,3/16/26 - Still 🔥🔥🔥,3,0,2026-03-16T16:51:03Z,2026-03-16T16:51:03Z
Ugykh947cyEHGRBXr8J4AaABAg,@montehalthon7831,“I discover myself when I fall short” 🗣️,1,0,2025-09-17T16:53:34Z,2025-09-17T16:53:34Z
Ugwrs_rTysn2I1EMLWJ4AaABAg,@ObsessionRogue215,Best song of the beef imo,5,1,2026-05-19T03:14:47Z,2026-05-19T03:14:47Z
Ugyso0MNtXUMb3j2jyd4AaABAg,@KholoMotseki,"6:16 am in South Africa 🔥🔥, few hours before the fall off drop",1,0,2026-02-06T04:19:18Z,2026-02-06T04:19:18Z
Ugz7qKBv7CfdiOfJpjV4AaABAg,@rashodhayes4842,🔥🔥🔥🔥🔥 Just Had To Come Feel The Real HEAT After This Cold Front 🌬‼️,1,0,2026-05-20T14:33:30Z,2026-05-20T14:33:30Z
UgwwVz9I1IKEK-V1ojZ4AaABAg,@pers_MvL,"🎶 I think somebody lying. . . .
🎶 smell somebody lying. . . .
I don’t see no fire. . . .",1,0,2026-05-26T15:48:15Z,2026-05-26T15:48:15Z
UgwujRK6FwyAnvbgH3Z4AaABAg,@xtruhsauce,Listening again bcuz of jalopy button,3,0,2026-03-29T10:45:01Z,2026-03-29T10:45:01Z
UgwyaJ60pYmF-mpq85N4AaABAg,@rukiee.b.ovwigho5709,I can’t find this song on Spotify,3,0,2026-05-24T16:40:25Z,2026-05-24T16:40:25Z
UgykXe0Q7zm8QBvs7jl4AaABAg,@munnymont,1:28 stare in the mirror ask where I was from often...... The introspection in this line alone.. Made me ashamed I ever doubted dots silence before euphoria and this dropped.,1,0,2025-10-21T16:51:32Z,2025-10-21T16:51:32Z
UgxrdPfSNhVlrVBPVjV4AaABAg,@LAAL802,"Back here after the good flirts verse realizing from 2024-2026 Kendrick has gave us so much music that sounds different from each other. 

Who woulda thought post mr. morale this how he was coming.",1,0,2026-02-27T08:52:51Z,2026-02-27T08:52:51Z
Ugy7b1EjT84ijfgmG154AaABAg,@nelo914,It’s a Game diss in the sense that he’s telling Drake that he can’t trust his circle…..one of those people being The Game,1,0,2026-08-12T19:29:50Z,2026-08-12T19:29:50Z
UgxqDusATBwVQJ8C9vp4AaABAg,@Calintaemusic,It’s survival!!!!!!!,4,0,2025-09-24T18:55:00Z,2025-09-24T18:55:00Z
UgwoX9qYzDRqQJUmXIt4AaABAg,@justinmichael1119,Most slept on track of the whole murder.🔥💯,1,0,2026-03-31T17:07:57Z,2026-03-31T17:07:57Z
UgxMB1OgsqAdVM_ENbF4AaABAg,@lehorse3000,my bus now gets here at 6:16 am lmao,1,0,2026-08-11T10:07:06Z,2026-08-11T10:07:06Z
UgzDQ9_Y6nAsfnC2erh4AaABAg,@Will.AMusic,When I heard this after euphoria I knew Drake didn’t stand a chance. Kdot can rap for eternity,2,0,2025-09-24T21:46:21Z,2025-09-24T21:46:21Z
UgxIy21UGSDyJT4kmh94AaABAg,@koketsoragatjifidelthema8289,I play this song when I'm in my villain arc. Here goes nothing 😭❤️,1,0,2025-10-07T06:56:18Z,2025-10-07T06:56:18Z
UgyPvw-cQ6kjvWkyj6V4AaABAg,@Ranor,what a time fr,1,0,2026-05-04T00:18:05Z,2026-05-04T00:18:05Z
UgwcTSz93vAFjaigU-N4AaABAg,@Flow40kool,💐💐💐,4,0,2025-10-10T13:26:51Z,2025-10-10T13:26:51Z
UgwhUQhRiiOHHXf9RYh4AaABAg,@giovanni4433,Yeah we still here!,1,0,2026-01-28T08:39:04Z,2026-01-28T08:39:04Z
UgxRMqDDy-P4GSFilEZ4AaABAg,@phantom197,As a Drake fan this was the best diss from Kendrick,1,0,2026-04-07T08:42:51Z,2026-04-07T08:42:51Z
UgwkFGlLcYGvdLDxz314AaABAg,@the_returning_x871,Who here after iceman,2,0,2026-05-15T04:59:18Z,2026-05-15T04:59:18Z
UgzDOitc-WnUcJ0XSiV4AaABAg,@peacelove6671,I don't see no fire🎶 👀 🔥 ... straight spitting fire 💪🏼 afterwards 🔊🎶🎶,2,0,2026-02-11T02:04:51Z,2026-02-11T02:04:51Z
UgyUcPCky_5rGfhiEpJ4AaABAg,@khenrabyoezer4577,Kendrick fking crazy 🤭,2,0,2025-09-14T14:44:49Z,2025-09-14T14:44:49Z
UgznZikFPhn_4mSLha54AaABAg,@CainCorso,Who here after the Virgil screen savar?,3,0,2025-11-09T12:12:04Z,2025-11-09T12:12:04Z
UgyqSDkegOnpUB1WA2p4AaABAg,@bxendo,6/16/2026 who’s here??,7,1,2026-06-16T08:57:21Z,2026-06-16T08:57:21Z
Ugw2rhLxpAjK6BaFeAJ4AaABAg,@leedros,"This was the most underrated song from the beef, honestly top 3 imo out of the whole cycle",0,0,2026-09-15T21:40:45Z,2026-09-15T21:40:45Z
Ugzg3hvf5beTfDZxnWp4AaABAg,@donaldbolson2753,"This came out when I was losing my mind after getting cheated on, for a throwaway song this has impacted more than most. Love k dot",1,0,2025-10-22T05:05:28Z,2025-10-22T05:05:28Z
Ugxeoj3N_IlfrprTD_54AaABAg,@dexteruchiha6132,i treat the beginning of this song like a bible verse,6,1,2026-01-21T19:03:17Z,2026-01-21T19:03:17Z
Ugws_wAdeAtiabW7zQZ4AaABAg,@johngreen4314,April 24th..2026 🎉😂😅still here.. still refreshing with every listen.,1,0,2026-04-25T02:31:41Z,2026-04-25T02:31:41Z
Ugz-zqiXYaneqf0ABhF4AaABAg,@octavia8965,I THINK SOMEBODY (still) LYING.,2,0,2026-05-03T18:35:27Z,2026-05-03T18:35:27Z
UgwDY4Xpqg52w8Ous194AaABAg,@Itskiddjayy,The best lyrics I’ve ever heard HANDS DOWN!,1,0,2025-10-06T14:11:36Z,2025-10-06T14:11:36Z
UgwODIa3AMTmCMdXgE94AaABAg,@Cheddarman_official,"2:01 got me real confused when i first listened to it my exact words was like""im sorry WHAT""",2,0,2026-02-06T21:46:11Z,2026-02-06T21:46:11Z
Ugx7T4N4g869G-gnolt4AaABAg,@Mac2Real,2:45 that’s the name of the mole,7,2,2026-08-14T12:15:11Z,2026-08-14T12:15:11Z
UgzzkmVn-dhR_UtRRNF4AaABAg,@ashyne2,Still fire,2,0,2026-05-01T02:36:06Z,2026-05-01T02:36:06Z
Ugxb9gE-s1C6En1PgMl4AaABAg,@austin857,Checking in with everyone here since Top 5 has started exposing The Child,1,0,2025-12-10T01:22:42Z,2025-12-10T01:22:42Z
Ugy4AxDGI7U-HjDw-2l4AaABAg,@XakuPrimeMR30,"This and Euphoria are my favorite songs in the beef bro, family matters is third bro (yes I like drake too)",3,0,2026-02-19T15:08:31Z,2026-02-19T15:08:31Z
UgzrZL3IEKgZ5ozwL8x4AaABAg,@stackywarbucks,This is poetry in motion,1,0,2025-09-07T13:59:15Z,2025-09-07T13:59:15Z
UgyZj4P4Sl28gwTRuZt4AaABAg,@MohamedOmar-vf7fy,My fav song from the beef 🔥,6,1,2025-12-04T10:16:55Z,2025-12-04T10:16:55Z
Ugz48uqpMtcH8BzM4-B4AaABAg,@Anonymousone215,This song was the end of the beginning for Drake. Just here appreciating history.,1,0,2026-05-20T18:55:24Z,2026-05-20T18:55:24Z
Ugy2KSahHmsdu-WYOQ54AaABAg,@erikrichardson6239,This might be personal fave Drake diss🔥🔥🔥🔥🔥,1,0,2026-01-06T00:22:29Z,2026-01-06T00:22:29Z
Ugzw67TmDR8BWT_RKMp4AaABAg,@hiimgilbert7116,All time classic,1,0,2026-02-15T03:35:10Z,2026-02-15T03:35:10Z
Ugyt_Ce_Sd6ZXk2zPKl4AaABAg,@ShotRacked,damn bru i forgor about this song,2,0,2025-12-14T00:14:37Z,2025-12-14T00:14:37Z
Ugz5zhdYid2vtX5HZUx4AaABAg,@justinsnyder409,I’m back again 👀👀👀👀👀 so criminally underrated,1,0,2026-05-06T19:15:16Z,2026-05-06T19:15:16Z
Ugx6zMgQBL7yIGijgkx4AaABAg,@EdeL-o7n1c,3 angels❤ watching me all thetime😢 felt that.,1,0,2025-11-07T09:47:08Z,2025-11-07T09:47:08Z
Ugw_PqLanleX47rAbPR4AaABAg,@theodorejohnson7395,K dot tells no lies,1,0,2026-06-25T06:17:20Z,2026-06-25T06:17:20Z
UgwcSFwHfjQNLr2UYt94AaABAg,@tayoSway310,This iced that man no homo 😂,1,0,2026-05-28T15:25:58Z,2026-05-28T15:25:58Z
UgxExjQhwbMUF_KE5pV4AaABAg,@BrittanieJoi99,Love it here✨✨,1,0,2026-05-05T05:12:46Z,2026-05-05T05:12:46Z
UgxWlvDSPE4xQqtihUR4AaABAg,@TrellBibbins,Coming back to put some more flowers on the grave 😂😂😂,2,0,2025-12-15T23:06:35Z,2025-12-15T23:06:35Z
UgzixtF62-7VxUcJybl4AaABAg,@demitrioushardin5436,Here after the theories … Nov 7 2025 aging perfect,2,0,2025-11-07T18:56:30Z,2025-11-07T18:56:30Z
UgxzTL3z4ypPEB1lWuV4AaABAg,@laferickshowers1895,Best diss track from him,1,0,2026-05-17T12:29:48Z,2026-05-17T12:29:48Z
UgzDShL8yhuU-ipvnwh4AaABAg,@bendoesstuff29,the only reason I listen to this hear is bc it's not on spotify 😢,1,0,2026-08-23T14:18:18Z,2026-08-23T14:18:18Z
Ugwu6RwiMBhuIg5T-J94AaABAg,@STR8JACKET_SHAWTY,I just love this,1,0,2026-08-08T16:25:06Z,2026-08-08T16:25:06Z
UgyxyxrqNP0DrVmZe9x4AaABAg,@2Zetsu457,Just stopping by again to clean the grave...,2,0,2025-09-18T16:35:15Z,2025-09-18T16:35:15Z
UgytIhbyElEM1GzFr094AaABAg,@KiddInHighwaters,"I am officially throwing in my nomination for 00:57 to 01:41 of being one of, if not THE most beautifully written pieces of hip-hop in the history of humankind.

The bars brooo... The vocal inflections and the pained singing at the start of it... it still hits just as hard as it did when it first dropped

I love hip-hop.",7,1,2025-12-04T23:52:55Z,2025-12-04T23:52:55Z
Ugwmvvfkgd6_jEF05ax4AaABAg,@NAPTOWNCROWNHOLDER,"I refer to 'em as ""THE DIABOLICAL ONE""",1,0,2026-08-11T19:32:43Z,2026-08-11T19:32:43Z
UgxPz3V0yH86lSU6cMV4AaABAg,@TheRealDieYoung,"Ask what mike would do🥶
Making the Mj glove the cover of Iceman made me want to re-live this gem 🔥",1,0,2026-05-21T14:35:02Z,2026-05-21T14:35:02Z
UgxCVg8QjlM5aPb-ojB4AaABAg,@resewatson402,This shyt still go hard fire got damn rip drake,1,0,2025-10-05T17:22:56Z,2025-10-05T17:22:56Z
UgyuFrkmcbfZwsqVaRF4AaABAg,@BootTribe504,The best song out of all the disses,4,1,2026-01-23T06:01:36Z,2026-01-23T06:01:36Z
UgyQbNNgW4FbYSS8WhR4AaABAg,@IAMINFUSION,Damn...the body is still warm😮,1,0,2025-09-05T20:15:15Z,2025-09-05T20:15:15Z
UgynvGHSZJnxx3TRNqR4AaABAg,@dorky217,im here cause 100 the game feat. drake dropped June 16🤨 idk man! this crazy,1,0,2026-08-08T02:02:52Z,2026-08-08T02:02:52Z
Ugzbta0TMtuVgafT_2N4AaABAg,@Pung_Fungler,My favorite song from the beef and it’s not even close,1,0,2025-11-14T15:33:51Z,2025-11-14T15:33:51Z
UgzwcVh2mAM7ElOsc2N4AaABAg,@VARIMADEIT,Someone said dot’s discography is forgettable on ig today…. Idk wtf he talkin bout… anyways….😤,4,0,2026-03-23T21:59:49Z,2026-03-23T21:59:49Z
UgxrG9gK7QVysxdmNHx4AaABAg,@C.Mustard,27 club still Sunny brought me here. Study,1,0,2026-08-14T01:00:07Z,2026-08-14T01:00:07Z
UgyyXTY76p8U6e1txZJ4AaABAg,@jhinramgaming,"""your reality cant hide behind wifi"" its fucking September lolol",1,0,2025-09-12T21:49:59Z,2025-09-12T21:49:59Z
UgxXkIyeLEF0anhEin14AaABAg,@Unapologetic-x9w,Just stopping by to pay my respect. Still remember this week like yesterday,1,0,2025-08-20T23:42:07Z,2025-08-20T23:42:07Z
Ugz8-9ouo_2su_IRFH54AaABAg,@1slwraw,A masterpiece at bar spitting,1,0,2025-09-10T23:05:31Z,2025-09-10T23:05:31Z
UgxNR17ZhZaaMIsjvjl4AaABAg,@Cryptur_XCX,🐐🔥,2,0,2026-02-18T01:06:42Z,2026-02-18T01:06:42Z
Ugzo_I9aRyVQNeLDKN54AaABAg,@maccoedwards4736,Its survival,4,0,2025-11-25T19:26:50Z,2025-11-25T19:26:50Z
UgwT_Inbm5mxy71uW1p4AaABAg,@369Rose,"Kendrick Lamar’s songs are very relatable to real people who’ve had to deal with ignorant phoney folk. 

1 example of countless: “if you were street smart you would’ve caught your entourage is only to hustle you” so many trifling people deserve to hear that, dirty players ultimately get played",4,1,2026-08-08T22:20:45Z,2026-08-08T22:20:45Z
UgzK3z_hBtwhgFagon94AaABAg,@coldchill812,Here cause of Top Dawg.,1,0,2026-08-08T12:02:12Z,2026-08-08T12:02:12Z
UgzfGznbBWFxS2xANxh4AaABAg,@Sand1verse,It was 6:16 a minute ago😢,2,0,2026-03-31T22:17:45Z,2026-03-31T22:17:45Z
UgwJuK7fAoXjHR-vXAV4AaABAg,@bigkev656,love this song,1,0,2026-03-14T08:04:18Z,2026-03-14T08:04:18Z
UgzV-eduYnkA7uXlRrV4AaABAg,@neighborhoodka,"All things aside, this instrumental was nuts",4,1,2026-07-19T11:27:54Z,2026-07-19T11:27:54Z
Ugxsuc6czt53Y2A5z3V4AaABAg,@Fr33_erl,This guy is amazing,1,0,2025-09-07T23:01:39Z,2025-09-07T23:01:39Z
UgwZH-fiOwJGv0imp1d4AaABAg,@bananabreadman3,❤️‍🔥❤️‍🔥❤️‍🔥,1,0,2026-06-25T11:16:38Z,2026-06-25T11:16:38Z
UgxdiSlIiP8EQem6VVF4AaABAg,@mariofuentes9929,Changing the flowers on Drake,1,0,2025-12-09T23:00:23Z,2025-12-09T23:00:23Z
Ugwy0Fk3VmNpEd-LLnN4AaABAg,@wizlion2613,Banger,1,0,2026-01-13T23:46:03Z,2026-01-13T23:46:03Z
UgzUa5OGd28OUWbVVYd4AaABAg,@ajybarra2304,Back like a bad habit,0,0,2026-06-11T04:08:56Z,2026-06-11T04:08:56Z
Ugz7JWs5GNE9Gjn4HTJ4AaABAg,@i_am_m30w,"Damn son, making a diss track where ur actually looking out for and helping the person you're dissing is some extremely manly shit. He doesn't let his anger control him, instead he harvests and directs the hate allowing it to fuel him to new highs. Respect!",6,2,2025-12-10T18:27:15Z,2025-12-10T18:27:15Z
UgxOvQRtLn8mjR89wl14AaABAg,@Justanothermizzark,Before you think you’re alone ask what Mike would do. 🥶,1,0,2026-01-02T20:10:11Z,2026-01-02T20:10:11Z
UgzIrDkciiKgIfceg_94AaABAg,@LLTheDuke,616 is the original mark of the beast,2,0,2026-03-19T18:06:31Z,2026-03-19T18:06:31Z
UgwYxtXy884NyIohncV4AaABAg,@daohezone5176,Drake’s PR team scandal has me listening to this differently.,14,3,2026-03-16T12:03:25Z,2026-03-16T12:03:25Z
Ugz5vyrBG5vk0JzIQsp4AaABAg,@nerialive,whos here after the 616 stuff dropped about court,2,0,2025-08-23T19:49:50Z,2025-08-23T19:49:50Z
UgxvNmAfixQufs0t90p4AaABAg,@sirleeproductions,oh brother,2,0,2025-09-09T04:04:20Z,2025-09-09T04:04:20Z
UgyVUIfeJfrplnYYReN4AaABAg,@-Moxie-,i come back to this video DAILY,1,0,2026-04-08T20:31:19Z,2026-04-08T20:31:19Z
UgxSPhEqRjEgLTAR6G54AaABAg,@deand5522,my fave from the beef❤❤❤❤❤,1,0,2025-09-18T19:17:57Z,2025-09-18T19:17:57Z
Ugztu-aPygP4juDQb354AaABAg,@BigHungryGaming,🔥🔥💪🏾💪🏾,3,0,2025-10-12T04:30:33Z,2025-10-12T04:30:33Z
UgxGOaqDEdgLgvaVFbt4AaABAg,@jklltvm_33,i will search for the old random rapsongs ... thank you for filling my childhood with music,0,0,2026-01-15T07:24:22Z,2026-01-15T07:24:22Z
Ugyb-pTjiOYLtzCslJV4AaABAg,@buukjosun5870,I see the number 616 everywhere thesedays,1,0,2026-01-01T09:18:13Z,2026-01-01T09:18:13Z
Ugx4bMmlyfrvGYYT2w14AaABAg,@3ohms,Iceman cus he got knocked out like chuck Liddell,3,0,2026-04-02T22:15:10Z,2026-04-02T22:15:10Z
Ugzq7_Ekv2_QRxPVjTV4AaABAg,@benjimucci6888,Best one btw ! Just to let yall know again,1,0,2026-02-16T11:47:28Z,2026-02-16T11:47:28Z
UgxOlQpmEkDZJVEoT0V4AaABAg,@xctye27,"I feel like this diss isn't meant to be understood by general listener. Something tells me this diss is meant for Drake and Drake only, and its lyrics contain details and very specific references alluding to things Drake would get concerned about. It's a message for Drake: ""I know many things about you, so proceed with caution"".

It makes me wonder whether or not we will understand this diss more in the future as things resurface

""Can't toosie slide out of this one it's just gon' resurface""

""Elohim, KTW (I wonder what KTW means and why it got Akademiks so terrified when he first heard it), I know you can't sleep, these images trouble you""",2,0,2026-08-21T10:28:52Z,2026-08-21T10:28:52Z
UgwYniRsSwVX3U8S2eJ4AaABAg,@GLA888,6:16 in SA rn,2,0,2026-03-14T16:17:22Z,2026-03-14T16:17:22Z
UgzxDAd0ZVnWpzvZ5el4AaABAg,@QuietStrength69,Drakes Make them pay always remind me of this song,2,1,2026-06-21T11:49:08Z,2026-06-21T11:49:08Z
UgwLPoSbMn-JWF66FY94AaABAg,@MagnoliaNea,The warning,1,0,2026-01-16T03:40:06Z,2026-01-16T03:40:06Z
UgwrEFssg5p94l1J-wt4AaABAg,@t3b0g0,Kenny carried the beef 😊,3,0,2025-08-19T06:57:58Z,2025-08-19T06:57:58Z
Ugz7Wg32PXBSvaiSm1p4AaABAg,@72Chief,Still fucking fire,9,2,2025-08-14T16:00:25Z,2025-08-14T16:00:25Z
Ugz-wMirtD-WpRH5rW54AaABAg,@mycoachdom,Came here to celebrate the 2 year anniversary! Who else?,1,0,2026-05-04T21:19:14Z,2026-05-04T21:19:14Z
UgxvNO0EEDPSujpCEIt4AaABAg,@softlifequeen2154,Kendrick is DIFFERENT! 🔥,5,1,2025-10-12T02:17:52Z,2025-10-12T02:17:52Z
Ugzt-gA9RBh3k1HWgZ94AaABAg,@xerohiryu4491,I’m still pissed he didn’t let this be downloadable,2,0,2025-08-19T21:10:19Z,2025-08-19T21:10:19Z
UgxxHXFbEpiihguwD9R4AaABAg,@mybrxthrskeepr,1st november 2025,4,0,2025-11-01T21:47:23Z,2025-11-01T21:47:23Z
Ugy3szZFi9p-C4GH7HN4AaABAg,@Sally_nuggs,Vegeta I can't believe it.,3,0,2025-10-20T22:51:39Z,2025-10-20T22:51:39Z
UgxHsI2DatzMY3BxY_V4AaABAg,@Drakoblizzy,This shit so hard,3,0,2026-03-19T00:44:42Z,2026-03-19T00:44:42Z
UgxaeQ1yDiN3BVMWL0F4AaABAg,@aiodhadhwqkjas,"Sir, a second diss dropped on Drake",1,0,2026-06-18T23:54:39Z,2026-06-18T23:54:39Z
UgxLSxLXlS2pXL9DjFt4AaABAg,@Dataoneconomies,"Till this day, WHAT WAS DRAKE THINKING??😂😭",5,0,2026-03-28T15:21:59Z,2026-03-28T15:21:59Z
UgyCoj2AlgJ68ohVB1F4AaABAg,@jerryreales7590,Best combo in the whole beef,3,1,2025-09-04T06:56:03Z,2025-09-04T06:56:03Z
Ugz2mZ7k-5dyyMegrId4AaABAg,@HiddenFox-r7r,🔥,1,0,2026-05-17T13:34:53Z,2026-05-17T13:34:53Z
UgzbxOywL7gT00toTNB4AaABAg,@KaelWrit,why is the picture Chicago 😂,2,0,2025-10-03T15:11:11Z,2025-10-03T15:11:11Z
Ugxq1RSSmZCHvJkpnBB4AaABAg,@anthonycosby6366,A bunch of like minded people. I love it here,1,0,2026-05-16T23:59:23Z,2026-05-16T23:59:23Z
UgwiTeIuAYAiB21Yezh4AaABAg,@truryalty8099,After this ICEMAN album hopefully Drake leaves this man alone,2,0,2026-05-15T22:58:17Z,2026-05-15T22:58:17Z
UgwOvd6JlHop7HOSTTh4AaABAg,@Lizixpitical,6:16 is so genius 6:16 was Father’s Day Kendrick and drake met on 6/16/11 and that’s also when euphoria season one came out 6:16 Ephesians 6:16 is about spiritual armor,0,0,2025-11-22T00:46:38Z,2025-11-22T01:10:42Z
Ugya89UozttaJbBiP394AaABAg,@C_A_91,Back again summer 2026. This was a healthy battle for hip hop looking back 2 years and a solid KO win for the home team! (Hip hop wins again. Dot dropping again soon I feel),0,0,2026-06-14T18:52:08Z,2026-06-14T18:52:42Z
Ugw4bQ19jcH0bkXZ6St4AaABAg,@GnosticYogi117-f1n,"I am a Drake fan and don't like Kendrick, but this shit hits",3,0,2025-12-22T01:19:03Z,2025-12-22T01:19:03Z
UgwkOrBF3YBkmqsHHIR4AaABAg,@prophecykings1848,2026 still underrated,1,0,2026-03-12T01:43:23Z,2026-03-12T01:43:23Z
UgxFwcBQ-iwOTuS-2gB4AaABAg,@Monkeybo9iplays,Wait 6 16 is tupacs birth date😮,13,1,2025-11-04T21:08:24Z,2025-11-04T21:08:24Z
UgwBg-m30KMqk6WaY2p4AaABAg,@kingmarkseven17,His flow on this was flawless 🤌🏽,1,0,2025-08-22T02:41:26Z,2025-08-22T02:41:26Z
UgzvGJXFv91cgXYDvRB4AaABAg,@Abbymc682,Back 8/25/25 still 🔥🔥🔥🔥,1,0,2025-08-25T14:15:58Z,2025-08-25T14:15:58Z
UgyKx3NX_v5y3FWyEoF4AaABAg,@marvelous_SK,Amazing fuc’n episode! 👏🏾👏🏾👏🏾,0,0,2026-06-19T19:51:23Z,2026-06-19T19:51:23Z
UgxIPrh5GHQp2NuoA3V4AaABAg,@NovaDarling13,Back in March 2026. Still the coldest track of the vendetta. Kenny was real for this one,1,0,2026-03-14T10:46:59Z,2026-03-14T10:46:59Z
UgyZn2jktX1EhTQ441d4AaABAg,@TDS533,Okay I here again,1,0,2025-12-17T21:31:24Z,2025-12-17T21:31:24Z
Ugycfvjmych34sIq1qp4AaABAg,@mramirez8548,💯,1,0,2025-12-21T22:02:23Z,2025-12-21T22:02:23Z
Ugxl3so46U_Tq_uCkHJ4AaABAg,@DaWrekest,Here to be blessed once again,0,0,2026-03-02T12:59:24Z,2026-03-02T12:59:24Z
UgxfLHzVrG3u9kv3hVl4AaABAg,@richardsolano6425,Perfection man,1,0,2025-12-12T07:26:12Z,2025-12-12T07:26:12Z
UgxBTiCb4vEAlr0B3Vl4AaABAg,@MrProdegy101,Straight poetry from the depths of your soul! Powerful shit bro!,0,0,2025-09-18T09:57:20Z,2025-09-18T09:57:20Z
UgyPNOHnIzg3bGLQAr14AaABAg,@azarusunson9871,2 years later!!!,4,2,2026-05-03T15:04:43Z,2026-05-03T15:04:43Z
Ugzw8yIuzZoqJpfvqrt4AaABAg,@ervinghenderson4780,"At 0:57 Kendrick gets into a groove and stays there for the rest of the track. That is one of the most unbelievable, goosebump giving parts to a song I've ever heard.",4,1,2025-12-26T18:56:49Z,2025-12-26T18:56:49Z
UgyzELjGBeyuYbW1D3R4AaABAg,@X_Jack1995_X,Love the ending so cold 🥶,0,0,2026-02-25T18:03:53Z,2026-02-25T18:03:53Z
UgwfzbQKxpkNFlZ_H9h4AaABAg,@jordanwilliams2031,Thank you so much for this Kendrick this song will last regardless of the context,0,0,2026-04-01T20:03:42Z,2026-04-01T20:03:42Z
UgzMILAfsquV5_oTVqh4AaABAg,@ean-wx2ih,"and here comes Drake 2 years later after getting destroyed by Kendrick and dropping another one on iceman. i just hope Kendrick plays it off, cause i just fell sorry for Drake after all of this.",2,0,2026-05-15T20:30:47Z,2026-05-15T20:30:47Z
UgyvebocAE5_I1cnpG14AaABAg,@gersonposadas2008,Had to show some love to this gem,0,0,2025-08-18T14:33:17Z,2025-08-18T14:33:17Z
UgwsQb9W0Jqv5BQRdBV4AaABAg,@kingjohnson1017,This aged so well,1,0,2025-08-21T00:12:44Z,2025-08-21T00:12:44Z
UgxiYC8HM1NmE5KpKzB4AaABAg,@mike1884,October 2025,3,0,2025-10-05T01:06:07Z,2025-10-05T01:06:07Z
UgwELC8JYYdkWq3KXiR4AaABAg,@Cooper_Medlin,Is it just me or does this sound like it was recorded before euphoria due to the first verse and the last verse of this and the first verse of euphoria,1,0,2026-05-28T20:52:51Z,2026-05-28T20:52:51Z
Ugzfrzo1mipZ8G4up7h4AaABAg,@Needsleepmatrix,Yes the beat does say boy wonder drake producer and it was tailor made,1,0,2026-08-23T09:11:06Z,2026-08-23T09:11:06Z
UgwkaCdatLksSOh81rd4AaABAg,@JaHa-n2v,There’s opportunity when living with loss,1,0,2026-03-31T19:54:02Z,2026-03-31T19:54:02Z
UgzEiBKC37-z_W6oiIt4AaABAg,@summercreekway,"I listen to this song all the time.  I also think like this, but at the time, usually people do not understand what I am saying until time has passed.  Love this song.",0,0,2025-09-10T17:02:09Z,2025-09-10T17:02:09Z
Ugz9TFwAIe8DOjGvEnF4AaABAg,@itsaak,This is highkey the only song besides like that from the beef I still listen to regularly,0,0,2026-02-25T14:45:29Z,2026-02-25T14:45:29Z
Ugx6XdRPFigFfCtqUbZ4AaABAg,@NIGHTHAWKTB,"I wish he released it, this so fire🔥",0,0,2026-03-26T11:05:37Z,2026-03-26T11:05:37Z
UgxrEcy6LC7mtrydXr54AaABAg,@josephodighibor2456,Why is this track not available in Spotify 😔,2,0,2026-02-27T16:41:02Z,2026-02-27T16:41:02Z
UgxQQqxdT-0SFMwhBpx4AaABAg,@AsGoesLightSoGoesDarkness,This rap nation backdrop and Kendrick’s flow on this reminds me of the wayans btothers alternate intro after season 4. Those were simpler times.,0,0,2026-03-17T03:12:10Z,2026-03-17T03:46:43Z
UgxbcAcLDFo1mz5cvet4AaABAg,@NicKensington,Epic,2,0,2026-02-14T00:57:28Z,2026-02-14T00:57:28Z
UgyICQVwq9r3jnWIZSh4AaABAg,@phillipmkan,a real friend would have told Drake he will NEVER have the pen Kendrick has,1,0,2025-12-25T16:25:54Z,2025-12-25T16:25:54Z
UgxglMQAgRWlTVYBWwp4AaABAg,@greekfreak384,His voice and flows controlled this masterpiece of a beat perfectly 🔥  you’d think a beat like this would overpower the artist but not kung fu Kenny,1,0,2025-12-29T03:33:54Z,2025-12-29T03:33:54Z
Ugydlwan6yX2DWuomG14AaABAg,@latenights.earlymornings,Back after Top Dawg explained why Kdot and Game aint cool.,2,0,2026-08-06T11:59:07Z,2026-08-06T11:59:07Z
UgyaeQ0oRJ6aLFti1B54AaABAg,@stephencarter2763,One of several reasons I revisit the past! Living Corpse music 😂,2,0,2026-01-19T00:29:03Z,2026-01-19T00:29:03Z
Ugwyb2Pkn9_vBhav0A94AaABAg,@RealVersatile,"""Back to back I like that record, Imma get back to that for the record."" lol 😂😂😂 and this was a second warning very light yet very lethal as this was psychological...facts or what are your thoughts?",1,0,2026-05-09T10:25:35Z,2026-05-09T10:25:50Z
UgzL2426YHBoS5rh-ZV4AaABAg,@lieutenantcolombo1758,Friday 7th November 2025 still deciphering lyrics,4,1,2025-11-07T08:02:41Z,2025-11-07T08:02:41Z
UgxovHJ2Oqk7oeYp8CZ4AaABAg,@JCBuckeye216,Man this is my second favorite of the diss tracks he dropped. It hits harder now especially with Iceman reportedly dropping,0,0,2026-04-22T15:19:27Z,2026-04-22T15:19:27Z
UgxFPy-7yY7_Ydct_Tx4AaABAg,@brandonhubert5650,2026!!!,2,0,2026-03-23T16:42:56Z,2026-03-23T16:42:56Z
UgxQJGMN-wN9GSXeAsp4AaABAg,@Trinicocoa01,I am BACK 😅😅,3,0,2025-11-25T22:32:10Z,2025-11-25T22:32:10Z
UgyWgt9L5ChBM9BhRLR4AaABAg,@rashun720,Its survivallllllllllllllll,2,0,2025-11-09T10:11:16Z,2025-11-09T10:11:16Z
UgzkT0PYveMH-IafmmJ4AaABAg,@ervinghenderson4780,"""I'm sorry that I live a boring life..."" as a married father, I felt that in my soul.",3,1,2025-09-18T23:03:27Z,2025-09-18T23:03:27Z
UgyNkBtCpu5_p88UGDN4AaABAg,@SbezzyB,Underrated 💯,0,0,2025-11-10T04:48:04Z,2025-11-10T04:48:04Z
Ugx0J0rAqHi1Sjv7xBJ4AaABAg,@mirzadotdng,I NEED THIS ON STREAMING GAWD DAMN,0,0,2025-09-12T06:18:19Z,2025-09-12T06:18:19Z
UgxzO2qLojUY-JxJ1W14AaABAg,@yinboy1,This doesn’t even feel like a diss track.,1,0,2025-12-24T22:00:31Z,2025-12-24T22:00:31Z
UgwQmFHKkni-wApBgRR4AaABAg,@CK_Reviews_WRLD,2:00 is ov o workin for me,1,0,2026-07-27T20:17:17Z,2026-07-27T20:17:17Z
Ugw8kmXG6QI79PaliBt4AaABAg,@Jaqksthecreator,This was his confession and repentance for him about to drop not like us because he knew what it was about to do,8,2,2025-08-22T19:57:08Z,2025-08-22T19:57:08Z
UgyjAknLhlmCzEIp3dh4AaABAg,@kolopkacht,Here after 1 am in Albany cos that shit was whack hahaha,3,0,2026-05-15T07:25:36Z,2026-05-15T07:25:36Z
UgxGkOYfuv1u9YkRxtd4AaABAg,@Qba888888,im in love with this song,0,0,2025-08-25T08:58:37Z,2025-08-25T08:58:37Z
Ugzob0xRuBpzZnohgwJ4AaABAg,@gregoryjacobs6142,1st..6:16 in LA...2nd...Meet the Grahams...3rd.. Euphoria.... 4th.. Not like us... everything else was straight over kill😢😅😢... was it really the braids y'all...😂😂😂,4,0,2026-03-04T19:37:04Z,2026-03-04T19:43:08Z
UgwtAO2kJqZgs6Gkj6V4AaABAg,@Sir_Nightingale1,Never listened to this one during the murder but now I’m watching vids recapture the vibe thought it was time,2,1,2025-09-06T15:47:08Z,2025-09-06T15:47:08Z
UgwdbgnHCPnyg26HEzh4AaABAg,@qaspanova,🎧,1,0,2026-01-06T17:24:24Z,2026-01-06T17:24:24Z
UgwurYUfp_2wQpEhjdN4AaABAg,@m4magnificent4ever,One of my favorite beats with Clipse's usual top tier lyrics is  matchmade  in heaven. Overall the album is an artistically beautiful masterpiece.,0,0,2025-09-19T17:39:36Z,2025-09-19T17:39:36Z
Ugyi8Zw0NBff6aXbE-J4AaABAg,@robertmajor2201,This really a diss to games. I just found out,4,2,2026-08-08T17:12:04Z,2026-08-08T17:12:04Z
UgxeKFcqCiy0x-_13C94AaABAg,@MrTr3sL3wis,This was him trying to give Drake an out 😅,7,1,2025-09-10T13:04:34Z,2025-09-10T13:04:34Z
UgyaO8dG5553S1CrXPl4AaABAg,@mussycco,The fact that you can't even play this on Spotify anymore echoes to the underrated impact this record wreaths since the beef long ended with K-Dot proving he's the better artist AND person.,0,0,2026-05-09T05:10:05Z,2026-05-09T05:10:05Z
Ugy3XbNZ0-z_xER0ug14AaABAg,@kenfisounds1597,🍷🍷🍷🍷🍷🍷,2,0,2025-11-10T12:18:43Z,2025-11-10T12:18:58Z
UgwanlnSLoI7dxHZOBV4AaABAg,@OliverThrone,Had to circle the track cause of icemandem,2,0,2026-05-19T20:31:46Z,2026-05-19T20:31:46Z
UgyjYVGyqYc3XcqGBOB4AaABAg,@TOoWaviii,This one killed drake tbh,10,0,2025-08-27T18:26:28Z,2025-08-27T18:26:28Z
UgwPDmW2wk4RyXZYSf94AaABAg,@RickySpanish100,Imma just get this out the way now…who’s still listenin in 2036?,1,0,2026-03-23T00:26:08Z,2026-03-23T00:26:08Z
Ugxu6VzKjhmv2E4mOGF4AaABAg,@John24Z,"1:42 is he calling AK an oger 😭
Shrek- Ogers have layers like onions",4,1,2025-09-28T19:56:30Z,2025-09-28T19:56:30Z
UgxjFuZzMbK_QdatXbJ4AaABAg,@MMA-Kreese-Kingjr713,Crazy part is this is why I love Kendrick he's definitely my top five of all time damn 616 was a diss at the game to that's crazy😂😂😂,0,0,2026-08-12T12:20:44Z,2026-08-12T12:20:44Z
Ugx4gV9FzTkPTfJt8XZ4AaABAg,@CrimsonKale,I'm ngl I skip Drake songs now,7,0,2026-09-07T04:12:17Z,2026-09-07T04:12:17Z
Ugzvwyq51SdBCLLQ7M94AaABAg,@anthony001700,"“God, my confession is yours, but who am I if I don’t go to war?’ — That line parallels Jesus in Gethsemane, asking the Father to take the cup of suffering but surrendering to His will. (Matthew 26:39)”",3,0,2025-08-21T23:56:26Z,2025-08-21T23:56:26Z
Ugwx2ed4cxDTQbWknG14AaABAg,@ObsessionRogue215,Twitter having a kendrick meltdown i had to comeback to this 😂 draaaaake got cooked bad,0,0,2026-08-08T23:21:12Z,2026-08-08T23:21:12Z
UgxH_lbN50GewcKR5wl4AaABAg,@RUB3N510,“God who am I if I don’t go to war” buddy was prayin before violating Drake 😭😭😭,1,0,2026-05-07T14:52:06Z,2026-05-07T14:52:06Z
UgxZ3nBIIZONRQgRPSp4AaABAg,@Aw89251,Who still here?😊,2,0,2026-04-29T00:43:20Z,2026-04-29T00:43:20Z
UgxY-IsaMaMUaCMWTu54AaABAg,@jadenisiah,Thug boutta make Kendrick drop the deluxe😭,10,0,2025-09-03T05:05:53Z,2025-09-03T05:05:53Z
UgzC2zwgteapY17H16V4AaABAg,@TheNomadGuy84,"I grew up in the 90s so I loved that 🎒 rap shit (Rawkus records, Lupe) but Kendrick and J. Cole is so much more... Kendrick is a real artist.... Ppl I used to see in Leimert Park in La back in the 2000s doing their thing 😊",1,0,2026-01-05T22:29:45Z,2026-01-05T22:29:45Z
UgyH5ZgKqyCBd35J2O94AaABAg,@Amazedchili,Anybody listening in 1836?,2,0,2026-01-22T03:22:39Z,2026-01-22T03:22:39Z
Ugw4-6BKab_QaDcIYVh4AaABAg,@Zayb415,Is this a play on drakes summer sixteen song ?,2,0,2025-10-31T04:59:36Z,2025-10-31T04:59:36Z
UgxEuJSLDBH244IDyIB4AaABAg,@anelevilakazi8467,Lord knows how I woke up post mid night 5 minutes after this dropped,1,1,2025-10-30T12:20:29Z,2025-10-30T12:20:29Z
Ugww9aDm_uOaGTScX454AaABAg,@Tha_Rush1977,Sheesh..,2,0,2025-09-07T04:14:30Z,2025-09-07T04:14:30Z
UgzlVJELJpHSG8dvyTZ4AaABAg,@random98yt,why is nobody talkin about how this isnt on spotify?,3,1,2026-02-16T03:11:37Z,2026-02-16T03:11:37Z
UgzkoMJWcb8QR_I10Rl4AaABAg,@abdullahghazi4248,Rip drake,1,0,2025-12-28T01:27:13Z,2025-12-28T01:27:13Z
Ugx6XPpKZ3kEVxQS4TZ4AaABAg,@StackofWaffles,Idc this the best song out of the beef,2,1,2026-04-11T16:47:39Z,2026-04-11T16:47:39Z
Ugy9SxDiXvJCmZD0x154AaABAg,@kudusedu6089,Anybody here after AK stream???😅,1,0,2026-02-21T14:37:45Z,2026-02-21T14:37:45Z
UgzJty-_ft6eu-VLXqV4AaABAg,@petermwamba-j7h,Yep. The 100 reference is here. Kendrick is a menace,0,0,2026-08-09T09:45:24Z,2026-08-09T09:45:24Z
Ugx-s8IsHotRyTkLwXR4AaABAg,@DedrickJones-h1n,Gaaaaaawd daymn.,1,0,2025-10-27T08:08:24Z,2025-10-27T08:08:24Z
Ugxycf-yiMOcWR720zF4AaABAg,@malcomjohnson1618,❤❤ he told him what to do Michael Jackson would sue,1,0,2025-11-22T01:40:52Z,2025-11-22T01:40:52Z
Ugy4wxcMPil0_6WRe1N4AaABAg,@MariaSusanaGarciaGil,This tracks IS a f Genious! 🔥🔥🔥🔥💯❤️,0,0,2025-10-01T10:36:26Z,2025-10-01T10:36:26Z
Ugy73_mGLAxv_VAUw_x4AaABAg,@mattirzzmattimuss,"This is why they called him the King of New York, first verse ‼️",0,0,2026-08-11T05:34:53Z,2026-08-11T05:34:53Z
UgwWeuFsVT1VWnAKbPN4AaABAg,@mrsilkysmoothd,2026 🔥🔥🔥🔥🔥,1,0,2026-08-07T23:56:21Z,2026-08-07T23:56:21Z
UgzZl1yIoAnnVOA8MtV4AaABAg,@Adrian-ob9us,I come ever so often to embrace the hatred this song created for us all,1,0,2026-01-21T15:24:25Z,2026-01-21T15:24:25Z
Ugz10_p-T6eaEU2rnl54AaABAg,@BuellerTELEVISION,2026,3,0,2026-02-21T13:15:10Z,2026-02-21T13:15:10Z
Ugzx-qVebDtYgR1tF0B4AaABAg,@monehmyke-gbe2292,"""Raise my hands to a fallen sky"" 🥶",0,0,2026-06-08T20:04:29Z,2026-06-08T20:04:29Z
UgwZFuODcl_glqoY7dp4AaABAg,@giovonnigifft,Still here!,0,0,2026-05-20T13:11:34Z,2026-05-20T13:11:34Z
UgyLLrjj-j_fA9CxtjF4AaABAg,@FortyFresh,It’s survival.,1,0,2026-03-23T13:35:26Z,2026-03-23T13:35:26Z
UgzR07vTKMIpO_rs_g54AaABAg,@coryjackson6944,it's apparent we haven't moved on from this song ❤,0,0,2025-11-14T18:48:07Z,2025-11-14T18:48:07Z
UgweEz9e25FGzmPa7yh4AaABAg,@imshaun4563,"👌🤣 Before you figure that youre not alone, ask what Mike would do . And Drake responds with the Thankyou sign 😅🤷🏽‍♂️🫡 bc nkw he realizes he was just tryna help",1,0,2026-05-28T01:19:49Z,2026-05-28T01:20:12Z
UgyB46mAQAp_Vpuh28B4AaABAg,@christopherwashington9421,"This song out the beef is so underrated, probably second best song next to euphoria 💯💯",0,0,2026-04-12T13:06:00Z,2026-04-12T13:06:00Z
UgwZnB0Us1tcHm6gDZ14AaABAg,@vegamode8706,how in the world did this song go under the radar... this and euphoria are easily the best. better than meet the grahams and not like us,3,1,2026-07-07T22:44:26Z,2026-07-07T22:44:26Z
Ugya6nuVTdB_q2oS_yV4AaABAg,@LatenSince,Sending this at 6:16 pm,0,0,2026-07-17T01:17:05Z,2026-07-17T01:17:05Z
UgxEmcAvLrjbyVuBSJt4AaABAg,@SuperDeion101,But your reality can’t hide behind wifi,0,0,2025-10-08T23:01:08Z,2025-10-08T23:01:08Z
UgxzdLIKdfB-v55jzVF4AaABAg,@krokodiledunde,Should’ve been the last song of the beef.,1,0,2025-10-23T21:44:49Z,2025-10-23T21:44:49Z
Ugzr_8JxV2sKrytw9DJ4AaABAg,@AliciaSandCo,❤❤❤,1,0,2026-06-03T02:01:14Z,2026-06-03T02:01:14Z
UgythfvOIzbVbrvmhLF4AaABAg,@PapaNurg1e,Feb 2026 Dropping flowers off at the “Fuck around and find out” Memorial. Off Mr. Morale and Conflicted Ave.,2,1,2026-02-16T01:05:26Z,2026-02-16T01:05:26Z
Ugya0Sq2P0_RUaY1T1F4AaABAg,@Freewill415,"of all people, Drake should have been listening to this song on repeat, if he did and actually digest what Kendrick saying what dude literally SPELLED OUT for him, this Iceman public embarrassment would not have happened",1,0,2026-05-20T21:37:52Z,2026-05-20T21:37:52Z
UgyO3unNMzQJCP8b6I54AaABAg,@Sagittariusking-k9p,This is the best lyrical song of the battle,0,0,2025-08-22T20:02:35Z,2025-08-22T20:02:35Z
UgxDpO009Be4pnsNsAd4AaABAg,@Jsims21,There isn’t one second in this battle that Aubrey rapped better than this,10,2,2025-08-26T13:23:45Z,2025-08-26T13:23:45Z
UgyBr5Gl4kIcrDKd5tt4AaABAg,@josemedina3834,we need this on DSP,2,1,2025-10-08T15:00:47Z,2025-10-08T15:00:47Z
Ugy820h8vjbYYky9-pd4AaABAg,@GamingWithSipho,Damn this was my favourite song that came out of that beef,0,0,2025-09-12T09:45:29Z,2025-09-12T09:45:29Z
UgxvGYPevVRHrHD-LER4AaABAg,@heartbroken_in2,Had to pop by to check the grave and change the flower's ❤,0,0,2025-12-28T04:46:57Z,2025-12-28T04:46:57Z
UgxjkeGTRMh8uEM5sZx4AaABAg,@Muru_Bryan,This wasn't even a diss...it was a warning...stop playing with me before I turn you into a song😂,1,0,2026-01-08T10:29:31Z,2026-01-08T10:29:31Z
Ugxoi0si46XPgF7bqsB4AaABAg,@fckjcole,Быреудын есынде бармекен осы,2,0,2026-01-28T22:36:05Z,2026-01-28T22:36:05Z
UgxMJT8wRyxzTGZM2tB4AaABAg,@roshelle_8447,❤,1,0,2026-03-19T17:47:46Z,2026-03-19T17:47:46Z
UgywW7vkHcYp_GDNJiJ4AaABAg,@Metaphysics0819,🔥,0,0,2026-06-17T01:19:20Z,2026-06-17T01:19:20Z
Ugykdfwd7E0_2xsqq4F4AaABAg,@CletoRedBoxing,"KENDRIIIIIICK❗️❗️❗️ OFFICIALLY RELEASE THIS SONG, AND MY LIFE IS YOURS❗️❗️❗️❗️",0,0,2026-02-16T04:35:52Z,2026-02-16T04:35:52Z
UgwuwVhUTPR2y8LOQg94AaABAg,@desmondwebb6498,Here at 9:19,3,0,2025-11-01T02:19:51Z,2025-11-01T02:19:51Z
Ugw7ief3wcDxI9EkxeR4AaABAg,@alexplaylogic8345,why this isn't in Spotify 💔,4,1,2025-11-17T05:27:53Z,2025-11-17T05:27:53Z
UgxD7K34w4pvtixAFpx4AaABAg,@cheletekoatransfer,Sent back here by tiktok ❤,0,0,2025-12-17T09:51:25Z,2025-12-17T09:51:25Z
UgwzKjhhECOhHILtd1d4AaABAg,@Sparkspluggggggggg,🔥🔥🔥🔥🔥🔥🔥🔥🔥,0,0,2026-08-12T20:03:29Z,2026-08-12T20:03:29Z
Ugzk81SEED6hhO8dba54AaABAg,@G-R-E-G-music,Rest in peace crodie. You were lowk a good artist before wah gwan Delilah. 🫡,1,0,2026-02-22T22:37:04Z,2026-02-22T22:37:04Z
UgwTJF2Kzu2PbLpMIoV4AaABAg,@donzell_jones,Im back,2,0,2025-08-18T21:05:59Z,2025-08-18T21:05:59Z
UgwAyBgt8Q7rndICzqp4AaABAg,@Squishyj1028,drake still dissing when he never had an answer for this lmao,2,0,2026-05-18T20:18:13Z,2026-05-18T20:18:13Z
Ugw2Io7giF_ea1sy75d4AaABAg,@MrSleeplessnights,This is still so nasty worx that it's ridiculous 😂,3,0,2026-02-28T05:04:59Z,2026-02-28T05:04:59Z
UgyEFR3YwyBjtmqffeV4AaABAg,@spectralslayer151,Hits different at 6:16 in the morning.,0,0,2026-03-02T14:17:09Z,2026-03-02T14:17:09Z
UgxDwE3bIOYrQ7bjRVl4AaABAg,@twoxonen,assasins prayer,1,0,2026-05-07T21:05:32Z,2026-05-07T21:05:32Z
UgzxYFeP2v1it0oNUj94AaABAg,@i1mz,Just came back to pay my respects to Aubrey 🫡🙏🏿,1,0,2026-08-13T20:32:52Z,2026-08-13T20:32:52Z
UgwBN_H8ZkG8HF5x9J94AaABAg,@Ctupaak,"""stop playing with me 'fore i turn you 'to a song""",3,1,2025-12-03T13:44:15Z,2025-12-03T13:44:15Z
Ugxb3umSDQbYxX8SO3h4AaABAg,@John24Z,"2:30 
“You’re entourage is only to hustle you”

Present day makes sense if that’s how these Drake leaks are happening. 
He’s been paying to prevent them from leaking I believe.",1,0,2026-03-19T01:27:54Z,2026-03-19T01:27:54Z
UgzUACbVwvBYthZhojl4AaABAg,@wrechey,"Looking back at this song after the beef ended, with Euphoria and this song and Kendrick literally calling Drake the liar first and even the “fabricating stories on the family front cause you heard Mr. Morale,” Kendrick 100% heard family matters before it was even about to drop and knew drakes whole strategy from the start is honestly insane. This man Drake should’ve never took the bait",0,0,2026-01-09T05:37:02Z,2026-01-09T05:37:02Z
UgycufpUUi3mP6J3G0t4AaABAg,@Sooverit,Still listening 😝,0,0,2026-04-08T12:43:56Z,2026-04-08T12:43:56Z
UgwRQBgZ3fHg5SLY8jp4AaABAg,@TonyBrown-j2p,🔥🔥🔥🔥🔥🔥🔥🔥,0,0,2026-06-12T15:58:51Z,2026-06-12T15:58:51Z
Ugzqd-pAp08BCeXgGPN4AaABAg,@tateandswitch,I wish I could get this song on vinyl. He tried to tell Drake he already had the smoking gun,0,0,2026-01-09T13:29:06Z,2026-01-09T13:29:06Z
UgwRCyc9TYhoj87oiDx4AaABAg,@6figgani66a,Still here 😤,0,0,2026-08-04T20:28:29Z,2026-08-04T20:28:29Z
UgyT6vKxYufREN8t9St4AaABAg,@Mammoth-v2z,Holy shit🎉,0,0,2025-08-18T15:09:51Z,2025-08-18T15:09:51Z
UgzaH0FiiJH4uKyT-ZJ4AaABAg,@donaldbolson2753,God I love this song,0,0,2026-04-20T04:45:27Z,2026-04-20T04:45:27Z
UgwKQJxV0ICphvj8BU14AaABAg,@BukhosiMene-iw3jo,Who is here in 2026?,5,0,2026-01-18T03:16:27Z,2026-01-18T03:16:27Z
Ugzx99SkMamYcKzguVt4AaABAg,@6ixsidesh1t,This is better than not like u s,3,0,2025-12-11T21:51:01Z,2025-12-11T21:52:53Z
UgwQ4IrAwLXOFOrpMWN4AaABAg,@Xleader01,underrated song. why’s it not on Apple Music “YET”,3,2,2025-09-12T23:50:23Z,2025-09-12T23:50:23Z
UgyaMAPkY-fxMONk2514AaABAg,@Kingkgosi1031,The game big mouth brought me.,1,1,2026-08-12T00:02:47Z,2026-08-12T00:02:47Z
Ugz0u5L3sjtq9u74mQd4AaABAg,@grimacerurcoo,"I think apart from drake's fuckass ai song this is probably the least known song in the beef, it definitely deserves more recognition",9,3,2025-10-24T00:40:30Z,2025-10-24T00:40:30Z
UgxVv5Oxq2yzIf8y5Nx4AaABAg,@Shhhh37,"With all the info, sounds like he talking to game the moment he asks ""are you ready to play..""",0,0,2026-08-07T01:22:41Z,2026-08-07T01:22:41Z
UgwCOvmFylGHwbh-Mo54AaABAg,@Xxlagartija,Trust me oddwin don't want beef🔥,1,0,2026-07-31T03:37:11Z,2026-07-31T03:37:11Z
UgxKEB4L6MeYxA-6h9V4AaABAg,@3ohms,Iceman cus he was so frozen the response took a year,1,0,2026-04-02T22:14:44Z,2026-04-02T22:14:44Z
Ugwz1HPimI3Oe2QMaMF4AaABAg,@NFNate,Forgive me lord what I’m about to dude this boy ahh song hehe❤,1,0,2026-03-03T10:44:29Z,2026-03-03T10:44:29Z
UgxPiHd_8MdsFRXSCFV4AaABAg,@wudahman1,6:16 7/21/26 🤣🤣🤣🫵🏾,1,0,2026-07-22T01:16:31Z,2026-07-22T01:16:31Z
Ugwmb4yG-VsdMkrtTqN4AaABAg,@mytai05,🌹 💐 🌹 💐,0,0,2026-08-06T22:32:15Z,2026-08-06T22:32:15Z
UgzG3apE1EgPCY-qB_V4AaABAg,@coinkidink9997,Somebody explain the Game connection to this video?,1,0,2026-08-10T17:50:35Z,2026-08-10T17:50:35Z
UgxJuMPmczQeTnT2wnR4AaABAg,@thumbprintinsanelogics,March 2026,2,0,2026-03-17T22:19:07Z,2026-03-17T22:19:07Z
Ugx15uk5ylHZ-njGzKF4AaABAg,@officialsonic1,I wanna hear Kanye West  on this beat almost sounds like he made this himself 🔥🔥🔥🔥🔥🔥,0,0,2026-05-03T03:25:56Z,2026-05-03T03:25:56Z
UgzL5j5iaMSEb0PJSzV4AaABAg,@PistolPeak,I felt not like us was overrated and liked family matters more. But this one was the best diss in my opinion. Maybe because it seemed deeper idk.,3,1,2026-03-30T04:24:58Z,2026-03-30T04:24:58Z
Ugxnp3Ghi5duvKJFczx4AaABAg,@indras_arrow17,Tap in 2026,2,0,2026-03-18T20:17:22Z,2026-03-18T20:17:22Z
UgyQN2zXa29DbtmpOT54AaABAg,@osollojose,2026,2,0,2026-03-30T12:15:29Z,2026-03-30T12:15:29Z
UgzQUhj2up9NU6lSsJB4AaABAg,@Romanovhjs,El tema más subestimado de todo el diss,0,0,2026-05-24T13:14:37Z,2026-05-24T13:14:37Z
Ugyu33tSrELR3zKdNvt4AaABAg,@Wendy-t9v,Still hit hard 2026🔥🔥🔥🔥🔥,0,0,2026-05-19T06:55:22Z,2026-05-19T06:55:22Z
UgzpFXrrWn3zbQQdxQp4AaABAg,@fourQQ,"Been listening to all the lawbrey disses after 2 years ,",0,0,2026-05-07T09:37:23Z,2026-05-07T09:37:23Z
UgzEQWFpDOtMI8TtLNx4AaABAg,@mr.shifty8257,Yuh,0,0,2026-01-05T13:14:29Z,2026-01-05T13:14:29Z
Ugyl_9bijiO0Z-KTVRt4AaABAg,@plushieroom44,Good times...,0,0,2026-05-04T21:56:57Z,2026-05-04T21:56:57Z
Ugy2KH_H1pDQyNqfCZp4AaABAg,@emmalayd,i see some one lying 🤣,1,0,2025-12-18T13:29:48Z,2025-12-18T13:29:48Z
Ugy6jSqzU5ZokH-uNHN4AaABAg,@tkizzi,6:16 rn,4,1,2025-09-15T10:17:04Z,2025-09-15T10:17:04Z
UgyTI8LttY_mzzBR57N4AaABAg,@TOoWaviii,"Remember the intro has that breathing machine, wit the one dude in the wheelchair 👀 y'all can't forget",0,0,2025-10-23T17:14:40Z,2025-10-23T17:14:40Z
UgyzoRR1CVX4Xvf6Hbp4AaABAg,@Capri-Sun_Pt2,Timeless atp.,0,0,2026-01-03T01:34:10Z,2026-01-03T01:34:10Z
UgzpWihPd7vnxVixC6B4AaABAg,@Jsims21,I’ve played wayyyyy to many times,1,0,2025-08-18T22:57:32Z,2025-08-18T22:57:32Z
UgzSKbE0VuPByS2Qh-x4AaABAg,@senorsebasian,So much better than Not Like Us.,0,0,2025-08-23T00:27:19Z,2025-08-23T00:27:19Z
Ugwcarzm8b_RTF_PdyJ4AaABAg,@ShantiaRobinson-u7m,"May 19,2026 ?",2,0,2026-05-20T00:04:04Z,2026-05-20T00:04:04Z
UgyrPDU7FTxaIb-aAxx4AaABAg,@EliBrigante,😮‍💨,1,0,2025-11-06T16:42:22Z,2025-11-06T16:42:22Z
UgxblmqOBnjP27O4i3l4AaABAg,@jboymeetsworld,🎉🎉🎉,0,0,2026-05-04T12:32:31Z,2026-05-04T12:32:31Z
UgwFLOeVMpihh_QQlyt4AaABAg,@collincortright8640,"Fall, Boy Wonder",0,0,2026-08-22T01:28:25Z,2026-08-22T01:28:25Z
UgwKh3BSezmsaN8DoDB4AaABAg,@OnkeDiko-j8r,🤾🏾‍♂️,1,0,2026-08-21T17:05:48Z,2026-08-21T17:05:48Z
Ugy89LrkJWtXz4MQPDN4AaABAg,@HigherHer_B,Welp.,2,0,2026-01-02T01:04:10Z,2026-01-02T01:04:10Z
UgxWnO_SoweETiL8CMt4AaABAg,@smilejubjub,Annnnnd I’m back 😂….so Wack and game milking Drake 🤔🤷🏾‍♂️,6,0,2026-08-08T20:15:05Z,2026-08-08T20:15:05Z
UgzPq9neOs5cq8jqttx4AaABAg,@Thatdeluluintpgirl,Who's here after Virgil pic? 😭😭✋🏻✋🏻,6,2,2025-11-08T12:23:10Z,2025-11-08T12:23:10Z
UgyaPaxk-XclG0mhYDN4AaABAg,@AntWZRD444,In my opinion this was the finishing blow. Not “not like us”,4,3,2025-11-23T00:18:24Z,2025-11-23T00:18:24Z
UgxI7pQnhHrAx-Ervgd4AaABAg,@FirestickKev,This mf hit so different now 😂😂,10,0,2025-09-03T17:56:08Z,2025-09-03T17:56:08Z
UgxunqbNk1XL3WqD3Ex4AaABAg,@ralphus530,Drake confirmed everything he said on Iceman,0,0,2026-08-13T02:01:53Z,2026-08-13T02:01:53Z
UgxUD-ILWOFGeoZsWIZ4AaABAg,@Needsleepmatrix,He was calling out Instagram vampires,1,1,2026-08-23T09:09:43Z,2026-08-23T09:09:43Z
UgxVYy3K-MrrHGjDi3V4AaABAg,@Kekira,This one is probably my second favorite of the beef specifically because it got so scary so fast. It was Dot actually picking up the gun and pointing it at Drake. And I fully believe this one was written with full knowledge of Family Matters.,1,1,2025-09-12T08:39:11Z,2025-09-12T08:39:11Z
UgyC9kqo7Xwde15aOYx4AaABAg,@basedluna00,Its 6:16 rn,1,0,2025-11-10T14:16:41Z,2025-11-10T14:16:41Z
UgwPEIeE-49GaQCsw3J4AaABAg,@tenoandreas1,Your reality cant hide behind wifi,0,0,2026-05-20T00:18:59Z,2026-05-20T00:18:59Z
UgyJXtkhtcQNVLB8oT94AaABAg,@clc5013,🤧,0,0,2025-09-26T01:09:31Z,2025-09-26T01:09:31Z
Ugwx2RB5Ua6uUa9so-R4AaABAg,@SUB_XERO,Definitely in my top 5 favorite Kendrick Lamar songs,2,0,2025-10-07T03:14:54Z,2025-10-07T03:14:54Z
UgziRPuRxzRmQCSIpIR4AaABAg,@JONAHAC,Remind me why this aint on spotify,0,1,2026-09-16T15:36:43Z,2026-09-16T15:36:43Z
UgwuFQG6mXee_wDMtr94AaABAg,@TimmHenson,"In 2026, this song is prophecy.",0,0,2026-03-26T00:52:55Z,2026-03-26T00:52:55Z
UgwS-9w3cjDMYjVXI6p4AaABAg,@AlexisGarcia-f4c,Heyyyy,1,0,2026-05-01T01:16:01Z,2026-05-01T01:16:01Z
Ugw6wkO-glnP2vm-ypt4AaABAg,@desirefire,DRAKE WENT TO COMPTON TO FILM 100 WITH THE GAME MUSIC VIDEO ON JUNE 16 😭,0,0,2026-08-12T01:05:50Z,2026-08-12T01:06:05Z
Ugz2CCdlwg5ygn9_rF94AaABAg,@MrSecondchancebro,Why dont i remember this from the battle,0,0,2026-08-09T13:17:07Z,2026-08-09T13:17:07Z
