comment_id,author,text,like_count,reply_count,published_at,updated_at
UgykboYyLnEV3l3sgwV4AaABAg,@MajorPrice-y7j,Crazy to see this and bro had a OVO hoodie on 😭😭,35,1,2026-06-20T04:00:30Z,2026-06-20T04:00:30Z
UgzUrW-3SgdVN6yQI7B4AaABAg,@hailmendoza6106,"""Metro, shut up and make some drums"" IM DEAD 🤣🤣",5261,42,2024-04-14T01:25:38Z,2024-04-14T01:25:38Z
UgyQ734xlEJwKukekwx4AaABAg,@KxngKUDA,"As the biggest J cole fan, this fall from grace was a plummet from pluto. Shit hurts. Can't believe i gotta depend on Drake to fan the flames now smh.",4870,141,2024-04-14T00:03:45Z,2024-04-14T00:03:45Z
UgwwkdvQLGSmpX4bJh54AaABAg,@jameshughes3643,“On top of the mountain so you tight now. To talk to yo ass I had to hike down” was a lowkey crazy bar.,1509,13,2024-04-16T05:19:21Z,2024-04-16T05:19:21Z
UgxSfgOkvMmp_KrR5R94AaABAg,@GalaxyForumStudios,Kat Williams wasn’t playin when he said 2024 finna be a movie 🤣,2376,15,2024-04-14T13:18:31Z,2024-04-14T13:18:31Z
Ugw8u3xOg1zKtoHBTLJ4AaABAg,@greg6924,Hip hop is better when there are battles and lyrical wars. It sharpens everyone's pen game.,2351,27,2024-04-14T02:01:15Z,2024-04-14T02:01:15Z
UgwqtvyiN9wtFVLafDR4AaABAg,@ydwatt8711,“prince jackson” actually being one of MJ’s sons blew my mind,4093,77,2024-04-14T00:39:20Z,2024-04-14T00:39:20Z
Ugxu6hOfmZuVwDqSzNh4AaABAg,@fujibosco,The genius of Drake's response is he responds to everyone equally meaning he regard Kendrick as just another guy which is a layered disrespect.,1975,30,2024-04-15T16:31:59Z,2024-04-15T16:31:59Z
UgwlPxP98ADNVt0qGmx4AaABAg,@---GOD---,Funniest thing is... how is Metro gonna respond without having to obey Drizzy and make those drums? 🤣🤣😂😂,3727,64,2024-04-14T17:14:14Z,2024-04-14T17:14:14Z
UgwRCmQ6ZNA8_ZiXT4Z4AaABAg,@CollectThaBucks,I just knew that Scru was gonna react to the remastered one. Everyone else was reacting to the older one.,5233,98,2024-04-13T23:51:09Z,2024-04-13T23:51:09Z
UgwBCR70_q7qzVTQL314AaABAg,@Fidjeditz8181,"Drake did what we all wanted cole to do 😭 RIP cole

Edit (post meet the grahams): nvm i get why cole opped out i would have too💀",2368,115,2024-04-13T23:48:27Z,2024-06-19T01:19:37Z
UgxZLgjGZlqt0KYlyEd4AaABAg,@AleaKat,I’m not even a Drake fan but looking back at the whole beef this was his peak performance in the whole thing.,9,0,2026-08-07T16:19:57Z,2026-08-07T16:19:57Z
Ugw23bZdGYKKnvXAXO14AaABAg,@nanananana4198,"The bodyguards like Whitney line is crazy, Kendrick’s wife called Whitney",3627,133,2024-04-14T00:01:28Z,2024-04-14T00:01:28Z
Ugz-7X-8w2yCVON62PN4AaABAg,@Monti.AE.Cristo,"""y'all are making the overdog the underdog for the first time""",1393,12,2024-04-14T08:33:40Z,2024-04-15T03:44:13Z
UgxYtUJew3VDIh7Cjtp4AaABAg,@jff8427,I miss non bias scru 😢,9,0,2026-06-11T13:18:48Z,2026-06-11T13:18:48Z
UgyF3ifEsr3tMB4iJ2V4AaABAg,@whiteslayer-yv8sz,this is when scru liked drake,683,39,2025-08-29T16:16:37Z,2025-08-29T16:16:37Z
Ugzuy7YsJkmIS3hjp3h4AaABAg,@rockodashpr,as a J Cole fan i got goosebumps when drake said idc what cole think dat shit was weak af because i couldn't agree more 🔥🔥🔥😭💯💯💯💯,913,15,2024-04-14T03:49:51Z,2024-04-14T03:49:51Z
UgylqMjO5G9D8SXzOl14AaABAg,@aviator4144,"Win or lose , Drake went straight at it and this earned him mad points",744,32,2024-04-14T01:36:39Z,2024-04-14T01:36:39Z
Ugx1vRd9m8mLtKtlptN4AaABAg,@chevycecil233,I am blown away drake punched back hard. This year for hip hop isn’t boring,415,3,2024-04-14T03:11:16Z,2024-04-14T03:11:16Z
Ugxed_rolzzdcpn-7Ll4AaABAg,@who-tf-is_Sissko,Coming here after watching the 1-year reaction is absolutely hilarious. 😭💀💀,47,0,2025-04-27T21:16:49Z,2025-04-27T21:17:30Z
UgxeK9Fqmk9MNKWR4VV4AaABAg,@tadi.,If Drake loses thats ok. At least he’s living by the sword and dying by the sword. Thats Noble,777,39,2024-04-14T06:44:30Z,2024-04-14T06:44:30Z
Ugyr9F1Xs2O_ysYWoR94AaABAg,@CrimeWaveProduction,"""I'm at top of the mountain/ so you tight now/ just to have this talk/ wit yo ass/ I had to hike down/ big difference/ between mike then and mike now""🔥",858,18,2024-04-14T00:22:20Z,2024-04-14T00:22:20Z
Ugwqg8yDw3IL97EnPTl4AaABAg,@SM-pr1qt,How we go from this to Scru dropping his own diss track to Drake 😂,20,0,2025-01-21T05:34:42Z,2025-01-21T05:34:42Z
UgyIL6xJ9xpl-huV0Bh4AaABAg,@vsnaidan.2315,anyone else revisiting scru's reaction of the battle?,79,6,2026-03-06T03:09:40Z,2026-03-06T03:09:40Z
UgzMpMfm0_aW77KgiV54AaABAg,@marvv5041,"Drake is that dude. Love him or hate him, he consistently delivers.",574,8,2024-04-14T01:24:33Z,2024-04-14T01:24:33Z
UgwYPwzGH8woe4JDSEl4AaABAg,@TifnyBlinx16,I'm So Proud of DRAKE RIGHT NOW. YOUNG MULA BABYYYYY!!!!!!!!,683,14,2024-04-14T12:45:57Z,2024-04-14T12:45:57Z
UgwyoLoqjcxD3l-Hgq54AaABAg,@andisa9599,"Never been a Drake fan but after this, his earned my utmost respect",630,16,2024-04-14T16:30:28Z,2024-04-14T16:30:28Z
UgytMvP4qfMWp28kBNV4AaABAg,@1saa3s,This ain’t Drizzy anymore this is DRAKE we hearin,284,4,2024-04-17T03:16:12Z,2024-04-17T03:27:21Z
Ugye6NrK4lnIdDCl8ud4AaABAg,@irondino247,"It’s the fact that the whole industry going at him and he not backing down bro. You GOTTA respect it, he standing on it all",958,16,2024-04-15T03:14:28Z,2024-04-15T03:14:28Z
UgwzxE2_atjsZutlwA54AaABAg,@nerdygiant7805,"Many hard bars on this but my personal favorite is that Mike/Prince line. 

1. No matter how you feel about it, everyone knows Mike is the king of pop.
2. Everyone knows a 'prince' is the son to the king.
3. AND EVERYONE ONE KNOWS THE NAME OF MICHAEL'S SON IS PRINCE. 

Drake made Kendrick call himself Drake's son 3 times before making Kendrick drop and give him 50. God DAMN.",375,17,2024-04-14T01:11:09Z,2024-04-14T01:11:09Z
UgxJFkobNSBwyAxuT5d4AaABAg,@YoungCas1992,Drake stepped up to the Mic and DIDN'T disappoint much love to Drake,312,3,2024-04-14T01:15:14Z,2024-04-14T01:15:14Z
UgzDy0e5awvrupE-l154AaABAg,@WaterWaiWasTaken,"now i may be a Kendrick glazer
but this shit is hard",17,0,2024-12-28T19:01:49Z,2024-12-28T19:01:49Z
UgxiXzQDe6ejHO1uAm54AaABAg,@DaKillmonger,I admire how much drake knows about his enemies. Like he holds it and loads up knowing they will switch up. Bow.,280,12,2024-04-14T01:53:07Z,2024-04-14T01:53:07Z
UgyVnT8u2oZMkdTKV_94AaABAg,@kboww88,this is the drake we need at all times,412,26,2024-04-14T00:19:43Z,2024-04-14T00:19:43Z
Ugy8lPbNyQWequ6F7jN4AaABAg,@Artizm_Music,I’m so glad you reacted to the clean remastered version.,219,0,2024-04-13T23:55:18Z,2024-04-13T23:55:18Z
UgxW504DWKUyxilvkFl4AaABAg,@botanicalabe,"Even though Kendrick won the beef, everyone forgot that when Push Ups came out everyone said Drake bodied Kendrick. That “what’s a prince to a king” line is still crazy",91,17,2024-07-11T02:57:21Z,2024-07-11T02:57:21Z
UgxdWL98bwYn_yAsBel4AaABAg,@phettywappharmaceuticalsll8842,To the younger guys this is what yall been missing out on..COMPETITION!! Embrace the moment!!,340,7,2024-04-14T00:09:53Z,2024-04-14T00:09:53Z
UgwFSNKzoN4eYRZhgWR4AaABAg,@willjbainbridge8947,As a drake fan this is the greatest day of my life,555,38,2024-04-14T00:34:21Z,2024-04-14T00:34:21Z
UgxR18QrxxuLsgU4Jox4AaABAg,@WileyWilliams-u3c,"DON'T SLEEP ON DRAKE! He got personal and somebody finally said a name. With Drake delivery, fan base and a lot more, it ain't gonna be easy for K Dot like people think. They seem 2 4get when Drake came in he snatched the whole rap game up. Everything he touched was fire",657,41,2024-04-14T03:04:07Z,2024-04-14T03:04:07Z
Ugz2m_Ka1Zx8I9RJtiR4AaABAg,@jameshatton3293,This reaction is hilarious a year later,14,0,2025-05-05T19:24:24Z,2025-05-05T19:24:24Z
UgwiaKzvHas7uERCb9B4AaABAg,@randydiaz1758,Win lose or draw Drake definitely deserves respect bringing that Scorpion energy,244,7,2024-04-14T01:43:16Z,2024-04-14T01:43:16Z
UgxRTsfGHw90h50pU5x4AaABAg,@deelawson12,Imma like the video cus you actually wasn’t biased 😭,9,0,2025-04-22T00:58:51Z,2025-04-22T00:58:51Z
UgxB9-e6FG6_ysD4gpx4AaABAg,@Deityaquil,"as a massive kendrick fan, this was hard as hell. good shit drake, and great reaction scru 🔥🔥🔥",433,11,2024-04-14T18:40:12Z,2024-04-14T18:40:12Z
UgwbTXwwCNhKivYN1LN4AaABAg,@codygatti8358,"THIS is the Drake that Wayne signed, this is the Drake I loved when I was younger",244,9,2024-04-18T22:22:28Z,2024-04-18T22:22:28Z
UgxKNd80CuAZsLYs5_p4AaABAg,@himanshushinde6581,i love how it turned from kendrick vs all to drake vs all real quick😂,120,1,2024-04-14T14:25:22Z,2024-04-14T14:25:22Z
Ugw5MjUUepqjCuGQCj54AaABAg,@TheSanndwichh,8:29 he said “Cash blowing Abel’s bread out here trickin” Cash is the XO manager. So that bar wasn’t about The Weeknd it was about Cash,435,15,2024-04-14T00:10:02Z,2024-04-14T00:10:02Z
UgyagHHaNytFsD3MldJ4AaABAg,@Childishbong213,this is why I enjoy watching your reactions cause you're actually smart and pick up on bars that would fly over other people's heads. no glaze,150,0,2024-04-14T00:27:31Z,2024-04-14T00:27:31Z
Ugwt0fe_65ullenRUFB4AaABAg,@proppaperez,11:56 YOU SAID IT 🗣️,27,1,2025-03-24T08:28:08Z,2025-03-24T08:28:08Z
UgxNQ8w_ev4X2I5kk5J4AaABAg,@GnA_000,14:35 you know the diss track is good if Scruface start to get sentimental 😂😂,47,0,2024-04-14T00:22:12Z,2024-04-14T00:23:34Z
UgzJrvIkGbSOn4FYC2N4AaABAg,@TheBoiRusty,"As a Kendrick fan this shit is hard af. Can’t wait to see what Kendrick comes back with. Knew lotta people that were sleeping on Drake tbh.

Edit: All y’all stans fighting but HIP HOP is winning!🔥🙏😂",926,53,2024-04-14T00:20:41Z,2024-04-14T05:49:28Z
Ugw1LZUczBJLoCy6OcN4AaABAg,@JT_ALFORD10,Never underestimate your opponent. Be careful what you ask for. 🔥,33,0,2024-04-14T21:03:03Z,2024-04-14T21:03:03Z
UgzKj2Rz60i2t5UX_WJ4AaABAg,@MuscleNMarriage,Who’s here in 2026 ❤,21,0,2026-01-25T14:52:46Z,2026-01-25T14:52:46Z
Ugyu2EqYTtnh0JehZyp4AaABAg,@dannyvilla7470,How things changed since this reaction...,11,0,2025-07-25T17:59:56Z,2025-07-25T17:59:56Z
UgzOhrltU8OGpxws4EB4AaABAg,@robfraser33,That Prince to a King line... Absolute Fire!!,170,1,2024-04-14T13:52:49Z,2024-04-14T13:52:49Z
UgxqEXWmGMwEqTXPKPF4AaABAg,@RxgerDxdger,Ik scru watch this ish today wit regrets lol,12,0,2025-06-23T01:45:57Z,2025-06-23T01:45:57Z
UgznnolUbftmn4Q0m2J4AaABAg,@nic3sniper698,"“He said your contract, see that’s some shit u can only respect when you know how the industry work. He said pull your contract up” - scru 2024

So sad to see how far you’ve came😂",5,0,2025-08-23T14:28:07Z,2025-08-23T14:28:07Z
UgxBcibQm-hW4jUOXb14AaABAg,@GoldenEra91,I had a feeling J. Cole fans would be happy If Drake responds in general it doesn’t even matter what he says.😂😂😂,407,34,2024-04-13T23:48:36Z,2024-04-13T23:48:36Z
Ugwa40yKmyZb3cJMFap4AaABAg,@---GOD---,"""Drake is a child of battle rap"" Real shit... if y'all from the city you know homie took down a LOT of opps back in the day. 
Goodnight and Goodluck still a banger.",47,0,2024-04-14T17:18:56Z,2024-04-14T17:18:56Z
UgzjeCxOi-PjDMEK5zN4AaABAg,@charlieeggy9004,"I'm not that big of a drake fan but i have to say: Drake cooked. I don't give af what anybody says. Drake. COOKED.!
He thanosed on everybody. 
KDot has to come back HARD on this one.
God, what a great time to be alive. 
It's a fiiine tiiiime for hip hop! 🔥🔥🔥",45,0,2024-04-14T14:05:16Z,2024-04-14T14:05:16Z
UgzSRKSZ0a9T9bnH_Wl4AaABAg,@Ultimate_Gio,"Damn, this video aged like milk 😅",19,0,2025-04-28T07:56:05Z,2025-04-28T07:56:05Z
UgzbbLY7dVf2tFGCZht4AaABAg,@sh0tgUn_sYko,"8:54 lmao FACTS, the Overdog is now the Underdog. They miscalculated. 

Great point 👏🏾",116,3,2024-04-14T02:22:19Z,2024-04-14T02:22:19Z
UgzhBc5n1kSoqKrvs2t4AaABAg,@mhm9_3,"Drake is not losing "" A prince to A King A Son "" Long Live Michael Jackson 🙏🏽 Let's go 🔥🔥",124,5,2024-04-14T00:31:00Z,2024-04-14T00:31:00Z
UgwSJra4sJm-mTkfHvV4AaABAg,@SwamiEpstein,Your on-the-spot analysis is so dead on! Broke it down perfectly.,112,0,2024-04-14T06:13:47Z,2024-04-14T06:13:47Z
UgzOqlMoKmzB_-_pXv54AaABAg,@OVO.MO26,"The boy said ""I'm at the top of the mountain so you tight now, just to have this talk with yo ass boy I had to hike down"" .....nah this part went over all y'all heads ...the bars was sentencing damn",6,0,2025-08-01T08:16:30Z,2025-08-01T08:16:30Z
UgzfVpDCoZMW8ypShAl4AaABAg,@tavarius33,I LOVE THIS DRIZZY CALLING OUT NAMES!!!!!!!🔥🔥🔥🔥🔥,68,0,2024-04-14T05:23:57Z,2024-04-14T05:23:57Z
Ugyj3kRdDNlyFsbl9Jh4AaABAg,@asaplodog6923,What I told u bro Drake was coming never doubt the 6 God 🔥🔥🔥🔥🔥💯💣,83,0,2024-04-13T23:50:28Z,2024-04-13T23:50:28Z
Ugx7wfh0xSN2k4p_4bh4AaABAg,@wolfheart5408,Switch up is real,33,0,2025-06-08T10:16:52Z,2025-06-08T10:16:52Z
UgxJen3teaSb-ZouuRx4AaABAg,@bsolfitzpatrick7380,To have this conversation i had to hike down is the most simple dopest bar,13,0,2024-04-17T01:54:02Z,2024-04-17T01:54:02Z
UgzFIksvvHPsWP8F4Nd4AaABAg,@brettdacy4922,Glad Drake responded 🔥,66,0,2024-04-14T00:00:11Z,2024-04-14T00:00:11Z
UgxkgbbaFdpwFu0fBt14AaABAg,@iNNate_fr,The level of respect for Drake is skyrocketing!,41,1,2024-04-14T03:32:01Z,2024-04-14T03:32:01Z
UgwgvSNgzf0pf1XPaa14AaABAg,@elbito9181,SCRU ALWAYS READY,234,1,2024-04-13T23:48:10Z,2024-04-13T23:48:10Z
Ugzg9QGch9mvD_iijl94AaABAg,@YoOscar702,Drake Straight bodied everyone by his mf self without breakin a Sweat.,19,0,2024-04-17T22:48:49Z,2024-04-17T22:48:49Z
UgyxqDLZ9GQx9soEHBt4AaABAg,@kappakapp,"man that intro was the best lmao made me spit my drink of how off guard it caught me 

Abel singing for dudes instead of chicks lol",133,2,2024-04-14T00:33:40Z,2024-04-14T00:47:18Z
UgzR3BBDiJDX-7ySsUB4AaABAg,@valarauca1,The prelawsuit days were something else,5,0,2025-09-18T02:49:05Z,2025-09-18T02:49:05Z
UgzPcP3rUNxT0n1xajZ4AaABAg,@reallll2778,This diss track is criminally underrated,25,2,2024-08-12T06:15:31Z,2024-08-12T06:15:31Z
UgxIu_wEVkvSbYpO1Id4AaABAg,@CP3-91,15:09 NASTY WORK!!!!,5,0,2025-06-09T03:31:09Z,2025-06-09T03:31:09Z
UgyWkizXIU3jTz28iBd4AaABAg,@christophertheconqueror8751,"Im the biggest Drake and KDOT fan, and i can say 1. This shit is hard af. And 2. I cant wait for Kendrick to respond.",122,13,2024-04-14T00:57:41Z,2024-04-14T00:57:41Z
Ugwsf7BHFA1Agq-VAhR4AaABAg,@stephennixon4870,Drake then went ultra instinct on these 🥷,87,6,2024-04-14T00:30:04Z,2024-04-14T00:30:04Z
UgxFT8zoyRHuC91JmRl4AaABAg,@Zzzzzzzwat,Best diss song in the beef lol,4,0,2026-02-04T19:58:46Z,2026-02-04T19:58:46Z
Ugyc004Py3oPM2lkCKV4AaABAg,@SLIMXVII,"🗣️HE SAY, how You BIG STEPPING WITH THEM LIL BABY FEET🗣️😂😂😂",2,0,2026-03-10T22:20:30Z,2026-03-10T22:20:30Z
UgxoqlM663yHU2qjVKZ4AaABAg,@OgBobby42,"Literally 2 lines in
SFJ: deep inhale, “you see how CALM I WAS!!!” 😂😂😂",5,0,2024-04-15T20:42:16Z,2024-04-15T20:42:36Z
UgxCJkkgevn4q8S14Pt4AaABAg,@ImFireKicks,DRAKE WITH THE HEAT! He up one in the battle vs the world  high key,35,0,2024-04-14T00:06:07Z,2024-04-14T00:06:07Z
Ugx8fivhlX7nuWAWG9V4AaABAg,@Instinct-i4s,"*2:09* ""Lil does he know""",17,2,2025-01-21T20:24:56Z,2025-01-21T20:24:56Z
UgzJzxmkDFaYSeuBpk94AaABAg,@teezoflakoofficial,LMFAOOOO DRAKE WON OFF THIS ONE ALONE,3,0,2025-06-17T15:41:59Z,2025-06-17T15:41:59Z
Ugz6LC26QYNlKlGV70N4AaABAg,@thembelanizondi1611,Reaction aged like milk,5,0,2025-07-04T13:16:06Z,2025-07-04T13:16:06Z
Ugzkv2s-bRp5jlPHzXt4AaABAg,@tonydeese2607,8:47 yup definitely have less respect now 😂,10,0,2025-01-18T00:10:14Z,2025-01-18T00:10:14Z
Ugy6aBVGbAB8-p6XRox4AaABAg,@swoozi12,The first bar was meant for future because future told Drake he’s his number 1 fan on we don’t trust you it is so crazy how Drake broke down everything,16,0,2024-04-14T14:06:32Z,2024-04-14T14:06:32Z
Ugx7ixHqNUYEbUv36h14AaABAg,@VividVisionPro,Excellent point making “The Over Dog the under Dog.” And this guy is shining even brighter!,29,0,2024-04-15T18:25:20Z,2024-04-15T18:25:20Z
Ugwh_4o5eWGbr4dBojp4AaABAg,@sdotneverbrokeagain,I’m not gone cap he murdered The Weeknd and Rick Ross,7,0,2024-12-25T11:19:02Z,2024-12-25T11:19:02Z
UgzAqUsD63Lvc7Zf_Oh4AaABAg,@CDLJae,"That’s facts, the one ☝🏾 getting jump and still fighting will always get respect !",54,0,2024-04-14T10:50:44Z,2024-04-14T10:50:44Z
UgzCeIXhutJZbJbGS4R4AaABAg,@khyhhg8206,And that boy is suing you 😂😂😂😂,5,0,2025-08-20T13:18:46Z,2025-08-20T13:18:46Z
Ugx75PHg_qRdKYgPgYJ4AaABAg,@artheals8869,That “pants might rip” bar is so bad 😂😂,3,0,2025-10-08T20:33:36Z,2025-10-08T20:33:36Z
Ugxj8Z70pDJkqmNKU7p4AaABAg,@tonydeese2607,Drop and gimmie 50+ pages in this lawsuit,5,0,2025-01-18T00:02:07Z,2025-01-18T00:02:07Z
Ugxzmzir_R9HK-6bJqh4AaABAg,@robertheeralal7783,Man’s had to hike down the mountain to talk to everyone 😂😂😂😂,5,0,2024-04-14T01:36:00Z,2024-04-14T01:36:00Z
UgwLJQNVPXSoH804k5Z4AaABAg,@kingsnipez3581,CAME HERE STRAIGHT FROM SHAQ LETS GET IT SCRU🔥‼️,179,15,2024-04-14T00:01:10Z,2024-04-14T00:01:10Z
UgzhICOzK4zf5Af4nQ54AaABAg,@mercury0852,This is the drake we’ve been wanting!!!!!🔥🔥🔥🔥🔥,11,0,2024-04-15T21:42:00Z,2024-04-15T21:42:00Z
Ugx6kcKcEg4PjB1TKB94AaABAg,@QueenOfEverything69,Drake taking yall to court 😂😂😂,6,0,2025-02-05T20:00:20Z,2025-02-05T20:00:20Z
Ugz5Shm6zSeLI7jelVN4AaABAg,@just_brittny,My how times have changed. 😂😂😂😂,4,0,2025-06-15T19:41:58Z,2025-06-15T19:41:58Z
UgxAgevZKug4qrhdB9t4AaABAg,@GoGiants2026,Nobody's noticing that he's wearing an OVO sweater,8,0,2025-08-23T19:07:37Z,2025-08-23T19:07:37Z
UgxHkJJRppvzNPuXM414AaABAg,@j3tfood,“who’s begging kai cenant?” yo you got me weak😭,5,0,2024-04-14T02:07:18Z,2024-04-14T02:07:18Z
UgwITRIHw7fhJa9gu1l4AaABAg,@bigd2911,Bro was on it🔥,51,0,2024-04-13T23:51:24Z,2024-04-13T23:51:24Z
Ugy1bKDHKbyg6Ow8Zvl4AaABAg,@dfrentertainment3339,Best Review 🔥🔥🔥 you had me hype and I already heard it. History was made 🐐,20,0,2024-04-16T12:46:42Z,2024-04-16T12:46:42Z
UgxBQqyDacU32QChoTN4AaABAg,@robertacosta8342,"The Chip & Dale line is so fire once you realize chip & dale are known for always messing with & out smarting 
Pluto mickey mouse's dog",14,0,2024-04-17T23:29:28Z,2024-04-17T23:29:28Z
Ugy1vY2N_FF_CyvY9Ex4AaABAg,@Varillah,"This man is making us proud in Canada, and holding Toronto for us",60,3,2024-04-14T04:01:00Z,2024-04-14T04:01:00Z
UgwQuaGpx_wI11qfapV4AaABAg,@autumn9521,this is why drake is always gonna be #1 for me,42,1,2024-04-14T11:54:52Z,2024-04-14T11:54:52Z
UgxlcJvoR4KUsPuWmYZ4AaABAg,@llchristensen77,"Who here after the lawsuits? 😂 I had to come back and rewatch. Drake was cooking, let's not front. Crazy how far he got knocked down after this tho. 😬😬",5,0,2024-12-24T14:33:59Z,2024-12-24T14:33:59Z
UgxA4lgrjx67iEsLmhp4AaABAg,@deaviondavis430,the energy of this battle changed DRASTICALLY looking back at it 😂,2,0,2025-03-01T20:13:31Z,2025-03-01T20:13:31Z
UgzsX0mm0WJsbNwfQ5d4AaABAg,@ClintSpinster,The switch up is crazy,30,2,2026-05-19T01:22:53Z,2026-05-19T01:22:53Z
UgxJmk9Lh7TgGTtFaOV4AaABAg,@rikuyoshi5943,He mos def got my respect. He came out BLASTIN!!!!,108,13,2024-04-14T00:16:41Z,2024-04-14T00:16:41Z
UgzRNg3gLEub6Z9QQ_F4AaABAg,@mathiasgonsalves9258,Mad respect for Drake for taking on everyone of them all at once...,156,3,2024-04-16T02:44:44Z,2024-04-16T02:44:44Z
UgxqeqZuC0Id3JbXxrJ4AaABAg,@zandorian0935,"@11:59 you said it Drake is the main character, just not hero.. he’s the villain 😂😭😭😭 watching this back and knowing what I know now is crazy",2,0,2025-10-29T14:54:27Z,2025-10-29T14:55:11Z
Ugx0v9ZBJRQA_jkZwnt4AaABAg,@The_Real_Asia_Doll,“Then we need a vs for the swiftes top said drop you better drop and give him 50” that was some nasty work that line took me all the way out!!,10,0,2024-04-14T23:47:45Z,2024-04-14T23:47:45Z
Ugy6PTUj_-_UZqCUZJV4AaABAg,@Smokes797,When scru was a fanboy of drake 😂😂,110,8,2026-02-04T20:33:43Z,2026-02-04T20:33:43Z
Ugw9Z6ezBX5e0JPX13p4AaABAg,@dice268926,"LEGENDARY!
We'll all look back on this one day",21,0,2024-04-14T02:15:51Z,2024-04-14T02:15:51Z
Ugy2DKBqMVrNOOEa0A54AaABAg,@CP3-91,4:19 Drake is a child of battle rap is CRAYYYYYZ!!!!,2,0,2025-06-09T03:18:52Z,2025-06-09T03:18:52Z
UgzKxwOU7JkcGKtJpTd4AaABAg,@mr.nobody8181,I never was a huge drake fan but as a rapper and rap fan i have to respect drake for this. Never knew he had bars like this. Always been a jcole fan but my respect for jcole went down and went up for drake because of this whole situation 🔥 now lets see what kendrick do 🤔,26,0,2024-04-14T01:35:41Z,2024-04-14T01:35:41Z
UgyoZjJK3KM96IFqNrl4AaABAg,@RNTradezzz,u cant tell me drake aint win when u come back to this shi,44,3,2026-01-06T20:57:04Z,2026-01-06T20:57:04Z
UgwCpQ5e2XRhd3VHRz94AaABAg,@---GOD---,"He was talking about how Travis was asking Future and Metro to play Like That at Coachella... and if Kylie starts to talking, Travis and Future not gonna be homies anymore if you know what I mean 👀👀😂😂",11,0,2024-04-14T17:35:40Z,2024-04-14T17:35:54Z
UgyYhjAIrWYuG_jYKLV4AaABAg,@lostbhoy420,I think everyone miss3d the fact Whoo kid drop at the start was a diss about kendricks kids paternity most people thought it was a real drop,3,0,2026-02-22T12:17:56Z,2026-02-22T12:17:56Z
UgwHMf2OZLBN2xuOQGR4AaABAg,@toasttoasted3492,"DRAKE STAY LIKE THIS !!!!!.
LET'S GO!!!
BOOOOOOOM!!",9,0,2024-04-14T18:41:30Z,2024-04-14T18:41:30Z
UgyOftRQ1qg56xObV394AaABAg,@Amorphous_Sand,I'm more of a Kdot fan but this energy from Drake makes me respect him WAY more after I tried to enjoy his music for the last 5 years. This went hard AF.,118,10,2024-04-14T01:11:25Z,2024-04-14T01:11:25Z
Ugwam4hgFLdA8N6Kh594AaABAg,@GhoStzMd,Metro is going to go make some drums after this,4,0,2024-04-14T12:36:29Z,2024-04-14T12:36:29Z
UgyJJv_6I9bXehyVfnh4AaABAg,@vsnaidan.2315,"""i be with some bodyguards like whitney"" didn't get that reference until today😭",2,0,2025-05-26T22:48:03Z,2025-05-26T22:48:03Z
UgwAgP5Vkd2FasS3p0t4AaABAg,@NkosingiphileDanca-jy3jk,More love for Drake all the way from South Africa,5,0,2024-06-03T05:12:48Z,2024-06-03T05:12:48Z
UgytZNAEvk_bQ7UXZkx4AaABAg,@manaskhanduri5721,"You've gotta respect drizzy for this response, people saying he can't rap and he dropped this, this is a fkin masterpiece. It's not an easy deal to respond if the whole industry is against you. As a rapper he proved that his bars can top anybody if he wants, this is what we want, everybody being at their best. Them boys just increased everybody's interest in hip hop even more.",131,3,2024-04-16T05:10:12Z,2024-04-16T05:10:12Z
UgyL-Zig8IBbuXqalWl4AaABAg,@GH0STY5421,7:26 bro if drake had added metros little ‘METROOO’ in that bar in the background i would of started flying,5,0,2024-04-25T15:21:25Z,2024-04-25T15:21:25Z
UgySSnLL331SPAN_Swh4AaABAg,@Nitr.o,"""Pull your contract 'cause we gotta see the split"" goes crazy now. ...Wow.",2,0,2025-03-29T02:57:15Z,2025-03-29T02:57:15Z
UgxgKPnCILCuonZ5gDB4AaABAg,@youngandyy,Imagine the beef ends and they bamboozle us all and drop a diss together going after everybody else😂😂,4,0,2024-05-07T17:15:33Z,2024-05-07T17:15:33Z
UgyOsBY6qrADII_1LRR4AaABAg,@anthonywilliams5475,bro that fucking ending was hard!!!!! i hope thats a full song,51,6,2024-04-16T00:15:09Z,2024-04-16T00:15:09Z
Ugw3iKeHYKDLNuIwSwJ4AaABAg,@davidgator2540,lol the switch up is brazy.,12,2,2025-04-29T00:40:48Z,2025-04-29T00:40:48Z
UgyM7XvSO2JOClKhvxR4AaABAg,@T-MATTIC,Am I the only one coming back to this 1 year later?,2,0,2025-07-30T16:27:57Z,2025-07-30T16:27:57Z
Ugx5IuJ69koOgbLFqx14AaABAg,@Devion702,This giving me that “BACK TO BACK” feel. Drake been GOAT,90,1,2024-04-14T14:07:35Z,2024-04-14T14:07:35Z
UgwNe9cS7T4hYS4DT4h4AaABAg,@LilRashee,Crazy switch up by you lmao,250,44,2025-02-14T01:29:28Z,2025-02-14T01:29:28Z
UgxYDvTwvpoW4Jv8UfR4AaABAg,@Adzdaboy,"It’s funny listening to this now, when you compare this to his lawsuit reaction 😂😂😂",10,0,2025-01-19T19:33:59Z,2025-01-19T19:33:59Z
Ugz6T0m1R11pX-ljumJ4AaABAg,@crackfiend-v4r,"Nah, I was smiling listening to this shi. No matter what happens, we can all agree we got some great diss tracks from this beef",4,0,2024-05-10T23:46:51Z,2024-05-10T23:46:51Z
UgyNGqo4VTvsbF-9Scx4AaABAg,@VickNumber7,Drake respect levels +100%,38,0,2024-04-14T00:09:32Z,2024-04-14T00:09:32Z
Ugwxw0Gpeu_C29Y702N4AaABAg,@Thedaxfo,Respect is definitely up ngl hopefully this keeps Kendrick from hiding and he starts making more music,8,0,2024-04-14T03:33:34Z,2024-04-14T03:33:34Z
UgzKEY3Wlcp3lufHimB4AaABAg,@kirkdaley3441,"""Top told me drop and give me 50 push ups"" top in the army is first Sargeant...the senior most nco in a company 😂😂that is indeed a bar",71,5,2024-04-14T13:57:17Z,2024-04-14T13:57:17Z
Ugw7ogPTnIV8b2oSnap4AaABAg,@legendarybroly2,"""I’m on top of the mountain, you tight now, just to have this talk with you i had to hike down"" 🔥🔥🔥",2,0,2024-04-15T17:23:04Z,2024-04-15T17:23:04Z
Ugw88Ce7c_j1q9aY_TN4AaABAg,@Theunassumingidiot,This what we needed! Cole tried to take it away from us but Drake delivered!,134,12,2024-04-13T23:51:36Z,2024-04-13T23:51:36Z
Ugz_IWBpzzIFGTGYnI54AaABAg,@joncofield894,"I can't believe it's already been two years since this battle. It's interesting to see Scru's perspective on Drake compared to how he feels about him now. Lol, what a historic time!",4,1,2026-05-05T14:18:30Z,2026-05-05T14:18:30Z
UgwKz_trZ82e_8T7hVR4AaABAg,@dqsdialogquestioning2444,Drake is going to be on Mount Rushmore of Rap,5,0,2024-04-17T23:18:25Z,2024-04-17T23:47:38Z
UgzYhJRZ3l1KYZCR1mV4AaABAg,@LuvrOfUniverse,"Had to come here… how u feelin now, Scru?!😂🤣💀",3,0,2025-04-27T20:24:27Z,2025-04-27T20:24:27Z
UgwZS8BBq5c11V4sFaB4AaABAg,@THEC12ify,"Here on Feb 25 2025, had to remind myself how fucking good this track was. Shiiittt, if Drake just took the L gracefully and kept it pushing his image wouldn’t be what it is now. Amazing artist, I think his ego got the best of him.",4,0,2025-02-27T17:40:18Z,2025-02-27T17:40:18Z
Ugyo6k-SwEjh8pw_kzp4AaABAg,@teknodopamine0479,Been waiting for this,103,1,2024-04-13T23:48:22Z,2024-04-13T23:48:22Z
UgwmiM_un9Olwm-01jx4AaABAg,@Truthtruth144,DRAKE DELIVERED 🔥🔥🔥,5,0,2024-04-14T19:50:30Z,2024-04-14T19:50:30Z
UgzYsKReOydX50VgYYN4AaABAg,@joshuarichardson899,DRAKE firing shot without missing....😮😂,3,0,2024-04-16T02:04:33Z,2024-04-16T02:04:33Z
UgxKgo8y3W2sMTpCn3F4AaABAg,@_slickthebarber,"Scru, you should rewatch this video to give yourself clarity and how jaded everyone became after choosing sides. It’s like the media clouded everyone. We ALL loved both sides until the smoking mirrors. Be a real one scru",7,1,2025-06-20T16:18:11Z,2025-06-20T16:18:11Z
UgyetmZH19Mm88k1qVN4AaABAg,@tankbuster3,It is WILD coming back to this after all of this shit after Drake’s meltdown.,6,1,2025-02-12T16:37:23Z,2025-02-12T16:37:23Z
UgznLvT8_gb7zV_lp0V4AaABAg,@mauri3591,Quality diss with a great beat !,4,0,2024-08-22T04:18:55Z,2024-08-22T04:18:55Z
UgwPL1ONL8U0RRYMJ514AaABAg,@dxlxrated,Damn the switch up is crazy.. that hoodie 🙆🏾‍♂️,2,0,2026-01-05T04:24:04Z,2026-01-05T04:24:04Z
UgxdeOSKlsY1x-XNvRZ4AaABAg,@TreyCap-b9v,THE BOY IS BACK BRO....,8,0,2024-04-14T00:14:45Z,2024-04-14T00:14:45Z
Ugw25BmG9VXp3JHjigZ4AaABAg,@CP3-91,14:33 U on point 😂,5,0,2025-06-09T03:29:04Z,2025-06-09T03:29:04Z
UgyDE_18VR3q_9Fh2TZ4AaABAg,@masterchief272,8:42 this aged like milk sitting in the sun. Lol,5,0,2024-07-04T21:50:08Z,2024-07-04T21:50:08Z
Ugxq1lH1obEVkG6uzY14AaABAg,@sowhitney,it is so sad to got back and watch how much you loved Drake knowing how he betrayed you,3,0,2025-11-02T01:20:38Z,2025-11-02T01:20:38Z
UgxATzRgm2y-G4DByEx4AaABAg,@antonio.clark.art01,"I loved the record. Drake is that dude and this shows it. The next track was previewed, so i can’t wait to hear it.",11,0,2024-04-14T15:57:23Z,2024-04-14T15:57:23Z
UgzJXji-AshkAv222kt4AaABAg,@Jack-zz7bc,"""Drake has skyrocketed in my respect"" is a phrase that's aging more and more by the day",4,1,2024-12-11T19:33:02Z,2024-12-11T19:33:02Z
UgzmM-mLHAfK_aulRTR4AaABAg,@princewilliams4576,"I like it when all the odds are against you and you still come out on top 💪 
Drake in scorpion 🦂 mood 💯",14,0,2024-04-14T08:13:46Z,2024-04-14T08:13:46Z
Ugzv4zIVfcfJqvOGQpV4AaABAg,@larryyoung7234,No matter what the team come with drake wins regardless because he had the guts to respond to all of them. This was lit,3,0,2024-04-16T05:13:25Z,2024-04-16T05:13:25Z
UgwxI4SpB77olIf_6eB4AaABAg,@bamiseogundipe,Been waiting all day for this my dawg thank you,25,0,2024-04-14T02:55:29Z,2024-04-14T02:55:29Z
UgwLnBiW5vtpkN7Q3Al4AaABAg,@ntsikehposwa1841,Drake got Wayne as a mentor! He has been about the smoke.. Killing the industry! Niggaz really got me out here talking like I'm 50 cent! How To Rob! 🔥🧨,72,1,2024-04-14T16:52:50Z,2024-04-14T16:52:50Z
UgwlTEQ9ktOs-dfxL5Z4AaABAg,@SayainHokage,This is the energy we needed Drake to be on for a minute🔥yall done woke the dog up💪🏾,37,1,2024-04-14T01:25:40Z,2024-04-14T01:25:40Z
UgyMZ5nSigKzFDM4rwx4AaABAg,@shushanthswinderballs1122,"Out of all the crazy bars and punchlines on this, it’s hilarious how nearly everyone agrees the most disrespectful one is him telling Metro to go and make some drums.",3,0,2024-04-17T22:06:27Z,2024-04-17T22:06:27Z
UgzEY17keQVME0KmNuB4AaABAg,@cosmicdistortion4350,"Scru I always appreciate you breaking down bars, sometimes I can't catch some words. Love the content man, I'm hyped af for Kendrick to respond",17,0,2024-04-14T00:03:28Z,2024-04-14T00:03:28Z
UgxFYnHnY2YqAi4VA_94AaABAg,@PhillipSThompson,"I don’t care if Drake loses, he really be about that. Mad respect.",269,27,2024-04-15T13:43:04Z,2024-04-15T13:43:04Z
UgyPD5Aas04bgM-jMzx4AaABAg,@crisisconverted,Crazy seeing your respect for Drake grow through the years I've been following you. Love it. I hope some day he gets his hip hop flowers.,20,0,2024-04-14T01:12:22Z,2024-04-14T01:12:22Z
UgzYWiAsLNFl02KmyaV4AaABAg,@ChristopherJamesLyons1993,This is Drakes best song for me. Good beat and a good diss too.,2,0,2025-07-19T16:44:56Z,2025-07-19T16:44:56Z
UgySg7srIeHhxe6OTvR4AaABAg,@ziyaadhjulius2645,Love this guys reaction videos it feels like he truly appreciates the music aspect instead of being a fanboy of a specific artist. I feel certain people on YouTube are not being objective at all when it comes to Kdot and a fan of neither but this isn't as bad as Kdot fans are making it out to be.,45,1,2024-04-14T10:31:03Z,2024-04-14T10:31:03Z
UgwIubVHyzEVa_ZYzZN4AaABAg,@jarloes,Sheesh Drizzy 🔥🔥,9,0,2024-04-13T23:58:42Z,2024-04-13T23:58:42Z
UgyVkzrRwmtkg_Is1bt4AaABAg,@austindasilva7890,No life shaq the goat for a reason he don’t do this at all,5,0,2025-05-04T01:41:29Z,2025-05-04T01:41:29Z
UgzWVEV67P_tjX9JUrd4AaABAg,@makrsmaih9258,Here after gnx… It’s a different world,3,0,2025-01-14T22:07:40Z,2025-01-14T22:07:40Z
UgxtERXqOFdwm6L5QT94AaABAg,@kantrillgaming,You got a busy day today gang dont stop now ross just responded,5,0,2024-04-13T23:51:53Z,2024-04-13T23:51:53Z
UgxddPQ0qttYVi_HMtd4AaABAg,@11crucial,My nigga I was waiting for your reaction lol I just watched Kso reaction,17,0,2024-04-13T23:48:36Z,2024-04-13T23:48:36Z
UgxMrBltFQHXvekR_O54AaABAg,@J-Town_Inc,8:43 This is a self-destruction prediction...cuz YOU came out of this with less respect for Drake 😂😂😂😂😂☠️☠️☠️,4,0,2025-08-12T12:11:42Z,2025-08-12T12:11:42Z
UgyDYg13uMkhvA77Est4AaABAg,@Melonsystem949,Idk why but you chewing gum during this makes me laugh 😂,2,0,2025-11-05T02:38:12Z,2025-11-05T02:38:12Z
Ugw9_N2kJ9AkYwhA9WJ4AaABAg,@KrystalOdell-jg8cd,The fact that he brought up the weekends manager and subbed nav 😂 was crazy cuz that was a floating rumoooor years ago even when he beefed with the whole X’0 team he saved face tho to repair they friendship and show love,13,1,2024-04-15T12:30:46Z,2024-04-15T12:30:46Z
UgzPfSfGryCBOMw8HgJ4AaABAg,@Outlaw7100,First from South Africa CPT 😂❤,7,0,2024-04-13T23:48:17Z,2024-04-13T23:48:17Z
UgyvDN70b83y-Qf1Y4l4AaABAg,@karimhalawi7322,WAS WAITING FOR THIS,27,0,2024-04-13T23:48:15Z,2024-04-13T23:48:15Z
UgyoXE9qT6nEJV5OaWp4AaABAg,@kimberlyword7791,Whats a prince to a king that a son had me crying,1,0,2024-04-16T04:46:05Z,2024-04-16T04:46:05Z
UgyknglVE8KaLZRj53h4AaABAg,@Sanchez9Victor,Your reactions get me so hype bro 😂,8,0,2024-04-14T02:16:19Z,2024-04-14T02:16:19Z
UgxrbB7AOYi9z07ra354AaABAg,@_slickthebarber,"Scru- “If people come out of this with less respect for Drake, that’s the most meat mangling I’ve ever seen”. 😳 Scru, make a video paying homage to the entire beef and get back to the middle ground",19,3,2025-06-20T16:25:55Z,2025-06-20T16:25:55Z
UgyS0-CVyha_9m7RvYN4AaABAg,@josephsustaita8114,"It’s Jan 16, 2025 I had to come back to this video to see how crazy the switch up of Drake really is🤦🏽‍♂️🤦🏽‍♂️",12,0,2025-01-16T20:41:16Z,2025-01-16T20:41:16Z
UgzA1hdBgoWTZZCBYrp4AaABAg,@broken6795,"""MEAT MANGLIN"" LMAO",2,0,2024-04-19T21:20:40Z,2024-04-19T21:20:40Z
Ugx0lmQFlAtDAars8Lx4AaABAg,@ChrisNanche,"Wheres the line where he says: There aint no big 3 I'm putting myself twice?
I guess not in this version?",8,0,2024-04-14T00:20:52Z,2024-04-14T00:20:52Z
UgzY3bd4Rwo7isStKBt4AaABAg,@UbiquitousGift,Love when he raps like this it always fire!,8,0,2024-04-14T01:40:19Z,2024-04-14T01:40:19Z
UgwYbfzwc2C2nwDkMhd4AaABAg,@kharizmaaa,Didn’t listen to this until scru did. Been waiting 😮‍💨😮‍💨,10,0,2024-04-13T23:56:47Z,2024-04-13T23:56:47Z
UgwKBmpaAQppcNHobXZ4AaABAg,@tril3on,"You're the MAN Scru!! 

Massive props for always keeping it real and giving respect to both dudes, unlike Stevie and some glazers out there 🙌",4,0,2024-04-16T18:07:53Z,2024-04-16T18:07:53Z
UgyP77fh8ylB0S-w8vJ4AaABAg,@Ayomonet,"I’m watching this reaction on July 21 and will rewatch down to not like us, you’re gonna switch up (cause I’ve seen your other reactions)and it’s crazy to see the mindset change from beginning to end.  Hyped waaaaay to early.",5,0,2024-07-21T21:31:59Z,2024-07-21T21:31:59Z
UgzMsBOJKOHew2Tougd4AaABAg,@joyabx6447,"You set it Jean, for mf's like us who've been on Aubrey Graham since the Degrassi days and wass kinda shocked like ""Oh, that boy could rap"" when he spit bars on the show and to see his come up throughout the years to right now. Definitely like a proud mama over here plus he's my BD FOREVERRRRR 🥰🤪🩷❤️‍🔥",5,0,2024-04-14T12:17:12Z,2024-04-14T12:17:12Z
Ugzg_79inIEnAjaNsC14AaABAg,@GOGOGODSON727,"Drake did it!!
He dropped fire 🔥 

This is how you respond 
J. Cole takes notes 📝 
Stand on it!!!

I’m a huge Kendrick Lamar fan so I know he’s coming with it!!

Drake mentioned Kendrick’s Queen, Whitney, in the bars. This really just got personal.",8,0,2024-04-14T10:07:53Z,2024-04-14T10:07:53Z
Ugwlk6bDoyw_Q0hqOFJ4AaABAg,@Tinywickedsouls,"“Metro, shut up and make some drums!”  And adds drums to the beat! 😂 Drake with all of it!",0,0,2024-04-15T22:15:02Z,2024-04-15T22:15:02Z
Ugxu62y9FfaZawOjqeB4AaABAg,@domoniqueholden424,We needed this 😭😭😭,17,0,2024-04-14T10:48:06Z,2024-04-14T10:48:06Z
UgykmpyPU76USg0VoKZ4AaABAg,@davidmajster7652,02:00 no matter what yea?,60,5,2025-09-09T12:20:36Z,2025-09-09T12:20:36Z
Ugxmw05kExf9h9CLTdx4AaABAg,@dufflebVgboy,"I was so excited to see your reaction Scru, I seen this song right after I watched the album review for We Don't Trust You",11,0,2024-04-14T03:16:18Z,2024-04-14T03:16:18Z
UgzX_4RgOOetdKb3Mwt4AaABAg,@dezperado618c8,Here marks the last day Scr wore OVO gear EVER. Then the tides shifted,1,0,2026-03-03T19:10:46Z,2026-03-03T19:10:46Z
UgzQLH0OS94tHK69nSJ4AaABAg,@ahearingimpairedperson,Yesss!! Wow 👏🏾👏🏾👏🏾👏🏾!! I’m proud of him too. Very well done and worth the wait (sooo glad he didn’t rush it)❤️‍🔥❤️‍🔥❤️‍🔥❤️‍🔥👊🏾💯!! Thank you Scru…was waitin’ on your video for this 👌🏾😁!,10,0,2024-04-14T00:47:43Z,2024-04-14T00:55:56Z
UgzCaAriql_nNZ3VnkB4AaABAg,@msyokoming6970khara,6:53 Speak on it.,6,0,2024-04-14T03:24:26Z,2024-04-14T03:24:26Z
UgxtsqLT17ewIRjvIiB4AaABAg,@_Frank_Simile,I knew this was the place to come for this 🔥🔥🔥,5,0,2024-04-14T00:25:52Z,2024-04-14T00:25:52Z
UgwkjU9Ms1oox7FrSbx4AaABAg,@gregfernandez2701,The glazing is REAL lmao,1,0,2024-04-15T21:22:53Z,2024-04-15T21:22:53Z
Ugz6z1t5X_dbYXRX8px4AaABAg,@judahlionheart4435,"""Just for me to talk to your ass i had to hike down"" from the top of the mountain thats witty ⛰️",2,0,2024-04-16T08:12:30Z,2024-04-16T08:12:30Z
UgzCEc0qlJVSp9SeIkx4AaABAg,@Moucse,@8:40 ??? How the tables turned 😂,10,2,2025-03-07T00:23:02Z,2025-03-07T00:23:02Z
Ugw9EjovLPCR1AmnDsF4AaABAg,@MixedContentMaster,"13:33 He said Kai Cenat. Dont really know why. But Kai himself sorta spoke on this when he reacted to the diss, and he said that when he first met Drake, he said his name like (Kai-Se-not).",4,0,2024-04-15T20:03:06Z,2024-04-15T20:03:06Z
Ugz-EBTlQZv2VXkw8LN4AaABAg,@Flaminyawning,Hearing this for the first time cause Kendrick dropped euphoria and it’s just laughable 😭😭😭,7,0,2024-05-02T02:24:44Z,2024-05-02T02:24:44Z
Ugw8Ku8ok_mUJPCxnvp4AaABAg,@bill4665,That intro was absolutely hilarious 😭😭,1,0,2026-07-21T21:27:14Z,2026-07-21T21:27:14Z
UgyLGJHfmEjtPkbxzgZ4AaABAg,@TDMediaGroup,"This makes me even more mad at Cole. Bro, all he had to do was either stay quiet and not jump in or drop '7 Minute Drill' and quietly fade to the back like Homer Simpson walking backwards into the bushes wile Drake handles the rest. Cole literally took a massive legacy hit for no reason.",8,0,2024-04-14T01:01:39Z,2024-04-14T01:01:39Z
UgwfD5vFk_SDtbZmbhd4AaABAg,@ryanhuulwtyiv9192,Let's go I have been waiting for your reaction since he dropped this 🔥🔥🔥💪🏽,13,0,2024-04-14T09:03:02Z,2024-04-14T09:03:02Z
UgyOuQ-68dWSSWUOsJR4AaABAg,@brandongarcia3131,"thank you for being unbiased 😎, Stevie knight be doing tricks on Kendrick",22,4,2024-04-14T08:24:14Z,2024-04-14T08:24:14Z
UgyzF3o_S2FN0dE5AVt4AaABAg,@evillemike2009,"When you go against the king, don't miss.",1,0,2024-04-16T18:28:07Z,2024-04-16T18:28:07Z
UgyTX3juXh6t3n-NfEF4AaABAg,@kukhahil,Listen to how scru talks about Drake here vs. how he talks about him now lol,12,3,2024-10-20T15:05:03Z,2024-10-20T15:05:03Z
Ugwkhvb7OsrZxtx4DDJ4AaABAg,@TheVibesWithQuan,Been waiting on you bro!! 🔥🔥🔥,9,0,2024-04-14T03:37:04Z,2024-04-14T03:37:04Z
Ugx9grdEEEUvbFualJd4AaABAg,@EstudosLatim,Going back tp watch these res cause pushups is lit,8,2,2024-09-12T11:57:26Z,2024-09-12T11:57:26Z
UgyrSC-8D7sEcSsbRlx4AaABAg,@aaronjabari6895,"That ""in a scope"" bar is crasr and I ain't talking abkut guns",2,0,2024-04-16T06:43:58Z,2024-04-16T06:43:58Z
Ugw3NlbEieYlBcMlkOV4AaABAg,@dredoes2k899,WE BEEN WAITING FOR YOU,8,0,2024-04-13T23:48:26Z,2024-04-13T23:48:26Z
UgysHArR3wMwaIucBhJ4AaABAg,@PvpLyfe,We all came straight from Shaq to scru they are the best 2 out there keep up that 🔥🔥,6,2,2024-04-14T01:17:03Z,2024-04-14T01:17:03Z
Ugx2aQjtk-jVQrS0ZHV4AaABAg,@muttylink1,I’m not a drake fan but he get my respect for not backing down 💪,9,0,2024-04-14T00:16:38Z,2024-04-14T00:16:38Z
UgzqnXMSGn4zeTHb3W54AaABAg,@nondscript1751,temperature switched real quick after he heard euphoria,2,0,2025-11-09T06:24:56Z,2025-11-09T06:24:56Z
UgwQPCNU_T7AUtLGdeh4AaABAg,@RamA-pk8pm,This diss is so hardddd. I can't wait to see what Kendrick got to say to this 😂,18,2,2024-04-14T00:18:55Z,2024-04-14T00:18:55Z
UgzcZQ03X49HytQKg_14AaABAg,@christophermondragon9340,"“Everybody has skyrocketed in my respect, and drake the most, drake by far the most” this did not age well at all what’s so ever 🤣🤣🤣",23,1,2026-05-22T02:39:45Z,2026-05-22T02:39:45Z
Ugw7joyVC02ynxh2brt4AaABAg,@CarlosVargas-my2ce,Scary thank you for keeping it real,5,0,2024-04-14T03:15:55Z,2024-04-14T03:15:55Z
UgxHfNBkwzsfgtq96ZJ4AaABAg,@TripleOG7321,How ppl didn’t know Drake had this in him? He showed us he got this in his toolkit on back to back,2,0,2024-04-21T04:09:34Z,2024-04-21T04:09:34Z
UgxD7RtNyywuag6-VPt4AaABAg,@dax0989,The ghost writers can finally go home to see their families😂😂😂😂😂😂,16,0,2024-04-15T13:13:40Z,2024-04-15T13:13:40Z
UgxpVl9IQ1BVwS2C2yF4AaABAg,@StarrMicayla,Been waiting on your reaction 😂,5,0,2024-04-13T23:55:48Z,2024-04-13T23:55:48Z
UgzBdZjwbnjSKREd3i14AaABAg,@krossyboi93,Mahalos for dropping this so quick !!! 🤙🏽💯,6,0,2024-04-13T23:48:46Z,2024-04-13T23:48:46Z
UgxvUsKr8g_KslUsB2p4AaABAg,@silverose9238,Im surprised youre not tired of the “interscope/in a scope” flip. Its been done so many times in almost the exact same way,2,0,2024-05-12T16:05:12Z,2024-05-12T16:05:12Z
Ugw7674Rdd5c50IwYEl4AaABAg,@furrypossum1498,"Keepin it a buuuuck. I love this one scru. This shi was dope. Not the hardest shi you've ever heard but considering the circumstances, he set the fuqn bar high. Kudos to drake for swinging.",12,1,2024-04-14T00:42:07Z,2024-04-14T00:42:07Z
UgzT4yl_HYDsST11Jfh4AaABAg,@TheBlackAmbassodor,Been waiting for this 🔥🔥🔥🔥 best unbiased reactor on YouTube ✊🏽✊🏽✊🏽✊🏽respect Scru you’re a YouTube first ballot Hall of Famer ✊🏽✊🏽✊🏽,6,0,2024-04-13T23:49:12Z,2024-04-13T23:49:12Z
Ugwjv6QsOL8kWbjwNx54AaABAg,@TheRealBeliever1,NEEDED THIS BRO,7,0,2024-04-13T23:49:40Z,2024-04-13T23:49:40Z
UgwIQShmRxtWVqKkh_t4AaABAg,@Fireflfan,Bro that opening 😅,2,0,2024-04-25T15:06:23Z,2024-04-25T15:06:23Z
Ugx_KqGRhr_FVN2oFyd4AaABAg,@ForrestRanger,Drake going down in history for different reasons now 😅,5,1,2024-05-04T20:49:24Z,2024-05-04T20:49:24Z
UgyETX9ZDVhZhIMT3uJ4AaABAg,@funvick2018,scru come back and rewatch this lmao,7,2,2025-10-24T01:44:32Z,2025-10-24T01:44:32Z
UgxHHQWTVB9I9Tvzjct4AaABAg,@MrOpinion,Great point about making the overdog the underdog. That’s the story here I think.,6,0,2024-04-14T23:28:40Z,2024-04-14T23:28:40Z
UgyU_WT0tn4BBjD6iYp4AaABAg,@aldoeka4663,This is the song where drizzy really sings with his whole heart out lol,2,0,2024-04-25T13:27:03Z,2024-04-25T13:27:03Z
Ugwc0JWy_HXiSa1TPJV4AaABAg,@MFBloosh,"Just said the same thing on Kso's vid, but to all you Drake fans, we're not mad. This is what we want. Why would we be mad at Drake for dissing when we got mad at Cole for apologizing? We invite this energy with open arms, and so does Kendrick.",18,1,2024-04-13T23:57:39Z,2024-04-13T23:57:39Z
UgycChfWdWppzExVkjB4AaABAg,@obitoast369,ROSS ALREADY RESPONDED BRO GET ON THAT WE NEED IT,9,0,2024-04-13T23:59:17Z,2024-04-13T23:59:17Z
UgzdhXDAN_tJAPsf7qR4AaABAg,@gamerzwithjobs330,I’ve watched a few reactions and THIS is the one I’ve been waiting for. Lets go!,36,2,2024-04-13T23:50:59Z,2024-04-13T23:50:59Z
UgwSuvWqu3MdtF7Xmkp4AaABAg,@TriniFlix,This didn't age well... But the song still ❤‍🔥❤‍🔥❤‍🔥,3,0,2024-10-13T01:41:43Z,2024-10-13T01:41:43Z
UgzHEY73CbHN28Hon-N4AaABAg,@MaDe_In_Da6ix,this was the unbiased scru.. now he’s big two face scru 😂,14,1,2026-05-22T03:24:14Z,2026-05-22T03:24:14Z
UgyHP1gb2IMczAdcHNJ4AaABAg,@zaythleon5847,So came back to listen to this after the lawsuit and I gotta say it's a shame drake is crashing out the way he is now. Seriously ruins how good these tracks were,6,0,2024-12-03T22:28:50Z,2024-12-03T22:28:50Z
UgyAgp8UsGTnx6BfhIx4AaABAg,@navonaikens,Here after the beef. Drake really handled his own. Dot won BUT Drake was rappin rappin,6,1,2025-01-05T03:28:50Z,2025-01-05T03:28:50Z
UgwPrZldX7nyaxKksmt4AaABAg,@DannyPapadopoulos,Drake needs to drop this on streaming platforms so I can bump this in the car,2,0,2024-04-18T16:22:44Z,2024-04-18T16:22:44Z
UgxuA2k-sa6Zzvd9IZZ4AaABAg,@deelawson12,It’s crazy you say if ppl start switching up after the Drake and 20vs 1 they munch meating damn seems like you doing the same exact 🤦‍♂️,6,0,2025-04-22T00:52:18Z,2025-04-22T00:52:18Z
UgyMnHABdKgPGJvgMmt4AaABAg,@Randomguy-nr6qr,Drake rlly clutched a 1v20😭😭😭,12,0,2024-04-14T00:04:11Z,2024-04-14T00:04:11Z
Ugx-AI0gNe_N7HB7EAN4AaABAg,@Wickedwizard1998,Who is here after the dust settled??,12,3,2024-05-17T16:17:44Z,2024-05-17T16:17:44Z
UgwXB0o7OfdxcYTU7UB4AaABAg,@bleh2959,As someone who thinks Kendrick for sure WON the battle I think this was drakes best diss he released,3,0,2024-05-09T18:16:46Z,2024-05-09T18:16:46Z
Ugz39tFBSjcOHUU0_6R4AaABAg,@Omar123ABC,Drake is just too good,11,0,2024-04-13T23:53:40Z,2024-04-13T23:53:40Z
UgyC51MrZsw5eAFwMbl4AaABAg,@wamkelwemcwabeni1254,This did not age well. I watched all his reactions. His demeanor changed very quickly.,8,0,2024-05-31T20:11:54Z,2024-05-31T20:11:54Z
UgyP5UIQTrpe7t0LF_R4AaABAg,@jso.3,all these people switched up real fast😕,6,0,2024-10-03T03:22:51Z,2024-10-03T03:22:51Z
Ugy0lBHkzV_kdMAjsAd4AaABAg,@coreyelliott3868,The beat the end of this song is definitely a preview of the next diss song.. Drake is the GOAT,1,0,2024-04-28T12:45:35Z,2024-04-28T12:45:35Z
Ugy39s5zHeLGepg3YmZ4AaABAg,@donaldashford4823,yeah this response did not age well cause Scru you was really hyping this mid response.,5,0,2024-10-14T14:39:55Z,2024-10-14T14:39:55Z
UgxD-NugUEkb1VeROxZ4AaABAg,@davidorellana6278,When Kendrick wins we shall remember Scru switching sides 😅🤣😂,9,2,2024-04-14T00:26:16Z,2024-04-14T00:26:16Z
UgzawqobFil2BS7539p4AaABAg,@laughingmanime4622,These are beautiful times! One feature from KDot and the rap industry has become more entertaining then it has been in years,5,0,2024-04-14T13:06:59Z,2024-04-14T13:06:59Z
UgxUk05BNnCN6JRNF2Z4AaABAg,@mkubwamusic4714,"10 months later and I'm still re-watching reaction to this beef. Apart from the lawsuit, I gotta admit Drake did hold his own for a minute. ""'Cause Top told you, ""Drop and give me 50, "" like some push-ups, huh"" ",1,0,2025-03-06T19:36:11Z,2025-03-06T19:36:11Z
UgwEXuwCVNl-r5iYao94AaABAg,@martinrios3546,"The people saying this was weak are INSANE. It might not be as lyrical or clever as it could’ve been but it was savage, actually mentioned names and went straight at their throats.",35,3,2024-04-14T02:24:44Z,2024-04-14T02:24:44Z
UgwXL1i6NXCyy5IzTUx4AaABAg,@Juan-tj1bf,Rick ross already responded... everybody Wilding!!!,86,10,2024-04-13T23:56:57Z,2024-04-13T23:56:57Z
UgwmgSqixgy8i8KhP4x4AaABAg,@S.A.F276,J Fold sit down and take notes this is what a real clash looks like,14,2,2024-04-14T00:05:06Z,2024-04-14T00:05:06Z
UgzzD0sg-VN60gbNXdR4AaABAg,@skootahandle4816,This battle was future gohan vs the androids,3,0,2024-06-08T04:47:11Z,2024-06-08T04:47:11Z
UgyW6nlAIsSHPnVl-qx4AaABAg,@bryanmoniteur,"""Like your label, boy, you in the scope right now, and you gon’ feel the aftermath of what I write down""

That's a bar 💥 Scope / Interscope / Dre's Aftermath label 🤯🤯🤯",60,11,2024-04-14T19:47:47Z,2024-04-14T19:47:47Z
Ugx1-7gGhYmYYK3oxzJ4AaABAg,@WeezyYM,Bro Roas dropped 😂😂😂😂 hiphop is on one rn,9,0,2024-04-13T23:48:34Z,2024-04-13T23:48:34Z
UgxvB_WzBNawX6dPH_Z4AaABAg,@mikebell87,Drake is officially the GOAT we need a wayne feature on a diss just imagine drake and wayne back to back destroying everyone's careers,65,3,2024-04-14T00:16:26Z,2024-04-14T00:16:26Z
UgwCnu43VzgSMXv4bUp4AaABAg,@Sharon-bamaNana,A year later and my how times have changed. 😅,2,0,2025-04-18T04:54:21Z,2025-04-18T04:54:21Z
UgzM6OW-duLyZlXzYJJ4AaABAg,@milkycannon444,I just had to come back and remind myself that it was OVO scru at the beginning lol lot of people switched up,7,4,2025-02-13T17:54:40Z,2025-02-13T17:54:40Z
UgxE46hMqqp7dje43wF4AaABAg,@kebrii,The switch up was crazy,23,4,2025-04-05T12:48:35Z,2025-04-05T12:48:35Z
Ugyow_23fH5OsUmm5a54AaABAg,@TerrencePerry-kd4ws,The most purest version of Scru… hope you get back to this version of you big dawg💯,8,0,2025-04-03T07:56:11Z,2025-04-03T07:56:11Z
Ugw-rLMRDHpEKezQPiJ4AaABAg,@robanur6026,thank you drake for waking the king up kdot did say he not inspired to rap no more thank youuuu for your service p drizzy,2,0,2024-05-13T00:49:02Z,2024-05-13T00:49:02Z
Ugw_hFhGUIkv6wqrxFl4AaABAg,@calebcicero7727,back before Scru went biased towards the more popular opinion,9,1,2025-03-05T21:43:28Z,2025-03-05T21:43:28Z
Ugyj465wlVaeY-9ZYLJ4AaABAg,@Unknownlore1,Who’s here after not like us 💀,9,1,2024-05-28T23:05:08Z,2024-05-28T23:05:08Z
Ugw5aP67KFMhgprNdHR4AaABAg,@mazzi.ozborne,who’s here after euphoria?  he just woke the 😈 up,6,2,2024-05-01T12:47:06Z,2024-05-01T12:47:06Z
UgyRnnFsjFN1nsTDHAR4AaABAg,@Jayo-ip2bf,I don’t even comment but I had to on this one. Scru you shitted with this reaction 🔥 This battle about to be one for the books!,2,0,2024-04-16T14:52:33Z,2024-04-16T14:52:33Z
UgyaZkF6g2bD-KXN5gp4AaABAg,@thabisomalefane8432,"This is very much respectable and at the same time, it’s very much beatable🤷🏾‍♂️",25,3,2024-04-14T07:01:52Z,2024-04-14T07:01:52Z
UgwcBvpF6dXbgdZiMjB4AaABAg,@00tachanka,Drake went off on Pushups and Family Matters but it just wasn’t enough,9,0,2024-06-19T06:01:29Z,2024-06-19T06:01:29Z
UgwXA9r_Eq6OYYpMp0J4AaABAg,@javajcup_ttv,People hate Drake because THEY KNOW HE THE BEST TO DO IT,32,5,2024-04-15T16:11:22Z,2024-04-15T16:11:22Z
UgwRlanbGqzIe2x0xs54AaABAg,@JoelARam99,Are we just acting like we are 100% sure this was actually drake writing?,4,0,2024-05-08T13:05:02Z,2024-05-08T13:05:02Z
UgzgVBVvg-tD9aFfyjF4AaABAg,@alphabetericfrazier3605,I’m just waiting because I know Drake got a team of writers.  Nice Drake.  I know Kendrick got a whole EP of songs for Drake….plus a response to this .  Rubbing my hands like Birdman rn😂😂😂,13,0,2024-04-14T00:11:10Z,2024-04-14T00:11:10Z
Ugw_8OfqTH2R7VGRplJ4AaABAg,@stevekaufmann8109,I'm just here to see all the terribly aged comments,6,1,2024-07-13T22:39:41Z,2024-07-13T22:39:41Z
Ugz1iVNOdOOIX5cIxbZ4AaABAg,@Youkno,Drake come out like a wolf 🐺⚡️that shit is 🔥 💯,7,1,2024-04-13T23:52:51Z,2024-04-13T23:52:51Z
Ugw5FZuFhrbW1BB45v54AaABAg,@ITSH4WK,"3:00 ""THEY DON'T CALL ME DRAKE FOR NOTHIN"" 💀💀💀💀",3,0,2024-04-15T20:01:17Z,2024-04-15T20:01:17Z
UgwB2KToQ1GBB_vGkmR4AaABAg,@mtyplaydabeatt,Who’s here after euphoria?💀,15,5,2024-04-30T16:39:12Z,2024-04-30T16:39:12Z
UgwsTyLsHwFoGdA8flt4AaABAg,@MkInThEgAmE76,Man drake really kicked up “not like us” was overhyped if anything 6:16 was kendrick best diss,14,1,2025-02-09T21:27:01Z,2025-02-09T21:27:01Z
UgzxbhrCPcgOJvYbi294AaABAg,@wolfheart5408,"Switch up of the year. Scru really a chameleon. That drake using was a good coverup, you were riding Kendrick all along",6,2,2025-03-03T13:56:09Z,2025-03-03T13:56:09Z
Ugy7Xy8-fojUBoDjkZN4AaABAg,@blacc.saiyan,Daaamn Drizzy snapped 😭🔥🔥🔥,1,0,2024-04-15T23:40:16Z,2024-04-15T23:40:16Z
UgwP9WF7LPlvVteiJ6Z4AaABAg,@user-lm6rs7hd4s,Back before Kendrick lied on songs and convinced the masses he won by yapping lmaooooo,7,0,2026-03-01T17:56:30Z,2026-03-01T17:56:30Z
UgwqVgQTOhu3oG2FI6F4AaABAg,@Nissangtr09,I wonder what all the drake glazers saying now? LOL lawsuit boy going crazy in 2025,5,2,2025-01-18T07:43:31Z,2025-01-18T07:43:31Z
UgyWlRyhHVRPXRJoZPx4AaABAg,@coreyzimmerman7383,Nowadays Scru hating on Drake like he's getting paid for it 👀,5,1,2026-03-30T15:42:36Z,2026-03-30T15:43:11Z
UgwVi1ctVrs6Aa4Il2h4AaABAg,@kevincaple2288,I want Drake and 50 on a song now😂😂😂💯💯💯,1,0,2024-04-16T02:20:38Z,2024-04-16T02:20:38Z
UgylAuCvjxTMn_9ssYF4AaABAg,@LIBFreedom1738,Ayo this video aged like goats milk,9,0,2025-05-02T15:02:25Z,2025-05-02T15:02:25Z
Ugyu6hwZwURRS25UYF94AaABAg,@SHIESTY-p1q,"Times when Drake was really the main character….
But now 😂😂😂😂",7,5,2025-02-16T14:35:59Z,2025-02-16T14:35:59Z
Ugz-H4Qh5nLQ1-FQDBN4AaABAg,@user-lm6rs7hd4s,Drake 1v20’d them lmaoooooo,6,1,2026-03-01T17:52:19Z,2026-03-01T17:52:19Z
UgznergNwYoVxqU7AlV4AaABAg,@lainawafford69,the Xo “hugs and kisses” line is so underrated,1,0,2024-04-22T16:03:25Z,2024-04-22T16:03:25Z
Ugz4Tv9ghgmZyA2v2wx4AaABAg,@zakkaremiller8163,Back when scru was honest and unbiased,181,27,2026-02-19T18:36:04Z,2026-02-19T18:36:04Z
UgzvlWVVV2Zoyao40S14AaABAg,@clavinfoolio,"This video didn't age well lol
W vid tho",5,1,2025-02-15T02:55:22Z,2025-02-15T02:55:22Z
UgwZn5n0VIUru1i8olV4AaABAg,@MikeEST9811,Drake solidifies his spot atop the lightskin legion leaderboard while j cole is hereby banished from the list,30,3,2024-04-13T23:59:57Z,2024-04-13T23:59:57Z
Ugy1OHVj0PWL5rweWlZ4AaABAg,@manaskhanduri5721,Prince line is a remark to Dot's line where he said Prince outlived Mike jack...,1,0,2024-04-16T05:07:29Z,2024-04-16T05:07:29Z
UgyXeoknfFbu7r-2iLx4AaABAg,@triumphant8637,back when Scru didnt dislike Drake for views ,12,0,2026-05-18T06:32:36Z,2026-05-18T06:32:36Z
UgxjWaw-ngL0Mtian994AaABAg,@yonayodwa01,The switch up a year later is crazy🙆🏿‍♂️😂,11,2,2025-05-30T23:28:48Z,2025-05-30T23:29:04Z
UgxA5YHwuBUotRW6xSN4AaABAg,@Dontah,The switch up is wild. rode with Drake until a song that falsely accused him of things got big lol. crazy stuff,6,0,2025-02-25T02:27:01Z,2025-02-25T02:27:01Z
Ugw1b10bKaSlxpvtoFR4AaABAg,@DT420OG,8:47 This part aged the worst.  😂😂,2,0,2026-04-25T12:54:51Z,2026-04-25T12:54:51Z
UgyEFaK6zXbWEHIv2St4AaABAg,@austindasilva7890,Bro rides with whoever is the hottest or trending and this video shows when you watch his reaction to how it didn’t age well lmfaoooo,12,1,2025-05-04T01:40:34Z,2025-05-04T01:40:47Z
Ugy6Gks8gFJ-_y0RIDF4AaABAg,@Yana-NYC,The switch up is crazy. Scru went from wearing an OVO sweater saying Drake was his favorite rapper to being a hypocrite and Kenny glazer. Whatever stay over there SCRU 😂 don’t try and crawl back!,5,3,2024-08-11T20:33:32Z,2024-08-11T20:33:32Z
Ugxv7i6X4JrHh8uoCRl4AaABAg,@HouDaDon,Ice Cube dissing NWA vibe 🔥,10,0,2024-04-14T00:11:15Z,2024-04-14T00:11:15Z
UgzwYO0bdX8K9juSo5Z4AaABAg,@thatgirl_vivirbx,"a year later, the funniest part was Drake just stopping the beat just to shoo Metro away like a fly😂🤣",1,0,2025-12-08T02:39:42Z,2025-12-08T02:40:13Z
Ugx9wlMTsEuGk0STC5p4AaABAg,@jinkazma,"One man deleted the diss another ones afraid to officially release or confirm it.
These guys supposed to be in Big 3?",7,0,2024-04-14T06:42:40Z,2024-04-14T06:42:40Z
Ugxc5LPwVo9-AJLk9dp4AaABAg,@fortunelekoto6704,11:52 this is not aging well at all,7,6,2024-05-31T08:22:00Z,2024-05-31T08:22:00Z
UgznSCY1Ksphi8jl6C94AaABAg,@Greedydonkey-b5h,'' My respect for them has skyrocketed and Drake by far '' nice choice of words scruzino,5,0,2025-12-06T14:09:08Z,2025-12-06T14:09:08Z
UgwWE_SxSOCTBpPrWu94AaABAg,@Roro-n5i3j,We were so young and foolish back then,3,0,2024-07-14T16:18:26Z,2024-07-14T16:18:26Z
UgxjyUks6-3sQQ449IN4AaABAg,@thesausy1sausezombie,Drake won by a landslide it's a lot of west coast 🥩 mangling going on,8,2,2026-05-02T08:03:42Z,2026-05-02T08:03:42Z
Ugxm7XtkW07zppBr78x4AaABAg,@PJflygod633,U didn’t have to switch up man,4,0,2025-08-02T21:48:36Z,2025-08-02T21:48:36Z
Ugyv3Qo7-RnCw1iNbP14AaABAg,@Junior320T,You need to react to this yourself Scru. lol. Cause the compliments you said for drake ain’t age well. At All gang!,5,0,2025-05-30T08:15:01Z,2025-05-30T08:15:01Z
UgwB5XLBTSeogqnguRx4AaABAg,@ohsnap9756,Drake is on some Scott Pilgrim vs The World type shit...,1,0,2024-04-16T00:14:18Z,2024-04-16T00:14:18Z
Ugy-owbjf94-j-IU0O94AaABAg,@tufanzy,One year later you sound a whole lot different 😂,21,2,2025-04-28T00:19:52Z,2025-04-28T00:19:52Z
UgziSjtEiiKZXFjhE2V4AaABAg,@young6ixgod,went from this type of reviews to massive kendrick bias,10,2,2025-11-06T03:06:41Z,2025-11-06T03:06:41Z
UgyGKnv8udc8BVfbsVR4AaABAg,@ltfm9861,K3ndrick has 3.8 mill 2.8 mill and 1.8 mill thats Why scru switch3d sid3s. For da vi3ws dis is What FAK3 looks lik3,6,2,2025-07-17T01:53:17Z,2025-07-17T01:53:17Z
UgwNmeMWo-Hzdglebjl4AaABAg,@ForrestRanger,I love coming back to this,1,0,2025-09-04T18:20:40Z,2025-09-04T18:20:40Z
UgwCUMY1k0mioLSkYCV4AaABAg,@ttop9555,Ross just dropped some 🔥,5,1,2024-04-13T23:59:05Z,2024-04-13T23:59:05Z
Ugwx5D_aU5mw6JMyDoJ4AaABAg,@fishoutofwaterseries1424,😂 a year later... Document 79,7,1,2025-09-08T10:36:51Z,2025-09-08T10:36:51Z
UgwXYCZcrqS5IBleo394AaABAg,@10hourrschuwahua53,Drake put up a really good fight I respect that,7,4,2024-07-08T07:38:47Z,2024-07-08T07:38:47Z
Ugz98WWm8uknbKjvgbJ4AaABAg,@christophermhudson09,I didn't know the Chippendale line was a double...... Chip n Dale is w cartoon from the 90s where they outsmart a dog named Pluto in each episode......fire.... I thought he was talking about ChippenDale dancers 😂,2,0,2024-04-26T16:40:15Z,2024-04-26T16:40:15Z
UgxvCnRNs1qF_OZLG0N4AaABAg,@ayoubjebreal1658,these verses is what pissed the industry off and made them gang up against drake,5,0,2024-12-14T23:59:36Z,2024-12-14T23:59:52Z
UgzZpHS2YKIEkk32wC14AaABAg,@Bigtank9401,"This better be real because if it's AI, he'll never shake the ghostwriter allegations 😂

Tbh, I'm kinda over the short jokes. Yes, he's short 🙄🤦🏿‍♂️ but when he get in that booth, he's tall enough to swat that shit outta the states 😂

Drake got some lines in this, but let's come up with something other than someone's height or appearance... I mean a lot of people fear Chuckie and we know how short he is 😏😂",10,2,2024-04-13T23:54:06Z,2024-04-14T00:01:08Z
Ugy_1m-LXj3teXlngx94AaABAg,@looney_sifter36,Until scru became paperwork lol,5,0,2025-10-01T19:22:28Z,2025-10-01T19:22:28Z
UgxRRfwNBGNli35F9NR4AaABAg,@pjohnwilliams6941,He destroyed the lot of them 🔥,1,0,2024-04-19T07:21:02Z,2024-04-19T07:21:02Z
UgyUIGbfVvZZR_fdnkF4AaABAg,@ChristopherJamesLyons1993,"For me: Drake had a better battle; Kendrick had to rely on conjecture and saying it loud. Repeating a lie doesn't make it true. Sorry but Drake won it as a straight battle.
Where Kendrick failed was claiming the culture.",7,1,2026-01-03T09:38:01Z,2026-01-03T09:38:01Z
Ugy8zwz272wSv5v_A2h4AaABAg,@budsintoronto,8:40 what happened to you Scru lol,4,0,2025-12-09T10:37:11Z,2025-12-09T10:37:11Z
UgyDJkPxg-7_GNSf-R94AaABAg,@josephbarton1681,This didn't age well,5,1,2025-08-23T08:02:20Z,2025-08-23T08:02:20Z
UgzMJsJPTGVFRbMb7vV4AaABAg,@scoop5smith830,And I'm sure we will NOT see an apology  from drake ever!!!,1,0,2024-04-16T00:29:09Z,2024-04-16T00:29:09Z
UgxQ-a6OcCqcC09DDhF4AaABAg,@BMT_Network,2 Face Scru Face,10,2,2025-11-23T20:45:44Z,2025-11-23T20:45:44Z
Ugyyb7MWroT8sJY7ul14AaABAg,@VZNR-m3p,"it’s sad to see that he used to fw drake, im a drake day 1 and i’ll be the first to admit kendrick ended up mopping the floor with him, but man why can’t we just enjoy both kendrick and drake? i absolutely love both of these rappers i don’t care about the beef lol, scru i love your videos but dawg you be hating on drake way 2 hard",5,2,2025-09-26T17:48:53Z,2025-09-26T17:48:53Z
UgyEHs6h6Lfz1MxnbjR4AaABAg,@OneHandMoneyMan,This shit still better than anything Kdot dropped lol,5,3,2025-04-19T16:01:27Z,2025-04-19T16:01:27Z
Ugx9pzwzQGIiF82vGvt4AaABAg,@CP3-91,9:05 yea Drake was rappin rappin on dis mf doe 🤣🤣,2,0,2025-06-09T03:23:46Z,2025-06-09T03:23:46Z
UgzuaEja2pf55qNNcjJ4AaABAg,@calebanderson8671,Back when scru had integrity…..good times,4,0,2025-10-12T20:59:32Z,2025-10-12T20:59:32Z
Ugz2684vFB7mXOLkcNZ4AaABAg,@onika28,"well this aged horribly....""If n's come out of this with less respect for drake, is the most meat mangling I've ever seen "", then proceeds to discredit his talent, impact, how amazingly he held is own against most of the industry, no using others as crotches, or teaming up to go to war & destroying n's by his lonesome..... but ppl still wanna know y alot of fans felt like kdot was glazed.... couple that with not needing 5yrs to plan, write, record, Collude to jumping 1 person.. no matter who your fav is, who u believed won. Drake stood on his own, 10 toes down and successfully knocked the bitch behaviour out of the 20v1 (the big steppers)... comfortably held his own.... no using other artists songs as a platform to get attention for his diss.... no teaming up for confusion & in order to get attention and spotlight,  for his diss. Begs the question if the beef  wasnt a concocted premeditated team up attack, if kdot was in drakes shoes.. would he have been able to handle the same. What about if 5yrs wasn't taken to conjure up an attack, malicously premeditated writing & recording... what is dot",5,0,2025-01-24T04:01:38Z,2025-01-24T04:01:38Z
UgyEv6UzQghbO6VwD5p4AaABAg,@greedfps,Mf was calling Drake the main character LMAOO the switch up is insane Scru you’re a corn ball,6,0,2025-02-25T15:55:46Z,2025-02-25T15:55:46Z
UgwEET7DX8EGOKOj58B4AaABAg,@robertdunham2372,I'm a kendrick fan who's kinda starting too root for drake cause for the first time ever he's the underdog 😂 I wanna see drake go crazy on all of them,1,0,2024-04-15T22:03:29Z,2024-04-15T22:05:03Z
UgzfqjtC8doevE_bhiR4AaABAg,@terryts2,Am I the only one who came back to this wishing Drake didn’t go Karen mode and completely ruin this?,7,4,2025-07-01T01:22:46Z,2025-07-01T01:22:46Z
Ugw3qGGJ-BGt7Xq7rU94AaABAg,@SikhuthazeNdyalvan,You had to react to drizzy to get a million views😂😂😂,5,3,2025-04-14T06:43:21Z,2025-04-14T06:43:21Z
UgzQ-KUjRiA3Op4pJCB4AaABAg,@RelaxMykael,"crazy how kendrick fans tried to spin it so that it was acc kendrick 20v1ing drake n his fake ass ghostwriters, like drake rlly had better disses kendrick js had shock factor",6,0,2026-05-22T03:39:22Z,2026-05-22T03:39:22Z
UgzhrMEzQT2maNrTUfB4AaABAg,@Jojo3sworld,W Replay Value,2,0,2026-02-04T05:51:47Z,2026-02-04T05:51:47Z
UgwiHgecMnzVbBM0afd4AaABAg,@veganElephant-j9b,Drake won,14,2,2024-09-28T13:51:01Z,2024-09-28T13:51:01Z
UgzYR6bBKQbx78Wm7TZ4AaABAg,@FreeTheWave,It’s so clear Kendrick lost the rap battle. I’m actually confused how anyone can say anything different😂 even j cole 7 minute drill had better disses/lines than anything Kendrick said all battle 😭.. this is wild,6,0,2025-11-26T12:03:33Z,2025-11-26T12:03:33Z
UgypBXIHbiisxjzM0bR4AaABAg,@alphabetsoup848,This aged... not well. Love your content tho,4,0,2025-01-14T04:40:02Z,2025-01-14T04:40:14Z
UgyFerhZZnJtaKsMQMd4AaABAg,@chrisford5475,Watching this video now is hilarious on November 4th 2025 🤭,2,0,2025-11-04T19:44:54Z,2025-11-04T19:44:54Z
UgzR2Fo-CtrUkOBrhKR4AaABAg,@MitchMeetings,"Oh man revisiting these are painful,  when you had to respect Drake taking everyone on, not knowing he would become softess rapper alive.",4,1,2025-02-03T00:39:42Z,2025-02-03T00:39:42Z
UgzlASk3-MafpB9LCuJ4AaABAg,@FideleSimeon,Lmao this aged so poorly,18,7,2025-01-11T12:12:05Z,2025-01-11T12:12:05Z
UgyDpF5ChsFW2GTYM454AaABAg,@isabelreyes6387,He is saving ASAP for dessert 😂😂😂 next course - let’s goooooo!!!!,1,0,2024-04-19T15:27:27Z,2024-04-19T15:27:27Z
UgyEjrVlUPKAx0_MQzx4AaABAg,@Afrofemme3121,"I was team Kendrick but I’ll admit “ how you big stepping with a size 7 mans on “ did have me cackling when I first heard the song  😂😂😂😂😂

The metro line is one I admit I still use randomly",2,0,2025-03-03T18:37:36Z,2025-03-03T18:37:36Z
UgzGX3X5WMBXGcMAS4R4AaABAg,@ryandavie7436,Congrats with the song my man 🔥,2,0,2024-04-16T03:43:37Z,2024-04-16T03:43:37Z
Ugxqeu0meknEK1TOhJB4AaABAg,@spacemanleezy93,Drake is thanos killing the avengers,1,0,2024-04-15T22:18:17Z,2024-04-15T22:18:17Z
UgwqMEEWdVOPDvsQL2l4AaABAg,@TheRealA.R.Smith313,That drop and give me 50 is reference to top dawg taking 50%,2,0,2024-04-18T15:24:49Z,2024-04-18T15:24:49Z
Ugwd6lIilkGJI8JENjd4AaABAg,@MissTer-925,Bruhhhhh wtf is that opening meme from 🤣🤣🤣 had me dying,1,0,2024-04-15T22:27:56Z,2024-04-15T22:27:56Z
UgwzPk9thtJtFBmiOoZ4AaABAg,@Jakeey1997,Drake Respect. 📈📈📈,1,0,2024-04-23T04:57:21Z,2024-04-23T04:57:44Z
UgzdFzWoy_vJHU8iKxN4AaABAg,@kevindesjadon2569,"I love that every person dissing drake are literally people who all benefited off of him, especially able, drake literally made him who he is",1,0,2024-04-18T14:56:25Z,2024-04-18T14:56:25Z
UgyQx8biGmrc0O-1fbp4AaABAg,@kamfuku,"This feels like a lifetime ago ngl, I hope he really isn’t a PDF but for what it’s worth he really put up a fight, nice vid Scru",1,0,2024-05-09T05:06:17Z,2024-05-09T05:06:17Z
UgzACeb8GthGrfaa-1R4AaABAg,@lewisdixon9298,Respect to drake I usually meme him but this was cold,1,0,2024-04-16T12:46:33Z,2024-04-16T12:46:33Z
UgxquUIAQN2JlwMJILR4AaABAg,@UncleSam66,Wayne and Dj khaled ate the only ones who knows drizzys value,1,0,2024-04-19T19:32:24Z,2024-04-19T19:32:24Z
Ugz5DgtHUceRbn48gQF4AaABAg,@brycohen1730,Bro chip and dale bar was crazy cause they always be fucking with Pluto in the show,1,0,2024-04-18T20:09:06Z,2024-04-18T20:09:06Z
UgyeWmLGpZGJaUubLNN4AaABAg,@jrbutler7224,"8:40 bro really predicted the future, I still love drake tho",2,0,2025-03-13T01:07:21Z,2025-03-13T01:07:36Z
Ugz-hshAFm3C4Dmvymx4AaABAg,@cashkideven,"Whoooooo kiiiid????
Hits different now 😂😂",1,0,2024-06-13T12:08:23Z,2024-06-13T12:08:23Z
Ugy6iG4TW5vA_s7Kt1Z4AaABAg,@Expresstvmountingandmore,I love your commentary.,2,0,2024-04-16T02:23:21Z,2024-04-16T02:23:21Z
Ugyi6djHyPZlfw-dVH94AaABAg,@Nikki-fr8uz,Rewatching so you can make more coin💯💯💚#SupportReactors,1,0,2025-01-19T19:16:25Z,2025-01-19T19:16:25Z
Ugwbxg6RtSsKRlnysiF4AaABAg,@dallasanddrewtv885,8:40 this take definitely didn’t age well 😂,3,0,2025-08-14T22:52:50Z,2025-08-14T22:52:50Z
Ugz7T8x29NApgRZUyn54AaABAg,@josephfhtx,Lil Aubrey turned into big Aubrey 🔥,1,0,2024-04-16T20:50:57Z,2024-04-16T20:50:57Z
Ugy7hjAuJOmk_nhU-hx4AaABAg,@cdxn147,"Daium, really here after the Super Bowl",1,0,2025-02-20T13:56:11Z,2025-02-20T13:56:11Z
Ugxv8l0y77TSBnSZD314AaABAg,@tlc33365,6:14 In the Scope = Interscope music label!!! That’s a bar FOR REAL!!!,3,0,2024-04-17T01:23:02Z,2024-04-17T01:23:02Z
UgzTj2iu3tJrYLWJJVJ4AaABAg,@yeetem.skatem6761,I said from the beginning drake was gonna cook all of them especially after i heard drakes freestyle skills on on the radar freestyle,1,0,2024-04-16T01:01:26Z,2024-04-16T01:01:26Z
UgwGnnNrRVxRxN5md894AaABAg,@XLOPovi,The ghost writers came through fr🔥🔥🔥,1,0,2024-04-16T04:47:27Z,2024-04-16T04:47:27Z
UgwuFli1LndP4CRfmxp4AaABAg,@insane7cj603,Drake is from another dimension ❤️‍🔥🔥🫡,2,0,2024-04-30T00:40:55Z,2024-04-30T00:40:55Z
Ugy5eCtIZ5E5fDpwLPd4AaABAg,@gonthabeat7671,I’m in the same boat I’m so GOT DAMN Proud of drake,1,0,2024-04-19T02:58:58Z,2024-04-19T02:58:58Z
Ugx7wYi2gVezKUHXymp4AaABAg,@DavidWest2,These comments are hilarious looking back,2,0,2025-03-17T17:58:31Z,2025-03-17T17:58:31Z
UgzyXgsqDJx98jEwVJ14AaABAg,@aayanhb.m,bro you hella funny keep the content up 😂,1,0,2024-04-16T18:55:44Z,2024-04-16T18:55:44Z
UgyulPbmU03U8usLCDZ4AaABAg,@haaiiraadsan,Lmao I love your reactions,1,0,2024-04-16T03:23:46Z,2024-04-16T03:23:46Z
UgxwYMGyfFdaBS155U14AaABAg,@richardaakjar7386,You Scru burned that OVO hoodie here in 2026 😂😂😂,1,0,2026-02-12T14:48:22Z,2026-02-12T14:48:22Z
UgzM5zsuoPvkrZRK7et4AaABAg,@RafaelLopeztattoos,"Bro has stake in KOTD (why their production value went way up) so hes really with the battle rap scene from time

(In response to him watching Smack/URL)",1,0,2024-05-03T19:00:13Z,2024-05-03T19:01:26Z
UgwtE7rLCD4w_varhzh4AaABAg,@sirquacksalot159,The ending is a warning,1,0,2024-04-20T02:05:11Z,2024-04-20T02:05:11Z
UgzeBcTVRqWGZC73N1R4AaABAg,@OVO.MO26,I like how you just pause and breathe.....I KNOOOOw the boy tuuuuuffff,1,0,2025-08-01T08:21:50Z,2025-08-01T08:21:50Z
UgwHT8vIeTUhNpC67mR4AaABAg,@ynftone,This hard but I can’t stop thinking about the fact of how many ghost writers he probably had to put this song together 😂,1,0,2024-04-16T00:40:51Z,2024-04-16T00:40:51Z
Ugzzf-q4WaJDAgIIAAR4AaABAg,@charlottemagne4275,"""What if he has another song""... well damn RIP Ken",1,0,2024-04-30T16:21:06Z,2024-04-30T16:21:06Z
UgzAy2bX1sebUstODu14AaABAg,@epfsixucsoip2926,Back when Drake stood a chance.,4,0,2024-05-07T22:16:54Z,2024-05-07T22:16:54Z
UgxghJCCkfRX7P-nyAp4AaABAg,@randommediatv1958,Drake. Went. Crazy….Period! That’s the post… that’s it.😮,1,0,2024-04-16T08:32:44Z,2024-04-16T08:32:44Z
UgyatXXuBE_WWcvv3wN4AaABAg,@carlosRodriguez-vz3ho,Amazing diss record been playing it on replay🫡🔥,1,0,2024-04-20T22:44:56Z,2024-04-20T22:44:56Z
UgzHLHk3hLipeWXk6ud4AaABAg,@izhe_da_best1888,Drake?!?!? In my Soulja boy voice. 😂😂,2,0,2024-05-01T18:08:44Z,2024-05-01T18:08:44Z
UgyAngWbI4DEGfT4Qsp4AaABAg,@gerryn6855,Finally a real reaction! I never watch reactions anymore but I went straight to scru once I knew this was going on. Your the go to scru,2,0,2024-04-19T01:53:18Z,2024-04-19T01:53:18Z
Ugyhe5HkcCbuuUGykyF4AaABAg,@haroldbright8362,WAIIIIIIT YOU HAVE A REGULAR HIP HOP CHANNEL???? Bro I only knew you from the Glorb reactions lmaooooo . I’m so hyped now,0,0,2024-04-17T16:45:49Z,2024-04-17T16:45:49Z
UgzlfUL-sRcCaFLsosF4AaABAg,@kaylamixon5455,The focus look before he starts rapping😭,1,0,2024-06-20T11:23:28Z,2024-06-20T11:23:28Z
UgxmjXDdr_bhgsH2IiN4AaABAg,@evolucien1309,"this is easily the best thing ive ever heard from Drake. i cant stabd his normal music...OR his monotone style, but this...🔥🔥",0,0,2024-04-20T18:00:58Z,2024-04-20T18:00:58Z
Ugznbde03I5jRHLUexJ4AaABAg,@Tmitchdagoat,Drake took all Cole fans 💯,1,0,2024-04-16T03:40:26Z,2024-04-16T03:40:26Z
UgwkO3EyCjuKywv_2iJ4AaABAg,@eastonkoller,"""yall made the overdog the underdog"" Best breakdown of this diss hands down",0,0,2024-04-16T04:10:25Z,2024-04-16T04:10:25Z
UgzzdJHBxdfWG4WiaQt4AaABAg,@danieljenkins5534,PaPa EM would be so proud😢,1,0,2024-04-19T23:43:40Z,2024-04-19T23:43:40Z
UgwDZK1vqLMhBvsJgIp4AaABAg,@kayc5597,Still watching this in 2026 because bros reactions 😂😂😂,0,0,2026-09-17T08:28:28Z,2026-09-17T08:28:28Z
UgwBNYvp87b-cwe0FOV4AaABAg,@BoredBro2zzz,GREAT REACTION LOVE REACTORS THAT FEEL THE MUSIC. Exactly how it should be,1,0,2024-04-16T05:33:34Z,2024-04-16T05:33:34Z
UgyNvil22_2XeiGwxwx4AaABAg,@sibongisenimalungane1844,"DRAKE IS THE G.O.A.T. HE'S BEEN A GOAT,LIL WAYNE IS PROUD I KNOW YOUNG MULAR BABBBYYY💯🌍🇿🇦🇿🇦",1,0,2024-04-16T07:51:57Z,2024-04-16T07:51:57Z
UgxcegSVqxCz7tLryk54AaABAg,@JustChazz,Drake dropped the Uno Reverse card eish chief!,1,0,2025-04-28T06:23:09Z,2025-04-28T06:23:09Z
UgxilKWzNvoHBzLDnSR4AaABAg,@Kellz-l9z,Man how much things changed😂😂😂I was even fw the diss until he sued,1,0,2025-07-30T20:45:28Z,2025-07-30T20:45:28Z
Ugx_lgvMBaGTES5cMLJ4AaABAg,@MontrealOnyx,"scru's just the best reactor ever!! you can feel the whole vibe of the culture when u listen this man talk, respect keep going, congrats 1M subs!!",0,0,2024-04-20T00:39:02Z,2024-04-20T00:39:02Z
UgzhwlleERxY9VVr8D54AaABAg,@JClaybell,😂😂😂😂 the intro fits perfectly,0,0,2024-04-17T16:50:24Z,2024-04-17T16:50:24Z
Ugwrlg0htkZbDKuY8rx4AaABAg,@2fantasticbrostv,Yall made the over dawg the under dawg fr scru spittin facts 😂,0,0,2024-04-18T11:18:03Z,2024-04-18T11:18:03Z
UgxAImzta3K5bDtFVQZ4AaABAg,@Snoopy91xi,He broke down all the labels Kendrick is signed to 🔥,1,0,2024-04-16T01:29:13Z,2024-04-16T01:29:13Z
UgyeBUm-BlDpTll0Qx94AaABAg,@Fireflfan,Drake is the Apex character Bangalore on Predator mode 20 bomb in a Lobby,1,0,2024-04-25T15:16:20Z,2024-04-25T15:16:20Z
UgxNhKwKTYdqVmvwc594AaABAg,@fayelisa6454,Love this reaction!,1,0,2024-04-22T03:03:38Z,2024-04-22T03:03:38Z
UgxNZAfgJSKw2ljTErR4AaABAg,@mcashid,freakin vibed with tttheyir a ton. s tier level of quality. super glad I came across your channel! Btw seriously you need to reacto to DAMAGED by October Ends,0,0,2024-04-26T03:53:30Z,2024-04-26T03:53:30Z
UgzSCeHpSimVyVPcE7J4AaABAg,@edwardgofsky4862,Slaps,1,0,2024-04-15T23:24:34Z,2024-04-15T23:24:34Z
Ugz1E4TvHAti8YO62ot4AaABAg,@manueltopete3963,"This guy has the best reviews, I tried watching Stevie Knight and the dude is just a nut holder, no life Shaq is dope too",1,0,2024-04-15T19:35:33Z,2024-04-15T19:35:33Z
Ugwby9-doDVKtjev0Cd4AaABAg,@Dgr8zb,W Thumbnail🔥🔥👌🏿,0,0,2024-04-17T04:32:54Z,2024-04-17T04:32:54Z
UgyMenp1zxS4nmvKXPZ4AaABAg,@rowtated,the good old days,1,0,2024-05-07T15:11:03Z,2024-05-07T15:11:03Z
Ugx_dblkZlsWwazVEOd4AaABAg,@DontBlameGene,Wow…….. This video is wild to watch right now🤣,0,0,2025-02-04T19:16:47Z,2025-02-04T19:16:47Z
Ugz5Lep5ekuXNwp3A-x4AaABAg,@magshype,great reaction scru,0,0,2024-04-15T18:53:54Z,2024-04-15T18:53:54Z
UgzoJQ-d0g-u07Ra-d14AaABAg,@dudesupremeX,"A year later as of May 30, 2025, I like push ups better than Family matters and HP6. But I remember when this dropped I knew his petty small talk bars wasn’t gonna cut it with Kdot.",1,0,2025-05-30T18:27:46Z,2025-05-30T18:27:46Z
UgzqA6w9tczn77NRUE14AaABAg,@oniichan2456,Best Reaction ❤️‍🔥,0,0,2024-04-16T19:54:19Z,2024-04-16T19:54:19Z
Ugw9TsNF2oooQjdgnzN4AaABAg,@ElphineNdebele,@ 5:22 😅😅😅…it’s like scary knew drake had ‘Taylor Made Freestyle cooking’ 😂😂😂,1,0,2024-04-20T11:08:35Z,2024-04-20T11:08:35Z
Ugzk7wZV9e5v-Id-2mN4AaABAg,@today05,"this one was pretty good, but it seems like this track had a lot of time in the oven, as the quality wasnt even in the same universe with the later songs",3,0,2025-02-12T20:56:25Z,2025-02-12T20:56:25Z
Ugyz0bbEeML8-rb7GV54AaABAg,@joannasmentoria6019,So funny watching this in 2026 🤣🤣🤣🤣 and did things change!!!!!,1,0,2026-02-16T16:42:57Z,2026-02-16T16:42:57Z
UgxSV4hALulxLebigwV4AaABAg,@coollakshman,"I love it personally hehehe. 
We want reactions to the new Wage War songs please 🔥",0,0,2024-04-28T16:25:58Z,2024-04-28T16:25:58Z
Ugwzbc8kBKc13QZzwbp4AaABAg,@Noggin959,Drake just posted another track need your reaction!!!,2,0,2024-04-20T05:01:06Z,2024-04-20T05:01:06Z
UgwGh-mSD9P-fi11w2l4AaABAg,@Gioparadis3,Best reaction vid,0,0,2024-04-17T15:21:04Z,2024-04-17T15:21:04Z
UgxVm3YjcqJFeiI809R4AaABAg,@robanur6026,retrospectively big Ken killed him😂😂,1,0,2024-05-13T00:45:50Z,2024-05-13T00:45:50Z
Ugzm8iffhwpJJowPR214AaABAg,@smallhomesteading,Doesn't surprise me at all since drake learned from the best (wayne) he witnessed greatness first hand so it's only normal he's like that,1,0,2024-04-19T20:16:09Z,2024-04-19T20:16:09Z
UgwQ0ZloNAah8jXFsEx4AaABAg,@FRKLY,Great review 🤙🏾!,0,0,2024-04-19T09:18:01Z,2024-04-19T09:18:01Z
UgzvLujHFbe7vS_pI2B4AaABAg,@tankbxy7609,"""extortion BABY, whole career, you been SHOOK UP""

is also referring to shaken baby sydrome. alluding to top dawg being like an abusive mother figure to kendrick, using the baby (kendrick) to EXTORT money out of the baby's father (the industry) and being physically and mentally abusive by shaking him up and forcing him to do things he doesn't really want to do.

nobody else picked that one up? really?",1,0,2024-04-20T06:54:22Z,2024-04-20T06:54:22Z
UgzStKtbcq7SbWLiZ5F4AaABAg,@seraph492,he paid the ghost writers extra for this one,1,0,2024-04-28T06:23:28Z,2024-04-28T06:23:28Z
UgzMSKRm4yBZeWyDIBt4AaABAg,@lrdprnx4879,"8:46 I love your content bro…


This was the worse take you ever had gang. 😂",1,0,2025-07-08T23:29:19Z,2025-07-08T23:29:19Z
UgzqLktOLzRnCBdCoed4AaABAg,@santiastronomo,Scru linking his song with metro below this video is funny lol,1,0,2025-03-23T01:31:17Z,2025-03-23T01:31:17Z
UgwdRjxTW-m7XZMvpjJ4AaABAg,@jakesmall3454,"Never thought about the ending being a little sample for the next diss track. Man I hope so, this shit fire",0,0,2024-04-18T23:47:24Z,2024-04-18T23:47:24Z
UgxEE71t7Uw7gbvWO894AaABAg,@Chloe2it,I'm peeping that wedding ring. Congrats 💯❤,0,0,2024-04-16T23:03:28Z,2024-04-16T23:03:28Z
UgxbP8qCjvkXP9APtoN4AaABAg,@kev-delcomcdelco4228,"This is really flawless n Drake really did homework. He really skunkin handfuls of rappers. Bro came a long way from them Degrassi days, sheeeesh",0,0,2024-04-16T02:38:34Z,2024-04-16T02:38:34Z
UgwL3Awbhz4RoaesRop4AaABAg,@idotoronto,STILL waiting for Metro to response in morse code,2,0,2025-11-09T17:20:40Z,2025-11-09T17:20:40Z
UgyNP4B1ONBYylnZRJ54AaABAg,@CP3-91,7:16 battle of rebuttals won dis battle,2,0,2025-06-09T03:21:48Z,2025-06-09T03:21:48Z
UgwR3ZWalu799H9G3RB4AaABAg,@d.t.7739,Them ghostwriters were working overtime. All jokes aside thats fire. Hope he wont apologise like Cole did.,1,0,2024-04-15T16:19:23Z,2024-04-15T16:19:23Z
Ugwi7rPXILRVEh3rGZl4AaABAg,@austonmavrak,Haven't been here since covid. But when I want to see a review on some fiee  . I'm coming to scru chanel,0,0,2024-04-21T17:52:19Z,2024-04-21T17:52:19Z
UgxNKT04ESEHHDCG3hZ4AaABAg,@risiwilkerson,Yooo I had to come actually listen to drake diss n Kendrick let him go and flipped everything he said k dot still win like that’s insane,2,0,2024-06-05T03:18:18Z,2024-06-05T03:18:18Z
UgwcLFHau2XFr0lhKdB4AaABAg,@onlyinmerica,Drakes music is ok. But then when he beefin. Shit go from ok to extravagant. Every time,1,0,2024-04-17T12:41:12Z,2024-04-17T12:41:12Z
UgxcpxmX3Efq7ceQKIl4AaABAg,@SymbolicResort,Don’t wake up the DRAKE SNAKE,1,0,2024-04-15T21:48:13Z,2024-04-15T21:48:13Z
UgyQYxS_L3rvI6iHFGZ4AaABAg,@DragonRyuken777,You called it gang lmaooo,0,0,2024-04-23T06:34:31Z,2024-04-23T06:34:31Z
UgybLUjDbnLJN7bfmXp4AaABAg,@itsoneshotko8151,It’s insane bc as soon as this started I said to all my friends it’s between Cole and Kendrick bc Drake can’t rap and I got humbled so quickly I choked on my words😭,0,0,2024-04-20T14:19:53Z,2024-04-20T14:19:53Z
Ugxng3hyMIX5EwjutQJ4AaABAg,@Keamogetse97,"First person to say names on disses, that love before the lawsuit",0,0,2026-02-02T12:21:51Z,2026-02-02T12:24:31Z
UgzhzeFDJaHR6ArT7NR4AaABAg,@avy2084,The track has so much meaning,0,0,2024-04-18T08:54:40Z,2024-04-18T08:54:40Z
UgxeF_X73wGnMM8L3d14AaABAg,@SupportIndependentMedia,Hindsight is a mfer. 9:23,2,0,2025-05-10T03:41:47Z,2025-05-10T03:41:47Z
Ugwkc05X8GNAbwU9RmB4AaABAg,@RealColeWrld612,This the type of Drake I like to see!,0,0,2024-04-15T21:13:52Z,2024-04-15T21:13:52Z
UgwCLl19SKkS1NqbXAB4AaABAg,@camdenstyle3813,"Nah bro, when he walked off and his pants were sagging was pure comedy, looks goofy as hell 🤣",1,0,2024-05-29T23:53:31Z,2024-05-29T23:53:31Z
UgyDID3pO4ed7w7M8N54AaABAg,@MrAJtheFounder,I wasn't a huge Drizzy fan until now. Boy ethered allummmm. Applause Drizzy,0,0,2024-04-16T04:17:38Z,2024-04-16T04:17:55Z
UgxL7ehb0rd_NFFnFMp4AaABAg,@EmpteeBluffs,Came back to when drake had the upper hand,2,0,2024-05-07T15:03:00Z,2024-05-07T15:03:00Z
UgzNAqZSI3lSfrw0mzZ4AaABAg,@michaelrobertsjr2890,"Meat  Mangling, overdog into the underdog 😳 u giving out free bars man",0,0,2024-04-19T19:23:42Z,2024-04-19T19:23:42Z
UgxEnegX9k_AhdN0GOZ4AaABAg,@mikarimex1055,He just HAD to add his light skin magic at the end had me laughing hard af,0,0,2024-04-15T19:33:06Z,2024-04-15T19:33:06Z
UgxiXfZD-6OzK2ifr714AaABAg,@theastralplane7139,the reactions😂😂😂❤,0,0,2024-04-18T14:36:55Z,2024-04-18T14:36:55Z
UgyN_OzYOm15OOLA2N14AaABAg,@SantoBeatzTv,The last 10 seconds of this video was hilarious. Dude has a song with metro 🤣🤣🤣🤣🤣,0,0,2024-04-23T03:14:46Z,2024-04-23T03:14:46Z
UgyzMNRpqEwTIwieojl4AaABAg,@iuliancatalin4896,That Drop and give me 50 is catchy af!,0,0,2024-04-15T23:14:14Z,2024-04-15T23:14:14Z
UgwcGtFxk7Ssilbx8XJ4AaABAg,@rosssmith7822,lol facts,2,0,2025-10-28T19:26:57Z,2025-10-28T19:26:57Z
UgwkbCsacEiA0tdb3nR4AaABAg,@impostor6982,Yeah his ghost writers went overtime on this one,1,0,2024-05-03T16:13:14Z,2024-05-03T16:13:14Z
UgyLADC4nRRb_gTy2Dd4AaABAg,@mandeanraje2300,I was tryna keep it PG is a wild line after these accusations 😂,1,0,2024-05-26T01:21:44Z,2024-05-26T01:21:44Z
UgzaZ1AdqM-aFTmAPwh4AaABAg,@isabelreyes6387,"I love both Drake and Kendrick I was at Kendrick show in Toronto when Drake showed up for a millisecond - he left super early, I also note he left Cole’s set at OVO Fest before it started too . He is the king of petty like 50 😂😂😂😂 Drake is eating and this is just the appetizer 😂😂😂",0,0,2024-04-19T15:34:31Z,2024-04-19T15:34:31Z
UgzrHzqXkR4YV3OHbAF4AaABAg,@datube5913,All mumble rappers and auto tuners need to sit the fuck back. Real rapping is about to ensue.,1,0,2024-04-21T00:33:09Z,2024-04-21T00:33:09Z
UgxdvQbY20FX0nVXK694AaABAg,@wemadeit3591,Somebody explain to me how is this a battle if he got a ghost writer?,3,0,2024-05-01T04:01:01Z,2024-05-01T04:01:01Z
Ugyy4CjI1LBWGQsJMLF4AaABAg,@D-VanishingLavender,That's why he's the GOAT 🐐 🙌🏿,0,0,2024-04-16T23:16:42Z,2024-04-16T23:16:42Z
UgzpauKSajuqKPruXF94AaABAg,@ritmovesuviano,Suggestion for you. Nick Thurl Mavromatis' song is goinna go viral. React to it and join the hype train!,1,0,2024-04-26T18:41:45Z,2024-04-26T18:41:45Z
Ugwg29RBdmCQRRk2k9F4AaABAg,@diegogamez3906,Gold gold reaction 😂,0,0,2024-04-19T16:30:21Z,2024-04-19T16:30:21Z
UgytGNtEgRdGzqp_CE14AaABAg,@rayking7866,You was trying to hold back that laugh when the metro line cause you got a song coming up with em lol,0,0,2024-04-15T20:01:48Z,2024-04-15T20:01:48Z
Ugw6eY7DoIBKwyIavRF4AaABAg,@kevinwilliams6006,Drake is the g.o.a.t,1,0,2024-04-16T02:40:45Z,2024-04-16T02:40:45Z
UgzfJHunn6e1eIcOqeZ4AaABAg,@london7982,Slapping intro  😂,0,0,2024-04-16T14:43:33Z,2024-04-16T14:43:33Z
Ugyu-xA0a7NX1bBcd7l4AaABAg,@missp0523,"This was Hard as hell 😮, love your reaction, so much so that I would recommend you react to RM's new album ""Right Place, Wrong Person"" coming out on Friday, May 24th.
RM is a rapper and member of BTS.",1,0,2024-04-29T01:07:07Z,2024-04-29T01:07:07Z
UgzvdJV5SJBZ_d_3Tb14AaABAg,@orevaatunu8079,That intro to the video 😂😂,0,0,2024-04-22T14:58:37Z,2024-04-22T14:58:37Z
Ugy1PhRckRD-eJlYHn94AaABAg,@danieljenkins5534,"And, Drake, they're gonna turn on you (You) one day too (Too)
And the more you win, the sooner (Sooner) they do
They'll be calling you a trash bin
Sayin' that your new one isn't better than your last and
Even if it is, once they start to turn their backs
They ain't never comin' back",1,0,2024-04-19T23:30:14Z,2024-04-19T23:30:14Z
UgylT7AUL5S4whZTr1p4AaABAg,@terrencetysor9956,Drake on hate but this video got a million views.  Yall not stopping the boy.,0,0,2026-04-09T20:46:27Z,2026-04-09T20:46:27Z
UgxATvR1kcy4F6d83j14AaABAg,@spinningredchair8092,"I LIVE FOR RAP BEEF!

Just as long as it stays on the tracks and no one does some stupid shit trying to prove a point.",1,0,2024-04-16T02:07:52Z,2024-04-16T02:07:52Z
UgzQ8AedmXQYcIbGWc14AaABAg,@rohannurse2470,You could be Deontay Wilders twin,2,0,2024-05-25T02:04:13Z,2024-05-25T02:04:13Z
UgyEhHA3ZkkwL9eN8tF4AaABAg,@cjpuro,How you big steppin wit them lil baby feet? 😂😂😂,1,0,2024-04-19T14:26:15Z,2024-04-19T14:26:15Z
UgzFkbGljQjupzRjaRN4AaABAg,@PARADOX-mc6mu,"The ghost writers really worked their asses off wit this one🔥🔥🔥
This shi is fire",0,0,2024-04-15T22:14:37Z,2024-04-15T22:14:37Z
UgzRf5v2IXoN-oBZfNp4AaABAg,@Tantumx3,"Got a subscriber in me gangy. You broke it down to the T! Only thing was that Whitney w the bodyguard line. 

Whitney is Kendricks wife’s name & she allegedly had a thing w the bodyguard 👀",0,0,2024-04-19T04:50:00Z,2024-04-19T04:50:00Z
UgzkvLFFyneKbXKi5PV4AaABAg,@askartursunov,"k dot is a genius, this ""back to back"" era is finally back, damn",0,1,2024-04-22T14:40:44Z,2024-04-22T14:40:44Z
UgwWtmGnkS5LwrsFx6h4AaABAg,@jasonjio,seen this video like 20 times already lmao,0,0,2024-04-16T22:02:28Z,2024-04-16T22:02:28Z
Ugw5DO7noghnv1K-frd4AaABAg,@brandongriffin2341,Aye yo I didn’t catch dat the first time brah😂 Drake really dissed Kai lowkey asf 😂😂😂,0,0,2024-04-17T07:07:42Z,2024-04-17T07:07:42Z
UgwXkektIqfT8u58nIB4AaABAg,@shentailalexander6515,Isn’t that beat also from Friday the 13th…”Jason” murdering people,1,0,2024-04-18T22:17:56Z,2024-04-18T22:17:56Z
UgyUeZf3c17T0touw1p4AaABAg,@CJ-yu5ux,i fucked with pushups too. then euphoria dropped.,1,0,2026-06-08T19:18:54Z,2026-06-08T19:18:54Z
Ugzt05HyXstqOXfQuFB4AaABAg,@KDoodleNoodle99,"I gotta be honest, I’ve never been a drake fan, it’s not like I actively disliked him for no reason he just wasn’t what I was into. I have to say this diss right here raised my respect for him an insane level.",0,0,2024-04-15T17:25:45Z,2024-04-15T17:25:45Z
UgziVCZOGhO8WJqSAvd4AaABAg,@surftom13,"8:40 talking a lot about drake being a hypocrite, look inside lil bro",3,0,2026-07-25T12:04:19Z,2026-07-25T12:04:19Z
UgxsDXGau2gf3ZeChgN4AaABAg,@jaywahlen3926,I love that this is in scrus top 20 of most watched videos and it's brand new 😅,0,1,2024-04-21T02:00:46Z,2024-04-21T02:00:46Z
UgzxbjDUhIv8cEvqK4p4AaABAg,@mjeltoro,Heat,0,0,2024-04-21T21:29:07Z,2024-04-21T21:29:07Z
UgxHuIcdYe_b6SErW0p4AaABAg,@CP3-91,2:10 DRAKE BY FAR DA MOST IS CRAYYYYYZ 🤣🤣🤣,0,0,2025-06-09T03:16:57Z,2025-06-09T03:16:57Z
UgxPD4NMSOsPveIfEkh4AaABAg,@Aphagalis,Yo the Maroon 5 and swifties bar is a double cuz BOTH Kendrick and Future have songs with Maroon 5 and Taylor 🔥 🔥 🔥 got 2 birds wit 1 stone lol,1,0,2024-04-15T16:23:58Z,2024-04-15T16:24:24Z
UgxGloKHNO9X-nv1ZfJ4AaABAg,@Anonymality,GHOST WRITERS GETTIN HEARD WIT THIS ONE 🔥🔥🔥🔥🔥🔥,0,0,2024-04-19T13:43:24Z,2024-04-19T13:43:24Z
UgwTHKaIu0LTSLXDYwp4AaABAg,@rachlync,Has he reacted to Euphoria yet 😂,1,0,2024-05-02T02:13:56Z,2024-05-02T02:13:56Z
UgwhHyRo3P7srvyZvGF4AaABAg,@StevensFuller2403,Both of these came out around midnight this morning,0,0,2024-04-20T09:20:11Z,2024-04-20T09:20:11Z
UgwulP8iz2NIzQDJII14AaABAg,@BrankAnt,🙌🏼🔥,0,0,2024-04-15T17:52:48Z,2024-04-15T17:52:48Z
UgwFEscbiTEr_J3SxNd4AaABAg,@DarellMDavie,🔥🔥🔥🔥🔥,1,0,2024-04-22T12:55:10Z,2024-04-22T12:55:10Z
Ugx2bt93YHSrEet46v54AaABAg,@proppaperez,8:41 🙄,3,0,2025-03-24T08:24:15Z,2025-03-24T08:24:15Z
UgzeLTQN_7stZMUsUzx4AaABAg,@coffeebean8725,I cant wait til 5/5🎉🎶🔥🔥🔥🔥🔥🔥🔥💰💰💰💰💰💰💰😈😈😈😈😈😈😈🎼🎼🥳🥳🥳,0,0,2024-05-03T01:05:43Z,2024-05-03T01:05:43Z
UgzbShyNdbgbth25Q9B4AaABAg,@Heat3955,This is my fav one Drake did,1,0,2024-08-07T11:32:56Z,2024-08-07T11:32:56Z
Ugx-yHbA6JGky9tZeQR4AaABAg,@richardaakjar7386,"Even though he’s lost the battle with Kendrick it can’t be said that it didn’t earn him respect that he went through it.

All he’s gotta do now is not piss it away by suing cause he got butthurt that he lost………..",1,0,2026-02-12T15:08:26Z,2026-02-12T15:08:26Z
UgyZP4zxt05-9UV_QGd4AaABAg,@bsteggy,Absolute GAS,0,0,2024-04-18T05:40:47Z,2024-04-18T05:40:47Z
UgyR4zIqmA0iXcb-PYd4AaABAg,@tuttifrutti8576,The metro promo after this video was wild 😭,0,0,2024-04-20T16:47:22Z,2024-04-20T16:47:22Z
UgyJqZc3LcrYCWqvAzd4AaABAg,@paultaylor3841,"Hike down aka I had to come from the top of the mountain to talk to you cause I’m on the top of the mountain. 

Clever!!!",0,0,2024-04-15T16:59:10Z,2024-04-15T16:59:10Z
UgwPCurNbPEKtEH3nl54AaABAg,@CP3-91,WOOOOW DA OVO HOODIE NASTY WORK IN 2025 🤣🤣🤣🤣,1,0,2025-06-09T03:14:45Z,2025-06-09T03:14:45Z
UgxMLp7nIix__LpdNSJ4AaABAg,@TheProvider97,Drake learned from Pusha about that research shit...he had to this shit fire 🔥,0,0,2024-04-17T06:22:38Z,2024-04-17T06:22:38Z
Ugxt0dGWBuh90bcvr9h4AaABAg,@AnthonyBlamthony,"Being a hip hop fan during war times is so much more fun when you dont meat ride 1 mf. Like That and Push Ups are both fire, I can’t wait to see how Kendrick responses",0,0,2024-04-18T08:16:30Z,2024-04-18T08:16:30Z
UgyTc2GrdswBv6WoRP14AaABAg,@riven__,I miss when Drake was winning,4,0,2024-05-09T16:46:55Z,2024-05-09T16:46:55Z
Ugx2hpZSmgOhyY1oLoJ4AaABAg,@kanebrownridge2818,"Honestly, never been the biggest Drake fan but he killed this shit. Kendrick gotta come with a full clip and empty it ALL out.",0,0,2024-04-21T13:11:49Z,2024-04-21T13:11:49Z
UgzBtC_Zo4ETH5oM1c94AaABAg,@grandsaga,I have not cared about Drake since the hotline bling memes. But this shit is undeniable HEAT.,0,0,2024-04-16T11:55:10Z,2024-04-16T11:55:10Z
UgypFmZcjhTIn3-7Ltt4AaABAg,@josephvere4235,DRAKE IS MF 🤴,1,0,2024-08-04T14:11:45Z,2024-08-04T14:11:45Z
Ugx3e9Uj2hNNd_N6rWR4AaABAg,@ExoticMotion95,Right I was thinking the same thing they made the overdog the underdog 😭😭,0,0,2024-04-17T16:23:57Z,2024-04-17T16:23:57Z
UgwWq-XfzAHCGcFPKHt4AaABAg,@teeent911,i know ya'll might not remember Canibus vs LLCoolJ from the 90's back in the day but this reminds me of that.,0,0,2024-04-15T17:54:23Z,2024-04-15T17:54:23Z
UgxTQR9MshZJHZ2p06h4AaABAg,@DrMiles15,“Meat manglin’” is part of my vocabulary now,0,0,2024-04-16T01:32:41Z,2024-04-16T01:32:41Z
Ugy3GNwEgcYpUq6elpZ4AaABAg,@Peek0320,"drake, wayne and nicki would kill this entire rap scene if they wanted war 🤣",1,0,2024-04-19T17:54:36Z,2024-04-19T18:06:50Z
Ugy4PsrQg1ESxyWeY_d4AaABAg,@teddrickjarrett2005,Damn i didn't think drake was gonna respond like this 🔥🔥🔥🔥🔥🔥,0,0,2024-04-17T00:06:19Z,2024-04-17T00:06:19Z
UgzUxnz0mGnmKh1lq-J4AaABAg,@metaCOINZ,Every reaction he do seem like the current video he watching is winning the battle 😂😂,0,0,2024-04-17T16:34:31Z,2024-04-17T16:34:31Z
UgxFpYxr4PswcOaYWdx4AaABAg,@festivespy7463,"This, UFC 300, and all the other crazy shi in 2024 this is peak",0,0,2024-04-19T18:30:12Z,2024-04-19T18:30:12Z
UgwOhLLN1mGCC-Jrfjx4AaABAg,@jlock8815,So he started as a Drake guzzler😭😭,1,0,2026-02-16T00:27:59Z,2026-02-16T00:27:59Z
UgzBFlXB68-52DkvBYd4AaABAg,@Kaltef7,It makes it even more funny because all Metro can do now is make another beat😂,0,0,2024-04-20T16:14:39Z,2024-04-20T16:14:39Z
UgzwraEkXFK5E9mPQuN4AaABAg,@omariwashington2570,I love when drizzy writes his own music.,0,0,2024-04-22T01:46:07Z,2024-04-22T01:46:07Z
Ugz3NwlyF9NNGSTBqOZ4AaABAg,@Elicit100,FACTSSSSSSSS god damn!,0,0,2024-04-16T06:07:15Z,2024-04-16T06:07:15Z
UgyLbJoGTh3Ns_NTsFh4AaABAg,@guapnerd,The Intro 😂😂😂,0,0,2024-04-16T09:51:20Z,2024-04-16T09:51:20Z
UgwA7rQptQKKwiTQQyt4AaABAg,@supersup-z,Metro gonna need another album to respond,0,0,2024-04-18T06:20:04Z,2024-04-18T06:20:04Z
UgwIxMSpyUhjCHib9Yd4AaABAg,@A-TownRundown,The Whitney bar is insane. Like a triple entendre,0,0,2024-04-16T16:33:24Z,2024-04-16T16:33:24Z
UgxdDrArAtFz0UZJk9d4AaABAg,@casghost,He said just have this talk with yo ass I had to hike down 😂😂 smh damn,0,0,2024-04-15T22:40:01Z,2024-04-15T22:40:01Z
UgwWGNy6jH-rZjUrXBp4AaABAg,@tsarah3320,Only if drake knew…,3,0,2024-06-12T21:03:55Z,2024-06-12T21:03:55Z
Ugx88ehDEQjh-OGK94V4AaABAg,@CP3-91,11:02 Rick Ross introduced Mafia Drake doe it's all his fault 🤣🤣🤣,3,1,2025-06-09T03:26:21Z,2025-06-09T03:26:21Z
Ugw3UsUCF4xc4ZY8S1d4AaABAg,@latencymonk,crazy how things turnt out,0,0,2025-08-23T02:20:29Z,2025-08-23T02:20:29Z
Ugwfr9wG5q43a7KcS_94AaABAg,@mufasa_cr,🔥👑🔥,0,0,2024-04-23T23:01:47Z,2024-04-23T23:01:47Z
UgyHqL7NO_ccfC6ZUZd4AaABAg,@jlight191,Theres more to that Tokyo line...had to hike down was a crazy bar,0,0,2024-04-25T02:04:28Z,2024-04-25T02:04:28Z
UgxdJ-U2LrBe0fLFrgh4AaABAg,@ExcuseMyWeebRudeness,I had forgotten how much this guy loves drama.,0,0,2024-05-05T14:20:04Z,2024-05-05T14:20:04Z
Ugw-z7MyihRdIHtBds94AaABAg,@UltimateJellyG30,That twit diss was for Ja,1,0,2024-05-10T16:55:12Z,2024-05-10T16:55:12Z
Ugw43zT52v87_1dBG_V4AaABAg,@Detroitgirl1,Drake! Yes! So proud of Drake!,1,1,2024-04-19T13:03:51Z,2024-04-19T13:03:51Z
UgwrqXFp-o1ePOdCmhh4AaABAg,@jeremy5159,"what's funny is after all praises to drake, he ends it with a ad for his song with metro 🤣",0,0,2024-04-16T15:00:03Z,2024-04-16T15:00:20Z
Ugy_1EfZnfVYVH_7YE54AaABAg,@cyberpatreon,best drake song ever mwahahaha,0,0,2024-05-04T00:40:17Z,2024-05-04T00:40:17Z
UgyhHCRvheH9KYfZiwZ4AaABAg,@_joe_schmoe,never been a drake fan until now,0,0,2024-04-24T00:10:07Z,2024-04-24T00:10:07Z
UgwTbBTd68SeAWJ-2rJ4AaABAg,@mazzi.ozborne,the chip and dale line was at Pluto sheesh,0,0,2024-05-01T12:55:53Z,2024-05-01T12:55:53Z
UgwJAlG_J4fDZ7JN_uF4AaABAg,@CC25Y,"IDGAF if you not a fan of Drake, K.DOT, Cole, or Future or Ross or Breezy or whoever. One thing you can't front is every rapper has at least one good line anyone can memorize. That size 7 mans line is straight 🔥🔥🔥🔥💯 that line is gonna be memorized for years. This whole battle got HipHop on its tip toes right now! Straight burglar in the middle of the night. I'm hyped AF bruh 🤣🤣 leave me be 😂😂",1,0,2024-04-29T17:01:40Z,2024-04-29T17:02:13Z
UgzkJJWSriYTk7gSphR4AaABAg,@OfficialKyleMHamilton,The second song says “ drop a 50 bag for the mob at a spot” it’s a threat to them,0,0,2024-04-24T20:36:37Z,2024-04-24T20:36:37Z
UgzOHdVTyx0LPmQfiXZ4AaABAg,@conorwheale4705,That intro 😂😂😂😂😂😂,0,0,2024-04-15T20:08:20Z,2024-04-15T20:08:20Z
UgyDdlOBTBAHqNTTGSx4AaABAg,@charliedelta6382,"Pipsqueak 😂 such a plain word to use in a battle, but somehow made it sound disrespectful 😂",0,0,2024-04-19T03:44:14Z,2024-04-19T03:44:14Z
Ugx_F24-NoJU5DkU6nF4AaABAg,@miramanj2452,Drake put in kais name to make sure kai had a reaction on live to make the diss more known. Clever asf,0,0,2024-04-22T09:17:44Z,2024-04-22T09:17:44Z
UgzW2echw_K-VvqKoj94AaABAg,@jahialt,1 year damn,1,0,2025-04-13T19:19:59Z,2025-04-13T19:19:59Z
UgyODeHNl2KZxV30Yjd4AaABAg,@Henzz7,This was a diss to Stevie Knight too 🤣🤣 He the only one hating and still meat riding Kendrick,1,0,2024-04-16T13:32:13Z,2024-04-16T13:32:13Z
UgxV7Ambvsrzvw32VPN4AaABAg,@christianmarroquin5577,This is that new “no Vaseline” 😂,0,0,2024-04-19T18:46:17Z,2024-04-19T18:46:17Z
Ugz9ia6hO_ttvskomEp4AaABAg,@nathanielscott6159,Bro those YouTube dudes were all tryna rapdiss. Nahhhh now we seeing some real disstracks,1,0,2024-04-22T04:57:29Z,2024-04-22T04:57:29Z
Ugzh_qPk6ty7cAM0gxR4AaABAg,@HeyItsFiiZY,"Not the biggest fan of Drake, BUT…. much more respect for him now. he killed this fs",0,0,2024-04-19T13:55:25Z,2024-04-19T13:55:25Z
UgxpIdTIHFS16QKaBwF4AaABAg,@kribble,"Couldn't tell if you caught that  ""in the scope (Interscope) right now"" double entendre, but shit was 💥",0,0,2024-04-17T15:06:53Z,2024-04-17T15:06:53Z
UgwkxEcqTbwcCuQ6NL94AaABAg,@tindamtrapper,I don't know what cole was thinking...,1,0,2024-04-15T19:16:21Z,2024-04-15T19:16:21Z
UgxqyVGuQTN-o-tSOvB4AaABAg,@Zachsmokesdoinks,You ain’t wrong scru. Music ain’t the same. Oversaturated industry with no talent!,1,0,2024-04-24T15:22:34Z,2024-04-24T15:22:34Z
Ugz9ZMyfRt9etVH0LFZ4AaABAg,@atibaprovidence,"A lot of stuff went over your head, Scru.",1,0,2024-04-16T14:10:17Z,2024-04-16T14:10:17Z
UgwN0EUGJGrC9Q9xNcB4AaABAg,@xKingLDx,Dude went and got them infinity stones,0,0,2024-04-16T16:47:50Z,2024-04-16T16:47:50Z
UgyOpgG4hBoHuPzWB-l4AaABAg,@joshualucas699,Where you get that hoodie bro?,0,0,2024-04-17T05:27:20Z,2024-04-17T05:27:20Z
Ugw9nskHSWiGzD2Vm6V4AaABAg,@tahaelhour690,Cole being solidified as the Kashimo of the situation.,0,0,2024-04-16T12:31:16Z,2024-04-16T12:31:16Z
Ugz2sxg_8COsfwmt0K14AaABAg,@sosybaby3737,This reminds me of when everybody went against Jarule in his 50 beef the whole industry went against him,0,0,2024-04-24T20:25:45Z,2024-04-24T20:25:45Z
Ugw3K0KhRIbxGiRCajl4AaABAg,@andrewr3011,"In the cartoon, Chip and Dale used to outsmart Pluto the dog 😮",0,0,2024-08-28T18:08:45Z,2024-08-28T18:08:45Z
UgxmZ46Pd4bIk98_c-54AaABAg,@Mori_mee,One liner fr cooked metros whole career 😭😭😭,0,0,2024-04-15T19:34:57Z,2024-04-15T19:34:57Z
UgxlZUGl0Se50ePWRpR4AaABAg,@17Cyns,Here comes clout face Jean,0,0,2024-04-15T21:37:47Z,2024-04-15T21:37:47Z
UgzTmwwJsCc90-zAkgd4AaABAg,@marcusthegreat8710,Funny he said first Number 1 i put it in your hand them Kendrick hid the bible in the hand in the not like us video..,2,0,2024-07-05T15:23:13Z,2024-07-05T15:23:13Z
Ugy6GQAlLx6VRSLDd0d4AaABAg,@Galaxy264,Drake's writers working overtime as we speak ,0,0,2024-04-17T21:53:59Z,2024-04-17T21:53:59Z
UgxOltxF2pJDu70e4X94AaABAg,@robertshope7339,Big difference between mike then and mike now is low key 🔥,0,0,2024-04-16T17:54:13Z,2024-04-16T17:54:13Z
UgyJxLM2IIftyazAlgl4AaABAg,@gotti400082,child of battle rap??? 🤯 😂 😂 😂 😂,1,0,2025-04-19T23:01:15Z,2025-04-19T23:01:35Z
UgymspO5i06WozPR01R4AaABAg,@justinstapleton7954,I knew they messed up. They forgot about Drake cooking Meek back in the day. Drizzy will fight you best believe that. 😂,1,0,2024-04-22T00:13:27Z,2024-04-22T00:13:27Z
Ugzj7y0UMrzXPX-qce54AaABAg,@tabnaka,"dang, greatest moment in your time in hip hop?",0,0,2024-04-27T14:54:33Z,2024-04-27T14:54:33Z
UgxYKoaNzNVsIRoxJSh4AaABAg,@proppaperez,Scru you gotta come back to this side g,0,0,2025-01-11T06:15:53Z,2025-01-11T06:15:53Z
UgwwUVCib7H2ESGg5LF4AaABAg,@MrBigblack62,Metro gotta respond in Braille 😂😂,0,0,2024-04-16T20:11:37Z,2024-04-16T20:11:37Z
UgxTsRuQT9iAPkU1KTd4AaABAg,@eusebiorobles3811,I didn't know Wilder did this.. So he's a Boxer and a reactor 😂😂😂,0,0,2024-04-17T11:17:38Z,2024-04-17T11:17:38Z
UgxJgOdSBkoTTlB0xvR4AaABAg,@majtechtings,750k views. I really REALLY hope you got full monetization on this one...youtube need to pay you EVERY PENNY too.,0,0,2024-04-27T16:52:00Z,2024-04-27T16:52:00Z
UgxkTHfS0H2ePY1fi6d4AaABAg,@soapy240,"U gotta check out the chris Browns beef with quavo, that is also going off right now",0,0,2024-04-20T14:16:32Z,2024-04-20T14:16:32Z
UgyLaZWbNElfNyFN1BF4AaABAg,@GangsterAstrology313,Turned into Sammy Tha Bull.  Saf,2,0,2024-11-26T08:16:44Z,2024-11-26T08:16:44Z
UgwfU9NLBOCfypid3O54AaABAg,@Borutootsutsuki1,Drizzy drake rogers,1,0,2024-04-18T21:51:24Z,2024-04-18T21:51:24Z
UgzfEHhIB1wz2fKSHC54AaABAg,@RatchetBeatsReloaded,You did exactly what you assumed other ppl did n they did it too,1,0,2025-11-07T20:22:37Z,2025-11-07T20:22:37Z
UgwBRUE_vyjKQxYyeYx4AaABAg,@DJ.9702,Pipsqueak pipe down is crazy lol,0,0,2024-05-01T04:23:29Z,2024-05-01T04:23:29Z
UgxauYagZexZCjOobix4AaABAg,@LajuanZ,Drake delivered fs🤝🏿,0,0,2024-04-16T20:40:35Z,2024-04-16T20:40:35Z
Ugz6U2Y2sELdGMvNUFZ4AaABAg,@jameslove7911,Forever drake,0,0,2024-04-17T06:11:19Z,2024-04-17T06:11:19Z
UgwtQxbqFpjgC0jlDld4AaABAg,@jaysprayer3930,I actually visualized Drake hiking down a mountain to have a conversation with K Dot 🤣,0,0,2024-04-15T20:03:49Z,2024-04-15T20:03:49Z
Ugw-AsFioJasOEMmTcJ4AaABAg,@dpoles86,Drake is on the Playlist.,0,0,2024-04-17T18:27:05Z,2024-04-17T18:27:05Z
UgxNv-MdzuvLGVaukhV4AaABAg,@KaneTheOG,"bro, those ""respect for drake for battling"" AGED SOOO BAAAAAD LOL",2,2,2025-02-23T00:54:11Z,2025-02-23T00:54:11Z
UgyP_WMuzZF3kVHH08d4AaABAg,@codyclingan9764,I can't believe u acted like that interscope line was so fire when it's been used so many times in beef,1,0,2026-07-08T22:46:46Z,2026-07-08T22:46:46Z
UgyS6QMqDYtXDfji2m94AaABAg,@n_tha_middlew.674,11:19 damn was that a shot at Ja Morant 🤔😮,0,0,2024-04-17T12:04:22Z,2024-04-17T12:04:22Z
UgzbyOLYLK4i6XIm-GV4AaABAg,@Willhenry7391,This #1b,0,0,2025-03-24T16:46:58Z,2025-03-24T16:46:58Z
UgxGFFxa5JQ3rqjlDM14AaABAg,@lordpritorax,WHAT TOP FIVE YOU SMOKIN ON KENDRICK,1,0,2024-04-15T16:20:57Z,2024-04-15T16:20:57Z
Ugxivh6Rhj6Et0RkdrF4AaABAg,@dh9661,Back to back drizzy is baaaack,0,0,2024-04-16T15:51:37Z,2024-04-16T15:51:37Z
UgzC2UaeySV96-xpNRd4AaABAg,@freshkobarplug7317,Next one gonna be so nasty stan,0,0,2024-05-01T22:57:32Z,2024-05-01T22:57:32Z
Ugx1OFNZ1MNnGAXtbKl4AaABAg,@leocrux6314,Triple threat mixtape. 3 songs each. For the title...I can dream,0,0,2024-04-16T23:37:33Z,2024-04-16T23:37:33Z
Ugx_jiAwOtWhFNOay6B4AaABAg,@stopyappin123,"bro great vid but chill with the ads man, you got like 50 ads in a 15’ video",0,0,2024-04-16T15:47:06Z,2024-04-16T15:47:06Z
Ugwg7Yw57GxK0TDYrLB4AaABAg,@lyssies4347,DRAKE WENT NUCLEAR,0,0,2024-04-23T01:18:16Z,2024-04-23T01:18:16Z
Ugz3fHgrN1usiPh3ye54AaABAg,@Sincerely414,Y'all know damn well y'all loved that shit at first... Lmao...😂,3,3,2024-06-24T05:18:20Z,2024-06-24T05:18:20Z
Ugz7JsH374Q86vFGay94AaABAg,@justindennis9950,We need a CASH MONEY RECORD DISSSSS bring drake and Wayne and birdman on a song Jesus Christ it would go nuclear,0,0,2024-04-24T04:45:43Z,2024-04-24T04:45:43Z
UgwqtuvjiY7RVU9V2tB4AaABAg,@ten_X_two,🤣,1,0,2024-04-16T07:52:05Z,2024-04-16T07:52:05Z
UgxS1cBe63GCEuk5HRF4AaABAg,@KixMusaid,Drake was cooking in the kitchen bruv,3,0,2024-04-19T16:23:40Z,2024-04-19T16:23:40Z
Ugzg_NId6ixiyOYLSA94AaABAg,@luyandaxulu8090,Trying To Keep It pg lang,1,0,2024-04-16T07:50:10Z,2024-04-16T07:50:10Z
UgyqfVQ2c5aFHhldlG14AaABAg,@K-LeanDaKidd,When you realize that the Tokyo line was a bar about him and future fw the same girl while she was still talking at Future 🔥,0,0,2024-04-22T19:23:45Z,2024-04-22T19:23:45Z
UgydwdA5jXGqnmcBaeF4AaABAg,@AkashimiNewsAfrica-wf1bj,BAM😂😂😂,0,0,2024-04-16T10:23:30Z,2024-04-16T10:23:30Z
UgyRby4mmuN-UYQdXZ94AaABAg,@versatilegamingmmo,"Drake really said stop it, get some help",1,0,2024-04-18T17:51:41Z,2024-04-18T17:51:41Z
Ugxmgukkvqnuq0gunY94AaABAg,@ToastyToast97,"Them ghost writers helped that boy, kung fu Kenny about to destroy careers",0,0,2024-04-16T09:14:39Z,2024-04-16T09:14:39Z
Ugx6fRrMNu75mIe2SH54AaABAg,@trueblue724,Stevie Knight glaze Kendrick waaaay too much to give an honest opinion on this Drake diss lol,2,0,2024-04-17T02:58:49Z,2024-04-17T02:58:49Z
UgwJKSClbBEcpuc-Jp54AaABAg,@kerohowgee,"eminem: drake, they gonna turn on u too
drake: let 'em",0,0,2024-04-16T09:38:21Z,2024-04-16T09:38:21Z
Ugx0sLvYWrQpYVB_QOl4AaABAg,@Bobswardo,The chip n dale line was different. The dogs name that they fuck with is Pluto. Let that sink in,0,0,2024-04-26T22:46:20Z,2024-04-26T22:46:20Z
UgxsHCAD9r4dVaydOeZ4AaABAg,@Xavier_14-09,i was thinking what if all these rappers planned this they tryna start “rap beef” so they can all blow up even more and stuff 🤔,0,0,2024-04-17T21:37:22Z,2024-04-17T21:37:22Z
UgxyQb_PdmBMdWwS6s14AaABAg,@Jzw04,Drizzy Chip n Dale. Goes back to the cartoon with Chip n Dale always getting chased by Pluto the dog and them always going at buut Pluto = Future,1,0,2024-04-20T16:25:55Z,2024-04-20T16:25:55Z
UgzPKxQ_pDEFHEINGlh4AaABAg,@leandroportillo1234,"There’s actually some crazyyy lines in here that people don’t even peep! Like the lines that at first glance we didn’t understand, they are there for a Reason.  Drizzy ChipNDale(a show where chip n dale always one step ahead of Pluto), probs got her chanel, ish will change if BM kiss and tell. ( song by Ciara)😮😳",0,0,2024-04-15T17:23:56Z,2024-04-15T17:23:56Z
UgzL0ACY7rrYf_DfwIh4AaABAg,@dajohnrondo,This feels like a Goku vs the ginyu force situation 😂😂😂,0,0,2024-04-16T05:28:17Z,2024-04-16T05:28:17Z
Ugysjxi8xp_81RkLkSF4AaABAg,@ShakeWeights,Remind me of ice cubes track “No Vaseline”,0,0,2024-04-17T19:55:42Z,2024-04-17T19:55:42Z
Ugy4E4JmqnM6Pj0JXRt4AaABAg,@KrispyyCookie,SZA bar aged like already spoiled milk 😭🙏,3,1,2025-02-02T15:35:28Z,2025-02-02T15:35:28Z
UgwAuOVzodLlkGnn7eN4AaABAg,@preethamshreyas3019,Here on 23 dec 25,1,0,2025-12-23T03:00:43Z,2025-12-23T03:00:43Z
Ugw3a4xMNfM6VcapWlh4AaABAg,@WTF-zs8cvWT,"btw scru did you realize what he says at the end ""keep it PG"" he's referring to Kendrick's label PGLANG",0,0,2024-04-17T11:52:13Z,2024-04-17T11:52:13Z
UgzS541hP174a2wqmTV4AaABAg,@fsmjr27,Drake is IRONMAN,0,0,2024-04-15T17:21:50Z,2024-04-15T17:21:50Z
UgyQYz_RmdGt7j1TABZ4AaABAg,@mandeanraje2300,"Watching these after Not Like Us is hilarious. They really were not ready, K took this to a whole different level bruh. K was doing something completely different. And ngl, I don’t like how he says ngga 😂😂😂. This track was good though but I’m from the future.",2,2,2024-05-26T01:09:05Z,2024-05-26T01:14:50Z
UgxFN4WftW3dAg1hqud4AaABAg,@CentralPk1,7:26 metro shut yo and make sum drums,2,0,2025-03-12T22:47:52Z,2025-03-12T22:47:52Z
UgwZancupoBdjzEQeUp4AaABAg,@nagamc2154,drakes ghostwriter went crazy on this one,0,0,2024-04-18T13:26:56Z,2024-04-18T13:26:56Z
UgyY0JPJG1CkNtTSipd4AaABAg,@oogabooga_72,"im strongly rooting for kendrick in this war, but i have to admit that Drake dropped some fire bars on this track",0,0,2024-05-01T10:24:19Z,2024-05-01T10:24:19Z
UgxLBVtcljMZNZZM6_t4AaABAg,@wakowako1994,"i wana hear hurricane chris hop on the chorus, then i wana hear wayne hop on this shit too like fuck it lets pick sidez  😂💯💯🥶",0,0,2024-04-16T04:04:38Z,2024-04-16T04:04:38Z
UgztZ606Sn9uAUfsvNZ4AaABAg,@adrianstoleru4796,Savage on da Big 3 fosho… don’t play with me,0,0,2024-04-16T21:35:22Z,2024-04-16T21:35:22Z
UgzL-e0b8ie1oL8PGDB4AaABAg,@RocketMotions,I never thought drizzy would cook harder than J Cole tbh but he went in ngl,0,0,2024-04-17T21:35:24Z,2024-04-17T21:35:24Z
Ugz6tfGtESuD2GF-gix4AaABAg,@mazzi.ozborne,Mike Jackson’s son’s name is also prince. double entendres sheesh,0,0,2024-05-01T12:53:51Z,2024-05-01T12:53:51Z
UgwBU1f5xq56k0Sqfk54AaABAg,@hamzamalik6818,"Prince - King bar is reference to Kendrick comparing himself to Prince and calling his music more meaningful and timeless in response to Drake comparing himself to Mike Jackson in third person shooter, also implying that Drake only cares about hits and his work will be forgotten in the grander scheme of things.",0,0,2024-04-24T09:34:19Z,2024-04-24T09:34:19Z
Ugyd-WhK7S2F3Vt5MFB4AaABAg,@KingPlat23,I wanted to also say something bout the MJ/Prince comparison that makes it’s even more the greatest… Prince died second and in second place 😩,0,0,2024-04-24T04:43:43Z,2024-04-24T04:43:43Z
UgybKVmvdwKdqq3U0wB4AaABAg,@Leon-iu6uu,I really dont like Drake but holy shit my respect for the guy just exploded like crazy its insane he really came for them man,0,0,2024-04-15T16:49:56Z,2024-04-15T16:49:56Z
UgzkQa5r5OU-It3C7Nx4AaABAg,@mikael557,"Yall should listen to drakes old ass song, ""Scorpio's Mind"". Nostalgic to listen to that and hear this diss now.",0,0,2024-04-18T00:36:50Z,2024-04-18T00:36:50Z
UgxmsQmAZR52-m2lZbB4AaABAg,@MrBlakeD82,"I never thought I'd say smething like this, but this track easily the best diss track I've heard since ""Killshot."" Never really knew Drake had it in him...",0,0,2024-04-19T20:49:43Z,2024-04-19T20:49:43Z
Ugy-nJqMrjccbN-8Lkd4AaABAg,@andrewherrera4403,Drake is on 🔥🚒 rest in peace J.cole,0,0,2024-04-22T02:11:56Z,2024-04-22T02:11:56Z
UgwFCDgqo4b4ACsyDSR4AaABAg,@JaydenCamacho-yh1cb,IF HE CAN SAY IT ICAN SAY IT,0,0,2024-05-07T02:13:52Z,2024-05-07T02:13:52Z
UgxzxoTJaB4mPuYWEa94AaABAg,@BiIlDipperIy,"It's good to finally see someone else acknowledge the fact that Drake ain't the one 🤣. People must either:
Forgot or not old enough to know Drake is a savage 😭.

And the ""trickin"" bar was about Cash, Abel's manager. But the bar about moving away from the 6 was about Abel 😂. He really fuckin snapped on this. And I can almost bet he's got a 2nd song ready to go whenever.",0,0,2024-04-19T22:41:35Z,2024-04-19T22:41:35Z
UgxLJ0-CisFOF3UJBuB4AaABAg,@SinCat-o8s,Drake cooking fr,0,0,2024-04-25T06:42:28Z,2024-04-25T06:42:28Z
Ugy-q6V_B-5DMx6x7nt4AaABAg,@RaySmith79,he just speaking facts. it's normal,0,0,2024-04-17T16:25:01Z,2024-04-17T16:25:01Z
Ugwd0qasZMguCnSyApF4AaABAg,@jakefansler9951,Check out this Symba and Cozz back and forth,0,0,2024-04-19T11:36:29Z,2024-04-19T11:36:29Z
Ugyl1-ij3zVFODMhv5p4AaABAg,@Kranberry777,Drake better respond to everyone cause he's been sneak dissing everyone for so long and he's burnt so many bridges,0,0,2024-04-18T15:08:37Z,2024-04-18T15:08:37Z
UgxwnFawgAdIjuvAEcV4AaABAg,@franciscojoao8520,90% of these comments aged like milk😂,2,0,2025-03-04T13:12:33Z,2025-03-04T13:12:33Z
UgydXzziiuri1c1-lXl4AaABAg,@wendycollins9776,I just really like Drake❤,0,0,2025-02-09T19:17:12Z,2025-02-09T19:17:12Z
UgzdvAcAZvJWrhuCW0V4AaABAg,@K.T.02,“I’m big in a Japan” he talking about one of futures girls.,0,0,2024-05-01T16:47:08Z,2024-05-01T16:47:08Z
Ugyf4-Pa4Rmm_TB6__d4AaABAg,@bsolfitzpatrick7380,That line beggn cas and not enough is that dude cas in his camp so he sayin either kdot or cole reached out to his people,0,0,2024-04-17T01:56:05Z,2024-04-17T01:56:05Z
UgyOfnxuTKGlYPDElPx4AaABAg,@ADRIANROUX-v7s,I'm from south Africa,1,0,2026-08-22T18:13:43Z,2026-08-22T18:13:43Z
UgzLgo4AnAvXFfE2p254AaABAg,@Shawfox53,drakes the boy kendrick the man,0,0,2026-07-02T23:02:54Z,2026-07-02T23:02:54Z
UgwbQIu1tvJ0EZtdW7p4AaABAg,@NotShefu,Ghost writer went crazy on this one ngl,0,0,2024-04-17T14:36:48Z,2024-04-17T14:37:07Z
UgxMBYpGCiViZ1SzwqR4AaABAg,@damiensane,Nobody notices the dub on pants and pens 🖊️ it’s very subtle though,0,0,2024-05-04T01:13:39Z,2024-05-04T01:13:39Z
UgzbfOqr15yRTqypUQJ4AaABAg,@dylanbarnes3791,"Bro said ""meat mangling"" and I died lol",0,0,2024-04-16T02:35:14Z,2024-04-16T02:35:14Z
UgwjjAUA-8Eo1lCLDh14AaABAg,@Honestlytruth,The fact u promoting ur song with metro after drake dissed him heavy 😂,0,0,2024-04-18T05:45:16Z,2024-04-18T05:45:16Z
UgyQ0ld85S1v0-PUL0N4AaABAg,@oisinmccaughna4198,Scru did u catch that witney bodyguard line?,0,0,2024-04-15T18:53:53Z,2024-04-15T18:54:33Z
Ugwia4bDe1hrx2NKHJl4AaABAg,@seandermont3469,THANK YOU! i been telling ppl this roast is strong af and ppl still aint hearing me,0,0,2024-04-18T01:11:06Z,2024-04-18T01:11:06Z
UgzZZUYW7LpmGqIpimR4AaABAg,@alm2603,Chip n dale line went way over people heads..chip n dale cartoon with Pluto,0,0,2024-04-16T17:40:23Z,2024-04-16T17:40:23Z
UgyTFmns2Rn82NqCcHB4AaABAg,@m.m.272,"Hello there! Would love to see you react to RM's new solo album ""Right Place, Wrong Person"" out on Friday May 24th. The pre-release track COME BACK TO ME comes out May 10th!",0,0,2024-04-29T20:28:47Z,2024-04-29T20:28:47Z
Ugz6ceIpeoawv5J6Xmx4AaABAg,@christopherebiogwu2750,Drake the type of guy dah will assemble his opps and say let the war start 😂,0,0,2024-04-15T22:59:17Z,2024-04-15T22:59:17Z
Ugyl9yE1CK7onMDnXQF4AaABAg,@Kingj42j,All the ones that had they hand out for a #1 dissing him is comical. Biting the hand that feeds you.,0,0,2024-04-15T22:09:04Z,2024-04-15T22:09:04Z
Ugxt3371SAvcM_gkxkh4AaABAg,@Zachsmokesdoinks,Chip n dale the cartoon and they messed with a dog named Pluto all the time 🤣,0,0,2024-04-24T15:17:50Z,2024-04-24T15:17:50Z
UgykJt8hKdoVSiCdJod4AaABAg,@TecArtScien,Why am i seeing this now.,0,0,2024-09-05T08:46:44Z,2024-09-05T08:46:44Z
UgxDoN7fHc3Da9VE65x4AaABAg,@MrWest-ph5yg,Drizzy out here bringing a mini gun to a knife fight,0,0,2024-04-17T16:02:02Z,2024-04-17T16:02:02Z
UgyrIBQKty-dPBBQE5l4AaABAg,@vegasveteran6308,Drake said I don't care anymore and let everybody have it.,0,0,2024-04-15T21:26:10Z,2024-04-15T21:26:10Z
UgwcnbyeyZkX0UTCO9t4AaABAg,@spinningredchair8092,"Drake said ""So its a 20v1... heh.. Good... looks like the odds are in my favor""",0,0,2024-04-18T16:51:24Z,2024-04-18T16:51:24Z
UgxQRUz6PG7wA67cFJV4AaABAg,@paceyombex,"Never a big fan of Drizzy, but DAMN!",0,0,2024-04-16T14:07:01Z,2024-04-16T14:07:01Z
UgyT54YJTBrDAlONXT14AaABAg,@ihy.search,he said “cole sit your weak ass down that dot shit was weak as fuck”,0,0,2024-04-16T21:29:57Z,2024-04-16T21:30:16Z
UgxmyNF2o_d8LkYW02V4AaABAg,@Bdjlegacy12,Drizzy has joined the chat 💬,0,0,2024-04-15T16:27:46Z,2024-04-15T16:27:46Z
Ugy7XA2padCqXQDE6PN4AaABAg,@ODWEST,Bro wit fully mix master everyone is good and bruh they wrote it again go 1 o 1,0,0,2024-04-16T10:02:30Z,2024-04-16T10:02:30Z
Ugz4yKMMY52Tp9QeErZ4AaABAg,@romarise7838,Listening to this now shows he wasn’t biased….,3,0,2025-02-20T07:07:22Z,2025-02-20T07:07:22Z
UgxX2AOFIO3jxq04Hs54AaABAg,@AustinVanDerAa,Scru you still got that hoodie in the closet after the lawsuits?😂,3,0,2025-04-16T18:31:26Z,2025-04-16T18:31:26Z
UgzXSUKrGojnomuy8kR4AaABAg,@EGL_TRAVERSE,“@ He’s slow roasting” 💀,0,0,2024-04-15T17:05:23Z,2024-04-15T17:05:23Z
UgzWTFDzAkyXTALIr3t4AaABAg,@Michael-ew3qv,Drop and give me fifty!!!,0,0,2024-04-18T18:08:44Z,2024-04-18T18:08:44Z
Ugymt5opMA4Fbm75XU54AaABAg,@JWFitness1,Drake took them like Cube destroyed NWA. Crazy.,0,0,2024-04-19T23:49:11Z,2024-04-19T23:49:11Z
UgwvbQPCmJtudPoZrCN4AaABAg,@TODOSSOMOSREY,Beggin’ casi nada=hardly ever beggin’ (Spanish),0,0,2024-04-25T16:51:53Z,2024-04-25T16:51:53Z
UgylSPj6CQ2zUmzB2Z94AaABAg,@theenatashasheree,"12:27 shoutout Mike Jones, Hurricane Chris for the OG “drop and give me 50”✨✨✨",0,0,2024-04-16T01:00:31Z,2024-04-16T01:00:31Z
UgyOnP5R80vmDLCcQg94AaABAg,@Trolle04,Over a year later scru switched up😭,2,1,2025-08-12T14:53:25Z,2025-08-12T14:53:25Z
Ugwh6vBHLA4ihO31MQ94AaABAg,@shutupisaac4977,Drake really was the main character…😵‍💫,0,0,2025-02-12T05:27:27Z,2025-02-12T05:27:27Z
UgzkEYplIdOCAeysL354AaABAg,@5kywrd,that’s the second kai reference i’ve heard,0,0,2024-04-22T02:09:21Z,2024-04-22T02:09:21Z
UgwtRxVfo6-5LEKcl_x4AaABAg,@djtimspaceking8306,Metro shut your*********** It makes some Drums Drake is a goat. Stop playing With him He's on demon time and I'll love it,1,0,2024-04-22T15:23:33Z,2024-04-22T15:23:33Z
UgwtTG5JlcgjNRtr5OB4AaABAg,@yasserfaouzi2098,"7:25 metro drums diss, you're welcome",0,0,2024-05-01T00:55:35Z,2024-05-01T00:55:35Z
UgyCBu4PbKUyE4qaIO14AaABAg,@andrewrollins727,#Emsaiditfirst,0,0,2024-04-16T01:22:25Z,2024-04-16T01:22:25Z
UgwCVmSyQAXLnRU9xA54AaABAg,@brianteague44,"Having to ""hike"" down a mountain to get to kendrik level is crazy",0,0,2024-04-17T10:45:32Z,2024-04-17T10:45:32Z
UgzKMSGfTVgd_xmCbcV4AaABAg,@brianteague44,"Having to ""hike"" down a mountain to get to kendrik level is crazy",0,0,2024-04-17T10:44:28Z,2024-04-17T10:44:28Z
UgxnmWi8WMu5IUl6rsx4AaABAg,@iTsOfficiallyPluto,He had a different bar for Ross at first he told him “stfu and worry about that shit he got going on with Diddy” 😅,0,0,2024-04-15T21:06:47Z,2024-04-15T21:06:47Z
UgwbIWv7Xff1dhGY7VJ4AaABAg,@gravenmohetau,missed the “i be w body guards like whitney” kdot wife got crushed by a bodyguard,0,0,2024-04-15T23:54:24Z,2024-04-15T23:54:24Z
UgxLVleSIp6pJPPrvex4AaABAg,@Ohh_EB,"So where does Lil wayne come into this, Does wayne back up drake?",1,0,2024-04-15T17:28:33Z,2024-04-15T17:28:33Z
UgzUxlhOCfqzPPCBY-54AaABAg,@RookieCommentor,"Maybe it's just me, but no one caught the 'And you gon catch the Aftermath of what I write down' bar. 

Em had an album called Aftermath, Kendrick roll deep with Em and lowkey referenced him in his verse on the album.",1,0,2024-04-18T02:28:52Z,2024-04-18T02:28:52Z
UgwBI74m_l7P_bcy9cx4AaABAg,@jaydengotthegametho9823,Not I'm proud🤣🤣🤣🤣🤣🤣🤣😂me too tho.  Gotta luv drizzy,0,0,2024-04-16T09:54:33Z,2024-04-16T09:54:33Z
UgyZ-2Sx6jnVp8ChN9t4AaABAg,@livingincreation,No more greats? 🤔 14:45 I’d hope there will be,0,0,2024-04-17T23:45:43Z,2024-04-17T23:47:07Z
UgwPlJf5KWAPADCM7Zh4AaABAg,@JoshhGee,"Im a fan of all 3, definitely more of a drake fan tbh, but I love that all 3 got in the ring (pre j Cole apology lol)

I respect Kendrick a lot tho, if he really wants to he’ll respond and kill drake kinda easily cause there’s a lot of ammunition vs drake. I hope he does",0,0,2024-04-15T19:58:09Z,2024-04-15T19:58:09Z
UgwBYfrz0clTOR_OuKt4AaABAg,@datravens,this is the first time in my entire life I took drake serious,0,0,2024-04-25T02:04:20Z,2024-04-25T02:04:20Z
Ugwq75ud4zusCEgMEP54AaABAg,@alesdiofficial,Metro about to produce a diss for kendrick with no drums,0,0,2024-04-16T15:56:09Z,2024-04-16T15:56:09Z
UgzF6SicQhrD5WM9qqN4AaABAg,@thedramaticcharismatic5664,"All this did was clear the field.  It was all these dudes versus all these other dudes, and now its just Drake versus Kendrick as it always had to be.",0,0,2024-04-17T21:58:16Z,2024-04-17T21:58:16Z
UgwmWegbjT7x7hRb2wx4AaABAg,@crybabychris3078,Drake is a child of Battle Rap lol cause that interscope bar comes from Serius Jones when he battled Charlie Clips when he says “And the next round is gone be way more Shady cause right now you Interscope (in a scope) it’s 2-0 Let’s Gooo” 🤷🏾‍♂️,0,0,2024-04-18T17:15:46Z,2024-04-18T17:15:46Z
Ugw-YVU_l8nAsUltqe94AaABAg,@Aaron-sn5ju,I think he dissin youngboy when he said he’s on top the mountain actually,0,0,2024-04-16T16:28:22Z,2024-04-16T16:28:40Z
UgwPyNfMGCRuoF4onc54AaABAg,@chrismason560,🧊🧊🧊🧊,2,0,2026-04-21T01:10:15Z,2026-04-21T01:10:15Z
UgzG-AXs_9dvfkC5y1N4AaABAg,@EdwinCruz-ko7yd,He talking,1,0,2024-04-16T02:53:05Z,2024-04-16T02:53:05Z
Ugw2KfUfnnlbvPztmfZ4AaABAg,@chrisg6986,Put the metro track in description,0,0,2024-04-16T21:18:32Z,2024-04-16T21:18:32Z
Ugz8rn_wuah-sjgAOKx4AaABAg,@robertshope7339,Drake about to be quicker with his responses than kdot while he is on tour lmao.,0,0,2024-04-16T17:49:39Z,2024-04-16T17:49:39Z
UgxR5CdM1MlgviEteUN4AaABAg,@LuisMesa-r2s,This reaction is so funny to see after he said Iceman was wack 😅😅 These bars are nothing compared to Ice 🧊🧊,1,0,2026-06-26T04:47:21Z,2026-06-26T04:47:21Z
UgwBsCo2brImlbj6anN4AaABAg,@Muskan-xn5ke,"I loved your reaction on this!! Can you also react on BTS's RM upcoming album ""Right Place Wrong Person"" releasing on 24.05.24. The pre-release track ""Come back to me"" from the album will be out on 10th May. It would be great to see your reaction. Thank you!",1,0,2024-05-01T11:08:20Z,2024-05-01T11:08:20Z
Ugx-VXN79kECdLaXNvV4AaABAg,@MalachiSlade,Bro you look like jimmy butler ngl 😂,0,0,2024-04-18T00:02:40Z,2024-04-18T00:02:40Z
UgxxzRfV2quSsw4q4JZ4AaABAg,@StunkBeagle,"Not a huge Drake fan, but he shocked me here… 😳",0,0,2024-04-17T18:55:42Z,2024-04-17T18:55:42Z
UgxbNLZ8GyC9if5yqtV4AaABAg,@Bishophill5550,"Drop and give me 50.. yeah could be push-ups. But I took it as ""Drop that album and give me 50%""",0,0,2024-04-16T17:57:26Z,2024-04-16T17:57:26Z
UgyUE2zl4Zxyfq_GkNJ4AaABAg,@EstudosLatim,Lmaoooo  3:05,0,0,2024-09-12T12:00:22Z,2024-09-12T12:00:22Z
Ugy_v2BE1u1a86Z6P194AaABAg,@86ed_,Kendrick needs to come bsck really hard,0,0,2024-04-19T03:06:30Z,2024-04-19T03:06:30Z
UgwffMiQxq42RmNyNWd4AaABAg,@kr1sta63l_xo,he slapped The Weeknd 😭😭😭😭😭😭😭😭😭😭😭😭😭😭😭😭😭,0,0,2024-04-29T13:11:50Z,2024-04-29T13:11:50Z
UgyIeKAn3-euJCvXtiF4AaABAg,@TheSpeakersofFlames,I blame Push for this dis 🤣🤣🤣🤣🤣,0,0,2024-04-19T14:47:33Z,2024-04-19T14:47:33Z
UgxaBOIsPbyTQbws-kl4AaABAg,@DaCount,that whitney shit was dark,0,0,2024-04-17T19:21:58Z,2024-04-17T19:21:58Z
UgzU_nBzVCrWI-Z6aoJ4AaABAg,@Danny-pu7nw,"If this is just a part 1 on his diss, then this man's warmup is over. That's the scary part of Drake.",0,0,2024-04-17T10:50:40Z,2024-04-17T10:50:40Z
UgzXDRH5clip4GYO8Cd4AaABAg,@astro_wrld7130,Few months later,0,0,2024-10-23T15:56:19Z,2024-10-23T15:56:19Z
UgzaUtSaq7E1ftKniIx4AaABAg,@mduncan5654,"How you ignore the ""hike down"" 😅",0,0,2024-05-20T16:36:43Z,2024-05-20T16:36:43Z
UgybCkoIbRZiVNFV0Nx4AaABAg,@Hometown989,Drake did Ross a favor taking out the diddy line lol,0,0,2024-04-16T18:19:13Z,2024-04-16T18:19:13Z
Ugyz1vpotm1gu0VhKz94AaABAg,@IssaFram,His ghost writers were working overtime,0,0,2024-04-17T21:37:22Z,2024-04-17T21:37:22Z
UgwpvDmSWOdY3O6yFp54AaABAg,@jackenuqs,"Hello, hoping you would also react to RM's upcoming album ""Right Place Wrong Person"" coming out on May 24. RM is a rapper and leader of BTS.",0,0,2024-04-29T14:19:24Z,2024-04-29T14:19:24Z
Ugw15DEI_ICakGyrjJd4AaABAg,@ExoticMotion95,So we can’t ignore the if your BM start to kiss and tell reference to her song - Ciara Kiss n tell . And him actually really meaning it . This man is channeling his inner Wayne . 😂😂😂😂😂😂😂,0,0,2024-04-17T16:25:49Z,2024-04-17T16:25:49Z
UgyAF5xqUef7EBnVTHV4AaABAg,@Viiral_Sigma,When a Canadian is pushed against the wall,0,0,2024-04-19T17:48:47Z,2024-04-19T17:48:47Z
Ugz9z5Yfwb0Yl_3uMyV4AaABAg,@bray7426,This drac,0,0,2025-08-19T00:10:56Z,2025-08-19T00:10:56Z
Ugz-PWhwSpPEIFhIdt54AaABAg,@Life.2rt,Promoting metro booming with your song after the reaction you made to Drake’s diss on metro is wild 🤣🤣🤣,0,0,2024-04-17T09:26:48Z,2024-04-17T09:26:48Z
UgyCrzRosIOKM5Yo8e94AaABAg,@johnnyeayre110,Drake vs Kanye is what I want,0,0,2024-04-24T13:34:38Z,2024-04-24T13:34:38Z
UgyCDxIg5CzT-v0G5Tt4AaABAg,@bigbruhboo,Short jokes don't work when you realize that just means every hit is below the belt,0,0,2024-04-15T17:24:19Z,2024-04-15T17:24:19Z
UgwFW-HJgxSbJMBkVsV4AaABAg,@zackmann4307,Yooo k dot dropped on drake plz react to tht he dropped this morning,0,1,2024-04-17T14:03:30Z,2024-04-17T14:03:30Z
Ugx6vMwip5RWm4bU7rp4AaABAg,@speedyfriend67,😮😮,0,0,2024-04-16T14:25:40Z,2024-04-16T14:25:40Z
Ugz17s0iiITsBJeZNfd4AaABAg,@PARDGM,Drake has been a fan of Battle Rap cause KOTD reps Toronto like Drake does. React to Diz vs DNA where Drake is a judge on that battle. It’s like 10 yrs old.,0,0,2024-04-21T18:00:16Z,2024-04-21T18:00:16Z
UgwJ4QP9lNpNbmuB2zt4AaABAg,@nicoswish7815,"Scru Called it , Drake rlly study battle rap man lol he came too hard with the bars , rebuttals, all of it , wtf Kendrick gonna come back with ?? Can’t come back with stats ?? Lmfaooo only one who can right was pusha , Dot is in a scary spot now 💀",1,0,2024-04-16T07:07:36Z,2024-04-16T07:07:36Z
UgzpGEQYrZtSx7lpRad4AaABAg,@AboveJit,He said begging Kai Cenat,0,0,2024-04-15T21:06:38Z,2024-04-15T21:06:38Z
UgwiZniOHBlV-1gv-Ix4AaABAg,@evi9929,Drake smart he knew to wait till Cole dropped because he knew it was gonna flop then respond,0,0,2024-04-22T00:57:24Z,2024-04-22T00:57:24Z
UgzYoYOYlLglndJmdWR4AaABAg,@MelanieDaria04,Drake Back to Back 2.0🤣,0,0,2024-04-16T21:16:16Z,2024-04-16T21:16:16Z
UgyQgf5GBlIw0b2b6pV4AaABAg,@Professor_WAAHH,if kendrick dont respond to this by next week he might as well apologize too XD,0,0,2024-04-23T01:34:34Z,2024-04-23T01:34:34Z
UgzNNUjgq7R-dzSepm14AaABAg,@mrskate7771,"I want hopsin to join kendrick, with pusha T. Kendrick needa bring out pusha T and hopsin",0,0,2024-04-17T15:14:13Z,2024-04-17T15:14:13Z
Ugy_pn5MGJxht3xVR-t4AaABAg,@KelseyJ_22,"There's a rumor that  to get out of his deal with TDE early, Kendrick Lamar had to drop 1 more album and pay TOP (aka) TDE $50M. I wonder if it is true or not",0,0,2024-04-17T23:47:50Z,2024-04-17T23:47:50Z
UgzzhWOo-fptFLcpIDp4AaABAg,@JaredAlmazan-m5v,See all y'all gotta do is bully Drake enough he might come back swinging it's probably gonna be funny seeing joe Budden reaction to this lol,1,0,2024-04-15T20:07:07Z,2024-04-15T20:07:07Z
Ugxn4YiFotuuczg8XPl4AaABAg,@natehornback,People saying scru glazing kendrick yet HE IS THE ONLY ONE who gained respect for drake after the beef everyone else makes fun of drake and he is being baised,1,0,2025-02-26T00:41:18Z,2025-02-26T00:41:18Z
Ugx_rGJS2knloA88YNZ4AaABAg,@jdthegreatone2757,"Kai cenat is a streamer, hes lil in stature like kendrick(much smaller but i think that was the point)",0,0,2024-04-16T00:06:36Z,2024-04-16T00:06:36Z
UgylKCNkRVawwVK20OR4AaABAg,@adrianb714,I think Kendrick might go Tupac mode after the Whitney bar,0,0,2024-04-16T00:34:05Z,2024-04-16T00:34:05Z
UgyvL0spxfSV7GowbFF4AaABAg,@likklebaby1248,"Hes at the top of the mountain, to talk to him he had to hike down... i seen you keep replaying it, i dont know if u heard it or not but thats what i heard bro",0,0,2026-05-21T02:12:11Z,2026-05-21T02:12:11Z
UgwznASxBsFcp7Km2U94AaABAg,@tr1nto,i dunno who is the ghostwritter who cooked but he need some respect,0,0,2024-04-17T14:22:58Z,2024-04-17T14:23:21Z
Ugwu1mtA8W0216EikAN4AaABAg,@Troll_face-f7t,😂😂 It was u see how karma works,0,0,2024-04-19T19:02:34Z,2024-04-19T19:03:16Z
UgzgEEAGs7vZURy7pYF4AaABAg,@curtmerc16,The amount of ppl talking about ghost writers is crazy… y’all act like Drake aint been doing this beef shit 🤣😂,1,0,2024-04-16T23:39:41Z,2024-04-16T23:39:41Z
UgxPhVIf9c2KxkPjQMR4AaABAg,@344shadowking,Man ended by saying im tryna keep it PG.. this means my man has that ammo in the clip waiting on these mf! Drake is the final boss fr,0,0,2024-04-18T01:24:45Z,2024-04-18T01:24:45Z
UgzUK7sI4Mj35YaE4zV4AaABAg,@matthewmakani6755,"“I just had a talk with your ass I had to height down 
Big difference between mic then mic now”

 (when Drake uses a mic it’s higher  and it’s lowed for people Kendrick height) crazy 

He repeated it like 3 times 😂 didn’t catch it still",0,0,2024-04-16T23:06:41Z,2024-04-16T23:06:41Z
UgyzkdpEDFzuEBSKFrV4AaABAg,@ghostghost9112,"the rolling loud and BM kiss n tell line i feel like was for asap, could be wrong tho, asap did dissed drake n travis at rolling loud last year",0,0,2024-04-19T07:02:57Z,2024-04-19T07:02:57Z
Ugwhzwf2Ls93C1xB7oR4AaABAg,@dominicrobles8995,Mitch bade,1,0,2024-05-02T17:19:31Z,2024-05-02T17:19:31Z
UgxBtAx2X-Gfed9N58l4AaABAg,@AdrrenaIine,Some where right now Weezy is smiling for what he created in Drizzy.,0,0,2024-04-16T12:32:26Z,2024-04-16T12:32:26Z
UgymMVrYoq41YjNFYp14AaABAg,@surreelll,DRANOS,0,0,2024-04-26T01:27:00Z,2024-04-26T01:27:00Z
UgzOjTZqjqnXW6ef_ix4AaABAg,@ÇrówFR-WWM,20v1 beat 19,3,0,2024-05-09T02:38:35Z,2024-05-09T02:38:35Z
UgwwDOXrbkfvJQIok0t4AaABAg,@OPPU73NT,Drake has the most number one hits. Even if Kendrick wins this beef he’s still not out selling drake ever.,0,0,2024-04-17T05:51:26Z,2024-04-17T05:51:26Z
Ugwwxk8VFaXjeY7Xrzl4AaABAg,@z.4_life,Man im sad j.cole aint really feel like battling but drake spittin🗣,0,0,2024-04-19T20:12:50Z,2024-04-19T20:12:50Z
UgxM8vIVwnJk3xZB6Zt4AaABAg,@JosePullzTcg,You d riding,0,0,2024-04-15T22:10:06Z,2024-04-15T22:10:06Z
Ugw4LH2_LCAcdIHnhbx4AaABAg,@5kywrd,13:39 kai cenat,0,0,2024-05-01T15:54:27Z,2024-05-01T15:54:27Z
UgyO5ym7QF1PFyD0Yfh4AaABAg,@adamniemi774,"If Em catches a stray in all of this, everything gon’ fade to black. Cold War heatin up.",0,0,2024-04-19T00:46:09Z,2024-04-19T00:46:09Z
UgwZBnzoZIOCIZ53Qg54AaABAg,@vanessacallender1332,Canada King,0,0,2024-04-23T16:43:34Z,2024-04-23T16:43:34Z
UgzuqBfFRJv57VUEqUp4AaABAg,@Thelovingshinobi,"They all just lucky Wayne ain’t involved 🤣

Wayne and Em kicking back like “finally the rest of the z warriors getting they levels up”",0,0,2024-04-16T17:20:47Z,2024-04-16T17:20:47Z
UgwKAsV8J6pbPfs76xB4AaABAg,@ChaseMayHEM219,You late!!!!!! Where is the new diss reaction!!!!!!!,2,0,2024-04-20T08:19:25Z,2024-04-20T08:19:25Z
UgxVtAktv1dGpp0RJb14AaABAg,@hannanounou3153,Please react to RM. RM of BTS will release his new album RIGHT PLACE WRONG PERSON on Friday May 24th 2024.”,2,0,2024-04-26T17:58:04Z,2024-04-26T17:58:04Z
UgxYv6YIolrHNWjCTq14AaABAg,@xKeegZ,Respect for answering? Sure. But that’s about it. Lol,0,0,2024-04-15T18:16:08Z,2024-04-15T18:16:08Z
UgxHsUrgRfCnpTJ5lfd4AaABAg,@raimondogualazzini,If drake dropped this after kdot  not like us maybe the battle would have gone different,2,3,2025-03-11T11:27:59Z,2025-03-11T11:27:59Z
Ugyl_5LN6LZpOjz5FTh4AaABAg,@infernz9482,"Where is the ""this the closest thing yall get to a feature now"" bar 🤣",0,0,2024-04-17T14:12:00Z,2024-04-17T14:12:00Z
UgzqxxCMLA6_eNMOqih4AaABAg,@scottdaniels2500,You should listen to lovelyti2002 she has more break downs that a lot of people missed,0,0,2024-04-15T18:09:38Z,2024-04-15T18:09:38Z
UgxZo3PBpvTHh-K6xd94AaABAg,@Szechaun_Don,Can't believe j Cole didn't want to participate in this,0,0,2024-04-16T23:36:40Z,2024-04-16T23:36:40Z
UgzEIRdH5jjPpsg7z894AaABAg,@ltfm9861,4:16 D.R.A.K.3 did his r3s3arch,0,0,2025-07-17T01:13:20Z,2025-07-17T01:13:20Z
Ugya8vdra5n3B2P8djZ4AaABAg,@preethamshreyas3019,7:21,1,0,2025-12-23T03:04:10Z,2025-12-23T03:04:10Z
UgxDEc7VS3bwZfx083d4AaABAg,@justindennis9950,Also what if the entire thing is fabricated for publicity 😂☠️ would be fucking wild,0,0,2024-04-24T04:50:07Z,2024-04-24T04:50:07Z
Ugw4lmreSfqRHBOIsNN4AaABAg,@abubakrjoosub8572,Imagine a wayne feature,0,0,2024-04-18T02:43:28Z,2024-04-18T02:43:28Z
Ugya9CEKLAWUer3XSid4AaABAg,@ShadmehR_23,"none of you though Drake could this on this level..
but this man is mad know
like back to back track!!
he just ruined them!",1,0,2024-04-16T12:50:47Z,2024-04-16T12:50:47Z
UgxbS0xy0zHwmae1z1p4AaABAg,@souljaboy925925,Kai Cenat the stream,0,0,2024-04-15T18:09:43Z,2024-04-15T18:09:43Z
Ugw5PEl044KOGzjpI9N4AaABAg,@kiyrashba,Nah ghost writers were cooking a lil bit💀,0,0,2024-04-16T16:27:17Z,2024-04-16T16:27:17Z
Ugxm0-X3A1gaKuvyTAR4AaABAg,@force089,Drakes new Phase???!!??,0,0,2024-04-23T16:32:36Z,2024-04-23T16:32:36Z
UgzT9782xr4B_f5Ib2J4AaABAg,@MikeDeesNuttz,Jay vs nas was maybe the greatest time ever.,0,0,2024-04-23T21:09:56Z,2024-04-23T21:09:56Z
Ugzf0bQEXNU2rwMXUp94AaABAg,@ppdiff6303,Idk how everyone misses the naan bar but its so good,1,3,2024-04-18T23:51:45Z,2024-04-18T23:51:45Z
UgyLjMToD6fHaZzvxtV4AaABAg,@jordanbrooks1927,drake even dissed ja morant 😂😂,0,0,2024-04-15T16:26:49Z,2024-04-15T16:26:49Z
UgwCTuwwX7moOG_hJlx4AaABAg,@saucegodduece1721,All these comments 😂and nobody’s seems the respect the fact that he was right ..Savage got Kendrick cooked right now 😂😂😂like 21 been going insane,1,0,2024-04-18T17:31:03Z,2024-04-18T17:31:03Z
Ugwbmeq1aM7_dYT15mR4AaABAg,@oussama.a.b_6131,"Well Eminem he predict this War 9 months ago check  ¬
[Zeus song by Eminem at 02.04]
It goes like : - - >
and Drake they going to turn on you one day too.] - this line",0,0,2024-04-17T08:07:36Z,2024-04-17T08:07:36Z
Ugzbs0aFLaIvlD4CnbV4AaABAg,@traviswalker5365,Can the “goat” use a ghostwriters? Can you have the illest pen AND use a ghostwriter?,0,0,2024-04-16T04:18:06Z,2024-04-16T04:18:06Z
UgzSIeo61iggmROxS054AaABAg,@kofi3719,"he said he at the top of the mountain and just to come diss you he had to come down to your level. lol,  implying still he bigger than you 🤣",2,0,2024-04-16T01:23:31Z,2024-04-16T01:23:31Z
UgxLuQJKQg0KeIj-eqF4AaABAg,@user-ul7bp1og8g,great reaction but this is some fucking next level glazing,0,0,2024-04-19T23:48:59Z,2024-04-19T23:48:59Z
Ugyx1SP2cqipqKhDqY94AaABAg,@sliceyuh,Oh hell na bro😭 This is not the time to be dropping a song with metro wtf😂😭😭,1,0,2024-04-17T21:33:48Z,2024-04-17T21:33:48Z
UgyBrmDpg1w5R6RVPS14AaABAg,@bukhobana8142,@8:43 it's funny cause you came out of this with less respect for him 😅,1,0,2026-01-12T00:25:38Z,2026-01-12T00:25:38Z
UgywZRp-gRteGCqReih4AaABAg,@deadringer-cultofdeathratt8813,"I know Drake for 2 things: Hotline bling memes, and diss tracks, and it’s not 2k16 anymore.",0,0,2024-04-23T16:06:07Z,2024-04-23T16:06:07Z
Ugwx_CQikjB1lU57PzZ4AaABAg,@RichLast-zj1yx,"But for real after everyone was saying drake would NEVER respond . He's the only one going wild right now and taking on everyone , even name dropping and not just sneak dissin . Drakes the only one who jumped in the ring so far out of the ""big 3""  and didn't bow out . ....I wish cole would have went hard in the paint though first before bowing out it would have been cool to hear drake go hard like he did in the second half of 7 min drill",0,0,2024-04-19T22:51:29Z,2024-04-19T22:51:29Z
Ugw1sWat8i6QRxjA7bd4AaABAg,@TheCloakedCanvas,"(No disrespect. Respectfully, I had to listen to this track 7 times to fully dissect it. And even then I still think I missed some.) I think you missed the “your pants might split” line. Yea it was a jab to how their contracts split. 
But also saying that they’re doing the splits on the floor like a stripper bitch. Meaning they’re puppets/bitches belonging to their label. 

Like you said, drake only had 3 minutes and 50 something seconds. And he used every single up and down beat. He was so quick with it, a lot of it goes over our head if you don’t listen carefully. Dude is mad disrespectful. Love it. 

Good video.",0,0,2024-04-17T16:17:30Z,2024-04-17T16:17:30Z
Ugx_pyZPhn_6B_SpEuB4AaABAg,@MrJoaoTraquete,Funny thing is at least 50% of Drake fans don't even know the whoo kid drop. To me it's probably the best detail in the diss. It's a stamp,0,0,2024-04-21T22:06:49Z,2024-04-21T22:06:49Z
UgzjsaBmbWNSeRx-vCd4AaABAg,@seyimax,Who else here April 2025?,1,0,2025-04-09T22:44:05Z,2025-04-09T22:44:05Z
Ugy3yH8quNmuZeJ_geZ4AaABAg,@CJM23,Sza does have more streams than Kdot,0,0,2024-04-15T20:48:36Z,2024-04-15T20:48:36Z
Ugxse3njG09_FxeRODl4AaABAg,@ANON29421,Like that goes way harder imo,0,1,2024-04-20T12:20:58Z,2024-04-20T12:20:58Z
UgxhoJ71z1s7uGqad6d4AaABAg,@thatoneguyfaded,"Kendrick, Future, Rick Ross, Weeknd, Metro. 5 people... IN ONE DISS TRACK. People don't understand just how big of a deal that is, or how commendable that is. Crazy to even attempt it.",0,1,2024-04-16T17:36:24Z,2024-04-16T17:36:24Z
Ugy0WTj4QMEXSbyhiCV4AaABAg,@jorgeawad2762,He looks like shaquerl O’Neal,0,0,2024-04-19T20:37:01Z,2024-04-19T20:37:01Z
UgzpYoEPHUopWKABXYJ4AaABAg,@Aceofwolves,Damn this did NOT age well.,2,0,2024-12-10T04:18:08Z,2024-12-10T04:18:08Z
UgzYiaKrJkl3bQ3OwlR4AaABAg,@DBoyd-xo6ne,😂😂😂,0,0,2024-04-16T19:45:05Z,2024-04-16T19:45:05Z
UgxwCbUabw9lrz57ZSt4AaABAg,@rextex9613,Cause I’m big in Japan,0,0,2024-04-20T17:25:30Z,2024-04-20T17:25:30Z
Ugx9LSsnLsgP97CYwBF4AaABAg,@wesatrk,Bro you know who Kai Cenat is don’t Cap,0,0,2024-04-16T17:35:58Z,2024-04-16T17:35:58Z
Ugw9GP6c2wXyI6XLD4x4AaABAg,@Jacketsfan96,I haven't heard a diss track this good since pusha t roasted drake. I love Drake but felt like his recent tracks were a bit weak. But damn drizzy is back now 🔥,0,0,2024-04-20T09:16:33Z,2024-04-20T09:16:33Z
UgynFxm9lr82aqH3wc54AaABAg,@javiercordova2108,"I hate on Drake a lot, but he really showed up with this diss",0,0,2024-04-23T01:32:36Z,2024-04-23T01:32:36Z
UgzF8JxP3nvEADp65Et4AaABAg,@b.e.s.w.2189,Dont underdstand how you drop a drake diss reaction vid than end with a metro booming song promo....,1,0,2024-04-16T17:44:47Z,2024-04-16T17:44:47Z
UgwopNxnhqwzjelFxGV4AaABAg,@BiIlDipperIy,"“Drop and give me fifty” is a double entendre. Firstly, it references a viral 2023 video of rapper Kendrick Lamar doing “prison push-ups” outside. Secondly, it refers to Kendrick “dropping” music and having to give 50 percent of his earnings to his former label, Top Dawg Entertainment."" - rap genius

Yo this man Drake is fuckin COLD 💀.. The whole track is a double entendre, even the name. And the ""huh"" ad-lib he does on that bar, is mocking Kendricks ""Silent Hill"" album. 😭 I can't wait to see part 2",0,0,2024-04-19T23:06:32Z,2024-04-19T23:06:32Z
UgyEFLxixHM7IIFDzJZ4AaABAg,@CaseohLiveClips,You don't need to pause every bar unc,0,0,2024-05-05T22:58:50Z,2024-05-05T22:58:50Z
UgwTvhN5TF4mVcdBh4B4AaABAg,@HeyNow4,Who wrote this? 😂,2,0,2024-05-10T04:01:38Z,2024-05-10T04:01:38Z
UgyzE7qOl7DmQ3P-SHF4AaABAg,@spiderkive,"Hello. Can you please react to RM's new album ""Right Place, Wrong Person""
out on Friday May 24th. RM is a rapper and member of BTS.",1,0,2024-04-29T21:02:44Z,2024-04-29T21:02:44Z
UgzlCylJPrWuDt1VUyV4AaABAg,@Firstnamelastname..,if kendrick lamar gonna bring up grammys idk......,0,0,2024-04-25T01:07:17Z,2024-04-25T01:07:17Z
Ugy1feXaVNiwzn-Wetl4AaABAg,@datube5913,What’s the likelihood that Drake actually wrote this himself? I wanna hear from people more informed than me. I hope this was all Drake. This is gonna be so much fun,1,1,2024-04-21T00:47:39Z,2024-04-21T00:47:39Z
Ugx8dFVHaWQuCapqiSl4AaABAg,@ryanfromcanada778,Man it's crazy watching this shit back. All this cornball had to do was not get in his feelings over Not Like Us.,1,0,2025-12-29T14:52:27Z,2025-12-29T14:52:27Z
UgzyKs0hZiee1RQypq94AaABAg,@effellakay7988,Ganging up to diss drake all fun and games till u hear that lighter flick on a track,0,0,2024-04-19T06:57:56Z,2024-04-19T06:57:56Z
UgwBmXBUmgNz9WxFFPh4AaABAg,@madasemaj4011,"Let me be high rq. So I was watching this video yesterday about ‘If the USA had to fight the entire world’ Drake is giving me that USA energy😂
But who thinks others in the industry will come to Drakes defense? Not saying he needs it, but imagine Wayne pulling up. Them mfs would be ARMY OF TWO OUT DIS MFFFF 😂💯",0,0,2024-04-16T17:55:49Z,2024-04-16T17:55:49Z
UgwnsFArCCZYCZTHr7B4AaABAg,@ambarlee717,You are one of the first who noticed the maroon 5 and swifty shit lol this mfer went in and I'm not a drake fan lmao 😂 I LOVE RAP BEEF!!!! but keep on the beats,0,0,2024-04-16T10:31:59Z,2024-04-16T10:31:59Z
UgwgQvpSRhUB_oKNnpt4AaABAg,@123crymylove,This is the only drake song I like fr,0,0,2024-04-15T20:15:39Z,2024-04-15T20:15:39Z
UgwfsF6sLOBTstwtl8R4AaABAg,@GabrielHernandez-hj1iz,Kay cenat released a song with Metro 😂🤣,0,0,2024-04-16T13:56:26Z,2024-04-16T13:56:26Z
UgyToc7tAY6GDjIjrd54AaABAg,@mattem-ww8ou,Who's winner in this round?,0,0,2024-04-30T03:30:46Z,2024-04-30T03:31:21Z
UgxRE1Rn5-diBtEDWxR4AaABAg,@JasePiper,futures bm ciara got a song called kiss and tell...,0,0,2024-04-15T22:49:29Z,2024-04-15T22:49:29Z
UgzLlqPlwJ7zc7WI4Ct4AaABAg,@itagetafinalsusanoo8915,Honest question what’s the likelihood it’s a ghost writer???,0,0,2024-04-16T12:24:00Z,2024-04-16T12:24:00Z
UgyX5uuSvzyXd90lXj14AaABAg,@780fresh,Why ppl keep saying he dissed Pluto he wisely left him out,0,0,2024-04-17T09:34:02Z,2024-04-17T09:34:02Z
UgzG4mZh44K0wesB3cF4AaABAg,@nagille6731,Midget Kendrick going buy size 9 shoes now make his feet look bigger 😆 😆,0,0,2024-04-18T21:34:46Z,2024-04-18T21:34:46Z
Ugw9_wCzZqRFFZWHjMx4AaABAg,@KingBigT7,Not slap two in the intro,0,0,2024-05-02T03:44:02Z,2024-05-02T03:44:02Z
UgyxzZPaEWZjRTZ0Ec14AaABAg,@buddylee19133,"Bro why'd he use the name of that old Mike Jones' strip club jawn tho?! ""Drop and gimme 50"" ""Drop and gimme 50 guurrrrlll drop and gimme 50!"" So many levels of disrespectful😱😱😱",0,0,2024-04-15T21:18:46Z,2024-04-15T21:18:46Z
UgwBhgdmsE2neduSy-h4AaABAg,@Comebacktome74,"Hello. Can you react to RM's new album ""Right PLace, Wrong Person"" out on Friday May 24th. RM is a rapper and member of BTS",0,0,2024-04-29T20:26:14Z,2024-04-29T20:26:14Z
UgxA0n-6KWixoyQF7gl4AaABAg,@Mharve,Does this delay Ems album ? 😂 He might say something but he's tight with Kendrick and Drake,0,0,2024-04-17T23:48:53Z,2024-04-17T23:48:53Z
UgwsFgw3niNsre82za94AaABAg,@Lbruce39,Drake is at his best when he going in on people. Just ask Meek Mills 😂,0,0,2024-04-16T16:30:57Z,2024-04-16T16:30:57Z
Ugx-75w2jgLQZ8rmUGJ4AaABAg,@alexandar289,who is Kai Cenat? 😂,0,0,2024-04-30T17:06:04Z,2024-04-30T17:06:04Z
Ugx1f3TVWA4J5Jc_GCt4AaABAg,@nykelbrown9346,Why tf this shit aint on Apple Music,0,0,2024-04-15T21:01:05Z,2024-04-15T21:01:05Z
Ugw66eRsRbkkiSk22-x4AaABAg,@GlitcheR52277,what top 5 you smokin on kendrick?!?!?,0,0,2024-04-28T00:47:48Z,2024-04-28T00:47:48Z
UgwBvR-ocqsW1rEDPmV4AaABAg,@SlinkiestG00se,Drake really flipped the Prince one,0,0,2024-04-15T20:53:26Z,2024-04-15T20:53:26Z
UgyeEjP4tguZMygVvD94AaABAg,@Corn-Denver,"When he first says “drop and give me 50” he uses a Kendrick adlib. 

Take a guess which song the adlib is from? 😂",0,0,2024-04-17T16:29:48Z,2024-04-17T16:29:48Z
Ugxit3lLyaEcaTV9sXd4AaABAg,@BluesMinorSwing,Who wrote this?,0,0,2025-01-06T15:33:09Z,2025-01-06T15:33:09Z
UgwErpJBhER-zFpAc5Z4AaABAg,@JonS554,He was saying “I don’t care what Cole thing that Dot shit was weak as fuck” basically saying “why you apologizing and calling that man great? His verse was weak af”,0,0,2024-04-16T19:41:56Z,2024-04-16T19:41:56Z
Ugx9WJZqGwzH5MDTS0R4AaABAg,@Million_Dollar_Minds,if only it was real lmao,0,0,2024-04-20T12:16:50Z,2024-04-20T12:16:50Z
UgzaivgJNIQHRBnrkZN4AaABAg,@Tru2it2024,Ross responded weak,1,0,2024-04-16T05:43:08Z,2024-04-16T05:43:08Z
UgxHEKxMnGmpkHwfoyl4AaABAg,@CeliMMuller,"Hello!! Can you please react to RM's new album ""Right Place, Wrong Person"" out on Friday May 24th. RM is a rapper, member of BTS. The pre-release will be out may 10th.",1,0,2024-04-29T11:03:02Z,2024-04-29T11:03:02Z
Ugw79CkdD9oRLExvxNR4AaABAg,@meatsuit6922,"11:00 to me that's the weirdest part of this whole shit, this could really apply to damn neae everyone he responding to, every single one of them got hits specifically due to Drake, he aint even mention Rocky but that was one of the weirdest ones cause ion even remember Drake saying shit to him and just seems like clout chasing at it's worst and I've been fuckin w rocky since the beginning",1,1,2024-04-15T17:56:22Z,2024-04-15T17:56:22Z
UgyXKIDtxQ020M2NSlt4AaABAg,@anusha_02-04,"Hello can you please react to RM's new album ""Right place wrong person"" out on Friday May 24th. Rm is a rapper and member of Bts",1,0,2024-04-30T16:43:30Z,2024-04-30T16:43:30Z
UgxrroR0iCD2JMN86W54AaABAg,@JSNDXN3,Yall forget Scru was explicitly mentioned in the lawsuit,0,1,2026-06-16T21:05:09Z,2026-06-16T21:05:09Z
Ugyjv9Ul5DBy6rPgTpV4AaABAg,@ils_89,"Kendrick finna ""hit em up"" pac style",0,0,2024-04-15T19:56:20Z,2024-04-15T19:56:20Z
Ugwb2NBQRXC5KX2jPN14AaABAg,@jasminbreakingbadwalkingde4614,Are you going to react to Taylor swift,0,0,2024-04-20T11:00:33Z,2024-04-20T11:00:33Z
UgyeE-gI4szcUkd5mCl4AaABAg,@ltfm9861,"""That Boy"" sounds lik3 you......",0,0,2025-07-17T01:48:44Z,2025-07-17T01:48:44Z
Ugz8HFguaqmfkKBchNB4AaABAg,@marlenydiaz2794,"These bars were researched, fact checked and curated .. weather you love or hate drake he ate",0,0,2024-04-24T13:08:40Z,2024-04-24T13:08:40Z
UgwjJLfXH-qZoEHhR8t4AaABAg,@rafaelsantana8572,Like that was pretty direct but ok,0,0,2024-05-01T18:39:33Z,2024-05-01T18:39:33Z
UgzqF-P4jAihO07MCql4AaABAg,@trulythezebulaa,the fact bro dissed kai cenat aswell is wild,0,2,2024-07-30T03:42:52Z,2024-07-30T03:42:52Z
Ugxim8_x3bju_JuHThZ4AaABAg,@MalikEmmanuel,"“No matter how this turns out, Drake has skyrocketed”  THAT take did not age well.",0,0,2026-03-14T02:16:19Z,2026-03-14T02:16:19Z
UgwS0fAapdY4YmbN8Xt4AaABAg,@AJsaidWhat,Wonder who wrote that hit,0,0,2024-04-17T11:49:30Z,2024-04-17T11:49:30Z
UgzWJguRGDoSK-bh7UV4AaABAg,@HunterCash-s7b,i hate that he didn’t get the “if ya bm start to kiss and tell” bar😭 future bm is ciara.. she gotta song named kiss nd tell,0,0,2024-04-17T17:19:20Z,2024-04-17T17:19:20Z
UgxfI80TBsdonuL2Vfx4AaABAg,@OfficialMrMango,Anyone think the kai bar was aimed at carti?,0,0,2024-04-18T13:45:20Z,2024-04-18T13:45:20Z
UgybfB6DhuOUaXSaeXh4AaABAg,@ChouricoPapi,Doesn't Em talk about everyone turning on drake in Zeus. Even said some5hing about future in the past or something like that,0,0,2024-04-23T23:05:36Z,2024-04-23T23:05:36Z
Ugxn_lIeSuGRetODe3p4AaABAg,@mahlaledmashale8528,I kinda feel Wayne on that thing,0,0,2024-04-16T17:03:17Z,2024-04-16T17:03:17Z
Ugwh0rI89WbdCwHhm254AaABAg,@jdsirrom4314,Pusha T makes it seem easy! Drake  still won’t mention his name.,0,0,2024-04-16T03:42:57Z,2024-04-16T03:43:39Z
UgzveRLp14iufBpzn0N4AaABAg,@ww3latestupdates116,As the song starts future got gunned down‼️🤧,0,0,2024-04-17T16:41:44Z,2024-04-17T16:41:44Z
UgyGlRhDKw8kiwh_Sel4AaABAg,@RxgerDxdger,2:17🤔,0,0,2025-06-23T01:43:02Z,2025-06-23T01:43:02Z
UgwghVqWycSc_U3YO_d4AaABAg,@damiansanchez3,The first 2 lines diss Future.. this guy dunno nothing. Next...,0,0,2024-04-23T20:54:55Z,2024-04-23T20:55:16Z
UgylMvZeHAqp1amDBLN4AaABAg,@KJuul952,"Hello. Can you please react to RM's new album ""Right place, Wrong Person"" out on Friday May 24th. RM is a rapper and member of BTS.",0,0,2024-04-29T05:50:43Z,2024-04-29T05:50:43Z
UgyRK4wYUQy6Fz5uFl94AaABAg,@Dynbear,so uh who wrote this diss for him? he got a history lol,0,0,2024-04-16T02:49:32Z,2024-04-16T02:49:32Z
UgwZTi3BcP9v7UhX_Sh4AaABAg,@AaronDavis-xb7kv,This a win for the lightskins 🤷‍♂️,0,0,2024-04-16T17:08:10Z,2024-04-16T17:08:10Z
Ugz_nv2PZnoqQpgwgvl4AaABAg,@Idowishmealovelynight,"Hello! Can you please react to RM's new album ""Right place, wrong person"" out on Friday may 24th. RM is a rapper and member of BTS!!!!",0,0,2024-04-29T20:32:33Z,2024-04-29T20:32:33Z
UgxK3vK7Me2NWOxnerl4AaABAg,@APersonStories,Please react to chris brown weakest link he went absolutely stupid,1,0,2024-04-20T20:43:57Z,2024-04-20T20:43:57Z
UgyMvAax3qXufLC1h2R4AaABAg,@dnial999,i don't fw drake at all but this shii lowkey hard ngl can't wait for K-dot to go all out 🎯,0,0,2024-04-17T06:32:46Z,2024-04-17T06:32:46Z
UgwR3V0RhL3Jkg-6BgR4AaABAg,@Leo-uo6yh,"1:55 “no matter how this turns out, drake has skyrocketed” spoke too soon😭",8,4,2024-07-18T11:20:45Z,2024-07-18T11:20:45Z
UgyE2TVD4aWjiYLNiVB4AaABAg,@jordonlebrun4501,Did you catch the shot at Ja Morant?,0,0,2024-04-23T15:37:02Z,2024-04-23T15:37:02Z
UgyKc9_fAcIoOjXgqEh4AaABAg,@metaCOINZ,You just said Kendrick the goat the other day,0,0,2024-04-17T16:36:02Z,2024-04-17T16:36:02Z
Ugz6rKcBgQPVA2Yt-xp4AaABAg,@gonk4793,Whitney is talkin about rumors that Kendrick’s girl slept with drakes bodyguard or somthin. Sombody told me that,0,0,2024-04-26T14:14:22Z,2024-04-26T14:14:22Z
Ugw3QHzAWNfJFHl04aB4AaABAg,@BlueTrinketOfficial,Am I bugging or did he diss Ja? The hooper that be busting out the griddy?? or am I bugging,0,0,2024-04-17T07:55:34Z,2024-04-17T07:55:34Z
UgxL5zkWaMU_yUyy3tN4AaABAg,@brianteague44,Only thing gonna save Kendrik is a beat from Dre,0,0,2024-04-17T10:35:37Z,2024-04-17T10:35:37Z
Ugzod72AsIRXAIURd6N4AaABAg,@Matman0306,"I wonder if Wayne gonna back up his boy. He's smart enough to stay out of it, but if he get involved, it's over. lol",1,1,2024-04-18T21:28:19Z,2024-04-18T21:28:19Z
UgxoOjeMX1rbjtGB2Bd4AaABAg,@jiri5640,Eminem is about to own everyone just because.,0,0,2024-04-24T11:48:26Z,2024-04-24T11:48:26Z
UgxpIkSmqzTfHlN6oFB4AaABAg,@zurigreen1606,"Helloo, can you please react to RM's new album ""Right Place, Wrong Person"" out on Friday May 24th. 
RM is a rapper and member of BTS.",0,0,2024-04-29T21:07:44Z,2024-04-29T21:07:44Z
UgxjskCMoKSfbMNnwVt4AaABAg,@ericmcdonough6771,why Cole cry?  serious question to yall,0,0,2024-05-03T05:30:36Z,2024-05-03T05:30:36Z
UgxCYZvZJxvXTgctFYh4AaABAg,@WatchmenDee,Jesus Christ is the way the truth in the Life the end is hear call on Him He will heal you,2,0,2024-04-19T20:59:56Z,2024-04-19T20:59:56Z
UgyevUpBnaIdy7s15R94AaABAg,@rikitikii,AI    people!!!,0,0,2024-04-18T22:50:08Z,2024-04-18T22:50:08Z
UgzJCIqwN7nWyeU01UF4AaABAg,@David-c8y7u,"Drake, hold this W🎉",0,0,2024-04-18T01:25:44Z,2024-04-18T01:25:44Z
UgyQLMXiLApt0qABPPl4AaABAg,@draxxthemsclounts2478,"""Your show money merch money to us"" is hard.  How the fuck this dude go so low to sue",0,1,2026-07-16T12:51:47Z,2026-07-16T12:51:47Z
UgzmWbNotgCjsSOZNSZ4AaABAg,@jimmyfrost2091,"Cole stock way down, Drake stock way up.",1,0,2024-04-19T15:56:30Z,2024-04-19T15:56:30Z
UgzWVrd-ebcXC8AZafx4AaABAg,@ohhhhKarma,Kai cenat!,0,0,2024-04-25T17:36:58Z,2024-04-25T17:36:58Z
Ugw5Kq3in-SU4tqyXtF4AaABAg,@XLOPovi,"5:43 Hol up did Drake say, “Ye ain’t in no big 3”, as in Kanye????",1,5,2024-04-16T04:50:12Z,2024-04-16T04:50:42Z
Ugw9JDUeBJ3lYR6_65x4AaABAg,@LiciKai,"Well, in Sept 2026, ... this aged well.  Like milk in a sauna for a few weeks.",0,0,2026-09-10T02:01:56Z,2026-09-10T02:01:56Z
UgysxuXxgGgJ90bHL014AaABAg,@toneofficial6528,"Drake loves battle rap. Look at his face when he be at those battle leagues.  He wants to be part of that so bad. This is why Drake is the GOAT. Name a rapper in the history of Hip-hop that gives you songs from  5am in Toronto to Hotline Bling to Battle raps. ANd then has the range  to hop on songs with Partynextdoor and DVSN. 

 Comment below, I'll wait",0,0,2024-04-19T15:07:32Z,2024-04-19T15:07:32Z
UgwySB1mCDdEhDNMYBt4AaABAg,@TheKris519,You haven’t responded to Kendrick’s Owl Hunting?,0,1,2024-04-21T16:24:39Z,2024-04-21T16:25:09Z
UgwnRgu8I1ZkZMo5YiZ4AaABAg,@Travon-xb5dk,Man drake can't mess with Kendrick  only one verse vs drake hole song wait til Kendrick drop a hole song,0,0,2024-04-18T00:41:18Z,2024-04-18T00:41:18Z
Ugw8OO4RS3I6_2_cCq94AaABAg,@sethbertrand3343,I’m surprise drake didn’t say nothing the future about Beyoncé stealing his track,0,0,2024-04-16T20:53:48Z,2024-04-16T20:53:48Z
UgzxYTx4JXGx5NItH9Z4AaABAg,@the3rdbean,Give me 50. No diddy,0,0,2024-04-18T18:31:09Z,2024-04-18T18:31:09Z
UgyBoCoKC1yZdjBaZ6N4AaABAg,@sythlordzeek,"When they say TOP , they mean nba yung boy?? Yung boy the only top I know , is there another top?",0,1,2024-05-04T15:58:27Z,2024-05-04T15:58:27Z
UgyVO6O8WufekmUF3iN4AaABAg,@mrj3143,Yo go check out kevin gates super gremlin  free style over Kodak black beat,0,0,2024-04-18T20:22:25Z,2024-04-18T20:22:25Z
UgyCOgDLRujlYLEIHJx4AaABAg,@ooobang9121,Chip n dale were always giving pluto hell drake referred him to chip and dale what rapper goes by the nick name pluto,0,0,2024-04-18T02:42:16Z,2024-04-18T02:42:16Z
UgydaaYInMQX4rUzexp4AaABAg,@toronell,8:43,0,0,2025-04-10T13:17:00Z,2025-04-10T13:17:00Z
Ugz_NzvdjhC_eyA7HNV4AaABAg,@bsolfitzpatrick7380,Hes talkn about travis bm cuz at rollin loud i was tirnt that was slick shit ..thats a reference to travis at rollin loud tryin tell chase b to play the let em talk diss on stage n so drake thought hom n trav was cool so he sayin that sheit had me turnt. Bm kiss nbtell make it different he tlakn bout travis b.m kylie ..yo drake goin in on errybody,0,0,2024-04-17T01:51:59Z,2024-04-17T01:51:59Z
UgxIMmGfQV0zG2EMvgF4AaABAg,@denizesmati2967,now metro cant respond to ts cuh he basically listening to bro saying 'shut up and make some drums'😭😭😭😭,0,0,2024-04-16T22:30:39Z,2024-04-16T22:30:39Z
UgyGd2vwur1uUtkVgyd4AaABAg,@kingdyl6516,What’s really crazy I wonder who’s flow he stole this from first was Soulja then xxx some of his top songs are stolen beats and flows,0,0,2024-04-18T00:49:43Z,2024-04-18T00:49:43Z
Ugw71Zz_Z6iobOASlmd4AaABAg,@Nasty_blaq_JR,🧊🧊🧊,0,0,2026-05-13T05:48:57Z,2026-05-13T05:48:57Z
UgyIM6fPoc1aBdgrd8V4AaABAg,@thedevilo0o0,Its not the first one saying names .. Eminem giving names for long time. Unless if you mean the first one from the big 3 right now yea true ..,0,0,2024-04-18T18:56:46Z,2024-04-18T18:58:22Z
Ugx4Ub-V_5TM6eQmDO54AaABAg,@PhantomBloodDiamond,"The pants ripping bar is kind of crazy unless I’m looking too deep into it. But if you tore your pants doing the splits, it would rip in the middle, of your ass which is 50-50. 😂",0,0,2024-04-16T02:38:47Z,2024-04-16T02:38:47Z
UgxKZUuEH09e-1Jl2NJ4AaABAg,@keitharmani7059,Watching this not knowing Scru will be on Drake paperwork and make a diss song about him,3,0,2025-08-26T19:36:49Z,2025-08-26T19:36:49Z
UgyFB535eDncxI8YZnp4AaABAg,@mattirzzmattimuss,His ghost writers got mean for him‼️,0,0,2024-04-17T05:56:15Z,2024-04-17T05:56:15Z
Ugy4O-4tV1EWnrP4aZR4AaABAg,@happysqWid,"Drake isn't a child of battle rap, he's a child of Canadian children's television. He needs to step off from this beef before we see the return of wheelchair Jimmy",2,1,2024-05-05T15:44:51Z,2024-05-05T15:44:51Z
UgzqgSACt6b3c5w0dHB4AaABAg,@onefivehot,This was some of drakes best writing if he wrote it… even if he didn’t he has the money and funds to make it happen. I still don’t think it’s enough though. Most the bars were weak and okay drake we get it.. you are popular and that makes you great.. T swift also is the highest selling country artist doesn’t make her country.,0,0,2024-04-15T18:17:18Z,2024-04-15T18:17:18Z
UgxevYja7di89Q7_x0Z4AaABAg,@egokillerrrrr,drake did more damage than iran on israel,0,0,2024-04-15T19:53:58Z,2024-04-15T19:53:58Z
Ugx45tfDjaEG59WX_JJ4AaABAg,@vx666AF,same intro ?   Diss_Track | بن لادن | كيف مابترد ؟,0,0,2024-04-17T23:13:38Z,2024-04-17T23:13:38Z
UgyAbrIZd4Ny390MxhB4AaABAg,@hopemkhabela-un2dz,"Drake doesn't diss,he disrespects🙏🏽",0,0,2024-04-19T00:18:56Z,2024-04-19T00:18:56Z
UgzOxBUa1m5TQxpgUOJ4AaABAg,@simoncarvalho3506,Yall forgot Drake n Cole sneaked dissed first so like why should I respect Maxwynn?,0,0,2024-04-16T16:25:20Z,2024-04-16T16:25:20Z
UgxKY8kNq9FVgl8yM754AaABAg,@cest.la.v33,"Yeah, but ... Did He Write It Though??🤔",0,0,2024-04-16T00:03:33Z,2024-04-16T00:03:33Z
Ugy_3wyVfSJG7hvQ07x4AaABAg,@LIXTOPTIERFR,Who coming back a year later and scru not being able to vibe to drake because of the law suits😂,3,0,2025-07-10T20:10:11Z,2025-07-10T20:10:11Z
Ugz-RNcXKmdsDPyOE8t4AaABAg,@Eddierath,"Drake haters dont like numbers. 😂 Im not a fan but im not a hater..
And i like numbers cuz they are more reliable than the stories people tell.",0,0,2024-04-18T10:09:41Z,2024-04-18T10:09:41Z
UgyN50MVRTp5cUMxeTR4AaABAg,@Seasonofthesicc,Drake learned from Eminem how to break down everybody’s diss and use it against them. I wish drake would always rap like this and not be pop music because he can really rap when he wants to,0,0,2024-04-16T22:16:36Z,2024-04-16T22:16:36Z
UgzTi_C-btB7VIMKagd4AaABAg,@oneilpaponette2410,2025 how the fuck yall gone say a man won when all he said had no proof and was lies how the fuck did kendrick won,0,0,2025-09-23T11:50:48Z,2025-09-23T11:50:48Z
UgxrNVQBjKFuTVtlcxx4AaABAg,@nana-wv8kp,We can not be listening to the same track,0,0,2024-04-15T17:44:06Z,2024-04-15T17:44:06Z
UgzPkaIY1AddaJS1qHZ4AaABAg,@nicolemoorejones6223,"He is not the first to put someone name in their rap, you must don’t remember Tupac and ice cube 😊 but drake slid real talk",0,0,2024-04-17T06:21:35Z,2024-04-17T06:21:35Z
UgyJbmKIRc0WGyyJhRd4AaABAg,@tongrimes627,He took long enough,0,0,2024-04-16T04:18:51Z,2024-04-16T04:18:51Z
UgxT9-GnYDtIq9FhCX94AaABAg,@eleveneleven570,07:26,0,0,2024-04-16T13:57:26Z,2024-04-16T13:57:35Z
UgwtdxgXVn0u-FLRlLF4AaABAg,@HashyWorld,"this is AI drake and glrob wrote this shit 
you can not convince me otherwise",0,0,2024-04-20T18:19:37Z,2024-04-20T18:19:37Z
UgzosJbbDUoG6I3GyT54AaABAg,@blisstacy6407,This version’s missing so many fire bars bro,0,0,2024-04-16T05:59:18Z,2024-04-16T05:59:18Z
UgwwGOeaxxtwl4k6rih4AaABAg,@erickortega7609,Nobody jumping him they against him for s reason and im sure its not music,0,0,2024-04-16T00:00:35Z,2024-04-16T00:00:35Z
Ugzqna9GAPdW2ejQKNB4AaABAg,@Durok187,"Nas Jay-z or Jada 50¢ was a better time, scru",0,0,2024-04-17T16:17:55Z,2024-04-17T16:17:55Z
Ugx0vLO3uVuKJ2URETR4AaABAg,@teku412,I think we are giving Drake and his ghost writers too much credit here lol he's opening up pandoras box... there's gonna be no going back now lil boy,0,0,2024-04-16T04:23:03Z,2024-04-16T04:23:03Z
Ugx2mkrNmKGXjcetxgJ4AaABAg,@kingprod45,Kendrick killed him . But I’m so glad this rap beef happened . Great for hip hop .,1,0,2026-08-04T18:01:50Z,2026-08-04T18:01:50Z
UgwWXK1NWcdnSYF-fYB4AaABAg,@EB-1679,"When MGK said the same Interscope bar against Eminem, which was years before Drake ever said that same Interscope bar, you said it wasnt clever at all, and you didn’t like it, but when Drake says the same Interscope bar against Kendrick you screamed in a pillow and freaked out about how good that bar was. 😂",0,1,2026-04-19T01:31:07Z,2026-04-19T01:31:07Z
UgyQNFg1imq-wZlwVm14AaABAg,@iAmConfusion,Drake brought out drizzy,1,0,2024-04-16T08:34:40Z,2024-04-16T08:34:40Z
Ugz8NZtk9DJ9oF0tsKR4AaABAg,@8bitsamurai6,I'm so mad Cole didn't stand tall. I get he aint got beef but still talk yo shit fam. Hmmm 7 mens damn thats rough. Surly kdot aint that small.,0,0,2024-04-16T01:45:26Z,2024-04-16T01:46:33Z
UgxNIb2QosYvXPAzoeR4AaABAg,@realent2775,Look at wheelchair. Jimmy,0,0,2024-04-17T23:15:54Z,2024-04-17T23:15:54Z
UgyJpjBp_eE-4w223Zh4AaABAg,@Keemochi420,Drizzy Drake. But Chris Breezy is now beefing with Quavo like wtf?,0,0,2024-04-16T18:34:49Z,2024-04-16T18:34:49Z
UgzHCy9CK9TpxgQbbWt4AaABAg,@mattrainey4724,U get a smack u get smack every body gets a smack I was really really trying keep it PG,0,0,2024-04-15T23:54:39Z,2024-04-15T23:54:39Z
Ugwud3dNk4TztwjgcMR4AaABAg,@TheQuestionsssssssss,The best part of coming back and watching these is people saying how much respect they have or gained for Drake 😂😂😂😂😂,1,0,2025-06-17T17:41:18Z,2025-06-17T17:41:18Z
Ugy2GiHNlCxvlX63Iw54AaABAg,@husker37,Just remember who started it though it didn't start out 20 on one it was KDOT on two and KDOT wanted to smoke against the both of them. What is turned into is something else but it didn't start that way That's all I'm saying,0,0,2024-04-15T20:39:46Z,2024-04-15T20:39:46Z
UgyiBlPF0BFu2mzyUit4AaABAg,@585marek,Bro laughed at metro and then promoted his song with metro at the end ain’t that crazy,0,0,2024-04-15T21:21:09Z,2024-04-15T21:21:09Z
UgyjDf0_uAKTyTM_78l4AaABAg,@switchbladeporter,"I guarantee you, Kendrick will NOT respond, he’s not battle tested like that, and he’s not a catchy song maker.  
Drake can make a diss and make it catchy as fuck.  
I feel the Kendrick Stans saying “he’s way better of a rapper blah blah blah”.  
It don’t matter.  
Who can get the people on your side is the real challenge
And Drake has that advantage by a mile",2,1,2024-04-21T06:26:52Z,2024-04-21T06:26:52Z
UgxcEgiIxzUEmSPn_qN4AaABAg,@sandman9861,mr diss me and you wont get a reply for it? them ghost writers not bad,0,0,2024-04-16T02:11:06Z,2024-04-16T02:11:06Z
UgxSQbbwstZWFoZhiod4AaABAg,@soultrxppkxd6065,WHOS HERE AFTER THE DISS SCRUFACE DROPPED ON DRAKE?? 😭😭😭,3,0,2025-08-23T08:26:28Z,2025-08-23T08:26:28Z
UgzO8VDxrIZnXS1d1pZ4AaABAg,@explorerfl7747,"As a Cole fan who hated drake but acknowledged kdot was the most talented diss rapper, might I also add im an upchurch fan who disliked you in the beginning, this last week has changed everything I thought I knew lol",0,0,2024-04-15T21:25:56Z,2024-04-15T21:26:58Z
UgzrrPDQsgTqpNWrqRp4AaABAg,@chipmills-1M,METRO PISSED COOKING UP THE REVENGE TRACKS FOR THIS BEEF LMAOOO,0,1,2024-04-16T21:18:22Z,2024-04-16T21:18:22Z
UgyOD4ERmGj_Q77JlE14AaABAg,@JohnnyTerps7,DRAKE DONT WRITE HIS RAPS!!!! 🤣🤣🤣,1,0,2024-07-09T17:48:02Z,2024-07-09T17:48:02Z
UgyGFrms7u1eZWwR82l4AaABAg,@justarandom3865,4 minute song into a 15 min video 🤦🏽‍♂️🤦🏽‍♂️,1,0,2024-04-19T15:18:05Z,2024-04-19T15:18:05Z
Ugz2yXNFGkRePcy4trF4AaABAg,@WorldNewsTheLatest,Back A dog in a corner and eventually he’ll bite you,0,0,2024-04-17T10:01:26Z,2024-04-17T10:01:26Z
UgwQmkVJ--kjOeExFjF4AaABAg,@eusebiorobles3811,Kendrick massacred him on his released yesterday.....😂😂😂,0,0,2024-04-17T11:18:49Z,2024-04-17T11:18:49Z
UgwnJQt34X6-U84A95h4AaABAg,@HowCanIBeSoFunny,whelpp this one aged like rotten milk,1,0,2025-09-16T00:58:13Z,2025-09-16T00:58:13Z
UgzG7Az-6b2Oc6t4Vlx4AaABAg,@traviswalker5365,"Honest question… Drake sells, no doubt, and he can rap, but lyrically, who has him in their top 3? 5? 20?",0,0,2024-04-16T04:14:19Z,2024-04-16T04:14:19Z
UgwWlf1ka8RNY3Xbell4AaABAg,@Woodsyfootball,"kenny for the idiots, drake dominated with the two songs",3,3,2026-03-15T23:46:57Z,2026-03-15T23:46:57Z
UgxfkgdV4ZN_5q0qPWx4AaABAg,@MrBroderickg14,Drake could get Wayne and end all of em,0,0,2024-04-17T15:55:18Z,2024-04-17T15:55:18Z
UgwA-w736OmIAPaPyCx4AaABAg,@RMK3872,Drake is evil😂😂😂,0,0,2024-04-15T19:56:02Z,2024-04-15T19:56:02Z
UgzXW9bfIy0mibtZ29d4AaABAg,@jamalrobinson2159,Damn bro… the way Dot came back at dude was so merciless im not sure I’ve ever seen that level of savagery,1,0,2025-05-16T21:34:28Z,2025-05-16T21:34:28Z
UgzNRPJ2OuAcW9SKJzV4AaABAg,@brainsanitation,this isnt the same song??,0,1,2024-04-17T20:26:38Z,2024-04-17T20:26:38Z
Ugzf4AlZP3Qd76nI8gR4AaABAg,@PUNKISTCHUY,8:40 well...this aged like milk lmao,1,18,2025-02-04T12:06:52Z,2025-02-04T12:06:52Z
UgwYMjVw54uXbL4iTTl4AaABAg,@SlinkiestG00se,Drake been bodying rappers from the beginning don't be fooled some of you are new school like 5 years in,0,0,2024-04-15T20:56:32Z,2024-04-15T20:56:32Z
UgyqAPKCdTo8-EbdyuN4AaABAg,@mojoJoexJoe,This video didn't age very well 😂,2,1,2025-03-21T21:38:53Z,2025-03-21T21:38:53Z
UgxyayOtWVRdFJKc3Kd4AaABAg,@GOLDENPLAYZ-YT25,"Since you dropped a song with metro, does that mean you chose sides? 💀😂",0,0,2024-04-17T05:10:31Z,2024-04-17T05:10:31Z
Ugwcvlq_mXVB_l5kwt94AaABAg,@giveli101,"isn't Kendrick wife named Whitney, didn't she cheat on him with the bodyguard... LMAO PETTY.
Also, Whitney Houston was in the movie the body guard.",0,0,2024-04-20T00:20:12Z,2024-04-20T00:20:12Z
UgzYYOVLMDIq-QrHJkd4AaABAg,@j0hnwilk3s,Mike then and Mike now could be a foreshadowing to the Jake Paul Mike Tyson fight.  Mike fell from grace and his actual comeback is against someone who doesn't even do it for real but for attention.  Am I reaching???,0,0,2024-04-17T03:35:27Z,2024-04-17T03:35:27Z
Ugxuy2FvMFfKsETWrqB4AaABAg,@ignaciolopez5206,You riding drakes coattails,0,1,2024-04-15T19:56:59Z,2024-04-15T19:56:59Z
Ugzwe-bIFInqpdw7ic54AaABAg,@jesus3300,"12:49 dot is K. Dot, Kendrick Lamar. Dummy",0,0,2026-09-17T20:38:36Z,2026-09-17T20:38:36Z
UgyJNl3qE5Z6cx5NVtF4AaABAg,@kefanepaul3323,Bro be pausing every 5 sec damn,0,0,2024-04-23T05:08:28Z,2024-04-23T05:08:28Z
UgzjlDvGaBS9Wv9dDDt4AaABAg,@jennergamble7046,Owl hunting. Go's. OFFFFF ALL OVER THIS MAN,0,0,2024-04-25T00:09:14Z,2024-04-25T00:09:14Z
UgyYQiWIJdSdb2yvfIh4AaABAg,@ToastyToast97,If you really think MJ was better than Prince really do research on that,0,0,2024-04-16T09:15:34Z,2024-04-16T09:15:34Z
UgzNp8oSwrWKQ4pH5654AaABAg,@xdemonic_wolfzxgaming8423,I’m just saying can we confirm drake didn’t use a ghost writer cuz this shit is not drake lmao 🤣,0,0,2024-04-16T11:27:40Z,2024-04-16T11:27:40Z
UgzFal0Vuc97z4OQXSh4AaABAg,@CP3-91,3:11 I gotta give u grace 4 da timin I cnt wait till da next 1,1,0,2025-06-09T03:17:50Z,2025-06-09T03:17:50Z
UgzVFV1iDU1IOUWwsqh4AaABAg,@ChiefBCedfirearms,20 V 1 Drake King,0,0,2024-04-16T22:49:37Z,2024-04-16T22:49:37Z
UgzEYy5FS4vXhSQtTnl4AaABAg,@editamento,that's drizzy not drake,0,0,2024-04-16T11:48:25Z,2024-04-16T11:48:25Z
Ugzkhcc-x1iYQ0_V-A14AaABAg,@davidmajster7652,Real pain in life is watch this bs i 2025 bru,1,0,2025-09-09T12:31:25Z,2025-09-09T12:31:25Z
Ugx4RZqF0as2RIbdYYx4AaABAg,@SwolinXy,Kendrick is done now hahah,0,0,2024-04-17T01:52:33Z,2024-04-17T01:52:33Z
Ugxr6cmOfROi3AcKFYR4AaABAg,@shivamthakur5308,If your BM start kiss and tell - what did he mean there?,0,0,2024-04-16T17:19:11Z,2024-04-16T17:19:11Z
Ugwi0LbWCeRKhzJuNsN4AaABAg,@ouadiijikh2008,Sorry j.cole i give second place behind the goat kenny but Draaaake ! Lol take your spot 😅,0,0,2024-04-17T04:33:57Z,2024-04-17T04:33:57Z
UgyWABMUgyOuk8rUN414AaABAg,@crave2527,@ 9:23,0,3,2024-04-17T18:15:27Z,2024-04-17T18:15:27Z
UgzMxmsC28Y8KKQVEbZ4AaABAg,@frankjackson9994,8:40 well that aged well,1,1,2024-05-29T14:59:41Z,2024-05-29T14:59:41Z
Ugzm3oFwyBciIKDNFlF4AaABAg,@julianfletcher7110,Drakes diss track would be more credible if he wrote it,0,0,2024-04-15T21:47:31Z,2024-04-15T21:47:31Z
Ugztak4S8RTru-3rp7t4AaABAg,@LordVader66,Did people really forget who Drake and Nicki’s Rap Mentor was?  Lil Wayne the real GOAT. It shouldn’t be a surprise to ppl that drake can rap rap.,0,0,2024-04-16T01:11:32Z,2024-04-16T01:11:32Z
Ugx4Bm5AWi2tnoWpvmF4AaABAg,@STK_Casual,8:39 This aged so poorly scru 😭,4,0,2025-08-05T14:06:58Z,2025-08-05T14:06:58Z
UgwjO7tCMYQ8kUiSiSZ4AaABAg,@ArjunArora1904,13:31 that was fake as hell,3,2,2025-03-04T13:02:50Z,2025-03-04T13:02:50Z
Ugw2j--84t_TpuFufCl4AaABAg,@stevenpalmer8493,It’s crazy to see how your view on drake at this moment is a 180. You had faith Drake was not a coward.,4,0,2025-10-17T23:17:21Z,2025-10-17T23:17:21Z
UgxZQCGst1RwqO8OTvp4AaABAg,@LuciasHusband,I truly don’t get why Kendrick thinks he’s the top artist when he only drops an album every 5 years. Drake drops songs every few months. It’s an easy comparison to me.,1,1,2024-04-16T14:50:50Z,2024-04-16T14:50:50Z
UgxW71SzeZB5qcgwYqp4AaABAg,@TechOutAdam,Drake destroyed J. Cole by himself. I’ve been watching Drake since Degrassi and Drake is King. It’s going to be a very long time since we see someone like him again. Nobody what response Kendrick comes out with it still won’t come close to making more money or accolades than Drake. Drake has more success than all these dudes except for The Weeknd but even then I barely hear anyone talk about him.,0,0,2024-04-16T15:51:50Z,2024-04-16T15:51:50Z
UgySJXSPULkUvArzD9F4AaABAg,@charlieibbeson6345,Man reacts to the metro diss and then promotes the song he did with him lol,0,2,2024-04-19T08:11:42Z,2024-04-19T08:11:42Z
Ugxbhi_E4kATfNfs-7V4AaABAg,@jadap1789,Drake bodied them,0,0,2024-04-17T01:08:04Z,2024-04-17T01:08:04Z
UgyG-fS2CY1SzSp9l6B4AaABAg,@AlexanderCollins-Kanaan,Push-ups and euphoria were quite close icl drake went hard on that one it wasn’t 5-0,3,0,2024-05-18T13:25:09Z,2024-05-18T13:25:09Z
UgxuXGTHbzpFoXxa9DF4AaABAg,@kylejantjiesauthor,Still the best song of the entire beef,3,3,2024-06-16T20:59:40Z,2024-06-16T20:59:40Z
Ugx92bITOssfx0gkKf54AaABAg,@toxix6562,Sir I’m afraid drizzy cooked everyone,0,0,2024-04-15T23:14:11Z,2024-04-15T23:14:11Z
UgwMd_A1ujKoAGfGW6R4AaABAg,@LeonKareem,"wait until you realize it was all a scam, ok let's say a play. III reply 10 years when you is awe bout how Big 3 Played Chess one last time before HIP HOP DIED. 'dankooo' mean thank you. issshhuuu!",1,0,2024-05-28T00:41:06Z,2024-05-28T00:41:06Z
Ugxhcd9-CM8JaFPpYmt4AaABAg,@prathamsarkar1586,zip it up when ur done bruh,0,1,2024-04-17T17:36:12Z,2024-04-17T17:36:12Z
UgzGr0yiaDLUgylDKwZ4AaABAg,@matthewclark783,Yeah he Responded.....Unfortunately for him this is his best shit (EVER) drake corny otherwise😂 and he put the Inascope with the Aftermath bar in there. But he dont want Bars with Shady,0,0,2024-04-19T13:18:21Z,2024-04-19T13:18:21Z
Ugyw_cGWsyfVwVprpMB4AaABAg,@traviswalker5365,"It’s weird. I see so many people who seem to think that he got off on this. Your words even make it sound like you think he’s going in, but your physical appearance seems lukewarm. I personally think this is decent, but so far below what I expected, I would have preferred he took the “I’m too big for this” position and just didn’t respond. I mean, he gave Meek back to back (evidently so did Diddy, but that’s another rap to wrap) Kendrick deserved better than that. Imho. That said, As long as this can all stay on wax, it’s good for rap.",0,0,2024-04-16T04:01:45Z,2024-04-16T04:01:45Z
UgzzGBBVgK3J83Ujc0t4AaABAg,@Chocolate_Chip_Skootchy,Drake is the pettiest 😂😂 Drake the goat at dissing & ending mfs career just ask Meek.. Drakes disses are not your typical disses.. Kendrick better off just letting it go 😂😂 it’s a trap,1,0,2024-04-25T20:18:18Z,2024-04-25T20:27:59Z
UgwrljSQza-qEPhkw494AaABAg,@keikei5340,I’m sorry I just didn’t feel it drake sounds so soft,2,0,2024-04-27T02:27:38Z,2024-04-27T02:27:38Z
UgyhIq_biQPwy7mczwl4AaABAg,@UGASPORTS6,Drake may not ever get a beat from metro with that bar 😂,0,0,2024-04-19T06:30:52Z,2024-04-19T06:30:52Z
Ugye3VYRt1HBjcA-mCB4AaABAg,@MRMK12k,Such a mid response the glaze is real 😂,0,0,2024-12-12T02:40:46Z,2024-12-12T02:40:46Z
UgzGMc6lZNIUheGi0-B4AaABAg,@TheQuestionsssssssss,4:21 “I study rap battles for a living”,1,0,2025-06-17T17:32:00Z,2025-06-17T17:32:00Z
UgzWNvdlHtkSYOvfW914AaABAg,@davidjackson7213,Not hating scru but you messing alot not hyping knox but he broke it down better,0,0,2024-04-17T04:14:59Z,2024-04-17T04:14:59Z
UgwnEMTVe2tLc-YHRWF4AaABAg,@angelcarrillo8583,Come on Scru we all know that Drake didn't write this that's a facts 💯 ghostwriter did this just like clownzino at least he said he used ghostwriter we all Drake not going to say that stop it doesn't count when it a ghostwriter,0,0,2024-04-17T11:20:24Z,2024-04-17T11:20:24Z
UgxY3xnbagU64hNNs0l4AaABAg,@StevensFuller2403,Your late brotha drake got him with another diss with Ai pac and Snoop also Chris Brown just burned Quavo with a diss too take a listen to it,0,0,2024-04-20T09:19:20Z,2024-04-20T09:19:20Z
Ugx_sQhHUFEFqHSCsU94AaABAg,@AlexantoRosca,"Tf drake talkin bout,Sza,21 and trav are not even close to K-dot",0,1,2024-04-18T07:28:54Z,2024-04-18T07:28:54Z
UgydiIQTAPguZBJIPk54AaABAg,@benny_bricks714,Mid reply.,1,0,2024-04-16T08:52:25Z,2024-04-16T08:52:25Z
UgzMYiwmmc7Bk4FfqAJ4AaABAg,@ShrdOnTheLeft,you thumbnail need too chill out dude,0,0,2024-04-23T19:27:05Z,2024-04-23T19:27:05Z
UgzFE-nV9lhQ2_Id7L94AaABAg,@wodiehub8161,Is everyone just gonna ignore the mike then and Mike now line. Am I the only one that heard that line as he’s saying Kendrick is dead 💀,0,2,2024-04-18T01:49:18Z,2024-04-18T01:49:18Z
UgyUkxOQmRpQv-tW5t54AaABAg,@RSHjr,He stole that interscope line from MGK 🤦🏻‍♂️🤔,0,0,2024-04-16T01:47:34Z,2024-04-16T01:47:34Z
Ugxk1fnnaZtxyzQZQt54AaABAg,@antoniokeller2659,You keep saying Drake alone if he really needed a tag man do u think his Mentor/Big homie Wayne gonna sit back or hell even Nicki?,0,0,2024-04-16T13:31:46Z,2024-04-16T13:31:46Z
UgwwZVUtzGRkhuLGAbJ4AaABAg,@ratro84,Y'all shot your loads early...Kendrick got the K.O.,4,0,2024-06-17T10:10:02Z,2024-06-17T10:10:02Z
UgwKGN_fEOfh_N3FmRl4AaABAg,@kudzaiishegonese7667,"Ey Drake responding is a big mistake !!!
Dot don’t duck no SMOKE !!!",0,0,2024-04-16T09:14:18Z,2024-04-16T09:14:18Z
UgzdpM-X_fJU2NeCTkt4AaABAg,@rosssmith7822,You inascope right now shoutout em,1,0,2025-10-28T19:33:01Z,2025-10-28T19:33:01Z
UgxurZgHHTNaT_3qc894AaABAg,@jaywahlen3926,Now that we know this is still monetized. I throw this one on again just to keep @scru views up and that bag coming 😂,1,0,2025-01-29T21:15:56Z,2025-01-29T21:15:56Z
Ugz5G9tH51DBXQV91-t4AaABAg,@RianSnowden,Drake 100% won. I get Kendrick dissed drake better but which would you rather listen to this or Kendrick? We both know you rather listen to drake,2,10,2026-04-15T02:25:10Z,2026-04-15T02:25:10Z
UgyC6hniNV739rSqftZ4AaABAg,@monetmonroe4644,The line about the split did not age well for drake and I’m a drake fan like come on,0,0,2026-07-14T04:38:20Z,2026-07-14T04:38:20Z
UgwzdPF4AD7yCWuGagF4AaABAg,@craigwhite1013,Drake won flat out lol,0,0,2024-04-15T17:50:15Z,2024-04-15T17:50:15Z
UgwzJNWlMGI0z1sZ1FJ4AaABAg,@insidadream4074,Punchlines are great but he’s just doing the same flow the whole time,0,0,2024-04-15T23:50:25Z,2024-04-15T23:50:25Z
UgxM36F6PCcHsVmgYUF4AaABAg,@aceeeer12,L,1,0,2024-04-20T10:27:30Z,2024-04-20T10:27:30Z
UgwU34lnJ4KkCmsjMZ54AaABAg,@SenDaha,"Actually ""Bad blood"" was kendrick's first first one, humble was his second and none was about aubrey correct me if I'm wrong",1,1,2024-08-26T20:14:11Z,2024-08-26T20:14:32Z
Ugw4MzrnVSFBqORBnCV4AaABAg,@RonaldPilva,Thinking this is nuclear is some clown shit. Meet the grahams is a true  nuke,3,1,2024-05-04T09:19:14Z,2024-05-04T09:19:14Z
Ugymps0ls0_cq58U0Nx4AaABAg,@wfedex123,"OBJECTIVELY SPEAKING, bars only, its atleast a draw, Drake KILLED IT And didnt Back down",5,1,2024-05-16T22:36:25Z,2024-05-16T22:36:25Z
UgzhvTu5TB55G-qJd8Z4AaABAg,@eaedemark,Best track out the whole battle,9,4,2024-11-15T06:50:21Z,2024-11-15T06:50:21Z
UgwFrcBJ9ghvENcs0gN4AaABAg,@perkinz420,Aged like milk 🥛 😂,1,0,2025-08-06T18:18:29Z,2025-08-06T18:18:29Z
Ugy58WMJ5CJEJ0N0qoJ4AaABAg,@sirquacksalot159,Making Kendrick look soft,1,0,2024-04-20T01:56:00Z,2024-04-20T01:56:00Z
UgxCKK4RKjcFekgsxhN4AaABAg,@DarianSchott,Drake won idgaf,0,0,2024-04-16T21:16:03Z,2024-04-16T21:16:03Z
UgyuqJIiH22D9FICOa14AaABAg,@DerelectSkill,How you gonna react to a man being smacked away and then brag that you have a song with him,0,0,2024-04-18T08:32:30Z,2024-04-18T08:32:30Z
UgzRVDmFrq1Eqv4BC554AaABAg,@skinboming659,How it go from Kendrick vs Drake and Cole to Drake Getting jumped by the industry.  Stop it.,0,0,2024-04-15T17:08:01Z,2024-04-15T17:08:01Z
Ugwl7_1bjZW-mJRvnTd4AaABAg,@Dom889,"Honestly Drake the goat end of story lol Futures cooked, Ross is cooked, Metro is cooked, Weeknd & his tricking manager are cooked, KDot has a size 7 shoe……..",0,0,2024-04-15T21:24:52Z,2024-04-15T21:24:52Z
UgwV3pYpPaN0AjdaVzt4AaABAg,@JLemz,"The split he got from pusha t dissing him you gassing this up 
Drake got so many collabs too 
Drake never been a hood a day maybe he did an episode of degrassi that had him be a thug",0,0,2024-04-15T18:20:02Z,2024-04-15T18:20:02Z
UgwA3VYkN6d5ZneJvqJ4AaABAg,@ils_89,Ghost writers,0,3,2024-04-15T20:11:41Z,2024-04-15T20:11:41Z
UgwHFTJtLPyeq3ujeVF4AaABAg,@keimforeignking,That flow was too basic and lame 😂😂😂he was saying some shit though😂,2,1,2025-11-03T08:14:35Z,2025-11-03T08:14:35Z
Ugz5mNTd5iEDKxT3fkt4AaABAg,@lonnielabotoadamsvigil5451,Make some drums   I said what I said ho,0,0,2024-04-15T23:18:13Z,2024-04-15T23:18:13Z
UgxsIT8mIynsIFX9Fh54AaABAg,@BLUKEYZ,Still the delivery aint fckn with Kendrick like that verse,0,0,2024-04-16T05:35:06Z,2024-04-16T05:35:06Z
UgytsaUbO7kbWZGwO-Z4AaABAg,@tyroneguillot8024,Wack,0,1,2024-04-15T17:03:44Z,2024-04-15T17:03:44Z
UgxpL1hFMegLmhfDtNV4AaABAg,@fraserwhyte9694,"drakes bars written by 12 guys tho, we all know man...you asking 'how he doing this' like you genuinely lying to yourself.",1,0,2024-04-19T13:57:16Z,2024-04-19T14:00:23Z
UgxSfxV040XtCtH9itR4AaABAg,@stephenmallory7049,You are a Drake Stan obviously.,4,2,2024-04-16T01:05:41Z,2024-04-16T01:05:41Z
Ugz3r5FopuUZtIdxry54AaABAg,@agt32,DRAKE CAN'T BE BEAT!,4,3,2024-12-14T13:31:22Z,2024-12-14T13:31:22Z
UgyB52LeiKylMotKkBt4AaABAg,@PallasVictor,This aged poorly,1,0,2025-02-13T18:57:36Z,2025-02-13T18:57:36Z
UgwxQVwI11FPTgrLJBx4AaABAg,@Cube__TV,lol this shit aged poorly. push ups was decent but man did Drake lost impossibly hard. it's cool seeing scrus vibe in the early stages before drake got ethered,1,2,2024-07-16T09:58:18Z,2024-07-16T09:58:18Z
UgxpqPxNiCTzejeaWup4AaABAg,@thenationofdefecation7969,Drake says a bunch of goody bullshit a d kendrick opens fire on drakes entire character. Drake got cooked,3,0,2024-05-02T15:27:49Z,2024-05-02T15:27:49Z
UgwNwEZ-ZNJ3m2KMGU54AaABAg,@JonathanEvans1977,Crazy how people got caught up in skin color and just forgot about bars 😂. Drake won based on bars man,3,5,2025-05-24T03:19:43Z,2025-05-24T03:19:43Z
UgwvE1c0iiA21wOntlV4AaABAg,@marshmelloy8788,"Hello. Can you please react to RM`s new album ""Right place, Wrong Person"" out on Friday May 24th. RM is a rapper and member of BTS.",1,0,2024-04-30T17:49:15Z,2024-04-30T17:49:15Z
UgxYucj2b9tXPhFnyvB4AaABAg,@VantaVoid7,Aubrey Graham...bro he did not write this...Drake soft AF in real life.,0,0,2024-04-16T04:48:07Z,2024-04-16T04:48:07Z
UgzLt7z1zEJtxAgLS_N4AaABAg,@stephvnwulf,"Idk bro no matter what he does he just sounds fruity af, talking about chip a nail lmaoooo",0,0,2024-04-16T22:59:11Z,2024-04-16T22:59:11Z
UgxR2P4KBEItL5IjnzJ4AaABAg,@khartergray,you came out of this with less respect for drake!!! look in the mirror bro,2,0,2025-09-12T02:16:11Z,2025-09-12T02:16:11Z
UgzimChxMskGGVOok7h4AaABAg,@Gunnaz5,Yawns,0,0,2024-04-15T19:20:50Z,2024-04-15T19:20:50Z
UgybjdFelqVRrZXi0zx4AaABAg,@Ade_Browne,"I dont blame scru for not liking drake now, all he knows is that drake is sueing people he doesn't have full knowledge. Drake didnt sue kendrick he sued UMG for inflating kendricks numbers to reduce drake's value, which is very underhanded and scummy, UMG spoiled the whole beef.and i understand drake for not wanting to work with them again. And i hope scru sees and responds to this.",4,5,2025-07-31T12:13:42Z,2025-07-31T12:13:42Z
Ugyb36nlD6U5WUV6FdZ4AaABAg,@CarianneHixson,These hip hop beefs are all manufactured. Kendrick owned by the industry too. Distracting us all.z,1,0,2024-07-27T10:02:37Z,2024-07-27T10:02:37Z
Ugxfm2vk3MSkgY3fWcd4AaABAg,@Probn4lyfe,LMAO he never wrote any of his shit.,0,0,2024-04-16T03:15:31Z,2024-04-16T03:15:31Z
Ugy3Htm6CX57FD7cquR4AaABAg,@itsRichErich,Is Thanos the main character of avengers?,0,0,2024-04-17T02:17:19Z,2024-04-17T02:17:19Z
Ugx59mWqbh8ptlY_MUl4AaABAg,@a2suavee,Kendrick cooked drake forsure …,4,0,2024-05-04T18:37:56Z,2024-05-04T18:37:56Z
Ugxiz-imNUKr0hT0oPN4AaABAg,@rvidxrrklvn6900,Cool diss but song got no replay value imo,0,0,2024-04-20T16:14:53Z,2024-04-20T16:14:53Z
UgwNUviSUi1BtPUrII94AaABAg,@CTLloydBanks,Mid diss track,0,0,2024-04-17T12:07:28Z,2024-04-17T12:07:28Z
Ugzk-wunlwpNaS2nF_F4AaABAg,@bernardriley4151,Wasn’t that hard,0,0,2024-04-15T18:23:55Z,2024-04-15T18:23:55Z
Ugz_uSuiUGx9XQLFVyB4AaABAg,@christophermhudson09,"When it hit me that the prince King line was a triple entendre it made it clear for me that Drake had the first round over euphoria clear.... Simply put, he just did everything a battler is supposed to do and included all elements of battle rap whereas Kendrick made a song just saying the different reasons he didn't like him....... No double or triple entendres, no schemes, no word play, no multisyllabic rhyming, no current cultural references....... The matter him winning that round is solely based on public personal preference and opinion, not actual criteria of any sort......

Should this have taken place in say an actual competitive setting with judges and clear criteria 2B scored it would have been a landslide Drake's way........ But because it is decided by people whose education on rap and the techniques within it is extremely limited if not non-existent at all coupled with the majority inability to overcome emotion and personal bias mint that Drake was never going to win against Kendrick..... Didn't matter what he dropped, as long as he didn't apologize on stage after then it was always going to be him over Drake..... People were dying for a person of great respectability and prominence to speak the same gossipy stuff internet trolls who hated that Drake sings and talks about his emotions and insecurities but it's still classed with rappers always trolled with..... It's even fake how great they say not like us is.... If that sound what's something the public wanted there would be hundreds of more mainstream West Coast artists....... There's 10,000 songs that came out before not like us with the same West Coast sound that get no play because it's not Kendrick's rapping and the song doesn't talk about Drake being a PDF....... 😂😂😂😂 Drake is a far better battler than Dot is",5,0,2024-10-31T14:39:01Z,2024-10-31T14:39:01Z
UgxyHr1AstsuOw_ob1F4AaABAg,@qaizy,"scru didn't switch up, he gained respect for drake for joining the battle and lost the respect when drake started sueing... get out the comments goofies",8,1,2025-08-13T17:53:51Z,2025-08-13T17:53:51Z
UgxbYQX0ioDLu51OzTh4AaABAg,@blockedhaat,"Anybody else think ""drop and give me 50"" sound really gay",0,1,2024-04-18T16:01:41Z,2024-04-18T16:01:41Z
