comment_id,author,text,like_count,reply_count,published_at,updated_at
UgxJkTTP-FBU3NGIhrZ4AaABAg,@VibesOnlyMusic,Where's everyone listening from!? 🌎💜,10069,933,2024-04-30T17:02:56Z,2024-04-30T17:02:56Z
UgywWXh0ZWSo7wfm6Qx4AaABAg,@jacobeyjacobs7479,This song aged like fine wine 🍷,339,4,2026-05-17T04:00:37Z,2026-05-17T04:00:37Z
Ugw8o_-fUfcInh1G2G14AaABAg,@davidwhite7042,"“I like drake with the melodies
I don’t like drake when he act tough”
I really felt that one 😭😭😭",13144,68,2024-05-01T16:20:53Z,2024-05-01T16:20:53Z
Ugywa9HhqJ16ROtt-pt4AaABAg,@numbskulI,"""And notice, I said 'WE', it's not just ME, I'm what the culture feelin""🔥🔥🔥🫣",4389,11,2024-05-04T17:35:02Z,2024-05-04T17:35:02Z
UgwbIrwQhC42-66xt5J4AaABAg,@eanjermaine,"""They not like us"" is a great song, but this was the hardest diss song",995,14,2025-02-11T01:28:48Z,2025-02-11T01:28:48Z
Ugx-bg4GdfRhNdq2ZSV4AaABAg,@JustbeingCed,Never mess with a rapper that uses his government name.,38327,636,2024-05-05T02:24:16Z,2024-05-05T02:24:16Z
UgwYztbjkmYzNroL5qx4AaABAg,@Siah223,"""Dont tell no lie bout me 
And i wont tell truths bout you""
Bro was warned 🤷‍♂️",6483,30,2024-05-13T22:42:37Z,2024-05-13T22:42:37Z
UgxHofZJmjFM_Cj1RlZ4AaABAg,@ia1n673,Kendrick imitating the Toronto accent is unironically the funniest shit ever to me as a Canadian.,8450,93,2024-05-01T19:01:06Z,2024-07-19T14:55:30Z
UgxdM5LSnihK5awmxeB4AaABAg,@Fhsjfdjdjdjd2222,Been a year nd still wondering how tf he got this much energy. Real fire,169,1,2026-01-15T05:21:16Z,2026-01-15T05:21:16Z
UgwRAipDT_9vCAX0qFF4AaABAg,@Maximum4power,"This is the most respectful ""fuck you"" I've ever heard


Edit: i got a lot of likes under a rap video. thanks guys",2770,11,2024-05-11T19:33:00Z,2024-05-22T15:01:25Z
UgzrwnGccQ1ynhm_bEN4AaABAg,@rajw1nd3r00,Drake firing 27 ghostwriters and signing 30 new ghostwriters,11874,134,2024-05-02T07:48:16Z,2024-05-02T07:48:16Z
UgwMnaV15tnFgcwjUSN4AaABAg,@marvinlynch1305,"""I got a son to raise, you 'ont know nuthin' 'bout that"" 😂",1046,8,2024-05-03T14:45:41Z,2024-05-03T14:45:41Z
UgxmjAqzsEZJgZgZb7F4AaABAg,@jasonginessestemmet9661,Drake's definitely gonna sue us for listening this again.,823,11,2024-11-26T20:46:53Z,2024-11-26T20:46:53Z
Ugx2e1PKoHUxj6ZV9Zl4AaABAg,@codywithrow,"Kendrick rapping like he’s from the multiverse, killing Drake on different dimensions",4482,37,2024-05-02T22:38:09Z,2024-05-02T22:38:50Z
Ugw2KsrwqAp19Fht6BJ4AaABAg,@UberCruiserLyftDriver-kv5ru,"i'm fully convinced that kendrick wrote these diss tracks with a quill 🪶  in one hand and a gun in the
other.",7109,92,2024-05-06T22:34:59Z,2024-05-06T22:34:59Z
UgxdfogWZLbvS9b143d4AaABAg,@richiedelgado6684,"J Cole shaking his head at Drake like ""I tried telling your ass...""  Lol.",11116,82,2024-05-04T00:14:09Z,2024-05-04T00:14:23Z
UgwdWPPlenO2BFV0cLl4AaABAg,@wesker1739,This diss aging like fine wine,188,1,2025-01-18T03:21:48Z,2025-01-18T03:21:48Z
UgwL3XW5VXrdjtS3fvN4AaABAg,@bsmhdt,"""how many black features till you finally feel that you black enough"" MY JAW DROPPED",7673,149,2024-05-02T21:04:24Z,2024-05-02T21:04:24Z
UgyyFdaq7DhMgoOlOk14AaABAg,@Legend77700,Bro took away drakes N-Word pass,53609,743,2024-05-01T05:08:45Z,2024-05-01T05:08:45Z
Ugx1BizWt54SawaAG-d4AaABAg,@KingTristo,"Drake's ghost writer room looking like the stock market crashing.   
😭💀",16449,128,2024-05-01T19:10:38Z,2024-05-01T19:10:38Z
UgzVuh5rIOOp3WnK3yd4AaABAg,@ThomasDavis-dm2bc,Here after the Super Bowl and five Grammy wins and the blowout victory - K Dot for president,238,0,2025-02-10T20:27:49Z,2025-02-10T20:30:08Z
Ugx6RV3Bh-2hTNV2ymp4AaABAg,@chosumu,"kendrick's diss tracks are too smooth, it's like getting jumped in art form",4404,30,2024-05-06T07:27:54Z,2024-05-06T07:27:54Z
UgyXqj5BFW9uOqsNdoR4AaABAg,@dieterhorvat5176,Dude flipping that 20 v 1 line to 1 v 20 ghost writers. That’s immaculate,18006,182,2024-05-01T09:33:12Z,2024-05-01T09:33:12Z
Ugxbvn1QLU7wjpFTXiF4AaABAg,@Deborah2000.,D.R.A.K.E= Don't. Rap. Against. Kendrick. Ever.😭,15454,183,2024-05-05T13:31:18Z,2024-05-05T13:31:18Z
Ugy_WtlRg6yuMubOIuR4AaABAg,@WTFsus,Everybody talks about Not Like Us and Meet The Grahams as the best diss. While he smothered Drake on this so many iconic bars. People were really saying this was weak when it first came out didnt see the truth then but now they do.😂,291,10,2025-02-12T17:28:31Z,2025-02-12T17:28:31Z
UgwezNktCqkQb7nq_KN4AaABAg,@ADMAFIA210,"Kendrick don’t even expect an apology from Drake on this one, just walk away Drake",1504,8,2024-05-04T08:42:10Z,2024-05-04T08:42:10Z
Ugx1I5s60iNB51irj6R4AaABAg,@ChickenSandwhich-fc9qk,"""Don't tell no lies about me and I won't tell truths about you"" ""I got a son to raise but I can see you don't know nothin bout that"" and Kendrick mocking his accent was wild asf",1044,8,2024-05-07T06:26:59Z,2024-05-07T06:26:59Z
Ugz3Skv6VvLMznb0EWJ4AaABAg,@adorestephany8229,“when i see you stand by sexy red I believe you see two bad bitches “😂😂😂😂😂😂,797,14,2024-07-09T00:23:12Z,2024-07-09T00:23:12Z
UgwGGdQ5S2Qvv81BeIR4AaABAg,@ChoppamanVR,3:03 is the part yall see in the edits ur welcome,67,0,2025-02-15T19:18:39Z,2025-02-15T19:18:39Z
UgwTZIqOzwMR2yNNYS14AaABAg,@jaybee8132,"Kendrick the quiet dude that knock out his bully in the cafeteria in front of the whole school, then go back to eating his lunch like nothing happened",1953,15,2024-07-06T21:07:17Z,2024-07-06T21:07:17Z
UgxJzfTSCkURXfY7sSR4AaABAg,@GodlyZOfficial,I don’t know why Drake thought he could take Kendrick. Man got the meanest 2 piece. 😭😭😭,1202,8,2024-05-04T13:56:19Z,2024-05-04T13:56:19Z
UgwXA5zKzRGlBbGWdvF4AaABAg,@stinka4079,"Drake's ghost writer said, ""Fuck it, imma head out"".😅",727,5,2024-05-11T15:33:15Z,2024-05-11T15:33:15Z
UgxyTtLKeTTeYmgo3jl4AaABAg,@UncleDracula-z8f,"5:21"" am I battling ghost or AI? "" THANK U ‼️",20,0,2026-01-29T05:38:26Z,2026-01-29T05:38:56Z
UgzsVKX4DT0ZskwJa594AaABAg,@guapo75,“How many more black features ‘til you finally feel that you black enough”. Absolute HEAT 🔥🔥🔥,3242,28,2024-05-01T03:10:08Z,2024-05-01T03:10:08Z
Ugw3bnkF3Hvsb6lO1gN4AaABAg,@il6999,"“Don’t tell no lies bout me
And I won’t tell truths bout you”",16886,130,2024-04-30T17:40:30Z,2024-04-30T17:40:30Z
UgzFZSORvK9_TeUFTKJ4AaABAg,@JRMagro,"Drake realizing this was never a battle... this was a self-sacrifice 💀 
He never stood a chance, and whats crazy is Kendrick gave him so many chances to just drop it and be chill. Drake woke up a demon fr. RIP.",2257,21,2024-05-09T18:24:34Z,2024-05-09T18:24:34Z
UgyoMM1v2hJFlrj-ONR4AaABAg,@bernicedearestjosiah7630,Euphoria hits harder then not like us👌,46,1,2024-11-22T13:23:19Z,2024-11-22T13:23:19Z
Ugwr9POimgr8jn-_Jpd4AaABAg,@yanedaila6891,“Let your core audience stomach that then tell em where you get your abs from” 😭😭😭,2172,26,2024-05-03T13:08:53Z,2024-05-03T13:08:53Z
UgwvQJJh51gvDkbtTLx4AaABAg,@felixgutierrez993,Kendrick not just snatching chains but N-word passes 😭🤣🔥,1835,13,2024-05-02T00:05:21Z,2024-05-02T00:05:21Z
UgydYPWqIEAaFYqFup54AaABAg,@armaniosin664,“Tell me you’re cheesing fam “ Canadian slang against a Canadian in a diss track is Lyrical Aggravated Assault 🫣,1184,12,2024-05-03T15:02:05Z,2024-05-03T15:02:05Z
Ugy_D1iAeIyBo_5g0BV4AaABAg,@thedefensivegod7,Bro took away drakes reputation.,7,0,2026-02-15T20:14:40Z,2026-02-15T20:14:40Z
UgwjRdZbM8-_hPOAoAZ4AaABAg,@ramrod1993,I ain’t got nothing to hide and I still got shivers when Kendrick said “don’t tell no lie about me and I won’t tell truths about you”,2628,10,2024-05-04T16:19:41Z,2024-05-04T16:19:41Z
Ugwm_u2obPtXSinCKTh4AaABAg,@justhere6507,“I like Drake with the Melodie’s I don’t like Drake when he act tough” 😂😂 every Drake fan felt that in they soul 😂😂,3130,30,2024-05-01T09:13:59Z,2024-05-01T09:13:59Z
UgyfZybWPhabJT4FiTt4AaABAg,@tabytrujillo8314,"""Am I battling ghost or AI"" JESUS this is gonna tear some new holes open",708,2,2024-05-02T02:21:49Z,2024-05-02T02:21:49Z
UgzqrW2WJ5PqaKkeqBp4AaABAg,@keonnasargent6218,"This colder 🥶 than Not like us, He took drake to hell on this one",24,0,2025-02-13T14:55:00Z,2025-02-13T14:55:00Z
UgwmIVjYnHoe2ohcOQ94AaABAg,@Swanky97,Kendrick’s enunciation in this diss is lethal.. he meant every word he said,2110,20,2024-05-27T14:24:40Z,2024-10-13T02:19:48Z
UgxvaLrDhNUzCDjWlzZ4AaABAg,@Black0utDayz,"""And noticed i said ""We"", it's not just me. I'm what the culture's feeling.""",6797,114,2024-04-30T20:27:21Z,2024-04-30T20:27:21Z
Ugwz5r1swaFE2s8oWH94AaABAg,@icedupwolf,I am from Toronto and I felt second-hand embarrassment after witnessing drake being roasted alive like this.,853,10,2024-05-13T16:37:56Z,2024-05-13T16:37:56Z
Ugzk0NItRgprHWO7rBF4AaABAg,@Quiz_Spark10,It ain't a diss it's a group of disses.,10,0,2025-10-11T19:36:10Z,2025-10-11T19:36:10Z
UgznaAgTRwcplN1ftbF4AaABAg,@NerdieTurtle,"“You not a rap artist, you a scam artist with the hopes of being accepted” goddamn Kenny",12521,212,2024-04-30T17:40:04Z,2024-04-30T17:40:04Z
UgxbyY6O4Jwgm8A--6B4AaABAg,@friendspartyinginhell,"""I don't wanna talk on no celly, you know I got language barriers, it's not an accent you can sell me"" is hilarious cause Drake really do touch down in a new city and immediately start speaking like the locals. Talk about identity issues 😭 🔥",5338,113,2024-04-30T18:30:10Z,2024-04-30T18:30:10Z
Ugz5J5X3pSLCXhdQnPd4AaABAg,@Ce13stialBunny,"“Melanin Privileges, Revoked”

-Kendrick, 2024",1609,8,2024-05-01T16:41:54Z,2024-05-01T16:41:54Z
UgxETIOJ4y-zh3f1k7l4AaABAg,@shay8967,"He done murdered , brought him back , murdered him again. lmaoooo",16,0,2025-02-13T14:50:52Z,2025-02-13T14:50:52Z
UgwowmgXa6BGtA8qcqZ4AaABAg,@Joshiica,Adonis finna be playing this on max volume when he gets grounded,1320,19,2024-05-02T04:14:37Z,2024-05-02T04:14:37Z
UgyfA9fOdzpZGZSXAwp4AaABAg,@michealhart3305,Bro needs an award for posting the lyrics this fast,14366,99,2024-04-30T17:30:52Z,2024-04-30T17:30:52Z
Ugw3UYg2GJNm5zy1QWl4AaABAg,@4dr7ana,"„I believe you don’t like Women
That’s real competition, you might pop ass with‘em“ LMAO😭😭",357,2,2024-05-01T19:02:16Z,2024-05-01T19:02:16Z
Ugxo8ZTcUypfN9qEqZB4AaABAg,@Nodsferachoo,Oooo Kendrick imitating where drakes from like drake imitating African American culture. Chefs kiss.,496,1,2024-05-03T19:56:12Z,2024-05-03T19:56:12Z
Ugzy8TirVwMTyMaQzQh4AaABAg,@sincere35691,Ain’t gonna let no Canadian 🥷 let pac turn in his grave 😂facts,224,1,2024-05-02T09:40:22Z,2024-05-02T09:40:22Z
UgyZhTe3RZ8SEp-mK2p4AaABAg,@kyleslade750,Drakes ghost writers gonna have to pull out the whiteboard and projector and break this down for him.,990,10,2024-05-01T05:19:07Z,2024-05-01T05:19:07Z
UgxvorsRahh-88FNJrJ4AaABAg,@Blobby1Fishy,"""Know you a master manipulator and habitual liar too. But don't tell no lie about me and I won't tell truths 'bout you."" 0:47, real asf",38,0,2025-02-07T00:30:36Z,2025-02-07T00:30:49Z
UgyIS7j5Xm0mO2b-pJl4AaABAg,@AH-jt5ld,Coming back to this after 616 in LA and Meet the Grahams is wild. I cant believe Euphoria was just a warning shot.,1817,22,2024-05-04T09:49:55Z,2024-05-04T09:49:55Z
UgyOLnQwudqAjE2IC6h4AaABAg,@yoeyzzz,"Kendrick = Man of the year
Drake = Victim of the year",1909,22,2024-06-22T04:55:49Z,2024-06-22T04:55:49Z
Ugwv1s8E0Gza6ra_pKR4AaABAg,@GodsPlan489,These Kendrick songs are starting to sound like prophecies. There’s a different energy behind these verses,1023,11,2024-05-08T05:08:52Z,2024-05-08T05:08:52Z
UgwbBgfsYse3bGUB2W94AaABAg,@Scholarly-7a,2:10 is CRAZY!!!!!,9,0,2026-05-14T15:35:31Z,2026-05-14T15:35:31Z
UgyZ2EBG5WpBCVfvx1Z4AaABAg,@Big_Ize,"""It's not just me, I'm what the culture feelin""

NOTHING BUT FACTS!",2007,16,2024-05-01T23:05:23Z,2024-05-01T23:05:23Z
Ugz16gp5QzByb1Is9Ut4AaABAg,@JonSudano,I believe kendrick just revoked drakes n word pass,4983,36,2024-05-03T22:06:34Z,2024-05-03T22:06:34Z
UgycRGKNWF8uv7yfKuF4AaABAg,@HJ2K_,"“Dementia must run in his family but let it get shakey, I park your son” 😭😭😭😭",853,24,2024-05-02T21:15:38Z,2024-05-02T21:15:38Z
UgykUisOuq4PZMjTHvV4AaABAg,@DanyullEdween,"For Hip Hop heads this ended the beef. For normies it was , ""Not Like Us"".",5,0,2026-02-14T07:33:58Z,2026-02-14T07:33:58Z
Ugxi9KCcaiUJK0XPvR14AaABAg,@krysroc,"Kendrick read Drake down in the classiest and filthiest way possible. I lived for every word, entendre, reference, beat change and accent. THIS IS HIP HOP. THIS IS ART.",633,4,2024-05-03T07:18:06Z,2024-05-03T07:18:06Z
Ugxl9odN7BwWMzN1LdB4AaABAg,@LexaTerrestrialx,theseee lyrics were sooo entertaining... He even rapped in a Canadian accent... we needed this... lmaooo,499,9,2024-05-03T01:56:57Z,2024-05-03T01:56:57Z
UgxDletMRJSASVHjFbx4AaABAg,@potato2750,"kendrick has every single spot on the top 5 for most trending music videos rn 💀 

drake is cooked",663,9,2024-05-04T01:35:47Z,2024-05-04T01:35:47Z
Ugy8lLx4PPW6moEmuPt4AaABAg,@raphaelthaddeus6608,Kendrick dissing drake is not enough he even needed to diss the ghost writers and AI to satisfy his needs of violence,6,0,2025-04-16T07:29:30Z,2025-04-16T07:29:30Z
UgzEEbtw7a9n_Yu47hl4AaABAg,@lorddrewcifer7650,This is a smoke session. Turned that Canadian into Canadian bacon,509,6,2024-05-02T20:01:54Z,2024-05-02T20:01:54Z
UgzUyP7VwCwNaR3NvhN4AaABAg,@notghoxst7047,"""what is it? the braids? i hurt your feelin's? you dont wann work wit me no more, oke!"" LITERALLY ONE OF THE BEST LINES IN THIS SONG LMAO",807,7,2024-05-08T01:03:01Z,2024-05-08T01:03:01Z
Ugz4HB1by22xxuupkwx4AaABAg,@tyreeb.381,Every time the beat switched up he got crazier 🤣🔥🔥🔥,1143,16,2024-05-08T16:13:33Z,2024-05-08T16:13:33Z
Ugy24iwyUQ9Kwm_jJqp4AaABAg,@Geomiroadman,Bro said am I battling ur ghost or ai 😩😩😭😭🤣🤣Jesus nw I want more,3,0,2026-05-22T09:19:05Z,2026-05-22T09:19:05Z
Ugxwdpuxv_EnOyYoijR4AaABAg,@HALANT,“Aint 20 v 1 its 1 v 20 if i gotta smack ninjas that write with you” 💀💀💀💀💀💀💀💀💀,945,8,2024-05-01T04:09:53Z,2024-05-01T04:09:53Z
UgyOmu1aav-ryUCgBJV4AaABAg,@GME-55,"Cole didn't dodge a bullet, HE DODGED A F**KING TSAR BOMBA",962,16,2024-05-31T18:40:19Z,2024-05-31T18:40:19Z
Ugykoew_JXBYVoyIu_p4AaABAg,@sidneyfaith7759,"I laugh every single time I hear ""WHAT IS IT, THE BRAIDS!?"" 😂😂😂😂",281,1,2024-05-05T10:31:41Z,2024-05-05T10:31:41Z
Ugx1pNU6W9zBPLGlPp14AaABAg,@RedTeamerVL,Listening to this song with some quality headphones feels like my brain is getting melted in both ears ( a good feeling)😂😂,5,0,2026-02-24T08:44:24Z,2026-02-24T08:44:24Z
UgzVWan0kc3rn85Db0F4AaABAg,@OliverAzima,starting beef with eminem or kendrick is literally the most suicidal thing anyone can do 😭😭,3209,218,2024-05-01T13:36:52Z,2024-05-14T09:59:59Z
Ugy4vmDHBC4Yvt6lczh4AaABAg,@christopherbaccas2733,"When Kendrick said he hates the way Drake talk, walk, & hates the way that he dress, it brings me back to when DMX in that one interview when he said he didn't like nothing about Drake. He said those same exact words.",977,18,2024-05-05T04:22:38Z,2024-05-05T04:22:38Z
UgwxzX4KEaIqquRGRRt4AaABAg,@Darris-wy4ot,The way he switches styles is epic,751,5,2024-07-04T15:04:35Z,2024-07-04T15:04:35Z
Ugxw4AOP4fAyFiGF9HR4AaABAg,@YungSteveOnEm,This first verse hits even harder now with these lawsuits,8,0,2025-01-17T10:10:18Z,2025-01-17T10:10:18Z
Ugz6kw0AGljOy81jvct4AaABAg,@GLnoG420,"""Tell 'em run to America to imitate heritage, they can't imitate this violence""

DAMN",461,4,2024-05-05T19:53:24Z,2024-05-05T19:53:24Z
UgxNdnniJES0UJUl9aB4AaABAg,@megganmfhackworth7896,"""Dont say no lies about me and i wont say no truths about you"" is so real",270,2,2024-05-08T03:21:27Z,2024-05-08T03:21:27Z
UgyfCUbgK0bxsMwt2Px4AaABAg,@Liananananananaaa,“What is it the BRAIDS? I hurt yo feeling youdontwannaworkwithmemore OKAY.” I love Kendrick Lamar so much bro 😭😭😭😭😭,912,12,2024-05-06T12:09:54Z,2024-05-06T12:09:54Z
UgzWMqrogaGjlp_rmiJ4AaABAg,@10Trillion707,"When you get up in the morning, after you pray and brush your teeth, I want you to make yourself a big cup of coffee and let euphoria play. I guarantee you will crush the whole entire day like you’ve never crushed a day in your life. I’ve been doing this for like two months now if I told you my results, you would never believe me.",4,0,2026-04-17T05:04:31Z,2026-04-17T05:05:02Z
UgzlWxzDTZNMEWsAXC94AaABAg,@codyracine5639,He did those voices so he can't be confused with ai genius 🤯🤯🤯,448,4,2024-05-02T21:37:53Z,2024-05-02T21:37:53Z
UgxwTR5Yd4_jfTYehxl4AaABAg,@heaven1189,The way Kendrick responds to the people saying why it take so long for him to respond “I have a son to raise you think my life is rap?” That’s a perfect way to respond than he Goes at drake as a father figure and role model that’s cold 🥶,655,8,2024-05-02T16:38:56Z,2024-05-02T16:38:56Z
UgxWkFmPoZKFpmzq8114AaABAg,@davinchristian1169,"""let your core audience stomach that didnt tell em where you get ur abs from""  STRAIGHT HEAT",866,11,2024-05-02T18:05:24Z,2024-05-02T18:05:24Z
UgywNHnDKBONUEP9MFx4AaABAg,@Robjohnnet,Who’s here after Drakes lawsuit?,55,0,2024-11-28T23:03:47Z,2024-11-28T23:03:47Z
UgwjMKY4pbTfJfSnRiN4AaABAg,@YesYou-,“It’s 3 goats left and I see 2 of em kissing hugging on stage”😂cole catching strays Kendrick gives no f bout the apology,2484,76,2024-05-01T00:54:17Z,2024-05-01T00:54:27Z
UgwTQhn2RKy2y-udToR4AaABAg,@melbournemadetv1291,Kendrick - “I’m I battling Ghots or AI”. Damnnnn,1180,11,2024-05-22T23:33:57Z,2024-05-22T23:33:57Z
UgzONq8v_gyDSwzIAQt4AaABAg,@youngharleezy,Ladies and gentlemen this man has a Pulitzer prize for a reason as well as 17 Grammy's,447,3,2024-05-17T20:15:08Z,2024-05-17T20:15:08Z
UgyosIwgV3oZUCGeH6Z4AaABAg,@rior8918,"The pacify line is so good, pacifier being what babies use to lull them to sleep, its like triple entendre, callung him a mid artist, a pedophile and and using it to say hes better",5,0,2025-02-11T01:00:08Z,2025-02-11T01:00:08Z
Ugy28p3BgicMTVl6wPZ4AaABAg,@Pappaborn77..,"Drake on the phone wit his psychiatrist Like ""Ki ki dont love me no more 😂😂😂😂",258,4,2024-05-05T15:01:23Z,2024-05-05T15:01:23Z
Ugyv_5-0xRxhcTsfjWB4AaABAg,@squigglym,Nah this shit ain't a diss track it's a DISMEMBER track 🗣️🗣️🔥🔥💯💯,374,9,2024-05-03T13:12:31Z,2024-05-03T13:12:31Z
Ugz_vNRSzFwDzLub1bN4AaABAg,@thecrowsflyaway3473,"""Don't tell no lies about me and I won't tell no truths about you"" is the most loaded phrase ever uttered in a song.",1009,12,2024-05-01T04:05:26Z,2024-05-01T04:05:26Z
UgwQu6nDRl46A-v3GNx4AaABAg,@LilVill01,Im back to hear that 2nd line again .. after Drake sued 😅😅😭💀,19,0,2024-11-28T21:57:23Z,2024-11-28T21:57:23Z
UgxHfNUzIq1xFEFAbid4AaABAg,@lumberjack.lookin,I'm eating these drake disses like I'm a starving child,257,1,2024-05-01T22:04:18Z,2024-05-01T22:04:18Z
UgxttnfIZJIUVbi30Sl4AaABAg,@Buggcity,omg when Kendrick said “you might pop ass with em “ had me on the floor 💀,606,5,2024-05-01T06:35:31Z,2024-05-01T06:35:31Z
UgzVMSgOizU6ERNlYD54AaABAg,@epiclife9658,"""Cole & Aubrey know I'm a selfish nigga, the crown is heavy. I pray they my real friends if not I'm YNW Melly"" 🔥🔥🔥 oh shit lol",499,5,2024-05-01T12:38:17Z,2024-05-01T12:38:17Z
UgwNv-agDihTx8PWL114AaABAg,@apolinarioagustin6091,Aging like fine wine 🍷,45,0,2024-11-27T22:53:20Z,2024-11-27T22:53:20Z
UgwCoklexTxIja-y-6Z4AaABAg,@diamonddallas4350,"“I believe you don’t like women that’s real competition, you might pop ass with em” 💀🤣",1257,19,2024-04-30T18:20:41Z,2024-04-30T18:20:41Z
UgydWcGn6qlHtCJYgCF4AaABAg,@RaynieRubies2015,"""How many more fairytale stories 'bout your life till we had enough?"" - I felt that!",452,3,2024-05-02T06:02:37Z,2024-05-02T06:02:37Z
Ugw59oxWhfIO_vGPAcB4AaABAg,@MonkeyDKodaa,The opening he really talking to him like a father disappointed his son acted up in school 🤣,827,10,2024-04-30T20:34:12Z,2024-04-30T20:34:12Z
UgxGSD2l9Ze0pGfnx4F4AaABAg,@joshuasiame5525,"I'm TERRACE CRAWFORD, I'M WHOOPING FEET ... About right after the fight 😅",8,0,2025-09-14T15:20:31Z,2025-09-14T15:20:31Z
UgyZSAadHQ-MRA-OOdh4AaABAg,@pandacheong2531,The fact Kendrick clearly isn't even taking this track seriously makes it that much better,409,6,2024-05-02T14:01:23Z,2024-05-02T14:01:23Z
Ugyax6pirC9TflD8WVV4AaABAg,@JoshuaNewman-r4m,"""I hate when a rapper talks bout guns and somebody dies they turn into nuns then hop online like pray for my city he fakin for likes and digital hugs"" 🗣️ 🔥🔥🔥🔥🔥 1:48",540,0,2024-10-09T19:45:33Z,2024-10-09T20:12:29Z
UgxzxTtHNDuyEQrN8wl4AaABAg,@iamwhatiam2348,Kendrick going to jail for verbal assault & lyrical murder,657,11,2024-05-03T14:25:20Z,2024-05-03T14:25:20Z
UgwG39Zfo4bUYCAGun94AaABAg,@rileydallaire5808,"Not like us was Kendrick’s easy shot, this was his anger genuinely coming out. This shits my favourite",3,0,2026-02-28T12:18:54Z,2026-02-28T12:18:54Z
UgwjmVQe40S8O2eJgxR4AaABAg,@Lahobreath,"“I hate the way that you walk,  the way you talk, I hate the way that you dress” RIP DMX one of the realist 💯",1646,45,2024-05-01T11:13:40Z,2024-05-01T11:13:40Z
UgwEYZrynBdECPt-Xn94AaABAg,@chrissilva4500,“Am I battling ghosts 👻 or AI 🤖” woooow 🔥,287,1,2024-05-01T21:17:54Z,2024-05-01T21:17:54Z
Ugw4Px5xjvJPUn-6Lql4AaABAg,@AcidRose-rx9ul,"“Back to back, I like that record
Ima get back to that for the record “ then came with two disses back to back🤯🤯",283,0,2024-05-04T17:22:25Z,2024-05-04T17:22:25Z
UgwodVFApMtZDYOFGJ14AaABAg,@gretwinj.scharnick6387,"Kendrick set the Bar very high. So if u want to be a Rapper, u better deliver.",9,0,2024-12-25T13:05:25Z,2024-12-25T13:05:25Z
UgxTWKWcjCWvokRcy-R4AaABAg,@jeanetta1456,“WhaT Is IT? THe BRAiDs?” Gon get me every time,549,7,2024-05-02T18:05:15Z,2024-05-02T18:05:15Z
UgzpTBFEe0vqL2pe0sJ4AaABAg,@dripskyylark,“when i see you stand by sexyy red i believe you see two bad bitches” 😭😭😂 yoo kendrick wildin’ neeeeded this 🤙🏼💥💥,2213,77,2024-04-30T23:02:45Z,2024-04-30T23:02:45Z
UgzH_cShsst4F4r_std4AaABAg,@khrisjackson1381,"""It's 3 G.O.A.T.s left, and I See Two of Em Kissin and Huggin on Stage"" 🤣",318,3,2024-05-02T01:17:25Z,2024-05-02T01:17:25Z
UgyEhQA3uT_Asx1my5R4AaABAg,@chickiehabit,"""I'm what the culture feeling"" hits so hard bruh🔥🔥🔥",4,0,2026-01-16T07:31:56Z,2026-01-16T07:31:56Z
UgwEhVaMa81JLC1fhxB4AaABAg,@oglost95x48,The Canadian accent saying Crodie🤣🤣🤣🔥🔥🔥,290,1,2024-05-01T00:16:19Z,2024-05-01T00:16:19Z
UgzT-o-1VGiH9BksUPd4AaABAg,@HandsomeHood-85,"While listening to this all I was thinking about is DMX on breakfast club interview when they asked him if he like drake. X said “I hate his voice, I hate his face” 😂😂😂😂😂😂😂😂. RIP X",441,7,2024-05-01T04:43:10Z,2024-05-01T04:43:10Z
UgzIkjB1QKDG6veYMu14AaABAg,@tylerng2004,"As a neuroscientist, at 2:01, I swear I heard “Dementia must run in his family, but let it get shaky, I park-his-son”…well play on Parkinson sir well play",900,32,2024-05-02T06:06:38Z,2024-05-02T06:11:37Z
UgxUv0lVzmdqtyNvYml4AaABAg,@aceisonthecase_15,"Bro, I love how he says it’s a friendly fade and let’s keep it that way and he continues to diss him like he hates him😭😭😭💀",6,0,2025-02-23T22:57:15Z,2025-02-23T22:57:15Z
UgxeYpDmqZ3DKU4PQ6B4AaABAg,@Slick.mp4,I don’t even care about rap beef but this is the drake diss we all needed,126,1,2024-05-02T21:05:28Z,2024-05-02T21:05:28Z
UgzquRbEpZzPTaKWwk54AaABAg,@jonplay3602,5 diss songs between them now I understand why J Cole backed out early he knew this was the start of something,195,5,2024-05-04T16:41:34Z,2024-05-04T16:41:34Z
Ugzjt0bdeVR2wgH_V5l4AaABAg,@Kat_Lahri9223,That Sexy Red line is the wildest statement I've ever heard in a beef 😂😂,885,33,2024-05-01T15:11:52Z,2024-05-01T15:11:52Z
UgzcgImVaK0QPz91VIB4AaABAg,@4ourtycal,I’m the biggest Kendrick and Drake fan but man Kendrick killed Drake this shit sound crazier than when the beef was goin 😂😂,5,0,2026-03-06T01:15:46Z,2026-03-06T01:15:46Z
UgyTq9G98nxxDfP-fMJ4AaABAg,@QueenBee8808,"3:24, is when I REALLY, assigned myself to the fact that Kendrick, is chosen. To lead, and succeed, he’s straight culture, he’s everybody before him that assigned themselves to live for the culture, all in one person.🙌🏾🙌🏾🙌🏾🙌🏾🙌🏾🤜🏾🤛🏾✊🏾✊🏾✊🏾💪🏾💪🏾💪🏾💜💜💜 either you gone ride or die! It’s a Revolution",35,1,2025-02-16T23:37:28Z,2025-02-16T23:37:28Z
UgwbV0EHtFSRdlFI95x4AaABAg,@venom5809,How do you have over 20 ghost writers and still get absolutely massacred by one dude? 🤔🤦‍♂😂,157,5,2024-05-24T04:31:43Z,2024-05-24T04:31:43Z
UgzqgC3FkB7cMytJooR4AaABAg,@Thisdudehere-e6n,It would be diabolical if Adonis be dancing around the house singing “ U don’t know nothing bout that🕺🏼”,157,0,2024-05-07T10:52:50Z,2024-05-07T10:52:50Z
UgwQiKvcC3UnKlXojkN4AaABAg,@WLMPRO,"""it's not just me, i am what the culture is feeling""

something that had to be said at least 5-10 years ago",426,9,2024-05-01T16:08:30Z,2024-05-01T16:08:30Z
UgxzHyik3siu7xfC0sJ4AaABAg,@ObsessionRogue215,“Faking for likes & digital hugs”,2,0,2026-08-15T23:21:10Z,2026-08-15T23:21:10Z
UgzaIkIHgrq57faHHIZ4AaABAg,@kham__mokha7045,Kendrick told no lies. He said what everyone been thinking for years about drake😂😂😂😂😂😂😂😂,137,0,2024-05-05T14:20:09Z,2024-05-05T14:20:09Z
UgwElR9qRyp5qWSeqAJ4AaABAg,@johno8425,Kendrick said everything DMX was feeling when he was on Breakfast Club 😆  RIP X..,238,2,2024-05-02T15:43:37Z,2024-05-02T15:43:37Z
UgygJVGdh9cgetiy2I94AaABAg,@CoffeeLatte187,“Am I battling ghost or ai?”😂😂😂,419,17,2024-05-01T12:21:31Z,2024-05-01T12:21:31Z
UgxeCDwwK49NrMzZ7kd4AaABAg,@broyoda,I still can’t believe Drake didn’t concede after this. Kendrick was obviously snapping WAY harder for this beef than Drake.,6,0,2025-02-04T15:36:21Z,2025-02-04T15:36:21Z
UgyNDDFh5eUNJb2NJlB4AaABAg,@markallen6116,Why this shit get better the more you listen to it,129,1,2024-06-08T06:19:44Z,2024-06-08T06:19:44Z
Ugyx_WPO3-fTikU52Wl4AaABAg,@mauit5036,"I blame all this on Katt Williams… but I also appreciate Katt for setting the tone for ALL truths to come to light 🤣

Edit: Now go listen to meet “the grahams” than come back to this comment again! Kendrick a damn menace and I’m here for it… 😂💀",1410,23,2024-04-30T19:59:27Z,2024-05-04T06:44:03Z
Ugw2QLm-uriO8qeodpV4AaABAg,@coltontatick-hw2wp,"Don’t tell any lies about me, and I won’t tell any truths about you.” So tuff 😭😭😭",208,1,2024-05-17T20:31:27Z,2024-05-17T20:31:27Z
UgyWld3HPyhBbT-uhs54AaABAg,@GermeOvadyah,This song's still fire and will be 🔥 forever 🎉🎉🎉,18,0,2025-12-22T18:44:27Z,2025-12-22T18:44:27Z
UgztywMoo2tcxu3btCR4AaABAg,@whyaminotoriginal,This aint a diss its a eulogy 😂,1097,22,2024-05-01T21:48:57Z,2024-05-01T21:48:57Z
Ugx77v-Riy7rAIo9Q3N4AaABAg,@dayveeazariah5217,"Quicker than light

Edit: I didn't even know comment had so many likes, one month later and this is when I am finding out because I barely check YT notifications 🤣
Thank you 🙏🏾",2636,34,2024-04-30T17:04:23Z,2024-06-05T22:47:02Z
Ugwxeckt6PwW1u-oP8B4AaABAg,@Acefrank787,Bro threatening Drake with the truth is wild!!!!! “Don’t tell no lies about me and I won’t tell no truths about you!” The NYFD can’t even touch the flames on Kendrick right now,145,0,2024-05-04T20:18:35Z,2024-05-04T20:18:35Z
UgxyR9wYzf7ptWV-yu94AaABAg,@jermeycoldworld1898,This diss is way better than they not like us,10,0,2025-02-13T16:24:34Z,2025-02-13T16:24:34Z
Ugwor0dgBqLP9AsUU794AaABAg,@linnoel5,"""I'm knowin they call you the boy but where is a man? Cause i ain't see him yet.""
 Damn!",192,1,2024-05-06T14:36:56Z,2024-05-06T14:37:19Z
UgzQ4QOx7dMiqB_F9qF4AaABAg,@whiteyfisk54,He touched on everything I feel about drake. No Diddy,173,1,2024-04-30T21:01:29Z,2024-04-30T21:01:29Z
Ugx0dwEUvO5oUVttpxh4AaABAg,@jaidaphilo,THE CANADIAN ACCENT AT THE END IM ROLLIN 😭😭😭,462,6,2024-04-30T21:11:55Z,2024-04-30T21:11:55Z
UgxX52e_SCLxvYQpk4d4AaABAg,@kingmill.,"This song aged so well, look at drake now😂😂😂😂😂",6,0,2025-01-12T08:40:28Z,2025-01-12T08:40:28Z
Ugx9kICXzkZPtykG97l4AaABAg,@jamiehatesyou9175,Am I the only one who thinks the bar abt drake not liking women was a reference to misogyny rather than sexuality?,272,6,2024-05-04T13:43:54Z,2024-05-04T13:43:54Z
UgyvJ3rLKqHc00z2LSt4AaABAg,@thectbchannel,Kendrick bringing back the dead with that DMX reference WITHOUT AI 😂,1079,10,2024-04-30T18:59:42Z,2024-04-30T18:59:42Z
UgyLPn2jgi9A873YKg54AaABAg,@dnvrhlr,Them ghostwriters be pulling MAPPA hours after this one.,532,8,2024-05-01T10:57:23Z,2024-05-01T10:57:23Z
UgwrJ9n2hSMPV2qlyah4AaABAg,@consciousra5281,What I like about Kdot is he does embodies different genres of hip Hop and he's a lyrical genius!!,18,0,2024-11-25T17:36:26Z,2024-11-25T17:36:26Z
UgyTbnu4640QTR6msSN4AaABAg,@epurpcaptin8824,Just like skeletor said; rap beef is just two men writing angry poetry at each other.,352,6,2024-05-04T04:49:47Z,2024-05-04T04:49:47Z
UgyTqrRwtkbvD091y5p4AaABAg,@KC_Savage8,"“He wanna be junior they must’ve forgot the shit that they done, the mention (dementia) must run in his family. But let it get shaky. I park your son (Parkinson)” so cold you gotta dissect it to appreciate it!!",347,6,2024-05-06T18:23:33Z,2024-05-06T18:23:33Z
UgyxLkDUcVMPTWMCdZB4AaABAg,@FIFODavid,"Kendrick on Drake:
""His clothes? WHACK!"" 
""His shoes? WHACK!"" 
""The way that he walks? WHACK!"" 
""The way that he talks? WHACK!""

Edit: I can tell how old people are by who understood the meme and who didn't. I could care less about this beef. I just wanted to hear Kendrick's diss track. And it reminded me of a classic Internet video. Carry on.",324,12,2024-05-02T02:09:29Z,2024-05-02T19:16:16Z
Ugyqsz3LOUPdxo10zv94AaABAg,@tylerlefebvre2749,This was the best overall song in the beef,8,0,2025-02-28T02:43:17Z,2025-02-28T02:43:17Z
Ugz08Y6lIXhgzc6m5qx4AaABAg,@darnishashari2174,Kendrick is the kind of boyfriend you’d hate to get in an argument with… be holding 💩 in waiting for the day to tell you off! 😂😂😂,257,7,2024-05-16T04:18:41Z,2024-05-16T04:18:41Z
UgwEvnvTYXfxf4DGfqt4AaABAg,@deceiver444,"Euphoria goes so hard, gets my mind and blood pumpin",670,15,2024-05-10T23:27:07Z,2024-05-10T23:27:07Z
Ugx2zJ1_ZtwM0g0Es014AaABAg,@Graylord12,"""How many more black features till you feel like you black enough? ""GAD DAMN!!! 🔥🔥",2286,128,2024-04-30T19:15:41Z,2024-04-30T19:15:41Z
Ugx7DpbiOT3RqbrVZuh4AaABAg,@LILR4YQU4N,ngl i swear this guy diss drake like crazy i thought not like us was enough,2,0,2026-05-14T02:57:07Z,2026-05-14T02:57:07Z
UgzNov7Bpz4MXXLgdfl4AaABAg,@JoshuaHuntDesign,"It's ""teaching him morals, integrity, discipline"" not ""teachin' the most, and take all the discipline"" just for the record.",204,2,2024-05-03T06:48:15Z,2024-05-03T06:48:15Z
UgxeUvoQAtOY1tA9Vb54AaABAg,@c.mcdermo,"""Fuck all that pushin P, you betta Push-a-T, you better of pushin him than pushin me"" DAMN",83,0,2024-05-01T08:44:08Z,2024-05-01T08:44:08Z
UgzQe-iPXDWYt8Bs_N14AaABAg,@madeabstract,"""Only YOU like bein famous"" lol most real artists do art for the love of art drake jus loves attention like a highschool girl",73,2,2024-05-08T17:13:42Z,2024-05-08T17:13:42Z
Ugy0jveQO0PfNzx5oCZ4AaABAg,@seanturner648,Who's here in 2025? This song hits different as time has passed. 😮,9,0,2025-01-22T00:23:02Z,2025-01-22T00:23:02Z
UgyQQEf1nr7kU0r_IoZ4AaABAg,@isaacsolomon1791,The lyrics video got #1 Trending while the actual song went #2 😭,483,8,2024-05-02T01:04:58Z,2024-05-02T01:04:58Z
UgwY0GT4Ze_lJnbTavl4AaABAg,@AyaanaYh,2:19”what is it the braids?” LMFAOAOAO SENTTT MEEE😂😂😂😂,519,7,2024-05-17T21:04:51Z,2024-05-17T21:04:51Z
UgzG1kwbf1Im2nwj94R4AaABAg,@rajw1nd3r00,"""Ain't 20v1 it's 1v20 I gotta smack people that write with you"" 🔥🔥",168,1,2024-05-02T07:46:24Z,2024-05-02T07:46:24Z
UgxQdgwSJUIjUYZz7nZ4AaABAg,@ronhill8533,Harder than not like us I’m sorry,11,0,2024-11-27T08:34:37Z,2024-11-27T08:34:37Z
UgyATCA59DYDDt2lP6d4AaABAg,@fracturedsolace145,Thank you Aubrey for sacrificing yourself on the altar of Kung Fu Kenny!,110,1,2024-05-01T19:42:41Z,2024-05-01T19:42:41Z
UgzedEMOdInahkUsFsx4AaABAg,@StepUrFreshUp,This goes harder every time I listen to it 😂😩,376,5,2024-05-10T04:20:20Z,2024-05-10T04:20:20Z
UgyrH9r775MeEER3X_t4AaABAg,@deviyonescotch9671,"""Notice I said we, I'm what the culture feeling""...I got chills when I heard that",293,8,2024-05-01T14:10:54Z,2024-05-01T14:10:54Z
Ugy-Ll1y_HA7H_JLJI94AaABAg,@justinlachowski6163,So many lines to point out BUT WHEN HE SAYS THEY can't imitate this violence is the 1 LINE... Not like us is everybody's song BUT THIS IS THE 1 OVERALL,5,0,2025-02-24T02:53:03Z,2025-02-24T02:53:03Z
UgzdzaNtSZJZI9BKSMd4AaABAg,@ShaneGuyton-mj1mv,"That whole ""You don't know nothing bout that"", is like Kendrick just took Drake's man card, cut it up in front of him with his son front and center, and replacing his man card with a whoe card.",321,3,2024-05-01T14:10:11Z,2024-05-01T14:10:11Z
UgzvSKlFCfvy1KiIxeZ4AaABAg,@Leosfrigs,"""I hate the way you walk, the way that you talk"" 
-DMX ifykyk",98,0,2024-05-04T14:00:39Z,2024-05-04T14:00:39Z
UgyDuQ2tnNZQia6pmrR4AaABAg,@kurayahmi,*I don’t think people realize we are witnessing an important moment in rap history*,631,15,2024-05-01T16:08:01Z,2024-05-01T16:08:01Z
UgwteWjpfc13e4lGIvB4AaABAg,@HollywoodLadyJ,This go way harder than “Not Like Us” 🔥🔥🔥🔥,7,0,2024-12-13T05:52:16Z,2024-12-13T05:52:16Z
UgwoJ-A-QMdoB-AQdwV4AaABAg,@EOC12,"“When I see you stand by Sexyy Red I believe you see two bad bitches”

😂☠️😂☠️",457,11,2024-04-30T21:50:03Z,2024-04-30T21:50:03Z
Ugz3GwOw73D_q3SOPuZ4AaABAg,@viavoutga,Damn he got me vibin like I hate him too 😂,192,2,2024-05-16T16:28:11Z,2024-05-16T16:28:11Z
Ugwss5dDQjQhfH1JS094AaABAg,@RedSunRyder,I’m in church and my pastor asked us to pray for Drake😔,920,21,2024-05-04T20:34:29Z,2024-05-04T20:34:29Z
UgyqlFYqE3Kgpgj-2-14AaABAg,@kimberlywilliams9424,"Man,
I remember when it first dropped on internet...
My mouth dropped when I heard this track😮😂❤",2,0,2026-03-21T23:40:34Z,2026-03-21T23:40:34Z
Ugy8ooUGKKl6QutudNB4AaABAg,@tyh4180,"Yo I listened to this about 5 times yesterday, woke up this morning fix breakfast and said let me run that Kendrick back. Shit so tuff",389,10,2024-05-02T11:44:19Z,2024-05-02T11:44:19Z
UgzXzTup8ICxh6-DI6B4AaABAg,@dss_saiyan3528,Kendrick told folks “stop playing with me before I turn ya into a song”,112,1,2024-05-01T16:12:24Z,2024-05-01T16:12:24Z
UgzMnW-WB0vPGzBYK4N4AaABAg,@digital8981,"As a Canadian, I'm cheesin fam. The man went off on 3 different beats, multiple personalities in his flows, addressed a lot of what was said about him, raised the West Coast awareness next time Drake steps his foot out there,  got at the man for NOT being one and raising his son, sparking up a Pusha-T beef with metaphors bro.... both them dudes are great in their own rights but Kendrick on another level 💯 

The man said he want Drake to continue keeping him dancing and waving his hands and there won't be no threat. That was a STEALTH bar haha!!",486,10,2024-05-01T19:24:13Z,2024-05-01T19:24:13Z
UgwmU0npnVgNB_KMA9x4AaABAg,@jjm8502,3:18 if I catch a flight it's gonna be direct.  Lyrical genius ❤❤❤❤❤❤,8,0,2025-01-14T13:57:06Z,2025-01-14T13:57:06Z
UgxCj6n-MgzZNMo9PD94AaABAg,@nardo0o0o,"Nah the Canadian accent had me crying, no business saying fam and crodie like that, I love this guy🤣🤣🤣🤣🤣🤣🤣🤣🤣🤣",305,10,2024-04-30T22:05:58Z,2024-04-30T22:05:58Z
UgzGcd600pWQc3xRfIF4AaABAg,@SolemnSabre,"""Fuck all that pushin P, you better Pusha T"" 😂😂😂",161,14,2024-05-01T07:15:56Z,2024-05-01T07:15:56Z
UgzTXyPfUOBs3Y2Sxvd4AaABAg,@tevinboaz8004,"And notice ,I said ""we ,it's not just me . I'm what the culture feelin"" . 
Lamar  he has to be the greatest.",141,0,2024-05-03T06:27:36Z,2024-05-03T06:27:36Z
UgyXQqLoalkph4lFbzd4AaABAg,@davena4Jesus,"Man. That ""don't tell no lies bout me and I won't tell no truths about you"" hit home 😢",12,0,2025-02-13T17:50:27Z,2025-02-13T17:50:27Z
Ugzt1gBj5dGQBtvGa0B4AaABAg,@christyjoiner2729,"I like that he responded 4 separate ways in each verse, representing his four separate personalities.",372,11,2024-05-01T13:26:37Z,2024-05-01T13:26:37Z
Ugwc-WZ79-VQcIIs5H94AaABAg,@arthdhomse007,"Anybody gonna talk bout the "" it ain't 20v1 it's 1v20"", ""am I fighting ghost or AI"" BAR😂😭🙏🏽",212,4,2024-05-01T04:17:23Z,2024-05-01T04:17:23Z
Ugy1RT8NlENIJ3EP_W94AaABAg,@Mr.Instacart,Kendrick used that “Range brothers” flow on him. Tapped into all of his alter egos with this one,250,2,2024-05-02T02:02:37Z,2024-05-02T02:02:37Z
UgxqOWmPTPsItN3hyOR4AaABAg,@KarltonDrankz,Kendrick is a badddd man!!!! This rap beef is officially over after the superbowl!,6,0,2025-02-10T03:16:04Z,2025-02-10T03:16:04Z
Ugz6L1c1v-n4vK16N9l4AaABAg,@meekc.3659,This beef different 😂...Kendrick a real lyrical rapper,235,7,2024-05-23T06:42:52Z,2024-05-23T06:42:52Z
UgxOkDSsXGywDaL6XV54AaABAg,@AsiahHuling,Thank you drake it’s been a while since Kendrick popped his sh.t like this 😩,122,1,2024-05-08T03:54:04Z,2024-05-08T03:54:04Z
UgxgIl3B9uC2BuhZaVV4AaABAg,@CoquiMuncher,"""I got a son to raise you don't know nun bout datttt"" jeez nice to see Kdot ain't lost it an inch. straight cold 🥶🥶",180,3,2024-05-03T18:18:18Z,2024-05-03T18:18:18Z
Ugy1Nnsn_LHY9XoIn214AaABAg,@stackywarbucks,Kendrick is in the Goat Conversation,7,0,2024-11-27T23:44:23Z,2024-11-27T23:44:23Z
UgyM6M_dqvPN1GpYhhV4AaABAg,@fazeduck3153,“There’s 3 goats left and I see 2 of em kissin and huggin on stage” 😂😂,1087,31,2024-04-30T19:46:51Z,2024-04-30T19:47:13Z
UgxtmecuQdWEUxPv-xV4AaABAg,@Infinitymusicmaniac,"2:18 ""You got shit twisted, what is it? The braids?"" Definitely😂",170,2,2024-05-31T13:40:34Z,2024-05-31T13:40:34Z
UgzODIlmiPyPCPd9bPx4AaABAg,@Hansgaming05,"""His daddy a killer"" XXX reference, even Kendrick knows the truth 🙏🏽",392,13,2024-05-01T08:11:08Z,2024-05-01T08:11:08Z
Ugw9cipBZ-vWidusfIB4AaABAg,@Sp5dermanXO,I was feeling real disrespectful today had to come get some of this dangerous aura Kenny gave us,1,0,2026-08-05T23:59:42Z,2026-08-05T23:59:42Z
UgyN_tJ2_P92N_BCkv14AaABAg,@rejoicerejoice5210,At this point the best reply drake can give is silence. Damn Kendrick,150,2,2024-05-07T13:44:27Z,2024-05-07T13:44:27Z
UgzntunLj9lHjobjkah4AaABAg,@i2bmf._,"""What is it the BRAIDS ???!"" I’M CRYING 😭😭",101,0,2024-05-06T12:33:38Z,2024-05-06T12:33:38Z
Ugz-twnfREhl3T2jzaR4AaABAg,@T.vibesmusic,“I like Drake with the melodies I don’t like Drake when he act tough”,704,26,2024-04-30T19:48:06Z,2024-04-30T19:48:06Z
UgzpzIh0Wo0JELq5W7B4AaABAg,@kekokid72,I come back here once a month to feed my soul,11,0,2025-02-14T20:17:13Z,2025-02-14T20:17:13Z
UgzbHAB0dLWNs9FHCEN4AaABAg,@underthetable2747,I now know that i’ve never truly hated someone in this life.,470,6,2024-04-30T22:49:13Z,2024-04-30T22:49:13Z
UgwYouikC8-4DGUOOFh4AaABAg,@Sigil7x3,"Unpopular opinion, this was the hardest of all the diss tracks",1269,46,2024-07-08T19:46:41Z,2024-07-08T19:46:41Z
UgweBbVRV5uMlN6DTPN4AaABAg,@MzzNeshaboo,"Drake, baby just gone head an apologize..",162,1,2024-05-05T22:08:33Z,2024-05-05T22:08:33Z
UgysyQOAHlgzz3dAjjB4AaABAg,@hyffehefna4414,This aged so well,7,0,2025-01-23T19:21:38Z,2025-01-23T19:21:38Z
Ugwz3sFsX2OXAg5wF7x4AaABAg,@raeshan2305,"When he said “When you standing by Sexy Red, I believe you think you see two bad bitches” 😅😂😂🫣😮‍💨",730,33,2024-05-01T02:47:07Z,2024-05-01T02:47:07Z
UgwQzrcRZzCyyLQndD94AaABAg,@HipHop-op3hq,6 minutes of fire 3 beats 3 verses 2 people lyrically dead,125,0,2024-05-01T15:59:09Z,2024-05-01T15:59:09Z
Ugxs4pCpIaFjMLZPqCF4AaABAg,@divineasmr6657,“Fuck pushing a P 🤔 lemma see you push a T 😈🧐” 😂😂😂 I almost choked on my soda,441,13,2024-04-30T21:55:28Z,2024-04-30T21:55:28Z
UgxhZRMcDgU6Aza5ocZ4AaABAg,@SushantKunawar-i1g,Bro what you made so fucking cold here,2,0,2026-02-10T08:34:32Z,2026-02-10T08:34:32Z
UgxrWtY2xD4YL1fMBxd4AaABAg,@FrandChai,Drakes ghost writers getting exorcised with this one,340,8,2024-05-01T08:51:53Z,2024-05-01T08:51:53Z
Ugw7FRGEoyelRtfLrHJ4AaABAg,@1Jazzyjas,Lil Wayne like “” Now Didn’t I Tell Your Asz 2 Stay in Yo lane”””,253,5,2024-05-03T15:45:59Z,2024-05-03T15:45:59Z
UgybfRhNfklmIxYCosV4AaABAg,@ctrlskyy,"“I hate when I rap, I talk about guns, then somebody die”

Addressing the X situation is wild bro ☠️

Edit: Getting hated on over a theory is crazy “You reaching hard asf lmao” and being a “wanna be know it all” Is wild like you acting like i’m supposed to know everything about rap drama like I ain’t even know Drakes friend got shot down like the only thing i know is that drake killed X and it kinda sounded like it 😭😭 (thank you for explaining about Drake’s friend whatever your username is)",647,29,2024-05-18T01:07:33Z,2024-05-31T16:57:12Z
UgxSi7Lqvwm60RSwIp54AaABAg,@dwaynejpeterkin,This is aging like fine wine ☺️☺️☺️☺️,6,0,2025-08-18T20:31:21Z,2025-08-18T20:31:21Z
UgyXZ411fnsSqrTo94B4AaABAg,@Godchildofficial,The “sexy red” line was the one hitter quitter 😂😂🔥,64,0,2024-05-02T11:19:12Z,2024-05-02T11:19:12Z
UgxKLizjaHcjf7lvPex4AaABAg,@cfoxx2011,"Dot going at this dude manhood, while drake rapping about shoe sizes and height.😂😂😂",96,2,2024-04-30T20:54:07Z,2024-04-30T20:54:07Z
UgwnYnnatxrnatJhn5V4AaABAg,@fairyd3ity967,"""You better walk around like Daftpunk"" DAMN-",120,0,2024-05-01T17:26:40Z,2024-05-01T17:26:40Z
UgzBQFB-_CizXaSAECJ4AaABAg,@JorgeGuzman-r9s,Damn this hits so hard🎉🎉🎉❤❤ 3:13 😮❤😮❤,4,0,2026-06-30T01:55:21Z,2026-06-30T01:55:21Z
UgznNbizEdIuY3M1WXt4AaABAg,@sethc4758,"you can tell by the title of the track Kendrick has been waiting for this for a long time. its like he's been needing something to inspire him to let loose and truly go hard. this was it, he didnt hold back. king kendrick in the flesh",325,5,2024-05-02T01:35:44Z,2024-05-02T01:35:44Z
UgxRLxm_Mcb3LVKPsqd4AaABAg,@davidwhite7042,"Professor: “do you know the answer?”
Me: “ion know nothin bout that”
😂😂😂",101,0,2024-05-01T16:33:51Z,2024-05-01T16:33:51Z
UgyUdUG2bx44ra39j7J4AaABAg,@JiiWoon,"Terrance Crawford took a bullet to the head back in the day and survived and remained undefeated after he came back  , Kendrick saying this is my shit",96,1,2024-06-18T22:46:57Z,2024-06-18T22:46:57Z
UgxPsnSVllCNE-G3IWl4AaABAg,@DiamondsOva,Jan 18 2025 Kendrick is literally watching in silence......,5,0,2025-01-18T14:34:31Z,2025-01-18T14:34:31Z
UgzTl37BZv_PGrHbUsd4AaABAg,@AndreP1524,People who didn’t appreciate this from jump don’t know Hip Hop at all! This shit is brilliantly put together,316,10,2024-05-13T21:50:22Z,2024-05-13T21:50:22Z
UgziSHX-gIiLf22LW7p4AaABAg,@lifestyleafrica1639,"""Am I battling Ghost or Ai"" Drake probably saying he got me 🤣🤣🤣🤣🤣",550,24,2024-04-30T17:40:44Z,2024-04-30T17:40:44Z
Ugz8Q6DdIAIVaW1KCgl4AaABAg,@blvqueheart,J. Cole apologized right on time 🤣🤣🤣,309,11,2024-05-01T06:22:38Z,2024-05-01T06:22:38Z
UgxUS_INizZS8eQAf-B4AaABAg,@SashaAlbertson,"Never mess with a rapper that uses his government name.
Can't deny Kendrick Lamar been in his bag since day one, but that HIPVIEWS DAWT CAWM boost is on another level! Dude’s literally unstoppable now. 🔥💥",4,0,2025-08-09T18:54:53Z,2025-08-09T18:54:53Z
UgwG8dlSp_njW2hyEWx4AaABAg,@KillaManShaaank,Every bar Kendrick threw in this had me in awe. They can all be quoted. Masterful.,196,4,2024-05-01T23:09:00Z,2024-05-01T23:09:00Z
UgxCJZsGkILFpnYkHex4AaABAg,@Jhayneil,I still believe that this was the hardest of the entire beef !!,359,10,2024-05-29T11:14:27Z,2024-05-29T11:14:27Z
Ugw8X2fZ1KpbsWim0Pl4AaABAg,@ShimmyJohnson,"“I don’t like you Poppin shit at Pharrell, for him I inherit the beef” that pushing P and Pusha T bar went way over until the 4th listen",262,10,2024-05-02T23:11:07Z,2024-05-02T23:11:07Z
UgxR27dhJIVVPNleKoF4AaABAg,@andreio-lo4bl,"Don't tell no lie 'bout me
and I won't tell truth 'bout you",4,0,2025-12-20T13:57:48Z,2025-12-20T13:57:48Z
UgyZUAQFle7uRidwTA94AaABAg,@Rhude_lane,“There’s no accent you can sell me” IVE BEEN SAYIN THIS SHIT 😂😂😂,261,0,2024-04-30T19:15:56Z,2024-04-30T19:15:56Z
UgxniTdByNuD2RPX_ep4AaABAg,@VuyiswaMkhatshwa,Yikes 😭😭my phone overheating,128,2,2024-05-08T15:26:18Z,2024-05-08T15:26:18Z
UgywBilCYOgLgaMp8BJ4AaABAg,@FOUL-SHARPTON213,Bro destroyed this dude from top to bottom and made him have to rap by saying what angle he would approach it from. This is truly chess.,370,10,2024-05-02T00:06:35Z,2024-05-02T00:06:35Z
Ugx52I0DS7uXAF29Svh4AaABAg,@dennylrrrd,I ain't never seen a rap that doesn't hav a proper chorus but is still a banger😭,3,0,2025-03-18T18:56:19Z,2025-03-18T18:56:19Z
UgxG-PKjS1i6_twx5WF4AaABAg,@juanmontiel1228,“Don’t make me bring Diddy back” dayuuummmm 🔥,93,0,2024-05-01T17:21:06Z,2024-05-01T17:21:06Z
Ugze0P7-gJJ7JQmJJxx4AaABAg,@AceOfAre,"""Don't tell no lies about me, and I won't tell truths about you"" GODDAAMN",143,3,2024-05-01T17:51:53Z,2024-05-01T17:51:53Z
Ugxjs2ADJqNJFzM6M7F4AaABAg,@blackdragon1399,I see why j.cole apologized he dont want that smoke 💨,467,17,2024-05-02T12:20:01Z,2024-05-02T12:20:01Z
UgwTjI0DRy6rFw3Q0wZ4AaABAg,@I_Am_The_Barz,"This is the one!!! ""Not like us"" was just the victory lap 😂",3,0,2025-04-21T19:56:35Z,2025-04-21T19:56:35Z
UgzGSSPWdwqv_NGyE8h4AaABAg,@romewww,"""I HATE WHEN I RAP, I TALK ABOUT GUNS

THEN SOMEBODY DIE""
broooo, kdot killin' it",271,6,2024-05-01T14:27:57Z,2024-05-01T14:27:57Z
UgzgJKWN5K7G2wH4b2t4AaABAg,@rajah2009,"Omg, bro kendrick is literally a different animal and beast. Lyrical genius of our era",349,23,2024-05-01T07:21:42Z,2024-05-01T07:21:42Z
UgzSnE6DoMIbvCQBx6J4AaABAg,@xaell4854,"“What is it? The braids?”

Drake will now be rockin the fade…",246,5,2024-05-01T01:47:22Z,2024-05-01T01:47:22Z
UgzwHZ76TBp7pF2I8gB4AaABAg,@MimiRose-c5l,"""Have you ever watched your enemies down like with a poker face"" describes how you should ignore your enemies",1,0,2026-04-05T17:07:14Z,2026-04-05T17:07:14Z
UgwtOWJeIP-gMFT-Zud4AaABAg,@CricHawks,j cole knew that violence will come from kdots side,91,0,2024-05-16T05:55:14Z,2024-05-16T05:55:14Z
UgwNFsDcQGBlyytGetB4AaABAg,@MDMR1,"Thank you drake for bringing my kendrick back

Edit  Kendrick Won",546,24,2024-05-01T17:30:41Z,2024-05-27T01:55:49Z
UgwX0uknwALiBfxEced4AaABAg,@RiverTSM,"""Fuck all that Pushin' P, Let me see you Push-a T / You better off spinning again on him you think about pushin me"" 🔥🔥🔥",299,10,2024-04-30T21:56:37Z,2024-04-30T21:57:21Z
UgyvvhKosvgzH1it5Rh4AaABAg,@sunneblu1276,"You’re amazing, Kendrick!",10,0,2024-11-25T11:46:45Z,2024-11-25T11:46:45Z
UgyaXqWTQP1V_iiFM-R4AaABAg,@savnnnn,"the fact bro said crodie and fam😭😭🤚🏼 kendrick don’t post another diss, you won gang.",262,14,2024-05-01T06:46:40Z,2024-05-01T06:46:40Z
UgxCZ8NHZFKYfwPPoSl4AaABAg,@KingCobraofMeta4,"""Teaching my sons to Speak the truth and consider what god is considering,you don't know nothing about that."" Does something to my heart every time I hear it I swear ✅ that was a heavy step 🤧",192,1,2024-05-08T18:17:22Z,2024-05-08T18:17:22Z
Ugy6nEuDdSuOilz5bYJ4AaABAg,@333_driizy,"“I pray they my real friends, if not I’m YNW Melly"" 😭",1887,50,2024-04-30T17:44:06Z,2024-04-30T17:44:06Z
UgzGF5OHX8RyCwCVtTB4AaABAg,@Saundra-w9u,This song needs to be the intro at halftime of the Superbowl ✊,4,0,2025-02-02T16:18:02Z,2025-02-02T16:18:02Z
UgzZL_Vm3VaT7mIrRa94AaABAg,@djlifebenjamin9345,Drizzy in the hair salon mad ashell 😂 talk about cut everything off,279,9,2024-04-30T23:30:36Z,2024-04-30T23:30:36Z
Ugw3DHOgg38XT1aZ8W94AaABAg,@Fleezy0723,"That 1v20 line Kendrick flipped is one of those mic drop bars 😂 and Kendrick was not lying, its Kendrick vs Drake and 19 of Drakes Ghost Writers 😂",95,1,2024-05-03T01:35:27Z,2024-05-03T01:35:27Z
UgyOY41Btct2y7yGGHR4AaABAg,@yemisijohnson8004,Hatred wasn’t hatred until Kendrick showed me what it truly was,337,7,2024-05-01T00:36:09Z,2024-05-01T00:36:09Z
UgyCZ46IZT8x5zXGs0J4AaABAg,@young-brook,Terence crawford owns the world of boxing.,5,0,2025-09-14T09:13:04Z,2025-09-14T09:13:04Z
Ugwz1ai7Pg4A0a-RTKt4AaABAg,@Ryoland,"Yall made a whole diss track to say ""N you gay"" -Riley, The Boondocks",164,3,2024-05-03T20:44:05Z,2024-05-03T20:44:05Z
Ugw_0M5Uv9wjV1NqrVR4AaABAg,@julianneal8964,Man this was dangerously hard. Not sure how Drake gone come back from this one. Kendrick a battle rapper.,129,8,2024-05-02T18:50:09Z,2024-05-02T18:50:09Z
Ugz8f_EtAyrZsv_hMQZ4AaABAg,@Filmedbykylar,"“Don’t tell no lie abt me and I won’t tell no through abt you”exact reason why j.cole left the beef with his apology


100 likes already",110,0,2024-05-10T19:54:12Z,2024-05-19T19:17:18Z
UgzX7IFrSCAmBcKZw9h4AaABAg,@edwardcole5423,Damn Gillie said K Dot's ish was weak.  Smh. I would love to hear his thoughts on Drake and his current lawsuits!!!,4,0,2025-01-21T11:33:29Z,2025-01-21T11:33:29Z
UgyHUxeUQEPU9NGua4p4AaABAg,@chum13,"The ""I pray they my real friends, if not, im ynw melly"" bar go crazy",368,19,2024-05-01T01:41:14Z,2024-05-01T01:41:14Z
Ugw8Z_O1_lKNz15SpeZ4AaABAg,@theoneyoullneverforget97,“Tell me you’re chessin’ fahm” 😂😂 lmaooo,113,0,2024-05-03T03:19:17Z,2024-05-03T03:19:17Z
UgxYJM6NNoqHaDKyLsd4AaABAg,@oggregster,The Dmx reference when he was at breakfast club asking him what he thought about Drake😂🤣😭,174,6,2024-05-01T03:01:45Z,2024-05-01T03:01:45Z
UgxiRFYs78DcOqE5Wz94AaABAg,@nicnac2598,The Superbowl brought me here. All I can say is Damn Kendrick!!,3,0,2025-02-13T03:51:49Z,2025-02-13T03:51:49Z
UgzmlaZXE2IC_pbLhpV4AaABAg,@fakerragingfanboy8420,"""Fabricate stories on the Family front, cuz you heard Mr Morale."" Yeah, Drake went right for this angle, and Kendrick knew it.",128,2,2024-05-06T19:56:05Z,2024-05-06T19:56:05Z
UgylNQBSH4PJasWJS-l4AaABAg,@Kushhcandyy,As a Canadian I am so fucking happy about this track! Keep spitting the truth!,165,4,2024-05-01T14:59:44Z,2024-05-01T14:59:44Z
Ugxi1ih7HFnlJkD9Wgp4AaABAg,@balamkinich7968,"Not Like Us is a bop ngl. But Euphoria is my favorite of this situation, its the foreshadowing/warnings that make it A++++",125,2,2024-05-13T03:34:08Z,2024-05-13T03:34:08Z
UgycgnFCYrGme1z74et4AaABAg,@rufflechips1080,"i has autoplay on and i randomly heard ""WOOOSHIBADESBEBAH""
i got jumpscared 😭",3,0,2025-04-05T16:48:16Z,2025-04-05T16:48:16Z
Ugz2W1tfvzSM5UtHD2l4AaABAg,@SuperSmoovy,Still bumping this in June.🔥🔥🔥,840,29,2024-06-02T15:49:05Z,2024-06-02T15:49:05Z
UgydjmgjZCOM5EZRsa94AaABAg,@TraceFace83,He rapping like Adonis on his “Don’t talk to my man like that” song and KDot saying “you don’t know nothing bout that” while dissing him for hiding his son is fkn insane. 🔥,444,14,2024-05-01T06:46:44Z,2024-05-01T06:46:44Z
UgxE8hQ6Usf2eW9D5614AaABAg,@ghoste767,"""how many more black features til you feel like you black enough"" DAMN.",298,23,2024-05-01T00:06:25Z,2024-05-01T00:06:25Z
Ugwvr9-o9mOtADUgm9d4AaABAg,@Geomiroadman,Look at Kendrick u can't imagine he was the one doing this 🤣🤣🤣man looks so innocent 🤣🤣,2,0,2026-05-22T09:17:32Z,2026-05-22T09:17:32Z
UgzeEWhswWYgH90kJyl4AaABAg,@allowishes1,"“Keep making me dance,waving my hands and it won’t be no threat “ 😂",152,0,2024-04-30T21:25:00Z,2024-04-30T21:25:00Z
Ugx8xWlvVaiF7EfyhD54AaABAg,@SupaSweetKay,"I’m cryingggggg 😭 DAMNNNNN he really said “sit down little boy, this is a grown up conversation”",229,11,2024-05-01T11:25:11Z,2024-05-01T11:25:11Z
Ugxzffw7rJmTTl40wZp4AaABAg,@simonmallu2972,The moment I heard 'SHOOO' I knew Kendrick was about to go crazy,86,1,2024-05-01T08:52:36Z,2024-05-01T08:52:36Z
UgxFiJ5vRJvyKFAwxU14AaABAg,@deborawilliams5227,Listening from my job in Newark nj 11/27/2024 8:48pm,5,0,2024-11-28T01:47:35Z,2024-11-28T01:48:37Z
Ugy9SB5BHBopnzW8mQt4AaABAg,@kennedyeubanks2457,Nah bruh said “let your core audience stomach that didn’t tell em where you get your abs from” nahhh twin 🐐,482,10,2024-04-30T20:57:53Z,2024-04-30T20:57:53Z
UgzLGGDdKvNWSog6DqN4AaABAg,@preemoh6060,i keep coming back to this song.. it's the best in the battle,207,3,2024-06-03T03:43:57Z,2024-06-03T03:43:57Z
UgyG83asiTLbj23JlOx4AaABAg,@CHILLknowsfootball,5:22 the flow switch is godly,168,2,2024-05-29T07:03:33Z,2024-05-29T07:03:33Z
UgyL80yRXmPr-IOevA54AaABAg,@jjm8502,This poetry will go down in history ..,6,0,2025-01-14T03:42:36Z,2025-01-14T03:42:36Z
UgzWmGrtkd2_e3SdHvF4AaABAg,@notnessle,The son to raise bar went hard,157,1,2024-04-30T18:26:58Z,2024-04-30T18:26:58Z
Ugw5jFVgokfEksD39Jl4AaABAg,@KlMirKl.,The beginning sound so beautiful then he start going in and shi like dam wait I was grooving😂😂🔥🔥,67,1,2024-05-02T00:19:56Z,2024-05-02T00:19:56Z
UgwH_GwHDSIHJdSodil4AaABAg,@MichaelBohemian,"""Headshots you better walk around like you DaftPunk."" 🔥🔥",536,20,2024-04-30T21:17:11Z,2024-04-30T21:17:11Z
Ugzs2cW5yCC7HJnO0Ih4AaABAg,@pholosetlhake9805,Kendrick went hard on drake💪👑♥️🤌,3,0,2026-04-13T06:58:51Z,2026-04-13T06:58:51Z
UgwmXrHHsoW5LZ8a1mJ4AaABAg,@brendanberger3188,The “park in son” line is absurd,158,6,2024-05-02T21:19:36Z,2024-05-02T21:19:36Z
UgxeEX2d91aD2Ry1HxV4AaABAg,@ashleysank8386,« I even hate when you say the word 🥷 » is wild 😂😂😂🤣🤣🤣🤣,94,5,2024-05-01T00:56:58Z,2024-05-01T00:58:41Z
UgwkpNwZ9qLEBPVaCjt4AaABAg,@kemaredwards1659,I listened to push ups again and realized that there are levels to this. Kendrick is that guy.,223,13,2024-05-02T06:53:15Z,2024-05-02T06:53:15Z
UgwJ8Co-pk0MPMNg__t4AaABAg,@mightymikeskingmdc6904,Wait a whole year?this shit feels like literally today lol..listening in real time..,9,0,2025-10-14T09:39:10Z,2025-10-14T09:39:10Z
Ugwe4gIXtFaT-vh5RFp4AaABAg,@DeShiznit94,Drake gonna need to dust off that wheel chair,571,20,2024-04-30T19:25:33Z,2024-04-30T19:25:33Z
UgzsJE71lR4TSKM7NtZ4AaABAg,@kaaliyahtheriot,"“I pray they my real friends, if not I’m ynw melly” JAW DROPPED!!",221,10,2024-05-01T13:18:47Z,2024-05-01T13:18:47Z
UgwWsrwXHZQS6kIUhD54AaABAg,@rashardwilburn,"They might need to leave this man alone, cause omg I did not expect this 🤯🫠",82,1,2024-05-01T14:11:27Z,2024-05-01T14:11:27Z
UgxmP16wGX2E-kosJpZ4AaABAg,@redmann4523,He walking out to the beginning of this at the super bowl 😂,4,0,2025-01-22T19:08:59Z,2025-01-22T19:08:59Z
UgyvmgAmMIc95TsKAtx4AaABAg,@wowdude5056,a minute into the song and hearing this with the lyrics compared to an hour ago without the lyrics goes so much harder,582,17,2024-04-30T17:15:51Z,2024-04-30T17:15:51Z
UgyM1t4d3frZKBrnqat4AaABAg,@SEMAJHCIR,"from NYC, this shit heavy dot, ""I DON'T LIKE DRAKE WHEN HE ACT TOUGH""",105,1,2024-05-01T05:09:43Z,2024-05-01T05:09:43Z
UgwoFg9LlgCWhoiNlb94AaABAg,@fredrickmiller6534,The daft punk line is massively underrated💀,321,14,2024-05-02T08:35:25Z,2024-05-02T08:35:25Z
UgzTpIQ_lZc5454qBx14AaABAg,@bgm3999,Aged like fine wine. These lyrics  were literally prophetic,7,0,2025-01-21T10:01:43Z,2025-01-21T10:01:43Z
UgzJtyQcTA7uu5Z4aNZ4AaABAg,@elizabethbarton11,“they pray they my real friends if not i’m YNW MELLY” my jaw dropped on this part 😂,109,6,2024-05-14T21:54:48Z,2024-05-14T21:54:48Z
UgxmGIEFSz7seXHQKnV4AaABAg,@roadrunner223s,🪦 RIP AUBREY GRAHAM. 🥀,81,1,2024-05-01T23:14:45Z,2024-05-01T23:14:45Z
Ugya1qe1qqJnHhsGbap4AaABAg,@Ryhuhaoogan,"Kendrick a fool for this one, I fuckin hollered about that sexy red line, I was never big on Kendrick but he made a fan outa me, don't stop, keep your foot on there necks till you hear it pop",84,2,2024-05-03T18:35:19Z,2024-05-03T18:35:19Z
UgxcgxpPyFbT-cn-utV4AaABAg,@kaygee313,3:36 he took off ✈️🔥🔥🔥,1,0,2026-07-10T17:49:48Z,2026-07-10T17:49:48Z
Ugy6VLuTvQUBBee0UaF4AaABAg,@Qumi222,The amount of times I had to run a bar back or pause🔥😂 Kendrick never come to play🐐,72,1,2024-05-01T03:26:16Z,2024-05-01T03:27:37Z
UgwkXtBF3uvRZrZGhlV4AaABAg,@xomaine,Kendrick done took whatever melanin drake had left and called him WHACK.,73,1,2024-05-02T09:35:00Z,2024-05-02T09:35:00Z
UgxW3QsNBflKSuXG-7R4AaABAg,@keithlamont875,Kendrick was surgical...damn! 🐐,192,2,2024-05-25T22:37:32Z,2024-05-25T22:37:32Z
Ugy1jqnCelNbY4Imsmh4AaABAg,@flyingturtle22,as a person who isn't much of a rap fan this song is amazing. just lyrically it can be studied for hours just with the amount of double entente.,1,0,2026-06-29T09:26:00Z,2026-06-29T09:26:00Z
UgwZ7lDBFw2fizUjqhB4AaABAg,@michael_am,J Cole somewhere taking a deep sigh of relief,498,32,2024-04-30T19:48:00Z,2024-04-30T19:48:00Z
Ugz8HWH8cpY8vC1B9t94AaABAg,@jonas9835,"""cease and desist on the like that record. What u aint like that record?"" 💀💀
""i got a son to raise but I can see you aint know nothin bout that"" No way🤣💀",115,5,2024-04-30T18:42:47Z,2024-04-30T18:43:26Z
Ugx5pZeADoOmb5tEW1d4AaABAg,@GoAheadNTry,When your in the presences of genius. When you just heard what a real diss is suppose to sound like. When your mouth is left open. When it's worth the wait. When it's some much going on you don't  know where to start. GOD THIS IS GOOD! It's now on repeat.,200,9,2024-05-03T01:40:36Z,2024-05-03T01:40:36Z
Ugye4azl9iwvCuOfLDV4AaABAg,@BasirShabazz,Ladies and Gentlemen we are witnessing the GOAT 🏆,3,0,2026-04-25T00:10:58Z,2026-04-25T00:10:58Z
UgyUktkM3cleZLE6B994AaABAg,@ShyraiKabree,i know drake in the nail shop mad asl right now. 😂,333,18,2024-04-30T22:09:15Z,2024-04-30T22:09:15Z
UgwkuNeAt6h8gpiv_x54AaABAg,@Solieh-ci5ni,"Yall im on my 3rd back to back listen. The shout out to DMX , Pusha T , FUBU references, Wizard of OZ intro, Puff dig and trying to be black thru black features has me screaming. Safe to say and a reminder that Kendrick is an ARTIST and Master lyricist through and through. His word play makes wordsmiths even shutter. Continued blessings Kendrick, your artistry supersedes  once again 🙌🏽🙌🏽🙌🏽🙌🏽🙌🏽",300,18,2024-05-01T21:23:19Z,2024-05-01T21:23:19Z
UgwKdhcLPzZV7qKAo0d4AaABAg,@DCTheSnapper,I feel like Kendrick knows most of Drake’s insecurities and pressed all of them. He basically remixed what pusha did to him already—I’m interested to see how Drake proceeds.,142,6,2024-05-01T12:25:24Z,2024-05-01T12:25:24Z
UgzI8pp5wSIb4GDY2EN4AaABAg,@MarvKage,"""Let your core audience stomach that, then tell em where you got your abs from"" hits hard as a mfkr now🤣🤣🤣🤣",6,1,2025-07-02T06:54:00Z,2025-07-02T06:54:00Z
UgxPQZJhnyeks6bOS7h4AaABAg,@kxttykendy,"""what is it?"" ""THE BRAIDS!?!!""",76,2,2024-05-08T14:57:32Z,2024-05-08T14:57:32Z
UgxSlSJOTopC_rRSJP94AaABAg,@AnDreasDondo,"These Haters be like “You can’t really dance to this, so Drake wins actually”🤣",276,7,2024-05-01T23:05:38Z,2024-05-01T23:05:38Z
UgwvvCVCRYoPrLTjJM54AaABAg,@Raymondcurryjr,I knew Kendrick was gone eat but Damn he licked the plate clean! 🔥🔥,123,4,2024-04-30T20:58:21Z,2024-04-30T20:58:21Z
Ugwx4Q4Egq4gzCm8fEp4AaABAg,@taralynnlove,Fuck this song hard af tho,6,0,2025-02-19T06:28:26Z,2025-02-19T06:28:26Z
Ugw7WfP4ftCXLPzIwJ14AaABAg,@T.vibesmusic,"“Yachty can’t give you no swag neither, I don’t give a fuck who you hang with” FELT THAT IN MY CHEST 😂😂😂😂😂",78,0,2024-04-30T19:50:25Z,2024-04-30T19:50:25Z
Ugw0yO8ho91Q5VhX1ft4AaABAg,@skyreapery2n164,Does anybody else randomly quote bars from this song at any time of the day? 😂😂😂😂,196,14,2024-06-01T00:08:52Z,2024-06-13T12:38:34Z
Ugzyq3YgHQCMhumtKCB4AaABAg,@lacelavontv,“Dementia must run in his family but let it get shaky I park ya son” 🤯  crazy 🔥🔥🔥🔥💯,315,20,2024-04-30T20:17:07Z,2024-04-30T20:17:07Z
UgyGddt7wUe5tMkNlvp4AaABAg,@jayoh8453,this shit still go hard asf,3,0,2026-01-10T01:51:50Z,2026-01-10T01:51:50Z
UgwYJgk3lMchHRGUsxZ4AaABAg,@meachy,"Got dang, he revoked not just your black card, but he even put your hi yella on notice as well...",79,0,2024-05-01T03:40:14Z,2024-05-01T03:40:14Z
UgzQbCryA3FmLpO9L4Z4AaABAg,@chrislian4860,"You miss a lot of lyrics first is 

- dementia not the mention ( dementia to connect that Parkinson’s bar)
- 3 goats left not he go left (him, cole and drake but 2 of em hugging n kissin on stage)
- 8 bars not that ain’t bars (connects to YNW Melly bar)  
-friendly fade not faith (basically telling him he shouldn’t go there he not like that)",72,1,2024-05-01T08:17:48Z,2024-05-01T09:32:00Z
UgzamtSA9BAjFdm9f0V4AaABAg,@MobJones,😂😂😂😂😂 Drake I don’t know how you and your Ghost Writers gone do it but y’all better figure it out.,134,10,2024-05-01T12:31:49Z,2024-05-01T12:31:49Z
UgzZt-g_k6iTvy6wxbl4AaABAg,@cartermelancon_1,no way he said drake probably pop ass with girls 💀,6,0,2024-12-04T03:47:43Z,2024-12-04T03:47:43Z
UgzCrj6loNIOBdejGYR4AaABAg,@Alybee123yt,Chris and Kendrick just casually causing casualties,166,4,2024-05-01T06:30:21Z,2024-05-01T06:30:21Z
UgyVJeKbaRrRIE9bNxl4AaABAg,@nba_dooooor,The YNW Melly reference is crazy 🤣🤣,233,9,2024-04-30T18:24:13Z,2024-04-30T18:24:13Z
UgwATmc_f7Umg_krSFl4AaABAg,@skillo_deeman8,"Leavin' metaphors metaphysically in a state of euphoria
Look both ways before you cross my mind",214,0,2024-04-30T17:06:18Z,2024-04-30T17:06:18Z
UgxsY1j3CscOj_AgzcV4AaABAg,@ColeyJ15,Kdot of course “They can’t imitate this violence.”🔥🔥🔥💪🏾,2,0,2025-11-02T03:18:22Z,2025-11-02T03:18:57Z
UgzbCb3LtluvMf4Lpml4AaABAg,@adrian_empire-gaming,"""GOT A BENJAMIN AND A JACKSON ALL IN MY HOUSE LIKE I'M JOE, OKAY"" .. referring to Michael Jackson second album ""Ben"", Joe is his dad and manager at the time. That's top notch Kendrick whooo!",111,7,2024-05-01T21:45:58Z,2024-05-01T21:45:58Z
UgxZ79rD7h54o2R3-y94AaABAg,@twinpyramid5985,Kendrick WON,910,14,2024-05-13T16:54:04Z,2024-05-13T16:54:04Z
Ugz6m26JbbfrKKP1KD14AaABAg,@jarondavis9795,"The ""shot me a drac"" double entendre is so subtle sheesh 🔥🔥",113,9,2024-05-01T11:06:40Z,2024-05-01T11:06:40Z
Ugzery5srXGrAbeb_f14AaABAg,@AcidicStem,"""But don't tell no lie bout me, and I won't tell truths bout you."" 🗣️🗣️🗣️🗣️🗣️🔥🔥🔥🔥🔥🔥🔥🔥",4,0,2024-12-03T03:19:34Z,2024-12-03T03:20:58Z
Ugxs0dRRWdXCngyG6l54AaABAg,@sunshineboy-cy9uc,The songs have strong spiritual energies attached to ‘em. Drake can’t defeat that,245,11,2024-05-10T18:37:28Z,2024-05-10T18:37:28Z
Ugx35dlpVNPiDZ11r_p4AaABAg,@lovolunxgen5552,Cole didn't want this smoke bruhh and now we ain't gonna clown him anymore for stepping out of the beef 😭,432,43,2024-04-30T18:05:15Z,2024-04-30T18:05:15Z
UgyzR0BAJs4vdMm6xS94AaABAg,@MALO_23,“When I say we it’s not just me  it’s what the culture feelin !” 🔥🔥,239,19,2024-04-30T19:48:35Z,2024-04-30T19:48:35Z
UgxEjptNSTPRzbEqyrx4AaABAg,@abbyg_77,Still goes hard!  Another classic ❤,6,0,2024-12-14T15:58:34Z,2024-12-14T15:58:34Z
UgzMao0lbUeFiHlRa6R4AaABAg,@artillery4706,Kendrick just held Drake's hand all the way back to his degrassi wheelchair... Bodied!!!,213,18,2024-05-01T03:10:19Z,2024-05-01T03:10:19Z
UgyymO8YIL484z3lzHZ4AaABAg,@lsm12.22,"""The very first time I shot me a Drac', the homie had told me to aim it this way
I didn't point down enough, today, I'll show you I learned from those mistakes"" 😭😭😭",319,23,2024-05-01T01:44:27Z,2024-05-01T01:44:27Z
UgzYyxd-Q7Nz1S8Ysel4AaABAg,@tamaradavis,Omg!!! It’s was so much in this dis mane!!!! Even in the intro… even the first 3 bars… freaking insane!!! Kendrick always makes me smile!!!,82,0,2024-05-01T01:14:05Z,2024-05-01T01:14:05Z
Ugz67PxHER7ahUBmedl4AaABAg,@AncientTibetanTechnique,I love how kendrick puts all his feelings in the song talking about losing 500k,2,0,2025-04-12T08:44:41Z,2025-04-12T08:44:41Z
UgzbHxOLDiMvyoPO6qp4AaABAg,@darth_marz,Kendrick Lamar got more Bars than San Quentin Prison. 🔥🔥🔥,77,2,2024-05-02T00:12:52Z,2024-05-02T00:12:52Z
UgyCeoTPD0XQtvPQn9h4AaABAg,@lachuladejavu3190,As a person with hearing issues thank you for this video...May your pillow be cool on both sides❤,106,4,2024-04-30T21:46:07Z,2024-04-30T21:46:07Z
UgzirhEZpn2j8aD57i54AaABAg,@rxttencandy,"when he said ""thats somethin you dont wanna do"" it sounded so much like the ending of an ERB song and now all i can hear is ""WHO WON? WHOS NEXT?! YOU DECIDE!""",79,3,2024-05-03T01:09:33Z,2024-05-03T01:09:33Z
UgwftfGkK8qE2_6dCE94AaABAg,@chrisw685,"I swear, drakes eyes running from each other. Like even they dont want to be near him.",2,0,2025-08-02T14:01:26Z,2025-08-02T14:01:26Z
Ugy2tHCnRSxKilZbT5N4AaABAg,@MR_IN_HIS_PRIME,“Let me see you push a Tee🤗”,154,9,2024-04-30T20:25:43Z,2024-04-30T20:25:43Z
UgyVomq3xgdHfSWPRXF4AaABAg,@CactusCeejay-oj7bz,The word play is insane😂🔥💯,72,0,2024-05-01T07:30:35Z,2024-05-01T07:30:35Z
Ugy-pph80xBre-isAwJ4AaABAg,@ZeekAudio,“Let it get shaky and I’m parking son” 🔥🔥🔥🔥,104,7,2024-05-02T00:58:44Z,2024-05-02T00:58:44Z
UgyLWhkqtp4VF6fFrTd4AaABAg,@Ivan.Bužuk,Kendrick Lamar got the 👑 of  2O24,6,0,2024-12-26T08:30:04Z,2024-12-26T08:30:04Z
UgwR79QqIUMhtqp5Enp4AaABAg,@bigpompano1659,‘Everybody wanna be a demon ‘till they get chipped by your throwaway’ dayum😂,85,6,2024-05-02T20:35:38Z,2024-05-02T20:35:38Z
UgyfaqhFOyK2VAoJQRx4AaABAg,@onepieceontop8796,R.I.P drake (1986-2024),148,8,2024-05-01T21:02:21Z,2024-05-01T21:02:21Z
UgzR35ZpOYWQMVHKP4R4AaABAg,@jeriiy,i kept refreshing my youtube feed to find the most accurate lyric vid and happy to say this is probably the best one yet,224,4,2024-04-30T17:17:21Z,2024-04-30T17:17:21Z
UgzwpX4awUARHH_S1qB4AaABAg,@rackembarry,Terrence Crawford whooped feet tn,4,0,2025-09-14T06:18:25Z,2025-09-14T06:18:25Z
UgwUpEF1vuMpphAQgUR4AaABAg,@AbhinavSriram-op8qu,Idec abt who wins the beef as long as we get this fye music,130,1,2024-04-30T17:26:36Z,2024-04-30T17:26:36Z
UgybJH4j-mqsnbJGx7l4AaABAg,@jajufitness,"This so ABSOLUTELY INSANE how clearly KDOT is fuckin around on this track, while he’s layering his bars with factual disses his delivery, wordplay & cadence reflects someone simply toying around. Damn, Kingfu not even sparing just messing around with Aubrey, you can almost hear the smile on his face. 😎🫡",81,9,2024-05-01T20:36:06Z,2024-05-01T20:36:21Z
Ugza8dx4o43ZKqJfM2F4AaABAg,@halloween_lights,"btw glizzy is an exec producer for euphoria, a show known for sexualizing teenagers, could be a hidden messsage? plus Kendrick says he loves 'em to death and in 8 bars he'd explain, 8 bars later talks about YNW Melly, who killed his friends    “Everybody wanna be demons till they get chipped by your throwaway”

I don’t think people are understanding how truly crazy this bar is bruh.

Throwaway - unregistered gun used for a crime

Throwaway - another name for a hoe

Future/Drake beef - over a girl/Future saying Drake wanna be just like him

Now look up Future’s middle name…

😭
and on top of that drake releasing a cease and decist for like that is wild and he said he's gonna come back to ""back to back"" second diss loading perhaps?",195,11,2024-04-30T17:36:50Z,2024-05-01T12:26:26Z
Ugz7z2x6BvPuCXCczYR4AaABAg,@RonnieGarcianews,Best song of the year,6,0,2025-03-15T00:04:55Z,2025-03-15T00:04:55Z
UgxsmxZ_jsx6m8Mjpdt4AaABAg,@nocappp47,bro saw his chance and took it,298,0,2024-04-30T17:08:42Z,2024-04-30T17:08:42Z
Ugw-A_LUUFREsWN3rwN4AaABAg,@bugschanty,Kendrick ensured the rap was long enough to smoke him 😂🔥🔥🔥 love it!!! ❤,87,0,2024-04-30T17:13:58Z,2024-04-30T17:13:58Z
UgwJpVc9c5OVn8zHhFJ4AaABAg,@Hundun77,"Hey…that J. Cole line was hurtful. Damn!!!! “Hate when I rap I talk about guns, then somebody dies and turn into nuns” a pun to J. Cole apologizing.",104,9,2024-04-30T21:52:51Z,2024-04-30T21:52:51Z
Ugw5YlCsB1PG7VUQ96R4AaABAg,@randallkeith5229,"This track should've been named Ike Turner, cuz this ish BE SLAPPING!!!!!!!",3,0,2025-03-30T17:38:46Z,2025-03-30T17:38:46Z
Ugxtk8PNG1cgpk5URU94AaABAg,@Blank_35,Ngl drake diss was hard too but this went crazy. It’s like drake tried to make a hit + diss at the same time but kdot said forget all that im tryna make a 🥷 cry,70,8,2024-05-01T07:44:58Z,2024-05-01T07:44:58Z
UgyNY-WWePk4IkD8lGR4AaABAg,@just_mika98,"That DMX phase on hating Drake.
RIP X, nice touch to it. Kendrick the GOAT 🔥",73,6,2024-05-01T11:01:44Z,2024-05-01T11:01:44Z
UgwCFMVOIDGYspYqg0J4AaABAg,@devanjohnson737,Drake fans think this is a bad diss because they don’t understand how to analyze lyrics 🤣,754,44,2024-05-03T12:49:43Z,2024-05-03T17:15:32Z
UgwLlbVwp1usEbzSpdJ4AaABAg,@hairwithkay9632,Still here ❤,4,0,2025-11-30T04:37:14Z,2025-11-30T04:37:14Z
UgxZRtB3YpANhQzy27V4AaABAg,@lifestyleafrica1639,"""still love when you see success everything with me is blessed keep Making me dance, waving my hand and it won't be no threat"" hardest line I ever heard in a lifetime🤦🏾‍♂️ ❤️",122,5,2024-05-02T19:34:11Z,2024-05-02T19:34:11Z
UgwnF3cqaR9oqQ71tW94AaABAg,@bankrollvares,Bro switched the flow so many times,90,8,2024-05-01T00:08:51Z,2024-05-01T00:08:51Z
Ugy05_dRDuNI-U4RSid4AaABAg,@Dudja,Forever on repeat,86,2,2024-11-03T06:00:27Z,2024-11-03T06:00:27Z
UgwSClkSOCVfrp54nF94AaABAg,@deniseevans6576,"Imagine taunting someone, and they show up and annihilate you!! 😂💯",6,1,2024-12-18T06:33:27Z,2024-12-18T06:33:27Z
Ugzu0J4Jf-qXVnG6nm54AaABAg,@WowDoodWuuut,"This might have pushed 'ETHER' to my #2 spot on favorite disses of all time, aint gonna lie. 

Kendrick 👑",75,8,2024-05-02T11:22:02Z,2024-05-02T11:22:02Z
UgyPjMOY1Tox4URZPbZ4AaABAg,@RaidersLakersPadres,"This has gotta be the first song, rap or otherwise, that I've personally looked up that has every line highlighted on genius. It just shows how much depth there is to the diss as each line is referencing something",68,4,2024-05-01T17:42:50Z,2024-05-01T17:54:58Z
Ugy5w2n4C7FoLpZTzzx4AaABAg,@camille9253,How are people saying this is trash? It’s 🔥,140,14,2024-05-10T13:47:38Z,2024-05-10T13:47:38Z
UgzDcAVvvKPw2HOIW-x4AaABAg,@Nameless2Nice,Guess we all forgot the truths about the friends I had so what they do is on me for sure🤣,3,0,2024-12-16T03:07:03Z,2024-12-16T03:07:03Z
UgyvsCRq0jm8AMmD1Hl4AaABAg,@xrphoenix7194,"1:49 he says ""I hate when a rapper talk about guns"" not ""I hate when I rap, I talk about guns""",154,10,2024-04-30T18:57:56Z,2024-04-30T18:57:56Z
Ugz_jZyUggrfwAgWif14AaABAg,@palladiumpandemoniump8352,daft punk bar,269,13,2024-04-30T17:08:30Z,2024-04-30T17:08:30Z
UgxQm86ays1xzZ4OHfN4AaABAg,@techwithmomo_dev,Kdot just called drake gay ha😂😂😂,73,8,2024-04-30T18:25:14Z,2024-04-30T18:25:14Z
UgyePFmCVzWoAXqIjQh4AaABAg,@Yaseen47,"If you didnt think this was game over when you FIRST heard this.....then i dont wanna hear your opinion about anything - ever. 

And I'm Toronto born n raised 😂",4,0,2025-02-05T19:33:42Z,2025-02-05T19:33:58Z
Ugx8pgySd5QCAavLAYR4AaABAg,@PIP-cw7qe,Euphoria is even better than “not like us” 🤩🤭,4,0,2025-06-28T17:24:59Z,2025-06-28T17:24:59Z
UgyBWQFfECF6y7lx5r14AaABAg,@RamboCBRRR,"This aging like fine wine, every line 🔥",2,0,2025-08-07T23:04:02Z,2025-08-07T23:04:02Z
Ugxf4nFbql55nevXJqR4AaABAg,@SVWBREPLAYS,Still banging,1,0,2026-08-21T01:14:08Z,2026-08-21T01:14:08Z
UgzAQ9G5inlg5LDh0154AaABAg,@jaqualafletcher1069,It’s still unhinged how he called him a croadie. Bro called me a pussy I can’t man,3,0,2024-12-12T13:08:09Z,2024-12-12T13:08:09Z
Ugwm_i-Ran0PfZjwwft4AaABAg,@IsholaSego,Almost a year yall still here😂,8,0,2025-02-03T14:07:27Z,2025-02-03T14:07:27Z
UgxITiVSfMXpVT1u05N4AaABAg,@lynrekx5120,That funeral bell tolling in the background is peak!!!💯,0,0,2026-09-05T15:38:19Z,2026-09-05T15:38:19Z
UgwLw8lTGA7W8V-gX5p4AaABAg,@EdwinFeng-rm4si,who's here after the super bowl?,12,1,2025-02-11T18:54:14Z,2025-02-11T18:54:14Z
Ugwpeq2aRDIdXdCwdVx4AaABAg,@Liam55943,NAH THAT PAC LINE THOUGH OMFD,4,0,2025-01-02T21:02:48Z,2025-01-02T21:02:48Z
UgwBBEnsiFuv6bZ5jS94AaABAg,@guhurubell,"Back after GNX, getting ready to see this shit live in SF",3,0,2025-01-14T14:36:14Z,2025-01-14T14:36:14Z
UgxYMwAonsVzyRg_pVJ4AaABAg,@troy592,This shit sick,7,0,2025-02-20T22:48:50Z,2025-02-20T22:48:50Z
UgzS4fgnPrcQz4rzYLR4AaABAg,@ColeyJ15,“They can’t imitate this violence “🔥🔥🔥💪🏾,2,0,2025-11-02T03:16:14Z,2025-11-02T03:16:14Z
UgzwG0vneZXeiDpR1Fh4AaABAg,@Deborah2000.,1st anniversary  of this MASTERPIECE 🔥,4,0,2025-05-28T06:04:44Z,2025-05-28T06:04:44Z
UgwXxxmd7-n_oEsf7HJ4AaABAg,@fanzalo9543,Anyone here again after the Super Bowl✊🏾🙌🏾🙌🏾🤛🏾,4,0,2025-02-10T21:11:58Z,2025-02-10T21:11:58Z
Ugy6MhxEOqfL1Y4c4Qx4AaABAg,@kimberlyd4971,This is my morning meditation song..... 🤣,4,0,2025-06-23T16:40:58Z,2025-06-23T16:40:58Z
UgzwXnXrZFVkjK2Gudt4AaABAg,@Esoteric_Mind420,"Watching this after Drake is trying to sue UMG over ""Not Like Us"" hits different😅

Kendrick predicted everything that's happening now",29,1,2024-11-29T04:57:55Z,2024-11-29T04:57:55Z
UgzCv7p4-KrrenzNXrx4AaABAg,@louissmith5442,Back to hear it again. Aging perfectly,5,0,2024-12-26T01:06:17Z,2024-12-26T01:06:17Z
Ugwe0VPKXbUwZNkt0jl4AaABAg,@JanusDiwan2,3:48: BAU BAU BAU (BAU),6,0,2025-01-03T23:48:53Z,2025-01-03T23:49:55Z
Ugz7Evl0HRt9biWHbFJ4AaABAg,@because-strudels,"This is the one I still repeat from the beef, just so good",3,0,2025-01-26T09:59:30Z,2025-01-26T09:59:30Z
Ugx6V-7L9u6Ks0Pvb-p4AaABAg,@OfficialPrettyFatal,Listening to this after ICEMAN. THE DIFFERENCE IS INSANE😂,2,0,2026-06-10T21:33:01Z,2026-06-10T21:33:01Z
UgwVfUZ_lSAn5W1ekFd4AaABAg,@EYUTOSB,"I know they call u boy
But where is the man",4,0,2024-12-18T10:26:04Z,2024-12-18T10:26:04Z
Ugywn9mPzC-EsB6zXPh4AaABAg,@Poetic_Nihilist,This track finally made me click to the fact that Kendrick foreshadowed Drakes responses throughout this entire beef. Like holy fuck....,2,0,2025-02-21T13:49:50Z,2025-02-21T13:49:50Z
Ugy7Lhhxgsf-GgbR_9p4AaABAg,@BrainDeadSkillet,Who Here after crawfords dub 🎉🎉🎉🎉,4,0,2025-09-14T06:26:16Z,2025-09-14T06:26:16Z
UgzwfZAbqfjmL3-8keh4AaABAg,@darxideofchaos,Them undertaker bells are chillingly haunting this beat.,2,0,2025-01-24T08:45:18Z,2025-01-24T08:45:18Z
UgzKyFuDaywDLhHA0XJ4AaABAg,@JPChristmasHits,"J Cole touches your heart, Kendrick touches your soul, Drake touches your kids.",93,14,2025-05-30T08:58:33Z,2025-05-30T08:58:33Z
UgxeLObddbWlnbm551F4AaABAg,@Man_of_Hope,"4:26 
I'm Knowing They Call You The Boy
But Where is a Man? 'Cause I Ain't See Him Yet.
Matter of Fact, I Ain't Even Bleed Him Yet
Can I BLEED HIM?BET - EUPHORIA",6,0,2025-01-25T09:28:45Z,2025-01-25T09:28:45Z
UgyLrmpb9eJJuqbi0nh4AaABAg,@870weezie,Not like us in the best diss we've heard  and the biggest in YEARS! but somedays I feel like this is better 😂,3,0,2025-01-20T13:03:41Z,2025-01-20T13:03:41Z
UgzW7leiH9RZR0xwnWl4AaABAg,@colbyjak2985,Here after Crawford win!,4,0,2025-09-14T07:40:57Z,2025-09-14T07:40:57Z
Ugw3ypnhXYt8UHAFWLt4AaABAg,@randallkeith5229,"I listen to this EVERY single day, like my daily does of medicine for my soul! Thank you, K Dot for exposing the venom in the rap game, Tupac is looking down smiling, you are the King of rap!",4,0,2025-06-25T11:10:43Z,2025-06-25T11:10:43Z
Ugx4j2zvmaVUiVTaiN54AaABAg,@Darris-wy4ot,Anyone back for this funeral and I'm not a serious Kendrick fan!,2,0,2025-05-23T19:11:27Z,2025-05-23T19:11:27Z
Ugw8xCHqPKudtn4WuSp4AaABAg,@parisknyght1212,To be fair .. dot warns people first.,2,0,2026-01-23T00:07:59Z,2026-01-23T00:07:59Z
UgwF6c35eO3McNFbCCJ4AaABAg,@deliman9710,Best song of the whole beef fr,4,0,2025-02-22T22:33:34Z,2025-02-22T22:33:34Z
UgwaC7e6dSDkE3GUxE94AaABAg,@Nadi_mat,"If someone wrote this for me, I’d apologise",3,0,2025-02-09T16:58:37Z,2025-02-09T16:58:37Z
Ugz_Q_n8kOdMYrw14HF4AaABAg,@xpertsolutionsinc,Kendrick cooked Drake like fresh Canadian bacon on this track. That moro STILL sizzling in 2026!,2,0,2026-02-13T19:39:44Z,2026-02-13T19:39:44Z
UgxIHoE99an9m6Bdsah4AaABAg,@Oso_99,"Goddamn 3 different flows, 3 different Asswhoopins all in 1 song, 6 ass whoopins all together. Shit Kendrick may as well claim Drake as his child because the Whoopin he gave Aubrey was just NASTY 😂😂",2,0,2026-04-17T18:32:52Z,2026-04-17T18:32:52Z
UgyICIyvScqjgDxBwwh4AaABAg,@Kaijiii7,"Literally the best diss track of all time, oldheads won't admit it but this clears no vaseline and hit em up.",1,0,2025-05-15T02:06:17Z,2025-05-15T02:06:17Z
UgxcgEBOi-yFD6qXdNF4AaABAg,@OfficialAtak,We've been waiting like 13 years for someone to slay the giant. That's why this plays out like the Epic of King Kendrick.,2,0,2025-02-13T13:33:34Z,2025-02-13T13:33:34Z
UgzUmEV76w6UzIFrlYR4AaABAg,@DeniseNortjie-uq8xe,The comments are wild.,4,0,2024-11-23T05:18:40Z,2024-11-23T05:18:40Z
UgxA0xQSBlmVjEpnxFh4AaABAg,@seansmalls7737,That Sexy Red verse is diabolical,1,0,2026-05-06T15:28:31Z,2026-05-06T15:28:31Z
UgzdPEHo_jOtfTUUCSJ4AaABAg,@theelementsexperience3397,"I actually thought this was better than “Not Like Us…” not anymore, but what do I know? OG",2,0,2025-04-17T04:38:47Z,2025-04-17T04:38:47Z
UgzcJtTYQAP7NfHgGpV4AaABAg,@munyachikuni2368,April 2025 🎉,6,0,2025-04-26T21:11:54Z,2025-04-26T21:11:54Z
Ugx5hBKQjs3jUUFgFYJ4AaABAg,@MineNinja4,This is the song I still listen to after the beef because it is THAT good,1,0,2025-05-08T03:44:29Z,2025-05-08T03:44:29Z
UgySOpyN4iHl0-DnyrN4AaABAg,@CarleighLacroix-r8p,i like kendrick rapping and he is so good at singing 🎶🎵🎤,2,0,2025-03-31T22:01:20Z,2025-03-31T22:01:20Z
UgwBBzhj7X-UvJBgxfB4AaABAg,@juliaopoczynski1864,Compton!,5,0,2024-11-25T22:58:32Z,2024-11-25T22:58:32Z
UgwL-LmwRHOdrx_OxYJ4AaABAg,@nacambo,Best diss track of all time,2,0,2026-06-02T02:06:15Z,2026-06-02T02:06:15Z
UgyEAnCHrYt-RAX8x_h4AaABAg,@stackywarbucks,This is a Lyrical Slaughter,3,0,2024-12-18T18:24:57Z,2024-12-18T18:24:57Z
Ugy4cDWBDPKOhm4HouF4AaABAg,@MatthewBuckholz,"""I'm what the culture feeling""  FACTS",2,0,2025-02-18T05:15:07Z,2025-02-18T05:15:07Z
UgwPtmKHcw2mbXvzBK94AaABAg,@freshl100,"5:08 is, ""teaching him morals, integrity,  discipline"".",2,0,2025-11-15T03:52:56Z,2025-11-15T03:52:56Z
UgyBskAYM-RQsYICvTp4AaABAg,@njambi3840,Headshot for the year……..still here….. December 2024,2,0,2024-12-06T12:08:21Z,2024-12-06T12:08:21Z
UgyYoZ8jcDJ5SQkmd1B4AaABAg,@nikitaparadis,I DIDNT POINT IT DOWN ENOUGH 🔥🔥🔥🔥🔥 I felt that in my BONES !!!!! 🦴 ❤❤❤❤❤❤,1,0,2026-02-07T17:32:57Z,2026-02-07T17:32:57Z
UgzzFmkhwuwpkPBLDYt4AaABAg,@thereaper5743,3:10 Kendrick is a menace for this one... 🗣🗣🔊🔊🔊🔥🔥🔥,3,0,2025-02-22T06:25:25Z,2025-02-22T06:25:55Z
UgyWdou7J3jmVZu8r4p4AaABAg,@bmm-musiclover1245,Los Angeles of course I’ve never been to Canada too expensive,1,0,2026-06-27T21:26:46Z,2026-06-27T21:26:46Z
Ugwgfe2xGu1TVrXwEe54AaABAg,@AintYHU,still a banger,6,1,2025-09-24T07:21:35Z,2025-09-24T07:21:35Z
UgwsT12fo8Rh9jNBzQJ4AaABAg,@deniseevans6576,Instant Classic 👌🔥🔥🔥🔥,5,0,2024-12-12T06:40:58Z,2024-12-12T06:40:58Z
UgxVQorSM91QctZYHZN4AaABAg,@brendenmingo6527,Best song out the beef 🔥🤣🤣,5,0,2025-01-16T02:35:24Z,2025-01-16T02:35:24Z
Ugy0pJMTUhK5Rcg9WKx4AaABAg,@LuneMurdock,Cole like shid im glad i aint stay in the middle of this shit shit got out of hand cole world wuda gotta hot real quick,3,0,2025-02-10T22:40:49Z,2025-02-10T22:40:49Z
UgxER4CDFfV6HKGa76N4AaABAg,@tdkdsports1512,Here after superbowl 😅,4,0,2025-02-10T02:36:14Z,2025-02-10T02:36:14Z
UgzCFUs2DgaAMlBkZ854AaABAg,@dawnwhite6510,Love this song,6,0,2024-12-17T08:41:51Z,2024-12-17T08:41:51Z
UgygZ0P31-hY4m7gwGd4AaABAg,@singledelimusic875,Gunna wanna 😂😂😂😂😂😂 was the best line yet daf punk line was fire leave chubbs alone 😂😂😂😂,4,0,2024-12-13T16:13:17Z,2024-12-13T16:13:17Z
Ugy5KoTWc26kp71PWH14AaABAg,@Az_3_Alex,Still Rocking With Kendrick what new Album from who😂😂😂???,2,0,2026-05-18T21:49:03Z,2026-05-18T21:49:03Z
UgxWAl_5UjHucvGhVkN4AaABAg,@alternativekell,4:20 okay the ‘lyrics’ have really been annoying but i draw the line at ‘you ain’t even gotta be diva’ 😂😂😂😂 UM WHAT,17,6,2026-03-09T17:03:24Z,2026-03-09T17:03:24Z
Ugypc6Wv3it_ZcwNx094AaABAg,@josephmoya7835,Kendrick is the Man,4,0,2024-12-27T02:30:36Z,2024-12-27T02:30:36Z
UgzUIfkMDfjjwba80YZ4AaABAg,@jonathanmutuaya3877,This was the best Diss out of them all,2,0,2025-02-26T09:39:18Z,2025-02-26T09:39:18Z
Ugz2YdvUW_UIwJBYUgp4AaABAg,@Wyvrlax,"""HAVE YOU EVER PLAYED HAVE YOU EVER?""🗣️🔥🔥",1,0,2025-03-12T15:47:19Z,2025-03-12T15:47:19Z
Ugwy6ZQKB0ncmWnq0fN4AaABAg,@ubuntu2027,This was the best diss,4,0,2024-12-28T01:13:05Z,2024-12-28T01:13:05Z
Ugx-i4q_NFCDCbWnoiJ4AaABAg,@Aasheeesh_333,kendrick writes with a pen in his right hand and a gun in the left one,1,0,2025-05-17T11:44:16Z,2025-05-17T11:44:16Z
Ugw7u1xzAdn2kiqvu_p4AaABAg,@Ngiratrading,Switch of beat make him more crazier💀☠️,2,0,2025-01-18T21:09:43Z,2025-01-18T21:09:43Z
UgzUfTzFfH9ZZBy7Q-t4AaABAg,@Cannanlevi5859,These diss tracks are just fire man 🔥🔥 Kendrick never disappoints 💯,1,0,2025-04-18T06:31:12Z,2025-04-18T06:31:12Z
UgyQqocghZH_kn7v8Tp4AaABAg,@teegee9704,I Hope This Wins A Grammy ❤,4,0,2024-12-12T06:02:26Z,2024-12-12T06:02:26Z
UgwMDL0MG109xacHqfJ4AaABAg,@xicana_1,Never  mesd with  kendrick 💯,2,0,2025-12-18T02:37:20Z,2025-12-18T02:37:20Z
UgwvvxMLJ6itV4T2kiN4AaABAg,@DarkClouds-v8,One year anniversary for this masterpiece.,1,0,2025-04-30T04:51:33Z,2025-04-30T04:51:33Z
UgzmiiG22pPXe6yWzZV4AaABAg,@prettycoolPJ,"I'm listening to this on January 31st, 2025 and it still feels the exact same way as it did when this came out.... Man. Who'd ah thunk that this was going to be the introduction to the world witnessing the ritual sacrifice of a GOAT!?

Side not: I'm betting LAWbry wishes that when he heard, ""If you take it there, I'm taking it further - there's something you don't wanna do,"" he had just listened...",1,0,2025-02-01T01:33:38Z,2025-02-01T01:39:41Z
UgyhXBmbSreigRUMc994AaABAg,@truthladeekeesh,Still listening,10,0,2024-11-28T17:12:30Z,2024-11-28T17:12:30Z
Ugz5d_LT2CfWPFnm6Zl4AaABAg,@swanjackson1211,"""Cole and Aubrey know I'm a selfish ninja the crown is heavy"" that part right there masterpiece",1,0,2026-01-13T13:43:16Z,2026-01-13T13:43:16Z
Ugy_OAL_294oC0pnZrV4AaABAg,@daisytheflowerartist,3:11 My favs part❤❤,2,0,2025-04-18T12:41:59Z,2025-04-18T12:41:59Z
UgyK_wrGPfLfckN6cfN4AaABAg,@YvonneCave,Ahhhhhh!.this guy! I'm lost for words🇿🇦,2,0,2024-12-06T14:25:21Z,2024-12-06T14:25:21Z
UgyrukOZwWWoa29JTut4AaABAg,@Faith_Rogue,Get ready for the Super-bowl everyone!!!,3,0,2025-02-04T05:59:07Z,2025-02-04T05:59:07Z
UgyxCuMe5TR3gI6QSLJ4AaABAg,@elkaidred0512,game over.,3,0,2025-02-11T05:41:30Z,2025-02-11T05:41:30Z
Ugyzqnlgg1R-xtHwEeJ4AaABAg,@simeonapostolov8650,4:57 🔥🔥🔥,4,0,2024-11-24T09:58:22Z,2024-11-24T09:58:22Z
Ugz-iBkJJUefSiRQZV54AaABAg,@Claudius-z9f,"SAY DRAKE,,you know nottin bout that 😂😂😂",3,0,2025-03-05T20:29:44Z,2025-03-05T20:29:44Z
UgzF9QrmIQXe6GnXK494AaABAg,@EscarlettFernandez,he has a whole list on what to drop when drake diss him,1,0,2025-09-23T02:51:01Z,2025-09-23T02:51:01Z
UgwPb4iOMJV6ELYTnhF4AaABAg,@Darkside7137x,I had a nightmare kendrick was coming for me like A week ago since this song dropped i have at least one kendrick nightmare a month.,4,1,2025-02-25T05:09:30Z,2025-02-25T05:09:30Z
UgzQijsSSgFooOz0OVl4AaABAg,@RetroFrownyFace,"First time, listening after ""Meet the Grahams"" and ""Not Like Us"". Late to the party, but that means it will be shut down soon... one way or the other. I always come late.",1,0,2025-03-11T04:29:03Z,2025-03-11T04:29:03Z
UgyrLSHB0IfjXYh4uf14AaABAg,@HaooOoni,"Dont tell no lie bout me 
And I won't tell truths bout you 

He is on fire 🔥",2,0,2025-02-13T08:48:08Z,2025-02-13T08:48:08Z
UgzFq15ZdSvfFrmxJKJ4AaABAg,@the_one_and_only_12,Smooth fr,5,0,2025-02-24T01:06:52Z,2025-02-24T01:06:52Z
UgwkefDZ-RG2BWgMcIp4AaABAg,@cece-bt7eo,Still listening to this 😂,1,0,2025-10-26T20:15:08Z,2025-10-26T20:15:08Z
Ugx8MGrIXlsfuqTIna54AaABAg,@Machokah,Better than not like us,8,1,2025-02-24T02:50:03Z,2025-02-24T02:50:03Z
Ugx7JuDpIgL1kAHyAZR4AaABAg,@LesediBoduwe,For me this is the song that finished Aubrey.. ..😰,4,0,2025-03-08T13:51:31Z,2025-03-08T13:51:31Z
UgxjiJCNYdZXb0yTbLh4AaABAg,@TheMmkSweat,"""I hate they that you walk, I hate the way that you talk""📢🎶",1,0,2025-03-14T21:48:27Z,2025-03-14T21:48:27Z
Ugz8wQkJIEYl9xDbb5Z4AaABAg,@sigwiththesmoke161,COMING INTO 2026 WITH HATE STILL IN MY HEART,1,0,2026-01-01T09:09:28Z,2026-01-01T09:09:28Z
Ugz5-3rbNKhxp5VhlRd4AaABAg,@Darkside7137x,Like when i bump this i flinch sometimes,2,0,2025-02-25T05:09:58Z,2025-02-25T05:09:58Z
UgwTq3AML5aLm4k_iSJ4AaABAg,@VioletMudowaya,Respect for Pac❤,4,0,2025-03-06T13:33:56Z,2025-03-06T13:33:56Z
Ugzx9H2REvY8EGuul-J4AaABAg,@Landon-o3h,This is the most best diss track ever that Kendrick made,1,0,2025-06-17T01:25:42Z,2025-06-17T01:25:42Z
UgwikLcl7GfW5_Zvu7B4AaABAg,@newdayze3717,Annihilation 💣,4,0,2025-02-22T17:00:48Z,2025-02-22T17:00:48Z
Ugw12qoTVFOyT2MiKpt4AaABAg,@rukhakifi8487,Its a classic u dont have one is CRAZY✌️😭,0,0,2026-09-12T01:27:35Z,2026-09-12T01:27:35Z
UgwLqA4amUZS9QvGhZ54AaABAg,@wlmjune50,FRIEDDDD HIM ON THIS ONE😳,1,0,2026-08-13T11:27:26Z,2026-08-13T11:27:26Z
UgyV1jha_NHCg_vPp6B4AaABAg,@Jessicasbro,Naahhh not like us ain't even the icing on the cake,5,1,2025-02-20T14:56:24Z,2025-02-20T14:56:24Z
UgzpH_QyD-qR6KOOvNN4AaABAg,@Claudius-z9f,"SAY DRAKE,,, Trinidad and Tobago 🇹🇹🇹🇹🇹🇹😂🤣🤣🤣",3,0,2025-03-05T20:27:28Z,2025-03-05T20:27:28Z
UgxgdSpPBM0MESq8HeN4AaABAg,@yungdalf6330,He goes crazy on this shit I can’t lie,1,0,2025-03-13T07:04:34Z,2025-03-13T07:04:34Z
UgyoWmDuOi00OhWKor54AaABAg,@farich19,I'm using as study motivation,1,0,2026-01-26T20:08:12Z,2026-01-26T20:08:12Z
UgzL9LYdZ18yYq3RlNh4AaABAg,@BenjiSimmons05,August 2026 western Pa 🫡🫡🫡,1,0,2026-07-29T22:25:15Z,2026-07-29T22:25:15Z
UgyVDgegI4XcMagtvad4AaABAg,@achimbyron8340,Best song of the whole beef,2,0,2024-12-10T14:45:40Z,2024-12-10T14:45:40Z
Ugw0rpqh-jIOmm7y9PN4AaABAg,@samueldavis3142,During this time Kendrick was seen living in New York..the meca of hip hop...drake is the Mike Jak of hip hop...Kendrick maybe the greatest rapper EVER!.. both are needed.,2,0,2025-01-18T12:49:46Z,2025-01-18T12:49:46Z
UgwxjlvIBOrCGeM2LWd4AaABAg,@keepingitrealwiththebrowns,Who still here in 2025 still screaming this is the greatest diss track of all time!,1,0,2025-03-21T22:38:28Z,2025-03-21T22:38:28Z
UgzEdCrBatQrKvT6GmR4AaABAg,@RIDGEMATIC,Should've NEVER responded to this....COOKED,1,0,2024-12-02T23:45:54Z,2024-12-02T23:45:54Z
Ugz7mNMeHf-wyxNaaWV4AaABAg,@cece-bt7eo,Still listening 😂to,1,0,2026-01-09T21:39:40Z,2026-01-09T21:39:40Z
UgwJGuXKiQ3bYeD3ccJ4AaABAg,@twizi-xx,He cooked him,6,0,2025-02-04T21:33:39Z,2025-02-04T21:33:39Z
Ugyrc06lK4_6_wUboy14AaABAg,@carlosbmartinez408,I’m already here in 2026,8,1,2025-02-24T02:39:42Z,2025-02-24T02:39:42Z
Ugxs8Xwea0gHKkV5zCR4AaABAg,@dreedwards6859,Here after Kendrick performed it at the Super Bowl😊😂😂,2,0,2025-02-10T04:22:49Z,2025-02-10T04:22:49Z
Ugxunnp4wApT2puCYs14AaABAg,@donovandunlap8560,"After I heard this, it was at that point I considered him a genius.",1,0,2025-03-24T16:37:17Z,2025-03-24T16:37:17Z
UgwWenqgDzAR188_Ng94AaABAg,@bleendlovu2893,Happy anniversary Euphoria - 30-04-2025,2,0,2025-05-02T22:44:22Z,2025-05-02T22:44:22Z
UgyFxh27djLFeu0BtTB4AaABAg,@ramboreese9806,OMG 😭😭😭 this dude is a rap god,1,0,2026-05-20T23:43:27Z,2026-05-20T23:43:27Z
Ugy3GJNF5jlrlALSK1t4AaABAg,@queenarii7312,5:00 🔥🔥,1,0,2026-07-22T08:20:26Z,2026-07-22T08:20:26Z
UgyhaqUV37ouBSuF__B4AaABAg,@Brachiosaurus_isback45,1:35 THIS PART GOES CRAZYYYYYY,2,0,2025-05-14T12:07:54Z,2025-05-14T12:07:54Z
Ugw71J6pQoKvhNdR9B94AaABAg,@chrisshaunfield6546,Yea he fucked with the right real one,2,0,2026-02-24T02:08:19Z,2026-02-24T02:08:19Z
UgxznMHzwZ8V6A4ou4l4AaABAg,@SaundraBrown-l7i,I love Euphoria even more 💜,1,0,2026-01-29T02:26:15Z,2026-01-29T02:26:15Z
Ugy7ERkalmZePvwuUh54AaABAg,@GiBi-nt3yf,Good grief..❤,3,0,2025-02-21T03:48:06Z,2025-02-21T03:48:06Z
UgwtdJElHcXqDPmPMOV4AaABAg,@WeeCartz,"A year ago n Aubrey is literally proving K-dot Euphoria told us all exactly what he is what he'd do. He spiraling nah, bottomless pit still falling",1,0,2025-04-21T17:22:24Z,2025-04-21T17:22:24Z
UgzmrDJHThPXu6C19dV4AaABAg,@seafoodmarinade,never mess  mlwith a rapper that uses his government name,3,0,2026-02-27T11:29:47Z,2026-02-27T11:29:47Z
UgziS2MyxIBRvIAM_fF4AaABAg,@john8855,Back after the super bowl 😂 🔥,2,0,2025-02-10T22:49:54Z,2025-02-10T22:49:54Z
UgzPFJIcV3L6j86m22F4AaABAg,@dickersonadrienne8991,Im here April 1 2025,2,0,2025-04-01T22:38:45Z,2025-06-19T08:00:53Z
UgwSWYM8wDvqLb7XWj14AaABAg,@Macdubgames,Please please please play this at the Superbowl ❤,1,0,2025-01-27T22:52:27Z,2025-01-27T22:52:27Z
UgxIIuHper-ZEalw-M94AaABAg,@gharoodeshoushary5324,Don't till lies about me & I won't till truths about you 🔥,1,0,2025-02-27T08:30:18Z,2025-03-03T20:17:01Z
Ugz1zuT9LNqtqmyDTmd4AaABAg,@errs1drm,Better than not like us,2,0,2025-04-13T21:57:35Z,2025-04-13T21:57:35Z
Ugy8VImqbi835pMkZAl4AaABAg,@da1chicki1,Dammmmmmm!!! 😂😂 He went ALL THE WAY IN!,1,0,2025-02-09T00:23:15Z,2025-02-09T00:23:15Z
UgyXsAKnZfVRC7e-NYJ4AaABAg,@nsubugaisaacsean3073,Its my first time listening to this... but this feels like I wrote it during night preps,0,0,2026-06-18T21:37:20Z,2026-06-18T21:37:20Z
UgyrnicMFGxAGhNsgKF4AaABAg,@LawrenceMwansa-p9c,2025 and jst came here to listen to this master piece b4 going to Bed🔥,0,0,2025-01-25T18:15:17Z,2025-01-25T18:15:17Z
UgwvZaJnEgjeDnASmi54AaABAg,@rmstae5587,“I hope they my real friends if not then ima ynw melly”🥵🥵,1,0,2025-02-16T01:50:43Z,2025-02-16T01:50:43Z
UgxhxT48E_AGPtzjYq54AaABAg,@freshlybaked_air,"if y’all wonder what that message in the begging is when u spell it backwards it says everything they say about me is true(eurt si em tuoba yas yeth gnithyreve)
i hope this helps have a good day❤",2,0,2025-01-14T02:13:03Z,2025-01-14T02:13:03Z
Ugwyxz0-s2cAJMciDpV4AaABAg,@yannickstephanemetombmoado4627,Savage,2,0,2026-06-29T21:44:04Z,2026-06-29T21:44:04Z
UgwgmzXn5WMSU2nru_Z4AaABAg,@derickmatikiti9160,met his homeboys and them type sell they soul okay,1,0,2026-02-23T11:42:29Z,2026-02-23T11:42:29Z
Ugw5oU71tKNVCorUBZh4AaABAg,@justinfreeman3880,0:54 trumpets,0,0,2026-05-20T01:02:22Z,2026-05-20T01:02:22Z
UgwYCSSdQvI87OGIpLp4AaABAg,@waserak47,What is it the braids 😂,3,0,2025-04-29T04:57:26Z,2025-04-29T04:57:26Z
UgzAmGDElGgezH4LcLN4AaABAg,@jjm8502,Holly shit  goose bumps  a real poet,1,0,2025-01-14T03:34:32Z,2025-01-14T03:34:32Z
UgxIFiJAG5LDgTy_e_Z4AaABAg,@Saul2004-n2j,Moving like reverse flash,0,0,2026-08-25T09:26:58Z,2026-08-25T09:26:58Z
Ugz2V5YazebHBXQ2Urd4AaABAg,@jeffgibbons6093,No comments in a year but tons of recent coments on family matters 👀,1,0,2025-07-17T01:13:43Z,2025-07-17T01:13:43Z
UgyMplC-kLawOyl8td54AaABAg,@44Niklas,This was the beginning of drakes funeral,2,0,2025-02-11T17:51:37Z,2025-02-11T17:51:37Z
UgwHHxxyZS9a_EKmpSB4AaABAg,@longbeachmaumba7059,"2:54

""He's Terrance Thornton I'm Terrance Crawford"". 

My favorite line.",0,0,2025-01-24T23:16:16Z,2025-01-24T23:16:16Z
UgzknTh96eqTlO-0bJd4AaABAg,@dmk099,Theres one BE missin,1,0,2024-12-21T22:33:20Z,2024-12-21T22:33:20Z
UgyLiveMR_EVvv55EFh4AaABAg,@Kcannon917,Keep pushing Kendrick!!!!! Line em up and we will support with love and open heart. But that positive passion,3,2,2025-02-13T04:13:14Z,2025-02-13T04:13:14Z
UgzuVeN4BrGN3f_mKHZ4AaABAg,@Megatronus777,🔥🔥🔥🔥🔥🔥🔥🔥🔥🔥🔥,5,0,2025-03-18T18:26:42Z,2025-03-18T18:26:42Z
UgxrPkjjpXZAoK1YjZN4AaABAg,@E-klips11,best diss track ever!!!,2,0,2025-05-04T04:34:55Z,2025-05-04T04:34:55Z
Ugyczar9if3zJRRmivt4AaABAg,@demetrioshilton6264,Are we not hearing the Teddy Pendergrass in the beginning like Kendrick just did so so much it's hard to explain how disrespectful yet artistic that was. And to make it all work as a top 5 rap diss😂😂 pure just PURE,0,0,2026-05-08T15:12:18Z,2026-05-08T15:12:18Z
UgwfKp-ayt5DMGTNl014AaABAg,@TerryStewart724,AWWWEE SHIIIIT CRODIE 😁😁😁,4,0,2025-02-25T00:45:44Z,2025-02-25T00:45:44Z
Ugwf2bZIZSOgyX3ud2B4AaABAg,@crmccle00,8-23-25 Im back this ish is prophetic ❤,1,0,2025-08-23T20:09:11Z,2025-08-23T20:09:11Z
UgzabaAt9U3HR5b4OfF4AaABAg,@DaVinci-mb2wp,You can miss this dawg,1,0,2025-07-08T05:41:08Z,2025-07-08T05:41:08Z
UgzA7iOtA8i3I0v5pYt4AaABAg,@geooliver5726,Humble 🙏 silent kill😢,1,0,2025-10-04T20:18:47Z,2025-10-04T20:18:47Z
Ugy8LM_welU5xTJlazB4AaABAg,@AlejandraRamos-d8i,This felt like a long diss track but the best track,1,0,2025-02-18T02:40:13Z,2025-02-18T02:40:13Z
UgyjTxA-RHqazs1JMDF4AaABAg,@wiltonmassitela2343,My favorites rappers 50cent & kendrick lamar.,1,0,2026-03-08T07:12:36Z,2026-03-08T07:12:36Z
UgyInDFYp3ZLhtoFSbN4AaABAg,@m4tt2311,It's just gets better and better,0,0,2025-04-24T14:32:35Z,2025-04-24T14:32:35Z
UgzY5hA2lgAF1751wKZ4AaABAg,@Agent4splatoon,“Cease and desist on the like that record? oh what u dont like that record? ima get back to THAT for the record” bro i love kendrick sm this isnt even glazing😭😭,8,0,2025-01-13T22:53:52Z,2025-01-13T22:53:52Z
UgwNKwFUVdDK7ceh9GZ4AaABAg,@Lobotomy603,3:09 best part,1,0,2024-12-18T04:10:56Z,2024-12-18T04:10:56Z
UgyuhVtbBatpIlrZI0R4AaABAg,@jeremyrivera6474,Drake dissing Kendrick was the best thing to happen Kendrick like what a year 2024 was for Kendrick,1,0,2025-04-03T16:39:12Z,2025-04-03T16:39:12Z
UgykU2oAdFEXOoN_uGp4AaABAg,@carolynstone-ky2du,Ooh Teddy Pendergrass sample NICE😂😂😂 ❤,1,0,2025-01-12T12:09:26Z,2025-01-12T12:09:26Z
Ugw6sXcmDWn1HbSvhJh4AaABAg,@toshtru5265,'Socold'  💫🖤,0,0,2025-12-15T03:50:21Z,2025-12-15T03:50:21Z
UgwZKtYyf2jj208dpcR4AaABAg,@Truckerfit_94,Track still slaps a year later 👌🏼🔥,0,0,2025-12-09T21:58:11Z,2025-12-09T21:58:11Z
UgxT-giyXcHvvPtxI-p4AaABAg,@1wolf1432,Got dannn,1,0,2026-06-10T12:16:58Z,2026-06-10T12:16:58Z
UgxLug3nHS0JPCgELFl4AaABAg,@simzo8027,2024 Dec? ❤,2,0,2024-12-11T20:44:24Z,2024-12-11T20:44:24Z
Ugzg4ZtqOAWXn801Ey54AaABAg,@BI_officalyoutubelaccount,The beats❤,1,0,2024-12-05T08:14:39Z,2024-12-05T08:14:39Z
UgybZ0yIQlU99yB1Zd94AaABAg,@alphysusan100,The fact that this track is 6.24 Minutes shows that Kendrick  wasn't stopping 😂😂,1,0,2025-03-12T11:13:27Z,2025-03-12T11:13:27Z
Ugx6p_7SXhMv4_YVE-t4AaABAg,@lauraskinner6002,"OMG,  ""He Snapped"" 8/17/25 our Power is out, since 3:am this morning.  
Just Strolling  U-Tube, & I have listened to this 3 times.

🖤🔥💖",0,0,2025-08-18T02:16:22Z,2025-08-18T02:16:22Z
UgylH8xceX9OzxV8wup4AaABAg,@lawrenciahood7640,2:00 is crazy😮,1,0,2026-01-20T05:15:09Z,2026-01-20T05:15:09Z
Ugz-jBhOBbTOMq-tfhd4AaABAg,@Stephanie-o3u2s,I will never forget being in ak stream when this dropped for the first time and Aks reaction while tryna pour drinks😂😂😂. Best shit ive ever lived through,0,0,2025-04-03T22:35:42Z,2025-04-03T22:35:42Z
UgwYsnNNDcRBWSQ1NrB4AaABAg,@gokuvaggieburger1010,2025 biiiihhhh🎉,2,0,2025-01-14T06:18:45Z,2025-01-14T06:18:45Z
UgxNb5fIC9XIeH5lmmJ4AaABAg,@ninetiesbaby90,Blasting this song at 5 am before I start my day😴🙌🕺,0,0,2026-04-30T04:25:07Z,2026-04-30T04:25:07Z
Ugx3ecz5LLeByzgIxxp4AaABAg,@danielkyere3377,I remember the criticism when this di$$ was released but i knew it was a matter of time that people actually like it.,3,0,2025-01-09T07:41:42Z,2025-01-09T07:41:42Z
UgwrTmK3G4j2Jhtz3yR4AaABAg,@jellybelly0725,wow this is crazy,1,0,2026-05-12T15:17:51Z,2026-05-12T15:17:51Z
UgwDJPNXMUj7ZoRS1UR4AaABAg,@erikamcclendon7320,Indiana love this it gets me through all they hate I went through plus a Scorpio woman that gave me same issues,1,0,2025-02-02T20:19:52Z,2025-02-02T20:19:52Z
UgyHAg0D7NotI5Bz5w94AaABAg,@dwaynejohnson1798,Body that boy💪🏿💪🏿💪🏿,1,0,2025-06-07T01:10:15Z,2025-06-07T01:10:15Z
UgwkAivovgWlqLhh5bx4AaABAg,@otukodeef3151,bro cooked,1,0,2025-02-06T10:45:20Z,2025-02-06T10:45:20Z
UgzxQcbbLfEhJe-vTfR4AaABAg,@faamanatugaLeleasapai,"--sad thing it wasn't a close battle, he exposed drake❤",1,0,2025-06-10T23:43:56Z,2025-06-10T23:43:56Z
UgyO0ZEENhtKvDycb2V4AaABAg,@InTrex00,Almost a year!!!!🎉,0,0,2025-01-31T00:24:58Z,2025-01-31T00:24:58Z
UgyxY2RN609LkmIbnsl4AaABAg,@aaronziermann9470,Even better after iceman,1,0,2026-05-29T06:31:33Z,2026-05-29T06:31:33Z
Ugy9Zu6QHSWnZd3kXUR4AaABAg,@trangvu3595,“But don’t tell no lie bout me and i won’t tell no truths bout you”🔥🔥🔥🤓🤓🤓,0,0,2025-03-29T17:55:21Z,2025-03-29T17:55:21Z
UgzJ3iafUfUdEOpEQ5p4AaABAg,@KyaWalsh,As a Canadian we no longer accept Drake as apart of us. 😂😂😂❤❤❤,5,1,2025-02-16T18:22:55Z,2025-02-16T18:22:55Z
Ugz5OVksj6iX1aFEpM54AaABAg,@AllahuKatbar,"For a second I thought it said at the end of the title ""drake dies""",1,0,2025-02-19T04:59:50Z,2025-02-19T04:59:50Z
UgwIvYi6LtHvbGFl1Xh4AaABAg,@billthreehundred7897,This song shud show everyone that nobody listens too lyrics. This was the hardest song in there whole battle nd not like us became the biggest song which was trash,3,0,2025-06-18T05:56:03Z,2025-06-18T05:56:03Z
UgyaIyfWHDu-c2YwANx4AaABAg,@sacaride_3mph,"I just realized the background piano in the beat of this song sounds like the theme of the horror movie ""The Dead Silence""",0,0,2025-05-22T15:55:47Z,2025-05-22T15:55:47Z
UgzcRg4YzhdWtPKGwQx4AaABAg,@kennygee1981,All I can say is Damn!!,1,0,2025-01-27T01:38:40Z,2025-01-27T01:38:40Z
Ugz1sVcE5pR17oQslxt4AaABAg,@dennismwendwa867,"""The mention must run in his family but let it get shaky i park your son""
Been singing it so opp "" dementia must be running in the family they legy shaky..parkison...",1,0,2025-12-24T18:33:23Z,2025-12-24T18:33:23Z
UgyXHzbUm3PFwP9yuoJ4AaABAg,@FIFODavid,Crazy how that clip of Drake performing pretending to shoot a gun with pyrotechnics while wearing a sweatshirt with shoulder pads in them came AFTER this came about.  3:32 - 3:53 Is like Kendrick has a time machine,0,0,2025-03-23T14:31:43Z,2025-03-23T14:31:43Z
UgyxV39vSdzRcrZzrnl4AaABAg,@orpheusraymond3652,Lil Wayne is smart to stay out the way😂😂😂😂,2,0,2026-02-08T01:44:36Z,2026-02-08T01:44:36Z
UgwfKKPmxZDjamlEPpd4AaABAg,@jjm8502,He said if i catch flight it will be direct.. how how do rappers put shit together so beautiful... 😊,0,0,2025-09-01T15:02:49Z,2025-09-01T15:02:49Z
Ugwo8_FROPDIQsYNwah4AaABAg,@August61681,This song said summin about puff lol and kids about drake and now I'm thinking like hm and drake got them same scars Megan said  lol why he need those tho .. what In the world 😭,1,0,2025-12-22T19:05:07Z,2025-12-22T19:05:07Z
Ugy6EyYYxFqxn3o-4od4AaABAg,@LamarGoddson-e8l,Cooked😂,1,0,2026-01-30T13:20:24Z,2026-01-30T13:20:24Z
Ugw_tHF21OFTbkpHJZF4AaABAg,@born2Kookfrenchtoasts,"thx for your contribution 🙏🏽 

also was wondering how it feels like being his wife when they biffing , if him so sharp with strangers 😅",0,0,2026-02-07T09:38:44Z,2026-02-07T09:38:44Z
Ugwngccz0FJvs6M7UE14AaABAg,@demetroiuspm.122,The fact drake need song is give me a hug and listen to 1:54 is sad,1,0,2025-02-15T16:20:57Z,2025-02-15T16:20:57Z
Ugygq6cruN6jCggi2KZ4AaABAg,@redforce2032,Unpopular opinion this is my favorite Kendrick Lamar song.,2,0,2024-12-30T22:42:04Z,2024-12-30T22:42:04Z
UgzdoM5cXDmHJWSE2oV4AaABAg,@skiddlemcdiddle,Drake probably got disowned after this song😅,2,0,2025-01-11T20:07:22Z,2025-01-11T20:07:22Z
Ugw16YKdOp2yodcTFPN4AaABAg,@GuyHoldingAir,the first reversed line is “EVERYTHING THEY SAY BOUT ME IS TRUE” backwards,1,0,2025-02-17T14:16:37Z,2025-02-17T14:16:37Z
UgxAXs9X8Xdq6F2qho54AaABAg,@merdicehowell1005,❤❤❤❤❤❤❤❤❤❤,2,0,2025-02-21T20:10:37Z,2025-02-21T20:10:37Z
UgyMZxTvxulTWYot65h4AaABAg,@R26twy,Better than back to back,1,0,2024-12-06T07:44:15Z,2024-12-06T07:44:15Z
UgwMZ726ICvpK1HkHSl4AaABAg,@starolordx09,Been listening to this wayy to much now i memorized and rapped the whole thing😂,0,0,2025-08-12T17:09:24Z,2025-08-12T17:09:24Z
UgxOCuA5LF8MTVah4_14AaABAg,@nesrineoueslati8279,Love itttttt,2,0,2024-12-20T13:28:09Z,2024-12-20T13:28:09Z
Ugw9OTk2STv92rDVgBh4AaABAg,@micaiahmorrisYoutubeChannel,"Tools to walk through life , ☝🏾🕳️🪨👇🏻🚫👴🏻🚫👓🚫👈👉🏻🔥🚫🗡️ ,",1,0,2024-11-20T05:10:36Z,2024-11-20T05:10:36Z
UgyD6iChqEVDWJEUYTR4AaABAg,@maybenot4779,"If I was Drake? After listening to this track? I would do what George Foreman did , after Ali destroyed him in a blink of an eye  in 1994 in Kinshasa Congo ! he RETIRED FROM BOXING , became a priest  for awhile ,then started the George Foreman Grill Business lol, m
Just saying lol .. Rumble  in The jungle dude ! Hey Drake! , u got  Got !!!! 😭😭😭",4,0,2024-12-12T02:14:59Z,2024-12-12T02:35:14Z
Ugwx77fIN0vcnVf2iRJ4AaABAg,@andreajohnson2115,No accent you can sell me,1,0,2025-02-11T15:04:39Z,2025-02-11T15:04:39Z
UgybwGpPusshB3TnFod4AaABAg,@Fotosynthesis858,Murdered ☠️,1,0,2025-02-15T06:50:32Z,2025-02-15T06:50:32Z
Ugxj8KBLWjSTec11MjZ4AaABAg,@tarbs012,Maaaann! This is fire to. Imma put this in my 2k soundtrack,0,0,2025-04-22T03:30:51Z,2025-04-22T03:30:51Z
UgzMg1043kmj-DSBklR4AaABAg,@JesusPerez-j7g,They should have played that in the Super Bowl,3,1,2025-06-19T12:32:55Z,2025-06-19T12:32:55Z
UgyJIBQTn1RUDux4kt94AaABAg,@Jeti2,😢 Damn,1,0,2025-07-15T02:48:41Z,2025-07-15T02:48:41Z
Ugxy76aHYwM7R8SqKbd4AaABAg,@5toic_0ne,Nah he packed Drake up on this shit.,2,0,2025-03-02T13:57:12Z,2025-03-02T13:57:12Z
Ugwe6_at3wjcI0kSdCx4AaABAg,@midchildmuse,3:02,2,0,2025-08-02T11:34:53Z,2025-08-02T11:34:53Z
Ugw5B5KGINLbUdc9MaV4AaABAg,@Harrymule,"Dementia must run in his family
But let it get shaky...",1,0,2025-06-02T16:46:49Z,2025-06-02T16:46:49Z
Ugy3TC35xWvIicuE_1B4AaABAg,@MARIAMUNAZARETH,So much value here.,0,0,2025-10-01T00:33:49Z,2025-10-01T00:33:49Z
Ugz1rOJEszqck16PCJZ4AaABAg,@mphothapelo2642,"oh you thought the money ,the power or the fame would make you go away🥵🔥🔥🔥🔥🔥🔥👐👑",0,0,2025-10-08T11:02:40Z,2025-10-08T11:02:40Z
UgxZc3S0SJRE0uMiEoZ4AaABAg,@KLS1216,This part goes crazy 🔥 3:09,2,0,2025-06-18T16:25:00Z,2025-06-18T16:25:00Z
Ugy8UGeQD4TKWJw4FVZ4AaABAg,@lganglucci6443,4:33 is crazy crazy 🤣🤣🤣 i love the disrespect remind me of foolio😂😂 R.I.P BIG 6 BLOXC FOOLIO,1,0,2025-02-23T20:53:47Z,2025-02-23T20:53:47Z
UgxtLjpG6DQCe7m7yct4AaABAg,@D3CLLR8,cole yachty and drake caught rounds lord 💀💀,1,0,2025-02-26T17:11:41Z,2025-02-26T17:11:41Z
UgxCsPG_k0I4kI_C3Hh4AaABAg,@jnotesswagg88,Who here loving this song age gracefully in 2025!,2,0,2025-02-06T05:18:04Z,2025-02-06T05:27:21Z
Ugwm6P_Od5f4Sn1u6G94AaABAg,@delnishawashington2448,🔥🔥🔥🔥🔥🔥🔥🔥,1,0,2025-08-10T23:50:30Z,2025-08-10T23:50:30Z
UgzxDGwnaXfRaCuSuh54AaABAg,@kffk-kato,Forgot how SAVAGE k went - it’s fucking glorious,1,0,2025-10-01T02:57:08Z,2025-10-01T02:57:08Z
UgyUEVNLTZWrk5tCaCN4AaABAg,@thedarkstranger.8528,My Favorite Drake is uk Drake when he trying to be one of the man dem. 🍩,1,0,2026-02-24T21:52:57Z,2026-02-24T21:52:57Z
UgylX86OMPYEJT_R-Q54AaABAg,@shaneyoung6263,"Drake Stands 4 
Do
References
AND 
Kopy 
Everyone 😂😂😂",2,0,2025-03-23T19:35:27Z,2025-03-23T19:35:27Z
Ugw2-v6ZAAOWlEibOIR4AaABAg,@utuber57595,🎉,2,0,2024-12-22T20:30:47Z,2024-12-22T20:30:47Z
Ugy8dpm3RMJXGpUwCVt4AaABAg,@alternativekell,2:48 poppin ish @ Pharrell,1,0,2026-04-01T14:42:51Z,2026-04-01T14:42:51Z
UgxZ2yWLABGTJcBChNx4AaABAg,@pholosetlhake9805,Drake is cooked.. 😉♥️😯,2,0,2026-04-12T15:04:21Z,2026-04-12T15:04:21Z
Ugwji9-j5R21TGoG6Sx4AaABAg,@tueresunhuevo7344,Way better than not like us ngl,1,0,2025-04-16T13:37:38Z,2025-04-16T13:37:38Z
UgzvUjd0p-GK8dGya2J4AaABAg,@joey_zhu,"If you know what it sounds like when you are shot at by a sniper (very good breaking bad scene for this iykyk), that adds another level to 0:55 ad libs. 6 supersonic bullets shoo by, then comes the bi- of the 6 bangs. 6 shots at the 6 god",3,1,2025-09-16T04:58:52Z,2025-09-16T05:03:08Z
UgxHbmH0wbYLfEsXgTl4AaABAg,@xboy.ml.1,3:10 ❤‍🔥❤‍🔥❤‍🔥,1,0,2025-01-31T14:09:12Z,2025-01-31T14:09:12Z
UgxqQbSHYRzhBz5mo5V4AaABAg,@RoyW-e2i,This man went  crazy on drake 😮,1,0,2025-03-16T20:28:47Z,2025-03-16T20:28:47Z
Ugz0-G8DtZK8qHhifHZ4AaABAg,@ClementYan-se1bg,Never mess with my bruh Kendrick! All time fav??,1,0,2025-01-29T13:30:26Z,2025-01-29T13:30:26Z
UgxH4l0eLvYq0Pw6nxd4AaABAg,@artstar5994,Damn!,1,0,2025-01-12T07:29:36Z,2025-01-12T07:29:36Z
UgzA3r2AWtGD3Fwu-n94AaABAg,@DanielKumi-ou5zn,Damn 😮,1,0,2025-08-15T14:21:11Z,2025-08-15T14:21:11Z
UgzMZj_zdIk3MuM2hxp4AaABAg,@The_Kee,June 2025 still fire.,2,1,2025-06-21T12:46:38Z,2025-06-21T12:46:38Z
UgzuLAUYkTDgY9fGQkV4AaABAg,@deannaburton8506,K. Dot is the truth he ending Drizzy career 🎉,4,0,2025-02-10T20:51:58Z,2025-02-10T20:51:58Z
UgzKP1G8MkO3ahExghp4AaABAg,@LetsTalkAboutIt4rl,😮,2,0,2024-11-28T08:38:30Z,2024-11-28T08:38:30Z
UgzBvDqmoZCMNPfWICV4AaABAg,@ThabisaThabisa-f9u,The ynw melly line 🔥,0,0,2025-03-18T12:37:36Z,2025-03-18T12:37:36Z
UgxSYVPTN0JpjVIwNrF4AaABAg,@jennylopez5114,Tyler the creator ahh beat in the beginning ☠️,1,0,2025-02-14T20:07:47Z,2025-02-14T20:07:47Z
UgwSWh_fWtcRGj45MUp4AaABAg,@breon7839,Here,1,0,2025-03-22T03:15:21Z,2025-03-22T03:15:21Z
UgzAT2DphhIZ_knNOjZ4AaABAg,@MichaelKilgrow-y9w8x,Wind hits my face and body . Cymatics,0,0,2025-08-18T17:40:29Z,2025-08-18T17:40:29Z
Ugx2xJwsfWfiziC3cmB4AaABAg,@2wenty_4,"First time hearing this was when I realised Wayne is just different ""Better get Right or get Left hit"" 🔥🔥",0,0,2025-10-30T15:41:41Z,2025-10-30T15:41:41Z
UgzrNjbICXytxLqTqhR4AaABAg,@FoxMythic,🎉,1,0,2024-11-19T20:55:28Z,2024-11-19T20:55:28Z
UgxHD31Wer313pLnrE94AaABAg,@Chat3lain3,Don't tell no lies about me and I won't tell no truths about you! 💯,1,0,2025-09-09T05:25:13Z,2025-09-09T05:25:13Z
UgyJn0GNlUWMDgGWcYN4AaABAg,@TwisyddSos,March 26th,1,0,2025-03-26T20:23:56Z,2025-03-26T20:23:56Z
UgxnTYeI4NJCvX-XpRx4AaABAg,@Jennyxiz,The best rap diss 😭😭😭,0,0,2025-04-28T08:41:43Z,2025-04-28T08:41:43Z
Ugwe-TO2wL3K7JEmeiJ4AaABAg,@ignaciocampo5982,class,0,0,2025-01-27T13:29:29Z,2025-01-27T13:29:29Z
UgwONL_CBNenhmVouZ54AaABAg,@dkdksjd_ndjd,help why do ik all the lyrics by heart 😭,1,0,2025-01-05T00:24:58Z,2025-01-05T00:24:58Z
UgynVRnrkIhDx8p6lYN4AaABAg,@Blackchild601,Definitely in the top 10 Dis Tracks!!! 💯🫡🤣,0,0,2026-08-07T08:19:50Z,2026-08-07T08:19:50Z
Ugx35lzkdH9zuq0zV014AaABAg,@Micah_Max413,"as a 16-bit music fan, this is my favorite kendrick beat
it sounds like something from an arcade",0,0,2025-03-21T04:24:35Z,2025-03-21T04:24:35Z
UgyGYjIB0LYdPZFO3AV4AaABAg,@kevinbyrd2120,This still 🥵🥵🥵🥵🥵,1,0,2025-09-28T20:01:55Z,2025-09-28T20:01:55Z
Ugx2kHLxNu3d_nriX_l4AaABAg,@user-ButterflyVee,This shit still slaps in 2026. Tell me otherwise 🔥,1,0,2026-03-16T06:41:13Z,2026-03-16T06:41:13Z
Ugx530hYYZtrhP94Zld4AaABAg,@aruoma1,Listen to this while driving down the highway on a nice day....hits so different.  How did Drake not know? This is an award winning song!!! Multi layered and lyrically exceptional!!,0,0,2025-02-15T17:54:20Z,2025-02-15T17:54:20Z
UgzGotq-xSnBPIRpo3t4AaABAg,@CAAzodiac08,"When Drake makes fun of the quiet kid:😂😂😂

Kendrick Lamar says don't show up tomorrow:🗿",1,0,2024-12-06T17:30:39Z,2024-12-06T17:30:39Z
UgyYqB41xgOn8DuctqJ4AaABAg,@JWTheMan2012,I love this song!,0,0,2025-04-30T23:37:10Z,2025-04-30T23:37:10Z
UgwLf3HE1zPhCB3_4FV4AaABAg,@crypto-lo3hl,"I lived in Aubrey's neighborhood. Rich area,  he's a joke",2,0,2026-03-07T13:28:10Z,2026-03-07T13:28:10Z
UgwkEMAULUkuxHwu4E14AaABAg,@vGangHalo,🔥🔥,0,0,2026-06-12T22:46:20Z,2026-06-12T22:46:20Z
UgybZPsvHf_CkAbyZ6l4AaABAg,@cuffy6322,Back after Superbowl 2025?,3,0,2025-02-15T02:57:00Z,2025-02-15T02:57:00Z
UgxUk_FmNiZYXG_O2Ix4AaABAg,@1333t.mogreat,3:08,2,0,2024-12-30T18:37:23Z,2024-12-30T18:37:23Z
UgyMZULhAl-xUXZKFTZ4AaABAg,@bmm-musiclover1245,🔥🔥🔥,0,0,2026-07-01T12:02:47Z,2026-07-01T12:02:47Z
UgydclD8ZQ9BYwfmM1Z4AaABAg,@KennediYoung-j6i,Kendrick make a diss of DIDDY we’ll be appreciating,2,0,2025-02-23T22:34:09Z,2025-02-23T22:34:09Z
UgzHspJGiliMenKefSB4AaABAg,@xicana_1,Kendrick lamar  bee 🐝  drake  shoo,1,0,2025-11-29T21:23:22Z,2025-11-29T21:23:22Z
Ugyr6cdH3Tbc0EQU_6V4AaABAg,@lflo2434,BEING CALLED THE BOY BY THE HIGHER UPS IS 👿👿👿,0,0,2026-04-19T04:15:52Z,2026-04-19T04:15:52Z
UgyXOIbTBF_WriQO8Od4AaABAg,@PinkAta-cn8lu,Anyone here after the superbowl?,2,0,2025-02-13T07:05:56Z,2025-02-13T07:05:56Z
UgzY-bJbw0_Hkiil_o94AaABAg,@ELladrao,"""If not YNW melly""Ayo💀",3,0,2025-02-23T23:28:25Z,2025-02-23T23:28:25Z
UgxAnJ6u1BDhnffyKoJ4AaABAg,@jaydeseals6849,Oh 😮 the line when he said “ I HOPE THEY MY REAL FRIENDS IF NOT IM YNW MELLY “,0,0,2025-02-10T14:26:54Z,2025-02-10T14:26:54Z
UgzFf87LZQjjkGMcdnt4AaABAg,@delmar1387,Once a day,1,0,2025-10-26T14:08:15Z,2025-10-26T14:08:15Z
Ugz2VqxakvBRp68JD2Z4AaABAg,@younsungyoun3732,I always like the truth no matter how crude it is😮,1,0,2026-03-14T04:21:47Z,2026-03-14T04:21:47Z
UgzHEvfBSAS9T0aOBRl4AaABAg,@natashadeleon3743,You just know Drake was hurting listen to this. I mean I hurt for him and I hate him.,3,0,2025-07-27T21:32:49Z,2025-07-27T21:32:49Z
UgxJRkBd-BpHI5ANYMN4AaABAg,@FOAB-Carlos,3:11 best part,1,0,2026-06-12T04:51:35Z,2026-06-12T04:51:35Z
UgzALqMUolYytxdSve94AaABAg,@Tony-im6ub,I agree,0,0,2025-12-04T03:51:56Z,2025-12-04T03:51:56Z
UgyO1qo9eyooSpZ8nJx4AaABAg,@kanyefan20552,"for social studies i have to do a cover of this for sparta or athens for ancient greece




i got a 36/40",1,0,2025-02-20T04:44:58Z,2025-03-05T00:31:42Z
Ugwew-l_yNWUI4Y5xyp4AaABAg,@TonyDanza4Lyfe,He warned him,0,0,2025-03-14T23:30:24Z,2025-03-14T23:30:24Z
Ugx98UlbjGybsyyAamd4AaABAg,@randomnessslayer,"""But don't tell no lie 'bout me
and I won't tell truths 'bout you""
🥶🥶🥶",0,0,2025-02-27T11:59:26Z,2025-02-27T11:59:26Z
UgyEcmELZz--RHW1JRR4AaABAg,@vhuthusingo330,I like drake with the melodies,1,0,2025-07-31T20:20:24Z,2025-07-31T20:20:24Z
UgzuZHDUvT6AkQlsLaJ4AaABAg,@ErickenezaErickeneza,“Top 10” or list formats remain evergreen,0,0,2025-09-26T01:18:01Z,2025-09-26T01:18:01Z
UgzFBZufQPbBri_sUVp4AaABAg,@justforia,this is literally a rap sonata,1,0,2025-08-21T11:04:13Z,2025-08-21T11:04:13Z
Ugx19gzaCPV8mItFdZx4AaABAg,@deonwright7111,🔥,0,0,2025-11-08T02:32:52Z,2025-11-08T02:32:52Z
UgxF_SJ2mzfLJDqrdLF4AaABAg,@TheGarcia015,Core / stomach / abs line was crazyyy,0,0,2025-08-13T00:50:16Z,2025-08-13T00:50:16Z
UgyRYRTPH2y5eZmj4nN4AaABAg,@MarcusValencia-i3m,🔥,0,0,2025-04-02T23:36:49Z,2025-04-02T23:36:49Z
UgyhEbZhIEwIfgWRJFt4AaABAg,@yasarou,SHO!!SHO!!,1,0,2025-09-04T18:27:55Z,2025-09-04T18:27:55Z
UgwTTW0jI6zh9_UV_3h4AaABAg,@HFL-j3l,Anyone after the Super Bowl,1,0,2025-02-11T18:30:34Z,2025-02-11T18:30:34Z
Ugw67uhJmTgT_eFmqKd4AaABAg,@blkwydowspyder,"Who's here May 2025? A month or 2 ago this masterpiece turned 1 yr old. Happy belated birthday ""Euphoria"" the newly crowned best diss track ever!! It's not ""they not like us"" PERIOD!!",0,0,2025-05-08T12:45:58Z,2025-05-08T12:45:58Z
Ugz-eYssZkhHEYDtyBt4AaABAg,@GoatedWill,Anyone here in march 2025?,6,0,2025-03-01T18:49:48Z,2025-03-01T18:49:48Z
Ugyp9f3-LzfnhO09nY14AaABAg,@Icy.rxck.ash1,"Popular lyrics/verses 
2:19 “what is it the braids!”
3:08 “it’s always been about loving and hating now let me say I’m the biggest hater”
4:56 “yall think all of my life is rap? Thats o shi i got a son to raise…”
6:12 “we don’t wanna hear you say nga no more”",1,0,2025-01-14T04:04:42Z,2025-01-14T04:11:39Z
UgxXkEoU__bcl1QsCfx4AaABAg,@MosesNyendwa-s9c,Chronic,1,0,2025-09-24T16:01:09Z,2025-09-24T16:01:09Z
Ugw0JBqlzWbMTMgk7aR4AaABAg,@owolabikristen7194,I have been saying this song is more a composed diss than not like us,0,0,2025-05-08T09:17:38Z,2025-05-08T09:17:38Z
Ugwgz7HSWLQPe1yFuVN4AaABAg,@Belghase,what is seen in the dark will soon come to light,0,0,2026-03-18T11:24:35Z,2026-03-18T11:24:35Z
Ugz66Iw1jD10Kek3rGB4AaABAg,@themixedview4777,The way Kendrick is in this makes me feel like he would love Petty AF by LovelySlaughter xD,0,0,2025-03-25T13:32:24Z,2025-03-25T13:32:24Z
UgyKYz5kqjiQQthiucR4AaABAg,@Valdismith,"LOL they both raised the bar of modern rap with this beef, I just heard listened to Family Matters, it also changes through tone and style,  both records are killas!",0,0,2025-06-09T21:01:31Z,2025-06-09T21:01:31Z
Ugy2jkH7qHBlTINK6vd4AaABAg,@Pinxels,Let's go nice,0,0,2025-10-15T12:31:47Z,2025-10-15T12:31:47Z
UgxltFi_lloqig8zyAJ4AaABAg,@cynthiaevanstaylor5891,❤❤,0,0,2025-02-04T13:40:09Z,2025-02-04T13:40:09Z
Ugw9xxs_7EMWfqNBtzh4AaABAg,@marcusthomas9817,BEAT DRUM PROGRAM SOUNDS PERFECT ..,0,0,2025-02-27T03:51:30Z,2025-02-27T03:51:30Z
UgzmieZvMeHaruKp6YF4AaABAg,@Her-n5u3m,"The instrumental.. Are really queasy
2025zz who's here",1,0,2025-08-23T22:08:11Z,2025-08-23T22:08:51Z
Ugw6rOa5G9tzZ0DD4Qh4AaABAg,@tf7622,2025 just reflection of music in general. And to be honest this is the best song Ive heard in about 20 plus years or more. This makes me want to go and live on the west coast and im a east coast guy. Thats how tough this record is. K Dot went super dumb on here💯,0,0,2025-01-18T01:05:53Z,2025-01-18T01:05:53Z
Ugw_0kqwS67QLoPvtMB4AaABAg,@Meryl-op4xg,3:07,2,0,2025-06-19T06:48:10Z,2025-06-19T06:48:10Z
Ugw_KpPm5mDCIRPiPz54AaABAg,@MrPotts1300,Bro is 🔥,0,0,2025-03-01T01:52:18Z,2025-03-01T01:52:18Z
UgzssMGUB44YEWxTrrd4AaABAg,@CowboysPolitics,Anybody here after Drake added the children to the lawsuit.,1,0,2025-08-14T12:32:06Z,2025-08-14T12:32:06Z
UgwFmDLVEtqNpfR9af94AaABAg,@pindaryahashua,this was Drakes Ether lol wow,1,0,2026-05-24T17:14:38Z,2026-05-24T17:14:38Z
UgzQ380rykzyfwEJX5N4AaABAg,@billwilson1943,loved seeing tom Nook and the cows!,0,0,2026-07-02T14:20:07Z,2026-07-02T14:20:07Z
UgxP20RsAtNogsxhRF94AaABAg,@K1llionaire-l3m,2026 Anyone,3,0,2026-05-25T03:50:52Z,2026-05-25T03:50:52Z
UgxlTXPb8wW-FIDL4AZ4AaABAg,@donnyriggs3377,Crodie im listening to this jawn February 2026 on repeat all black history month,0,0,2026-02-06T01:59:55Z,2026-02-06T01:59:55Z
UgxNafBo1X-zdu5P3tZ4AaABAg,@STILLSTANDING23913,Yep,0,0,2025-02-27T04:37:59Z,2025-02-27T04:37:59Z
UgwGnCffQr2-bmuUe0h4AaABAg,@randallkeith5229,April 2025....,2,0,2025-04-12T20:20:48Z,2025-04-12T20:20:48Z
Ugzpybm7Er-WgKuLIB54AaABAg,@bradenraymond9582,I like that song,0,0,2026-06-07T14:54:46Z,2026-06-07T14:54:46Z
UgyQDJgyRZVRrx3L7ql4AaABAg,@SixGod66229,Anit gone lie im a drake stan but i still think about this song way to much 😂😂😂😂 bro was cookin his ass,2,1,2025-11-28T04:49:47Z,2025-11-28T04:49:47Z
Ugz3BO590bBsRLGcWPh4AaABAg,@DestinyHarris-f5w,This song go hard,0,0,2025-02-27T06:08:48Z,2025-02-27T06:08:48Z
Ugz_6f1uA-9lsZVCt7V4AaABAg,@felipeberger8153,What is it? THE BRAIDS???? J cole ref,2,0,2025-07-24T13:35:55Z,2025-07-24T13:36:09Z
UgxCbN7XmQ43t0hKyBB4AaABAg,@Risper-v8m,Kendrick!!,0,0,2025-02-14T18:45:47Z,2025-02-14T18:45:47Z
UgxjmIGU4txbSZIFCkl4AaABAg,@sandazehatesmondays,Anyone here yesterday?,1,0,2025-04-04T08:09:51Z,2025-04-04T08:09:51Z
UgzhSUsFZVnpivL4-EV4AaABAg,@EmkayTepra,❤,0,0,2025-08-22T12:03:54Z,2025-08-22T12:03:54Z
UgygKcTNMDySNkAqAuJ4AaABAg,@Theoriginal765-f9q,❤,0,0,2025-05-05T04:28:12Z,2025-05-05T04:28:12Z
UgzJSviyHfYnfnrup7J4AaABAg,@angelaharris204,Yeah he got that part from DMX I hate the way you look and dress . That shit was Classic . Thank you Kendrick,1,0,2025-07-24T02:20:22Z,2025-07-24T02:20:22Z
UgxFOJ63haVfkOu1AkR4AaABAg,@zigs666,This sounds so much like enimen  in a good way😂,0,0,2025-04-21T21:02:00Z,2025-04-21T21:02:00Z
UgzipQTjQKC5L9qF9AV4AaABAg,@jamieboiani2331,6:14  you,2,0,2025-05-01T20:15:58Z,2025-05-01T20:15:58Z
UgyjWHrApPBvfWvZJkF4AaABAg,@ArgentinaPersonalCoach,Mythic,0,0,2025-11-14T22:50:00Z,2025-11-14T22:50:00Z
UgwKCELa8jEBRG-NhkB4AaABAg,@LadyFeverdream,What a time to be alive while this was happening,0,0,2026-04-09T16:50:00Z,2026-04-09T16:50:00Z
UgxO4grtnlw0veCbFr94AaABAg,@NoelComiX,The start is the best part,0,0,2025-05-12T22:53:06Z,2025-05-12T22:53:06Z
UgzMYblTl1IbElKYxSZ4AaABAg,@jjm8502,Lyrics of the hear,0,0,2025-01-14T04:04:37Z,2025-01-14T04:04:37Z
UgzCYFZKBbvU3tH24SZ4AaABAg,@praisebe7777,1 YEAR 🙌,0,0,2025-05-01T01:20:17Z,2025-05-01T01:20:17Z
Ugyjrgm4thpS7zEIK7F4AaABAg,@diamondsapphireangel1721,3:10 - 3:17 is my favorite part,3,1,2025-06-26T18:54:19Z,2025-06-26T18:54:19Z
UgzVuZgE6BZQB0s6QLZ4AaABAg,@idrumar5705,3:10,2,0,2025-07-26T16:15:35Z,2025-07-26T16:15:35Z
UgwF1tysWo9j8zExA8p4AaABAg,@taekwondorian,"🗣️""YEA IM WHOOPIN FEET""",0,0,2025-01-31T00:24:56Z,2025-01-31T00:24:56Z
UgwYmXzxHDU7sMujnjB4AaABAg,@KaidenFarlow-x6v,3:50 Daft punk🗣️🔥🔥🔥,1,0,2025-04-22T00:35:54Z,2025-04-22T00:35:54Z
UgwXW88AHA9U799qqqx4AaABAg,@cierraburrell2,After drakes albums I had to come here and cleanse the dirt out my ears🙏🏾,0,0,2026-05-20T18:56:31Z,2026-05-20T18:56:31Z
UgwPMnCI_dkKigQZ9dZ4AaABAg,@KrabCityPodcast422,Omg😂,1,0,2025-10-29T03:25:21Z,2025-10-29T03:25:21Z
UgwOnfrYtXm4iX_xuk14AaABAg,@RahYisrael99,The Teddy Pendergrass sample is genious. Kendrick  literally told Drake that he's his latest greatest inspiration.,0,0,2025-05-25T02:27:13Z,2025-05-25T02:27:13Z
UgxlCeaB_cEahX5bLBJ4AaABAg,@NicolasCageisthegoat,"these lyrics are all
jacked up! whoever did this got a lot of the lyrics wrong🤦🏿‍♂️",0,0,2025-05-18T01:44:08Z,2025-05-18T01:44:08Z
UgyaUXz5uCM0lkw8YXZ4AaABAg,@erickgonzalez5508,🎉,1,0,2026-01-13T07:05:51Z,2026-01-13T07:05:51Z
Ugx2_Vbqsm4vjmbCxKF4AaABAg,@joey_zhu,The church bells at 3:10 are menacing,0,0,2025-09-16T05:10:21Z,2025-09-16T05:11:11Z
UgxE_83tLFyobsR1KaJ4AaABAg,@andreabrantley6951,➡️ A FEW OF THE LYRICS ARE WRONG!... / 🎵This is my Fav track from their rap beef!😎👍🏼,4,0,2024-11-20T22:37:46Z,2024-11-20T22:37:46Z
Ugzi5pBbVbtYZVs04al4AaABAg,@emanfunny18,2026,2,0,2026-02-14T05:29:39Z,2026-02-14T05:29:39Z
UgwDlhbQdj_IPSOeEHJ4AaABAg,@fiona2327,❤🎉😂😂😂😂 420,2,0,2024-11-25T11:28:38Z,2024-11-25T11:28:38Z
Ugy9_6XnSd8EA4dGevN4AaABAg,@jasperbell5580,"after his new song, ain't nobody liking Drake with the melodies 😭😭",1,0,2025-02-24T14:10:35Z,2025-02-24T14:10:35Z
UgyEde2YNUuhZyBsYsJ4AaABAg,@AceAxolotl,"3:47 Kevin Lamar disguising his true rival, afraid of envoking their pure, unbridled wrath",1,0,2025-05-07T00:44:01Z,2025-05-07T00:44:01Z
UgxIAK3U0TDoOnTfvSl4AaABAg,@brrbrrpatapim-923,0:54 AMEN 🙏,0,0,2025-03-04T09:40:26Z,2025-03-04T09:40:26Z
Ugzxs9rYmmfHvC17t2N4AaABAg,@CREDITMASTERY-m2u,Watts up King Dot have mercy on.  Then again you know we don't do that where we from...West!!!!!!!,0,0,2025-02-17T17:48:09Z,2025-02-17T17:48:09Z
UgycwPIq6pl645YftDd4AaABAg,@asciinscion8709,missing this tbh,0,0,2025-03-09T10:43:32Z,2025-03-09T10:43:32Z
UgypHTE1bHY90mwn4414AaABAg,@Beiliux,2:14,1,0,2025-07-20T06:43:42Z,2025-07-20T06:43:42Z
Ugw-hYSzKiJlB0v8JlR4AaABAg,@NoelTHEFwog,"99% roasting Drake aswell
1% anything else",1,0,2026-04-12T15:04:51Z,2026-04-12T15:04:51Z
UgyATg8CQstUfqm0XKB4AaABAg,@JessicaBravo-j7o,Hell ya this dis on drake and even he hits YMWmelly that’s crazy!❤,0,0,2025-12-14T02:18:12Z,2025-12-14T02:18:12Z
UgyRVT7LMpow__NibGl4AaABAg,@DaddyRambo0102,"He says ""I dont like you poppin shit at pharrell, for him I inherit the beef"", you guys gotta step it up with these lyrics or else the songs meaningless..",2,0,2025-04-01T01:03:00Z,2025-04-01T01:03:00Z
Ugx_gOAOAR3ePrUY65p4AaABAg,@adrianavalarezosevilla1770,Me identifico con esta canción,0,0,2025-02-12T00:33:37Z,2025-02-12T00:33:37Z
UgzZB3DYtyjygypanqt4AaABAg,@cuteiepatootielemonlime,Kendrick mocked Drake's cadence & clowned him. Bodied him into the West Style & I'm from the East. Brilliant!!!🔥🔥🔥🔥🔥🔥,2,0,2025-01-23T05:14:41Z,2025-01-23T05:14:41Z
UgxJFpk15WPbi9b1N-x4AaABAg,@everythingclashroyale416,@3:10,2,0,2025-07-30T20:10:38Z,2025-07-30T20:10:38Z
UgzqwmTyxPk7wue4aLl4AaABAg,@tiffanygarcia1864,Drake getting the nickelback treatment. Yall boys trippin,1,0,2025-02-11T04:18:32Z,2025-02-11T04:18:32Z
Ugxk4cxZxmQokvo4B0Z4AaABAg,@Alix49,Exactly one year ago,1,0,2025-05-01T15:21:26Z,2025-05-01T15:21:26Z
Ugypaqv-lev_UzE-76l4AaABAg,@phantomishaep,"""I pray they my real friends, if not, *im YNW Melly* "" nah bro this shit wild",2,1,2025-05-01T19:33:17Z,2025-05-01T19:33:37Z
UgxQixHalpFFAT61lHZ4AaABAg,@CruiseAnimation-j6g,Anyone here in March 2025,410,49,2025-03-09T03:44:25Z,2025-03-09T03:44:25Z
Ugx9GZ55wGfXlzqYLcp4AaABAg,@thee_onderwyser,the fact its called EUPHORIA IS MASSIVE!,0,0,2025-05-05T06:54:17Z,2025-05-05T06:54:17Z
UgxFc85JvijjG47s-LF4AaABAg,@NotAPersonT,Cooked Fraudbrey!!,0,0,2025-08-24T05:57:32Z,2025-08-24T05:57:32Z
UgzKzCSo8nUhliKh2vZ4AaABAg,@dmitriywalcott7934,"""i aint even bleed em yet, can i bleed em bet"" HES SO TUFF 🥹 🙏🙏",0,0,2025-10-18T21:09:05Z,2025-10-18T21:09:05Z
Ugxdug_2DxAUkoqKBH54AaABAg,@Phabbliss,O. M. G.,0,0,2025-03-18T03:57:37Z,2025-03-18T03:57:37Z
UgwhEQeRd2mEk5mj33N4AaABAg,@kellzemmanuel,"""I play they my real friends, if not am ynw melly""....that crazy 😂😂😂",0,0,2026-04-26T18:04:25Z,2026-04-26T18:04:25Z
UgxXs-a2HDA8iaqrCJJ4AaABAg,@andescott2324,"“SHOO,SHOO,SHOO,SHOO,SHOO,SHOO,BI,BI,BI,BI” Famous words from Kendrick Lamar 🔥🔥🔥🔥🔥🗣️🗣️🗣️🗣️🗣️🗣️🗣️🔊🔉",0,0,2024-12-07T02:32:27Z,2024-12-07T02:32:27Z
UgwbFei-PUT7vBBzrdF4AaABAg,@LynnieceHarris-hz9nq,It's all fun and games until... Continue,2,0,2025-02-25T23:03:40Z,2025-02-25T23:03:40Z
UgyIxIGXL27kNWyWhQx4AaABAg,@Kashkaval0591,5:00 It gives Eminem vibes 😄,1,0,2025-02-28T13:02:00Z,2025-02-28T13:02:00Z
UgyRGhvqvBTls64Kqex4AaABAg,@Breeflowers83,You probably pop ass wit um 😆,3,0,2025-03-13T12:33:25Z,2025-03-13T12:33:25Z
Ugwzbx6V07dwjSjr39t4AaABAg,@PizzaBoi_112,0:12 - 0:35 reminds me of a CB youtuber,0,0,2025-07-11T18:14:34Z,2025-07-11T18:15:22Z
Ugy3KRoyFZv-dPMCiyZ4AaABAg,@relolnnsmith6985,I need a actual whole song I will purchase Please ❤❤❤❤,0,0,2025-03-25T16:52:50Z,2025-03-25T16:52:50Z
Ugyr_pnHIKmD3DEEpAt4AaABAg,@GeeFace100,Whys he sound like hes crying offensively lol,2,0,2025-07-26T23:21:41Z,2025-07-26T23:21:41Z
UgwDkFj2HpFXjbjE8VZ4AaABAg,@mailtopankaj,3:02,1,0,2025-02-28T00:00:59Z,2025-02-28T00:00:59Z
UgwvdHPj1qswQncvW4l4AaABAg,@mailtopankaj,3:02,1,0,2025-03-01T22:24:30Z,2025-03-01T22:24:30Z
UgwiTHWotKcXGUTh0GN4AaABAg,@X369X99,Man this shit still hard,0,0,2025-12-04T21:07:20Z,2025-12-04T21:07:20Z
UgyLfvkHd7GO_Lzix2l4AaABAg,@geminisimon1788,Kendrick is going to far but I like it ❤❤❤❤❤😂😂😂😂,2,0,2025-03-23T05:28:32Z,2025-03-23T05:28:32Z
UgxOAg5q2V3fecL7OzV4AaABAg,@akilsheppard2396,April 2025 🎉,1,0,2025-04-03T11:55:29Z,2025-04-03T11:55:29Z
UgxlWhIVciy8MJ-f8T94AaABAg,@brendalampley4215,2/12/25 my fav🔥🔥🔥🔥🔥🔥,0,0,2025-02-12T16:46:37Z,2025-02-12T16:46:37Z
UgyQ35Y3cxYoShKP5rF4AaABAg,@Risiousmoto2,Woooo,0,0,2026-01-20T20:54:48Z,2026-01-20T20:54:48Z
Ugyjb30nDo0yZubEpTh4AaABAg,@FionnaFrazier-w7t,Noway,0,0,2025-02-14T23:04:10Z,2025-02-14T23:04:10Z
UgwcaF3BjtWscClaQTZ4AaABAg,@factorreese1037,I forgot bout this,0,0,2025-08-14T13:18:00Z,2025-08-14T13:18:00Z
UgzYPs0K4V13443FWI54AaABAg,@tobedetermined88888,Happy 1 year anniversary,0,0,2025-04-30T12:41:55Z,2025-04-30T12:41:55Z
UgyvRho0y7d-4WqH1BF4AaABAg,@terrychase6042,Kendrick and Drake in a boxing  match??? Hmmm,1,0,2025-07-30T23:59:55Z,2025-07-30T23:59:55Z
UgzvG0MExXH9Cct-aOt4AaABAg,@samuelmiller1543,Hell yeah. He talked about Terrence Crawford. Best boxer in the world,0,0,2025-02-09T21:09:31Z,2025-02-09T21:09:31Z
UgyWhVA2exTKrUAP04N4AaABAg,@aliciamichelle859,i'm here everyday 😅,1,1,2025-03-28T17:15:14Z,2025-03-28T17:15:14Z
UgxGydA8lFaHJM0nTtd4AaABAg,@abstractlojic,💀💀💀,4,2,2025-03-19T22:22:22Z,2025-03-19T22:22:22Z
Ugz0IOcieanFEJZ9UbF4AaABAg,@SERAFIMMM-z6q,"As someone who didn’t listen to Kendrick a lot before this beef, absolute insane first impression of him to make in 2024. Haven’t heard someone rap with this much venom in their voice in forever. All diss tracks were bangers, but Drake’s disses just felt like he was  trolling with the short jokes. Kendrick was actually out for blood. His tracks are like watching the ugliest street fight right in front of you.",2,1,2025-02-27T22:00:16Z,2025-02-27T22:00:16Z
Ugw5OttpkEhuerf5RcN4AaABAg,@brandonhails2917,Euphoria one year anniversary🎉,0,0,2025-04-30T18:29:02Z,2025-04-30T18:29:02Z
Ugy42nfVLnxm5-Eoy694AaABAg,@-Darko-,This song goes so fkn hard,0,0,2025-06-14T03:59:36Z,2025-06-14T03:59:36Z
UgyDIb7LH-CFui_XoBp4AaABAg,@NotDisgracedOne,3:53 🔥,0,0,2026-06-07T16:14:32Z,2026-06-07T16:14:32Z
Ugy3t5-NtB1eF7kRANV4AaABAg,@DemarcusCox-b3e,"Kendrick disses Drake so hard, He helped me save 15% by switching to Geigco life insurance",0,0,2026-09-16T13:41:57Z,2026-09-16T13:41:57Z
UgxggYSjTMU2gwhEVlF4AaABAg,@TessaKEYAMO-j5w,"""Some shit just cringeworthy you ain't even gotta be diva I guess"" 🤣🤣🤣🤣🤣🤣🤣🤣 Kendrick ate drake up. This is my favourite diss track ever",1,0,2025-02-06T13:28:11Z,2025-02-06T13:28:11Z
UgwcdYrbY_bH3536PVR4AaABAg,@justzakai,4:33….,1,0,2026-04-10T07:18:38Z,2026-04-10T07:18:38Z
UgzC6HATlCkA7o9nCwt4AaABAg,@fawazkanaiya2741,3:09,1,0,2025-01-18T14:08:35Z,2025-01-18T14:08:35Z
UgzC4--4R-H2oZ-8UAJ4AaABAg,@LinasafferRubin,It's like my brothers story he's with his friends with vape saying bad words and all the other stuff,0,0,2025-04-23T17:18:37Z,2025-04-23T17:18:37Z
UgyPzxQFxvztBfPile14AaABAg,@shaunshin8559,3:09 send that to that nemesis of mine 😂,0,0,2025-02-15T15:24:29Z,2025-02-15T15:24:29Z
UgyuqjcV3TAz_Lq0u7x4AaABAg,@xicana_1,Im a demon like kendrick lamar said,0,0,2025-12-02T01:23:20Z,2025-12-02T01:23:20Z
UgyfiT7X9P3f52LX9rh4AaABAg,@aquinasmusyoka549,The so be killers turn into nuns😂😂😂?,3,0,2025-02-22T08:53:26Z,2025-02-22T08:53:26Z
Ugymj1NZba21o8RBMtx4AaABAg,@Ally-Sea,3:08 ❤,0,0,2025-01-04T00:57:28Z,2025-01-04T00:58:13Z
Ugzo8mM9AsV0pb_hHkZ4AaABAg,@bilalyamini3792,This diss track is different,0,0,2025-03-10T23:29:01Z,2025-03-10T23:29:01Z
UgxjK_YdeIB0jT5nrPl4AaABAg,@DauAgeerDau,Drakes hell burning inside,0,0,2026-05-26T15:28:21Z,2026-05-26T15:28:21Z
Ugz6uxdBoEEMEgVeMzR4AaABAg,@JUSTISEJAY,2025 went back to throw another rose on Drake's grave,0,0,2025-05-02T02:40:21Z,2025-05-02T02:40:21Z
Ugw8OifTJECSF4O2anh4AaABAg,@KennethWashington-g5g,Heeells like small town,0,0,2025-09-03T09:15:39Z,2025-09-03T09:15:39Z
UgzbX29cgAtXdGF-JWF4AaABAg,@Harvey-t7m,"God loves you Polo G. Thank you for the wisdom you share, encouragement and guidance. Stay prayed up and winning.

May the pain you've felt be healed. Jesus Christ got you.",0,0,2025-09-03T05:14:44Z,2025-09-03T05:14:44Z
Ugwu1BBz_0ytnV_EQaF4AaABAg,@SouthernMexican,Wow,0,0,2025-03-29T10:37:53Z,2025-03-29T10:37:53Z
UgyzjksjYO8I960P-OJ4AaABAg,@DianePerez-o3j,Kendrick Lamar the best,0,0,2025-04-23T00:00:07Z,2025-04-23T00:00:07Z
Ugwe5eCVxRRjvDO6fe14AaABAg,@FRaptor-wl6ku,3:10 my favorite line,0,0,2025-11-22T08:08:19Z,2025-11-22T08:08:19Z
Ugy-aBnhjT-cNSoyABt4AaABAg,@myriamcabrera720,3:55 AKA Warning Sound,0,0,2025-06-06T20:49:25Z,2025-06-06T20:49:25Z
UgxLHAWGfbfWfzKYmqp4AaABAg,@georgehdz5162,Listen this carefully: DRAKE COULD NEVER!!,1,0,2026-06-22T04:59:48Z,2026-06-22T04:59:48Z
Ugx46UsB1BvSvya7is14AaABAg,@blue69x,2025?,4,0,2025-02-25T01:36:54Z,2025-02-25T01:36:54Z
UgzSBarl-qXRE2WjhkN4AaABAg,@phumzilesinoritanyawose1892,Luther music video dropped 🎉🎉🎉🎉 came back to Euphoria ❤❤❤,0,0,2025-04-11T16:42:03Z,2025-04-11T16:42:03Z
UgwciayIXSXWavMU2EF4AaABAg,@noorgonzalez1076,Bronx NYC,0,0,2025-02-13T20:57:20Z,2025-02-13T20:57:20Z
UgzysMAT0JKUzppe5zZ4AaABAg,@alexanderwapala6973,What that guy say in beginning lol😂,1,1,2025-02-19T22:06:58Z,2025-02-19T22:06:58Z
UgxPmD-6tAyPRJBtkK14AaABAg,@Scrapdaddy4343,"Family Matters was a great reply, but then Kendrick called checkmate",0,0,2025-02-18T16:36:52Z,2025-02-18T16:36:52Z
Ugwj-_Y27YmF0uvG3qh4AaABAg,@FrancineUgiriwabo-o23,"Drake is going crazy  and milk  will be needed 
😅🎉😂😊",0,0,2025-12-28T13:36:18Z,2025-12-28T13:36:18Z
UgxF9AwY56KPKKU4xgV4AaABAg,@nuhhfflehfggdd,❤🎉 0:09,1,0,2025-02-11T18:11:20Z,2025-02-11T18:11:20Z
Ugwfnic7E1_2OpGo77B4AaABAg,@Akylman8b,😊😊,0,0,2025-05-05T15:27:27Z,2025-05-05T15:27:27Z
UgwgpXs9a6iUlCTyio94AaABAg,@slanginandbangin8987,"""I hate when a rapper talk about guns, then somebody die, they turn into nuns, then hop online like 'pray for my city' he fakin for likes n digital hugs""",0,0,2026-08-30T23:19:44Z,2026-08-30T23:19:44Z
UgyutkuN_hcMJw4EZl94AaABAg,@its_Dizzle,every fin.boss should have this song,0,0,2026-02-27T16:39:32Z,2026-02-27T16:39:32Z
UgyeZizyM7gb61MjSv14AaABAg,@AsenathiKela,The AI verse was genius,1,0,2026-06-20T13:41:07Z,2026-06-20T13:41:07Z
UgxeY8PoVBoAnW7caUZ4AaABAg,@grandgojira5485,"Lus-Adarch main: (exists)
Every Kendyll main in the server: 3:08",0,0,2025-02-11T21:55:30Z,2025-02-11T21:55:30Z
UgyrxXyPX2gBUADcVzF4AaABAg,@Breeflowers83,"If this shit was freestyled and not written 
   holy shit.",0,0,2025-03-11T20:42:10Z,2025-03-11T20:42:10Z
Ugw26lfOgEMlH__DG7N4AaABAg,@pholosetlhake9805,Drake might be crying 😂,1,0,2026-04-12T15:01:59Z,2026-04-12T15:01:59Z
UgwXFTO8MIRSWBJ_dFh4AaABAg,@nathanwashington6717,"""Surprised you wanted that feature request,
you know that we got some shit to address""",0,0,2025-11-22T04:44:31Z,2025-11-22T04:44:31Z
UgzPDuuXTvU9U8q_Wnp4AaABAg,@yepisaidit1507,"Family matters, and this song is both the best diss songs...",0,0,2025-02-14T03:23:08Z,2025-02-14T03:23:08Z
UgzTTAzxFLv17viXzAh4AaABAg,@JudeVallejos-p2u,Kendrick be like 👟👟👟👟👟👟🐝🐝🐝🐝🐝,1,0,2025-06-17T02:12:24Z,2025-06-17T02:12:24Z
Ugw522JIEmJnAZaMet94AaABAg,@jessejoseph374,2025?,3,0,2025-01-19T15:16:09Z,2025-01-19T15:16:09Z
UgxMxCwatumMbRJkeHN4AaABAg,@OghenevwogagaAvwenagha,the lyrics got me laughing,0,0,2026-05-20T11:57:20Z,2026-05-20T11:57:20Z
UgwNndEygzzyOiQ_PvB4AaABAg,@jpremfishing5221,Please play this song at superbowl 2k25!!!!! Please,0,0,2025-02-09T20:21:16Z,2025-02-09T20:21:16Z
UgzNXXFP8Bs99D-j9IJ4AaABAg,@Fotosynthesis858,Reppin the Westcoast,0,0,2025-02-15T06:53:10Z,2025-02-15T06:53:10Z
UgxssyQt3pVWtJn4NG54AaABAg,@TheRealRoyalty2.0,"""I hate the way that you walk the way that you talk I hate the way that you DRESS! If you didn't know DMX said this about Drake in an interview and the fact that he used in the song is diabolical 😂😂",0,0,2026-06-17T21:09:15Z,2026-06-17T21:09:15Z
Ugzkfgyii5RDk7ITbB54AaABAg,@Belghase,he's a studio gangster at best from the comfort of Agnello's house,0,0,2026-03-18T11:22:03Z,2026-03-18T11:22:03Z
Ugws_5c3scBWEYU-2Dp4AaABAg,@gyroxd2077,3:10 mount hatemore,0,0,2026-08-07T14:19:39Z,2026-08-07T14:19:39Z
Ugzn1VQSST2KsvaGncl4AaABAg,@santoshpal1269,Hyderabad / India IN,0,0,2026-09-03T08:06:08Z,2026-09-03T08:06:08Z
Ugwj20UjhHRCjo-ViQJ4AaABAg,@Broly_404,"😂😂😂I mean, he warned Drake early before the battle started to chill, bro but  however",1,0,2025-02-13T23:15:34Z,2025-02-13T23:15:34Z
Ugwa1L_PDzThOF4y_CJ4AaABAg,@Truedis504,In headphones the best bro,0,1,2025-03-29T23:38:25Z,2025-03-29T23:38:25Z
Ugz-JQnlMh7fr4RUBoJ4AaABAg,@TheWeremoth,3:48 so that’s why they both are rivals with him,0,0,2025-11-06T21:46:51Z,2025-11-06T21:46:51Z
UgxMpsnKzP4aNKDi6BB4AaABAg,@Dizzy843-p2g,I like the thought but it sound like two different songs man. That shit need to blend if you gone mix geres like that.,0,0,2025-08-07T05:33:32Z,2025-08-07T05:33:32Z
UgzKu8c9JdsCmhCJN054AaABAg,@michaeldutka3275,Drakes cooked,1,0,2025-03-17T16:32:36Z,2025-03-17T16:32:36Z
UgySn74l6V2aJGgLPXR4AaABAg,@Pontic_guy,1:00 KENDRICK RONALDO FAN VERIFIED?,2,1,2025-04-25T10:51:36Z,2025-04-25T10:51:36Z
UgwBaepmJCXHMi0ZI094AaABAg,@micflo8811,"Once a lame / Always a lame / what you think the money or power or fame would make YOU go away 😂

This is a very underrated line in this song",0,0,2026-04-09T17:09:49Z,2026-04-09T17:09:49Z
Ugxt7kzLLHLh9jUnaZp4AaABAg,@soulsista1223,😳,0,0,2025-02-15T01:27:49Z,2025-02-15T01:27:49Z
UgwTEtAn-g570hEBAJx4AaABAg,@Leonard8625,"Damn, Kendrick went iiiiiin.",0,0,2025-06-05T00:02:43Z,2025-06-05T00:02:43Z
UgwShgFtp8j9dcUTjjx4AaABAg,@ChrispinMukenga,Am i battling ghost or Ai ?😮,2,0,2026-05-22T16:05:06Z,2026-05-22T16:05:06Z
Ugylg48c3m6wi1_w6dd4AaABAg,@benheriford9037,A whole fuckin year...,0,0,2025-05-01T16:29:40Z,2025-05-01T16:29:48Z
UgxyUM6-tD8bIWjTDjV4AaABAg,@Mayadebrucehomes,2025,3,0,2025-01-11T09:32:40Z,2025-01-11T09:32:40Z
UgxFWiNCNkf5RuZMC4h4AaABAg,@DineroWilliams-q5x,He use Teddy pendergrass beat,1,0,2025-01-28T05:30:17Z,2025-01-28T05:30:17Z
Ugx1cDKAsHSKkByx6ot4AaABAg,@HippieHobboMusic,BRO KENDRICK NEW ABOUT FAMILY MATTERS EVEN IN THIS SONG!!! HE SAID HE EATING FRIED RICE IN NEW HO KING(NAME OF THE RESTAURANT IN FAMILY MATTERS),0,0,2025-02-17T21:41:38Z,2025-02-17T21:43:01Z
Ugwl6HatVHd9a1E9BuR4AaABAg,@FavorTeatree,💯716🐃 area🙃🔥🔥🚒,0,0,2025-02-16T02:45:25Z,2025-02-16T02:45:25Z
Ugyn1wyEeg4v7_Japjx4AaABAg,@travissmith7808,"euphoria- 
1. a feeling of well-being or elation
2. an absolutely fire song made to diss someone else (Drake)",0,0,2024-12-08T20:46:06Z,2024-12-08T20:47:06Z
UgxNZjrNhX3_Z1wb-qR4AaABAg,@Teeesupreme123,""" his daddy a killer he wanna be junior"" for me like 😮😢

And like how did sexxy red get up in this",0,0,2025-03-16T11:51:52Z,2025-03-16T11:51:52Z
UgwLZRplw9xPiOezdS14AaABAg,@Dusk_Mightyena,3:09 Buneary the moment it sees you:,0,0,2025-04-05T00:49:09Z,2025-04-05T00:49:09Z
UgxxDej2B3QBE4THiu54AaABAg,@BrandanTremblay-z1r,Drake be popping euphoria for 1 year 👏👏,0,0,2025-05-27T22:07:57Z,2025-05-27T22:07:57Z
UgyOa9KD9m3g56u1IUt4AaABAg,@deustlea,"How much of a hater must you be to say that you hate how someone walks and dresses, TWICE in the same song???",1,0,2025-04-06T07:15:56Z,2025-04-06T07:15:56Z
UgycKN1MJYTo0-gvEpF4AaABAg,@nintendomaster6430,3:46 *Fuwamoco will remember that.,0,0,2025-03-21T04:24:21Z,2025-03-21T04:24:21Z
UgwFDcJKPDgmwFfXdMB4AaABAg,@Free_melly_YNW4L,You know what's crazy is a fact that a YouTuber named epic gamer grandma made a remix of the song making it sound like he dissed her and everything talking about how gamer grandma was old as hell and everything and that her cough was heavy she even used Kendrick Lamar's voice😂😂😂😂,0,0,2025-09-23T21:07:29Z,2025-09-23T21:07:29Z
UgzJTn3h6M0DmZ87hQJ4AaABAg,@ignatioperez,if only xxx was alive rn,1,0,2025-02-17T18:32:04Z,2025-02-17T18:32:04Z
UgycPNTDKhGIpersjWp4AaABAg,@ayylienn,Slaughter fest.,2,0,2026-03-24T23:33:27Z,2026-03-24T23:33:27Z
UgzCJHxN294FYJHwafd4AaABAg,@francois5504,You're not as calculated I can even predict your angles 😂😂,0,0,2026-01-16T17:20:10Z,2026-01-16T17:20:10Z
UgxQ86nUF6bcVRoiIgB4AaABAg,@Itsjustyumm,Anyone here in 2025,640,46,2025-01-28T01:48:03Z,2025-01-28T01:48:03Z
UgyzNVmvC0o4uwhPnU94AaABAg,@kboogie617,this is what happens when you let AI transcribe lyrics instead of someone with an actual ear for music and culture,1,0,2024-12-09T04:09:36Z,2024-12-09T04:09:36Z
Ugzc21mEAEdDiSXnrzl4AaABAg,@Ricecake4892,cheesin fam' we can do this on a camera crodie,0,0,2026-05-20T14:35:15Z,2026-05-20T14:35:15Z
UgzDPnmP6udObshJFRF4AaABAg,@mib910,Shoo 🤣,1,0,2025-02-13T21:44:04Z,2025-02-13T21:44:04Z
UgzOr6xt44xdV7oirYF4AaABAg,@MoffatMolokwane,He killed him,1,0,2026-01-27T20:55:42Z,2026-01-27T20:55:42Z
Ugx0F3_UTgQ2Es8UzZV4AaABAg,@clappadadon,Superbowl damn lol,0,0,2025-02-07T13:37:07Z,2025-02-07T13:37:07Z
Ugw_-5FNr4PbT20TVsh4AaABAg,@OfficialWoemy,What is it? The braids ?😭😭😭😭,2,0,2025-08-07T03:42:41Z,2025-08-07T03:42:41Z
Ugz88bcNbkAseKym9qZ4AaABAg,@ShartkOes,2:00 he said dementia 😅,0,0,2026-05-23T02:21:00Z,2026-05-23T02:21:00Z
UgzyZYL-tCb1KSfzpF14AaABAg,@NotGoingToGiveMyRealName,we need a kidz bop cover,0,0,2025-04-06T03:57:24Z,2025-04-06T03:57:24Z
UgzopypsN_o31q2wZsN4AaABAg,@bmm-musiclover1245,California of course,0,0,2026-07-06T07:19:37Z,2026-07-06T07:19:37Z
Ugw2qPPlP6Q0wlLQtjZ4AaABAg,@jolliuspullum3599,I would definitely hate to be drake 😮,1,0,2025-06-25T01:56:46Z,2025-06-25T01:56:46Z
Ugyk5G3v1Mz22ebpcmV4AaABAg,@eden-x6e,how did u get the lyrics wrong 😭,2,0,2026-08-08T04:28:46Z,2026-08-08T04:28:46Z
UgztuVA5FwTI-YsfFCl4AaABAg,@VO1D_official1,"1st part 0:00
2nd part 0:50 
3rd or last part 3:50",0,0,2025-03-02T05:24:36Z,2025-03-02T05:24:36Z
Ugw3TRjzXDLnylw6RUl4AaABAg,@brendalampley4215,"April 17, 2026🔥🔥🔥🔥🔥🔥✌🏾❣️",0,0,2025-04-18T00:19:25Z,2025-04-18T00:19:25Z
UgyWh_puB8_Dt_jIxcF4AaABAg,@seafoodmarinade,D.R.A.K.E = Dont.Rap.Against.Kendrick.Ever,2,0,2026-02-27T11:30:45Z,2026-02-27T11:30:45Z
Ugx2StD1sC0G_Paf88R4AaABAg,@Jamesjones39141,Kendrick a monster 😂 in my top 5 for sure 👍,0,0,2026-07-14T10:11:42Z,2026-07-14T10:11:42Z
Ugxop5VSWl3S4pnt0-t4AaABAg,@kouetecabrel5571,Man this is real had beaf 😂,0,0,2025-10-05T06:34:58Z,2025-10-05T06:34:58Z
Ugzxg3WQF4wk7fkvJ-R4AaABAg,@maryblack2621,Wesssssß,0,0,2025-03-27T20:47:12Z,2025-03-27T20:47:12Z
UgzYUD229FNl7uJ9IiB4AaABAg,@King_Mack_The_Great,He predicted this 😂😂😂,0,0,2025-02-27T09:24:12Z,2025-02-27T09:24:12Z
UgyIC7mpSL9k-gbLL2V4AaABAg,@king_drew22,W 5:48,1,0,2025-03-20T00:29:02Z,2025-03-20T00:29:16Z
Ugy2tjV_aYTmwM8jQbh4AaABAg,@_theporkchopexpress,May want to proof read the lyrics before posting; some glaring errors😂,2,0,2025-02-18T16:56:06Z,2025-02-18T16:56:06Z
UgySPmCH500PI-TgQOV4AaABAg,@SharkExYt,0:23 😂😂😂,0,0,2025-03-02T17:02:12Z,2025-03-02T17:02:12Z
UgwkZ2c3iRB0soeLOR14AaABAg,@XavierTaylor-i7s,Ok,2,0,2026-03-12T08:36:00Z,2026-03-12T08:36:00Z
UgxYfRYidq_oc5rOaQJ4AaABAg,@anthonysiona2663,Kung fu 🥋 Kenny strikes again 💯❤️💀,0,0,2026-01-16T04:23:12Z,2026-01-16T04:23:12Z
Ugx1yYs-XfhJFSqMZuN4AaABAg,@HarshyllPerde,The moment he switch the beat I know that Drake was dead,1,0,2026-05-26T23:18:14Z,2026-05-26T23:18:14Z
Ugyh13hbItyW6Ygr0VN4AaABAg,@LeticiaTubono,"here after ""Drake VS Kendrick Explained to White People"" video",1,0,2025-02-15T01:54:57Z,2025-02-15T01:54:57Z
UgwykXHa52x-Y8MleGF4AaABAg,@ZaneiYah,"Who's here 2025, after superbowl???! 🤞🏽🤣💪🏾",1,0,2025-02-11T19:11:25Z,2025-02-11T19:11:25Z
UgwxEM4RUYAj7mvVzeV4AaABAg,@maddiepeterson4180,Imagine posting a lyric video with wrong lyrics,1,0,2024-12-21T02:06:11Z,2024-12-21T02:06:11Z
UgwYqDKDJaEnwCyEp7t4AaABAg,@calvinhenry2234,Let me see you push a T !,1,0,2026-02-22T20:56:58Z,2026-02-22T20:56:58Z
UgzqI2bZTjO-E77Xlq94AaABAg,@pinkdih,3:10🤩,0,0,2024-12-06T17:36:14Z,2024-12-06T17:36:14Z
Ugx8MWTLN36PEOJaJTN4AaABAg,@evanderjordan3572,This drake diss is crazy 👏🏾,0,0,2025-09-23T00:30:20Z,2025-09-23T00:30:20Z
UgwuwomDny8ZQWDbbUN4AaABAg,@mizrawthemikesparka2342,Dot snapp'd on this.... FWYH TOP 3 IN THE BATTLE,0,0,2025-03-03T05:50:19Z,2025-03-03T05:50:19Z
UgyYBSneutjkNldxmEt4AaABAg,@eleftheriamiliou,3:09,1,0,2025-01-13T13:20:48Z,2025-01-13T13:20:48Z
UgwRN8rQyBW3K1IhPRt4AaABAg,@robertomedrano1184,😮😮,0,0,2025-05-16T00:13:30Z,2025-05-16T00:13:30Z
Ugwvhzpjoy-qIIqYD4h4AaABAg,@Justicerat1,3:09 This part 😈,0,0,2024-12-07T11:38:09Z,2024-12-07T11:38:09Z
Ugz-DumRCKYQUI0VgxZ4AaABAg,@eleftheriamiliou,3:04,1,0,2025-01-13T13:20:29Z,2025-01-13T13:20:29Z
UgzBAbuSX6H23yaq9cJ4AaABAg,@Memphis901GOAT,That Terrance Crawford hit harder now,0,0,2025-09-21T04:09:41Z,2025-09-21T04:09:41Z
UgxRT5fF2nh6E0x_CWV4AaABAg,@RotkonTabi,DRAKE be bibin😂😂,0,0,2026-01-04T15:05:42Z,2026-01-04T15:05:42Z
Ugybci2nbdOrbAbZ4c14AaABAg,@MistaUanteik420,"THIS VIDEO HAS A FEW ERRORS, compare it to the lyrics from genius and you'll see what I'm talking about lol.",2,0,2025-01-20T05:15:11Z,2025-01-20T05:15:11Z
Ugz53Z7gHLRG9F-B6Sx4AaABAg,@masskaw,1:50,0,0,2026-09-13T10:12:00Z,2026-09-13T10:12:00Z
UgyVez3niLHotOEtfQF4AaABAg,@lucassimmons2310,Hi,1,0,2025-02-24T19:08:44Z,2025-02-24T19:08:44Z
Ugx07X2jjTm7iS0_40F4AaABAg,@fmrod6239,"Can Drake come to the BBQ?
Melanated Culture folks: K Dot said, Noooo and he means it.",1,0,2025-02-16T15:55:15Z,2025-02-16T15:58:22Z
Ugyf32eZMMQmssNarZx4AaABAg,@MichaelKilgrow-y9w8x,Government plays cymatics host .,0,0,2025-08-18T17:44:02Z,2025-08-18T17:44:02Z
UgyKTkgyGy_h-ZOHhnZ4AaABAg,@wanderingdaze7018,Who’s here in 2026?,3,0,2026-02-28T06:32:40Z,2026-02-28T06:32:40Z
Ugz-phN4ri12asCHW5d4AaABAg,@ytgrl,Me....right now,0,0,2025-03-25T01:04:17Z,2025-03-25T01:04:17Z
UgyLM3k8WjYZd4pwq4V4AaABAg,@LenaPaige13,"1:02 ..lie ON ME? 1:11 

I'M OK 1:18 

I'M letting YOU KNOW 1:33 

THAT YOU ARE NOTICE 1:47",0,0,2026-02-05T01:22:32Z,2026-02-05T01:22:32Z
UgysVSXp-Gxz6lcm4CB4AaABAg,@stevebikojnrdaking3115,This Kendrick Page 😮,0,0,2025-04-11T16:33:26Z,2025-04-11T16:33:26Z
Ugy1WOzP9mvfKJvZk9p4AaABAg,@sari5280,❤❤❤❤❤😂😂😂😂😮😮😮😮😮😮😮😮😅😅😅😅😅😅😅❤❤❤❤❤❤❤❤ Kendrick is real thing vibes are are in your beautiful your soul 😙😙😙😙😙 delicious 😋😋🤤🤤,2,0,2025-05-23T09:10:36Z,2025-05-23T09:10:36Z
Ugxw7qUjy_SRFbeJS0Z4AaABAg,@BickenBackBeingBool,"“Tommy Hilfiger stood out, but FUBU had never been your collection” 😮‍💨",0,0,2026-09-09T07:43:06Z,2026-09-09T07:43:06Z
Ugx68MVgkYgk7hUJ9QR4AaABAg,@HassanMughal-f3c,Brother please. Let’s roar,0,0,2025-11-04T23:30:54Z,2025-11-04T23:30:54Z
UgxCfw0ictIb6Pdtm4B4AaABAg,@xicana_1,Santa clues,0,0,2025-12-02T02:50:03Z,2025-12-02T02:50:03Z
Ugxc0lPPC0QWU8h-7Z54AaABAg,@jaydeseals6849,Nd Kendrick Ntm on my MELLY,0,0,2025-02-10T14:27:31Z,2025-02-10T14:27:31Z
UgzncmnDA1pfwqwiPWd4AaABAg,@dayram6217,And no one is referring to the legend Teddy Pendergrass in the comments..... these kids,2,1,2025-07-06T15:39:59Z,2025-07-06T15:39:59Z
Ugwzrq459fVbIrV7IPF4AaABAg,@yaakit,shooo shooo,0,0,2026-09-11T16:25:58Z,2026-09-11T16:25:58Z
Ugy2aJUciAsXCJ0YI954AaABAg,@Motl3yCr3W,Drake is losing the rap battle against Kendrick Lamar he just got smoked this song is just on another level 😎😂,1,0,2025-04-08T22:32:02Z,2025-04-08T22:32:46Z
UgzAvXdgOTOCmFCZwEB4AaABAg,@mosegatuzo2778,its crazy how sza confuse herself with real women😭😭,1,0,2025-04-29T12:56:42Z,2025-04-29T12:56:42Z
UgzPCRiMPrMati1w4sp4AaABAg,@glmcg132,"This video has so many lyric mistakes...
Just an example, after 2:25 kendrick actually says 'three goats left and I see two of them kissing in stage, I love them to death and in 8 bars I'll explain that phrase' and then 8 bars later he says he is YNW Melly",1,0,2026-06-02T15:27:05Z,2026-06-02T15:27:05Z
UgyjbQWX5PS6mIkN-kV4AaABAg,@itscollysworld1389,"This is the response to First person shooter, now Kendrick had the bars here, cant deny it but to have all
Of this animosity from cole n drake complimenting you? Saying yall the big 3??? Kendrick u been a hater!",2,2,2026-05-14T21:06:09Z,2026-05-14T21:06:09Z
UgztgCoFQD14t3XPNPJ4AaABAg,@DavidSantoyo-h3n,Drakes,1,0,2025-11-05T09:17:00Z,2025-11-05T09:17:00Z
UgySuDGJ3jJwmxVnrGJ4AaABAg,@AnthonyRios-j5z,Poor SOULS,0,0,2025-06-08T03:21:58Z,2025-06-08T03:21:58Z
UgzzbWpPGTtNKHN8cmp4AaABAg,@juwainvirgo,"Yeah, i spotted some inaccuracies in the lyrics but yah is fine.",0,0,2025-04-18T10:26:23Z,2025-04-18T10:26:23Z
Ugy-8lM6njpfBxIvTMx4AaABAg,@demetroiuspm.122,2:03 for those ppl who still think drake made kendrick career and kendrick started🤪,1,0,2025-02-25T20:10:10Z,2025-02-25T20:10:10Z
Ugxj5uzXKqtcZ1NxiTB4AaABAg,@Jesse-o4z,"""Wooh shit my pants and get get back""",0,0,2024-12-05T03:57:52Z,2024-12-05T03:57:52Z
UgwEYPGHuPkZsky9k4l4AaABAg,@1FTNGENT,🎵Euphoria-Kendrick Lamar (Official Audio,0,0,2025-10-24T10:39:48Z,2025-10-24T10:39:48Z
UgxRbl-NBMAoRBBU6tl4AaABAg,@Ott_2007kh,0:53,0,0,2025-02-12T15:24:23Z,2025-02-12T15:24:23Z
Ugztjt__rKpXjLXnz2h4AaABAg,@obviouslyPSM,Kendrick really hates this dude Drake with all of his soul lol,1,0,2025-02-04T03:59:28Z,2025-02-04T03:59:28Z
UgwpnRxBgQR8d3MLgv54AaABAg,@xicana_1,Euphoria-+venearia,0,0,2025-12-02T02:46:46Z,2025-12-02T02:46:46Z
Ugz-i0kjIrPmYUV5Z214AaABAg,@officialbloxvoid,3:12  ehehehe,0,0,2026-08-09T19:40:10Z,2026-08-09T19:40:10Z
UgzDJeyD2iGG7FGjgPd4AaABAg,@joelrolandojj,He’s good,0,0,2025-11-13T11:27:36Z,2025-11-13T11:27:36Z
UgzNmFTVeAdqtS1tTFx4AaABAg,@RudesindoBaez,Bro turned into a bird,0,0,2025-03-28T00:28:23Z,2025-03-28T00:28:23Z
UgxIFzUQisjm1ljzUXN4AaABAg,@arabehustle1920,U BETER WALK LIKE DAFT PUNK OUFFF,0,0,2026-01-03T08:10:46Z,2026-01-03T08:10:46Z
UgzymPItqm_CokqQn2V4AaABAg,@Halalbrainrot,Mee,0,0,2025-03-18T20:01:48Z,2025-03-18T20:01:48Z
Ugy9XAogLT6das0ELaR4AaABAg,@juwainvirgo,"*2:47 I thought he said "" I DONT LIKE YOU POPIN SHIT AT PHARELL(WILLIAMS) FOR HIM, I INHERIT THE BEEF""",0,0,2025-04-18T10:25:04Z,2025-04-18T10:25:04Z
UgzYQSihDWv5JnxCLJR4AaABAg,@christianoronaldo7570,0:45,0,0,2025-05-01T04:27:58Z,2025-05-01T04:27:58Z
UgxAa-JTCypxwRAM60V4AaABAg,@kamaribarnes-peach89,Shoo shoo shooo,0,0,2024-12-08T22:50:28Z,2024-12-08T22:50:28Z
Ugx7NN8l1oQi0KnlK_54AaABAg,@someoneLal,"If anyone wonders what he says in the beginning 
""Everything they say about me is true!""",0,0,2026-03-20T09:05:07Z,2026-03-20T09:05:07Z
UgzqZOm3zH8od69mwzN4AaABAg,@MichaelEhremntraut,5:31,0,0,2026-07-29T05:05:50Z,2026-07-29T05:06:49Z
Ugxek9Qxwwz5a9MhoMp4AaABAg,@sheilafortunato8831,4:58,0,0,2024-12-27T13:08:30Z,2024-12-27T13:08:30Z
UgwZ6fk1I_5wvK0I72V4AaABAg,@Bendada-i2i7x,1:11,0,0,2026-08-14T11:29:37Z,2026-08-14T11:29:37Z
Ugyw_EurZs8IrcKv9tF4AaABAg,@SydneyEldridge,"this is WAY BETTER than drakes diss, his diss is called ''FAMILY MATTER''",0,0,2026-04-09T14:24:57Z,2026-04-09T14:24:57Z
UgyLm4N_wdvTeS3AGkx4AaABAg,@xicana_1,Shooshoo bee,0,0,2025-12-02T01:22:13Z,2025-12-02T01:22:13Z
UgyOCzqY0wS5yuVffrV4AaABAg,@Martina_Poraka_Nasa,"I always knew they would last, even tho now you can take them out, still, I kind of wanted to have them 20 years ago but not just anything. 
Girls were putting tribal, Chinese letters, some roses and whatnot, I just knew I will feel it.
And it did. I just graduated and went to volunteer on an island and met incredible people. Honoring that feeling I found some local 3 lines folclor type of their birds - symbol of freedom and fertility. 
And I put a small one. 
The second one is getting my scholarship for master in Bosnia, and there I met lots of other great people, but the reason I left home was after something tragic happened.
And my father stood up next to me.
After 6 month living there I wanted to honor that feeling, to never forget even when we fight, that he will always be my side, so I found some Scotish Celtics saying about father and daughter. 
I put that one too with that alphabet,  so nobody understand. 
They are small, can be covered, but I'm still proud of them- of what they represent. 
Even 20 years later.
Then again, it's just small letters and 3 lines forming a bird.
By today's standards it's like they don't even count :)
To me they do. 
I wouldn't put anymore, those were important for me given the meaning.",0,1,2026-08-22T10:01:30Z,2026-08-22T10:01:30Z
Ugy_iBkw6tlgTXGcr5Z4AaABAg,@IXLOI5,1:49,0,0,2025-09-16T20:07:11Z,2025-09-16T20:07:11Z
UgxoHBoysHbnMac2avp4AaABAg,@eddieharris5989,Los Angeles ca,0,0,2024-12-04T06:54:45Z,2024-12-04T06:54:45Z
UgwoXJfxUNRX7QcDyLp4AaABAg,@HFL-j3l,Anyone after the Super Bowl,0,0,2025-02-11T18:27:20Z,2025-02-11T18:27:20Z
UgwsU2wPYRhx2JL1Meh4AaABAg,@evangroenenboom8920,Thanks for dissing drake team xxx and Kendrick rip x,1,0,2025-04-13T02:35:56Z,2025-04-13T02:35:56Z
UgycYktZKpz4z9UtvFp4AaABAg,@thecleaner_1691,Try a cease and desist on the like that record 😂😂😂😂...Now drake suing on the Not like us record,0,0,2025-01-29T10:28:56Z,2025-01-29T10:28:56Z
Ugxw8yN_9WpHSY-h6il4AaABAg,@AzPhattygyrl,here after listen to Drakes new album and yeah Cuz still hurt behind this😅,4,0,2026-06-28T06:34:26Z,2026-06-28T06:34:26Z
Ugx-5mJ6d9D7dBxyM5h4AaABAg,@angela9489,Checking in May 2025,0,0,2025-05-01T14:20:22Z,2025-05-01T14:20:22Z
UgxFgCNeU2GAXZXPhnZ4AaABAg,@leexian2898,0:51,0,0,2025-04-08T09:15:53Z,2025-04-08T09:15:53Z
Ugzadk73lS-vslJKr914AaABAg,@revelinodomingos734,"Kendrick you love Tupac, I love you for that too",0,0,2026-04-17T21:43:33Z,2026-04-17T21:43:33Z
UgyNWwj7JQR55p0fDS14AaABAg,@williv3815,Anybody here for the one year anniversary?,0,0,2025-05-02T01:36:36Z,2025-05-02T01:36:36Z
UgyqWcUx9JbFaUX363d4AaABAg,@JustinB-uq4gg,Don't your girl got wrightings to steal,0,0,2025-05-04T15:06:30Z,2025-05-04T15:06:30Z
UgzBhP5xRDiD32UhYZV4AaABAg,@kianextdoorrr,2:31,0,0,2025-12-22T20:20:13Z,2025-12-22T20:20:13Z
UgxeHO39HjJCequGEP14AaABAg,@9fingaz63,Fubu ❤ just yo,0,0,2025-10-05T22:51:42Z,2025-10-05T22:51:42Z
UgxbKuLcAIerpv9XAjJ4AaABAg,@clint5253,Like bro at least get the lyrics right,5,0,2024-12-24T19:07:58Z,2024-12-24T19:07:58Z
Ugzm8wamg31kGswtasp4AaABAg,@Caspian-fb3bj,Was this the response to pushups😅😅😅😅😅😅😅😂😂😂😂😂😂😂😂,1,1,2025-02-24T00:19:18Z,2025-02-24T00:19:18Z
UgysHEmGUccNWufZKl54AaABAg,@june_2580,4:33,0,0,2025-04-29T19:21:49Z,2025-04-29T19:21:49Z
Ugx65di0jWSiDjRqg0d4AaABAg,@angelicaquirarte,5:00,0,0,2025-08-29T20:48:56Z,2025-08-29T20:48:56Z
UgzHnlFoI19rWZvd87x4AaABAg,@randallkeith5229,Wonder what Diddy is up to these days......,2,1,2025-01-24T03:29:21Z,2025-01-24T03:29:21Z
UgziqlM0jqrNXCvx5ul4AaABAg,@jamieboiani2331,3:36,0,0,2025-05-01T20:12:56Z,2025-05-01T20:12:56Z
UgxEXW4xz5bToew_qzN4AaABAg,@IUpTheSko30,April of 2025 anyone🤔,1,0,2025-04-05T09:49:42Z,2025-04-05T09:49:42Z
Ugwn2-mUfDDZmODNQq14AaABAg,@xicana_1,Drake could feel  it,0,0,2025-11-29T21:22:21Z,2025-11-29T21:22:21Z
Ugy4fsQcDb5lx1Zerq94AaABAg,@angelicaquirarte,4:00,0,0,2025-03-10T05:37:19Z,2025-03-10T05:37:19Z
UgwGnRYf9vROsILjHCN4AaABAg,@Notbryandelva11e,3:09,0,0,2025-03-05T12:23:24Z,2025-03-05T12:23:24Z
Ugz0R8p-7jyAvTZDk6d4AaABAg,@chiefy8011,Eminem vs Kendrick is coming,1,0,2025-01-09T23:39:52Z,2025-01-09T23:39:52Z
Ugwt6DVeNfxqM7OEFn94AaABAg,@juanhallett5962,Anyone else here in april 2025?,1,0,2025-04-03T21:18:05Z,2025-04-03T21:18:05Z
UgzpbEWpwib4xoiLg6J4AaABAg,@J-HuzzBeTwekin5757,DRAKE GOT OBLITERATED IN THIS DISS NGL 💀💀💀💀💀🥀🥀🥀🥀🥀😛😛😜😜,1,0,2026-07-06T02:34:46Z,2026-07-06T02:34:46Z
UgyHYDnZyBeioJsEwYN4AaABAg,@DisciplinedUser,BI BI BI BI BI BI,0,0,2025-04-04T02:27:08Z,2025-04-04T02:27:08Z
UgyCq26TuGxIQQpjYOl4AaABAg,@trinity_zw,"August 2025, anyone?",1,0,2025-08-22T00:44:02Z,2025-08-22T00:44:02Z
UgyicrzSEkeBNf-b8yp4AaABAg,@Nevws-gv9tn,ATLANTA,1,0,2024-12-08T00:18:31Z,2024-12-08T00:18:31Z
UgyVmIFcWisl1LxJk8F4AaABAg,@christianoronaldo7570,3:00,0,0,2025-05-01T04:29:19Z,2025-05-01T04:29:19Z
Ugz8iKdHemfZqqzUu-h4AaABAg,@TyeBo-theCollectivesReflection,"It's TIME🎉 LETS GET IT❤

SHAME THE DEVIL 🎉❤",0,0,2026-06-30T23:12:55Z,2026-06-30T23:12:55Z
Ugw8hWkQy6bTUQsIhrd4AaABAg,@HgGg-m6f1d,Sam men idol😂❤,0,0,2026-08-01T14:24:28Z,2026-08-01T14:24:28Z
Ugx6IiVWZ0HL1mYX61x4AaABAg,@benjilozano9669,Remember! 🤣🤣🤣,0,0,2025-05-09T19:01:18Z,2025-05-09T19:01:18Z
UgzT69oRMgbHnoYt5pR4AaABAg,@JacobNiblack-l3y,USA,0,0,2025-04-12T00:50:35Z,2025-04-12T00:50:35Z
UgynJ73sGGN4e-j2P3h4AaABAg,@bmm-musiclover1245,Lolll,1,0,2026-05-16T20:48:07Z,2026-05-16T20:48:07Z
UgwK3gR-FO8swSD8DnR4AaABAg,@militantprophecychannel6966,"Damn, he is a hater😂 here after what that I miss",1,0,2025-08-05T00:01:38Z,2025-08-05T00:01:38Z
UgwxNdSy3UyhD4al9RR4AaABAg,@Activemovie1036,I guess bone is a curse word,0,0,2025-03-12T20:17:11Z,2025-03-12T20:17:11Z
UgxNYfMIQ3-CrXEEanh4AaABAg,@MoisesSangovalpc,YBieron l noticias. De Israel   no puedo detener  eso porke melakiaron         ielsogiete eskin rrslaata,0,0,2026-04-04T15:22:27Z,2026-04-04T15:22:27Z
UgzjbO7C43J5g02JhnV4AaABAg,@john8855,2025 still here,0,0,2025-01-12T05:03:19Z,2025-01-12T05:03:19Z
UgyB0xSES9kpIqNM9Tl4AaABAg,@StephenGichaga-wm7jc,kenya,1,0,2025-01-17T12:28:16Z,2025-01-17T12:28:16Z
Ugx80JvULn5DTPkyMxh4AaABAg,@pinkdih,3:10,0,0,2024-12-06T17:35:41Z,2024-12-06T17:35:41Z
UgyTO5r-biR0lgAmIYx4AaABAg,@NaryaMarie,Me,1,0,2025-02-22T16:40:35Z,2025-02-22T16:40:35Z
Ugzpo1IOxNezMxfHlzZ4AaABAg,@Belghase,LMAOOOO,0,0,2026-03-18T11:24:04Z,2026-03-18T11:24:04Z
UgzT8TV7VDCGj_dJL8J4AaABAg,@Jennyxiz,Drake is probably crying..,0,0,2025-04-28T08:40:37Z,2025-04-28T08:40:37Z
Ugzq33JHKVQ4UW9k2VJ4AaABAg,@LenaPaige13,Sidewayz 0:19 😂😂,3,0,2026-02-05T01:21:07Z,2026-02-05T01:21:07Z
UgzteeTW45cNbjQzoKt4AaABAg,@KristyFlattley9521,Anyone else feel like he doesn’t like Drake and that he’s been holding out on this for a minute 🤦🏻‍♀️🤣🤣🤣,0,0,2025-03-12T16:03:27Z,2025-03-12T16:03:27Z
UgzpLTx38jHv_X9WvvN4AaABAg,@EricSanchez-f1j,April 2025?,1,0,2025-04-05T23:06:49Z,2025-04-05T23:06:49Z
UgwpMU1u6sdWbmbFcmZ4AaABAg,@cremetangerine82-p9q,Here after the lawsuit was dismissed. K-Dot predicted the future better than Nostrodamus.,0,0,2025-10-17T23:07:35Z,2025-10-17T23:07:35Z
Ugy6uckwOFjV9F-ZLM94AaABAg,@MiniCane,G😢😮,0,0,2025-02-10T10:41:14Z,2025-02-10T10:41:14Z
Ugx9pPhYpnYy7BlPAuV4AaABAg,@corleyt3262,2026 and still..,0,0,2026-01-17T04:56:32Z,2026-01-17T04:56:32Z
Ugy9jNWHtxmL6HE_DAx4AaABAg,@OfficialVortex1999,A lyric video where most of them are wrong😂,3,1,2025-03-16T13:29:04Z,2025-03-16T13:29:04Z
UgwR0JeUr3AJO2AdEsJ4AaABAg,@desxblue,The lyrics video incorrect?,1,0,2024-12-11T00:46:10Z,2024-12-11T00:46:10Z
UgyK0KoVAKkfmWWP7_l4AaABAg,@michellemukoyi7855,"""I pray they my real frenz if not im YNW melly""😅",0,0,2025-08-30T09:57:33Z,2025-08-30T09:57:33Z
UgyjX7oGvgJO0zN2RK54AaABAg,@stfanmitic-kc5zo,3:08 here is the biggest hater part,0,0,2024-12-08T01:59:05Z,2024-12-08T01:59:05Z
Ugw_rdMbMclcXAVJI3B4AaABAg,@planetivantill,4:33 (timestamp for myself),0,0,2025-02-27T19:05:43Z,2025-02-27T19:05:43Z
UgzuqW5Jax0YtU5iSad4AaABAg,@LORDDORIANFOREVER,Lord Dorian's newest single Zenith on all platforms! 🔥 💥 💥 💥,2,0,2024-12-24T21:57:55Z,2024-12-24T21:57:55Z
UgwjGkq9w0wsaR7Vj454AaABAg,@Edit____991-pr,I got kids to raise but I can see you DONT know nothing about that hit hard,0,0,2026-07-31T14:13:33Z,2026-07-31T14:13:33Z
UgzNOUUhO4lQP8y-fc14AaABAg,@MarcialSamanga,,0,0,2026-06-25T10:53:05Z,2026-06-25T10:53:05Z
UgwcEgp1cH_XVJSH_ZN4AaABAg,@Belghase,right...,0,0,2026-03-18T11:22:52Z,2026-03-18T11:22:52Z
Ugxjwu5Qc_5zrtib1Vt4AaABAg,@Kante2wo,"I am sorry Kendrick, I wasn´t aware of your game.",0,0,2025-08-29T20:24:37Z,2025-08-29T20:24:37Z
Ugz5bgt2PiLcOaX4o494AaABAg,@stephenfabianernst709,3:15 3:20,1,0,2025-02-12T20:40:29Z,2025-02-12T20:40:29Z
UgzBKyJDD_UGmldJGeh4AaABAg,@AquaStarr-d3h,I came here from fuwamoco 😊,0,0,2025-04-17T02:02:18Z,2025-04-17T02:02:18Z
UgznU6bLyA7p4jwYnJB4AaABAg,@KingTrayTovine,"You need you a  cope
Pay 
No too pay 
That a parlay 
At ya car lot
In da back of back of 
now her body gotta rotate.",0,0,2025-12-20T11:48:40Z,2025-12-20T11:50:42Z
Ugwdga1jzJfIaQMAwD54AaABAg,@rasooledwards3129,Who transcribed this?  You need new headphones or speakers or something.,2,0,2024-12-06T02:29:59Z,2024-12-06T02:29:59Z
Ugy1TKuL-z-4k9E-wa54AaABAg,@hoodgiyu9624,0:07 - 0:11 How it feels to be amarican right now,0,0,2025-03-10T16:53:43Z,2025-03-10T16:54:21Z
UgxhDqZ1tNGX5MXFLXx4AaABAg,@maarnuwel188,"Teaching em morals integrity and dicipline* listen man you know nothing bout that!
The hardest line of the song is not even converted to text correctly-_-",0,0,2025-10-15T11:38:42Z,2025-10-15T11:38:42Z
Ugw-W_BXV2ly7BKIJQt4AaABAg,@kloud9thedj,I had to come back to this! This wasn't a diss....Kendrick Lamar murdered Drake....spiritually,0,0,2025-02-28T02:16:29Z,2025-02-28T02:16:29Z
Ugy6Nu3wPD-2biUH8Dh4AaABAg,@GrimFowler,How many funerals is drake gonna have? gawt damn,0,0,2026-03-30T16:14:22Z,2026-03-30T16:14:22Z
Ugw2BbJZlIDp1NUrMZt4AaABAg,@Shadow_wz-ej,3:12 to 3:17 best part 🥇,0,0,2026-01-08T17:26:40Z,2026-01-08T17:26:40Z
Ugyi4EFoosBLABu8AMF4AaABAg,@jk_jacxa4004,I hate it when rappers talk about gun..... Part I think refers to x,0,0,2026-05-12T15:39:15Z,2026-05-12T15:39:15Z
UgwExHLlJuSlE-dNtvh4AaABAg,@demitasse22,May 2025!,0,0,2025-05-11T00:22:05Z,2025-05-11T00:22:05Z
Ugx8-Ba-aYcp9zM4-Nt4AaABAg,@bqr69,Imagine the real reason that he got a F- is that all the all the answer is actually “e”…,0,0,2025-02-27T01:40:28Z,2025-02-27T01:40:28Z
UgwWK4raOJ_f_OChgdp4AaABAg,@lganglucci6443,Anybody else pray that ken dogg won just to piss off the drake band wagon,1,0,2025-02-23T20:45:06Z,2025-02-23T20:45:06Z
Ugyljn3p7_gZvd2rdEJ4AaABAg,@debunk2462,"Tourists in Rap ‘ they not like us’



Me: spam Euphoria 😌 

Disclaimer: no dog in this fight Drake and kdot both went crazy, had us absolutely Lit 😂 🔥",0,0,2026-01-17T13:55:14Z,2026-01-17T13:55:14Z
UgyzSF-2KR86fT_Du-h4AaABAg,@AruMoo-d5u,Me here after drake bark,0,0,2026-08-11T09:58:11Z,2026-08-11T09:58:11Z
UgyQcfD1I6X8Re4l2_l4AaABAg,@TheUnfolding-0,Drake might need to hire Kendrick Lamar as his ghostwriter. Because that's the only way he'll surpass him. 😂😂,1,0,2026-01-09T20:17:34Z,2026-01-09T20:17:34Z
UgzYuAfZQcMjmJD2DtN4AaABAg,@bobbebouche,Aged like Fine Wine.,3,0,2025-11-19T14:48:52Z,2025-11-19T14:48:52Z
UgwTNMjfdxjW7D_wwHt4AaABAg,@Darrick-i4h,Westside,0,0,2025-01-06T04:26:22Z,2025-01-06T04:26:22Z
UgwykD_mMoFgnWMbWN14AaABAg,@averywolfe2270,Why are the lyrics they put up  still wrong?,1,0,2024-11-17T17:44:31Z,2024-11-17T17:44:31Z
Ugxop_TENw9ljBI4TDh4AaABAg,@DucaEmmanuel-v8o,I feel like dissing Kendrick but have given up😂😂😂😂😂😂😂,1,1,2025-02-13T07:52:44Z,2025-02-13T07:52:44Z
UgysPAmr7g4xEpN87rp4AaABAg,@itzlexie395,who here may 2925 i been here but like,0,0,2025-05-05T05:47:10Z,2025-05-05T05:47:10Z
UgxUIlYosNK5p4hLatR4AaABAg,@tonyswagz,It's been a year 😅,0,0,2025-05-01T05:29:31Z,2025-05-01T05:29:31Z
UgwdFO6jmVcXzIa_hy54AaABAg,@DavidSantoyo-h3n,Drake girl,0,0,2025-11-05T09:17:11Z,2025-11-05T09:17:11Z
UgwbEY3GiBzh5WbwFNR4AaABAg,@arcadia.aeterna,i love how half the lyrics are wrong lol,1,0,2025-04-15T22:33:51Z,2025-04-15T22:33:51Z
UgziN65-kWYaqpNxp294AaABAg,@danielgoncalo8273,It’s already mid April 2025 and who else is here?,0,0,2025-04-17T17:42:20Z,2025-04-17T17:42:20Z
Ugxi2Q5jtg542ZMQeEB4AaABAg,@Yellow_blox6604,Any one who loves this song,0,0,2025-05-19T21:29:22Z,2025-05-19T21:29:22Z
UgynM3NNVtJACpwsHKt4AaABAg,@ToryCharon,Anyone here in April 2025?🤨🤨🤨,1,0,2025-04-07T20:26:55Z,2025-04-07T20:26:55Z
UgxOJQ8UmimYURDFnfd4AaABAg,@Johnatambo,"2026 folks, where you at?",1,1,2026-01-01T09:22:57Z,2026-01-01T09:22:57Z
UgxqtaAA1desECtBlGN4AaABAg,@shadyganley8877,"Haha, he dissided dat brotha real good yahmsayin.",0,0,2026-05-09T04:40:26Z,2026-05-09T04:40:26Z
UgwVhBa_36bfrqHFw3l4AaABAg,@KennethWashington-g5g,Wedtword mountain than he be good,0,0,2025-09-03T09:14:22Z,2025-09-03T09:14:22Z
Ugw12wCh5yC-NhHs6lJ4AaABAg,@NoéwarenNgangha-k9y,"The best disstrack ever, huh guys?",2,3,2025-12-22T16:00:52Z,2025-12-22T16:00:52Z
UgzDJloEIsXsfc0I5Ad4AaABAg,@xicana_1,Black panther,0,0,2025-12-02T01:24:34Z,2025-12-02T01:24:34Z
Ugz8J9Gy_XP_X6PQ1eN4AaABAg,@domocoyo,We got over this song too fast,0,3,2025-06-07T18:37:23Z,2025-06-07T18:37:23Z
Ugx-xhYuWsotXv2-JMR4AaABAg,@Skavsad125,OONEBAYKADESEDESEJA,0,0,2025-03-21T18:08:14Z,2025-03-21T18:08:14Z
UgwHWiD10xrWdrZpbVJ4AaABAg,@Chashhh,This is what j Cole would make,0,0,2025-02-28T04:57:14Z,2025-02-28T04:57:14Z
UgzoaF1NbCPSQXpbQi94AaABAg,@charliehustle9726,Anyone here 3456,1,0,2025-02-09T03:43:52Z,2025-02-09T03:43:52Z
UgwUmmHfE8hyuvN9GMR4AaABAg,@xicana_1,Never  mess with  kendrick lamar,0,0,2025-12-02T01:21:29Z,2025-12-02T01:21:29Z
UgzRDMylt0zY7TvBT8F4AaABAg,@MisteRRYouTuby,3:11.,0,0,2025-02-15T12:02:15Z,2025-02-15T12:02:15Z
UgwewUhsF0TALZtK8ut4AaABAg,@YelitzaSoto-l3k,NOOOOOOO!!!!!,1,0,2025-02-17T22:15:44Z,2025-02-17T22:15:44Z
UgwDpw0WtSiWAPInub94AaABAg,@dyrthos2955,"""If i catch flight, its gonna be direct""...no sneak diss bs.",0,0,2025-04-06T16:02:08Z,2025-04-06T16:02:08Z
UgxGX7mPA0SLOEvaNMx4AaABAg,@xicana_1,Is kendrick  a vampire,0,0,2025-12-02T01:24:02Z,2025-12-02T01:24:02Z
Ugy8nsrV2ucbafT_I3t4AaABAg,@Thestrongest-r2l,Me,0,0,2025-02-19T00:58:42Z,2025-02-19T00:58:42Z
Ugw_1xCQlL38jCCIpgd4AaABAg,@Luzclarita15,Me,0,0,2025-02-10T04:59:44Z,2025-02-10T04:59:44Z
Ugz50gb1c1OK65m55ER4AaABAg,@benjaminbardalez5271,SC LA,1,0,2025-02-09T21:59:27Z,2025-02-09T21:59:27Z
